image_id,path,label,generator,generator_id,original_dataset,original_split,original_filename,shard,file_size
pilot_000000,data/raw/tiny-genimage/images/Real/n01440764_11602.JPEG,0,Real,0,Tiny-GenImage,train,n01440764_11602.JPEG,data/train-00000-of-00014.parquet,14058
pilot_000001,data/raw/tiny-genimage/images/ADM/0_adm_123.PNG,1,ADM,1,Tiny-GenImage,train,0_adm_123.PNG,data/train-00000-of-00014.parquet,134103
pilot_000002,data/raw/tiny-genimage/images/Real/n01440764_5969.JPEG,0,Real,0,Tiny-GenImage,train,n01440764_5969.JPEG,data/train-00000-of-00014.parquet,150144
pilot_000003,data/raw/tiny-genimage/images/BigGAN/000_biggan_00093.png,1,BigGAN,2,Tiny-GenImage,train,000_biggan_00093.png,data/train-00000-of-00014.parquet,32865
pilot_000004,data/raw/tiny-genimage/images/Real/n01440764_2751.JPEG,0,Real,0,Tiny-GenImage,train,n01440764_2751.JPEG,data/train-00000-of-00014.parquet,168447
pilot_000005,data/raw/tiny-genimage/images/GLIDE/GLIDE_1000_200_00_001_glide_00086.png,1,GLIDE,3,Tiny-GenImage,train,GLIDE_1000_200_00_001_glide_00086.png,data/train-00000-of-00014.parquet,64314
pilot_000006,data/raw/tiny-genimage/images/Real/n01440764_15678.JPEG,0,Real,0,Tiny-GenImage,train,n01440764_15678.JPEG,data/train-00000-of-00014.parquet,23725
pilot_000007,data/raw/tiny-genimage/images/Midjourney/0_midjourney_161.png,1,Midjourney,4,Tiny-GenImage,train,0_midjourney_161.png,data/train-00000-of-00014.parquet,944629
pilot_000008,data/raw/tiny-genimage/images/Real/n01440764_12548.JPEG,0,Real,0,Tiny-GenImage,train,n01440764_12548.JPEG,data/train-00000-of-00014.parquet,31133
pilot_000009,data/raw/tiny-genimage/images/SD15/001_sdv5_00094.png,1,SD15,6,Tiny-GenImage,train,001_sdv5_00094.png,data/train-00000-of-00014.parquet,413480
pilot_000010,data/raw/tiny-genimage/images/Real/n01440764_24828.JPEG,0,Real,0,Tiny-GenImage,train,n01440764_24828.JPEG,data/train-00000-of-00014.parquet,91344
pilot_000011,data/raw/tiny-genimage/images/VQDM/VQDM_1000_200_00_001_vqdm_00085.png,1,VQDM,7,Tiny-GenImage,train,VQDM_1000_200_00_001_vqdm_00085.png,data/train-00000-of-00014.parquet,110948
pilot_000012,data/raw/tiny-genimage/images/Real/n01440764_14342.JPEG,0,Real,0,Tiny-GenImage,train,n01440764_14342.JPEG,data/train-00000-of-00014.parquet,173031
pilot_000013,data/raw/tiny-genimage/images/Wukong/0_wukong_image104.png,1,Wukong,8,Tiny-GenImage,train,0_wukong_image104.png,data/train-00000-of-00014.parquet,494943
pilot_000014,data/raw/tiny-genimage/images/Real/n01440764_13625.JPEG,0,Real,0,Tiny-GenImage,train,n01440764_13625.JPEG,data/train-00000-of-00014.parquet,7921
pilot_000015,data/raw/tiny-genimage/images/ADM/100_adm_127.PNG,1,ADM,1,Tiny-GenImage,train,100_adm_127.PNG,data/train-00000-of-00014.parquet,125474
pilot_000016,data/raw/tiny-genimage/images/Real/n01443537_4572.JPEG,0,Real,0,Tiny-GenImage,train,n01443537_4572.JPEG,data/train-00000-of-00014.parquet,140814
pilot_000017,data/raw/tiny-genimage/images/BigGAN/001_biggan_00033.png,1,BigGAN,2,Tiny-GenImage,train,001_biggan_00033.png,data/train-00000-of-00014.parquet,29827
pilot_000018,data/raw/tiny-genimage/images/Real/n01440764_7819.JPEG,0,Real,0,Tiny-GenImage,train,n01440764_7819.JPEG,data/train-00000-of-00014.parquet,16713
pilot_000019,data/raw/tiny-genimage/images/GLIDE/GLIDE_1000_200_00_002_glide_00060.png,1,GLIDE,3,Tiny-GenImage,train,GLIDE_1000_200_00_002_glide_00060.png,data/train-00000-of-00014.parquet,40735
pilot_000020,data/raw/tiny-genimage/images/Real/n01440764_7277.JPEG,0,Real,0,Tiny-GenImage,train,n01440764_7277.JPEG,data/train-00000-of-00014.parquet,28268
pilot_000021,data/raw/tiny-genimage/images/Midjourney/0_midjourney_199.png,1,Midjourney,4,Tiny-GenImage,train,0_midjourney_199.png,data/train-00000-of-00014.parquet,1046926
pilot_000022,data/raw/tiny-genimage/images/Real/n01440764_6169.JPEG,0,Real,0,Tiny-GenImage,train,n01440764_6169.JPEG,data/train-00000-of-00014.parquet,19798
pilot_000023,data/raw/tiny-genimage/images/SD15/001_sdv5_00188.png,1,SD15,6,Tiny-GenImage,train,001_sdv5_00188.png,data/train-00000-of-00014.parquet,415934
pilot_000024,data/raw/tiny-genimage/images/Real/n01440764_8045.JPEG,0,Real,0,Tiny-GenImage,train,n01440764_8045.JPEG,data/train-00000-of-00014.parquet,53858
pilot_000025,data/raw/tiny-genimage/images/VQDM/VQDM_1000_200_00_002_vqdm_00088.png,1,VQDM,7,Tiny-GenImage,train,VQDM_1000_200_00_002_vqdm_00088.png,data/train-00000-of-00014.parquet,85432
pilot_000026,data/raw/tiny-genimage/images/Real/n01440764_2577.JPEG,0,Real,0,Tiny-GenImage,train,n01440764_2577.JPEG,data/train-00000-of-00014.parquet,134151
pilot_000027,data/raw/tiny-genimage/images/Wukong/0_wukong_image123.png,1,Wukong,8,Tiny-GenImage,train,0_wukong_image123.png,data/train-00000-of-00014.parquet,481576
pilot_000028,data/raw/tiny-genimage/images/Real/n01440764_21052.JPEG,0,Real,0,Tiny-GenImage,train,n01440764_21052.JPEG,data/train-00000-of-00014.parquet,150353
pilot_000029,data/raw/tiny-genimage/images/ADM/100_adm_168.PNG,1,ADM,1,Tiny-GenImage,train,100_adm_168.PNG,data/train-00000-of-00014.parquet,146802
pilot_000030,data/raw/tiny-genimage/images/Real/n01443537_6853.JPEG,0,Real,0,Tiny-GenImage,train,n01443537_6853.JPEG,data/train-00000-of-00014.parquet,136056
pilot_000031,data/raw/tiny-genimage/images/BigGAN/002_biggan_00010.png,1,BigGAN,2,Tiny-GenImage,train,002_biggan_00010.png,data/train-00000-of-00014.parquet,19276
pilot_000032,data/raw/tiny-genimage/images/Real/n01443537_12060.JPEG,0,Real,0,Tiny-GenImage,train,n01443537_12060.JPEG,data/train-00000-of-00014.parquet,38673
pilot_000033,data/raw/tiny-genimage/images/GLIDE/GLIDE_1000_200_00_002_glide_00118.png,1,GLIDE,3,Tiny-GenImage,train,GLIDE_1000_200_00_002_glide_00118.png,data/train-00000-of-00014.parquet,52829
pilot_000034,data/raw/tiny-genimage/images/Real/n01440764_8013.JPEG,0,Real,0,Tiny-GenImage,train,n01440764_8013.JPEG,data/train-00000-of-00014.parquet,143261
pilot_000035,data/raw/tiny-genimage/images/Midjourney/100_midjourney_32.png,1,Midjourney,4,Tiny-GenImage,train,100_midjourney_32.png,data/train-00000-of-00014.parquet,1120010
pilot_000036,data/raw/tiny-genimage/images/Real/n01443537_21051.JPEG,0,Real,0,Tiny-GenImage,train,n01443537_21051.JPEG,data/train-00000-of-00014.parquet,78624
pilot_000037,data/raw/tiny-genimage/images/SD15/002_sdv5_00037.png,1,SD15,6,Tiny-GenImage,train,002_sdv5_00037.png,data/train-00000-of-00014.parquet,496496
pilot_000038,data/raw/tiny-genimage/images/Real/n01443537_13771.JPEG,0,Real,0,Tiny-GenImage,train,n01443537_13771.JPEG,data/train-00000-of-00014.parquet,118733
pilot_000039,data/raw/tiny-genimage/images/VQDM/VQDM_1000_200_00_002_vqdm_00166.png,1,VQDM,7,Tiny-GenImage,train,VQDM_1000_200_00_002_vqdm_00166.png,data/train-00000-of-00014.parquet,123981
pilot_000040,data/raw/tiny-genimage/images/Real/n01491361_6788.JPEG,0,Real,0,Tiny-GenImage,train,n01491361_6788.JPEG,data/train-00000-of-00014.parquet,89546
pilot_000041,data/raw/tiny-genimage/images/Wukong/100_wukong_image108.png,1,Wukong,8,Tiny-GenImage,train,100_wukong_image108.png,data/train-00000-of-00014.parquet,378949
pilot_000042,data/raw/tiny-genimage/images/Real/n01440764_31953.JPEG,0,Real,0,Tiny-GenImage,train,n01440764_31953.JPEG,data/train-00000-of-00014.parquet,199564
pilot_000043,data/raw/tiny-genimage/images/ADM/101_adm_49.PNG,1,ADM,1,Tiny-GenImage,train,101_adm_49.PNG,data/train-00000-of-00014.parquet,166980
pilot_000044,data/raw/tiny-genimage/images/Real/n01484850_24809.JPEG,0,Real,0,Tiny-GenImage,train,n01484850_24809.JPEG,data/train-00000-of-00014.parquet,113146
pilot_000045,data/raw/tiny-genimage/images/BigGAN/002_biggan_00163.png,1,BigGAN,2,Tiny-GenImage,train,002_biggan_00163.png,data/train-00000-of-00014.parquet,18024
pilot_000046,data/raw/tiny-genimage/images/Real/n01443537_12193.JPEG,0,Real,0,Tiny-GenImage,train,n01443537_12193.JPEG,data/train-00000-of-00014.parquet,57125
pilot_000047,data/raw/tiny-genimage/images/GLIDE/GLIDE_1000_200_00_002_glide_00172.png,1,GLIDE,3,Tiny-GenImage,train,GLIDE_1000_200_00_002_glide_00172.png,data/train-00000-of-00014.parquet,61504
pilot_000048,data/raw/tiny-genimage/images/Real/n01443537_17070.JPEG,0,Real,0,Tiny-GenImage,train,n01443537_17070.JPEG,data/train-00000-of-00014.parquet,89831
pilot_000049,data/raw/tiny-genimage/images/Midjourney/101_midjourney_40.png,1,Midjourney,4,Tiny-GenImage,train,101_midjourney_40.png,data/train-00000-of-00014.parquet,1225713
pilot_000050,data/raw/tiny-genimage/images/Real/n01484850_10900.JPEG,0,Real,0,Tiny-GenImage,train,n01484850_10900.JPEG,data/train-00000-of-00014.parquet,106113
pilot_000051,data/raw/tiny-genimage/images/SD15/002_sdv5_00069.png,1,SD15,6,Tiny-GenImage,train,002_sdv5_00069.png,data/train-00000-of-00014.parquet,427162
pilot_000052,data/raw/tiny-genimage/images/Real/n01443537_883.JPEG,0,Real,0,Tiny-GenImage,train,n01443537_883.JPEG,data/train-00000-of-00014.parquet,17204
pilot_000053,data/raw/tiny-genimage/images/VQDM/VQDM_1000_200_00_003_vqdm_00157.png,1,VQDM,7,Tiny-GenImage,train,VQDM_1000_200_00_003_vqdm_00157.png,data/train-00000-of-00014.parquet,70963
pilot_000054,data/raw/tiny-genimage/images/Real/n01491361_8042.JPEG,0,Real,0,Tiny-GenImage,train,n01491361_8042.JPEG,data/train-00000-of-00014.parquet,140929
pilot_000055,data/raw/tiny-genimage/images/Wukong/100_wukong_image111.png,1,Wukong,8,Tiny-GenImage,train,100_wukong_image111.png,data/train-00000-of-00014.parquet,267912
pilot_000056,data/raw/tiny-genimage/images/Real/n01440764_3273.JPEG,0,Real,0,Tiny-GenImage,train,n01440764_3273.JPEG,data/train-00000-of-00014.parquet,44266
pilot_000057,data/raw/tiny-genimage/images/ADM/101_adm_56.PNG,1,ADM,1,Tiny-GenImage,train,101_adm_56.PNG,data/train-00000-of-00014.parquet,173523
pilot_000058,data/raw/tiny-genimage/images/Real/n01491361_7778.JPEG,0,Real,0,Tiny-GenImage,train,n01491361_7778.JPEG,data/train-00000-of-00014.parquet,122500
pilot_000059,data/raw/tiny-genimage/images/BigGAN/003_biggan_00052.png,1,BigGAN,2,Tiny-GenImage,train,003_biggan_00052.png,data/train-00000-of-00014.parquet,14701
pilot_000060,data/raw/tiny-genimage/images/Real/n01443537_12234.JPEG,0,Real,0,Tiny-GenImage,train,n01443537_12234.JPEG,data/train-00000-of-00014.parquet,157299
pilot_000061,data/raw/tiny-genimage/images/GLIDE/GLIDE_1000_200_00_003_glide_00175.png,1,GLIDE,3,Tiny-GenImage,train,GLIDE_1000_200_00_003_glide_00175.png,data/train-00000-of-00014.parquet,55645
pilot_000062,data/raw/tiny-genimage/images/Real/n01443537_23104.JPEG,0,Real,0,Tiny-GenImage,train,n01443537_23104.JPEG,data/train-00000-of-00014.parquet,153277
pilot_000063,data/raw/tiny-genimage/images/Midjourney/102_midjourney_134.png,1,Midjourney,4,Tiny-GenImage,train,102_midjourney_134.png,data/train-00000-of-00014.parquet,1668746
pilot_000064,data/raw/tiny-genimage/images/Real/n01484850_11263.JPEG,0,Real,0,Tiny-GenImage,train,n01484850_11263.JPEG,data/train-00000-of-00014.parquet,124046
pilot_000065,data/raw/tiny-genimage/images/SD15/002_sdv5_00138.png,1,SD15,6,Tiny-GenImage,train,002_sdv5_00138.png,data/train-00000-of-00014.parquet,495997
pilot_000066,data/raw/tiny-genimage/images/Real/n01443537_9799.JPEG,0,Real,0,Tiny-GenImage,train,n01443537_9799.JPEG,data/train-00000-of-00014.parquet,75197
pilot_000067,data/raw/tiny-genimage/images/VQDM/VQDM_1000_200_00_004_vqdm_00018.png,1,VQDM,7,Tiny-GenImage,train,VQDM_1000_200_00_004_vqdm_00018.png,data/train-00000-of-00014.parquet,60937
pilot_000068,data/raw/tiny-genimage/images/Real/n01494475_248.JPEG,0,Real,0,Tiny-GenImage,train,n01494475_248.JPEG,data/train-00000-of-00014.parquet,115202
pilot_000069,data/raw/tiny-genimage/images/Wukong/100_wukong_image19.png,1,Wukong,8,Tiny-GenImage,train,100_wukong_image19.png,data/train-00000-of-00014.parquet,422390
pilot_000070,data/raw/tiny-genimage/images/Real/n01443537_860.JPEG,0,Real,0,Tiny-GenImage,train,n01443537_860.JPEG,data/train-00000-of-00014.parquet,6462
pilot_000071,data/raw/tiny-genimage/images/ADM/102_adm_12.PNG,1,ADM,1,Tiny-GenImage,train,102_adm_12.PNG,data/train-00000-of-00014.parquet,180348
pilot_000072,data/raw/tiny-genimage/images/Real/n01491361_8276.JPEG,0,Real,0,Tiny-GenImage,train,n01491361_8276.JPEG,data/train-00000-of-00014.parquet,112543
pilot_000073,data/raw/tiny-genimage/images/BigGAN/003_biggan_00058.png,1,BigGAN,2,Tiny-GenImage,train,003_biggan_00058.png,data/train-00000-of-00014.parquet,18849
pilot_000074,data/raw/tiny-genimage/images/Real/n01484850_32144.JPEG,0,Real,0,Tiny-GenImage,train,n01484850_32144.JPEG,data/train-00000-of-00014.parquet,104044
pilot_000075,data/raw/tiny-genimage/images/GLIDE/GLIDE_1000_200_00_006_glide_00167.png,1,GLIDE,3,Tiny-GenImage,train,GLIDE_1000_200_00_006_glide_00167.png,data/train-00000-of-00014.parquet,78212
pilot_000076,data/raw/tiny-genimage/images/Real/n01443537_24148.JPEG,0,Real,0,Tiny-GenImage,train,n01443537_24148.JPEG,data/train-00000-of-00014.parquet,148494
pilot_000077,data/raw/tiny-genimage/images/Midjourney/102_midjourney_96.png,1,Midjourney,4,Tiny-GenImage,train,102_midjourney_96.png,data/train-00000-of-00014.parquet,1181009
pilot_000078,data/raw/tiny-genimage/images/Real/n01484850_12507.JPEG,0,Real,0,Tiny-GenImage,train,n01484850_12507.JPEG,data/train-00000-of-00014.parquet,160794
pilot_000079,data/raw/tiny-genimage/images/SD15/003_sdv5_00037.png,1,SD15,6,Tiny-GenImage,train,003_sdv5_00037.png,data/train-00000-of-00014.parquet,412771
pilot_000080,data/raw/tiny-genimage/images/Real/n01484850_16339.JPEG,0,Real,0,Tiny-GenImage,train,n01484850_16339.JPEG,data/train-00000-of-00014.parquet,77658
pilot_000081,data/raw/tiny-genimage/images/VQDM/VQDM_1000_200_00_004_vqdm_00115.png,1,VQDM,7,Tiny-GenImage,train,VQDM_1000_200_00_004_vqdm_00115.png,data/train-00000-of-00014.parquet,83962
pilot_000082,data/raw/tiny-genimage/images/Real/n01494475_3482.JPEG,0,Real,0,Tiny-GenImage,train,n01494475_3482.JPEG,data/train-00000-of-00014.parquet,91804
pilot_000083,data/raw/tiny-genimage/images/Wukong/100_wukong_image49.png,1,Wukong,8,Tiny-GenImage,train,100_wukong_image49.png,data/train-00000-of-00014.parquet,374251
pilot_000084,data/raw/tiny-genimage/images/Real/n01491361_11372.JPEG,0,Real,0,Tiny-GenImage,train,n01491361_11372.JPEG,data/train-00000-of-00014.parquet,108348
pilot_000085,data/raw/tiny-genimage/images/ADM/103_adm_118.PNG,1,ADM,1,Tiny-GenImage,train,103_adm_118.PNG,data/train-00000-of-00014.parquet,156118
pilot_000086,data/raw/tiny-genimage/images/Real/n01494475_20271.JPEG,0,Real,0,Tiny-GenImage,train,n01494475_20271.JPEG,data/train-00000-of-00014.parquet,106573
pilot_000087,data/raw/tiny-genimage/images/BigGAN/004_biggan_00054.png,1,BigGAN,2,Tiny-GenImage,train,004_biggan_00054.png,data/train-00000-of-00014.parquet,22685
pilot_000088,data/raw/tiny-genimage/images/Real/n01491361_11353.JPEG,0,Real,0,Tiny-GenImage,train,n01491361_11353.JPEG,data/train-00000-of-00014.parquet,69761
pilot_000089,data/raw/tiny-genimage/images/GLIDE/GLIDE_1000_200_00_007_glide_00011.png,1,GLIDE,3,Tiny-GenImage,train,GLIDE_1000_200_00_007_glide_00011.png,data/train-00000-of-00014.parquet,86245
pilot_000090,data/raw/tiny-genimage/images/Real/n01443537_24543.JPEG,0,Real,0,Tiny-GenImage,train,n01443537_24543.JPEG,data/train-00000-of-00014.parquet,73941
pilot_000091,data/raw/tiny-genimage/images/Midjourney/104_midjourney_113.png,1,Midjourney,4,Tiny-GenImage,train,104_midjourney_113.png,data/train-00000-of-00014.parquet,886597
pilot_000092,data/raw/tiny-genimage/images/Real/n01484850_24749.JPEG,0,Real,0,Tiny-GenImage,train,n01484850_24749.JPEG,data/train-00000-of-00014.parquet,173993
pilot_000093,data/raw/tiny-genimage/images/SD15/003_sdv5_00084.png,1,SD15,6,Tiny-GenImage,train,003_sdv5_00084.png,data/train-00000-of-00014.parquet,369482
pilot_000094,data/raw/tiny-genimage/images/Real/n01484850_1948.JPEG,0,Real,0,Tiny-GenImage,train,n01484850_1948.JPEG,data/train-00000-of-00014.parquet,21697
pilot_000095,data/raw/tiny-genimage/images/VQDM/VQDM_1000_200_00_004_vqdm_00188.png,1,VQDM,7,Tiny-GenImage,train,VQDM_1000_200_00_004_vqdm_00188.png,data/train-00000-of-00014.parquet,56276
pilot_000096,data/raw/tiny-genimage/images/Real/n01496331_15695.JPEG,0,Real,0,Tiny-GenImage,train,n01496331_15695.JPEG,data/train-00000-of-00014.parquet,92862
pilot_000097,data/raw/tiny-genimage/images/Wukong/102_wukong_image93.png,1,Wukong,8,Tiny-GenImage,train,102_wukong_image93.png,data/train-00000-of-00014.parquet,612986
pilot_000098,data/raw/tiny-genimage/images/Real/n01491361_2993.JPEG,0,Real,0,Tiny-GenImage,train,n01491361_2993.JPEG,data/train-00000-of-00014.parquet,65310
pilot_000099,data/raw/tiny-genimage/images/ADM/103_adm_187.PNG,1,ADM,1,Tiny-GenImage,train,103_adm_187.PNG,data/train-00000-of-00014.parquet,81210
pilot_000100,data/raw/tiny-genimage/images/Real/n01498041_1932.JPEG,0,Real,0,Tiny-GenImage,train,n01498041_1932.JPEG,data/train-00000-of-00014.parquet,197920
pilot_000101,data/raw/tiny-genimage/images/BigGAN/004_biggan_00068.png,1,BigGAN,2,Tiny-GenImage,train,004_biggan_00068.png,data/train-00000-of-00014.parquet,20412
pilot_000102,data/raw/tiny-genimage/images/Real/n01494475_19044.JPEG,0,Real,0,Tiny-GenImage,train,n01494475_19044.JPEG,data/train-00000-of-00014.parquet,72869
pilot_000103,data/raw/tiny-genimage/images/GLIDE/GLIDE_1000_200_00_009_glide_00072.png,1,GLIDE,3,Tiny-GenImage,train,GLIDE_1000_200_00_009_glide_00072.png,data/train-00000-of-00014.parquet,76257
pilot_000104,data/raw/tiny-genimage/images/Real/n01491361_3057.JPEG,0,Real,0,Tiny-GenImage,train,n01491361_3057.JPEG,data/train-00000-of-00014.parquet,25177
pilot_000105,data/raw/tiny-genimage/images/Midjourney/104_midjourney_49.png,1,Midjourney,4,Tiny-GenImage,train,104_midjourney_49.png,data/train-00000-of-00014.parquet,1563520
pilot_000106,data/raw/tiny-genimage/images/Real/n01484850_4416.JPEG,0,Real,0,Tiny-GenImage,train,n01484850_4416.JPEG,data/train-00000-of-00014.parquet,59484
pilot_000107,data/raw/tiny-genimage/images/SD15/004_sdv5_00066.png,1,SD15,6,Tiny-GenImage,train,004_sdv5_00066.png,data/train-00000-of-00014.parquet,480753
pilot_000108,data/raw/tiny-genimage/images/Real/n01484850_21180.JPEG,0,Real,0,Tiny-GenImage,train,n01484850_21180.JPEG,data/train-00000-of-00014.parquet,102359
pilot_000109,data/raw/tiny-genimage/images/VQDM/VQDM_1000_200_00_005_vqdm_00052.png,1,VQDM,7,Tiny-GenImage,train,VQDM_1000_200_00_005_vqdm_00052.png,data/train-00000-of-00014.parquet,135656
pilot_000110,data/raw/tiny-genimage/images/Real/n01496331_7068.JPEG,0,Real,0,Tiny-GenImage,train,n01496331_7068.JPEG,data/train-00000-of-00014.parquet,21857
pilot_000111,data/raw/tiny-genimage/images/Wukong/103_wukong_image13.png,1,Wukong,8,Tiny-GenImage,train,103_wukong_image13.png,data/train-00000-of-00014.parquet,474131
pilot_000112,data/raw/tiny-genimage/images/Real/n01491361_7654.JPEG,0,Real,0,Tiny-GenImage,train,n01491361_7654.JPEG,data/train-00000-of-00014.parquet,85201
pilot_000113,data/raw/tiny-genimage/images/ADM/103_adm_48.PNG,1,ADM,1,Tiny-GenImage,train,103_adm_48.PNG,data/train-00000-of-00014.parquet,59635
pilot_000114,data/raw/tiny-genimage/images/Real/n01498041_2018.JPEG,0,Real,0,Tiny-GenImage,train,n01498041_2018.JPEG,data/train-00000-of-00014.parquet,337941
pilot_000115,data/raw/tiny-genimage/images/BigGAN/005_biggan_00086.png,1,BigGAN,2,Tiny-GenImage,train,005_biggan_00086.png,data/train-00000-of-00014.parquet,16970
pilot_000116,data/raw/tiny-genimage/images/Real/n01494475_433.JPEG,0,Real,0,Tiny-GenImage,train,n01494475_433.JPEG,data/train-00000-of-00014.parquet,604543
pilot_000117,data/raw/tiny-genimage/images/GLIDE/GLIDE_1000_200_00_010_glide_00137.png,1,GLIDE,3,Tiny-GenImage,train,GLIDE_1000_200_00_010_glide_00137.png,data/train-00000-of-00014.parquet,68549
pilot_000118,data/raw/tiny-genimage/images/Real/n01491361_7790.JPEG,0,Real,0,Tiny-GenImage,train,n01491361_7790.JPEG,data/train-00000-of-00014.parquet,70276
pilot_000119,data/raw/tiny-genimage/images/Midjourney/105_midjourney_36.png,1,Midjourney,4,Tiny-GenImage,train,105_midjourney_36.png,data/train-00000-of-00014.parquet,1294989
pilot_000120,data/raw/tiny-genimage/images/Real/n01491361_14674.JPEG,0,Real,0,Tiny-GenImage,train,n01491361_14674.JPEG,data/train-00000-of-00014.parquet,56455
pilot_000121,data/raw/tiny-genimage/images/SD15/004_sdv5_00140.png,1,SD15,6,Tiny-GenImage,train,004_sdv5_00140.png,data/train-00000-of-00014.parquet,488999
pilot_000122,data/raw/tiny-genimage/images/Real/n01484850_5013.JPEG,0,Real,0,Tiny-GenImage,train,n01484850_5013.JPEG,data/train-00000-of-00014.parquet,55073
pilot_000123,data/raw/tiny-genimage/images/VQDM/VQDM_1000_200_00_005_vqdm_00180.png,1,VQDM,7,Tiny-GenImage,train,VQDM_1000_200_00_005_vqdm_00180.png,data/train-00000-of-00014.parquet,79995
pilot_000124,data/raw/tiny-genimage/images/Real/n01498041_11149.JPEG,0,Real,0,Tiny-GenImage,train,n01498041_11149.JPEG,data/train-00000-of-00014.parquet,203918
pilot_000125,data/raw/tiny-genimage/images/Wukong/103_wukong_image81.png,1,Wukong,8,Tiny-GenImage,train,103_wukong_image81.png,data/train-00000-of-00014.parquet,410918
pilot_000126,data/raw/tiny-genimage/images/Real/n01494475_11816.JPEG,0,Real,0,Tiny-GenImage,train,n01494475_11816.JPEG,data/train-00000-of-00014.parquet,23617
pilot_000127,data/raw/tiny-genimage/images/ADM/104_adm_28.PNG,1,ADM,1,Tiny-GenImage,train,104_adm_28.PNG,data/train-00000-of-00014.parquet,148970
pilot_000128,data/raw/tiny-genimage/images/Real/n01514668_14876.JPEG,0,Real,0,Tiny-GenImage,train,n01514668_14876.JPEG,data/train-00000-of-00014.parquet,104611
pilot_000129,data/raw/tiny-genimage/images/BigGAN/006_biggan_00005.png,1,BigGAN,2,Tiny-GenImage,train,006_biggan_00005.png,data/train-00000-of-00014.parquet,20717
pilot_000130,data/raw/tiny-genimage/images/Real/n01496331_14320.JPEG,0,Real,0,Tiny-GenImage,train,n01496331_14320.JPEG,data/train-00000-of-00014.parquet,64723
pilot_000131,data/raw/tiny-genimage/images/GLIDE/GLIDE_1000_200_00_011_glide_00161.png,1,GLIDE,3,Tiny-GenImage,train,GLIDE_1000_200_00_011_glide_00161.png,data/train-00000-of-00014.parquet,48943
pilot_000132,data/raw/tiny-genimage/images/Real/n01491361_8375.JPEG,0,Real,0,Tiny-GenImage,train,n01491361_8375.JPEG,data/train-00000-of-00014.parquet,214731
pilot_000133,data/raw/tiny-genimage/images/Midjourney/105_midjourney_83.png,1,Midjourney,4,Tiny-GenImage,train,105_midjourney_83.png,data/train-00000-of-00014.parquet,1967063
pilot_000134,data/raw/tiny-genimage/images/Real/n01494475_4791.JPEG,0,Real,0,Tiny-GenImage,train,n01494475_4791.JPEG,data/train-00000-of-00014.parquet,171076
pilot_000135,data/raw/tiny-genimage/images/SD15/008_sdv5_00013.png,1,SD15,6,Tiny-GenImage,train,008_sdv5_00013.png,data/train-00000-of-00014.parquet,457719
pilot_000136,data/raw/tiny-genimage/images/Real/n01484850_6538.JPEG,0,Real,0,Tiny-GenImage,train,n01484850_6538.JPEG,data/train-00000-of-00014.parquet,79594
pilot_000137,data/raw/tiny-genimage/images/VQDM/VQDM_1000_200_00_006_vqdm_00068.png,1,VQDM,7,Tiny-GenImage,train,VQDM_1000_200_00_006_vqdm_00068.png,data/train-00000-of-00014.parquet,101252
pilot_000138,data/raw/tiny-genimage/images/Real/n01498041_2880.JPEG,0,Real,0,Tiny-GenImage,train,n01498041_2880.JPEG,data/train-00000-of-00014.parquet,138961
pilot_000139,data/raw/tiny-genimage/images/Wukong/104_wukong_image192.png,1,Wukong,8,Tiny-GenImage,train,104_wukong_image192.png,data/train-00000-of-00014.parquet,503228
pilot_000140,data/raw/tiny-genimage/images/Real/n01494475_15684.JPEG,0,Real,0,Tiny-GenImage,train,n01494475_15684.JPEG,data/train-00000-of-00014.parquet,176652
pilot_000141,data/raw/tiny-genimage/images/ADM/104_adm_66.PNG,1,ADM,1,Tiny-GenImage,train,104_adm_66.PNG,data/train-00000-of-00014.parquet,157499
pilot_000142,data/raw/tiny-genimage/images/Real/n01514668_16603.JPEG,0,Real,0,Tiny-GenImage,train,n01514668_16603.JPEG,data/train-00000-of-00014.parquet,142584
pilot_000143,data/raw/tiny-genimage/images/BigGAN/006_biggan_00097.png,1,BigGAN,2,Tiny-GenImage,train,006_biggan_00097.png,data/train-00000-of-00014.parquet,33692
pilot_000144,data/raw/tiny-genimage/images/Real/n01498041_12415.JPEG,0,Real,0,Tiny-GenImage,train,n01498041_12415.JPEG,data/train-00000-of-00014.parquet,191647
pilot_000145,data/raw/tiny-genimage/images/GLIDE/GLIDE_1000_200_00_013_glide_00106.png,1,GLIDE,3,Tiny-GenImage,train,GLIDE_1000_200_00_013_glide_00106.png,data/train-00000-of-00014.parquet,76005
pilot_000146,data/raw/tiny-genimage/images/Real/n01494475_4835.JPEG,0,Real,0,Tiny-GenImage,train,n01494475_4835.JPEG,data/train-00000-of-00014.parquet,74999
pilot_000147,data/raw/tiny-genimage/images/Midjourney/107_midjourney_10.png,1,Midjourney,4,Tiny-GenImage,train,107_midjourney_10.png,data/train-00000-of-00014.parquet,1148940
pilot_000148,data/raw/tiny-genimage/images/Real/n01496331_11990.JPEG,0,Real,0,Tiny-GenImage,train,n01496331_11990.JPEG,data/train-00000-of-00014.parquet,53900
pilot_000149,data/raw/tiny-genimage/images/SD15/008_sdv5_00031.png,1,SD15,6,Tiny-GenImage,train,008_sdv5_00031.png,data/train-00000-of-00014.parquet,439944
pilot_000150,data/raw/tiny-genimage/images/Real/n01491361_12501.JPEG,0,Real,0,Tiny-GenImage,train,n01491361_12501.JPEG,data/train-00000-of-00014.parquet,104706
pilot_000151,data/raw/tiny-genimage/images/VQDM/VQDM_1000_200_00_008_vqdm_00156.png,1,VQDM,7,Tiny-GenImage,train,VQDM_1000_200_00_008_vqdm_00156.png,data/train-00000-of-00014.parquet,133184
pilot_000152,data/raw/tiny-genimage/images/Real/n01498041_4821.JPEG,0,Real,0,Tiny-GenImage,train,n01498041_4821.JPEG,data/train-00000-of-00014.parquet,104733
pilot_000153,data/raw/tiny-genimage/images/Wukong/105_wukong_image150.png,1,Wukong,8,Tiny-GenImage,train,105_wukong_image150.png,data/train-00000-of-00014.parquet,466746
pilot_000154,data/raw/tiny-genimage/images/Real/n01494475_3550.JPEG,0,Real,0,Tiny-GenImage,train,n01494475_3550.JPEG,data/train-00000-of-00014.parquet,116992
pilot_000155,data/raw/tiny-genimage/images/ADM/105_adm_25.PNG,1,ADM,1,Tiny-GenImage,train,105_adm_25.PNG,data/train-00000-of-00014.parquet,127090
pilot_000156,data/raw/tiny-genimage/images/Real/n01514859_10534.JPEG,0,Real,0,Tiny-GenImage,train,n01514859_10534.JPEG,data/train-00000-of-00014.parquet,210974
pilot_000157,data/raw/tiny-genimage/images/BigGAN/006_biggan_00182.png,1,BigGAN,2,Tiny-GenImage,train,006_biggan_00182.png,data/train-00000-of-00014.parquet,11308
pilot_000158,data/raw/tiny-genimage/images/Real/n01498041_16921.JPEG,0,Real,0,Tiny-GenImage,train,n01498041_16921.JPEG,data/train-00000-of-00014.parquet,144944
pilot_000159,data/raw/tiny-genimage/images/GLIDE/GLIDE_1000_200_00_014_glide_00051.png,1,GLIDE,3,Tiny-GenImage,train,GLIDE_1000_200_00_014_glide_00051.png,data/train-00000-of-00014.parquet,73753
pilot_000160,data/raw/tiny-genimage/images/Real/n01494475_7323.JPEG,0,Real,0,Tiny-GenImage,train,n01494475_7323.JPEG,data/train-00000-of-00014.parquet,40377
pilot_000161,data/raw/tiny-genimage/images/Midjourney/107_midjourney_175.png,1,Midjourney,4,Tiny-GenImage,train,107_midjourney_175.png,data/train-00000-of-00014.parquet,1472338
pilot_000162,data/raw/tiny-genimage/images/Real/n01496331_33351.JPEG,0,Real,0,Tiny-GenImage,train,n01496331_33351.JPEG,data/train-00000-of-00014.parquet,82429
pilot_000163,data/raw/tiny-genimage/images/SD15/008_sdv5_00070.png,1,SD15,6,Tiny-GenImage,train,008_sdv5_00070.png,data/train-00000-of-00014.parquet,404268
pilot_000164,data/raw/tiny-genimage/images/Real/n01491361_2273.JPEG,0,Real,0,Tiny-GenImage,train,n01491361_2273.JPEG,data/train-00000-of-00014.parquet,74294
pilot_000165,data/raw/tiny-genimage/images/VQDM/VQDM_1000_200_00_008_vqdm_00191.png,1,VQDM,7,Tiny-GenImage,train,VQDM_1000_200_00_008_vqdm_00191.png,data/train-00000-of-00014.parquet,143776
pilot_000166,data/raw/tiny-genimage/images/Real/n01514668_6183.JPEG,0,Real,0,Tiny-GenImage,train,n01514668_6183.JPEG,data/train-00000-of-00014.parquet,156919
pilot_000167,data/raw/tiny-genimage/images/Wukong/105_wukong_image22.png,1,Wukong,8,Tiny-GenImage,train,105_wukong_image22.png,data/train-00000-of-00014.parquet,530440
pilot_000168,data/raw/tiny-genimage/images/Real/n01496331_4583.JPEG,0,Real,0,Tiny-GenImage,train,n01496331_4583.JPEG,data/train-00000-of-00014.parquet,14202
pilot_000169,data/raw/tiny-genimage/images/ADM/106_adm_118.PNG,1,ADM,1,Tiny-GenImage,train,106_adm_118.PNG,data/train-00000-of-00014.parquet,131431
pilot_000170,data/raw/tiny-genimage/images/Real/n01514859_11843.JPEG,0,Real,0,Tiny-GenImage,train,n01514859_11843.JPEG,data/train-00000-of-00014.parquet,172612
pilot_000171,data/raw/tiny-genimage/images/BigGAN/007_biggan_00131.png,1,BigGAN,2,Tiny-GenImage,train,007_biggan_00131.png,data/train-00000-of-00014.parquet,36880
pilot_000172,data/raw/tiny-genimage/images/Real/n01498041_21.JPEG,0,Real,0,Tiny-GenImage,train,n01498041_21.JPEG,data/train-00000-of-00014.parquet,128030
pilot_000173,data/raw/tiny-genimage/images/GLIDE/GLIDE_1000_200_00_014_glide_00152.png,1,GLIDE,3,Tiny-GenImage,train,GLIDE_1000_200_00_014_glide_00152.png,data/train-00000-of-00014.parquet,50601
pilot_000174,data/raw/tiny-genimage/images/Real/n01494475_7351.JPEG,0,Real,0,Tiny-GenImage,train,n01494475_7351.JPEG,data/train-00000-of-00014.parquet,117689
pilot_000175,data/raw/tiny-genimage/images/Midjourney/107_midjourney_52.png,1,Midjourney,4,Tiny-GenImage,train,107_midjourney_52.png,data/train-00000-of-00014.parquet,1074145
pilot_000176,data/raw/tiny-genimage/images/Real/n01498041_12681.JPEG,0,Real,0,Tiny-GenImage,train,n01498041_12681.JPEG,data/train-00000-of-00014.parquet,162287
pilot_000177,data/raw/tiny-genimage/images/SD15/008_sdv5_00084.png,1,SD15,6,Tiny-GenImage,train,008_sdv5_00084.png,data/train-00000-of-00014.parquet,522914
pilot_000178,data/raw/tiny-genimage/images/Real/n01491361_3353.JPEG,0,Real,0,Tiny-GenImage,train,n01491361_3353.JPEG,data/train-00000-of-00014.parquet,133274
pilot_000179,data/raw/tiny-genimage/images/VQDM/VQDM_1000_200_00_008_vqdm_00198.png,1,VQDM,7,Tiny-GenImage,train,VQDM_1000_200_00_008_vqdm_00198.png,data/train-00000-of-00014.parquet,129935
pilot_000180,data/raw/tiny-genimage/images/Real/n01514859_11976.JPEG,0,Real,0,Tiny-GenImage,train,n01514859_11976.JPEG,data/train-00000-of-00014.parquet,155310
pilot_000181,data/raw/tiny-genimage/images/Wukong/106_wukong_image109.png,1,Wukong,8,Tiny-GenImage,train,106_wukong_image109.png,data/train-00000-of-00014.parquet,485511
pilot_000182,data/raw/tiny-genimage/images/Real/n01498041_10148.JPEG,0,Real,0,Tiny-GenImage,train,n01498041_10148.JPEG,data/train-00000-of-00014.parquet,223889
pilot_000183,data/raw/tiny-genimage/images/ADM/106_adm_143.PNG,1,ADM,1,Tiny-GenImage,train,106_adm_143.PNG,data/train-00000-of-00014.parquet,129705
pilot_000184,data/raw/tiny-genimage/images/Real/n01514859_2780.JPEG,0,Real,0,Tiny-GenImage,train,n01514859_2780.JPEG,data/train-00000-of-00014.parquet,194214
pilot_000185,data/raw/tiny-genimage/images/BigGAN/007_biggan_00152.png,1,BigGAN,2,Tiny-GenImage,train,007_biggan_00152.png,data/train-00000-of-00014.parquet,35982
pilot_000186,data/raw/tiny-genimage/images/Real/n01514668_12192.JPEG,0,Real,0,Tiny-GenImage,train,n01514668_12192.JPEG,data/train-00000-of-00014.parquet,72756
pilot_000187,data/raw/tiny-genimage/images/GLIDE/GLIDE_1000_200_00_015_glide_00026.png,1,GLIDE,3,Tiny-GenImage,train,GLIDE_1000_200_00_015_glide_00026.png,data/train-00000-of-00014.parquet,92736
pilot_000188,data/raw/tiny-genimage/images/Real/n01496331_13800.JPEG,0,Real,0,Tiny-GenImage,train,n01496331_13800.JPEG,data/train-00000-of-00014.parquet,173302
pilot_000189,data/raw/tiny-genimage/images/Midjourney/107_midjourney_95.png,1,Midjourney,4,Tiny-GenImage,train,107_midjourney_95.png,data/train-00000-of-00014.parquet,800501
pilot_000190,data/raw/tiny-genimage/images/Real/n01514668_14771.JPEG,0,Real,0,Tiny-GenImage,train,n01514668_14771.JPEG,data/train-00000-of-00014.parquet,101921
pilot_000191,data/raw/tiny-genimage/images/SD15/009_sdv5_00005.png,1,SD15,6,Tiny-GenImage,train,009_sdv5_00005.png,data/train-00000-of-00014.parquet,399594
pilot_000192,data/raw/tiny-genimage/images/Real/n01494475_10522.JPEG,0,Real,0,Tiny-GenImage,train,n01494475_10522.JPEG,data/train-00000-of-00014.parquet,80286
pilot_000193,data/raw/tiny-genimage/images/VQDM/VQDM_1000_200_00_009_vqdm_00190.png,1,VQDM,7,Tiny-GenImage,train,VQDM_1000_200_00_009_vqdm_00190.png,data/train-00000-of-00014.parquet,101216
pilot_000194,data/raw/tiny-genimage/images/Real/n01514859_8815.JPEG,0,Real,0,Tiny-GenImage,train,n01514859_8815.JPEG,data/train-00000-of-00014.parquet,256130
pilot_000195,data/raw/tiny-genimage/images/Wukong/106_wukong_image32.png,1,Wukong,8,Tiny-GenImage,train,106_wukong_image32.png,data/train-00000-of-00014.parquet,460465
pilot_000196,data/raw/tiny-genimage/images/Real/n01514668_15383.JPEG,0,Real,0,Tiny-GenImage,train,n01514668_15383.JPEG,data/train-00000-of-00014.parquet,180125
pilot_000197,data/raw/tiny-genimage/images/ADM/107_adm_142.PNG,1,ADM,1,Tiny-GenImage,train,107_adm_142.PNG,data/train-00000-of-00014.parquet,92820
pilot_000198,data/raw/tiny-genimage/images/Real/n01518878_4829.JPEG,0,Real,0,Tiny-GenImage,train,n01518878_4829.JPEG,data/train-00000-of-00014.parquet,174378
pilot_000199,data/raw/tiny-genimage/images/BigGAN/008_biggan_00052.png,1,BigGAN,2,Tiny-GenImage,train,008_biggan_00052.png,data/train-00000-of-00014.parquet,30205
pilot_000200,data/raw/tiny-genimage/images/Real/n01514859_19781.JPEG,0,Real,0,Tiny-GenImage,train,n01514859_19781.JPEG,data/train-00000-of-00014.parquet,94982
pilot_000201,data/raw/tiny-genimage/images/GLIDE/GLIDE_1000_200_00_015_glide_00172.png,1,GLIDE,3,Tiny-GenImage,train,GLIDE_1000_200_00_015_glide_00172.png,data/train-00000-of-00014.parquet,105119
pilot_000202,data/raw/tiny-genimage/images/Real/n01496331_15688.JPEG,0,Real,0,Tiny-GenImage,train,n01496331_15688.JPEG,data/train-00000-of-00014.parquet,50242
pilot_000203,data/raw/tiny-genimage/images/Midjourney/108_midjourney_46.png,1,Midjourney,4,Tiny-GenImage,train,108_midjourney_46.png,data/train-00000-of-00014.parquet,1348021
pilot_000204,data/raw/tiny-genimage/images/Real/n01514668_18815.JPEG,0,Real,0,Tiny-GenImage,train,n01514668_18815.JPEG,data/train-00000-of-00014.parquet,185424
pilot_000205,data/raw/tiny-genimage/images/SD15/010_sdv5_00139.png,1,SD15,6,Tiny-GenImage,train,010_sdv5_00139.png,data/train-00000-of-00014.parquet,428608
pilot_000206,data/raw/tiny-genimage/images/Real/n01494475_17112.JPEG,0,Real,0,Tiny-GenImage,train,n01494475_17112.JPEG,data/train-00000-of-00014.parquet,147546
pilot_000207,data/raw/tiny-genimage/images/VQDM/VQDM_1000_200_00_011_vqdm_00036.png,1,VQDM,7,Tiny-GenImage,train,VQDM_1000_200_00_011_vqdm_00036.png,data/train-00000-of-00014.parquet,98397
pilot_000208,data/raw/tiny-genimage/images/Real/n01530575_8605.JPEG,0,Real,0,Tiny-GenImage,train,n01530575_8605.JPEG,data/train-00000-of-00014.parquet,150185
pilot_000209,data/raw/tiny-genimage/images/Wukong/108_wukong_image29.png,1,Wukong,8,Tiny-GenImage,train,108_wukong_image29.png,data/train-00000-of-00014.parquet,495332
pilot_000210,data/raw/tiny-genimage/images/Real/n01514668_20945.JPEG,0,Real,0,Tiny-GenImage,train,n01514668_20945.JPEG,data/train-00000-of-00014.parquet,99750
pilot_000211,data/raw/tiny-genimage/images/ADM/107_adm_22.PNG,1,ADM,1,Tiny-GenImage,train,107_adm_22.PNG,data/train-00000-of-00014.parquet,111310
pilot_000212,data/raw/tiny-genimage/images/Real/n01530575_10187.JPEG,0,Real,0,Tiny-GenImage,train,n01530575_10187.JPEG,data/train-00000-of-00014.parquet,171033
pilot_000213,data/raw/tiny-genimage/images/BigGAN/008_biggan_00184.png,1,BigGAN,2,Tiny-GenImage,train,008_biggan_00184.png,data/train-00000-of-00014.parquet,36784
pilot_000214,data/raw/tiny-genimage/images/Real/n01514859_881.JPEG,0,Real,0,Tiny-GenImage,train,n01514859_881.JPEG,data/train-00000-of-00014.parquet,111918
pilot_000215,data/raw/tiny-genimage/images/GLIDE/GLIDE_1000_200_00_016_glide_00117.png,1,GLIDE,3,Tiny-GenImage,train,GLIDE_1000_200_00_016_glide_00117.png,data/train-00000-of-00014.parquet,111641
pilot_000216,data/raw/tiny-genimage/images/Real/n01496331_18834.JPEG,0,Real,0,Tiny-GenImage,train,n01496331_18834.JPEG,data/train-00000-of-00014.parquet,146940
pilot_000217,data/raw/tiny-genimage/images/Midjourney/10_midjourney_18.png,1,Midjourney,4,Tiny-GenImage,train,10_midjourney_18.png,data/train-00000-of-00014.parquet,1054460
pilot_000218,data/raw/tiny-genimage/images/Real/n01514859_1544.JPEG,0,Real,0,Tiny-GenImage,train,n01514859_1544.JPEG,data/train-00000-of-00014.parquet,128238
pilot_000219,data/raw/tiny-genimage/images/SD15/010_sdv5_00157.png,1,SD15,6,Tiny-GenImage,train,010_sdv5_00157.png,data/train-00000-of-00014.parquet,406425
pilot_000220,data/raw/tiny-genimage/images/Real/n01494475_310.JPEG,0,Real,0,Tiny-GenImage,train,n01494475_310.JPEG,data/train-00000-of-00014.parquet,175952
pilot_000221,data/raw/tiny-genimage/images/VQDM/VQDM_1000_200_00_011_vqdm_00159.png,1,VQDM,7,Tiny-GenImage,train,VQDM_1000_200_00_011_vqdm_00159.png,data/train-00000-of-00014.parquet,101528
pilot_000222,data/raw/tiny-genimage/images/Real/n01530575_9684.JPEG,0,Real,0,Tiny-GenImage,train,n01530575_9684.JPEG,data/train-00000-of-00014.parquet,45668
pilot_000223,data/raw/tiny-genimage/images/Wukong/10_wukong_image192.png,1,Wukong,8,Tiny-GenImage,train,10_wukong_image192.png,data/train-00000-of-00014.parquet,420642
pilot_000224,data/raw/tiny-genimage/images/Real/n01514668_22188.JPEG,0,Real,0,Tiny-GenImage,train,n01514668_22188.JPEG,data/train-00000-of-00014.parquet,224799
pilot_000225,data/raw/tiny-genimage/images/ADM/107_adm_90.PNG,1,ADM,1,Tiny-GenImage,train,107_adm_90.PNG,data/train-00000-of-00014.parquet,93984
pilot_000226,data/raw/tiny-genimage/images/Real/n01530575_6915.JPEG,0,Real,0,Tiny-GenImage,train,n01530575_6915.JPEG,data/train-00000-of-00014.parquet,140120
pilot_000227,data/raw/tiny-genimage/images/BigGAN/009_biggan_00093.png,1,BigGAN,2,Tiny-GenImage,train,009_biggan_00093.png,data/train-00000-of-00014.parquet,31057
pilot_000228,data/raw/tiny-genimage/images/Real/n01518878_30524.JPEG,0,Real,0,Tiny-GenImage,train,n01518878_30524.JPEG,data/train-00000-of-00014.parquet,129564
pilot_000229,data/raw/tiny-genimage/images/GLIDE/GLIDE_1000_200_00_016_glide_00130.png,1,GLIDE,3,Tiny-GenImage,train,GLIDE_1000_200_00_016_glide_00130.png,data/train-00000-of-00014.parquet,85924
pilot_000230,data/raw/tiny-genimage/images/Real/n01496331_873.JPEG,0,Real,0,Tiny-GenImage,train,n01496331_873.JPEG,data/train-00000-of-00014.parquet,98989
pilot_000231,data/raw/tiny-genimage/images/Midjourney/10_midjourney_50.png,1,Midjourney,4,Tiny-GenImage,train,10_midjourney_50.png,data/train-00000-of-00014.parquet,1387139
pilot_000232,data/raw/tiny-genimage/images/Real/n01514859_27034.JPEG,0,Real,0,Tiny-GenImage,train,n01514859_27034.JPEG,data/train-00000-of-00014.parquet,71098
pilot_000233,data/raw/tiny-genimage/images/SD15/010_sdv5_00177.png,1,SD15,6,Tiny-GenImage,train,010_sdv5_00177.png,data/train-00000-of-00014.parquet,358945
pilot_000234,data/raw/tiny-genimage/images/Real/n01494475_4743.JPEG,0,Real,0,Tiny-GenImage,train,n01494475_4743.JPEG,data/train-00000-of-00014.parquet,13698
pilot_000235,data/raw/tiny-genimage/images/VQDM/VQDM_1000_200_00_011_vqdm_00180.png,1,VQDM,7,Tiny-GenImage,train,VQDM_1000_200_00_011_vqdm_00180.png,data/train-00000-of-00014.parquet,106223
pilot_000236,data/raw/tiny-genimage/images/Real/n01531178_1614.JPEG,0,Real,0,Tiny-GenImage,train,n01531178_1614.JPEG,data/train-00000-of-00014.parquet,73929
pilot_000237,data/raw/tiny-genimage/images/Wukong/10_wukong_image55.png,1,Wukong,8,Tiny-GenImage,train,10_wukong_image55.png,data/train-00000-of-00014.parquet,509189
pilot_000238,data/raw/tiny-genimage/images/Real/n01514668_34428.JPEG,0,Real,0,Tiny-GenImage,train,n01514668_34428.JPEG,data/train-00000-of-00014.parquet,154188
pilot_000239,data/raw/tiny-genimage/images/ADM/108_adm_20.PNG,1,ADM,1,Tiny-GenImage,train,108_adm_20.PNG,data/train-00000-of-00014.parquet,115770
pilot_000240,data/raw/tiny-genimage/images/Real/n01531178_20191.JPEG,0,Real,0,Tiny-GenImage,train,n01531178_20191.JPEG,data/train-00000-of-00014.parquet,108703
pilot_000241,data/raw/tiny-genimage/images/BigGAN/009_biggan_00126.png,1,BigGAN,2,Tiny-GenImage,train,009_biggan_00126.png,data/train-00000-of-00014.parquet,29956
pilot_000242,data/raw/tiny-genimage/images/Real/n01530575_4121.JPEG,0,Real,0,Tiny-GenImage,train,n01530575_4121.JPEG,data/train-00000-of-00014.parquet,23802
pilot_000243,data/raw/tiny-genimage/images/GLIDE/GLIDE_1000_200_00_016_glide_00157.png,1,GLIDE,3,Tiny-GenImage,train,GLIDE_1000_200_00_016_glide_00157.png,data/train-00000-of-00014.parquet,82136
pilot_000244,data/raw/tiny-genimage/images/Real/n01498041_9768.JPEG,0,Real,0,Tiny-GenImage,train,n01498041_9768.JPEG,data/train-00000-of-00014.parquet,66124
pilot_000245,data/raw/tiny-genimage/images/Midjourney/10_midjourney_80.png,1,Midjourney,4,Tiny-GenImage,train,10_midjourney_80.png,data/train-00000-of-00014.parquet,1940704
pilot_000246,data/raw/tiny-genimage/images/Real/n01514859_5712.JPEG,0,Real,0,Tiny-GenImage,train,n01514859_5712.JPEG,data/train-00000-of-00014.parquet,157216
pilot_000247,data/raw/tiny-genimage/images/SD15/010_sdv5_00184.png,1,SD15,6,Tiny-GenImage,train,010_sdv5_00184.png,data/train-00000-of-00014.parquet,367484
pilot_000248,data/raw/tiny-genimage/images/Real/n01496331_11173.JPEG,0,Real,0,Tiny-GenImage,train,n01496331_11173.JPEG,data/train-00000-of-00014.parquet,136003
pilot_000249,data/raw/tiny-genimage/images/VQDM/VQDM_1000_200_00_013_vqdm_00046.png,1,VQDM,7,Tiny-GenImage,train,VQDM_1000_200_00_013_vqdm_00046.png,data/train-00000-of-00014.parquet,100587
pilot_000250,data/raw/tiny-genimage/images/Real/n01531178_22646.JPEG,0,Real,0,Tiny-GenImage,train,n01531178_22646.JPEG,data/train-00000-of-00014.parquet,70743
pilot_000251,data/raw/tiny-genimage/images/Wukong/10_wukong_image72.png,1,Wukong,8,Tiny-GenImage,train,10_wukong_image72.png,data/train-00000-of-00014.parquet,464386
pilot_000252,data/raw/tiny-genimage/images/Real/n01514859_8054.JPEG,0,Real,0,Tiny-GenImage,train,n01514859_8054.JPEG,data/train-00000-of-00014.parquet,183137
pilot_000253,data/raw/tiny-genimage/images/ADM/108_adm_53.PNG,1,ADM,1,Tiny-GenImage,train,108_adm_53.PNG,data/train-00000-of-00014.parquet,152202
pilot_000254,data/raw/tiny-genimage/images/Real/n01534433_15035.JPEG,0,Real,0,Tiny-GenImage,train,n01534433_15035.JPEG,data/train-00000-of-00014.parquet,28756
pilot_000255,data/raw/tiny-genimage/images/BigGAN/010_biggan_00072.png,1,BigGAN,2,Tiny-GenImage,train,010_biggan_00072.png,data/train-00000-of-00014.parquet,34656
pilot_000256,data/raw/tiny-genimage/images/Real/n01531178_1318.JPEG,0,Real,0,Tiny-GenImage,train,n01531178_1318.JPEG,data/train-00000-of-00014.parquet,97752
pilot_000257,data/raw/tiny-genimage/images/GLIDE/GLIDE_1000_200_00_017_glide_00053.png,1,GLIDE,3,Tiny-GenImage,train,GLIDE_1000_200_00_017_glide_00053.png,data/train-00000-of-00014.parquet,80387
pilot_000258,data/raw/tiny-genimage/images/Real/n01498041_9941.JPEG,0,Real,0,Tiny-GenImage,train,n01498041_9941.JPEG,data/train-00000-of-00014.parquet,167188
pilot_000259,data/raw/tiny-genimage/images/Midjourney/110_midjourney_23.png,1,Midjourney,4,Tiny-GenImage,train,110_midjourney_23.png,data/train-00000-of-00014.parquet,1676469
pilot_000260,data/raw/tiny-genimage/images/Real/n01518878_1780.JPEG,0,Real,0,Tiny-GenImage,train,n01518878_1780.JPEG,data/train-00000-of-00014.parquet,37216
pilot_000261,data/raw/tiny-genimage/images/SD15/011_sdv5_00130.png,1,SD15,6,Tiny-GenImage,train,011_sdv5_00130.png,data/train-00000-of-00014.parquet,354907
pilot_000262,data/raw/tiny-genimage/images/Real/n01496331_19168.JPEG,0,Real,0,Tiny-GenImage,train,n01496331_19168.JPEG,data/train-00000-of-00014.parquet,174478
pilot_000263,data/raw/tiny-genimage/images/VQDM/VQDM_1000_200_00_013_vqdm_00083.png,1,VQDM,7,Tiny-GenImage,train,VQDM_1000_200_00_013_vqdm_00083.png,data/train-00000-of-00014.parquet,100277
pilot_000264,data/raw/tiny-genimage/images/Real/n01532829_4090.JPEG,0,Real,0,Tiny-GenImage,train,n01532829_4090.JPEG,data/train-00000-of-00014.parquet,162126
pilot_000265,data/raw/tiny-genimage/images/Wukong/110_wukong_image172.png,1,Wukong,8,Tiny-GenImage,train,110_wukong_image172.png,data/train-00000-of-00014.parquet,499681
pilot_000266,data/raw/tiny-genimage/images/Real/n01518878_9077.JPEG,0,Real,0,Tiny-GenImage,train,n01518878_9077.JPEG,data/train-00000-of-00014.parquet,46879
pilot_000267,data/raw/tiny-genimage/images/ADM/109_adm_110.PNG,1,ADM,1,Tiny-GenImage,train,109_adm_110.PNG,data/train-00000-of-00014.parquet,174543
pilot_000268,data/raw/tiny-genimage/images/Real/n01534433_7653.JPEG,0,Real,0,Tiny-GenImage,train,n01534433_7653.JPEG,data/train-00000-of-00014.parquet,144846
pilot_000269,data/raw/tiny-genimage/images/BigGAN/010_biggan_00176.png,1,BigGAN,2,Tiny-GenImage,train,010_biggan_00176.png,data/train-00000-of-00014.parquet,37659
pilot_000270,data/raw/tiny-genimage/images/Real/n01531178_9191.JPEG,0,Real,0,Tiny-GenImage,train,n01531178_9191.JPEG,data/train-00000-of-00014.parquet,135217
pilot_000271,data/raw/tiny-genimage/images/GLIDE/GLIDE_1000_200_00_018_glide_00056.png,1,GLIDE,3,Tiny-GenImage,train,GLIDE_1000_200_00_018_glide_00056.png,data/train-00000-of-00014.parquet,51656
pilot_000272,data/raw/tiny-genimage/images/Real/n01514668_14370.JPEG,0,Real,0,Tiny-GenImage,train,n01514668_14370.JPEG,data/train-00000-of-00014.parquet,219589
pilot_000273,data/raw/tiny-genimage/images/Midjourney/110_midjourney_76.png,1,Midjourney,4,Tiny-GenImage,train,110_midjourney_76.png,data/train-00000-of-00014.parquet,1913653
pilot_000274,data/raw/tiny-genimage/images/Real/n01518878_21134.JPEG,0,Real,0,Tiny-GenImage,train,n01518878_21134.JPEG,data/train-00000-of-00014.parquet,100883
pilot_000275,data/raw/tiny-genimage/images/SD15/011_sdv5_00170.png,1,SD15,6,Tiny-GenImage,train,011_sdv5_00170.png,data/train-00000-of-00014.parquet,315779
pilot_000276,data/raw/tiny-genimage/images/Real/n01496331_19550.JPEG,0,Real,0,Tiny-GenImage,train,n01496331_19550.JPEG,data/train-00000-of-00014.parquet,187072
pilot_000277,data/raw/tiny-genimage/images/VQDM/VQDM_1000_200_00_013_vqdm_00109.png,1,VQDM,7,Tiny-GenImage,train,VQDM_1000_200_00_013_vqdm_00109.png,data/train-00000-of-00014.parquet,93450
pilot_000278,data/raw/tiny-genimage/images/Real/n01534433_3246.JPEG,0,Real,0,Tiny-GenImage,train,n01534433_3246.JPEG,data/train-00000-of-00014.parquet,182948
pilot_000279,data/raw/tiny-genimage/images/Wukong/110_wukong_image85.png,1,Wukong,8,Tiny-GenImage,train,110_wukong_image85.png,data/train-00000-of-00014.parquet,491279
pilot_000280,data/raw/tiny-genimage/images/Real/n01530575_10195.JPEG,0,Real,0,Tiny-GenImage,train,n01530575_10195.JPEG,data/train-00000-of-00014.parquet,108053
pilot_000281,data/raw/tiny-genimage/images/ADM/109_adm_121.PNG,1,ADM,1,Tiny-GenImage,train,109_adm_121.PNG,data/train-00000-of-00014.parquet,166275
pilot_000282,data/raw/tiny-genimage/images/Real/n01537544_26009.JPEG,0,Real,0,Tiny-GenImage,train,n01537544_26009.JPEG,data/train-00000-of-00014.parquet,68651
pilot_000283,data/raw/tiny-genimage/images/BigGAN/011_biggan_00026.png,1,BigGAN,2,Tiny-GenImage,train,011_biggan_00026.png,data/train-00000-of-00014.parquet,17964
pilot_000284,data/raw/tiny-genimage/images/Real/n01532829_33928.JPEG,0,Real,0,Tiny-GenImage,train,n01532829_33928.JPEG,data/train-00000-of-00014.parquet,99606
pilot_000285,data/raw/tiny-genimage/images/GLIDE/GLIDE_1000_200_00_019_glide_00022.png,1,GLIDE,3,Tiny-GenImage,train,GLIDE_1000_200_00_019_glide_00022.png,data/train-00000-of-00014.parquet,71748
pilot_000286,data/raw/tiny-genimage/images/Real/n01514668_18524.JPEG,0,Real,0,Tiny-GenImage,train,n01514668_18524.JPEG,data/train-00000-of-00014.parquet,40085
pilot_000287,data/raw/tiny-genimage/images/Midjourney/111_midjourney_28.png,1,Midjourney,4,Tiny-GenImage,train,111_midjourney_28.png,data/train-00000-of-00014.parquet,1421127
pilot_000288,data/raw/tiny-genimage/images/Real/n01518878_7085.JPEG,0,Real,0,Tiny-GenImage,train,n01518878_7085.JPEG,data/train-00000-of-00014.parquet,164207
pilot_000289,data/raw/tiny-genimage/images/SD15/011_sdv5_00190.png,1,SD15,6,Tiny-GenImage,train,011_sdv5_00190.png,data/train-00000-of-00014.parquet,274676
pilot_000290,data/raw/tiny-genimage/images/Real/n01496331_2360.JPEG,0,Real,0,Tiny-GenImage,train,n01496331_2360.JPEG,data/train-00000-of-00014.parquet,15081
pilot_000291,data/raw/tiny-genimage/images/VQDM/VQDM_1000_200_00_014_vqdm_00189.png,1,VQDM,7,Tiny-GenImage,train,VQDM_1000_200_00_014_vqdm_00189.png,data/train-00000-of-00014.parquet,128999
pilot_000292,data/raw/tiny-genimage/images/Real/n01537544_24791.JPEG,0,Real,0,Tiny-GenImage,train,n01537544_24791.JPEG,data/train-00000-of-00014.parquet,82522
pilot_000293,data/raw/tiny-genimage/images/Wukong/111_wukong_image151.png,1,Wukong,8,Tiny-GenImage,train,111_wukong_image151.png,data/train-00000-of-00014.parquet,480146
pilot_000294,data/raw/tiny-genimage/images/Real/n01530575_32306.JPEG,0,Real,0,Tiny-GenImage,train,n01530575_32306.JPEG,data/train-00000-of-00014.parquet,101829
pilot_000295,data/raw/tiny-genimage/images/ADM/109_adm_165.PNG,1,ADM,1,Tiny-GenImage,train,109_adm_165.PNG,data/train-00000-of-00014.parquet,145116
pilot_000296,data/raw/tiny-genimage/images/Real/n01537544_2755.JPEG,0,Real,0,Tiny-GenImage,train,n01537544_2755.JPEG,data/train-00000-of-00014.parquet,114319
pilot_000297,data/raw/tiny-genimage/images/BigGAN/011_biggan_00106.png,1,BigGAN,2,Tiny-GenImage,train,011_biggan_00106.png,data/train-00000-of-00014.parquet,26501
pilot_000298,data/raw/tiny-genimage/images/Real/n01534433_11000.JPEG,0,Real,0,Tiny-GenImage,train,n01534433_11000.JPEG,data/train-00000-of-00014.parquet,216564
pilot_000299,data/raw/tiny-genimage/images/GLIDE/GLIDE_1000_200_00_019_glide_00067.png,1,GLIDE,3,Tiny-GenImage,train,GLIDE_1000_200_00_019_glide_00067.png,data/train-00000-of-00014.parquet,88102
pilot_000300,data/raw/tiny-genimage/images/Real/n01518878_11018.JPEG,0,Real,0,Tiny-GenImage,train,n01518878_11018.JPEG,data/train-00000-of-00014.parquet,172926
pilot_000301,data/raw/tiny-genimage/images/Midjourney/112_midjourney_146.png,1,Midjourney,4,Tiny-GenImage,train,112_midjourney_146.png,data/train-00000-of-00014.parquet,1509456
pilot_000302,data/raw/tiny-genimage/images/Real/n01518878_7137.JPEG,0,Real,0,Tiny-GenImage,train,n01518878_7137.JPEG,data/train-00000-of-00014.parquet,132851
pilot_000303,data/raw/tiny-genimage/images/SD15/012_sdv5_00153.png,1,SD15,6,Tiny-GenImage,train,012_sdv5_00153.png,data/train-00000-of-00014.parquet,370224
pilot_000304,data/raw/tiny-genimage/images/Real/n01496331_25310.JPEG,0,Real,0,Tiny-GenImage,train,n01496331_25310.JPEG,data/train-00000-of-00014.parquet,10962
pilot_000305,data/raw/tiny-genimage/images/VQDM/VQDM_1000_200_00_015_vqdm_00043.png,1,VQDM,7,Tiny-GenImage,train,VQDM_1000_200_00_015_vqdm_00043.png,data/train-00000-of-00014.parquet,90144
pilot_000306,data/raw/tiny-genimage/images/Real/n01537544_5772.JPEG,0,Real,0,Tiny-GenImage,train,n01537544_5772.JPEG,data/train-00000-of-00014.parquet,226543
pilot_000307,data/raw/tiny-genimage/images/Wukong/111_wukong_image156.png,1,Wukong,8,Tiny-GenImage,train,111_wukong_image156.png,data/train-00000-of-00014.parquet,537466
pilot_000308,data/raw/tiny-genimage/images/Real/n01530575_8161.JPEG,0,Real,0,Tiny-GenImage,train,n01530575_8161.JPEG,data/train-00000-of-00014.parquet,148420
pilot_000309,data/raw/tiny-genimage/images/ADM/109_adm_39.PNG,1,ADM,1,Tiny-GenImage,train,109_adm_39.PNG,data/train-00000-of-00014.parquet,169931
pilot_000310,data/raw/tiny-genimage/images/Real/n01558993_13092.JPEG,0,Real,0,Tiny-GenImage,train,n01558993_13092.JPEG,data/train-00000-of-00014.parquet,124164
pilot_000311,data/raw/tiny-genimage/images/BigGAN/011_biggan_00130.png,1,BigGAN,2,Tiny-GenImage,train,011_biggan_00130.png,data/train-00000-of-00014.parquet,25358
pilot_000312,data/raw/tiny-genimage/images/Real/n01534433_4964.JPEG,0,Real,0,Tiny-GenImage,train,n01534433_4964.JPEG,data/train-00000-of-00014.parquet,123733
pilot_000313,data/raw/tiny-genimage/images/GLIDE/GLIDE_1000_200_00_019_glide_00095.png,1,GLIDE,3,Tiny-GenImage,train,GLIDE_1000_200_00_019_glide_00095.png,data/train-00000-of-00014.parquet,97228
pilot_000314,data/raw/tiny-genimage/images/Real/n01518878_24514.JPEG,0,Real,0,Tiny-GenImage,train,n01518878_24514.JPEG,data/train-00000-of-00014.parquet,101033
pilot_000315,data/raw/tiny-genimage/images/Midjourney/112_midjourney_23.png,1,Midjourney,4,Tiny-GenImage,train,112_midjourney_23.png,data/train-00000-of-00014.parquet,1363343
pilot_000316,data/raw/tiny-genimage/images/Real/n01530575_10450.JPEG,0,Real,0,Tiny-GenImage,train,n01530575_10450.JPEG,data/train-00000-of-00014.parquet,153621
pilot_000317,data/raw/tiny-genimage/images/SD15/013_sdv5_00055.png,1,SD15,6,Tiny-GenImage,train,013_sdv5_00055.png,data/train-00000-of-00014.parquet,371686
pilot_000318,data/raw/tiny-genimage/images/Real/n01496331_29158.JPEG,0,Real,0,Tiny-GenImage,train,n01496331_29158.JPEG,data/train-00000-of-00014.parquet,215531
pilot_000319,data/raw/tiny-genimage/images/VQDM/VQDM_1000_200_00_015_vqdm_00059.png,1,VQDM,7,Tiny-GenImage,train,VQDM_1000_200_00_015_vqdm_00059.png,data/train-00000-of-00014.parquet,101631
pilot_000320,data/raw/tiny-genimage/images/Real/n01558993_3007.JPEG,0,Real,0,Tiny-GenImage,train,n01558993_3007.JPEG,data/train-00000-of-00014.parquet,121596
pilot_000321,data/raw/tiny-genimage/images/Wukong/111_wukong_image25.png,1,Wukong,8,Tiny-GenImage,train,111_wukong_image25.png,data/train-00000-of-00014.parquet,521625
pilot_000322,data/raw/tiny-genimage/images/Real/n01531178_31783.JPEG,0,Real,0,Tiny-GenImage,train,n01531178_31783.JPEG,data/train-00000-of-00014.parquet,121262
pilot_000323,data/raw/tiny-genimage/images/ADM/10_adm_114.PNG,1,ADM,1,Tiny-GenImage,train,10_adm_114.PNG,data/train-00000-of-00014.parquet,111524
pilot_000324,data/raw/tiny-genimage/images/Real/n01558993_19802.JPEG,0,Real,0,Tiny-GenImage,train,n01558993_19802.JPEG,data/train-00000-of-00014.parquet,219404
pilot_000325,data/raw/tiny-genimage/images/BigGAN/011_biggan_00188.png,1,BigGAN,2,Tiny-GenImage,train,011_biggan_00188.png,data/train-00000-of-00014.parquet,22080
pilot_000326,data/raw/tiny-genimage/images/Real/n01534433_6608.JPEG,0,Real,0,Tiny-GenImage,train,n01534433_6608.JPEG,data/train-00000-of-00014.parquet,69528
pilot_000327,data/raw/tiny-genimage/images/GLIDE/GLIDE_1000_200_00_019_glide_00097.png,1,GLIDE,3,Tiny-GenImage,train,GLIDE_1000_200_00_019_glide_00097.png,data/train-00000-of-00014.parquet,67033
pilot_000328,data/raw/tiny-genimage/images/Real/n01518878_2846.JPEG,0,Real,0,Tiny-GenImage,train,n01518878_2846.JPEG,data/train-00000-of-00014.parquet,85560
pilot_000329,data/raw/tiny-genimage/images/Midjourney/112_midjourney_9.png,1,Midjourney,4,Tiny-GenImage,train,112_midjourney_9.png,data/train-00000-of-00014.parquet,1239712
pilot_000330,data/raw/tiny-genimage/images/Real/n01530575_5356.JPEG,0,Real,0,Tiny-GenImage,train,n01530575_5356.JPEG,data/train-00000-of-00014.parquet,121497
pilot_000331,data/raw/tiny-genimage/images/SD15/013_sdv5_00084.png,1,SD15,6,Tiny-GenImage,train,013_sdv5_00084.png,data/train-00000-of-00014.parquet,428285
pilot_000332,data/raw/tiny-genimage/images/Real/n01496331_9110.JPEG,0,Real,0,Tiny-GenImage,train,n01496331_9110.JPEG,data/train-00000-of-00014.parquet,14956
pilot_000333,data/raw/tiny-genimage/images/VQDM/VQDM_1000_200_00_015_vqdm_00072.png,1,VQDM,7,Tiny-GenImage,train,VQDM_1000_200_00_015_vqdm_00072.png,data/train-00000-of-00014.parquet,133486
pilot_000334,data/raw/tiny-genimage/images/Real/n01560419_700.JPEG,0,Real,0,Tiny-GenImage,train,n01560419_700.JPEG,data/train-00000-of-00014.parquet,62714
pilot_000335,data/raw/tiny-genimage/images/Wukong/112_wukong_image4.png,1,Wukong,8,Tiny-GenImage,train,112_wukong_image4.png,data/train-00000-of-00014.parquet,464998
pilot_000336,data/raw/tiny-genimage/images/Real/n01532829_120.JPEG,0,Real,0,Tiny-GenImage,train,n01532829_120.JPEG,data/train-00000-of-00014.parquet,170673
pilot_000337,data/raw/tiny-genimage/images/ADM/10_adm_115.PNG,1,ADM,1,Tiny-GenImage,train,10_adm_115.PNG,data/train-00000-of-00014.parquet,103982
pilot_000338,data/raw/tiny-genimage/images/Real/n01558993_5208.JPEG,0,Real,0,Tiny-GenImage,train,n01558993_5208.JPEG,data/train-00000-of-00014.parquet,87621
pilot_000339,data/raw/tiny-genimage/images/BigGAN/012_biggan_00057.png,1,BigGAN,2,Tiny-GenImage,train,012_biggan_00057.png,data/train-00000-of-00014.parquet,31203
pilot_000340,data/raw/tiny-genimage/images/Real/n01534433_7961.JPEG,0,Real,0,Tiny-GenImage,train,n01534433_7961.JPEG,data/train-00000-of-00014.parquet,64792
pilot_000341,data/raw/tiny-genimage/images/GLIDE/GLIDE_1000_200_00_019_glide_00123.png,1,GLIDE,3,Tiny-GenImage,train,GLIDE_1000_200_00_019_glide_00123.png,data/train-00000-of-00014.parquet,74807
pilot_000342,data/raw/tiny-genimage/images/Real/n01530575_3831.JPEG,0,Real,0,Tiny-GenImage,train,n01530575_3831.JPEG,data/train-00000-of-00014.parquet,22370
pilot_000343,data/raw/tiny-genimage/images/Midjourney/113_midjourney_19.png,1,Midjourney,4,Tiny-GenImage,train,113_midjourney_19.png,data/train-00000-of-00014.parquet,1628759
pilot_000344,data/raw/tiny-genimage/images/Real/n01530575_6469.JPEG,0,Real,0,Tiny-GenImage,train,n01530575_6469.JPEG,data/train-00000-of-00014.parquet,162649
pilot_000345,data/raw/tiny-genimage/images/SD15/013_sdv5_00087.png,1,SD15,6,Tiny-GenImage,train,013_sdv5_00087.png,data/train-00000-of-00014.parquet,363796
pilot_000346,data/raw/tiny-genimage/images/Real/n01514668_16739.JPEG,0,Real,0,Tiny-GenImage,train,n01514668_16739.JPEG,data/train-00000-of-00014.parquet,183695
pilot_000347,data/raw/tiny-genimage/images/VQDM/VQDM_1000_200_00_015_vqdm_00091.png,1,VQDM,7,Tiny-GenImage,train,VQDM_1000_200_00_015_vqdm_00091.png,data/train-00000-of-00014.parquet,118581
pilot_000348,data/raw/tiny-genimage/images/Real/n01580077_5811.JPEG,0,Real,0,Tiny-GenImage,train,n01580077_5811.JPEG,data/train-00000-of-00014.parquet,159896
pilot_000349,data/raw/tiny-genimage/images/Wukong/113_wukong_image123.png,1,Wukong,8,Tiny-GenImage,train,113_wukong_image123.png,data/train-00000-of-00014.parquet,499647
pilot_000350,data/raw/tiny-genimage/images/Real/n01532829_36789.JPEG,0,Real,0,Tiny-GenImage,train,n01532829_36789.JPEG,data/train-00000-of-00014.parquet,65964
pilot_000351,data/raw/tiny-genimage/images/ADM/110_adm_100.PNG,1,ADM,1,Tiny-GenImage,train,110_adm_100.PNG,data/train-00000-of-00014.parquet,121926
pilot_000352,data/raw/tiny-genimage/images/Real/n01560419_4972.JPEG,0,Real,0,Tiny-GenImage,train,n01560419_4972.JPEG,data/train-00000-of-00014.parquet,81093
pilot_000353,data/raw/tiny-genimage/images/BigGAN/012_biggan_00097.png,1,BigGAN,2,Tiny-GenImage,train,012_biggan_00097.png,data/train-00000-of-00014.parquet,28820
pilot_000354,data/raw/tiny-genimage/images/Real/n01537544_15233.JPEG,0,Real,0,Tiny-GenImage,train,n01537544_15233.JPEG,data/train-00000-of-00014.parquet,204453
pilot_000355,data/raw/tiny-genimage/images/GLIDE/GLIDE_1000_200_00_019_glide_00146.png,1,GLIDE,3,Tiny-GenImage,train,GLIDE_1000_200_00_019_glide_00146.png,data/train-00000-of-00014.parquet,84542
pilot_000356,data/raw/tiny-genimage/images/Real/n01531178_7847.JPEG,0,Real,0,Tiny-GenImage,train,n01531178_7847.JPEG,data/train-00000-of-00014.parquet,74519
pilot_000357,data/raw/tiny-genimage/images/Midjourney/113_midjourney_58.png,1,Midjourney,4,Tiny-GenImage,train,113_midjourney_58.png,data/train-00000-of-00014.parquet,1005206
pilot_000358,data/raw/tiny-genimage/images/Real/n01530575_6584.JPEG,0,Real,0,Tiny-GenImage,train,n01530575_6584.JPEG,data/train-00000-of-00014.parquet,5798
pilot_000359,data/raw/tiny-genimage/images/SD15/014_sdv5_00085.png,1,SD15,6,Tiny-GenImage,train,014_sdv5_00085.png,data/train-00000-of-00014.parquet,404815
pilot_000360,data/raw/tiny-genimage/images/Real/n01514668_17119.JPEG,0,Real,0,Tiny-GenImage,train,n01514668_17119.JPEG,data/train-00000-of-00014.parquet,172073
pilot_000361,data/raw/tiny-genimage/images/VQDM/VQDM_1000_200_00_015_vqdm_00155.png,1,VQDM,7,Tiny-GenImage,train,VQDM_1000_200_00_015_vqdm_00155.png,data/train-00000-of-00014.parquet,128654
pilot_000362,data/raw/tiny-genimage/images/Real/n01582220_2709.JPEG,0,Real,0,Tiny-GenImage,train,n01582220_2709.JPEG,data/train-00000-of-00014.parquet,59127
pilot_000363,data/raw/tiny-genimage/images/Wukong/113_wukong_image175.png,1,Wukong,8,Tiny-GenImage,train,113_wukong_image175.png,data/train-00000-of-00014.parquet,469278
pilot_000364,data/raw/tiny-genimage/images/Real/n01534433_11825.JPEG,0,Real,0,Tiny-GenImage,train,n01534433_11825.JPEG,data/train-00000-of-00014.parquet,130921
pilot_000365,data/raw/tiny-genimage/images/ADM/110_adm_66.PNG,1,ADM,1,Tiny-GenImage,train,110_adm_66.PNG,data/train-00000-of-00014.parquet,133903
pilot_000366,data/raw/tiny-genimage/images/Real/n01560419_6340.JPEG,0,Real,0,Tiny-GenImage,train,n01560419_6340.JPEG,data/train-00000-of-00014.parquet,194567
pilot_000367,data/raw/tiny-genimage/images/BigGAN/012_biggan_00139.png,1,BigGAN,2,Tiny-GenImage,train,012_biggan_00139.png,data/train-00000-of-00014.parquet,33228
pilot_000368,data/raw/tiny-genimage/images/Real/n01537544_1792.JPEG,0,Real,0,Tiny-GenImage,train,n01537544_1792.JPEG,data/train-00000-of-00014.parquet,132319
pilot_000369,data/raw/tiny-genimage/images/GLIDE/GLIDE_1000_200_00_020_glide_00057.png,1,GLIDE,3,Tiny-GenImage,train,GLIDE_1000_200_00_020_glide_00057.png,data/train-00000-of-00014.parquet,56358
pilot_000370,data/raw/tiny-genimage/images/Real/n01532829_1189.JPEG,0,Real,0,Tiny-GenImage,train,n01532829_1189.JPEG,data/train-00000-of-00014.parquet,157319
pilot_000371,data/raw/tiny-genimage/images/Midjourney/114_midjourney_32.png,1,Midjourney,4,Tiny-GenImage,train,114_midjourney_32.png,data/train-00000-of-00014.parquet,1590597
pilot_000372,data/raw/tiny-genimage/images/Real/n01531178_3446.JPEG,0,Real,0,Tiny-GenImage,train,n01531178_3446.JPEG,data/train-00000-of-00014.parquet,136518
pilot_000373,data/raw/tiny-genimage/images/SD15/014_sdv5_00186.png,1,SD15,6,Tiny-GenImage,train,014_sdv5_00186.png,data/train-00000-of-00014.parquet,453169
pilot_000374,data/raw/tiny-genimage/images/Real/n01514668_21181.JPEG,0,Real,0,Tiny-GenImage,train,n01514668_21181.JPEG,data/train-00000-of-00014.parquet,179589
pilot_000375,data/raw/tiny-genimage/images/VQDM/VQDM_1000_200_00_015_vqdm_00183.png,1,VQDM,7,Tiny-GenImage,train,VQDM_1000_200_00_015_vqdm_00183.png,data/train-00000-of-00014.parquet,110201
pilot_000376,data/raw/tiny-genimage/images/Real/n01582220_4147.JPEG,0,Real,0,Tiny-GenImage,train,n01582220_4147.JPEG,data/train-00000-of-00014.parquet,202399
pilot_000377,data/raw/tiny-genimage/images/Wukong/114_wukong_image147.png,1,Wukong,8,Tiny-GenImage,train,114_wukong_image147.png,data/train-00000-of-00014.parquet,445335
pilot_000378,data/raw/tiny-genimage/images/Real/n01537544_4560.JPEG,0,Real,0,Tiny-GenImage,train,n01537544_4560.JPEG,data/train-00000-of-00014.parquet,258981
pilot_000379,data/raw/tiny-genimage/images/ADM/111_adm_126.PNG,1,ADM,1,Tiny-GenImage,train,111_adm_126.PNG,data/train-00000-of-00014.parquet,56686
pilot_000380,data/raw/tiny-genimage/images/Real/n01580077_11533.JPEG,0,Real,0,Tiny-GenImage,train,n01580077_11533.JPEG,data/train-00000-of-00014.parquet,95907
pilot_000381,data/raw/tiny-genimage/images/BigGAN/014_biggan_00055.png,1,BigGAN,2,Tiny-GenImage,train,014_biggan_00055.png,data/train-00000-of-00014.parquet,21915
pilot_000382,data/raw/tiny-genimage/images/Real/n01537544_3528.JPEG,0,Real,0,Tiny-GenImage,train,n01537544_3528.JPEG,data/train-00000-of-00014.parquet,139696
pilot_000383,data/raw/tiny-genimage/images/GLIDE/GLIDE_1000_200_00_021_glide_00102.png,1,GLIDE,3,Tiny-GenImage,train,GLIDE_1000_200_00_021_glide_00102.png,data/train-00000-of-00014.parquet,41490
pilot_000384,data/raw/tiny-genimage/images/Real/n01532829_2326.JPEG,0,Real,0,Tiny-GenImage,train,n01532829_2326.JPEG,data/train-00000-of-00014.parquet,134568
pilot_000385,data/raw/tiny-genimage/images/Midjourney/115_midjourney_167.png,1,Midjourney,4,Tiny-GenImage,train,115_midjourney_167.png,data/train-00000-of-00014.parquet,1190968
pilot_000386,data/raw/tiny-genimage/images/Real/n01531178_7416.JPEG,0,Real,0,Tiny-GenImage,train,n01531178_7416.JPEG,data/train-00000-of-00014.parquet,102764
pilot_000387,data/raw/tiny-genimage/images/SD15/015_sdv5_00064.png,1,SD15,6,Tiny-GenImage,train,015_sdv5_00064.png,data/train-00000-of-00014.parquet,380674
pilot_000388,data/raw/tiny-genimage/images/Real/n01514668_23101.JPEG,0,Real,0,Tiny-GenImage,train,n01514668_23101.JPEG,data/train-00000-of-00014.parquet,120430
pilot_000389,data/raw/tiny-genimage/images/VQDM/VQDM_1000_200_00_015_vqdm_00198.png,1,VQDM,7,Tiny-GenImage,train,VQDM_1000_200_00_015_vqdm_00198.png,data/train-00000-of-00014.parquet,99775
pilot_000390,data/raw/tiny-genimage/images/Real/n01592084_321.JPEG,0,Real,0,Tiny-GenImage,train,n01592084_321.JPEG,data/train-00000-of-00014.parquet,106869
pilot_000391,data/raw/tiny-genimage/images/Wukong/114_wukong_image51.png,1,Wukong,8,Tiny-GenImage,train,114_wukong_image51.png,data/train-00000-of-00014.parquet,566336
pilot_000392,data/raw/tiny-genimage/images/Real/n01558993_13178.JPEG,0,Real,0,Tiny-GenImage,train,n01558993_13178.JPEG,data/train-00000-of-00014.parquet,97911
pilot_000393,data/raw/tiny-genimage/images/ADM/112_adm_111.PNG,1,ADM,1,Tiny-GenImage,train,112_adm_111.PNG,data/train-00000-of-00014.parquet,82115
pilot_000394,data/raw/tiny-genimage/images/Real/n01580077_979.JPEG,0,Real,0,Tiny-GenImage,train,n01580077_979.JPEG,data/train-00000-of-00014.parquet,123103
pilot_000395,data/raw/tiny-genimage/images/BigGAN/014_biggan_00056.png,1,BigGAN,2,Tiny-GenImage,train,014_biggan_00056.png,data/train-00000-of-00014.parquet,29707
pilot_000396,data/raw/tiny-genimage/images/Real/n01537544_4232.JPEG,0,Real,0,Tiny-GenImage,train,n01537544_4232.JPEG,data/train-00000-of-00014.parquet,118592
pilot_000397,data/raw/tiny-genimage/images/GLIDE/GLIDE_1000_200_00_022_glide_00054.png,1,GLIDE,3,Tiny-GenImage,train,GLIDE_1000_200_00_022_glide_00054.png,data/train-00000-of-00014.parquet,98556
pilot_000398,data/raw/tiny-genimage/images/Real/n01534433_12691.JPEG,0,Real,0,Tiny-GenImage,train,n01534433_12691.JPEG,data/train-00000-of-00014.parquet,124836
pilot_000399,data/raw/tiny-genimage/images/Midjourney/115_midjourney_57.png,1,Midjourney,4,Tiny-GenImage,train,115_midjourney_57.png,data/train-00000-of-00014.parquet,1303435
pilot_000400,data/raw/tiny-genimage/images/Real/n01532829_3654.JPEG,0,Real,0,Tiny-GenImage,train,n01532829_3654.JPEG,data/train-00000-of-00014.parquet,188671
pilot_000401,data/raw/tiny-genimage/images/SD15/016_sdv5_00001.png,1,SD15,6,Tiny-GenImage,train,016_sdv5_00001.png,data/train-00000-of-00014.parquet,366392
pilot_000402,data/raw/tiny-genimage/images/Real/n01514859_25956.JPEG,0,Real,0,Tiny-GenImage,train,n01514859_25956.JPEG,data/train-00000-of-00014.parquet,133410
pilot_000403,data/raw/tiny-genimage/images/VQDM/VQDM_1000_200_00_017_vqdm_00001.png,1,VQDM,7,Tiny-GenImage,train,VQDM_1000_200_00_017_vqdm_00001.png,data/train-00000-of-00014.parquet,82856
pilot_000404,data/raw/tiny-genimage/images/Real/n01601694_5291.JPEG,0,Real,0,Tiny-GenImage,train,n01601694_5291.JPEG,data/train-00000-of-00014.parquet,211742
pilot_000405,data/raw/tiny-genimage/images/Wukong/115_wukong_image153.png,1,Wukong,8,Tiny-GenImage,train,115_wukong_image153.png,data/train-00000-of-00014.parquet,540119
pilot_000406,data/raw/tiny-genimage/images/Real/n01558993_16519.JPEG,0,Real,0,Tiny-GenImage,train,n01558993_16519.JPEG,data/train-00000-of-00014.parquet,115922
pilot_000407,data/raw/tiny-genimage/images/ADM/112_adm_152.PNG,1,ADM,1,Tiny-GenImage,train,112_adm_152.PNG,data/train-00000-of-00014.parquet,120504
pilot_000408,data/raw/tiny-genimage/images/Real/n01582220_12852.JPEG,0,Real,0,Tiny-GenImage,train,n01582220_12852.JPEG,data/train-00000-of-00014.parquet,189883
pilot_000409,data/raw/tiny-genimage/images/BigGAN/014_biggan_00062.png,1,BigGAN,2,Tiny-GenImage,train,014_biggan_00062.png,data/train-00000-of-00014.parquet,31118
pilot_000410,data/raw/tiny-genimage/images/Real/n01558993_3.JPEG,0,Real,0,Tiny-GenImage,train,n01558993_3.JPEG,data/train-00000-of-00014.parquet,220138
pilot_000411,data/raw/tiny-genimage/images/GLIDE/GLIDE_1000_200_00_022_glide_00122.png,1,GLIDE,3,Tiny-GenImage,train,GLIDE_1000_200_00_022_glide_00122.png,data/train-00000-of-00014.parquet,67641
pilot_000412,data/raw/tiny-genimage/images/Real/n01534433_22089.JPEG,0,Real,0,Tiny-GenImage,train,n01534433_22089.JPEG,data/train-00000-of-00014.parquet,109904
pilot_000413,data/raw/tiny-genimage/images/Midjourney/116_midjourney_110.png,1,Midjourney,4,Tiny-GenImage,train,116_midjourney_110.png,data/train-00000-of-00014.parquet,1330402
pilot_000414,data/raw/tiny-genimage/images/Real/n01534433_15384.JPEG,0,Real,0,Tiny-GenImage,train,n01534433_15384.JPEG,data/train-00000-of-00014.parquet,134769
pilot_000415,data/raw/tiny-genimage/images/SD15/016_sdv5_00091.png,1,SD15,6,Tiny-GenImage,train,016_sdv5_00091.png,data/train-00000-of-00014.parquet,302546
pilot_000416,data/raw/tiny-genimage/images/Real/n01530575_3078.JPEG,0,Real,0,Tiny-GenImage,train,n01530575_3078.JPEG,data/train-00000-of-00014.parquet,97827
pilot_000417,data/raw/tiny-genimage/images/VQDM/VQDM_1000_200_00_018_vqdm_00061.png,1,VQDM,7,Tiny-GenImage,train,VQDM_1000_200_00_018_vqdm_00061.png,data/train-00000-of-00014.parquet,88041
pilot_000418,data/raw/tiny-genimage/images/Real/n01608432_11681.JPEG,0,Real,0,Tiny-GenImage,train,n01608432_11681.JPEG,data/train-00000-of-00014.parquet,123786
pilot_000419,data/raw/tiny-genimage/images/Wukong/115_wukong_image22.png,1,Wukong,8,Tiny-GenImage,train,115_wukong_image22.png,data/train-00000-of-00014.parquet,561600
pilot_000420,data/raw/tiny-genimage/images/Real/n01560419_20342.JPEG,0,Real,0,Tiny-GenImage,train,n01560419_20342.JPEG,data/train-00000-of-00014.parquet,123482
pilot_000421,data/raw/tiny-genimage/images/ADM/112_adm_157.PNG,1,ADM,1,Tiny-GenImage,train,112_adm_157.PNG,data/train-00000-of-00014.parquet,106304
pilot_000422,data/raw/tiny-genimage/images/Real/n01582220_501.JPEG,0,Real,0,Tiny-GenImage,train,n01582220_501.JPEG,data/train-00000-of-00014.parquet,117615
pilot_000423,data/raw/tiny-genimage/images/BigGAN/017_biggan_00002.png,1,BigGAN,2,Tiny-GenImage,train,017_biggan_00002.png,data/train-00000-of-00014.parquet,40784
pilot_000424,data/raw/tiny-genimage/images/Real/n01560419_15733.JPEG,0,Real,0,Tiny-GenImage,train,n01560419_15733.JPEG,data/train-00000-of-00014.parquet,107231
pilot_000425,data/raw/tiny-genimage/images/GLIDE/GLIDE_1000_200_00_025_glide_00093.png,1,GLIDE,3,Tiny-GenImage,train,GLIDE_1000_200_00_025_glide_00093.png,data/train-00000-of-00014.parquet,96364
pilot_000426,data/raw/tiny-genimage/images/Real/n01537544_11597.JPEG,0,Real,0,Tiny-GenImage,train,n01537544_11597.JPEG,data/train-00000-of-00014.parquet,132210
pilot_000427,data/raw/tiny-genimage/images/Midjourney/116_midjourney_171.png,1,Midjourney,4,Tiny-GenImage,train,116_midjourney_171.png,data/train-00000-of-00014.parquet,1007859
pilot_000428,data/raw/tiny-genimage/images/Real/n01537544_22235.JPEG,0,Real,0,Tiny-GenImage,train,n01537544_22235.JPEG,data/train-00000-of-00014.parquet,138258
pilot_000429,data/raw/tiny-genimage/images/SD15/016_sdv5_00121.png,1,SD15,6,Tiny-GenImage,train,016_sdv5_00121.png,data/train-00000-of-00014.parquet,385062
pilot_000430,data/raw/tiny-genimage/images/Real/n01531178_13704.JPEG,0,Real,0,Tiny-GenImage,train,n01531178_13704.JPEG,data/train-00000-of-00014.parquet,62958
pilot_000431,data/raw/tiny-genimage/images/VQDM/VQDM_1000_200_00_019_vqdm_00055.png,1,VQDM,7,Tiny-GenImage,train,VQDM_1000_200_00_019_vqdm_00055.png,data/train-00000-of-00014.parquet,113714
pilot_000432,data/raw/tiny-genimage/images/Real/n01608432_16535.JPEG,0,Real,0,Tiny-GenImage,train,n01608432_16535.JPEG,data/train-00000-of-00014.parquet,90229
pilot_000433,data/raw/tiny-genimage/images/Wukong/116_wukong_image123.png,1,Wukong,8,Tiny-GenImage,train,116_wukong_image123.png,data/train-00000-of-00014.parquet,568359
pilot_000434,data/raw/tiny-genimage/images/Real/n01560419_373.JPEG,0,Real,0,Tiny-GenImage,train,n01560419_373.JPEG,data/train-00000-of-00014.parquet,77288
pilot_000435,data/raw/tiny-genimage/images/ADM/113_adm_100.PNG,1,ADM,1,Tiny-GenImage,train,113_adm_100.PNG,data/train-00000-of-00014.parquet,78457
pilot_000436,data/raw/tiny-genimage/images/Real/n01592084_5700.JPEG,0,Real,0,Tiny-GenImage,train,n01592084_5700.JPEG,data/train-00000-of-00014.parquet,171804
pilot_000437,data/raw/tiny-genimage/images/BigGAN/017_biggan_00069.png,1,BigGAN,2,Tiny-GenImage,train,017_biggan_00069.png,data/train-00000-of-00014.parquet,38775
pilot_000438,data/raw/tiny-genimage/images/Real/n01592084_4808.JPEG,0,Real,0,Tiny-GenImage,train,n01592084_4808.JPEG,data/train-00000-of-00014.parquet,89208
pilot_000439,data/raw/tiny-genimage/images/GLIDE/GLIDE_1000_200_00_025_glide_00103.png,1,GLIDE,3,Tiny-GenImage,train,GLIDE_1000_200_00_025_glide_00103.png,data/train-00000-of-00014.parquet,95060
pilot_000440,data/raw/tiny-genimage/images/Real/n01537544_2055.JPEG,0,Real,0,Tiny-GenImage,train,n01537544_2055.JPEG,data/train-00000-of-00014.parquet,135297
pilot_000441,data/raw/tiny-genimage/images/Midjourney/116_midjourney_43.png,1,Midjourney,4,Tiny-GenImage,train,116_midjourney_43.png,data/train-00000-of-00014.parquet,1012469
pilot_000442,data/raw/tiny-genimage/images/Real/n01537544_23799.JPEG,0,Real,0,Tiny-GenImage,train,n01537544_23799.JPEG,data/train-00000-of-00014.parquet,133584
pilot_000443,data/raw/tiny-genimage/images/SD15/016_sdv5_00162.png,1,SD15,6,Tiny-GenImage,train,016_sdv5_00162.png,data/train-00000-of-00014.parquet,503034
pilot_000444,data/raw/tiny-genimage/images/Real/n01531178_26526.JPEG,0,Real,0,Tiny-GenImage,train,n01531178_26526.JPEG,data/train-00000-of-00014.parquet,71345
pilot_000445,data/raw/tiny-genimage/images/VQDM/VQDM_1000_200_00_019_vqdm_00183.png,1,VQDM,7,Tiny-GenImage,train,VQDM_1000_200_00_019_vqdm_00183.png,data/train-00000-of-00014.parquet,98783
pilot_000446,data/raw/tiny-genimage/images/Real/n01614925_42476.JPEG,0,Real,0,Tiny-GenImage,train,n01614925_42476.JPEG,data/train-00000-of-00014.parquet,132101
pilot_000447,data/raw/tiny-genimage/images/Wukong/116_wukong_image170.png,1,Wukong,8,Tiny-GenImage,train,116_wukong_image170.png,data/train-00000-of-00014.parquet,607846
pilot_000448,data/raw/tiny-genimage/images/Real/n01560419_4496.JPEG,0,Real,0,Tiny-GenImage,train,n01560419_4496.JPEG,data/train-00000-of-00014.parquet,96962
pilot_000449,data/raw/tiny-genimage/images/ADM/113_adm_128.PNG,1,ADM,1,Tiny-GenImage,train,113_adm_128.PNG,data/train-00000-of-00014.parquet,118431
pilot_000450,data/raw/tiny-genimage/images/Real/n01601694_10746.JPEG,0,Real,0,Tiny-GenImage,train,n01601694_10746.JPEG,data/train-00000-of-00014.parquet,56791
pilot_000451,data/raw/tiny-genimage/images/BigGAN/017_biggan_00106.png,1,BigGAN,2,Tiny-GenImage,train,017_biggan_00106.png,data/train-00000-of-00014.parquet,28133
pilot_000452,data/raw/tiny-genimage/images/Real/n01592084_5268.JPEG,0,Real,0,Tiny-GenImage,train,n01592084_5268.JPEG,data/train-00000-of-00014.parquet,122834
pilot_000453,data/raw/tiny-genimage/images/GLIDE/GLIDE_1000_200_00_026_glide_00079.png,1,GLIDE,3,Tiny-GenImage,train,GLIDE_1000_200_00_026_glide_00079.png,data/train-00000-of-00014.parquet,97334
pilot_000454,data/raw/tiny-genimage/images/Real/n01558993_12476.JPEG,0,Real,0,Tiny-GenImage,train,n01558993_12476.JPEG,data/train-00000-of-00014.parquet,195461
pilot_000455,data/raw/tiny-genimage/images/Midjourney/117_midjourney_63.png,1,Midjourney,4,Tiny-GenImage,train,117_midjourney_63.png,data/train-00000-of-00014.parquet,991897
pilot_000456,data/raw/tiny-genimage/images/Real/n01537544_2965.JPEG,0,Real,0,Tiny-GenImage,train,n01537544_2965.JPEG,data/train-00000-of-00014.parquet,164210
pilot_000457,data/raw/tiny-genimage/images/SD15/017_sdv5_00118.png,1,SD15,6,Tiny-GenImage,train,017_sdv5_00118.png,data/train-00000-of-00014.parquet,485937
pilot_000458,data/raw/tiny-genimage/images/Real/n01531178_3156.JPEG,0,Real,0,Tiny-GenImage,train,n01531178_3156.JPEG,data/train-00000-of-00014.parquet,78787
pilot_000459,data/raw/tiny-genimage/images/VQDM/VQDM_1000_200_00_020_vqdm_00034.png,1,VQDM,7,Tiny-GenImage,train,VQDM_1000_200_00_020_vqdm_00034.png,data/train-00000-of-00014.parquet,106002
pilot_000460,data/raw/tiny-genimage/images/Real/n01614925_9763.JPEG,0,Real,0,Tiny-GenImage,train,n01614925_9763.JPEG,data/train-00000-of-00014.parquet,55432
pilot_000461,data/raw/tiny-genimage/images/Wukong/116_wukong_image35.png,1,Wukong,8,Tiny-GenImage,train,116_wukong_image35.png,data/train-00000-of-00014.parquet,609205
pilot_000462,data/raw/tiny-genimage/images/Real/n01580077_10491.JPEG,0,Real,0,Tiny-GenImage,train,n01580077_10491.JPEG,data/train-00000-of-00014.parquet,89874
pilot_000463,data/raw/tiny-genimage/images/ADM/113_adm_33.PNG,1,ADM,1,Tiny-GenImage,train,113_adm_33.PNG,data/train-00000-of-00014.parquet,87056
pilot_000464,data/raw/tiny-genimage/images/Real/n01601694_11580.JPEG,0,Real,0,Tiny-GenImage,train,n01601694_11580.JPEG,data/train-00000-of-00014.parquet,139815
pilot_000465,data/raw/tiny-genimage/images/BigGAN/018_biggan_00140.png,1,BigGAN,2,Tiny-GenImage,train,018_biggan_00140.png,data/train-00000-of-00014.parquet,32845
pilot_000466,data/raw/tiny-genimage/images/Real/n01592084_7622.JPEG,0,Real,0,Tiny-GenImage,train,n01592084_7622.JPEG,data/train-00000-of-00014.parquet,117752
pilot_000467,data/raw/tiny-genimage/images/GLIDE/GLIDE_1000_200_00_026_glide_00087.png,1,GLIDE,3,Tiny-GenImage,train,GLIDE_1000_200_00_026_glide_00087.png,data/train-00000-of-00014.parquet,83434
pilot_000468,data/raw/tiny-genimage/images/Real/n01558993_2527.JPEG,0,Real,0,Tiny-GenImage,train,n01558993_2527.JPEG,data/train-00000-of-00014.parquet,134375
pilot_000469,data/raw/tiny-genimage/images/Midjourney/117_midjourney_79.png,1,Midjourney,4,Tiny-GenImage,train,117_midjourney_79.png,data/train-00000-of-00014.parquet,883976
pilot_000470,data/raw/tiny-genimage/images/Real/n01558993_13466.JPEG,0,Real,0,Tiny-GenImage,train,n01558993_13466.JPEG,data/train-00000-of-00014.parquet,116523
pilot_000471,data/raw/tiny-genimage/images/SD15/018_sdv5_00128.png,1,SD15,6,Tiny-GenImage,train,018_sdv5_00128.png,data/train-00000-of-00014.parquet,431267
pilot_000472,data/raw/tiny-genimage/images/Real/n01531178_5430.JPEG,0,Real,0,Tiny-GenImage,train,n01531178_5430.JPEG,data/train-00000-of-00014.parquet,153626
pilot_000473,data/raw/tiny-genimage/images/VQDM/VQDM_1000_200_00_020_vqdm_00107.png,1,VQDM,7,Tiny-GenImage,train,VQDM_1000_200_00_020_vqdm_00107.png,data/train-00000-of-00014.parquet,98035
pilot_000474,data/raw/tiny-genimage/images/Real/n01616318_2219.JPEG,0,Real,0,Tiny-GenImage,train,n01616318_2219.JPEG,data/train-00000-of-00014.parquet,139527
pilot_000475,data/raw/tiny-genimage/images/Wukong/117_wukong_image150.png,1,Wukong,8,Tiny-GenImage,train,117_wukong_image150.png,data/train-00000-of-00014.parquet,456539
pilot_000476,data/raw/tiny-genimage/images/Real/n01580077_21537.JPEG,0,Real,0,Tiny-GenImage,train,n01580077_21537.JPEG,data/train-00000-of-00014.parquet,91067
pilot_000477,data/raw/tiny-genimage/images/ADM/113_adm_53.PNG,1,ADM,1,Tiny-GenImage,train,113_adm_53.PNG,data/train-00000-of-00014.parquet,105391
pilot_000478,data/raw/tiny-genimage/images/Real/n01601694_1742.JPEG,0,Real,0,Tiny-GenImage,train,n01601694_1742.JPEG,data/train-00000-of-00014.parquet,18084
pilot_000479,data/raw/tiny-genimage/images/BigGAN/019_biggan_00154.png,1,BigGAN,2,Tiny-GenImage,train,019_biggan_00154.png,data/train-00000-of-00014.parquet,31255
pilot_000480,data/raw/tiny-genimage/images/Real/n01601694_10596.JPEG,0,Real,0,Tiny-GenImage,train,n01601694_10596.JPEG,data/train-00000-of-00014.parquet,59273
pilot_000481,data/raw/tiny-genimage/images/GLIDE/GLIDE_1000_200_00_026_glide_00182.png,1,GLIDE,3,Tiny-GenImage,train,GLIDE_1000_200_00_026_glide_00182.png,data/train-00000-of-00014.parquet,85553
pilot_000482,data/raw/tiny-genimage/images/Real/n01560419_17484.JPEG,0,Real,0,Tiny-GenImage,train,n01560419_17484.JPEG,data/train-00000-of-00014.parquet,77812
pilot_000483,data/raw/tiny-genimage/images/Midjourney/117_midjourney_92.png,1,Midjourney,4,Tiny-GenImage,train,117_midjourney_92.png,data/train-00000-of-00014.parquet,823137
pilot_000484,data/raw/tiny-genimage/images/Real/n01580077_2793.JPEG,0,Real,0,Tiny-GenImage,train,n01580077_2793.JPEG,data/train-00000-of-00014.parquet,159299
pilot_000485,data/raw/tiny-genimage/images/SD15/019_sdv5_00060.png,1,SD15,6,Tiny-GenImage,train,019_sdv5_00060.png,data/train-00000-of-00014.parquet,335943
pilot_000486,data/raw/tiny-genimage/images/Real/n01531178_7863.JPEG,0,Real,0,Tiny-GenImage,train,n01531178_7863.JPEG,data/train-00000-of-00014.parquet,145155
pilot_000487,data/raw/tiny-genimage/images/VQDM/VQDM_1000_200_00_020_vqdm_00129.png,1,VQDM,7,Tiny-GenImage,train,VQDM_1000_200_00_020_vqdm_00129.png,data/train-00000-of-00014.parquet,113422
pilot_000488,data/raw/tiny-genimage/images/Real/n01616318_23573.JPEG,0,Real,0,Tiny-GenImage,train,n01616318_23573.JPEG,data/train-00000-of-00014.parquet,175080
pilot_000489,data/raw/tiny-genimage/images/Wukong/118_wukong_image15.png,1,Wukong,8,Tiny-GenImage,train,118_wukong_image15.png,data/train-00000-of-00014.parquet,491477
pilot_000490,data/raw/tiny-genimage/images/Real/n01580077_2288.JPEG,0,Real,0,Tiny-GenImage,train,n01580077_2288.JPEG,data/train-00000-of-00014.parquet,139633
pilot_000491,data/raw/tiny-genimage/images/ADM/113_adm_75.PNG,1,ADM,1,Tiny-GenImage,train,113_adm_75.PNG,data/train-00000-of-00014.parquet,79165
pilot_000492,data/raw/tiny-genimage/images/Real/n01601694_6514.JPEG,0,Real,0,Tiny-GenImage,train,n01601694_6514.JPEG,data/train-00000-of-00014.parquet,108502
pilot_000493,data/raw/tiny-genimage/images/BigGAN/020_biggan_00016.png,1,BigGAN,2,Tiny-GenImage,train,020_biggan_00016.png,data/train-00000-of-00014.parquet,34365
pilot_000494,data/raw/tiny-genimage/images/Real/n01601694_22597.JPEG,0,Real,0,Tiny-GenImage,train,n01601694_22597.JPEG,data/train-00000-of-00014.parquet,112710
pilot_000495,data/raw/tiny-genimage/images/GLIDE/GLIDE_1000_200_00_027_glide_00062.png,1,GLIDE,3,Tiny-GenImage,train,GLIDE_1000_200_00_027_glide_00062.png,data/train-00000-of-00014.parquet,64390
pilot_000496,data/raw/tiny-genimage/images/Real/n01560419_2113.JPEG,0,Real,0,Tiny-GenImage,train,n01560419_2113.JPEG,data/train-00000-of-00014.parquet,126121
pilot_000497,data/raw/tiny-genimage/images/Midjourney/118_midjourney_14.png,1,Midjourney,4,Tiny-GenImage,train,118_midjourney_14.png,data/train-00000-of-00014.parquet,932994
pilot_000498,data/raw/tiny-genimage/images/Real/n01582220_2205.JPEG,0,Real,0,Tiny-GenImage,train,n01582220_2205.JPEG,data/train-00000-of-00014.parquet,142786
pilot_000499,data/raw/tiny-genimage/images/SD15/019_sdv5_00074.png,1,SD15,6,Tiny-GenImage,train,019_sdv5_00074.png,data/train-00000-of-00014.parquet,357282
pilot_000500,data/raw/tiny-genimage/images/Real/n01532829_16124.JPEG,0,Real,0,Tiny-GenImage,train,n01532829_16124.JPEG,data/train-00000-of-00014.parquet,114419
pilot_000501,data/raw/tiny-genimage/images/VQDM/VQDM_1000_200_00_020_vqdm_00140.png,1,VQDM,7,Tiny-GenImage,train,VQDM_1000_200_00_020_vqdm_00140.png,data/train-00000-of-00014.parquet,129806
pilot_000502,data/raw/tiny-genimage/images/Real/n01622779_1561.JPEG,0,Real,0,Tiny-GenImage,train,n01622779_1561.JPEG,data/train-00000-of-00014.parquet,145904
pilot_000503,data/raw/tiny-genimage/images/Wukong/118_wukong_image53.png,1,Wukong,8,Tiny-GenImage,train,118_wukong_image53.png,data/train-00000-of-00014.parquet,458508
pilot_000504,data/raw/tiny-genimage/images/Real/n01580077_2769.JPEG,0,Real,0,Tiny-GenImage,train,n01580077_2769.JPEG,data/train-00000-of-00014.parquet,162462
pilot_000505,data/raw/tiny-genimage/images/ADM/114_adm_123.PNG,1,ADM,1,Tiny-GenImage,train,114_adm_123.PNG,data/train-00000-of-00014.parquet,128275
pilot_000506,data/raw/tiny-genimage/images/Real/n01614925_1902.JPEG,0,Real,0,Tiny-GenImage,train,n01614925_1902.JPEG,data/train-00000-of-00014.parquet,194834
pilot_000507,data/raw/tiny-genimage/images/BigGAN/020_biggan_00043.png,1,BigGAN,2,Tiny-GenImage,train,020_biggan_00043.png,data/train-00000-of-00014.parquet,32995
pilot_000508,data/raw/tiny-genimage/images/Real/n01601694_6626.JPEG,0,Real,0,Tiny-GenImage,train,n01601694_6626.JPEG,data/train-00000-of-00014.parquet,155749
pilot_000509,data/raw/tiny-genimage/images/GLIDE/GLIDE_1000_200_00_027_glide_00109.png,1,GLIDE,3,Tiny-GenImage,train,GLIDE_1000_200_00_027_glide_00109.png,data/train-00000-of-00014.parquet,63230
pilot_000510,data/raw/tiny-genimage/images/Real/n01560419_8465.JPEG,0,Real,0,Tiny-GenImage,train,n01560419_8465.JPEG,data/train-00000-of-00014.parquet,155144
pilot_000511,data/raw/tiny-genimage/images/Midjourney/118_midjourney_21.png,1,Midjourney,4,Tiny-GenImage,train,118_midjourney_21.png,data/train-00000-of-00014.parquet,1413108
pilot_000512,data/raw/tiny-genimage/images/Real/n01582220_34755.JPEG,0,Real,0,Tiny-GenImage,train,n01582220_34755.JPEG,data/train-00000-of-00014.parquet,167078
pilot_000513,data/raw/tiny-genimage/images/SD15/019_sdv5_00086.png,1,SD15,6,Tiny-GenImage,train,019_sdv5_00086.png,data/train-00000-of-00014.parquet,364719
pilot_000514,data/raw/tiny-genimage/images/Real/n01532829_23950.JPEG,0,Real,0,Tiny-GenImage,train,n01532829_23950.JPEG,data/train-00000-of-00014.parquet,109324
pilot_000515,data/raw/tiny-genimage/images/VQDM/VQDM_1000_200_00_021_vqdm_00107.png,1,VQDM,7,Tiny-GenImage,train,VQDM_1000_200_00_021_vqdm_00107.png,data/train-00000-of-00014.parquet,115764
pilot_000516,data/raw/tiny-genimage/images/Real/n01622779_4028.JPEG,0,Real,0,Tiny-GenImage,train,n01622779_4028.JPEG,data/train-00000-of-00014.parquet,127432
pilot_000517,data/raw/tiny-genimage/images/Wukong/119_wukong_image1.png,1,Wukong,8,Tiny-GenImage,train,119_wukong_image1.png,data/train-00000-of-00014.parquet,501641
pilot_000518,data/raw/tiny-genimage/images/Real/n01580077_9805.JPEG,0,Real,0,Tiny-GenImage,train,n01580077_9805.JPEG,data/train-00000-of-00014.parquet,207592
pilot_000519,data/raw/tiny-genimage/images/ADM/114_adm_157.PNG,1,ADM,1,Tiny-GenImage,train,114_adm_157.PNG,data/train-00000-of-00014.parquet,131327
pilot_000520,data/raw/tiny-genimage/images/Real/n01614925_48142.JPEG,0,Real,0,Tiny-GenImage,train,n01614925_48142.JPEG,data/train-00000-of-00014.parquet,65186
pilot_000521,data/raw/tiny-genimage/images/BigGAN/020_biggan_00109.png,1,BigGAN,2,Tiny-GenImage,train,020_biggan_00109.png,data/train-00000-of-00014.parquet,30565
pilot_000522,data/raw/tiny-genimage/images/Real/n01608432_17038.JPEG,0,Real,0,Tiny-GenImage,train,n01608432_17038.JPEG,data/train-00000-of-00014.parquet,96996
pilot_000523,data/raw/tiny-genimage/images/GLIDE/GLIDE_1000_200_00_028_glide_00091.png,1,GLIDE,3,Tiny-GenImage,train,GLIDE_1000_200_00_028_glide_00091.png,data/train-00000-of-00014.parquet,92756
pilot_000524,data/raw/tiny-genimage/images/Real/n01560419_9026.JPEG,0,Real,0,Tiny-GenImage,train,n01560419_9026.JPEG,data/train-00000-of-00014.parquet,125015
pilot_000525,data/raw/tiny-genimage/images/Midjourney/118_midjourney_86.png,1,Midjourney,4,Tiny-GenImage,train,118_midjourney_86.png,data/train-00000-of-00014.parquet,749520
pilot_000526,data/raw/tiny-genimage/images/Real/n01592084_16241.JPEG,0,Real,0,Tiny-GenImage,train,n01592084_16241.JPEG,data/train-00000-of-00014.parquet,125732
pilot_000527,data/raw/tiny-genimage/images/SD15/019_sdv5_00140.png,1,SD15,6,Tiny-GenImage,train,019_sdv5_00140.png,data/train-00000-of-00014.parquet,347662
pilot_000528,data/raw/tiny-genimage/images/Real/n01532829_24649.JPEG,0,Real,0,Tiny-GenImage,train,n01532829_24649.JPEG,data/train-00000-of-00014.parquet,173370
pilot_000529,data/raw/tiny-genimage/images/VQDM/VQDM_1000_200_00_021_vqdm_00108.png,1,VQDM,7,Tiny-GenImage,train,VQDM_1000_200_00_021_vqdm_00108.png,data/train-00000-of-00014.parquet,106234
pilot_000530,data/raw/tiny-genimage/images/Real/n01629819_14711.JPEG,0,Real,0,Tiny-GenImage,train,n01629819_14711.JPEG,data/train-00000-of-00014.parquet,164653
pilot_000531,data/raw/tiny-genimage/images/Wukong/119_wukong_image133.png,1,Wukong,8,Tiny-GenImage,train,119_wukong_image133.png,data/train-00000-of-00014.parquet,578537
pilot_000532,data/raw/tiny-genimage/images/Real/n01582220_10203.JPEG,0,Real,0,Tiny-GenImage,train,n01582220_10203.JPEG,data/train-00000-of-00014.parquet,273904
pilot_000533,data/raw/tiny-genimage/images/ADM/114_adm_42.PNG,1,ADM,1,Tiny-GenImage,train,114_adm_42.PNG,data/train-00000-of-00014.parquet,139737
pilot_000534,data/raw/tiny-genimage/images/Real/n01616318_4909.JPEG,0,Real,0,Tiny-GenImage,train,n01616318_4909.JPEG,data/train-00000-of-00014.parquet,139337
pilot_000535,data/raw/tiny-genimage/images/BigGAN/020_biggan_00139.png,1,BigGAN,2,Tiny-GenImage,train,020_biggan_00139.png,data/train-00000-of-00014.parquet,28395
pilot_000536,data/raw/tiny-genimage/images/Real/n01608432_21372.JPEG,0,Real,0,Tiny-GenImage,train,n01608432_21372.JPEG,data/train-00000-of-00014.parquet,80123
pilot_000537,data/raw/tiny-genimage/images/GLIDE/GLIDE_1000_200_00_028_glide_00109.png,1,GLIDE,3,Tiny-GenImage,train,GLIDE_1000_200_00_028_glide_00109.png,data/train-00000-of-00014.parquet,114565
pilot_000538,data/raw/tiny-genimage/images/Real/n01580077_12730.JPEG,0,Real,0,Tiny-GenImage,train,n01580077_12730.JPEG,data/train-00000-of-00014.parquet,116383
pilot_000539,data/raw/tiny-genimage/images/Midjourney/119_midjourney_166.png,1,Midjourney,4,Tiny-GenImage,train,119_midjourney_166.png,data/train-00000-of-00014.parquet,1969451
pilot_000540,data/raw/tiny-genimage/images/Real/n01592084_9060.JPEG,0,Real,0,Tiny-GenImage,train,n01592084_9060.JPEG,data/train-00000-of-00014.parquet,102239
pilot_000541,data/raw/tiny-genimage/images/SD15/019_sdv5_00143.png,1,SD15,6,Tiny-GenImage,train,019_sdv5_00143.png,data/train-00000-of-00014.parquet,317134
pilot_000542,data/raw/tiny-genimage/images/Real/n01534433_13763.JPEG,0,Real,0,Tiny-GenImage,train,n01534433_13763.JPEG,data/train-00000-of-00014.parquet,136899
pilot_000543,data/raw/tiny-genimage/images/VQDM/VQDM_1000_200_00_021_vqdm_00110.png,1,VQDM,7,Tiny-GenImage,train,VQDM_1000_200_00_021_vqdm_00110.png,data/train-00000-of-00014.parquet,121078
pilot_000544,data/raw/tiny-genimage/images/Real/n01629819_16838.JPEG,0,Real,0,Tiny-GenImage,train,n01629819_16838.JPEG,data/train-00000-of-00014.parquet,130465
pilot_000545,data/raw/tiny-genimage/images/Wukong/119_wukong_image165.png,1,Wukong,8,Tiny-GenImage,train,119_wukong_image165.png,data/train-00000-of-00014.parquet,569341
pilot_000546,data/raw/tiny-genimage/images/Real/n01582220_4078.JPEG,0,Real,0,Tiny-GenImage,train,n01582220_4078.JPEG,data/train-00000-of-00014.parquet,175238
pilot_000547,data/raw/tiny-genimage/images/ADM/115_adm_186.PNG,1,ADM,1,Tiny-GenImage,train,115_adm_186.PNG,data/train-00000-of-00014.parquet,148343
pilot_000548,data/raw/tiny-genimage/images/Real/n01616318_603.JPEG,0,Real,0,Tiny-GenImage,train,n01616318_603.JPEG,data/train-00000-of-00014.parquet,61854
pilot_000549,data/raw/tiny-genimage/images/BigGAN/021_biggan_00006.png,1,BigGAN,2,Tiny-GenImage,train,021_biggan_00006.png,data/train-00000-of-00014.parquet,16457
pilot_000550,data/raw/tiny-genimage/images/Real/n01608432_21650.JPEG,0,Real,0,Tiny-GenImage,train,n01608432_21650.JPEG,data/train-00000-of-00014.parquet,74692
pilot_000551,data/raw/tiny-genimage/images/GLIDE/GLIDE_1000_200_00_028_glide_00149.png,1,GLIDE,3,Tiny-GenImage,train,GLIDE_1000_200_00_028_glide_00149.png,data/train-00000-of-00014.parquet,108033
pilot_000552,data/raw/tiny-genimage/images/Real/n01580077_3517.JPEG,0,Real,0,Tiny-GenImage,train,n01580077_3517.JPEG,data/train-00000-of-00014.parquet,117612
pilot_000553,data/raw/tiny-genimage/images/Midjourney/119_midjourney_43.png,1,Midjourney,4,Tiny-GenImage,train,119_midjourney_43.png,data/train-00000-of-00014.parquet,1378911
pilot_000554,data/raw/tiny-genimage/images/Real/n01608432_15209.JPEG,0,Real,0,Tiny-GenImage,train,n01608432_15209.JPEG,data/train-00000-of-00014.parquet,2730
pilot_000555,data/raw/tiny-genimage/images/SD15/020_sdv5_00051.png,1,SD15,6,Tiny-GenImage,train,020_sdv5_00051.png,data/train-00000-of-00014.parquet,428733
pilot_000556,data/raw/tiny-genimage/images/Real/n01534433_3955.JPEG,0,Real,0,Tiny-GenImage,train,n01534433_3955.JPEG,data/train-00000-of-00014.parquet,96334
pilot_000557,data/raw/tiny-genimage/images/VQDM/VQDM_1000_200_00_023_vqdm_00082.png,1,VQDM,7,Tiny-GenImage,train,VQDM_1000_200_00_023_vqdm_00082.png,data/train-00000-of-00014.parquet,111358
pilot_000558,data/raw/tiny-genimage/images/Real/n01630670_4158.JPEG,0,Real,0,Tiny-GenImage,train,n01630670_4158.JPEG,data/train-00000-of-00014.parquet,17476
pilot_000559,data/raw/tiny-genimage/images/Wukong/119_wukong_image23.png,1,Wukong,8,Tiny-GenImage,train,119_wukong_image23.png,data/train-00000-of-00014.parquet,581646
pilot_000560,data/raw/tiny-genimage/images/Real/n01582220_4875.JPEG,0,Real,0,Tiny-GenImage,train,n01582220_4875.JPEG,data/train-00000-of-00014.parquet,31469
pilot_000561,data/raw/tiny-genimage/images/ADM/116_adm_120.PNG,1,ADM,1,Tiny-GenImage,train,116_adm_120.PNG,data/train-00000-of-00014.parquet,168941
pilot_000562,data/raw/tiny-genimage/images/Real/n01622779_1427.JPEG,0,Real,0,Tiny-GenImage,train,n01622779_1427.JPEG,data/train-00000-of-00014.parquet,154781
pilot_000563,data/raw/tiny-genimage/images/BigGAN/022_biggan_00036.png,1,BigGAN,2,Tiny-GenImage,train,022_biggan_00036.png,data/train-00000-of-00014.parquet,18265
pilot_000564,data/raw/tiny-genimage/images/Real/n01608432_3907.JPEG,0,Real,0,Tiny-GenImage,train,n01608432_3907.JPEG,data/train-00000-of-00014.parquet,76936
pilot_000565,data/raw/tiny-genimage/images/GLIDE/GLIDE_1000_200_00_029_glide_00005.png,1,GLIDE,3,Tiny-GenImage,train,GLIDE_1000_200_00_029_glide_00005.png,data/train-00000-of-00014.parquet,64642
pilot_000566,data/raw/tiny-genimage/images/Real/n01580077_6449.JPEG,0,Real,0,Tiny-GenImage,train,n01580077_6449.JPEG,data/train-00000-of-00014.parquet,74851
pilot_000567,data/raw/tiny-genimage/images/Midjourney/119_midjourney_5.png,1,Midjourney,4,Tiny-GenImage,train,119_midjourney_5.png,data/train-00000-of-00014.parquet,1482665
pilot_000568,data/raw/tiny-genimage/images/Real/n01608432_42863.JPEG,0,Real,0,Tiny-GenImage,train,n01608432_42863.JPEG,data/train-00000-of-00014.parquet,44791
pilot_000569,data/raw/tiny-genimage/images/SD15/020_sdv5_00132.png,1,SD15,6,Tiny-GenImage,train,020_sdv5_00132.png,data/train-00000-of-00014.parquet,385637
pilot_000570,data/raw/tiny-genimage/images/Real/n01534433_6927.JPEG,0,Real,0,Tiny-GenImage,train,n01534433_6927.JPEG,data/train-00000-of-00014.parquet,97602
pilot_000571,data/raw/tiny-genimage/images/VQDM/VQDM_1000_200_00_023_vqdm_00105.png,1,VQDM,7,Tiny-GenImage,train,VQDM_1000_200_00_023_vqdm_00105.png,data/train-00000-of-00014.parquet,123702
pilot_000572,data/raw/tiny-genimage/images/Real/n01630670_6093.JPEG,0,Real,0,Tiny-GenImage,train,n01630670_6093.JPEG,data/train-00000-of-00014.parquet,127808
pilot_000573,data/raw/tiny-genimage/images/Wukong/119_wukong_image87.png,1,Wukong,8,Tiny-GenImage,train,119_wukong_image87.png,data/train-00000-of-00014.parquet,484916
pilot_000574,data/raw/tiny-genimage/images/Real/n01592084_4733.JPEG,0,Real,0,Tiny-GenImage,train,n01592084_4733.JPEG,data/train-00000-of-00014.parquet,131692
pilot_000575,data/raw/tiny-genimage/images/ADM/116_adm_59.PNG,1,ADM,1,Tiny-GenImage,train,116_adm_59.PNG,data/train-00000-of-00014.parquet,180670
pilot_000576,data/raw/tiny-genimage/images/Real/n01622779_5489.JPEG,0,Real,0,Tiny-GenImage,train,n01622779_5489.JPEG,data/train-00000-of-00014.parquet,162887
pilot_000577,data/raw/tiny-genimage/images/BigGAN/022_biggan_00048.png,1,BigGAN,2,Tiny-GenImage,train,022_biggan_00048.png,data/train-00000-of-00014.parquet,17902
pilot_000578,data/raw/tiny-genimage/images/Real/n01608432_8207.JPEG,0,Real,0,Tiny-GenImage,train,n01608432_8207.JPEG,data/train-00000-of-00014.parquet,31557
pilot_000579,data/raw/tiny-genimage/images/GLIDE/GLIDE_1000_200_00_029_glide_00110.png,1,GLIDE,3,Tiny-GenImage,train,GLIDE_1000_200_00_029_glide_00110.png,data/train-00000-of-00014.parquet,52051
pilot_000580,data/raw/tiny-genimage/images/Real/n01582220_716.JPEG,0,Real,0,Tiny-GenImage,train,n01582220_716.JPEG,data/train-00000-of-00014.parquet,107729
pilot_000581,data/raw/tiny-genimage/images/Midjourney/119_midjourney_71.png,1,Midjourney,4,Tiny-GenImage,train,119_midjourney_71.png,data/train-00000-of-00014.parquet,1530412
pilot_000582,data/raw/tiny-genimage/images/Real/n01608432_8329.JPEG,0,Real,0,Tiny-GenImage,train,n01608432_8329.JPEG,data/train-00000-of-00014.parquet,104109
pilot_000583,data/raw/tiny-genimage/images/SD15/020_sdv5_00165.png,1,SD15,6,Tiny-GenImage,train,020_sdv5_00165.png,data/train-00000-of-00014.parquet,425723
pilot_000584,data/raw/tiny-genimage/images/Real/n01558993_14609.JPEG,0,Real,0,Tiny-GenImage,train,n01558993_14609.JPEG,data/train-00000-of-00014.parquet,119402
pilot_000585,data/raw/tiny-genimage/images/VQDM/VQDM_1000_200_00_023_vqdm_00175.png,1,VQDM,7,Tiny-GenImage,train,VQDM_1000_200_00_023_vqdm_00175.png,data/train-00000-of-00014.parquet,153268
pilot_000586,data/raw/tiny-genimage/images/Real/n01631663_7756.JPEG,0,Real,0,Tiny-GenImage,train,n01631663_7756.JPEG,data/train-00000-of-00014.parquet,271300
pilot_000587,data/raw/tiny-genimage/images/Wukong/11_wukong_image67.png,1,Wukong,8,Tiny-GenImage,train,11_wukong_image67.png,data/train-00000-of-00014.parquet,413700
pilot_000588,data/raw/tiny-genimage/images/Real/n01601694_923.JPEG,0,Real,0,Tiny-GenImage,train,n01601694_923.JPEG,data/train-00000-of-00014.parquet,153018
pilot_000589,data/raw/tiny-genimage/images/ADM/116_adm_76.PNG,1,ADM,1,Tiny-GenImage,train,116_adm_76.PNG,data/train-00000-of-00014.parquet,127812
pilot_000590,data/raw/tiny-genimage/images/Real/n01622779_7420.JPEG,0,Real,0,Tiny-GenImage,train,n01622779_7420.JPEG,data/train-00000-of-00014.parquet,200750
pilot_000591,data/raw/tiny-genimage/images/BigGAN/022_biggan_00169.png,1,BigGAN,2,Tiny-GenImage,train,022_biggan_00169.png,data/train-00000-of-00014.parquet,17490
pilot_000592,data/raw/tiny-genimage/images/Real/n01614925_10845.JPEG,0,Real,0,Tiny-GenImage,train,n01614925_10845.JPEG,data/train-00000-of-00014.parquet,68436
pilot_000593,data/raw/tiny-genimage/images/GLIDE/GLIDE_1000_200_00_030_glide_00096.png,1,GLIDE,3,Tiny-GenImage,train,GLIDE_1000_200_00_030_glide_00096.png,data/train-00000-of-00014.parquet,104737
pilot_000594,data/raw/tiny-genimage/images/Real/n01592084_4265.JPEG,0,Real,0,Tiny-GenImage,train,n01592084_4265.JPEG,data/train-00000-of-00014.parquet,183350
pilot_000595,data/raw/tiny-genimage/images/Midjourney/11_midjourney_174.png,1,Midjourney,4,Tiny-GenImage,train,11_midjourney_174.png,data/train-00000-of-00014.parquet,702416
pilot_000596,data/raw/tiny-genimage/images/Real/n01614925_15508.JPEG,0,Real,0,Tiny-GenImage,train,n01614925_15508.JPEG,data/train-00000-of-00014.parquet,126272
pilot_000597,data/raw/tiny-genimage/images/SD15/021_sdv5_00053.png,1,SD15,6,Tiny-GenImage,train,021_sdv5_00053.png,data/train-00000-of-00014.parquet,260626
pilot_000598,data/raw/tiny-genimage/images/Real/n01558993_3566.JPEG,0,Real,0,Tiny-GenImage,train,n01558993_3566.JPEG,data/train-00000-of-00014.parquet,134877
pilot_000599,data/raw/tiny-genimage/images/VQDM/VQDM_1000_200_00_024_vqdm_00105.png,1,VQDM,7,Tiny-GenImage,train,VQDM_1000_200_00_024_vqdm_00105.png,data/train-00000-of-00014.parquet,128864
pilot_000600,data/raw/tiny-genimage/images/Real/n01632777_14436.JPEG,0,Real,0,Tiny-GenImage,train,n01632777_14436.JPEG,data/train-00000-of-00014.parquet,11444
pilot_000601,data/raw/tiny-genimage/images/Wukong/11_wukong_image92.png,1,Wukong,8,Tiny-GenImage,train,11_wukong_image92.png,data/train-00000-of-00014.parquet,414993
pilot_000602,data/raw/tiny-genimage/images/Real/n01614925_5794.JPEG,0,Real,0,Tiny-GenImage,train,n01614925_5794.JPEG,data/train-00000-of-00014.parquet,109090
pilot_000603,data/raw/tiny-genimage/images/ADM/118_adm_137.PNG,1,ADM,1,Tiny-GenImage,train,118_adm_137.PNG,data/train-00000-of-00014.parquet,146542
pilot_000604,data/raw/tiny-genimage/images/Real/n01629819_20693.JPEG,0,Real,0,Tiny-GenImage,train,n01629819_20693.JPEG,data/train-00000-of-00014.parquet,178584
pilot_000605,data/raw/tiny-genimage/images/BigGAN/023_biggan_00031.png,1,BigGAN,2,Tiny-GenImage,train,023_biggan_00031.png,data/train-00000-of-00014.parquet,32267
pilot_000606,data/raw/tiny-genimage/images/Real/n01616318_1743.JPEG,0,Real,0,Tiny-GenImage,train,n01616318_1743.JPEG,data/train-00000-of-00014.parquet,116007
pilot_000607,data/raw/tiny-genimage/images/GLIDE/GLIDE_1000_200_00_031_glide_00095.png,1,GLIDE,3,Tiny-GenImage,train,GLIDE_1000_200_00_031_glide_00095.png,data/train-00000-of-00014.parquet,62138
pilot_000608,data/raw/tiny-genimage/images/Real/n01601694_11099.JPEG,0,Real,0,Tiny-GenImage,train,n01601694_11099.JPEG,data/train-00000-of-00014.parquet,141599
pilot_000609,data/raw/tiny-genimage/images/Midjourney/11_midjourney_95.png,1,Midjourney,4,Tiny-GenImage,train,11_midjourney_95.png,data/train-00000-of-00014.parquet,1052512
pilot_000610,data/raw/tiny-genimage/images/Real/n01614925_1620.JPEG,0,Real,0,Tiny-GenImage,train,n01614925_1620.JPEG,data/train-00000-of-00014.parquet,107864
pilot_000611,data/raw/tiny-genimage/images/SD15/021_sdv5_00196.png,1,SD15,6,Tiny-GenImage,train,021_sdv5_00196.png,data/train-00000-of-00014.parquet,337717
pilot_000612,data/raw/tiny-genimage/images/Real/n01558993_6447.JPEG,0,Real,0,Tiny-GenImage,train,n01558993_6447.JPEG,data/train-00000-of-00014.parquet,166776
pilot_000613,data/raw/tiny-genimage/images/VQDM/VQDM_1000_200_00_025_vqdm_00188.png,1,VQDM,7,Tiny-GenImage,train,VQDM_1000_200_00_025_vqdm_00188.png,data/train-00000-of-00014.parquet,141256
pilot_000614,data/raw/tiny-genimage/images/Real/n01632777_14542.JPEG,0,Real,0,Tiny-GenImage,train,n01632777_14542.JPEG,data/train-00000-of-00014.parquet,170800
pilot_000615,data/raw/tiny-genimage/images/Wukong/120_wukong_image138.png,1,Wukong,8,Tiny-GenImage,train,120_wukong_image138.png,data/train-00000-of-00014.parquet,390242
pilot_000616,data/raw/tiny-genimage/images/Real/n01616318_6633.JPEG,0,Real,0,Tiny-GenImage,train,n01616318_6633.JPEG,data/train-00000-of-00014.parquet,165322
pilot_000617,data/raw/tiny-genimage/images/ADM/118_adm_15.PNG,1,ADM,1,Tiny-GenImage,train,118_adm_15.PNG,data/train-00000-of-00014.parquet,148951
pilot_000618,data/raw/tiny-genimage/images/Real/n01629819_2421.JPEG,0,Real,0,Tiny-GenImage,train,n01629819_2421.JPEG,data/train-00000-of-00014.parquet,78618
pilot_000619,data/raw/tiny-genimage/images/BigGAN/023_biggan_00044.png,1,BigGAN,2,Tiny-GenImage,train,023_biggan_00044.png,data/train-00000-of-00014.parquet,30679
pilot_000620,data/raw/tiny-genimage/images/Real/n01629819_9335.JPEG,0,Real,0,Tiny-GenImage,train,n01629819_9335.JPEG,data/train-00000-of-00014.parquet,240635
pilot_000621,data/raw/tiny-genimage/images/GLIDE/GLIDE_1000_200_00_031_glide_00148.png,1,GLIDE,3,Tiny-GenImage,train,GLIDE_1000_200_00_031_glide_00148.png,data/train-00000-of-00014.parquet,83900
pilot_000622,data/raw/tiny-genimage/images/Real/n01601694_3230.JPEG,0,Real,0,Tiny-GenImage,train,n01601694_3230.JPEG,data/train-00000-of-00014.parquet,99675
pilot_000623,data/raw/tiny-genimage/images/Midjourney/120_midjourney_142.png,1,Midjourney,4,Tiny-GenImage,train,120_midjourney_142.png,data/train-00000-of-00014.parquet,1294022
pilot_000624,data/raw/tiny-genimage/images/Real/n01614925_5630.JPEG,0,Real,0,Tiny-GenImage,train,n01614925_5630.JPEG,data/train-00000-of-00014.parquet,38745
pilot_000625,data/raw/tiny-genimage/images/SD15/022_sdv5_00043.png,1,SD15,6,Tiny-GenImage,train,022_sdv5_00043.png,data/train-00000-of-00014.parquet,594901
pilot_000626,data/raw/tiny-genimage/images/Real/n01560419_2160.JPEG,0,Real,0,Tiny-GenImage,train,n01560419_2160.JPEG,data/train-00000-of-00014.parquet,83565
pilot_000627,data/raw/tiny-genimage/images/VQDM/VQDM_1000_200_00_026_vqdm_00054.png,1,VQDM,7,Tiny-GenImage,train,VQDM_1000_200_00_026_vqdm_00054.png,data/train-00000-of-00014.parquet,85921
pilot_000628,data/raw/tiny-genimage/images/Real/n01632777_7123.JPEG,0,Real,0,Tiny-GenImage,train,n01632777_7123.JPEG,data/train-00000-of-00014.parquet,38295
pilot_000629,data/raw/tiny-genimage/images/Wukong/120_wukong_image150.png,1,Wukong,8,Tiny-GenImage,train,120_wukong_image150.png,data/train-00000-of-00014.parquet,451699
pilot_000630,data/raw/tiny-genimage/images/Real/n01622779_16253.JPEG,0,Real,0,Tiny-GenImage,train,n01622779_16253.JPEG,data/train-00000-of-00014.parquet,115060
pilot_000631,data/raw/tiny-genimage/images/ADM/118_adm_159.PNG,1,ADM,1,Tiny-GenImage,train,118_adm_159.PNG,data/train-00000-of-00014.parquet,168461
pilot_000632,data/raw/tiny-genimage/images/Real/n01630670_5417.JPEG,0,Real,0,Tiny-GenImage,train,n01630670_5417.JPEG,data/train-00000-of-00014.parquet,198429
pilot_000633,data/raw/tiny-genimage/images/BigGAN/023_biggan_00139.png,1,BigGAN,2,Tiny-GenImage,train,023_biggan_00139.png,data/train-00000-of-00014.parquet,22949
pilot_000634,data/raw/tiny-genimage/images/Real/n01630670_1507.JPEG,0,Real,0,Tiny-GenImage,train,n01630670_1507.JPEG,data/train-00000-of-00014.parquet,18889
pilot_000635,data/raw/tiny-genimage/images/GLIDE/GLIDE_1000_200_00_032_glide_00111.png,1,GLIDE,3,Tiny-GenImage,train,GLIDE_1000_200_00_032_glide_00111.png,data/train-00000-of-00014.parquet,105962
pilot_000636,data/raw/tiny-genimage/images/Real/n01601694_8187.JPEG,0,Real,0,Tiny-GenImage,train,n01601694_8187.JPEG,data/train-00000-of-00014.parquet,53934
pilot_000637,data/raw/tiny-genimage/images/Midjourney/120_midjourney_67.png,1,Midjourney,4,Tiny-GenImage,train,120_midjourney_67.png,data/train-00000-of-00014.parquet,1200246
pilot_000638,data/raw/tiny-genimage/images/Real/n01616318_2761.JPEG,0,Real,0,Tiny-GenImage,train,n01616318_2761.JPEG,data/train-00000-of-00014.parquet,156547
pilot_000639,data/raw/tiny-genimage/images/SD15/022_sdv5_00062.png,1,SD15,6,Tiny-GenImage,train,022_sdv5_00062.png,data/train-00000-of-00014.parquet,380487
pilot_000640,data/raw/tiny-genimage/images/Real/n01560419_4809.JPEG,0,Real,0,Tiny-GenImage,train,n01560419_4809.JPEG,data/train-00000-of-00014.parquet,118037
pilot_000641,data/raw/tiny-genimage/images/VQDM/VQDM_1000_200_00_027_vqdm_00048.png,1,VQDM,7,Tiny-GenImage,train,VQDM_1000_200_00_027_vqdm_00048.png,data/train-00000-of-00014.parquet,133151
pilot_000642,data/raw/tiny-genimage/images/Real/n01641577_6686.JPEG,0,Real,0,Tiny-GenImage,train,n01641577_6686.JPEG,data/train-00000-of-00014.parquet,86843
pilot_000643,data/raw/tiny-genimage/images/Wukong/120_wukong_image71.png,1,Wukong,8,Tiny-GenImage,train,120_wukong_image71.png,data/train-00000-of-00014.parquet,491209
pilot_000644,data/raw/tiny-genimage/images/Real/n01622779_1712.JPEG,0,Real,0,Tiny-GenImage,train,n01622779_1712.JPEG,data/train-00000-of-00014.parquet,113333
pilot_000645,data/raw/tiny-genimage/images/ADM/118_adm_55.PNG,1,ADM,1,Tiny-GenImage,train,118_adm_55.PNG,data/train-00000-of-00014.parquet,115901
pilot_000646,data/raw/tiny-genimage/images/Real/n01632458_11589.JPEG,0,Real,0,Tiny-GenImage,train,n01632458_11589.JPEG,data/train-00000-of-00014.parquet,109255
pilot_000647,data/raw/tiny-genimage/images/BigGAN/024_biggan_00179.png,1,BigGAN,2,Tiny-GenImage,train,024_biggan_00179.png,data/train-00000-of-00014.parquet,30780
pilot_000648,data/raw/tiny-genimage/images/Real/n01630670_6420.JPEG,0,Real,0,Tiny-GenImage,train,n01630670_6420.JPEG,data/train-00000-of-00014.parquet,29914
pilot_000649,data/raw/tiny-genimage/images/GLIDE/GLIDE_1000_200_00_032_glide_00184.png,1,GLIDE,3,Tiny-GenImage,train,GLIDE_1000_200_00_032_glide_00184.png,data/train-00000-of-00014.parquet,86438
pilot_000650,data/raw/tiny-genimage/images/Real/n01601694_8693.JPEG,0,Real,0,Tiny-GenImage,train,n01601694_8693.JPEG,data/train-00000-of-00014.parquet,97941
pilot_000651,data/raw/tiny-genimage/images/Midjourney/121_midjourney_16.png,1,Midjourney,4,Tiny-GenImage,train,121_midjourney_16.png,data/train-00000-of-00014.parquet,1503228
pilot_000652,data/raw/tiny-genimage/images/Real/n01616318_3492.JPEG,0,Real,0,Tiny-GenImage,train,n01616318_3492.JPEG,data/train-00000-of-00014.parquet,119227
pilot_000653,data/raw/tiny-genimage/images/SD15/023_sdv5_00086.png,1,SD15,6,Tiny-GenImage,train,023_sdv5_00086.png,data/train-00000-of-00014.parquet,437645
pilot_000654,data/raw/tiny-genimage/images/Real/n01580077_15075.JPEG,0,Real,0,Tiny-GenImage,train,n01580077_15075.JPEG,data/train-00000-of-00014.parquet,95709
pilot_000655,data/raw/tiny-genimage/images/VQDM/VQDM_1000_200_00_027_vqdm_00076.png,1,VQDM,7,Tiny-GenImage,train,VQDM_1000_200_00_027_vqdm_00076.png,data/train-00000-of-00014.parquet,111169
pilot_000656,data/raw/tiny-genimage/images/Real/n01644373_10937.JPEG,0,Real,0,Tiny-GenImage,train,n01644373_10937.JPEG,data/train-00000-of-00014.parquet,332938
pilot_000657,data/raw/tiny-genimage/images/Wukong/122_wukong_image31.png,1,Wukong,8,Tiny-GenImage,train,122_wukong_image31.png,data/train-00000-of-00014.parquet,467531
pilot_000658,data/raw/tiny-genimage/images/Real/n01622779_7400.JPEG,0,Real,0,Tiny-GenImage,train,n01622779_7400.JPEG,data/train-00000-of-00014.parquet,127319
pilot_000659,data/raw/tiny-genimage/images/ADM/119_adm_14.PNG,1,ADM,1,Tiny-GenImage,train,119_adm_14.PNG,data/train-00000-of-00014.parquet,186489
pilot_000660,data/raw/tiny-genimage/images/Real/n01632458_1470.JPEG,0,Real,0,Tiny-GenImage,train,n01632458_1470.JPEG,data/train-00000-of-00014.parquet,223758
pilot_000661,data/raw/tiny-genimage/images/BigGAN/025_biggan_00051.png,1,BigGAN,2,Tiny-GenImage,train,025_biggan_00051.png,data/train-00000-of-00014.parquet,31871
pilot_000662,data/raw/tiny-genimage/images/Real/n01631663_1866.JPEG,0,Real,0,Tiny-GenImage,train,n01631663_1866.JPEG,data/train-00000-of-00014.parquet,58923
pilot_000663,data/raw/tiny-genimage/images/GLIDE/GLIDE_1000_200_00_033_glide_00063.png,1,GLIDE,3,Tiny-GenImage,train,GLIDE_1000_200_00_033_glide_00063.png,data/train-00000-of-00014.parquet,86750
pilot_000664,data/raw/tiny-genimage/images/Real/n01614925_20269.JPEG,0,Real,0,Tiny-GenImage,train,n01614925_20269.JPEG,data/train-00000-of-00014.parquet,102081
pilot_000665,data/raw/tiny-genimage/images/Midjourney/121_midjourney_48.png,1,Midjourney,4,Tiny-GenImage,train,121_midjourney_48.png,data/train-00000-of-00014.parquet,304726
pilot_000666,data/raw/tiny-genimage/images/Real/n01616318_56.JPEG,0,Real,0,Tiny-GenImage,train,n01616318_56.JPEG,data/train-00000-of-00014.parquet,64567
pilot_000667,data/raw/tiny-genimage/images/SD15/023_sdv5_00179.png,1,SD15,6,Tiny-GenImage,train,023_sdv5_00179.png,data/train-00000-of-00014.parquet,469135
pilot_000668,data/raw/tiny-genimage/images/Real/n01580077_3485.JPEG,0,Real,0,Tiny-GenImage,train,n01580077_3485.JPEG,data/train-00000-of-00014.parquet,160541
pilot_000669,data/raw/tiny-genimage/images/VQDM/VQDM_1000_200_00_027_vqdm_00107.png,1,VQDM,7,Tiny-GenImage,train,VQDM_1000_200_00_027_vqdm_00107.png,data/train-00000-of-00014.parquet,170981
pilot_000670,data/raw/tiny-genimage/images/Real/n01644373_11524.JPEG,0,Real,0,Tiny-GenImage,train,n01644373_11524.JPEG,data/train-00000-of-00014.parquet,114129
pilot_000671,data/raw/tiny-genimage/images/Wukong/123_wukong_image76.png,1,Wukong,8,Tiny-GenImage,train,123_wukong_image76.png,data/train-00000-of-00014.parquet,494655
pilot_000672,data/raw/tiny-genimage/images/Real/n01630670_1039.JPEG,0,Real,0,Tiny-GenImage,train,n01630670_1039.JPEG,data/train-00000-of-00014.parquet,5482
pilot_000673,data/raw/tiny-genimage/images/ADM/119_adm_180.PNG,1,ADM,1,Tiny-GenImage,train,119_adm_180.PNG,data/train-00000-of-00014.parquet,176522
pilot_000674,data/raw/tiny-genimage/images/Real/n01632458_5742.JPEG,0,Real,0,Tiny-GenImage,train,n01632458_5742.JPEG,data/train-00000-of-00014.parquet,168095
pilot_000675,data/raw/tiny-genimage/images/BigGAN/025_biggan_00186.png,1,BigGAN,2,Tiny-GenImage,train,025_biggan_00186.png,data/train-00000-of-00014.parquet,36638
pilot_000676,data/raw/tiny-genimage/images/Real/n01632458_1384.JPEG,0,Real,0,Tiny-GenImage,train,n01632458_1384.JPEG,data/train-00000-of-00014.parquet,102745
pilot_000677,data/raw/tiny-genimage/images/GLIDE/GLIDE_1000_200_00_033_glide_00064.png,1,GLIDE,3,Tiny-GenImage,train,GLIDE_1000_200_00_033_glide_00064.png,data/train-00000-of-00014.parquet,72357
pilot_000678,data/raw/tiny-genimage/images/Real/n01614925_3556.JPEG,0,Real,0,Tiny-GenImage,train,n01614925_3556.JPEG,data/train-00000-of-00014.parquet,186271
pilot_000679,data/raw/tiny-genimage/images/Midjourney/121_midjourney_87.png,1,Midjourney,4,Tiny-GenImage,train,121_midjourney_87.png,data/train-00000-of-00014.parquet,420007
pilot_000680,data/raw/tiny-genimage/images/Real/n01622779_2338.JPEG,0,Real,0,Tiny-GenImage,train,n01622779_2338.JPEG,data/train-00000-of-00014.parquet,138483
pilot_000681,data/raw/tiny-genimage/images/SD15/024_sdv5_00124.png,1,SD15,6,Tiny-GenImage,train,024_sdv5_00124.png,data/train-00000-of-00014.parquet,478204
pilot_000682,data/raw/tiny-genimage/images/Real/n01580077_6208.JPEG,0,Real,0,Tiny-GenImage,train,n01580077_6208.JPEG,data/train-00000-of-00014.parquet,197573
pilot_000683,data/raw/tiny-genimage/images/VQDM/VQDM_1000_200_00_027_vqdm_00126.png,1,VQDM,7,Tiny-GenImage,train,VQDM_1000_200_00_027_vqdm_00126.png,data/train-00000-of-00014.parquet,150532
pilot_000684,data/raw/tiny-genimage/images/Real/n01644373_13466.JPEG,0,Real,0,Tiny-GenImage,train,n01644373_13466.JPEG,data/train-00000-of-00014.parquet,50352
pilot_000685,data/raw/tiny-genimage/images/Wukong/124_wukong_image51.png,1,Wukong,8,Tiny-GenImage,train,124_wukong_image51.png,data/train-00000-of-00014.parquet,481885
pilot_000686,data/raw/tiny-genimage/images/Real/n01630670_2632.JPEG,0,Real,0,Tiny-GenImage,train,n01630670_2632.JPEG,data/train-00000-of-00014.parquet,122442
pilot_000687,data/raw/tiny-genimage/images/ADM/119_adm_21.PNG,1,ADM,1,Tiny-GenImage,train,119_adm_21.PNG,data/train-00000-of-00014.parquet,122009
pilot_000688,data/raw/tiny-genimage/images/Real/n01632777_23600.JPEG,0,Real,0,Tiny-GenImage,train,n01632777_23600.JPEG,data/train-00000-of-00014.parquet,103155
pilot_000689,data/raw/tiny-genimage/images/BigGAN/026_biggan_00018.png,1,BigGAN,2,Tiny-GenImage,train,026_biggan_00018.png,data/train-00000-of-00014.parquet,39639
pilot_000690,data/raw/tiny-genimage/images/Real/n01632458_3384.JPEG,0,Real,0,Tiny-GenImage,train,n01632458_3384.JPEG,data/train-00000-of-00014.parquet,103373
pilot_000691,data/raw/tiny-genimage/images/GLIDE/GLIDE_1000_200_00_033_glide_00153.png,1,GLIDE,3,Tiny-GenImage,train,GLIDE_1000_200_00_033_glide_00153.png,data/train-00000-of-00014.parquet,63236
pilot_000692,data/raw/tiny-genimage/images/Real/n01614925_43728.JPEG,0,Real,0,Tiny-GenImage,train,n01614925_43728.JPEG,data/train-00000-of-00014.parquet,59002
pilot_000693,data/raw/tiny-genimage/images/Midjourney/121_midjourney_91.png,1,Midjourney,4,Tiny-GenImage,train,121_midjourney_91.png,data/train-00000-of-00014.parquet,1112861
pilot_000694,data/raw/tiny-genimage/images/Real/n01622779_5655.JPEG,0,Real,0,Tiny-GenImage,train,n01622779_5655.JPEG,data/train-00000-of-00014.parquet,143538
pilot_000695,data/raw/tiny-genimage/images/SD15/024_sdv5_00132.png,1,SD15,6,Tiny-GenImage,train,024_sdv5_00132.png,data/train-00000-of-00014.parquet,458336
pilot_000696,data/raw/tiny-genimage/images/Real/n01582220_154.JPEG,0,Real,0,Tiny-GenImage,train,n01582220_154.JPEG,data/train-00000-of-00014.parquet,253628
pilot_000697,data/raw/tiny-genimage/images/VQDM/VQDM_1000_200_00_028_vqdm_00043.png,1,VQDM,7,Tiny-GenImage,train,VQDM_1000_200_00_028_vqdm_00043.png,data/train-00000-of-00014.parquet,103895
pilot_000698,data/raw/tiny-genimage/images/Real/n01644373_6816.JPEG,0,Real,0,Tiny-GenImage,train,n01644373_6816.JPEG,data/train-00000-of-00014.parquet,106519
pilot_000699,data/raw/tiny-genimage/images/Wukong/125_wukong_image162.png,1,Wukong,8,Tiny-GenImage,train,125_wukong_image162.png,data/train-00000-of-00014.parquet,436177
pilot_000700,data/raw/tiny-genimage/images/Real/n01631663_1287.JPEG,0,Real,0,Tiny-GenImage,train,n01631663_1287.JPEG,data/train-00000-of-00014.parquet,193597
pilot_000701,data/raw/tiny-genimage/images/ADM/119_adm_5.PNG,1,ADM,1,Tiny-GenImage,train,119_adm_5.PNG,data/train-00000-of-00014.parquet,133807
pilot_000702,data/raw/tiny-genimage/images/Real/n01632777_3283.JPEG,0,Real,0,Tiny-GenImage,train,n01632777_3283.JPEG,data/train-00000-of-00014.parquet,64214
pilot_000703,data/raw/tiny-genimage/images/BigGAN/026_biggan_00070.png,1,BigGAN,2,Tiny-GenImage,train,026_biggan_00070.png,data/train-00000-of-00014.parquet,30242
pilot_000704,data/raw/tiny-genimage/images/Real/n01632777_903.JPEG,0,Real,0,Tiny-GenImage,train,n01632777_903.JPEG,data/train-00000-of-00014.parquet,122549
pilot_000705,data/raw/tiny-genimage/images/GLIDE/GLIDE_1000_200_00_034_glide_00072.png,1,GLIDE,3,Tiny-GenImage,train,GLIDE_1000_200_00_034_glide_00072.png,data/train-00000-of-00014.parquet,76873
pilot_000706,data/raw/tiny-genimage/images/Real/n01616318_1175.JPEG,0,Real,0,Tiny-GenImage,train,n01616318_1175.JPEG,data/train-00000-of-00014.parquet,157826
pilot_000707,data/raw/tiny-genimage/images/Midjourney/122_midjourney_126.png,1,Midjourney,4,Tiny-GenImage,train,122_midjourney_126.png,data/train-00000-of-00014.parquet,848289
pilot_000708,data/raw/tiny-genimage/images/Real/n01629819_12441.JPEG,0,Real,0,Tiny-GenImage,train,n01629819_12441.JPEG,data/train-00000-of-00014.parquet,118987
pilot_000709,data/raw/tiny-genimage/images/SD15/025_sdv5_00064.png,1,SD15,6,Tiny-GenImage,train,025_sdv5_00064.png,data/train-00000-of-00014.parquet,426075
pilot_000710,data/raw/tiny-genimage/images/Real/n01592084_6276.JPEG,0,Real,0,Tiny-GenImage,train,n01592084_6276.JPEG,data/train-00000-of-00014.parquet,247236
pilot_000711,data/raw/tiny-genimage/images/VQDM/VQDM_1000_200_00_028_vqdm_00058.png,1,VQDM,7,Tiny-GenImage,train,VQDM_1000_200_00_028_vqdm_00058.png,data/train-00000-of-00014.parquet,157062
pilot_000712,data/raw/tiny-genimage/images/Real/n01664065_1194.JPEG,0,Real,0,Tiny-GenImage,train,n01664065_1194.JPEG,data/train-00000-of-00014.parquet,56057
pilot_000713,data/raw/tiny-genimage/images/Wukong/125_wukong_image197.png,1,Wukong,8,Tiny-GenImage,train,125_wukong_image197.png,data/train-00000-of-00014.parquet,458547
pilot_000714,data/raw/tiny-genimage/images/Real/n01631663_3686.JPEG,0,Real,0,Tiny-GenImage,train,n01631663_3686.JPEG,data/train-00000-of-00014.parquet,219809
pilot_000715,data/raw/tiny-genimage/images/ADM/119_adm_9.PNG,1,ADM,1,Tiny-GenImage,train,119_adm_9.PNG,data/train-00000-of-00014.parquet,100594
pilot_000716,data/raw/tiny-genimage/images/Real/n01632777_4828.JPEG,0,Real,0,Tiny-GenImage,train,n01632777_4828.JPEG,data/train-00000-of-00014.parquet,111662
pilot_000717,data/raw/tiny-genimage/images/BigGAN/026_biggan_00175.png,1,BigGAN,2,Tiny-GenImage,train,026_biggan_00175.png,data/train-00000-of-00014.parquet,39001
pilot_000718,data/raw/tiny-genimage/images/Real/n01641577_16703.JPEG,0,Real,0,Tiny-GenImage,train,n01641577_16703.JPEG,data/train-00000-of-00014.parquet,137800
pilot_000719,data/raw/tiny-genimage/images/GLIDE/GLIDE_1000_200_00_034_glide_00171.png,1,GLIDE,3,Tiny-GenImage,train,GLIDE_1000_200_00_034_glide_00171.png,data/train-00000-of-00014.parquet,87434
pilot_000720,data/raw/tiny-genimage/images/Real/n01616318_13428.JPEG,0,Real,0,Tiny-GenImage,train,n01616318_13428.JPEG,data/train-00000-of-00014.parquet,205400
pilot_000721,data/raw/tiny-genimage/images/Midjourney/122_midjourney_40.png,1,Midjourney,4,Tiny-GenImage,train,122_midjourney_40.png,data/train-00000-of-00014.parquet,1273633
pilot_000722,data/raw/tiny-genimage/images/Real/n01629819_22550.JPEG,0,Real,0,Tiny-GenImage,train,n01629819_22550.JPEG,data/train-00000-of-00014.parquet,124012
pilot_000723,data/raw/tiny-genimage/images/SD15/025_sdv5_00075.png,1,SD15,6,Tiny-GenImage,train,025_sdv5_00075.png,data/train-00000-of-00014.parquet,456090
pilot_000724,data/raw/tiny-genimage/images/Real/n01592084_6697.JPEG,0,Real,0,Tiny-GenImage,train,n01592084_6697.JPEG,data/train-00000-of-00014.parquet,64516
pilot_000725,data/raw/tiny-genimage/images/VQDM/VQDM_1000_200_00_028_vqdm_00189.png,1,VQDM,7,Tiny-GenImage,train,VQDM_1000_200_00_028_vqdm_00189.png,data/train-00000-of-00014.parquet,153373
pilot_000726,data/raw/tiny-genimage/images/Real/n01664065_2913.JPEG,0,Real,0,Tiny-GenImage,train,n01664065_2913.JPEG,data/train-00000-of-00014.parquet,132258
pilot_000727,data/raw/tiny-genimage/images/Wukong/125_wukong_image44.png,1,Wukong,8,Tiny-GenImage,train,125_wukong_image44.png,data/train-00000-of-00014.parquet,434710
pilot_000728,data/raw/tiny-genimage/images/Real/n01631663_5620.JPEG,0,Real,0,Tiny-GenImage,train,n01631663_5620.JPEG,data/train-00000-of-00014.parquet,136089
pilot_000729,data/raw/tiny-genimage/images/ADM/11_adm_53.PNG,1,ADM,1,Tiny-GenImage,train,11_adm_53.PNG,data/train-00000-of-00014.parquet,118114
pilot_000730,data/raw/tiny-genimage/images/Real/n01641577_1185.JPEG,0,Real,0,Tiny-GenImage,train,n01641577_1185.JPEG,data/train-00000-of-00014.parquet,195112
pilot_000731,data/raw/tiny-genimage/images/BigGAN/027_biggan_00017.png,1,BigGAN,2,Tiny-GenImage,train,027_biggan_00017.png,data/train-00000-of-00014.parquet,34357
pilot_000732,data/raw/tiny-genimage/images/Real/n01644373_2998.JPEG,0,Real,0,Tiny-GenImage,train,n01644373_2998.JPEG,data/train-00000-of-00014.parquet,74090
pilot_000733,data/raw/tiny-genimage/images/GLIDE/GLIDE_1000_200_00_035_glide_00124.png,1,GLIDE,3,Tiny-GenImage,train,GLIDE_1000_200_00_035_glide_00124.png,data/train-00000-of-00014.parquet,104484
pilot_000734,data/raw/tiny-genimage/images/Real/n01622779_2196.JPEG,0,Real,0,Tiny-GenImage,train,n01622779_2196.JPEG,data/train-00000-of-00014.parquet,132085
pilot_000735,data/raw/tiny-genimage/images/Midjourney/122_midjourney_57.png,1,Midjourney,4,Tiny-GenImage,train,122_midjourney_57.png,data/train-00000-of-00014.parquet,1176883
pilot_000736,data/raw/tiny-genimage/images/Real/n01629819_26021.JPEG,0,Real,0,Tiny-GenImage,train,n01629819_26021.JPEG,data/train-00000-of-00014.parquet,142364
pilot_000737,data/raw/tiny-genimage/images/SD15/025_sdv5_00114.png,1,SD15,6,Tiny-GenImage,train,025_sdv5_00114.png,data/train-00000-of-00014.parquet,397762
pilot_000738,data/raw/tiny-genimage/images/Real/n01592084_8355.JPEG,0,Real,0,Tiny-GenImage,train,n01592084_8355.JPEG,data/train-00000-of-00014.parquet,105091
pilot_000739,data/raw/tiny-genimage/images/VQDM/VQDM_1000_200_00_029_vqdm_00044.png,1,VQDM,7,Tiny-GenImage,train,VQDM_1000_200_00_029_vqdm_00044.png,data/train-00000-of-00014.parquet,87188
pilot_000740,data/raw/tiny-genimage/images/Real/n01664065_6929.JPEG,0,Real,0,Tiny-GenImage,train,n01664065_6929.JPEG,data/train-00000-of-00014.parquet,169166
pilot_000741,data/raw/tiny-genimage/images/Wukong/126_wukong_image8.png,1,Wukong,8,Tiny-GenImage,train,126_wukong_image8.png,data/train-00000-of-00014.parquet,496580
pilot_000742,data/raw/tiny-genimage/images/Real/n01631663_902.JPEG,0,Real,0,Tiny-GenImage,train,n01631663_902.JPEG,data/train-00000-of-00014.parquet,116545
pilot_000743,data/raw/tiny-genimage/images/ADM/11_adm_55.PNG,1,ADM,1,Tiny-GenImage,train,11_adm_55.PNG,data/train-00000-of-00014.parquet,85589
pilot_000744,data/raw/tiny-genimage/images/Real/n01644373_24.JPEG,0,Real,0,Tiny-GenImage,train,n01644373_24.JPEG,data/train-00000-of-00014.parquet,100826
pilot_000745,data/raw/tiny-genimage/images/BigGAN/027_biggan_00032.png,1,BigGAN,2,Tiny-GenImage,train,027_biggan_00032.png,data/train-00000-of-00014.parquet,39933
pilot_000746,data/raw/tiny-genimage/images/Real/n01644373_3608.JPEG,0,Real,0,Tiny-GenImage,train,n01644373_3608.JPEG,data/train-00000-of-00014.parquet,54310
pilot_000747,data/raw/tiny-genimage/images/GLIDE/GLIDE_1000_200_00_035_glide_00128.png,1,GLIDE,3,Tiny-GenImage,train,GLIDE_1000_200_00_035_glide_00128.png,data/train-00000-of-00014.parquet,90922
pilot_000748,data/raw/tiny-genimage/images/Real/n01622779_6113.JPEG,0,Real,0,Tiny-GenImage,train,n01622779_6113.JPEG,data/train-00000-of-00014.parquet,44436
pilot_000749,data/raw/tiny-genimage/images/Midjourney/123_midjourney_155.png,1,Midjourney,4,Tiny-GenImage,train,123_midjourney_155.png,data/train-00000-of-00014.parquet,1864980
pilot_000750,data/raw/tiny-genimage/images/Real/n01630670_1390.JPEG,0,Real,0,Tiny-GenImage,train,n01630670_1390.JPEG,data/train-00000-of-00014.parquet,40994
pilot_000751,data/raw/tiny-genimage/images/SD15/025_sdv5_00154.png,1,SD15,6,Tiny-GenImage,train,025_sdv5_00154.png,data/train-00000-of-00014.parquet,574753
pilot_000752,data/raw/tiny-genimage/images/Real/n01601694_2529.JPEG,0,Real,0,Tiny-GenImage,train,n01601694_2529.JPEG,data/train-00000-of-00014.parquet,95460
pilot_000753,data/raw/tiny-genimage/images/VQDM/VQDM_1000_200_00_029_vqdm_00177.png,1,VQDM,7,Tiny-GenImage,train,VQDM_1000_200_00_029_vqdm_00177.png,data/train-00000-of-00014.parquet,113771
pilot_000754,data/raw/tiny-genimage/images/Real/n01665541_18298.JPEG,0,Real,0,Tiny-GenImage,train,n01665541_18298.JPEG,data/train-00000-of-00014.parquet,117814
pilot_000755,data/raw/tiny-genimage/images/Wukong/128_wukong_image108.png,1,Wukong,8,Tiny-GenImage,train,128_wukong_image108.png,data/train-00000-of-00014.parquet,364650
pilot_000756,data/raw/tiny-genimage/images/Real/n01632458_1615.JPEG,0,Real,0,Tiny-GenImage,train,n01632458_1615.JPEG,data/train-00000-of-00014.parquet,124748
pilot_000757,data/raw/tiny-genimage/images/ADM/11_adm_68.PNG,1,ADM,1,Tiny-GenImage,train,11_adm_68.PNG,data/train-00000-of-00014.parquet,85000
pilot_000758,data/raw/tiny-genimage/images/Real/n01644373_6766.JPEG,0,Real,0,Tiny-GenImage,train,n01644373_6766.JPEG,data/train-00000-of-00014.parquet,126298
pilot_000759,data/raw/tiny-genimage/images/BigGAN/028_biggan_00111.png,1,BigGAN,2,Tiny-GenImage,train,028_biggan_00111.png,data/train-00000-of-00014.parquet,34395
pilot_000760,data/raw/tiny-genimage/images/Real/n01644373_5244.JPEG,0,Real,0,Tiny-GenImage,train,n01644373_5244.JPEG,data/train-00000-of-00014.parquet,85194
pilot_000761,data/raw/tiny-genimage/images/GLIDE/GLIDE_1000_200_00_035_glide_00132.png,1,GLIDE,3,Tiny-GenImage,train,GLIDE_1000_200_00_035_glide_00132.png,data/train-00000-of-00014.parquet,63736
pilot_000762,data/raw/tiny-genimage/images/Real/n01629819_5927.JPEG,0,Real,0,Tiny-GenImage,train,n01629819_5927.JPEG,data/train-00000-of-00014.parquet,139400
pilot_000763,data/raw/tiny-genimage/images/Midjourney/123_midjourney_48.png,1,Midjourney,4,Tiny-GenImage,train,123_midjourney_48.png,data/train-00000-of-00014.parquet,920846
pilot_000764,data/raw/tiny-genimage/images/Real/n01630670_2534.JPEG,0,Real,0,Tiny-GenImage,train,n01630670_2534.JPEG,data/train-00000-of-00014.parquet,50155
pilot_000765,data/raw/tiny-genimage/images/SD15/027_sdv5_00120.png,1,SD15,6,Tiny-GenImage,train,027_sdv5_00120.png,data/train-00000-of-00014.parquet,522683
pilot_000766,data/raw/tiny-genimage/images/Real/n01614925_14091.JPEG,0,Real,0,Tiny-GenImage,train,n01614925_14091.JPEG,data/train-00000-of-00014.parquet,69959
pilot_000767,data/raw/tiny-genimage/images/VQDM/VQDM_1000_200_00_030_vqdm_00005.png,1,VQDM,7,Tiny-GenImage,train,VQDM_1000_200_00_030_vqdm_00005.png,data/train-00000-of-00014.parquet,138806
pilot_000768,data/raw/tiny-genimage/images/Real/n01665541_8466.JPEG,0,Real,0,Tiny-GenImage,train,n01665541_8466.JPEG,data/train-00000-of-00014.parquet,63859
pilot_000769,data/raw/tiny-genimage/images/Wukong/128_wukong_image123.png,1,Wukong,8,Tiny-GenImage,train,128_wukong_image123.png,data/train-00000-of-00014.parquet,426579
pilot_000770,data/raw/tiny-genimage/images/Real/n01632458_7633.JPEG,0,Real,0,Tiny-GenImage,train,n01632458_7633.JPEG,data/train-00000-of-00014.parquet,161625
pilot_000771,data/raw/tiny-genimage/images/ADM/11_adm_72.PNG,1,ADM,1,Tiny-GenImage,train,11_adm_72.PNG,data/train-00000-of-00014.parquet,93510
pilot_000772,data/raw/tiny-genimage/images/Real/n01644373_7988.JPEG,0,Real,0,Tiny-GenImage,train,n01644373_7988.JPEG,data/train-00000-of-00014.parquet,81684
pilot_000773,data/raw/tiny-genimage/images/BigGAN/029_biggan_00144.png,1,BigGAN,2,Tiny-GenImage,train,029_biggan_00144.png,data/train-00000-of-00014.parquet,32437
pilot_000774,data/raw/tiny-genimage/images/Real/n01644900_14487.JPEG,0,Real,0,Tiny-GenImage,train,n01644900_14487.JPEG,data/train-00000-of-00014.parquet,37588
pilot_000775,data/raw/tiny-genimage/images/GLIDE/GLIDE_1000_200_00_035_glide_00162.png,1,GLIDE,3,Tiny-GenImage,train,GLIDE_1000_200_00_035_glide_00162.png,data/train-00000-of-00014.parquet,88226
pilot_000776,data/raw/tiny-genimage/images/Real/n01630670_1609.JPEG,0,Real,0,Tiny-GenImage,train,n01630670_1609.JPEG,data/train-00000-of-00014.parquet,85793
pilot_000777,data/raw/tiny-genimage/images/Midjourney/124_midjourney_117.png,1,Midjourney,4,Tiny-GenImage,train,124_midjourney_117.png,data/train-00000-of-00014.parquet,1693128
pilot_000778,data/raw/tiny-genimage/images/Real/n01630670_3365.JPEG,0,Real,0,Tiny-GenImage,train,n01630670_3365.JPEG,data/train-00000-of-00014.parquet,33554
pilot_000779,data/raw/tiny-genimage/images/SD15/027_sdv5_00140.png,1,SD15,6,Tiny-GenImage,train,027_sdv5_00140.png,data/train-00000-of-00014.parquet,422963
pilot_000780,data/raw/tiny-genimage/images/Real/n01614925_2515.JPEG,0,Real,0,Tiny-GenImage,train,n01614925_2515.JPEG,data/train-00000-of-00014.parquet,89830
pilot_000781,data/raw/tiny-genimage/images/VQDM/VQDM_1000_200_00_031_vqdm_00076.png,1,VQDM,7,Tiny-GenImage,train,VQDM_1000_200_00_031_vqdm_00076.png,data/train-00000-of-00014.parquet,105622
pilot_000782,data/raw/tiny-genimage/images/Real/n01667114_1763.JPEG,0,Real,0,Tiny-GenImage,train,n01667114_1763.JPEG,data/train-00000-of-00014.parquet,219554
pilot_000783,data/raw/tiny-genimage/images/Wukong/128_wukong_image87.png,1,Wukong,8,Tiny-GenImage,train,128_wukong_image87.png,data/train-00000-of-00014.parquet,442652
pilot_000784,data/raw/tiny-genimage/images/Real/n01632777_1860.JPEG,0,Real,0,Tiny-GenImage,train,n01632777_1860.JPEG,data/train-00000-of-00014.parquet,120204
pilot_000785,data/raw/tiny-genimage/images/ADM/120_adm_24.PNG,1,ADM,1,Tiny-GenImage,train,120_adm_24.PNG,data/train-00000-of-00014.parquet,168919
pilot_000786,data/raw/tiny-genimage/images/Real/n01644900_11296.JPEG,0,Real,0,Tiny-GenImage,train,n01644900_11296.JPEG,data/train-00000-of-00014.parquet,44385
pilot_000787,data/raw/tiny-genimage/images/BigGAN/030_biggan_00010.png,1,BigGAN,2,Tiny-GenImage,train,030_biggan_00010.png,data/train-00000-of-00014.parquet,38351
pilot_000788,data/raw/tiny-genimage/images/Real/n01644900_19178.JPEG,0,Real,0,Tiny-GenImage,train,n01644900_19178.JPEG,data/train-00000-of-00014.parquet,95691
pilot_000789,data/raw/tiny-genimage/images/GLIDE/GLIDE_1000_200_00_036_glide_00010.png,1,GLIDE,3,Tiny-GenImage,train,GLIDE_1000_200_00_036_glide_00010.png,data/train-00000-of-00014.parquet,80195
pilot_000790,data/raw/tiny-genimage/images/Real/n01630670_4498.JPEG,0,Real,0,Tiny-GenImage,train,n01630670_4498.JPEG,data/train-00000-of-00014.parquet,38441
pilot_000791,data/raw/tiny-genimage/images/Midjourney/124_midjourney_36.png,1,Midjourney,4,Tiny-GenImage,train,124_midjourney_36.png,data/train-00000-of-00014.parquet,1950445
pilot_000792,data/raw/tiny-genimage/images/Real/n01630670_3412.JPEG,0,Real,0,Tiny-GenImage,train,n01630670_3412.JPEG,data/train-00000-of-00014.parquet,27136
pilot_000793,data/raw/tiny-genimage/images/SD15/027_sdv5_00181.png,1,SD15,6,Tiny-GenImage,train,027_sdv5_00181.png,data/train-00000-of-00014.parquet,497551
pilot_000794,data/raw/tiny-genimage/images/Real/n01614925_6719.JPEG,0,Real,0,Tiny-GenImage,train,n01614925_6719.JPEG,data/train-00000-of-00014.parquet,89837
pilot_000795,data/raw/tiny-genimage/images/VQDM/VQDM_1000_200_00_031_vqdm_00113.png,1,VQDM,7,Tiny-GenImage,train,VQDM_1000_200_00_031_vqdm_00113.png,data/train-00000-of-00014.parquet,91960
pilot_000796,data/raw/tiny-genimage/images/Real/n01667778_19244.JPEG,0,Real,0,Tiny-GenImage,train,n01667778_19244.JPEG,data/train-00000-of-00014.parquet,79857
pilot_000797,data/raw/tiny-genimage/images/Wukong/129_wukong_image70.png,1,Wukong,8,Tiny-GenImage,train,129_wukong_image70.png,data/train-00000-of-00014.parquet,539056
pilot_000798,data/raw/tiny-genimage/images/Real/n01632777_23533.JPEG,0,Real,0,Tiny-GenImage,train,n01632777_23533.JPEG,data/train-00000-of-00014.parquet,155577
pilot_000799,data/raw/tiny-genimage/images/ADM/122_adm_144.PNG,1,ADM,1,Tiny-GenImage,train,122_adm_144.PNG,data/train-00000-of-00014.parquet,137831
pilot_000800,data/raw/tiny-genimage/images/Real/n01644900_13678.JPEG,0,Real,0,Tiny-GenImage,train,n01644900_13678.JPEG,data/train-00000-of-00014.parquet,2955
pilot_000801,data/raw/tiny-genimage/images/BigGAN/030_biggan_00023.png,1,BigGAN,2,Tiny-GenImage,train,030_biggan_00023.png,data/train-00000-of-00014.parquet,35348
pilot_000802,data/raw/tiny-genimage/images/Real/n01664065_11629.JPEG,0,Real,0,Tiny-GenImage,train,n01664065_11629.JPEG,data/train-00000-of-00014.parquet,129299
pilot_000803,data/raw/tiny-genimage/images/GLIDE/GLIDE_1000_200_00_036_glide_00067.png,1,GLIDE,3,Tiny-GenImage,train,GLIDE_1000_200_00_036_glide_00067.png,data/train-00000-of-00014.parquet,107194
pilot_000804,data/raw/tiny-genimage/images/Real/n01630670_9293.JPEG,0,Real,0,Tiny-GenImage,train,n01630670_9293.JPEG,data/train-00000-of-00014.parquet,139057
pilot_000805,data/raw/tiny-genimage/images/Midjourney/126_midjourney_17.png,1,Midjourney,4,Tiny-GenImage,train,126_midjourney_17.png,data/train-00000-of-00014.parquet,1059011
pilot_000806,data/raw/tiny-genimage/images/Real/n01630670_9678.JPEG,0,Real,0,Tiny-GenImage,train,n01630670_9678.JPEG,data/train-00000-of-00014.parquet,105076
pilot_000807,data/raw/tiny-genimage/images/SD15/028_sdv5_00066.png,1,SD15,6,Tiny-GenImage,train,028_sdv5_00066.png,data/train-00000-of-00014.parquet,513328
pilot_000808,data/raw/tiny-genimage/images/Real/n01616318_7047.JPEG,0,Real,0,Tiny-GenImage,train,n01616318_7047.JPEG,data/train-00000-of-00014.parquet,136636
pilot_000809,data/raw/tiny-genimage/images/VQDM/VQDM_1000_200_00_032_vqdm_00000.png,1,VQDM,7,Tiny-GenImage,train,VQDM_1000_200_00_032_vqdm_00000.png,data/train-00000-of-00014.parquet,143280
pilot_000810,data/raw/tiny-genimage/images/Real/n01667778_4145.JPEG,0,Real,0,Tiny-GenImage,train,n01667778_4145.JPEG,data/train-00000-of-00014.parquet,76014
pilot_000811,data/raw/tiny-genimage/images/Wukong/12_wukong_image155.png,1,Wukong,8,Tiny-GenImage,train,12_wukong_image155.png,data/train-00000-of-00014.parquet,434566
pilot_000812,data/raw/tiny-genimage/images/Real/n01632777_6838.JPEG,0,Real,0,Tiny-GenImage,train,n01632777_6838.JPEG,data/train-00000-of-00014.parquet,7590
pilot_000813,data/raw/tiny-genimage/images/ADM/122_adm_152.PNG,1,ADM,1,Tiny-GenImage,train,122_adm_152.PNG,data/train-00000-of-00014.parquet,107332
pilot_000814,data/raw/tiny-genimage/images/Real/n01644900_19.JPEG,0,Real,0,Tiny-GenImage,train,n01644900_19.JPEG,data/train-00000-of-00014.parquet,24897
pilot_000815,data/raw/tiny-genimage/images/BigGAN/030_biggan_00178.png,1,BigGAN,2,Tiny-GenImage,train,030_biggan_00178.png,data/train-00000-of-00014.parquet,33537
pilot_000816,data/raw/tiny-genimage/images/Real/n01664065_14459.JPEG,0,Real,0,Tiny-GenImage,train,n01664065_14459.JPEG,data/train-00000-of-00014.parquet,28054
pilot_000817,data/raw/tiny-genimage/images/GLIDE/GLIDE_1000_200_00_038_glide_00050.png,1,GLIDE,3,Tiny-GenImage,train,GLIDE_1000_200_00_038_glide_00050.png,data/train-00000-of-00014.parquet,82442
pilot_000818,data/raw/tiny-genimage/images/Real/n01632458_219.JPEG,0,Real,0,Tiny-GenImage,train,n01632458_219.JPEG,data/train-00000-of-00014.parquet,162970
pilot_000819,data/raw/tiny-genimage/images/Midjourney/126_midjourney_33.png,1,Midjourney,4,Tiny-GenImage,train,126_midjourney_33.png,data/train-00000-of-00014.parquet,1318048
pilot_000820,data/raw/tiny-genimage/images/Real/n01631663_17208.JPEG,0,Real,0,Tiny-GenImage,train,n01631663_17208.JPEG,data/train-00000-of-00014.parquet,112888
pilot_000821,data/raw/tiny-genimage/images/SD15/029_sdv5_00061.png,1,SD15,6,Tiny-GenImage,train,029_sdv5_00061.png,data/train-00000-of-00014.parquet,552439
pilot_000822,data/raw/tiny-genimage/images/Real/n01616318_8726.JPEG,0,Real,0,Tiny-GenImage,train,n01616318_8726.JPEG,data/train-00000-of-00014.parquet,107113
pilot_000823,data/raw/tiny-genimage/images/VQDM/VQDM_1000_200_00_032_vqdm_00060.png,1,VQDM,7,Tiny-GenImage,train,VQDM_1000_200_00_032_vqdm_00060.png,data/train-00000-of-00014.parquet,147757
pilot_000824,data/raw/tiny-genimage/images/Real/n01669191_13630.JPEG,0,Real,0,Tiny-GenImage,train,n01669191_13630.JPEG,data/train-00000-of-00014.parquet,70097
pilot_000825,data/raw/tiny-genimage/images/Wukong/12_wukong_image73.png,1,Wukong,8,Tiny-GenImage,train,12_wukong_image73.png,data/train-00000-of-00014.parquet,386852
pilot_000826,data/raw/tiny-genimage/images/Real/n01644373_10586.JPEG,0,Real,0,Tiny-GenImage,train,n01644373_10586.JPEG,data/train-00000-of-00014.parquet,111813
pilot_000827,data/raw/tiny-genimage/images/ADM/124_adm_186.PNG,1,ADM,1,Tiny-GenImage,train,124_adm_186.PNG,data/train-00000-of-00014.parquet,125745
pilot_000828,data/raw/tiny-genimage/images/Real/n01644900_6826.JPEG,0,Real,0,Tiny-GenImage,train,n01644900_6826.JPEG,data/train-00000-of-00014.parquet,64863
pilot_000829,data/raw/tiny-genimage/images/BigGAN/031_biggan_00049.png,1,BigGAN,2,Tiny-GenImage,train,031_biggan_00049.png,data/train-00000-of-00014.parquet,28047
pilot_000830,data/raw/tiny-genimage/images/Real/n01664065_15532.JPEG,0,Real,0,Tiny-GenImage,train,n01664065_15532.JPEG,data/train-00000-of-00014.parquet,151879
pilot_000831,data/raw/tiny-genimage/images/GLIDE/GLIDE_1000_200_00_039_glide_00002.png,1,GLIDE,3,Tiny-GenImage,train,GLIDE_1000_200_00_039_glide_00002.png,data/train-00000-of-00014.parquet,94134
pilot_000832,data/raw/tiny-genimage/images/Real/n01632777_18723.JPEG,0,Real,0,Tiny-GenImage,train,n01632777_18723.JPEG,data/train-00000-of-00014.parquet,19676
pilot_000833,data/raw/tiny-genimage/images/Midjourney/126_midjourney_39.png,1,Midjourney,4,Tiny-GenImage,train,126_midjourney_39.png,data/train-00000-of-00014.parquet,479301
pilot_000834,data/raw/tiny-genimage/images/Real/n01631663_7605.JPEG,0,Real,0,Tiny-GenImage,train,n01631663_7605.JPEG,data/train-00000-of-00014.parquet,88070
pilot_000835,data/raw/tiny-genimage/images/SD15/029_sdv5_00107.png,1,SD15,6,Tiny-GenImage,train,029_sdv5_00107.png,data/train-00000-of-00014.parquet,566508
pilot_000836,data/raw/tiny-genimage/images/Real/n01622779_1196.JPEG,0,Real,0,Tiny-GenImage,train,n01622779_1196.JPEG,data/train-00000-of-00014.parquet,86398
pilot_000837,data/raw/tiny-genimage/images/VQDM/VQDM_1000_200_00_032_vqdm_00124.png,1,VQDM,7,Tiny-GenImage,train,VQDM_1000_200_00_032_vqdm_00124.png,data/train-00000-of-00014.parquet,131094
pilot_000838,data/raw/tiny-genimage/images/Real/n01669191_2117.JPEG,0,Real,0,Tiny-GenImage,train,n01669191_2117.JPEG,data/train-00000-of-00014.parquet,129364
pilot_000839,data/raw/tiny-genimage/images/Wukong/130_wukong_image29.png,1,Wukong,8,Tiny-GenImage,train,130_wukong_image29.png,data/train-00000-of-00014.parquet,408203
pilot_000840,data/raw/tiny-genimage/images/Real/n01644373_3619.JPEG,0,Real,0,Tiny-GenImage,train,n01644373_3619.JPEG,data/train-00000-of-00014.parquet,92548
pilot_000841,data/raw/tiny-genimage/images/ADM/124_adm_61.PNG,1,ADM,1,Tiny-GenImage,train,124_adm_61.PNG,data/train-00000-of-00014.parquet,130107
pilot_000842,data/raw/tiny-genimage/images/Real/n01644900_8695.JPEG,0,Real,0,Tiny-GenImage,train,n01644900_8695.JPEG,data/train-00000-of-00014.parquet,37472
pilot_000843,data/raw/tiny-genimage/images/BigGAN/031_biggan_00070.png,1,BigGAN,2,Tiny-GenImage,train,031_biggan_00070.png,data/train-00000-of-00014.parquet,33418
pilot_000844,data/raw/tiny-genimage/images/Real/n01664065_21235.JPEG,0,Real,0,Tiny-GenImage,train,n01664065_21235.JPEG,data/train-00000-of-00014.parquet,134397
pilot_000845,data/raw/tiny-genimage/images/GLIDE/GLIDE_1000_200_00_039_glide_00070.png,1,GLIDE,3,Tiny-GenImage,train,GLIDE_1000_200_00_039_glide_00070.png,data/train-00000-of-00014.parquet,95821
pilot_000846,data/raw/tiny-genimage/images/Real/n01641577_256.JPEG,0,Real,0,Tiny-GenImage,train,n01641577_256.JPEG,data/train-00000-of-00014.parquet,106524
pilot_000847,data/raw/tiny-genimage/images/Midjourney/128_midjourney_63.png,1,Midjourney,4,Tiny-GenImage,train,128_midjourney_63.png,data/train-00000-of-00014.parquet,1200780
pilot_000848,data/raw/tiny-genimage/images/Real/n01632458_10922.JPEG,0,Real,0,Tiny-GenImage,train,n01632458_10922.JPEG,data/train-00000-of-00014.parquet,109896
pilot_000849,data/raw/tiny-genimage/images/SD15/030_sdv5_00030.png,1,SD15,6,Tiny-GenImage,train,030_sdv5_00030.png,data/train-00000-of-00014.parquet,475739
pilot_000850,data/raw/tiny-genimage/images/Real/n01622779_3499.JPEG,0,Real,0,Tiny-GenImage,train,n01622779_3499.JPEG,data/train-00000-of-00014.parquet,152750
pilot_000851,data/raw/tiny-genimage/images/VQDM/VQDM_1000_200_00_033_vqdm_00001.png,1,VQDM,7,Tiny-GenImage,train,VQDM_1000_200_00_033_vqdm_00001.png,data/train-00000-of-00014.parquet,128199
pilot_000852,data/raw/tiny-genimage/images/Real/n01675722_4023.JPEG,0,Real,0,Tiny-GenImage,train,n01675722_4023.JPEG,data/train-00000-of-00014.parquet,196275
pilot_000853,data/raw/tiny-genimage/images/Wukong/130_wukong_image34.png,1,Wukong,8,Tiny-GenImage,train,130_wukong_image34.png,data/train-00000-of-00014.parquet,443614
pilot_000854,data/raw/tiny-genimage/images/Real/n01644373_6933.JPEG,0,Real,0,Tiny-GenImage,train,n01644373_6933.JPEG,data/train-00000-of-00014.parquet,144058
pilot_000855,data/raw/tiny-genimage/images/ADM/125_adm_122.PNG,1,ADM,1,Tiny-GenImage,train,125_adm_122.PNG,data/train-00000-of-00014.parquet,172413
pilot_000856,data/raw/tiny-genimage/images/Real/n01664065_20571.JPEG,0,Real,0,Tiny-GenImage,train,n01664065_20571.JPEG,data/train-00000-of-00014.parquet,74128
pilot_000857,data/raw/tiny-genimage/images/BigGAN/031_biggan_00145.png,1,BigGAN,2,Tiny-GenImage,train,031_biggan_00145.png,data/train-00000-of-00014.parquet,29351
pilot_000858,data/raw/tiny-genimage/images/Real/n01664065_360.JPEG,0,Real,0,Tiny-GenImage,train,n01664065_360.JPEG,data/train-00000-of-00014.parquet,62148
pilot_000859,data/raw/tiny-genimage/images/GLIDE/GLIDE_1000_200_00_040_glide_00193.png,1,GLIDE,3,Tiny-GenImage,train,GLIDE_1000_200_00_040_glide_00193.png,data/train-00000-of-00014.parquet,55966
pilot_000860,data/raw/tiny-genimage/images/Real/n01644373_1501.JPEG,0,Real,0,Tiny-GenImage,train,n01644373_1501.JPEG,data/train-00000-of-00014.parquet,36422
pilot_000861,data/raw/tiny-genimage/images/Midjourney/128_midjourney_71.png,1,Midjourney,4,Tiny-GenImage,train,128_midjourney_71.png,data/train-00000-of-00014.parquet,1373058
pilot_000862,data/raw/tiny-genimage/images/Real/n01632458_3135.JPEG,0,Real,0,Tiny-GenImage,train,n01632458_3135.JPEG,data/train-00000-of-00014.parquet,38916
pilot_000863,data/raw/tiny-genimage/images/SD15/030_sdv5_00091.png,1,SD15,6,Tiny-GenImage,train,030_sdv5_00091.png,data/train-00000-of-00014.parquet,526069
pilot_000864,data/raw/tiny-genimage/images/Real/n01629819_1005.JPEG,0,Real,0,Tiny-GenImage,train,n01629819_1005.JPEG,data/train-00000-of-00014.parquet,134182
pilot_000865,data/raw/tiny-genimage/images/VQDM/VQDM_1000_200_00_033_vqdm_00091.png,1,VQDM,7,Tiny-GenImage,train,VQDM_1000_200_00_033_vqdm_00091.png,data/train-00000-of-00014.parquet,124235
pilot_000866,data/raw/tiny-genimage/images/Real/n01675722_6708.JPEG,0,Real,0,Tiny-GenImage,train,n01675722_6708.JPEG,data/train-00000-of-00014.parquet,36876
pilot_000867,data/raw/tiny-genimage/images/Wukong/130_wukong_image44.png,1,Wukong,8,Tiny-GenImage,train,130_wukong_image44.png,data/train-00000-of-00014.parquet,440423
pilot_000868,data/raw/tiny-genimage/images/Real/n01644373_8327.JPEG,0,Real,0,Tiny-GenImage,train,n01644373_8327.JPEG,data/train-00000-of-00014.parquet,111308
pilot_000869,data/raw/tiny-genimage/images/ADM/125_adm_155.PNG,1,ADM,1,Tiny-GenImage,train,125_adm_155.PNG,data/train-00000-of-00014.parquet,134185
pilot_000870,data/raw/tiny-genimage/images/Real/n01664065_28239.JPEG,0,Real,0,Tiny-GenImage,train,n01664065_28239.JPEG,data/train-00000-of-00014.parquet,177385
pilot_000871,data/raw/tiny-genimage/images/BigGAN/031_biggan_00167.png,1,BigGAN,2,Tiny-GenImage,train,031_biggan_00167.png,data/train-00000-of-00014.parquet,30896
pilot_000872,data/raw/tiny-genimage/images/Real/n01665541_13178.JPEG,0,Real,0,Tiny-GenImage,train,n01665541_13178.JPEG,data/train-00000-of-00014.parquet,65366
pilot_000873,data/raw/tiny-genimage/images/GLIDE/GLIDE_1000_200_00_040_glide_00196.png,1,GLIDE,3,Tiny-GenImage,train,GLIDE_1000_200_00_040_glide_00196.png,data/train-00000-of-00014.parquet,73332
pilot_000874,data/raw/tiny-genimage/images/Real/n01644900_12202.JPEG,0,Real,0,Tiny-GenImage,train,n01644900_12202.JPEG,data/train-00000-of-00014.parquet,72067
pilot_000875,data/raw/tiny-genimage/images/Midjourney/129_midjourney_40.png,1,Midjourney,4,Tiny-GenImage,train,129_midjourney_40.png,data/train-00000-of-00014.parquet,861742
pilot_000876,data/raw/tiny-genimage/images/Real/n01632777_15538.JPEG,0,Real,0,Tiny-GenImage,train,n01632777_15538.JPEG,data/train-00000-of-00014.parquet,95103
pilot_000877,data/raw/tiny-genimage/images/SD15/030_sdv5_00136.png,1,SD15,6,Tiny-GenImage,train,030_sdv5_00136.png,data/train-00000-of-00014.parquet,489596
pilot_000878,data/raw/tiny-genimage/images/Real/n01629819_1243.JPEG,0,Real,0,Tiny-GenImage,train,n01629819_1243.JPEG,data/train-00000-of-00014.parquet,477853
pilot_000879,data/raw/tiny-genimage/images/VQDM/VQDM_1000_200_00_033_vqdm_00118.png,1,VQDM,7,Tiny-GenImage,train,VQDM_1000_200_00_033_vqdm_00118.png,data/train-00000-of-00014.parquet,103898
pilot_000880,data/raw/tiny-genimage/images/Real/n01677366_183.JPEG,0,Real,0,Tiny-GenImage,train,n01677366_183.JPEG,data/train-00000-of-00014.parquet,94824
pilot_000881,data/raw/tiny-genimage/images/Wukong/131_wukong_image122.png,1,Wukong,8,Tiny-GenImage,train,131_wukong_image122.png,data/train-00000-of-00014.parquet,478202
pilot_000882,data/raw/tiny-genimage/images/Real/n01644373_9497.JPEG,0,Real,0,Tiny-GenImage,train,n01644373_9497.JPEG,data/train-00000-of-00014.parquet,108518
pilot_000883,data/raw/tiny-genimage/images/ADM/125_adm_83.PNG,1,ADM,1,Tiny-GenImage,train,125_adm_83.PNG,data/train-00000-of-00014.parquet,152208
pilot_000884,data/raw/tiny-genimage/images/Real/n01665541_15016.JPEG,0,Real,0,Tiny-GenImage,train,n01665541_15016.JPEG,data/train-00000-of-00014.parquet,124063
pilot_000885,data/raw/tiny-genimage/images/BigGAN/032_biggan_00054.png,1,BigGAN,2,Tiny-GenImage,train,032_biggan_00054.png,data/train-00000-of-00014.parquet,36626
pilot_000886,data/raw/tiny-genimage/images/Real/n01665541_19405.JPEG,0,Real,0,Tiny-GenImage,train,n01665541_19405.JPEG,data/train-00000-of-00014.parquet,45372
pilot_000887,data/raw/tiny-genimage/images/GLIDE/GLIDE_1000_200_00_041_glide_00083.png,1,GLIDE,3,Tiny-GenImage,train,GLIDE_1000_200_00_041_glide_00083.png,data/train-00000-of-00014.parquet,96310
pilot_000888,data/raw/tiny-genimage/images/Real/n01644900_13391.JPEG,0,Real,0,Tiny-GenImage,train,n01644900_13391.JPEG,data/train-00000-of-00014.parquet,123606
pilot_000889,data/raw/tiny-genimage/images/Midjourney/129_midjourney_50.png,1,Midjourney,4,Tiny-GenImage,train,129_midjourney_50.png,data/train-00000-of-00014.parquet,1105010
pilot_000890,data/raw/tiny-genimage/images/Real/n01632777_15989.JPEG,0,Real,0,Tiny-GenImage,train,n01632777_15989.JPEG,data/train-00000-of-00014.parquet,159286
pilot_000891,data/raw/tiny-genimage/images/SD15/030_sdv5_00172.png,1,SD15,6,Tiny-GenImage,train,030_sdv5_00172.png,data/train-00000-of-00014.parquet,513210
pilot_000892,data/raw/tiny-genimage/images/Real/n01629819_2675.JPEG,0,Real,0,Tiny-GenImage,train,n01629819_2675.JPEG,data/train-00000-of-00014.parquet,310344
pilot_000893,data/raw/tiny-genimage/images/VQDM/VQDM_1000_200_00_035_vqdm_00078.png,1,VQDM,7,Tiny-GenImage,train,VQDM_1000_200_00_035_vqdm_00078.png,data/train-00000-of-00014.parquet,138358
pilot_000894,data/raw/tiny-genimage/images/Real/n01677366_40484.JPEG,0,Real,0,Tiny-GenImage,train,n01677366_40484.JPEG,data/train-00000-of-00014.parquet,160356
pilot_000895,data/raw/tiny-genimage/images/Wukong/131_wukong_image14.png,1,Wukong,8,Tiny-GenImage,train,131_wukong_image14.png,data/train-00000-of-00014.parquet,419044
pilot_000896,data/raw/tiny-genimage/images/Real/n01644900_11059.JPEG,0,Real,0,Tiny-GenImage,train,n01644900_11059.JPEG,data/train-00000-of-00014.parquet,202713
pilot_000897,data/raw/tiny-genimage/images/ADM/125_adm_89.PNG,1,ADM,1,Tiny-GenImage,train,125_adm_89.PNG,data/train-00000-of-00014.parquet,147841
pilot_000898,data/raw/tiny-genimage/images/Real/n01665541_16086.JPEG,0,Real,0,Tiny-GenImage,train,n01665541_16086.JPEG,data/train-00000-of-00014.parquet,157360
pilot_000899,data/raw/tiny-genimage/images/BigGAN/033_biggan_00161.png,1,BigGAN,2,Tiny-GenImage,train,033_biggan_00161.png,data/train-00000-of-00014.parquet,33755
pilot_000900,data/raw/tiny-genimage/images/Real/n01665541_37045.JPEG,0,Real,0,Tiny-GenImage,train,n01665541_37045.JPEG,data/train-00000-of-00014.parquet,133554
pilot_000901,data/raw/tiny-genimage/images/GLIDE/GLIDE_1000_200_00_042_glide_00048.png,1,GLIDE,3,Tiny-GenImage,train,GLIDE_1000_200_00_042_glide_00048.png,data/train-00000-of-00014.parquet,56130
pilot_000902,data/raw/tiny-genimage/images/Real/n01664065_19185.JPEG,0,Real,0,Tiny-GenImage,train,n01664065_19185.JPEG,data/train-00000-of-00014.parquet,128728
pilot_000903,data/raw/tiny-genimage/images/Midjourney/129_midjourney_54.png,1,Midjourney,4,Tiny-GenImage,train,129_midjourney_54.png,data/train-00000-of-00014.parquet,883992
pilot_000904,data/raw/tiny-genimage/images/Real/n01632777_2799.JPEG,0,Real,0,Tiny-GenImage,train,n01632777_2799.JPEG,data/train-00000-of-00014.parquet,40683
pilot_000905,data/raw/tiny-genimage/images/SD15/031_sdv5_00014.png,1,SD15,6,Tiny-GenImage,train,031_sdv5_00014.png,data/train-00000-of-00014.parquet,435008
pilot_000906,data/raw/tiny-genimage/images/Real/n01630670_5240.JPEG,0,Real,0,Tiny-GenImage,train,n01630670_5240.JPEG,data/train-00000-of-00014.parquet,94214
pilot_000907,data/raw/tiny-genimage/images/VQDM/VQDM_1000_200_00_036_vqdm_00032.png,1,VQDM,7,Tiny-GenImage,train,VQDM_1000_200_00_036_vqdm_00032.png,data/train-00000-of-00014.parquet,149762
pilot_000908,data/raw/tiny-genimage/images/Real/n01677366_6637.JPEG,0,Real,0,Tiny-GenImage,train,n01677366_6637.JPEG,data/train-00000-of-00014.parquet,157322
pilot_000909,data/raw/tiny-genimage/images/Wukong/131_wukong_image161.png,1,Wukong,8,Tiny-GenImage,train,131_wukong_image161.png,data/train-00000-of-00014.parquet,471728
pilot_000910,data/raw/tiny-genimage/images/Real/n01644900_16785.JPEG,0,Real,0,Tiny-GenImage,train,n01644900_16785.JPEG,data/train-00000-of-00014.parquet,86074
pilot_000911,data/raw/tiny-genimage/images/ADM/126_adm_123.PNG,1,ADM,1,Tiny-GenImage,train,126_adm_123.PNG,data/train-00000-of-00014.parquet,96794
pilot_000912,data/raw/tiny-genimage/images/Real/n01665541_30130.JPEG,0,Real,0,Tiny-GenImage,train,n01665541_30130.JPEG,data/train-00000-of-00014.parquet,108067
pilot_000913,data/raw/tiny-genimage/images/BigGAN/034_biggan_00144.png,1,BigGAN,2,Tiny-GenImage,train,034_biggan_00144.png,data/train-00000-of-00014.parquet,32008
pilot_000914,data/raw/tiny-genimage/images/Real/n01665541_40803.JPEG,0,Real,0,Tiny-GenImage,train,n01665541_40803.JPEG,data/train-00000-of-00014.parquet,51464
pilot_000915,data/raw/tiny-genimage/images/GLIDE/GLIDE_1000_200_00_042_glide_00051.png,1,GLIDE,3,Tiny-GenImage,train,GLIDE_1000_200_00_042_glide_00051.png,data/train-00000-of-00014.parquet,95758
pilot_000916,data/raw/tiny-genimage/images/Real/n01664065_19627.JPEG,0,Real,0,Tiny-GenImage,train,n01664065_19627.JPEG,data/train-00000-of-00014.parquet,112760
pilot_000917,data/raw/tiny-genimage/images/Midjourney/129_midjourney_59.png,1,Midjourney,4,Tiny-GenImage,train,129_midjourney_59.png,data/train-00000-of-00014.parquet,776689
pilot_000918,data/raw/tiny-genimage/images/Real/n01632777_6724.JPEG,0,Real,0,Tiny-GenImage,train,n01632777_6724.JPEG,data/train-00000-of-00014.parquet,34952
pilot_000919,data/raw/tiny-genimage/images/SD15/031_sdv5_00045.png,1,SD15,6,Tiny-GenImage,train,031_sdv5_00045.png,data/train-00000-of-00014.parquet,438020
pilot_000920,data/raw/tiny-genimage/images/Real/n01630670_7313.JPEG,0,Real,0,Tiny-GenImage,train,n01630670_7313.JPEG,data/train-00000-of-00014.parquet,103645
pilot_000921,data/raw/tiny-genimage/images/VQDM/VQDM_1000_200_00_036_vqdm_00131.png,1,VQDM,7,Tiny-GenImage,train,VQDM_1000_200_00_036_vqdm_00131.png,data/train-00000-of-00014.parquet,101740
pilot_000922,data/raw/tiny-genimage/images/Real/n01682714_16173.JPEG,0,Real,0,Tiny-GenImage,train,n01682714_16173.JPEG,data/train-00000-of-00014.parquet,113593
pilot_000923,data/raw/tiny-genimage/images/Wukong/131_wukong_image197.png,1,Wukong,8,Tiny-GenImage,train,131_wukong_image197.png,data/train-00000-of-00014.parquet,397054
pilot_000924,data/raw/tiny-genimage/images/Real/n01644900_3388.JPEG,0,Real,0,Tiny-GenImage,train,n01644900_3388.JPEG,data/train-00000-of-00014.parquet,129612
pilot_000925,data/raw/tiny-genimage/images/ADM/126_adm_36.PNG,1,ADM,1,Tiny-GenImage,train,126_adm_36.PNG,data/train-00000-of-00014.parquet,85917
pilot_000926,data/raw/tiny-genimage/images/Real/n01665541_39633.JPEG,0,Real,0,Tiny-GenImage,train,n01665541_39633.JPEG,data/train-00000-of-00014.parquet,122815
pilot_000927,data/raw/tiny-genimage/images/BigGAN/038_biggan_00006.png,1,BigGAN,2,Tiny-GenImage,train,038_biggan_00006.png,data/train-00000-of-00014.parquet,34191
pilot_000928,data/raw/tiny-genimage/images/Real/n01667114_8711.JPEG,0,Real,0,Tiny-GenImage,train,n01667114_8711.JPEG,data/train-00000-of-00014.parquet,204121
pilot_000929,data/raw/tiny-genimage/images/GLIDE/GLIDE_1000_200_00_042_glide_00058.png,1,GLIDE,3,Tiny-GenImage,train,GLIDE_1000_200_00_042_glide_00058.png,data/train-00000-of-00014.parquet,65331
pilot_000930,data/raw/tiny-genimage/images/Real/n01664065_28300.JPEG,0,Real,0,Tiny-GenImage,train,n01664065_28300.JPEG,data/train-00000-of-00014.parquet,130359
pilot_000931,data/raw/tiny-genimage/images/Midjourney/129_midjourney_64.png,1,Midjourney,4,Tiny-GenImage,train,129_midjourney_64.png,data/train-00000-of-00014.parquet,1080517
pilot_000932,data/raw/tiny-genimage/images/Real/n01641577_22439.JPEG,0,Real,0,Tiny-GenImage,train,n01641577_22439.JPEG,data/train-00000-of-00014.parquet,115710
pilot_000933,data/raw/tiny-genimage/images/SD15/031_sdv5_00053.png,1,SD15,6,Tiny-GenImage,train,031_sdv5_00053.png,data/train-00000-of-00014.parquet,466087
pilot_000934,data/raw/tiny-genimage/images/Real/n01630670_800.JPEG,0,Real,0,Tiny-GenImage,train,n01630670_800.JPEG,data/train-00000-of-00014.parquet,54217
pilot_000935,data/raw/tiny-genimage/images/VQDM/VQDM_1000_200_00_037_vqdm_00176.png,1,VQDM,7,Tiny-GenImage,train,VQDM_1000_200_00_037_vqdm_00176.png,data/train-00000-of-00014.parquet,162746
pilot_000936,data/raw/tiny-genimage/images/Real/n01682714_22253.JPEG,0,Real,0,Tiny-GenImage,train,n01682714_22253.JPEG,data/train-00000-of-00014.parquet,194128
pilot_000937,data/raw/tiny-genimage/images/Wukong/132_wukong_image105.png,1,Wukong,8,Tiny-GenImage,train,132_wukong_image105.png,data/train-00000-of-00014.parquet,419733
pilot_000938,data/raw/tiny-genimage/images/Real/n01644900_7759.JPEG,0,Real,0,Tiny-GenImage,train,n01644900_7759.JPEG,data/train-00000-of-00014.parquet,337457
pilot_000939,data/raw/tiny-genimage/images/ADM/127_adm_165.PNG,1,ADM,1,Tiny-GenImage,train,127_adm_165.PNG,data/train-00000-of-00014.parquet,115105
pilot_000940,data/raw/tiny-genimage/images/Real/n01665541_8980.JPEG,0,Real,0,Tiny-GenImage,train,n01665541_8980.JPEG,data/train-00000-of-00014.parquet,153272
pilot_000941,data/raw/tiny-genimage/images/BigGAN/038_biggan_00081.png,1,BigGAN,2,Tiny-GenImage,train,038_biggan_00081.png,data/train-00000-of-00014.parquet,35623
pilot_000942,data/raw/tiny-genimage/images/Real/n01669191_1294.JPEG,0,Real,0,Tiny-GenImage,train,n01669191_1294.JPEG,data/train-00000-of-00014.parquet,267348
pilot_000943,data/raw/tiny-genimage/images/GLIDE/GLIDE_1000_200_00_042_glide_00075.png,1,GLIDE,3,Tiny-GenImage,train,GLIDE_1000_200_00_042_glide_00075.png,data/train-00000-of-00014.parquet,88139
pilot_000944,data/raw/tiny-genimage/images/Real/n01665541_14004.JPEG,0,Real,0,Tiny-GenImage,train,n01665541_14004.JPEG,data/train-00000-of-00014.parquet,146801
pilot_000945,data/raw/tiny-genimage/images/Midjourney/12_midjourney_143.png,1,Midjourney,4,Tiny-GenImage,train,12_midjourney_143.png,data/train-00000-of-00014.parquet,1002289
pilot_000946,data/raw/tiny-genimage/images/Real/n01644373_1659.JPEG,0,Real,0,Tiny-GenImage,train,n01644373_1659.JPEG,data/train-00000-of-00014.parquet,96376
pilot_000947,data/raw/tiny-genimage/images/SD15/032_sdv5_00068.png,1,SD15,6,Tiny-GenImage,train,032_sdv5_00068.png,data/train-00000-of-00014.parquet,477518
pilot_000948,data/raw/tiny-genimage/images/Real/n01631663_5785.JPEG,0,Real,0,Tiny-GenImage,train,n01631663_5785.JPEG,data/train-00000-of-00014.parquet,174906
pilot_000949,data/raw/tiny-genimage/images/VQDM/VQDM_1000_200_00_038_vqdm_00056.png,1,VQDM,7,Tiny-GenImage,train,VQDM_1000_200_00_038_vqdm_00056.png,data/train-00000-of-00014.parquet,151707
pilot_000950,data/raw/tiny-genimage/images/Real/n01682714_3550.JPEG,0,Real,0,Tiny-GenImage,train,n01682714_3550.JPEG,data/train-00000-of-00014.parquet,94572
pilot_000951,data/raw/tiny-genimage/images/Wukong/132_wukong_image182.png,1,Wukong,8,Tiny-GenImage,train,132_wukong_image182.png,data/train-00000-of-00014.parquet,366289
pilot_000952,data/raw/tiny-genimage/images/Real/n01664065_2605.JPEG,0,Real,0,Tiny-GenImage,train,n01664065_2605.JPEG,data/train-00000-of-00014.parquet,170656
pilot_000953,data/raw/tiny-genimage/images/ADM/127_adm_51.PNG,1,ADM,1,Tiny-GenImage,train,127_adm_51.PNG,data/train-00000-of-00014.parquet,60197
pilot_000954,data/raw/tiny-genimage/images/Real/n01667114_15461.JPEG,0,Real,0,Tiny-GenImage,train,n01667114_15461.JPEG,data/train-00000-of-00014.parquet,164581
pilot_000955,data/raw/tiny-genimage/images/BigGAN/038_biggan_00166.png,1,BigGAN,2,Tiny-GenImage,train,038_biggan_00166.png,data/train-00000-of-00014.parquet,38431
pilot_000956,data/raw/tiny-genimage/images/Real/n01669191_133.JPEG,0,Real,0,Tiny-GenImage,train,n01669191_133.JPEG,data/train-00000-of-00014.parquet,222004
pilot_000957,data/raw/tiny-genimage/images/GLIDE/GLIDE_1000_200_00_042_glide_00126.png,1,GLIDE,3,Tiny-GenImage,train,GLIDE_1000_200_00_042_glide_00126.png,data/train-00000-of-00014.parquet,83189
pilot_000958,data/raw/tiny-genimage/images/Real/n01665541_18379.JPEG,0,Real,0,Tiny-GenImage,train,n01665541_18379.JPEG,data/train-00000-of-00014.parquet,58502
pilot_000959,data/raw/tiny-genimage/images/Midjourney/12_midjourney_176.png,1,Midjourney,4,Tiny-GenImage,train,12_midjourney_176.png,data/train-00000-of-00014.parquet,1063001
pilot_000960,data/raw/tiny-genimage/images/Real/n01644900_9773.JPEG,0,Real,0,Tiny-GenImage,train,n01644900_9773.JPEG,data/train-00000-of-00014.parquet,42578
pilot_000961,data/raw/tiny-genimage/images/SD15/032_sdv5_00137.png,1,SD15,6,Tiny-GenImage,train,032_sdv5_00137.png,data/train-00000-of-00014.parquet,480702
pilot_000962,data/raw/tiny-genimage/images/Real/n01631663_648.JPEG,0,Real,0,Tiny-GenImage,train,n01631663_648.JPEG,data/train-00000-of-00014.parquet,88485
pilot_000963,data/raw/tiny-genimage/images/VQDM/VQDM_1000_200_00_038_vqdm_00113.png,1,VQDM,7,Tiny-GenImage,train,VQDM_1000_200_00_038_vqdm_00113.png,data/train-00000-of-00014.parquet,99580
pilot_000964,data/raw/tiny-genimage/images/Real/n01682714_6132.JPEG,0,Real,0,Tiny-GenImage,train,n01682714_6132.JPEG,data/train-00000-of-00014.parquet,102660
pilot_000965,data/raw/tiny-genimage/images/Wukong/133_wukong_image150.png,1,Wukong,8,Tiny-GenImage,train,133_wukong_image150.png,data/train-00000-of-00014.parquet,397599
pilot_000966,data/raw/tiny-genimage/images/Real/n01664065_29851.JPEG,0,Real,0,Tiny-GenImage,train,n01664065_29851.JPEG,data/train-00000-of-00014.parquet,110372
pilot_000967,data/raw/tiny-genimage/images/ADM/127_adm_90.PNG,1,ADM,1,Tiny-GenImage,train,127_adm_90.PNG,data/train-00000-of-00014.parquet,152031
pilot_000968,data/raw/tiny-genimage/images/Real/n01667114_1678.JPEG,0,Real,0,Tiny-GenImage,train,n01667114_1678.JPEG,data/train-00000-of-00014.parquet,20991
pilot_000969,data/raw/tiny-genimage/images/BigGAN/039_biggan_00124.png,1,BigGAN,2,Tiny-GenImage,train,039_biggan_00124.png,data/train-00000-of-00014.parquet,39920
pilot_000970,data/raw/tiny-genimage/images/Real/n01675722_5727.JPEG,0,Real,0,Tiny-GenImage,train,n01675722_5727.JPEG,data/train-00000-of-00014.parquet,128985
pilot_000971,data/raw/tiny-genimage/images/GLIDE/GLIDE_1000_200_00_043_glide_00000.png,1,GLIDE,3,Tiny-GenImage,train,GLIDE_1000_200_00_043_glide_00000.png,data/train-00000-of-00014.parquet,68336
pilot_000972,data/raw/tiny-genimage/images/Real/n01665541_2111.JPEG,0,Real,0,Tiny-GenImage,train,n01665541_2111.JPEG,data/train-00000-of-00014.parquet,197176
pilot_000973,data/raw/tiny-genimage/images/Midjourney/12_midjourney_182.png,1,Midjourney,4,Tiny-GenImage,train,12_midjourney_182.png,data/train-00000-of-00014.parquet,671971
pilot_000974,data/raw/tiny-genimage/images/Real/n01664065_14253.JPEG,0,Real,0,Tiny-GenImage,train,n01664065_14253.JPEG,data/train-00000-of-00014.parquet,102080
pilot_000975,data/raw/tiny-genimage/images/SD15/032_sdv5_00142.png,1,SD15,6,Tiny-GenImage,train,032_sdv5_00142.png,data/train-00000-of-00014.parquet,429864
pilot_000976,data/raw/tiny-genimage/images/Real/n01631663_8047.JPEG,0,Real,0,Tiny-GenImage,train,n01631663_8047.JPEG,data/train-00000-of-00014.parquet,144236
pilot_000977,data/raw/tiny-genimage/images/VQDM/VQDM_1000_200_00_039_vqdm_00001.png,1,VQDM,7,Tiny-GenImage,train,VQDM_1000_200_00_039_vqdm_00001.png,data/train-00000-of-00014.parquet,125268
pilot_000978,data/raw/tiny-genimage/images/Real/n01685808_5706.JPEG,0,Real,0,Tiny-GenImage,train,n01685808_5706.JPEG,data/train-00000-of-00014.parquet,185991
pilot_000979,data/raw/tiny-genimage/images/Wukong/133_wukong_image16.png,1,Wukong,8,Tiny-GenImage,train,133_wukong_image16.png,data/train-00000-of-00014.parquet,524024
pilot_000980,data/raw/tiny-genimage/images/Real/n01665541_2146.JPEG,0,Real,0,Tiny-GenImage,train,n01665541_2146.JPEG,data/train-00000-of-00014.parquet,82912
pilot_000981,data/raw/tiny-genimage/images/ADM/128_adm_106.PNG,1,ADM,1,Tiny-GenImage,train,128_adm_106.PNG,data/train-00000-of-00014.parquet,140097
pilot_000982,data/raw/tiny-genimage/images/Real/n01667778_1576.JPEG,0,Real,0,Tiny-GenImage,train,n01667778_1576.JPEG,data/train-00000-of-00014.parquet,174093
pilot_000983,data/raw/tiny-genimage/images/BigGAN/039_biggan_00186.png,1,BigGAN,2,Tiny-GenImage,train,039_biggan_00186.png,data/train-00000-of-00014.parquet,34061
pilot_000984,data/raw/tiny-genimage/images/Real/n01675722_6704.JPEG,0,Real,0,Tiny-GenImage,train,n01675722_6704.JPEG,data/train-00000-of-00014.parquet,136372
pilot_000985,data/raw/tiny-genimage/images/GLIDE/GLIDE_1000_200_00_043_glide_00145.png,1,GLIDE,3,Tiny-GenImage,train,GLIDE_1000_200_00_043_glide_00145.png,data/train-00000-of-00014.parquet,74187
pilot_000986,data/raw/tiny-genimage/images/Real/n01665541_31347.JPEG,0,Real,0,Tiny-GenImage,train,n01665541_31347.JPEG,data/train-00000-of-00014.parquet,96238
pilot_000987,data/raw/tiny-genimage/images/Midjourney/12_midjourney_6.png,1,Midjourney,4,Tiny-GenImage,train,12_midjourney_6.png,data/train-00000-of-00014.parquet,920108
pilot_000988,data/raw/tiny-genimage/images/Real/n01664065_3614.JPEG,0,Real,0,Tiny-GenImage,train,n01664065_3614.JPEG,data/train-00000-of-00014.parquet,110200
pilot_000989,data/raw/tiny-genimage/images/SD15/034_sdv5_00002.png,1,SD15,6,Tiny-GenImage,train,034_sdv5_00002.png,data/train-00000-of-00014.parquet,480230
pilot_000990,data/raw/tiny-genimage/images/Real/n01632458_3781.JPEG,0,Real,0,Tiny-GenImage,train,n01632458_3781.JPEG,data/train-00000-of-00014.parquet,135171
pilot_000991,data/raw/tiny-genimage/images/VQDM/VQDM_1000_200_00_039_vqdm_00037.png,1,VQDM,7,Tiny-GenImage,train,VQDM_1000_200_00_039_vqdm_00037.png,data/train-00000-of-00014.parquet,167764
pilot_000992,data/raw/tiny-genimage/images/Real/n01685808_633.JPEG,0,Real,0,Tiny-GenImage,train,n01685808_633.JPEG,data/train-00000-of-00014.parquet,148383
pilot_000993,data/raw/tiny-genimage/images/Wukong/133_wukong_image40.png,1,Wukong,8,Tiny-GenImage,train,133_wukong_image40.png,data/train-00000-of-00014.parquet,573761
pilot_000994,data/raw/tiny-genimage/images/Real/n01667114_4691.JPEG,0,Real,0,Tiny-GenImage,train,n01667114_4691.JPEG,data/train-00000-of-00014.parquet,30326
pilot_000995,data/raw/tiny-genimage/images/ADM/128_adm_109.PNG,1,ADM,1,Tiny-GenImage,train,128_adm_109.PNG,data/train-00000-of-00014.parquet,63905
pilot_000996,data/raw/tiny-genimage/images/Real/n01667778_1589.JPEG,0,Real,0,Tiny-GenImage,train,n01667778_1589.JPEG,data/train-00000-of-00014.parquet,68390
pilot_000997,data/raw/tiny-genimage/images/BigGAN/039_biggan_00187.png,1,BigGAN,2,Tiny-GenImage,train,039_biggan_00187.png,data/train-00000-of-00014.parquet,33101
pilot_000998,data/raw/tiny-genimage/images/Real/n01677366_13754.JPEG,0,Real,0,Tiny-GenImage,train,n01677366_13754.JPEG,data/train-00000-of-00014.parquet,156391
pilot_000999,data/raw/tiny-genimage/images/GLIDE/GLIDE_1000_200_00_044_glide_00024.png,1,GLIDE,3,Tiny-GenImage,train,GLIDE_1000_200_00_044_glide_00024.png,data/train-00000-of-00014.parquet,95834
pilot_001000,data/raw/tiny-genimage/images/Real/n01667114_10487.JPEG,0,Real,0,Tiny-GenImage,train,n01667114_10487.JPEG,data/train-00000-of-00014.parquet,189693
pilot_001001,data/raw/tiny-genimage/images/Midjourney/12_midjourney_72.png,1,Midjourney,4,Tiny-GenImage,train,12_midjourney_72.png,data/train-00000-of-00014.parquet,1098685
pilot_001002,data/raw/tiny-genimage/images/Real/n01664065_6478.JPEG,0,Real,0,Tiny-GenImage,train,n01664065_6478.JPEG,data/train-00000-of-00014.parquet,233416
pilot_001003,data/raw/tiny-genimage/images/SD15/034_sdv5_00087.png,1,SD15,6,Tiny-GenImage,train,034_sdv5_00087.png,data/train-00000-of-00014.parquet,462868
pilot_001004,data/raw/tiny-genimage/images/Real/n01632458_4219.JPEG,0,Real,0,Tiny-GenImage,train,n01632458_4219.JPEG,data/train-00000-of-00014.parquet,104341
pilot_001005,data/raw/tiny-genimage/images/VQDM/VQDM_1000_200_00_040_vqdm_00166.png,1,VQDM,7,Tiny-GenImage,train,VQDM_1000_200_00_040_vqdm_00166.png,data/train-00000-of-00014.parquet,118112
pilot_001006,data/raw/tiny-genimage/images/Real/n01685808_8208.JPEG,0,Real,0,Tiny-GenImage,train,n01685808_8208.JPEG,data/train-00000-of-00014.parquet,22867
pilot_001007,data/raw/tiny-genimage/images/Wukong/134_wukong_image26.png,1,Wukong,8,Tiny-GenImage,train,134_wukong_image26.png,data/train-00000-of-00014.parquet,444804
pilot_001008,data/raw/tiny-genimage/images/Real/n01667114_6280.JPEG,0,Real,0,Tiny-GenImage,train,n01667114_6280.JPEG,data/train-00000-of-00014.parquet,192038
pilot_001009,data/raw/tiny-genimage/images/ADM/128_adm_21.PNG,1,ADM,1,Tiny-GenImage,train,128_adm_21.PNG,data/train-00000-of-00014.parquet,64874
pilot_001010,data/raw/tiny-genimage/images/Real/n01667778_18783.JPEG,0,Real,0,Tiny-GenImage,train,n01667778_18783.JPEG,data/train-00000-of-00014.parquet,20103
pilot_001011,data/raw/tiny-genimage/images/BigGAN/040_biggan_00196.png,1,BigGAN,2,Tiny-GenImage,train,040_biggan_00196.png,data/train-00000-of-00014.parquet,23431
pilot_001012,data/raw/tiny-genimage/images/Real/n01677366_35769.JPEG,0,Real,0,Tiny-GenImage,train,n01677366_35769.JPEG,data/train-00000-of-00014.parquet,146773
pilot_001013,data/raw/tiny-genimage/images/GLIDE/GLIDE_1000_200_00_044_glide_00028.png,1,GLIDE,3,Tiny-GenImage,train,GLIDE_1000_200_00_044_glide_00028.png,data/train-00000-of-00014.parquet,76196
pilot_001014,data/raw/tiny-genimage/images/Real/n01667114_4541.JPEG,0,Real,0,Tiny-GenImage,train,n01667114_4541.JPEG,data/train-00000-of-00014.parquet,128467
pilot_001015,data/raw/tiny-genimage/images/Midjourney/130_midjourney_148.png,1,Midjourney,4,Tiny-GenImage,train,130_midjourney_148.png,data/train-00000-of-00014.parquet,794367
pilot_001016,data/raw/tiny-genimage/images/Real/n01665541_32337.JPEG,0,Real,0,Tiny-GenImage,train,n01665541_32337.JPEG,data/train-00000-of-00014.parquet,123659
pilot_001017,data/raw/tiny-genimage/images/SD15/034_sdv5_00177.png,1,SD15,6,Tiny-GenImage,train,034_sdv5_00177.png,data/train-00000-of-00014.parquet,562367
pilot_001018,data/raw/tiny-genimage/images/Real/n01632777_17824.JPEG,0,Real,0,Tiny-GenImage,train,n01632777_17824.JPEG,data/train-00000-of-00014.parquet,115062
pilot_001019,data/raw/tiny-genimage/images/VQDM/VQDM_1000_200_00_041_vqdm_00014.png,1,VQDM,7,Tiny-GenImage,train,VQDM_1000_200_00_041_vqdm_00014.png,data/train-00000-of-00014.parquet,106464
pilot_001020,data/raw/tiny-genimage/images/Real/n01687978_1201.JPEG,0,Real,0,Tiny-GenImage,train,n01687978_1201.JPEG,data/train-00000-of-00014.parquet,121645
pilot_001021,data/raw/tiny-genimage/images/Wukong/134_wukong_image33.png,1,Wukong,8,Tiny-GenImage,train,134_wukong_image33.png,data/train-00000-of-00014.parquet,325130
pilot_001022,data/raw/tiny-genimage/images/Real/n01667778_1142.JPEG,0,Real,0,Tiny-GenImage,train,n01667778_1142.JPEG,data/train-00000-of-00014.parquet,153423
pilot_001023,data/raw/tiny-genimage/images/ADM/129_adm_104.PNG,1,ADM,1,Tiny-GenImage,train,129_adm_104.PNG,data/train-00000-of-00014.parquet,70883
pilot_001024,data/raw/tiny-genimage/images/Real/n01667778_7608.JPEG,0,Real,0,Tiny-GenImage,train,n01667778_7608.JPEG,data/train-00000-of-00014.parquet,198029
pilot_001025,data/raw/tiny-genimage/images/BigGAN/041_biggan_00155.png,1,BigGAN,2,Tiny-GenImage,train,041_biggan_00155.png,data/train-00000-of-00014.parquet,37536
pilot_001026,data/raw/tiny-genimage/images/Real/n01677366_8723.JPEG,0,Real,0,Tiny-GenImage,train,n01677366_8723.JPEG,data/train-00000-of-00014.parquet,212320
pilot_001027,data/raw/tiny-genimage/images/GLIDE/GLIDE_1000_200_00_044_glide_00036.png,1,GLIDE,3,Tiny-GenImage,train,GLIDE_1000_200_00_044_glide_00036.png,data/train-00000-of-00014.parquet,100423
pilot_001028,data/raw/tiny-genimage/images/Real/n01669191_10361.JPEG,0,Real,0,Tiny-GenImage,train,n01669191_10361.JPEG,data/train-00000-of-00014.parquet,33428
pilot_001029,data/raw/tiny-genimage/images/Midjourney/130_midjourney_35.png,1,Midjourney,4,Tiny-GenImage,train,130_midjourney_35.png,data/train-00000-of-00014.parquet,1532431
pilot_001030,data/raw/tiny-genimage/images/Real/n01665541_41531.JPEG,0,Real,0,Tiny-GenImage,train,n01665541_41531.JPEG,data/train-00000-of-00014.parquet,85642
pilot_001031,data/raw/tiny-genimage/images/SD15/035_sdv5_00050.png,1,SD15,6,Tiny-GenImage,train,035_sdv5_00050.png,data/train-00000-of-00014.parquet,407208
pilot_001032,data/raw/tiny-genimage/images/Real/n01632777_25840.JPEG,0,Real,0,Tiny-GenImage,train,n01632777_25840.JPEG,data/train-00000-of-00014.parquet,139643
pilot_001033,data/raw/tiny-genimage/images/VQDM/VQDM_1000_200_00_041_vqdm_00119.png,1,VQDM,7,Tiny-GenImage,train,VQDM_1000_200_00_041_vqdm_00119.png,data/train-00000-of-00014.parquet,135090
pilot_001034,data/raw/tiny-genimage/images/Real/n01687978_158.JPEG,0,Real,0,Tiny-GenImage,train,n01687978_158.JPEG,data/train-00000-of-00014.parquet,131799
pilot_001035,data/raw/tiny-genimage/images/Wukong/135_wukong_image103.png,1,Wukong,8,Tiny-GenImage,train,135_wukong_image103.png,data/train-00000-of-00014.parquet,455904
pilot_001036,data/raw/tiny-genimage/images/Real/n01667778_5648.JPEG,0,Real,0,Tiny-GenImage,train,n01667778_5648.JPEG,data/train-00000-of-00014.parquet,94937
pilot_001037,data/raw/tiny-genimage/images/ADM/129_adm_118.PNG,1,ADM,1,Tiny-GenImage,train,129_adm_118.PNG,data/train-00000-of-00014.parquet,129264
pilot_001038,data/raw/tiny-genimage/images/Real/n01675722_3843.JPEG,0,Real,0,Tiny-GenImage,train,n01675722_3843.JPEG,data/train-00000-of-00014.parquet,9414
pilot_001039,data/raw/tiny-genimage/images/BigGAN/041_biggan_00191.png,1,BigGAN,2,Tiny-GenImage,train,041_biggan_00191.png,data/train-00000-of-00014.parquet,39495
pilot_001040,data/raw/tiny-genimage/images/Real/n01682714_302.JPEG,0,Real,0,Tiny-GenImage,train,n01682714_302.JPEG,data/train-00000-of-00014.parquet,101532
pilot_001041,data/raw/tiny-genimage/images/GLIDE/GLIDE_1000_200_00_045_glide_00115.png,1,GLIDE,3,Tiny-GenImage,train,GLIDE_1000_200_00_045_glide_00115.png,data/train-00000-of-00014.parquet,95056
pilot_001042,data/raw/tiny-genimage/images/Real/n01669191_11051.JPEG,0,Real,0,Tiny-GenImage,train,n01669191_11051.JPEG,data/train-00000-of-00014.parquet,27981
pilot_001043,data/raw/tiny-genimage/images/Midjourney/130_midjourney_48.png,1,Midjourney,4,Tiny-GenImage,train,130_midjourney_48.png,data/train-00000-of-00014.parquet,941129
pilot_001044,data/raw/tiny-genimage/images/Real/n01667114_10553.JPEG,0,Real,0,Tiny-GenImage,train,n01667114_10553.JPEG,data/train-00000-of-00014.parquet,50743
pilot_001045,data/raw/tiny-genimage/images/SD15/036_sdv5_00036.png,1,SD15,6,Tiny-GenImage,train,036_sdv5_00036.png,data/train-00000-of-00014.parquet,571335
pilot_001046,data/raw/tiny-genimage/images/Real/n01641577_10013.JPEG,0,Real,0,Tiny-GenImage,train,n01641577_10013.JPEG,data/train-00000-of-00014.parquet,154337
pilot_001047,data/raw/tiny-genimage/images/VQDM/VQDM_1000_200_00_043_vqdm_00031.png,1,VQDM,7,Tiny-GenImage,train,VQDM_1000_200_00_043_vqdm_00031.png,data/train-00000-of-00014.parquet,125030
pilot_001048,data/raw/tiny-genimage/images/Real/n01687978_2052.JPEG,0,Real,0,Tiny-GenImage,train,n01687978_2052.JPEG,data/train-00000-of-00014.parquet,105028
pilot_001049,data/raw/tiny-genimage/images/Wukong/136_wukong_image151.png,1,Wukong,8,Tiny-GenImage,train,136_wukong_image151.png,data/train-00000-of-00014.parquet,320443
pilot_001050,data/raw/tiny-genimage/images/Real/n01669191_17125.JPEG,0,Real,0,Tiny-GenImage,train,n01669191_17125.JPEG,data/train-00000-of-00014.parquet,106796
pilot_001051,data/raw/tiny-genimage/images/ADM/130_adm_121.PNG,1,ADM,1,Tiny-GenImage,train,130_adm_121.PNG,data/train-00000-of-00014.parquet,147574
pilot_001052,data/raw/tiny-genimage/images/Real/n01675722_4363.JPEG,0,Real,0,Tiny-GenImage,train,n01675722_4363.JPEG,data/train-00000-of-00014.parquet,37158
pilot_001053,data/raw/tiny-genimage/images/BigGAN/042_biggan_00069.png,1,BigGAN,2,Tiny-GenImage,train,042_biggan_00069.png,data/train-00000-of-00014.parquet,32874
pilot_001054,data/raw/tiny-genimage/images/Real/n01687978_1949.JPEG,0,Real,0,Tiny-GenImage,train,n01687978_1949.JPEG,data/train-00000-of-00014.parquet,230152
pilot_001055,data/raw/tiny-genimage/images/GLIDE/GLIDE_1000_200_00_046_glide_00159.png,1,GLIDE,3,Tiny-GenImage,train,GLIDE_1000_200_00_046_glide_00159.png,data/train-00000-of-00014.parquet,83556
pilot_001056,data/raw/tiny-genimage/images/Real/n01669191_4545.JPEG,0,Real,0,Tiny-GenImage,train,n01669191_4545.JPEG,data/train-00000-of-00014.parquet,209945
pilot_001057,data/raw/tiny-genimage/images/Midjourney/130_midjourney_77.png,1,Midjourney,4,Tiny-GenImage,train,130_midjourney_77.png,data/train-00000-of-00014.parquet,439261
pilot_001058,data/raw/tiny-genimage/images/Real/n01667114_14780.JPEG,0,Real,0,Tiny-GenImage,train,n01667114_14780.JPEG,data/train-00000-of-00014.parquet,92533
pilot_001059,data/raw/tiny-genimage/images/SD15/036_sdv5_00059.png,1,SD15,6,Tiny-GenImage,train,036_sdv5_00059.png,data/train-00000-of-00014.parquet,437589
pilot_001060,data/raw/tiny-genimage/images/Real/n01641577_10030.JPEG,0,Real,0,Tiny-GenImage,train,n01641577_10030.JPEG,data/train-00000-of-00014.parquet,21181
pilot_001061,data/raw/tiny-genimage/images/VQDM/VQDM_1000_200_00_043_vqdm_00068.png,1,VQDM,7,Tiny-GenImage,train,VQDM_1000_200_00_043_vqdm_00068.png,data/train-00000-of-00014.parquet,86739
pilot_001062,data/raw/tiny-genimage/images/Real/n01687978_5486.JPEG,0,Real,0,Tiny-GenImage,train,n01687978_5486.JPEG,data/train-00000-of-00014.parquet,195711
pilot_001063,data/raw/tiny-genimage/images/Wukong/136_wukong_image2.png,1,Wukong,8,Tiny-GenImage,train,136_wukong_image2.png,data/train-00000-of-00014.parquet,440795
pilot_001064,data/raw/tiny-genimage/images/Real/n01669191_2877.JPEG,0,Real,0,Tiny-GenImage,train,n01669191_2877.JPEG,data/train-00000-of-00014.parquet,118619
pilot_001065,data/raw/tiny-genimage/images/ADM/130_adm_133.PNG,1,ADM,1,Tiny-GenImage,train,130_adm_133.PNG,data/train-00000-of-00014.parquet,90691
pilot_001066,data/raw/tiny-genimage/images/Real/n01675722_4616.JPEG,0,Real,0,Tiny-GenImage,train,n01675722_4616.JPEG,data/train-00000-of-00014.parquet,28835
pilot_001067,data/raw/tiny-genimage/images/BigGAN/042_biggan_00154.png,1,BigGAN,2,Tiny-GenImage,train,042_biggan_00154.png,data/train-00000-of-00014.parquet,29061
pilot_001068,data/raw/tiny-genimage/images/Real/n01688243_3101.JPEG,0,Real,0,Tiny-GenImage,train,n01688243_3101.JPEG,data/train-00000-of-00014.parquet,345429
pilot_001069,data/raw/tiny-genimage/images/GLIDE/GLIDE_1000_200_00_047_glide_00030.png,1,GLIDE,3,Tiny-GenImage,train,GLIDE_1000_200_00_047_glide_00030.png,data/train-00000-of-00014.parquet,102292
pilot_001070,data/raw/tiny-genimage/images/Real/n01675722_10070.JPEG,0,Real,0,Tiny-GenImage,train,n01675722_10070.JPEG,data/train-00000-of-00014.parquet,15752
pilot_001071,data/raw/tiny-genimage/images/Midjourney/131_midjourney_139.png,1,Midjourney,4,Tiny-GenImage,train,131_midjourney_139.png,data/train-00000-of-00014.parquet,1147361
pilot_001072,data/raw/tiny-genimage/images/Real/n01667114_2733.JPEG,0,Real,0,Tiny-GenImage,train,n01667114_2733.JPEG,data/train-00000-of-00014.parquet,32283
pilot_001073,data/raw/tiny-genimage/images/SD15/036_sdv5_00134.png,1,SD15,6,Tiny-GenImage,train,036_sdv5_00134.png,data/train-00000-of-00014.parquet,402996
pilot_001074,data/raw/tiny-genimage/images/Real/n01641577_11328.JPEG,0,Real,0,Tiny-GenImage,train,n01641577_11328.JPEG,data/train-00000-of-00014.parquet,116338
pilot_001075,data/raw/tiny-genimage/images/VQDM/VQDM_1000_200_00_043_vqdm_00115.png,1,VQDM,7,Tiny-GenImage,train,VQDM_1000_200_00_043_vqdm_00115.png,data/train-00000-of-00014.parquet,163243
pilot_001076,data/raw/tiny-genimage/images/Real/n01687978_927.JPEG,0,Real,0,Tiny-GenImage,train,n01687978_927.JPEG,data/train-00000-of-00014.parquet,38892
pilot_001077,data/raw/tiny-genimage/images/Wukong/136_wukong_image31.png,1,Wukong,8,Tiny-GenImage,train,136_wukong_image31.png,data/train-00000-of-00014.parquet,463197
pilot_001078,data/raw/tiny-genimage/images/Real/n01669191_4321.JPEG,0,Real,0,Tiny-GenImage,train,n01669191_4321.JPEG,data/train-00000-of-00014.parquet,129340
pilot_001079,data/raw/tiny-genimage/images/ADM/131_adm_11.PNG,1,ADM,1,Tiny-GenImage,train,131_adm_11.PNG,data/train-00000-of-00014.parquet,166720
pilot_001080,data/raw/tiny-genimage/images/Real/n01675722_5304.JPEG,0,Real,0,Tiny-GenImage,train,n01675722_5304.JPEG,data/train-00000-of-00014.parquet,135502
pilot_001081,data/raw/tiny-genimage/images/BigGAN/042_biggan_00173.png,1,BigGAN,2,Tiny-GenImage,train,042_biggan_00173.png,data/train-00000-of-00014.parquet,36879
pilot_001082,data/raw/tiny-genimage/images/Real/n01689811_3401.JPEG,0,Real,0,Tiny-GenImage,train,n01689811_3401.JPEG,data/train-00000-of-00014.parquet,99463
pilot_001083,data/raw/tiny-genimage/images/GLIDE/GLIDE_1000_200_00_047_glide_00146.png,1,GLIDE,3,Tiny-GenImage,train,GLIDE_1000_200_00_047_glide_00146.png,data/train-00000-of-00014.parquet,96161
pilot_001084,data/raw/tiny-genimage/images/Real/n01675722_4664.JPEG,0,Real,0,Tiny-GenImage,train,n01675722_4664.JPEG,data/train-00000-of-00014.parquet,179027
pilot_001085,data/raw/tiny-genimage/images/Midjourney/132_midjourney_12.png,1,Midjourney,4,Tiny-GenImage,train,132_midjourney_12.png,data/train-00000-of-00014.parquet,1358982
pilot_001086,data/raw/tiny-genimage/images/Real/n01667114_3679.JPEG,0,Real,0,Tiny-GenImage,train,n01667114_3679.JPEG,data/train-00000-of-00014.parquet,123165
pilot_001087,data/raw/tiny-genimage/images/SD15/037_sdv5_00167.png,1,SD15,6,Tiny-GenImage,train,037_sdv5_00167.png,data/train-00000-of-00014.parquet,485848
pilot_001088,data/raw/tiny-genimage/images/Real/n01641577_12742.JPEG,0,Real,0,Tiny-GenImage,train,n01641577_12742.JPEG,data/train-00000-of-00014.parquet,158732
pilot_001089,data/raw/tiny-genimage/images/VQDM/VQDM_1000_200_00_043_vqdm_00160.png,1,VQDM,7,Tiny-GenImage,train,VQDM_1000_200_00_043_vqdm_00160.png,data/train-00000-of-00014.parquet,65638
pilot_001090,data/raw/tiny-genimage/images/Real/n01689811_13366.JPEG,0,Real,0,Tiny-GenImage,train,n01689811_13366.JPEG,data/train-00000-of-00014.parquet,90185
pilot_001091,data/raw/tiny-genimage/images/Wukong/136_wukong_image53.png,1,Wukong,8,Tiny-GenImage,train,136_wukong_image53.png,data/train-00000-of-00014.parquet,403125
pilot_001092,data/raw/tiny-genimage/images/Real/n01675722_4265.JPEG,0,Real,0,Tiny-GenImage,train,n01675722_4265.JPEG,data/train-00000-of-00014.parquet,245755
pilot_001093,data/raw/tiny-genimage/images/ADM/131_adm_163.PNG,1,ADM,1,Tiny-GenImage,train,131_adm_163.PNG,data/train-00000-of-00014.parquet,120100
pilot_001094,data/raw/tiny-genimage/images/Real/n01675722_7749.JPEG,0,Real,0,Tiny-GenImage,train,n01675722_7749.JPEG,data/train-00000-of-00014.parquet,94402
pilot_001095,data/raw/tiny-genimage/images/BigGAN/043_biggan_00017.png,1,BigGAN,2,Tiny-GenImage,train,043_biggan_00017.png,data/train-00000-of-00014.parquet,34819
pilot_001096,data/raw/tiny-genimage/images/Real/n01694178_8048.JPEG,0,Real,0,Tiny-GenImage,train,n01694178_8048.JPEG,data/train-00000-of-00014.parquet,167708
pilot_001097,data/raw/tiny-genimage/images/GLIDE/GLIDE_1000_200_00_048_glide_00107.png,1,GLIDE,3,Tiny-GenImage,train,GLIDE_1000_200_00_048_glide_00107.png,data/train-00000-of-00014.parquet,99694
pilot_001098,data/raw/tiny-genimage/images/Real/n01677366_16401.JPEG,0,Real,0,Tiny-GenImage,train,n01677366_16401.JPEG,data/train-00000-of-00014.parquet,130402
pilot_001099,data/raw/tiny-genimage/images/Midjourney/132_midjourney_189.png,1,Midjourney,4,Tiny-GenImage,train,132_midjourney_189.png,data/train-00000-of-00014.parquet,1592113
pilot_001100,data/raw/tiny-genimage/images/Real/n01667114_4256.JPEG,0,Real,0,Tiny-GenImage,train,n01667114_4256.JPEG,data/train-00000-of-00014.parquet,147613
pilot_001101,data/raw/tiny-genimage/images/SD15/038_sdv5_00005.png,1,SD15,6,Tiny-GenImage,train,038_sdv5_00005.png,data/train-00000-of-00014.parquet,364357
pilot_001102,data/raw/tiny-genimage/images/Real/n01641577_22055.JPEG,0,Real,0,Tiny-GenImage,train,n01641577_22055.JPEG,data/train-00000-of-00014.parquet,168940
pilot_001103,data/raw/tiny-genimage/images/VQDM/VQDM_1000_200_00_045_vqdm_00167.png,1,VQDM,7,Tiny-GenImage,train,VQDM_1000_200_00_045_vqdm_00167.png,data/train-00000-of-00014.parquet,151074
pilot_001104,data/raw/tiny-genimage/images/Real/n01689811_2020.JPEG,0,Real,0,Tiny-GenImage,train,n01689811_2020.JPEG,data/train-00000-of-00014.parquet,144254
pilot_001105,data/raw/tiny-genimage/images/Wukong/136_wukong_image85.png,1,Wukong,8,Tiny-GenImage,train,136_wukong_image85.png,data/train-00000-of-00014.parquet,522668
pilot_001106,data/raw/tiny-genimage/images/Real/n01675722_5452.JPEG,0,Real,0,Tiny-GenImage,train,n01675722_5452.JPEG,data/train-00000-of-00014.parquet,19539
pilot_001107,data/raw/tiny-genimage/images/ADM/132_adm_164.PNG,1,ADM,1,Tiny-GenImage,train,132_adm_164.PNG,data/train-00000-of-00014.parquet,118669
pilot_001108,data/raw/tiny-genimage/images/Real/n01677366_38508.JPEG,0,Real,0,Tiny-GenImage,train,n01677366_38508.JPEG,data/train-00000-of-00014.parquet,218016
pilot_001109,data/raw/tiny-genimage/images/BigGAN/043_biggan_00045.png,1,BigGAN,2,Tiny-GenImage,train,043_biggan_00045.png,data/train-00000-of-00014.parquet,34770
pilot_001110,data/raw/tiny-genimage/images/Real/n01695060_13990.JPEG,0,Real,0,Tiny-GenImage,train,n01695060_13990.JPEG,data/train-00000-of-00014.parquet,169639
pilot_001111,data/raw/tiny-genimage/images/GLIDE/GLIDE_1000_200_00_048_glide_00193.png,1,GLIDE,3,Tiny-GenImage,train,GLIDE_1000_200_00_048_glide_00193.png,data/train-00000-of-00014.parquet,105163
pilot_001112,data/raw/tiny-genimage/images/Real/n01677366_16665.JPEG,0,Real,0,Tiny-GenImage,train,n01677366_16665.JPEG,data/train-00000-of-00014.parquet,87194
pilot_001113,data/raw/tiny-genimage/images/Midjourney/132_midjourney_21.png,1,Midjourney,4,Tiny-GenImage,train,132_midjourney_21.png,data/train-00000-of-00014.parquet,1074883
pilot_001114,data/raw/tiny-genimage/images/Real/n01667778_19239.JPEG,0,Real,0,Tiny-GenImage,train,n01667778_19239.JPEG,data/train-00000-of-00014.parquet,93034
pilot_001115,data/raw/tiny-genimage/images/SD15/038_sdv5_00021.png,1,SD15,6,Tiny-GenImage,train,038_sdv5_00021.png,data/train-00000-of-00014.parquet,414794
pilot_001116,data/raw/tiny-genimage/images/Real/n01641577_22907.JPEG,0,Real,0,Tiny-GenImage,train,n01641577_22907.JPEG,data/train-00000-of-00014.parquet,127691
pilot_001117,data/raw/tiny-genimage/images/VQDM/VQDM_1000_200_00_046_vqdm_00077.png,1,VQDM,7,Tiny-GenImage,train,VQDM_1000_200_00_046_vqdm_00077.png,data/train-00000-of-00014.parquet,113383
pilot_001118,data/raw/tiny-genimage/images/Real/n01689811_2353.JPEG,0,Real,0,Tiny-GenImage,train,n01689811_2353.JPEG,data/train-00000-of-00014.parquet,50020
pilot_001119,data/raw/tiny-genimage/images/Wukong/137_wukong_image137.png,1,Wukong,8,Tiny-GenImage,train,137_wukong_image137.png,data/train-00000-of-00014.parquet,411327
pilot_001120,data/raw/tiny-genimage/images/Real/n01682714_16763.JPEG,0,Real,0,Tiny-GenImage,train,n01682714_16763.JPEG,data/train-00000-of-00014.parquet,113754
pilot_001121,data/raw/tiny-genimage/images/ADM/132_adm_189.PNG,1,ADM,1,Tiny-GenImage,train,132_adm_189.PNG,data/train-00000-of-00014.parquet,66374
pilot_001122,data/raw/tiny-genimage/images/Real/n01682714_5337.JPEG,0,Real,0,Tiny-GenImage,train,n01682714_5337.JPEG,data/train-00000-of-00014.parquet,84135
pilot_001123,data/raw/tiny-genimage/images/BigGAN/044_biggan_00043.png,1,BigGAN,2,Tiny-GenImage,train,044_biggan_00043.png,data/train-00000-of-00014.parquet,38704
pilot_001124,data/raw/tiny-genimage/images/Real/n01695060_34284.JPEG,0,Real,0,Tiny-GenImage,train,n01695060_34284.JPEG,data/train-00000-of-00014.parquet,152334
pilot_001125,data/raw/tiny-genimage/images/GLIDE/GLIDE_1000_200_00_049_glide_00082.png,1,GLIDE,3,Tiny-GenImage,train,GLIDE_1000_200_00_049_glide_00082.png,data/train-00000-of-00014.parquet,120943
pilot_001126,data/raw/tiny-genimage/images/Real/n01677366_21239.JPEG,0,Real,0,Tiny-GenImage,train,n01677366_21239.JPEG,data/train-00000-of-00014.parquet,103196
pilot_001127,data/raw/tiny-genimage/images/Midjourney/133_midjourney_59.png,1,Midjourney,4,Tiny-GenImage,train,133_midjourney_59.png,data/train-00000-of-00014.parquet,1244185
pilot_001128,data/raw/tiny-genimage/images/Real/n01667778_2048.JPEG,0,Real,0,Tiny-GenImage,train,n01667778_2048.JPEG,data/train-00000-of-00014.parquet,89514
pilot_001129,data/raw/tiny-genimage/images/SD15/038_sdv5_00088.png,1,SD15,6,Tiny-GenImage,train,038_sdv5_00088.png,data/train-00000-of-00014.parquet,408281
pilot_001130,data/raw/tiny-genimage/images/Real/n01644373_14378.JPEG,0,Real,0,Tiny-GenImage,train,n01644373_14378.JPEG,data/train-00000-of-00014.parquet,136647
pilot_001131,data/raw/tiny-genimage/images/VQDM/VQDM_1000_200_00_048_vqdm_00032.png,1,VQDM,7,Tiny-GenImage,train,VQDM_1000_200_00_048_vqdm_00032.png,data/train-00000-of-00014.parquet,160090
pilot_001132,data/raw/tiny-genimage/images/Real/n01689811_3167.JPEG,0,Real,0,Tiny-GenImage,train,n01689811_3167.JPEG,data/train-00000-of-00014.parquet,32236
pilot_001133,data/raw/tiny-genimage/images/Wukong/138_wukong_image0.png,1,Wukong,8,Tiny-GenImage,train,138_wukong_image0.png,data/train-00000-of-00014.parquet,515037
pilot_001134,data/raw/tiny-genimage/images/Real/n01682714_18222.JPEG,0,Real,0,Tiny-GenImage,train,n01682714_18222.JPEG,data/train-00000-of-00014.parquet,99095
pilot_001135,data/raw/tiny-genimage/images/ADM/132_adm_43.PNG,1,ADM,1,Tiny-GenImage,train,132_adm_43.PNG,data/train-00000-of-00014.parquet,149143
pilot_001136,data/raw/tiny-genimage/images/Real/n01685808_3251.JPEG,0,Real,0,Tiny-GenImage,train,n01685808_3251.JPEG,data/train-00000-of-00014.parquet,134105
pilot_001137,data/raw/tiny-genimage/images/BigGAN/044_biggan_00087.png,1,BigGAN,2,Tiny-GenImage,train,044_biggan_00087.png,data/train-00000-of-00014.parquet,39022
pilot_001138,data/raw/tiny-genimage/images/Real/n01697457_10610.JPEG,0,Real,0,Tiny-GenImage,train,n01697457_10610.JPEG,data/train-00000-of-00014.parquet,182831
pilot_001139,data/raw/tiny-genimage/images/GLIDE/GLIDE_1000_200_00_050_glide_00102.png,1,GLIDE,3,Tiny-GenImage,train,GLIDE_1000_200_00_050_glide_00102.png,data/train-00000-of-00014.parquet,123259
pilot_001140,data/raw/tiny-genimage/images/Real/n01682714_15252.JPEG,0,Real,0,Tiny-GenImage,train,n01682714_15252.JPEG,data/train-00000-of-00014.parquet,17295
pilot_001141,data/raw/tiny-genimage/images/Midjourney/133_midjourney_70.png,1,Midjourney,4,Tiny-GenImage,train,133_midjourney_70.png,data/train-00000-of-00014.parquet,1312724
pilot_001142,data/raw/tiny-genimage/images/Real/n01667778_8663.JPEG,0,Real,0,Tiny-GenImage,train,n01667778_8663.JPEG,data/train-00000-of-00014.parquet,104200
pilot_001143,data/raw/tiny-genimage/images/SD15/038_sdv5_00180.png,1,SD15,6,Tiny-GenImage,train,038_sdv5_00180.png,data/train-00000-of-00014.parquet,411532
pilot_001144,data/raw/tiny-genimage/images/Real/n01644900_3200.JPEG,0,Real,0,Tiny-GenImage,train,n01644900_3200.JPEG,data/train-00000-of-00014.parquet,151139
pilot_001145,data/raw/tiny-genimage/images/VQDM/VQDM_1000_200_00_048_vqdm_00179.png,1,VQDM,7,Tiny-GenImage,train,VQDM_1000_200_00_048_vqdm_00179.png,data/train-00000-of-00014.parquet,131432
pilot_001146,data/raw/tiny-genimage/images/Real/n01689811_3282.JPEG,0,Real,0,Tiny-GenImage,train,n01689811_3282.JPEG,data/train-00000-of-00014.parquet,83195
pilot_001147,data/raw/tiny-genimage/images/Wukong/139_wukong_image122.png,1,Wukong,8,Tiny-GenImage,train,139_wukong_image122.png,data/train-00000-of-00014.parquet,398133
pilot_001148,data/raw/tiny-genimage/images/Real/n01682714_2331.JPEG,0,Real,0,Tiny-GenImage,train,n01682714_2331.JPEG,data/train-00000-of-00014.parquet,85973
pilot_001149,data/raw/tiny-genimage/images/ADM/133_adm_141.PNG,1,ADM,1,Tiny-GenImage,train,133_adm_141.PNG,data/train-00000-of-00014.parquet,103127
pilot_001150,data/raw/tiny-genimage/images/Real/n01687978_10768.JPEG,0,Real,0,Tiny-GenImage,train,n01687978_10768.JPEG,data/train-00000-of-00014.parquet,96469
pilot_001151,data/raw/tiny-genimage/images/BigGAN/044_biggan_00191.png,1,BigGAN,2,Tiny-GenImage,train,044_biggan_00191.png,data/train-00000-of-00014.parquet,40333
pilot_001152,data/raw/tiny-genimage/images/Real/n01697457_1191.JPEG,0,Real,0,Tiny-GenImage,train,n01697457_1191.JPEG,data/train-00000-of-00014.parquet,119863
pilot_001153,data/raw/tiny-genimage/images/GLIDE/GLIDE_1000_200_00_050_glide_00103.png,1,GLIDE,3,Tiny-GenImage,train,GLIDE_1000_200_00_050_glide_00103.png,data/train-00000-of-00014.parquet,122478
pilot_001154,data/raw/tiny-genimage/images/Real/n01682714_2682.JPEG,0,Real,0,Tiny-GenImage,train,n01682714_2682.JPEG,data/train-00000-of-00014.parquet,387729
pilot_001155,data/raw/tiny-genimage/images/Midjourney/134_midjourney_185.png,1,Midjourney,4,Tiny-GenImage,train,134_midjourney_185.png,data/train-00000-of-00014.parquet,1413423
pilot_001156,data/raw/tiny-genimage/images/Real/n01667778_9320.JPEG,0,Real,0,Tiny-GenImage,train,n01667778_9320.JPEG,data/train-00000-of-00014.parquet,68843
pilot_001157,data/raw/tiny-genimage/images/SD15/040_sdv5_00088.png,1,SD15,6,Tiny-GenImage,train,040_sdv5_00088.png,data/train-00000-of-00014.parquet,485596
pilot_001158,data/raw/tiny-genimage/images/Real/n01644900_8403.JPEG,0,Real,0,Tiny-GenImage,train,n01644900_8403.JPEG,data/train-00000-of-00014.parquet,13322
pilot_001159,data/raw/tiny-genimage/images/VQDM/VQDM_1000_200_00_049_vqdm_00128.png,1,VQDM,7,Tiny-GenImage,train,VQDM_1000_200_00_049_vqdm_00128.png,data/train-00000-of-00014.parquet,134804
pilot_001160,data/raw/tiny-genimage/images/Real/n01689811_6421.JPEG,0,Real,0,Tiny-GenImage,train,n01689811_6421.JPEG,data/train-00000-of-00014.parquet,97142
pilot_001161,data/raw/tiny-genimage/images/Wukong/139_wukong_image8.png,1,Wukong,8,Tiny-GenImage,train,139_wukong_image8.png,data/train-00000-of-00014.parquet,503907
pilot_001162,data/raw/tiny-genimage/images/Real/n01682714_7582.JPEG,0,Real,0,Tiny-GenImage,train,n01682714_7582.JPEG,data/train-00000-of-00014.parquet,79411
pilot_001163,data/raw/tiny-genimage/images/ADM/133_adm_173.PNG,1,ADM,1,Tiny-GenImage,train,133_adm_173.PNG,data/train-00000-of-00014.parquet,179856
pilot_001164,data/raw/tiny-genimage/images/Real/n01687978_1639.JPEG,0,Real,0,Tiny-GenImage,train,n01687978_1639.JPEG,data/train-00000-of-00014.parquet,86791
pilot_001165,data/raw/tiny-genimage/images/BigGAN/044_biggan_00196.png,1,BigGAN,2,Tiny-GenImage,train,044_biggan_00196.png,data/train-00000-of-00014.parquet,42225
pilot_001166,data/raw/tiny-genimage/images/Real/n01697457_1520.JPEG,0,Real,0,Tiny-GenImage,train,n01697457_1520.JPEG,data/train-00000-of-00014.parquet,167189
pilot_001167,data/raw/tiny-genimage/images/GLIDE/GLIDE_1000_200_00_051_glide_00049.png,1,GLIDE,3,Tiny-GenImage,train,GLIDE_1000_200_00_051_glide_00049.png,data/train-00000-of-00014.parquet,74012
pilot_001168,data/raw/tiny-genimage/images/Real/n01682714_9847.JPEG,0,Real,0,Tiny-GenImage,train,n01682714_9847.JPEG,data/train-00000-of-00014.parquet,125231
pilot_001169,data/raw/tiny-genimage/images/Midjourney/136_midjourney_0.png,1,Midjourney,4,Tiny-GenImage,train,136_midjourney_0.png,data/train-00000-of-00014.parquet,1127668
pilot_001170,data/raw/tiny-genimage/images/Real/n01675722_1511.JPEG,0,Real,0,Tiny-GenImage,train,n01675722_1511.JPEG,data/train-00000-of-00014.parquet,168723
pilot_001171,data/raw/tiny-genimage/images/SD15/040_sdv5_00097.png,1,SD15,6,Tiny-GenImage,train,040_sdv5_00097.png,data/train-00000-of-00014.parquet,556906
pilot_001172,data/raw/tiny-genimage/images/Real/n01664065_21610.JPEG,0,Real,0,Tiny-GenImage,train,n01664065_21610.JPEG,data/train-00000-of-00014.parquet,89115
pilot_001173,data/raw/tiny-genimage/images/VQDM/VQDM_1000_200_00_049_vqdm_00159.png,1,VQDM,7,Tiny-GenImage,train,VQDM_1000_200_00_049_vqdm_00159.png,data/train-00000-of-00014.parquet,133844
pilot_001174,data/raw/tiny-genimage/images/Real/n01692333_12385.JPEG,0,Real,0,Tiny-GenImage,train,n01692333_12385.JPEG,data/train-00000-of-00014.parquet,100443
pilot_001175,data/raw/tiny-genimage/images/Wukong/13_wukong_image103.png,1,Wukong,8,Tiny-GenImage,train,13_wukong_image103.png,data/train-00000-of-00014.parquet,389286
pilot_001176,data/raw/tiny-genimage/images/Real/n01685808_10317.JPEG,0,Real,0,Tiny-GenImage,train,n01685808_10317.JPEG,data/train-00000-of-00014.parquet,147815
pilot_001177,data/raw/tiny-genimage/images/ADM/134_adm_139.PNG,1,ADM,1,Tiny-GenImage,train,134_adm_139.PNG,data/train-00000-of-00014.parquet,188281
pilot_001178,data/raw/tiny-genimage/images/Real/n01689811_3524.JPEG,0,Real,0,Tiny-GenImage,train,n01689811_3524.JPEG,data/train-00000-of-00014.parquet,244431
pilot_001179,data/raw/tiny-genimage/images/BigGAN/045_biggan_00070.png,1,BigGAN,2,Tiny-GenImage,train,045_biggan_00070.png,data/train-00000-of-00014.parquet,39176
pilot_001180,data/raw/tiny-genimage/images/Real/n01697457_20098.JPEG,0,Real,0,Tiny-GenImage,train,n01697457_20098.JPEG,data/train-00000-of-00014.parquet,139154
pilot_001181,data/raw/tiny-genimage/images/GLIDE/GLIDE_1000_200_00_051_glide_00128.png,1,GLIDE,3,Tiny-GenImage,train,GLIDE_1000_200_00_051_glide_00128.png,data/train-00000-of-00014.parquet,87615
pilot_001182,data/raw/tiny-genimage/images/Real/n01685808_5006.JPEG,0,Real,0,Tiny-GenImage,train,n01685808_5006.JPEG,data/train-00000-of-00014.parquet,141238
pilot_001183,data/raw/tiny-genimage/images/Midjourney/136_midjourney_144.png,1,Midjourney,4,Tiny-GenImage,train,136_midjourney_144.png,data/train-00000-of-00014.parquet,1122205
pilot_001184,data/raw/tiny-genimage/images/Real/n01675722_1931.JPEG,0,Real,0,Tiny-GenImage,train,n01675722_1931.JPEG,data/train-00000-of-00014.parquet,177798
pilot_001185,data/raw/tiny-genimage/images/SD15/041_sdv5_00136.png,1,SD15,6,Tiny-GenImage,train,041_sdv5_00136.png,data/train-00000-of-00014.parquet,452005
pilot_001186,data/raw/tiny-genimage/images/Real/n01664065_29111.JPEG,0,Real,0,Tiny-GenImage,train,n01664065_29111.JPEG,data/train-00000-of-00014.parquet,37779
pilot_001187,data/raw/tiny-genimage/images/VQDM/VQDM_1000_200_00_051_vqdm_00013.png,1,VQDM,7,Tiny-GenImage,train,VQDM_1000_200_00_051_vqdm_00013.png,data/train-00000-of-00014.parquet,131608
pilot_001188,data/raw/tiny-genimage/images/Real/n01693334_10385.JPEG,0,Real,0,Tiny-GenImage,train,n01693334_10385.JPEG,data/train-00000-of-00014.parquet,62253
pilot_001189,data/raw/tiny-genimage/images/Wukong/13_wukong_image127.png,1,Wukong,8,Tiny-GenImage,train,13_wukong_image127.png,data/train-00000-of-00014.parquet,580471
pilot_001190,data/raw/tiny-genimage/images/Real/n01685808_5699.JPEG,0,Real,0,Tiny-GenImage,train,n01685808_5699.JPEG,data/train-00000-of-00014.parquet,175973
pilot_001191,data/raw/tiny-genimage/images/ADM/134_adm_40.PNG,1,ADM,1,Tiny-GenImage,train,134_adm_40.PNG,data/train-00000-of-00014.parquet,111973
pilot_001192,data/raw/tiny-genimage/images/Real/n01689811_5343.JPEG,0,Real,0,Tiny-GenImage,train,n01689811_5343.JPEG,data/train-00000-of-00014.parquet,129722
pilot_001193,data/raw/tiny-genimage/images/BigGAN/045_biggan_00108.png,1,BigGAN,2,Tiny-GenImage,train,045_biggan_00108.png,data/train-00000-of-00014.parquet,39463
pilot_001194,data/raw/tiny-genimage/images/Real/n01698640_11172.JPEG,0,Real,0,Tiny-GenImage,train,n01698640_11172.JPEG,data/train-00000-of-00014.parquet,155397
pilot_001195,data/raw/tiny-genimage/images/GLIDE/GLIDE_1000_200_00_051_glide_00130.png,1,GLIDE,3,Tiny-GenImage,train,GLIDE_1000_200_00_051_glide_00130.png,data/train-00000-of-00014.parquet,73349
pilot_001196,data/raw/tiny-genimage/images/Real/n01685808_5744.JPEG,0,Real,0,Tiny-GenImage,train,n01685808_5744.JPEG,data/train-00000-of-00014.parquet,23011
pilot_001197,data/raw/tiny-genimage/images/Midjourney/136_midjourney_18.png,1,Midjourney,4,Tiny-GenImage,train,136_midjourney_18.png,data/train-00000-of-00014.parquet,1159638
pilot_001198,data/raw/tiny-genimage/images/Real/n01677366_18794.JPEG,0,Real,0,Tiny-GenImage,train,n01677366_18794.JPEG,data/train-00000-of-00014.parquet,222959
pilot_001199,data/raw/tiny-genimage/images/SD15/042_sdv5_00057.png,1,SD15,6,Tiny-GenImage,train,042_sdv5_00057.png,data/train-00000-of-00014.parquet,577113
pilot_001200,data/raw/tiny-genimage/images/Real/n01664065_9489.JPEG,0,Real,0,Tiny-GenImage,train,n01664065_9489.JPEG,data/train-00000-of-00014.parquet,108461
pilot_001201,data/raw/tiny-genimage/images/VQDM/VQDM_1000_200_00_051_vqdm_00068.png,1,VQDM,7,Tiny-GenImage,train,VQDM_1000_200_00_051_vqdm_00068.png,data/train-00000-of-00014.parquet,135389
pilot_001202,data/raw/tiny-genimage/images/Real/n01693334_2185.JPEG,0,Real,0,Tiny-GenImage,train,n01693334_2185.JPEG,data/train-00000-of-00014.parquet,83991
pilot_001203,data/raw/tiny-genimage/images/Wukong/13_wukong_image170.png,1,Wukong,8,Tiny-GenImage,train,13_wukong_image170.png,data/train-00000-of-00014.parquet,542384
pilot_001204,data/raw/tiny-genimage/images/Real/n01685808_692.JPEG,0,Real,0,Tiny-GenImage,train,n01685808_692.JPEG,data/train-00000-of-00014.parquet,40324
pilot_001205,data/raw/tiny-genimage/images/ADM/134_adm_44.PNG,1,ADM,1,Tiny-GenImage,train,134_adm_44.PNG,data/train-00000-of-00014.parquet,148092
pilot_001206,data/raw/tiny-genimage/images/Real/n01692333_12474.JPEG,0,Real,0,Tiny-GenImage,train,n01692333_12474.JPEG,data/train-00000-of-00014.parquet,199811
pilot_001207,data/raw/tiny-genimage/images/BigGAN/046_biggan_00048.png,1,BigGAN,2,Tiny-GenImage,train,046_biggan_00048.png,data/train-00000-of-00014.parquet,32772
pilot_001208,data/raw/tiny-genimage/images/Real/n01698640_17609.JPEG,0,Real,0,Tiny-GenImage,train,n01698640_17609.JPEG,data/train-00000-of-00014.parquet,152854
pilot_001209,data/raw/tiny-genimage/images/GLIDE/GLIDE_1000_200_00_051_glide_00166.png,1,GLIDE,3,Tiny-GenImage,train,GLIDE_1000_200_00_051_glide_00166.png,data/train-00000-of-00014.parquet,81126
pilot_001210,data/raw/tiny-genimage/images/Real/n01685808_8363.JPEG,0,Real,0,Tiny-GenImage,train,n01685808_8363.JPEG,data/train-00000-of-00014.parquet,30063
pilot_001211,data/raw/tiny-genimage/images/Midjourney/136_midjourney_193.png,1,Midjourney,4,Tiny-GenImage,train,136_midjourney_193.png,data/train-00000-of-00014.parquet,1338955
pilot_001212,data/raw/tiny-genimage/images/Real/n01682714_11484.JPEG,0,Real,0,Tiny-GenImage,train,n01682714_11484.JPEG,data/train-00000-of-00014.parquet,119511
pilot_001213,data/raw/tiny-genimage/images/SD15/043_sdv5_00028.png,1,SD15,6,Tiny-GenImage,train,043_sdv5_00028.png,data/train-00000-of-00014.parquet,520513
pilot_001214,data/raw/tiny-genimage/images/Real/n01665541_5718.JPEG,0,Real,0,Tiny-GenImage,train,n01665541_5718.JPEG,data/train-00000-of-00014.parquet,120121
pilot_001215,data/raw/tiny-genimage/images/VQDM/VQDM_1000_200_00_052_vqdm_00005.png,1,VQDM,7,Tiny-GenImage,train,VQDM_1000_200_00_052_vqdm_00005.png,data/train-00000-of-00014.parquet,105605
pilot_001216,data/raw/tiny-genimage/images/Real/n01693334_5817.JPEG,0,Real,0,Tiny-GenImage,train,n01693334_5817.JPEG,data/train-00000-of-00014.parquet,110345
pilot_001217,data/raw/tiny-genimage/images/Wukong/13_wukong_image69.png,1,Wukong,8,Tiny-GenImage,train,13_wukong_image69.png,data/train-00000-of-00014.parquet,415294
pilot_001218,data/raw/tiny-genimage/images/Real/n01687978_1809.JPEG,0,Real,0,Tiny-GenImage,train,n01687978_1809.JPEG,data/train-00000-of-00014.parquet,82252
pilot_001219,data/raw/tiny-genimage/images/ADM/135_adm_80.PNG,1,ADM,1,Tiny-GenImage,train,135_adm_80.PNG,data/train-00000-of-00014.parquet,152299
pilot_001220,data/raw/tiny-genimage/images/Real/n01692333_1379.JPEG,0,Real,0,Tiny-GenImage,train,n01692333_1379.JPEG,data/train-00000-of-00014.parquet,84996
pilot_001221,data/raw/tiny-genimage/images/BigGAN/046_biggan_00079.png,1,BigGAN,2,Tiny-GenImage,train,046_biggan_00079.png,data/train-00000-of-00014.parquet,37901
pilot_001222,data/raw/tiny-genimage/images/Real/n01698640_2616.JPEG,0,Real,0,Tiny-GenImage,train,n01698640_2616.JPEG,data/train-00000-of-00014.parquet,125259
pilot_001223,data/raw/tiny-genimage/images/GLIDE/GLIDE_1000_200_00_052_glide_00022.png,1,GLIDE,3,Tiny-GenImage,train,GLIDE_1000_200_00_052_glide_00022.png,data/train-00000-of-00014.parquet,85312
pilot_001224,data/raw/tiny-genimage/images/Real/n01687978_10119.JPEG,0,Real,0,Tiny-GenImage,train,n01687978_10119.JPEG,data/train-00000-of-00014.parquet,72706
pilot_001225,data/raw/tiny-genimage/images/Midjourney/136_midjourney_56.png,1,Midjourney,4,Tiny-GenImage,train,136_midjourney_56.png,data/train-00000-of-00014.parquet,1393014
pilot_001226,data/raw/tiny-genimage/images/Real/n01682714_2333.JPEG,0,Real,0,Tiny-GenImage,train,n01682714_2333.JPEG,data/train-00000-of-00014.parquet,143409
pilot_001227,data/raw/tiny-genimage/images/SD15/043_sdv5_00136.png,1,SD15,6,Tiny-GenImage,train,043_sdv5_00136.png,data/train-00000-of-00014.parquet,521014
pilot_001228,data/raw/tiny-genimage/images/Real/n01667778_5895.JPEG,0,Real,0,Tiny-GenImage,train,n01667778_5895.JPEG,data/train-00000-of-00014.parquet,161401
pilot_001229,data/raw/tiny-genimage/images/VQDM/VQDM_1000_200_00_052_vqdm_00128.png,1,VQDM,7,Tiny-GenImage,train,VQDM_1000_200_00_052_vqdm_00128.png,data/train-00000-of-00014.parquet,185027
pilot_001230,data/raw/tiny-genimage/images/Real/n01693334_8807.JPEG,0,Real,0,Tiny-GenImage,train,n01693334_8807.JPEG,data/train-00000-of-00014.parquet,140355
pilot_001231,data/raw/tiny-genimage/images/Wukong/140_wukong_image134.png,1,Wukong,8,Tiny-GenImage,train,140_wukong_image134.png,data/train-00000-of-00014.parquet,411181
pilot_001232,data/raw/tiny-genimage/images/Real/n01688243_3652.JPEG,0,Real,0,Tiny-GenImage,train,n01688243_3652.JPEG,data/train-00000-of-00014.parquet,4091
pilot_001233,data/raw/tiny-genimage/images/ADM/135_adm_86.PNG,1,ADM,1,Tiny-GenImage,train,135_adm_86.PNG,data/train-00000-of-00014.parquet,187372
pilot_001234,data/raw/tiny-genimage/images/Real/n01693334_12364.JPEG,0,Real,0,Tiny-GenImage,train,n01693334_12364.JPEG,data/train-00000-of-00014.parquet,137584
pilot_001235,data/raw/tiny-genimage/images/BigGAN/047_biggan_00193.png,1,BigGAN,2,Tiny-GenImage,train,047_biggan_00193.png,data/train-00000-of-00014.parquet,36211
pilot_001236,data/raw/tiny-genimage/images/Real/n01698640_516.JPEG,0,Real,0,Tiny-GenImage,train,n01698640_516.JPEG,data/train-00000-of-00014.parquet,177847
pilot_001237,data/raw/tiny-genimage/images/GLIDE/GLIDE_1000_200_00_052_glide_00058.png,1,GLIDE,3,Tiny-GenImage,train,GLIDE_1000_200_00_052_glide_00058.png,data/train-00000-of-00014.parquet,110502
pilot_001238,data/raw/tiny-genimage/images/Real/n01687978_1968.JPEG,0,Real,0,Tiny-GenImage,train,n01687978_1968.JPEG,data/train-00000-of-00014.parquet,134082
pilot_001239,data/raw/tiny-genimage/images/Midjourney/136_midjourney_82.png,1,Midjourney,4,Tiny-GenImage,train,136_midjourney_82.png,data/train-00000-of-00014.parquet,1266771
pilot_001240,data/raw/tiny-genimage/images/Real/n01682714_2822.JPEG,0,Real,0,Tiny-GenImage,train,n01682714_2822.JPEG,data/train-00000-of-00014.parquet,100242
pilot_001241,data/raw/tiny-genimage/images/SD15/043_sdv5_00144.png,1,SD15,6,Tiny-GenImage,train,043_sdv5_00144.png,data/train-00000-of-00014.parquet,435529
pilot_001242,data/raw/tiny-genimage/images/Real/n01669191_4084.JPEG,0,Real,0,Tiny-GenImage,train,n01669191_4084.JPEG,data/train-00000-of-00014.parquet,152867
pilot_001243,data/raw/tiny-genimage/images/VQDM/VQDM_1000_200_00_052_vqdm_00191.png,1,VQDM,7,Tiny-GenImage,train,VQDM_1000_200_00_052_vqdm_00191.png,data/train-00000-of-00014.parquet,87803
pilot_001244,data/raw/tiny-genimage/images/Real/n01694178_1000.JPEG,0,Real,0,Tiny-GenImage,train,n01694178_1000.JPEG,data/train-00000-of-00014.parquet,104087
pilot_001245,data/raw/tiny-genimage/images/Wukong/141_wukong_image141.png,1,Wukong,8,Tiny-GenImage,train,141_wukong_image141.png,data/train-00000-of-00014.parquet,392182
pilot_001246,data/raw/tiny-genimage/images/Real/n01689811_12365.JPEG,0,Real,0,Tiny-GenImage,train,n01689811_12365.JPEG,data/train-00000-of-00014.parquet,161583
pilot_001247,data/raw/tiny-genimage/images/ADM/136_adm_89.PNG,1,ADM,1,Tiny-GenImage,train,136_adm_89.PNG,data/train-00000-of-00014.parquet,129950
pilot_001248,data/raw/tiny-genimage/images/Real/n01693334_7808.JPEG,0,Real,0,Tiny-GenImage,train,n01693334_7808.JPEG,data/train-00000-of-00014.parquet,185485
pilot_001249,data/raw/tiny-genimage/images/BigGAN/048_biggan_00005.png,1,BigGAN,2,Tiny-GenImage,train,048_biggan_00005.png,data/train-00000-of-00014.parquet,33485
pilot_001250,data/raw/tiny-genimage/images/Real/n01698640_8500.JPEG,0,Real,0,Tiny-GenImage,train,n01698640_8500.JPEG,data/train-00000-of-00014.parquet,155402
pilot_001251,data/raw/tiny-genimage/images/GLIDE/GLIDE_1000_200_00_052_glide_00157.png,1,GLIDE,3,Tiny-GenImage,train,GLIDE_1000_200_00_052_glide_00157.png,data/train-00000-of-00014.parquet,98172
pilot_001252,data/raw/tiny-genimage/images/Real/n01687978_3111.JPEG,0,Real,0,Tiny-GenImage,train,n01687978_3111.JPEG,data/train-00000-of-00014.parquet,119705
pilot_001253,data/raw/tiny-genimage/images/Midjourney/137_midjourney_141.png,1,Midjourney,4,Tiny-GenImage,train,137_midjourney_141.png,data/train-00000-of-00014.parquet,1323915
pilot_001254,data/raw/tiny-genimage/images/Real/n01682714_799.JPEG,0,Real,0,Tiny-GenImage,train,n01682714_799.JPEG,data/train-00000-of-00014.parquet,218933
pilot_001255,data/raw/tiny-genimage/images/SD15/043_sdv5_00191.png,1,SD15,6,Tiny-GenImage,train,043_sdv5_00191.png,data/train-00000-of-00014.parquet,393460
pilot_001256,data/raw/tiny-genimage/images/Real/n01677366_11444.JPEG,0,Real,0,Tiny-GenImage,train,n01677366_11444.JPEG,data/train-00000-of-00014.parquet,179977
pilot_001257,data/raw/tiny-genimage/images/VQDM/VQDM_1000_200_00_053_vqdm_00101.png,1,VQDM,7,Tiny-GenImage,train,VQDM_1000_200_00_053_vqdm_00101.png,data/train-00000-of-00014.parquet,141871
pilot_001258,data/raw/tiny-genimage/images/Real/n01694178_1700.JPEG,0,Real,0,Tiny-GenImage,train,n01694178_1700.JPEG,data/train-00000-of-00014.parquet,1709051
pilot_001259,data/raw/tiny-genimage/images/Wukong/141_wukong_image7.png,1,Wukong,8,Tiny-GenImage,train,141_wukong_image7.png,data/train-00000-of-00014.parquet,347904
pilot_001260,data/raw/tiny-genimage/images/Real/n01689811_9443.JPEG,0,Real,0,Tiny-GenImage,train,n01689811_9443.JPEG,data/train-00000-of-00014.parquet,203634
pilot_001261,data/raw/tiny-genimage/images/ADM/137_adm_172.PNG,1,ADM,1,Tiny-GenImage,train,137_adm_172.PNG,data/train-00000-of-00014.parquet,73038
pilot_001262,data/raw/tiny-genimage/images/Real/n01694178_433.JPEG,0,Real,0,Tiny-GenImage,train,n01694178_433.JPEG,data/train-00000-of-00014.parquet,50004
pilot_001263,data/raw/tiny-genimage/images/BigGAN/049_biggan_00054.png,1,BigGAN,2,Tiny-GenImage,train,049_biggan_00054.png,data/train-00000-of-00014.parquet,40191
pilot_001264,data/raw/tiny-genimage/images/Real/n01704323_3654.JPEG,0,Real,0,Tiny-GenImage,train,n01704323_3654.JPEG,data/train-00000-of-00014.parquet,168530
pilot_001265,data/raw/tiny-genimage/images/GLIDE/GLIDE_1000_200_00_053_glide_00055.png,1,GLIDE,3,Tiny-GenImage,train,GLIDE_1000_200_00_053_glide_00055.png,data/train-00000-of-00014.parquet,92191
pilot_001266,data/raw/tiny-genimage/images/Real/n01687978_4744.JPEG,0,Real,0,Tiny-GenImage,train,n01687978_4744.JPEG,data/train-00000-of-00014.parquet,70009
pilot_001267,data/raw/tiny-genimage/images/Midjourney/137_midjourney_160.png,1,Midjourney,4,Tiny-GenImage,train,137_midjourney_160.png,data/train-00000-of-00014.parquet,1385570
pilot_001268,data/raw/tiny-genimage/images/Real/n01685808_7839.JPEG,0,Real,0,Tiny-GenImage,train,n01685808_7839.JPEG,data/train-00000-of-00014.parquet,93000
pilot_001269,data/raw/tiny-genimage/images/SD15/044_sdv5_00042.png,1,SD15,6,Tiny-GenImage,train,044_sdv5_00042.png,data/train-00000-of-00014.parquet,405046
pilot_001270,data/raw/tiny-genimage/images/Real/n01677366_3046.JPEG,0,Real,0,Tiny-GenImage,train,n01677366_3046.JPEG,data/train-00000-of-00014.parquet,75932
pilot_001271,data/raw/tiny-genimage/images/VQDM/VQDM_1000_200_00_055_vqdm_00085.png,1,VQDM,7,Tiny-GenImage,train,VQDM_1000_200_00_055_vqdm_00085.png,data/train-00000-of-00014.parquet,136105
pilot_001272,data/raw/tiny-genimage/images/Real/n01694178_3367.JPEG,0,Real,0,Tiny-GenImage,train,n01694178_3367.JPEG,data/train-00000-of-00014.parquet,106436
pilot_001273,data/raw/tiny-genimage/images/Wukong/142_wukong_image145.png,1,Wukong,8,Tiny-GenImage,train,142_wukong_image145.png,data/train-00000-of-00014.parquet,421618
pilot_001274,data/raw/tiny-genimage/images/Real/n01692333_12071.JPEG,0,Real,0,Tiny-GenImage,train,n01692333_12071.JPEG,data/train-00000-of-00014.parquet,196570
pilot_001275,data/raw/tiny-genimage/images/ADM/137_adm_66.PNG,1,ADM,1,Tiny-GenImage,train,137_adm_66.PNG,data/train-00000-of-00014.parquet,126787
pilot_001276,data/raw/tiny-genimage/images/Real/n01695060_10177.JPEG,0,Real,0,Tiny-GenImage,train,n01695060_10177.JPEG,data/train-00000-of-00014.parquet,144039
pilot_001277,data/raw/tiny-genimage/images/BigGAN/049_biggan_00078.png,1,BigGAN,2,Tiny-GenImage,train,049_biggan_00078.png,data/train-00000-of-00014.parquet,34858
pilot_001278,data/raw/tiny-genimage/images/Real/n01704323_612.JPEG,0,Real,0,Tiny-GenImage,train,n01704323_612.JPEG,data/train-00000-of-00014.parquet,84177
pilot_001279,data/raw/tiny-genimage/images/GLIDE/GLIDE_1000_200_00_053_glide_00138.png,1,GLIDE,3,Tiny-GenImage,train,GLIDE_1000_200_00_053_glide_00138.png,data/train-00000-of-00014.parquet,78246
pilot_001280,data/raw/tiny-genimage/images/Real/n01689811_976.JPEG,0,Real,0,Tiny-GenImage,train,n01689811_976.JPEG,data/train-00000-of-00014.parquet,419139
pilot_001281,data/raw/tiny-genimage/images/Midjourney/137_midjourney_56.png,1,Midjourney,4,Tiny-GenImage,train,137_midjourney_56.png,data/train-00000-of-00014.parquet,1268283
pilot_001282,data/raw/tiny-genimage/images/Real/n01687978_13087.JPEG,0,Real,0,Tiny-GenImage,train,n01687978_13087.JPEG,data/train-00000-of-00014.parquet,145476
pilot_001283,data/raw/tiny-genimage/images/SD15/044_sdv5_00073.png,1,SD15,6,Tiny-GenImage,train,044_sdv5_00073.png,data/train-00000-of-00014.parquet,486728
pilot_001284,data/raw/tiny-genimage/images/Real/n01677366_36713.JPEG,0,Real,0,Tiny-GenImage,train,n01677366_36713.JPEG,data/train-00000-of-00014.parquet,202734
pilot_001285,data/raw/tiny-genimage/images/VQDM/VQDM_1000_200_00_055_vqdm_00171.png,1,VQDM,7,Tiny-GenImage,train,VQDM_1000_200_00_055_vqdm_00171.png,data/train-00000-of-00014.parquet,124983
pilot_001286,data/raw/tiny-genimage/images/Real/n01694178_4391.JPEG,0,Real,0,Tiny-GenImage,train,n01694178_4391.JPEG,data/train-00000-of-00014.parquet,54823
pilot_001287,data/raw/tiny-genimage/images/Wukong/143_wukong_image176.png,1,Wukong,8,Tiny-GenImage,train,143_wukong_image176.png,data/train-00000-of-00014.parquet,513498
pilot_001288,data/raw/tiny-genimage/images/Real/n01692333_3617.JPEG,0,Real,0,Tiny-GenImage,train,n01692333_3617.JPEG,data/train-00000-of-00014.parquet,67722
pilot_001289,data/raw/tiny-genimage/images/ADM/138_adm_154.PNG,1,ADM,1,Tiny-GenImage,train,138_adm_154.PNG,data/train-00000-of-00014.parquet,168832
pilot_001290,data/raw/tiny-genimage/images/Real/n01695060_13981.JPEG,0,Real,0,Tiny-GenImage,train,n01695060_13981.JPEG,data/train-00000-of-00014.parquet,126159
pilot_001291,data/raw/tiny-genimage/images/BigGAN/049_biggan_00134.png,1,BigGAN,2,Tiny-GenImage,train,049_biggan_00134.png,data/train-00000-of-00014.parquet,35310
pilot_001292,data/raw/tiny-genimage/images/Real/n01704323_8233.JPEG,0,Real,0,Tiny-GenImage,train,n01704323_8233.JPEG,data/train-00000-of-00014.parquet,147424
pilot_001293,data/raw/tiny-genimage/images/GLIDE/GLIDE_1000_200_00_054_glide_00006.png,1,GLIDE,3,Tiny-GenImage,train,GLIDE_1000_200_00_054_glide_00006.png,data/train-00000-of-00014.parquet,120005
pilot_001294,data/raw/tiny-genimage/images/Real/n01693334_205.JPEG,0,Real,0,Tiny-GenImage,train,n01693334_205.JPEG,data/train-00000-of-00014.parquet,128722
pilot_001295,data/raw/tiny-genimage/images/Midjourney/138_midjourney_141.png,1,Midjourney,4,Tiny-GenImage,train,138_midjourney_141.png,data/train-00000-of-00014.parquet,1529788
pilot_001296,data/raw/tiny-genimage/images/Real/n01687978_5160.JPEG,0,Real,0,Tiny-GenImage,train,n01687978_5160.JPEG,data/train-00000-of-00014.parquet,148641
pilot_001297,data/raw/tiny-genimage/images/SD15/045_sdv5_00084.png,1,SD15,6,Tiny-GenImage,train,045_sdv5_00084.png,data/train-00000-of-00014.parquet,512002
pilot_001298,data/raw/tiny-genimage/images/Real/n01682714_12424.JPEG,0,Real,0,Tiny-GenImage,train,n01682714_12424.JPEG,data/train-00000-of-00014.parquet,35621
pilot_001299,data/raw/tiny-genimage/images/VQDM/VQDM_1000_200_00_056_vqdm_00126.png,1,VQDM,7,Tiny-GenImage,train,VQDM_1000_200_00_056_vqdm_00126.png,data/train-00000-of-00014.parquet,144154
pilot_001300,data/raw/tiny-genimage/images/Real/n01694178_6283.JPEG,0,Real,0,Tiny-GenImage,train,n01694178_6283.JPEG,data/train-00000-of-00014.parquet,128827
pilot_001301,data/raw/tiny-genimage/images/Wukong/143_wukong_image31.png,1,Wukong,8,Tiny-GenImage,train,143_wukong_image31.png,data/train-00000-of-00014.parquet,512116
pilot_001302,data/raw/tiny-genimage/images/Real/n01692333_423.JPEG,0,Real,0,Tiny-GenImage,train,n01692333_423.JPEG,data/train-00000-of-00014.parquet,126519
pilot_001303,data/raw/tiny-genimage/images/ADM/138_adm_162.PNG,1,ADM,1,Tiny-GenImage,train,138_adm_162.PNG,data/train-00000-of-00014.parquet,159062
pilot_001304,data/raw/tiny-genimage/images/Real/n01695060_18570.JPEG,0,Real,0,Tiny-GenImage,train,n01695060_18570.JPEG,data/train-00000-of-00014.parquet,159639
pilot_001305,data/raw/tiny-genimage/images/BigGAN/051_biggan_00005.png,1,BigGAN,2,Tiny-GenImage,train,051_biggan_00005.png,data/train-00000-of-00014.parquet,29947
pilot_001306,data/raw/tiny-genimage/images/Real/n01728572_1856.JPEG,0,Real,0,Tiny-GenImage,train,n01728572_1856.JPEG,data/train-00000-of-00014.parquet,40546
pilot_001307,data/raw/tiny-genimage/images/GLIDE/GLIDE_1000_200_00_054_glide_00054.png,1,GLIDE,3,Tiny-GenImage,train,GLIDE_1000_200_00_054_glide_00054.png,data/train-00000-of-00014.parquet,97628
pilot_001308,data/raw/tiny-genimage/images/Real/n01697457_1306.JPEG,0,Real,0,Tiny-GenImage,train,n01697457_1306.JPEG,data/train-00000-of-00014.parquet,89102
pilot_001309,data/raw/tiny-genimage/images/Midjourney/139_midjourney_1.png,1,Midjourney,4,Tiny-GenImage,train,139_midjourney_1.png,data/train-00000-of-00014.parquet,1446514
pilot_001310,data/raw/tiny-genimage/images/Real/n01687978_5212.JPEG,0,Real,0,Tiny-GenImage,train,n01687978_5212.JPEG,data/train-00000-of-00014.parquet,198955
pilot_001311,data/raw/tiny-genimage/images/SD15/046_sdv5_00062.png,1,SD15,6,Tiny-GenImage,train,046_sdv5_00062.png,data/train-00000-of-00014.parquet,492054
pilot_001312,data/raw/tiny-genimage/images/Real/n01682714_214.JPEG,0,Real,0,Tiny-GenImage,train,n01682714_214.JPEG,data/train-00000-of-00014.parquet,100957
pilot_001313,data/raw/tiny-genimage/images/VQDM/VQDM_1000_200_00_057_vqdm_00066.png,1,VQDM,7,Tiny-GenImage,train,VQDM_1000_200_00_057_vqdm_00066.png,data/train-00000-of-00014.parquet,138036
pilot_001314,data/raw/tiny-genimage/images/Real/n01695060_8104.JPEG,0,Real,0,Tiny-GenImage,train,n01695060_8104.JPEG,data/train-00000-of-00014.parquet,98685
pilot_001315,data/raw/tiny-genimage/images/Wukong/143_wukong_image32.png,1,Wukong,8,Tiny-GenImage,train,143_wukong_image32.png,data/train-00000-of-00014.parquet,498461
pilot_001316,data/raw/tiny-genimage/images/Real/n01692333_6129.JPEG,0,Real,0,Tiny-GenImage,train,n01692333_6129.JPEG,data/train-00000-of-00014.parquet,145140
pilot_001317,data/raw/tiny-genimage/images/ADM/139_adm_11.PNG,1,ADM,1,Tiny-GenImage,train,139_adm_11.PNG,data/train-00000-of-00014.parquet,109508
pilot_001318,data/raw/tiny-genimage/images/Real/n01695060_30653.JPEG,0,Real,0,Tiny-GenImage,train,n01695060_30653.JPEG,data/train-00000-of-00014.parquet,171237
pilot_001319,data/raw/tiny-genimage/images/BigGAN/052_biggan_00058.png,1,BigGAN,2,Tiny-GenImage,train,052_biggan_00058.png,data/train-00000-of-00014.parquet,37293
pilot_001320,data/raw/tiny-genimage/images/Real/n01728572_8874.JPEG,0,Real,0,Tiny-GenImage,train,n01728572_8874.JPEG,data/train-00000-of-00014.parquet,152585
pilot_001321,data/raw/tiny-genimage/images/GLIDE/GLIDE_1000_200_00_054_glide_00088.png,1,GLIDE,3,Tiny-GenImage,train,GLIDE_1000_200_00_054_glide_00088.png,data/train-00000-of-00014.parquet,102669
pilot_001322,data/raw/tiny-genimage/images/Real/n01697457_1491.JPEG,0,Real,0,Tiny-GenImage,train,n01697457_1491.JPEG,data/train-00000-of-00014.parquet,136504
pilot_001323,data/raw/tiny-genimage/images/Midjourney/139_midjourney_135.png,1,Midjourney,4,Tiny-GenImage,train,139_midjourney_135.png,data/train-00000-of-00014.parquet,986022
pilot_001324,data/raw/tiny-genimage/images/Real/n01687978_6786.JPEG,0,Real,0,Tiny-GenImage,train,n01687978_6786.JPEG,data/train-00000-of-00014.parquet,197210
pilot_001325,data/raw/tiny-genimage/images/SD15/046_sdv5_00139.png,1,SD15,6,Tiny-GenImage,train,046_sdv5_00139.png,data/train-00000-of-00014.parquet,489380
pilot_001326,data/raw/tiny-genimage/images/Real/n01685808_11272.JPEG,0,Real,0,Tiny-GenImage,train,n01685808_11272.JPEG,data/train-00000-of-00014.parquet,104802
pilot_001327,data/raw/tiny-genimage/images/VQDM/VQDM_1000_200_00_058_vqdm_00179.png,1,VQDM,7,Tiny-GenImage,train,VQDM_1000_200_00_058_vqdm_00179.png,data/train-00000-of-00014.parquet,152101
pilot_001328,data/raw/tiny-genimage/images/Real/n01697457_12491.JPEG,0,Real,0,Tiny-GenImage,train,n01697457_12491.JPEG,data/train-00000-of-00014.parquet,125589
pilot_001329,data/raw/tiny-genimage/images/Wukong/143_wukong_image37.png,1,Wukong,8,Tiny-GenImage,train,143_wukong_image37.png,data/train-00000-of-00014.parquet,495112
pilot_001330,data/raw/tiny-genimage/images/Real/n01692333_6570.JPEG,0,Real,0,Tiny-GenImage,train,n01692333_6570.JPEG,data/train-00000-of-00014.parquet,102759
pilot_001331,data/raw/tiny-genimage/images/ADM/139_adm_133.PNG,1,ADM,1,Tiny-GenImage,train,139_adm_133.PNG,data/train-00000-of-00014.parquet,147776
pilot_001332,data/raw/tiny-genimage/images/Real/n01695060_8785.JPEG,0,Real,0,Tiny-GenImage,train,n01695060_8785.JPEG,data/train-00000-of-00014.parquet,153132
pilot_001333,data/raw/tiny-genimage/images/BigGAN/052_biggan_00076.png,1,BigGAN,2,Tiny-GenImage,train,052_biggan_00076.png,data/train-00000-of-00014.parquet,32949
pilot_001334,data/raw/tiny-genimage/images/Real/n01728920_12292.JPEG,0,Real,0,Tiny-GenImage,train,n01728920_12292.JPEG,data/train-00000-of-00014.parquet,35898
pilot_001335,data/raw/tiny-genimage/images/GLIDE/GLIDE_1000_200_00_054_glide_00114.png,1,GLIDE,3,Tiny-GenImage,train,GLIDE_1000_200_00_054_glide_00114.png,data/train-00000-of-00014.parquet,87680
pilot_001336,data/raw/tiny-genimage/images/Real/n01697457_2909.JPEG,0,Real,0,Tiny-GenImage,train,n01697457_2909.JPEG,data/train-00000-of-00014.parquet,157495
pilot_001337,data/raw/tiny-genimage/images/Midjourney/139_midjourney_168.png,1,Midjourney,4,Tiny-GenImage,train,139_midjourney_168.png,data/train-00000-of-00014.parquet,825232
pilot_001338,data/raw/tiny-genimage/images/Real/n01687978_7036.JPEG,0,Real,0,Tiny-GenImage,train,n01687978_7036.JPEG,data/train-00000-of-00014.parquet,157062
pilot_001339,data/raw/tiny-genimage/images/SD15/047_sdv5_00010.png,1,SD15,6,Tiny-GenImage,train,047_sdv5_00010.png,data/train-00000-of-00014.parquet,419851
pilot_001340,data/raw/tiny-genimage/images/Real/n01685808_9054.JPEG,0,Real,0,Tiny-GenImage,train,n01685808_9054.JPEG,data/train-00000-of-00014.parquet,23043
pilot_001341,data/raw/tiny-genimage/images/VQDM/VQDM_1000_200_00_059_vqdm_00045.png,1,VQDM,7,Tiny-GenImage,train,VQDM_1000_200_00_059_vqdm_00045.png,data/train-00000-of-00014.parquet,100002
pilot_001342,data/raw/tiny-genimage/images/Real/n01697457_17579.JPEG,0,Real,0,Tiny-GenImage,train,n01697457_17579.JPEG,data/train-00000-of-00014.parquet,132404
pilot_001343,data/raw/tiny-genimage/images/Wukong/143_wukong_image56.png,1,Wukong,8,Tiny-GenImage,train,143_wukong_image56.png,data/train-00000-of-00014.parquet,560458
pilot_001344,data/raw/tiny-genimage/images/Real/n01693334_953.JPEG,0,Real,0,Tiny-GenImage,train,n01693334_953.JPEG,data/train-00000-of-00014.parquet,114511
pilot_001345,data/raw/tiny-genimage/images/ADM/139_adm_50.PNG,1,ADM,1,Tiny-GenImage,train,139_adm_50.PNG,data/train-00000-of-00014.parquet,135072
pilot_001346,data/raw/tiny-genimage/images/Real/n01698640_10453.JPEG,0,Real,0,Tiny-GenImage,train,n01698640_10453.JPEG,data/train-00000-of-00014.parquet,153684
pilot_001347,data/raw/tiny-genimage/images/BigGAN/052_biggan_00094.png,1,BigGAN,2,Tiny-GenImage,train,052_biggan_00094.png,data/train-00000-of-00014.parquet,38392
pilot_001348,data/raw/tiny-genimage/images/Real/n01728920_3052.JPEG,0,Real,0,Tiny-GenImage,train,n01728920_3052.JPEG,data/train-00000-of-00014.parquet,154936
pilot_001349,data/raw/tiny-genimage/images/GLIDE/GLIDE_1000_200_00_054_glide_00178.png,1,GLIDE,3,Tiny-GenImage,train,GLIDE_1000_200_00_054_glide_00178.png,data/train-00000-of-00014.parquet,103574
pilot_001350,data/raw/tiny-genimage/images/Real/n01697457_3162.JPEG,0,Real,0,Tiny-GenImage,train,n01697457_3162.JPEG,data/train-00000-of-00014.parquet,165202
pilot_001351,data/raw/tiny-genimage/images/Midjourney/139_midjourney_176.png,1,Midjourney,4,Tiny-GenImage,train,139_midjourney_176.png,data/train-00000-of-00014.parquet,1413842
pilot_001352,data/raw/tiny-genimage/images/Real/n01689811_3225.JPEG,0,Real,0,Tiny-GenImage,train,n01689811_3225.JPEG,data/train-00000-of-00014.parquet,54181
pilot_001353,data/raw/tiny-genimage/images/SD15/048_sdv5_00149.png,1,SD15,6,Tiny-GenImage,train,048_sdv5_00149.png,data/train-00000-of-00014.parquet,534881
pilot_001354,data/raw/tiny-genimage/images/Real/n01687978_8545.JPEG,0,Real,0,Tiny-GenImage,train,n01687978_8545.JPEG,data/train-00000-of-00014.parquet,79751
pilot_001355,data/raw/tiny-genimage/images/VQDM/VQDM_1000_200_00_059_vqdm_00117.png,1,VQDM,7,Tiny-GenImage,train,VQDM_1000_200_00_059_vqdm_00117.png,data/train-00000-of-00014.parquet,91371
pilot_001356,data/raw/tiny-genimage/images/Real/n01698640_1302.JPEG,0,Real,0,Tiny-GenImage,train,n01698640_1302.JPEG,data/train-00000-of-00014.parquet,129143
pilot_001357,data/raw/tiny-genimage/images/Wukong/144_wukong_image182.png,1,Wukong,8,Tiny-GenImage,train,144_wukong_image182.png,data/train-00000-of-00014.parquet,411594
pilot_001358,data/raw/tiny-genimage/images/Real/n01693334_9596.JPEG,0,Real,0,Tiny-GenImage,train,n01693334_9596.JPEG,data/train-00000-of-00014.parquet,97683
pilot_001359,data/raw/tiny-genimage/images/ADM/13_adm_48.PNG,1,ADM,1,Tiny-GenImage,train,13_adm_48.PNG,data/train-00000-of-00014.parquet,116069
pilot_001360,data/raw/tiny-genimage/images/Real/n01698640_1110.JPEG,0,Real,0,Tiny-GenImage,train,n01698640_1110.JPEG,data/train-00000-of-00014.parquet,154384
pilot_001361,data/raw/tiny-genimage/images/BigGAN/054_biggan_00021.png,1,BigGAN,2,Tiny-GenImage,train,054_biggan_00021.png,data/train-00000-of-00014.parquet,39731
pilot_001362,data/raw/tiny-genimage/images/Real/n01729322_11577.JPEG,0,Real,0,Tiny-GenImage,train,n01729322_11577.JPEG,data/train-00000-of-00014.parquet,89880
pilot_001363,data/raw/tiny-genimage/images/GLIDE/GLIDE_1000_200_00_055_glide_00082.png,1,GLIDE,3,Tiny-GenImage,train,GLIDE_1000_200_00_055_glide_00082.png,data/train-00000-of-00014.parquet,73074
pilot_001364,data/raw/tiny-genimage/images/Real/n01697457_4703.JPEG,0,Real,0,Tiny-GenImage,train,n01697457_4703.JPEG,data/train-00000-of-00014.parquet,118177
pilot_001365,data/raw/tiny-genimage/images/Midjourney/139_midjourney_93.png,1,Midjourney,4,Tiny-GenImage,train,139_midjourney_93.png,data/train-00000-of-00014.parquet,1596136
pilot_001366,data/raw/tiny-genimage/images/Real/n01689811_6683.JPEG,0,Real,0,Tiny-GenImage,train,n01689811_6683.JPEG,data/train-00000-of-00014.parquet,157252
pilot_001367,data/raw/tiny-genimage/images/SD15/049_sdv5_00056.png,1,SD15,6,Tiny-GenImage,train,049_sdv5_00056.png,data/train-00000-of-00014.parquet,546818
pilot_001368,data/raw/tiny-genimage/images/Real/n01688243_10048.JPEG,0,Real,0,Tiny-GenImage,train,n01688243_10048.JPEG,data/train-00000-of-00014.parquet,56678
pilot_001369,data/raw/tiny-genimage/images/VQDM/VQDM_1000_200_00_059_vqdm_00120.png,1,VQDM,7,Tiny-GenImage,train,VQDM_1000_200_00_059_vqdm_00120.png,data/train-00000-of-00014.parquet,149088
pilot_001370,data/raw/tiny-genimage/images/Real/n01698640_6485.JPEG,0,Real,0,Tiny-GenImage,train,n01698640_6485.JPEG,data/train-00000-of-00014.parquet,154931
pilot_001371,data/raw/tiny-genimage/images/Wukong/144_wukong_image183.png,1,Wukong,8,Tiny-GenImage,train,144_wukong_image183.png,data/train-00000-of-00014.parquet,475746
pilot_001372,data/raw/tiny-genimage/images/Real/n01694178_4255.JPEG,0,Real,0,Tiny-GenImage,train,n01694178_4255.JPEG,data/train-00000-of-00014.parquet,74857
pilot_001373,data/raw/tiny-genimage/images/ADM/140_adm_137.PNG,1,ADM,1,Tiny-GenImage,train,140_adm_137.PNG,data/train-00000-of-00014.parquet,86618
pilot_001374,data/raw/tiny-genimage/images/Real/n01698640_23060.JPEG,0,Real,0,Tiny-GenImage,train,n01698640_23060.JPEG,data/train-00000-of-00014.parquet,118618
pilot_001375,data/raw/tiny-genimage/images/BigGAN/054_biggan_00182.png,1,BigGAN,2,Tiny-GenImage,train,054_biggan_00182.png,data/train-00000-of-00014.parquet,40613
pilot_001376,data/raw/tiny-genimage/images/Real/n01729322_1816.JPEG,0,Real,0,Tiny-GenImage,train,n01729322_1816.JPEG,data/train-00000-of-00014.parquet,166531
pilot_001377,data/raw/tiny-genimage/images/GLIDE/GLIDE_1000_200_00_055_glide_00149.png,1,GLIDE,3,Tiny-GenImage,train,GLIDE_1000_200_00_055_glide_00149.png,data/train-00000-of-00014.parquet,82006
pilot_001378,data/raw/tiny-genimage/images/Real/n01697457_6368.JPEG,0,Real,0,Tiny-GenImage,train,n01697457_6368.JPEG,data/train-00000-of-00014.parquet,91070
pilot_001379,data/raw/tiny-genimage/images/Midjourney/13_midjourney_106.png,1,Midjourney,4,Tiny-GenImage,train,13_midjourney_106.png,data/train-00000-of-00014.parquet,743448
pilot_001380,data/raw/tiny-genimage/images/Real/n01689811_8375.JPEG,0,Real,0,Tiny-GenImage,train,n01689811_8375.JPEG,data/train-00000-of-00014.parquet,164614
pilot_001381,data/raw/tiny-genimage/images/SD15/049_sdv5_00128.png,1,SD15,6,Tiny-GenImage,train,049_sdv5_00128.png,data/train-00000-of-00014.parquet,454622
pilot_001382,data/raw/tiny-genimage/images/Real/n01688243_2170.JPEG,0,Real,0,Tiny-GenImage,train,n01688243_2170.JPEG,data/train-00000-of-00014.parquet,588971
pilot_001383,data/raw/tiny-genimage/images/VQDM/VQDM_1000_200_00_059_vqdm_00131.png,1,VQDM,7,Tiny-GenImage,train,VQDM_1000_200_00_059_vqdm_00131.png,data/train-00000-of-00014.parquet,83746
pilot_001384,data/raw/tiny-genimage/images/Real/n01698640_9678.JPEG,0,Real,0,Tiny-GenImage,train,n01698640_9678.JPEG,data/train-00000-of-00014.parquet,101006
pilot_001385,data/raw/tiny-genimage/images/Wukong/145_wukong_image160.png,1,Wukong,8,Tiny-GenImage,train,145_wukong_image160.png,data/train-00000-of-00014.parquet,391961
pilot_001386,data/raw/tiny-genimage/images/Real/n01695060_2015.JPEG,0,Real,0,Tiny-GenImage,train,n01695060_2015.JPEG,data/train-00000-of-00014.parquet,270641
pilot_001387,data/raw/tiny-genimage/images/ADM/140_adm_147.PNG,1,ADM,1,Tiny-GenImage,train,140_adm_147.PNG,data/train-00000-of-00014.parquet,93817
pilot_001388,data/raw/tiny-genimage/images/Real/n01698640_6472.JPEG,0,Real,0,Tiny-GenImage,train,n01698640_6472.JPEG,data/train-00000-of-00014.parquet,107416
pilot_001389,data/raw/tiny-genimage/images/BigGAN/054_biggan_00193.png,1,BigGAN,2,Tiny-GenImage,train,054_biggan_00193.png,data/train-00000-of-00014.parquet,32294
pilot_001390,data/raw/tiny-genimage/images/Real/n01735189_11704.JPEG,0,Real,0,Tiny-GenImage,train,n01735189_11704.JPEG,data/train-00000-of-00014.parquet,91287
pilot_001391,data/raw/tiny-genimage/images/GLIDE/GLIDE_1000_200_00_055_glide_00163.png,1,GLIDE,3,Tiny-GenImage,train,GLIDE_1000_200_00_055_glide_00163.png,data/train-00000-of-00014.parquet,117868
pilot_001392,data/raw/tiny-genimage/images/Real/n01697457_9575.JPEG,0,Real,0,Tiny-GenImage,train,n01697457_9575.JPEG,data/train-00000-of-00014.parquet,151782
pilot_001393,data/raw/tiny-genimage/images/Midjourney/13_midjourney_44.png,1,Midjourney,4,Tiny-GenImage,train,13_midjourney_44.png,data/train-00000-of-00014.parquet,1375999
pilot_001394,data/raw/tiny-genimage/images/Real/n01692333_10513.JPEG,0,Real,0,Tiny-GenImage,train,n01692333_10513.JPEG,data/train-00000-of-00014.parquet,149295
pilot_001395,data/raw/tiny-genimage/images/SD15/050_sdv5_00063.png,1,SD15,6,Tiny-GenImage,train,050_sdv5_00063.png,data/train-00000-of-00014.parquet,522256
pilot_001396,data/raw/tiny-genimage/images/Real/n01688243_2415.JPEG,0,Real,0,Tiny-GenImage,train,n01688243_2415.JPEG,data/train-00000-of-00014.parquet,3561
pilot_001397,data/raw/tiny-genimage/images/VQDM/VQDM_1000_200_00_060_vqdm_00087.png,1,VQDM,7,Tiny-GenImage,train,VQDM_1000_200_00_060_vqdm_00087.png,data/train-00000-of-00014.parquet,136698
pilot_001398,data/raw/tiny-genimage/images/Real/n01704323_7168.JPEG,0,Real,0,Tiny-GenImage,train,n01704323_7168.JPEG,data/train-00000-of-00014.parquet,199839
pilot_001399,data/raw/tiny-genimage/images/Wukong/146_wukong_image161.png,1,Wukong,8,Tiny-GenImage,train,146_wukong_image161.png,data/train-00000-of-00014.parquet,447765
pilot_001400,data/raw/tiny-genimage/images/Real/n01695060_21310.JPEG,0,Real,0,Tiny-GenImage,train,n01695060_21310.JPEG,data/train-00000-of-00014.parquet,145815
pilot_001401,data/raw/tiny-genimage/images/ADM/140_adm_178.PNG,1,ADM,1,Tiny-GenImage,train,140_adm_178.PNG,data/train-00000-of-00014.parquet,126263
pilot_001402,data/raw/tiny-genimage/images/Real/n01698640_8039.JPEG,0,Real,0,Tiny-GenImage,train,n01698640_8039.JPEG,data/train-00000-of-00014.parquet,205823
pilot_001403,data/raw/tiny-genimage/images/BigGAN/055_biggan_00016.png,1,BigGAN,2,Tiny-GenImage,train,055_biggan_00016.png,data/train-00000-of-00014.parquet,32457
pilot_001404,data/raw/tiny-genimage/images/Real/n01735189_2164.JPEG,0,Real,0,Tiny-GenImage,train,n01735189_2164.JPEG,data/train-00000-of-00014.parquet,140200
pilot_001405,data/raw/tiny-genimage/images/GLIDE/GLIDE_1000_200_00_055_glide_00184.png,1,GLIDE,3,Tiny-GenImage,train,GLIDE_1000_200_00_055_glide_00184.png,data/train-00000-of-00014.parquet,76581
pilot_001406,data/raw/tiny-genimage/images/Real/n01698640_1638.JPEG,0,Real,0,Tiny-GenImage,train,n01698640_1638.JPEG,data/train-00000-of-00014.parquet,189886
pilot_001407,data/raw/tiny-genimage/images/Midjourney/140_midjourney_14.png,1,Midjourney,4,Tiny-GenImage,train,140_midjourney_14.png,data/train-00000-of-00014.parquet,961262
pilot_001408,data/raw/tiny-genimage/images/Real/n01692333_8079.JPEG,0,Real,0,Tiny-GenImage,train,n01692333_8079.JPEG,data/train-00000-of-00014.parquet,149899
pilot_001409,data/raw/tiny-genimage/images/SD15/050_sdv5_00152.png,1,SD15,6,Tiny-GenImage,train,050_sdv5_00152.png,data/train-00000-of-00014.parquet,439294
pilot_001410,data/raw/tiny-genimage/images/Real/n01689811_3437.JPEG,0,Real,0,Tiny-GenImage,train,n01689811_3437.JPEG,data/train-00000-of-00014.parquet,224447
pilot_001411,data/raw/tiny-genimage/images/VQDM/VQDM_1000_200_00_060_vqdm_00093.png,1,VQDM,7,Tiny-GenImage,train,VQDM_1000_200_00_060_vqdm_00093.png,data/train-00000-of-00014.parquet,119023
pilot_001412,data/raw/tiny-genimage/images/Real/n01728572_7381.JPEG,0,Real,0,Tiny-GenImage,train,n01728572_7381.JPEG,data/train-00000-of-00014.parquet,23576
pilot_001413,data/raw/tiny-genimage/images/Wukong/146_wukong_image171.png,1,Wukong,8,Tiny-GenImage,train,146_wukong_image171.png,data/train-00000-of-00014.parquet,486552
pilot_001414,data/raw/tiny-genimage/images/Real/n01697457_3885.JPEG,0,Real,0,Tiny-GenImage,train,n01697457_3885.JPEG,data/train-00000-of-00014.parquet,154606
pilot_001415,data/raw/tiny-genimage/images/ADM/140_adm_47.PNG,1,ADM,1,Tiny-GenImage,train,140_adm_47.PNG,data/train-00000-of-00014.parquet,119904
pilot_001416,data/raw/tiny-genimage/images/Real/n01698640_899.JPEG,0,Real,0,Tiny-GenImage,train,n01698640_899.JPEG,data/train-00000-of-00014.parquet,98260
pilot_001417,data/raw/tiny-genimage/images/BigGAN/055_biggan_00052.png,1,BigGAN,2,Tiny-GenImage,train,055_biggan_00052.png,data/train-00000-of-00014.parquet,29809
pilot_001418,data/raw/tiny-genimage/images/Real/n01740131_519.JPEG,0,Real,0,Tiny-GenImage,train,n01740131_519.JPEG,data/train-00000-of-00014.parquet,121739
pilot_001419,data/raw/tiny-genimage/images/GLIDE/GLIDE_1000_200_00_056_glide_00063.png,1,GLIDE,3,Tiny-GenImage,train,GLIDE_1000_200_00_056_glide_00063.png,data/train-00000-of-00014.parquet,82913
pilot_001420,data/raw/tiny-genimage/images/Real/n01698640_18452.JPEG,0,Real,0,Tiny-GenImage,train,n01698640_18452.JPEG,data/train-00000-of-00014.parquet,87774
pilot_001421,data/raw/tiny-genimage/images/Midjourney/141_midjourney_29.png,1,Midjourney,4,Tiny-GenImage,train,141_midjourney_29.png,data/train-00000-of-00014.parquet,872130
pilot_001422,data/raw/tiny-genimage/images/Real/n01693334_10000.JPEG,0,Real,0,Tiny-GenImage,train,n01693334_10000.JPEG,data/train-00000-of-00014.parquet,164267
pilot_001423,data/raw/tiny-genimage/images/SD15/050_sdv5_00162.png,1,SD15,6,Tiny-GenImage,train,050_sdv5_00162.png,data/train-00000-of-00014.parquet,451899
pilot_001424,data/raw/tiny-genimage/images/Real/n01689811_6823.JPEG,0,Real,0,Tiny-GenImage,train,n01689811_6823.JPEG,data/train-00000-of-00014.parquet,120207
pilot_001425,data/raw/tiny-genimage/images/VQDM/VQDM_1000_200_00_061_vqdm_00011.png,1,VQDM,7,Tiny-GenImage,train,VQDM_1000_200_00_061_vqdm_00011.png,data/train-00000-of-00014.parquet,114084
pilot_001426,data/raw/tiny-genimage/images/Real/n01728920_17508.JPEG,0,Real,0,Tiny-GenImage,train,n01728920_17508.JPEG,data/train-00000-of-00014.parquet,119106
pilot_001427,data/raw/tiny-genimage/images/Wukong/146_wukong_image56.png,1,Wukong,8,Tiny-GenImage,train,146_wukong_image56.png,data/train-00000-of-00014.parquet,518177
pilot_001428,data/raw/tiny-genimage/images/Real/n01698640_1046.JPEG,0,Real,0,Tiny-GenImage,train,n01698640_1046.JPEG,data/train-00000-of-00014.parquet,53698
pilot_001429,data/raw/tiny-genimage/images/ADM/142_adm_101.PNG,1,ADM,1,Tiny-GenImage,train,142_adm_101.PNG,data/train-00000-of-00014.parquet,121293
pilot_001430,data/raw/tiny-genimage/images/Real/n01728572_12714.JPEG,0,Real,0,Tiny-GenImage,train,n01728572_12714.JPEG,data/train-00000-of-00014.parquet,207190
pilot_001431,data/raw/tiny-genimage/images/BigGAN/055_biggan_00136.png,1,BigGAN,2,Tiny-GenImage,train,055_biggan_00136.png,data/train-00000-of-00014.parquet,31012
pilot_001432,data/raw/tiny-genimage/images/Real/n01740131_9867.JPEG,0,Real,0,Tiny-GenImage,train,n01740131_9867.JPEG,data/train-00000-of-00014.parquet,225896
pilot_001433,data/raw/tiny-genimage/images/GLIDE/GLIDE_1000_200_00_056_glide_00082.png,1,GLIDE,3,Tiny-GenImage,train,GLIDE_1000_200_00_056_glide_00082.png,data/train-00000-of-00014.parquet,105343
pilot_001434,data/raw/tiny-genimage/images/Real/n01698640_2000.JPEG,0,Real,0,Tiny-GenImage,train,n01698640_2000.JPEG,data/train-00000-of-00014.parquet,124045
pilot_001435,data/raw/tiny-genimage/images/Midjourney/142_midjourney_40.png,1,Midjourney,4,Tiny-GenImage,train,142_midjourney_40.png,data/train-00000-of-00014.parquet,1108986
pilot_001436,data/raw/tiny-genimage/images/Real/n01693334_1617.JPEG,0,Real,0,Tiny-GenImage,train,n01693334_1617.JPEG,data/train-00000-of-00014.parquet,58857
pilot_001437,data/raw/tiny-genimage/images/SD15/051_sdv5_00054.png,1,SD15,6,Tiny-GenImage,train,051_sdv5_00054.png,data/train-00000-of-00014.parquet,481521
pilot_001438,data/raw/tiny-genimage/images/Real/n01692333_12353.JPEG,0,Real,0,Tiny-GenImage,train,n01692333_12353.JPEG,data/train-00000-of-00014.parquet,98132
pilot_001439,data/raw/tiny-genimage/images/VQDM/VQDM_1000_200_00_061_vqdm_00087.png,1,VQDM,7,Tiny-GenImage,train,VQDM_1000_200_00_061_vqdm_00087.png,data/train-00000-of-00014.parquet,159420
pilot_001440,data/raw/tiny-genimage/images/Real/n01728920_2094.JPEG,0,Real,0,Tiny-GenImage,train,n01728920_2094.JPEG,data/train-00000-of-00014.parquet,135891
pilot_001441,data/raw/tiny-genimage/images/Wukong/147_wukong_image124.png,1,Wukong,8,Tiny-GenImage,train,147_wukong_image124.png,data/train-00000-of-00014.parquet,486954
pilot_001442,data/raw/tiny-genimage/images/Real/n01704323_2717.JPEG,0,Real,0,Tiny-GenImage,train,n01704323_2717.JPEG,data/train-00000-of-00014.parquet,124272
pilot_001443,data/raw/tiny-genimage/images/ADM/142_adm_183.PNG,1,ADM,1,Tiny-GenImage,train,142_adm_183.PNG,data/train-00000-of-00014.parquet,121943
pilot_001444,data/raw/tiny-genimage/images/Real/n01728920_13183.JPEG,0,Real,0,Tiny-GenImage,train,n01728920_13183.JPEG,data/train-00000-of-00014.parquet,43253
pilot_001445,data/raw/tiny-genimage/images/BigGAN/056_biggan_00047.png,1,BigGAN,2,Tiny-GenImage,train,056_biggan_00047.png,data/train-00000-of-00014.parquet,38838
pilot_001446,data/raw/tiny-genimage/images/Real/n01744401_1304.JPEG,0,Real,0,Tiny-GenImage,train,n01744401_1304.JPEG,data/train-00000-of-00014.parquet,214401
pilot_001447,data/raw/tiny-genimage/images/GLIDE/GLIDE_1000_200_00_056_glide_00084.png,1,GLIDE,3,Tiny-GenImage,train,GLIDE_1000_200_00_056_glide_00084.png,data/train-00000-of-00014.parquet,86779
pilot_001448,data/raw/tiny-genimage/images/Real/n01698640_2899.JPEG,0,Real,0,Tiny-GenImage,train,n01698640_2899.JPEG,data/train-00000-of-00014.parquet,138643
pilot_001449,data/raw/tiny-genimage/images/Midjourney/142_midjourney_79.png,1,Midjourney,4,Tiny-GenImage,train,142_midjourney_79.png,data/train-00000-of-00014.parquet,750745
pilot_001450,data/raw/tiny-genimage/images/Real/n01693334_23063.JPEG,0,Real,0,Tiny-GenImage,train,n01693334_23063.JPEG,data/train-00000-of-00014.parquet,130964
pilot_001451,data/raw/tiny-genimage/images/SD15/051_sdv5_00094.png,1,SD15,6,Tiny-GenImage,train,051_sdv5_00094.png,data/train-00000-of-00014.parquet,600032
pilot_001452,data/raw/tiny-genimage/images/Real/n01692333_4633.JPEG,0,Real,0,Tiny-GenImage,train,n01692333_4633.JPEG,data/train-00000-of-00014.parquet,79162
pilot_001453,data/raw/tiny-genimage/images/VQDM/VQDM_1000_200_00_061_vqdm_00105.png,1,VQDM,7,Tiny-GenImage,train,VQDM_1000_200_00_061_vqdm_00105.png,data/train-00000-of-00014.parquet,127735
pilot_001454,data/raw/tiny-genimage/images/Real/n01729977_10344.JPEG,0,Real,0,Tiny-GenImage,train,n01729977_10344.JPEG,data/train-00000-of-00014.parquet,148557
pilot_001455,data/raw/tiny-genimage/images/Wukong/147_wukong_image127.png,1,Wukong,8,Tiny-GenImage,train,147_wukong_image127.png,data/train-00000-of-00014.parquet,530204
pilot_001456,data/raw/tiny-genimage/images/Real/n01704323_3567.JPEG,0,Real,0,Tiny-GenImage,train,n01704323_3567.JPEG,data/train-00000-of-00014.parquet,146629
pilot_001457,data/raw/tiny-genimage/images/ADM/142_adm_31.PNG,1,ADM,1,Tiny-GenImage,train,142_adm_31.PNG,data/train-00000-of-00014.parquet,133429
pilot_001458,data/raw/tiny-genimage/images/Real/n01728920_2850.JPEG,0,Real,0,Tiny-GenImage,train,n01728920_2850.JPEG,data/train-00000-of-00014.parquet,199485
pilot_001459,data/raw/tiny-genimage/images/BigGAN/056_biggan_00058.png,1,BigGAN,2,Tiny-GenImage,train,056_biggan_00058.png,data/train-00000-of-00014.parquet,41196
pilot_001460,data/raw/tiny-genimage/images/Real/n01744401_14019.JPEG,0,Real,0,Tiny-GenImage,train,n01744401_14019.JPEG,data/train-00000-of-00014.parquet,129806
pilot_001461,data/raw/tiny-genimage/images/GLIDE/GLIDE_1000_200_00_057_glide_00056.png,1,GLIDE,3,Tiny-GenImage,train,GLIDE_1000_200_00_057_glide_00056.png,data/train-00000-of-00014.parquet,124286
pilot_001462,data/raw/tiny-genimage/images/Real/n01704323_1855.JPEG,0,Real,0,Tiny-GenImage,train,n01704323_1855.JPEG,data/train-00000-of-00014.parquet,5650
pilot_001463,data/raw/tiny-genimage/images/Midjourney/143_midjourney_150.png,1,Midjourney,4,Tiny-GenImage,train,143_midjourney_150.png,data/train-00000-of-00014.parquet,1063027
pilot_001464,data/raw/tiny-genimage/images/Real/n01693334_3271.JPEG,0,Real,0,Tiny-GenImage,train,n01693334_3271.JPEG,data/train-00000-of-00014.parquet,178587
pilot_001465,data/raw/tiny-genimage/images/SD15/052_sdv5_00037.png,1,SD15,6,Tiny-GenImage,train,052_sdv5_00037.png,data/train-00000-of-00014.parquet,575475
pilot_001466,data/raw/tiny-genimage/images/Real/n01692333_7925.JPEG,0,Real,0,Tiny-GenImage,train,n01692333_7925.JPEG,data/train-00000-of-00014.parquet,61679
pilot_001467,data/raw/tiny-genimage/images/VQDM/VQDM_1000_200_00_062_vqdm_00008.png,1,VQDM,7,Tiny-GenImage,train,VQDM_1000_200_00_062_vqdm_00008.png,data/train-00000-of-00014.parquet,108426
pilot_001468,data/raw/tiny-genimage/images/Real/n01729977_10457.JPEG,0,Real,0,Tiny-GenImage,train,n01729977_10457.JPEG,data/train-00000-of-00014.parquet,99837
pilot_001469,data/raw/tiny-genimage/images/Wukong/147_wukong_image30.png,1,Wukong,8,Tiny-GenImage,train,147_wukong_image30.png,data/train-00000-of-00014.parquet,464367
pilot_001470,data/raw/tiny-genimage/images/Real/n01704323_3754.JPEG,0,Real,0,Tiny-GenImage,train,n01704323_3754.JPEG,data/train-00000-of-00014.parquet,58692
pilot_001471,data/raw/tiny-genimage/images/ADM/142_adm_59.PNG,1,ADM,1,Tiny-GenImage,train,142_adm_59.PNG,data/train-00000-of-00014.parquet,107223
pilot_001472,data/raw/tiny-genimage/images/Real/n01729322_14911.JPEG,0,Real,0,Tiny-GenImage,train,n01729322_14911.JPEG,data/train-00000-of-00014.parquet,171693
pilot_001473,data/raw/tiny-genimage/images/BigGAN/057_biggan_00032.png,1,BigGAN,2,Tiny-GenImage,train,057_biggan_00032.png,data/train-00000-of-00014.parquet,34029
pilot_001474,data/raw/tiny-genimage/images/Real/n01744401_14931.JPEG,0,Real,0,Tiny-GenImage,train,n01744401_14931.JPEG,data/train-00000-of-00014.parquet,140227
pilot_001475,data/raw/tiny-genimage/images/GLIDE/GLIDE_1000_200_00_057_glide_00102.png,1,GLIDE,3,Tiny-GenImage,train,GLIDE_1000_200_00_057_glide_00102.png,data/train-00000-of-00014.parquet,86572
pilot_001476,data/raw/tiny-genimage/images/Real/n01704323_2840.JPEG,0,Real,0,Tiny-GenImage,train,n01704323_2840.JPEG,data/train-00000-of-00014.parquet,176666
pilot_001477,data/raw/tiny-genimage/images/Midjourney/143_midjourney_30.png,1,Midjourney,4,Tiny-GenImage,train,143_midjourney_30.png,data/train-00000-of-00014.parquet,1162010
pilot_001478,data/raw/tiny-genimage/images/Real/n01694178_2647.JPEG,0,Real,0,Tiny-GenImage,train,n01694178_2647.JPEG,data/train-00000-of-00014.parquet,79549
pilot_001479,data/raw/tiny-genimage/images/SD15/052_sdv5_00043.png,1,SD15,6,Tiny-GenImage,train,052_sdv5_00043.png,data/train-00000-of-00014.parquet,544511
pilot_001480,data/raw/tiny-genimage/images/Real/n01692333_9871.JPEG,0,Real,0,Tiny-GenImage,train,n01692333_9871.JPEG,data/train-00000-of-00014.parquet,116602
pilot_001481,data/raw/tiny-genimage/images/VQDM/VQDM_1000_200_00_063_vqdm_00059.png,1,VQDM,7,Tiny-GenImage,train,VQDM_1000_200_00_063_vqdm_00059.png,data/train-00000-of-00014.parquet,101071
pilot_001482,data/raw/tiny-genimage/images/Real/n01735189_989.JPEG,0,Real,0,Tiny-GenImage,train,n01735189_989.JPEG,data/train-00000-of-00014.parquet,91581
pilot_001483,data/raw/tiny-genimage/images/Wukong/148_wukong_image122.png,1,Wukong,8,Tiny-GenImage,train,148_wukong_image122.png,data/train-00000-of-00014.parquet,454562
pilot_001484,data/raw/tiny-genimage/images/Real/n01704323_6294.JPEG,0,Real,0,Tiny-GenImage,train,n01704323_6294.JPEG,data/train-00000-of-00014.parquet,171190
pilot_001485,data/raw/tiny-genimage/images/ADM/143_adm_105.PNG,1,ADM,1,Tiny-GenImage,train,143_adm_105.PNG,data/train-00000-of-00014.parquet,107190
pilot_001486,data/raw/tiny-genimage/images/Real/n01729322_17372.JPEG,0,Real,0,Tiny-GenImage,train,n01729322_17372.JPEG,data/train-00000-of-00014.parquet,152036
pilot_001487,data/raw/tiny-genimage/images/BigGAN/058_biggan_00118.png,1,BigGAN,2,Tiny-GenImage,train,058_biggan_00118.png,data/train-00000-of-00014.parquet,33995
pilot_001488,data/raw/tiny-genimage/images/Real/n01744401_772.JPEG,0,Real,0,Tiny-GenImage,train,n01744401_772.JPEG,data/train-00000-of-00014.parquet,46758
pilot_001489,data/raw/tiny-genimage/images/GLIDE/GLIDE_1000_200_00_057_glide_00113.png,1,GLIDE,3,Tiny-GenImage,train,GLIDE_1000_200_00_057_glide_00113.png,data/train-00000-of-00014.parquet,115200
pilot_001490,data/raw/tiny-genimage/images/Real/n01704323_6987.JPEG,0,Real,0,Tiny-GenImage,train,n01704323_6987.JPEG,data/train-00000-of-00014.parquet,75017
pilot_001491,data/raw/tiny-genimage/images/Midjourney/143_midjourney_83.png,1,Midjourney,4,Tiny-GenImage,train,143_midjourney_83.png,data/train-00000-of-00014.parquet,912883
pilot_001492,data/raw/tiny-genimage/images/Real/n01694178_4169.JPEG,0,Real,0,Tiny-GenImage,train,n01694178_4169.JPEG,data/train-00000-of-00014.parquet,95119
pilot_001493,data/raw/tiny-genimage/images/SD15/052_sdv5_00073.png,1,SD15,6,Tiny-GenImage,train,052_sdv5_00073.png,data/train-00000-of-00014.parquet,542560
pilot_001494,data/raw/tiny-genimage/images/Real/n01693334_1441.JPEG,0,Real,0,Tiny-GenImage,train,n01693334_1441.JPEG,data/train-00000-of-00014.parquet,114173
pilot_001495,data/raw/tiny-genimage/images/VQDM/VQDM_1000_200_00_064_vqdm_00053.png,1,VQDM,7,Tiny-GenImage,train,VQDM_1000_200_00_064_vqdm_00053.png,data/train-00000-of-00014.parquet,125770
pilot_001496,data/raw/tiny-genimage/images/Real/n01737021_19524.JPEG,0,Real,0,Tiny-GenImage,train,n01737021_19524.JPEG,data/train-00000-of-00014.parquet,61218
pilot_001497,data/raw/tiny-genimage/images/Wukong/148_wukong_image183.png,1,Wukong,8,Tiny-GenImage,train,148_wukong_image183.png,data/train-00000-of-00014.parquet,466686
pilot_001498,data/raw/tiny-genimage/images/Real/n01728920_16765.JPEG,0,Real,0,Tiny-GenImage,train,n01728920_16765.JPEG,data/train-00000-of-00014.parquet,75325
pilot_001499,data/raw/tiny-genimage/images/ADM/143_adm_130.PNG,1,ADM,1,Tiny-GenImage,train,143_adm_130.PNG,data/train-00000-of-00014.parquet,134385
pilot_001500,data/raw/tiny-genimage/images/Real/n01729322_5598.JPEG,0,Real,0,Tiny-GenImage,train,n01729322_5598.JPEG,data/train-00000-of-00014.parquet,52322
pilot_001501,data/raw/tiny-genimage/images/BigGAN/059_biggan_00040.png,1,BigGAN,2,Tiny-GenImage,train,059_biggan_00040.png,data/train-00000-of-00014.parquet,25633
pilot_001502,data/raw/tiny-genimage/images/Real/n01749939_4504.JPEG,0,Real,0,Tiny-GenImage,train,n01749939_4504.JPEG,data/train-00000-of-00014.parquet,155716
pilot_001503,data/raw/tiny-genimage/images/GLIDE/GLIDE_1000_200_00_058_glide_00014.png,1,GLIDE,3,Tiny-GenImage,train,GLIDE_1000_200_00_058_glide_00014.png,data/train-00000-of-00014.parquet,108419
pilot_001504,data/raw/tiny-genimage/images/Real/n01704323_871.JPEG,0,Real,0,Tiny-GenImage,train,n01704323_871.JPEG,data/train-00000-of-00014.parquet,9325
pilot_001505,data/raw/tiny-genimage/images/Midjourney/144_midjourney_75.png,1,Midjourney,4,Tiny-GenImage,train,144_midjourney_75.png,data/train-00000-of-00014.parquet,1047906
pilot_001506,data/raw/tiny-genimage/images/Real/n01695060_3873.JPEG,0,Real,0,Tiny-GenImage,train,n01695060_3873.JPEG,data/train-00000-of-00014.parquet,154182
pilot_001507,data/raw/tiny-genimage/images/SD15/052_sdv5_00109.png,1,SD15,6,Tiny-GenImage,train,052_sdv5_00109.png,data/train-00000-of-00014.parquet,421629
pilot_001508,data/raw/tiny-genimage/images/Real/n01693334_7009.JPEG,0,Real,0,Tiny-GenImage,train,n01693334_7009.JPEG,data/train-00000-of-00014.parquet,204964
pilot_001509,data/raw/tiny-genimage/images/VQDM/VQDM_1000_200_00_067_vqdm_00077.png,1,VQDM,7,Tiny-GenImage,train,VQDM_1000_200_00_067_vqdm_00077.png,data/train-00000-of-00014.parquet,118470
pilot_001510,data/raw/tiny-genimage/images/Real/n01737021_4387.JPEG,0,Real,0,Tiny-GenImage,train,n01737021_4387.JPEG,data/train-00000-of-00014.parquet,148045
pilot_001511,data/raw/tiny-genimage/images/Wukong/148_wukong_image3.png,1,Wukong,8,Tiny-GenImage,train,148_wukong_image3.png,data/train-00000-of-00014.parquet,432487
pilot_001512,data/raw/tiny-genimage/images/Real/n01729322_14313.JPEG,0,Real,0,Tiny-GenImage,train,n01729322_14313.JPEG,data/train-00000-of-00014.parquet,62663
pilot_001513,data/raw/tiny-genimage/images/ADM/143_adm_178.PNG,1,ADM,1,Tiny-GenImage,train,143_adm_178.PNG,data/train-00000-of-00014.parquet,100167
pilot_001514,data/raw/tiny-genimage/images/Real/n01729322_6477.JPEG,0,Real,0,Tiny-GenImage,train,n01729322_6477.JPEG,data/train-00000-of-00014.parquet,167745
pilot_001515,data/raw/tiny-genimage/images/BigGAN/059_biggan_00049.png,1,BigGAN,2,Tiny-GenImage,train,059_biggan_00049.png,data/train-00000-of-00014.parquet,31356
pilot_001516,data/raw/tiny-genimage/images/Real/n01749939_5816.JPEG,0,Real,0,Tiny-GenImage,train,n01749939_5816.JPEG,data/train-00000-of-00014.parquet,157040
pilot_001517,data/raw/tiny-genimage/images/GLIDE/GLIDE_1000_200_00_058_glide_00030.png,1,GLIDE,3,Tiny-GenImage,train,GLIDE_1000_200_00_058_glide_00030.png,data/train-00000-of-00014.parquet,102264
pilot_001518,data/raw/tiny-genimage/images/Real/n01704323_873.JPEG,0,Real,0,Tiny-GenImage,train,n01704323_873.JPEG,data/train-00000-of-00014.parquet,319690
pilot_001519,data/raw/tiny-genimage/images/Midjourney/144_midjourney_93.png,1,Midjourney,4,Tiny-GenImage,train,144_midjourney_93.png,data/train-00000-of-00014.parquet,1060814
pilot_001520,data/raw/tiny-genimage/images/Real/n01697457_10779.JPEG,0,Real,0,Tiny-GenImage,train,n01697457_10779.JPEG,data/train-00000-of-00014.parquet,203414
pilot_001521,data/raw/tiny-genimage/images/SD15/052_sdv5_00123.png,1,SD15,6,Tiny-GenImage,train,052_sdv5_00123.png,data/train-00000-of-00014.parquet,523439
pilot_001522,data/raw/tiny-genimage/images/Real/n01693334_7238.JPEG,0,Real,0,Tiny-GenImage,train,n01693334_7238.JPEG,data/train-00000-of-00014.parquet,129424
pilot_001523,data/raw/tiny-genimage/images/VQDM/VQDM_1000_200_00_067_vqdm_00196.png,1,VQDM,7,Tiny-GenImage,train,VQDM_1000_200_00_067_vqdm_00196.png,data/train-00000-of-00014.parquet,167255
pilot_001524,data/raw/tiny-genimage/images/Real/n01737021_4469.JPEG,0,Real,0,Tiny-GenImage,train,n01737021_4469.JPEG,data/train-00000-of-00014.parquet,165902
pilot_001525,data/raw/tiny-genimage/images/Wukong/149_wukong_image0.png,1,Wukong,8,Tiny-GenImage,train,149_wukong_image0.png,data/train-00000-of-00014.parquet,474972
pilot_001526,data/raw/tiny-genimage/images/Real/n01729322_16889.JPEG,0,Real,0,Tiny-GenImage,train,n01729322_16889.JPEG,data/train-00000-of-00014.parquet,111029
pilot_001527,data/raw/tiny-genimage/images/ADM/144_adm_72.PNG,1,ADM,1,Tiny-GenImage,train,144_adm_72.PNG,data/train-00000-of-00014.parquet,107438
pilot_001528,data/raw/tiny-genimage/images/Real/n01729977_12137.JPEG,0,Real,0,Tiny-GenImage,train,n01729977_12137.JPEG,data/train-00000-of-00014.parquet,148859
pilot_001529,data/raw/tiny-genimage/images/BigGAN/060_biggan_00096.png,1,BigGAN,2,Tiny-GenImage,train,060_biggan_00096.png,data/train-00000-of-00014.parquet,34626
pilot_001530,data/raw/tiny-genimage/images/Real/n01749939_9437.JPEG,0,Real,0,Tiny-GenImage,train,n01749939_9437.JPEG,data/train-00000-of-00014.parquet,158508
pilot_001531,data/raw/tiny-genimage/images/GLIDE/GLIDE_1000_200_00_059_glide_00159.png,1,GLIDE,3,Tiny-GenImage,train,GLIDE_1000_200_00_059_glide_00159.png,data/train-00000-of-00014.parquet,123680
pilot_001532,data/raw/tiny-genimage/images/Real/n01728572_19811.JPEG,0,Real,0,Tiny-GenImage,train,n01728572_19811.JPEG,data/train-00000-of-00014.parquet,81489
pilot_001533,data/raw/tiny-genimage/images/Midjourney/145_midjourney_102.png,1,Midjourney,4,Tiny-GenImage,train,145_midjourney_102.png,data/train-00000-of-00014.parquet,1339045
pilot_001534,data/raw/tiny-genimage/images/Real/n01697457_3394.JPEG,0,Real,0,Tiny-GenImage,train,n01697457_3394.JPEG,data/train-00000-of-00014.parquet,173109
pilot_001535,data/raw/tiny-genimage/images/SD15/053_sdv5_00021.png,1,SD15,6,Tiny-GenImage,train,053_sdv5_00021.png,data/train-00000-of-00014.parquet,293900
pilot_001536,data/raw/tiny-genimage/images/Real/n01693334_7829.JPEG,0,Real,0,Tiny-GenImage,train,n01693334_7829.JPEG,data/train-00000-of-00014.parquet,217715
pilot_001537,data/raw/tiny-genimage/images/VQDM/VQDM_1000_200_00_068_vqdm_00056.png,1,VQDM,7,Tiny-GenImage,train,VQDM_1000_200_00_068_vqdm_00056.png,data/train-00000-of-00014.parquet,143006
pilot_001538,data/raw/tiny-genimage/images/Real/n01737021_7496.JPEG,0,Real,0,Tiny-GenImage,train,n01737021_7496.JPEG,data/train-00000-of-00014.parquet,124104
pilot_001539,data/raw/tiny-genimage/images/Wukong/149_wukong_image26.png,1,Wukong,8,Tiny-GenImage,train,149_wukong_image26.png,data/train-00000-of-00014.parquet,447084
pilot_001540,data/raw/tiny-genimage/images/Real/n01729977_10687.JPEG,0,Real,0,Tiny-GenImage,train,n01729977_10687.JPEG,data/train-00000-of-00014.parquet,67580
pilot_001541,data/raw/tiny-genimage/images/ADM/145_adm_186.PNG,1,ADM,1,Tiny-GenImage,train,145_adm_186.PNG,data/train-00000-of-00014.parquet,139121
pilot_001542,data/raw/tiny-genimage/images/Real/n01729977_4506.JPEG,0,Real,0,Tiny-GenImage,train,n01729977_4506.JPEG,data/train-00000-of-00014.parquet,91800
pilot_001543,data/raw/tiny-genimage/images/BigGAN/060_biggan_00114.png,1,BigGAN,2,Tiny-GenImage,train,060_biggan_00114.png,data/train-00000-of-00014.parquet,42126
pilot_001544,data/raw/tiny-genimage/images/Real/n01751748_5239.JPEG,0,Real,0,Tiny-GenImage,train,n01751748_5239.JPEG,data/train-00000-of-00014.parquet,65105
pilot_001545,data/raw/tiny-genimage/images/GLIDE/GLIDE_1000_200_00_060_glide_00126.png,1,GLIDE,3,Tiny-GenImage,train,GLIDE_1000_200_00_060_glide_00126.png,data/train-00000-of-00014.parquet,86592
pilot_001546,data/raw/tiny-genimage/images/Real/n01728920_5734.JPEG,0,Real,0,Tiny-GenImage,train,n01728920_5734.JPEG,data/train-00000-of-00014.parquet,156778
pilot_001547,data/raw/tiny-genimage/images/Midjourney/145_midjourney_149.png,1,Midjourney,4,Tiny-GenImage,train,145_midjourney_149.png,data/train-00000-of-00014.parquet,1151537
pilot_001548,data/raw/tiny-genimage/images/Real/n01697457_753.JPEG,0,Real,0,Tiny-GenImage,train,n01697457_753.JPEG,data/train-00000-of-00014.parquet,76808
pilot_001549,data/raw/tiny-genimage/images/SD15/053_sdv5_00055.png,1,SD15,6,Tiny-GenImage,train,053_sdv5_00055.png,data/train-00000-of-00014.parquet,449558
pilot_001550,data/raw/tiny-genimage/images/Real/n01694178_3391.JPEG,0,Real,0,Tiny-GenImage,train,n01694178_3391.JPEG,data/train-00000-of-00014.parquet,8012
pilot_001551,data/raw/tiny-genimage/images/VQDM/VQDM_1000_200_00_068_vqdm_00091.png,1,VQDM,7,Tiny-GenImage,train,VQDM_1000_200_00_068_vqdm_00091.png,data/train-00000-of-00014.parquet,149404
pilot_001552,data/raw/tiny-genimage/images/Real/n01739381_1265.JPEG,0,Real,0,Tiny-GenImage,train,n01739381_1265.JPEG,data/train-00000-of-00014.parquet,222006
pilot_001553,data/raw/tiny-genimage/images/Wukong/149_wukong_image40.png,1,Wukong,8,Tiny-GenImage,train,149_wukong_image40.png,data/train-00000-of-00014.parquet,474343
pilot_001554,data/raw/tiny-genimage/images/Real/n01729977_11884.JPEG,0,Real,0,Tiny-GenImage,train,n01729977_11884.JPEG,data/train-00000-of-00014.parquet,263750
pilot_001555,data/raw/tiny-genimage/images/ADM/146_adm_165.PNG,1,ADM,1,Tiny-GenImage,train,146_adm_165.PNG,data/train-00000-of-00014.parquet,128911
pilot_001556,data/raw/tiny-genimage/images/Real/n01734418_12263.JPEG,0,Real,0,Tiny-GenImage,train,n01734418_12263.JPEG,data/train-00000-of-00014.parquet,180914
pilot_001557,data/raw/tiny-genimage/images/BigGAN/061_biggan_00040.png,1,BigGAN,2,Tiny-GenImage,train,061_biggan_00040.png,data/train-00000-of-00014.parquet,35176
pilot_001558,data/raw/tiny-genimage/images/Real/n01753488_10629.JPEG,0,Real,0,Tiny-GenImage,train,n01753488_10629.JPEG,data/train-00000-of-00014.parquet,40103
pilot_001559,data/raw/tiny-genimage/images/GLIDE/GLIDE_1000_200_00_060_glide_00183.png,1,GLIDE,3,Tiny-GenImage,train,GLIDE_1000_200_00_060_glide_00183.png,data/train-00000-of-00014.parquet,66016
pilot_001560,data/raw/tiny-genimage/images/Real/n01729322_185.JPEG,0,Real,0,Tiny-GenImage,train,n01729322_185.JPEG,data/train-00000-of-00014.parquet,198639
pilot_001561,data/raw/tiny-genimage/images/Midjourney/145_midjourney_176.png,1,Midjourney,4,Tiny-GenImage,train,145_midjourney_176.png,data/train-00000-of-00014.parquet,1492820
pilot_001562,data/raw/tiny-genimage/images/Real/n01704323_2835.JPEG,0,Real,0,Tiny-GenImage,train,n01704323_2835.JPEG,data/train-00000-of-00014.parquet,34770
pilot_001563,data/raw/tiny-genimage/images/SD15/053_sdv5_00117.png,1,SD15,6,Tiny-GenImage,train,053_sdv5_00117.png,data/train-00000-of-00014.parquet,399769
pilot_001564,data/raw/tiny-genimage/images/Real/n01697457_20139.JPEG,0,Real,0,Tiny-GenImage,train,n01697457_20139.JPEG,data/train-00000-of-00014.parquet,154188
pilot_001565,data/raw/tiny-genimage/images/VQDM/VQDM_1000_200_00_069_vqdm_00051.png,1,VQDM,7,Tiny-GenImage,train,VQDM_1000_200_00_069_vqdm_00051.png,data/train-00000-of-00014.parquet,126093
pilot_001566,data/raw/tiny-genimage/images/Real/n01739381_2082.JPEG,0,Real,0,Tiny-GenImage,train,n01739381_2082.JPEG,data/train-00000-of-00014.parquet,90946
pilot_001567,data/raw/tiny-genimage/images/Wukong/149_wukong_image58.png,1,Wukong,8,Tiny-GenImage,train,149_wukong_image58.png,data/train-00000-of-00014.parquet,500029
pilot_001568,data/raw/tiny-genimage/images/Real/n01729977_4621.JPEG,0,Real,0,Tiny-GenImage,train,n01729977_4621.JPEG,data/train-00000-of-00014.parquet,58875
pilot_001569,data/raw/tiny-genimage/images/ADM/146_adm_4.PNG,1,ADM,1,Tiny-GenImage,train,146_adm_4.PNG,data/train-00000-of-00014.parquet,121059
pilot_001570,data/raw/tiny-genimage/images/Real/n01734418_44.JPEG,0,Real,0,Tiny-GenImage,train,n01734418_44.JPEG,data/train-00000-of-00014.parquet,84714
pilot_001571,data/raw/tiny-genimage/images/BigGAN/061_biggan_00044.png,1,BigGAN,2,Tiny-GenImage,train,061_biggan_00044.png,data/train-00000-of-00014.parquet,36357
pilot_001572,data/raw/tiny-genimage/images/Real/n01753488_14365.JPEG,0,Real,0,Tiny-GenImage,train,n01753488_14365.JPEG,data/train-00000-of-00014.parquet,150274
pilot_001573,data/raw/tiny-genimage/images/GLIDE/GLIDE_1000_200_00_061_glide_00024.png,1,GLIDE,3,Tiny-GenImage,train,GLIDE_1000_200_00_061_glide_00024.png,data/train-00000-of-00014.parquet,116921
pilot_001574,data/raw/tiny-genimage/images/Real/n01729977_10598.JPEG,0,Real,0,Tiny-GenImage,train,n01729977_10598.JPEG,data/train-00000-of-00014.parquet,115592
pilot_001575,data/raw/tiny-genimage/images/Midjourney/146_midjourney_175.png,1,Midjourney,4,Tiny-GenImage,train,146_midjourney_175.png,data/train-00000-of-00014.parquet,1415803
pilot_001576,data/raw/tiny-genimage/images/Real/n01704323_6705.JPEG,0,Real,0,Tiny-GenImage,train,n01704323_6705.JPEG,data/train-00000-of-00014.parquet,154426
pilot_001577,data/raw/tiny-genimage/images/SD15/054_sdv5_00002.png,1,SD15,6,Tiny-GenImage,train,054_sdv5_00002.png,data/train-00000-of-00014.parquet,530620
pilot_001578,data/raw/tiny-genimage/images/Real/n01698640_13530.JPEG,0,Real,0,Tiny-GenImage,train,n01698640_13530.JPEG,data/train-00000-of-00014.parquet,193884
pilot_001579,data/raw/tiny-genimage/images/VQDM/VQDM_1000_200_00_069_vqdm_00098.png,1,VQDM,7,Tiny-GenImage,train,VQDM_1000_200_00_069_vqdm_00098.png,data/train-00000-of-00014.parquet,122979
pilot_001580,data/raw/tiny-genimage/images/Real/n01739381_3504.JPEG,0,Real,0,Tiny-GenImage,train,n01739381_3504.JPEG,data/train-00000-of-00014.parquet,68668
pilot_001581,data/raw/tiny-genimage/images/Wukong/14_wukong_image115.png,1,Wukong,8,Tiny-GenImage,train,14_wukong_image115.png,data/train-00000-of-00014.parquet,531413
pilot_001582,data/raw/tiny-genimage/images/Real/n01729977_5232.JPEG,0,Real,0,Tiny-GenImage,train,n01729977_5232.JPEG,data/train-00000-of-00014.parquet,212641
pilot_001583,data/raw/tiny-genimage/images/ADM/148_adm_142.PNG,1,ADM,1,Tiny-GenImage,train,148_adm_142.PNG,data/train-00000-of-00014.parquet,107045
pilot_001584,data/raw/tiny-genimage/images/Real/n01734418_7010.JPEG,0,Real,0,Tiny-GenImage,train,n01734418_7010.JPEG,data/train-00000-of-00014.parquet,190796
pilot_001585,data/raw/tiny-genimage/images/BigGAN/061_biggan_00082.png,1,BigGAN,2,Tiny-GenImage,train,061_biggan_00082.png,data/train-00000-of-00014.parquet,39166
pilot_001586,data/raw/tiny-genimage/images/Real/n01755581_24910.JPEG,0,Real,0,Tiny-GenImage,train,n01755581_24910.JPEG,data/train-00000-of-00014.parquet,141108
pilot_001587,data/raw/tiny-genimage/images/GLIDE/GLIDE_1000_200_00_061_glide_00040.png,1,GLIDE,3,Tiny-GenImage,train,GLIDE_1000_200_00_061_glide_00040.png,data/train-00000-of-00014.parquet,110649
pilot_001588,data/raw/tiny-genimage/images/Real/n01729977_15465.JPEG,0,Real,0,Tiny-GenImage,train,n01729977_15465.JPEG,data/train-00000-of-00014.parquet,81298
pilot_001589,data/raw/tiny-genimage/images/Midjourney/146_midjourney_53.png,1,Midjourney,4,Tiny-GenImage,train,146_midjourney_53.png,data/train-00000-of-00014.parquet,1146470
pilot_001590,data/raw/tiny-genimage/images/Real/n01728572_16588.JPEG,0,Real,0,Tiny-GenImage,train,n01728572_16588.JPEG,data/train-00000-of-00014.parquet,25000
pilot_001591,data/raw/tiny-genimage/images/SD15/054_sdv5_00016.png,1,SD15,6,Tiny-GenImage,train,054_sdv5_00016.png,data/train-00000-of-00014.parquet,520497
pilot_001592,data/raw/tiny-genimage/images/Real/n01698640_24548.JPEG,0,Real,0,Tiny-GenImage,train,n01698640_24548.JPEG,data/train-00000-of-00014.parquet,206480
pilot_001593,data/raw/tiny-genimage/images/VQDM/VQDM_1000_200_00_069_vqdm_00159.png,1,VQDM,7,Tiny-GenImage,train,VQDM_1000_200_00_069_vqdm_00159.png,data/train-00000-of-00014.parquet,87751
pilot_001594,data/raw/tiny-genimage/images/Real/n01739381_5155.JPEG,0,Real,0,Tiny-GenImage,train,n01739381_5155.JPEG,data/train-00000-of-00014.parquet,95735
pilot_001595,data/raw/tiny-genimage/images/Wukong/14_wukong_image169.png,1,Wukong,8,Tiny-GenImage,train,14_wukong_image169.png,data/train-00000-of-00014.parquet,357091
pilot_001596,data/raw/tiny-genimage/images/Real/n01734418_11602.JPEG,0,Real,0,Tiny-GenImage,train,n01734418_11602.JPEG,data/train-00000-of-00014.parquet,160602
pilot_001597,data/raw/tiny-genimage/images/ADM/148_adm_16.PNG,1,ADM,1,Tiny-GenImage,train,148_adm_16.PNG,data/train-00000-of-00014.parquet,131758
pilot_001598,data/raw/tiny-genimage/images/Real/n01735189_12359.JPEG,0,Real,0,Tiny-GenImage,train,n01735189_12359.JPEG,data/train-00000-of-00014.parquet,89548
pilot_001599,data/raw/tiny-genimage/images/BigGAN/061_biggan_00108.png,1,BigGAN,2,Tiny-GenImage,train,061_biggan_00108.png,data/train-00000-of-00014.parquet,35496
pilot_001600,data/raw/tiny-genimage/images/Real/n01755581_7696.JPEG,0,Real,0,Tiny-GenImage,train,n01755581_7696.JPEG,data/train-00000-of-00014.parquet,218718
pilot_001601,data/raw/tiny-genimage/images/GLIDE/GLIDE_1000_200_00_062_glide_00152.png,1,GLIDE,3,Tiny-GenImage,train,GLIDE_1000_200_00_062_glide_00152.png,data/train-00000-of-00014.parquet,103143
pilot_001602,data/raw/tiny-genimage/images/Real/n01734418_5683.JPEG,0,Real,0,Tiny-GenImage,train,n01734418_5683.JPEG,data/train-00000-of-00014.parquet,113318
pilot_001603,data/raw/tiny-genimage/images/Midjourney/146_midjourney_89.png,1,Midjourney,4,Tiny-GenImage,train,146_midjourney_89.png,data/train-00000-of-00014.parquet,1357071
pilot_001604,data/raw/tiny-genimage/images/Real/n01728572_24289.JPEG,0,Real,0,Tiny-GenImage,train,n01728572_24289.JPEG,data/train-00000-of-00014.parquet,67319
pilot_001605,data/raw/tiny-genimage/images/SD15/054_sdv5_00036.png,1,SD15,6,Tiny-GenImage,train,054_sdv5_00036.png,data/train-00000-of-00014.parquet,521020
pilot_001606,data/raw/tiny-genimage/images/Real/n01698640_4876.JPEG,0,Real,0,Tiny-GenImage,train,n01698640_4876.JPEG,data/train-00000-of-00014.parquet,256014
pilot_001607,data/raw/tiny-genimage/images/VQDM/VQDM_1000_200_00_071_vqdm_00073.png,1,VQDM,7,Tiny-GenImage,train,VQDM_1000_200_00_071_vqdm_00073.png,data/train-00000-of-00014.parquet,125366
pilot_001608,data/raw/tiny-genimage/images/Real/n01739381_567.JPEG,0,Real,0,Tiny-GenImage,train,n01739381_567.JPEG,data/train-00000-of-00014.parquet,57233
pilot_001609,data/raw/tiny-genimage/images/Wukong/14_wukong_image191.png,1,Wukong,8,Tiny-GenImage,train,14_wukong_image191.png,data/train-00000-of-00014.parquet,557183
pilot_001610,data/raw/tiny-genimage/images/Real/n01734418_4161.JPEG,0,Real,0,Tiny-GenImage,train,n01734418_4161.JPEG,data/train-00000-of-00014.parquet,133104
pilot_001611,data/raw/tiny-genimage/images/ADM/14_adm_117.PNG,1,ADM,1,Tiny-GenImage,train,14_adm_117.PNG,data/train-00000-of-00014.parquet,187762
pilot_001612,data/raw/tiny-genimage/images/Real/n01735189_4121.JPEG,0,Real,0,Tiny-GenImage,train,n01735189_4121.JPEG,data/train-00000-of-00014.parquet,39532
pilot_001613,data/raw/tiny-genimage/images/BigGAN/061_biggan_00117.png,1,BigGAN,2,Tiny-GenImage,train,061_biggan_00117.png,data/train-00000-of-00014.parquet,38744
pilot_001614,data/raw/tiny-genimage/images/Real/n01756291_18184.JPEG,0,Real,0,Tiny-GenImage,train,n01756291_18184.JPEG,data/train-00000-of-00014.parquet,160164
pilot_001615,data/raw/tiny-genimage/images/GLIDE/GLIDE_1000_200_00_063_glide_00053.png,1,GLIDE,3,Tiny-GenImage,train,GLIDE_1000_200_00_063_glide_00053.png,data/train-00000-of-00014.parquet,78147
pilot_001616,data/raw/tiny-genimage/images/Real/n01735189_4027.JPEG,0,Real,0,Tiny-GenImage,train,n01735189_4027.JPEG,data/train-00000-of-00014.parquet,70388
pilot_001617,data/raw/tiny-genimage/images/Midjourney/147_midjourney_152.png,1,Midjourney,4,Tiny-GenImage,train,147_midjourney_152.png,data/train-00000-of-00014.parquet,1280112
pilot_001618,data/raw/tiny-genimage/images/Real/n01728572_2681.JPEG,0,Real,0,Tiny-GenImage,train,n01728572_2681.JPEG,data/train-00000-of-00014.parquet,80830
pilot_001619,data/raw/tiny-genimage/images/SD15/054_sdv5_00183.png,1,SD15,6,Tiny-GenImage,train,054_sdv5_00183.png,data/train-00000-of-00014.parquet,446738
pilot_001620,data/raw/tiny-genimage/images/Real/n01698640_8742.JPEG,0,Real,0,Tiny-GenImage,train,n01698640_8742.JPEG,data/train-00000-of-00014.parquet,150842
pilot_001621,data/raw/tiny-genimage/images/VQDM/VQDM_1000_200_00_071_vqdm_00098.png,1,VQDM,7,Tiny-GenImage,train,VQDM_1000_200_00_071_vqdm_00098.png,data/train-00000-of-00014.parquet,105508
pilot_001622,data/raw/tiny-genimage/images/Real/n01739381_7833.JPEG,0,Real,0,Tiny-GenImage,train,n01739381_7833.JPEG,data/train-00000-of-00014.parquet,111315
pilot_001623,data/raw/tiny-genimage/images/Wukong/14_wukong_image76.png,1,Wukong,8,Tiny-GenImage,train,14_wukong_image76.png,data/train-00000-of-00014.parquet,323590
pilot_001624,data/raw/tiny-genimage/images/Real/n01735189_21097.JPEG,0,Real,0,Tiny-GenImage,train,n01735189_21097.JPEG,data/train-00000-of-00014.parquet,73768
pilot_001625,data/raw/tiny-genimage/images/ADM/14_adm_121.PNG,1,ADM,1,Tiny-GenImage,train,14_adm_121.PNG,data/train-00000-of-00014.parquet,134963
pilot_001626,data/raw/tiny-genimage/images/Real/n01735189_4490.JPEG,0,Real,0,Tiny-GenImage,train,n01735189_4490.JPEG,data/train-00000-of-00014.parquet,122343
pilot_001627,data/raw/tiny-genimage/images/BigGAN/062_biggan_00139.png,1,BigGAN,2,Tiny-GenImage,train,062_biggan_00139.png,data/train-00000-of-00014.parquet,39101
pilot_001628,data/raw/tiny-genimage/images/Real/n01768244_1387.JPEG,0,Real,0,Tiny-GenImage,train,n01768244_1387.JPEG,data/train-00000-of-00014.parquet,162328
pilot_001629,data/raw/tiny-genimage/images/GLIDE/GLIDE_1000_200_00_063_glide_00186.png,1,GLIDE,3,Tiny-GenImage,train,GLIDE_1000_200_00_063_glide_00186.png,data/train-00000-of-00014.parquet,78269
pilot_001630,data/raw/tiny-genimage/images/Real/n01737021_10287.JPEG,0,Real,0,Tiny-GenImage,train,n01737021_10287.JPEG,data/train-00000-of-00014.parquet,75572
pilot_001631,data/raw/tiny-genimage/images/Midjourney/148_midjourney_126.png,1,Midjourney,4,Tiny-GenImage,train,148_midjourney_126.png,data/train-00000-of-00014.parquet,972904
pilot_001632,data/raw/tiny-genimage/images/Real/n01728572_2727.JPEG,0,Real,0,Tiny-GenImage,train,n01728572_2727.JPEG,data/train-00000-of-00014.parquet,180094
pilot_001633,data/raw/tiny-genimage/images/SD15/055_sdv5_00089.png,1,SD15,6,Tiny-GenImage,train,055_sdv5_00089.png,data/train-00000-of-00014.parquet,367005
pilot_001634,data/raw/tiny-genimage/images/Real/n01704323_14000.JPEG,0,Real,0,Tiny-GenImage,train,n01704323_14000.JPEG,data/train-00000-of-00014.parquet,141962
pilot_001635,data/raw/tiny-genimage/images/VQDM/VQDM_1000_200_00_073_vqdm_00173.png,1,VQDM,7,Tiny-GenImage,train,VQDM_1000_200_00_073_vqdm_00173.png,data/train-00000-of-00014.parquet,67815
pilot_001636,data/raw/tiny-genimage/images/Real/n01742172_13225.JPEG,0,Real,0,Tiny-GenImage,train,n01742172_13225.JPEG,data/train-00000-of-00014.parquet,134156
pilot_001637,data/raw/tiny-genimage/images/Wukong/14_wukong_image93.png,1,Wukong,8,Tiny-GenImage,train,14_wukong_image93.png,data/train-00000-of-00014.parquet,391644
pilot_001638,data/raw/tiny-genimage/images/Real/n01737021_1377.JPEG,0,Real,0,Tiny-GenImage,train,n01737021_1377.JPEG,data/train-00000-of-00014.parquet,146771
pilot_001639,data/raw/tiny-genimage/images/ADM/14_adm_139.PNG,1,ADM,1,Tiny-GenImage,train,14_adm_139.PNG,data/train-00000-of-00014.parquet,138764
pilot_001640,data/raw/tiny-genimage/images/Real/n01737021_13081.JPEG,0,Real,0,Tiny-GenImage,train,n01737021_13081.JPEG,data/train-00000-of-00014.parquet,178131
pilot_001641,data/raw/tiny-genimage/images/BigGAN/063_biggan_00104.png,1,BigGAN,2,Tiny-GenImage,train,063_biggan_00104.png,data/train-00000-of-00014.parquet,39610
pilot_001642,data/raw/tiny-genimage/images/Real/n01770081_1935.JPEG,0,Real,0,Tiny-GenImage,train,n01770081_1935.JPEG,data/train-00000-of-00014.parquet,130404
pilot_001643,data/raw/tiny-genimage/images/GLIDE/GLIDE_1000_200_00_064_glide_00030.png,1,GLIDE,3,Tiny-GenImage,train,GLIDE_1000_200_00_064_glide_00030.png,data/train-00000-of-00014.parquet,74470
pilot_001644,data/raw/tiny-genimage/images/Real/n01737021_7146.JPEG,0,Real,0,Tiny-GenImage,train,n01737021_7146.JPEG,data/train-00000-of-00014.parquet,108591
pilot_001645,data/raw/tiny-genimage/images/Midjourney/148_midjourney_135.png,1,Midjourney,4,Tiny-GenImage,train,148_midjourney_135.png,data/train-00000-of-00014.parquet,814411
pilot_001646,data/raw/tiny-genimage/images/Real/n01728572_3512.JPEG,0,Real,0,Tiny-GenImage,train,n01728572_3512.JPEG,data/train-00000-of-00014.parquet,228545
pilot_001647,data/raw/tiny-genimage/images/SD15/056_sdv5_00085.png,1,SD15,6,Tiny-GenImage,train,056_sdv5_00085.png,data/train-00000-of-00014.parquet,463843
pilot_001648,data/raw/tiny-genimage/images/Real/n01704323_1878.JPEG,0,Real,0,Tiny-GenImage,train,n01704323_1878.JPEG,data/train-00000-of-00014.parquet,141984
pilot_001649,data/raw/tiny-genimage/images/VQDM/VQDM_1000_200_00_074_vqdm_00042.png,1,VQDM,7,Tiny-GenImage,train,VQDM_1000_200_00_074_vqdm_00042.png,data/train-00000-of-00014.parquet,108026
pilot_001650,data/raw/tiny-genimage/images/Real/n01742172_2606.JPEG,0,Real,0,Tiny-GenImage,train,n01742172_2606.JPEG,data/train-00000-of-00014.parquet,21393
pilot_001651,data/raw/tiny-genimage/images/Wukong/150_wukong_image39.png,1,Wukong,8,Tiny-GenImage,train,150_wukong_image39.png,data/train-00000-of-00014.parquet,429040
pilot_001652,data/raw/tiny-genimage/images/Real/n01737021_13772.JPEG,0,Real,0,Tiny-GenImage,train,n01737021_13772.JPEG,data/train-00000-of-00014.parquet,134740
pilot_001653,data/raw/tiny-genimage/images/ADM/151_adm_138.PNG,1,ADM,1,Tiny-GenImage,train,151_adm_138.PNG,data/train-00000-of-00014.parquet,150537
pilot_001654,data/raw/tiny-genimage/images/Real/n01737021_6101.JPEG,0,Real,0,Tiny-GenImage,train,n01737021_6101.JPEG,data/train-00000-of-00014.parquet,117369
pilot_001655,data/raw/tiny-genimage/images/BigGAN/064_biggan_00047.png,1,BigGAN,2,Tiny-GenImage,train,064_biggan_00047.png,data/train-00000-of-00014.parquet,32287
pilot_001656,data/raw/tiny-genimage/images/Real/n01770393_23080.JPEG,0,Real,0,Tiny-GenImage,train,n01770393_23080.JPEG,data/train-00000-of-00014.parquet,210475
pilot_001657,data/raw/tiny-genimage/images/GLIDE/GLIDE_1000_200_00_064_glide_00161.png,1,GLIDE,3,Tiny-GenImage,train,GLIDE_1000_200_00_064_glide_00161.png,data/train-00000-of-00014.parquet,81259
pilot_001658,data/raw/tiny-genimage/images/Real/n01739381_4636.JPEG,0,Real,0,Tiny-GenImage,train,n01739381_4636.JPEG,data/train-00000-of-00014.parquet,116950
pilot_001659,data/raw/tiny-genimage/images/Midjourney/148_midjourney_63.png,1,Midjourney,4,Tiny-GenImage,train,148_midjourney_63.png,data/train-00000-of-00014.parquet,1624671
pilot_001660,data/raw/tiny-genimage/images/Real/n01728572_3855.JPEG,0,Real,0,Tiny-GenImage,train,n01728572_3855.JPEG,data/train-00000-of-00014.parquet,7038
pilot_001661,data/raw/tiny-genimage/images/SD15/057_sdv5_00028.png,1,SD15,6,Tiny-GenImage,train,057_sdv5_00028.png,data/train-00000-of-00014.parquet,438813
pilot_001662,data/raw/tiny-genimage/images/Real/n01704323_9812.JPEG,0,Real,0,Tiny-GenImage,train,n01704323_9812.JPEG,data/train-00000-of-00014.parquet,103129
pilot_001663,data/raw/tiny-genimage/images/VQDM/VQDM_1000_200_00_074_vqdm_00072.png,1,VQDM,7,Tiny-GenImage,train,VQDM_1000_200_00_074_vqdm_00072.png,data/train-00000-of-00014.parquet,105927
pilot_001664,data/raw/tiny-genimage/images/Real/n01744401_2315.JPEG,0,Real,0,Tiny-GenImage,train,n01744401_2315.JPEG,data/train-00000-of-00014.parquet,4850
pilot_001665,data/raw/tiny-genimage/images/Wukong/150_wukong_image53.png,1,Wukong,8,Tiny-GenImage,train,150_wukong_image53.png,data/train-00000-of-00014.parquet,483639
pilot_001666,data/raw/tiny-genimage/images/Real/n01737021_332.JPEG,0,Real,0,Tiny-GenImage,train,n01737021_332.JPEG,data/train-00000-of-00014.parquet,221031
pilot_001667,data/raw/tiny-genimage/images/ADM/151_adm_172.PNG,1,ADM,1,Tiny-GenImage,train,151_adm_172.PNG,data/train-00000-of-00014.parquet,90717
pilot_001668,data/raw/tiny-genimage/images/Real/n01737021_9498.JPEG,0,Real,0,Tiny-GenImage,train,n01737021_9498.JPEG,data/train-00000-of-00014.parquet,183938
pilot_001669,data/raw/tiny-genimage/images/BigGAN/064_biggan_00097.png,1,BigGAN,2,Tiny-GenImage,train,064_biggan_00097.png,data/train-00000-of-00014.parquet,24694
pilot_001670,data/raw/tiny-genimage/images/Real/n01770393_23345.JPEG,0,Real,0,Tiny-GenImage,train,n01770393_23345.JPEG,data/train-00000-of-00014.parquet,23554
pilot_001671,data/raw/tiny-genimage/images/GLIDE/GLIDE_1000_200_00_065_glide_00050.png,1,GLIDE,3,Tiny-GenImage,train,GLIDE_1000_200_00_065_glide_00050.png,data/train-00000-of-00014.parquet,62808
pilot_001672,data/raw/tiny-genimage/images/Real/n01739381_4773.JPEG,0,Real,0,Tiny-GenImage,train,n01739381_4773.JPEG,data/train-00000-of-00014.parquet,85339
pilot_001673,data/raw/tiny-genimage/images/Midjourney/149_midjourney_2.png,1,Midjourney,4,Tiny-GenImage,train,149_midjourney_2.png,data/train-00000-of-00014.parquet,1184664
pilot_001674,data/raw/tiny-genimage/images/Real/n01728920_2158.JPEG,0,Real,0,Tiny-GenImage,train,n01728920_2158.JPEG,data/train-00000-of-00014.parquet,88134
pilot_001675,data/raw/tiny-genimage/images/SD15/057_sdv5_00123.png,1,SD15,6,Tiny-GenImage,train,057_sdv5_00123.png,data/train-00000-of-00014.parquet,498077
pilot_001676,data/raw/tiny-genimage/images/Real/n01728572_3290.JPEG,0,Real,0,Tiny-GenImage,train,n01728572_3290.JPEG,data/train-00000-of-00014.parquet,195029
pilot_001677,data/raw/tiny-genimage/images/VQDM/VQDM_1000_200_00_074_vqdm_00093.png,1,VQDM,7,Tiny-GenImage,train,VQDM_1000_200_00_074_vqdm_00093.png,data/train-00000-of-00014.parquet,122504
pilot_001678,data/raw/tiny-genimage/images/Real/n01744401_37947.JPEG,0,Real,0,Tiny-GenImage,train,n01744401_37947.JPEG,data/train-00000-of-00014.parquet,138807
pilot_001679,data/raw/tiny-genimage/images/Wukong/151_wukong_image50.png,1,Wukong,8,Tiny-GenImage,train,151_wukong_image50.png,data/train-00000-of-00014.parquet,418354
pilot_001680,data/raw/tiny-genimage/images/Real/n01740131_10660.JPEG,0,Real,0,Tiny-GenImage,train,n01740131_10660.JPEG,data/train-00000-of-00014.parquet,166277
pilot_001681,data/raw/tiny-genimage/images/ADM/151_adm_23.PNG,1,ADM,1,Tiny-GenImage,train,151_adm_23.PNG,data/train-00000-of-00014.parquet,119020
pilot_001682,data/raw/tiny-genimage/images/Real/n01740131_14673.JPEG,0,Real,0,Tiny-GenImage,train,n01740131_14673.JPEG,data/train-00000-of-00014.parquet,156124
pilot_001683,data/raw/tiny-genimage/images/BigGAN/065_biggan_00149.png,1,BigGAN,2,Tiny-GenImage,train,065_biggan_00149.png,data/train-00000-of-00014.parquet,30604
pilot_001684,data/raw/tiny-genimage/images/Real/n01770393_5976.JPEG,0,Real,0,Tiny-GenImage,train,n01770393_5976.JPEG,data/train-00000-of-00014.parquet,78479
pilot_001685,data/raw/tiny-genimage/images/GLIDE/GLIDE_1000_200_00_065_glide_00157.png,1,GLIDE,3,Tiny-GenImage,train,GLIDE_1000_200_00_065_glide_00157.png,data/train-00000-of-00014.parquet,88825
pilot_001686,data/raw/tiny-genimage/images/Real/n01739381_8039.JPEG,0,Real,0,Tiny-GenImage,train,n01739381_8039.JPEG,data/train-00000-of-00014.parquet,90747
pilot_001687,data/raw/tiny-genimage/images/Midjourney/14_midjourney_176.png,1,Midjourney,4,Tiny-GenImage,train,14_midjourney_176.png,data/train-00000-of-00014.parquet,1061095
pilot_001688,data/raw/tiny-genimage/images/Real/n01728920_9452.JPEG,0,Real,0,Tiny-GenImage,train,n01728920_9452.JPEG,data/train-00000-of-00014.parquet,186269
pilot_001689,data/raw/tiny-genimage/images/SD15/058_sdv5_00028.png,1,SD15,6,Tiny-GenImage,train,058_sdv5_00028.png,data/train-00000-of-00014.parquet,390776
pilot_001690,data/raw/tiny-genimage/images/Real/n01728920_3210.JPEG,0,Real,0,Tiny-GenImage,train,n01728920_3210.JPEG,data/train-00000-of-00014.parquet,90122
pilot_001691,data/raw/tiny-genimage/images/VQDM/VQDM_1000_200_00_074_vqdm_00129.png,1,VQDM,7,Tiny-GenImage,train,VQDM_1000_200_00_074_vqdm_00129.png,data/train-00000-of-00014.parquet,88884
pilot_001692,data/raw/tiny-genimage/images/Real/n01748264_13911.JPEG,0,Real,0,Tiny-GenImage,train,n01748264_13911.JPEG,data/train-00000-of-00014.parquet,37059
pilot_001693,data/raw/tiny-genimage/images/Wukong/152_wukong_image161.png,1,Wukong,8,Tiny-GenImage,train,152_wukong_image161.png,data/train-00000-of-00014.parquet,492044
pilot_001694,data/raw/tiny-genimage/images/Real/n01740131_10886.JPEG,0,Real,0,Tiny-GenImage,train,n01740131_10886.JPEG,data/train-00000-of-00014.parquet,134894
pilot_001695,data/raw/tiny-genimage/images/ADM/151_adm_43.PNG,1,ADM,1,Tiny-GenImage,train,151_adm_43.PNG,data/train-00000-of-00014.parquet,114763
pilot_001696,data/raw/tiny-genimage/images/Real/n01740131_18311.JPEG,0,Real,0,Tiny-GenImage,train,n01740131_18311.JPEG,data/train-00000-of-00014.parquet,161183
pilot_001697,data/raw/tiny-genimage/images/BigGAN/065_biggan_00179.png,1,BigGAN,2,Tiny-GenImage,train,065_biggan_00179.png,data/train-00000-of-00014.parquet,33044
pilot_001698,data/raw/tiny-genimage/images/Real/n01773157_1717.JPEG,0,Real,0,Tiny-GenImage,train,n01773157_1717.JPEG,data/train-00000-of-00014.parquet,288999
pilot_001699,data/raw/tiny-genimage/images/GLIDE/GLIDE_1000_200_00_067_glide_00013.png,1,GLIDE,3,Tiny-GenImage,train,GLIDE_1000_200_00_067_glide_00013.png,data/train-00000-of-00014.parquet,111961
pilot_001700,data/raw/tiny-genimage/images/Real/n01740131_13437.JPEG,0,Real,0,Tiny-GenImage,train,n01740131_13437.JPEG,data/train-00000-of-00014.parquet,143584
pilot_001701,data/raw/tiny-genimage/images/Midjourney/14_midjourney_37.png,1,Midjourney,4,Tiny-GenImage,train,14_midjourney_37.png,data/train-00000-of-00014.parquet,982994
pilot_001702,data/raw/tiny-genimage/images/Real/n01729322_526.JPEG,0,Real,0,Tiny-GenImage,train,n01729322_526.JPEG,data/train-00000-of-00014.parquet,31966
pilot_001703,data/raw/tiny-genimage/images/SD15/058_sdv5_00159.png,1,SD15,6,Tiny-GenImage,train,058_sdv5_00159.png,data/train-00000-of-00014.parquet,512211
pilot_001704,data/raw/tiny-genimage/images/Real/n01728920_3855.JPEG,0,Real,0,Tiny-GenImage,train,n01728920_3855.JPEG,data/train-00000-of-00014.parquet,59158
pilot_001705,data/raw/tiny-genimage/images/VQDM/VQDM_1000_200_00_074_vqdm_00170.png,1,VQDM,7,Tiny-GenImage,train,VQDM_1000_200_00_074_vqdm_00170.png,data/train-00000-of-00014.parquet,121591
pilot_001706,data/raw/tiny-genimage/images/Real/n01749939_192.JPEG,0,Real,0,Tiny-GenImage,train,n01749939_192.JPEG,data/train-00000-of-00014.parquet,187258
pilot_001707,data/raw/tiny-genimage/images/Wukong/152_wukong_image90.png,1,Wukong,8,Tiny-GenImage,train,152_wukong_image90.png,data/train-00000-of-00014.parquet,481777
pilot_001708,data/raw/tiny-genimage/images/Real/n01740131_13757.JPEG,0,Real,0,Tiny-GenImage,train,n01740131_13757.JPEG,data/train-00000-of-00014.parquet,95984
pilot_001709,data/raw/tiny-genimage/images/ADM/152_adm_122.PNG,1,ADM,1,Tiny-GenImage,train,152_adm_122.PNG,data/train-00000-of-00014.parquet,145563
pilot_001710,data/raw/tiny-genimage/images/Real/n01740131_4021.JPEG,0,Real,0,Tiny-GenImage,train,n01740131_4021.JPEG,data/train-00000-of-00014.parquet,174239
pilot_001711,data/raw/tiny-genimage/images/BigGAN/066_biggan_00012.png,1,BigGAN,2,Tiny-GenImage,train,066_biggan_00012.png,data/train-00000-of-00014.parquet,34364
pilot_001712,data/raw/tiny-genimage/images/Real/n01773549_2556.JPEG,0,Real,0,Tiny-GenImage,train,n01773549_2556.JPEG,data/train-00000-of-00014.parquet,14658
pilot_001713,data/raw/tiny-genimage/images/GLIDE/GLIDE_1000_200_00_067_glide_00091.png,1,GLIDE,3,Tiny-GenImage,train,GLIDE_1000_200_00_067_glide_00091.png,data/train-00000-of-00014.parquet,113401
pilot_001714,data/raw/tiny-genimage/images/Real/n01740131_21039.JPEG,0,Real,0,Tiny-GenImage,train,n01740131_21039.JPEG,data/train-00000-of-00014.parquet,137583
pilot_001715,data/raw/tiny-genimage/images/Midjourney/14_midjourney_39.png,1,Midjourney,4,Tiny-GenImage,train,14_midjourney_39.png,data/train-00000-of-00014.parquet,970352
pilot_001716,data/raw/tiny-genimage/images/Real/n01729322_8965.JPEG,0,Real,0,Tiny-GenImage,train,n01729322_8965.JPEG,data/train-00000-of-00014.parquet,83957
pilot_001717,data/raw/tiny-genimage/images/SD15/058_sdv5_00175.png,1,SD15,6,Tiny-GenImage,train,058_sdv5_00175.png,data/train-00000-of-00014.parquet,434804
pilot_001718,data/raw/tiny-genimage/images/Real/n01728920_9729.JPEG,0,Real,0,Tiny-GenImage,train,n01728920_9729.JPEG,data/train-00000-of-00014.parquet,188412
pilot_001719,data/raw/tiny-genimage/images/VQDM/VQDM_1000_200_00_075_vqdm_00044.png,1,VQDM,7,Tiny-GenImage,train,VQDM_1000_200_00_075_vqdm_00044.png,data/train-00000-of-00014.parquet,98205
pilot_001720,data/raw/tiny-genimage/images/Real/n01751748_12546.JPEG,0,Real,0,Tiny-GenImage,train,n01751748_12546.JPEG,data/train-00000-of-00014.parquet,76241
pilot_001721,data/raw/tiny-genimage/images/Wukong/152_wukong_image93.png,1,Wukong,8,Tiny-GenImage,train,152_wukong_image93.png,data/train-00000-of-00014.parquet,479254
pilot_001722,data/raw/tiny-genimage/images/Real/n01742172_19100.JPEG,0,Real,0,Tiny-GenImage,train,n01742172_19100.JPEG,data/train-00000-of-00014.parquet,138008
pilot_001723,data/raw/tiny-genimage/images/ADM/152_adm_149.PNG,1,ADM,1,Tiny-GenImage,train,152_adm_149.PNG,data/train-00000-of-00014.parquet,128262
pilot_001724,data/raw/tiny-genimage/images/Real/n01740131_5503.JPEG,0,Real,0,Tiny-GenImage,train,n01740131_5503.JPEG,data/train-00000-of-00014.parquet,43418
pilot_001725,data/raw/tiny-genimage/images/BigGAN/066_biggan_00110.png,1,BigGAN,2,Tiny-GenImage,train,066_biggan_00110.png,data/train-00000-of-00014.parquet,34709
pilot_001726,data/raw/tiny-genimage/images/Real/n01773549_9149.JPEG,0,Real,0,Tiny-GenImage,train,n01773549_9149.JPEG,data/train-00000-of-00014.parquet,16496
pilot_001727,data/raw/tiny-genimage/images/GLIDE/GLIDE_1000_200_00_067_glide_00108.png,1,GLIDE,3,Tiny-GenImage,train,GLIDE_1000_200_00_067_glide_00108.png,data/train-00000-of-00014.parquet,127302
pilot_001728,data/raw/tiny-genimage/images/Real/n01742172_10109.JPEG,0,Real,0,Tiny-GenImage,train,n01742172_10109.JPEG,data/train-00000-of-00014.parquet,150999
pilot_001729,data/raw/tiny-genimage/images/Midjourney/14_midjourney_82.png,1,Midjourney,4,Tiny-GenImage,train,14_midjourney_82.png,data/train-00000-of-00014.parquet,1528596
pilot_001730,data/raw/tiny-genimage/images/Real/n01729977_13931.JPEG,0,Real,0,Tiny-GenImage,train,n01729977_13931.JPEG,data/train-00000-of-00014.parquet,158747
pilot_001731,data/raw/tiny-genimage/images/SD15/058_sdv5_00181.png,1,SD15,6,Tiny-GenImage,train,058_sdv5_00181.png,data/train-00000-of-00014.parquet,586657
pilot_001732,data/raw/tiny-genimage/images/Real/n01729322_17390.JPEG,0,Real,0,Tiny-GenImage,train,n01729322_17390.JPEG,data/train-00000-of-00014.parquet,149607
pilot_001733,data/raw/tiny-genimage/images/VQDM/VQDM_1000_200_00_075_vqdm_00054.png,1,VQDM,7,Tiny-GenImage,train,VQDM_1000_200_00_075_vqdm_00054.png,data/train-00000-of-00014.parquet,112280
pilot_001734,data/raw/tiny-genimage/images/Real/n01753488_1430.JPEG,0,Real,0,Tiny-GenImage,train,n01753488_1430.JPEG,data/train-00000-of-00014.parquet,84331
pilot_001735,data/raw/tiny-genimage/images/Wukong/153_wukong_image193.png,1,Wukong,8,Tiny-GenImage,train,153_wukong_image193.png,data/train-00000-of-00014.parquet,455472
pilot_001736,data/raw/tiny-genimage/images/Real/n01742172_5778.JPEG,0,Real,0,Tiny-GenImage,train,n01742172_5778.JPEG,data/train-00000-of-00014.parquet,45629
pilot_001737,data/raw/tiny-genimage/images/ADM/152_adm_39.PNG,1,ADM,1,Tiny-GenImage,train,152_adm_39.PNG,data/train-00000-of-00014.parquet,110324
pilot_001738,data/raw/tiny-genimage/images/Real/n01742172_3330.JPEG,0,Real,0,Tiny-GenImage,train,n01742172_3330.JPEG,data/train-00000-of-00014.parquet,117711
pilot_001739,data/raw/tiny-genimage/images/BigGAN/067_biggan_00096.png,1,BigGAN,2,Tiny-GenImage,train,067_biggan_00096.png,data/train-00000-of-00014.parquet,41585
pilot_001740,data/raw/tiny-genimage/images/Real/n01773797_5784.JPEG,0,Real,0,Tiny-GenImage,train,n01773797_5784.JPEG,data/train-00000-of-00014.parquet,147547
pilot_001741,data/raw/tiny-genimage/images/GLIDE/GLIDE_1000_200_00_068_glide_00058.png,1,GLIDE,3,Tiny-GenImage,train,GLIDE_1000_200_00_068_glide_00058.png,data/train-00000-of-00014.parquet,109214
pilot_001742,data/raw/tiny-genimage/images/Real/n01742172_29620.JPEG,0,Real,0,Tiny-GenImage,train,n01742172_29620.JPEG,data/train-00000-of-00014.parquet,129290
pilot_001743,data/raw/tiny-genimage/images/Midjourney/151_midjourney_22.png,1,Midjourney,4,Tiny-GenImage,train,151_midjourney_22.png,data/train-00000-of-00014.parquet,1068719
pilot_001744,data/raw/tiny-genimage/images/Real/n01729977_17105.JPEG,0,Real,0,Tiny-GenImage,train,n01729977_17105.JPEG,data/train-00000-of-00014.parquet,67472
pilot_001745,data/raw/tiny-genimage/images/SD15/059_sdv5_00049.png,1,SD15,6,Tiny-GenImage,train,059_sdv5_00049.png,data/train-00000-of-00014.parquet,537513
pilot_001746,data/raw/tiny-genimage/images/Real/n01729322_8570.JPEG,0,Real,0,Tiny-GenImage,train,n01729322_8570.JPEG,data/train-00000-of-00014.parquet,144226
pilot_001747,data/raw/tiny-genimage/images/VQDM/VQDM_1000_200_00_076_vqdm_00118.png,1,VQDM,7,Tiny-GenImage,train,VQDM_1000_200_00_076_vqdm_00118.png,data/train-00000-of-00014.parquet,128584
pilot_001748,data/raw/tiny-genimage/images/Real/n01753488_2811.JPEG,0,Real,0,Tiny-GenImage,train,n01753488_2811.JPEG,data/train-00000-of-00014.parquet,1175885
pilot_001749,data/raw/tiny-genimage/images/Wukong/153_wukong_image36.png,1,Wukong,8,Tiny-GenImage,train,153_wukong_image36.png,data/train-00000-of-00014.parquet,502923
pilot_001750,data/raw/tiny-genimage/images/Real/n01744401_10031.JPEG,0,Real,0,Tiny-GenImage,train,n01744401_10031.JPEG,data/train-00000-of-00014.parquet,4929
pilot_001751,data/raw/tiny-genimage/images/ADM/153_adm_8.PNG,1,ADM,1,Tiny-GenImage,train,153_adm_8.PNG,data/train-00000-of-00014.parquet,95021
pilot_001752,data/raw/tiny-genimage/images/Real/n01742172_4968.JPEG,0,Real,0,Tiny-GenImage,train,n01742172_4968.JPEG,data/train-00000-of-00014.parquet,82814
pilot_001753,data/raw/tiny-genimage/images/BigGAN/067_biggan_00128.png,1,BigGAN,2,Tiny-GenImage,train,067_biggan_00128.png,data/train-00000-of-00014.parquet,39095
pilot_001754,data/raw/tiny-genimage/images/Real/n01784675_1629.JPEG,0,Real,0,Tiny-GenImage,train,n01784675_1629.JPEG,data/train-00000-of-00014.parquet,109200
pilot_001755,data/raw/tiny-genimage/images/GLIDE/GLIDE_1000_200_00_068_glide_00139.png,1,GLIDE,3,Tiny-GenImage,train,GLIDE_1000_200_00_068_glide_00139.png,data/train-00000-of-00014.parquet,106278
pilot_001756,data/raw/tiny-genimage/images/Real/n01744401_10617.JPEG,0,Real,0,Tiny-GenImage,train,n01744401_10617.JPEG,data/train-00000-of-00014.parquet,2465
pilot_001757,data/raw/tiny-genimage/images/Midjourney/151_midjourney_26.png,1,Midjourney,4,Tiny-GenImage,train,151_midjourney_26.png,data/train-00000-of-00014.parquet,782782
pilot_001758,data/raw/tiny-genimage/images/Real/n01729977_9226.JPEG,0,Real,0,Tiny-GenImage,train,n01729977_9226.JPEG,data/train-00000-of-00014.parquet,111665
pilot_001759,data/raw/tiny-genimage/images/SD15/059_sdv5_00088.png,1,SD15,6,Tiny-GenImage,train,059_sdv5_00088.png,data/train-00000-of-00014.parquet,565989
pilot_001760,data/raw/tiny-genimage/images/Real/n01729977_15759.JPEG,0,Real,0,Tiny-GenImage,train,n01729977_15759.JPEG,data/train-00000-of-00014.parquet,62139
pilot_001761,data/raw/tiny-genimage/images/VQDM/VQDM_1000_200_00_078_vqdm_00053.png,1,VQDM,7,Tiny-GenImage,train,VQDM_1000_200_00_078_vqdm_00053.png,data/train-00000-of-00014.parquet,89463
pilot_001762,data/raw/tiny-genimage/images/Real/n01753488_4084.JPEG,0,Real,0,Tiny-GenImage,train,n01753488_4084.JPEG,data/train-00000-of-00014.parquet,69363
pilot_001763,data/raw/tiny-genimage/images/Wukong/154_wukong_image161.png,1,Wukong,8,Tiny-GenImage,train,154_wukong_image161.png,data/train-00000-of-00014.parquet,478656
pilot_001764,data/raw/tiny-genimage/images/Real/n01744401_2332.JPEG,0,Real,0,Tiny-GenImage,train,n01744401_2332.JPEG,data/train-00000-of-00014.parquet,36071
pilot_001765,data/raw/tiny-genimage/images/ADM/154_adm_148.PNG,1,ADM,1,Tiny-GenImage,train,154_adm_148.PNG,data/train-00000-of-00014.parquet,120510
pilot_001766,data/raw/tiny-genimage/images/Real/n01744401_10610.JPEG,0,Real,0,Tiny-GenImage,train,n01744401_10610.JPEG,data/train-00000-of-00014.parquet,218917
pilot_001767,data/raw/tiny-genimage/images/BigGAN/068_biggan_00021.png,1,BigGAN,2,Tiny-GenImage,train,068_biggan_00021.png,data/train-00000-of-00014.parquet,37041
pilot_001768,data/raw/tiny-genimage/images/Real/n01784675_3342.JPEG,0,Real,0,Tiny-GenImage,train,n01784675_3342.JPEG,data/train-00000-of-00014.parquet,53869
pilot_001769,data/raw/tiny-genimage/images/GLIDE/GLIDE_1000_200_00_069_glide_00021.png,1,GLIDE,3,Tiny-GenImage,train,GLIDE_1000_200_00_069_glide_00021.png,data/train-00000-of-00014.parquet,86030
pilot_001770,data/raw/tiny-genimage/images/Real/n01744401_13768.JPEG,0,Real,0,Tiny-GenImage,train,n01744401_13768.JPEG,data/train-00000-of-00014.parquet,222215
pilot_001771,data/raw/tiny-genimage/images/Midjourney/151_midjourney_28.png,1,Midjourney,4,Tiny-GenImage,train,151_midjourney_28.png,data/train-00000-of-00014.parquet,1169379
pilot_001772,data/raw/tiny-genimage/images/Real/n01734418_10264.JPEG,0,Real,0,Tiny-GenImage,train,n01734418_10264.JPEG,data/train-00000-of-00014.parquet,220507
pilot_001773,data/raw/tiny-genimage/images/SD15/059_sdv5_00193.png,1,SD15,6,Tiny-GenImage,train,059_sdv5_00193.png,data/train-00000-of-00014.parquet,550288
pilot_001774,data/raw/tiny-genimage/images/Real/n01729977_6642.JPEG,0,Real,0,Tiny-GenImage,train,n01729977_6642.JPEG,data/train-00000-of-00014.parquet,256956
pilot_001775,data/raw/tiny-genimage/images/VQDM/VQDM_1000_200_00_078_vqdm_00058.png,1,VQDM,7,Tiny-GenImage,train,VQDM_1000_200_00_078_vqdm_00058.png,data/train-00000-of-00014.parquet,81086
pilot_001776,data/raw/tiny-genimage/images/Real/n01755581_10711.JPEG,0,Real,0,Tiny-GenImage,train,n01755581_10711.JPEG,data/train-00000-of-00014.parquet,105311
pilot_001777,data/raw/tiny-genimage/images/Wukong/154_wukong_image171.png,1,Wukong,8,Tiny-GenImage,train,154_wukong_image171.png,data/train-00000-of-00014.parquet,485100
pilot_001778,data/raw/tiny-genimage/images/Real/n01744401_9995.JPEG,0,Real,0,Tiny-GenImage,train,n01744401_9995.JPEG,data/train-00000-of-00014.parquet,12106
pilot_001779,data/raw/tiny-genimage/images/ADM/154_adm_89.PNG,1,ADM,1,Tiny-GenImage,train,154_adm_89.PNG,data/train-00000-of-00014.parquet,139779
pilot_001780,data/raw/tiny-genimage/images/Real/n01744401_18218.JPEG,0,Real,0,Tiny-GenImage,train,n01744401_18218.JPEG,data/train-00000-of-00014.parquet,198553
pilot_001781,data/raw/tiny-genimage/images/BigGAN/071_biggan_00046.png,1,BigGAN,2,Tiny-GenImage,train,071_biggan_00046.png,data/train-00000-of-00014.parquet,36392
pilot_001782,data/raw/tiny-genimage/images/Real/n01784675_3396.JPEG,0,Real,0,Tiny-GenImage,train,n01784675_3396.JPEG,data/train-00000-of-00014.parquet,127530
pilot_001783,data/raw/tiny-genimage/images/GLIDE/GLIDE_1000_200_00_071_glide_00050.png,1,GLIDE,3,Tiny-GenImage,train,GLIDE_1000_200_00_071_glide_00050.png,data/train-00000-of-00014.parquet,94038
pilot_001784,data/raw/tiny-genimage/images/Real/n01748264_11928.JPEG,0,Real,0,Tiny-GenImage,train,n01748264_11928.JPEG,data/train-00000-of-00014.parquet,15721
pilot_001785,data/raw/tiny-genimage/images/Midjourney/151_midjourney_79.png,1,Midjourney,4,Tiny-GenImage,train,151_midjourney_79.png,data/train-00000-of-00014.parquet,714463
pilot_001786,data/raw/tiny-genimage/images/Real/n01734418_6079.JPEG,0,Real,0,Tiny-GenImage,train,n01734418_6079.JPEG,data/train-00000-of-00014.parquet,135939
pilot_001787,data/raw/tiny-genimage/images/SD15/060_sdv5_00052.png,1,SD15,6,Tiny-GenImage,train,060_sdv5_00052.png,data/train-00000-of-00014.parquet,532053
pilot_001788,data/raw/tiny-genimage/images/Real/n01734418_3921.JPEG,0,Real,0,Tiny-GenImage,train,n01734418_3921.JPEG,data/train-00000-of-00014.parquet,220917
pilot_001789,data/raw/tiny-genimage/images/VQDM/VQDM_1000_200_00_078_vqdm_00097.png,1,VQDM,7,Tiny-GenImage,train,VQDM_1000_200_00_078_vqdm_00097.png,data/train-00000-of-00014.parquet,101868
pilot_001790,data/raw/tiny-genimage/images/Real/n01756291_14777.JPEG,0,Real,0,Tiny-GenImage,train,n01756291_14777.JPEG,data/train-00000-of-00014.parquet,11695
pilot_001791,data/raw/tiny-genimage/images/Wukong/154_wukong_image173.png,1,Wukong,8,Tiny-GenImage,train,154_wukong_image173.png,data/train-00000-of-00014.parquet,493558
pilot_001792,data/raw/tiny-genimage/images/Real/n01748264_20929.JPEG,0,Real,0,Tiny-GenImage,train,n01748264_20929.JPEG,data/train-00000-of-00014.parquet,74599
pilot_001793,data/raw/tiny-genimage/images/ADM/155_adm_110.PNG,1,ADM,1,Tiny-GenImage,train,155_adm_110.PNG,data/train-00000-of-00014.parquet,142442
pilot_001794,data/raw/tiny-genimage/images/Real/n01744401_6503.JPEG,0,Real,0,Tiny-GenImage,train,n01744401_6503.JPEG,data/train-00000-of-00014.parquet,174604
pilot_001795,data/raw/tiny-genimage/images/BigGAN/072_biggan_00011.png,1,BigGAN,2,Tiny-GenImage,train,072_biggan_00011.png,data/train-00000-of-00014.parquet,25138
pilot_001796,data/raw/tiny-genimage/images/Real/n01784675_3831.JPEG,0,Real,0,Tiny-GenImage,train,n01784675_3831.JPEG,data/train-00000-of-00014.parquet,44749
pilot_001797,data/raw/tiny-genimage/images/GLIDE/GLIDE_1000_200_00_071_glide_00081.png,1,GLIDE,3,Tiny-GenImage,train,GLIDE_1000_200_00_071_glide_00081.png,data/train-00000-of-00014.parquet,73956
pilot_001798,data/raw/tiny-genimage/images/Real/n01748264_1523.JPEG,0,Real,0,Tiny-GenImage,train,n01748264_1523.JPEG,data/train-00000-of-00014.parquet,116834
pilot_001799,data/raw/tiny-genimage/images/Midjourney/152_midjourney_111.png,1,Midjourney,4,Tiny-GenImage,train,152_midjourney_111.png,data/train-00000-of-00014.parquet,556433
pilot_001800,data/raw/tiny-genimage/images/Real/n01735189_10027.JPEG,0,Real,0,Tiny-GenImage,train,n01735189_10027.JPEG,data/train-00000-of-00014.parquet,234072
pilot_001801,data/raw/tiny-genimage/images/SD15/060_sdv5_00110.png,1,SD15,6,Tiny-GenImage,train,060_sdv5_00110.png,data/train-00000-of-00014.parquet,580380
pilot_001802,data/raw/tiny-genimage/images/Real/n01734418_9960.JPEG,0,Real,0,Tiny-GenImage,train,n01734418_9960.JPEG,data/train-00000-of-00014.parquet,159630
pilot_001803,data/raw/tiny-genimage/images/VQDM/VQDM_1000_200_00_079_vqdm_00066.png,1,VQDM,7,Tiny-GenImage,train,VQDM_1000_200_00_079_vqdm_00066.png,data/train-00000-of-00014.parquet,117654
pilot_001804,data/raw/tiny-genimage/images/Real/n01756291_18221.JPEG,0,Real,0,Tiny-GenImage,train,n01756291_18221.JPEG,data/train-00000-of-00014.parquet,71615
pilot_001805,data/raw/tiny-genimage/images/Wukong/154_wukong_image73.png,1,Wukong,8,Tiny-GenImage,train,154_wukong_image73.png,data/train-00000-of-00014.parquet,404701
pilot_001806,data/raw/tiny-genimage/images/Real/n01748264_4154.JPEG,0,Real,0,Tiny-GenImage,train,n01748264_4154.JPEG,data/train-00000-of-00014.parquet,95062
pilot_001807,data/raw/tiny-genimage/images/ADM/156_adm_164.PNG,1,ADM,1,Tiny-GenImage,train,156_adm_164.PNG,data/train-00000-of-00014.parquet,81069
pilot_001808,data/raw/tiny-genimage/images/Real/n01748264_4456.JPEG,0,Real,0,Tiny-GenImage,train,n01748264_4456.JPEG,data/train-00000-of-00014.parquet,26059
pilot_001809,data/raw/tiny-genimage/images/BigGAN/072_biggan_00063.png,1,BigGAN,2,Tiny-GenImage,train,072_biggan_00063.png,data/train-00000-of-00014.parquet,36313
pilot_001810,data/raw/tiny-genimage/images/Real/n01795545_6066.JPEG,0,Real,0,Tiny-GenImage,train,n01795545_6066.JPEG,data/train-00000-of-00014.parquet,78041
pilot_001811,data/raw/tiny-genimage/images/GLIDE/GLIDE_1000_200_00_071_glide_00167.png,1,GLIDE,3,Tiny-GenImage,train,GLIDE_1000_200_00_071_glide_00167.png,data/train-00000-of-00014.parquet,51769
pilot_001812,data/raw/tiny-genimage/images/Real/n01748264_15388.JPEG,0,Real,0,Tiny-GenImage,train,n01748264_15388.JPEG,data/train-00000-of-00014.parquet,45749
pilot_001813,data/raw/tiny-genimage/images/Midjourney/152_midjourney_116.png,1,Midjourney,4,Tiny-GenImage,train,152_midjourney_116.png,data/train-00000-of-00014.parquet,1651312
pilot_001814,data/raw/tiny-genimage/images/Real/n01735189_12882.JPEG,0,Real,0,Tiny-GenImage,train,n01735189_12882.JPEG,data/train-00000-of-00014.parquet,86005
pilot_001815,data/raw/tiny-genimage/images/SD15/060_sdv5_00167.png,1,SD15,6,Tiny-GenImage,train,060_sdv5_00167.png,data/train-00000-of-00014.parquet,518864
pilot_001816,data/raw/tiny-genimage/images/Real/n01735189_9551.JPEG,0,Real,0,Tiny-GenImage,train,n01735189_9551.JPEG,data/train-00000-of-00014.parquet,241441
pilot_001817,data/raw/tiny-genimage/images/VQDM/VQDM_1000_200_00_079_vqdm_00091.png,1,VQDM,7,Tiny-GenImage,train,VQDM_1000_200_00_079_vqdm_00091.png,data/train-00000-of-00014.parquet,158473
pilot_001818,data/raw/tiny-genimage/images/Real/n01770081_13951.JPEG,0,Real,0,Tiny-GenImage,train,n01770081_13951.JPEG,data/train-00000-of-00014.parquet,61356
pilot_001819,data/raw/tiny-genimage/images/Wukong/155_wukong_image181.png,1,Wukong,8,Tiny-GenImage,train,155_wukong_image181.png,data/train-00000-of-00014.parquet,407465
pilot_001820,data/raw/tiny-genimage/images/Real/n01749939_12642.JPEG,0,Real,0,Tiny-GenImage,train,n01749939_12642.JPEG,data/train-00000-of-00014.parquet,59021
pilot_001821,data/raw/tiny-genimage/images/ADM/157_adm_107.PNG,1,ADM,1,Tiny-GenImage,train,157_adm_107.PNG,data/train-00000-of-00014.parquet,94959
pilot_001822,data/raw/tiny-genimage/images/Real/n01748264_8140.JPEG,0,Real,0,Tiny-GenImage,train,n01748264_8140.JPEG,data/train-00000-of-00014.parquet,239490
pilot_001823,data/raw/tiny-genimage/images/BigGAN/072_biggan_00082.png,1,BigGAN,2,Tiny-GenImage,train,072_biggan_00082.png,data/train-00000-of-00014.parquet,21096
pilot_001824,data/raw/tiny-genimage/images/Real/n01796340_11067.JPEG,0,Real,0,Tiny-GenImage,train,n01796340_11067.JPEG,data/train-00000-of-00014.parquet,79146
pilot_001825,data/raw/tiny-genimage/images/GLIDE/GLIDE_1000_200_00_072_glide_00070.png,1,GLIDE,3,Tiny-GenImage,train,GLIDE_1000_200_00_072_glide_00070.png,data/train-00000-of-00014.parquet,98893
pilot_001826,data/raw/tiny-genimage/images/Real/n01748264_5933.JPEG,0,Real,0,Tiny-GenImage,train,n01748264_5933.JPEG,data/train-00000-of-00014.parquet,179321
pilot_001827,data/raw/tiny-genimage/images/Midjourney/153_midjourney_181.png,1,Midjourney,4,Tiny-GenImage,train,153_midjourney_181.png,data/train-00000-of-00014.parquet,858121
pilot_001828,data/raw/tiny-genimage/images/Real/n01737021_23406.JPEG,0,Real,0,Tiny-GenImage,train,n01737021_23406.JPEG,data/train-00000-of-00014.parquet,175959
pilot_001829,data/raw/tiny-genimage/images/SD15/061_sdv5_00043.png,1,SD15,6,Tiny-GenImage,train,061_sdv5_00043.png,data/train-00000-of-00014.parquet,470788
pilot_001830,data/raw/tiny-genimage/images/Real/n01737021_11513.JPEG,0,Real,0,Tiny-GenImage,train,n01737021_11513.JPEG,data/train-00000-of-00014.parquet,66066
pilot_001831,data/raw/tiny-genimage/images/VQDM/VQDM_1000_200_00_080_vqdm_00102.png,1,VQDM,7,Tiny-GenImage,train,VQDM_1000_200_00_080_vqdm_00102.png,data/train-00000-of-00014.parquet,101860
pilot_001832,data/raw/tiny-genimage/images/Real/n01770081_2606.JPEG,0,Real,0,Tiny-GenImage,train,n01770081_2606.JPEG,data/train-00000-of-00014.parquet,107147
pilot_001833,data/raw/tiny-genimage/images/Wukong/155_wukong_image182.png,1,Wukong,8,Tiny-GenImage,train,155_wukong_image182.png,data/train-00000-of-00014.parquet,466297
pilot_001834,data/raw/tiny-genimage/images/Real/n01749939_4352.JPEG,0,Real,0,Tiny-GenImage,train,n01749939_4352.JPEG,data/train-00000-of-00014.parquet,45671
pilot_001835,data/raw/tiny-genimage/images/ADM/157_adm_183.PNG,1,ADM,1,Tiny-GenImage,train,157_adm_183.PNG,data/train-00000-of-00014.parquet,116450
pilot_001836,data/raw/tiny-genimage/images/Real/n01749939_1636.JPEG,0,Real,0,Tiny-GenImage,train,n01749939_1636.JPEG,data/train-00000-of-00014.parquet,40687
pilot_001837,data/raw/tiny-genimage/images/BigGAN/072_biggan_00122.png,1,BigGAN,2,Tiny-GenImage,train,072_biggan_00122.png,data/train-00000-of-00014.parquet,28630
pilot_001838,data/raw/tiny-genimage/images/Real/n01796340_1706.JPEG,0,Real,0,Tiny-GenImage,train,n01796340_1706.JPEG,data/train-00000-of-00014.parquet,136526
pilot_001839,data/raw/tiny-genimage/images/GLIDE/GLIDE_1000_200_00_072_glide_00095.png,1,GLIDE,3,Tiny-GenImage,train,GLIDE_1000_200_00_072_glide_00095.png,data/train-00000-of-00014.parquet,88543
pilot_001840,data/raw/tiny-genimage/images/Real/n01748264_6033.JPEG,0,Real,0,Tiny-GenImage,train,n01748264_6033.JPEG,data/train-00000-of-00014.parquet,131800
pilot_001841,data/raw/tiny-genimage/images/Midjourney/154_midjourney_12.png,1,Midjourney,4,Tiny-GenImage,train,154_midjourney_12.png,data/train-00000-of-00014.parquet,1560010
pilot_001842,data/raw/tiny-genimage/images/Real/n01737021_5706.JPEG,0,Real,0,Tiny-GenImage,train,n01737021_5706.JPEG,data/train-00000-of-00014.parquet,87710
pilot_001843,data/raw/tiny-genimage/images/SD15/061_sdv5_00077.png,1,SD15,6,Tiny-GenImage,train,061_sdv5_00077.png,data/train-00000-of-00014.parquet,521495
pilot_001844,data/raw/tiny-genimage/images/Real/n01737021_16044.JPEG,0,Real,0,Tiny-GenImage,train,n01737021_16044.JPEG,data/train-00000-of-00014.parquet,195221
pilot_001845,data/raw/tiny-genimage/images/VQDM/VQDM_1000_200_00_081_vqdm_00078.png,1,VQDM,7,Tiny-GenImage,train,VQDM_1000_200_00_081_vqdm_00078.png,data/train-00000-of-00014.parquet,166607
pilot_001846,data/raw/tiny-genimage/images/Real/n01770081_4071.JPEG,0,Real,0,Tiny-GenImage,train,n01770081_4071.JPEG,data/train-00000-of-00014.parquet,49867
pilot_001847,data/raw/tiny-genimage/images/Wukong/156_wukong_image144.png,1,Wukong,8,Tiny-GenImage,train,156_wukong_image144.png,data/train-00000-of-00014.parquet,403687
pilot_001848,data/raw/tiny-genimage/images/Real/n01749939_7011.JPEG,0,Real,0,Tiny-GenImage,train,n01749939_7011.JPEG,data/train-00000-of-00014.parquet,161865
pilot_001849,data/raw/tiny-genimage/images/ADM/158_adm_1.PNG,1,ADM,1,Tiny-GenImage,train,158_adm_1.PNG,data/train-00000-of-00014.parquet,153882
pilot_001850,data/raw/tiny-genimage/images/Real/n01749939_5560.JPEG,0,Real,0,Tiny-GenImage,train,n01749939_5560.JPEG,data/train-00000-of-00014.parquet,111070
pilot_001851,data/raw/tiny-genimage/images/BigGAN/073_biggan_00011.png,1,BigGAN,2,Tiny-GenImage,train,073_biggan_00011.png,data/train-00000-of-00014.parquet,29081
pilot_001852,data/raw/tiny-genimage/images/Real/n01796340_24627.JPEG,0,Real,0,Tiny-GenImage,train,n01796340_24627.JPEG,data/train-00000-of-00014.parquet,118398
pilot_001853,data/raw/tiny-genimage/images/GLIDE/GLIDE_1000_200_00_072_glide_00132.png,1,GLIDE,3,Tiny-GenImage,train,GLIDE_1000_200_00_072_glide_00132.png,data/train-00000-of-00014.parquet,67053
pilot_001854,data/raw/tiny-genimage/images/Real/n01749939_2735.JPEG,0,Real,0,Tiny-GenImage,train,n01749939_2735.JPEG,data/train-00000-of-00014.parquet,136332
pilot_001855,data/raw/tiny-genimage/images/Midjourney/154_midjourney_144.png,1,Midjourney,4,Tiny-GenImage,train,154_midjourney_144.png,data/train-00000-of-00014.parquet,954649
pilot_001856,data/raw/tiny-genimage/images/Real/n01739381_1219.JPEG,0,Real,0,Tiny-GenImage,train,n01739381_1219.JPEG,data/train-00000-of-00014.parquet,55648
pilot_001857,data/raw/tiny-genimage/images/SD15/061_sdv5_00097.png,1,SD15,6,Tiny-GenImage,train,061_sdv5_00097.png,data/train-00000-of-00014.parquet,550095
pilot_001858,data/raw/tiny-genimage/images/Real/n01737021_23878.JPEG,0,Real,0,Tiny-GenImage,train,n01737021_23878.JPEG,data/train-00000-of-00014.parquet,139687
pilot_001859,data/raw/tiny-genimage/images/VQDM/VQDM_1000_200_00_082_vqdm_00008.png,1,VQDM,7,Tiny-GenImage,train,VQDM_1000_200_00_082_vqdm_00008.png,data/train-00000-of-00014.parquet,137981
pilot_001860,data/raw/tiny-genimage/images/Real/n01770081_9517.JPEG,0,Real,0,Tiny-GenImage,train,n01770081_9517.JPEG,data/train-00000-of-00014.parquet,226702
pilot_001861,data/raw/tiny-genimage/images/Wukong/156_wukong_image165.png,1,Wukong,8,Tiny-GenImage,train,156_wukong_image165.png,data/train-00000-of-00014.parquet,442014
pilot_001862,data/raw/tiny-genimage/images/Real/n01751748_1685.JPEG,0,Real,0,Tiny-GenImage,train,n01751748_1685.JPEG,data/train-00000-of-00014.parquet,234432
pilot_001863,data/raw/tiny-genimage/images/ADM/158_adm_25.PNG,1,ADM,1,Tiny-GenImage,train,158_adm_25.PNG,data/train-00000-of-00014.parquet,97522
pilot_001864,data/raw/tiny-genimage/images/Real/n01751748_12907.JPEG,0,Real,0,Tiny-GenImage,train,n01751748_12907.JPEG,data/train-00000-of-00014.parquet,204275
pilot_001865,data/raw/tiny-genimage/images/BigGAN/073_biggan_00056.png,1,BigGAN,2,Tiny-GenImage,train,073_biggan_00056.png,data/train-00000-of-00014.parquet,20345
pilot_001866,data/raw/tiny-genimage/images/Real/n01797886_3278.JPEG,0,Real,0,Tiny-GenImage,train,n01797886_3278.JPEG,data/train-00000-of-00014.parquet,94586
pilot_001867,data/raw/tiny-genimage/images/GLIDE/GLIDE_1000_200_00_073_glide_00016.png,1,GLIDE,3,Tiny-GenImage,train,GLIDE_1000_200_00_073_glide_00016.png,data/train-00000-of-00014.parquet,70664
pilot_001868,data/raw/tiny-genimage/images/Real/n01749939_701.JPEG,0,Real,0,Tiny-GenImage,train,n01749939_701.JPEG,data/train-00000-of-00014.parquet,9170
pilot_001869,data/raw/tiny-genimage/images/Midjourney/154_midjourney_193.png,1,Midjourney,4,Tiny-GenImage,train,154_midjourney_193.png,data/train-00000-of-00014.parquet,1190099
pilot_001870,data/raw/tiny-genimage/images/Real/n01739381_3983.JPEG,0,Real,0,Tiny-GenImage,train,n01739381_3983.JPEG,data/train-00000-of-00014.parquet,70299
pilot_001871,data/raw/tiny-genimage/images/SD15/061_sdv5_00193.png,1,SD15,6,Tiny-GenImage,train,061_sdv5_00193.png,data/train-00000-of-00014.parquet,374935
pilot_001872,data/raw/tiny-genimage/images/Real/n01739381_3241.JPEG,0,Real,0,Tiny-GenImage,train,n01739381_3241.JPEG,data/train-00000-of-00014.parquet,77703
pilot_001873,data/raw/tiny-genimage/images/VQDM/VQDM_1000_200_00_082_vqdm_00053.png,1,VQDM,7,Tiny-GenImage,train,VQDM_1000_200_00_082_vqdm_00053.png,data/train-00000-of-00014.parquet,134402
pilot_001874,data/raw/tiny-genimage/images/Real/n01770393_17521.JPEG,0,Real,0,Tiny-GenImage,train,n01770393_17521.JPEG,data/train-00000-of-00014.parquet,233151
pilot_001875,data/raw/tiny-genimage/images/Wukong/156_wukong_image174.png,1,Wukong,8,Tiny-GenImage,train,156_wukong_image174.png,data/train-00000-of-00014.parquet,500688
pilot_001876,data/raw/tiny-genimage/images/Real/n01753488_16030.JPEG,0,Real,0,Tiny-GenImage,train,n01753488_16030.JPEG,data/train-00000-of-00014.parquet,108658
pilot_001877,data/raw/tiny-genimage/images/ADM/15_adm_108.PNG,1,ADM,1,Tiny-GenImage,train,15_adm_108.PNG,data/train-00000-of-00014.parquet,119577
pilot_001878,data/raw/tiny-genimage/images/Real/n01751748_4694.JPEG,0,Real,0,Tiny-GenImage,train,n01751748_4694.JPEG,data/train-00000-of-00014.parquet,298624
pilot_001879,data/raw/tiny-genimage/images/BigGAN/073_biggan_00081.png,1,BigGAN,2,Tiny-GenImage,train,073_biggan_00081.png,data/train-00000-of-00014.parquet,21403
pilot_001880,data/raw/tiny-genimage/images/Real/n01798484_6774.JPEG,0,Real,0,Tiny-GenImage,train,n01798484_6774.JPEG,data/train-00000-of-00014.parquet,154362
pilot_001881,data/raw/tiny-genimage/images/GLIDE/GLIDE_1000_200_00_073_glide_00031.png,1,GLIDE,3,Tiny-GenImage,train,GLIDE_1000_200_00_073_glide_00031.png,data/train-00000-of-00014.parquet,85409
pilot_001882,data/raw/tiny-genimage/images/Real/n01751748_926.JPEG,0,Real,0,Tiny-GenImage,train,n01751748_926.JPEG,data/train-00000-of-00014.parquet,159788
pilot_001883,data/raw/tiny-genimage/images/Midjourney/154_midjourney_22.png,1,Midjourney,4,Tiny-GenImage,train,154_midjourney_22.png,data/train-00000-of-00014.parquet,873392
pilot_001884,data/raw/tiny-genimage/images/Real/n01739381_8004.JPEG,0,Real,0,Tiny-GenImage,train,n01739381_8004.JPEG,data/train-00000-of-00014.parquet,90718
pilot_001885,data/raw/tiny-genimage/images/SD15/062_sdv5_00070.png,1,SD15,6,Tiny-GenImage,train,062_sdv5_00070.png,data/train-00000-of-00014.parquet,628034
pilot_001886,data/raw/tiny-genimage/images/Real/n01739381_660.JPEG,0,Real,0,Tiny-GenImage,train,n01739381_660.JPEG,data/train-00000-of-00014.parquet,23685
pilot_001887,data/raw/tiny-genimage/images/VQDM/VQDM_1000_200_00_082_vqdm_00056.png,1,VQDM,7,Tiny-GenImage,train,VQDM_1000_200_00_082_vqdm_00056.png,data/train-00000-of-00014.parquet,169256
pilot_001888,data/raw/tiny-genimage/images/Real/n01770393_26120.JPEG,0,Real,0,Tiny-GenImage,train,n01770393_26120.JPEG,data/train-00000-of-00014.parquet,34781
pilot_001889,data/raw/tiny-genimage/images/Wukong/156_wukong_image22.png,1,Wukong,8,Tiny-GenImage,train,156_wukong_image22.png,data/train-00000-of-00014.parquet,413951
pilot_001890,data/raw/tiny-genimage/images/Real/n01753488_17698.JPEG,0,Real,0,Tiny-GenImage,train,n01753488_17698.JPEG,data/train-00000-of-00014.parquet,84031
pilot_001891,data/raw/tiny-genimage/images/ADM/15_adm_75.PNG,1,ADM,1,Tiny-GenImage,train,15_adm_75.PNG,data/train-00000-of-00014.parquet,113707
pilot_001892,data/raw/tiny-genimage/images/Real/n01753488_19503.JPEG,0,Real,0,Tiny-GenImage,train,n01753488_19503.JPEG,data/train-00000-of-00014.parquet,83927
pilot_001893,data/raw/tiny-genimage/images/BigGAN/073_biggan_00098.png,1,BigGAN,2,Tiny-GenImage,train,073_biggan_00098.png,data/train-00000-of-00014.parquet,27920
pilot_001894,data/raw/tiny-genimage/images/Real/n01806143_13541.JPEG,0,Real,0,Tiny-GenImage,train,n01806143_13541.JPEG,data/train-00000-of-00014.parquet,266774
pilot_001895,data/raw/tiny-genimage/images/GLIDE/GLIDE_1000_200_00_075_glide_00047.png,1,GLIDE,3,Tiny-GenImage,train,GLIDE_1000_200_00_075_glide_00047.png,data/train-00000-of-00014.parquet,109483
pilot_001896,data/raw/tiny-genimage/images/Real/n01753488_2387.JPEG,0,Real,0,Tiny-GenImage,train,n01753488_2387.JPEG,data/train-00000-of-00014.parquet,97796
pilot_001897,data/raw/tiny-genimage/images/Midjourney/154_midjourney_29.png,1,Midjourney,4,Tiny-GenImage,train,154_midjourney_29.png,data/train-00000-of-00014.parquet,1565088
pilot_001898,data/raw/tiny-genimage/images/Real/n01740131_14977.JPEG,0,Real,0,Tiny-GenImage,train,n01740131_14977.JPEG,data/train-00000-of-00014.parquet,24669
pilot_001899,data/raw/tiny-genimage/images/SD15/062_sdv5_00073.png,1,SD15,6,Tiny-GenImage,train,062_sdv5_00073.png,data/train-00000-of-00014.parquet,521108
pilot_001900,data/raw/tiny-genimage/images/Real/n01740131_804.JPEG,0,Real,0,Tiny-GenImage,train,n01740131_804.JPEG,data/train-00000-of-00014.parquet,113465
pilot_001901,data/raw/tiny-genimage/images/VQDM/VQDM_1000_200_00_082_vqdm_00180.png,1,VQDM,7,Tiny-GenImage,train,VQDM_1000_200_00_082_vqdm_00180.png,data/train-00000-of-00014.parquet,126241
pilot_001902,data/raw/tiny-genimage/images/Real/n01770393_27092.JPEG,0,Real,0,Tiny-GenImage,train,n01770393_27092.JPEG,data/train-00000-of-00014.parquet,130572
pilot_001903,data/raw/tiny-genimage/images/Wukong/156_wukong_image33.png,1,Wukong,8,Tiny-GenImage,train,156_wukong_image33.png,data/train-00000-of-00014.parquet,373993
pilot_001904,data/raw/tiny-genimage/images/Real/n01753488_18820.JPEG,0,Real,0,Tiny-GenImage,train,n01753488_18820.JPEG,data/train-00000-of-00014.parquet,212276
pilot_001905,data/raw/tiny-genimage/images/ADM/161_adm_146.PNG,1,ADM,1,Tiny-GenImage,train,161_adm_146.PNG,data/train-00000-of-00014.parquet,112433
pilot_001906,data/raw/tiny-genimage/images/Real/n01755581_11191.JPEG,0,Real,0,Tiny-GenImage,train,n01755581_11191.JPEG,data/train-00000-of-00014.parquet,219683
pilot_001907,data/raw/tiny-genimage/images/BigGAN/073_biggan_00131.png,1,BigGAN,2,Tiny-GenImage,train,073_biggan_00131.png,data/train-00000-of-00014.parquet,26366
pilot_001908,data/raw/tiny-genimage/images/Real/n01806143_14098.JPEG,0,Real,0,Tiny-GenImage,train,n01806143_14098.JPEG,data/train-00000-of-00014.parquet,209344
pilot_001909,data/raw/tiny-genimage/images/GLIDE/GLIDE_1000_200_00_075_glide_00069.png,1,GLIDE,3,Tiny-GenImage,train,GLIDE_1000_200_00_075_glide_00069.png,data/train-00000-of-00014.parquet,83080
pilot_001910,data/raw/tiny-genimage/images/Real/n01755581_4879.JPEG,0,Real,0,Tiny-GenImage,train,n01755581_4879.JPEG,data/train-00000-of-00014.parquet,89339
pilot_001911,data/raw/tiny-genimage/images/Midjourney/154_midjourney_78.png,1,Midjourney,4,Tiny-GenImage,train,154_midjourney_78.png,data/train-00000-of-00014.parquet,1534315
pilot_001912,data/raw/tiny-genimage/images/Real/n01740131_17089.JPEG,0,Real,0,Tiny-GenImage,train,n01740131_17089.JPEG,data/train-00000-of-00014.parquet,195334
pilot_001913,data/raw/tiny-genimage/images/SD15/062_sdv5_00076.png,1,SD15,6,Tiny-GenImage,train,062_sdv5_00076.png,data/train-00000-of-00014.parquet,487402
pilot_001914,data/raw/tiny-genimage/images/Real/n01740131_9141.JPEG,0,Real,0,Tiny-GenImage,train,n01740131_9141.JPEG,data/train-00000-of-00014.parquet,61366
pilot_001915,data/raw/tiny-genimage/images/VQDM/VQDM_1000_200_00_082_vqdm_00182.png,1,VQDM,7,Tiny-GenImage,train,VQDM_1000_200_00_082_vqdm_00182.png,data/train-00000-of-00014.parquet,171362
pilot_001916,data/raw/tiny-genimage/images/Real/n01770393_4378.JPEG,0,Real,0,Tiny-GenImage,train,n01770393_4378.JPEG,data/train-00000-of-00014.parquet,200477
pilot_001917,data/raw/tiny-genimage/images/Wukong/157_wukong_image190.png,1,Wukong,8,Tiny-GenImage,train,157_wukong_image190.png,data/train-00000-of-00014.parquet,487276
pilot_001918,data/raw/tiny-genimage/images/Real/n01753488_20050.JPEG,0,Real,0,Tiny-GenImage,train,n01753488_20050.JPEG,data/train-00000-of-00014.parquet,12350
pilot_001919,data/raw/tiny-genimage/images/ADM/161_adm_161.PNG,1,ADM,1,Tiny-GenImage,train,161_adm_161.PNG,data/train-00000-of-00014.parquet,94634
pilot_001920,data/raw/tiny-genimage/images/Real/n01755581_15111.JPEG,0,Real,0,Tiny-GenImage,train,n01755581_15111.JPEG,data/train-00000-of-00014.parquet,168580
pilot_001921,data/raw/tiny-genimage/images/BigGAN/073_biggan_00141.png,1,BigGAN,2,Tiny-GenImage,train,073_biggan_00141.png,data/train-00000-of-00014.parquet,15781
pilot_001922,data/raw/tiny-genimage/images/Real/n01806567_10923.JPEG,0,Real,0,Tiny-GenImage,train,n01806567_10923.JPEG,data/train-00000-of-00014.parquet,181461
pilot_001923,data/raw/tiny-genimage/images/GLIDE/GLIDE_1000_200_00_075_glide_00096.png,1,GLIDE,3,Tiny-GenImage,train,GLIDE_1000_200_00_075_glide_00096.png,data/train-00000-of-00014.parquet,57801
pilot_001924,data/raw/tiny-genimage/images/Real/n01756291_11137.JPEG,0,Real,0,Tiny-GenImage,train,n01756291_11137.JPEG,data/train-00000-of-00014.parquet,169094
pilot_001925,data/raw/tiny-genimage/images/Midjourney/155_midjourney_137.png,1,Midjourney,4,Tiny-GenImage,train,155_midjourney_137.png,data/train-00000-of-00014.parquet,1009022
pilot_001926,data/raw/tiny-genimage/images/Real/n01740131_17594.JPEG,0,Real,0,Tiny-GenImage,train,n01740131_17594.JPEG,data/train-00000-of-00014.parquet,192821
pilot_001927,data/raw/tiny-genimage/images/SD15/063_sdv5_00040.png,1,SD15,6,Tiny-GenImage,train,063_sdv5_00040.png,data/train-00000-of-00014.parquet,447388
pilot_001928,data/raw/tiny-genimage/images/Real/n01742172_12887.JPEG,0,Real,0,Tiny-GenImage,train,n01742172_12887.JPEG,data/train-00000-of-00014.parquet,124022
pilot_001929,data/raw/tiny-genimage/images/VQDM/VQDM_1000_200_00_083_vqdm_00052.png,1,VQDM,7,Tiny-GenImage,train,VQDM_1000_200_00_083_vqdm_00052.png,data/train-00000-of-00014.parquet,135583
pilot_001930,data/raw/tiny-genimage/images/Real/n01773157_3677.JPEG,0,Real,0,Tiny-GenImage,train,n01773157_3677.JPEG,data/train-00000-of-00014.parquet,170632
pilot_001931,data/raw/tiny-genimage/images/Wukong/159_wukong_image144.png,1,Wukong,8,Tiny-GenImage,train,159_wukong_image144.png,data/train-00000-of-00014.parquet,498604
pilot_001932,data/raw/tiny-genimage/images/Real/n01753488_7383.JPEG,0,Real,0,Tiny-GenImage,train,n01753488_7383.JPEG,data/train-00000-of-00014.parquet,6713
pilot_001933,data/raw/tiny-genimage/images/ADM/162_adm_104.PNG,1,ADM,1,Tiny-GenImage,train,162_adm_104.PNG,data/train-00000-of-00014.parquet,120766
pilot_001934,data/raw/tiny-genimage/images/Real/n01755581_209.JPEG,0,Real,0,Tiny-GenImage,train,n01755581_209.JPEG,data/train-00000-of-00014.parquet,169603
pilot_001935,data/raw/tiny-genimage/images/BigGAN/073_biggan_00176.png,1,BigGAN,2,Tiny-GenImage,train,073_biggan_00176.png,data/train-00000-of-00014.parquet,26938
pilot_001936,data/raw/tiny-genimage/images/Real/n01806567_23136.JPEG,0,Real,0,Tiny-GenImage,train,n01806567_23136.JPEG,data/train-00000-of-00014.parquet,150413
pilot_001937,data/raw/tiny-genimage/images/GLIDE/GLIDE_1000_200_00_075_glide_00145.png,1,GLIDE,3,Tiny-GenImage,train,GLIDE_1000_200_00_075_glide_00145.png,data/train-00000-of-00014.parquet,70722
pilot_001938,data/raw/tiny-genimage/images/Real/n01756291_17950.JPEG,0,Real,0,Tiny-GenImage,train,n01756291_17950.JPEG,data/train-00000-of-00014.parquet,164645
pilot_001939,data/raw/tiny-genimage/images/Midjourney/155_midjourney_36.png,1,Midjourney,4,Tiny-GenImage,train,155_midjourney_36.png,data/train-00000-of-00014.parquet,1500635
pilot_001940,data/raw/tiny-genimage/images/Real/n01740131_20335.JPEG,0,Real,0,Tiny-GenImage,train,n01740131_20335.JPEG,data/train-00000-of-00014.parquet,118565
pilot_001941,data/raw/tiny-genimage/images/SD15/064_sdv5_00179.png,1,SD15,6,Tiny-GenImage,train,064_sdv5_00179.png,data/train-00000-of-00014.parquet,417721
pilot_001942,data/raw/tiny-genimage/images/Real/n01742172_7445.JPEG,0,Real,0,Tiny-GenImage,train,n01742172_7445.JPEG,data/train-00000-of-00014.parquet,149774
pilot_001943,data/raw/tiny-genimage/images/VQDM/VQDM_1000_200_00_083_vqdm_00126.png,1,VQDM,7,Tiny-GenImage,train,VQDM_1000_200_00_083_vqdm_00126.png,data/train-00000-of-00014.parquet,106030
pilot_001944,data/raw/tiny-genimage/images/Real/n01773549_1954.JPEG,0,Real,0,Tiny-GenImage,train,n01773549_1954.JPEG,data/train-00000-of-00014.parquet,105720
pilot_001945,data/raw/tiny-genimage/images/Wukong/159_wukong_image51.png,1,Wukong,8,Tiny-GenImage,train,159_wukong_image51.png,data/train-00000-of-00014.parquet,461734
pilot_001946,data/raw/tiny-genimage/images/Real/n01755581_3837.JPEG,0,Real,0,Tiny-GenImage,train,n01755581_3837.JPEG,data/train-00000-of-00014.parquet,139921
pilot_001947,data/raw/tiny-genimage/images/ADM/162_adm_11.PNG,1,ADM,1,Tiny-GenImage,train,162_adm_11.PNG,data/train-00000-of-00014.parquet,127755
pilot_001948,data/raw/tiny-genimage/images/Real/n01755581_2675.JPEG,0,Real,0,Tiny-GenImage,train,n01755581_2675.JPEG,data/train-00000-of-00014.parquet,118497
pilot_001949,data/raw/tiny-genimage/images/BigGAN/073_biggan_00186.png,1,BigGAN,2,Tiny-GenImage,train,073_biggan_00186.png,data/train-00000-of-00014.parquet,39169
pilot_001950,data/raw/tiny-genimage/images/Real/n01806567_5784.JPEG,0,Real,0,Tiny-GenImage,train,n01806567_5784.JPEG,data/train-00000-of-00014.parquet,155921
pilot_001951,data/raw/tiny-genimage/images/GLIDE/GLIDE_1000_200_00_075_glide_00162.png,1,GLIDE,3,Tiny-GenImage,train,GLIDE_1000_200_00_075_glide_00162.png,data/train-00000-of-00014.parquet,87301
pilot_001952,data/raw/tiny-genimage/images/Real/n01768244_467.JPEG,0,Real,0,Tiny-GenImage,train,n01768244_467.JPEG,data/train-00000-of-00014.parquet,106547
pilot_001953,data/raw/tiny-genimage/images/Midjourney/156_midjourney_29.png,1,Midjourney,4,Tiny-GenImage,train,156_midjourney_29.png,data/train-00000-of-00014.parquet,1097020
pilot_001954,data/raw/tiny-genimage/images/Real/n01740131_5515.JPEG,0,Real,0,Tiny-GenImage,train,n01740131_5515.JPEG,data/train-00000-of-00014.parquet,190618
pilot_001955,data/raw/tiny-genimage/images/SD15/065_sdv5_00040.png,1,SD15,6,Tiny-GenImage,train,065_sdv5_00040.png,data/train-00000-of-00014.parquet,533065
pilot_001956,data/raw/tiny-genimage/images/Real/n01744401_22748.JPEG,0,Real,0,Tiny-GenImage,train,n01744401_22748.JPEG,data/train-00000-of-00014.parquet,79436
pilot_001957,data/raw/tiny-genimage/images/VQDM/VQDM_1000_200_00_084_vqdm_00086.png,1,VQDM,7,Tiny-GenImage,train,VQDM_1000_200_00_084_vqdm_00086.png,data/train-00000-of-00014.parquet,146343
pilot_001958,data/raw/tiny-genimage/images/Real/n01773549_4475.JPEG,0,Real,0,Tiny-GenImage,train,n01773549_4475.JPEG,data/train-00000-of-00014.parquet,54598
pilot_001959,data/raw/tiny-genimage/images/Wukong/159_wukong_image65.png,1,Wukong,8,Tiny-GenImage,train,159_wukong_image65.png,data/train-00000-of-00014.parquet,568158
pilot_001960,data/raw/tiny-genimage/images/Real/n01755581_6548.JPEG,0,Real,0,Tiny-GenImage,train,n01755581_6548.JPEG,data/train-00000-of-00014.parquet,124738
pilot_001961,data/raw/tiny-genimage/images/ADM/162_adm_4.PNG,1,ADM,1,Tiny-GenImage,train,162_adm_4.PNG,data/train-00000-of-00014.parquet,146535
pilot_001962,data/raw/tiny-genimage/images/Real/n01755581_8692.JPEG,0,Real,0,Tiny-GenImage,train,n01755581_8692.JPEG,data/train-00000-of-00014.parquet,134895
pilot_001963,data/raw/tiny-genimage/images/BigGAN/074_biggan_00007.png,1,BigGAN,2,Tiny-GenImage,train,074_biggan_00007.png,data/train-00000-of-00014.parquet,22965
pilot_001964,data/raw/tiny-genimage/images/Real/n01807496_10069.JPEG,0,Real,0,Tiny-GenImage,train,n01807496_10069.JPEG,data/train-00000-of-00014.parquet,168520
pilot_001965,data/raw/tiny-genimage/images/GLIDE/GLIDE_1000_200_00_076_glide_00005.png,1,GLIDE,3,Tiny-GenImage,train,GLIDE_1000_200_00_076_glide_00005.png,data/train-00000-of-00014.parquet,95206
pilot_001966,data/raw/tiny-genimage/images/Real/n01770081_17788.JPEG,0,Real,0,Tiny-GenImage,train,n01770081_17788.JPEG,data/train-00000-of-00014.parquet,89714
pilot_001967,data/raw/tiny-genimage/images/Midjourney/156_midjourney_35.png,1,Midjourney,4,Tiny-GenImage,train,156_midjourney_35.png,data/train-00000-of-00014.parquet,1471030
pilot_001968,data/raw/tiny-genimage/images/Real/n01740131_8198.JPEG,0,Real,0,Tiny-GenImage,train,n01740131_8198.JPEG,data/train-00000-of-00014.parquet,202012
pilot_001969,data/raw/tiny-genimage/images/SD15/065_sdv5_00130.png,1,SD15,6,Tiny-GenImage,train,065_sdv5_00130.png,data/train-00000-of-00014.parquet,496386
pilot_001970,data/raw/tiny-genimage/images/Real/n01744401_38701.JPEG,0,Real,0,Tiny-GenImage,train,n01744401_38701.JPEG,data/train-00000-of-00014.parquet,71240
pilot_001971,data/raw/tiny-genimage/images/VQDM/VQDM_1000_200_00_084_vqdm_00124.png,1,VQDM,7,Tiny-GenImage,train,VQDM_1000_200_00_084_vqdm_00124.png,data/train-00000-of-00014.parquet,118338
pilot_001972,data/raw/tiny-genimage/images/Real/n01773549_5392.JPEG,0,Real,0,Tiny-GenImage,train,n01773549_5392.JPEG,data/train-00000-of-00014.parquet,42083
pilot_001973,data/raw/tiny-genimage/images/Wukong/15_wukong_image118.png,1,Wukong,8,Tiny-GenImage,train,15_wukong_image118.png,data/train-00000-of-00014.parquet,382652
pilot_001974,data/raw/tiny-genimage/images/Real/n01756291_12450.JPEG,0,Real,0,Tiny-GenImage,train,n01756291_12450.JPEG,data/train-00000-of-00014.parquet,153950
pilot_001975,data/raw/tiny-genimage/images/ADM/163_adm_51.PNG,1,ADM,1,Tiny-GenImage,train,163_adm_51.PNG,data/train-00000-of-00014.parquet,139726
pilot_001976,data/raw/tiny-genimage/images/Real/n01756291_16997.JPEG,0,Real,0,Tiny-GenImage,train,n01756291_16997.JPEG,data/train-00000-of-00014.parquet,38253
pilot_001977,data/raw/tiny-genimage/images/BigGAN/074_biggan_00014.png,1,BigGAN,2,Tiny-GenImage,train,074_biggan_00014.png,data/train-00000-of-00014.parquet,25904
pilot_001978,data/raw/tiny-genimage/images/Real/n01817953_33541.JPEG,0,Real,0,Tiny-GenImage,train,n01817953_33541.JPEG,data/train-00000-of-00014.parquet,110747
pilot_001979,data/raw/tiny-genimage/images/GLIDE/GLIDE_1000_200_00_077_glide_00055.png,1,GLIDE,3,Tiny-GenImage,train,GLIDE_1000_200_00_077_glide_00055.png,data/train-00000-of-00014.parquet,77583
pilot_001980,data/raw/tiny-genimage/images/Real/n01770081_2625.JPEG,0,Real,0,Tiny-GenImage,train,n01770081_2625.JPEG,data/train-00000-of-00014.parquet,81570
pilot_001981,data/raw/tiny-genimage/images/Midjourney/156_midjourney_57.png,1,Midjourney,4,Tiny-GenImage,train,156_midjourney_57.png,data/train-00000-of-00014.parquet,1007353
pilot_001982,data/raw/tiny-genimage/images/Real/n01748264_12824.JPEG,0,Real,0,Tiny-GenImage,train,n01748264_12824.JPEG,data/train-00000-of-00014.parquet,140672
pilot_001983,data/raw/tiny-genimage/images/SD15/066_sdv5_00017.png,1,SD15,6,Tiny-GenImage,train,066_sdv5_00017.png,data/train-00000-of-00014.parquet,494774
pilot_001984,data/raw/tiny-genimage/images/Real/n01744401_3987.JPEG,0,Real,0,Tiny-GenImage,train,n01744401_3987.JPEG,data/train-00000-of-00014.parquet,35281
pilot_001985,data/raw/tiny-genimage/images/VQDM/VQDM_1000_200_00_084_vqdm_00148.png,1,VQDM,7,Tiny-GenImage,train,VQDM_1000_200_00_084_vqdm_00148.png,data/train-00000-of-00014.parquet,164589
pilot_001986,data/raw/tiny-genimage/images/Real/n01773797_1517.JPEG,0,Real,0,Tiny-GenImage,train,n01773797_1517.JPEG,data/train-00000-of-00014.parquet,121838
pilot_001987,data/raw/tiny-genimage/images/Wukong/15_wukong_image155.png,1,Wukong,8,Tiny-GenImage,train,15_wukong_image155.png,data/train-00000-of-00014.parquet,452069
pilot_001988,data/raw/tiny-genimage/images/Real/n01768244_10771.JPEG,0,Real,0,Tiny-GenImage,train,n01768244_10771.JPEG,data/train-00000-of-00014.parquet,191554
pilot_001989,data/raw/tiny-genimage/images/ADM/163_adm_86.PNG,1,ADM,1,Tiny-GenImage,train,163_adm_86.PNG,data/train-00000-of-00014.parquet,127109
pilot_001990,data/raw/tiny-genimage/images/Real/n01756291_3270.JPEG,0,Real,0,Tiny-GenImage,train,n01756291_3270.JPEG,data/train-00000-of-00014.parquet,59612
pilot_001991,data/raw/tiny-genimage/images/BigGAN/075_biggan_00132.png,1,BigGAN,2,Tiny-GenImage,train,075_biggan_00132.png,data/train-00000-of-00014.parquet,22899
pilot_001992,data/raw/tiny-genimage/images/Real/n01817953_7458.JPEG,0,Real,0,Tiny-GenImage,train,n01817953_7458.JPEG,data/train-00000-of-00014.parquet,140292
pilot_001993,data/raw/tiny-genimage/images/GLIDE/GLIDE_1000_200_00_078_glide_00032.png,1,GLIDE,3,Tiny-GenImage,train,GLIDE_1000_200_00_078_glide_00032.png,data/train-00000-of-00014.parquet,70636
pilot_001994,data/raw/tiny-genimage/images/Real/n01770081_2857.JPEG,0,Real,0,Tiny-GenImage,train,n01770081_2857.JPEG,data/train-00000-of-00014.parquet,136123
pilot_001995,data/raw/tiny-genimage/images/Midjourney/157_midjourney_122.png,1,Midjourney,4,Tiny-GenImage,train,157_midjourney_122.png,data/train-00000-of-00014.parquet,1093665
pilot_001996,data/raw/tiny-genimage/images/Real/n01748264_4115.JPEG,0,Real,0,Tiny-GenImage,train,n01748264_4115.JPEG,data/train-00000-of-00014.parquet,19419
pilot_001997,data/raw/tiny-genimage/images/SD15/066_sdv5_00120.png,1,SD15,6,Tiny-GenImage,train,066_sdv5_00120.png,data/train-00000-of-00014.parquet,453540
pilot_001998,data/raw/tiny-genimage/images/Real/n01748264_15305.JPEG,0,Real,0,Tiny-GenImage,train,n01748264_15305.JPEG,data/train-00000-of-00014.parquet,91839
pilot_001999,data/raw/tiny-genimage/images/VQDM/VQDM_1000_200_00_084_vqdm_00162.png,1,VQDM,7,Tiny-GenImage,train,VQDM_1000_200_00_084_vqdm_00162.png,data/train-00000-of-00014.parquet,112828
pilot_002000,data/raw/tiny-genimage/images/Real/n01773797_8630.JPEG,0,Real,0,Tiny-GenImage,train,n01773797_8630.JPEG,data/train-00001-of-00014.parquet,65078
pilot_002001,data/raw/tiny-genimage/images/Wukong/15_wukong_image193.png,1,Wukong,8,Tiny-GenImage,train,15_wukong_image193.png,data/train-00001-of-00014.parquet,577758
pilot_002002,data/raw/tiny-genimage/images/Real/n01768244_11279.JPEG,0,Real,0,Tiny-GenImage,train,n01768244_11279.JPEG,data/train-00001-of-00014.parquet,193095
pilot_002003,data/raw/tiny-genimage/images/ADM/164_adm_117.PNG,1,ADM,1,Tiny-GenImage,train,164_adm_117.PNG,data/train-00001-of-00014.parquet,124771
pilot_002004,data/raw/tiny-genimage/images/Real/n01756291_4425.JPEG,0,Real,0,Tiny-GenImage,train,n01756291_4425.JPEG,data/train-00001-of-00014.parquet,132197
pilot_002005,data/raw/tiny-genimage/images/BigGAN/075_biggan_00184.png,1,BigGAN,2,Tiny-GenImage,train,075_biggan_00184.png,data/train-00001-of-00014.parquet,33091
pilot_002006,data/raw/tiny-genimage/images/Real/n01818515_12049.JPEG,0,Real,0,Tiny-GenImage,train,n01818515_12049.JPEG,data/train-00001-of-00014.parquet,203902
pilot_002007,data/raw/tiny-genimage/images/GLIDE/GLIDE_1000_200_00_078_glide_00086.png,1,GLIDE,3,Tiny-GenImage,train,GLIDE_1000_200_00_078_glide_00086.png,data/train-00001-of-00014.parquet,68638
pilot_002008,data/raw/tiny-genimage/images/Real/n01770393_7283.JPEG,0,Real,0,Tiny-GenImage,train,n01770393_7283.JPEG,data/train-00001-of-00014.parquet,27306
pilot_002009,data/raw/tiny-genimage/images/Midjourney/157_midjourney_32.png,1,Midjourney,4,Tiny-GenImage,train,157_midjourney_32.png,data/train-00001-of-00014.parquet,1459136
pilot_002010,data/raw/tiny-genimage/images/Real/n01748264_4544.JPEG,0,Real,0,Tiny-GenImage,train,n01748264_4544.JPEG,data/train-00001-of-00014.parquet,50305
pilot_002011,data/raw/tiny-genimage/images/SD15/066_sdv5_00166.png,1,SD15,6,Tiny-GenImage,train,066_sdv5_00166.png,data/train-00001-of-00014.parquet,535110
pilot_002012,data/raw/tiny-genimage/images/Real/n01749939_5820.JPEG,0,Real,0,Tiny-GenImage,train,n01749939_5820.JPEG,data/train-00001-of-00014.parquet,95922
pilot_002013,data/raw/tiny-genimage/images/VQDM/VQDM_1000_200_00_085_vqdm_00055.png,1,VQDM,7,Tiny-GenImage,train,VQDM_1000_200_00_085_vqdm_00055.png,data/train-00001-of-00014.parquet,181735
pilot_002014,data/raw/tiny-genimage/images/Real/n01774384_10008.JPEG,0,Real,0,Tiny-GenImage,train,n01774384_10008.JPEG,data/train-00001-of-00014.parquet,123005
pilot_002015,data/raw/tiny-genimage/images/Wukong/15_wukong_image57.png,1,Wukong,8,Tiny-GenImage,train,15_wukong_image57.png,data/train-00001-of-00014.parquet,574449
pilot_002016,data/raw/tiny-genimage/images/Real/n01768244_768.JPEG,0,Real,0,Tiny-GenImage,train,n01768244_768.JPEG,data/train-00001-of-00014.parquet,95726
pilot_002017,data/raw/tiny-genimage/images/ADM/165_adm_188.PNG,1,ADM,1,Tiny-GenImage,train,165_adm_188.PNG,data/train-00001-of-00014.parquet,122904
pilot_002018,data/raw/tiny-genimage/images/Real/n01756291_8608.JPEG,0,Real,0,Tiny-GenImage,train,n01756291_8608.JPEG,data/train-00001-of-00014.parquet,13086
pilot_002019,data/raw/tiny-genimage/images/BigGAN/077_biggan_00064.png,1,BigGAN,2,Tiny-GenImage,train,077_biggan_00064.png,data/train-00001-of-00014.parquet,36898
pilot_002020,data/raw/tiny-genimage/images/Real/n01818515_3656.JPEG,0,Real,0,Tiny-GenImage,train,n01818515_3656.JPEG,data/train-00001-of-00014.parquet,146129
pilot_002021,data/raw/tiny-genimage/images/GLIDE/GLIDE_1000_200_00_079_glide_00156.png,1,GLIDE,3,Tiny-GenImage,train,GLIDE_1000_200_00_079_glide_00156.png,data/train-00001-of-00014.parquet,125496
pilot_002022,data/raw/tiny-genimage/images/Real/n01773157_133.JPEG,0,Real,0,Tiny-GenImage,train,n01773157_133.JPEG,data/train-00001-of-00014.parquet,45154
pilot_002023,data/raw/tiny-genimage/images/Midjourney/157_midjourney_60.png,1,Midjourney,4,Tiny-GenImage,train,157_midjourney_60.png,data/train-00001-of-00014.parquet,1255906
pilot_002024,data/raw/tiny-genimage/images/Real/n01749939_1113.JPEG,0,Real,0,Tiny-GenImage,train,n01749939_1113.JPEG,data/train-00001-of-00014.parquet,17855
pilot_002025,data/raw/tiny-genimage/images/SD15/068_sdv5_00122.png,1,SD15,6,Tiny-GenImage,train,068_sdv5_00122.png,data/train-00001-of-00014.parquet,451890
pilot_002026,data/raw/tiny-genimage/images/Real/n01751748_18339.JPEG,0,Real,0,Tiny-GenImage,train,n01751748_18339.JPEG,data/train-00001-of-00014.parquet,144149
pilot_002027,data/raw/tiny-genimage/images/VQDM/VQDM_1000_200_00_086_vqdm_00046.png,1,VQDM,7,Tiny-GenImage,train,VQDM_1000_200_00_086_vqdm_00046.png,data/train-00001-of-00014.parquet,90110
pilot_002028,data/raw/tiny-genimage/images/Real/n01774384_13770.JPEG,0,Real,0,Tiny-GenImage,train,n01774384_13770.JPEG,data/train-00001-of-00014.parquet,75191
pilot_002029,data/raw/tiny-genimage/images/Wukong/160_wukong_image142.png,1,Wukong,8,Tiny-GenImage,train,160_wukong_image142.png,data/train-00001-of-00014.parquet,428614
pilot_002030,data/raw/tiny-genimage/images/Real/n01768244_8195.JPEG,0,Real,0,Tiny-GenImage,train,n01768244_8195.JPEG,data/train-00001-of-00014.parquet,141280
pilot_002031,data/raw/tiny-genimage/images/ADM/166_adm_12.PNG,1,ADM,1,Tiny-GenImage,train,166_adm_12.PNG,data/train-00001-of-00014.parquet,106229
pilot_002032,data/raw/tiny-genimage/images/Real/n01770081_3618.JPEG,0,Real,0,Tiny-GenImage,train,n01770081_3618.JPEG,data/train-00001-of-00014.parquet,150060
pilot_002033,data/raw/tiny-genimage/images/BigGAN/077_biggan_00083.png,1,BigGAN,2,Tiny-GenImage,train,077_biggan_00083.png,data/train-00001-of-00014.parquet,29305
pilot_002034,data/raw/tiny-genimage/images/Real/n01818515_3809.JPEG,0,Real,0,Tiny-GenImage,train,n01818515_3809.JPEG,data/train-00001-of-00014.parquet,166218
pilot_002035,data/raw/tiny-genimage/images/GLIDE/GLIDE_1000_200_00_080_glide_00047.png,1,GLIDE,3,Tiny-GenImage,train,GLIDE_1000_200_00_080_glide_00047.png,data/train-00001-of-00014.parquet,50091
pilot_002036,data/raw/tiny-genimage/images/Real/n01773157_3937.JPEG,0,Real,0,Tiny-GenImage,train,n01773157_3937.JPEG,data/train-00001-of-00014.parquet,70452
pilot_002037,data/raw/tiny-genimage/images/Midjourney/157_midjourney_89.png,1,Midjourney,4,Tiny-GenImage,train,157_midjourney_89.png,data/train-00001-of-00014.parquet,1123707
pilot_002038,data/raw/tiny-genimage/images/Real/n01749939_12658.JPEG,0,Real,0,Tiny-GenImage,train,n01749939_12658.JPEG,data/train-00001-of-00014.parquet,22149
pilot_002039,data/raw/tiny-genimage/images/SD15/068_sdv5_00123.png,1,SD15,6,Tiny-GenImage,train,068_sdv5_00123.png,data/train-00001-of-00014.parquet,518124
pilot_002040,data/raw/tiny-genimage/images/Real/n01751748_4143.JPEG,0,Real,0,Tiny-GenImage,train,n01751748_4143.JPEG,data/train-00001-of-00014.parquet,171196
pilot_002041,data/raw/tiny-genimage/images/VQDM/VQDM_1000_200_00_086_vqdm_00053.png,1,VQDM,7,Tiny-GenImage,train,VQDM_1000_200_00_086_vqdm_00053.png,data/train-00001-of-00014.parquet,140631
pilot_002042,data/raw/tiny-genimage/images/Real/n01774384_16543.JPEG,0,Real,0,Tiny-GenImage,train,n01774384_16543.JPEG,data/train-00001-of-00014.parquet,145299
pilot_002043,data/raw/tiny-genimage/images/Wukong/160_wukong_image68.png,1,Wukong,8,Tiny-GenImage,train,160_wukong_image68.png,data/train-00001-of-00014.parquet,402079
pilot_002044,data/raw/tiny-genimage/images/Real/n01768244_897.JPEG,0,Real,0,Tiny-GenImage,train,n01768244_897.JPEG,data/train-00001-of-00014.parquet,206494
pilot_002045,data/raw/tiny-genimage/images/ADM/166_adm_140.PNG,1,ADM,1,Tiny-GenImage,train,166_adm_140.PNG,data/train-00001-of-00014.parquet,75389
pilot_002046,data/raw/tiny-genimage/images/Real/n01770081_7298.JPEG,0,Real,0,Tiny-GenImage,train,n01770081_7298.JPEG,data/train-00001-of-00014.parquet,135286
pilot_002047,data/raw/tiny-genimage/images/BigGAN/077_biggan_00166.png,1,BigGAN,2,Tiny-GenImage,train,077_biggan_00166.png,data/train-00001-of-00014.parquet,23690
pilot_002048,data/raw/tiny-genimage/images/Real/n01818515_5034.JPEG,0,Real,0,Tiny-GenImage,train,n01818515_5034.JPEG,data/train-00001-of-00014.parquet,54076
pilot_002049,data/raw/tiny-genimage/images/GLIDE/GLIDE_1000_200_00_080_glide_00117.png,1,GLIDE,3,Tiny-GenImage,train,GLIDE_1000_200_00_080_glide_00117.png,data/train-00001-of-00014.parquet,53780
pilot_002050,data/raw/tiny-genimage/images/Real/n01773157_4145.JPEG,0,Real,0,Tiny-GenImage,train,n01773157_4145.JPEG,data/train-00001-of-00014.parquet,160656
pilot_002051,data/raw/tiny-genimage/images/Midjourney/158_midjourney_9.png,1,Midjourney,4,Tiny-GenImage,train,158_midjourney_9.png,data/train-00001-of-00014.parquet,645627
pilot_002052,data/raw/tiny-genimage/images/Real/n01749939_132.JPEG,0,Real,0,Tiny-GenImage,train,n01749939_132.JPEG,data/train-00001-of-00014.parquet,85109
pilot_002053,data/raw/tiny-genimage/images/SD15/068_sdv5_00136.png,1,SD15,6,Tiny-GenImage,train,068_sdv5_00136.png,data/train-00001-of-00014.parquet,597233
pilot_002054,data/raw/tiny-genimage/images/Real/n01753488_6113.JPEG,0,Real,0,Tiny-GenImage,train,n01753488_6113.JPEG,data/train-00001-of-00014.parquet,10836
pilot_002055,data/raw/tiny-genimage/images/VQDM/VQDM_1000_200_00_086_vqdm_00102.png,1,VQDM,7,Tiny-GenImage,train,VQDM_1000_200_00_086_vqdm_00102.png,data/train-00001-of-00014.parquet,110531
pilot_002056,data/raw/tiny-genimage/images/Real/n01774384_6985.JPEG,0,Real,0,Tiny-GenImage,train,n01774384_6985.JPEG,data/train-00001-of-00014.parquet,44934
pilot_002057,data/raw/tiny-genimage/images/Wukong/161_wukong_image25.png,1,Wukong,8,Tiny-GenImage,train,161_wukong_image25.png,data/train-00001-of-00014.parquet,565722
pilot_002058,data/raw/tiny-genimage/images/Real/n01768244_9552.JPEG,0,Real,0,Tiny-GenImage,train,n01768244_9552.JPEG,data/train-00001-of-00014.parquet,120521
pilot_002059,data/raw/tiny-genimage/images/ADM/166_adm_70.PNG,1,ADM,1,Tiny-GenImage,train,166_adm_70.PNG,data/train-00001-of-00014.parquet,119652
pilot_002060,data/raw/tiny-genimage/images/Real/n01770081_8254.JPEG,0,Real,0,Tiny-GenImage,train,n01770081_8254.JPEG,data/train-00001-of-00014.parquet,108665
pilot_002061,data/raw/tiny-genimage/images/BigGAN/078_biggan_00185.png,1,BigGAN,2,Tiny-GenImage,train,078_biggan_00185.png,data/train-00001-of-00014.parquet,27090
pilot_002062,data/raw/tiny-genimage/images/Real/n01818515_7146.JPEG,0,Real,0,Tiny-GenImage,train,n01818515_7146.JPEG,data/train-00001-of-00014.parquet,202211
pilot_002063,data/raw/tiny-genimage/images/GLIDE/GLIDE_1000_200_00_080_glide_00180.png,1,GLIDE,3,Tiny-GenImage,train,GLIDE_1000_200_00_080_glide_00180.png,data/train-00001-of-00014.parquet,86771
pilot_002064,data/raw/tiny-genimage/images/Real/n01773157_5912.JPEG,0,Real,0,Tiny-GenImage,train,n01773157_5912.JPEG,data/train-00001-of-00014.parquet,137902
pilot_002065,data/raw/tiny-genimage/images/Midjourney/159_midjourney_161.png,1,Midjourney,4,Tiny-GenImage,train,159_midjourney_161.png,data/train-00001-of-00014.parquet,1742511
pilot_002066,data/raw/tiny-genimage/images/Real/n01749939_3996.JPEG,0,Real,0,Tiny-GenImage,train,n01749939_3996.JPEG,data/train-00001-of-00014.parquet,31354
pilot_002067,data/raw/tiny-genimage/images/SD15/070_sdv5_00044.png,1,SD15,6,Tiny-GenImage,train,070_sdv5_00044.png,data/train-00001-of-00014.parquet,415581
pilot_002068,data/raw/tiny-genimage/images/Real/n01755581_20680.JPEG,0,Real,0,Tiny-GenImage,train,n01755581_20680.JPEG,data/train-00001-of-00014.parquet,141284
pilot_002069,data/raw/tiny-genimage/images/VQDM/VQDM_1000_200_00_087_vqdm_00001.png,1,VQDM,7,Tiny-GenImage,train,VQDM_1000_200_00_087_vqdm_00001.png,data/train-00001-of-00014.parquet,115302
pilot_002070,data/raw/tiny-genimage/images/Real/n01774384_8812.JPEG,0,Real,0,Tiny-GenImage,train,n01774384_8812.JPEG,data/train-00001-of-00014.parquet,39037
pilot_002071,data/raw/tiny-genimage/images/Wukong/162_wukong_image19.png,1,Wukong,8,Tiny-GenImage,train,162_wukong_image19.png,data/train-00001-of-00014.parquet,404056
pilot_002072,data/raw/tiny-genimage/images/Real/n01770081_10337.JPEG,0,Real,0,Tiny-GenImage,train,n01770081_10337.JPEG,data/train-00001-of-00014.parquet,87105
pilot_002073,data/raw/tiny-genimage/images/ADM/167_adm_110.PNG,1,ADM,1,Tiny-GenImage,train,167_adm_110.PNG,data/train-00001-of-00014.parquet,84035
pilot_002074,data/raw/tiny-genimage/images/Real/n01770393_17033.JPEG,0,Real,0,Tiny-GenImage,train,n01770393_17033.JPEG,data/train-00001-of-00014.parquet,31979
pilot_002075,data/raw/tiny-genimage/images/BigGAN/079_biggan_00097.png,1,BigGAN,2,Tiny-GenImage,train,079_biggan_00097.png,data/train-00001-of-00014.parquet,26470
pilot_002076,data/raw/tiny-genimage/images/Real/n01819313_5142.JPEG,0,Real,0,Tiny-GenImage,train,n01819313_5142.JPEG,data/train-00001-of-00014.parquet,100128
pilot_002077,data/raw/tiny-genimage/images/GLIDE/GLIDE_1000_200_00_081_glide_00172.png,1,GLIDE,3,Tiny-GenImage,train,GLIDE_1000_200_00_081_glide_00172.png,data/train-00001-of-00014.parquet,64965
pilot_002078,data/raw/tiny-genimage/images/Real/n01773549_320.JPEG,0,Real,0,Tiny-GenImage,train,n01773549_320.JPEG,data/train-00001-of-00014.parquet,187266
pilot_002079,data/raw/tiny-genimage/images/Midjourney/159_midjourney_35.png,1,Midjourney,4,Tiny-GenImage,train,159_midjourney_35.png,data/train-00001-of-00014.parquet,1255891
pilot_002080,data/raw/tiny-genimage/images/Real/n01749939_8786.JPEG,0,Real,0,Tiny-GenImage,train,n01749939_8786.JPEG,data/train-00001-of-00014.parquet,178671
pilot_002081,data/raw/tiny-genimage/images/SD15/070_sdv5_00058.png,1,SD15,6,Tiny-GenImage,train,070_sdv5_00058.png,data/train-00001-of-00014.parquet,477385
pilot_002082,data/raw/tiny-genimage/images/Real/n01755581_6268.JPEG,0,Real,0,Tiny-GenImage,train,n01755581_6268.JPEG,data/train-00001-of-00014.parquet,210164
pilot_002083,data/raw/tiny-genimage/images/VQDM/VQDM_1000_200_00_087_vqdm_00024.png,1,VQDM,7,Tiny-GenImage,train,VQDM_1000_200_00_087_vqdm_00024.png,data/train-00001-of-00014.parquet,111103
pilot_002084,data/raw/tiny-genimage/images/Real/n01774750_3421.JPEG,0,Real,0,Tiny-GenImage,train,n01774750_3421.JPEG,data/train-00001-of-00014.parquet,126726
pilot_002085,data/raw/tiny-genimage/images/Wukong/162_wukong_image35.png,1,Wukong,8,Tiny-GenImage,train,162_wukong_image35.png,data/train-00001-of-00014.parquet,468527
pilot_002086,data/raw/tiny-genimage/images/Real/n01770081_927.JPEG,0,Real,0,Tiny-GenImage,train,n01770081_927.JPEG,data/train-00001-of-00014.parquet,142115
pilot_002087,data/raw/tiny-genimage/images/ADM/167_adm_137.PNG,1,ADM,1,Tiny-GenImage,train,167_adm_137.PNG,data/train-00001-of-00014.parquet,106433
pilot_002088,data/raw/tiny-genimage/images/Real/n01770393_1938.JPEG,0,Real,0,Tiny-GenImage,train,n01770393_1938.JPEG,data/train-00001-of-00014.parquet,131683
pilot_002089,data/raw/tiny-genimage/images/BigGAN/079_biggan_00115.png,1,BigGAN,2,Tiny-GenImage,train,079_biggan_00115.png,data/train-00001-of-00014.parquet,25900
pilot_002090,data/raw/tiny-genimage/images/Real/n01820546_12951.JPEG,0,Real,0,Tiny-GenImage,train,n01820546_12951.JPEG,data/train-00001-of-00014.parquet,110610
pilot_002091,data/raw/tiny-genimage/images/GLIDE/GLIDE_1000_200_00_082_glide_00037.png,1,GLIDE,3,Tiny-GenImage,train,GLIDE_1000_200_00_082_glide_00037.png,data/train-00001-of-00014.parquet,81835
pilot_002092,data/raw/tiny-genimage/images/Real/n01774384_11085.JPEG,0,Real,0,Tiny-GenImage,train,n01774384_11085.JPEG,data/train-00001-of-00014.parquet,102890
pilot_002093,data/raw/tiny-genimage/images/Midjourney/159_midjourney_39.png,1,Midjourney,4,Tiny-GenImage,train,159_midjourney_39.png,data/train-00001-of-00014.parquet,834727
pilot_002094,data/raw/tiny-genimage/images/Real/n01753488_11592.JPEG,0,Real,0,Tiny-GenImage,train,n01753488_11592.JPEG,data/train-00001-of-00014.parquet,6086
pilot_002095,data/raw/tiny-genimage/images/SD15/070_sdv5_00070.png,1,SD15,6,Tiny-GenImage,train,070_sdv5_00070.png,data/train-00001-of-00014.parquet,402993
pilot_002096,data/raw/tiny-genimage/images/Real/n01755581_9894.JPEG,0,Real,0,Tiny-GenImage,train,n01755581_9894.JPEG,data/train-00001-of-00014.parquet,31339
pilot_002097,data/raw/tiny-genimage/images/VQDM/VQDM_1000_200_00_089_vqdm_00085.png,1,VQDM,7,Tiny-GenImage,train,VQDM_1000_200_00_089_vqdm_00085.png,data/train-00001-of-00014.parquet,159417
pilot_002098,data/raw/tiny-genimage/images/Real/n01775062_2146.JPEG,0,Real,0,Tiny-GenImage,train,n01775062_2146.JPEG,data/train-00001-of-00014.parquet,198563
pilot_002099,data/raw/tiny-genimage/images/Wukong/162_wukong_image36.png,1,Wukong,8,Tiny-GenImage,train,162_wukong_image36.png,data/train-00001-of-00014.parquet,417028
pilot_002100,data/raw/tiny-genimage/images/Real/n01770393_10801.JPEG,0,Real,0,Tiny-GenImage,train,n01770393_10801.JPEG,data/train-00001-of-00014.parquet,84047
pilot_002101,data/raw/tiny-genimage/images/ADM/168_adm_141.PNG,1,ADM,1,Tiny-GenImage,train,168_adm_141.PNG,data/train-00001-of-00014.parquet,76070
pilot_002102,data/raw/tiny-genimage/images/Real/n01770393_7435.JPEG,0,Real,0,Tiny-GenImage,train,n01770393_7435.JPEG,data/train-00001-of-00014.parquet,164033
pilot_002103,data/raw/tiny-genimage/images/BigGAN/080_biggan_00016.png,1,BigGAN,2,Tiny-GenImage,train,080_biggan_00016.png,data/train-00001-of-00014.parquet,28003
pilot_002104,data/raw/tiny-genimage/images/Real/n01820546_4301.JPEG,0,Real,0,Tiny-GenImage,train,n01820546_4301.JPEG,data/train-00001-of-00014.parquet,107509
pilot_002105,data/raw/tiny-genimage/images/GLIDE/GLIDE_1000_200_00_084_glide_00042.png,1,GLIDE,3,Tiny-GenImage,train,GLIDE_1000_200_00_084_glide_00042.png,data/train-00001-of-00014.parquet,75356
pilot_002106,data/raw/tiny-genimage/images/Real/n01774384_1429.JPEG,0,Real,0,Tiny-GenImage,train,n01774384_1429.JPEG,data/train-00001-of-00014.parquet,67908
pilot_002107,data/raw/tiny-genimage/images/Midjourney/159_midjourney_60.png,1,Midjourney,4,Tiny-GenImage,train,159_midjourney_60.png,data/train-00001-of-00014.parquet,1152304
pilot_002108,data/raw/tiny-genimage/images/Real/n01753488_3770.JPEG,0,Real,0,Tiny-GenImage,train,n01753488_3770.JPEG,data/train-00001-of-00014.parquet,88445
pilot_002109,data/raw/tiny-genimage/images/SD15/070_sdv5_00105.png,1,SD15,6,Tiny-GenImage,train,070_sdv5_00105.png,data/train-00001-of-00014.parquet,514491
pilot_002110,data/raw/tiny-genimage/images/Real/n01756291_32440.JPEG,0,Real,0,Tiny-GenImage,train,n01756291_32440.JPEG,data/train-00001-of-00014.parquet,118088
pilot_002111,data/raw/tiny-genimage/images/VQDM/VQDM_1000_200_00_089_vqdm_00117.png,1,VQDM,7,Tiny-GenImage,train,VQDM_1000_200_00_089_vqdm_00117.png,data/train-00001-of-00014.parquet,151382
pilot_002112,data/raw/tiny-genimage/images/Real/n01775062_6441.JPEG,0,Real,0,Tiny-GenImage,train,n01775062_6441.JPEG,data/train-00001-of-00014.parquet,98347
pilot_002113,data/raw/tiny-genimage/images/Wukong/163_wukong_image84.png,1,Wukong,8,Tiny-GenImage,train,163_wukong_image84.png,data/train-00001-of-00014.parquet,459191
pilot_002114,data/raw/tiny-genimage/images/Real/n01770393_3673.JPEG,0,Real,0,Tiny-GenImage,train,n01770393_3673.JPEG,data/train-00001-of-00014.parquet,167556
pilot_002115,data/raw/tiny-genimage/images/ADM/169_adm_163.PNG,1,ADM,1,Tiny-GenImage,train,169_adm_163.PNG,data/train-00001-of-00014.parquet,121203
pilot_002116,data/raw/tiny-genimage/images/Real/n01773157_2740.JPEG,0,Real,0,Tiny-GenImage,train,n01773157_2740.JPEG,data/train-00001-of-00014.parquet,10098
pilot_002117,data/raw/tiny-genimage/images/BigGAN/081_biggan_00017.png,1,BigGAN,2,Tiny-GenImage,train,081_biggan_00017.png,data/train-00001-of-00014.parquet,39743
pilot_002118,data/raw/tiny-genimage/images/Real/n01824575_10161.JPEG,0,Real,0,Tiny-GenImage,train,n01824575_10161.JPEG,data/train-00001-of-00014.parquet,110932
pilot_002119,data/raw/tiny-genimage/images/GLIDE/GLIDE_1000_200_00_084_glide_00069.png,1,GLIDE,3,Tiny-GenImage,train,GLIDE_1000_200_00_084_glide_00069.png,data/train-00001-of-00014.parquet,117527
pilot_002120,data/raw/tiny-genimage/images/Real/n01774750_10176.JPEG,0,Real,0,Tiny-GenImage,train,n01774750_10176.JPEG,data/train-00001-of-00014.parquet,83660
pilot_002121,data/raw/tiny-genimage/images/Midjourney/160_midjourney_16.png,1,Midjourney,4,Tiny-GenImage,train,160_midjourney_16.png,data/train-00001-of-00014.parquet,1674223
pilot_002122,data/raw/tiny-genimage/images/Real/n01755581_6888.JPEG,0,Real,0,Tiny-GenImage,train,n01755581_6888.JPEG,data/train-00001-of-00014.parquet,197061
pilot_002123,data/raw/tiny-genimage/images/SD15/070_sdv5_00157.png,1,SD15,6,Tiny-GenImage,train,070_sdv5_00157.png,data/train-00001-of-00014.parquet,470876
pilot_002124,data/raw/tiny-genimage/images/Real/n01768244_12020.JPEG,0,Real,0,Tiny-GenImage,train,n01768244_12020.JPEG,data/train-00001-of-00014.parquet,130696
pilot_002125,data/raw/tiny-genimage/images/VQDM/VQDM_1000_200_00_090_vqdm_00160.png,1,VQDM,7,Tiny-GenImage,train,VQDM_1000_200_00_090_vqdm_00160.png,data/train-00001-of-00014.parquet,104344
pilot_002126,data/raw/tiny-genimage/images/Real/n01776313_1498.JPEG,0,Real,0,Tiny-GenImage,train,n01776313_1498.JPEG,data/train-00001-of-00014.parquet,10752
pilot_002127,data/raw/tiny-genimage/images/Wukong/163_wukong_image98.png,1,Wukong,8,Tiny-GenImage,train,163_wukong_image98.png,data/train-00001-of-00014.parquet,505436
pilot_002128,data/raw/tiny-genimage/images/Real/n01773549_4656.JPEG,0,Real,0,Tiny-GenImage,train,n01773549_4656.JPEG,data/train-00001-of-00014.parquet,116995
pilot_002129,data/raw/tiny-genimage/images/ADM/169_adm_2.PNG,1,ADM,1,Tiny-GenImage,train,169_adm_2.PNG,data/train-00001-of-00014.parquet,122725
pilot_002130,data/raw/tiny-genimage/images/Real/n01773157_3958.JPEG,0,Real,0,Tiny-GenImage,train,n01773157_3958.JPEG,data/train-00001-of-00014.parquet,76082
pilot_002131,data/raw/tiny-genimage/images/BigGAN/081_biggan_00021.png,1,BigGAN,2,Tiny-GenImage,train,081_biggan_00021.png,data/train-00001-of-00014.parquet,36515
pilot_002132,data/raw/tiny-genimage/images/Real/n01824575_8065.JPEG,0,Real,0,Tiny-GenImage,train,n01824575_8065.JPEG,data/train-00001-of-00014.parquet,203506
pilot_002133,data/raw/tiny-genimage/images/GLIDE/GLIDE_1000_200_00_084_glide_00184.png,1,GLIDE,3,Tiny-GenImage,train,GLIDE_1000_200_00_084_glide_00184.png,data/train-00001-of-00014.parquet,91963
pilot_002134,data/raw/tiny-genimage/images/Real/n01774750_2389.JPEG,0,Real,0,Tiny-GenImage,train,n01774750_2389.JPEG,data/train-00001-of-00014.parquet,134376
pilot_002135,data/raw/tiny-genimage/images/Midjourney/160_midjourney_199.png,1,Midjourney,4,Tiny-GenImage,train,160_midjourney_199.png,data/train-00001-of-00014.parquet,1557652
pilot_002136,data/raw/tiny-genimage/images/Real/n01756291_5758.JPEG,0,Real,0,Tiny-GenImage,train,n01756291_5758.JPEG,data/train-00001-of-00014.parquet,13627
pilot_002137,data/raw/tiny-genimage/images/SD15/071_sdv5_00049.png,1,SD15,6,Tiny-GenImage,train,071_sdv5_00049.png,data/train-00001-of-00014.parquet,596128
pilot_002138,data/raw/tiny-genimage/images/Real/n01768244_5342.JPEG,0,Real,0,Tiny-GenImage,train,n01768244_5342.JPEG,data/train-00001-of-00014.parquet,227839
pilot_002139,data/raw/tiny-genimage/images/VQDM/VQDM_1000_200_00_090_vqdm_00198.png,1,VQDM,7,Tiny-GenImage,train,VQDM_1000_200_00_090_vqdm_00198.png,data/train-00001-of-00014.parquet,127843
pilot_002140,data/raw/tiny-genimage/images/Real/n01776313_9014.JPEG,0,Real,0,Tiny-GenImage,train,n01776313_9014.JPEG,data/train-00001-of-00014.parquet,188091
pilot_002141,data/raw/tiny-genimage/images/Wukong/164_wukong_image146.png,1,Wukong,8,Tiny-GenImage,train,164_wukong_image146.png,data/train-00001-of-00014.parquet,514775
pilot_002142,data/raw/tiny-genimage/images/Real/n01773549_6231.JPEG,0,Real,0,Tiny-GenImage,train,n01773549_6231.JPEG,data/train-00001-of-00014.parquet,59033
pilot_002143,data/raw/tiny-genimage/images/ADM/169_adm_42.PNG,1,ADM,1,Tiny-GenImage,train,169_adm_42.PNG,data/train-00001-of-00014.parquet,86506
pilot_002144,data/raw/tiny-genimage/images/Real/n01773549_1787.JPEG,0,Real,0,Tiny-GenImage,train,n01773549_1787.JPEG,data/train-00001-of-00014.parquet,303883
pilot_002145,data/raw/tiny-genimage/images/BigGAN/081_biggan_00070.png,1,BigGAN,2,Tiny-GenImage,train,081_biggan_00070.png,data/train-00001-of-00014.parquet,20529
pilot_002146,data/raw/tiny-genimage/images/Real/n01829413_195.JPEG,0,Real,0,Tiny-GenImage,train,n01829413_195.JPEG,data/train-00001-of-00014.parquet,135306
pilot_002147,data/raw/tiny-genimage/images/GLIDE/GLIDE_1000_200_00_084_glide_00189.png,1,GLIDE,3,Tiny-GenImage,train,GLIDE_1000_200_00_084_glide_00189.png,data/train-00001-of-00014.parquet,83354
pilot_002148,data/raw/tiny-genimage/images/Real/n01774750_8376.JPEG,0,Real,0,Tiny-GenImage,train,n01774750_8376.JPEG,data/train-00001-of-00014.parquet,155935
pilot_002149,data/raw/tiny-genimage/images/Midjourney/160_midjourney_32.png,1,Midjourney,4,Tiny-GenImage,train,160_midjourney_32.png,data/train-00001-of-00014.parquet,1537991
pilot_002150,data/raw/tiny-genimage/images/Real/n01756291_6008.JPEG,0,Real,0,Tiny-GenImage,train,n01756291_6008.JPEG,data/train-00001-of-00014.parquet,40643
pilot_002151,data/raw/tiny-genimage/images/SD15/071_sdv5_00052.png,1,SD15,6,Tiny-GenImage,train,071_sdv5_00052.png,data/train-00001-of-00014.parquet,448350
pilot_002152,data/raw/tiny-genimage/images/Real/n01770081_12325.JPEG,0,Real,0,Tiny-GenImage,train,n01770081_12325.JPEG,data/train-00001-of-00014.parquet,201890
pilot_002153,data/raw/tiny-genimage/images/VQDM/VQDM_1000_200_00_091_vqdm_00033.png,1,VQDM,7,Tiny-GenImage,train,VQDM_1000_200_00_091_vqdm_00033.png,data/train-00001-of-00014.parquet,98154
pilot_002154,data/raw/tiny-genimage/images/Real/n01784675_14590.JPEG,0,Real,0,Tiny-GenImage,train,n01784675_14590.JPEG,data/train-00001-of-00014.parquet,54451
pilot_002155,data/raw/tiny-genimage/images/Wukong/165_wukong_image173.png,1,Wukong,8,Tiny-GenImage,train,165_wukong_image173.png,data/train-00001-of-00014.parquet,517640
pilot_002156,data/raw/tiny-genimage/images/Real/n01773797_1285.JPEG,0,Real,0,Tiny-GenImage,train,n01773797_1285.JPEG,data/train-00001-of-00014.parquet,140811
pilot_002157,data/raw/tiny-genimage/images/ADM/169_adm_55.PNG,1,ADM,1,Tiny-GenImage,train,169_adm_55.PNG,data/train-00001-of-00014.parquet,152992
pilot_002158,data/raw/tiny-genimage/images/Real/n01773797_2438.JPEG,0,Real,0,Tiny-GenImage,train,n01773797_2438.JPEG,data/train-00001-of-00014.parquet,98340
pilot_002159,data/raw/tiny-genimage/images/BigGAN/081_biggan_00078.png,1,BigGAN,2,Tiny-GenImage,train,081_biggan_00078.png,data/train-00001-of-00014.parquet,42649
pilot_002160,data/raw/tiny-genimage/images/Real/n01829413_7752.JPEG,0,Real,0,Tiny-GenImage,train,n01829413_7752.JPEG,data/train-00001-of-00014.parquet,127187
pilot_002161,data/raw/tiny-genimage/images/GLIDE/GLIDE_1000_200_00_085_glide_00012.png,1,GLIDE,3,Tiny-GenImage,train,GLIDE_1000_200_00_085_glide_00012.png,data/train-00001-of-00014.parquet,83238
pilot_002162,data/raw/tiny-genimage/images/Real/n01775062_3596.JPEG,0,Real,0,Tiny-GenImage,train,n01775062_3596.JPEG,data/train-00001-of-00014.parquet,144644
pilot_002163,data/raw/tiny-genimage/images/Midjourney/160_midjourney_71.png,1,Midjourney,4,Tiny-GenImage,train,160_midjourney_71.png,data/train-00001-of-00014.parquet,1690833
pilot_002164,data/raw/tiny-genimage/images/Real/n01768244_5495.JPEG,0,Real,0,Tiny-GenImage,train,n01768244_5495.JPEG,data/train-00001-of-00014.parquet,255823
pilot_002165,data/raw/tiny-genimage/images/SD15/072_sdv5_00011.png,1,SD15,6,Tiny-GenImage,train,072_sdv5_00011.png,data/train-00001-of-00014.parquet,348385
pilot_002166,data/raw/tiny-genimage/images/Real/n01770081_2346.JPEG,0,Real,0,Tiny-GenImage,train,n01770081_2346.JPEG,data/train-00001-of-00014.parquet,270742
pilot_002167,data/raw/tiny-genimage/images/VQDM/VQDM_1000_200_00_091_vqdm_00045.png,1,VQDM,7,Tiny-GenImage,train,VQDM_1000_200_00_091_vqdm_00045.png,data/train-00001-of-00014.parquet,149465
pilot_002168,data/raw/tiny-genimage/images/Real/n01784675_23528.JPEG,0,Real,0,Tiny-GenImage,train,n01784675_23528.JPEG,data/train-00001-of-00014.parquet,161774
pilot_002169,data/raw/tiny-genimage/images/Wukong/165_wukong_image4.png,1,Wukong,8,Tiny-GenImage,train,165_wukong_image4.png,data/train-00001-of-00014.parquet,383258
pilot_002170,data/raw/tiny-genimage/images/Real/n01773797_1673.JPEG,0,Real,0,Tiny-GenImage,train,n01773797_1673.JPEG,data/train-00001-of-00014.parquet,108932
pilot_002171,data/raw/tiny-genimage/images/ADM/169_adm_69.PNG,1,ADM,1,Tiny-GenImage,train,169_adm_69.PNG,data/train-00001-of-00014.parquet,100563
pilot_002172,data/raw/tiny-genimage/images/Real/n01774384_2832.JPEG,0,Real,0,Tiny-GenImage,train,n01774384_2832.JPEG,data/train-00001-of-00014.parquet,96515
pilot_002173,data/raw/tiny-genimage/images/BigGAN/081_biggan_00189.png,1,BigGAN,2,Tiny-GenImage,train,081_biggan_00189.png,data/train-00001-of-00014.parquet,35407
pilot_002174,data/raw/tiny-genimage/images/Real/n01829413_8031.JPEG,0,Real,0,Tiny-GenImage,train,n01829413_8031.JPEG,data/train-00001-of-00014.parquet,46400
pilot_002175,data/raw/tiny-genimage/images/GLIDE/GLIDE_1000_200_00_085_glide_00175.png,1,GLIDE,3,Tiny-GenImage,train,GLIDE_1000_200_00_085_glide_00175.png,data/train-00001-of-00014.parquet,98819
pilot_002176,data/raw/tiny-genimage/images/Real/n01775062_6504.JPEG,0,Real,0,Tiny-GenImage,train,n01775062_6504.JPEG,data/train-00001-of-00014.parquet,189569
pilot_002177,data/raw/tiny-genimage/images/Midjourney/160_midjourney_91.png,1,Midjourney,4,Tiny-GenImage,train,160_midjourney_91.png,data/train-00001-of-00014.parquet,1224668
pilot_002178,data/raw/tiny-genimage/images/Real/n01768244_6147.JPEG,0,Real,0,Tiny-GenImage,train,n01768244_6147.JPEG,data/train-00001-of-00014.parquet,48267
pilot_002179,data/raw/tiny-genimage/images/SD15/072_sdv5_00124.png,1,SD15,6,Tiny-GenImage,train,072_sdv5_00124.png,data/train-00001-of-00014.parquet,515291
pilot_002180,data/raw/tiny-genimage/images/Real/n01770081_914.JPEG,0,Real,0,Tiny-GenImage,train,n01770081_914.JPEG,data/train-00001-of-00014.parquet,75681
pilot_002181,data/raw/tiny-genimage/images/VQDM/VQDM_1000_200_00_091_vqdm_00062.png,1,VQDM,7,Tiny-GenImage,train,VQDM_1000_200_00_091_vqdm_00062.png,data/train-00001-of-00014.parquet,111151
pilot_002182,data/raw/tiny-genimage/images/Real/n01784675_4062.JPEG,0,Real,0,Tiny-GenImage,train,n01784675_4062.JPEG,data/train-00001-of-00014.parquet,141883
pilot_002183,data/raw/tiny-genimage/images/Wukong/166_wukong_image144.png,1,Wukong,8,Tiny-GenImage,train,166_wukong_image144.png,data/train-00001-of-00014.parquet,471280
pilot_002184,data/raw/tiny-genimage/images/Real/n01773797_3082.JPEG,0,Real,0,Tiny-GenImage,train,n01773797_3082.JPEG,data/train-00001-of-00014.parquet,51599
pilot_002185,data/raw/tiny-genimage/images/ADM/170_adm_118.PNG,1,ADM,1,Tiny-GenImage,train,170_adm_118.PNG,data/train-00001-of-00014.parquet,153109
pilot_002186,data/raw/tiny-genimage/images/Real/n01774384_4391.JPEG,0,Real,0,Tiny-GenImage,train,n01774384_4391.JPEG,data/train-00001-of-00014.parquet,61563
pilot_002187,data/raw/tiny-genimage/images/BigGAN/082_biggan_00069.png,1,BigGAN,2,Tiny-GenImage,train,082_biggan_00069.png,data/train-00001-of-00014.parquet,38741
pilot_002188,data/raw/tiny-genimage/images/Real/n01829413_8485.JPEG,0,Real,0,Tiny-GenImage,train,n01829413_8485.JPEG,data/train-00001-of-00014.parquet,53929
pilot_002189,data/raw/tiny-genimage/images/GLIDE/GLIDE_1000_200_00_086_glide_00109.png,1,GLIDE,3,Tiny-GenImage,train,GLIDE_1000_200_00_086_glide_00109.png,data/train-00001-of-00014.parquet,72031
pilot_002190,data/raw/tiny-genimage/images/Real/n01784675_4686.JPEG,0,Real,0,Tiny-GenImage,train,n01784675_4686.JPEG,data/train-00001-of-00014.parquet,104419
pilot_002191,data/raw/tiny-genimage/images/Midjourney/161_midjourney_168.png,1,Midjourney,4,Tiny-GenImage,train,161_midjourney_168.png,data/train-00001-of-00014.parquet,846099
pilot_002192,data/raw/tiny-genimage/images/Real/n01770081_10515.JPEG,0,Real,0,Tiny-GenImage,train,n01770081_10515.JPEG,data/train-00001-of-00014.parquet,87625
pilot_002193,data/raw/tiny-genimage/images/SD15/073_sdv5_00184.png,1,SD15,6,Tiny-GenImage,train,073_sdv5_00184.png,data/train-00001-of-00014.parquet,405309
pilot_002194,data/raw/tiny-genimage/images/Real/n01770393_15622.JPEG,0,Real,0,Tiny-GenImage,train,n01770393_15622.JPEG,data/train-00001-of-00014.parquet,82222
pilot_002195,data/raw/tiny-genimage/images/VQDM/VQDM_1000_200_00_091_vqdm_00183.png,1,VQDM,7,Tiny-GenImage,train,VQDM_1000_200_00_091_vqdm_00183.png,data/train-00001-of-00014.parquet,156341
pilot_002196,data/raw/tiny-genimage/images/Real/n01795545_67.JPEG,0,Real,0,Tiny-GenImage,train,n01795545_67.JPEG,data/train-00001-of-00014.parquet,65968
pilot_002197,data/raw/tiny-genimage/images/Wukong/167_wukong_image116.png,1,Wukong,8,Tiny-GenImage,train,167_wukong_image116.png,data/train-00001-of-00014.parquet,456013
pilot_002198,data/raw/tiny-genimage/images/Real/n01773797_5147.JPEG,0,Real,0,Tiny-GenImage,train,n01773797_5147.JPEG,data/train-00001-of-00014.parquet,163010
pilot_002199,data/raw/tiny-genimage/images/ADM/170_adm_123.PNG,1,ADM,1,Tiny-GenImage,train,170_adm_123.PNG,data/train-00001-of-00014.parquet,190530
pilot_002200,data/raw/tiny-genimage/images/Real/n01774750_2315.JPEG,0,Real,0,Tiny-GenImage,train,n01774750_2315.JPEG,data/train-00001-of-00014.parquet,133515
pilot_002201,data/raw/tiny-genimage/images/BigGAN/083_biggan_00018.png,1,BigGAN,2,Tiny-GenImage,train,083_biggan_00018.png,data/train-00001-of-00014.parquet,34303
pilot_002202,data/raw/tiny-genimage/images/Real/n01829413_8608.JPEG,0,Real,0,Tiny-GenImage,train,n01829413_8608.JPEG,data/train-00001-of-00014.parquet,88124
pilot_002203,data/raw/tiny-genimage/images/GLIDE/GLIDE_1000_200_00_087_glide_00047.png,1,GLIDE,3,Tiny-GenImage,train,GLIDE_1000_200_00_087_glide_00047.png,data/train-00001-of-00014.parquet,107058
pilot_002204,data/raw/tiny-genimage/images/Real/n01795545_16179.JPEG,0,Real,0,Tiny-GenImage,train,n01795545_16179.JPEG,data/train-00001-of-00014.parquet,6112
pilot_002205,data/raw/tiny-genimage/images/Midjourney/161_midjourney_19.png,1,Midjourney,4,Tiny-GenImage,train,161_midjourney_19.png,data/train-00001-of-00014.parquet,1183490
pilot_002206,data/raw/tiny-genimage/images/Real/n01770081_12292.JPEG,0,Real,0,Tiny-GenImage,train,n01770081_12292.JPEG,data/train-00001-of-00014.parquet,229289
pilot_002207,data/raw/tiny-genimage/images/SD15/074_sdv5_00034.png,1,SD15,6,Tiny-GenImage,train,074_sdv5_00034.png,data/train-00001-of-00014.parquet,411951
pilot_002208,data/raw/tiny-genimage/images/Real/n01770393_2492.JPEG,0,Real,0,Tiny-GenImage,train,n01770393_2492.JPEG,data/train-00001-of-00014.parquet,204992
pilot_002209,data/raw/tiny-genimage/images/VQDM/VQDM_1000_200_00_092_vqdm_00067.png,1,VQDM,7,Tiny-GenImage,train,VQDM_1000_200_00_092_vqdm_00067.png,data/train-00001-of-00014.parquet,88974
pilot_002210,data/raw/tiny-genimage/images/Real/n01795545_6854.JPEG,0,Real,0,Tiny-GenImage,train,n01795545_6854.JPEG,data/train-00001-of-00014.parquet,117833
pilot_002211,data/raw/tiny-genimage/images/Wukong/169_wukong_image13.png,1,Wukong,8,Tiny-GenImage,train,169_wukong_image13.png,data/train-00001-of-00014.parquet,507345
pilot_002212,data/raw/tiny-genimage/images/Real/n01774384_3637.JPEG,0,Real,0,Tiny-GenImage,train,n01774384_3637.JPEG,data/train-00001-of-00014.parquet,71807
pilot_002213,data/raw/tiny-genimage/images/ADM/170_adm_182.PNG,1,ADM,1,Tiny-GenImage,train,170_adm_182.PNG,data/train-00001-of-00014.parquet,118202
pilot_002214,data/raw/tiny-genimage/images/Real/n01774750_7785.JPEG,0,Real,0,Tiny-GenImage,train,n01774750_7785.JPEG,data/train-00001-of-00014.parquet,208045
pilot_002215,data/raw/tiny-genimage/images/BigGAN/083_biggan_00075.png,1,BigGAN,2,Tiny-GenImage,train,083_biggan_00075.png,data/train-00001-of-00014.parquet,34745
pilot_002216,data/raw/tiny-genimage/images/Real/n01829413_9192.JPEG,0,Real,0,Tiny-GenImage,train,n01829413_9192.JPEG,data/train-00001-of-00014.parquet,121053
pilot_002217,data/raw/tiny-genimage/images/GLIDE/GLIDE_1000_200_00_088_glide_00078.png,1,GLIDE,3,Tiny-GenImage,train,GLIDE_1000_200_00_088_glide_00078.png,data/train-00001-of-00014.parquet,93458
pilot_002218,data/raw/tiny-genimage/images/Real/n01795545_18758.JPEG,0,Real,0,Tiny-GenImage,train,n01795545_18758.JPEG,data/train-00001-of-00014.parquet,11436
pilot_002219,data/raw/tiny-genimage/images/Midjourney/161_midjourney_68.png,1,Midjourney,4,Tiny-GenImage,train,161_midjourney_68.png,data/train-00001-of-00014.parquet,1063828
pilot_002220,data/raw/tiny-genimage/images/Real/n01770393_11541.JPEG,0,Real,0,Tiny-GenImage,train,n01770393_11541.JPEG,data/train-00001-of-00014.parquet,53146
pilot_002221,data/raw/tiny-genimage/images/SD15/075_sdv5_00178.png,1,SD15,6,Tiny-GenImage,train,075_sdv5_00178.png,data/train-00001-of-00014.parquet,498771
pilot_002222,data/raw/tiny-genimage/images/Real/n01770393_2739.JPEG,0,Real,0,Tiny-GenImage,train,n01770393_2739.JPEG,data/train-00001-of-00014.parquet,131389
pilot_002223,data/raw/tiny-genimage/images/VQDM/VQDM_1000_200_00_093_vqdm_00180.png,1,VQDM,7,Tiny-GenImage,train,VQDM_1000_200_00_093_vqdm_00180.png,data/train-00001-of-00014.parquet,97521
pilot_002224,data/raw/tiny-genimage/images/Real/n01796340_3226.JPEG,0,Real,0,Tiny-GenImage,train,n01796340_3226.JPEG,data/train-00001-of-00014.parquet,166817
pilot_002225,data/raw/tiny-genimage/images/Wukong/169_wukong_image138.png,1,Wukong,8,Tiny-GenImage,train,169_wukong_image138.png,data/train-00001-of-00014.parquet,473031
pilot_002226,data/raw/tiny-genimage/images/Real/n01774384_4889.JPEG,0,Real,0,Tiny-GenImage,train,n01774384_4889.JPEG,data/train-00001-of-00014.parquet,54098
pilot_002227,data/raw/tiny-genimage/images/ADM/170_adm_48.PNG,1,ADM,1,Tiny-GenImage,train,170_adm_48.PNG,data/train-00001-of-00014.parquet,126833
pilot_002228,data/raw/tiny-genimage/images/Real/n01775062_1931.JPEG,0,Real,0,Tiny-GenImage,train,n01775062_1931.JPEG,data/train-00001-of-00014.parquet,139963
pilot_002229,data/raw/tiny-genimage/images/BigGAN/083_biggan_00108.png,1,BigGAN,2,Tiny-GenImage,train,083_biggan_00108.png,data/train-00001-of-00014.parquet,36168
pilot_002230,data/raw/tiny-genimage/images/Real/n01833805_4587.JPEG,0,Real,0,Tiny-GenImage,train,n01833805_4587.JPEG,data/train-00001-of-00014.parquet,76587
pilot_002231,data/raw/tiny-genimage/images/GLIDE/GLIDE_1000_200_00_088_glide_00082.png,1,GLIDE,3,Tiny-GenImage,train,GLIDE_1000_200_00_088_glide_00082.png,data/train-00001-of-00014.parquet,80053
pilot_002232,data/raw/tiny-genimage/images/Real/n01795545_3979.JPEG,0,Real,0,Tiny-GenImage,train,n01795545_3979.JPEG,data/train-00001-of-00014.parquet,10187
pilot_002233,data/raw/tiny-genimage/images/Midjourney/162_midjourney_149.png,1,Midjourney,4,Tiny-GenImage,train,162_midjourney_149.png,data/train-00001-of-00014.parquet,703259
pilot_002234,data/raw/tiny-genimage/images/Real/n01770393_5564.JPEG,0,Real,0,Tiny-GenImage,train,n01770393_5564.JPEG,data/train-00001-of-00014.parquet,129420
pilot_002235,data/raw/tiny-genimage/images/SD15/075_sdv5_00196.png,1,SD15,6,Tiny-GenImage,train,075_sdv5_00196.png,data/train-00001-of-00014.parquet,431076
pilot_002236,data/raw/tiny-genimage/images/Real/n01773157_10370.JPEG,0,Real,0,Tiny-GenImage,train,n01773157_10370.JPEG,data/train-00001-of-00014.parquet,168215
pilot_002237,data/raw/tiny-genimage/images/VQDM/VQDM_1000_200_00_094_vqdm_00072.png,1,VQDM,7,Tiny-GenImage,train,VQDM_1000_200_00_094_vqdm_00072.png,data/train-00001-of-00014.parquet,113582
pilot_002238,data/raw/tiny-genimage/images/Real/n01796340_4005.JPEG,0,Real,0,Tiny-GenImage,train,n01796340_4005.JPEG,data/train-00001-of-00014.parquet,93733
pilot_002239,data/raw/tiny-genimage/images/Wukong/16_wukong_image103.png,1,Wukong,8,Tiny-GenImage,train,16_wukong_image103.png,data/train-00001-of-00014.parquet,396344
pilot_002240,data/raw/tiny-genimage/images/Real/n01774384_9336.JPEG,0,Real,0,Tiny-GenImage,train,n01774384_9336.JPEG,data/train-00001-of-00014.parquet,99590
pilot_002241,data/raw/tiny-genimage/images/ADM/170_adm_92.PNG,1,ADM,1,Tiny-GenImage,train,170_adm_92.PNG,data/train-00001-of-00014.parquet,139879
pilot_002242,data/raw/tiny-genimage/images/Real/n01775062_6737.JPEG,0,Real,0,Tiny-GenImage,train,n01775062_6737.JPEG,data/train-00001-of-00014.parquet,142164
pilot_002243,data/raw/tiny-genimage/images/BigGAN/083_biggan_00122.png,1,BigGAN,2,Tiny-GenImage,train,083_biggan_00122.png,data/train-00001-of-00014.parquet,31539
pilot_002244,data/raw/tiny-genimage/images/Real/n01833805_5857.JPEG,0,Real,0,Tiny-GenImage,train,n01833805_5857.JPEG,data/train-00001-of-00014.parquet,104541
pilot_002245,data/raw/tiny-genimage/images/GLIDE/GLIDE_1000_200_00_088_glide_00148.png,1,GLIDE,3,Tiny-GenImage,train,GLIDE_1000_200_00_088_glide_00148.png,data/train-00001-of-00014.parquet,81593
pilot_002246,data/raw/tiny-genimage/images/Real/n01795545_443.JPEG,0,Real,0,Tiny-GenImage,train,n01795545_443.JPEG,data/train-00001-of-00014.parquet,11712
pilot_002247,data/raw/tiny-genimage/images/Midjourney/162_midjourney_5.png,1,Midjourney,4,Tiny-GenImage,train,162_midjourney_5.png,data/train-00001-of-00014.parquet,1571705
pilot_002248,data/raw/tiny-genimage/images/Real/n01770393_8679.JPEG,0,Real,0,Tiny-GenImage,train,n01770393_8679.JPEG,data/train-00001-of-00014.parquet,45073
pilot_002249,data/raw/tiny-genimage/images/SD15/076_sdv5_00150.png,1,SD15,6,Tiny-GenImage,train,076_sdv5_00150.png,data/train-00001-of-00014.parquet,478706
pilot_002250,data/raw/tiny-genimage/images/Real/n01773157_5726.JPEG,0,Real,0,Tiny-GenImage,train,n01773157_5726.JPEG,data/train-00001-of-00014.parquet,109495
pilot_002251,data/raw/tiny-genimage/images/VQDM/VQDM_1000_200_00_094_vqdm_00105.png,1,VQDM,7,Tiny-GenImage,train,VQDM_1000_200_00_094_vqdm_00105.png,data/train-00001-of-00014.parquet,147380
pilot_002252,data/raw/tiny-genimage/images/Real/n01797886_20.JPEG,0,Real,0,Tiny-GenImage,train,n01797886_20.JPEG,data/train-00001-of-00014.parquet,101858
pilot_002253,data/raw/tiny-genimage/images/Wukong/16_wukong_image167.png,1,Wukong,8,Tiny-GenImage,train,16_wukong_image167.png,data/train-00001-of-00014.parquet,502307
pilot_002254,data/raw/tiny-genimage/images/Real/n01775062_1462.JPEG,0,Real,0,Tiny-GenImage,train,n01775062_1462.JPEG,data/train-00001-of-00014.parquet,176500
pilot_002255,data/raw/tiny-genimage/images/ADM/171_adm_104.PNG,1,ADM,1,Tiny-GenImage,train,171_adm_104.PNG,data/train-00001-of-00014.parquet,132471
pilot_002256,data/raw/tiny-genimage/images/Real/n01775062_7047.JPEG,0,Real,0,Tiny-GenImage,train,n01775062_7047.JPEG,data/train-00001-of-00014.parquet,79023
pilot_002257,data/raw/tiny-genimage/images/BigGAN/084_biggan_00083.png,1,BigGAN,2,Tiny-GenImage,train,084_biggan_00083.png,data/train-00001-of-00014.parquet,33237
pilot_002258,data/raw/tiny-genimage/images/Real/n01843065_5056.JPEG,0,Real,0,Tiny-GenImage,train,n01843065_5056.JPEG,data/train-00001-of-00014.parquet,72150
pilot_002259,data/raw/tiny-genimage/images/GLIDE/GLIDE_1000_200_00_088_glide_00172.png,1,GLIDE,3,Tiny-GenImage,train,GLIDE_1000_200_00_088_glide_00172.png,data/train-00001-of-00014.parquet,83880
pilot_002260,data/raw/tiny-genimage/images/Real/n01796340_3613.JPEG,0,Real,0,Tiny-GenImage,train,n01796340_3613.JPEG,data/train-00001-of-00014.parquet,30031
pilot_002261,data/raw/tiny-genimage/images/Midjourney/162_midjourney_62.png,1,Midjourney,4,Tiny-GenImage,train,162_midjourney_62.png,data/train-00001-of-00014.parquet,768845
pilot_002262,data/raw/tiny-genimage/images/Real/n01773157_10254.JPEG,0,Real,0,Tiny-GenImage,train,n01773157_10254.JPEG,data/train-00001-of-00014.parquet,184396
pilot_002263,data/raw/tiny-genimage/images/SD15/077_sdv5_00052.png,1,SD15,6,Tiny-GenImage,train,077_sdv5_00052.png,data/train-00001-of-00014.parquet,468688
pilot_002264,data/raw/tiny-genimage/images/Real/n01773549_1642.JPEG,0,Real,0,Tiny-GenImage,train,n01773549_1642.JPEG,data/train-00001-of-00014.parquet,13692
pilot_002265,data/raw/tiny-genimage/images/VQDM/VQDM_1000_200_00_094_vqdm_00170.png,1,VQDM,7,Tiny-GenImage,train,VQDM_1000_200_00_094_vqdm_00170.png,data/train-00001-of-00014.parquet,80723
pilot_002266,data/raw/tiny-genimage/images/Real/n01797886_21214.JPEG,0,Real,0,Tiny-GenImage,train,n01797886_21214.JPEG,data/train-00001-of-00014.parquet,182200
pilot_002267,data/raw/tiny-genimage/images/Wukong/16_wukong_image34.png,1,Wukong,8,Tiny-GenImage,train,16_wukong_image34.png,data/train-00001-of-00014.parquet,447235
pilot_002268,data/raw/tiny-genimage/images/Real/n01775062_1639.JPEG,0,Real,0,Tiny-GenImage,train,n01775062_1639.JPEG,data/train-00001-of-00014.parquet,89417
pilot_002269,data/raw/tiny-genimage/images/ADM/171_adm_123.PNG,1,ADM,1,Tiny-GenImage,train,171_adm_123.PNG,data/train-00001-of-00014.parquet,90848
pilot_002270,data/raw/tiny-genimage/images/Real/n01776313_27344.JPEG,0,Real,0,Tiny-GenImage,train,n01776313_27344.JPEG,data/train-00001-of-00014.parquet,120486
pilot_002271,data/raw/tiny-genimage/images/BigGAN/085_biggan_00110.png,1,BigGAN,2,Tiny-GenImage,train,085_biggan_00110.png,data/train-00001-of-00014.parquet,41067
pilot_002272,data/raw/tiny-genimage/images/Real/n01843065_729.JPEG,0,Real,0,Tiny-GenImage,train,n01843065_729.JPEG,data/train-00001-of-00014.parquet,113892
pilot_002273,data/raw/tiny-genimage/images/GLIDE/GLIDE_1000_200_00_089_glide_00046.png,1,GLIDE,3,Tiny-GenImage,train,GLIDE_1000_200_00_089_glide_00046.png,data/train-00001-of-00014.parquet,69973
pilot_002274,data/raw/tiny-genimage/images/Real/n01796340_7840.JPEG,0,Real,0,Tiny-GenImage,train,n01796340_7840.JPEG,data/train-00001-of-00014.parquet,153573
pilot_002275,data/raw/tiny-genimage/images/Midjourney/163_midjourney_74.png,1,Midjourney,4,Tiny-GenImage,train,163_midjourney_74.png,data/train-00001-of-00014.parquet,1683685
pilot_002276,data/raw/tiny-genimage/images/Real/n01773157_1441.JPEG,0,Real,0,Tiny-GenImage,train,n01773157_1441.JPEG,data/train-00001-of-00014.parquet,66734
pilot_002277,data/raw/tiny-genimage/images/SD15/077_sdv5_00078.png,1,SD15,6,Tiny-GenImage,train,077_sdv5_00078.png,data/train-00001-of-00014.parquet,412955
pilot_002278,data/raw/tiny-genimage/images/Real/n01773797_6667.JPEG,0,Real,0,Tiny-GenImage,train,n01773797_6667.JPEG,data/train-00001-of-00014.parquet,138460
pilot_002279,data/raw/tiny-genimage/images/VQDM/VQDM_1000_200_00_094_vqdm_00186.png,1,VQDM,7,Tiny-GenImage,train,VQDM_1000_200_00_094_vqdm_00186.png,data/train-00001-of-00014.parquet,108079
pilot_002280,data/raw/tiny-genimage/images/Real/n01798484_3647.JPEG,0,Real,0,Tiny-GenImage,train,n01798484_3647.JPEG,data/train-00001-of-00014.parquet,180378
pilot_002281,data/raw/tiny-genimage/images/Wukong/16_wukong_image57.png,1,Wukong,8,Tiny-GenImage,train,16_wukong_image57.png,data/train-00001-of-00014.parquet,380373
pilot_002282,data/raw/tiny-genimage/images/Real/n01775062_4519.JPEG,0,Real,0,Tiny-GenImage,train,n01775062_4519.JPEG,data/train-00001-of-00014.parquet,138660
pilot_002283,data/raw/tiny-genimage/images/ADM/171_adm_137.PNG,1,ADM,1,Tiny-GenImage,train,171_adm_137.PNG,data/train-00001-of-00014.parquet,100887
pilot_002284,data/raw/tiny-genimage/images/Real/n01776313_37702.JPEG,0,Real,0,Tiny-GenImage,train,n01776313_37702.JPEG,data/train-00001-of-00014.parquet,58436
pilot_002285,data/raw/tiny-genimage/images/BigGAN/085_biggan_00132.png,1,BigGAN,2,Tiny-GenImage,train,085_biggan_00132.png,data/train-00001-of-00014.parquet,39539
pilot_002286,data/raw/tiny-genimage/images/Real/n01847000_7102.JPEG,0,Real,0,Tiny-GenImage,train,n01847000_7102.JPEG,data/train-00001-of-00014.parquet,61545
pilot_002287,data/raw/tiny-genimage/images/GLIDE/GLIDE_1000_200_00_089_glide_00076.png,1,GLIDE,3,Tiny-GenImage,train,GLIDE_1000_200_00_089_glide_00076.png,data/train-00001-of-00014.parquet,65587
pilot_002288,data/raw/tiny-genimage/images/Real/n01797886_3823.JPEG,0,Real,0,Tiny-GenImage,train,n01797886_3823.JPEG,data/train-00001-of-00014.parquet,267288
pilot_002289,data/raw/tiny-genimage/images/Midjourney/164_midjourney_14.png,1,Midjourney,4,Tiny-GenImage,train,164_midjourney_14.png,data/train-00001-of-00014.parquet,1248490
pilot_002290,data/raw/tiny-genimage/images/Real/n01773797_1029.JPEG,0,Real,0,Tiny-GenImage,train,n01773797_1029.JPEG,data/train-00001-of-00014.parquet,120336
pilot_002291,data/raw/tiny-genimage/images/SD15/078_sdv5_00010.png,1,SD15,6,Tiny-GenImage,train,078_sdv5_00010.png,data/train-00001-of-00014.parquet,414477
pilot_002292,data/raw/tiny-genimage/images/Real/n01773797_8626.JPEG,0,Real,0,Tiny-GenImage,train,n01773797_8626.JPEG,data/train-00001-of-00014.parquet,84839
pilot_002293,data/raw/tiny-genimage/images/VQDM/VQDM_1000_200_00_095_vqdm_00093.png,1,VQDM,7,Tiny-GenImage,train,VQDM_1000_200_00_095_vqdm_00093.png,data/train-00001-of-00014.parquet,109432
pilot_002294,data/raw/tiny-genimage/images/Real/n01798484_8718.JPEG,0,Real,0,Tiny-GenImage,train,n01798484_8718.JPEG,data/train-00001-of-00014.parquet,23995
pilot_002295,data/raw/tiny-genimage/images/Wukong/170_wukong_image199.png,1,Wukong,8,Tiny-GenImage,train,170_wukong_image199.png,data/train-00001-of-00014.parquet,555093
pilot_002296,data/raw/tiny-genimage/images/Real/n01776313_11139.JPEG,0,Real,0,Tiny-GenImage,train,n01776313_11139.JPEG,data/train-00001-of-00014.parquet,11908
pilot_002297,data/raw/tiny-genimage/images/ADM/172_adm_12.PNG,1,ADM,1,Tiny-GenImage,train,172_adm_12.PNG,data/train-00001-of-00014.parquet,137430
pilot_002298,data/raw/tiny-genimage/images/Real/n01776313_4690.JPEG,0,Real,0,Tiny-GenImage,train,n01776313_4690.JPEG,data/train-00001-of-00014.parquet,115083
pilot_002299,data/raw/tiny-genimage/images/BigGAN/085_biggan_00189.png,1,BigGAN,2,Tiny-GenImage,train,085_biggan_00189.png,data/train-00001-of-00014.parquet,35573
pilot_002300,data/raw/tiny-genimage/images/Real/n01855032_1427.JPEG,0,Real,0,Tiny-GenImage,train,n01855032_1427.JPEG,data/train-00001-of-00014.parquet,84945
pilot_002301,data/raw/tiny-genimage/images/GLIDE/GLIDE_1000_200_00_089_glide_00191.png,1,GLIDE,3,Tiny-GenImage,train,GLIDE_1000_200_00_089_glide_00191.png,data/train-00001-of-00014.parquet,77887
pilot_002302,data/raw/tiny-genimage/images/Real/n01798484_470.JPEG,0,Real,0,Tiny-GenImage,train,n01798484_470.JPEG,data/train-00001-of-00014.parquet,80865
pilot_002303,data/raw/tiny-genimage/images/Midjourney/164_midjourney_16.png,1,Midjourney,4,Tiny-GenImage,train,164_midjourney_16.png,data/train-00001-of-00014.parquet,1752661
pilot_002304,data/raw/tiny-genimage/images/Real/n01773797_1923.JPEG,0,Real,0,Tiny-GenImage,train,n01773797_1923.JPEG,data/train-00001-of-00014.parquet,135005
pilot_002305,data/raw/tiny-genimage/images/SD15/078_sdv5_00170.png,1,SD15,6,Tiny-GenImage,train,078_sdv5_00170.png,data/train-00001-of-00014.parquet,438676
pilot_002306,data/raw/tiny-genimage/images/Real/n01773797_970.JPEG,0,Real,0,Tiny-GenImage,train,n01773797_970.JPEG,data/train-00001-of-00014.parquet,132372
pilot_002307,data/raw/tiny-genimage/images/VQDM/VQDM_1000_200_00_095_vqdm_00138.png,1,VQDM,7,Tiny-GenImage,train,VQDM_1000_200_00_095_vqdm_00138.png,data/train-00001-of-00014.parquet,88178
pilot_002308,data/raw/tiny-genimage/images/Real/n01806143_16803.JPEG,0,Real,0,Tiny-GenImage,train,n01806143_16803.JPEG,data/train-00001-of-00014.parquet,207504
pilot_002309,data/raw/tiny-genimage/images/Wukong/170_wukong_image64.png,1,Wukong,8,Tiny-GenImage,train,170_wukong_image64.png,data/train-00001-of-00014.parquet,454971
pilot_002310,data/raw/tiny-genimage/images/Real/n01776313_12144.JPEG,0,Real,0,Tiny-GenImage,train,n01776313_12144.JPEG,data/train-00001-of-00014.parquet,4059
pilot_002311,data/raw/tiny-genimage/images/ADM/172_adm_137.PNG,1,ADM,1,Tiny-GenImage,train,172_adm_137.PNG,data/train-00001-of-00014.parquet,112182
pilot_002312,data/raw/tiny-genimage/images/Real/n01795545_1054.JPEG,0,Real,0,Tiny-GenImage,train,n01795545_1054.JPEG,data/train-00001-of-00014.parquet,51893
pilot_002313,data/raw/tiny-genimage/images/BigGAN/086_biggan_00086.png,1,BigGAN,2,Tiny-GenImage,train,086_biggan_00086.png,data/train-00001-of-00014.parquet,38440
pilot_002314,data/raw/tiny-genimage/images/Real/n01855032_6070.JPEG,0,Real,0,Tiny-GenImage,train,n01855032_6070.JPEG,data/train-00001-of-00014.parquet,137853
pilot_002315,data/raw/tiny-genimage/images/GLIDE/GLIDE_1000_200_00_090_glide_00110.png,1,GLIDE,3,Tiny-GenImage,train,GLIDE_1000_200_00_090_glide_00110.png,data/train-00001-of-00014.parquet,96753
pilot_002316,data/raw/tiny-genimage/images/Real/n01798484_8258.JPEG,0,Real,0,Tiny-GenImage,train,n01798484_8258.JPEG,data/train-00001-of-00014.parquet,10448
pilot_002317,data/raw/tiny-genimage/images/Midjourney/164_midjourney_49.png,1,Midjourney,4,Tiny-GenImage,train,164_midjourney_49.png,data/train-00001-of-00014.parquet,1472136
pilot_002318,data/raw/tiny-genimage/images/Real/n01773797_3046.JPEG,0,Real,0,Tiny-GenImage,train,n01773797_3046.JPEG,data/train-00001-of-00014.parquet,237030
pilot_002319,data/raw/tiny-genimage/images/SD15/079_sdv5_00122.png,1,SD15,6,Tiny-GenImage,train,079_sdv5_00122.png,data/train-00001-of-00014.parquet,516555
pilot_002320,data/raw/tiny-genimage/images/Real/n01774384_3697.JPEG,0,Real,0,Tiny-GenImage,train,n01774384_3697.JPEG,data/train-00001-of-00014.parquet,75189
pilot_002321,data/raw/tiny-genimage/images/VQDM/VQDM_1000_200_00_095_vqdm_00179.png,1,VQDM,7,Tiny-GenImage,train,VQDM_1000_200_00_095_vqdm_00179.png,data/train-00001-of-00014.parquet,104529
pilot_002322,data/raw/tiny-genimage/images/Real/n01806567_12460.JPEG,0,Real,0,Tiny-GenImage,train,n01806567_12460.JPEG,data/train-00001-of-00014.parquet,153982
pilot_002323,data/raw/tiny-genimage/images/Wukong/170_wukong_image71.png,1,Wukong,8,Tiny-GenImage,train,170_wukong_image71.png,data/train-00001-of-00014.parquet,444101
pilot_002324,data/raw/tiny-genimage/images/Real/n01776313_749.JPEG,0,Real,0,Tiny-GenImage,train,n01776313_749.JPEG,data/train-00001-of-00014.parquet,47005
pilot_002325,data/raw/tiny-genimage/images/ADM/172_adm_156.PNG,1,ADM,1,Tiny-GenImage,train,172_adm_156.PNG,data/train-00001-of-00014.parquet,149324
pilot_002326,data/raw/tiny-genimage/images/Real/n01795545_13224.JPEG,0,Real,0,Tiny-GenImage,train,n01795545_13224.JPEG,data/train-00001-of-00014.parquet,120271
pilot_002327,data/raw/tiny-genimage/images/BigGAN/086_biggan_00142.png,1,BigGAN,2,Tiny-GenImage,train,086_biggan_00142.png,data/train-00001-of-00014.parquet,30379
pilot_002328,data/raw/tiny-genimage/images/Real/n01855032_8438.JPEG,0,Real,0,Tiny-GenImage,train,n01855032_8438.JPEG,data/train-00001-of-00014.parquet,165652
pilot_002329,data/raw/tiny-genimage/images/GLIDE/GLIDE_1000_200_00_090_glide_00187.png,1,GLIDE,3,Tiny-GenImage,train,GLIDE_1000_200_00_090_glide_00187.png,data/train-00001-of-00014.parquet,81518
pilot_002330,data/raw/tiny-genimage/images/Real/n01807496_16659.JPEG,0,Real,0,Tiny-GenImage,train,n01807496_16659.JPEG,data/train-00001-of-00014.parquet,145674
pilot_002331,data/raw/tiny-genimage/images/Midjourney/165_midjourney_72.png,1,Midjourney,4,Tiny-GenImage,train,165_midjourney_72.png,data/train-00001-of-00014.parquet,856934
pilot_002332,data/raw/tiny-genimage/images/Real/n01773797_808.JPEG,0,Real,0,Tiny-GenImage,train,n01773797_808.JPEG,data/train-00001-of-00014.parquet,61208
pilot_002333,data/raw/tiny-genimage/images/SD15/079_sdv5_00130.png,1,SD15,6,Tiny-GenImage,train,079_sdv5_00130.png,data/train-00001-of-00014.parquet,525333
pilot_002334,data/raw/tiny-genimage/images/Real/n01774750_10043.JPEG,0,Real,0,Tiny-GenImage,train,n01774750_10043.JPEG,data/train-00001-of-00014.parquet,154292
pilot_002335,data/raw/tiny-genimage/images/VQDM/VQDM_1000_200_00_096_vqdm_00079.png,1,VQDM,7,Tiny-GenImage,train,VQDM_1000_200_00_096_vqdm_00079.png,data/train-00001-of-00014.parquet,84197
pilot_002336,data/raw/tiny-genimage/images/Real/n01806567_1677.JPEG,0,Real,0,Tiny-GenImage,train,n01806567_1677.JPEG,data/train-00001-of-00014.parquet,130776
pilot_002337,data/raw/tiny-genimage/images/Wukong/170_wukong_image99.png,1,Wukong,8,Tiny-GenImage,train,170_wukong_image99.png,data/train-00001-of-00014.parquet,526690
pilot_002338,data/raw/tiny-genimage/images/Real/n01795545_1085.JPEG,0,Real,0,Tiny-GenImage,train,n01795545_1085.JPEG,data/train-00001-of-00014.parquet,5740
pilot_002339,data/raw/tiny-genimage/images/ADM/172_adm_44.PNG,1,ADM,1,Tiny-GenImage,train,172_adm_44.PNG,data/train-00001-of-00014.parquet,141049
pilot_002340,data/raw/tiny-genimage/images/Real/n01795545_14765.JPEG,0,Real,0,Tiny-GenImage,train,n01795545_14765.JPEG,data/train-00001-of-00014.parquet,66481
pilot_002341,data/raw/tiny-genimage/images/BigGAN/086_biggan_00154.png,1,BigGAN,2,Tiny-GenImage,train,086_biggan_00154.png,data/train-00001-of-00014.parquet,38892
pilot_002342,data/raw/tiny-genimage/images/Real/n01855672_3686.JPEG,0,Real,0,Tiny-GenImage,train,n01855672_3686.JPEG,data/train-00001-of-00014.parquet,5881
pilot_002343,data/raw/tiny-genimage/images/GLIDE/GLIDE_1000_200_00_091_glide_00023.png,1,GLIDE,3,Tiny-GenImage,train,GLIDE_1000_200_00_091_glide_00023.png,data/train-00001-of-00014.parquet,76694
pilot_002344,data/raw/tiny-genimage/images/Real/n01807496_23563.JPEG,0,Real,0,Tiny-GenImage,train,n01807496_23563.JPEG,data/train-00001-of-00014.parquet,162029
pilot_002345,data/raw/tiny-genimage/images/Midjourney/166_midjourney_121.png,1,Midjourney,4,Tiny-GenImage,train,166_midjourney_121.png,data/train-00001-of-00014.parquet,1608955
pilot_002346,data/raw/tiny-genimage/images/Real/n01774384_10219.JPEG,0,Real,0,Tiny-GenImage,train,n01774384_10219.JPEG,data/train-00001-of-00014.parquet,138701
pilot_002347,data/raw/tiny-genimage/images/SD15/080_sdv5_00046.png,1,SD15,6,Tiny-GenImage,train,080_sdv5_00046.png,data/train-00001-of-00014.parquet,428619
pilot_002348,data/raw/tiny-genimage/images/Real/n01774750_11762.JPEG,0,Real,0,Tiny-GenImage,train,n01774750_11762.JPEG,data/train-00001-of-00014.parquet,104577
pilot_002349,data/raw/tiny-genimage/images/VQDM/VQDM_1000_200_00_096_vqdm_00139.png,1,VQDM,7,Tiny-GenImage,train,VQDM_1000_200_00_096_vqdm_00139.png,data/train-00001-of-00014.parquet,153667
pilot_002350,data/raw/tiny-genimage/images/Real/n01806567_4710.JPEG,0,Real,0,Tiny-GenImage,train,n01806567_4710.JPEG,data/train-00001-of-00014.parquet,72418
pilot_002351,data/raw/tiny-genimage/images/Wukong/171_wukong_image13.png,1,Wukong,8,Tiny-GenImage,train,171_wukong_image13.png,data/train-00001-of-00014.parquet,360307
pilot_002352,data/raw/tiny-genimage/images/Real/n01796340_18591.JPEG,0,Real,0,Tiny-GenImage,train,n01796340_18591.JPEG,data/train-00001-of-00014.parquet,115314
pilot_002353,data/raw/tiny-genimage/images/ADM/172_adm_63.PNG,1,ADM,1,Tiny-GenImage,train,172_adm_63.PNG,data/train-00001-of-00014.parquet,109215
pilot_002354,data/raw/tiny-genimage/images/Real/n01795545_6108.JPEG,0,Real,0,Tiny-GenImage,train,n01795545_6108.JPEG,data/train-00001-of-00014.parquet,20390
pilot_002355,data/raw/tiny-genimage/images/BigGAN/087_biggan_00073.png,1,BigGAN,2,Tiny-GenImage,train,087_biggan_00073.png,data/train-00001-of-00014.parquet,27882
pilot_002356,data/raw/tiny-genimage/images/Real/n01855672_4775.JPEG,0,Real,0,Tiny-GenImage,train,n01855672_4775.JPEG,data/train-00001-of-00014.parquet,270716
pilot_002357,data/raw/tiny-genimage/images/GLIDE/GLIDE_1000_200_00_091_glide_00028.png,1,GLIDE,3,Tiny-GenImage,train,GLIDE_1000_200_00_091_glide_00028.png,data/train-00001-of-00014.parquet,55327
pilot_002358,data/raw/tiny-genimage/images/Real/n01807496_6216.JPEG,0,Real,0,Tiny-GenImage,train,n01807496_6216.JPEG,data/train-00001-of-00014.parquet,36470
pilot_002359,data/raw/tiny-genimage/images/Midjourney/166_midjourney_42.png,1,Midjourney,4,Tiny-GenImage,train,166_midjourney_42.png,data/train-00001-of-00014.parquet,1364841
pilot_002360,data/raw/tiny-genimage/images/Real/n01774384_15799.JPEG,0,Real,0,Tiny-GenImage,train,n01774384_15799.JPEG,data/train-00001-of-00014.parquet,94034
pilot_002361,data/raw/tiny-genimage/images/SD15/080_sdv5_00150.png,1,SD15,6,Tiny-GenImage,train,080_sdv5_00150.png,data/train-00001-of-00014.parquet,358737
pilot_002362,data/raw/tiny-genimage/images/Real/n01774750_3808.JPEG,0,Real,0,Tiny-GenImage,train,n01774750_3808.JPEG,data/train-00001-of-00014.parquet,137850
pilot_002363,data/raw/tiny-genimage/images/VQDM/VQDM_1000_200_00_096_vqdm_00159.png,1,VQDM,7,Tiny-GenImage,train,VQDM_1000_200_00_096_vqdm_00159.png,data/train-00001-of-00014.parquet,122010
pilot_002364,data/raw/tiny-genimage/images/Real/n01806567_9296.JPEG,0,Real,0,Tiny-GenImage,train,n01806567_9296.JPEG,data/train-00001-of-00014.parquet,107153
pilot_002365,data/raw/tiny-genimage/images/Wukong/171_wukong_image162.png,1,Wukong,8,Tiny-GenImage,train,171_wukong_image162.png,data/train-00001-of-00014.parquet,481208
pilot_002366,data/raw/tiny-genimage/images/Real/n01796340_8536.JPEG,0,Real,0,Tiny-GenImage,train,n01796340_8536.JPEG,data/train-00001-of-00014.parquet,282442
pilot_002367,data/raw/tiny-genimage/images/ADM/174_adm_93.PNG,1,ADM,1,Tiny-GenImage,train,174_adm_93.PNG,data/train-00001-of-00014.parquet,101318
pilot_002368,data/raw/tiny-genimage/images/Real/n01795545_8689.JPEG,0,Real,0,Tiny-GenImage,train,n01795545_8689.JPEG,data/train-00001-of-00014.parquet,90576
pilot_002369,data/raw/tiny-genimage/images/BigGAN/088_biggan_00006.png,1,BigGAN,2,Tiny-GenImage,train,088_biggan_00006.png,data/train-00001-of-00014.parquet,31494
pilot_002370,data/raw/tiny-genimage/images/Real/n01855672_8817.JPEG,0,Real,0,Tiny-GenImage,train,n01855672_8817.JPEG,data/train-00001-of-00014.parquet,138163
pilot_002371,data/raw/tiny-genimage/images/GLIDE/GLIDE_1000_200_00_091_glide_00109.png,1,GLIDE,3,Tiny-GenImage,train,GLIDE_1000_200_00_091_glide_00109.png,data/train-00001-of-00014.parquet,56121
pilot_002372,data/raw/tiny-genimage/images/Real/n01817953_11731.JPEG,0,Real,0,Tiny-GenImage,train,n01817953_11731.JPEG,data/train-00001-of-00014.parquet,125190
pilot_002373,data/raw/tiny-genimage/images/Midjourney/167_midjourney_180.png,1,Midjourney,4,Tiny-GenImage,train,167_midjourney_180.png,data/train-00001-of-00014.parquet,1631926
pilot_002374,data/raw/tiny-genimage/images/Real/n01774384_4410.JPEG,0,Real,0,Tiny-GenImage,train,n01774384_4410.JPEG,data/train-00001-of-00014.parquet,58182
pilot_002375,data/raw/tiny-genimage/images/SD15/081_sdv5_00089.png,1,SD15,6,Tiny-GenImage,train,081_sdv5_00089.png,data/train-00001-of-00014.parquet,405017
pilot_002376,data/raw/tiny-genimage/images/Real/n01774750_5625.JPEG,0,Real,0,Tiny-GenImage,train,n01774750_5625.JPEG,data/train-00001-of-00014.parquet,172411
pilot_002377,data/raw/tiny-genimage/images/VQDM/VQDM_1000_200_00_096_vqdm_00165.png,1,VQDM,7,Tiny-GenImage,train,VQDM_1000_200_00_096_vqdm_00165.png,data/train-00001-of-00014.parquet,110276
pilot_002378,data/raw/tiny-genimage/images/Real/n01807496_7202.JPEG,0,Real,0,Tiny-GenImage,train,n01807496_7202.JPEG,data/train-00001-of-00014.parquet,185516
pilot_002379,data/raw/tiny-genimage/images/Wukong/171_wukong_image83.png,1,Wukong,8,Tiny-GenImage,train,171_wukong_image83.png,data/train-00001-of-00014.parquet,518041
pilot_002380,data/raw/tiny-genimage/images/Real/n01797886_2284.JPEG,0,Real,0,Tiny-GenImage,train,n01797886_2284.JPEG,data/train-00001-of-00014.parquet,152751
pilot_002381,data/raw/tiny-genimage/images/ADM/174_adm_98.PNG,1,ADM,1,Tiny-GenImage,train,174_adm_98.PNG,data/train-00001-of-00014.parquet,115022
pilot_002382,data/raw/tiny-genimage/images/Real/n01796340_15442.JPEG,0,Real,0,Tiny-GenImage,train,n01796340_15442.JPEG,data/train-00001-of-00014.parquet,86020
pilot_002383,data/raw/tiny-genimage/images/BigGAN/088_biggan_00040.png,1,BigGAN,2,Tiny-GenImage,train,088_biggan_00040.png,data/train-00001-of-00014.parquet,36808
pilot_002384,data/raw/tiny-genimage/images/Real/n01860187_564.JPEG,0,Real,0,Tiny-GenImage,train,n01860187_564.JPEG,data/train-00001-of-00014.parquet,144788
pilot_002385,data/raw/tiny-genimage/images/GLIDE/GLIDE_1000_200_00_092_glide_00004.png,1,GLIDE,3,Tiny-GenImage,train,GLIDE_1000_200_00_092_glide_00004.png,data/train-00001-of-00014.parquet,68332
pilot_002386,data/raw/tiny-genimage/images/Real/n01817953_4221.JPEG,0,Real,0,Tiny-GenImage,train,n01817953_4221.JPEG,data/train-00001-of-00014.parquet,117899
pilot_002387,data/raw/tiny-genimage/images/Midjourney/167_midjourney_26.png,1,Midjourney,4,Tiny-GenImage,train,167_midjourney_26.png,data/train-00001-of-00014.parquet,1710925
pilot_002388,data/raw/tiny-genimage/images/Real/n01774750_9874.JPEG,0,Real,0,Tiny-GenImage,train,n01774750_9874.JPEG,data/train-00001-of-00014.parquet,108243
pilot_002389,data/raw/tiny-genimage/images/SD15/082_sdv5_00134.png,1,SD15,6,Tiny-GenImage,train,082_sdv5_00134.png,data/train-00001-of-00014.parquet,453450
pilot_002390,data/raw/tiny-genimage/images/Real/n01774750_5733.JPEG,0,Real,0,Tiny-GenImage,train,n01774750_5733.JPEG,data/train-00001-of-00014.parquet,124251
pilot_002391,data/raw/tiny-genimage/images/VQDM/VQDM_1000_200_00_097_vqdm_00057.png,1,VQDM,7,Tiny-GenImage,train,VQDM_1000_200_00_097_vqdm_00057.png,data/train-00001-of-00014.parquet,92186
pilot_002392,data/raw/tiny-genimage/images/Real/n01807496_893.JPEG,0,Real,0,Tiny-GenImage,train,n01807496_893.JPEG,data/train-00001-of-00014.parquet,136832
pilot_002393,data/raw/tiny-genimage/images/Wukong/171_wukong_image92.png,1,Wukong,8,Tiny-GenImage,train,171_wukong_image92.png,data/train-00001-of-00014.parquet,482740
pilot_002394,data/raw/tiny-genimage/images/Real/n01797886_33141.JPEG,0,Real,0,Tiny-GenImage,train,n01797886_33141.JPEG,data/train-00001-of-00014.parquet,106722
pilot_002395,data/raw/tiny-genimage/images/ADM/175_adm_12.PNG,1,ADM,1,Tiny-GenImage,train,175_adm_12.PNG,data/train-00001-of-00014.parquet,86707
pilot_002396,data/raw/tiny-genimage/images/Real/n01796340_3064.JPEG,0,Real,0,Tiny-GenImage,train,n01796340_3064.JPEG,data/train-00001-of-00014.parquet,180642
pilot_002397,data/raw/tiny-genimage/images/BigGAN/088_biggan_00067.png,1,BigGAN,2,Tiny-GenImage,train,088_biggan_00067.png,data/train-00001-of-00014.parquet,40220
pilot_002398,data/raw/tiny-genimage/images/Real/n01860187_8063.JPEG,0,Real,0,Tiny-GenImage,train,n01860187_8063.JPEG,data/train-00001-of-00014.parquet,157228
pilot_002399,data/raw/tiny-genimage/images/GLIDE/GLIDE_1000_200_00_092_glide_00036.png,1,GLIDE,3,Tiny-GenImage,train,GLIDE_1000_200_00_092_glide_00036.png,data/train-00001-of-00014.parquet,58315
pilot_002400,data/raw/tiny-genimage/images/Real/n01817953_9240.JPEG,0,Real,0,Tiny-GenImage,train,n01817953_9240.JPEG,data/train-00001-of-00014.parquet,82831
pilot_002401,data/raw/tiny-genimage/images/Midjourney/168_midjourney_12.png,1,Midjourney,4,Tiny-GenImage,train,168_midjourney_12.png,data/train-00001-of-00014.parquet,1424665
pilot_002402,data/raw/tiny-genimage/images/Real/n01775062_4869.JPEG,0,Real,0,Tiny-GenImage,train,n01775062_4869.JPEG,data/train-00001-of-00014.parquet,122647
pilot_002403,data/raw/tiny-genimage/images/SD15/083_sdv5_00000.png,1,SD15,6,Tiny-GenImage,train,083_sdv5_00000.png,data/train-00001-of-00014.parquet,374732
pilot_002404,data/raw/tiny-genimage/images/Real/n01775062_1393.JPEG,0,Real,0,Tiny-GenImage,train,n01775062_1393.JPEG,data/train-00001-of-00014.parquet,90097
pilot_002405,data/raw/tiny-genimage/images/VQDM/VQDM_1000_200_00_097_vqdm_00066.png,1,VQDM,7,Tiny-GenImage,train,VQDM_1000_200_00_097_vqdm_00066.png,data/train-00001-of-00014.parquet,106797
pilot_002406,data/raw/tiny-genimage/images/Real/n01817953_8106.JPEG,0,Real,0,Tiny-GenImage,train,n01817953_8106.JPEG,data/train-00001-of-00014.parquet,76803
pilot_002407,data/raw/tiny-genimage/images/Wukong/172_wukong_image154.png,1,Wukong,8,Tiny-GenImage,train,172_wukong_image154.png,data/train-00001-of-00014.parquet,475950
pilot_002408,data/raw/tiny-genimage/images/Real/n01798484_10026.JPEG,0,Real,0,Tiny-GenImage,train,n01798484_10026.JPEG,data/train-00001-of-00014.parquet,17672
pilot_002409,data/raw/tiny-genimage/images/ADM/175_adm_9.PNG,1,ADM,1,Tiny-GenImage,train,175_adm_9.PNG,data/train-00001-of-00014.parquet,89464
pilot_002410,data/raw/tiny-genimage/images/Real/n01796340_6521.JPEG,0,Real,0,Tiny-GenImage,train,n01796340_6521.JPEG,data/train-00001-of-00014.parquet,103710
pilot_002411,data/raw/tiny-genimage/images/BigGAN/088_biggan_00072.png,1,BigGAN,2,Tiny-GenImage,train,088_biggan_00072.png,data/train-00001-of-00014.parquet,30788
pilot_002412,data/raw/tiny-genimage/images/Real/n01871265_1281.JPEG,0,Real,0,Tiny-GenImage,train,n01871265_1281.JPEG,data/train-00001-of-00014.parquet,59245
pilot_002413,data/raw/tiny-genimage/images/GLIDE/GLIDE_1000_200_00_092_glide_00093.png,1,GLIDE,3,Tiny-GenImage,train,GLIDE_1000_200_00_092_glide_00093.png,data/train-00001-of-00014.parquet,63270
pilot_002414,data/raw/tiny-genimage/images/Real/n01818515_6176.JPEG,0,Real,0,Tiny-GenImage,train,n01818515_6176.JPEG,data/train-00001-of-00014.parquet,93428
pilot_002415,data/raw/tiny-genimage/images/Midjourney/168_midjourney_120.png,1,Midjourney,4,Tiny-GenImage,train,168_midjourney_120.png,data/train-00001-of-00014.parquet,936560
pilot_002416,data/raw/tiny-genimage/images/Real/n01775062_5527.JPEG,0,Real,0,Tiny-GenImage,train,n01775062_5527.JPEG,data/train-00001-of-00014.parquet,108660
pilot_002417,data/raw/tiny-genimage/images/SD15/085_sdv5_00021.png,1,SD15,6,Tiny-GenImage,train,085_sdv5_00021.png,data/train-00001-of-00014.parquet,408304
pilot_002418,data/raw/tiny-genimage/images/Real/n01775062_7142.JPEG,0,Real,0,Tiny-GenImage,train,n01775062_7142.JPEG,data/train-00001-of-00014.parquet,129011
pilot_002419,data/raw/tiny-genimage/images/VQDM/VQDM_1000_200_00_098_vqdm_00006.png,1,VQDM,7,Tiny-GenImage,train,VQDM_1000_200_00_098_vqdm_00006.png,data/train-00001-of-00014.parquet,111847
pilot_002420,data/raw/tiny-genimage/images/Real/n01818515_6929.JPEG,0,Real,0,Tiny-GenImage,train,n01818515_6929.JPEG,data/train-00001-of-00014.parquet,211520
pilot_002421,data/raw/tiny-genimage/images/Wukong/172_wukong_image174.png,1,Wukong,8,Tiny-GenImage,train,172_wukong_image174.png,data/train-00001-of-00014.parquet,518276
pilot_002422,data/raw/tiny-genimage/images/Real/n01798484_10037.JPEG,0,Real,0,Tiny-GenImage,train,n01798484_10037.JPEG,data/train-00001-of-00014.parquet,105773
pilot_002423,data/raw/tiny-genimage/images/ADM/177_adm_149.PNG,1,ADM,1,Tiny-GenImage,train,177_adm_149.PNG,data/train-00001-of-00014.parquet,163347
pilot_002424,data/raw/tiny-genimage/images/Real/n01797886_2349.JPEG,0,Real,0,Tiny-GenImage,train,n01797886_2349.JPEG,data/train-00001-of-00014.parquet,239392
pilot_002425,data/raw/tiny-genimage/images/BigGAN/088_biggan_00126.png,1,BigGAN,2,Tiny-GenImage,train,088_biggan_00126.png,data/train-00001-of-00014.parquet,32943
pilot_002426,data/raw/tiny-genimage/images/Real/n01871265_6084.JPEG,0,Real,0,Tiny-GenImage,train,n01871265_6084.JPEG,data/train-00001-of-00014.parquet,220165
pilot_002427,data/raw/tiny-genimage/images/GLIDE/GLIDE_1000_200_00_092_glide_00104.png,1,GLIDE,3,Tiny-GenImage,train,GLIDE_1000_200_00_092_glide_00104.png,data/train-00001-of-00014.parquet,67481
pilot_002428,data/raw/tiny-genimage/images/Real/n01819313_5111.JPEG,0,Real,0,Tiny-GenImage,train,n01819313_5111.JPEG,data/train-00001-of-00014.parquet,121461
pilot_002429,data/raw/tiny-genimage/images/Midjourney/169_midjourney_181.png,1,Midjourney,4,Tiny-GenImage,train,169_midjourney_181.png,data/train-00001-of-00014.parquet,1169685
pilot_002430,data/raw/tiny-genimage/images/Real/n01776313_12147.JPEG,0,Real,0,Tiny-GenImage,train,n01776313_12147.JPEG,data/train-00001-of-00014.parquet,13513
pilot_002431,data/raw/tiny-genimage/images/SD15/085_sdv5_00034.png,1,SD15,6,Tiny-GenImage,train,085_sdv5_00034.png,data/train-00001-of-00014.parquet,547957
pilot_002432,data/raw/tiny-genimage/images/Real/n01776313_10402.JPEG,0,Real,0,Tiny-GenImage,train,n01776313_10402.JPEG,data/train-00001-of-00014.parquet,2763
pilot_002433,data/raw/tiny-genimage/images/VQDM/VQDM_1000_200_00_099_vqdm_00010.png,1,VQDM,7,Tiny-GenImage,train,VQDM_1000_200_00_099_vqdm_00010.png,data/train-00001-of-00014.parquet,124765
pilot_002434,data/raw/tiny-genimage/images/Real/n01818515_7706.JPEG,0,Real,0,Tiny-GenImage,train,n01818515_7706.JPEG,data/train-00001-of-00014.parquet,98169
pilot_002435,data/raw/tiny-genimage/images/Wukong/172_wukong_image55.png,1,Wukong,8,Tiny-GenImage,train,172_wukong_image55.png,data/train-00001-of-00014.parquet,407256
pilot_002436,data/raw/tiny-genimage/images/Real/n01806143_8874.JPEG,0,Real,0,Tiny-GenImage,train,n01806143_8874.JPEG,data/train-00001-of-00014.parquet,175752
pilot_002437,data/raw/tiny-genimage/images/ADM/177_adm_36.PNG,1,ADM,1,Tiny-GenImage,train,177_adm_36.PNG,data/train-00001-of-00014.parquet,143171
pilot_002438,data/raw/tiny-genimage/images/Real/n01797886_6524.JPEG,0,Real,0,Tiny-GenImage,train,n01797886_6524.JPEG,data/train-00001-of-00014.parquet,113774
pilot_002439,data/raw/tiny-genimage/images/BigGAN/088_biggan_00198.png,1,BigGAN,2,Tiny-GenImage,train,088_biggan_00198.png,data/train-00001-of-00014.parquet,32991
pilot_002440,data/raw/tiny-genimage/images/Real/n01871265_7222.JPEG,0,Real,0,Tiny-GenImage,train,n01871265_7222.JPEG,data/train-00001-of-00014.parquet,22492
pilot_002441,data/raw/tiny-genimage/images/GLIDE/GLIDE_1000_200_00_092_glide_00111.png,1,GLIDE,3,Tiny-GenImage,train,GLIDE_1000_200_00_092_glide_00111.png,data/train-00001-of-00014.parquet,50202
pilot_002442,data/raw/tiny-genimage/images/Real/n01820546_6714.JPEG,0,Real,0,Tiny-GenImage,train,n01820546_6714.JPEG,data/train-00001-of-00014.parquet,80301
pilot_002443,data/raw/tiny-genimage/images/Midjourney/169_midjourney_49.png,1,Midjourney,4,Tiny-GenImage,train,169_midjourney_49.png,data/train-00001-of-00014.parquet,1276765
pilot_002444,data/raw/tiny-genimage/images/Real/n01776313_2054.JPEG,0,Real,0,Tiny-GenImage,train,n01776313_2054.JPEG,data/train-00001-of-00014.parquet,136129
pilot_002445,data/raw/tiny-genimage/images/SD15/085_sdv5_00043.png,1,SD15,6,Tiny-GenImage,train,085_sdv5_00043.png,data/train-00001-of-00014.parquet,448583
pilot_002446,data/raw/tiny-genimage/images/Real/n01776313_13506.JPEG,0,Real,0,Tiny-GenImage,train,n01776313_13506.JPEG,data/train-00001-of-00014.parquet,133656
pilot_002447,data/raw/tiny-genimage/images/VQDM/VQDM_1000_200_00_099_vqdm_00131.png,1,VQDM,7,Tiny-GenImage,train,VQDM_1000_200_00_099_vqdm_00131.png,data/train-00001-of-00014.parquet,117679
pilot_002448,data/raw/tiny-genimage/images/Real/n01818515_9492.JPEG,0,Real,0,Tiny-GenImage,train,n01818515_9492.JPEG,data/train-00001-of-00014.parquet,142467
pilot_002449,data/raw/tiny-genimage/images/Wukong/175_wukong_image103.png,1,Wukong,8,Tiny-GenImage,train,175_wukong_image103.png,data/train-00001-of-00014.parquet,439847
pilot_002450,data/raw/tiny-genimage/images/Real/n01806567_12088.JPEG,0,Real,0,Tiny-GenImage,train,n01806567_12088.JPEG,data/train-00001-of-00014.parquet,145040
pilot_002451,data/raw/tiny-genimage/images/ADM/177_adm_50.PNG,1,ADM,1,Tiny-GenImage,train,177_adm_50.PNG,data/train-00001-of-00014.parquet,169896
pilot_002452,data/raw/tiny-genimage/images/Real/n01798484_121.JPEG,0,Real,0,Tiny-GenImage,train,n01798484_121.JPEG,data/train-00001-of-00014.parquet,157922
pilot_002453,data/raw/tiny-genimage/images/BigGAN/089_biggan_00159.png,1,BigGAN,2,Tiny-GenImage,train,089_biggan_00159.png,data/train-00001-of-00014.parquet,17007
pilot_002454,data/raw/tiny-genimage/images/Real/n01872401_10243.JPEG,0,Real,0,Tiny-GenImage,train,n01872401_10243.JPEG,data/train-00001-of-00014.parquet,221281
pilot_002455,data/raw/tiny-genimage/images/GLIDE/GLIDE_1000_200_00_092_glide_00166.png,1,GLIDE,3,Tiny-GenImage,train,GLIDE_1000_200_00_092_glide_00166.png,data/train-00001-of-00014.parquet,43586
pilot_002456,data/raw/tiny-genimage/images/Real/n01828970_5285.JPEG,0,Real,0,Tiny-GenImage,train,n01828970_5285.JPEG,data/train-00001-of-00014.parquet,188824
pilot_002457,data/raw/tiny-genimage/images/Midjourney/169_midjourney_50.png,1,Midjourney,4,Tiny-GenImage,train,169_midjourney_50.png,data/train-00001-of-00014.parquet,1097593
pilot_002458,data/raw/tiny-genimage/images/Real/n01776313_20596.JPEG,0,Real,0,Tiny-GenImage,train,n01776313_20596.JPEG,data/train-00001-of-00014.parquet,63576
pilot_002459,data/raw/tiny-genimage/images/SD15/085_sdv5_00121.png,1,SD15,6,Tiny-GenImage,train,085_sdv5_00121.png,data/train-00001-of-00014.parquet,509678
pilot_002460,data/raw/tiny-genimage/images/Real/n01776313_6468.JPEG,0,Real,0,Tiny-GenImage,train,n01776313_6468.JPEG,data/train-00001-of-00014.parquet,136230
pilot_002461,data/raw/tiny-genimage/images/VQDM/VQDM_1000_200_00_099_vqdm_00190.png,1,VQDM,7,Tiny-GenImage,train,VQDM_1000_200_00_099_vqdm_00190.png,data/train-00001-of-00014.parquet,125433
pilot_002462,data/raw/tiny-genimage/images/Real/n01820546_3811.JPEG,0,Real,0,Tiny-GenImage,train,n01820546_3811.JPEG,data/train-00001-of-00014.parquet,198094
pilot_002463,data/raw/tiny-genimage/images/Wukong/175_wukong_image199.png,1,Wukong,8,Tiny-GenImage,train,175_wukong_image199.png,data/train-00001-of-00014.parquet,541539
pilot_002464,data/raw/tiny-genimage/images/Real/n01806567_4104.JPEG,0,Real,0,Tiny-GenImage,train,n01806567_4104.JPEG,data/train-00001-of-00014.parquet,158712
pilot_002465,data/raw/tiny-genimage/images/ADM/177_adm_72.PNG,1,ADM,1,Tiny-GenImage,train,177_adm_72.PNG,data/train-00001-of-00014.parquet,163680
pilot_002466,data/raw/tiny-genimage/images/Real/n01806143_3697.JPEG,0,Real,0,Tiny-GenImage,train,n01806143_3697.JPEG,data/train-00001-of-00014.parquet,128038
pilot_002467,data/raw/tiny-genimage/images/BigGAN/092_biggan_00107.png,1,BigGAN,2,Tiny-GenImage,train,092_biggan_00107.png,data/train-00001-of-00014.parquet,21053
pilot_002468,data/raw/tiny-genimage/images/Real/n01872401_12183.JPEG,0,Real,0,Tiny-GenImage,train,n01872401_12183.JPEG,data/train-00001-of-00014.parquet,18336
pilot_002469,data/raw/tiny-genimage/images/GLIDE/GLIDE_1000_200_00_094_glide_00079.png,1,GLIDE,3,Tiny-GenImage,train,GLIDE_1000_200_00_094_glide_00079.png,data/train-00001-of-00014.parquet,72123
pilot_002470,data/raw/tiny-genimage/images/Real/n01828970_7070.JPEG,0,Real,0,Tiny-GenImage,train,n01828970_7070.JPEG,data/train-00001-of-00014.parquet,138562
pilot_002471,data/raw/tiny-genimage/images/Midjourney/16_midjourney_40.png,1,Midjourney,4,Tiny-GenImage,train,16_midjourney_40.png,data/train-00001-of-00014.parquet,921715
pilot_002472,data/raw/tiny-genimage/images/Real/n01776313_34511.JPEG,0,Real,0,Tiny-GenImage,train,n01776313_34511.JPEG,data/train-00001-of-00014.parquet,127934
pilot_002473,data/raw/tiny-genimage/images/SD15/086_sdv5_00058.png,1,SD15,6,Tiny-GenImage,train,086_sdv5_00058.png,data/train-00001-of-00014.parquet,487409
pilot_002474,data/raw/tiny-genimage/images/Real/n01784675_2327.JPEG,0,Real,0,Tiny-GenImage,train,n01784675_2327.JPEG,data/train-00001-of-00014.parquet,83083
pilot_002475,data/raw/tiny-genimage/images/VQDM/VQDM_1000_200_01_100_vqdm_00056.png,1,VQDM,7,Tiny-GenImage,train,VQDM_1000_200_01_100_vqdm_00056.png,data/train-00001-of-00014.parquet,131196
pilot_002476,data/raw/tiny-genimage/images/Real/n01820546_3828.JPEG,0,Real,0,Tiny-GenImage,train,n01820546_3828.JPEG,data/train-00001-of-00014.parquet,176478
pilot_002477,data/raw/tiny-genimage/images/Wukong/175_wukong_image9.png,1,Wukong,8,Tiny-GenImage,train,175_wukong_image9.png,data/train-00001-of-00014.parquet,440191
pilot_002478,data/raw/tiny-genimage/images/Real/n01806567_5861.JPEG,0,Real,0,Tiny-GenImage,train,n01806567_5861.JPEG,data/train-00001-of-00014.parquet,166604
pilot_002479,data/raw/tiny-genimage/images/ADM/177_adm_92.PNG,1,ADM,1,Tiny-GenImage,train,177_adm_92.PNG,data/train-00001-of-00014.parquet,119299
pilot_002480,data/raw/tiny-genimage/images/Real/n01806143_4677.JPEG,0,Real,0,Tiny-GenImage,train,n01806143_4677.JPEG,data/train-00001-of-00014.parquet,235475
pilot_002481,data/raw/tiny-genimage/images/BigGAN/092_biggan_00129.png,1,BigGAN,2,Tiny-GenImage,train,092_biggan_00129.png,data/train-00001-of-00014.parquet,19219
pilot_002482,data/raw/tiny-genimage/images/Real/n01872401_2280.JPEG,0,Real,0,Tiny-GenImage,train,n01872401_2280.JPEG,data/train-00001-of-00014.parquet,131099
pilot_002483,data/raw/tiny-genimage/images/GLIDE/GLIDE_1000_200_00_094_glide_00177.png,1,GLIDE,3,Tiny-GenImage,train,GLIDE_1000_200_00_094_glide_00177.png,data/train-00001-of-00014.parquet,75936
pilot_002484,data/raw/tiny-genimage/images/Real/n01829413_16108.JPEG,0,Real,0,Tiny-GenImage,train,n01829413_16108.JPEG,data/train-00001-of-00014.parquet,238459
pilot_002485,data/raw/tiny-genimage/images/Midjourney/16_midjourney_49.png,1,Midjourney,4,Tiny-GenImage,train,16_midjourney_49.png,data/train-00001-of-00014.parquet,935342
pilot_002486,data/raw/tiny-genimage/images/Real/n01784675_11449.JPEG,0,Real,0,Tiny-GenImage,train,n01784675_11449.JPEG,data/train-00001-of-00014.parquet,124163
pilot_002487,data/raw/tiny-genimage/images/SD15/087_sdv5_00138.png,1,SD15,6,Tiny-GenImage,train,087_sdv5_00138.png,data/train-00001-of-00014.parquet,512702
pilot_002488,data/raw/tiny-genimage/images/Real/n01784675_3281.JPEG,0,Real,0,Tiny-GenImage,train,n01784675_3281.JPEG,data/train-00001-of-00014.parquet,59279
pilot_002489,data/raw/tiny-genimage/images/VQDM/VQDM_1000_200_01_100_vqdm_00093.png,1,VQDM,7,Tiny-GenImage,train,VQDM_1000_200_01_100_vqdm_00093.png,data/train-00001-of-00014.parquet,112190
pilot_002490,data/raw/tiny-genimage/images/Real/n01820546_4384.JPEG,0,Real,0,Tiny-GenImage,train,n01820546_4384.JPEG,data/train-00001-of-00014.parquet,125971
pilot_002491,data/raw/tiny-genimage/images/Wukong/176_wukong_image158.png,1,Wukong,8,Tiny-GenImage,train,176_wukong_image158.png,data/train-00001-of-00014.parquet,523460
pilot_002492,data/raw/tiny-genimage/images/Real/n01807496_18094.JPEG,0,Real,0,Tiny-GenImage,train,n01807496_18094.JPEG,data/train-00001-of-00014.parquet,133819
pilot_002493,data/raw/tiny-genimage/images/ADM/178_adm_122.PNG,1,ADM,1,Tiny-GenImage,train,178_adm_122.PNG,data/train-00001-of-00014.parquet,125167
pilot_002494,data/raw/tiny-genimage/images/Real/n01806143_7363.JPEG,0,Real,0,Tiny-GenImage,train,n01806143_7363.JPEG,data/train-00001-of-00014.parquet,176282
pilot_002495,data/raw/tiny-genimage/images/BigGAN/092_biggan_00149.png,1,BigGAN,2,Tiny-GenImage,train,092_biggan_00149.png,data/train-00001-of-00014.parquet,18139
pilot_002496,data/raw/tiny-genimage/images/Real/n01872401_2958.JPEG,0,Real,0,Tiny-GenImage,train,n01872401_2958.JPEG,data/train-00001-of-00014.parquet,178638
pilot_002497,data/raw/tiny-genimage/images/GLIDE/GLIDE_1000_200_00_095_glide_00018.png,1,GLIDE,3,Tiny-GenImage,train,GLIDE_1000_200_00_095_glide_00018.png,data/train-00001-of-00014.parquet,66834
pilot_002498,data/raw/tiny-genimage/images/Real/n01829413_16373.JPEG,0,Real,0,Tiny-GenImage,train,n01829413_16373.JPEG,data/train-00001-of-00014.parquet,122329
pilot_002499,data/raw/tiny-genimage/images/Midjourney/16_midjourney_61.png,1,Midjourney,4,Tiny-GenImage,train,16_midjourney_61.png,data/train-00001-of-00014.parquet,962634
pilot_002500,data/raw/tiny-genimage/images/Real/n01784675_15842.JPEG,0,Real,0,Tiny-GenImage,train,n01784675_15842.JPEG,data/train-00001-of-00014.parquet,143966
pilot_002501,data/raw/tiny-genimage/images/SD15/087_sdv5_00165.png,1,SD15,6,Tiny-GenImage,train,087_sdv5_00165.png,data/train-00001-of-00014.parquet,401257
pilot_002502,data/raw/tiny-genimage/images/Real/n01784675_4353.JPEG,0,Real,0,Tiny-GenImage,train,n01784675_4353.JPEG,data/train-00001-of-00014.parquet,91843
pilot_002503,data/raw/tiny-genimage/images/VQDM/VQDM_1000_200_01_100_vqdm_00129.png,1,VQDM,7,Tiny-GenImage,train,VQDM_1000_200_01_100_vqdm_00129.png,data/train-00001-of-00014.parquet,111577
pilot_002504,data/raw/tiny-genimage/images/Real/n01820546_4818.JPEG,0,Real,0,Tiny-GenImage,train,n01820546_4818.JPEG,data/train-00001-of-00014.parquet,159444
pilot_002505,data/raw/tiny-genimage/images/Wukong/177_wukong_image197.png,1,Wukong,8,Tiny-GenImage,train,177_wukong_image197.png,data/train-00001-of-00014.parquet,502993
pilot_002506,data/raw/tiny-genimage/images/Real/n01818515_25788.JPEG,0,Real,0,Tiny-GenImage,train,n01818515_25788.JPEG,data/train-00001-of-00014.parquet,191638
pilot_002507,data/raw/tiny-genimage/images/ADM/17_adm_124.PNG,1,ADM,1,Tiny-GenImage,train,17_adm_124.PNG,data/train-00001-of-00014.parquet,123551
pilot_002508,data/raw/tiny-genimage/images/Real/n01806567_423.JPEG,0,Real,0,Tiny-GenImage,train,n01806567_423.JPEG,data/train-00001-of-00014.parquet,177521
pilot_002509,data/raw/tiny-genimage/images/BigGAN/093_biggan_00037.png,1,BigGAN,2,Tiny-GenImage,train,093_biggan_00037.png,data/train-00001-of-00014.parquet,34120
pilot_002510,data/raw/tiny-genimage/images/Real/n01872401_831.JPEG,0,Real,0,Tiny-GenImage,train,n01872401_831.JPEG,data/train-00001-of-00014.parquet,196457
pilot_002511,data/raw/tiny-genimage/images/GLIDE/GLIDE_1000_200_00_096_glide_00139.png,1,GLIDE,3,Tiny-GenImage,train,GLIDE_1000_200_00_096_glide_00139.png,data/train-00001-of-00014.parquet,81500
pilot_002512,data/raw/tiny-genimage/images/Real/n01833805_6631.JPEG,0,Real,0,Tiny-GenImage,train,n01833805_6631.JPEG,data/train-00001-of-00014.parquet,28174
pilot_002513,data/raw/tiny-genimage/images/Midjourney/16_midjourney_66.png,1,Midjourney,4,Tiny-GenImage,train,16_midjourney_66.png,data/train-00001-of-00014.parquet,900669
pilot_002514,data/raw/tiny-genimage/images/Real/n01795545_838.JPEG,0,Real,0,Tiny-GenImage,train,n01795545_838.JPEG,data/train-00001-of-00014.parquet,5047
pilot_002515,data/raw/tiny-genimage/images/SD15/088_sdv5_00095.png,1,SD15,6,Tiny-GenImage,train,088_sdv5_00095.png,data/train-00001-of-00014.parquet,490493
pilot_002516,data/raw/tiny-genimage/images/Real/n01795545_12567.JPEG,0,Real,0,Tiny-GenImage,train,n01795545_12567.JPEG,data/train-00001-of-00014.parquet,94888
pilot_002517,data/raw/tiny-genimage/images/VQDM/VQDM_1000_200_01_102_vqdm_00064.png,1,VQDM,7,Tiny-GenImage,train,VQDM_1000_200_01_102_vqdm_00064.png,data/train-00001-of-00014.parquet,143386
pilot_002518,data/raw/tiny-genimage/images/Real/n01824575_12035.JPEG,0,Real,0,Tiny-GenImage,train,n01824575_12035.JPEG,data/train-00001-of-00014.parquet,131836
pilot_002519,data/raw/tiny-genimage/images/Wukong/177_wukong_image22.png,1,Wukong,8,Tiny-GenImage,train,177_wukong_image22.png,data/train-00001-of-00014.parquet,457577
pilot_002520,data/raw/tiny-genimage/images/Real/n01820546_423.JPEG,0,Real,0,Tiny-GenImage,train,n01820546_423.JPEG,data/train-00001-of-00014.parquet,103955
pilot_002521,data/raw/tiny-genimage/images/ADM/17_adm_17.PNG,1,ADM,1,Tiny-GenImage,train,17_adm_17.PNG,data/train-00001-of-00014.parquet,121499
pilot_002522,data/raw/tiny-genimage/images/Real/n01807496_10490.JPEG,0,Real,0,Tiny-GenImage,train,n01807496_10490.JPEG,data/train-00001-of-00014.parquet,137762
pilot_002523,data/raw/tiny-genimage/images/BigGAN/094_biggan_00083.png,1,BigGAN,2,Tiny-GenImage,train,094_biggan_00083.png,data/train-00001-of-00014.parquet,25296
pilot_002524,data/raw/tiny-genimage/images/Real/n01873310_14349.JPEG,0,Real,0,Tiny-GenImage,train,n01873310_14349.JPEG,data/train-00001-of-00014.parquet,14439
pilot_002525,data/raw/tiny-genimage/images/GLIDE/GLIDE_1000_200_00_096_glide_00167.png,1,GLIDE,3,Tiny-GenImage,train,GLIDE_1000_200_00_096_glide_00167.png,data/train-00001-of-00014.parquet,63844
pilot_002526,data/raw/tiny-genimage/images/Real/n01843065_4139.JPEG,0,Real,0,Tiny-GenImage,train,n01843065_4139.JPEG,data/train-00001-of-00014.parquet,74831
pilot_002527,data/raw/tiny-genimage/images/Midjourney/170_midjourney_45.png,1,Midjourney,4,Tiny-GenImage,train,170_midjourney_45.png,data/train-00001-of-00014.parquet,1326387
pilot_002528,data/raw/tiny-genimage/images/Real/n01796340_1456.JPEG,0,Real,0,Tiny-GenImage,train,n01796340_1456.JPEG,data/train-00001-of-00014.parquet,129044
pilot_002529,data/raw/tiny-genimage/images/SD15/088_sdv5_00123.png,1,SD15,6,Tiny-GenImage,train,088_sdv5_00123.png,data/train-00001-of-00014.parquet,299866
pilot_002530,data/raw/tiny-genimage/images/Real/n01795545_16945.JPEG,0,Real,0,Tiny-GenImage,train,n01795545_16945.JPEG,data/train-00001-of-00014.parquet,69931
pilot_002531,data/raw/tiny-genimage/images/VQDM/VQDM_1000_200_01_102_vqdm_00073.png,1,VQDM,7,Tiny-GenImage,train,VQDM_1000_200_01_102_vqdm_00073.png,data/train-00001-of-00014.parquet,166847
pilot_002532,data/raw/tiny-genimage/images/Real/n01824575_2379.JPEG,0,Real,0,Tiny-GenImage,train,n01824575_2379.JPEG,data/train-00001-of-00014.parquet,154711
pilot_002533,data/raw/tiny-genimage/images/Wukong/177_wukong_image76.png,1,Wukong,8,Tiny-GenImage,train,177_wukong_image76.png,data/train-00001-of-00014.parquet,447156
pilot_002534,data/raw/tiny-genimage/images/Real/n01820546_6591.JPEG,0,Real,0,Tiny-GenImage,train,n01820546_6591.JPEG,data/train-00001-of-00014.parquet,85350
pilot_002535,data/raw/tiny-genimage/images/ADM/17_adm_20.PNG,1,ADM,1,Tiny-GenImage,train,17_adm_20.PNG,data/train-00001-of-00014.parquet,179592
pilot_002536,data/raw/tiny-genimage/images/Real/n01817953_219.JPEG,0,Real,0,Tiny-GenImage,train,n01817953_219.JPEG,data/train-00001-of-00014.parquet,83871
pilot_002537,data/raw/tiny-genimage/images/BigGAN/096_biggan_00006.png,1,BigGAN,2,Tiny-GenImage,train,096_biggan_00006.png,data/train-00001-of-00014.parquet,39534
pilot_002538,data/raw/tiny-genimage/images/Real/n01873310_30302.JPEG,0,Real,0,Tiny-GenImage,train,n01873310_30302.JPEG,data/train-00001-of-00014.parquet,90528
pilot_002539,data/raw/tiny-genimage/images/GLIDE/GLIDE_1000_200_00_097_glide_00059.png,1,GLIDE,3,Tiny-GenImage,train,GLIDE_1000_200_00_097_glide_00059.png,data/train-00001-of-00014.parquet,96944
pilot_002540,data/raw/tiny-genimage/images/Real/n01843383_2903.JPEG,0,Real,0,Tiny-GenImage,train,n01843383_2903.JPEG,data/train-00001-of-00014.parquet,106251
pilot_002541,data/raw/tiny-genimage/images/Midjourney/171_midjourney_117.png,1,Midjourney,4,Tiny-GenImage,train,171_midjourney_117.png,data/train-00001-of-00014.parquet,1454295
pilot_002542,data/raw/tiny-genimage/images/Real/n01797886_10810.JPEG,0,Real,0,Tiny-GenImage,train,n01797886_10810.JPEG,data/train-00001-of-00014.parquet,141042
pilot_002543,data/raw/tiny-genimage/images/SD15/089_sdv5_00074.png,1,SD15,6,Tiny-GenImage,train,089_sdv5_00074.png,data/train-00001-of-00014.parquet,502269
pilot_002544,data/raw/tiny-genimage/images/Real/n01796340_18379.JPEG,0,Real,0,Tiny-GenImage,train,n01796340_18379.JPEG,data/train-00001-of-00014.parquet,116504
pilot_002545,data/raw/tiny-genimage/images/VQDM/VQDM_1000_200_01_102_vqdm_00117.png,1,VQDM,7,Tiny-GenImage,train,VQDM_1000_200_01_102_vqdm_00117.png,data/train-00001-of-00014.parquet,161743
pilot_002546,data/raw/tiny-genimage/images/Real/n01824575_8847.JPEG,0,Real,0,Tiny-GenImage,train,n01824575_8847.JPEG,data/train-00001-of-00014.parquet,177723
pilot_002547,data/raw/tiny-genimage/images/Wukong/178_wukong_image118.png,1,Wukong,8,Tiny-GenImage,train,178_wukong_image118.png,data/train-00001-of-00014.parquet,442180
pilot_002548,data/raw/tiny-genimage/images/Real/n01824575_10092.JPEG,0,Real,0,Tiny-GenImage,train,n01824575_10092.JPEG,data/train-00001-of-00014.parquet,194466
pilot_002549,data/raw/tiny-genimage/images/ADM/17_adm_29.PNG,1,ADM,1,Tiny-GenImage,train,17_adm_29.PNG,data/train-00001-of-00014.parquet,122963
pilot_002550,data/raw/tiny-genimage/images/Real/n01818515_137.JPEG,0,Real,0,Tiny-GenImage,train,n01818515_137.JPEG,data/train-00001-of-00014.parquet,38402
pilot_002551,data/raw/tiny-genimage/images/BigGAN/096_biggan_00022.png,1,BigGAN,2,Tiny-GenImage,train,096_biggan_00022.png,data/train-00001-of-00014.parquet,32834
pilot_002552,data/raw/tiny-genimage/images/Real/n01873310_35588.JPEG,0,Real,0,Tiny-GenImage,train,n01873310_35588.JPEG,data/train-00001-of-00014.parquet,51647
pilot_002553,data/raw/tiny-genimage/images/GLIDE/GLIDE_1000_200_00_097_glide_00119.png,1,GLIDE,3,Tiny-GenImage,train,GLIDE_1000_200_00_097_glide_00119.png,data/train-00001-of-00014.parquet,66284
pilot_002554,data/raw/tiny-genimage/images/Real/n01847000_1787.JPEG,0,Real,0,Tiny-GenImage,train,n01847000_1787.JPEG,data/train-00001-of-00014.parquet,112566
pilot_002555,data/raw/tiny-genimage/images/Midjourney/171_midjourney_96.png,1,Midjourney,4,Tiny-GenImage,train,171_midjourney_96.png,data/train-00001-of-00014.parquet,1217063
pilot_002556,data/raw/tiny-genimage/images/Real/n01798484_3596.JPEG,0,Real,0,Tiny-GenImage,train,n01798484_3596.JPEG,data/train-00001-of-00014.parquet,138579
pilot_002557,data/raw/tiny-genimage/images/SD15/089_sdv5_00086.png,1,SD15,6,Tiny-GenImage,train,089_sdv5_00086.png,data/train-00001-of-00014.parquet,418458
pilot_002558,data/raw/tiny-genimage/images/Real/n01796340_19753.JPEG,0,Real,0,Tiny-GenImage,train,n01796340_19753.JPEG,data/train-00001-of-00014.parquet,55687
pilot_002559,data/raw/tiny-genimage/images/VQDM/VQDM_1000_200_01_102_vqdm_00171.png,1,VQDM,7,Tiny-GenImage,train,VQDM_1000_200_01_102_vqdm_00171.png,data/train-00001-of-00014.parquet,138987
pilot_002560,data/raw/tiny-genimage/images/Real/n01828970_18853.JPEG,0,Real,0,Tiny-GenImage,train,n01828970_18853.JPEG,data/train-00001-of-00014.parquet,91845
pilot_002561,data/raw/tiny-genimage/images/Wukong/178_wukong_image24.png,1,Wukong,8,Tiny-GenImage,train,178_wukong_image24.png,data/train-00001-of-00014.parquet,501337
pilot_002562,data/raw/tiny-genimage/images/Real/n01824575_3102.JPEG,0,Real,0,Tiny-GenImage,train,n01824575_3102.JPEG,data/train-00001-of-00014.parquet,40216
pilot_002563,data/raw/tiny-genimage/images/ADM/180_adm_114.PNG,1,ADM,1,Tiny-GenImage,train,180_adm_114.PNG,data/train-00001-of-00014.parquet,111002
pilot_002564,data/raw/tiny-genimage/images/Real/n01818515_14294.JPEG,0,Real,0,Tiny-GenImage,train,n01818515_14294.JPEG,data/train-00001-of-00014.parquet,123116
pilot_002565,data/raw/tiny-genimage/images/BigGAN/096_biggan_00067.png,1,BigGAN,2,Tiny-GenImage,train,096_biggan_00067.png,data/train-00001-of-00014.parquet,40133
pilot_002566,data/raw/tiny-genimage/images/Real/n01873310_36574.JPEG,0,Real,0,Tiny-GenImage,train,n01873310_36574.JPEG,data/train-00001-of-00014.parquet,74574
pilot_002567,data/raw/tiny-genimage/images/GLIDE/GLIDE_1000_200_00_098_glide_00044.png,1,GLIDE,3,Tiny-GenImage,train,GLIDE_1000_200_00_098_glide_00044.png,data/train-00001-of-00014.parquet,71502
pilot_002568,data/raw/tiny-genimage/images/Real/n01847000_3700.JPEG,0,Real,0,Tiny-GenImage,train,n01847000_3700.JPEG,data/train-00001-of-00014.parquet,30701
pilot_002569,data/raw/tiny-genimage/images/Midjourney/172_midjourney_46.png,1,Midjourney,4,Tiny-GenImage,train,172_midjourney_46.png,data/train-00001-of-00014.parquet,578904
pilot_002570,data/raw/tiny-genimage/images/Real/n01798484_9891.JPEG,0,Real,0,Tiny-GenImage,train,n01798484_9891.JPEG,data/train-00001-of-00014.parquet,16589
pilot_002571,data/raw/tiny-genimage/images/SD15/089_sdv5_00103.png,1,SD15,6,Tiny-GenImage,train,089_sdv5_00103.png,data/train-00001-of-00014.parquet,440386
pilot_002572,data/raw/tiny-genimage/images/Real/n01796340_4399.JPEG,0,Real,0,Tiny-GenImage,train,n01796340_4399.JPEG,data/train-00001-of-00014.parquet,73741
pilot_002573,data/raw/tiny-genimage/images/VQDM/VQDM_1000_200_01_103_vqdm_00056.png,1,VQDM,7,Tiny-GenImage,train,VQDM_1000_200_01_103_vqdm_00056.png,data/train-00001-of-00014.parquet,80599
pilot_002574,data/raw/tiny-genimage/images/Real/n01828970_5637.JPEG,0,Real,0,Tiny-GenImage,train,n01828970_5637.JPEG,data/train-00001-of-00014.parquet,43349
pilot_002575,data/raw/tiny-genimage/images/Wukong/17_wukong_image58.png,1,Wukong,8,Tiny-GenImage,train,17_wukong_image58.png,data/train-00001-of-00014.parquet,420676
pilot_002576,data/raw/tiny-genimage/images/Real/n01824575_700.JPEG,0,Real,0,Tiny-GenImage,train,n01824575_700.JPEG,data/train-00001-of-00014.parquet,61198
pilot_002577,data/raw/tiny-genimage/images/ADM/180_adm_136.PNG,1,ADM,1,Tiny-GenImage,train,180_adm_136.PNG,data/train-00001-of-00014.parquet,141786
pilot_002578,data/raw/tiny-genimage/images/Real/n01818515_3322.JPEG,0,Real,0,Tiny-GenImage,train,n01818515_3322.JPEG,data/train-00001-of-00014.parquet,295561
pilot_002579,data/raw/tiny-genimage/images/BigGAN/097_biggan_00045.png,1,BigGAN,2,Tiny-GenImage,train,097_biggan_00045.png,data/train-00001-of-00014.parquet,26390
pilot_002580,data/raw/tiny-genimage/images/Real/n01873310_46017.JPEG,0,Real,0,Tiny-GenImage,train,n01873310_46017.JPEG,data/train-00001-of-00014.parquet,92001
pilot_002581,data/raw/tiny-genimage/images/GLIDE/GLIDE_1000_200_00_098_glide_00102.png,1,GLIDE,3,Tiny-GenImage,train,GLIDE_1000_200_00_098_glide_00102.png,data/train-00001-of-00014.parquet,73235
pilot_002582,data/raw/tiny-genimage/images/Real/n01847000_6305.JPEG,0,Real,0,Tiny-GenImage,train,n01847000_6305.JPEG,data/train-00001-of-00014.parquet,102079
pilot_002583,data/raw/tiny-genimage/images/Midjourney/172_midjourney_56.png,1,Midjourney,4,Tiny-GenImage,train,172_midjourney_56.png,data/train-00001-of-00014.parquet,715247
pilot_002584,data/raw/tiny-genimage/images/Real/n01806143_10373.JPEG,0,Real,0,Tiny-GenImage,train,n01806143_10373.JPEG,data/train-00001-of-00014.parquet,151019
pilot_002585,data/raw/tiny-genimage/images/SD15/089_sdv5_00184.png,1,SD15,6,Tiny-GenImage,train,089_sdv5_00184.png,data/train-00001-of-00014.parquet,366417
pilot_002586,data/raw/tiny-genimage/images/Real/n01797886_24448.JPEG,0,Real,0,Tiny-GenImage,train,n01797886_24448.JPEG,data/train-00001-of-00014.parquet,119501
pilot_002587,data/raw/tiny-genimage/images/VQDM/VQDM_1000_200_01_103_vqdm_00144.png,1,VQDM,7,Tiny-GenImage,train,VQDM_1000_200_01_103_vqdm_00144.png,data/train-00001-of-00014.parquet,25266
pilot_002588,data/raw/tiny-genimage/images/Real/n01829413_6751.JPEG,0,Real,0,Tiny-GenImage,train,n01829413_6751.JPEG,data/train-00001-of-00014.parquet,210137
pilot_002589,data/raw/tiny-genimage/images/Wukong/17_wukong_image66.png,1,Wukong,8,Tiny-GenImage,train,17_wukong_image66.png,data/train-00001-of-00014.parquet,372464
pilot_002590,data/raw/tiny-genimage/images/Real/n01828970_10371.JPEG,0,Real,0,Tiny-GenImage,train,n01828970_10371.JPEG,data/train-00001-of-00014.parquet,64291
pilot_002591,data/raw/tiny-genimage/images/ADM/180_adm_137.PNG,1,ADM,1,Tiny-GenImage,train,180_adm_137.PNG,data/train-00001-of-00014.parquet,104292
pilot_002592,data/raw/tiny-genimage/images/Real/n01818515_40587.JPEG,0,Real,0,Tiny-GenImage,train,n01818515_40587.JPEG,data/train-00001-of-00014.parquet,162827
pilot_002593,data/raw/tiny-genimage/images/BigGAN/098_biggan_00155.png,1,BigGAN,2,Tiny-GenImage,train,098_biggan_00155.png,data/train-00001-of-00014.parquet,27595
pilot_002594,data/raw/tiny-genimage/images/Real/n01873310_61740.JPEG,0,Real,0,Tiny-GenImage,train,n01873310_61740.JPEG,data/train-00001-of-00014.parquet,91183
pilot_002595,data/raw/tiny-genimage/images/GLIDE/GLIDE_1000_200_00_098_glide_00184.png,1,GLIDE,3,Tiny-GenImage,train,GLIDE_1000_200_00_098_glide_00184.png,data/train-00001-of-00014.parquet,76537
pilot_002596,data/raw/tiny-genimage/images/Real/n01855672_12335.JPEG,0,Real,0,Tiny-GenImage,train,n01855672_12335.JPEG,data/train-00001-of-00014.parquet,197122
pilot_002597,data/raw/tiny-genimage/images/Midjourney/172_midjourney_71.png,1,Midjourney,4,Tiny-GenImage,train,172_midjourney_71.png,data/train-00001-of-00014.parquet,1383011
pilot_002598,data/raw/tiny-genimage/images/Real/n01806143_6787.JPEG,0,Real,0,Tiny-GenImage,train,n01806143_6787.JPEG,data/train-00001-of-00014.parquet,162525
pilot_002599,data/raw/tiny-genimage/images/SD15/090_sdv5_00051.png,1,SD15,6,Tiny-GenImage,train,090_sdv5_00051.png,data/train-00001-of-00014.parquet,366658
pilot_002600,data/raw/tiny-genimage/images/Real/n01797886_30795.JPEG,0,Real,0,Tiny-GenImage,train,n01797886_30795.JPEG,data/train-00001-of-00014.parquet,90764
pilot_002601,data/raw/tiny-genimage/images/VQDM/VQDM_1000_200_01_103_vqdm_00178.png,1,VQDM,7,Tiny-GenImage,train,VQDM_1000_200_01_103_vqdm_00178.png,data/train-00001-of-00014.parquet,99166
pilot_002602,data/raw/tiny-genimage/images/Real/n01833805_4030.JPEG,0,Real,0,Tiny-GenImage,train,n01833805_4030.JPEG,data/train-00001-of-00014.parquet,100175
pilot_002603,data/raw/tiny-genimage/images/Wukong/180_wukong_image187.png,1,Wukong,8,Tiny-GenImage,train,180_wukong_image187.png,data/train-00001-of-00014.parquet,462099
pilot_002604,data/raw/tiny-genimage/images/Real/n01828970_23287.JPEG,0,Real,0,Tiny-GenImage,train,n01828970_23287.JPEG,data/train-00001-of-00014.parquet,150731
pilot_002605,data/raw/tiny-genimage/images/ADM/180_adm_144.PNG,1,ADM,1,Tiny-GenImage,train,180_adm_144.PNG,data/train-00001-of-00014.parquet,139046
pilot_002606,data/raw/tiny-genimage/images/Real/n01818515_8500.JPEG,0,Real,0,Tiny-GenImage,train,n01818515_8500.JPEG,data/train-00001-of-00014.parquet,117246
pilot_002607,data/raw/tiny-genimage/images/BigGAN/098_biggan_00163.png,1,BigGAN,2,Tiny-GenImage,train,098_biggan_00163.png,data/train-00001-of-00014.parquet,26930
pilot_002608,data/raw/tiny-genimage/images/Real/n01877812_1093.JPEG,0,Real,0,Tiny-GenImage,train,n01877812_1093.JPEG,data/train-00001-of-00014.parquet,189781
pilot_002609,data/raw/tiny-genimage/images/GLIDE/GLIDE_1000_200_00_099_glide_00046.png,1,GLIDE,3,Tiny-GenImage,train,GLIDE_1000_200_00_099_glide_00046.png,data/train-00001-of-00014.parquet,55820
pilot_002610,data/raw/tiny-genimage/images/Real/n01855672_1538.JPEG,0,Real,0,Tiny-GenImage,train,n01855672_1538.JPEG,data/train-00001-of-00014.parquet,286846
pilot_002611,data/raw/tiny-genimage/images/Midjourney/172_midjourney_91.png,1,Midjourney,4,Tiny-GenImage,train,172_midjourney_91.png,data/train-00001-of-00014.parquet,826360
pilot_002612,data/raw/tiny-genimage/images/Real/n01806567_23407.JPEG,0,Real,0,Tiny-GenImage,train,n01806567_23407.JPEG,data/train-00001-of-00014.parquet,140757
pilot_002613,data/raw/tiny-genimage/images/SD15/090_sdv5_00064.png,1,SD15,6,Tiny-GenImage,train,090_sdv5_00064.png,data/train-00001-of-00014.parquet,453949
pilot_002614,data/raw/tiny-genimage/images/Real/n01797886_3832.JPEG,0,Real,0,Tiny-GenImage,train,n01797886_3832.JPEG,data/train-00001-of-00014.parquet,244268
pilot_002615,data/raw/tiny-genimage/images/VQDM/VQDM_1000_200_01_104_vqdm_00054.png,1,VQDM,7,Tiny-GenImage,train,VQDM_1000_200_01_104_vqdm_00054.png,data/train-00001-of-00014.parquet,111167
pilot_002616,data/raw/tiny-genimage/images/Real/n01833805_7784.JPEG,0,Real,0,Tiny-GenImage,train,n01833805_7784.JPEG,data/train-00001-of-00014.parquet,24782
pilot_002617,data/raw/tiny-genimage/images/Wukong/180_wukong_image189.png,1,Wukong,8,Tiny-GenImage,train,180_wukong_image189.png,data/train-00001-of-00014.parquet,498914
pilot_002618,data/raw/tiny-genimage/images/Real/n01828970_7550.JPEG,0,Real,0,Tiny-GenImage,train,n01828970_7550.JPEG,data/train-00001-of-00014.parquet,133004
pilot_002619,data/raw/tiny-genimage/images/ADM/181_adm_101.PNG,1,ADM,1,Tiny-GenImage,train,181_adm_101.PNG,data/train-00001-of-00014.parquet,162373
pilot_002620,data/raw/tiny-genimage/images/Real/n01819313_2676.JPEG,0,Real,0,Tiny-GenImage,train,n01819313_2676.JPEG,data/train-00001-of-00014.parquet,34866
pilot_002621,data/raw/tiny-genimage/images/BigGAN/100_biggan_00043.png,1,BigGAN,2,Tiny-GenImage,train,100_biggan_00043.png,data/train-00001-of-00014.parquet,29324
pilot_002622,data/raw/tiny-genimage/images/Real/n01877812_928.JPEG,0,Real,0,Tiny-GenImage,train,n01877812_928.JPEG,data/train-00001-of-00014.parquet,115801
pilot_002623,data/raw/tiny-genimage/images/GLIDE/GLIDE_1000_200_00_099_glide_00049.png,1,GLIDE,3,Tiny-GenImage,train,GLIDE_1000_200_00_099_glide_00049.png,data/train-00001-of-00014.parquet,89578
pilot_002624,data/raw/tiny-genimage/images/Real/n01855672_39082.JPEG,0,Real,0,Tiny-GenImage,train,n01855672_39082.JPEG,data/train-00001-of-00014.parquet,132173
pilot_002625,data/raw/tiny-genimage/images/Midjourney/173_midjourney_45.png,1,Midjourney,4,Tiny-GenImage,train,173_midjourney_45.png,data/train-00001-of-00014.parquet,1179713
pilot_002626,data/raw/tiny-genimage/images/Real/n01807496_1082.JPEG,0,Real,0,Tiny-GenImage,train,n01807496_1082.JPEG,data/train-00001-of-00014.parquet,121239
pilot_002627,data/raw/tiny-genimage/images/SD15/090_sdv5_00191.png,1,SD15,6,Tiny-GenImage,train,090_sdv5_00191.png,data/train-00001-of-00014.parquet,352501
pilot_002628,data/raw/tiny-genimage/images/Real/n01797886_5821.JPEG,0,Real,0,Tiny-GenImage,train,n01797886_5821.JPEG,data/train-00001-of-00014.parquet,158139
pilot_002629,data/raw/tiny-genimage/images/VQDM/VQDM_1000_200_01_105_vqdm_00017.png,1,VQDM,7,Tiny-GenImage,train,VQDM_1000_200_01_105_vqdm_00017.png,data/train-00001-of-00014.parquet,152831
pilot_002630,data/raw/tiny-genimage/images/Real/n01843065_1891.JPEG,0,Real,0,Tiny-GenImage,train,n01843065_1891.JPEG,data/train-00001-of-00014.parquet,105111
pilot_002631,data/raw/tiny-genimage/images/Wukong/180_wukong_image59.png,1,Wukong,8,Tiny-GenImage,train,180_wukong_image59.png,data/train-00001-of-00014.parquet,439604
pilot_002632,data/raw/tiny-genimage/images/Real/n01829413_2730.JPEG,0,Real,0,Tiny-GenImage,train,n01829413_2730.JPEG,data/train-00001-of-00014.parquet,68578
pilot_002633,data/raw/tiny-genimage/images/ADM/181_adm_20.PNG,1,ADM,1,Tiny-GenImage,train,181_adm_20.PNG,data/train-00001-of-00014.parquet,64192
pilot_002634,data/raw/tiny-genimage/images/Real/n01820546_4250.JPEG,0,Real,0,Tiny-GenImage,train,n01820546_4250.JPEG,data/train-00001-of-00014.parquet,141054
pilot_002635,data/raw/tiny-genimage/images/BigGAN/101_biggan_00021.png,1,BigGAN,2,Tiny-GenImage,train,101_biggan_00021.png,data/train-00001-of-00014.parquet,24155
pilot_002636,data/raw/tiny-genimage/images/Real/n01882714_11848.JPEG,0,Real,0,Tiny-GenImage,train,n01882714_11848.JPEG,data/train-00001-of-00014.parquet,199035
pilot_002637,data/raw/tiny-genimage/images/GLIDE/GLIDE_1000_200_00_099_glide_00079.png,1,GLIDE,3,Tiny-GenImage,train,GLIDE_1000_200_00_099_glide_00079.png,data/train-00001-of-00014.parquet,84218
pilot_002638,data/raw/tiny-genimage/images/Real/n01855672_8527.JPEG,0,Real,0,Tiny-GenImage,train,n01855672_8527.JPEG,data/train-00001-of-00014.parquet,162786
pilot_002639,data/raw/tiny-genimage/images/Midjourney/173_midjourney_70.png,1,Midjourney,4,Tiny-GenImage,train,173_midjourney_70.png,data/train-00001-of-00014.parquet,1974898
pilot_002640,data/raw/tiny-genimage/images/Real/n01807496_9874.JPEG,0,Real,0,Tiny-GenImage,train,n01807496_9874.JPEG,data/train-00001-of-00014.parquet,101483
pilot_002641,data/raw/tiny-genimage/images/SD15/091_sdv5_00074.png,1,SD15,6,Tiny-GenImage,train,091_sdv5_00074.png,data/train-00001-of-00014.parquet,365932
pilot_002642,data/raw/tiny-genimage/images/Real/n01798484_13133.JPEG,0,Real,0,Tiny-GenImage,train,n01798484_13133.JPEG,data/train-00001-of-00014.parquet,251737
pilot_002643,data/raw/tiny-genimage/images/VQDM/VQDM_1000_200_01_105_vqdm_00054.png,1,VQDM,7,Tiny-GenImage,train,VQDM_1000_200_01_105_vqdm_00054.png,data/train-00001-of-00014.parquet,153355
pilot_002644,data/raw/tiny-genimage/images/Real/n01843065_3277.JPEG,0,Real,0,Tiny-GenImage,train,n01843065_3277.JPEG,data/train-00001-of-00014.parquet,175372
pilot_002645,data/raw/tiny-genimage/images/Wukong/181_wukong_image110.png,1,Wukong,8,Tiny-GenImage,train,181_wukong_image110.png,data/train-00001-of-00014.parquet,361431
pilot_002646,data/raw/tiny-genimage/images/Real/n01829413_5555.JPEG,0,Real,0,Tiny-GenImage,train,n01829413_5555.JPEG,data/train-00001-of-00014.parquet,109950
pilot_002647,data/raw/tiny-genimage/images/ADM/181_adm_92.PNG,1,ADM,1,Tiny-GenImage,train,181_adm_92.PNG,data/train-00001-of-00014.parquet,96462
pilot_002648,data/raw/tiny-genimage/images/Real/n01820546_611.JPEG,0,Real,0,Tiny-GenImage,train,n01820546_611.JPEG,data/train-00001-of-00014.parquet,206022
pilot_002649,data/raw/tiny-genimage/images/BigGAN/101_biggan_00137.png,1,BigGAN,2,Tiny-GenImage,train,101_biggan_00137.png,data/train-00001-of-00014.parquet,25040
pilot_002650,data/raw/tiny-genimage/images/Real/n01883070_1490.JPEG,0,Real,0,Tiny-GenImage,train,n01883070_1490.JPEG,data/train-00001-of-00014.parquet,117149
pilot_002651,data/raw/tiny-genimage/images/GLIDE/GLIDE_1000_200_00_099_glide_00173.png,1,GLIDE,3,Tiny-GenImage,train,GLIDE_1000_200_00_099_glide_00173.png,data/train-00001-of-00014.parquet,68999
pilot_002652,data/raw/tiny-genimage/images/Real/n01860187_34130.JPEG,0,Real,0,Tiny-GenImage,train,n01860187_34130.JPEG,data/train-00001-of-00014.parquet,91935
pilot_002653,data/raw/tiny-genimage/images/Midjourney/174_midjourney_142.png,1,Midjourney,4,Tiny-GenImage,train,174_midjourney_142.png,data/train-00001-of-00014.parquet,1683050
pilot_002654,data/raw/tiny-genimage/images/Real/n01817953_522.JPEG,0,Real,0,Tiny-GenImage,train,n01817953_522.JPEG,data/train-00001-of-00014.parquet,145849
pilot_002655,data/raw/tiny-genimage/images/SD15/091_sdv5_00083.png,1,SD15,6,Tiny-GenImage,train,091_sdv5_00083.png,data/train-00001-of-00014.parquet,359399
pilot_002656,data/raw/tiny-genimage/images/Real/n01798484_18726.JPEG,0,Real,0,Tiny-GenImage,train,n01798484_18726.JPEG,data/train-00001-of-00014.parquet,171786
pilot_002657,data/raw/tiny-genimage/images/VQDM/VQDM_1000_200_01_105_vqdm_00076.png,1,VQDM,7,Tiny-GenImage,train,VQDM_1000_200_01_105_vqdm_00076.png,data/train-00001-of-00014.parquet,134057
pilot_002658,data/raw/tiny-genimage/images/Real/n01843065_3685.JPEG,0,Real,0,Tiny-GenImage,train,n01843065_3685.JPEG,data/train-00001-of-00014.parquet,21529
pilot_002659,data/raw/tiny-genimage/images/Wukong/182_wukong_image13.png,1,Wukong,8,Tiny-GenImage,train,182_wukong_image13.png,data/train-00001-of-00014.parquet,427927
pilot_002660,data/raw/tiny-genimage/images/Real/n01833805_3803.JPEG,0,Real,0,Tiny-GenImage,train,n01833805_3803.JPEG,data/train-00001-of-00014.parquet,91809
pilot_002661,data/raw/tiny-genimage/images/ADM/182_adm_109.PNG,1,ADM,1,Tiny-GenImage,train,182_adm_109.PNG,data/train-00001-of-00014.parquet,160469
pilot_002662,data/raw/tiny-genimage/images/Real/n01820546_968.JPEG,0,Real,0,Tiny-GenImage,train,n01820546_968.JPEG,data/train-00001-of-00014.parquet,69300
pilot_002663,data/raw/tiny-genimage/images/BigGAN/101_biggan_00173.png,1,BigGAN,2,Tiny-GenImage,train,101_biggan_00173.png,data/train-00001-of-00014.parquet,37043
pilot_002664,data/raw/tiny-genimage/images/Real/n01883070_4343.JPEG,0,Real,0,Tiny-GenImage,train,n01883070_4343.JPEG,data/train-00001-of-00014.parquet,85465
pilot_002665,data/raw/tiny-genimage/images/GLIDE/GLIDE_1000_200_01_100_glide_00129.png,1,GLIDE,3,Tiny-GenImage,train,GLIDE_1000_200_01_100_glide_00129.png,data/train-00001-of-00014.parquet,77907
pilot_002666,data/raw/tiny-genimage/images/Real/n01871265_6412.JPEG,0,Real,0,Tiny-GenImage,train,n01871265_6412.JPEG,data/train-00001-of-00014.parquet,181374
pilot_002667,data/raw/tiny-genimage/images/Midjourney/174_midjourney_56.png,1,Midjourney,4,Tiny-GenImage,train,174_midjourney_56.png,data/train-00001-of-00014.parquet,1143831
pilot_002668,data/raw/tiny-genimage/images/Real/n01818515_22834.JPEG,0,Real,0,Tiny-GenImage,train,n01818515_22834.JPEG,data/train-00001-of-00014.parquet,149883
pilot_002669,data/raw/tiny-genimage/images/SD15/091_sdv5_00098.png,1,SD15,6,Tiny-GenImage,train,091_sdv5_00098.png,data/train-00001-of-00014.parquet,514089
pilot_002670,data/raw/tiny-genimage/images/Real/n01798484_7922.JPEG,0,Real,0,Tiny-GenImage,train,n01798484_7922.JPEG,data/train-00001-of-00014.parquet,73971
pilot_002671,data/raw/tiny-genimage/images/VQDM/VQDM_1000_200_01_105_vqdm_00095.png,1,VQDM,7,Tiny-GenImage,train,VQDM_1000_200_01_105_vqdm_00095.png,data/train-00001-of-00014.parquet,124574
pilot_002672,data/raw/tiny-genimage/images/Real/n01843383_19549.JPEG,0,Real,0,Tiny-GenImage,train,n01843383_19549.JPEG,data/train-00001-of-00014.parquet,118970
pilot_002673,data/raw/tiny-genimage/images/Wukong/182_wukong_image22.png,1,Wukong,8,Tiny-GenImage,train,182_wukong_image22.png,data/train-00001-of-00014.parquet,527729
pilot_002674,data/raw/tiny-genimage/images/Real/n01833805_413.JPEG,0,Real,0,Tiny-GenImage,train,n01833805_413.JPEG,data/train-00001-of-00014.parquet,69990
pilot_002675,data/raw/tiny-genimage/images/ADM/182_adm_3.PNG,1,ADM,1,Tiny-GenImage,train,182_adm_3.PNG,data/train-00001-of-00014.parquet,133958
pilot_002676,data/raw/tiny-genimage/images/Real/n01824575_2486.JPEG,0,Real,0,Tiny-GenImage,train,n01824575_2486.JPEG,data/train-00001-of-00014.parquet,13479
pilot_002677,data/raw/tiny-genimage/images/BigGAN/102_biggan_00110.png,1,BigGAN,2,Tiny-GenImage,train,102_biggan_00110.png,data/train-00001-of-00014.parquet,40080
pilot_002678,data/raw/tiny-genimage/images/Real/n01883070_6719.JPEG,0,Real,0,Tiny-GenImage,train,n01883070_6719.JPEG,data/train-00001-of-00014.parquet,173857
pilot_002679,data/raw/tiny-genimage/images/GLIDE/GLIDE_1000_200_01_100_glide_00159.png,1,GLIDE,3,Tiny-GenImage,train,GLIDE_1000_200_01_100_glide_00159.png,data/train-00001-of-00014.parquet,81073
pilot_002680,data/raw/tiny-genimage/images/Real/n01872401_1576.JPEG,0,Real,0,Tiny-GenImage,train,n01872401_1576.JPEG,data/train-00001-of-00014.parquet,21045
pilot_002681,data/raw/tiny-genimage/images/Midjourney/174_midjourney_60.png,1,Midjourney,4,Tiny-GenImage,train,174_midjourney_60.png,data/train-00001-of-00014.parquet,1227889
pilot_002682,data/raw/tiny-genimage/images/Real/n01818515_6856.JPEG,0,Real,0,Tiny-GenImage,train,n01818515_6856.JPEG,data/train-00001-of-00014.parquet,63367
pilot_002683,data/raw/tiny-genimage/images/SD15/091_sdv5_00170.png,1,SD15,6,Tiny-GenImage,train,091_sdv5_00170.png,data/train-00001-of-00014.parquet,348187
pilot_002684,data/raw/tiny-genimage/images/Real/n01806143_6083.JPEG,0,Real,0,Tiny-GenImage,train,n01806143_6083.JPEG,data/train-00001-of-00014.parquet,102534
pilot_002685,data/raw/tiny-genimage/images/VQDM/VQDM_1000_200_01_105_vqdm_00159.png,1,VQDM,7,Tiny-GenImage,train,VQDM_1000_200_01_105_vqdm_00159.png,data/train-00001-of-00014.parquet,124058
pilot_002686,data/raw/tiny-genimage/images/Real/n01847000_12528.JPEG,0,Real,0,Tiny-GenImage,train,n01847000_12528.JPEG,data/train-00001-of-00014.parquet,120024
pilot_002687,data/raw/tiny-genimage/images/Wukong/182_wukong_image45.png,1,Wukong,8,Tiny-GenImage,train,182_wukong_image45.png,data/train-00001-of-00014.parquet,388053
pilot_002688,data/raw/tiny-genimage/images/Real/n01833805_4211.JPEG,0,Real,0,Tiny-GenImage,train,n01833805_4211.JPEG,data/train-00001-of-00014.parquet,187572
pilot_002689,data/raw/tiny-genimage/images/ADM/183_adm_191.PNG,1,ADM,1,Tiny-GenImage,train,183_adm_191.PNG,data/train-00001-of-00014.parquet,83830
pilot_002690,data/raw/tiny-genimage/images/Real/n01824575_8632.JPEG,0,Real,0,Tiny-GenImage,train,n01824575_8632.JPEG,data/train-00001-of-00014.parquet,113852
pilot_002691,data/raw/tiny-genimage/images/BigGAN/103_biggan_00011.png,1,BigGAN,2,Tiny-GenImage,train,103_biggan_00011.png,data/train-00001-of-00014.parquet,31430
pilot_002692,data/raw/tiny-genimage/images/Real/n01910747_17670.JPEG,0,Real,0,Tiny-GenImage,train,n01910747_17670.JPEG,data/train-00001-of-00014.parquet,93638
pilot_002693,data/raw/tiny-genimage/images/GLIDE/GLIDE_1000_200_01_101_glide_00016.png,1,GLIDE,3,Tiny-GenImage,train,GLIDE_1000_200_01_101_glide_00016.png,data/train-00001-of-00014.parquet,97616
pilot_002694,data/raw/tiny-genimage/images/Real/n01872401_16556.JPEG,0,Real,0,Tiny-GenImage,train,n01872401_16556.JPEG,data/train-00001-of-00014.parquet,45107
pilot_002695,data/raw/tiny-genimage/images/Midjourney/174_midjourney_65.png,1,Midjourney,4,Tiny-GenImage,train,174_midjourney_65.png,data/train-00001-of-00014.parquet,1254136
pilot_002696,data/raw/tiny-genimage/images/Real/n01819313_3069.JPEG,0,Real,0,Tiny-GenImage,train,n01819313_3069.JPEG,data/train-00001-of-00014.parquet,121764
pilot_002697,data/raw/tiny-genimage/images/SD15/091_sdv5_00177.png,1,SD15,6,Tiny-GenImage,train,091_sdv5_00177.png,data/train-00001-of-00014.parquet,398276
pilot_002698,data/raw/tiny-genimage/images/Real/n01806143_849.JPEG,0,Real,0,Tiny-GenImage,train,n01806143_849.JPEG,data/train-00001-of-00014.parquet,172792
pilot_002699,data/raw/tiny-genimage/images/VQDM/VQDM_1000_200_01_105_vqdm_00184.png,1,VQDM,7,Tiny-GenImage,train,VQDM_1000_200_01_105_vqdm_00184.png,data/train-00001-of-00014.parquet,135073
pilot_002700,data/raw/tiny-genimage/images/Real/n01847000_13743.JPEG,0,Real,0,Tiny-GenImage,train,n01847000_13743.JPEG,data/train-00001-of-00014.parquet,164104
pilot_002701,data/raw/tiny-genimage/images/Wukong/183_wukong_image103.png,1,Wukong,8,Tiny-GenImage,train,183_wukong_image103.png,data/train-00001-of-00014.parquet,467606
pilot_002702,data/raw/tiny-genimage/images/Real/n01833805_6276.JPEG,0,Real,0,Tiny-GenImage,train,n01833805_6276.JPEG,data/train-00001-of-00014.parquet,116868
pilot_002703,data/raw/tiny-genimage/images/ADM/184_adm_115.PNG,1,ADM,1,Tiny-GenImage,train,184_adm_115.PNG,data/train-00001-of-00014.parquet,141002
pilot_002704,data/raw/tiny-genimage/images/Real/n01828970_2528.JPEG,0,Real,0,Tiny-GenImage,train,n01828970_2528.JPEG,data/train-00001-of-00014.parquet,71050
pilot_002705,data/raw/tiny-genimage/images/BigGAN/103_biggan_00101.png,1,BigGAN,2,Tiny-GenImage,train,103_biggan_00101.png,data/train-00001-of-00014.parquet,33084
pilot_002706,data/raw/tiny-genimage/images/Real/n01910747_19311.JPEG,0,Real,0,Tiny-GenImage,train,n01910747_19311.JPEG,data/train-00001-of-00014.parquet,165707
pilot_002707,data/raw/tiny-genimage/images/GLIDE/GLIDE_1000_200_01_101_glide_00061.png,1,GLIDE,3,Tiny-GenImage,train,GLIDE_1000_200_01_101_glide_00061.png,data/train-00001-of-00014.parquet,90275
pilot_002708,data/raw/tiny-genimage/images/Real/n01872401_19570.JPEG,0,Real,0,Tiny-GenImage,train,n01872401_19570.JPEG,data/train-00001-of-00014.parquet,150103
pilot_002709,data/raw/tiny-genimage/images/Midjourney/175_midjourney_126.png,1,Midjourney,4,Tiny-GenImage,train,175_midjourney_126.png,data/train-00001-of-00014.parquet,1790259
pilot_002710,data/raw/tiny-genimage/images/Real/n01819313_3551.JPEG,0,Real,0,Tiny-GenImage,train,n01819313_3551.JPEG,data/train-00001-of-00014.parquet,144488
pilot_002711,data/raw/tiny-genimage/images/SD15/092_sdv5_00002.png,1,SD15,6,Tiny-GenImage,train,092_sdv5_00002.png,data/train-00001-of-00014.parquet,381309
pilot_002712,data/raw/tiny-genimage/images/Real/n01806143_8650.JPEG,0,Real,0,Tiny-GenImage,train,n01806143_8650.JPEG,data/train-00001-of-00014.parquet,141493
pilot_002713,data/raw/tiny-genimage/images/VQDM/VQDM_1000_200_01_106_vqdm_00067.png,1,VQDM,7,Tiny-GenImage,train,VQDM_1000_200_01_106_vqdm_00067.png,data/train-00001-of-00014.parquet,158542
pilot_002714,data/raw/tiny-genimage/images/Real/n01847000_16204.JPEG,0,Real,0,Tiny-GenImage,train,n01847000_16204.JPEG,data/train-00001-of-00014.parquet,94085
pilot_002715,data/raw/tiny-genimage/images/Wukong/183_wukong_image148.png,1,Wukong,8,Tiny-GenImage,train,183_wukong_image148.png,data/train-00001-of-00014.parquet,526780
pilot_002716,data/raw/tiny-genimage/images/Real/n01833805_6313.JPEG,0,Real,0,Tiny-GenImage,train,n01833805_6313.JPEG,data/train-00001-of-00014.parquet,68674
pilot_002717,data/raw/tiny-genimage/images/ADM/185_adm_165.PNG,1,ADM,1,Tiny-GenImage,train,185_adm_165.PNG,data/train-00001-of-00014.parquet,129510
pilot_002718,data/raw/tiny-genimage/images/Real/n01829413_16466.JPEG,0,Real,0,Tiny-GenImage,train,n01829413_16466.JPEG,data/train-00001-of-00014.parquet,215501
pilot_002719,data/raw/tiny-genimage/images/BigGAN/103_biggan_00109.png,1,BigGAN,2,Tiny-GenImage,train,103_biggan_00109.png,data/train-00001-of-00014.parquet,32379
pilot_002720,data/raw/tiny-genimage/images/Real/n01910747_2271.JPEG,0,Real,0,Tiny-GenImage,train,n01910747_2271.JPEG,data/train-00001-of-00014.parquet,105348
pilot_002721,data/raw/tiny-genimage/images/GLIDE/GLIDE_1000_200_01_101_glide_00139.png,1,GLIDE,3,Tiny-GenImage,train,GLIDE_1000_200_01_101_glide_00139.png,data/train-00001-of-00014.parquet,78440
pilot_002722,data/raw/tiny-genimage/images/Real/n01872401_7795.JPEG,0,Real,0,Tiny-GenImage,train,n01872401_7795.JPEG,data/train-00001-of-00014.parquet,142623
pilot_002723,data/raw/tiny-genimage/images/Midjourney/175_midjourney_195.png,1,Midjourney,4,Tiny-GenImage,train,175_midjourney_195.png,data/train-00001-of-00014.parquet,910893
pilot_002724,data/raw/tiny-genimage/images/Real/n01824575_5551.JPEG,0,Real,0,Tiny-GenImage,train,n01824575_5551.JPEG,data/train-00001-of-00014.parquet,114843
pilot_002725,data/raw/tiny-genimage/images/SD15/092_sdv5_00052.png,1,SD15,6,Tiny-GenImage,train,092_sdv5_00052.png,data/train-00001-of-00014.parquet,339544
pilot_002726,data/raw/tiny-genimage/images/Real/n01806567_1539.JPEG,0,Real,0,Tiny-GenImage,train,n01806567_1539.JPEG,data/train-00001-of-00014.parquet,131056
pilot_002727,data/raw/tiny-genimage/images/VQDM/VQDM_1000_200_01_107_vqdm_00105.png,1,VQDM,7,Tiny-GenImage,train,VQDM_1000_200_01_107_vqdm_00105.png,data/train-00001-of-00014.parquet,100841
pilot_002728,data/raw/tiny-genimage/images/Real/n01847000_30576.JPEG,0,Real,0,Tiny-GenImage,train,n01847000_30576.JPEG,data/train-00001-of-00014.parquet,80849
pilot_002729,data/raw/tiny-genimage/images/Wukong/183_wukong_image168.png,1,Wukong,8,Tiny-GenImage,train,183_wukong_image168.png,data/train-00001-of-00014.parquet,424882
pilot_002730,data/raw/tiny-genimage/images/Real/n01833805_7637.JPEG,0,Real,0,Tiny-GenImage,train,n01833805_7637.JPEG,data/train-00001-of-00014.parquet,147025
pilot_002731,data/raw/tiny-genimage/images/ADM/186_adm_130.PNG,1,ADM,1,Tiny-GenImage,train,186_adm_130.PNG,data/train-00001-of-00014.parquet,118498
pilot_002732,data/raw/tiny-genimage/images/Real/n01829413_1724.JPEG,0,Real,0,Tiny-GenImage,train,n01829413_1724.JPEG,data/train-00001-of-00014.parquet,80125
pilot_002733,data/raw/tiny-genimage/images/BigGAN/104_biggan_00036.png,1,BigGAN,2,Tiny-GenImage,train,104_biggan_00036.png,data/train-00001-of-00014.parquet,36336
pilot_002734,data/raw/tiny-genimage/images/Real/n01910747_2705.JPEG,0,Real,0,Tiny-GenImage,train,n01910747_2705.JPEG,data/train-00001-of-00014.parquet,156703
pilot_002735,data/raw/tiny-genimage/images/GLIDE/GLIDE_1000_200_01_102_glide_00034.png,1,GLIDE,3,Tiny-GenImage,train,GLIDE_1000_200_01_102_glide_00034.png,data/train-00001-of-00014.parquet,101573
pilot_002736,data/raw/tiny-genimage/images/Real/n01873310_13855.JPEG,0,Real,0,Tiny-GenImage,train,n01873310_13855.JPEG,data/train-00001-of-00014.parquet,61128
pilot_002737,data/raw/tiny-genimage/images/Midjourney/176_midjourney_50.png,1,Midjourney,4,Tiny-GenImage,train,176_midjourney_50.png,data/train-00001-of-00014.parquet,1652938
pilot_002738,data/raw/tiny-genimage/images/Real/n01829413_2578.JPEG,0,Real,0,Tiny-GenImage,train,n01829413_2578.JPEG,data/train-00001-of-00014.parquet,99312
pilot_002739,data/raw/tiny-genimage/images/SD15/092_sdv5_00098.png,1,SD15,6,Tiny-GenImage,train,092_sdv5_00098.png,data/train-00001-of-00014.parquet,378653
pilot_002740,data/raw/tiny-genimage/images/Real/n01806567_2495.JPEG,0,Real,0,Tiny-GenImage,train,n01806567_2495.JPEG,data/train-00001-of-00014.parquet,137846
pilot_002741,data/raw/tiny-genimage/images/VQDM/VQDM_1000_200_01_108_vqdm_00008.png,1,VQDM,7,Tiny-GenImage,train,VQDM_1000_200_01_108_vqdm_00008.png,data/train-00001-of-00014.parquet,126651
pilot_002742,data/raw/tiny-genimage/images/Real/n01847000_6496.JPEG,0,Real,0,Tiny-GenImage,train,n01847000_6496.JPEG,data/train-00001-of-00014.parquet,137009
pilot_002743,data/raw/tiny-genimage/images/Wukong/184_wukong_image11.png,1,Wukong,8,Tiny-GenImage,train,184_wukong_image11.png,data/train-00001-of-00014.parquet,494230
pilot_002744,data/raw/tiny-genimage/images/Real/n01843065_10651.JPEG,0,Real,0,Tiny-GenImage,train,n01843065_10651.JPEG,data/train-00001-of-00014.parquet,83015
pilot_002745,data/raw/tiny-genimage/images/ADM/186_adm_141.PNG,1,ADM,1,Tiny-GenImage,train,186_adm_141.PNG,data/train-00001-of-00014.parquet,105449
pilot_002746,data/raw/tiny-genimage/images/Real/n01833805_1155.JPEG,0,Real,0,Tiny-GenImage,train,n01833805_1155.JPEG,data/train-00001-of-00014.parquet,78127
pilot_002747,data/raw/tiny-genimage/images/BigGAN/104_biggan_00149.png,1,BigGAN,2,Tiny-GenImage,train,104_biggan_00149.png,data/train-00001-of-00014.parquet,36151
pilot_002748,data/raw/tiny-genimage/images/Real/n01910747_3389.JPEG,0,Real,0,Tiny-GenImage,train,n01910747_3389.JPEG,data/train-00001-of-00014.parquet,28665
pilot_002749,data/raw/tiny-genimage/images/GLIDE/GLIDE_1000_200_01_102_glide_00069.png,1,GLIDE,3,Tiny-GenImage,train,GLIDE_1000_200_01_102_glide_00069.png,data/train-00001-of-00014.parquet,122453
pilot_002750,data/raw/tiny-genimage/images/Real/n01873310_4214.JPEG,0,Real,0,Tiny-GenImage,train,n01873310_4214.JPEG,data/train-00001-of-00014.parquet,192882
pilot_002751,data/raw/tiny-genimage/images/Midjourney/177_midjourney_1.png,1,Midjourney,4,Tiny-GenImage,train,177_midjourney_1.png,data/train-00001-of-00014.parquet,1340460
pilot_002752,data/raw/tiny-genimage/images/Real/n01843065_1730.JPEG,0,Real,0,Tiny-GenImage,train,n01843065_1730.JPEG,data/train-00001-of-00014.parquet,85502
pilot_002753,data/raw/tiny-genimage/images/SD15/093_sdv5_00049.png,1,SD15,6,Tiny-GenImage,train,093_sdv5_00049.png,data/train-00001-of-00014.parquet,496363
pilot_002754,data/raw/tiny-genimage/images/Real/n01806567_2780.JPEG,0,Real,0,Tiny-GenImage,train,n01806567_2780.JPEG,data/train-00001-of-00014.parquet,121390
pilot_002755,data/raw/tiny-genimage/images/VQDM/VQDM_1000_200_01_108_vqdm_00140.png,1,VQDM,7,Tiny-GenImage,train,VQDM_1000_200_01_108_vqdm_00140.png,data/train-00001-of-00014.parquet,127305
pilot_002756,data/raw/tiny-genimage/images/Real/n01855032_3014.JPEG,0,Real,0,Tiny-GenImage,train,n01855032_3014.JPEG,data/train-00001-of-00014.parquet,21141
pilot_002757,data/raw/tiny-genimage/images/Wukong/184_wukong_image12.png,1,Wukong,8,Tiny-GenImage,train,184_wukong_image12.png,data/train-00001-of-00014.parquet,464059
pilot_002758,data/raw/tiny-genimage/images/Real/n01843065_4914.JPEG,0,Real,0,Tiny-GenImage,train,n01843065_4914.JPEG,data/train-00001-of-00014.parquet,79387
pilot_002759,data/raw/tiny-genimage/images/ADM/187_adm_106.PNG,1,ADM,1,Tiny-GenImage,train,187_adm_106.PNG,data/train-00001-of-00014.parquet,112336
pilot_002760,data/raw/tiny-genimage/images/Real/n01833805_2284.JPEG,0,Real,0,Tiny-GenImage,train,n01833805_2284.JPEG,data/train-00001-of-00014.parquet,62678
pilot_002761,data/raw/tiny-genimage/images/BigGAN/106_biggan_00076.png,1,BigGAN,2,Tiny-GenImage,train,106_biggan_00076.png,data/train-00001-of-00014.parquet,35885
pilot_002762,data/raw/tiny-genimage/images/Real/n01914609_11380.JPEG,0,Real,0,Tiny-GenImage,train,n01914609_11380.JPEG,data/train-00001-of-00014.parquet,155687
pilot_002763,data/raw/tiny-genimage/images/GLIDE/GLIDE_1000_200_01_102_glide_00118.png,1,GLIDE,3,Tiny-GenImage,train,GLIDE_1000_200_01_102_glide_00118.png,data/train-00001-of-00014.parquet,115172
pilot_002764,data/raw/tiny-genimage/images/Real/n01873310_620.JPEG,0,Real,0,Tiny-GenImage,train,n01873310_620.JPEG,data/train-00001-of-00014.parquet,11023
pilot_002765,data/raw/tiny-genimage/images/Midjourney/177_midjourney_75.png,1,Midjourney,4,Tiny-GenImage,train,177_midjourney_75.png,data/train-00001-of-00014.parquet,1440921
pilot_002766,data/raw/tiny-genimage/images/Real/n01843065_4780.JPEG,0,Real,0,Tiny-GenImage,train,n01843065_4780.JPEG,data/train-00001-of-00014.parquet,88165
pilot_002767,data/raw/tiny-genimage/images/SD15/093_sdv5_00104.png,1,SD15,6,Tiny-GenImage,train,093_sdv5_00104.png,data/train-00001-of-00014.parquet,381659
pilot_002768,data/raw/tiny-genimage/images/Real/n01806567_5019.JPEG,0,Real,0,Tiny-GenImage,train,n01806567_5019.JPEG,data/train-00001-of-00014.parquet,202115
pilot_002769,data/raw/tiny-genimage/images/VQDM/VQDM_1000_200_01_110_vqdm_00048.png,1,VQDM,7,Tiny-GenImage,train,VQDM_1000_200_01_110_vqdm_00048.png,data/train-00001-of-00014.parquet,128403
pilot_002770,data/raw/tiny-genimage/images/Real/n01855032_7181.JPEG,0,Real,0,Tiny-GenImage,train,n01855032_7181.JPEG,data/train-00001-of-00014.parquet,95023
pilot_002771,data/raw/tiny-genimage/images/Wukong/184_wukong_image169.png,1,Wukong,8,Tiny-GenImage,train,184_wukong_image169.png,data/train-00001-of-00014.parquet,507827
pilot_002772,data/raw/tiny-genimage/images/Real/n01843383_11239.JPEG,0,Real,0,Tiny-GenImage,train,n01843383_11239.JPEG,data/train-00001-of-00014.parquet,214114
pilot_002773,data/raw/tiny-genimage/images/ADM/188_adm_146.PNG,1,ADM,1,Tiny-GenImage,train,188_adm_146.PNG,data/train-00001-of-00014.parquet,117280
pilot_002774,data/raw/tiny-genimage/images/Real/n01833805_230.JPEG,0,Real,0,Tiny-GenImage,train,n01833805_230.JPEG,data/train-00001-of-00014.parquet,61101
pilot_002775,data/raw/tiny-genimage/images/BigGAN/106_biggan_00177.png,1,BigGAN,2,Tiny-GenImage,train,106_biggan_00177.png,data/train-00001-of-00014.parquet,33777
pilot_002776,data/raw/tiny-genimage/images/Real/n01914609_14068.JPEG,0,Real,0,Tiny-GenImage,train,n01914609_14068.JPEG,data/train-00001-of-00014.parquet,260607
pilot_002777,data/raw/tiny-genimage/images/GLIDE/GLIDE_1000_200_01_102_glide_00134.png,1,GLIDE,3,Tiny-GenImage,train,GLIDE_1000_200_01_102_glide_00134.png,data/train-00001-of-00014.parquet,122726
pilot_002778,data/raw/tiny-genimage/images/Real/n01877812_9454.JPEG,0,Real,0,Tiny-GenImage,train,n01877812_9454.JPEG,data/train-00001-of-00014.parquet,128016
pilot_002779,data/raw/tiny-genimage/images/Midjourney/179_midjourney_147.png,1,Midjourney,4,Tiny-GenImage,train,179_midjourney_147.png,data/train-00001-of-00014.parquet,1146202
pilot_002780,data/raw/tiny-genimage/images/Real/n01843065_7799.JPEG,0,Real,0,Tiny-GenImage,train,n01843065_7799.JPEG,data/train-00001-of-00014.parquet,104183
pilot_002781,data/raw/tiny-genimage/images/SD15/093_sdv5_00161.png,1,SD15,6,Tiny-GenImage,train,093_sdv5_00161.png,data/train-00001-of-00014.parquet,477200
pilot_002782,data/raw/tiny-genimage/images/Real/n01807496_10814.JPEG,0,Real,0,Tiny-GenImage,train,n01807496_10814.JPEG,data/train-00001-of-00014.parquet,43854
pilot_002783,data/raw/tiny-genimage/images/VQDM/VQDM_1000_200_01_110_vqdm_00178.png,1,VQDM,7,Tiny-GenImage,train,VQDM_1000_200_01_110_vqdm_00178.png,data/train-00001-of-00014.parquet,143558
pilot_002784,data/raw/tiny-genimage/images/Real/n01855672_2055.JPEG,0,Real,0,Tiny-GenImage,train,n01855672_2055.JPEG,data/train-00001-of-00014.parquet,82409
pilot_002785,data/raw/tiny-genimage/images/Wukong/185_wukong_image148.png,1,Wukong,8,Tiny-GenImage,train,185_wukong_image148.png,data/train-00001-of-00014.parquet,447171
pilot_002786,data/raw/tiny-genimage/images/Real/n01843383_7217.JPEG,0,Real,0,Tiny-GenImage,train,n01843383_7217.JPEG,data/train-00001-of-00014.parquet,95063
pilot_002787,data/raw/tiny-genimage/images/ADM/189_adm_125.PNG,1,ADM,1,Tiny-GenImage,train,189_adm_125.PNG,data/train-00001-of-00014.parquet,115090
pilot_002788,data/raw/tiny-genimage/images/Real/n01833805_3958.JPEG,0,Real,0,Tiny-GenImage,train,n01833805_3958.JPEG,data/train-00001-of-00014.parquet,157711
pilot_002789,data/raw/tiny-genimage/images/BigGAN/107_biggan_00008.png,1,BigGAN,2,Tiny-GenImage,train,107_biggan_00008.png,data/train-00001-of-00014.parquet,7487
pilot_002790,data/raw/tiny-genimage/images/Real/n01914609_1649.JPEG,0,Real,0,Tiny-GenImage,train,n01914609_1649.JPEG,data/train-00001-of-00014.parquet,703036
pilot_002791,data/raw/tiny-genimage/images/GLIDE/GLIDE_1000_200_01_102_glide_00177.png,1,GLIDE,3,Tiny-GenImage,train,GLIDE_1000_200_01_102_glide_00177.png,data/train-00001-of-00014.parquet,126924
pilot_002792,data/raw/tiny-genimage/images/Real/n01883070_1006.JPEG,0,Real,0,Tiny-GenImage,train,n01883070_1006.JPEG,data/train-00001-of-00014.parquet,170988
pilot_002793,data/raw/tiny-genimage/images/Midjourney/179_midjourney_193.png,1,Midjourney,4,Tiny-GenImage,train,179_midjourney_193.png,data/train-00001-of-00014.parquet,1736206
pilot_002794,data/raw/tiny-genimage/images/Real/n01843383_2571.JPEG,0,Real,0,Tiny-GenImage,train,n01843383_2571.JPEG,data/train-00001-of-00014.parquet,166374
pilot_002795,data/raw/tiny-genimage/images/SD15/094_sdv5_00006.png,1,SD15,6,Tiny-GenImage,train,094_sdv5_00006.png,data/train-00001-of-00014.parquet,447744
pilot_002796,data/raw/tiny-genimage/images/Real/n01807496_17198.JPEG,0,Real,0,Tiny-GenImage,train,n01807496_17198.JPEG,data/train-00001-of-00014.parquet,188574
pilot_002797,data/raw/tiny-genimage/images/VQDM/VQDM_1000_200_01_112_vqdm_00023.png,1,VQDM,7,Tiny-GenImage,train,VQDM_1000_200_01_112_vqdm_00023.png,data/train-00001-of-00014.parquet,109591
pilot_002798,data/raw/tiny-genimage/images/Real/n01855672_4724.JPEG,0,Real,0,Tiny-GenImage,train,n01855672_4724.JPEG,data/train-00001-of-00014.parquet,102741
pilot_002799,data/raw/tiny-genimage/images/Wukong/185_wukong_image23.png,1,Wukong,8,Tiny-GenImage,train,185_wukong_image23.png,data/train-00001-of-00014.parquet,590625
pilot_002800,data/raw/tiny-genimage/images/Real/n01847000_10601.JPEG,0,Real,0,Tiny-GenImage,train,n01847000_10601.JPEG,data/train-00001-of-00014.parquet,119207
pilot_002801,data/raw/tiny-genimage/images/ADM/190_adm_120.PNG,1,ADM,1,Tiny-GenImage,train,190_adm_120.PNG,data/train-00001-of-00014.parquet,132492
pilot_002802,data/raw/tiny-genimage/images/Real/n01833805_4206.JPEG,0,Real,0,Tiny-GenImage,train,n01833805_4206.JPEG,data/train-00001-of-00014.parquet,110414
pilot_002803,data/raw/tiny-genimage/images/BigGAN/107_biggan_00016.png,1,BigGAN,2,Tiny-GenImage,train,107_biggan_00016.png,data/train-00001-of-00014.parquet,8235
pilot_002804,data/raw/tiny-genimage/images/Real/n01914609_18553.JPEG,0,Real,0,Tiny-GenImage,train,n01914609_18553.JPEG,data/train-00001-of-00014.parquet,57695
pilot_002805,data/raw/tiny-genimage/images/GLIDE/GLIDE_1000_200_01_103_glide_00049.png,1,GLIDE,3,Tiny-GenImage,train,GLIDE_1000_200_01_103_glide_00049.png,data/train-00001-of-00014.parquet,70512
pilot_002806,data/raw/tiny-genimage/images/Real/n01883070_18712.JPEG,0,Real,0,Tiny-GenImage,train,n01883070_18712.JPEG,data/train-00001-of-00014.parquet,127912
pilot_002807,data/raw/tiny-genimage/images/Midjourney/179_midjourney_29.png,1,Midjourney,4,Tiny-GenImage,train,179_midjourney_29.png,data/train-00001-of-00014.parquet,1677184
pilot_002808,data/raw/tiny-genimage/images/Real/n01847000_12094.JPEG,0,Real,0,Tiny-GenImage,train,n01847000_12094.JPEG,data/train-00001-of-00014.parquet,145113
pilot_002809,data/raw/tiny-genimage/images/SD15/094_sdv5_00198.png,1,SD15,6,Tiny-GenImage,train,094_sdv5_00198.png,data/train-00001-of-00014.parquet,342928
pilot_002810,data/raw/tiny-genimage/images/Real/n01807496_21.JPEG,0,Real,0,Tiny-GenImage,train,n01807496_21.JPEG,data/train-00001-of-00014.parquet,155974
pilot_002811,data/raw/tiny-genimage/images/VQDM/VQDM_1000_200_01_112_vqdm_00138.png,1,VQDM,7,Tiny-GenImage,train,VQDM_1000_200_01_112_vqdm_00138.png,data/train-00001-of-00014.parquet,103866
pilot_002812,data/raw/tiny-genimage/images/Real/n01855672_6520.JPEG,0,Real,0,Tiny-GenImage,train,n01855672_6520.JPEG,data/train-00001-of-00014.parquet,104048
pilot_002813,data/raw/tiny-genimage/images/Wukong/186_wukong_image34.png,1,Wukong,8,Tiny-GenImage,train,186_wukong_image34.png,data/train-00001-of-00014.parquet,477366
pilot_002814,data/raw/tiny-genimage/images/Real/n01847000_12251.JPEG,0,Real,0,Tiny-GenImage,train,n01847000_12251.JPEG,data/train-00001-of-00014.parquet,63434
pilot_002815,data/raw/tiny-genimage/images/ADM/190_adm_16.PNG,1,ADM,1,Tiny-GenImage,train,190_adm_16.PNG,data/train-00001-of-00014.parquet,91269
pilot_002816,data/raw/tiny-genimage/images/Real/n01833805_5174.JPEG,0,Real,0,Tiny-GenImage,train,n01833805_5174.JPEG,data/train-00001-of-00014.parquet,96959
pilot_002817,data/raw/tiny-genimage/images/BigGAN/107_biggan_00105.png,1,BigGAN,2,Tiny-GenImage,train,107_biggan_00105.png,data/train-00001-of-00014.parquet,14060
pilot_002818,data/raw/tiny-genimage/images/Real/n01914609_8971.JPEG,0,Real,0,Tiny-GenImage,train,n01914609_8971.JPEG,data/train-00001-of-00014.parquet,113341
pilot_002819,data/raw/tiny-genimage/images/GLIDE/GLIDE_1000_200_01_103_glide_00109.png,1,GLIDE,3,Tiny-GenImage,train,GLIDE_1000_200_01_103_glide_00109.png,data/train-00001-of-00014.parquet,75790
pilot_002820,data/raw/tiny-genimage/images/Real/n01883070_25026.JPEG,0,Real,0,Tiny-GenImage,train,n01883070_25026.JPEG,data/train-00001-of-00014.parquet,83697
pilot_002821,data/raw/tiny-genimage/images/Midjourney/179_midjourney_63.png,1,Midjourney,4,Tiny-GenImage,train,179_midjourney_63.png,data/train-00001-of-00014.parquet,1180590
pilot_002822,data/raw/tiny-genimage/images/Real/n01847000_16254.JPEG,0,Real,0,Tiny-GenImage,train,n01847000_16254.JPEG,data/train-00001-of-00014.parquet,98048
pilot_002823,data/raw/tiny-genimage/images/SD15/095_sdv5_00034.png,1,SD15,6,Tiny-GenImage,train,095_sdv5_00034.png,data/train-00001-of-00014.parquet,350587
pilot_002824,data/raw/tiny-genimage/images/Real/n01807496_28390.JPEG,0,Real,0,Tiny-GenImage,train,n01807496_28390.JPEG,data/train-00001-of-00014.parquet,107149
pilot_002825,data/raw/tiny-genimage/images/VQDM/VQDM_1000_200_01_114_vqdm_00089.png,1,VQDM,7,Tiny-GenImage,train,VQDM_1000_200_01_114_vqdm_00089.png,data/train-00001-of-00014.parquet,118953
pilot_002826,data/raw/tiny-genimage/images/Real/n01855672_7506.JPEG,0,Real,0,Tiny-GenImage,train,n01855672_7506.JPEG,data/train-00001-of-00014.parquet,59899
pilot_002827,data/raw/tiny-genimage/images/Wukong/187_wukong_image118.png,1,Wukong,8,Tiny-GenImage,train,187_wukong_image118.png,data/train-00001-of-00014.parquet,518028
pilot_002828,data/raw/tiny-genimage/images/Real/n01847000_15109.JPEG,0,Real,0,Tiny-GenImage,train,n01847000_15109.JPEG,data/train-00001-of-00014.parquet,68765
pilot_002829,data/raw/tiny-genimage/images/ADM/190_adm_32.PNG,1,ADM,1,Tiny-GenImage,train,190_adm_32.PNG,data/train-00001-of-00014.parquet,89569
pilot_002830,data/raw/tiny-genimage/images/Real/n01843065_1306.JPEG,0,Real,0,Tiny-GenImage,train,n01843065_1306.JPEG,data/train-00001-of-00014.parquet,81959
pilot_002831,data/raw/tiny-genimage/images/BigGAN/108_biggan_00064.png,1,BigGAN,2,Tiny-GenImage,train,108_biggan_00064.png,data/train-00001-of-00014.parquet,38912
pilot_002832,data/raw/tiny-genimage/images/Real/n01917289_1372.JPEG,0,Real,0,Tiny-GenImage,train,n01917289_1372.JPEG,data/train-00001-of-00014.parquet,177607
pilot_002833,data/raw/tiny-genimage/images/GLIDE/GLIDE_1000_200_01_104_glide_00061.png,1,GLIDE,3,Tiny-GenImage,train,GLIDE_1000_200_01_104_glide_00061.png,data/train-00001-of-00014.parquet,94611
pilot_002834,data/raw/tiny-genimage/images/Real/n01883070_289.JPEG,0,Real,0,Tiny-GenImage,train,n01883070_289.JPEG,data/train-00001-of-00014.parquet,191237
pilot_002835,data/raw/tiny-genimage/images/Midjourney/17_midjourney_106.png,1,Midjourney,4,Tiny-GenImage,train,17_midjourney_106.png,data/train-00001-of-00014.parquet,1199645
pilot_002836,data/raw/tiny-genimage/images/Real/n01847000_9159.JPEG,0,Real,0,Tiny-GenImage,train,n01847000_9159.JPEG,data/train-00001-of-00014.parquet,64685
pilot_002837,data/raw/tiny-genimage/images/SD15/095_sdv5_00077.png,1,SD15,6,Tiny-GenImage,train,095_sdv5_00077.png,data/train-00001-of-00014.parquet,366000
pilot_002838,data/raw/tiny-genimage/images/Real/n01807496_7063.JPEG,0,Real,0,Tiny-GenImage,train,n01807496_7063.JPEG,data/train-00001-of-00014.parquet,228600
pilot_002839,data/raw/tiny-genimage/images/VQDM/VQDM_1000_200_01_115_vqdm_00137.png,1,VQDM,7,Tiny-GenImage,train,VQDM_1000_200_01_115_vqdm_00137.png,data/train-00001-of-00014.parquet,128648
pilot_002840,data/raw/tiny-genimage/images/Real/n01860187_1418.JPEG,0,Real,0,Tiny-GenImage,train,n01860187_1418.JPEG,data/train-00001-of-00014.parquet,126558
pilot_002841,data/raw/tiny-genimage/images/Wukong/187_wukong_image30.png,1,Wukong,8,Tiny-GenImage,train,187_wukong_image30.png,data/train-00001-of-00014.parquet,437358
pilot_002842,data/raw/tiny-genimage/images/Real/n01855032_2788.JPEG,0,Real,0,Tiny-GenImage,train,n01855032_2788.JPEG,data/train-00001-of-00014.parquet,46962
pilot_002843,data/raw/tiny-genimage/images/ADM/191_adm_173.PNG,1,ADM,1,Tiny-GenImage,train,191_adm_173.PNG,data/train-00001-of-00014.parquet,137843
pilot_002844,data/raw/tiny-genimage/images/Real/n01843065_3466.JPEG,0,Real,0,Tiny-GenImage,train,n01843065_3466.JPEG,data/train-00001-of-00014.parquet,70271
pilot_002845,data/raw/tiny-genimage/images/BigGAN/109_biggan_00078.png,1,BigGAN,2,Tiny-GenImage,train,109_biggan_00078.png,data/train-00001-of-00014.parquet,32692
pilot_002846,data/raw/tiny-genimage/images/Real/n01917289_3965.JPEG,0,Real,0,Tiny-GenImage,train,n01917289_3965.JPEG,data/train-00001-of-00014.parquet,265150
pilot_002847,data/raw/tiny-genimage/images/GLIDE/GLIDE_1000_200_01_104_glide_00109.png,1,GLIDE,3,Tiny-GenImage,train,GLIDE_1000_200_01_104_glide_00109.png,data/train-00001-of-00014.parquet,96133
pilot_002848,data/raw/tiny-genimage/images/Real/n01883070_8147.JPEG,0,Real,0,Tiny-GenImage,train,n01883070_8147.JPEG,data/train-00001-of-00014.parquet,104218
pilot_002849,data/raw/tiny-genimage/images/Midjourney/17_midjourney_122.png,1,Midjourney,4,Tiny-GenImage,train,17_midjourney_122.png,data/train-00001-of-00014.parquet,1514048
pilot_002850,data/raw/tiny-genimage/images/Real/n01855672_10187.JPEG,0,Real,0,Tiny-GenImage,train,n01855672_10187.JPEG,data/train-00001-of-00014.parquet,182534
pilot_002851,data/raw/tiny-genimage/images/SD15/095_sdv5_00105.png,1,SD15,6,Tiny-GenImage,train,095_sdv5_00105.png,data/train-00001-of-00014.parquet,309015
pilot_002852,data/raw/tiny-genimage/images/Real/n01817953_10225.JPEG,0,Real,0,Tiny-GenImage,train,n01817953_10225.JPEG,data/train-00001-of-00014.parquet,179518
pilot_002853,data/raw/tiny-genimage/images/VQDM/VQDM_1000_200_01_115_vqdm_00187.png,1,VQDM,7,Tiny-GenImage,train,VQDM_1000_200_01_115_vqdm_00187.png,data/train-00001-of-00014.parquet,136196
pilot_002854,data/raw/tiny-genimage/images/Real/n01860187_17592.JPEG,0,Real,0,Tiny-GenImage,train,n01860187_17592.JPEG,data/train-00001-of-00014.parquet,141165
pilot_002855,data/raw/tiny-genimage/images/Wukong/187_wukong_image67.png,1,Wukong,8,Tiny-GenImage,train,187_wukong_image67.png,data/train-00001-of-00014.parquet,431702
pilot_002856,data/raw/tiny-genimage/images/Real/n01855032_2879.JPEG,0,Real,0,Tiny-GenImage,train,n01855032_2879.JPEG,data/train-00001-of-00014.parquet,95699
pilot_002857,data/raw/tiny-genimage/images/ADM/193_adm_135.PNG,1,ADM,1,Tiny-GenImage,train,193_adm_135.PNG,data/train-00001-of-00014.parquet,138916
pilot_002858,data/raw/tiny-genimage/images/Real/n01843383_2184.JPEG,0,Real,0,Tiny-GenImage,train,n01843383_2184.JPEG,data/train-00001-of-00014.parquet,137361
pilot_002859,data/raw/tiny-genimage/images/BigGAN/109_biggan_00095.png,1,BigGAN,2,Tiny-GenImage,train,109_biggan_00095.png,data/train-00001-of-00014.parquet,38658
pilot_002860,data/raw/tiny-genimage/images/Real/n01924916_8038.JPEG,0,Real,0,Tiny-GenImage,train,n01924916_8038.JPEG,data/train-00001-of-00014.parquet,199642
pilot_002861,data/raw/tiny-genimage/images/GLIDE/GLIDE_1000_200_01_104_glide_00129.png,1,GLIDE,3,Tiny-GenImage,train,GLIDE_1000_200_01_104_glide_00129.png,data/train-00001-of-00014.parquet,97152
pilot_002862,data/raw/tiny-genimage/images/Real/n01914609_13372.JPEG,0,Real,0,Tiny-GenImage,train,n01914609_13372.JPEG,data/train-00001-of-00014.parquet,220802
pilot_002863,data/raw/tiny-genimage/images/Midjourney/180_midjourney_128.png,1,Midjourney,4,Tiny-GenImage,train,180_midjourney_128.png,data/train-00001-of-00014.parquet,1301583
pilot_002864,data/raw/tiny-genimage/images/Real/n01855672_10643.JPEG,0,Real,0,Tiny-GenImage,train,n01855672_10643.JPEG,data/train-00001-of-00014.parquet,159904
pilot_002865,data/raw/tiny-genimage/images/SD15/096_sdv5_00066.png,1,SD15,6,Tiny-GenImage,train,096_sdv5_00066.png,data/train-00001-of-00014.parquet,343979
pilot_002866,data/raw/tiny-genimage/images/Real/n01817953_6931.JPEG,0,Real,0,Tiny-GenImage,train,n01817953_6931.JPEG,data/train-00001-of-00014.parquet,93482
pilot_002867,data/raw/tiny-genimage/images/VQDM/VQDM_1000_200_01_116_vqdm_00093.png,1,VQDM,7,Tiny-GenImage,train,VQDM_1000_200_01_116_vqdm_00093.png,data/train-00001-of-00014.parquet,158729
pilot_002868,data/raw/tiny-genimage/images/Real/n01860187_751.JPEG,0,Real,0,Tiny-GenImage,train,n01860187_751.JPEG,data/train-00001-of-00014.parquet,104480
pilot_002869,data/raw/tiny-genimage/images/Wukong/188_wukong_image121.png,1,Wukong,8,Tiny-GenImage,train,188_wukong_image121.png,data/train-00001-of-00014.parquet,434770
pilot_002870,data/raw/tiny-genimage/images/Real/n01855672_1962.JPEG,0,Real,0,Tiny-GenImage,train,n01855672_1962.JPEG,data/train-00001-of-00014.parquet,205353
pilot_002871,data/raw/tiny-genimage/images/ADM/193_adm_138.PNG,1,ADM,1,Tiny-GenImage,train,193_adm_138.PNG,data/train-00001-of-00014.parquet,153044
pilot_002872,data/raw/tiny-genimage/images/Real/n01847000_13892.JPEG,0,Real,0,Tiny-GenImage,train,n01847000_13892.JPEG,data/train-00001-of-00014.parquet,109052
pilot_002873,data/raw/tiny-genimage/images/BigGAN/109_biggan_00166.png,1,BigGAN,2,Tiny-GenImage,train,109_biggan_00166.png,data/train-00001-of-00014.parquet,40879
pilot_002874,data/raw/tiny-genimage/images/Real/n01924916_9326.JPEG,0,Real,0,Tiny-GenImage,train,n01924916_9326.JPEG,data/train-00001-of-00014.parquet,113282
pilot_002875,data/raw/tiny-genimage/images/GLIDE/GLIDE_1000_200_01_105_glide_00030.png,1,GLIDE,3,Tiny-GenImage,train,GLIDE_1000_200_01_105_glide_00030.png,data/train-00001-of-00014.parquet,100721
pilot_002876,data/raw/tiny-genimage/images/Real/n01914609_5133.JPEG,0,Real,0,Tiny-GenImage,train,n01914609_5133.JPEG,data/train-00001-of-00014.parquet,128153
pilot_002877,data/raw/tiny-genimage/images/Midjourney/180_midjourney_45.png,1,Midjourney,4,Tiny-GenImage,train,180_midjourney_45.png,data/train-00001-of-00014.parquet,942491
pilot_002878,data/raw/tiny-genimage/images/Real/n01855672_2941.JPEG,0,Real,0,Tiny-GenImage,train,n01855672_2941.JPEG,data/train-00001-of-00014.parquet,161747
pilot_002879,data/raw/tiny-genimage/images/SD15/096_sdv5_00085.png,1,SD15,6,Tiny-GenImage,train,096_sdv5_00085.png,data/train-00001-of-00014.parquet,380816
pilot_002880,data/raw/tiny-genimage/images/Real/n01817953_7772.JPEG,0,Real,0,Tiny-GenImage,train,n01817953_7772.JPEG,data/train-00001-of-00014.parquet,110419
pilot_002881,data/raw/tiny-genimage/images/VQDM/VQDM_1000_200_01_116_vqdm_00139.png,1,VQDM,7,Tiny-GenImage,train,VQDM_1000_200_01_116_vqdm_00139.png,data/train-00001-of-00014.parquet,136943
pilot_002882,data/raw/tiny-genimage/images/Real/n01860187_8872.JPEG,0,Real,0,Tiny-GenImage,train,n01860187_8872.JPEG,data/train-00001-of-00014.parquet,109177
pilot_002883,data/raw/tiny-genimage/images/Wukong/188_wukong_image122.png,1,Wukong,8,Tiny-GenImage,train,188_wukong_image122.png,data/train-00001-of-00014.parquet,432918
pilot_002884,data/raw/tiny-genimage/images/Real/n01855672_2329.JPEG,0,Real,0,Tiny-GenImage,train,n01855672_2329.JPEG,data/train-00001-of-00014.parquet,46621
pilot_002885,data/raw/tiny-genimage/images/ADM/193_adm_146.PNG,1,ADM,1,Tiny-GenImage,train,193_adm_146.PNG,data/train-00001-of-00014.parquet,100573
pilot_002886,data/raw/tiny-genimage/images/Real/n01847000_4320.JPEG,0,Real,0,Tiny-GenImage,train,n01847000_4320.JPEG,data/train-00001-of-00014.parquet,206725
pilot_002887,data/raw/tiny-genimage/images/BigGAN/109_biggan_00177.png,1,BigGAN,2,Tiny-GenImage,train,109_biggan_00177.png,data/train-00001-of-00014.parquet,34522
pilot_002888,data/raw/tiny-genimage/images/Real/n01943899_1032.JPEG,0,Real,0,Tiny-GenImage,train,n01943899_1032.JPEG,data/train-00001-of-00014.parquet,91605
pilot_002889,data/raw/tiny-genimage/images/GLIDE/GLIDE_1000_200_01_105_glide_00178.png,1,GLIDE,3,Tiny-GenImage,train,GLIDE_1000_200_01_105_glide_00178.png,data/train-00001-of-00014.parquet,94152
pilot_002890,data/raw/tiny-genimage/images/Real/n01917289_176.JPEG,0,Real,0,Tiny-GenImage,train,n01917289_176.JPEG,data/train-00001-of-00014.parquet,144228
pilot_002891,data/raw/tiny-genimage/images/Midjourney/182_midjourney_142.png,1,Midjourney,4,Tiny-GenImage,train,182_midjourney_142.png,data/train-00001-of-00014.parquet,1578683
pilot_002892,data/raw/tiny-genimage/images/Real/n01871265_292.JPEG,0,Real,0,Tiny-GenImage,train,n01871265_292.JPEG,data/train-00001-of-00014.parquet,187538
pilot_002893,data/raw/tiny-genimage/images/SD15/096_sdv5_00159.png,1,SD15,6,Tiny-GenImage,train,096_sdv5_00159.png,data/train-00001-of-00014.parquet,356986
pilot_002894,data/raw/tiny-genimage/images/Real/n01817953_909.JPEG,0,Real,0,Tiny-GenImage,train,n01817953_909.JPEG,data/train-00001-of-00014.parquet,123738
pilot_002895,data/raw/tiny-genimage/images/VQDM/VQDM_1000_200_01_117_vqdm_00043.png,1,VQDM,7,Tiny-GenImage,train,VQDM_1000_200_01_117_vqdm_00043.png,data/train-00001-of-00014.parquet,86600
pilot_002896,data/raw/tiny-genimage/images/Real/n01860187_953.JPEG,0,Real,0,Tiny-GenImage,train,n01860187_953.JPEG,data/train-00001-of-00014.parquet,114796
pilot_002897,data/raw/tiny-genimage/images/Wukong/189_wukong_image18.png,1,Wukong,8,Tiny-GenImage,train,189_wukong_image18.png,data/train-00001-of-00014.parquet,458043
pilot_002898,data/raw/tiny-genimage/images/Real/n01855672_49954.JPEG,0,Real,0,Tiny-GenImage,train,n01855672_49954.JPEG,data/train-00001-of-00014.parquet,187746
pilot_002899,data/raw/tiny-genimage/images/ADM/193_adm_17.PNG,1,ADM,1,Tiny-GenImage,train,193_adm_17.PNG,data/train-00001-of-00014.parquet,155863
pilot_002900,data/raw/tiny-genimage/images/Real/n01847000_4868.JPEG,0,Real,0,Tiny-GenImage,train,n01847000_4868.JPEG,data/train-00001-of-00014.parquet,98998
pilot_002901,data/raw/tiny-genimage/images/BigGAN/110_biggan_00078.png,1,BigGAN,2,Tiny-GenImage,train,110_biggan_00078.png,data/train-00001-of-00014.parquet,38604
pilot_002902,data/raw/tiny-genimage/images/Real/n01943899_12708.JPEG,0,Real,0,Tiny-GenImage,train,n01943899_12708.JPEG,data/train-00001-of-00014.parquet,199830
pilot_002903,data/raw/tiny-genimage/images/GLIDE/GLIDE_1000_200_01_106_glide_00193.png,1,GLIDE,3,Tiny-GenImage,train,GLIDE_1000_200_01_106_glide_00193.png,data/train-00001-of-00014.parquet,124272
pilot_002904,data/raw/tiny-genimage/images/Real/n01917289_2424.JPEG,0,Real,0,Tiny-GenImage,train,n01917289_2424.JPEG,data/train-00001-of-00014.parquet,218505
pilot_002905,data/raw/tiny-genimage/images/Midjourney/182_midjourney_153.png,1,Midjourney,4,Tiny-GenImage,train,182_midjourney_153.png,data/train-00001-of-00014.parquet,843567
pilot_002906,data/raw/tiny-genimage/images/Real/n01871265_5121.JPEG,0,Real,0,Tiny-GenImage,train,n01871265_5121.JPEG,data/train-00001-of-00014.parquet,163473
pilot_002907,data/raw/tiny-genimage/images/SD15/097_sdv5_00117.png,1,SD15,6,Tiny-GenImage,train,097_sdv5_00117.png,data/train-00001-of-00014.parquet,359379
pilot_002908,data/raw/tiny-genimage/images/Real/n01818515_20936.JPEG,0,Real,0,Tiny-GenImage,train,n01818515_20936.JPEG,data/train-00001-of-00014.parquet,123067
pilot_002909,data/raw/tiny-genimage/images/VQDM/VQDM_1000_200_01_117_vqdm_00057.png,1,VQDM,7,Tiny-GenImage,train,VQDM_1000_200_01_117_vqdm_00057.png,data/train-00001-of-00014.parquet,81878
pilot_002910,data/raw/tiny-genimage/images/Real/n01871265_10016.JPEG,0,Real,0,Tiny-GenImage,train,n01871265_10016.JPEG,data/train-00001-of-00014.parquet,129409
pilot_002911,data/raw/tiny-genimage/images/Wukong/18_wukong_image17.png,1,Wukong,8,Tiny-GenImage,train,18_wukong_image17.png,data/train-00001-of-00014.parquet,348591
pilot_002912,data/raw/tiny-genimage/images/Real/n01855672_6459.JPEG,0,Real,0,Tiny-GenImage,train,n01855672_6459.JPEG,data/train-00001-of-00014.parquet,89232
pilot_002913,data/raw/tiny-genimage/images/ADM/194_adm_162.PNG,1,ADM,1,Tiny-GenImage,train,194_adm_162.PNG,data/train-00001-of-00014.parquet,79194
pilot_002914,data/raw/tiny-genimage/images/Real/n01847000_5441.JPEG,0,Real,0,Tiny-GenImage,train,n01847000_5441.JPEG,data/train-00001-of-00014.parquet,73403
pilot_002915,data/raw/tiny-genimage/images/BigGAN/112_biggan_00032.png,1,BigGAN,2,Tiny-GenImage,train,112_biggan_00032.png,data/train-00001-of-00014.parquet,28088
pilot_002916,data/raw/tiny-genimage/images/Real/n01944390_12458.JPEG,0,Real,0,Tiny-GenImage,train,n01944390_12458.JPEG,data/train-00001-of-00014.parquet,134274
pilot_002917,data/raw/tiny-genimage/images/GLIDE/GLIDE_1000_200_01_107_glide_00012.png,1,GLIDE,3,Tiny-GenImage,train,GLIDE_1000_200_01_107_glide_00012.png,data/train-00001-of-00014.parquet,70538
pilot_002918,data/raw/tiny-genimage/images/Real/n01917289_568.JPEG,0,Real,0,Tiny-GenImage,train,n01917289_568.JPEG,data/train-00001-of-00014.parquet,78146
pilot_002919,data/raw/tiny-genimage/images/Midjourney/183_midjourney_14.png,1,Midjourney,4,Tiny-GenImage,train,183_midjourney_14.png,data/train-00001-of-00014.parquet,712957
pilot_002920,data/raw/tiny-genimage/images/Real/n01871265_6136.JPEG,0,Real,0,Tiny-GenImage,train,n01871265_6136.JPEG,data/train-00001-of-00014.parquet,201793
pilot_002921,data/raw/tiny-genimage/images/SD15/098_sdv5_00057.png,1,SD15,6,Tiny-GenImage,train,098_sdv5_00057.png,data/train-00001-of-00014.parquet,304425
pilot_002922,data/raw/tiny-genimage/images/Real/n01818515_8204.JPEG,0,Real,0,Tiny-GenImage,train,n01818515_8204.JPEG,data/train-00001-of-00014.parquet,62439
pilot_002923,data/raw/tiny-genimage/images/VQDM/VQDM_1000_200_01_117_vqdm_00155.png,1,VQDM,7,Tiny-GenImage,train,VQDM_1000_200_01_117_vqdm_00155.png,data/train-00001-of-00014.parquet,72364
pilot_002924,data/raw/tiny-genimage/images/Real/n01871265_1286.JPEG,0,Real,0,Tiny-GenImage,train,n01871265_1286.JPEG,data/train-00001-of-00014.parquet,186188
pilot_002925,data/raw/tiny-genimage/images/Wukong/191_wukong_image134.png,1,Wukong,8,Tiny-GenImage,train,191_wukong_image134.png,data/train-00001-of-00014.parquet,495664
pilot_002926,data/raw/tiny-genimage/images/Real/n01860187_1406.JPEG,0,Real,0,Tiny-GenImage,train,n01860187_1406.JPEG,data/train-00001-of-00014.parquet,126909
pilot_002927,data/raw/tiny-genimage/images/ADM/194_adm_176.PNG,1,ADM,1,Tiny-GenImage,train,194_adm_176.PNG,data/train-00001-of-00014.parquet,82434
pilot_002928,data/raw/tiny-genimage/images/Real/n01847000_9535.JPEG,0,Real,0,Tiny-GenImage,train,n01847000_9535.JPEG,data/train-00001-of-00014.parquet,83934
pilot_002929,data/raw/tiny-genimage/images/BigGAN/112_biggan_00178.png,1,BigGAN,2,Tiny-GenImage,train,112_biggan_00178.png,data/train-00001-of-00014.parquet,35422
pilot_002930,data/raw/tiny-genimage/images/Real/n01944390_1786.JPEG,0,Real,0,Tiny-GenImage,train,n01944390_1786.JPEG,data/train-00001-of-00014.parquet,72747
pilot_002931,data/raw/tiny-genimage/images/GLIDE/GLIDE_1000_200_01_107_glide_00058.png,1,GLIDE,3,Tiny-GenImage,train,GLIDE_1000_200_01_107_glide_00058.png,data/train-00001-of-00014.parquet,59562
pilot_002932,data/raw/tiny-genimage/images/Real/n01924916_13580.JPEG,0,Real,0,Tiny-GenImage,train,n01924916_13580.JPEG,data/train-00001-of-00014.parquet,42490
pilot_002933,data/raw/tiny-genimage/images/Midjourney/183_midjourney_45.png,1,Midjourney,4,Tiny-GenImage,train,183_midjourney_45.png,data/train-00001-of-00014.parquet,529324
pilot_002934,data/raw/tiny-genimage/images/Real/n01871265_9908.JPEG,0,Real,0,Tiny-GenImage,train,n01871265_9908.JPEG,data/train-00001-of-00014.parquet,83433
pilot_002935,data/raw/tiny-genimage/images/SD15/098_sdv5_00150.png,1,SD15,6,Tiny-GenImage,train,098_sdv5_00150.png,data/train-00001-of-00014.parquet,411076
pilot_002936,data/raw/tiny-genimage/images/Real/n01819313_106.JPEG,0,Real,0,Tiny-GenImage,train,n01819313_106.JPEG,data/train-00001-of-00014.parquet,143437
pilot_002937,data/raw/tiny-genimage/images/VQDM/VQDM_1000_200_01_118_vqdm_00070.png,1,VQDM,7,Tiny-GenImage,train,VQDM_1000_200_01_118_vqdm_00070.png,data/train-00001-of-00014.parquet,87372
pilot_002938,data/raw/tiny-genimage/images/Real/n01871265_1416.JPEG,0,Real,0,Tiny-GenImage,train,n01871265_1416.JPEG,data/train-00001-of-00014.parquet,173324
pilot_002939,data/raw/tiny-genimage/images/Wukong/191_wukong_image74.png,1,Wukong,8,Tiny-GenImage,train,191_wukong_image74.png,data/train-00001-of-00014.parquet,500124
pilot_002940,data/raw/tiny-genimage/images/Real/n01860187_14741.JPEG,0,Real,0,Tiny-GenImage,train,n01860187_14741.JPEG,data/train-00001-of-00014.parquet,195012
pilot_002941,data/raw/tiny-genimage/images/ADM/194_adm_78.PNG,1,ADM,1,Tiny-GenImage,train,194_adm_78.PNG,data/train-00001-of-00014.parquet,97453
pilot_002942,data/raw/tiny-genimage/images/Real/n01855672_1026.JPEG,0,Real,0,Tiny-GenImage,train,n01855672_1026.JPEG,data/train-00001-of-00014.parquet,149234
pilot_002943,data/raw/tiny-genimage/images/BigGAN/113_biggan_00002.png,1,BigGAN,2,Tiny-GenImage,train,113_biggan_00002.png,data/train-00001-of-00014.parquet,37350
pilot_002944,data/raw/tiny-genimage/images/Real/n01944390_18213.JPEG,0,Real,0,Tiny-GenImage,train,n01944390_18213.JPEG,data/train-00001-of-00014.parquet,179059
pilot_002945,data/raw/tiny-genimage/images/GLIDE/GLIDE_1000_200_01_108_glide_00081.png,1,GLIDE,3,Tiny-GenImage,train,GLIDE_1000_200_01_108_glide_00081.png,data/train-00001-of-00014.parquet,101370
pilot_002946,data/raw/tiny-genimage/images/Real/n01924916_7260.JPEG,0,Real,0,Tiny-GenImage,train,n01924916_7260.JPEG,data/train-00001-of-00014.parquet,142701
pilot_002947,data/raw/tiny-genimage/images/Midjourney/183_midjourney_90.png,1,Midjourney,4,Tiny-GenImage,train,183_midjourney_90.png,data/train-00001-of-00014.parquet,640107
pilot_002948,data/raw/tiny-genimage/images/Real/n01872401_10080.JPEG,0,Real,0,Tiny-GenImage,train,n01872401_10080.JPEG,data/train-00001-of-00014.parquet,146326
pilot_002949,data/raw/tiny-genimage/images/SD15/099_sdv5_00023.png,1,SD15,6,Tiny-GenImage,train,099_sdv5_00023.png,data/train-00001-of-00014.parquet,435030
pilot_002950,data/raw/tiny-genimage/images/Real/n01820546_1049.JPEG,0,Real,0,Tiny-GenImage,train,n01820546_1049.JPEG,data/train-00001-of-00014.parquet,226804
pilot_002951,data/raw/tiny-genimage/images/VQDM/VQDM_1000_200_01_118_vqdm_00076.png,1,VQDM,7,Tiny-GenImage,train,VQDM_1000_200_01_118_vqdm_00076.png,data/train-00001-of-00014.parquet,150585
pilot_002952,data/raw/tiny-genimage/images/Real/n01871265_3199.JPEG,0,Real,0,Tiny-GenImage,train,n01871265_3199.JPEG,data/train-00001-of-00014.parquet,2265
pilot_002953,data/raw/tiny-genimage/images/Wukong/192_wukong_image130.png,1,Wukong,8,Tiny-GenImage,train,192_wukong_image130.png,data/train-00001-of-00014.parquet,429285
pilot_002954,data/raw/tiny-genimage/images/Real/n01860187_9272.JPEG,0,Real,0,Tiny-GenImage,train,n01860187_9272.JPEG,data/train-00001-of-00014.parquet,107092
pilot_002955,data/raw/tiny-genimage/images/ADM/195_adm_11.PNG,1,ADM,1,Tiny-GenImage,train,195_adm_11.PNG,data/train-00001-of-00014.parquet,108771
pilot_002956,data/raw/tiny-genimage/images/Real/n01855672_1728.JPEG,0,Real,0,Tiny-GenImage,train,n01855672_1728.JPEG,data/train-00001-of-00014.parquet,207855
pilot_002957,data/raw/tiny-genimage/images/BigGAN/113_biggan_00059.png,1,BigGAN,2,Tiny-GenImage,train,113_biggan_00059.png,data/train-00001-of-00014.parquet,34897
pilot_002958,data/raw/tiny-genimage/images/Real/n01944390_247.JPEG,0,Real,0,Tiny-GenImage,train,n01944390_247.JPEG,data/train-00001-of-00014.parquet,138440
pilot_002959,data/raw/tiny-genimage/images/GLIDE/GLIDE_1000_200_01_108_glide_00105.png,1,GLIDE,3,Tiny-GenImage,train,GLIDE_1000_200_01_108_glide_00105.png,data/train-00001-of-00014.parquet,89989
pilot_002960,data/raw/tiny-genimage/images/Real/n01924916_9159.JPEG,0,Real,0,Tiny-GenImage,train,n01924916_9159.JPEG,data/train-00001-of-00014.parquet,114390
pilot_002961,data/raw/tiny-genimage/images/Midjourney/183_midjourney_92.png,1,Midjourney,4,Tiny-GenImage,train,183_midjourney_92.png,data/train-00001-of-00014.parquet,903751
pilot_002962,data/raw/tiny-genimage/images/Real/n01872401_6929.JPEG,0,Real,0,Tiny-GenImage,train,n01872401_6929.JPEG,data/train-00001-of-00014.parquet,150691
pilot_002963,data/raw/tiny-genimage/images/SD15/099_sdv5_00044.png,1,SD15,6,Tiny-GenImage,train,099_sdv5_00044.png,data/train-00001-of-00014.parquet,473654
pilot_002964,data/raw/tiny-genimage/images/Real/n01820546_3876.JPEG,0,Real,0,Tiny-GenImage,train,n01820546_3876.JPEG,data/train-00001-of-00014.parquet,148582
pilot_002965,data/raw/tiny-genimage/images/VQDM/VQDM_1000_200_01_118_vqdm_00078.png,1,VQDM,7,Tiny-GenImage,train,VQDM_1000_200_01_118_vqdm_00078.png,data/train-00001-of-00014.parquet,123468
pilot_002966,data/raw/tiny-genimage/images/Real/n01871265_6555.JPEG,0,Real,0,Tiny-GenImage,train,n01871265_6555.JPEG,data/train-00001-of-00014.parquet,126743
pilot_002967,data/raw/tiny-genimage/images/Wukong/192_wukong_image93.png,1,Wukong,8,Tiny-GenImage,train,192_wukong_image93.png,data/train-00001-of-00014.parquet,384157
pilot_002968,data/raw/tiny-genimage/images/Real/n01871265_1663.JPEG,0,Real,0,Tiny-GenImage,train,n01871265_1663.JPEG,data/train-00001-of-00014.parquet,109355
pilot_002969,data/raw/tiny-genimage/images/ADM/195_adm_127.PNG,1,ADM,1,Tiny-GenImage,train,195_adm_127.PNG,data/train-00001-of-00014.parquet,97224
pilot_002970,data/raw/tiny-genimage/images/Real/n01855672_3751.JPEG,0,Real,0,Tiny-GenImage,train,n01855672_3751.JPEG,data/train-00001-of-00014.parquet,92267
pilot_002971,data/raw/tiny-genimage/images/BigGAN/113_biggan_00063.png,1,BigGAN,2,Tiny-GenImage,train,113_biggan_00063.png,data/train-00001-of-00014.parquet,34944
pilot_002972,data/raw/tiny-genimage/images/Real/n01944390_862.JPEG,0,Real,0,Tiny-GenImage,train,n01944390_862.JPEG,data/train-00001-of-00014.parquet,192845
pilot_002973,data/raw/tiny-genimage/images/GLIDE/GLIDE_1000_200_01_108_glide_00172.png,1,GLIDE,3,Tiny-GenImage,train,GLIDE_1000_200_01_108_glide_00172.png,data/train-00001-of-00014.parquet,101652
pilot_002974,data/raw/tiny-genimage/images/Real/n01943899_24703.JPEG,0,Real,0,Tiny-GenImage,train,n01943899_24703.JPEG,data/train-00001-of-00014.parquet,134665
pilot_002975,data/raw/tiny-genimage/images/Midjourney/184_midjourney_177.png,1,Midjourney,4,Tiny-GenImage,train,184_midjourney_177.png,data/train-00001-of-00014.parquet,1057587
pilot_002976,data/raw/tiny-genimage/images/Real/n01873310_4894.JPEG,0,Real,0,Tiny-GenImage,train,n01873310_4894.JPEG,data/train-00001-of-00014.parquet,2138
pilot_002977,data/raw/tiny-genimage/images/SD15/099_sdv5_00093.png,1,SD15,6,Tiny-GenImage,train,099_sdv5_00093.png,data/train-00001-of-00014.parquet,399811
pilot_002978,data/raw/tiny-genimage/images/Real/n01824575_3148.JPEG,0,Real,0,Tiny-GenImage,train,n01824575_3148.JPEG,data/train-00001-of-00014.parquet,143588
pilot_002979,data/raw/tiny-genimage/images/VQDM/VQDM_1000_200_01_118_vqdm_00096.png,1,VQDM,7,Tiny-GenImage,train,VQDM_1000_200_01_118_vqdm_00096.png,data/train-00001-of-00014.parquet,185803
pilot_002980,data/raw/tiny-genimage/images/Real/n01872401_3135.JPEG,0,Real,0,Tiny-GenImage,train,n01872401_3135.JPEG,data/train-00001-of-00014.parquet,186726
pilot_002981,data/raw/tiny-genimage/images/Wukong/193_wukong_image135.png,1,Wukong,8,Tiny-GenImage,train,193_wukong_image135.png,data/train-00001-of-00014.parquet,498875
pilot_002982,data/raw/tiny-genimage/images/Real/n01871265_2813.JPEG,0,Real,0,Tiny-GenImage,train,n01871265_2813.JPEG,data/train-00001-of-00014.parquet,14162
pilot_002983,data/raw/tiny-genimage/images/ADM/195_adm_25.PNG,1,ADM,1,Tiny-GenImage,train,195_adm_25.PNG,data/train-00001-of-00014.parquet,127767
pilot_002984,data/raw/tiny-genimage/images/Real/n01855672_4642.JPEG,0,Real,0,Tiny-GenImage,train,n01855672_4642.JPEG,data/train-00001-of-00014.parquet,132728
pilot_002985,data/raw/tiny-genimage/images/BigGAN/113_biggan_00097.png,1,BigGAN,2,Tiny-GenImage,train,113_biggan_00097.png,data/train-00001-of-00014.parquet,28298
pilot_002986,data/raw/tiny-genimage/images/Real/n01945685_16191.JPEG,0,Real,0,Tiny-GenImage,train,n01945685_16191.JPEG,data/train-00001-of-00014.parquet,144405
pilot_002987,data/raw/tiny-genimage/images/GLIDE/GLIDE_1000_200_01_109_glide_00042.png,1,GLIDE,3,Tiny-GenImage,train,GLIDE_1000_200_01_109_glide_00042.png,data/train-00001-of-00014.parquet,121407
pilot_002988,data/raw/tiny-genimage/images/Real/n01944390_11561.JPEG,0,Real,0,Tiny-GenImage,train,n01944390_11561.JPEG,data/train-00001-of-00014.parquet,78478
pilot_002989,data/raw/tiny-genimage/images/Midjourney/185_midjourney_18.png,1,Midjourney,4,Tiny-GenImage,train,185_midjourney_18.png,data/train-00001-of-00014.parquet,951991
pilot_002990,data/raw/tiny-genimage/images/Real/n01877812_10373.JPEG,0,Real,0,Tiny-GenImage,train,n01877812_10373.JPEG,data/train-00001-of-00014.parquet,148783
pilot_002991,data/raw/tiny-genimage/images/SD15/100_sdv5_00178.png,1,SD15,6,Tiny-GenImage,train,100_sdv5_00178.png,data/train-00001-of-00014.parquet,365509
pilot_002992,data/raw/tiny-genimage/images/Real/n01824575_4276.JPEG,0,Real,0,Tiny-GenImage,train,n01824575_4276.JPEG,data/train-00001-of-00014.parquet,106983
pilot_002993,data/raw/tiny-genimage/images/VQDM/VQDM_1000_200_01_118_vqdm_00102.png,1,VQDM,7,Tiny-GenImage,train,VQDM_1000_200_01_118_vqdm_00102.png,data/train-00001-of-00014.parquet,133013
pilot_002994,data/raw/tiny-genimage/images/Real/n01872401_6499.JPEG,0,Real,0,Tiny-GenImage,train,n01872401_6499.JPEG,data/train-00001-of-00014.parquet,175244
pilot_002995,data/raw/tiny-genimage/images/Wukong/193_wukong_image29.png,1,Wukong,8,Tiny-GenImage,train,193_wukong_image29.png,data/train-00001-of-00014.parquet,618994
pilot_002996,data/raw/tiny-genimage/images/Real/n01872401_12826.JPEG,0,Real,0,Tiny-GenImage,train,n01872401_12826.JPEG,data/train-00001-of-00014.parquet,188854
pilot_002997,data/raw/tiny-genimage/images/ADM/195_adm_28.PNG,1,ADM,1,Tiny-GenImage,train,195_adm_28.PNG,data/train-00001-of-00014.parquet,154921
pilot_002998,data/raw/tiny-genimage/images/Real/n01860187_12257.JPEG,0,Real,0,Tiny-GenImage,train,n01860187_12257.JPEG,data/train-00001-of-00014.parquet,146159
pilot_002999,data/raw/tiny-genimage/images/BigGAN/113_biggan_00185.png,1,BigGAN,2,Tiny-GenImage,train,113_biggan_00185.png,data/train-00001-of-00014.parquet,35042
pilot_003000,data/raw/tiny-genimage/images/Real/n01950731_13510.JPEG,0,Real,0,Tiny-GenImage,train,n01950731_13510.JPEG,data/train-00001-of-00014.parquet,231151
pilot_003001,data/raw/tiny-genimage/images/GLIDE/GLIDE_1000_200_01_109_glide_00095.png,1,GLIDE,3,Tiny-GenImage,train,GLIDE_1000_200_01_109_glide_00095.png,data/train-00001-of-00014.parquet,120763
pilot_003002,data/raw/tiny-genimage/images/Real/n01944390_31764.JPEG,0,Real,0,Tiny-GenImage,train,n01944390_31764.JPEG,data/train-00001-of-00014.parquet,69640
pilot_003003,data/raw/tiny-genimage/images/Midjourney/185_midjourney_190.png,1,Midjourney,4,Tiny-GenImage,train,185_midjourney_190.png,data/train-00001-of-00014.parquet,929943
pilot_003004,data/raw/tiny-genimage/images/Real/n01877812_2369.JPEG,0,Real,0,Tiny-GenImage,train,n01877812_2369.JPEG,data/train-00001-of-00014.parquet,278091
pilot_003005,data/raw/tiny-genimage/images/SD15/101_sdv5_00048.png,1,SD15,6,Tiny-GenImage,train,101_sdv5_00048.png,data/train-00001-of-00014.parquet,504920
pilot_003006,data/raw/tiny-genimage/images/Real/n01828970_6936.JPEG,0,Real,0,Tiny-GenImage,train,n01828970_6936.JPEG,data/train-00001-of-00014.parquet,26645
pilot_003007,data/raw/tiny-genimage/images/VQDM/VQDM_1000_200_01_119_vqdm_00161.png,1,VQDM,7,Tiny-GenImage,train,VQDM_1000_200_01_119_vqdm_00161.png,data/train-00001-of-00014.parquet,144751
pilot_003008,data/raw/tiny-genimage/images/Real/n01873310_12093.JPEG,0,Real,0,Tiny-GenImage,train,n01873310_12093.JPEG,data/train-00001-of-00014.parquet,143670
pilot_003009,data/raw/tiny-genimage/images/Wukong/194_wukong_image109.png,1,Wukong,8,Tiny-GenImage,train,194_wukong_image109.png,data/train-00001-of-00014.parquet,433459
pilot_003010,data/raw/tiny-genimage/images/Real/n01872401_873.JPEG,0,Real,0,Tiny-GenImage,train,n01872401_873.JPEG,data/train-00001-of-00014.parquet,33332
pilot_003011,data/raw/tiny-genimage/images/ADM/195_adm_40.PNG,1,ADM,1,Tiny-GenImage,train,195_adm_40.PNG,data/train-00001-of-00014.parquet,110756
pilot_003012,data/raw/tiny-genimage/images/Real/n01860187_2127.JPEG,0,Real,0,Tiny-GenImage,train,n01860187_2127.JPEG,data/train-00001-of-00014.parquet,126020
pilot_003013,data/raw/tiny-genimage/images/BigGAN/114_biggan_00051.png,1,BigGAN,2,Tiny-GenImage,train,114_biggan_00051.png,data/train-00001-of-00014.parquet,41091
pilot_003014,data/raw/tiny-genimage/images/Real/n01955084_7869.JPEG,0,Real,0,Tiny-GenImage,train,n01955084_7869.JPEG,data/train-00001-of-00014.parquet,136434
pilot_003015,data/raw/tiny-genimage/images/GLIDE/GLIDE_1000_200_01_109_glide_00159.png,1,GLIDE,3,Tiny-GenImage,train,GLIDE_1000_200_01_109_glide_00159.png,data/train-00001-of-00014.parquet,125676
pilot_003016,data/raw/tiny-genimage/images/Real/n01944390_34456.JPEG,0,Real,0,Tiny-GenImage,train,n01944390_34456.JPEG,data/train-00001-of-00014.parquet,280902
pilot_003017,data/raw/tiny-genimage/images/Midjourney/185_midjourney_30.png,1,Midjourney,4,Tiny-GenImage,train,185_midjourney_30.png,data/train-00001-of-00014.parquet,903243
pilot_003018,data/raw/tiny-genimage/images/Real/n01882714_11600.JPEG,0,Real,0,Tiny-GenImage,train,n01882714_11600.JPEG,data/train-00001-of-00014.parquet,118454
pilot_003019,data/raw/tiny-genimage/images/SD15/101_sdv5_00068.png,1,SD15,6,Tiny-GenImage,train,101_sdv5_00068.png,data/train-00001-of-00014.parquet,552153
pilot_003020,data/raw/tiny-genimage/images/Real/n01829413_1412.JPEG,0,Real,0,Tiny-GenImage,train,n01829413_1412.JPEG,data/train-00001-of-00014.parquet,143196
pilot_003021,data/raw/tiny-genimage/images/VQDM/VQDM_1000_200_01_120_vqdm_00010.png,1,VQDM,7,Tiny-GenImage,train,VQDM_1000_200_01_120_vqdm_00010.png,data/train-00001-of-00014.parquet,157449
pilot_003022,data/raw/tiny-genimage/images/Real/n01873310_17179.JPEG,0,Real,0,Tiny-GenImage,train,n01873310_17179.JPEG,data/train-00001-of-00014.parquet,1372
pilot_003023,data/raw/tiny-genimage/images/Wukong/194_wukong_image185.png,1,Wukong,8,Tiny-GenImage,train,194_wukong_image185.png,data/train-00001-of-00014.parquet,396726
pilot_003024,data/raw/tiny-genimage/images/Real/n01873310_15673.JPEG,0,Real,0,Tiny-GenImage,train,n01873310_15673.JPEG,data/train-00001-of-00014.parquet,59193
pilot_003025,data/raw/tiny-genimage/images/ADM/197_adm_140.PNG,1,ADM,1,Tiny-GenImage,train,197_adm_140.PNG,data/train-00001-of-00014.parquet,171106
pilot_003026,data/raw/tiny-genimage/images/Real/n01860187_3215.JPEG,0,Real,0,Tiny-GenImage,train,n01860187_3215.JPEG,data/train-00001-of-00014.parquet,151189
pilot_003027,data/raw/tiny-genimage/images/BigGAN/114_biggan_00086.png,1,BigGAN,2,Tiny-GenImage,train,114_biggan_00086.png,data/train-00001-of-00014.parquet,40655
pilot_003028,data/raw/tiny-genimage/images/Real/n01978287_10109.JPEG,0,Real,0,Tiny-GenImage,train,n01978287_10109.JPEG,data/train-00001-of-00014.parquet,71004
pilot_003029,data/raw/tiny-genimage/images/GLIDE/GLIDE_1000_200_01_109_glide_00180.png,1,GLIDE,3,Tiny-GenImage,train,GLIDE_1000_200_01_109_glide_00180.png,data/train-00001-of-00014.parquet,124753
pilot_003030,data/raw/tiny-genimage/images/Real/n01944390_3582.JPEG,0,Real,0,Tiny-GenImage,train,n01944390_3582.JPEG,data/train-00001-of-00014.parquet,106471
pilot_003031,data/raw/tiny-genimage/images/Midjourney/185_midjourney_40.png,1,Midjourney,4,Tiny-GenImage,train,185_midjourney_40.png,data/train-00001-of-00014.parquet,1931033
pilot_003032,data/raw/tiny-genimage/images/Real/n01882714_4428.JPEG,0,Real,0,Tiny-GenImage,train,n01882714_4428.JPEG,data/train-00001-of-00014.parquet,146943
pilot_003033,data/raw/tiny-genimage/images/SD15/102_sdv5_00005.png,1,SD15,6,Tiny-GenImage,train,102_sdv5_00005.png,data/train-00001-of-00014.parquet,519397
pilot_003034,data/raw/tiny-genimage/images/Real/n01829413_3348.JPEG,0,Real,0,Tiny-GenImage,train,n01829413_3348.JPEG,data/train-00001-of-00014.parquet,79759
pilot_003035,data/raw/tiny-genimage/images/VQDM/VQDM_1000_200_01_120_vqdm_00079.png,1,VQDM,7,Tiny-GenImage,train,VQDM_1000_200_01_120_vqdm_00079.png,data/train-00001-of-00014.parquet,134184
pilot_003036,data/raw/tiny-genimage/images/Real/n01873310_20289.JPEG,0,Real,0,Tiny-GenImage,train,n01873310_20289.JPEG,data/train-00001-of-00014.parquet,102140
pilot_003037,data/raw/tiny-genimage/images/Wukong/195_wukong_image108.png,1,Wukong,8,Tiny-GenImage,train,195_wukong_image108.png,data/train-00001-of-00014.parquet,403531
pilot_003038,data/raw/tiny-genimage/images/Real/n01877812_2010.JPEG,0,Real,0,Tiny-GenImage,train,n01877812_2010.JPEG,data/train-00001-of-00014.parquet,202033
pilot_003039,data/raw/tiny-genimage/images/ADM/197_adm_48.PNG,1,ADM,1,Tiny-GenImage,train,197_adm_48.PNG,data/train-00001-of-00014.parquet,130046
pilot_003040,data/raw/tiny-genimage/images/Real/n01860187_8556.JPEG,0,Real,0,Tiny-GenImage,train,n01860187_8556.JPEG,data/train-00001-of-00014.parquet,92152
pilot_003041,data/raw/tiny-genimage/images/BigGAN/115_biggan_00032.png,1,BigGAN,2,Tiny-GenImage,train,115_biggan_00032.png,data/train-00001-of-00014.parquet,35848
pilot_003042,data/raw/tiny-genimage/images/Real/n01978455_782.JPEG,0,Real,0,Tiny-GenImage,train,n01978455_782.JPEG,data/train-00001-of-00014.parquet,139500
pilot_003043,data/raw/tiny-genimage/images/GLIDE/GLIDE_1000_200_01_110_glide_00062.png,1,GLIDE,3,Tiny-GenImage,train,GLIDE_1000_200_01_110_glide_00062.png,data/train-00001-of-00014.parquet,93252
pilot_003044,data/raw/tiny-genimage/images/Real/n01945685_11060.JPEG,0,Real,0,Tiny-GenImage,train,n01945685_11060.JPEG,data/train-00001-of-00014.parquet,205819
pilot_003045,data/raw/tiny-genimage/images/Midjourney/185_midjourney_46.png,1,Midjourney,4,Tiny-GenImage,train,185_midjourney_46.png,data/train-00001-of-00014.parquet,830001
pilot_003046,data/raw/tiny-genimage/images/Real/n01883070_286.JPEG,0,Real,0,Tiny-GenImage,train,n01883070_286.JPEG,data/train-00001-of-00014.parquet,69819
pilot_003047,data/raw/tiny-genimage/images/SD15/102_sdv5_00102.png,1,SD15,6,Tiny-GenImage,train,102_sdv5_00102.png,data/train-00001-of-00014.parquet,613965
pilot_003048,data/raw/tiny-genimage/images/Real/n01833805_270.JPEG,0,Real,0,Tiny-GenImage,train,n01833805_270.JPEG,data/train-00001-of-00014.parquet,95056
pilot_003049,data/raw/tiny-genimage/images/VQDM/VQDM_1000_200_01_120_vqdm_00083.png,1,VQDM,7,Tiny-GenImage,train,VQDM_1000_200_01_120_vqdm_00083.png,data/train-00001-of-00014.parquet,150573
pilot_003050,data/raw/tiny-genimage/images/Real/n01873310_20987.JPEG,0,Real,0,Tiny-GenImage,train,n01873310_20987.JPEG,data/train-00001-of-00014.parquet,86700
pilot_003051,data/raw/tiny-genimage/images/Wukong/195_wukong_image98.png,1,Wukong,8,Tiny-GenImage,train,195_wukong_image98.png,data/train-00001-of-00014.parquet,445110
pilot_003052,data/raw/tiny-genimage/images/Real/n01882714_5198.JPEG,0,Real,0,Tiny-GenImage,train,n01882714_5198.JPEG,data/train-00001-of-00014.parquet,132530
pilot_003053,data/raw/tiny-genimage/images/ADM/198_adm_115.PNG,1,ADM,1,Tiny-GenImage,train,198_adm_115.PNG,data/train-00001-of-00014.parquet,156029
pilot_003054,data/raw/tiny-genimage/images/Real/n01871265_2126.JPEG,0,Real,0,Tiny-GenImage,train,n01871265_2126.JPEG,data/train-00001-of-00014.parquet,111219
pilot_003055,data/raw/tiny-genimage/images/BigGAN/115_biggan_00076.png,1,BigGAN,2,Tiny-GenImage,train,115_biggan_00076.png,data/train-00001-of-00014.parquet,36874
pilot_003056,data/raw/tiny-genimage/images/Real/n01980166_2015.JPEG,0,Real,0,Tiny-GenImage,train,n01980166_2015.JPEG,data/train-00001-of-00014.parquet,79006
pilot_003057,data/raw/tiny-genimage/images/GLIDE/GLIDE_1000_200_01_110_glide_00189.png,1,GLIDE,3,Tiny-GenImage,train,GLIDE_1000_200_01_110_glide_00189.png,data/train-00001-of-00014.parquet,96307
pilot_003058,data/raw/tiny-genimage/images/Real/n01945685_13940.JPEG,0,Real,0,Tiny-GenImage,train,n01945685_13940.JPEG,data/train-00001-of-00014.parquet,239815
pilot_003059,data/raw/tiny-genimage/images/Midjourney/186_midjourney_175.png,1,Midjourney,4,Tiny-GenImage,train,186_midjourney_175.png,data/train-00001-of-00014.parquet,914384
pilot_003060,data/raw/tiny-genimage/images/Real/n01883070_9363.JPEG,0,Real,0,Tiny-GenImage,train,n01883070_9363.JPEG,data/train-00001-of-00014.parquet,106516
pilot_003061,data/raw/tiny-genimage/images/SD15/104_sdv5_00012.png,1,SD15,6,Tiny-GenImage,train,104_sdv5_00012.png,data/train-00001-of-00014.parquet,515924
pilot_003062,data/raw/tiny-genimage/images/Real/n01843065_5456.JPEG,0,Real,0,Tiny-GenImage,train,n01843065_5456.JPEG,data/train-00001-of-00014.parquet,92924
pilot_003063,data/raw/tiny-genimage/images/VQDM/VQDM_1000_200_01_120_vqdm_00088.png,1,VQDM,7,Tiny-GenImage,train,VQDM_1000_200_01_120_vqdm_00088.png,data/train-00001-of-00014.parquet,99005
pilot_003064,data/raw/tiny-genimage/images/Real/n01873310_57714.JPEG,0,Real,0,Tiny-GenImage,train,n01873310_57714.JPEG,data/train-00001-of-00014.parquet,94519
pilot_003065,data/raw/tiny-genimage/images/Wukong/196_wukong_image25.png,1,Wukong,8,Tiny-GenImage,train,196_wukong_image25.png,data/train-00001-of-00014.parquet,421910
pilot_003066,data/raw/tiny-genimage/images/Real/n01882714_6822.JPEG,0,Real,0,Tiny-GenImage,train,n01882714_6822.JPEG,data/train-00001-of-00014.parquet,132296
pilot_003067,data/raw/tiny-genimage/images/ADM/198_adm_59.PNG,1,ADM,1,Tiny-GenImage,train,198_adm_59.PNG,data/train-00001-of-00014.parquet,150832
pilot_003068,data/raw/tiny-genimage/images/Real/n01871265_2962.JPEG,0,Real,0,Tiny-GenImage,train,n01871265_2962.JPEG,data/train-00001-of-00014.parquet,139613
pilot_003069,data/raw/tiny-genimage/images/BigGAN/115_biggan_00145.png,1,BigGAN,2,Tiny-GenImage,train,115_biggan_00145.png,data/train-00001-of-00014.parquet,35703
pilot_003070,data/raw/tiny-genimage/images/Real/n01980166_208.JPEG,0,Real,0,Tiny-GenImage,train,n01980166_208.JPEG,data/train-00001-of-00014.parquet,37342
pilot_003071,data/raw/tiny-genimage/images/GLIDE/GLIDE_1000_200_01_112_glide_00051.png,1,GLIDE,3,Tiny-GenImage,train,GLIDE_1000_200_01_112_glide_00051.png,data/train-00001-of-00014.parquet,64803
pilot_003072,data/raw/tiny-genimage/images/Real/n01945685_7758.JPEG,0,Real,0,Tiny-GenImage,train,n01945685_7758.JPEG,data/train-00001-of-00014.parquet,96242
pilot_003073,data/raw/tiny-genimage/images/Midjourney/187_midjourney_19.png,1,Midjourney,4,Tiny-GenImage,train,187_midjourney_19.png,data/train-00001-of-00014.parquet,682076
pilot_003074,data/raw/tiny-genimage/images/Real/n01910747_1628.JPEG,0,Real,0,Tiny-GenImage,train,n01910747_1628.JPEG,data/train-00001-of-00014.parquet,15167
pilot_003075,data/raw/tiny-genimage/images/SD15/104_sdv5_00181.png,1,SD15,6,Tiny-GenImage,train,104_sdv5_00181.png,data/train-00001-of-00014.parquet,529963
pilot_003076,data/raw/tiny-genimage/images/Real/n01843065_6764.JPEG,0,Real,0,Tiny-GenImage,train,n01843065_6764.JPEG,data/train-00001-of-00014.parquet,103164
pilot_003077,data/raw/tiny-genimage/images/VQDM/VQDM_1000_200_01_120_vqdm_00159.png,1,VQDM,7,Tiny-GenImage,train,VQDM_1000_200_01_120_vqdm_00159.png,data/train-00001-of-00014.parquet,101332
pilot_003078,data/raw/tiny-genimage/images/Real/n01877812_1342.JPEG,0,Real,0,Tiny-GenImage,train,n01877812_1342.JPEG,data/train-00001-of-00014.parquet,97853
pilot_003079,data/raw/tiny-genimage/images/Wukong/196_wukong_image48.png,1,Wukong,8,Tiny-GenImage,train,196_wukong_image48.png,data/train-00001-of-00014.parquet,442552
pilot_003080,data/raw/tiny-genimage/images/Real/n01883070_2071.JPEG,0,Real,0,Tiny-GenImage,train,n01883070_2071.JPEG,data/train-00001-of-00014.parquet,115733
pilot_003081,data/raw/tiny-genimage/images/ADM/198_adm_86.PNG,1,ADM,1,Tiny-GenImage,train,198_adm_86.PNG,data/train-00001-of-00014.parquet,159185
pilot_003082,data/raw/tiny-genimage/images/Real/n01871265_3397.JPEG,0,Real,0,Tiny-GenImage,train,n01871265_3397.JPEG,data/train-00001-of-00014.parquet,2661
pilot_003083,data/raw/tiny-genimage/images/BigGAN/115_biggan_00159.png,1,BigGAN,2,Tiny-GenImage,train,115_biggan_00159.png,data/train-00001-of-00014.parquet,36044
pilot_003084,data/raw/tiny-genimage/images/Real/n01980166_5273.JPEG,0,Real,0,Tiny-GenImage,train,n01980166_5273.JPEG,data/train-00001-of-00014.parquet,192049
pilot_003085,data/raw/tiny-genimage/images/GLIDE/GLIDE_1000_200_01_112_glide_00109.png,1,GLIDE,3,Tiny-GenImage,train,GLIDE_1000_200_01_112_glide_00109.png,data/train-00001-of-00014.parquet,68028
pilot_003086,data/raw/tiny-genimage/images/Real/n01950731_1967.JPEG,0,Real,0,Tiny-GenImage,train,n01950731_1967.JPEG,data/train-00001-of-00014.parquet,142624
pilot_003087,data/raw/tiny-genimage/images/Midjourney/187_midjourney_70.png,1,Midjourney,4,Tiny-GenImage,train,187_midjourney_70.png,data/train-00001-of-00014.parquet,982917
pilot_003088,data/raw/tiny-genimage/images/Real/n01910747_6788.JPEG,0,Real,0,Tiny-GenImage,train,n01910747_6788.JPEG,data/train-00001-of-00014.parquet,124685
pilot_003089,data/raw/tiny-genimage/images/SD15/104_sdv5_00185.png,1,SD15,6,Tiny-GenImage,train,104_sdv5_00185.png,data/train-00001-of-00014.parquet,554685
pilot_003090,data/raw/tiny-genimage/images/Real/n01843065_8362.JPEG,0,Real,0,Tiny-GenImage,train,n01843065_8362.JPEG,data/train-00001-of-00014.parquet,93501
pilot_003091,data/raw/tiny-genimage/images/VQDM/VQDM_1000_200_01_121_vqdm_00022.png,1,VQDM,7,Tiny-GenImage,train,VQDM_1000_200_01_121_vqdm_00022.png,data/train-00001-of-00014.parquet,147230
pilot_003092,data/raw/tiny-genimage/images/Real/n01877812_2508.JPEG,0,Real,0,Tiny-GenImage,train,n01877812_2508.JPEG,data/train-00001-of-00014.parquet,190333
pilot_003093,data/raw/tiny-genimage/images/Wukong/197_wukong_image156.png,1,Wukong,8,Tiny-GenImage,train,197_wukong_image156.png,data/train-00001-of-00014.parquet,453311
pilot_003094,data/raw/tiny-genimage/images/Real/n01910747_16182.JPEG,0,Real,0,Tiny-GenImage,train,n01910747_16182.JPEG,data/train-00001-of-00014.parquet,94458
pilot_003095,data/raw/tiny-genimage/images/ADM/199_adm_177.PNG,1,ADM,1,Tiny-GenImage,train,199_adm_177.PNG,data/train-00001-of-00014.parquet,93912
pilot_003096,data/raw/tiny-genimage/images/Real/n01871265_8873.JPEG,0,Real,0,Tiny-GenImage,train,n01871265_8873.JPEG,data/train-00001-of-00014.parquet,182346
pilot_003097,data/raw/tiny-genimage/images/BigGAN/116_biggan_00057.png,1,BigGAN,2,Tiny-GenImage,train,116_biggan_00057.png,data/train-00001-of-00014.parquet,38494
pilot_003098,data/raw/tiny-genimage/images/Real/n01980166_704.JPEG,0,Real,0,Tiny-GenImage,train,n01980166_704.JPEG,data/train-00001-of-00014.parquet,143618
pilot_003099,data/raw/tiny-genimage/images/GLIDE/GLIDE_1000_200_01_112_glide_00117.png,1,GLIDE,3,Tiny-GenImage,train,GLIDE_1000_200_01_112_glide_00117.png,data/train-00001-of-00014.parquet,75271
pilot_003100,data/raw/tiny-genimage/images/Real/n01950731_31788.JPEG,0,Real,0,Tiny-GenImage,train,n01950731_31788.JPEG,data/train-00001-of-00014.parquet,262389
pilot_003101,data/raw/tiny-genimage/images/Midjourney/188_midjourney_22.png,1,Midjourney,4,Tiny-GenImage,train,188_midjourney_22.png,data/train-00001-of-00014.parquet,941428
pilot_003102,data/raw/tiny-genimage/images/Real/n01910747_787.JPEG,0,Real,0,Tiny-GenImage,train,n01910747_787.JPEG,data/train-00001-of-00014.parquet,29888
pilot_003103,data/raw/tiny-genimage/images/SD15/105_sdv5_00026.png,1,SD15,6,Tiny-GenImage,train,105_sdv5_00026.png,data/train-00001-of-00014.parquet,500127
pilot_003104,data/raw/tiny-genimage/images/Real/n01843383_8230.JPEG,0,Real,0,Tiny-GenImage,train,n01843383_8230.JPEG,data/train-00001-of-00014.parquet,76856
pilot_003105,data/raw/tiny-genimage/images/VQDM/VQDM_1000_200_01_121_vqdm_00129.png,1,VQDM,7,Tiny-GenImage,train,VQDM_1000_200_01_121_vqdm_00129.png,data/train-00001-of-00014.parquet,146518
pilot_003106,data/raw/tiny-genimage/images/Real/n01882714_13303.JPEG,0,Real,0,Tiny-GenImage,train,n01882714_13303.JPEG,data/train-00001-of-00014.parquet,126066
pilot_003107,data/raw/tiny-genimage/images/Wukong/197_wukong_image58.png,1,Wukong,8,Tiny-GenImage,train,197_wukong_image58.png,data/train-00001-of-00014.parquet,377802
pilot_003108,data/raw/tiny-genimage/images/Real/n01910747_9864.JPEG,0,Real,0,Tiny-GenImage,train,n01910747_9864.JPEG,data/train-00001-of-00014.parquet,74080
pilot_003109,data/raw/tiny-genimage/images/ADM/19_adm_101.PNG,1,ADM,1,Tiny-GenImage,train,19_adm_101.PNG,data/train-00001-of-00014.parquet,133126
pilot_003110,data/raw/tiny-genimage/images/Real/n01872401_4006.JPEG,0,Real,0,Tiny-GenImage,train,n01872401_4006.JPEG,data/train-00001-of-00014.parquet,205902
pilot_003111,data/raw/tiny-genimage/images/BigGAN/116_biggan_00141.png,1,BigGAN,2,Tiny-GenImage,train,116_biggan_00141.png,data/train-00001-of-00014.parquet,38277
pilot_003112,data/raw/tiny-genimage/images/Real/n01981276_13344.JPEG,0,Real,0,Tiny-GenImage,train,n01981276_13344.JPEG,data/train-00001-of-00014.parquet,221559
pilot_003113,data/raw/tiny-genimage/images/GLIDE/GLIDE_1000_200_01_114_glide_00115.png,1,GLIDE,3,Tiny-GenImage,train,GLIDE_1000_200_01_114_glide_00115.png,data/train-00001-of-00014.parquet,115193
pilot_003114,data/raw/tiny-genimage/images/Real/n01955084_10212.JPEG,0,Real,0,Tiny-GenImage,train,n01955084_10212.JPEG,data/train-00001-of-00014.parquet,191576
pilot_003115,data/raw/tiny-genimage/images/Midjourney/189_midjourney_93.png,1,Midjourney,4,Tiny-GenImage,train,189_midjourney_93.png,data/train-00001-of-00014.parquet,1369471
pilot_003116,data/raw/tiny-genimage/images/Real/n01914609_2448.JPEG,0,Real,0,Tiny-GenImage,train,n01914609_2448.JPEG,data/train-00001-of-00014.parquet,163528
pilot_003117,data/raw/tiny-genimage/images/SD15/106_sdv5_00040.png,1,SD15,6,Tiny-GenImage,train,106_sdv5_00040.png,data/train-00001-of-00014.parquet,549387
pilot_003118,data/raw/tiny-genimage/images/Real/n01847000_12440.JPEG,0,Real,0,Tiny-GenImage,train,n01847000_12440.JPEG,data/train-00001-of-00014.parquet,102184
pilot_003119,data/raw/tiny-genimage/images/VQDM/VQDM_1000_200_01_122_vqdm_00067.png,1,VQDM,7,Tiny-GenImage,train,VQDM_1000_200_01_122_vqdm_00067.png,data/train-00001-of-00014.parquet,133563
pilot_003120,data/raw/tiny-genimage/images/Real/n01882714_15793.JPEG,0,Real,0,Tiny-GenImage,train,n01882714_15793.JPEG,data/train-00001-of-00014.parquet,226387
pilot_003121,data/raw/tiny-genimage/images/Wukong/198_wukong_image146.png,1,Wukong,8,Tiny-GenImage,train,198_wukong_image146.png,data/train-00001-of-00014.parquet,477811
pilot_003122,data/raw/tiny-genimage/images/Real/n01917289_1172.JPEG,0,Real,0,Tiny-GenImage,train,n01917289_1172.JPEG,data/train-00001-of-00014.parquet,55606
pilot_003123,data/raw/tiny-genimage/images/ADM/19_adm_165.PNG,1,ADM,1,Tiny-GenImage,train,19_adm_165.PNG,data/train-00001-of-00014.parquet,124198
pilot_003124,data/raw/tiny-genimage/images/Real/n01872401_6475.JPEG,0,Real,0,Tiny-GenImage,train,n01872401_6475.JPEG,data/train-00001-of-00014.parquet,168549
pilot_003125,data/raw/tiny-genimage/images/BigGAN/117_biggan_00097.png,1,BigGAN,2,Tiny-GenImage,train,117_biggan_00097.png,data/train-00001-of-00014.parquet,30024
pilot_003126,data/raw/tiny-genimage/images/Real/n01981276_5431.JPEG,0,Real,0,Tiny-GenImage,train,n01981276_5431.JPEG,data/train-00001-of-00014.parquet,114055
pilot_003127,data/raw/tiny-genimage/images/GLIDE/GLIDE_1000_200_01_115_glide_00096.png,1,GLIDE,3,Tiny-GenImage,train,GLIDE_1000_200_01_115_glide_00096.png,data/train-00001-of-00014.parquet,101411
pilot_003128,data/raw/tiny-genimage/images/Real/n01955084_3405.JPEG,0,Real,0,Tiny-GenImage,train,n01955084_3405.JPEG,data/train-00001-of-00014.parquet,12824
pilot_003129,data/raw/tiny-genimage/images/Midjourney/18_midjourney_20.png,1,Midjourney,4,Tiny-GenImage,train,18_midjourney_20.png,data/train-00001-of-00014.parquet,840213
pilot_003130,data/raw/tiny-genimage/images/Real/n01914609_6828.JPEG,0,Real,0,Tiny-GenImage,train,n01914609_6828.JPEG,data/train-00001-of-00014.parquet,204325
pilot_003131,data/raw/tiny-genimage/images/SD15/106_sdv5_00117.png,1,SD15,6,Tiny-GenImage,train,106_sdv5_00117.png,data/train-00001-of-00014.parquet,539698
pilot_003132,data/raw/tiny-genimage/images/Real/n01847000_2652.JPEG,0,Real,0,Tiny-GenImage,train,n01847000_2652.JPEG,data/train-00001-of-00014.parquet,137355
pilot_003133,data/raw/tiny-genimage/images/VQDM/VQDM_1000_200_01_122_vqdm_00106.png,1,VQDM,7,Tiny-GenImage,train,VQDM_1000_200_01_122_vqdm_00106.png,data/train-00001-of-00014.parquet,117948
pilot_003134,data/raw/tiny-genimage/images/Real/n01882714_9525.JPEG,0,Real,0,Tiny-GenImage,train,n01882714_9525.JPEG,data/train-00001-of-00014.parquet,10432
pilot_003135,data/raw/tiny-genimage/images/Wukong/198_wukong_image150.png,1,Wukong,8,Tiny-GenImage,train,198_wukong_image150.png,data/train-00001-of-00014.parquet,509171
pilot_003136,data/raw/tiny-genimage/images/Real/n01924916_12117.JPEG,0,Real,0,Tiny-GenImage,train,n01924916_12117.JPEG,data/train-00001-of-00014.parquet,39536
pilot_003137,data/raw/tiny-genimage/images/ADM/1_adm_72.PNG,1,ADM,1,Tiny-GenImage,train,1_adm_72.PNG,data/train-00001-of-00014.parquet,129608
pilot_003138,data/raw/tiny-genimage/images/Real/n01872401_94.JPEG,0,Real,0,Tiny-GenImage,train,n01872401_94.JPEG,data/train-00001-of-00014.parquet,33082
pilot_003139,data/raw/tiny-genimage/images/BigGAN/119_biggan_00061.png,1,BigGAN,2,Tiny-GenImage,train,119_biggan_00061.png,data/train-00001-of-00014.parquet,38299
pilot_003140,data/raw/tiny-genimage/images/Real/n01981276_7588.JPEG,0,Real,0,Tiny-GenImage,train,n01981276_7588.JPEG,data/train-00001-of-00014.parquet,206454
pilot_003141,data/raw/tiny-genimage/images/GLIDE/GLIDE_1000_200_01_115_glide_00107.png,1,GLIDE,3,Tiny-GenImage,train,GLIDE_1000_200_01_115_glide_00107.png,data/train-00001-of-00014.parquet,85982
pilot_003142,data/raw/tiny-genimage/images/Real/n01955084_7168.JPEG,0,Real,0,Tiny-GenImage,train,n01955084_7168.JPEG,data/train-00001-of-00014.parquet,220781
pilot_003143,data/raw/tiny-genimage/images/Midjourney/190_midjourney_153.png,1,Midjourney,4,Tiny-GenImage,train,190_midjourney_153.png,data/train-00001-of-00014.parquet,1254668
pilot_003144,data/raw/tiny-genimage/images/Real/n01917289_664.JPEG,0,Real,0,Tiny-GenImage,train,n01917289_664.JPEG,data/train-00001-of-00014.parquet,211661
pilot_003145,data/raw/tiny-genimage/images/SD15/106_sdv5_00139.png,1,SD15,6,Tiny-GenImage,train,106_sdv5_00139.png,data/train-00001-of-00014.parquet,543396
pilot_003146,data/raw/tiny-genimage/images/Real/n01855032_1169.JPEG,0,Real,0,Tiny-GenImage,train,n01855032_1169.JPEG,data/train-00001-of-00014.parquet,2013
pilot_003147,data/raw/tiny-genimage/images/VQDM/VQDM_1000_200_01_124_vqdm_00198.png,1,VQDM,7,Tiny-GenImage,train,VQDM_1000_200_01_124_vqdm_00198.png,data/train-00001-of-00014.parquet,85078
pilot_003148,data/raw/tiny-genimage/images/Real/n01883070_1122.JPEG,0,Real,0,Tiny-GenImage,train,n01883070_1122.JPEG,data/train-00001-of-00014.parquet,20179
pilot_003149,data/raw/tiny-genimage/images/Wukong/198_wukong_image5.png,1,Wukong,8,Tiny-GenImage,train,198_wukong_image5.png,data/train-00001-of-00014.parquet,425947
pilot_003150,data/raw/tiny-genimage/images/Real/n01924916_4267.JPEG,0,Real,0,Tiny-GenImage,train,n01924916_4267.JPEG,data/train-00001-of-00014.parquet,124621
pilot_003151,data/raw/tiny-genimage/images/ADM/201_adm_114.PNG,1,ADM,1,Tiny-GenImage,train,201_adm_114.PNG,data/train-00001-of-00014.parquet,114480
pilot_003152,data/raw/tiny-genimage/images/Real/n01873310_1380.JPEG,0,Real,0,Tiny-GenImage,train,n01873310_1380.JPEG,data/train-00001-of-00014.parquet,40952
pilot_003153,data/raw/tiny-genimage/images/BigGAN/119_biggan_00081.png,1,BigGAN,2,Tiny-GenImage,train,119_biggan_00081.png,data/train-00001-of-00014.parquet,33751
pilot_003154,data/raw/tiny-genimage/images/Real/n01983481_12080.JPEG,0,Real,0,Tiny-GenImage,train,n01983481_12080.JPEG,data/train-00001-of-00014.parquet,179341
pilot_003155,data/raw/tiny-genimage/images/GLIDE/GLIDE_1000_200_01_116_glide_00062.png,1,GLIDE,3,Tiny-GenImage,train,GLIDE_1000_200_01_116_glide_00062.png,data/train-00001-of-00014.parquet,84316
pilot_003156,data/raw/tiny-genimage/images/Real/n01955084_7307.JPEG,0,Real,0,Tiny-GenImage,train,n01955084_7307.JPEG,data/train-00001-of-00014.parquet,28006
pilot_003157,data/raw/tiny-genimage/images/Midjourney/190_midjourney_17.png,1,Midjourney,4,Tiny-GenImage,train,190_midjourney_17.png,data/train-00001-of-00014.parquet,1317292
pilot_003158,data/raw/tiny-genimage/images/Real/n01917289_740.JPEG,0,Real,0,Tiny-GenImage,train,n01917289_740.JPEG,data/train-00001-of-00014.parquet,380188
pilot_003159,data/raw/tiny-genimage/images/SD15/106_sdv5_00185.png,1,SD15,6,Tiny-GenImage,train,106_sdv5_00185.png,data/train-00001-of-00014.parquet,483301
pilot_003160,data/raw/tiny-genimage/images/Real/n01855032_1473.JPEG,0,Real,0,Tiny-GenImage,train,n01855032_1473.JPEG,data/train-00001-of-00014.parquet,80048
pilot_003161,data/raw/tiny-genimage/images/VQDM/VQDM_1000_200_01_125_vqdm_00013.png,1,VQDM,7,Tiny-GenImage,train,VQDM_1000_200_01_125_vqdm_00013.png,data/train-00001-of-00014.parquet,123608
pilot_003162,data/raw/tiny-genimage/images/Real/n01883070_26171.JPEG,0,Real,0,Tiny-GenImage,train,n01883070_26171.JPEG,data/train-00001-of-00014.parquet,153617
pilot_003163,data/raw/tiny-genimage/images/Wukong/199_wukong_image18.png,1,Wukong,8,Tiny-GenImage,train,199_wukong_image18.png,data/train-00001-of-00014.parquet,458613
pilot_003164,data/raw/tiny-genimage/images/Real/n01924916_7637.JPEG,0,Real,0,Tiny-GenImage,train,n01924916_7637.JPEG,data/train-00001-of-00014.parquet,254748
pilot_003165,data/raw/tiny-genimage/images/ADM/201_adm_49.PNG,1,ADM,1,Tiny-GenImage,train,201_adm_49.PNG,data/train-00001-of-00014.parquet,151520
pilot_003166,data/raw/tiny-genimage/images/Real/n01873310_34925.JPEG,0,Real,0,Tiny-GenImage,train,n01873310_34925.JPEG,data/train-00001-of-00014.parquet,70283
pilot_003167,data/raw/tiny-genimage/images/BigGAN/119_biggan_00086.png,1,BigGAN,2,Tiny-GenImage,train,119_biggan_00086.png,data/train-00001-of-00014.parquet,36230
pilot_003168,data/raw/tiny-genimage/images/Real/n01983481_18525.JPEG,0,Real,0,Tiny-GenImage,train,n01983481_18525.JPEG,data/train-00001-of-00014.parquet,66578
pilot_003169,data/raw/tiny-genimage/images/GLIDE/GLIDE_1000_200_01_117_glide_00069.png,1,GLIDE,3,Tiny-GenImage,train,GLIDE_1000_200_01_117_glide_00069.png,data/train-00001-of-00014.parquet,59137
pilot_003170,data/raw/tiny-genimage/images/Real/n01968897_15585.JPEG,0,Real,0,Tiny-GenImage,train,n01968897_15585.JPEG,data/train-00001-of-00014.parquet,130076
pilot_003171,data/raw/tiny-genimage/images/Midjourney/190_midjourney_74.png,1,Midjourney,4,Tiny-GenImage,train,190_midjourney_74.png,data/train-00001-of-00014.parquet,1932924
pilot_003172,data/raw/tiny-genimage/images/Real/n01924916_12374.JPEG,0,Real,0,Tiny-GenImage,train,n01924916_12374.JPEG,data/train-00001-of-00014.parquet,35433
pilot_003173,data/raw/tiny-genimage/images/SD15/107_sdv5_00014.png,1,SD15,6,Tiny-GenImage,train,107_sdv5_00014.png,data/train-00001-of-00014.parquet,393080
pilot_003174,data/raw/tiny-genimage/images/Real/n01855032_2826.JPEG,0,Real,0,Tiny-GenImage,train,n01855032_2826.JPEG,data/train-00001-of-00014.parquet,118934
pilot_003175,data/raw/tiny-genimage/images/VQDM/VQDM_1000_200_01_125_vqdm_00053.png,1,VQDM,7,Tiny-GenImage,train,VQDM_1000_200_01_125_vqdm_00053.png,data/train-00001-of-00014.parquet,139312
pilot_003176,data/raw/tiny-genimage/images/Real/n01883070_5663.JPEG,0,Real,0,Tiny-GenImage,train,n01883070_5663.JPEG,data/train-00001-of-00014.parquet,202625
pilot_003177,data/raw/tiny-genimage/images/Wukong/19_wukong_image179.png,1,Wukong,8,Tiny-GenImage,train,19_wukong_image179.png,data/train-00001-of-00014.parquet,460514
pilot_003178,data/raw/tiny-genimage/images/Real/n01930112_12269.JPEG,0,Real,0,Tiny-GenImage,train,n01930112_12269.JPEG,data/train-00001-of-00014.parquet,60285
pilot_003179,data/raw/tiny-genimage/images/ADM/201_adm_76.PNG,1,ADM,1,Tiny-GenImage,train,201_adm_76.PNG,data/train-00001-of-00014.parquet,152254
pilot_003180,data/raw/tiny-genimage/images/Real/n01873310_3965.JPEG,0,Real,0,Tiny-GenImage,train,n01873310_3965.JPEG,data/train-00001-of-00014.parquet,27522
pilot_003181,data/raw/tiny-genimage/images/BigGAN/119_biggan_00138.png,1,BigGAN,2,Tiny-GenImage,train,119_biggan_00138.png,data/train-00001-of-00014.parquet,40819
pilot_003182,data/raw/tiny-genimage/images/Real/n01983481_21056.JPEG,0,Real,0,Tiny-GenImage,train,n01983481_21056.JPEG,data/train-00001-of-00014.parquet,195427
pilot_003183,data/raw/tiny-genimage/images/GLIDE/GLIDE_1000_200_01_117_glide_00156.png,1,GLIDE,3,Tiny-GenImage,train,GLIDE_1000_200_01_117_glide_00156.png,data/train-00001-of-00014.parquet,103356
pilot_003184,data/raw/tiny-genimage/images/Real/n01968897_21475.JPEG,0,Real,0,Tiny-GenImage,train,n01968897_21475.JPEG,data/train-00001-of-00014.parquet,67751
pilot_003185,data/raw/tiny-genimage/images/Midjourney/190_midjourney_84.png,1,Midjourney,4,Tiny-GenImage,train,190_midjourney_84.png,data/train-00001-of-00014.parquet,1523025
pilot_003186,data/raw/tiny-genimage/images/Real/n01924916_6529.JPEG,0,Real,0,Tiny-GenImage,train,n01924916_6529.JPEG,data/train-00001-of-00014.parquet,169227
pilot_003187,data/raw/tiny-genimage/images/SD15/108_sdv5_00002.png,1,SD15,6,Tiny-GenImage,train,108_sdv5_00002.png,data/train-00001-of-00014.parquet,573802
pilot_003188,data/raw/tiny-genimage/images/Real/n01855032_612.JPEG,0,Real,0,Tiny-GenImage,train,n01855032_612.JPEG,data/train-00001-of-00014.parquet,128751
pilot_003189,data/raw/tiny-genimage/images/VQDM/VQDM_1000_200_01_126_vqdm_00142.png,1,VQDM,7,Tiny-GenImage,train,VQDM_1000_200_01_126_vqdm_00142.png,data/train-00001-of-00014.parquet,84060
pilot_003190,data/raw/tiny-genimage/images/Real/n01910747_10709.JPEG,0,Real,0,Tiny-GenImage,train,n01910747_10709.JPEG,data/train-00001-of-00014.parquet,54046
pilot_003191,data/raw/tiny-genimage/images/Wukong/19_wukong_image28.png,1,Wukong,8,Tiny-GenImage,train,19_wukong_image28.png,data/train-00001-of-00014.parquet,387708
pilot_003192,data/raw/tiny-genimage/images/Real/n01930112_1350.JPEG,0,Real,0,Tiny-GenImage,train,n01930112_1350.JPEG,data/train-00001-of-00014.parquet,7513
pilot_003193,data/raw/tiny-genimage/images/ADM/203_adm_43.PNG,1,ADM,1,Tiny-GenImage,train,203_adm_43.PNG,data/train-00001-of-00014.parquet,126046
pilot_003194,data/raw/tiny-genimage/images/Real/n01873310_58674.JPEG,0,Real,0,Tiny-GenImage,train,n01873310_58674.JPEG,data/train-00001-of-00014.parquet,82075
pilot_003195,data/raw/tiny-genimage/images/BigGAN/120_biggan_00118.png,1,BigGAN,2,Tiny-GenImage,train,120_biggan_00118.png,data/train-00001-of-00014.parquet,36515
pilot_003196,data/raw/tiny-genimage/images/Real/n01984695_31828.JPEG,0,Real,0,Tiny-GenImage,train,n01984695_31828.JPEG,data/train-00001-of-00014.parquet,177362
pilot_003197,data/raw/tiny-genimage/images/GLIDE/GLIDE_1000_200_01_117_glide_00183.png,1,GLIDE,3,Tiny-GenImage,train,GLIDE_1000_200_01_117_glide_00183.png,data/train-00001-of-00014.parquet,100921
pilot_003198,data/raw/tiny-genimage/images/Real/n01968897_8901.JPEG,0,Real,0,Tiny-GenImage,train,n01968897_8901.JPEG,data/train-00001-of-00014.parquet,24315
pilot_003199,data/raw/tiny-genimage/images/Midjourney/190_midjourney_91.png,1,Midjourney,4,Tiny-GenImage,train,190_midjourney_91.png,data/train-00001-of-00014.parquet,1424072
pilot_003200,data/raw/tiny-genimage/images/Real/n01930112_15576.JPEG,0,Real,0,Tiny-GenImage,train,n01930112_15576.JPEG,data/train-00001-of-00014.parquet,46156
pilot_003201,data/raw/tiny-genimage/images/SD15/108_sdv5_00089.png,1,SD15,6,Tiny-GenImage,train,108_sdv5_00089.png,data/train-00001-of-00014.parquet,496803
pilot_003202,data/raw/tiny-genimage/images/Real/n01855672_7627.JPEG,0,Real,0,Tiny-GenImage,train,n01855672_7627.JPEG,data/train-00001-of-00014.parquet,243952
pilot_003203,data/raw/tiny-genimage/images/VQDM/VQDM_1000_200_01_127_vqdm_00045.png,1,VQDM,7,Tiny-GenImage,train,VQDM_1000_200_01_127_vqdm_00045.png,data/train-00001-of-00014.parquet,82874
pilot_003204,data/raw/tiny-genimage/images/Real/n01910747_11979.JPEG,0,Real,0,Tiny-GenImage,train,n01910747_11979.JPEG,data/train-00001-of-00014.parquet,137954
pilot_003205,data/raw/tiny-genimage/images/Wukong/19_wukong_image37.png,1,Wukong,8,Tiny-GenImage,train,19_wukong_image37.png,data/train-00001-of-00014.parquet,496977
pilot_003206,data/raw/tiny-genimage/images/Real/n01930112_15677.JPEG,0,Real,0,Tiny-GenImage,train,n01930112_15677.JPEG,data/train-00001-of-00014.parquet,10845
pilot_003207,data/raw/tiny-genimage/images/ADM/205_adm_186.PNG,1,ADM,1,Tiny-GenImage,train,205_adm_186.PNG,data/train-00001-of-00014.parquet,106170
pilot_003208,data/raw/tiny-genimage/images/Real/n01877812_3327.JPEG,0,Real,0,Tiny-GenImage,train,n01877812_3327.JPEG,data/train-00001-of-00014.parquet,101572
pilot_003209,data/raw/tiny-genimage/images/BigGAN/121_biggan_00012.png,1,BigGAN,2,Tiny-GenImage,train,121_biggan_00012.png,data/train-00001-of-00014.parquet,34947
pilot_003210,data/raw/tiny-genimage/images/Real/n01985128_21794.JPEG,0,Real,0,Tiny-GenImage,train,n01985128_21794.JPEG,data/train-00001-of-00014.parquet,203160
pilot_003211,data/raw/tiny-genimage/images/GLIDE/GLIDE_1000_200_01_118_glide_00013.png,1,GLIDE,3,Tiny-GenImage,train,GLIDE_1000_200_01_118_glide_00013.png,data/train-00001-of-00014.parquet,95761
pilot_003212,data/raw/tiny-genimage/images/Real/n01978287_11508.JPEG,0,Real,0,Tiny-GenImage,train,n01978287_11508.JPEG,data/train-00001-of-00014.parquet,153393
pilot_003213,data/raw/tiny-genimage/images/Midjourney/192_midjourney_103.png,1,Midjourney,4,Tiny-GenImage,train,192_midjourney_103.png,data/train-00001-of-00014.parquet,968705
pilot_003214,data/raw/tiny-genimage/images/Real/n01930112_20501.JPEG,0,Real,0,Tiny-GenImage,train,n01930112_20501.JPEG,data/train-00001-of-00014.parquet,4315
pilot_003215,data/raw/tiny-genimage/images/SD15/108_sdv5_00103.png,1,SD15,6,Tiny-GenImage,train,108_sdv5_00103.png,data/train-00001-of-00014.parquet,508259
pilot_003216,data/raw/tiny-genimage/images/Real/n01860187_1012.JPEG,0,Real,0,Tiny-GenImage,train,n01860187_1012.JPEG,data/train-00001-of-00014.parquet,189459
pilot_003217,data/raw/tiny-genimage/images/VQDM/VQDM_1000_200_01_127_vqdm_00060.png,1,VQDM,7,Tiny-GenImage,train,VQDM_1000_200_01_127_vqdm_00060.png,data/train-00001-of-00014.parquet,140723
pilot_003218,data/raw/tiny-genimage/images/Real/n01910747_1444.JPEG,0,Real,0,Tiny-GenImage,train,n01910747_1444.JPEG,data/train-00001-of-00014.parquet,97953
pilot_003219,data/raw/tiny-genimage/images/Wukong/19_wukong_image72.png,1,Wukong,8,Tiny-GenImage,train,19_wukong_image72.png,data/train-00001-of-00014.parquet,453572
pilot_003220,data/raw/tiny-genimage/images/Real/n01943899_20597.JPEG,0,Real,0,Tiny-GenImage,train,n01943899_20597.JPEG,data/train-00001-of-00014.parquet,67152
pilot_003221,data/raw/tiny-genimage/images/ADM/206_adm_117.PNG,1,ADM,1,Tiny-GenImage,train,206_adm_117.PNG,data/train-00001-of-00014.parquet,139877
pilot_003222,data/raw/tiny-genimage/images/Real/n01877812_3654.JPEG,0,Real,0,Tiny-GenImage,train,n01877812_3654.JPEG,data/train-00001-of-00014.parquet,152855
pilot_003223,data/raw/tiny-genimage/images/BigGAN/121_biggan_00030.png,1,BigGAN,2,Tiny-GenImage,train,121_biggan_00030.png,data/train-00001-of-00014.parquet,33177
pilot_003224,data/raw/tiny-genimage/images/Real/n01986214_2628.JPEG,0,Real,0,Tiny-GenImage,train,n01986214_2628.JPEG,data/train-00001-of-00014.parquet,83062
pilot_003225,data/raw/tiny-genimage/images/GLIDE/GLIDE_1000_200_01_118_glide_00156.png,1,GLIDE,3,Tiny-GenImage,train,GLIDE_1000_200_01_118_glide_00156.png,data/train-00001-of-00014.parquet,85639
pilot_003226,data/raw/tiny-genimage/images/Real/n01978287_2184.JPEG,0,Real,0,Tiny-GenImage,train,n01978287_2184.JPEG,data/train-00001-of-00014.parquet,85055
pilot_003227,data/raw/tiny-genimage/images/Midjourney/192_midjourney_185.png,1,Midjourney,4,Tiny-GenImage,train,192_midjourney_185.png,data/train-00001-of-00014.parquet,1018832
pilot_003228,data/raw/tiny-genimage/images/Real/n01943899_13473.JPEG,0,Real,0,Tiny-GenImage,train,n01943899_13473.JPEG,data/train-00001-of-00014.parquet,133299
pilot_003229,data/raw/tiny-genimage/images/SD15/108_sdv5_00148.png,1,SD15,6,Tiny-GenImage,train,108_sdv5_00148.png,data/train-00001-of-00014.parquet,546001
pilot_003230,data/raw/tiny-genimage/images/Real/n01860187_7329.JPEG,0,Real,0,Tiny-GenImage,train,n01860187_7329.JPEG,data/train-00001-of-00014.parquet,154199
pilot_003231,data/raw/tiny-genimage/images/VQDM/VQDM_1000_200_01_127_vqdm_00088.png,1,VQDM,7,Tiny-GenImage,train,VQDM_1000_200_01_127_vqdm_00088.png,data/train-00001-of-00014.parquet,96490
pilot_003232,data/raw/tiny-genimage/images/Real/n01910747_4974.JPEG,0,Real,0,Tiny-GenImage,train,n01910747_4974.JPEG,data/train-00001-of-00014.parquet,186148
pilot_003233,data/raw/tiny-genimage/images/Wukong/1_wukong_image104.png,1,Wukong,8,Tiny-GenImage,train,1_wukong_image104.png,data/train-00001-of-00014.parquet,467888
pilot_003234,data/raw/tiny-genimage/images/Real/n01944390_10814.JPEG,0,Real,0,Tiny-GenImage,train,n01944390_10814.JPEG,data/train-00001-of-00014.parquet,78006
pilot_003235,data/raw/tiny-genimage/images/ADM/206_adm_181.PNG,1,ADM,1,Tiny-GenImage,train,206_adm_181.PNG,data/train-00001-of-00014.parquet,95552
pilot_003236,data/raw/tiny-genimage/images/Real/n01877812_5803.JPEG,0,Real,0,Tiny-GenImage,train,n01877812_5803.JPEG,data/train-00001-of-00014.parquet,213887
pilot_003237,data/raw/tiny-genimage/images/BigGAN/121_biggan_00095.png,1,BigGAN,2,Tiny-GenImage,train,121_biggan_00095.png,data/train-00001-of-00014.parquet,36764
pilot_003238,data/raw/tiny-genimage/images/Real/n01990800_9564.JPEG,0,Real,0,Tiny-GenImage,train,n01990800_9564.JPEG,data/train-00001-of-00014.parquet,50019
pilot_003239,data/raw/tiny-genimage/images/GLIDE/GLIDE_1000_200_01_119_glide_00044.png,1,GLIDE,3,Tiny-GenImage,train,GLIDE_1000_200_01_119_glide_00044.png,data/train-00001-of-00014.parquet,112551
pilot_003240,data/raw/tiny-genimage/images/Real/n01978287_7386.JPEG,0,Real,0,Tiny-GenImage,train,n01978287_7386.JPEG,data/train-00001-of-00014.parquet,142415
pilot_003241,data/raw/tiny-genimage/images/Midjourney/192_midjourney_52.png,1,Midjourney,4,Tiny-GenImage,train,192_midjourney_52.png,data/train-00001-of-00014.parquet,880475
pilot_003242,data/raw/tiny-genimage/images/Real/n01943899_26490.JPEG,0,Real,0,Tiny-GenImage,train,n01943899_26490.JPEG,data/train-00001-of-00014.parquet,118729
pilot_003243,data/raw/tiny-genimage/images/SD15/108_sdv5_00154.png,1,SD15,6,Tiny-GenImage,train,108_sdv5_00154.png,data/train-00001-of-00014.parquet,521719
pilot_003244,data/raw/tiny-genimage/images/Real/n01860187_9.JPEG,0,Real,0,Tiny-GenImage,train,n01860187_9.JPEG,data/train-00001-of-00014.parquet,136749
pilot_003245,data/raw/tiny-genimage/images/VQDM/VQDM_1000_200_01_127_vqdm_00159.png,1,VQDM,7,Tiny-GenImage,train,VQDM_1000_200_01_127_vqdm_00159.png,data/train-00001-of-00014.parquet,134503
pilot_003246,data/raw/tiny-genimage/images/Real/n01914609_21255.JPEG,0,Real,0,Tiny-GenImage,train,n01914609_21255.JPEG,data/train-00001-of-00014.parquet,194068
pilot_003247,data/raw/tiny-genimage/images/Wukong/1_wukong_image160.png,1,Wukong,8,Tiny-GenImage,train,1_wukong_image160.png,data/train-00001-of-00014.parquet,445431
pilot_003248,data/raw/tiny-genimage/images/Real/n01944390_1598.JPEG,0,Real,0,Tiny-GenImage,train,n01944390_1598.JPEG,data/train-00001-of-00014.parquet,148239
pilot_003249,data/raw/tiny-genimage/images/ADM/207_adm_117.PNG,1,ADM,1,Tiny-GenImage,train,207_adm_117.PNG,data/train-00001-of-00014.parquet,126638
pilot_003250,data/raw/tiny-genimage/images/Real/n01877812_9241.JPEG,0,Real,0,Tiny-GenImage,train,n01877812_9241.JPEG,data/train-00001-of-00014.parquet,135548
pilot_003251,data/raw/tiny-genimage/images/BigGAN/121_biggan_00121.png,1,BigGAN,2,Tiny-GenImage,train,121_biggan_00121.png,data/train-00001-of-00014.parquet,36214
pilot_003252,data/raw/tiny-genimage/images/Real/n02002556_139.JPEG,0,Real,0,Tiny-GenImage,train,n02002556_139.JPEG,data/train-00001-of-00014.parquet,91175
pilot_003253,data/raw/tiny-genimage/images/GLIDE/GLIDE_1000_200_01_119_glide_00088.png,1,GLIDE,3,Tiny-GenImage,train,GLIDE_1000_200_01_119_glide_00088.png,data/train-00001-of-00014.parquet,114545
pilot_003254,data/raw/tiny-genimage/images/Real/n01978287_9855.JPEG,0,Real,0,Tiny-GenImage,train,n01978287_9855.JPEG,data/train-00001-of-00014.parquet,130977
pilot_003255,data/raw/tiny-genimage/images/Midjourney/192_midjourney_53.png,1,Midjourney,4,Tiny-GenImage,train,192_midjourney_53.png,data/train-00001-of-00014.parquet,925552
pilot_003256,data/raw/tiny-genimage/images/Real/n01943899_33339.JPEG,0,Real,0,Tiny-GenImage,train,n01943899_33339.JPEG,data/train-00001-of-00014.parquet,97457
pilot_003257,data/raw/tiny-genimage/images/SD15/109_sdv5_00077.png,1,SD15,6,Tiny-GenImage,train,109_sdv5_00077.png,data/train-00001-of-00014.parquet,644971
pilot_003258,data/raw/tiny-genimage/images/Real/n01871265_12485.JPEG,0,Real,0,Tiny-GenImage,train,n01871265_12485.JPEG,data/train-00001-of-00014.parquet,170063
pilot_003259,data/raw/tiny-genimage/images/VQDM/VQDM_1000_200_01_127_vqdm_00167.png,1,VQDM,7,Tiny-GenImage,train,VQDM_1000_200_01_127_vqdm_00167.png,data/train-00001-of-00014.parquet,140428
pilot_003260,data/raw/tiny-genimage/images/Real/n01914609_5504.JPEG,0,Real,0,Tiny-GenImage,train,n01914609_5504.JPEG,data/train-00001-of-00014.parquet,75186
pilot_003261,data/raw/tiny-genimage/images/Wukong/200_wukong_image108.png,1,Wukong,8,Tiny-GenImage,train,200_wukong_image108.png,data/train-00001-of-00014.parquet,530571
pilot_003262,data/raw/tiny-genimage/images/Real/n01944390_16269.JPEG,0,Real,0,Tiny-GenImage,train,n01944390_16269.JPEG,data/train-00001-of-00014.parquet,72892
pilot_003263,data/raw/tiny-genimage/images/ADM/207_adm_92.PNG,1,ADM,1,Tiny-GenImage,train,207_adm_92.PNG,data/train-00001-of-00014.parquet,130713
pilot_003264,data/raw/tiny-genimage/images/Real/n01882714_12531.JPEG,0,Real,0,Tiny-GenImage,train,n01882714_12531.JPEG,data/train-00001-of-00014.parquet,199053
pilot_003265,data/raw/tiny-genimage/images/BigGAN/121_biggan_00185.png,1,BigGAN,2,Tiny-GenImage,train,121_biggan_00185.png,data/train-00001-of-00014.parquet,37476
pilot_003266,data/raw/tiny-genimage/images/Real/n02002556_7950.JPEG,0,Real,0,Tiny-GenImage,train,n02002556_7950.JPEG,data/train-00001-of-00014.parquet,175320
pilot_003267,data/raw/tiny-genimage/images/GLIDE/GLIDE_1000_200_01_119_glide_00161.png,1,GLIDE,3,Tiny-GenImage,train,GLIDE_1000_200_01_119_glide_00161.png,data/train-00001-of-00014.parquet,95695
pilot_003268,data/raw/tiny-genimage/images/Real/n01978455_162.JPEG,0,Real,0,Tiny-GenImage,train,n01978455_162.JPEG,data/train-00001-of-00014.parquet,87523
pilot_003269,data/raw/tiny-genimage/images/Midjourney/192_midjourney_76.png,1,Midjourney,4,Tiny-GenImage,train,192_midjourney_76.png,data/train-00001-of-00014.parquet,1320837
pilot_003270,data/raw/tiny-genimage/images/Real/n01943899_7471.JPEG,0,Real,0,Tiny-GenImage,train,n01943899_7471.JPEG,data/train-00001-of-00014.parquet,159327
pilot_003271,data/raw/tiny-genimage/images/SD15/110_sdv5_00087.png,1,SD15,6,Tiny-GenImage,train,110_sdv5_00087.png,data/train-00001-of-00014.parquet,528721
pilot_003272,data/raw/tiny-genimage/images/Real/n01871265_2239.JPEG,0,Real,0,Tiny-GenImage,train,n01871265_2239.JPEG,data/train-00001-of-00014.parquet,135583
pilot_003273,data/raw/tiny-genimage/images/VQDM/VQDM_1000_200_01_127_vqdm_00198.png,1,VQDM,7,Tiny-GenImage,train,VQDM_1000_200_01_127_vqdm_00198.png,data/train-00001-of-00014.parquet,113951
pilot_003274,data/raw/tiny-genimage/images/Real/n01914609_8352.JPEG,0,Real,0,Tiny-GenImage,train,n01914609_8352.JPEG,data/train-00001-of-00014.parquet,144168
pilot_003275,data/raw/tiny-genimage/images/Wukong/200_wukong_image122.png,1,Wukong,8,Tiny-GenImage,train,200_wukong_image122.png,data/train-00001-of-00014.parquet,527094
pilot_003276,data/raw/tiny-genimage/images/Real/n01944390_16323.JPEG,0,Real,0,Tiny-GenImage,train,n01944390_16323.JPEG,data/train-00001-of-00014.parquet,88381
pilot_003277,data/raw/tiny-genimage/images/ADM/208_adm_166.PNG,1,ADM,1,Tiny-GenImage,train,208_adm_166.PNG,data/train-00001-of-00014.parquet,107955
pilot_003278,data/raw/tiny-genimage/images/Real/n01882714_15168.JPEG,0,Real,0,Tiny-GenImage,train,n01882714_15168.JPEG,data/train-00001-of-00014.parquet,149079
pilot_003279,data/raw/tiny-genimage/images/BigGAN/121_biggan_00191.png,1,BigGAN,2,Tiny-GenImage,train,121_biggan_00191.png,data/train-00001-of-00014.parquet,38027
pilot_003280,data/raw/tiny-genimage/images/Real/n02002724_108.JPEG,0,Real,0,Tiny-GenImage,train,n02002724_108.JPEG,data/train-00001-of-00014.parquet,86468
pilot_003281,data/raw/tiny-genimage/images/GLIDE/GLIDE_1000_200_01_120_glide_00114.png,1,GLIDE,3,Tiny-GenImage,train,GLIDE_1000_200_01_120_glide_00114.png,data/train-00001-of-00014.parquet,75856
pilot_003282,data/raw/tiny-genimage/images/Real/n01980166_8191.JPEG,0,Real,0,Tiny-GenImage,train,n01980166_8191.JPEG,data/train-00001-of-00014.parquet,36589
pilot_003283,data/raw/tiny-genimage/images/Midjourney/193_midjourney_42.png,1,Midjourney,4,Tiny-GenImage,train,193_midjourney_42.png,data/train-00001-of-00014.parquet,1580928
pilot_003284,data/raw/tiny-genimage/images/Real/n01944390_1238.JPEG,0,Real,0,Tiny-GenImage,train,n01944390_1238.JPEG,data/train-00001-of-00014.parquet,104986
pilot_003285,data/raw/tiny-genimage/images/SD15/110_sdv5_00143.png,1,SD15,6,Tiny-GenImage,train,110_sdv5_00143.png,data/train-00001-of-00014.parquet,451434
pilot_003286,data/raw/tiny-genimage/images/Real/n01871265_5397.JPEG,0,Real,0,Tiny-GenImage,train,n01871265_5397.JPEG,data/train-00001-of-00014.parquet,214195
pilot_003287,data/raw/tiny-genimage/images/VQDM/VQDM_1000_200_01_128_vqdm_00094.png,1,VQDM,7,Tiny-GenImage,train,VQDM_1000_200_01_128_vqdm_00094.png,data/train-00001-of-00014.parquet,176784
pilot_003288,data/raw/tiny-genimage/images/Real/n01917289_4802.JPEG,0,Real,0,Tiny-GenImage,train,n01917289_4802.JPEG,data/train-00001-of-00014.parquet,173192
pilot_003289,data/raw/tiny-genimage/images/Wukong/200_wukong_image40.png,1,Wukong,8,Tiny-GenImage,train,200_wukong_image40.png,data/train-00001-of-00014.parquet,407655
pilot_003290,data/raw/tiny-genimage/images/Real/n01944390_3675.JPEG,0,Real,0,Tiny-GenImage,train,n01944390_3675.JPEG,data/train-00001-of-00014.parquet,68088
pilot_003291,data/raw/tiny-genimage/images/ADM/208_adm_181.PNG,1,ADM,1,Tiny-GenImage,train,208_adm_181.PNG,data/train-00001-of-00014.parquet,150869
pilot_003292,data/raw/tiny-genimage/images/Real/n01882714_3403.JPEG,0,Real,0,Tiny-GenImage,train,n01882714_3403.JPEG,data/train-00001-of-00014.parquet,205088
pilot_003293,data/raw/tiny-genimage/images/BigGAN/122_biggan_00059.png,1,BigGAN,2,Tiny-GenImage,train,122_biggan_00059.png,data/train-00001-of-00014.parquet,32299
pilot_003294,data/raw/tiny-genimage/images/Real/n02002724_3345.JPEG,0,Real,0,Tiny-GenImage,train,n02002724_3345.JPEG,data/train-00001-of-00014.parquet,186370
pilot_003295,data/raw/tiny-genimage/images/GLIDE/GLIDE_1000_200_01_120_glide_00177.png,1,GLIDE,3,Tiny-GenImage,train,GLIDE_1000_200_01_120_glide_00177.png,data/train-00001-of-00014.parquet,83584
pilot_003296,data/raw/tiny-genimage/images/Real/n01981276_10938.JPEG,0,Real,0,Tiny-GenImage,train,n01981276_10938.JPEG,data/train-00001-of-00014.parquet,133605
pilot_003297,data/raw/tiny-genimage/images/Midjourney/195_midjourney_177.png,1,Midjourney,4,Tiny-GenImage,train,195_midjourney_177.png,data/train-00001-of-00014.parquet,1404277
pilot_003298,data/raw/tiny-genimage/images/Real/n01944390_1593.JPEG,0,Real,0,Tiny-GenImage,train,n01944390_1593.JPEG,data/train-00001-of-00014.parquet,263507
pilot_003299,data/raw/tiny-genimage/images/SD15/110_sdv5_00171.png,1,SD15,6,Tiny-GenImage,train,110_sdv5_00171.png,data/train-00001-of-00014.parquet,519120
pilot_003300,data/raw/tiny-genimage/images/Real/n01872401_5306.JPEG,0,Real,0,Tiny-GenImage,train,n01872401_5306.JPEG,data/train-00001-of-00014.parquet,112759
pilot_003301,data/raw/tiny-genimage/images/VQDM/VQDM_1000_200_01_128_vqdm_00113.png,1,VQDM,7,Tiny-GenImage,train,VQDM_1000_200_01_128_vqdm_00113.png,data/train-00001-of-00014.parquet,138551
pilot_003302,data/raw/tiny-genimage/images/Real/n01924916_8675.JPEG,0,Real,0,Tiny-GenImage,train,n01924916_8675.JPEG,data/train-00001-of-00014.parquet,70334
pilot_003303,data/raw/tiny-genimage/images/Wukong/200_wukong_image62.png,1,Wukong,8,Tiny-GenImage,train,200_wukong_image62.png,data/train-00001-of-00014.parquet,552861
pilot_003304,data/raw/tiny-genimage/images/Real/n01945685_3889.JPEG,0,Real,0,Tiny-GenImage,train,n01945685_3889.JPEG,data/train-00001-of-00014.parquet,201628
pilot_003305,data/raw/tiny-genimage/images/ADM/209_adm_113.PNG,1,ADM,1,Tiny-GenImage,train,209_adm_113.PNG,data/train-00001-of-00014.parquet,152931
pilot_003306,data/raw/tiny-genimage/images/Real/n01882714_9231.JPEG,0,Real,0,Tiny-GenImage,train,n01882714_9231.JPEG,data/train-00001-of-00014.parquet,195037
pilot_003307,data/raw/tiny-genimage/images/BigGAN/123_biggan_00043.png,1,BigGAN,2,Tiny-GenImage,train,123_biggan_00043.png,data/train-00001-of-00014.parquet,39082
pilot_003308,data/raw/tiny-genimage/images/Real/n02002724_3850.JPEG,0,Real,0,Tiny-GenImage,train,n02002724_3850.JPEG,data/train-00001-of-00014.parquet,5213
pilot_003309,data/raw/tiny-genimage/images/GLIDE/GLIDE_1000_200_01_121_glide_00005.png,1,GLIDE,3,Tiny-GenImage,train,GLIDE_1000_200_01_121_glide_00005.png,data/train-00001-of-00014.parquet,126300
pilot_003310,data/raw/tiny-genimage/images/Real/n01981276_2975.JPEG,0,Real,0,Tiny-GenImage,train,n01981276_2975.JPEG,data/train-00001-of-00014.parquet,131295
pilot_003311,data/raw/tiny-genimage/images/Midjourney/195_midjourney_98.png,1,Midjourney,4,Tiny-GenImage,train,195_midjourney_98.png,data/train-00001-of-00014.parquet,1650082
pilot_003312,data/raw/tiny-genimage/images/Real/n01944390_19688.JPEG,0,Real,0,Tiny-GenImage,train,n01944390_19688.JPEG,data/train-00001-of-00014.parquet,144622
pilot_003313,data/raw/tiny-genimage/images/SD15/111_sdv5_00061.png,1,SD15,6,Tiny-GenImage,train,111_sdv5_00061.png,data/train-00001-of-00014.parquet,531778
pilot_003314,data/raw/tiny-genimage/images/Real/n01873310_12764.JPEG,0,Real,0,Tiny-GenImage,train,n01873310_12764.JPEG,data/train-00001-of-00014.parquet,120707
pilot_003315,data/raw/tiny-genimage/images/VQDM/VQDM_1000_200_01_128_vqdm_00167.png,1,VQDM,7,Tiny-GenImage,train,VQDM_1000_200_01_128_vqdm_00167.png,data/train-00001-of-00014.parquet,91713
pilot_003316,data/raw/tiny-genimage/images/Real/n01930112_13568.JPEG,0,Real,0,Tiny-GenImage,train,n01930112_13568.JPEG,data/train-00001-of-00014.parquet,200749
pilot_003317,data/raw/tiny-genimage/images/Wukong/201_wukong_image185.png,1,Wukong,8,Tiny-GenImage,train,201_wukong_image185.png,data/train-00001-of-00014.parquet,421314
pilot_003318,data/raw/tiny-genimage/images/Real/n01950731_13131.JPEG,0,Real,0,Tiny-GenImage,train,n01950731_13131.JPEG,data/train-00001-of-00014.parquet,174014
pilot_003319,data/raw/tiny-genimage/images/ADM/209_adm_53.PNG,1,ADM,1,Tiny-GenImage,train,209_adm_53.PNG,data/train-00001-of-00014.parquet,139241
pilot_003320,data/raw/tiny-genimage/images/Real/n01882714_9733.JPEG,0,Real,0,Tiny-GenImage,train,n01882714_9733.JPEG,data/train-00001-of-00014.parquet,189736
pilot_003321,data/raw/tiny-genimage/images/BigGAN/124_biggan_00078.png,1,BigGAN,2,Tiny-GenImage,train,124_biggan_00078.png,data/train-00001-of-00014.parquet,35519
pilot_003322,data/raw/tiny-genimage/images/Real/n02006656_4342.JPEG,0,Real,0,Tiny-GenImage,train,n02006656_4342.JPEG,data/train-00001-of-00014.parquet,151468
pilot_003323,data/raw/tiny-genimage/images/GLIDE/GLIDE_1000_200_01_122_glide_00031.png,1,GLIDE,3,Tiny-GenImage,train,GLIDE_1000_200_01_122_glide_00031.png,data/train-00001-of-00014.parquet,109082
pilot_003324,data/raw/tiny-genimage/images/Real/n01983481_23846.JPEG,0,Real,0,Tiny-GenImage,train,n01983481_23846.JPEG,data/train-00001-of-00014.parquet,26040
pilot_003325,data/raw/tiny-genimage/images/Midjourney/196_midjourney_118.png,1,Midjourney,4,Tiny-GenImage,train,196_midjourney_118.png,data/train-00001-of-00014.parquet,760990
pilot_003326,data/raw/tiny-genimage/images/Real/n01945685_16612.JPEG,0,Real,0,Tiny-GenImage,train,n01945685_16612.JPEG,data/train-00001-of-00014.parquet,196615
pilot_003327,data/raw/tiny-genimage/images/SD15/111_sdv5_00178.png,1,SD15,6,Tiny-GenImage,train,111_sdv5_00178.png,data/train-00001-of-00014.parquet,498979
pilot_003328,data/raw/tiny-genimage/images/Real/n01873310_15259.JPEG,0,Real,0,Tiny-GenImage,train,n01873310_15259.JPEG,data/train-00001-of-00014.parquet,75318
pilot_003329,data/raw/tiny-genimage/images/VQDM/VQDM_1000_200_01_128_vqdm_00179.png,1,VQDM,7,Tiny-GenImage,train,VQDM_1000_200_01_128_vqdm_00179.png,data/train-00001-of-00014.parquet,103664
pilot_003330,data/raw/tiny-genimage/images/Real/n01930112_14871.JPEG,0,Real,0,Tiny-GenImage,train,n01930112_14871.JPEG,data/train-00001-of-00014.parquet,143715
pilot_003331,data/raw/tiny-genimage/images/Wukong/201_wukong_image62.png,1,Wukong,8,Tiny-GenImage,train,201_wukong_image62.png,data/train-00001-of-00014.parquet,413367
pilot_003332,data/raw/tiny-genimage/images/Real/n01950731_1327.JPEG,0,Real,0,Tiny-GenImage,train,n01950731_1327.JPEG,data/train-00001-of-00014.parquet,580498
pilot_003333,data/raw/tiny-genimage/images/ADM/20_adm_21.PNG,1,ADM,1,Tiny-GenImage,train,20_adm_21.PNG,data/train-00001-of-00014.parquet,125337
pilot_003334,data/raw/tiny-genimage/images/Real/n01910747_16546.JPEG,0,Real,0,Tiny-GenImage,train,n01910747_16546.JPEG,data/train-00001-of-00014.parquet,255328
pilot_003335,data/raw/tiny-genimage/images/BigGAN/125_biggan_00093.png,1,BigGAN,2,Tiny-GenImage,train,125_biggan_00093.png,data/train-00001-of-00014.parquet,32448
pilot_003336,data/raw/tiny-genimage/images/Real/n02007558_10030.JPEG,0,Real,0,Tiny-GenImage,train,n02007558_10030.JPEG,data/train-00001-of-00014.parquet,136655
pilot_003337,data/raw/tiny-genimage/images/GLIDE/GLIDE_1000_200_01_122_glide_00086.png,1,GLIDE,3,Tiny-GenImage,train,GLIDE_1000_200_01_122_glide_00086.png,data/train-00001-of-00014.parquet,92687
pilot_003338,data/raw/tiny-genimage/images/Real/n01983481_759.JPEG,0,Real,0,Tiny-GenImage,train,n01983481_759.JPEG,data/train-00001-of-00014.parquet,32496
pilot_003339,data/raw/tiny-genimage/images/Midjourney/197_midjourney_129.png,1,Midjourney,4,Tiny-GenImage,train,197_midjourney_129.png,data/train-00001-of-00014.parquet,801924
pilot_003340,data/raw/tiny-genimage/images/Real/n01945685_20153.JPEG,0,Real,0,Tiny-GenImage,train,n01945685_20153.JPEG,data/train-00001-of-00014.parquet,172022
pilot_003341,data/raw/tiny-genimage/images/SD15/112_sdv5_00011.png,1,SD15,6,Tiny-GenImage,train,112_sdv5_00011.png,data/train-00001-of-00014.parquet,463183
pilot_003342,data/raw/tiny-genimage/images/Real/n01873310_8628.JPEG,0,Real,0,Tiny-GenImage,train,n01873310_8628.JPEG,data/train-00001-of-00014.parquet,2507
pilot_003343,data/raw/tiny-genimage/images/VQDM/VQDM_1000_200_01_130_vqdm_00064.png,1,VQDM,7,Tiny-GenImage,train,VQDM_1000_200_01_130_vqdm_00064.png,data/train-00001-of-00014.parquet,137687
pilot_003344,data/raw/tiny-genimage/images/Real/n01930112_4870.JPEG,0,Real,0,Tiny-GenImage,train,n01930112_4870.JPEG,data/train-00001-of-00014.parquet,631490
pilot_003345,data/raw/tiny-genimage/images/Wukong/203_wukong_image133.png,1,Wukong,8,Tiny-GenImage,train,203_wukong_image133.png,data/train-00001-of-00014.parquet,519949
pilot_003346,data/raw/tiny-genimage/images/Real/n01950731_4572.JPEG,0,Real,0,Tiny-GenImage,train,n01950731_4572.JPEG,data/train-00001-of-00014.parquet,199167
pilot_003347,data/raw/tiny-genimage/images/ADM/210_adm_15.PNG,1,ADM,1,Tiny-GenImage,train,210_adm_15.PNG,data/train-00001-of-00014.parquet,129978
pilot_003348,data/raw/tiny-genimage/images/Real/n01910747_1712.JPEG,0,Real,0,Tiny-GenImage,train,n01910747_1712.JPEG,data/train-00001-of-00014.parquet,66867
pilot_003349,data/raw/tiny-genimage/images/BigGAN/129_biggan_00002.png,1,BigGAN,2,Tiny-GenImage,train,129_biggan_00002.png,data/train-00001-of-00014.parquet,29770
pilot_003350,data/raw/tiny-genimage/images/Real/n02007558_5128.JPEG,0,Real,0,Tiny-GenImage,train,n02007558_5128.JPEG,data/train-00001-of-00014.parquet,273548
pilot_003351,data/raw/tiny-genimage/images/GLIDE/GLIDE_1000_200_01_122_glide_00146.png,1,GLIDE,3,Tiny-GenImage,train,GLIDE_1000_200_01_122_glide_00146.png,data/train-00001-of-00014.parquet,91787
pilot_003352,data/raw/tiny-genimage/images/Real/n01984695_5991.JPEG,0,Real,0,Tiny-GenImage,train,n01984695_5991.JPEG,data/train-00001-of-00014.parquet,197492
pilot_003353,data/raw/tiny-genimage/images/Midjourney/198_midjourney_71.png,1,Midjourney,4,Tiny-GenImage,train,198_midjourney_71.png,data/train-00001-of-00014.parquet,599734
pilot_003354,data/raw/tiny-genimage/images/Real/n01945685_7968.JPEG,0,Real,0,Tiny-GenImage,train,n01945685_7968.JPEG,data/train-00001-of-00014.parquet,223257
pilot_003355,data/raw/tiny-genimage/images/SD15/112_sdv5_00120.png,1,SD15,6,Tiny-GenImage,train,112_sdv5_00120.png,data/train-00001-of-00014.parquet,533504
pilot_003356,data/raw/tiny-genimage/images/Real/n01882714_13412.JPEG,0,Real,0,Tiny-GenImage,train,n01882714_13412.JPEG,data/train-00001-of-00014.parquet,207026
pilot_003357,data/raw/tiny-genimage/images/VQDM/VQDM_1000_200_01_130_vqdm_00117.png,1,VQDM,7,Tiny-GenImage,train,VQDM_1000_200_01_130_vqdm_00117.png,data/train-00001-of-00014.parquet,149550
pilot_003358,data/raw/tiny-genimage/images/Real/n01943899_19779.JPEG,0,Real,0,Tiny-GenImage,train,n01943899_19779.JPEG,data/train-00001-of-00014.parquet,132354
pilot_003359,data/raw/tiny-genimage/images/Wukong/203_wukong_image142.png,1,Wukong,8,Tiny-GenImage,train,203_wukong_image142.png,data/train-00001-of-00014.parquet,436152
pilot_003360,data/raw/tiny-genimage/images/Real/n01955084_10484.JPEG,0,Real,0,Tiny-GenImage,train,n01955084_10484.JPEG,data/train-00001-of-00014.parquet,241154
pilot_003361,data/raw/tiny-genimage/images/ADM/210_adm_183.PNG,1,ADM,1,Tiny-GenImage,train,210_adm_183.PNG,data/train-00001-of-00014.parquet,71732
pilot_003362,data/raw/tiny-genimage/images/Real/n01910747_2455.JPEG,0,Real,0,Tiny-GenImage,train,n01910747_2455.JPEG,data/train-00001-of-00014.parquet,19012
pilot_003363,data/raw/tiny-genimage/images/BigGAN/129_biggan_00137.png,1,BigGAN,2,Tiny-GenImage,train,129_biggan_00137.png,data/train-00001-of-00014.parquet,28187
pilot_003364,data/raw/tiny-genimage/images/Real/n02009229_879.JPEG,0,Real,0,Tiny-GenImage,train,n02009229_879.JPEG,data/train-00001-of-00014.parquet,142513
pilot_003365,data/raw/tiny-genimage/images/GLIDE/GLIDE_1000_200_01_124_glide_00086.png,1,GLIDE,3,Tiny-GenImage,train,GLIDE_1000_200_01_124_glide_00086.png,data/train-00001-of-00014.parquet,98225
pilot_003366,data/raw/tiny-genimage/images/Real/n01985128_18839.JPEG,0,Real,0,Tiny-GenImage,train,n01985128_18839.JPEG,data/train-00001-of-00014.parquet,31573
pilot_003367,data/raw/tiny-genimage/images/Midjourney/199_midjourney_152.png,1,Midjourney,4,Tiny-GenImage,train,199_midjourney_152.png,data/train-00001-of-00014.parquet,834033
pilot_003368,data/raw/tiny-genimage/images/Real/n01945685_879.JPEG,0,Real,0,Tiny-GenImage,train,n01945685_879.JPEG,data/train-00001-of-00014.parquet,174825
pilot_003369,data/raw/tiny-genimage/images/SD15/112_sdv5_00198.png,1,SD15,6,Tiny-GenImage,train,112_sdv5_00198.png,data/train-00001-of-00014.parquet,410617
pilot_003370,data/raw/tiny-genimage/images/Real/n01882714_86845.JPEG,0,Real,0,Tiny-GenImage,train,n01882714_86845.JPEG,data/train-00001-of-00014.parquet,171341
pilot_003371,data/raw/tiny-genimage/images/VQDM/VQDM_1000_200_01_131_vqdm_00186.png,1,VQDM,7,Tiny-GenImage,train,VQDM_1000_200_01_131_vqdm_00186.png,data/train-00001-of-00014.parquet,112956
pilot_003372,data/raw/tiny-genimage/images/Real/n01943899_4739.JPEG,0,Real,0,Tiny-GenImage,train,n01943899_4739.JPEG,data/train-00001-of-00014.parquet,83797
pilot_003373,data/raw/tiny-genimage/images/Wukong/203_wukong_image3.png,1,Wukong,8,Tiny-GenImage,train,203_wukong_image3.png,data/train-00001-of-00014.parquet,399953
pilot_003374,data/raw/tiny-genimage/images/Real/n01955084_8528.JPEG,0,Real,0,Tiny-GenImage,train,n01955084_8528.JPEG,data/train-00001-of-00014.parquet,222047
pilot_003375,data/raw/tiny-genimage/images/ADM/210_adm_80.PNG,1,ADM,1,Tiny-GenImage,train,210_adm_80.PNG,data/train-00001-of-00014.parquet,88432
pilot_003376,data/raw/tiny-genimage/images/Real/n01910747_7740.JPEG,0,Real,0,Tiny-GenImage,train,n01910747_7740.JPEG,data/train-00001-of-00014.parquet,106319
pilot_003377,data/raw/tiny-genimage/images/BigGAN/129_biggan_00179.png,1,BigGAN,2,Tiny-GenImage,train,129_biggan_00179.png,data/train-00001-of-00014.parquet,25523
pilot_003378,data/raw/tiny-genimage/images/Real/n02011460_13503.JPEG,0,Real,0,Tiny-GenImage,train,n02011460_13503.JPEG,data/train-00001-of-00014.parquet,241506
pilot_003379,data/raw/tiny-genimage/images/GLIDE/GLIDE_1000_200_01_125_glide_00037.png,1,GLIDE,3,Tiny-GenImage,train,GLIDE_1000_200_01_125_glide_00037.png,data/train-00001-of-00014.parquet,68741
pilot_003380,data/raw/tiny-genimage/images/Real/n01985128_21241.JPEG,0,Real,0,Tiny-GenImage,train,n01985128_21241.JPEG,data/train-00001-of-00014.parquet,52797
pilot_003381,data/raw/tiny-genimage/images/Midjourney/199_midjourney_70.png,1,Midjourney,4,Tiny-GenImage,train,199_midjourney_70.png,data/train-00001-of-00014.parquet,768815
pilot_003382,data/raw/tiny-genimage/images/Real/n01950731_13511.JPEG,0,Real,0,Tiny-GenImage,train,n01950731_13511.JPEG,data/train-00001-of-00014.parquet,113794
pilot_003383,data/raw/tiny-genimage/images/SD15/113_sdv5_00167.png,1,SD15,6,Tiny-GenImage,train,113_sdv5_00167.png,data/train-00001-of-00014.parquet,560951
pilot_003384,data/raw/tiny-genimage/images/Real/n01882714_9082.JPEG,0,Real,0,Tiny-GenImage,train,n01882714_9082.JPEG,data/train-00001-of-00014.parquet,124715
pilot_003385,data/raw/tiny-genimage/images/VQDM/VQDM_1000_200_01_132_vqdm_00067.png,1,VQDM,7,Tiny-GenImage,train,VQDM_1000_200_01_132_vqdm_00067.png,data/train-00001-of-00014.parquet,113270
pilot_003386,data/raw/tiny-genimage/images/Real/n01944390_13284.JPEG,0,Real,0,Tiny-GenImage,train,n01944390_13284.JPEG,data/train-00001-of-00014.parquet,110841
pilot_003387,data/raw/tiny-genimage/images/Wukong/203_wukong_image59.png,1,Wukong,8,Tiny-GenImage,train,203_wukong_image59.png,data/train-00001-of-00014.parquet,400165
pilot_003388,data/raw/tiny-genimage/images/Real/n01968897_10934.JPEG,0,Real,0,Tiny-GenImage,train,n01968897_10934.JPEG,data/train-00001-of-00014.parquet,7132
pilot_003389,data/raw/tiny-genimage/images/ADM/211_adm_113.PNG,1,ADM,1,Tiny-GenImage,train,211_adm_113.PNG,data/train-00001-of-00014.parquet,105610
pilot_003390,data/raw/tiny-genimage/images/Real/n01917289_1784.JPEG,0,Real,0,Tiny-GenImage,train,n01917289_1784.JPEG,data/train-00001-of-00014.parquet,253395
pilot_003391,data/raw/tiny-genimage/images/BigGAN/130_biggan_00084.png,1,BigGAN,2,Tiny-GenImage,train,130_biggan_00084.png,data/train-00001-of-00014.parquet,33523
pilot_003392,data/raw/tiny-genimage/images/Real/n02011460_16533.JPEG,0,Real,0,Tiny-GenImage,train,n02011460_16533.JPEG,data/train-00001-of-00014.parquet,76274
pilot_003393,data/raw/tiny-genimage/images/GLIDE/GLIDE_1000_200_01_125_glide_00129.png,1,GLIDE,3,Tiny-GenImage,train,GLIDE_1000_200_01_125_glide_00129.png,data/train-00001-of-00014.parquet,93256
pilot_003394,data/raw/tiny-genimage/images/Real/n01985128_21781.JPEG,0,Real,0,Tiny-GenImage,train,n01985128_21781.JPEG,data/train-00001-of-00014.parquet,81657
pilot_003395,data/raw/tiny-genimage/images/Midjourney/199_midjourney_83.png,1,Midjourney,4,Tiny-GenImage,train,199_midjourney_83.png,data/train-00001-of-00014.parquet,1622864
pilot_003396,data/raw/tiny-genimage/images/Real/n01950731_681.JPEG,0,Real,0,Tiny-GenImage,train,n01950731_681.JPEG,data/train-00001-of-00014.parquet,30006
pilot_003397,data/raw/tiny-genimage/images/SD15/114_sdv5_00120.png,1,SD15,6,Tiny-GenImage,train,114_sdv5_00120.png,data/train-00001-of-00014.parquet,487230
pilot_003398,data/raw/tiny-genimage/images/Real/n01883070_18570.JPEG,0,Real,0,Tiny-GenImage,train,n01883070_18570.JPEG,data/train-00001-of-00014.parquet,131194
pilot_003399,data/raw/tiny-genimage/images/VQDM/VQDM_1000_200_01_132_vqdm_00150.png,1,VQDM,7,Tiny-GenImage,train,VQDM_1000_200_01_132_vqdm_00150.png,data/train-00001-of-00014.parquet,96044
pilot_003400,data/raw/tiny-genimage/images/Real/n01944390_6961.JPEG,0,Real,0,Tiny-GenImage,train,n01944390_6961.JPEG,data/train-00001-of-00014.parquet,135768
pilot_003401,data/raw/tiny-genimage/images/Wukong/204_wukong_image104.png,1,Wukong,8,Tiny-GenImage,train,204_wukong_image104.png,data/train-00001-of-00014.parquet,409408
pilot_003402,data/raw/tiny-genimage/images/Real/n01968897_11512.JPEG,0,Real,0,Tiny-GenImage,train,n01968897_11512.JPEG,data/train-00001-of-00014.parquet,112197
pilot_003403,data/raw/tiny-genimage/images/ADM/211_adm_86.PNG,1,ADM,1,Tiny-GenImage,train,211_adm_86.PNG,data/train-00001-of-00014.parquet,92017
pilot_003404,data/raw/tiny-genimage/images/Real/n01917289_982.JPEG,0,Real,0,Tiny-GenImage,train,n01917289_982.JPEG,data/train-00001-of-00014.parquet,502246
pilot_003405,data/raw/tiny-genimage/images/BigGAN/130_biggan_00156.png,1,BigGAN,2,Tiny-GenImage,train,130_biggan_00156.png,data/train-00001-of-00014.parquet,31792
pilot_003406,data/raw/tiny-genimage/images/Real/n02011460_23713.JPEG,0,Real,0,Tiny-GenImage,train,n02011460_23713.JPEG,data/train-00001-of-00014.parquet,126328
pilot_003407,data/raw/tiny-genimage/images/GLIDE/GLIDE_1000_200_01_127_glide_00066.png,1,GLIDE,3,Tiny-GenImage,train,GLIDE_1000_200_01_127_glide_00066.png,data/train-00001-of-00014.parquet,69898
pilot_003408,data/raw/tiny-genimage/images/Real/n01985128_22021.JPEG,0,Real,0,Tiny-GenImage,train,n01985128_22021.JPEG,data/train-00001-of-00014.parquet,80955
pilot_003409,data/raw/tiny-genimage/images/Midjourney/19_midjourney_14.png,1,Midjourney,4,Tiny-GenImage,train,19_midjourney_14.png,data/train-00001-of-00014.parquet,1152964
pilot_003410,data/raw/tiny-genimage/images/Real/n01950731_8380.JPEG,0,Real,0,Tiny-GenImage,train,n01950731_8380.JPEG,data/train-00001-of-00014.parquet,285645
pilot_003411,data/raw/tiny-genimage/images/SD15/114_sdv5_00129.png,1,SD15,6,Tiny-GenImage,train,114_sdv5_00129.png,data/train-00001-of-00014.parquet,570887
pilot_003412,data/raw/tiny-genimage/images/Real/n01910747_10052.JPEG,0,Real,0,Tiny-GenImage,train,n01910747_10052.JPEG,data/train-00001-of-00014.parquet,110750
pilot_003413,data/raw/tiny-genimage/images/VQDM/VQDM_1000_200_01_133_vqdm_00023.png,1,VQDM,7,Tiny-GenImage,train,VQDM_1000_200_01_133_vqdm_00023.png,data/train-00001-of-00014.parquet,147797
pilot_003414,data/raw/tiny-genimage/images/Real/n01945685_5713.JPEG,0,Real,0,Tiny-GenImage,train,n01945685_5713.JPEG,data/train-00001-of-00014.parquet,171259
pilot_003415,data/raw/tiny-genimage/images/Wukong/205_wukong_image174.png,1,Wukong,8,Tiny-GenImage,train,205_wukong_image174.png,data/train-00001-of-00014.parquet,441758
pilot_003416,data/raw/tiny-genimage/images/Real/n01968897_19889.JPEG,0,Real,0,Tiny-GenImage,train,n01968897_19889.JPEG,data/train-00001-of-00014.parquet,9372
pilot_003417,data/raw/tiny-genimage/images/ADM/214_adm_136.PNG,1,ADM,1,Tiny-GenImage,train,214_adm_136.PNG,data/train-00001-of-00014.parquet,124704
pilot_003418,data/raw/tiny-genimage/images/Real/n01924916_6380.JPEG,0,Real,0,Tiny-GenImage,train,n01924916_6380.JPEG,data/train-00001-of-00014.parquet,225637
pilot_003419,data/raw/tiny-genimage/images/BigGAN/130_biggan_00171.png,1,BigGAN,2,Tiny-GenImage,train,130_biggan_00171.png,data/train-00001-of-00014.parquet,33902
pilot_003420,data/raw/tiny-genimage/images/Real/n02012849_10023.JPEG,0,Real,0,Tiny-GenImage,train,n02012849_10023.JPEG,data/train-00001-of-00014.parquet,206172
pilot_003421,data/raw/tiny-genimage/images/GLIDE/GLIDE_1000_200_01_127_glide_00191.png,1,GLIDE,3,Tiny-GenImage,train,GLIDE_1000_200_01_127_glide_00191.png,data/train-00001-of-00014.parquet,88673
pilot_003422,data/raw/tiny-genimage/images/Real/n01985128_23961.JPEG,0,Real,0,Tiny-GenImage,train,n01985128_23961.JPEG,data/train-00001-of-00014.parquet,67697
pilot_003423,data/raw/tiny-genimage/images/Midjourney/1_midjourney_184.png,1,Midjourney,4,Tiny-GenImage,train,1_midjourney_184.png,data/train-00001-of-00014.parquet,1182433
pilot_003424,data/raw/tiny-genimage/images/Real/n01978287_2986.JPEG,0,Real,0,Tiny-GenImage,train,n01978287_2986.JPEG,data/train-00001-of-00014.parquet,34210
pilot_003425,data/raw/tiny-genimage/images/SD15/115_sdv5_00119.png,1,SD15,6,Tiny-GenImage,train,115_sdv5_00119.png,data/train-00001-of-00014.parquet,528680
pilot_003426,data/raw/tiny-genimage/images/Real/n01910747_1658.JPEG,0,Real,0,Tiny-GenImage,train,n01910747_1658.JPEG,data/train-00001-of-00014.parquet,15543
pilot_003427,data/raw/tiny-genimage/images/VQDM/VQDM_1000_200_01_133_vqdm_00052.png,1,VQDM,7,Tiny-GenImage,train,VQDM_1000_200_01_133_vqdm_00052.png,data/train-00001-of-00014.parquet,125888
pilot_003428,data/raw/tiny-genimage/images/Real/n01950731_16140.JPEG,0,Real,0,Tiny-GenImage,train,n01950731_16140.JPEG,data/train-00001-of-00014.parquet,158020
pilot_003429,data/raw/tiny-genimage/images/Wukong/205_wukong_image20.png,1,Wukong,8,Tiny-GenImage,train,205_wukong_image20.png,data/train-00001-of-00014.parquet,513969
pilot_003430,data/raw/tiny-genimage/images/Real/n01968897_4088.JPEG,0,Real,0,Tiny-GenImage,train,n01968897_4088.JPEG,data/train-00001-of-00014.parquet,51359
pilot_003431,data/raw/tiny-genimage/images/ADM/214_adm_166.PNG,1,ADM,1,Tiny-GenImage,train,214_adm_166.PNG,data/train-00001-of-00014.parquet,141486
pilot_003432,data/raw/tiny-genimage/images/Real/n01930112_1037.JPEG,0,Real,0,Tiny-GenImage,train,n01930112_1037.JPEG,data/train-00001-of-00014.parquet,20453
pilot_003433,data/raw/tiny-genimage/images/BigGAN/131_biggan_00013.png,1,BigGAN,2,Tiny-GenImage,train,131_biggan_00013.png,data/train-00001-of-00014.parquet,38469
pilot_003434,data/raw/tiny-genimage/images/Real/n02012849_1236.JPEG,0,Real,0,Tiny-GenImage,train,n02012849_1236.JPEG,data/train-00001-of-00014.parquet,149675
pilot_003435,data/raw/tiny-genimage/images/GLIDE/GLIDE_1000_200_01_128_glide_00010.png,1,GLIDE,3,Tiny-GenImage,train,GLIDE_1000_200_01_128_glide_00010.png,data/train-00001-of-00014.parquet,95976
pilot_003436,data/raw/tiny-genimage/images/Real/n01986214_15026.JPEG,0,Real,0,Tiny-GenImage,train,n01986214_15026.JPEG,data/train-00001-of-00014.parquet,110256
pilot_003437,data/raw/tiny-genimage/images/Midjourney/200_midjourney_183.png,1,Midjourney,4,Tiny-GenImage,train,200_midjourney_183.png,data/train-00001-of-00014.parquet,671315
pilot_003438,data/raw/tiny-genimage/images/Real/n01978455_7325.JPEG,0,Real,0,Tiny-GenImage,train,n01978455_7325.JPEG,data/train-00001-of-00014.parquet,136864
pilot_003439,data/raw/tiny-genimage/images/SD15/116_sdv5_00111.png,1,SD15,6,Tiny-GenImage,train,116_sdv5_00111.png,data/train-00001-of-00014.parquet,450335
pilot_003440,data/raw/tiny-genimage/images/Real/n01914609_5453.JPEG,0,Real,0,Tiny-GenImage,train,n01914609_5453.JPEG,data/train-00001-of-00014.parquet,91643
pilot_003441,data/raw/tiny-genimage/images/VQDM/VQDM_1000_200_01_133_vqdm_00054.png,1,VQDM,7,Tiny-GenImage,train,VQDM_1000_200_01_133_vqdm_00054.png,data/train-00001-of-00014.parquet,170330
pilot_003442,data/raw/tiny-genimage/images/Real/n01950731_2995.JPEG,0,Real,0,Tiny-GenImage,train,n01950731_2995.JPEG,data/train-00001-of-00014.parquet,26767
pilot_003443,data/raw/tiny-genimage/images/Wukong/206_wukong_image165.png,1,Wukong,8,Tiny-GenImage,train,206_wukong_image165.png,data/train-00001-of-00014.parquet,505076
pilot_003444,data/raw/tiny-genimage/images/Real/n01978287_3701.JPEG,0,Real,0,Tiny-GenImage,train,n01978287_3701.JPEG,data/train-00001-of-00014.parquet,37070
pilot_003445,data/raw/tiny-genimage/images/ADM/214_adm_6.PNG,1,ADM,1,Tiny-GenImage,train,214_adm_6.PNG,data/train-00001-of-00014.parquet,99772
pilot_003446,data/raw/tiny-genimage/images/Real/n01930112_15210.JPEG,0,Real,0,Tiny-GenImage,train,n01930112_15210.JPEG,data/train-00001-of-00014.parquet,37400
pilot_003447,data/raw/tiny-genimage/images/BigGAN/131_biggan_00037.png,1,BigGAN,2,Tiny-GenImage,train,131_biggan_00037.png,data/train-00001-of-00014.parquet,35221
pilot_003448,data/raw/tiny-genimage/images/Real/n02012849_14046.JPEG,0,Real,0,Tiny-GenImage,train,n02012849_14046.JPEG,data/train-00001-of-00014.parquet,170226
pilot_003449,data/raw/tiny-genimage/images/GLIDE/GLIDE_1000_200_01_128_glide_00057.png,1,GLIDE,3,Tiny-GenImage,train,GLIDE_1000_200_01_128_glide_00057.png,data/train-00001-of-00014.parquet,62050
pilot_003450,data/raw/tiny-genimage/images/Real/n01986214_9348.JPEG,0,Real,0,Tiny-GenImage,train,n01986214_9348.JPEG,data/train-00001-of-00014.parquet,76163
pilot_003451,data/raw/tiny-genimage/images/Midjourney/201_midjourney_133.png,1,Midjourney,4,Tiny-GenImage,train,201_midjourney_133.png,data/train-00001-of-00014.parquet,1455879
pilot_003452,data/raw/tiny-genimage/images/Real/n01978455_905.JPEG,0,Real,0,Tiny-GenImage,train,n01978455_905.JPEG,data/train-00001-of-00014.parquet,117729
pilot_003453,data/raw/tiny-genimage/images/SD15/116_sdv5_00182.png,1,SD15,6,Tiny-GenImage,train,116_sdv5_00182.png,data/train-00001-of-00014.parquet,430615
pilot_003454,data/raw/tiny-genimage/images/Real/n01914609_8999.JPEG,0,Real,0,Tiny-GenImage,train,n01914609_8999.JPEG,data/train-00001-of-00014.parquet,173830
pilot_003455,data/raw/tiny-genimage/images/VQDM/VQDM_1000_200_01_133_vqdm_00190.png,1,VQDM,7,Tiny-GenImage,train,VQDM_1000_200_01_133_vqdm_00190.png,data/train-00001-of-00014.parquet,159631
pilot_003456,data/raw/tiny-genimage/images/Real/n01955084_17233.JPEG,0,Real,0,Tiny-GenImage,train,n01955084_17233.JPEG,data/train-00001-of-00014.parquet,172527
pilot_003457,data/raw/tiny-genimage/images/Wukong/207_wukong_image117.png,1,Wukong,8,Tiny-GenImage,train,207_wukong_image117.png,data/train-00001-of-00014.parquet,492078
pilot_003458,data/raw/tiny-genimage/images/Real/n01978287_5812.JPEG,0,Real,0,Tiny-GenImage,train,n01978287_5812.JPEG,data/train-00001-of-00014.parquet,174877
pilot_003459,data/raw/tiny-genimage/images/ADM/215_adm_159.PNG,1,ADM,1,Tiny-GenImage,train,215_adm_159.PNG,data/train-00001-of-00014.parquet,141751
pilot_003460,data/raw/tiny-genimage/images/Real/n01943899_12473.JPEG,0,Real,0,Tiny-GenImage,train,n01943899_12473.JPEG,data/train-00001-of-00014.parquet,65574
pilot_003461,data/raw/tiny-genimage/images/BigGAN/131_biggan_00050.png,1,BigGAN,2,Tiny-GenImage,train,131_biggan_00050.png,data/train-00001-of-00014.parquet,37851
pilot_003462,data/raw/tiny-genimage/images/Real/n02012849_5062.JPEG,0,Real,0,Tiny-GenImage,train,n02012849_5062.JPEG,data/train-00001-of-00014.parquet,192746
pilot_003463,data/raw/tiny-genimage/images/GLIDE/GLIDE_1000_200_01_128_glide_00101.png,1,GLIDE,3,Tiny-GenImage,train,GLIDE_1000_200_01_128_glide_00101.png,data/train-00001-of-00014.parquet,68768
pilot_003464,data/raw/tiny-genimage/images/Real/n01990800_10980.JPEG,0,Real,0,Tiny-GenImage,train,n01990800_10980.JPEG,data/train-00001-of-00014.parquet,128742
pilot_003465,data/raw/tiny-genimage/images/Midjourney/201_midjourney_137.png,1,Midjourney,4,Tiny-GenImage,train,201_midjourney_137.png,data/train-00001-of-00014.parquet,916557
pilot_003466,data/raw/tiny-genimage/images/Real/n01978455_9795.JPEG,0,Real,0,Tiny-GenImage,train,n01978455_9795.JPEG,data/train-00001-of-00014.parquet,99879
pilot_003467,data/raw/tiny-genimage/images/SD15/118_sdv5_00179.png,1,SD15,6,Tiny-GenImage,train,118_sdv5_00179.png,data/train-00001-of-00014.parquet,496992
pilot_003468,data/raw/tiny-genimage/images/Real/n01917289_101.JPEG,0,Real,0,Tiny-GenImage,train,n01917289_101.JPEG,data/train-00001-of-00014.parquet,151142
pilot_003469,data/raw/tiny-genimage/images/VQDM/VQDM_1000_200_01_134_vqdm_00098.png,1,VQDM,7,Tiny-GenImage,train,VQDM_1000_200_01_134_vqdm_00098.png,data/train-00001-of-00014.parquet,110616
pilot_003470,data/raw/tiny-genimage/images/Real/n01968897_1918.JPEG,0,Real,0,Tiny-GenImage,train,n01968897_1918.JPEG,data/train-00001-of-00014.parquet,166198
pilot_003471,data/raw/tiny-genimage/images/Wukong/207_wukong_image19.png,1,Wukong,8,Tiny-GenImage,train,207_wukong_image19.png,data/train-00001-of-00014.parquet,565936
pilot_003472,data/raw/tiny-genimage/images/Real/n01978455_1214.JPEG,0,Real,0,Tiny-GenImage,train,n01978455_1214.JPEG,data/train-00001-of-00014.parquet,180176
pilot_003473,data/raw/tiny-genimage/images/ADM/215_adm_83.PNG,1,ADM,1,Tiny-GenImage,train,215_adm_83.PNG,data/train-00001-of-00014.parquet,141597
pilot_003474,data/raw/tiny-genimage/images/Real/n01944390_2297.JPEG,0,Real,0,Tiny-GenImage,train,n01944390_2297.JPEG,data/train-00001-of-00014.parquet,176738
pilot_003475,data/raw/tiny-genimage/images/BigGAN/131_biggan_00186.png,1,BigGAN,2,Tiny-GenImage,train,131_biggan_00186.png,data/train-00001-of-00014.parquet,32560
pilot_003476,data/raw/tiny-genimage/images/Real/n02012849_6083.JPEG,0,Real,0,Tiny-GenImage,train,n02012849_6083.JPEG,data/train-00001-of-00014.parquet,88120
pilot_003477,data/raw/tiny-genimage/images/GLIDE/GLIDE_1000_200_01_128_glide_00106.png,1,GLIDE,3,Tiny-GenImage,train,GLIDE_1000_200_01_128_glide_00106.png,data/train-00001-of-00014.parquet,108073
pilot_003478,data/raw/tiny-genimage/images/Real/n01990800_12884.JPEG,0,Real,0,Tiny-GenImage,train,n01990800_12884.JPEG,data/train-00001-of-00014.parquet,30270
pilot_003479,data/raw/tiny-genimage/images/Midjourney/201_midjourney_175.png,1,Midjourney,4,Tiny-GenImage,train,201_midjourney_175.png,data/train-00001-of-00014.parquet,1304992
pilot_003480,data/raw/tiny-genimage/images/Real/n01980166_2159.JPEG,0,Real,0,Tiny-GenImage,train,n01980166_2159.JPEG,data/train-00001-of-00014.parquet,36175
pilot_003481,data/raw/tiny-genimage/images/SD15/119_sdv5_00033.png,1,SD15,6,Tiny-GenImage,train,119_sdv5_00033.png,data/train-00001-of-00014.parquet,589865
pilot_003482,data/raw/tiny-genimage/images/Real/n01917289_3263.JPEG,0,Real,0,Tiny-GenImage,train,n01917289_3263.JPEG,data/train-00001-of-00014.parquet,277539
pilot_003483,data/raw/tiny-genimage/images/VQDM/VQDM_1000_200_01_134_vqdm_00181.png,1,VQDM,7,Tiny-GenImage,train,VQDM_1000_200_01_134_vqdm_00181.png,data/train-00001-of-00014.parquet,157705
pilot_003484,data/raw/tiny-genimage/images/Real/n01968897_19919.JPEG,0,Real,0,Tiny-GenImage,train,n01968897_19919.JPEG,data/train-00001-of-00014.parquet,65097
pilot_003485,data/raw/tiny-genimage/images/Wukong/208_wukong_image110.png,1,Wukong,8,Tiny-GenImage,train,208_wukong_image110.png,data/train-00001-of-00014.parquet,440977
pilot_003486,data/raw/tiny-genimage/images/Real/n01978455_1580.JPEG,0,Real,0,Tiny-GenImage,train,n01978455_1580.JPEG,data/train-00001-of-00014.parquet,166880
pilot_003487,data/raw/tiny-genimage/images/ADM/215_adm_93.PNG,1,ADM,1,Tiny-GenImage,train,215_adm_93.PNG,data/train-00001-of-00014.parquet,130623
pilot_003488,data/raw/tiny-genimage/images/Real/n01944390_2911.JPEG,0,Real,0,Tiny-GenImage,train,n01944390_2911.JPEG,data/train-00001-of-00014.parquet,50365
pilot_003489,data/raw/tiny-genimage/images/BigGAN/132_biggan_00091.png,1,BigGAN,2,Tiny-GenImage,train,132_biggan_00091.png,data/train-00001-of-00014.parquet,24197
pilot_003490,data/raw/tiny-genimage/images/Real/n02012849_6679.JPEG,0,Real,0,Tiny-GenImage,train,n02012849_6679.JPEG,data/train-00001-of-00014.parquet,158800
pilot_003491,data/raw/tiny-genimage/images/GLIDE/GLIDE_1000_200_01_129_glide_00048.png,1,GLIDE,3,Tiny-GenImage,train,GLIDE_1000_200_01_129_glide_00048.png,data/train-00001-of-00014.parquet,64220
pilot_003492,data/raw/tiny-genimage/images/Real/n01990800_892.JPEG,0,Real,0,Tiny-GenImage,train,n01990800_892.JPEG,data/train-00001-of-00014.parquet,58495
pilot_003493,data/raw/tiny-genimage/images/Midjourney/202_midjourney_105.png,1,Midjourney,4,Tiny-GenImage,train,202_midjourney_105.png,data/train-00001-of-00014.parquet,568447
pilot_003494,data/raw/tiny-genimage/images/Real/n01980166_2254.JPEG,0,Real,0,Tiny-GenImage,train,n01980166_2254.JPEG,data/train-00001-of-00014.parquet,166654
pilot_003495,data/raw/tiny-genimage/images/SD15/119_sdv5_00075.png,1,SD15,6,Tiny-GenImage,train,119_sdv5_00075.png,data/train-00001-of-00014.parquet,488825
pilot_003496,data/raw/tiny-genimage/images/Real/n01917289_5031.JPEG,0,Real,0,Tiny-GenImage,train,n01917289_5031.JPEG,data/train-00001-of-00014.parquet,244622
pilot_003497,data/raw/tiny-genimage/images/VQDM/VQDM_1000_200_01_135_vqdm_00095.png,1,VQDM,7,Tiny-GenImage,train,VQDM_1000_200_01_135_vqdm_00095.png,data/train-00001-of-00014.parquet,117270
pilot_003498,data/raw/tiny-genimage/images/Real/n01968897_20370.JPEG,0,Real,0,Tiny-GenImage,train,n01968897_20370.JPEG,data/train-00001-of-00014.parquet,73080
pilot_003499,data/raw/tiny-genimage/images/Wukong/208_wukong_image192.png,1,Wukong,8,Tiny-GenImage,train,208_wukong_image192.png,data/train-00001-of-00014.parquet,568723
pilot_003500,data/raw/tiny-genimage/images/Real/n01978455_3394.JPEG,0,Real,0,Tiny-GenImage,train,n01978455_3394.JPEG,data/train-00001-of-00014.parquet,187080
pilot_003501,data/raw/tiny-genimage/images/ADM/216_adm_179.PNG,1,ADM,1,Tiny-GenImage,train,216_adm_179.PNG,data/train-00001-of-00014.parquet,88233
pilot_003502,data/raw/tiny-genimage/images/Real/n01944390_4816.JPEG,0,Real,0,Tiny-GenImage,train,n01944390_4816.JPEG,data/train-00001-of-00014.parquet,45405
pilot_003503,data/raw/tiny-genimage/images/BigGAN/134_biggan_00061.png,1,BigGAN,2,Tiny-GenImage,train,134_biggan_00061.png,data/train-00001-of-00014.parquet,37222
pilot_003504,data/raw/tiny-genimage/images/Real/n02012849_8908.JPEG,0,Real,0,Tiny-GenImage,train,n02012849_8908.JPEG,data/train-00001-of-00014.parquet,134408
pilot_003505,data/raw/tiny-genimage/images/GLIDE/GLIDE_1000_200_01_129_glide_00165.png,1,GLIDE,3,Tiny-GenImage,train,GLIDE_1000_200_01_129_glide_00165.png,data/train-00001-of-00014.parquet,88781
pilot_003506,data/raw/tiny-genimage/images/Real/n02002556_1190.JPEG,0,Real,0,Tiny-GenImage,train,n02002556_1190.JPEG,data/train-00001-of-00014.parquet,19995
pilot_003507,data/raw/tiny-genimage/images/Midjourney/203_midjourney_137.png,1,Midjourney,4,Tiny-GenImage,train,203_midjourney_137.png,data/train-00001-of-00014.parquet,631646
pilot_003508,data/raw/tiny-genimage/images/Real/n01980166_4386.JPEG,0,Real,0,Tiny-GenImage,train,n01980166_4386.JPEG,data/train-00001-of-00014.parquet,154861
pilot_003509,data/raw/tiny-genimage/images/SD15/119_sdv5_00098.png,1,SD15,6,Tiny-GenImage,train,119_sdv5_00098.png,data/train-00001-of-00014.parquet,435254
pilot_003510,data/raw/tiny-genimage/images/Real/n01924916_12166.JPEG,0,Real,0,Tiny-GenImage,train,n01924916_12166.JPEG,data/train-00001-of-00014.parquet,60575
pilot_003511,data/raw/tiny-genimage/images/VQDM/VQDM_1000_200_01_135_vqdm_00107.png,1,VQDM,7,Tiny-GenImage,train,VQDM_1000_200_01_135_vqdm_00107.png,data/train-00001-of-00014.parquet,126183
pilot_003512,data/raw/tiny-genimage/images/Real/n01968897_8554.JPEG,0,Real,0,Tiny-GenImage,train,n01968897_8554.JPEG,data/train-00001-of-00014.parquet,2578
pilot_003513,data/raw/tiny-genimage/images/Wukong/208_wukong_image57.png,1,Wukong,8,Tiny-GenImage,train,208_wukong_image57.png,data/train-00001-of-00014.parquet,397106
pilot_003514,data/raw/tiny-genimage/images/Real/n01978455_4439.JPEG,0,Real,0,Tiny-GenImage,train,n01978455_4439.JPEG,data/train-00001-of-00014.parquet,116379
pilot_003515,data/raw/tiny-genimage/images/ADM/217_adm_168.PNG,1,ADM,1,Tiny-GenImage,train,217_adm_168.PNG,data/train-00001-of-00014.parquet,104460
pilot_003516,data/raw/tiny-genimage/images/Real/n01944390_5744.JPEG,0,Real,0,Tiny-GenImage,train,n01944390_5744.JPEG,data/train-00001-of-00014.parquet,42828
pilot_003517,data/raw/tiny-genimage/images/BigGAN/134_biggan_00110.png,1,BigGAN,2,Tiny-GenImage,train,134_biggan_00110.png,data/train-00001-of-00014.parquet,36873
pilot_003518,data/raw/tiny-genimage/images/Real/n02013706_7063.JPEG,0,Real,0,Tiny-GenImage,train,n02013706_7063.JPEG,data/train-00001-of-00014.parquet,192596
pilot_003519,data/raw/tiny-genimage/images/GLIDE/GLIDE_1000_200_01_129_glide_00178.png,1,GLIDE,3,Tiny-GenImage,train,GLIDE_1000_200_01_129_glide_00178.png,data/train-00001-of-00014.parquet,95679
pilot_003520,data/raw/tiny-genimage/images/Real/n02002556_1651.JPEG,0,Real,0,Tiny-GenImage,train,n02002556_1651.JPEG,data/train-00001-of-00014.parquet,162585
pilot_003521,data/raw/tiny-genimage/images/Midjourney/203_midjourney_159.png,1,Midjourney,4,Tiny-GenImage,train,203_midjourney_159.png,data/train-00001-of-00014.parquet,1507232
pilot_003522,data/raw/tiny-genimage/images/Real/n01980166_5844.JPEG,0,Real,0,Tiny-GenImage,train,n01980166_5844.JPEG,data/train-00001-of-00014.parquet,87947
pilot_003523,data/raw/tiny-genimage/images/SD15/119_sdv5_00170.png,1,SD15,6,Tiny-GenImage,train,119_sdv5_00170.png,data/train-00001-of-00014.parquet,398961
pilot_003524,data/raw/tiny-genimage/images/Real/n01924916_13657.JPEG,0,Real,0,Tiny-GenImage,train,n01924916_13657.JPEG,data/train-00001-of-00014.parquet,246015
pilot_003525,data/raw/tiny-genimage/images/VQDM/VQDM_1000_200_01_135_vqdm_00169.png,1,VQDM,7,Tiny-GenImage,train,VQDM_1000_200_01_135_vqdm_00169.png,data/train-00001-of-00014.parquet,126654
pilot_003526,data/raw/tiny-genimage/images/Real/n01978287_9936.JPEG,0,Real,0,Tiny-GenImage,train,n01978287_9936.JPEG,data/train-00001-of-00014.parquet,174496
pilot_003527,data/raw/tiny-genimage/images/Wukong/209_wukong_image1.png,1,Wukong,8,Tiny-GenImage,train,209_wukong_image1.png,data/train-00001-of-00014.parquet,493255
pilot_003528,data/raw/tiny-genimage/images/Real/n01978455_6918.JPEG,0,Real,0,Tiny-GenImage,train,n01978455_6918.JPEG,data/train-00001-of-00014.parquet,209240
pilot_003529,data/raw/tiny-genimage/images/ADM/217_adm_95.PNG,1,ADM,1,Tiny-GenImage,train,217_adm_95.PNG,data/train-00001-of-00014.parquet,128935
pilot_003530,data/raw/tiny-genimage/images/Real/n01945685_11117.JPEG,0,Real,0,Tiny-GenImage,train,n01945685_11117.JPEG,data/train-00001-of-00014.parquet,179275
pilot_003531,data/raw/tiny-genimage/images/BigGAN/135_biggan_00075.png,1,BigGAN,2,Tiny-GenImage,train,135_biggan_00075.png,data/train-00001-of-00014.parquet,41499
pilot_003532,data/raw/tiny-genimage/images/Real/n02018795_15963.JPEG,0,Real,0,Tiny-GenImage,train,n02018795_15963.JPEG,data/train-00001-of-00014.parquet,175480
pilot_003533,data/raw/tiny-genimage/images/GLIDE/GLIDE_1000_200_01_130_glide_00165.png,1,GLIDE,3,Tiny-GenImage,train,GLIDE_1000_200_01_130_glide_00165.png,data/train-00001-of-00014.parquet,81010
pilot_003534,data/raw/tiny-genimage/images/Real/n02002724_12532.JPEG,0,Real,0,Tiny-GenImage,train,n02002724_12532.JPEG,data/train-00001-of-00014.parquet,111273
pilot_003535,data/raw/tiny-genimage/images/Midjourney/203_midjourney_170.png,1,Midjourney,4,Tiny-GenImage,train,203_midjourney_170.png,data/train-00001-of-00014.parquet,1521041
pilot_003536,data/raw/tiny-genimage/images/Real/n01980166_9573.JPEG,0,Real,0,Tiny-GenImage,train,n01980166_9573.JPEG,data/train-00001-of-00014.parquet,183814
pilot_003537,data/raw/tiny-genimage/images/SD15/120_sdv5_00059.png,1,SD15,6,Tiny-GenImage,train,120_sdv5_00059.png,data/train-00001-of-00014.parquet,511157
pilot_003538,data/raw/tiny-genimage/images/Real/n01930112_17096.JPEG,0,Real,0,Tiny-GenImage,train,n01930112_17096.JPEG,data/train-00001-of-00014.parquet,7638
pilot_003539,data/raw/tiny-genimage/images/VQDM/VQDM_1000_200_01_136_vqdm_00109.png,1,VQDM,7,Tiny-GenImage,train,VQDM_1000_200_01_136_vqdm_00109.png,data/train-00001-of-00014.parquet,99027
pilot_003540,data/raw/tiny-genimage/images/Real/n01978455_8326.JPEG,0,Real,0,Tiny-GenImage,train,n01978455_8326.JPEG,data/train-00001-of-00014.parquet,72903
pilot_003541,data/raw/tiny-genimage/images/Wukong/209_wukong_image141.png,1,Wukong,8,Tiny-GenImage,train,209_wukong_image141.png,data/train-00001-of-00014.parquet,489128
pilot_003542,data/raw/tiny-genimage/images/Real/n01978455_7564.JPEG,0,Real,0,Tiny-GenImage,train,n01978455_7564.JPEG,data/train-00001-of-00014.parquet,127411
pilot_003543,data/raw/tiny-genimage/images/ADM/218_adm_185.PNG,1,ADM,1,Tiny-GenImage,train,218_adm_185.PNG,data/train-00001-of-00014.parquet,102900
pilot_003544,data/raw/tiny-genimage/images/Real/n01945685_2446.JPEG,0,Real,0,Tiny-GenImage,train,n01945685_2446.JPEG,data/train-00001-of-00014.parquet,175605
pilot_003545,data/raw/tiny-genimage/images/BigGAN/136_biggan_00021.png,1,BigGAN,2,Tiny-GenImage,train,136_biggan_00021.png,data/train-00001-of-00014.parquet,35719
pilot_003546,data/raw/tiny-genimage/images/Real/n02025239_4278.JPEG,0,Real,0,Tiny-GenImage,train,n02025239_4278.JPEG,data/train-00001-of-00014.parquet,129633
pilot_003547,data/raw/tiny-genimage/images/GLIDE/GLIDE_1000_200_01_132_glide_00187.png,1,GLIDE,3,Tiny-GenImage,train,GLIDE_1000_200_01_132_glide_00187.png,data/train-00001-of-00014.parquet,61008
pilot_003548,data/raw/tiny-genimage/images/Real/n02002724_1671.JPEG,0,Real,0,Tiny-GenImage,train,n02002724_1671.JPEG,data/train-00001-of-00014.parquet,65136
pilot_003549,data/raw/tiny-genimage/images/Midjourney/206_midjourney_127.png,1,Midjourney,4,Tiny-GenImage,train,206_midjourney_127.png,data/train-00001-of-00014.parquet,1105285
pilot_003550,data/raw/tiny-genimage/images/Real/n01980166_979.JPEG,0,Real,0,Tiny-GenImage,train,n01980166_979.JPEG,data/train-00001-of-00014.parquet,187185
pilot_003551,data/raw/tiny-genimage/images/SD15/121_sdv5_00190.png,1,SD15,6,Tiny-GenImage,train,121_sdv5_00190.png,data/train-00001-of-00014.parquet,574759
pilot_003552,data/raw/tiny-genimage/images/Real/n01930112_6853.JPEG,0,Real,0,Tiny-GenImage,train,n01930112_6853.JPEG,data/train-00001-of-00014.parquet,84407
pilot_003553,data/raw/tiny-genimage/images/VQDM/VQDM_1000_200_01_137_vqdm_00172.png,1,VQDM,7,Tiny-GenImage,train,VQDM_1000_200_01_137_vqdm_00172.png,data/train-00001-of-00014.parquet,88806
pilot_003554,data/raw/tiny-genimage/images/Real/n01978455_9904.JPEG,0,Real,0,Tiny-GenImage,train,n01978455_9904.JPEG,data/train-00001-of-00014.parquet,181451
pilot_003555,data/raw/tiny-genimage/images/Wukong/209_wukong_image31.png,1,Wukong,8,Tiny-GenImage,train,209_wukong_image31.png,data/train-00001-of-00014.parquet,502343
pilot_003556,data/raw/tiny-genimage/images/Real/n01978455_9871.JPEG,0,Real,0,Tiny-GenImage,train,n01978455_9871.JPEG,data/train-00001-of-00014.parquet,330192
pilot_003557,data/raw/tiny-genimage/images/ADM/219_adm_146.PNG,1,ADM,1,Tiny-GenImage,train,219_adm_146.PNG,data/train-00001-of-00014.parquet,116935
pilot_003558,data/raw/tiny-genimage/images/Real/n01950731_14487.JPEG,0,Real,0,Tiny-GenImage,train,n01950731_14487.JPEG,data/train-00001-of-00014.parquet,189857
pilot_003559,data/raw/tiny-genimage/images/BigGAN/136_biggan_00055.png,1,BigGAN,2,Tiny-GenImage,train,136_biggan_00055.png,data/train-00001-of-00014.parquet,34245
pilot_003560,data/raw/tiny-genimage/images/Real/n02025239_9786.JPEG,0,Real,0,Tiny-GenImage,train,n02025239_9786.JPEG,data/train-00001-of-00014.parquet,91021
pilot_003561,data/raw/tiny-genimage/images/GLIDE/GLIDE_1000_200_01_133_glide_00111.png,1,GLIDE,3,Tiny-GenImage,train,GLIDE_1000_200_01_133_glide_00111.png,data/train-00001-of-00014.parquet,117794
pilot_003562,data/raw/tiny-genimage/images/Real/n02002724_5575.JPEG,0,Real,0,Tiny-GenImage,train,n02002724_5575.JPEG,data/train-00001-of-00014.parquet,87186
pilot_003563,data/raw/tiny-genimage/images/Midjourney/206_midjourney_20.png,1,Midjourney,4,Tiny-GenImage,train,206_midjourney_20.png,data/train-00001-of-00014.parquet,1320493
pilot_003564,data/raw/tiny-genimage/images/Real/n01984695_63544.JPEG,0,Real,0,Tiny-GenImage,train,n01984695_63544.JPEG,data/train-00001-of-00014.parquet,197035
pilot_003565,data/raw/tiny-genimage/images/SD15/123_sdv5_00018.png,1,SD15,6,Tiny-GenImage,train,123_sdv5_00018.png,data/train-00001-of-00014.parquet,536051
pilot_003566,data/raw/tiny-genimage/images/Real/n01930112_944.JPEG,0,Real,0,Tiny-GenImage,train,n01930112_944.JPEG,data/train-00001-of-00014.parquet,1990
pilot_003567,data/raw/tiny-genimage/images/VQDM/VQDM_1000_200_01_139_vqdm_00045.png,1,VQDM,7,Tiny-GenImage,train,VQDM_1000_200_01_139_vqdm_00045.png,data/train-00001-of-00014.parquet,112247
pilot_003568,data/raw/tiny-genimage/images/Real/n01980166_4089.JPEG,0,Real,0,Tiny-GenImage,train,n01980166_4089.JPEG,data/train-00001-of-00014.parquet,152353
pilot_003569,data/raw/tiny-genimage/images/Wukong/209_wukong_image90.png,1,Wukong,8,Tiny-GenImage,train,209_wukong_image90.png,data/train-00001-of-00014.parquet,485896
pilot_003570,data/raw/tiny-genimage/images/Real/n01980166_1012.JPEG,0,Real,0,Tiny-GenImage,train,n01980166_1012.JPEG,data/train-00001-of-00014.parquet,131907
pilot_003571,data/raw/tiny-genimage/images/ADM/21_adm_100.PNG,1,ADM,1,Tiny-GenImage,train,21_adm_100.PNG,data/train-00001-of-00014.parquet,116748
pilot_003572,data/raw/tiny-genimage/images/Real/n01950731_15750.JPEG,0,Real,0,Tiny-GenImage,train,n01950731_15750.JPEG,data/train-00001-of-00014.parquet,223860
pilot_003573,data/raw/tiny-genimage/images/BigGAN/136_biggan_00057.png,1,BigGAN,2,Tiny-GenImage,train,136_biggan_00057.png,data/train-00001-of-00014.parquet,37376
pilot_003574,data/raw/tiny-genimage/images/Real/n02027492_1320.JPEG,0,Real,0,Tiny-GenImage,train,n02027492_1320.JPEG,data/train-00001-of-00014.parquet,108864
pilot_003575,data/raw/tiny-genimage/images/GLIDE/GLIDE_1000_200_01_133_glide_00154.png,1,GLIDE,3,Tiny-GenImage,train,GLIDE_1000_200_01_133_glide_00154.png,data/train-00001-of-00014.parquet,110810
pilot_003576,data/raw/tiny-genimage/images/Real/n02002724_6766.JPEG,0,Real,0,Tiny-GenImage,train,n02002724_6766.JPEG,data/train-00001-of-00014.parquet,182597
pilot_003577,data/raw/tiny-genimage/images/Midjourney/206_midjourney_58.png,1,Midjourney,4,Tiny-GenImage,train,206_midjourney_58.png,data/train-00001-of-00014.parquet,543063
pilot_003578,data/raw/tiny-genimage/images/Real/n01985128_10805.JPEG,0,Real,0,Tiny-GenImage,train,n01985128_10805.JPEG,data/train-00001-of-00014.parquet,168606
pilot_003579,data/raw/tiny-genimage/images/SD15/123_sdv5_00024.png,1,SD15,6,Tiny-GenImage,train,123_sdv5_00024.png,data/train-00001-of-00014.parquet,607707
pilot_003580,data/raw/tiny-genimage/images/Real/n01943899_16448.JPEG,0,Real,0,Tiny-GenImage,train,n01943899_16448.JPEG,data/train-00001-of-00014.parquet,49984
pilot_003581,data/raw/tiny-genimage/images/VQDM/VQDM_1000_200_01_139_vqdm_00105.png,1,VQDM,7,Tiny-GenImage,train,VQDM_1000_200_01_139_vqdm_00105.png,data/train-00001-of-00014.parquet,122361
pilot_003582,data/raw/tiny-genimage/images/Real/n01980166_5819.JPEG,0,Real,0,Tiny-GenImage,train,n01980166_5819.JPEG,data/train-00001-of-00014.parquet,127783
pilot_003583,data/raw/tiny-genimage/images/Wukong/20_wukong_image121.png,1,Wukong,8,Tiny-GenImage,train,20_wukong_image121.png,data/train-00001-of-00014.parquet,552326
pilot_003584,data/raw/tiny-genimage/images/Real/n01980166_1213.JPEG,0,Real,0,Tiny-GenImage,train,n01980166_1213.JPEG,data/train-00001-of-00014.parquet,220914
pilot_003585,data/raw/tiny-genimage/images/ADM/21_adm_116.PNG,1,ADM,1,Tiny-GenImage,train,21_adm_116.PNG,data/train-00001-of-00014.parquet,59757
pilot_003586,data/raw/tiny-genimage/images/Real/n01950731_1915.JPEG,0,Real,0,Tiny-GenImage,train,n01950731_1915.JPEG,data/train-00001-of-00014.parquet,356581
pilot_003587,data/raw/tiny-genimage/images/BigGAN/137_biggan_00006.png,1,BigGAN,2,Tiny-GenImage,train,137_biggan_00006.png,data/train-00001-of-00014.parquet,23889
pilot_003588,data/raw/tiny-genimage/images/Real/n02027492_7600.JPEG,0,Real,0,Tiny-GenImage,train,n02027492_7600.JPEG,data/train-00001-of-00014.parquet,106719
pilot_003589,data/raw/tiny-genimage/images/GLIDE/GLIDE_1000_200_01_134_glide_00008.png,1,GLIDE,3,Tiny-GenImage,train,GLIDE_1000_200_01_134_glide_00008.png,data/train-00001-of-00014.parquet,69556
pilot_003590,data/raw/tiny-genimage/images/Real/n02002724_9629.JPEG,0,Real,0,Tiny-GenImage,train,n02002724_9629.JPEG,data/train-00001-of-00014.parquet,182642
pilot_003591,data/raw/tiny-genimage/images/Midjourney/206_midjourney_6.png,1,Midjourney,4,Tiny-GenImage,train,206_midjourney_6.png,data/train-00001-of-00014.parquet,928972
pilot_003592,data/raw/tiny-genimage/images/Real/n01985128_25573.JPEG,0,Real,0,Tiny-GenImage,train,n01985128_25573.JPEG,data/train-00001-of-00014.parquet,171951
pilot_003593,data/raw/tiny-genimage/images/SD15/123_sdv5_00139.png,1,SD15,6,Tiny-GenImage,train,123_sdv5_00139.png,data/train-00001-of-00014.parquet,551987
pilot_003594,data/raw/tiny-genimage/images/Real/n01943899_34494.JPEG,0,Real,0,Tiny-GenImage,train,n01943899_34494.JPEG,data/train-00001-of-00014.parquet,150342
pilot_003595,data/raw/tiny-genimage/images/VQDM/VQDM_1000_200_01_140_vqdm_00160.png,1,VQDM,7,Tiny-GenImage,train,VQDM_1000_200_01_140_vqdm_00160.png,data/train-00001-of-00014.parquet,106626
pilot_003596,data/raw/tiny-genimage/images/Real/n01981276_11641.JPEG,0,Real,0,Tiny-GenImage,train,n01981276_11641.JPEG,data/train-00001-of-00014.parquet,154215
pilot_003597,data/raw/tiny-genimage/images/Wukong/210_wukong_image110.png,1,Wukong,8,Tiny-GenImage,train,210_wukong_image110.png,data/train-00001-of-00014.parquet,432163
pilot_003598,data/raw/tiny-genimage/images/Real/n01980166_2721.JPEG,0,Real,0,Tiny-GenImage,train,n01980166_2721.JPEG,data/train-00001-of-00014.parquet,128406
pilot_003599,data/raw/tiny-genimage/images/ADM/21_adm_32.PNG,1,ADM,1,Tiny-GenImage,train,21_adm_32.PNG,data/train-00001-of-00014.parquet,70973
pilot_003600,data/raw/tiny-genimage/images/Real/n01955084_1607.JPEG,0,Real,0,Tiny-GenImage,train,n01955084_1607.JPEG,data/train-00001-of-00014.parquet,120601
pilot_003601,data/raw/tiny-genimage/images/BigGAN/137_biggan_00148.png,1,BigGAN,2,Tiny-GenImage,train,137_biggan_00148.png,data/train-00001-of-00014.parquet,23099
pilot_003602,data/raw/tiny-genimage/images/Real/n02028035_22176.JPEG,0,Real,0,Tiny-GenImage,train,n02028035_22176.JPEG,data/train-00001-of-00014.parquet,135711
pilot_003603,data/raw/tiny-genimage/images/GLIDE/GLIDE_1000_200_01_134_glide_00086.png,1,GLIDE,3,Tiny-GenImage,train,GLIDE_1000_200_01_134_glide_00086.png,data/train-00001-of-00014.parquet,75339
pilot_003604,data/raw/tiny-genimage/images/Real/n02006656_1808.JPEG,0,Real,0,Tiny-GenImage,train,n02006656_1808.JPEG,data/train-00001-of-00014.parquet,115568
pilot_003605,data/raw/tiny-genimage/images/Midjourney/208_midjourney_107.png,1,Midjourney,4,Tiny-GenImage,train,208_midjourney_107.png,data/train-00001-of-00014.parquet,1422338
pilot_003606,data/raw/tiny-genimage/images/Real/n01990800_7758.JPEG,0,Real,0,Tiny-GenImage,train,n01990800_7758.JPEG,data/train-00001-of-00014.parquet,42967
pilot_003607,data/raw/tiny-genimage/images/SD15/124_sdv5_00108.png,1,SD15,6,Tiny-GenImage,train,124_sdv5_00108.png,data/train-00001-of-00014.parquet,590456
pilot_003608,data/raw/tiny-genimage/images/Real/n01944390_20445.JPEG,0,Real,0,Tiny-GenImage,train,n01944390_20445.JPEG,data/train-00001-of-00014.parquet,143686
pilot_003609,data/raw/tiny-genimage/images/VQDM/VQDM_1000_200_01_140_vqdm_00185.png,1,VQDM,7,Tiny-GenImage,train,VQDM_1000_200_01_140_vqdm_00185.png,data/train-00001-of-00014.parquet,92713
pilot_003610,data/raw/tiny-genimage/images/Real/n01981276_23043.JPEG,0,Real,0,Tiny-GenImage,train,n01981276_23043.JPEG,data/train-00001-of-00014.parquet,229408
pilot_003611,data/raw/tiny-genimage/images/Wukong/210_wukong_image35.png,1,Wukong,8,Tiny-GenImage,train,210_wukong_image35.png,data/train-00001-of-00014.parquet,484828
pilot_003612,data/raw/tiny-genimage/images/Real/n01980166_3074.JPEG,0,Real,0,Tiny-GenImage,train,n01980166_3074.JPEG,data/train-00001-of-00014.parquet,198672
pilot_003613,data/raw/tiny-genimage/images/ADM/21_adm_74.PNG,1,ADM,1,Tiny-GenImage,train,21_adm_74.PNG,data/train-00001-of-00014.parquet,80670
pilot_003614,data/raw/tiny-genimage/images/Real/n01955084_6525.JPEG,0,Real,0,Tiny-GenImage,train,n01955084_6525.JPEG,data/train-00001-of-00014.parquet,149885
pilot_003615,data/raw/tiny-genimage/images/BigGAN/138_biggan_00189.png,1,BigGAN,2,Tiny-GenImage,train,138_biggan_00189.png,data/train-00001-of-00014.parquet,32895
pilot_003616,data/raw/tiny-genimage/images/Real/n02028035_9183.JPEG,0,Real,0,Tiny-GenImage,train,n02028035_9183.JPEG,data/train-00001-of-00014.parquet,64223
pilot_003617,data/raw/tiny-genimage/images/GLIDE/GLIDE_1000_200_01_137_glide_00024.png,1,GLIDE,3,Tiny-GenImage,train,GLIDE_1000_200_01_137_glide_00024.png,data/train-00001-of-00014.parquet,67003
pilot_003618,data/raw/tiny-genimage/images/Real/n02006656_2726.JPEG,0,Real,0,Tiny-GenImage,train,n02006656_2726.JPEG,data/train-00001-of-00014.parquet,145628
pilot_003619,data/raw/tiny-genimage/images/Midjourney/208_midjourney_137.png,1,Midjourney,4,Tiny-GenImage,train,208_midjourney_137.png,data/train-00001-of-00014.parquet,796036
pilot_003620,data/raw/tiny-genimage/images/Real/n02002556_1393.JPEG,0,Real,0,Tiny-GenImage,train,n02002556_1393.JPEG,data/train-00001-of-00014.parquet,19651
pilot_003621,data/raw/tiny-genimage/images/SD15/125_sdv5_00048.png,1,SD15,6,Tiny-GenImage,train,125_sdv5_00048.png,data/train-00001-of-00014.parquet,536603
pilot_003622,data/raw/tiny-genimage/images/Real/n01944390_20870.JPEG,0,Real,0,Tiny-GenImage,train,n01944390_20870.JPEG,data/train-00001-of-00014.parquet,136463
pilot_003623,data/raw/tiny-genimage/images/VQDM/VQDM_1000_200_01_141_vqdm_00072.png,1,VQDM,7,Tiny-GenImage,train,VQDM_1000_200_01_141_vqdm_00072.png,data/train-00001-of-00014.parquet,99269
pilot_003624,data/raw/tiny-genimage/images/Real/n01983481_7236.JPEG,0,Real,0,Tiny-GenImage,train,n01983481_7236.JPEG,data/train-00001-of-00014.parquet,161300
pilot_003625,data/raw/tiny-genimage/images/Wukong/210_wukong_image47.png,1,Wukong,8,Tiny-GenImage,train,210_wukong_image47.png,data/train-00001-of-00014.parquet,366489
pilot_003626,data/raw/tiny-genimage/images/Real/n01980166_32.JPEG,0,Real,0,Tiny-GenImage,train,n01980166_32.JPEG,data/train-00001-of-00014.parquet,119027
pilot_003627,data/raw/tiny-genimage/images/ADM/220_adm_17.PNG,1,ADM,1,Tiny-GenImage,train,220_adm_17.PNG,data/train-00001-of-00014.parquet,114736
pilot_003628,data/raw/tiny-genimage/images/Real/n01955084_7409.JPEG,0,Real,0,Tiny-GenImage,train,n01955084_7409.JPEG,data/train-00001-of-00014.parquet,234468
pilot_003629,data/raw/tiny-genimage/images/BigGAN/139_biggan_00144.png,1,BigGAN,2,Tiny-GenImage,train,139_biggan_00144.png,data/train-00001-of-00014.parquet,38028
pilot_003630,data/raw/tiny-genimage/images/Real/n02028035_9362.JPEG,0,Real,0,Tiny-GenImage,train,n02028035_9362.JPEG,data/train-00001-of-00014.parquet,104639
pilot_003631,data/raw/tiny-genimage/images/GLIDE/GLIDE_1000_200_01_137_glide_00053.png,1,GLIDE,3,Tiny-GenImage,train,GLIDE_1000_200_01_137_glide_00053.png,data/train-00001-of-00014.parquet,57486
pilot_003632,data/raw/tiny-genimage/images/Real/n02006656_3739.JPEG,0,Real,0,Tiny-GenImage,train,n02006656_3739.JPEG,data/train-00001-of-00014.parquet,104488
pilot_003633,data/raw/tiny-genimage/images/Midjourney/208_midjourney_199.png,1,Midjourney,4,Tiny-GenImage,train,208_midjourney_199.png,data/train-00001-of-00014.parquet,847714
pilot_003634,data/raw/tiny-genimage/images/Real/n02002556_19704.JPEG,0,Real,0,Tiny-GenImage,train,n02002556_19704.JPEG,data/train-00001-of-00014.parquet,94395
pilot_003635,data/raw/tiny-genimage/images/SD15/126_sdv5_00105.png,1,SD15,6,Tiny-GenImage,train,126_sdv5_00105.png,data/train-00001-of-00014.parquet,478961
pilot_003636,data/raw/tiny-genimage/images/Real/n01944390_31773.JPEG,0,Real,0,Tiny-GenImage,train,n01944390_31773.JPEG,data/train-00001-of-00014.parquet,157332
pilot_003637,data/raw/tiny-genimage/images/VQDM/VQDM_1000_200_01_141_vqdm_00110.png,1,VQDM,7,Tiny-GenImage,train,VQDM_1000_200_01_141_vqdm_00110.png,data/train-00001-of-00014.parquet,116123
pilot_003638,data/raw/tiny-genimage/images/Real/n01984695_17290.JPEG,0,Real,0,Tiny-GenImage,train,n01984695_17290.JPEG,data/train-00001-of-00014.parquet,164989
pilot_003639,data/raw/tiny-genimage/images/Wukong/210_wukong_image57.png,1,Wukong,8,Tiny-GenImage,train,210_wukong_image57.png,data/train-00001-of-00014.parquet,496693
pilot_003640,data/raw/tiny-genimage/images/Real/n01980166_8362.JPEG,0,Real,0,Tiny-GenImage,train,n01980166_8362.JPEG,data/train-00001-of-00014.parquet,136596
pilot_003641,data/raw/tiny-genimage/images/ADM/220_adm_53.PNG,1,ADM,1,Tiny-GenImage,train,220_adm_53.PNG,data/train-00001-of-00014.parquet,126692
pilot_003642,data/raw/tiny-genimage/images/Real/n01968897_2709.JPEG,0,Real,0,Tiny-GenImage,train,n01968897_2709.JPEG,data/train-00001-of-00014.parquet,61313
pilot_003643,data/raw/tiny-genimage/images/BigGAN/139_biggan_00166.png,1,BigGAN,2,Tiny-GenImage,train,139_biggan_00166.png,data/train-00001-of-00014.parquet,32915
pilot_003644,data/raw/tiny-genimage/images/Real/n02033041_1718.JPEG,0,Real,0,Tiny-GenImage,train,n02033041_1718.JPEG,data/train-00001-of-00014.parquet,116776
pilot_003645,data/raw/tiny-genimage/images/GLIDE/GLIDE_1000_200_01_137_glide_00058.png,1,GLIDE,3,Tiny-GenImage,train,GLIDE_1000_200_01_137_glide_00058.png,data/train-00001-of-00014.parquet,103143
pilot_003646,data/raw/tiny-genimage/images/Real/n02007558_10684.JPEG,0,Real,0,Tiny-GenImage,train,n02007558_10684.JPEG,data/train-00001-of-00014.parquet,154810
pilot_003647,data/raw/tiny-genimage/images/Midjourney/208_midjourney_96.png,1,Midjourney,4,Tiny-GenImage,train,208_midjourney_96.png,data/train-00001-of-00014.parquet,608719
pilot_003648,data/raw/tiny-genimage/images/Real/n02002556_6936.JPEG,0,Real,0,Tiny-GenImage,train,n02002556_6936.JPEG,data/train-00001-of-00014.parquet,153956
pilot_003649,data/raw/tiny-genimage/images/SD15/128_sdv5_00148.png,1,SD15,6,Tiny-GenImage,train,128_sdv5_00148.png,data/train-00001-of-00014.parquet,414433
pilot_003650,data/raw/tiny-genimage/images/Real/n01944390_6534.JPEG,0,Real,0,Tiny-GenImage,train,n01944390_6534.JPEG,data/train-00001-of-00014.parquet,81099
pilot_003651,data/raw/tiny-genimage/images/VQDM/VQDM_1000_200_01_141_vqdm_00153.png,1,VQDM,7,Tiny-GenImage,train,VQDM_1000_200_01_141_vqdm_00153.png,data/train-00001-of-00014.parquet,93669
pilot_003652,data/raw/tiny-genimage/images/Real/n01984695_45690.JPEG,0,Real,0,Tiny-GenImage,train,n01984695_45690.JPEG,data/train-00001-of-00014.parquet,170195
pilot_003653,data/raw/tiny-genimage/images/Wukong/211_wukong_image114.png,1,Wukong,8,Tiny-GenImage,train,211_wukong_image114.png,data/train-00001-of-00014.parquet,501210
pilot_003654,data/raw/tiny-genimage/images/Real/n01981276_21458.JPEG,0,Real,0,Tiny-GenImage,train,n01981276_21458.JPEG,data/train-00001-of-00014.parquet,23460
pilot_003655,data/raw/tiny-genimage/images/ADM/220_adm_73.PNG,1,ADM,1,Tiny-GenImage,train,220_adm_73.PNG,data/train-00001-of-00014.parquet,96401
pilot_003656,data/raw/tiny-genimage/images/Real/n01978287_3810.JPEG,0,Real,0,Tiny-GenImage,train,n01978287_3810.JPEG,data/train-00001-of-00014.parquet,125567
pilot_003657,data/raw/tiny-genimage/images/BigGAN/140_biggan_00017.png,1,BigGAN,2,Tiny-GenImage,train,140_biggan_00017.png,data/train-00001-of-00014.parquet,32761
pilot_003658,data/raw/tiny-genimage/images/Real/n02033041_8148.JPEG,0,Real,0,Tiny-GenImage,train,n02033041_8148.JPEG,data/train-00001-of-00014.parquet,168819
pilot_003659,data/raw/tiny-genimage/images/GLIDE/GLIDE_1000_200_01_137_glide_00072.png,1,GLIDE,3,Tiny-GenImage,train,GLIDE_1000_200_01_137_glide_00072.png,data/train-00001-of-00014.parquet,73995
pilot_003660,data/raw/tiny-genimage/images/Real/n02007558_4958.JPEG,0,Real,0,Tiny-GenImage,train,n02007558_4958.JPEG,data/train-00001-of-00014.parquet,142817
pilot_003661,data/raw/tiny-genimage/images/Midjourney/209_midjourney_134.png,1,Midjourney,4,Tiny-GenImage,train,209_midjourney_134.png,data/train-00001-of-00014.parquet,689991
pilot_003662,data/raw/tiny-genimage/images/Real/n02002556_71.JPEG,0,Real,0,Tiny-GenImage,train,n02002556_71.JPEG,data/train-00001-of-00014.parquet,54684
pilot_003663,data/raw/tiny-genimage/images/SD15/130_sdv5_00023.png,1,SD15,6,Tiny-GenImage,train,130_sdv5_00023.png,data/train-00001-of-00014.parquet,366989
pilot_003664,data/raw/tiny-genimage/images/Real/n01945685_1078.JPEG,0,Real,0,Tiny-GenImage,train,n01945685_1078.JPEG,data/train-00001-of-00014.parquet,196263
pilot_003665,data/raw/tiny-genimage/images/VQDM/VQDM_1000_200_01_142_vqdm_00002.png,1,VQDM,7,Tiny-GenImage,train,VQDM_1000_200_01_142_vqdm_00002.png,data/train-00001-of-00014.parquet,104280
pilot_003666,data/raw/tiny-genimage/images/Real/n01985128_15344.JPEG,0,Real,0,Tiny-GenImage,train,n01985128_15344.JPEG,data/train-00001-of-00014.parquet,147192
pilot_003667,data/raw/tiny-genimage/images/Wukong/211_wukong_image26.png,1,Wukong,8,Tiny-GenImage,train,211_wukong_image26.png,data/train-00001-of-00014.parquet,508287
pilot_003668,data/raw/tiny-genimage/images/Real/n01981276_25115.JPEG,0,Real,0,Tiny-GenImage,train,n01981276_25115.JPEG,data/train-00001-of-00014.parquet,197301
pilot_003669,data/raw/tiny-genimage/images/ADM/221_adm_139.PNG,1,ADM,1,Tiny-GenImage,train,221_adm_139.PNG,data/train-00001-of-00014.parquet,89518
pilot_003670,data/raw/tiny-genimage/images/Real/n01978455_1737.JPEG,0,Real,0,Tiny-GenImage,train,n01978455_1737.JPEG,data/train-00001-of-00014.parquet,221759
pilot_003671,data/raw/tiny-genimage/images/BigGAN/140_biggan_00190.png,1,BigGAN,2,Tiny-GenImage,train,140_biggan_00190.png,data/train-00001-of-00014.parquet,27856
pilot_003672,data/raw/tiny-genimage/images/Real/n02033041_8684.JPEG,0,Real,0,Tiny-GenImage,train,n02033041_8684.JPEG,data/train-00001-of-00014.parquet,90614
pilot_003673,data/raw/tiny-genimage/images/GLIDE/GLIDE_1000_200_01_138_glide_00161.png,1,GLIDE,3,Tiny-GenImage,train,GLIDE_1000_200_01_138_glide_00161.png,data/train-00001-of-00014.parquet,89244
pilot_003674,data/raw/tiny-genimage/images/Real/n02009229_16221.JPEG,0,Real,0,Tiny-GenImage,train,n02009229_16221.JPEG,data/train-00001-of-00014.parquet,87705
pilot_003675,data/raw/tiny-genimage/images/Midjourney/209_midjourney_147.png,1,Midjourney,4,Tiny-GenImage,train,209_midjourney_147.png,data/train-00001-of-00014.parquet,1515787
pilot_003676,data/raw/tiny-genimage/images/Real/n02002724_3925.JPEG,0,Real,0,Tiny-GenImage,train,n02002724_3925.JPEG,data/train-00001-of-00014.parquet,55043
pilot_003677,data/raw/tiny-genimage/images/SD15/130_sdv5_00091.png,1,SD15,6,Tiny-GenImage,train,130_sdv5_00091.png,data/train-00001-of-00014.parquet,398464
pilot_003678,data/raw/tiny-genimage/images/Real/n01945685_2063.JPEG,0,Real,0,Tiny-GenImage,train,n01945685_2063.JPEG,data/train-00001-of-00014.parquet,1270805
pilot_003679,data/raw/tiny-genimage/images/VQDM/VQDM_1000_200_01_142_vqdm_00075.png,1,VQDM,7,Tiny-GenImage,train,VQDM_1000_200_01_142_vqdm_00075.png,data/train-00001-of-00014.parquet,118677
pilot_003680,data/raw/tiny-genimage/images/Real/n01985128_25231.JPEG,0,Real,0,Tiny-GenImage,train,n01985128_25231.JPEG,data/train-00001-of-00014.parquet,27666
pilot_003681,data/raw/tiny-genimage/images/Wukong/212_wukong_image103.png,1,Wukong,8,Tiny-GenImage,train,212_wukong_image103.png,data/train-00001-of-00014.parquet,550117
pilot_003682,data/raw/tiny-genimage/images/Real/n01981276_406.JPEG,0,Real,0,Tiny-GenImage,train,n01981276_406.JPEG,data/train-00001-of-00014.parquet,177994
pilot_003683,data/raw/tiny-genimage/images/ADM/221_adm_15.PNG,1,ADM,1,Tiny-GenImage,train,221_adm_15.PNG,data/train-00001-of-00014.parquet,144266
pilot_003684,data/raw/tiny-genimage/images/Real/n01978455_2139.JPEG,0,Real,0,Tiny-GenImage,train,n01978455_2139.JPEG,data/train-00001-of-00014.parquet,180238
pilot_003685,data/raw/tiny-genimage/images/BigGAN/141_biggan_00061.png,1,BigGAN,2,Tiny-GenImage,train,141_biggan_00061.png,data/train-00001-of-00014.parquet,31755
pilot_003686,data/raw/tiny-genimage/images/Real/n02037110_9118.JPEG,0,Real,0,Tiny-GenImage,train,n02037110_9118.JPEG,data/train-00001-of-00014.parquet,112091
pilot_003687,data/raw/tiny-genimage/images/GLIDE/GLIDE_1000_200_01_139_glide_00012.png,1,GLIDE,3,Tiny-GenImage,train,GLIDE_1000_200_01_139_glide_00012.png,data/train-00001-of-00014.parquet,65715
pilot_003688,data/raw/tiny-genimage/images/Real/n02009912_4963.JPEG,0,Real,0,Tiny-GenImage,train,n02009912_4963.JPEG,data/train-00001-of-00014.parquet,596607
pilot_003689,data/raw/tiny-genimage/images/Midjourney/20_midjourney_16.png,1,Midjourney,4,Tiny-GenImage,train,20_midjourney_16.png,data/train-00001-of-00014.parquet,885016
pilot_003690,data/raw/tiny-genimage/images/Real/n02002724_9641.JPEG,0,Real,0,Tiny-GenImage,train,n02002724_9641.JPEG,data/train-00001-of-00014.parquet,75803
pilot_003691,data/raw/tiny-genimage/images/SD15/130_sdv5_00129.png,1,SD15,6,Tiny-GenImage,train,130_sdv5_00129.png,data/train-00001-of-00014.parquet,417554
pilot_003692,data/raw/tiny-genimage/images/Real/n01945685_8254.JPEG,0,Real,0,Tiny-GenImage,train,n01945685_8254.JPEG,data/train-00001-of-00014.parquet,127473
pilot_003693,data/raw/tiny-genimage/images/VQDM/VQDM_1000_200_01_143_vqdm_00114.png,1,VQDM,7,Tiny-GenImage,train,VQDM_1000_200_01_143_vqdm_00114.png,data/train-00001-of-00014.parquet,107576
pilot_003694,data/raw/tiny-genimage/images/Real/n01990800_3907.JPEG,0,Real,0,Tiny-GenImage,train,n01990800_3907.JPEG,data/train-00001-of-00014.parquet,6944
pilot_003695,data/raw/tiny-genimage/images/Wukong/212_wukong_image76.png,1,Wukong,8,Tiny-GenImage,train,212_wukong_image76.png,data/train-00001-of-00014.parquet,582831
pilot_003696,data/raw/tiny-genimage/images/Real/n01983481_10240.JPEG,0,Real,0,Tiny-GenImage,train,n01983481_10240.JPEG,data/train-00001-of-00014.parquet,99603
pilot_003697,data/raw/tiny-genimage/images/ADM/223_adm_25.PNG,1,ADM,1,Tiny-GenImage,train,223_adm_25.PNG,data/train-00001-of-00014.parquet,105696
pilot_003698,data/raw/tiny-genimage/images/Real/n01978455_5666.JPEG,0,Real,0,Tiny-GenImage,train,n01978455_5666.JPEG,data/train-00001-of-00014.parquet,117749
pilot_003699,data/raw/tiny-genimage/images/BigGAN/142_biggan_00111.png,1,BigGAN,2,Tiny-GenImage,train,142_biggan_00111.png,data/train-00001-of-00014.parquet,29816
pilot_003700,data/raw/tiny-genimage/images/Real/n02037110_9416.JPEG,0,Real,0,Tiny-GenImage,train,n02037110_9416.JPEG,data/train-00001-of-00014.parquet,51056
pilot_003701,data/raw/tiny-genimage/images/GLIDE/GLIDE_1000_200_01_139_glide_00017.png,1,GLIDE,3,Tiny-GenImage,train,GLIDE_1000_200_01_139_glide_00017.png,data/train-00001-of-00014.parquet,65579
pilot_003702,data/raw/tiny-genimage/images/Real/n02011460_17049.JPEG,0,Real,0,Tiny-GenImage,train,n02011460_17049.JPEG,data/train-00001-of-00014.parquet,80169
pilot_003703,data/raw/tiny-genimage/images/Midjourney/210_midjourney_54.png,1,Midjourney,4,Tiny-GenImage,train,210_midjourney_54.png,data/train-00001-of-00014.parquet,1070305
pilot_003704,data/raw/tiny-genimage/images/Real/n02007558_11256.JPEG,0,Real,0,Tiny-GenImage,train,n02007558_11256.JPEG,data/train-00001-of-00014.parquet,248841
pilot_003705,data/raw/tiny-genimage/images/SD15/131_sdv5_00006.png,1,SD15,6,Tiny-GenImage,train,131_sdv5_00006.png,data/train-00001-of-00014.parquet,483187
pilot_003706,data/raw/tiny-genimage/images/Real/n01950731_1563.JPEG,0,Real,0,Tiny-GenImage,train,n01950731_1563.JPEG,data/train-00001-of-00014.parquet,58453
pilot_003707,data/raw/tiny-genimage/images/VQDM/VQDM_1000_200_01_143_vqdm_00163.png,1,VQDM,7,Tiny-GenImage,train,VQDM_1000_200_01_143_vqdm_00163.png,data/train-00001-of-00014.parquet,94780
pilot_003708,data/raw/tiny-genimage/images/Real/n02002556_2478.JPEG,0,Real,0,Tiny-GenImage,train,n02002556_2478.JPEG,data/train-00001-of-00014.parquet,105469
pilot_003709,data/raw/tiny-genimage/images/Wukong/213_wukong_image144.png,1,Wukong,8,Tiny-GenImage,train,213_wukong_image144.png,data/train-00001-of-00014.parquet,450347
pilot_003710,data/raw/tiny-genimage/images/Real/n01983481_17635.JPEG,0,Real,0,Tiny-GenImage,train,n01983481_17635.JPEG,data/train-00001-of-00014.parquet,103543
pilot_003711,data/raw/tiny-genimage/images/ADM/223_adm_8.PNG,1,ADM,1,Tiny-GenImage,train,223_adm_8.PNG,data/train-00001-of-00014.parquet,79136
pilot_003712,data/raw/tiny-genimage/images/Real/n01980166_3138.JPEG,0,Real,0,Tiny-GenImage,train,n01980166_3138.JPEG,data/train-00001-of-00014.parquet,136509
pilot_003713,data/raw/tiny-genimage/images/BigGAN/142_biggan_00186.png,1,BigGAN,2,Tiny-GenImage,train,142_biggan_00186.png,data/train-00001-of-00014.parquet,28300
pilot_003714,data/raw/tiny-genimage/images/Real/n02051845_5143.JPEG,0,Real,0,Tiny-GenImage,train,n02051845_5143.JPEG,data/train-00001-of-00014.parquet,171021
pilot_003715,data/raw/tiny-genimage/images/GLIDE/GLIDE_1000_200_01_139_glide_00060.png,1,GLIDE,3,Tiny-GenImage,train,GLIDE_1000_200_01_139_glide_00060.png,data/train-00001-of-00014.parquet,65179
pilot_003716,data/raw/tiny-genimage/images/Real/n02011460_5173.JPEG,0,Real,0,Tiny-GenImage,train,n02011460_5173.JPEG,data/train-00001-of-00014.parquet,60518
pilot_003717,data/raw/tiny-genimage/images/Midjourney/211_midjourney_43.png,1,Midjourney,4,Tiny-GenImage,train,211_midjourney_43.png,data/train-00001-of-00014.parquet,1453657
pilot_003718,data/raw/tiny-genimage/images/Real/n02007558_7083.JPEG,0,Real,0,Tiny-GenImage,train,n02007558_7083.JPEG,data/train-00001-of-00014.parquet,203385
pilot_003719,data/raw/tiny-genimage/images/SD15/131_sdv5_00048.png,1,SD15,6,Tiny-GenImage,train,131_sdv5_00048.png,data/train-00001-of-00014.parquet,367183
pilot_003720,data/raw/tiny-genimage/images/Real/n01950731_16342.JPEG,0,Real,0,Tiny-GenImage,train,n01950731_16342.JPEG,data/train-00001-of-00014.parquet,212066
pilot_003721,data/raw/tiny-genimage/images/VQDM/VQDM_1000_200_01_144_vqdm_00006.png,1,VQDM,7,Tiny-GenImage,train,VQDM_1000_200_01_144_vqdm_00006.png,data/train-00001-of-00014.parquet,155927
pilot_003722,data/raw/tiny-genimage/images/Real/n02002556_5699.JPEG,0,Real,0,Tiny-GenImage,train,n02002556_5699.JPEG,data/train-00001-of-00014.parquet,57466
pilot_003723,data/raw/tiny-genimage/images/Wukong/213_wukong_image173.png,1,Wukong,8,Tiny-GenImage,train,213_wukong_image173.png,data/train-00001-of-00014.parquet,565391
pilot_003724,data/raw/tiny-genimage/images/Real/n01983481_8617.JPEG,0,Real,0,Tiny-GenImage,train,n01983481_8617.JPEG,data/train-00001-of-00014.parquet,155177
pilot_003725,data/raw/tiny-genimage/images/ADM/224_adm_105.PNG,1,ADM,1,Tiny-GenImage,train,224_adm_105.PNG,data/train-00001-of-00014.parquet,158029
pilot_003726,data/raw/tiny-genimage/images/Real/n01981276_22177.JPEG,0,Real,0,Tiny-GenImage,train,n01981276_22177.JPEG,data/train-00001-of-00014.parquet,202495
pilot_003727,data/raw/tiny-genimage/images/BigGAN/142_biggan_00187.png,1,BigGAN,2,Tiny-GenImage,train,142_biggan_00187.png,data/train-00001-of-00014.parquet,29698
pilot_003728,data/raw/tiny-genimage/images/Real/n02056570_10119.JPEG,0,Real,0,Tiny-GenImage,train,n02056570_10119.JPEG,data/train-00001-of-00014.parquet,73011
pilot_003729,data/raw/tiny-genimage/images/GLIDE/GLIDE_1000_200_01_140_glide_00014.png,1,GLIDE,3,Tiny-GenImage,train,GLIDE_1000_200_01_140_glide_00014.png,data/train-00001-of-00014.parquet,66062
pilot_003730,data/raw/tiny-genimage/images/Real/n02011460_7351.JPEG,0,Real,0,Tiny-GenImage,train,n02011460_7351.JPEG,data/train-00001-of-00014.parquet,255133
pilot_003731,data/raw/tiny-genimage/images/Midjourney/211_midjourney_80.png,1,Midjourney,4,Tiny-GenImage,train,211_midjourney_80.png,data/train-00001-of-00014.parquet,1660980
pilot_003732,data/raw/tiny-genimage/images/Real/n02007558_966.JPEG,0,Real,0,Tiny-GenImage,train,n02007558_966.JPEG,data/train-00001-of-00014.parquet,156918
pilot_003733,data/raw/tiny-genimage/images/SD15/132_sdv5_00178.png,1,SD15,6,Tiny-GenImage,train,132_sdv5_00178.png,data/train-00001-of-00014.parquet,299926
pilot_003734,data/raw/tiny-genimage/images/Real/n01950731_18041.JPEG,0,Real,0,Tiny-GenImage,train,n01950731_18041.JPEG,data/train-00001-of-00014.parquet,179988
pilot_003735,data/raw/tiny-genimage/images/VQDM/VQDM_1000_200_01_146_vqdm_00106.png,1,VQDM,7,Tiny-GenImage,train,VQDM_1000_200_01_146_vqdm_00106.png,data/train-00001-of-00014.parquet,169979
pilot_003736,data/raw/tiny-genimage/images/Real/n02002724_1890.JPEG,0,Real,0,Tiny-GenImage,train,n02002724_1890.JPEG,data/train-00001-of-00014.parquet,176629
pilot_003737,data/raw/tiny-genimage/images/Wukong/213_wukong_image183.png,1,Wukong,8,Tiny-GenImage,train,213_wukong_image183.png,data/train-00001-of-00014.parquet,433610
pilot_003738,data/raw/tiny-genimage/images/Real/n01984695_22880.JPEG,0,Real,0,Tiny-GenImage,train,n01984695_22880.JPEG,data/train-00001-of-00014.parquet,78780
pilot_003739,data/raw/tiny-genimage/images/ADM/224_adm_77.PNG,1,ADM,1,Tiny-GenImage,train,224_adm_77.PNG,data/train-00001-of-00014.parquet,107552
pilot_003740,data/raw/tiny-genimage/images/Real/n01981276_8719.JPEG,0,Real,0,Tiny-GenImage,train,n01981276_8719.JPEG,data/train-00001-of-00014.parquet,114914
pilot_003741,data/raw/tiny-genimage/images/BigGAN/143_biggan_00056.png,1,BigGAN,2,Tiny-GenImage,train,143_biggan_00056.png,data/train-00001-of-00014.parquet,31701
pilot_003742,data/raw/tiny-genimage/images/Real/n02056570_379.JPEG,0,Real,0,Tiny-GenImage,train,n02056570_379.JPEG,data/train-00001-of-00014.parquet,142077
pilot_003743,data/raw/tiny-genimage/images/GLIDE/GLIDE_1000_200_01_140_glide_00078.png,1,GLIDE,3,Tiny-GenImage,train,GLIDE_1000_200_01_140_glide_00078.png,data/train-00001-of-00014.parquet,50064
pilot_003744,data/raw/tiny-genimage/images/Real/n02012849_48151.JPEG,0,Real,0,Tiny-GenImage,train,n02012849_48151.JPEG,data/train-00001-of-00014.parquet,182162
pilot_003745,data/raw/tiny-genimage/images/Midjourney/211_midjourney_9.png,1,Midjourney,4,Tiny-GenImage,train,211_midjourney_9.png,data/train-00001-of-00014.parquet,1656597
pilot_003746,data/raw/tiny-genimage/images/Real/n02009229_2080.JPEG,0,Real,0,Tiny-GenImage,train,n02009229_2080.JPEG,data/train-00001-of-00014.parquet,100646
pilot_003747,data/raw/tiny-genimage/images/SD15/133_sdv5_00008.png,1,SD15,6,Tiny-GenImage,train,133_sdv5_00008.png,data/train-00001-of-00014.parquet,487845
pilot_003748,data/raw/tiny-genimage/images/Real/n01950731_23836.JPEG,0,Real,0,Tiny-GenImage,train,n01950731_23836.JPEG,data/train-00001-of-00014.parquet,205461
pilot_003749,data/raw/tiny-genimage/images/VQDM/VQDM_1000_200_01_146_vqdm_00153.png,1,VQDM,7,Tiny-GenImage,train,VQDM_1000_200_01_146_vqdm_00153.png,data/train-00001-of-00014.parquet,107979
pilot_003750,data/raw/tiny-genimage/images/Real/n02006656_11496.JPEG,0,Real,0,Tiny-GenImage,train,n02006656_11496.JPEG,data/train-00001-of-00014.parquet,61212
pilot_003751,data/raw/tiny-genimage/images/Wukong/213_wukong_image189.png,1,Wukong,8,Tiny-GenImage,train,213_wukong_image189.png,data/train-00001-of-00014.parquet,539975
pilot_003752,data/raw/tiny-genimage/images/Real/n01984695_33265.JPEG,0,Real,0,Tiny-GenImage,train,n01984695_33265.JPEG,data/train-00001-of-00014.parquet,99453
pilot_003753,data/raw/tiny-genimage/images/ADM/225_adm_110.PNG,1,ADM,1,Tiny-GenImage,train,225_adm_110.PNG,data/train-00001-of-00014.parquet,126524
pilot_003754,data/raw/tiny-genimage/images/Real/n01983481_13127.JPEG,0,Real,0,Tiny-GenImage,train,n01983481_13127.JPEG,data/train-00001-of-00014.parquet,17261
pilot_003755,data/raw/tiny-genimage/images/BigGAN/145_biggan_00078.png,1,BigGAN,2,Tiny-GenImage,train,145_biggan_00078.png,data/train-00001-of-00014.parquet,30242
pilot_003756,data/raw/tiny-genimage/images/Real/n02056570_8866.JPEG,0,Real,0,Tiny-GenImage,train,n02056570_8866.JPEG,data/train-00001-of-00014.parquet,91707
pilot_003757,data/raw/tiny-genimage/images/GLIDE/GLIDE_1000_200_01_140_glide_00150.png,1,GLIDE,3,Tiny-GenImage,train,GLIDE_1000_200_01_140_glide_00150.png,data/train-00001-of-00014.parquet,48223
pilot_003758,data/raw/tiny-genimage/images/Real/n02013706_1544.JPEG,0,Real,0,Tiny-GenImage,train,n02013706_1544.JPEG,data/train-00001-of-00014.parquet,172721
pilot_003759,data/raw/tiny-genimage/images/Midjourney/212_midjourney_82.png,1,Midjourney,4,Tiny-GenImage,train,212_midjourney_82.png,data/train-00001-of-00014.parquet,762206
pilot_003760,data/raw/tiny-genimage/images/Real/n02009229_2716.JPEG,0,Real,0,Tiny-GenImage,train,n02009229_2716.JPEG,data/train-00001-of-00014.parquet,150983
pilot_003761,data/raw/tiny-genimage/images/SD15/133_sdv5_00045.png,1,SD15,6,Tiny-GenImage,train,133_sdv5_00045.png,data/train-00001-of-00014.parquet,339492
pilot_003762,data/raw/tiny-genimage/images/Real/n01978287_1980.JPEG,0,Real,0,Tiny-GenImage,train,n01978287_1980.JPEG,data/train-00001-of-00014.parquet,230163
pilot_003763,data/raw/tiny-genimage/images/VQDM/VQDM_1000_200_01_147_vqdm_00043.png,1,VQDM,7,Tiny-GenImage,train,VQDM_1000_200_01_147_vqdm_00043.png,data/train-00001-of-00014.parquet,76688
pilot_003764,data/raw/tiny-genimage/images/Real/n02006656_3712.JPEG,0,Real,0,Tiny-GenImage,train,n02006656_3712.JPEG,data/train-00001-of-00014.parquet,83239
pilot_003765,data/raw/tiny-genimage/images/Wukong/214_wukong_image15.png,1,Wukong,8,Tiny-GenImage,train,214_wukong_image15.png,data/train-00001-of-00014.parquet,550278
pilot_003766,data/raw/tiny-genimage/images/Real/n01984695_51741.JPEG,0,Real,0,Tiny-GenImage,train,n01984695_51741.JPEG,data/train-00001-of-00014.parquet,106080
pilot_003767,data/raw/tiny-genimage/images/ADM/226_adm_57.PNG,1,ADM,1,Tiny-GenImage,train,226_adm_57.PNG,data/train-00001-of-00014.parquet,83370
pilot_003768,data/raw/tiny-genimage/images/Real/n01984695_14122.JPEG,0,Real,0,Tiny-GenImage,train,n01984695_14122.JPEG,data/train-00001-of-00014.parquet,227961
pilot_003769,data/raw/tiny-genimage/images/BigGAN/146_biggan_00032.png,1,BigGAN,2,Tiny-GenImage,train,146_biggan_00032.png,data/train-00001-of-00014.parquet,29605
pilot_003770,data/raw/tiny-genimage/images/Real/n02058221_7932.JPEG,0,Real,0,Tiny-GenImage,train,n02058221_7932.JPEG,data/train-00001-of-00014.parquet,5495
pilot_003771,data/raw/tiny-genimage/images/GLIDE/GLIDE_1000_200_01_140_glide_00153.png,1,GLIDE,3,Tiny-GenImage,train,GLIDE_1000_200_01_140_glide_00153.png,data/train-00001-of-00014.parquet,47510
pilot_003772,data/raw/tiny-genimage/images/Real/n02013706_21201.JPEG,0,Real,0,Tiny-GenImage,train,n02013706_21201.JPEG,data/train-00001-of-00014.parquet,113815
pilot_003773,data/raw/tiny-genimage/images/Midjourney/212_midjourney_98.png,1,Midjourney,4,Tiny-GenImage,train,212_midjourney_98.png,data/train-00001-of-00014.parquet,735388
pilot_003774,data/raw/tiny-genimage/images/Real/n02009229_6672.JPEG,0,Real,0,Tiny-GenImage,train,n02009229_6672.JPEG,data/train-00001-of-00014.parquet,121245
pilot_003775,data/raw/tiny-genimage/images/SD15/133_sdv5_00185.png,1,SD15,6,Tiny-GenImage,train,133_sdv5_00185.png,data/train-00001-of-00014.parquet,462540
pilot_003776,data/raw/tiny-genimage/images/Real/n01978287_4291.JPEG,0,Real,0,Tiny-GenImage,train,n01978287_4291.JPEG,data/train-00001-of-00014.parquet,184873
pilot_003777,data/raw/tiny-genimage/images/VQDM/VQDM_1000_200_01_147_vqdm_00048.png,1,VQDM,7,Tiny-GenImage,train,VQDM_1000_200_01_147_vqdm_00048.png,data/train-00001-of-00014.parquet,84651
pilot_003778,data/raw/tiny-genimage/images/Real/n02006656_4823.JPEG,0,Real,0,Tiny-GenImage,train,n02006656_4823.JPEG,data/train-00001-of-00014.parquet,49996
pilot_003779,data/raw/tiny-genimage/images/Wukong/214_wukong_image33.png,1,Wukong,8,Tiny-GenImage,train,214_wukong_image33.png,data/train-00001-of-00014.parquet,445010
pilot_003780,data/raw/tiny-genimage/images/Real/n01985128_6857.JPEG,0,Real,0,Tiny-GenImage,train,n01985128_6857.JPEG,data/train-00001-of-00014.parquet,218938
pilot_003781,data/raw/tiny-genimage/images/ADM/228_adm_138.PNG,1,ADM,1,Tiny-GenImage,train,228_adm_138.PNG,data/train-00001-of-00014.parquet,83332
pilot_003782,data/raw/tiny-genimage/images/Real/n01984695_26407.JPEG,0,Real,0,Tiny-GenImage,train,n01984695_26407.JPEG,data/train-00001-of-00014.parquet,174755
pilot_003783,data/raw/tiny-genimage/images/BigGAN/146_biggan_00066.png,1,BigGAN,2,Tiny-GenImage,train,146_biggan_00066.png,data/train-00001-of-00014.parquet,31440
pilot_003784,data/raw/tiny-genimage/images/Real/n02066245_11290.JPEG,0,Real,0,Tiny-GenImage,train,n02066245_11290.JPEG,data/train-00001-of-00014.parquet,15211
pilot_003785,data/raw/tiny-genimage/images/GLIDE/GLIDE_1000_200_01_142_glide_00062.png,1,GLIDE,3,Tiny-GenImage,train,GLIDE_1000_200_01_142_glide_00062.png,data/train-00001-of-00014.parquet,47660
pilot_003786,data/raw/tiny-genimage/images/Real/n02017213_13759.JPEG,0,Real,0,Tiny-GenImage,train,n02017213_13759.JPEG,data/train-00001-of-00014.parquet,188973
pilot_003787,data/raw/tiny-genimage/images/Midjourney/213_midjourney_16.png,1,Midjourney,4,Tiny-GenImage,train,213_midjourney_16.png,data/train-00001-of-00014.parquet,1104371
pilot_003788,data/raw/tiny-genimage/images/Real/n02009912_28599.JPEG,0,Real,0,Tiny-GenImage,train,n02009912_28599.JPEG,data/train-00001-of-00014.parquet,145045
pilot_003789,data/raw/tiny-genimage/images/SD15/134_sdv5_00031.png,1,SD15,6,Tiny-GenImage,train,134_sdv5_00031.png,data/train-00001-of-00014.parquet,504030
pilot_003790,data/raw/tiny-genimage/images/Real/n01978455_2492.JPEG,0,Real,0,Tiny-GenImage,train,n01978455_2492.JPEG,data/train-00001-of-00014.parquet,197856
pilot_003791,data/raw/tiny-genimage/images/VQDM/VQDM_1000_200_01_147_vqdm_00085.png,1,VQDM,7,Tiny-GenImage,train,VQDM_1000_200_01_147_vqdm_00085.png,data/train-00001-of-00014.parquet,113590
pilot_003792,data/raw/tiny-genimage/images/Real/n02007558_5237.JPEG,0,Real,0,Tiny-GenImage,train,n02007558_5237.JPEG,data/train-00001-of-00014.parquet,199331
pilot_003793,data/raw/tiny-genimage/images/Wukong/214_wukong_image69.png,1,Wukong,8,Tiny-GenImage,train,214_wukong_image69.png,data/train-00001-of-00014.parquet,467369
pilot_003794,data/raw/tiny-genimage/images/Real/n01985128_7004.JPEG,0,Real,0,Tiny-GenImage,train,n01985128_7004.JPEG,data/train-00001-of-00014.parquet,123654
pilot_003795,data/raw/tiny-genimage/images/ADM/228_adm_189.PNG,1,ADM,1,Tiny-GenImage,train,228_adm_189.PNG,data/train-00001-of-00014.parquet,87634
pilot_003796,data/raw/tiny-genimage/images/Real/n01985128_14253.JPEG,0,Real,0,Tiny-GenImage,train,n01985128_14253.JPEG,data/train-00001-of-00014.parquet,206937
pilot_003797,data/raw/tiny-genimage/images/BigGAN/147_biggan_00196.png,1,BigGAN,2,Tiny-GenImage,train,147_biggan_00196.png,data/train-00001-of-00014.parquet,28371
pilot_003798,data/raw/tiny-genimage/images/Real/n02066245_7989.JPEG,0,Real,0,Tiny-GenImage,train,n02066245_7989.JPEG,data/train-00001-of-00014.parquet,58771
pilot_003799,data/raw/tiny-genimage/images/GLIDE/GLIDE_1000_200_01_143_glide_00022.png,1,GLIDE,3,Tiny-GenImage,train,GLIDE_1000_200_01_143_glide_00022.png,data/train-00001-of-00014.parquet,59287
pilot_003800,data/raw/tiny-genimage/images/Real/n02018795_15599.JPEG,0,Real,0,Tiny-GenImage,train,n02018795_15599.JPEG,data/train-00001-of-00014.parquet,211318
pilot_003801,data/raw/tiny-genimage/images/Midjourney/214_midjourney_105.png,1,Midjourney,4,Tiny-GenImage,train,214_midjourney_105.png,data/train-00001-of-00014.parquet,1833510
pilot_003802,data/raw/tiny-genimage/images/Real/n02009912_29301.JPEG,0,Real,0,Tiny-GenImage,train,n02009912_29301.JPEG,data/train-00001-of-00014.parquet,110163
pilot_003803,data/raw/tiny-genimage/images/SD15/135_sdv5_00098.png,1,SD15,6,Tiny-GenImage,train,135_sdv5_00098.png,data/train-00001-of-00014.parquet,572188
pilot_003804,data/raw/tiny-genimage/images/Real/n01978455_2513.JPEG,0,Real,0,Tiny-GenImage,train,n01978455_2513.JPEG,data/train-00001-of-00014.parquet,378556
pilot_003805,data/raw/tiny-genimage/images/VQDM/VQDM_1000_200_01_147_vqdm_00160.png,1,VQDM,7,Tiny-GenImage,train,VQDM_1000_200_01_147_vqdm_00160.png,data/train-00001-of-00014.parquet,95472
pilot_003806,data/raw/tiny-genimage/images/Real/n02007558_7283.JPEG,0,Real,0,Tiny-GenImage,train,n02007558_7283.JPEG,data/train-00001-of-00014.parquet,74106
pilot_003807,data/raw/tiny-genimage/images/Wukong/215_wukong_image1.png,1,Wukong,8,Tiny-GenImage,train,215_wukong_image1.png,data/train-00001-of-00014.parquet,433570
pilot_003808,data/raw/tiny-genimage/images/Real/n01986214_18591.JPEG,0,Real,0,Tiny-GenImage,train,n01986214_18591.JPEG,data/train-00001-of-00014.parquet,177270
pilot_003809,data/raw/tiny-genimage/images/ADM/228_adm_40.PNG,1,ADM,1,Tiny-GenImage,train,228_adm_40.PNG,data/train-00001-of-00014.parquet,158152
pilot_003810,data/raw/tiny-genimage/images/Real/n01985128_19412.JPEG,0,Real,0,Tiny-GenImage,train,n01985128_19412.JPEG,data/train-00001-of-00014.parquet,77369
pilot_003811,data/raw/tiny-genimage/images/BigGAN/148_biggan_00067.png,1,BigGAN,2,Tiny-GenImage,train,148_biggan_00067.png,data/train-00001-of-00014.parquet,26709
pilot_003812,data/raw/tiny-genimage/images/Real/n02071294_2189.JPEG,0,Real,0,Tiny-GenImage,train,n02071294_2189.JPEG,data/train-00001-of-00014.parquet,180189
pilot_003813,data/raw/tiny-genimage/images/GLIDE/GLIDE_1000_200_01_143_glide_00162.png,1,GLIDE,3,Tiny-GenImage,train,GLIDE_1000_200_01_143_glide_00162.png,data/train-00001-of-00014.parquet,83129
pilot_003814,data/raw/tiny-genimage/images/Real/n02018795_93.JPEG,0,Real,0,Tiny-GenImage,train,n02018795_93.JPEG,data/train-00001-of-00014.parquet,221543
pilot_003815,data/raw/tiny-genimage/images/Midjourney/215_midjourney_117.png,1,Midjourney,4,Tiny-GenImage,train,215_midjourney_117.png,data/train-00001-of-00014.parquet,787720
pilot_003816,data/raw/tiny-genimage/images/Real/n02011460_2669.JPEG,0,Real,0,Tiny-GenImage,train,n02011460_2669.JPEG,data/train-00001-of-00014.parquet,171042
pilot_003817,data/raw/tiny-genimage/images/SD15/135_sdv5_00162.png,1,SD15,6,Tiny-GenImage,train,135_sdv5_00162.png,data/train-00001-of-00014.parquet,498371
pilot_003818,data/raw/tiny-genimage/images/Real/n01978455_3435.JPEG,0,Real,0,Tiny-GenImage,train,n01978455_3435.JPEG,data/train-00001-of-00014.parquet,256866
pilot_003819,data/raw/tiny-genimage/images/VQDM/VQDM_1000_200_01_147_vqdm_00188.png,1,VQDM,7,Tiny-GenImage,train,VQDM_1000_200_01_147_vqdm_00188.png,data/train-00001-of-00014.parquet,57597
pilot_003820,data/raw/tiny-genimage/images/Real/n02007558_9076.JPEG,0,Real,0,Tiny-GenImage,train,n02007558_9076.JPEG,data/train-00001-of-00014.parquet,194235
pilot_003821,data/raw/tiny-genimage/images/Wukong/215_wukong_image58.png,1,Wukong,8,Tiny-GenImage,train,215_wukong_image58.png,data/train-00001-of-00014.parquet,519276
pilot_003822,data/raw/tiny-genimage/images/Real/n01990800_219.JPEG,0,Real,0,Tiny-GenImage,train,n01990800_219.JPEG,data/train-00001-of-00014.parquet,165863
pilot_003823,data/raw/tiny-genimage/images/ADM/229_adm_135.PNG,1,ADM,1,Tiny-GenImage,train,229_adm_135.PNG,data/train-00001-of-00014.parquet,104368
pilot_003824,data/raw/tiny-genimage/images/Real/n01985128_21821.JPEG,0,Real,0,Tiny-GenImage,train,n01985128_21821.JPEG,data/train-00001-of-00014.parquet,69447
pilot_003825,data/raw/tiny-genimage/images/BigGAN/148_biggan_00097.png,1,BigGAN,2,Tiny-GenImage,train,148_biggan_00097.png,data/train-00001-of-00014.parquet,30630
pilot_003826,data/raw/tiny-genimage/images/Real/n02074367_14925.JPEG,0,Real,0,Tiny-GenImage,train,n02074367_14925.JPEG,data/train-00001-of-00014.parquet,55945
pilot_003827,data/raw/tiny-genimage/images/GLIDE/GLIDE_1000_200_01_143_glide_00187.png,1,GLIDE,3,Tiny-GenImage,train,GLIDE_1000_200_01_143_glide_00187.png,data/train-00001-of-00014.parquet,56274
pilot_003828,data/raw/tiny-genimage/images/Real/n02025239_2991.JPEG,0,Real,0,Tiny-GenImage,train,n02025239_2991.JPEG,data/train-00001-of-00014.parquet,68569
pilot_003829,data/raw/tiny-genimage/images/Midjourney/215_midjourney_48.png,1,Midjourney,4,Tiny-GenImage,train,215_midjourney_48.png,data/train-00001-of-00014.parquet,770622
pilot_003830,data/raw/tiny-genimage/images/Real/n02011460_7208.JPEG,0,Real,0,Tiny-GenImage,train,n02011460_7208.JPEG,data/train-00001-of-00014.parquet,155829
pilot_003831,data/raw/tiny-genimage/images/SD15/136_sdv5_00048.png,1,SD15,6,Tiny-GenImage,train,136_sdv5_00048.png,data/train-00001-of-00014.parquet,342225
pilot_003832,data/raw/tiny-genimage/images/Real/n01978455_398.JPEG,0,Real,0,Tiny-GenImage,train,n01978455_398.JPEG,data/train-00001-of-00014.parquet,182611
pilot_003833,data/raw/tiny-genimage/images/VQDM/VQDM_1000_200_01_148_vqdm_00088.png,1,VQDM,7,Tiny-GenImage,train,VQDM_1000_200_01_148_vqdm_00088.png,data/train-00001-of-00014.parquet,99745
pilot_003834,data/raw/tiny-genimage/images/Real/n02009229_1362.JPEG,0,Real,0,Tiny-GenImage,train,n02009229_1362.JPEG,data/train-00001-of-00014.parquet,187125
pilot_003835,data/raw/tiny-genimage/images/Wukong/215_wukong_image87.png,1,Wukong,8,Tiny-GenImage,train,215_wukong_image87.png,data/train-00001-of-00014.parquet,491095
pilot_003836,data/raw/tiny-genimage/images/Real/n01990800_266.JPEG,0,Real,0,Tiny-GenImage,train,n01990800_266.JPEG,data/train-00001-of-00014.parquet,81721
pilot_003837,data/raw/tiny-genimage/images/ADM/229_adm_159.PNG,1,ADM,1,Tiny-GenImage,train,229_adm_159.PNG,data/train-00001-of-00014.parquet,127059
pilot_003838,data/raw/tiny-genimage/images/Real/n01985128_2322.JPEG,0,Real,0,Tiny-GenImage,train,n01985128_2322.JPEG,data/train-00001-of-00014.parquet,120776
pilot_003839,data/raw/tiny-genimage/images/BigGAN/149_biggan_00166.png,1,BigGAN,2,Tiny-GenImage,train,149_biggan_00166.png,data/train-00001-of-00014.parquet,16871
pilot_003840,data/raw/tiny-genimage/images/Real/n02074367_5269.JPEG,0,Real,0,Tiny-GenImage,train,n02074367_5269.JPEG,data/train-00001-of-00014.parquet,50890
pilot_003841,data/raw/tiny-genimage/images/GLIDE/GLIDE_1000_200_01_144_glide_00187.png,1,GLIDE,3,Tiny-GenImage,train,GLIDE_1000_200_01_144_glide_00187.png,data/train-00001-of-00014.parquet,83756
pilot_003842,data/raw/tiny-genimage/images/Real/n02025239_6634.JPEG,0,Real,0,Tiny-GenImage,train,n02025239_6634.JPEG,data/train-00001-of-00014.parquet,153075
pilot_003843,data/raw/tiny-genimage/images/Midjourney/216_midjourney_135.png,1,Midjourney,4,Tiny-GenImage,train,216_midjourney_135.png,data/train-00001-of-00014.parquet,884860
pilot_003844,data/raw/tiny-genimage/images/Real/n02011460_7670.JPEG,0,Real,0,Tiny-GenImage,train,n02011460_7670.JPEG,data/train-00001-of-00014.parquet,73664
pilot_003845,data/raw/tiny-genimage/images/SD15/136_sdv5_00102.png,1,SD15,6,Tiny-GenImage,train,136_sdv5_00102.png,data/train-00001-of-00014.parquet,380770
pilot_003846,data/raw/tiny-genimage/images/Real/n01978455_4579.JPEG,0,Real,0,Tiny-GenImage,train,n01978455_4579.JPEG,data/train-00001-of-00014.parquet,43276
pilot_003847,data/raw/tiny-genimage/images/VQDM/VQDM_1000_200_01_148_vqdm_00109.png,1,VQDM,7,Tiny-GenImage,train,VQDM_1000_200_01_148_vqdm_00109.png,data/train-00001-of-00014.parquet,117227
pilot_003848,data/raw/tiny-genimage/images/Real/n02009912_14016.JPEG,0,Real,0,Tiny-GenImage,train,n02009912_14016.JPEG,data/train-00001-of-00014.parquet,210081
pilot_003849,data/raw/tiny-genimage/images/Wukong/217_wukong_image199.png,1,Wukong,8,Tiny-GenImage,train,217_wukong_image199.png,data/train-00001-of-00014.parquet,407143
pilot_003850,data/raw/tiny-genimage/images/Real/n01990800_3437.JPEG,0,Real,0,Tiny-GenImage,train,n01990800_3437.JPEG,data/train-00001-of-00014.parquet,10987
pilot_003851,data/raw/tiny-genimage/images/ADM/229_adm_77.PNG,1,ADM,1,Tiny-GenImage,train,229_adm_77.PNG,data/train-00001-of-00014.parquet,103219
pilot_003852,data/raw/tiny-genimage/images/Real/n01986214_11334.JPEG,0,Real,0,Tiny-GenImage,train,n01986214_11334.JPEG,data/train-00001-of-00014.parquet,64485
pilot_003853,data/raw/tiny-genimage/images/BigGAN/151_biggan_00120.png,1,BigGAN,2,Tiny-GenImage,train,151_biggan_00120.png,data/train-00001-of-00014.parquet,24612
pilot_003854,data/raw/tiny-genimage/images/Real/n02074367_5696.JPEG,0,Real,0,Tiny-GenImage,train,n02074367_5696.JPEG,data/train-00001-of-00014.parquet,170435
pilot_003855,data/raw/tiny-genimage/images/GLIDE/GLIDE_1000_200_01_145_glide_00086.png,1,GLIDE,3,Tiny-GenImage,train,GLIDE_1000_200_01_145_glide_00086.png,data/train-00001-of-00014.parquet,58456
pilot_003856,data/raw/tiny-genimage/images/Real/n02025239_7252.JPEG,0,Real,0,Tiny-GenImage,train,n02025239_7252.JPEG,data/train-00001-of-00014.parquet,147330
pilot_003857,data/raw/tiny-genimage/images/Midjourney/216_midjourney_184.png,1,Midjourney,4,Tiny-GenImage,train,216_midjourney_184.png,data/train-00001-of-00014.parquet,1037395
pilot_003858,data/raw/tiny-genimage/images/Real/n02012849_1260.JPEG,0,Real,0,Tiny-GenImage,train,n02012849_1260.JPEG,data/train-00001-of-00014.parquet,191919
pilot_003859,data/raw/tiny-genimage/images/SD15/136_sdv5_00173.png,1,SD15,6,Tiny-GenImage,train,136_sdv5_00173.png,data/train-00001-of-00014.parquet,401063
pilot_003860,data/raw/tiny-genimage/images/Real/n01980166_5753.JPEG,0,Real,0,Tiny-GenImage,train,n01980166_5753.JPEG,data/train-00001-of-00014.parquet,179604
pilot_003861,data/raw/tiny-genimage/images/VQDM/VQDM_1000_200_01_148_vqdm_00123.png,1,VQDM,7,Tiny-GenImage,train,VQDM_1000_200_01_148_vqdm_00123.png,data/train-00001-of-00014.parquet,114181
pilot_003862,data/raw/tiny-genimage/images/Real/n02009912_3392.JPEG,0,Real,0,Tiny-GenImage,train,n02009912_3392.JPEG,data/train-00001-of-00014.parquet,81681
pilot_003863,data/raw/tiny-genimage/images/Wukong/217_wukong_image98.png,1,Wukong,8,Tiny-GenImage,train,217_wukong_image98.png,data/train-00001-of-00014.parquet,438465
pilot_003864,data/raw/tiny-genimage/images/Real/n01990800_7316.JPEG,0,Real,0,Tiny-GenImage,train,n01990800_7316.JPEG,data/train-00001-of-00014.parquet,19658
pilot_003865,data/raw/tiny-genimage/images/ADM/22_adm_145.PNG,1,ADM,1,Tiny-GenImage,train,22_adm_145.PNG,data/train-00001-of-00014.parquet,51942
pilot_003866,data/raw/tiny-genimage/images/Real/n01986214_14546.JPEG,0,Real,0,Tiny-GenImage,train,n01986214_14546.JPEG,data/train-00001-of-00014.parquet,302514
pilot_003867,data/raw/tiny-genimage/images/BigGAN/151_biggan_00198.png,1,BigGAN,2,Tiny-GenImage,train,151_biggan_00198.png,data/train-00001-of-00014.parquet,27544
pilot_003868,data/raw/tiny-genimage/images/Real/n02074367_8080.JPEG,0,Real,0,Tiny-GenImage,train,n02074367_8080.JPEG,data/train-00001-of-00014.parquet,14035
pilot_003869,data/raw/tiny-genimage/images/GLIDE/GLIDE_1000_200_01_146_glide_00105.png,1,GLIDE,3,Tiny-GenImage,train,GLIDE_1000_200_01_146_glide_00105.png,data/train-00001-of-00014.parquet,70491
pilot_003870,data/raw/tiny-genimage/images/Real/n02027492_3009.JPEG,0,Real,0,Tiny-GenImage,train,n02027492_3009.JPEG,data/train-00001-of-00014.parquet,113058
pilot_003871,data/raw/tiny-genimage/images/Midjourney/216_midjourney_96.png,1,Midjourney,4,Tiny-GenImage,train,216_midjourney_96.png,data/train-00001-of-00014.parquet,888112
pilot_003872,data/raw/tiny-genimage/images/Real/n02012849_542.JPEG,0,Real,0,Tiny-GenImage,train,n02012849_542.JPEG,data/train-00001-of-00014.parquet,173775
pilot_003873,data/raw/tiny-genimage/images/SD15/138_sdv5_00148.png,1,SD15,6,Tiny-GenImage,train,138_sdv5_00148.png,data/train-00001-of-00014.parquet,413169
pilot_003874,data/raw/tiny-genimage/images/Real/n01980166_7396.JPEG,0,Real,0,Tiny-GenImage,train,n01980166_7396.JPEG,data/train-00001-of-00014.parquet,59083
pilot_003875,data/raw/tiny-genimage/images/VQDM/VQDM_1000_200_01_148_vqdm_00183.png,1,VQDM,7,Tiny-GenImage,train,VQDM_1000_200_01_148_vqdm_00183.png,data/train-00001-of-00014.parquet,110561
pilot_003876,data/raw/tiny-genimage/images/Real/n02011460_22646.JPEG,0,Real,0,Tiny-GenImage,train,n02011460_22646.JPEG,data/train-00001-of-00014.parquet,135440
pilot_003877,data/raw/tiny-genimage/images/Wukong/218_wukong_image59.png,1,Wukong,8,Tiny-GenImage,train,218_wukong_image59.png,data/train-00001-of-00014.parquet,516743
pilot_003878,data/raw/tiny-genimage/images/Real/n02002556_23892.JPEG,0,Real,0,Tiny-GenImage,train,n02002556_23892.JPEG,data/train-00001-of-00014.parquet,178215
pilot_003879,data/raw/tiny-genimage/images/ADM/230_adm_138.PNG,1,ADM,1,Tiny-GenImage,train,230_adm_138.PNG,data/train-00001-of-00014.parquet,122379
pilot_003880,data/raw/tiny-genimage/images/Real/n01986214_4403.JPEG,0,Real,0,Tiny-GenImage,train,n01986214_4403.JPEG,data/train-00001-of-00014.parquet,208713
pilot_003881,data/raw/tiny-genimage/images/BigGAN/152_biggan_00030.png,1,BigGAN,2,Tiny-GenImage,train,152_biggan_00030.png,data/train-00001-of-00014.parquet,29314
pilot_003882,data/raw/tiny-genimage/images/Real/n02077923_41.JPEG,0,Real,0,Tiny-GenImage,train,n02077923_41.JPEG,data/train-00001-of-00014.parquet,158786
pilot_003883,data/raw/tiny-genimage/images/GLIDE/GLIDE_1000_200_01_147_glide_00001.png,1,GLIDE,3,Tiny-GenImage,train,GLIDE_1000_200_01_147_glide_00001.png,data/train-00001-of-00014.parquet,63050
pilot_003884,data/raw/tiny-genimage/images/Real/n02027492_5586.JPEG,0,Real,0,Tiny-GenImage,train,n02027492_5586.JPEG,data/train-00001-of-00014.parquet,59918
pilot_003885,data/raw/tiny-genimage/images/Midjourney/218_midjourney_113.png,1,Midjourney,4,Tiny-GenImage,train,218_midjourney_113.png,data/train-00001-of-00014.parquet,1184206
pilot_003886,data/raw/tiny-genimage/images/Real/n02012849_6341.JPEG,0,Real,0,Tiny-GenImage,train,n02012849_6341.JPEG,data/train-00001-of-00014.parquet,89402
pilot_003887,data/raw/tiny-genimage/images/SD15/139_sdv5_00096.png,1,SD15,6,Tiny-GenImage,train,139_sdv5_00096.png,data/train-00001-of-00014.parquet,383494
pilot_003888,data/raw/tiny-genimage/images/Real/n01981276_1030.JPEG,0,Real,0,Tiny-GenImage,train,n01981276_1030.JPEG,data/train-00001-of-00014.parquet,51199
pilot_003889,data/raw/tiny-genimage/images/VQDM/VQDM_1000_200_01_149_vqdm_00049.png,1,VQDM,7,Tiny-GenImage,train,VQDM_1000_200_01_149_vqdm_00049.png,data/train-00001-of-00014.parquet,53253
pilot_003890,data/raw/tiny-genimage/images/Real/n02011460_4593.JPEG,0,Real,0,Tiny-GenImage,train,n02011460_4593.JPEG,data/train-00001-of-00014.parquet,145310
pilot_003891,data/raw/tiny-genimage/images/Wukong/219_wukong_image153.png,1,Wukong,8,Tiny-GenImage,train,219_wukong_image153.png,data/train-00001-of-00014.parquet,438723
pilot_003892,data/raw/tiny-genimage/images/Real/n02002724_2866.JPEG,0,Real,0,Tiny-GenImage,train,n02002724_2866.JPEG,data/train-00001-of-00014.parquet,135901
pilot_003893,data/raw/tiny-genimage/images/ADM/230_adm_73.PNG,1,ADM,1,Tiny-GenImage,train,230_adm_73.PNG,data/train-00001-of-00014.parquet,164528
pilot_003894,data/raw/tiny-genimage/images/Real/n01986214_5728.JPEG,0,Real,0,Tiny-GenImage,train,n01986214_5728.JPEG,data/train-00001-of-00014.parquet,101583
pilot_003895,data/raw/tiny-genimage/images/BigGAN/152_biggan_00091.png,1,BigGAN,2,Tiny-GenImage,train,152_biggan_00091.png,data/train-00001-of-00014.parquet,28740
pilot_003896,data/raw/tiny-genimage/images/Real/n02077923_5352.JPEG,0,Real,0,Tiny-GenImage,train,n02077923_5352.JPEG,data/train-00001-of-00014.parquet,172790
pilot_003897,data/raw/tiny-genimage/images/GLIDE/GLIDE_1000_200_01_147_glide_00006.png,1,GLIDE,3,Tiny-GenImage,train,GLIDE_1000_200_01_147_glide_00006.png,data/train-00001-of-00014.parquet,60618
pilot_003898,data/raw/tiny-genimage/images/Real/n02028035_521.JPEG,0,Real,0,Tiny-GenImage,train,n02028035_521.JPEG,data/train-00001-of-00014.parquet,140813
pilot_003899,data/raw/tiny-genimage/images/Midjourney/218_midjourney_45.png,1,Midjourney,4,Tiny-GenImage,train,218_midjourney_45.png,data/train-00001-of-00014.parquet,834096
pilot_003900,data/raw/tiny-genimage/images/Real/n02013706_1391.JPEG,0,Real,0,Tiny-GenImage,train,n02013706_1391.JPEG,data/train-00001-of-00014.parquet,240063
pilot_003901,data/raw/tiny-genimage/images/SD15/139_sdv5_00132.png,1,SD15,6,Tiny-GenImage,train,139_sdv5_00132.png,data/train-00001-of-00014.parquet,384115
pilot_003902,data/raw/tiny-genimage/images/Real/n01981276_24384.JPEG,0,Real,0,Tiny-GenImage,train,n01981276_24384.JPEG,data/train-00001-of-00014.parquet,116521
pilot_003903,data/raw/tiny-genimage/images/VQDM/VQDM_1000_200_01_150_vqdm_00118.png,1,VQDM,7,Tiny-GenImage,train,VQDM_1000_200_01_150_vqdm_00118.png,data/train-00001-of-00014.parquet,107284
pilot_003904,data/raw/tiny-genimage/images/Real/n02011460_6494.JPEG,0,Real,0,Tiny-GenImage,train,n02011460_6494.JPEG,data/train-00001-of-00014.parquet,198592
pilot_003905,data/raw/tiny-genimage/images/Wukong/219_wukong_image186.png,1,Wukong,8,Tiny-GenImage,train,219_wukong_image186.png,data/train-00001-of-00014.parquet,504331
pilot_003906,data/raw/tiny-genimage/images/Real/n02002724_408.JPEG,0,Real,0,Tiny-GenImage,train,n02002724_408.JPEG,data/train-00001-of-00014.parquet,5316
pilot_003907,data/raw/tiny-genimage/images/ADM/230_adm_88.PNG,1,ADM,1,Tiny-GenImage,train,230_adm_88.PNG,data/train-00001-of-00014.parquet,107676
pilot_003908,data/raw/tiny-genimage/images/Real/n01990800_1074.JPEG,0,Real,0,Tiny-GenImage,train,n01990800_1074.JPEG,data/train-00001-of-00014.parquet,158391
pilot_003909,data/raw/tiny-genimage/images/BigGAN/154_biggan_00150.png,1,BigGAN,2,Tiny-GenImage,train,154_biggan_00150.png,data/train-00001-of-00014.parquet,29095
pilot_003910,data/raw/tiny-genimage/images/Real/n02085620_1455.JPEG,0,Real,0,Tiny-GenImage,train,n02085620_1455.JPEG,data/train-00001-of-00014.parquet,16743
pilot_003911,data/raw/tiny-genimage/images/GLIDE/GLIDE_1000_200_01_147_glide_00130.png,1,GLIDE,3,Tiny-GenImage,train,GLIDE_1000_200_01_147_glide_00130.png,data/train-00001-of-00014.parquet,81028
pilot_003912,data/raw/tiny-genimage/images/Real/n02033041_2928.JPEG,0,Real,0,Tiny-GenImage,train,n02033041_2928.JPEG,data/train-00001-of-00014.parquet,106971
pilot_003913,data/raw/tiny-genimage/images/Midjourney/218_midjourney_61.png,1,Midjourney,4,Tiny-GenImage,train,218_midjourney_61.png,data/train-00001-of-00014.parquet,1074926
pilot_003914,data/raw/tiny-genimage/images/Real/n02017213_14022.JPEG,0,Real,0,Tiny-GenImage,train,n02017213_14022.JPEG,data/train-00001-of-00014.parquet,236550
pilot_003915,data/raw/tiny-genimage/images/SD15/139_sdv5_00160.png,1,SD15,6,Tiny-GenImage,train,139_sdv5_00160.png,data/train-00001-of-00014.parquet,358335
pilot_003916,data/raw/tiny-genimage/images/Real/n01984695_98448.JPEG,0,Real,0,Tiny-GenImage,train,n01984695_98448.JPEG,data/train-00001-of-00014.parquet,194394
pilot_003917,data/raw/tiny-genimage/images/VQDM/VQDM_1000_200_01_150_vqdm_00155.png,1,VQDM,7,Tiny-GenImage,train,VQDM_1000_200_01_150_vqdm_00155.png,data/train-00001-of-00014.parquet,122368
pilot_003918,data/raw/tiny-genimage/images/Real/n02012849_24618.JPEG,0,Real,0,Tiny-GenImage,train,n02012849_24618.JPEG,data/train-00001-of-00014.parquet,169342
pilot_003919,data/raw/tiny-genimage/images/Wukong/21_wukong_image134.png,1,Wukong,8,Tiny-GenImage,train,21_wukong_image134.png,data/train-00001-of-00014.parquet,347718
pilot_003920,data/raw/tiny-genimage/images/Real/n02002724_4289.JPEG,0,Real,0,Tiny-GenImage,train,n02002724_4289.JPEG,data/train-00001-of-00014.parquet,58077
pilot_003921,data/raw/tiny-genimage/images/ADM/231_adm_132.PNG,1,ADM,1,Tiny-GenImage,train,231_adm_132.PNG,data/train-00001-of-00014.parquet,109282
pilot_003922,data/raw/tiny-genimage/images/Real/n01990800_6928.JPEG,0,Real,0,Tiny-GenImage,train,n01990800_6928.JPEG,data/train-00001-of-00014.parquet,89416
pilot_003923,data/raw/tiny-genimage/images/BigGAN/155_biggan_00098.png,1,BigGAN,2,Tiny-GenImage,train,155_biggan_00098.png,data/train-00001-of-00014.parquet,30779
pilot_003924,data/raw/tiny-genimage/images/Real/n02085782_38.JPEG,0,Real,0,Tiny-GenImage,train,n02085782_38.JPEG,data/train-00001-of-00014.parquet,8860
pilot_003925,data/raw/tiny-genimage/images/GLIDE/GLIDE_1000_200_01_147_glide_00139.png,1,GLIDE,3,Tiny-GenImage,train,GLIDE_1000_200_01_147_glide_00139.png,data/train-00001-of-00014.parquet,52195
pilot_003926,data/raw/tiny-genimage/images/Real/n02033041_7266.JPEG,0,Real,0,Tiny-GenImage,train,n02033041_7266.JPEG,data/train-00001-of-00014.parquet,162803
pilot_003927,data/raw/tiny-genimage/images/Midjourney/218_midjourney_80.png,1,Midjourney,4,Tiny-GenImage,train,218_midjourney_80.png,data/train-00001-of-00014.parquet,911357
pilot_003928,data/raw/tiny-genimage/images/Real/n02017213_7370.JPEG,0,Real,0,Tiny-GenImage,train,n02017213_7370.JPEG,data/train-00001-of-00014.parquet,170518
pilot_003929,data/raw/tiny-genimage/images/SD15/140_sdv5_00002.png,1,SD15,6,Tiny-GenImage,train,140_sdv5_00002.png,data/train-00001-of-00014.parquet,347159
pilot_003930,data/raw/tiny-genimage/images/Real/n01986214_10046.JPEG,0,Real,0,Tiny-GenImage,train,n01986214_10046.JPEG,data/train-00001-of-00014.parquet,27320
pilot_003931,data/raw/tiny-genimage/images/VQDM/VQDM_1000_200_01_151_vqdm_00095.png,1,VQDM,7,Tiny-GenImage,train,VQDM_1000_200_01_151_vqdm_00095.png,data/train-00001-of-00014.parquet,104991
pilot_003932,data/raw/tiny-genimage/images/Real/n02012849_6283.JPEG,0,Real,0,Tiny-GenImage,train,n02012849_6283.JPEG,data/train-00001-of-00014.parquet,169904
pilot_003933,data/raw/tiny-genimage/images/Wukong/21_wukong_image161.png,1,Wukong,8,Tiny-GenImage,train,21_wukong_image161.png,data/train-00001-of-00014.parquet,443326
pilot_003934,data/raw/tiny-genimage/images/Real/n02006656_1215.JPEG,0,Real,0,Tiny-GenImage,train,n02006656_1215.JPEG,data/train-00001-of-00014.parquet,46129
pilot_003935,data/raw/tiny-genimage/images/ADM/231_adm_45.PNG,1,ADM,1,Tiny-GenImage,train,231_adm_45.PNG,data/train-00001-of-00014.parquet,131594
pilot_003936,data/raw/tiny-genimage/images/Real/n01990800_7299.JPEG,0,Real,0,Tiny-GenImage,train,n01990800_7299.JPEG,data/train-00001-of-00014.parquet,163502
pilot_003937,data/raw/tiny-genimage/images/BigGAN/156_biggan_00162.png,1,BigGAN,2,Tiny-GenImage,train,156_biggan_00162.png,data/train-00001-of-00014.parquet,27486
pilot_003938,data/raw/tiny-genimage/images/Real/n02085782_4927.JPEG,0,Real,0,Tiny-GenImage,train,n02085782_4927.JPEG,data/train-00001-of-00014.parquet,3492
pilot_003939,data/raw/tiny-genimage/images/GLIDE/GLIDE_1000_200_01_148_glide_00073.png,1,GLIDE,3,Tiny-GenImage,train,GLIDE_1000_200_01_148_glide_00073.png,data/train-00001-of-00014.parquet,65568
pilot_003940,data/raw/tiny-genimage/images/Real/n02037110_2833.JPEG,0,Real,0,Tiny-GenImage,train,n02037110_2833.JPEG,data/train-00001-of-00014.parquet,112757
pilot_003941,data/raw/tiny-genimage/images/Midjourney/219_midjourney_185.png,1,Midjourney,4,Tiny-GenImage,train,219_midjourney_185.png,data/train-00001-of-00014.parquet,1164157
pilot_003942,data/raw/tiny-genimage/images/Real/n02018207_15594.JPEG,0,Real,0,Tiny-GenImage,train,n02018207_15594.JPEG,data/train-00001-of-00014.parquet,88612
pilot_003943,data/raw/tiny-genimage/images/SD15/141_sdv5_00026.png,1,SD15,6,Tiny-GenImage,train,141_sdv5_00026.png,data/train-00001-of-00014.parquet,352161
pilot_003944,data/raw/tiny-genimage/images/Real/n01990800_10823.JPEG,0,Real,0,Tiny-GenImage,train,n01990800_10823.JPEG,data/train-00001-of-00014.parquet,2737
pilot_003945,data/raw/tiny-genimage/images/VQDM/VQDM_1000_200_01_152_vqdm_00033.png,1,VQDM,7,Tiny-GenImage,train,VQDM_1000_200_01_152_vqdm_00033.png,data/train-00001-of-00014.parquet,76262
pilot_003946,data/raw/tiny-genimage/images/Real/n02012849_7815.JPEG,0,Real,0,Tiny-GenImage,train,n02012849_7815.JPEG,data/train-00001-of-00014.parquet,59425
pilot_003947,data/raw/tiny-genimage/images/Wukong/220_wukong_image192.png,1,Wukong,8,Tiny-GenImage,train,220_wukong_image192.png,data/train-00001-of-00014.parquet,471887
pilot_003948,data/raw/tiny-genimage/images/Real/n02006656_1999.JPEG,0,Real,0,Tiny-GenImage,train,n02006656_1999.JPEG,data/train-00001-of-00014.parquet,103368
pilot_003949,data/raw/tiny-genimage/images/ADM/232_adm_25.PNG,1,ADM,1,Tiny-GenImage,train,232_adm_25.PNG,data/train-00001-of-00014.parquet,142383
pilot_003950,data/raw/tiny-genimage/images/Real/n01990800_96.JPEG,0,Real,0,Tiny-GenImage,train,n01990800_96.JPEG,data/train-00001-of-00014.parquet,164927
pilot_003951,data/raw/tiny-genimage/images/BigGAN/157_biggan_00091.png,1,BigGAN,2,Tiny-GenImage,train,157_biggan_00091.png,data/train-00001-of-00014.parquet,35315
pilot_003952,data/raw/tiny-genimage/images/Real/n02085782_7460.JPEG,0,Real,0,Tiny-GenImage,train,n02085782_7460.JPEG,data/train-00001-of-00014.parquet,85941
pilot_003953,data/raw/tiny-genimage/images/GLIDE/GLIDE_1000_200_01_148_glide_00160.png,1,GLIDE,3,Tiny-GenImage,train,GLIDE_1000_200_01_148_glide_00160.png,data/train-00001-of-00014.parquet,61416
pilot_003954,data/raw/tiny-genimage/images/Real/n02037110_6811.JPEG,0,Real,0,Tiny-GenImage,train,n02037110_6811.JPEG,data/train-00001-of-00014.parquet,105955
pilot_003955,data/raw/tiny-genimage/images/Midjourney/21_midjourney_10.png,1,Midjourney,4,Tiny-GenImage,train,21_midjourney_10.png,data/train-00001-of-00014.parquet,1345793
pilot_003956,data/raw/tiny-genimage/images/Real/n02018207_2104.JPEG,0,Real,0,Tiny-GenImage,train,n02018207_2104.JPEG,data/train-00001-of-00014.parquet,183368
pilot_003957,data/raw/tiny-genimage/images/SD15/141_sdv5_00030.png,1,SD15,6,Tiny-GenImage,train,141_sdv5_00030.png,data/train-00001-of-00014.parquet,342600
pilot_003958,data/raw/tiny-genimage/images/Real/n01990800_12065.JPEG,0,Real,0,Tiny-GenImage,train,n01990800_12065.JPEG,data/train-00001-of-00014.parquet,123535
pilot_003959,data/raw/tiny-genimage/images/VQDM/VQDM_1000_200_01_152_vqdm_00149.png,1,VQDM,7,Tiny-GenImage,train,VQDM_1000_200_01_152_vqdm_00149.png,data/train-00001-of-00014.parquet,116136
pilot_003960,data/raw/tiny-genimage/images/Real/n02017213_1650.JPEG,0,Real,0,Tiny-GenImage,train,n02017213_1650.JPEG,data/train-00001-of-00014.parquet,148810
pilot_003961,data/raw/tiny-genimage/images/Wukong/221_wukong_image110.png,1,Wukong,8,Tiny-GenImage,train,221_wukong_image110.png,data/train-00001-of-00014.parquet,527304
pilot_003962,data/raw/tiny-genimage/images/Real/n02006656_2052.JPEG,0,Real,0,Tiny-GenImage,train,n02006656_2052.JPEG,data/train-00001-of-00014.parquet,115316
pilot_003963,data/raw/tiny-genimage/images/ADM/234_adm_70.PNG,1,ADM,1,Tiny-GenImage,train,234_adm_70.PNG,data/train-00001-of-00014.parquet,109720
pilot_003964,data/raw/tiny-genimage/images/Real/n02002556_17817.JPEG,0,Real,0,Tiny-GenImage,train,n02002556_17817.JPEG,data/train-00001-of-00014.parquet,161889
pilot_003965,data/raw/tiny-genimage/images/BigGAN/158_biggan_00026.png,1,BigGAN,2,Tiny-GenImage,train,158_biggan_00026.png,data/train-00001-of-00014.parquet,18975
pilot_003966,data/raw/tiny-genimage/images/Real/n02085936_3279.JPEG,0,Real,0,Tiny-GenImage,train,n02085936_3279.JPEG,data/train-00001-of-00014.parquet,19900
pilot_003967,data/raw/tiny-genimage/images/GLIDE/GLIDE_1000_200_01_149_glide_00043.png,1,GLIDE,3,Tiny-GenImage,train,GLIDE_1000_200_01_149_glide_00043.png,data/train-00001-of-00014.parquet,88426
pilot_003968,data/raw/tiny-genimage/images/Real/n02051845_1025.JPEG,0,Real,0,Tiny-GenImage,train,n02051845_1025.JPEG,data/train-00001-of-00014.parquet,79268
pilot_003969,data/raw/tiny-genimage/images/Midjourney/21_midjourney_146.png,1,Midjourney,4,Tiny-GenImage,train,21_midjourney_146.png,data/train-00001-of-00014.parquet,1362498
pilot_003970,data/raw/tiny-genimage/images/Real/n02018207_7341.JPEG,0,Real,0,Tiny-GenImage,train,n02018207_7341.JPEG,data/train-00001-of-00014.parquet,176279
pilot_003971,data/raw/tiny-genimage/images/SD15/141_sdv5_00044.png,1,SD15,6,Tiny-GenImage,train,141_sdv5_00044.png,data/train-00001-of-00014.parquet,398684
pilot_003972,data/raw/tiny-genimage/images/Real/n02002556_6911.JPEG,0,Real,0,Tiny-GenImage,train,n02002556_6911.JPEG,data/train-00001-of-00014.parquet,113345
pilot_003973,data/raw/tiny-genimage/images/VQDM/VQDM_1000_200_01_153_vqdm_00061.png,1,VQDM,7,Tiny-GenImage,train,VQDM_1000_200_01_153_vqdm_00061.png,data/train-00001-of-00014.parquet,130427
pilot_003974,data/raw/tiny-genimage/images/Real/n02018795_4578.JPEG,0,Real,0,Tiny-GenImage,train,n02018795_4578.JPEG,data/train-00001-of-00014.parquet,174236
pilot_003975,data/raw/tiny-genimage/images/Wukong/221_wukong_image154.png,1,Wukong,8,Tiny-GenImage,train,221_wukong_image154.png,data/train-00001-of-00014.parquet,455310
pilot_003976,data/raw/tiny-genimage/images/Real/n02006656_5169.JPEG,0,Real,0,Tiny-GenImage,train,n02006656_5169.JPEG,data/train-00001-of-00014.parquet,189545
pilot_003977,data/raw/tiny-genimage/images/ADM/235_adm_149.PNG,1,ADM,1,Tiny-GenImage,train,235_adm_149.PNG,data/train-00001-of-00014.parquet,157687
pilot_003978,data/raw/tiny-genimage/images/Real/n02002724_6954.JPEG,0,Real,0,Tiny-GenImage,train,n02002724_6954.JPEG,data/train-00001-of-00014.parquet,29124
pilot_003979,data/raw/tiny-genimage/images/BigGAN/159_biggan_00010.png,1,BigGAN,2,Tiny-GenImage,train,159_biggan_00010.png,data/train-00001-of-00014.parquet,37233
pilot_003980,data/raw/tiny-genimage/images/Real/n02085936_3820.JPEG,0,Real,0,Tiny-GenImage,train,n02085936_3820.JPEG,data/train-00001-of-00014.parquet,103071
pilot_003981,data/raw/tiny-genimage/images/GLIDE/GLIDE_1000_200_01_149_glide_00098.png,1,GLIDE,3,Tiny-GenImage,train,GLIDE_1000_200_01_149_glide_00098.png,data/train-00001-of-00014.parquet,73675
pilot_003982,data/raw/tiny-genimage/images/Real/n02051845_1997.JPEG,0,Real,0,Tiny-GenImage,train,n02051845_1997.JPEG,data/train-00001-of-00014.parquet,91074
pilot_003983,data/raw/tiny-genimage/images/Midjourney/21_midjourney_181.png,1,Midjourney,4,Tiny-GenImage,train,21_midjourney_181.png,data/train-00001-of-00014.parquet,1070403
pilot_003984,data/raw/tiny-genimage/images/Real/n02018795_2634.JPEG,0,Real,0,Tiny-GenImage,train,n02018795_2634.JPEG,data/train-00001-of-00014.parquet,69939
pilot_003985,data/raw/tiny-genimage/images/SD15/141_sdv5_00191.png,1,SD15,6,Tiny-GenImage,train,141_sdv5_00191.png,data/train-00001-of-00014.parquet,392248
pilot_003986,data/raw/tiny-genimage/images/Real/n02006656_1058.JPEG,0,Real,0,Tiny-GenImage,train,n02006656_1058.JPEG,data/train-00001-of-00014.parquet,214676
pilot_003987,data/raw/tiny-genimage/images/VQDM/VQDM_1000_200_01_153_vqdm_00145.png,1,VQDM,7,Tiny-GenImage,train,VQDM_1000_200_01_153_vqdm_00145.png,data/train-00001-of-00014.parquet,90555
pilot_003988,data/raw/tiny-genimage/images/Real/n02018795_4800.JPEG,0,Real,0,Tiny-GenImage,train,n02018795_4800.JPEG,data/train-00001-of-00014.parquet,75581
pilot_003989,data/raw/tiny-genimage/images/Wukong/221_wukong_image19.png,1,Wukong,8,Tiny-GenImage,train,221_wukong_image19.png,data/train-00001-of-00014.parquet,424359
pilot_003990,data/raw/tiny-genimage/images/Real/n02006656_8177.JPEG,0,Real,0,Tiny-GenImage,train,n02006656_8177.JPEG,data/train-00001-of-00014.parquet,139989
pilot_003991,data/raw/tiny-genimage/images/ADM/235_adm_59.PNG,1,ADM,1,Tiny-GenImage,train,235_adm_59.PNG,data/train-00001-of-00014.parquet,117133
pilot_003992,data/raw/tiny-genimage/images/Real/n02007558_10967.JPEG,0,Real,0,Tiny-GenImage,train,n02007558_10967.JPEG,data/train-00001-of-00014.parquet,243575
pilot_003993,data/raw/tiny-genimage/images/BigGAN/159_biggan_00046.png,1,BigGAN,2,Tiny-GenImage,train,159_biggan_00046.png,data/train-00001-of-00014.parquet,29479
pilot_003994,data/raw/tiny-genimage/images/Real/n02085936_3914.JPEG,0,Real,0,Tiny-GenImage,train,n02085936_3914.JPEG,data/train-00001-of-00014.parquet,174981
pilot_003995,data/raw/tiny-genimage/images/GLIDE/GLIDE_1000_200_01_149_glide_00128.png,1,GLIDE,3,Tiny-GenImage,train,GLIDE_1000_200_01_149_glide_00128.png,data/train-00001-of-00014.parquet,82070
pilot_003996,data/raw/tiny-genimage/images/Real/n02051845_2316.JPEG,0,Real,0,Tiny-GenImage,train,n02051845_2316.JPEG,data/train-00001-of-00014.parquet,137680
pilot_003997,data/raw/tiny-genimage/images/Midjourney/220_midjourney_33.png,1,Midjourney,4,Tiny-GenImage,train,220_midjourney_33.png,data/train-00001-of-00014.parquet,785297
pilot_003998,data/raw/tiny-genimage/images/Real/n02018795_3247.JPEG,0,Real,0,Tiny-GenImage,train,n02018795_3247.JPEG,data/train-00001-of-00014.parquet,192138
pilot_003999,data/raw/tiny-genimage/images/SD15/142_sdv5_00059.png,1,SD15,6,Tiny-GenImage,train,142_sdv5_00059.png,data/train-00001-of-00014.parquet,389118
