fold,condition,image_id,y,p_h2,generator_id,real_domain,checkpoint,h2_head
3,jpeg_q50,pilot_000000,0,0.01336971390992403,real::Tiny-GenImage,Tiny,models/v2/clip_lora_fold3_best_v1.pt,models/v2/v2_10b_h2_balanced_logreg_fold3_v1.joblib
3,jpeg_q50,pilot_000005,1,0.5350951552391052,tiny::GLIDE,,models/v2/clip_lora_fold3_best_v1.pt,models/v2/v2_10b_h2_balanced_logreg_fold3_v1.joblib
3,jpeg_q50,pilot_000013,1,0.036016520112752914,tiny::Wukong,,models/v2/clip_lora_fold3_best_v1.pt,models/v2/v2_10b_h2_balanced_logreg_fold3_v1.joblib
3,jpeg_q50,pilot_000018,0,0.026856815442442894,real::Tiny-GenImage,Tiny,models/v2/clip_lora_fold3_best_v1.pt,models/v2/v2_10b_h2_balanced_logreg_fold3_v1.joblib
3,jpeg_q50,pilot_000019,1,0.5600467920303345,tiny::GLIDE,,models/v2/clip_lora_fold3_best_v1.pt,models/v2/v2_10b_h2_balanced_logreg_fold3_v1.joblib
3,jpeg_q50,pilot_000020,0,0.0773250162601471,real::Tiny-GenImage,Tiny,models/v2/clip_lora_fold3_best_v1.pt,models/v2/v2_10b_h2_balanced_logreg_fold3_v1.joblib
3,jpeg_q50,pilot_000022,0,0.006200672127306461,real::Tiny-GenImage,Tiny,models/v2/clip_lora_fold3_best_v1.pt,models/v2/v2_10b_h2_balanced_logreg_fold3_v1.joblib
3,jpeg_q50,pilot_000027,1,0.34851545095443726,tiny::Wukong,,models/v2/clip_lora_fold3_best_v1.pt,models/v2/v2_10b_h2_balanced_logreg_fold3_v1.joblib
3,jpeg_q50,pilot_000028,0,0.00513717345893383,real::Tiny-GenImage,Tiny,models/v2/clip_lora_fold3_best_v1.pt,models/v2/v2_10b_h2_balanced_logreg_fold3_v1.joblib
3,jpeg_q50,pilot_000033,1,0.7164871096611023,tiny::GLIDE,,models/v2/clip_lora_fold3_best_v1.pt,models/v2/v2_10b_h2_balanced_logreg_fold3_v1.joblib
3,jpeg_q50,pilot_000038,0,0.003407766344025731,real::Tiny-GenImage,Tiny,models/v2/clip_lora_fold3_best_v1.pt,models/v2/v2_10b_h2_balanced_logreg_fold3_v1.joblib
3,jpeg_q50,pilot_000041,1,0.08334463834762573,tiny::Wukong,,models/v2/clip_lora_fold3_best_v1.pt,models/v2/v2_10b_h2_balanced_logreg_fold3_v1.joblib
3,jpeg_q50,pilot_000047,1,0.8799220323562622,tiny::GLIDE,,models/v2/clip_lora_fold3_best_v1.pt,models/v2/v2_10b_h2_balanced_logreg_fold3_v1.joblib
3,jpeg_q50,pilot_000055,1,0.27696093916893005,tiny::Wukong,,models/v2/clip_lora_fold3_best_v1.pt,models/v2/v2_10b_h2_balanced_logreg_fold3_v1.joblib
3,jpeg_q50,pilot_000061,1,0.6118133068084717,tiny::GLIDE,,models/v2/clip_lora_fold3_best_v1.pt,models/v2/v2_10b_h2_balanced_logreg_fold3_v1.joblib
3,jpeg_q50,pilot_000062,0,0.0862119197845459,real::Tiny-GenImage,Tiny,models/v2/clip_lora_fold3_best_v1.pt,models/v2/v2_10b_h2_balanced_logreg_fold3_v1.joblib
3,jpeg_q50,pilot_000069,1,0.3637602925300598,tiny::Wukong,,models/v2/clip_lora_fold3_best_v1.pt,models/v2/v2_10b_h2_balanced_logreg_fold3_v1.joblib
3,jpeg_q50,pilot_000075,1,0.5011976957321167,tiny::GLIDE,,models/v2/clip_lora_fold3_best_v1.pt,models/v2/v2_10b_h2_balanced_logreg_fold3_v1.joblib
3,jpeg_q50,pilot_000083,1,0.07845721393823624,tiny::Wukong,,models/v2/clip_lora_fold3_best_v1.pt,models/v2/v2_10b_h2_balanced_logreg_fold3_v1.joblib
3,jpeg_q50,pilot_000089,1,0.4494396150112152,tiny::GLIDE,,models/v2/clip_lora_fold3_best_v1.pt,models/v2/v2_10b_h2_balanced_logreg_fold3_v1.joblib
3,jpeg_q50,pilot_000097,1,0.615738034248352,tiny::Wukong,,models/v2/clip_lora_fold3_best_v1.pt,models/v2/v2_10b_h2_balanced_logreg_fold3_v1.joblib
3,jpeg_q50,pilot_000103,1,0.8697632551193237,tiny::GLIDE,,models/v2/clip_lora_fold3_best_v1.pt,models/v2/v2_10b_h2_balanced_logreg_fold3_v1.joblib
3,jpeg_q50,pilot_000111,1,0.048907771706581116,tiny::Wukong,,models/v2/clip_lora_fold3_best_v1.pt,models/v2/v2_10b_h2_balanced_logreg_fold3_v1.joblib
3,jpeg_q50,pilot_000112,0,0.06645384430885315,real::Tiny-GenImage,Tiny,models/v2/clip_lora_fold3_best_v1.pt,models/v2/v2_10b_h2_balanced_logreg_fold3_v1.joblib
3,jpeg_q50,pilot_000117,1,0.8867081999778748,tiny::GLIDE,,models/v2/clip_lora_fold3_best_v1.pt,models/v2/v2_10b_h2_balanced_logreg_fold3_v1.joblib
3,jpeg_q50,pilot_000125,1,0.1980801820755005,tiny::Wukong,,models/v2/clip_lora_fold3_best_v1.pt,models/v2/v2_10b_h2_balanced_logreg_fold3_v1.joblib
3,jpeg_q50,pilot_000131,1,0.8331044912338257,tiny::GLIDE,,models/v2/clip_lora_fold3_best_v1.pt,models/v2/v2_10b_h2_balanced_logreg_fold3_v1.joblib
3,jpeg_q50,pilot_000136,0,0.004302015993744135,real::Tiny-GenImage,Tiny,models/v2/clip_lora_fold3_best_v1.pt,models/v2/v2_10b_h2_balanced_logreg_fold3_v1.joblib
3,jpeg_q50,pilot_000139,1,0.28275734186172485,tiny::Wukong,,models/v2/clip_lora_fold3_best_v1.pt,models/v2/v2_10b_h2_balanced_logreg_fold3_v1.joblib
3,jpeg_q50,pilot_000145,1,0.626585066318512,tiny::GLIDE,,models/v2/clip_lora_fold3_best_v1.pt,models/v2/v2_10b_h2_balanced_logreg_fold3_v1.joblib
3,jpeg_q50,pilot_000146,0,0.004133801441639662,real::Tiny-GenImage,Tiny,models/v2/clip_lora_fold3_best_v1.pt,models/v2/v2_10b_h2_balanced_logreg_fold3_v1.joblib
3,jpeg_q50,pilot_000153,1,0.7640296220779419,tiny::Wukong,,models/v2/clip_lora_fold3_best_v1.pt,models/v2/v2_10b_h2_balanced_logreg_fold3_v1.joblib
3,jpeg_q50,pilot_000154,0,0.03794035688042641,real::Tiny-GenImage,Tiny,models/v2/clip_lora_fold3_best_v1.pt,models/v2/v2_10b_h2_balanced_logreg_fold3_v1.joblib
3,jpeg_q50,pilot_000159,1,0.7424486875534058,tiny::GLIDE,,models/v2/clip_lora_fold3_best_v1.pt,models/v2/v2_10b_h2_balanced_logreg_fold3_v1.joblib
3,jpeg_q50,pilot_000167,1,0.7476682662963867,tiny::Wukong,,models/v2/clip_lora_fold3_best_v1.pt,models/v2/v2_10b_h2_balanced_logreg_fold3_v1.joblib
3,jpeg_q50,pilot_000173,1,0.5029957294464111,tiny::GLIDE,,models/v2/clip_lora_fold3_best_v1.pt,models/v2/v2_10b_h2_balanced_logreg_fold3_v1.joblib
3,jpeg_q50,pilot_000181,1,0.1024213656783104,tiny::Wukong,,models/v2/clip_lora_fold3_best_v1.pt,models/v2/v2_10b_h2_balanced_logreg_fold3_v1.joblib
3,jpeg_q50,pilot_000187,1,0.3341144323348999,tiny::GLIDE,,models/v2/clip_lora_fold3_best_v1.pt,models/v2/v2_10b_h2_balanced_logreg_fold3_v1.joblib
3,jpeg_q50,pilot_000195,1,0.11444256454706192,tiny::Wukong,,models/v2/clip_lora_fold3_best_v1.pt,models/v2/v2_10b_h2_balanced_logreg_fold3_v1.joblib
3,jpeg_q50,pilot_000201,1,0.7751279473304749,tiny::GLIDE,,models/v2/clip_lora_fold3_best_v1.pt,models/v2/v2_10b_h2_balanced_logreg_fold3_v1.joblib
3,jpeg_q50,pilot_000209,1,0.44334861636161804,tiny::Wukong,,models/v2/clip_lora_fold3_best_v1.pt,models/v2/v2_10b_h2_balanced_logreg_fold3_v1.joblib
3,jpeg_q50,pilot_000212,0,0.3156208395957947,real::Tiny-GenImage,Tiny,models/v2/clip_lora_fold3_best_v1.pt,models/v2/v2_10b_h2_balanced_logreg_fold3_v1.joblib
3,jpeg_q50,pilot_000215,1,0.8256023526191711,tiny::GLIDE,,models/v2/clip_lora_fold3_best_v1.pt,models/v2/v2_10b_h2_balanced_logreg_fold3_v1.joblib
3,jpeg_q50,pilot_000223,1,0.2559317350387573,tiny::Wukong,,models/v2/clip_lora_fold3_best_v1.pt,models/v2/v2_10b_h2_balanced_logreg_fold3_v1.joblib
3,jpeg_q50,pilot_000229,1,0.22937045991420746,tiny::GLIDE,,models/v2/clip_lora_fold3_best_v1.pt,models/v2/v2_10b_h2_balanced_logreg_fold3_v1.joblib
3,jpeg_q50,pilot_000234,0,0.14524288475513458,real::Tiny-GenImage,Tiny,models/v2/clip_lora_fold3_best_v1.pt,models/v2/v2_10b_h2_balanced_logreg_fold3_v1.joblib
3,jpeg_q50,pilot_000237,1,0.3610157072544098,tiny::Wukong,,models/v2/clip_lora_fold3_best_v1.pt,models/v2/v2_10b_h2_balanced_logreg_fold3_v1.joblib
3,jpeg_q50,pilot_000243,1,0.4361323416233063,tiny::GLIDE,,models/v2/clip_lora_fold3_best_v1.pt,models/v2/v2_10b_h2_balanced_logreg_fold3_v1.joblib
3,jpeg_q50,pilot_000251,1,0.32239899039268494,tiny::Wukong,,models/v2/clip_lora_fold3_best_v1.pt,models/v2/v2_10b_h2_balanced_logreg_fold3_v1.joblib
3,jpeg_q50,pilot_000257,1,0.558620035648346,tiny::GLIDE,,models/v2/clip_lora_fold3_best_v1.pt,models/v2/v2_10b_h2_balanced_logreg_fold3_v1.joblib
3,jpeg_q50,pilot_000262,0,0.0026066231075674295,real::Tiny-GenImage,Tiny,models/v2/clip_lora_fold3_best_v1.pt,models/v2/v2_10b_h2_balanced_logreg_fold3_v1.joblib
3,jpeg_q50,pilot_000265,1,0.06782523542642593,tiny::Wukong,,models/v2/clip_lora_fold3_best_v1.pt,models/v2/v2_10b_h2_balanced_logreg_fold3_v1.joblib
3,jpeg_q50,pilot_000271,1,0.17432378232479095,tiny::GLIDE,,models/v2/clip_lora_fold3_best_v1.pt,models/v2/v2_10b_h2_balanced_logreg_fold3_v1.joblib
3,jpeg_q50,pilot_000276,0,0.015401107259094715,real::Tiny-GenImage,Tiny,models/v2/clip_lora_fold3_best_v1.pt,models/v2/v2_10b_h2_balanced_logreg_fold3_v1.joblib
3,jpeg_q50,pilot_000279,1,0.12365943938493729,tiny::Wukong,,models/v2/clip_lora_fold3_best_v1.pt,models/v2/v2_10b_h2_balanced_logreg_fold3_v1.joblib
3,jpeg_q50,pilot_000285,1,0.7371647357940674,tiny::GLIDE,,models/v2/clip_lora_fold3_best_v1.pt,models/v2/v2_10b_h2_balanced_logreg_fold3_v1.joblib
3,jpeg_q50,pilot_000293,1,0.5016282200813293,tiny::Wukong,,models/v2/clip_lora_fold3_best_v1.pt,models/v2/v2_10b_h2_balanced_logreg_fold3_v1.joblib
3,jpeg_q50,pilot_000296,0,0.017707187682390213,real::Tiny-GenImage,Tiny,models/v2/clip_lora_fold3_best_v1.pt,models/v2/v2_10b_h2_balanced_logreg_fold3_v1.joblib
3,jpeg_q50,pilot_000299,1,0.4263971745967865,tiny::GLIDE,,models/v2/clip_lora_fold3_best_v1.pt,models/v2/v2_10b_h2_balanced_logreg_fold3_v1.joblib
3,jpeg_q50,pilot_000307,1,0.8803099393844604,tiny::Wukong,,models/v2/clip_lora_fold3_best_v1.pt,models/v2/v2_10b_h2_balanced_logreg_fold3_v1.joblib
3,jpeg_q50,pilot_000310,0,0.06783653050661087,real::Tiny-GenImage,Tiny,models/v2/clip_lora_fold3_best_v1.pt,models/v2/v2_10b_h2_balanced_logreg_fold3_v1.joblib
3,jpeg_q50,pilot_000313,1,0.4015558958053589,tiny::GLIDE,,models/v2/clip_lora_fold3_best_v1.pt,models/v2/v2_10b_h2_balanced_logreg_fold3_v1.joblib
3,jpeg_q50,pilot_000321,1,0.1784246265888214,tiny::Wukong,,models/v2/clip_lora_fold3_best_v1.pt,models/v2/v2_10b_h2_balanced_logreg_fold3_v1.joblib
3,jpeg_q50,pilot_000326,0,0.014583365991711617,real::Tiny-GenImage,Tiny,models/v2/clip_lora_fold3_best_v1.pt,models/v2/v2_10b_h2_balanced_logreg_fold3_v1.joblib
3,jpeg_q50,pilot_000327,1,0.36613842844963074,tiny::GLIDE,,models/v2/clip_lora_fold3_best_v1.pt,models/v2/v2_10b_h2_balanced_logreg_fold3_v1.joblib
3,jpeg_q50,pilot_000335,1,0.2826137840747833,tiny::Wukong,,models/v2/clip_lora_fold3_best_v1.pt,models/v2/v2_10b_h2_balanced_logreg_fold3_v1.joblib
3,jpeg_q50,pilot_000341,1,0.5596657395362854,tiny::GLIDE,,models/v2/clip_lora_fold3_best_v1.pt,models/v2/v2_10b_h2_balanced_logreg_fold3_v1.joblib
3,jpeg_q50,pilot_000342,0,0.07819147408008575,real::Tiny-GenImage,Tiny,models/v2/clip_lora_fold3_best_v1.pt,models/v2/v2_10b_h2_balanced_logreg_fold3_v1.joblib
3,jpeg_q50,pilot_000349,1,0.719199538230896,tiny::Wukong,,models/v2/clip_lora_fold3_best_v1.pt,models/v2/v2_10b_h2_balanced_logreg_fold3_v1.joblib
3,jpeg_q50,pilot_000354,0,0.008098126389086246,real::Tiny-GenImage,Tiny,models/v2/clip_lora_fold3_best_v1.pt,models/v2/v2_10b_h2_balanced_logreg_fold3_v1.joblib
3,jpeg_q50,pilot_000355,1,0.3252902328968048,tiny::GLIDE,,models/v2/clip_lora_fold3_best_v1.pt,models/v2/v2_10b_h2_balanced_logreg_fold3_v1.joblib
3,jpeg_q50,pilot_000360,0,0.08491034060716629,real::Tiny-GenImage,Tiny,models/v2/clip_lora_fold3_best_v1.pt,models/v2/v2_10b_h2_balanced_logreg_fold3_v1.joblib
3,jpeg_q50,pilot_000363,1,0.13273701071739197,tiny::Wukong,,models/v2/clip_lora_fold3_best_v1.pt,models/v2/v2_10b_h2_balanced_logreg_fold3_v1.joblib
3,jpeg_q50,pilot_000368,0,0.019818084314465523,real::Tiny-GenImage,Tiny,models/v2/clip_lora_fold3_best_v1.pt,models/v2/v2_10b_h2_balanced_logreg_fold3_v1.joblib
3,jpeg_q50,pilot_000369,1,0.7173747420310974,tiny::GLIDE,,models/v2/clip_lora_fold3_best_v1.pt,models/v2/v2_10b_h2_balanced_logreg_fold3_v1.joblib
3,jpeg_q50,pilot_000372,0,0.01485137827694416,real::Tiny-GenImage,Tiny,models/v2/clip_lora_fold3_best_v1.pt,models/v2/v2_10b_h2_balanced_logreg_fold3_v1.joblib
3,jpeg_q50,pilot_000377,1,0.3349515497684479,tiny::Wukong,,models/v2/clip_lora_fold3_best_v1.pt,models/v2/v2_10b_h2_balanced_logreg_fold3_v1.joblib
3,jpeg_q50,pilot_000383,1,0.8583447933197021,tiny::GLIDE,,models/v2/clip_lora_fold3_best_v1.pt,models/v2/v2_10b_h2_balanced_logreg_fold3_v1.joblib
3,jpeg_q50,pilot_000391,1,0.19122259318828583,tiny::Wukong,,models/v2/clip_lora_fold3_best_v1.pt,models/v2/v2_10b_h2_balanced_logreg_fold3_v1.joblib
3,jpeg_q50,pilot_000397,1,0.5719671249389648,tiny::GLIDE,,models/v2/clip_lora_fold3_best_v1.pt,models/v2/v2_10b_h2_balanced_logreg_fold3_v1.joblib
3,jpeg_q50,pilot_000405,1,0.6493726968765259,tiny::Wukong,,models/v2/clip_lora_fold3_best_v1.pt,models/v2/v2_10b_h2_balanced_logreg_fold3_v1.joblib
3,jpeg_q50,pilot_000410,0,0.007040765136480331,real::Tiny-GenImage,Tiny,models/v2/clip_lora_fold3_best_v1.pt,models/v2/v2_10b_h2_balanced_logreg_fold3_v1.joblib
3,jpeg_q50,pilot_000411,1,0.7295712232589722,tiny::GLIDE,,models/v2/clip_lora_fold3_best_v1.pt,models/v2/v2_10b_h2_balanced_logreg_fold3_v1.joblib
3,jpeg_q50,pilot_000419,1,0.47591206431388855,tiny::Wukong,,models/v2/clip_lora_fold3_best_v1.pt,models/v2/v2_10b_h2_balanced_logreg_fold3_v1.joblib
3,jpeg_q50,pilot_000425,1,0.8868914842605591,tiny::GLIDE,,models/v2/clip_lora_fold3_best_v1.pt,models/v2/v2_10b_h2_balanced_logreg_fold3_v1.joblib
3,jpeg_q50,pilot_000433,1,0.07916700094938278,tiny::Wukong,,models/v2/clip_lora_fold3_best_v1.pt,models/v2/v2_10b_h2_balanced_logreg_fold3_v1.joblib
3,jpeg_q50,pilot_000436,0,0.03306938707828522,real::Tiny-GenImage,Tiny,models/v2/clip_lora_fold3_best_v1.pt,models/v2/v2_10b_h2_balanced_logreg_fold3_v1.joblib
3,jpeg_q50,pilot_000439,1,0.7874858975410461,tiny::GLIDE,,models/v2/clip_lora_fold3_best_v1.pt,models/v2/v2_10b_h2_balanced_logreg_fold3_v1.joblib
3,jpeg_q50,pilot_000447,1,0.09986051917076111,tiny::Wukong,,models/v2/clip_lora_fold3_best_v1.pt,models/v2/v2_10b_h2_balanced_logreg_fold3_v1.joblib
3,jpeg_q50,pilot_000453,1,0.5727482438087463,tiny::GLIDE,,models/v2/clip_lora_fold3_best_v1.pt,models/v2/v2_10b_h2_balanced_logreg_fold3_v1.joblib
3,jpeg_q50,pilot_000461,1,0.1996639370918274,tiny::Wukong,,models/v2/clip_lora_fold3_best_v1.pt,models/v2/v2_10b_h2_balanced_logreg_fold3_v1.joblib
3,jpeg_q50,pilot_000467,1,0.27146610617637634,tiny::GLIDE,,models/v2/clip_lora_fold3_best_v1.pt,models/v2/v2_10b_h2_balanced_logreg_fold3_v1.joblib
3,jpeg_q50,pilot_000475,1,0.5443012714385986,tiny::Wukong,,models/v2/clip_lora_fold3_best_v1.pt,models/v2/v2_10b_h2_balanced_logreg_fold3_v1.joblib
3,jpeg_q50,pilot_000476,0,0.049183912575244904,real::Tiny-GenImage,Tiny,models/v2/clip_lora_fold3_best_v1.pt,models/v2/v2_10b_h2_balanced_logreg_fold3_v1.joblib
3,jpeg_q50,pilot_000478,0,0.08444957435131073,real::Tiny-GenImage,Tiny,models/v2/clip_lora_fold3_best_v1.pt,models/v2/v2_10b_h2_balanced_logreg_fold3_v1.joblib
3,jpeg_q50,pilot_000481,1,0.7546026110649109,tiny::GLIDE,,models/v2/clip_lora_fold3_best_v1.pt,models/v2/v2_10b_h2_balanced_logreg_fold3_v1.joblib
3,jpeg_q50,pilot_000482,0,0.043262045830488205,real::Tiny-GenImage,Tiny,models/v2/clip_lora_fold3_best_v1.pt,models/v2/v2_10b_h2_balanced_logreg_fold3_v1.joblib
3,jpeg_q50,pilot_000486,0,0.010856971144676208,real::Tiny-GenImage,Tiny,models/v2/clip_lora_fold3_best_v1.pt,models/v2/v2_10b_h2_balanced_logreg_fold3_v1.joblib
3,jpeg_q50,pilot_000489,1,0.3307548761367798,tiny::Wukong,,models/v2/clip_lora_fold3_best_v1.pt,models/v2/v2_10b_h2_balanced_logreg_fold3_v1.joblib
3,jpeg_q50,pilot_000495,1,0.757333517074585,tiny::GLIDE,,models/v2/clip_lora_fold3_best_v1.pt,models/v2/v2_10b_h2_balanced_logreg_fold3_v1.joblib
3,jpeg_q50,pilot_000503,1,0.49585235118865967,tiny::Wukong,,models/v2/clip_lora_fold3_best_v1.pt,models/v2/v2_10b_h2_balanced_logreg_fold3_v1.joblib
3,jpeg_q50,pilot_000509,1,0.5043662190437317,tiny::GLIDE,,models/v2/clip_lora_fold3_best_v1.pt,models/v2/v2_10b_h2_balanced_logreg_fold3_v1.joblib
3,jpeg_q50,pilot_000517,1,0.5593852996826172,tiny::Wukong,,models/v2/clip_lora_fold3_best_v1.pt,models/v2/v2_10b_h2_balanced_logreg_fold3_v1.joblib
3,jpeg_q50,pilot_000523,1,0.7851204872131348,tiny::GLIDE,,models/v2/clip_lora_fold3_best_v1.pt,models/v2/v2_10b_h2_balanced_logreg_fold3_v1.joblib
3,jpeg_q50,pilot_000531,1,0.17144621908664703,tiny::Wukong,,models/v2/clip_lora_fold3_best_v1.pt,models/v2/v2_10b_h2_balanced_logreg_fold3_v1.joblib
3,jpeg_q50,pilot_000537,1,0.8211632370948792,tiny::GLIDE,,models/v2/clip_lora_fold3_best_v1.pt,models/v2/v2_10b_h2_balanced_logreg_fold3_v1.joblib
3,jpeg_q50,pilot_000545,1,0.2572600245475769,tiny::Wukong,,models/v2/clip_lora_fold3_best_v1.pt,models/v2/v2_10b_h2_balanced_logreg_fold3_v1.joblib
3,jpeg_q50,pilot_000548,0,0.00864076241850853,real::Tiny-GenImage,Tiny,models/v2/clip_lora_fold3_best_v1.pt,models/v2/v2_10b_h2_balanced_logreg_fold3_v1.joblib
3,jpeg_q50,pilot_000551,1,0.8110228180885315,tiny::GLIDE,,models/v2/clip_lora_fold3_best_v1.pt,models/v2/v2_10b_h2_balanced_logreg_fold3_v1.joblib
3,jpeg_q50,pilot_000559,1,0.5167403221130371,tiny::Wukong,,models/v2/clip_lora_fold3_best_v1.pt,models/v2/v2_10b_h2_balanced_logreg_fold3_v1.joblib
3,jpeg_q50,pilot_000564,0,0.039201732724905014,real::Tiny-GenImage,Tiny,models/v2/clip_lora_fold3_best_v1.pt,models/v2/v2_10b_h2_balanced_logreg_fold3_v1.joblib
3,jpeg_q50,pilot_000565,1,0.9052560925483704,tiny::GLIDE,,models/v2/clip_lora_fold3_best_v1.pt,models/v2/v2_10b_h2_balanced_logreg_fold3_v1.joblib
3,jpeg_q50,pilot_000573,1,0.20326849818229675,tiny::Wukong,,models/v2/clip_lora_fold3_best_v1.pt,models/v2/v2_10b_h2_balanced_logreg_fold3_v1.joblib
3,jpeg_q50,pilot_000579,1,0.49283456802368164,tiny::GLIDE,,models/v2/clip_lora_fold3_best_v1.pt,models/v2/v2_10b_h2_balanced_logreg_fold3_v1.joblib
3,jpeg_q50,pilot_000587,1,0.15187573432922363,tiny::Wukong,,models/v2/clip_lora_fold3_best_v1.pt,models/v2/v2_10b_h2_balanced_logreg_fold3_v1.joblib
3,jpeg_q50,pilot_000593,1,0.7287552952766418,tiny::GLIDE,,models/v2/clip_lora_fold3_best_v1.pt,models/v2/v2_10b_h2_balanced_logreg_fold3_v1.joblib
3,jpeg_q50,pilot_000594,0,0.005342498421669006,real::Tiny-GenImage,Tiny,models/v2/clip_lora_fold3_best_v1.pt,models/v2/v2_10b_h2_balanced_logreg_fold3_v1.joblib
3,jpeg_q50,pilot_000601,1,0.6257867813110352,tiny::Wukong,,models/v2/clip_lora_fold3_best_v1.pt,models/v2/v2_10b_h2_balanced_logreg_fold3_v1.joblib
3,jpeg_q50,pilot_000607,1,0.7681548595428467,tiny::GLIDE,,models/v2/clip_lora_fold3_best_v1.pt,models/v2/v2_10b_h2_balanced_logreg_fold3_v1.joblib
3,jpeg_q50,pilot_000615,1,0.2039906531572342,tiny::Wukong,,models/v2/clip_lora_fold3_best_v1.pt,models/v2/v2_10b_h2_balanced_logreg_fold3_v1.joblib
3,jpeg_q50,pilot_000621,1,0.4250921905040741,tiny::GLIDE,,models/v2/clip_lora_fold3_best_v1.pt,models/v2/v2_10b_h2_balanced_logreg_fold3_v1.joblib
3,jpeg_q50,pilot_000629,1,0.15389558672904968,tiny::Wukong,,models/v2/clip_lora_fold3_best_v1.pt,models/v2/v2_10b_h2_balanced_logreg_fold3_v1.joblib
3,jpeg_q50,pilot_000632,0,0.49182993173599243,real::Tiny-GenImage,Tiny,models/v2/clip_lora_fold3_best_v1.pt,models/v2/v2_10b_h2_balanced_logreg_fold3_v1.joblib
3,jpeg_q50,pilot_000635,1,0.32203999161720276,tiny::GLIDE,,models/v2/clip_lora_fold3_best_v1.pt,models/v2/v2_10b_h2_balanced_logreg_fold3_v1.joblib
3,jpeg_q50,pilot_000643,1,0.19016149640083313,tiny::Wukong,,models/v2/clip_lora_fold3_best_v1.pt,models/v2/v2_10b_h2_balanced_logreg_fold3_v1.joblib
3,jpeg_q50,pilot_000649,1,0.3343300223350525,tiny::GLIDE,,models/v2/clip_lora_fold3_best_v1.pt,models/v2/v2_10b_h2_balanced_logreg_fold3_v1.joblib
3,jpeg_q50,pilot_000657,1,0.4790235757827759,tiny::Wukong,,models/v2/clip_lora_fold3_best_v1.pt,models/v2/v2_10b_h2_balanced_logreg_fold3_v1.joblib
3,jpeg_q50,pilot_000662,0,0.014336032792925835,real::Tiny-GenImage,Tiny,models/v2/clip_lora_fold3_best_v1.pt,models/v2/v2_10b_h2_balanced_logreg_fold3_v1.joblib
3,jpeg_q50,pilot_000663,1,0.7640187740325928,tiny::GLIDE,,models/v2/clip_lora_fold3_best_v1.pt,models/v2/v2_10b_h2_balanced_logreg_fold3_v1.joblib
3,jpeg_q50,pilot_000671,1,0.5011465549468994,tiny::Wukong,,models/v2/clip_lora_fold3_best_v1.pt,models/v2/v2_10b_h2_balanced_logreg_fold3_v1.joblib
3,jpeg_q50,pilot_000677,1,0.8268020749092102,tiny::GLIDE,,models/v2/clip_lora_fold3_best_v1.pt,models/v2/v2_10b_h2_balanced_logreg_fold3_v1.joblib
3,jpeg_q50,pilot_000685,1,0.23486675322055817,tiny::Wukong,,models/v2/clip_lora_fold3_best_v1.pt,models/v2/v2_10b_h2_balanced_logreg_fold3_v1.joblib
3,jpeg_q50,pilot_000691,1,0.2580212652683258,tiny::GLIDE,,models/v2/clip_lora_fold3_best_v1.pt,models/v2/v2_10b_h2_balanced_logreg_fold3_v1.joblib
3,jpeg_q50,pilot_000694,0,0.008891304954886436,real::Tiny-GenImage,Tiny,models/v2/clip_lora_fold3_best_v1.pt,models/v2/v2_10b_h2_balanced_logreg_fold3_v1.joblib
3,jpeg_q50,pilot_000699,1,0.18076908588409424,tiny::Wukong,,models/v2/clip_lora_fold3_best_v1.pt,models/v2/v2_10b_h2_balanced_logreg_fold3_v1.joblib
3,jpeg_q50,pilot_000705,1,0.6227856874465942,tiny::GLIDE,,models/v2/clip_lora_fold3_best_v1.pt,models/v2/v2_10b_h2_balanced_logreg_fold3_v1.joblib
3,jpeg_q50,pilot_000713,1,0.862529456615448,tiny::Wukong,,models/v2/clip_lora_fold3_best_v1.pt,models/v2/v2_10b_h2_balanced_logreg_fold3_v1.joblib
3,jpeg_q50,pilot_000716,0,0.21078065037727356,real::Tiny-GenImage,Tiny,models/v2/clip_lora_fold3_best_v1.pt,models/v2/v2_10b_h2_balanced_logreg_fold3_v1.joblib
3,jpeg_q50,pilot_000719,1,0.4235721826553345,tiny::GLIDE,,models/v2/clip_lora_fold3_best_v1.pt,models/v2/v2_10b_h2_balanced_logreg_fold3_v1.joblib
3,jpeg_q50,pilot_000727,1,0.4170868992805481,tiny::Wukong,,models/v2/clip_lora_fold3_best_v1.pt,models/v2/v2_10b_h2_balanced_logreg_fold3_v1.joblib
3,jpeg_q50,pilot_000730,0,0.003197941230610013,real::Tiny-GenImage,Tiny,models/v2/clip_lora_fold3_best_v1.pt,models/v2/v2_10b_h2_balanced_logreg_fold3_v1.joblib
3,jpeg_q50,pilot_000733,1,0.5753882527351379,tiny::GLIDE,,models/v2/clip_lora_fold3_best_v1.pt,models/v2/v2_10b_h2_balanced_logreg_fold3_v1.joblib
3,jpeg_q50,pilot_000741,1,0.10374660789966583,tiny::Wukong,,models/v2/clip_lora_fold3_best_v1.pt,models/v2/v2_10b_h2_balanced_logreg_fold3_v1.joblib
3,jpeg_q50,pilot_000747,1,0.4185450077056885,tiny::GLIDE,,models/v2/clip_lora_fold3_best_v1.pt,models/v2/v2_10b_h2_balanced_logreg_fold3_v1.joblib
3,jpeg_q50,pilot_000748,0,0.0074508339166641235,real::Tiny-GenImage,Tiny,models/v2/clip_lora_fold3_best_v1.pt,models/v2/v2_10b_h2_balanced_logreg_fold3_v1.joblib
3,jpeg_q50,pilot_000755,1,0.4122965931892395,tiny::Wukong,,models/v2/clip_lora_fold3_best_v1.pt,models/v2/v2_10b_h2_balanced_logreg_fold3_v1.joblib
3,jpeg_q50,pilot_000761,1,0.7277273535728455,tiny::GLIDE,,models/v2/clip_lora_fold3_best_v1.pt,models/v2/v2_10b_h2_balanced_logreg_fold3_v1.joblib
3,jpeg_q50,pilot_000769,1,0.27987420558929443,tiny::Wukong,,models/v2/clip_lora_fold3_best_v1.pt,models/v2/v2_10b_h2_balanced_logreg_fold3_v1.joblib
3,jpeg_q50,pilot_000774,0,0.0091774370521307,real::Tiny-GenImage,Tiny,models/v2/clip_lora_fold3_best_v1.pt,models/v2/v2_10b_h2_balanced_logreg_fold3_v1.joblib
3,jpeg_q50,pilot_000775,1,0.6250882744789124,tiny::GLIDE,,models/v2/clip_lora_fold3_best_v1.pt,models/v2/v2_10b_h2_balanced_logreg_fold3_v1.joblib
3,jpeg_q50,pilot_000778,0,0.1143130511045456,real::Tiny-GenImage,Tiny,models/v2/clip_lora_fold3_best_v1.pt,models/v2/v2_10b_h2_balanced_logreg_fold3_v1.joblib
3,jpeg_q50,pilot_000783,1,0.22425849735736847,tiny::Wukong,,models/v2/clip_lora_fold3_best_v1.pt,models/v2/v2_10b_h2_balanced_logreg_fold3_v1.joblib
3,jpeg_q50,pilot_000789,1,0.8905075788497925,tiny::GLIDE,,models/v2/clip_lora_fold3_best_v1.pt,models/v2/v2_10b_h2_balanced_logreg_fold3_v1.joblib
3,jpeg_q50,pilot_000796,0,0.04916132614016533,real::Tiny-GenImage,Tiny,models/v2/clip_lora_fold3_best_v1.pt,models/v2/v2_10b_h2_balanced_logreg_fold3_v1.joblib
3,jpeg_q50,pilot_000797,1,0.42161479592323303,tiny::Wukong,,models/v2/clip_lora_fold3_best_v1.pt,models/v2/v2_10b_h2_balanced_logreg_fold3_v1.joblib
3,jpeg_q50,pilot_000803,1,0.42806747555732727,tiny::GLIDE,,models/v2/clip_lora_fold3_best_v1.pt,models/v2/v2_10b_h2_balanced_logreg_fold3_v1.joblib
3,jpeg_q50,pilot_000811,1,0.33995240926742554,tiny::Wukong,,models/v2/clip_lora_fold3_best_v1.pt,models/v2/v2_10b_h2_balanced_logreg_fold3_v1.joblib
3,jpeg_q50,pilot_000816,0,0.015676401555538177,real::Tiny-GenImage,Tiny,models/v2/clip_lora_fold3_best_v1.pt,models/v2/v2_10b_h2_balanced_logreg_fold3_v1.joblib
3,jpeg_q50,pilot_000817,1,0.5659054517745972,tiny::GLIDE,,models/v2/clip_lora_fold3_best_v1.pt,models/v2/v2_10b_h2_balanced_logreg_fold3_v1.joblib
3,jpeg_q50,pilot_000820,0,0.05076809599995613,real::Tiny-GenImage,Tiny,models/v2/clip_lora_fold3_best_v1.pt,models/v2/v2_10b_h2_balanced_logreg_fold3_v1.joblib
3,jpeg_q50,pilot_000825,1,0.1611478179693222,tiny::Wukong,,models/v2/clip_lora_fold3_best_v1.pt,models/v2/v2_10b_h2_balanced_logreg_fold3_v1.joblib
3,jpeg_q50,pilot_000826,0,0.020825479179620743,real::Tiny-GenImage,Tiny,models/v2/clip_lora_fold3_best_v1.pt,models/v2/v2_10b_h2_balanced_logreg_fold3_v1.joblib
3,jpeg_q50,pilot_000830,0,0.01013680174946785,real::Tiny-GenImage,Tiny,models/v2/clip_lora_fold3_best_v1.pt,models/v2/v2_10b_h2_balanced_logreg_fold3_v1.joblib
3,jpeg_q50,pilot_000831,1,0.5171566009521484,tiny::GLIDE,,models/v2/clip_lora_fold3_best_v1.pt,models/v2/v2_10b_h2_balanced_logreg_fold3_v1.joblib
3,jpeg_q50,pilot_000834,0,0.010815443471074104,real::Tiny-GenImage,Tiny,models/v2/clip_lora_fold3_best_v1.pt,models/v2/v2_10b_h2_balanced_logreg_fold3_v1.joblib
3,jpeg_q50,pilot_000839,1,0.20338177680969238,tiny::Wukong,,models/v2/clip_lora_fold3_best_v1.pt,models/v2/v2_10b_h2_balanced_logreg_fold3_v1.joblib
3,jpeg_q50,pilot_000840,0,0.007459619082510471,real::Tiny-GenImage,Tiny,models/v2/clip_lora_fold3_best_v1.pt,models/v2/v2_10b_h2_balanced_logreg_fold3_v1.joblib
3,jpeg_q50,pilot_000845,1,0.35522744059562683,tiny::GLIDE,,models/v2/clip_lora_fold3_best_v1.pt,models/v2/v2_10b_h2_balanced_logreg_fold3_v1.joblib
3,jpeg_q50,pilot_000853,1,0.43037307262420654,tiny::Wukong,,models/v2/clip_lora_fold3_best_v1.pt,models/v2/v2_10b_h2_balanced_logreg_fold3_v1.joblib
3,jpeg_q50,pilot_000859,1,0.8127121925354004,tiny::GLIDE,,models/v2/clip_lora_fold3_best_v1.pt,models/v2/v2_10b_h2_balanced_logreg_fold3_v1.joblib
3,jpeg_q50,pilot_000867,1,0.0846652239561081,tiny::Wukong,,models/v2/clip_lora_fold3_best_v1.pt,models/v2/v2_10b_h2_balanced_logreg_fold3_v1.joblib
3,jpeg_q50,pilot_000873,1,0.4690297245979309,tiny::GLIDE,,models/v2/clip_lora_fold3_best_v1.pt,models/v2/v2_10b_h2_balanced_logreg_fold3_v1.joblib
3,jpeg_q50,pilot_000878,0,0.28626203536987305,real::Tiny-GenImage,Tiny,models/v2/clip_lora_fold3_best_v1.pt,models/v2/v2_10b_h2_balanced_logreg_fold3_v1.joblib
3,jpeg_q50,pilot_000881,1,0.5473724603652954,tiny::Wukong,,models/v2/clip_lora_fold3_best_v1.pt,models/v2/v2_10b_h2_balanced_logreg_fold3_v1.joblib
3,jpeg_q50,pilot_000887,1,0.7008348107337952,tiny::GLIDE,,models/v2/clip_lora_fold3_best_v1.pt,models/v2/v2_10b_h2_balanced_logreg_fold3_v1.joblib
3,jpeg_q50,pilot_000894,0,0.06855248659849167,real::Tiny-GenImage,Tiny,models/v2/clip_lora_fold3_best_v1.pt,models/v2/v2_10b_h2_balanced_logreg_fold3_v1.joblib
3,jpeg_q50,pilot_000895,1,0.647889256477356,tiny::Wukong,,models/v2/clip_lora_fold3_best_v1.pt,models/v2/v2_10b_h2_balanced_logreg_fold3_v1.joblib
3,jpeg_q50,pilot_000901,1,0.5627477765083313,tiny::GLIDE,,models/v2/clip_lora_fold3_best_v1.pt,models/v2/v2_10b_h2_balanced_logreg_fold3_v1.joblib
3,jpeg_q50,pilot_000902,0,0.011089487001299858,real::Tiny-GenImage,Tiny,models/v2/clip_lora_fold3_best_v1.pt,models/v2/v2_10b_h2_balanced_logreg_fold3_v1.joblib
3,jpeg_q50,pilot_000908,0,0.007621603086590767,real::Tiny-GenImage,Tiny,models/v2/clip_lora_fold3_best_v1.pt,models/v2/v2_10b_h2_balanced_logreg_fold3_v1.joblib
3,jpeg_q50,pilot_000909,1,0.7866730093955994,tiny::Wukong,,models/v2/clip_lora_fold3_best_v1.pt,models/v2/v2_10b_h2_balanced_logreg_fold3_v1.joblib
3,jpeg_q50,pilot_000915,1,0.5667433142662048,tiny::GLIDE,,models/v2/clip_lora_fold3_best_v1.pt,models/v2/v2_10b_h2_balanced_logreg_fold3_v1.joblib
3,jpeg_q50,pilot_000923,1,0.20267531275749207,tiny::Wukong,,models/v2/clip_lora_fold3_best_v1.pt,models/v2/v2_10b_h2_balanced_logreg_fold3_v1.joblib
3,jpeg_q50,pilot_000926,0,0.06001634895801544,real::Tiny-GenImage,Tiny,models/v2/clip_lora_fold3_best_v1.pt,models/v2/v2_10b_h2_balanced_logreg_fold3_v1.joblib
3,jpeg_q50,pilot_000929,1,0.553174614906311,tiny::GLIDE,,models/v2/clip_lora_fold3_best_v1.pt,models/v2/v2_10b_h2_balanced_logreg_fold3_v1.joblib
3,jpeg_q50,pilot_000937,1,0.18202346563339233,tiny::Wukong,,models/v2/clip_lora_fold3_best_v1.pt,models/v2/v2_10b_h2_balanced_logreg_fold3_v1.joblib
3,jpeg_q50,pilot_000943,1,0.1944795846939087,tiny::GLIDE,,models/v2/clip_lora_fold3_best_v1.pt,models/v2/v2_10b_h2_balanced_logreg_fold3_v1.joblib
3,jpeg_q50,pilot_000951,1,0.2295668125152588,tiny::Wukong,,models/v2/clip_lora_fold3_best_v1.pt,models/v2/v2_10b_h2_balanced_logreg_fold3_v1.joblib
3,jpeg_q50,pilot_000952,0,0.007451056037098169,real::Tiny-GenImage,Tiny,models/v2/clip_lora_fold3_best_v1.pt,models/v2/v2_10b_h2_balanced_logreg_fold3_v1.joblib
3,jpeg_q50,pilot_000957,1,0.4675769805908203,tiny::GLIDE,,models/v2/clip_lora_fold3_best_v1.pt,models/v2/v2_10b_h2_balanced_logreg_fold3_v1.joblib
3,jpeg_q50,pilot_000960,0,0.015897542238235474,real::Tiny-GenImage,Tiny,models/v2/clip_lora_fold3_best_v1.pt,models/v2/v2_10b_h2_balanced_logreg_fold3_v1.joblib
3,jpeg_q50,pilot_000965,1,0.17697595059871674,tiny::Wukong,,models/v2/clip_lora_fold3_best_v1.pt,models/v2/v2_10b_h2_balanced_logreg_fold3_v1.joblib
3,jpeg_q50,pilot_000971,1,0.5767036080360413,tiny::GLIDE,,models/v2/clip_lora_fold3_best_v1.pt,models/v2/v2_10b_h2_balanced_logreg_fold3_v1.joblib
3,jpeg_q50,pilot_000979,1,0.24904096126556396,tiny::Wukong,,models/v2/clip_lora_fold3_best_v1.pt,models/v2/v2_10b_h2_balanced_logreg_fold3_v1.joblib
3,jpeg_q50,pilot_000985,1,0.3752399981021881,tiny::GLIDE,,models/v2/clip_lora_fold3_best_v1.pt,models/v2/v2_10b_h2_balanced_logreg_fold3_v1.joblib
3,jpeg_q50,pilot_000990,0,0.01868414878845215,real::Tiny-GenImage,Tiny,models/v2/clip_lora_fold3_best_v1.pt,models/v2/v2_10b_h2_balanced_logreg_fold3_v1.joblib
3,jpeg_q50,pilot_000993,1,0.8940990567207336,tiny::Wukong,,models/v2/clip_lora_fold3_best_v1.pt,models/v2/v2_10b_h2_balanced_logreg_fold3_v1.joblib
3,jpeg_q50,pilot_000996,0,0.048972710967063904,real::Tiny-GenImage,Tiny,models/v2/clip_lora_fold3_best_v1.pt,models/v2/v2_10b_h2_balanced_logreg_fold3_v1.joblib
3,jpeg_q50,pilot_000999,1,0.4113798141479492,tiny::GLIDE,,models/v2/clip_lora_fold3_best_v1.pt,models/v2/v2_10b_h2_balanced_logreg_fold3_v1.joblib
3,jpeg_q50,pilot_001007,1,0.2709779143333435,tiny::Wukong,,models/v2/clip_lora_fold3_best_v1.pt,models/v2/v2_10b_h2_balanced_logreg_fold3_v1.joblib
3,jpeg_q50,pilot_001013,1,0.19084568321704865,tiny::GLIDE,,models/v2/clip_lora_fold3_best_v1.pt,models/v2/v2_10b_h2_balanced_logreg_fold3_v1.joblib
3,jpeg_q50,pilot_001016,0,0.2551094889640808,real::Tiny-GenImage,Tiny,models/v2/clip_lora_fold3_best_v1.pt,models/v2/v2_10b_h2_balanced_logreg_fold3_v1.joblib
3,jpeg_q50,pilot_001021,1,0.2940117418766022,tiny::Wukong,,models/v2/clip_lora_fold3_best_v1.pt,models/v2/v2_10b_h2_balanced_logreg_fold3_v1.joblib
3,jpeg_q50,pilot_001022,0,0.0013811120297759771,real::Tiny-GenImage,Tiny,models/v2/clip_lora_fold3_best_v1.pt,models/v2/v2_10b_h2_balanced_logreg_fold3_v1.joblib
3,jpeg_q50,pilot_001024,0,0.015530417673289776,real::Tiny-GenImage,Tiny,models/v2/clip_lora_fold3_best_v1.pt,models/v2/v2_10b_h2_balanced_logreg_fold3_v1.joblib
3,jpeg_q50,pilot_001027,1,0.1556321084499359,tiny::GLIDE,,models/v2/clip_lora_fold3_best_v1.pt,models/v2/v2_10b_h2_balanced_logreg_fold3_v1.joblib
3,jpeg_q50,pilot_001035,1,0.34947511553764343,tiny::Wukong,,models/v2/clip_lora_fold3_best_v1.pt,models/v2/v2_10b_h2_balanced_logreg_fold3_v1.joblib
3,jpeg_q50,pilot_001038,0,0.08355027437210083,real::Tiny-GenImage,Tiny,models/v2/clip_lora_fold3_best_v1.pt,models/v2/v2_10b_h2_balanced_logreg_fold3_v1.joblib
3,jpeg_q50,pilot_001041,1,0.5556169152259827,tiny::GLIDE,,models/v2/clip_lora_fold3_best_v1.pt,models/v2/v2_10b_h2_balanced_logreg_fold3_v1.joblib
3,jpeg_q50,pilot_001042,0,0.005464006680995226,real::Tiny-GenImage,Tiny,models/v2/clip_lora_fold3_best_v1.pt,models/v2/v2_10b_h2_balanced_logreg_fold3_v1.joblib
3,jpeg_q50,pilot_001049,1,0.08910489082336426,tiny::Wukong,,models/v2/clip_lora_fold3_best_v1.pt,models/v2/v2_10b_h2_balanced_logreg_fold3_v1.joblib
3,jpeg_q50,pilot_001054,0,0.06529301404953003,real::Tiny-GenImage,Tiny,models/v2/clip_lora_fold3_best_v1.pt,models/v2/v2_10b_h2_balanced_logreg_fold3_v1.joblib
3,jpeg_q50,pilot_001055,1,0.5122362971305847,tiny::GLIDE,,models/v2/clip_lora_fold3_best_v1.pt,models/v2/v2_10b_h2_balanced_logreg_fold3_v1.joblib
3,jpeg_q50,pilot_001063,1,0.08554615080356598,tiny::Wukong,,models/v2/clip_lora_fold3_best_v1.pt,models/v2/v2_10b_h2_balanced_logreg_fold3_v1.joblib
3,jpeg_q50,pilot_001068,0,0.11778999865055084,real::Tiny-GenImage,Tiny,models/v2/clip_lora_fold3_best_v1.pt,models/v2/v2_10b_h2_balanced_logreg_fold3_v1.joblib
3,jpeg_q50,pilot_001069,1,0.6807265281677246,tiny::GLIDE,,models/v2/clip_lora_fold3_best_v1.pt,models/v2/v2_10b_h2_balanced_logreg_fold3_v1.joblib
3,jpeg_q50,pilot_001070,0,0.015196611173450947,real::Tiny-GenImage,Tiny,models/v2/clip_lora_fold3_best_v1.pt,models/v2/v2_10b_h2_balanced_logreg_fold3_v1.joblib
3,jpeg_q50,pilot_001076,0,0.006131681613624096,real::Tiny-GenImage,Tiny,models/v2/clip_lora_fold3_best_v1.pt,models/v2/v2_10b_h2_balanced_logreg_fold3_v1.joblib
3,jpeg_q50,pilot_001077,1,0.7993475794792175,tiny::Wukong,,models/v2/clip_lora_fold3_best_v1.pt,models/v2/v2_10b_h2_balanced_logreg_fold3_v1.joblib
3,jpeg_q50,pilot_001083,1,0.4607064723968506,tiny::GLIDE,,models/v2/clip_lora_fold3_best_v1.pt,models/v2/v2_10b_h2_balanced_logreg_fold3_v1.joblib
3,jpeg_q50,pilot_001086,0,0.004389870446175337,real::Tiny-GenImage,Tiny,models/v2/clip_lora_fold3_best_v1.pt,models/v2/v2_10b_h2_balanced_logreg_fold3_v1.joblib
3,jpeg_q50,pilot_001091,1,0.3219967186450958,tiny::Wukong,,models/v2/clip_lora_fold3_best_v1.pt,models/v2/v2_10b_h2_balanced_logreg_fold3_v1.joblib
3,jpeg_q50,pilot_001097,1,0.6181032657623291,tiny::GLIDE,,models/v2/clip_lora_fold3_best_v1.pt,models/v2/v2_10b_h2_balanced_logreg_fold3_v1.joblib
3,jpeg_q50,pilot_001102,0,0.0645456537604332,real::Tiny-GenImage,Tiny,models/v2/clip_lora_fold3_best_v1.pt,models/v2/v2_10b_h2_balanced_logreg_fold3_v1.joblib
3,jpeg_q50,pilot_001105,1,0.17410993576049805,tiny::Wukong,,models/v2/clip_lora_fold3_best_v1.pt,models/v2/v2_10b_h2_balanced_logreg_fold3_v1.joblib
3,jpeg_q50,pilot_001111,1,0.33254826068878174,tiny::GLIDE,,models/v2/clip_lora_fold3_best_v1.pt,models/v2/v2_10b_h2_balanced_logreg_fold3_v1.joblib
3,jpeg_q50,pilot_001119,1,0.44039782881736755,tiny::Wukong,,models/v2/clip_lora_fold3_best_v1.pt,models/v2/v2_10b_h2_balanced_logreg_fold3_v1.joblib
3,jpeg_q50,pilot_001125,1,0.16527849435806274,tiny::GLIDE,,models/v2/clip_lora_fold3_best_v1.pt,models/v2/v2_10b_h2_balanced_logreg_fold3_v1.joblib
3,jpeg_q50,pilot_001128,0,0.013618805445730686,real::Tiny-GenImage,Tiny,models/v2/clip_lora_fold3_best_v1.pt,models/v2/v2_10b_h2_balanced_logreg_fold3_v1.joblib
3,jpeg_q50,pilot_001130,0,0.015154920518398285,real::Tiny-GenImage,Tiny,models/v2/clip_lora_fold3_best_v1.pt,models/v2/v2_10b_h2_balanced_logreg_fold3_v1.joblib
3,jpeg_q50,pilot_001132,0,0.0814647525548935,real::Tiny-GenImage,Tiny,models/v2/clip_lora_fold3_best_v1.pt,models/v2/v2_10b_h2_balanced_logreg_fold3_v1.joblib
3,jpeg_q50,pilot_001133,1,0.6172468066215515,tiny::Wukong,,models/v2/clip_lora_fold3_best_v1.pt,models/v2/v2_10b_h2_balanced_logreg_fold3_v1.joblib
3,jpeg_q50,pilot_001139,1,0.6621946692466736,tiny::GLIDE,,models/v2/clip_lora_fold3_best_v1.pt,models/v2/v2_10b_h2_balanced_logreg_fold3_v1.joblib
3,jpeg_q50,pilot_001147,1,0.12327918410301208,tiny::Wukong,,models/v2/clip_lora_fold3_best_v1.pt,models/v2/v2_10b_h2_balanced_logreg_fold3_v1.joblib
3,jpeg_q50,pilot_001153,1,0.1740589439868927,tiny::GLIDE,,models/v2/clip_lora_fold3_best_v1.pt,models/v2/v2_10b_h2_balanced_logreg_fold3_v1.joblib
3,jpeg_q50,pilot_001161,1,0.11316859722137451,tiny::Wukong,,models/v2/clip_lora_fold3_best_v1.pt,models/v2/v2_10b_h2_balanced_logreg_fold3_v1.joblib
3,jpeg_q50,pilot_001164,0,0.03246023878455162,real::Tiny-GenImage,Tiny,models/v2/clip_lora_fold3_best_v1.pt,models/v2/v2_10b_h2_balanced_logreg_fold3_v1.joblib
3,jpeg_q50,pilot_001167,1,0.23004551231861115,tiny::GLIDE,,models/v2/clip_lora_fold3_best_v1.pt,models/v2/v2_10b_h2_balanced_logreg_fold3_v1.joblib
3,jpeg_q50,pilot_001170,0,0.15521837770938873,real::Tiny-GenImage,Tiny,models/v2/clip_lora_fold3_best_v1.pt,models/v2/v2_10b_h2_balanced_logreg_fold3_v1.joblib
3,jpeg_q50,pilot_001172,0,0.07012078166007996,real::Tiny-GenImage,Tiny,models/v2/clip_lora_fold3_best_v1.pt,models/v2/v2_10b_h2_balanced_logreg_fold3_v1.joblib
3,jpeg_q50,pilot_001175,1,0.18454641103744507,tiny::Wukong,,models/v2/clip_lora_fold3_best_v1.pt,models/v2/v2_10b_h2_balanced_logreg_fold3_v1.joblib
3,jpeg_q50,pilot_001176,0,0.01679268479347229,real::Tiny-GenImage,Tiny,models/v2/clip_lora_fold3_best_v1.pt,models/v2/v2_10b_h2_balanced_logreg_fold3_v1.joblib
3,jpeg_q50,pilot_001181,1,0.5660703778266907,tiny::GLIDE,,models/v2/clip_lora_fold3_best_v1.pt,models/v2/v2_10b_h2_balanced_logreg_fold3_v1.joblib
3,jpeg_q50,pilot_001189,1,0.2298535853624344,tiny::Wukong,,models/v2/clip_lora_fold3_best_v1.pt,models/v2/v2_10b_h2_balanced_logreg_fold3_v1.joblib
3,jpeg_q50,pilot_001195,1,0.3269437551498413,tiny::GLIDE,,models/v2/clip_lora_fold3_best_v1.pt,models/v2/v2_10b_h2_balanced_logreg_fold3_v1.joblib
3,jpeg_q50,pilot_001203,1,0.42103496193885803,tiny::Wukong,,models/v2/clip_lora_fold3_best_v1.pt,models/v2/v2_10b_h2_balanced_logreg_fold3_v1.joblib
3,jpeg_q50,pilot_001204,0,0.003126526018604636,real::Tiny-GenImage,Tiny,models/v2/clip_lora_fold3_best_v1.pt,models/v2/v2_10b_h2_balanced_logreg_fold3_v1.joblib
3,jpeg_q50,pilot_001209,1,0.6781936287879944,tiny::GLIDE,,models/v2/clip_lora_fold3_best_v1.pt,models/v2/v2_10b_h2_balanced_logreg_fold3_v1.joblib
3,jpeg_q50,pilot_001217,1,0.12214136123657227,tiny::Wukong,,models/v2/clip_lora_fold3_best_v1.pt,models/v2/v2_10b_h2_balanced_logreg_fold3_v1.joblib
3,jpeg_q50,pilot_001223,1,0.6876189708709717,tiny::GLIDE,,models/v2/clip_lora_fold3_best_v1.pt,models/v2/v2_10b_h2_balanced_logreg_fold3_v1.joblib
3,jpeg_q50,pilot_001231,1,0.1392512172460556,tiny::Wukong,,models/v2/clip_lora_fold3_best_v1.pt,models/v2/v2_10b_h2_balanced_logreg_fold3_v1.joblib
3,jpeg_q50,pilot_001237,1,0.6505826711654663,tiny::GLIDE,,models/v2/clip_lora_fold3_best_v1.pt,models/v2/v2_10b_h2_balanced_logreg_fold3_v1.joblib
3,jpeg_q50,pilot_001245,1,0.21311810612678528,tiny::Wukong,,models/v2/clip_lora_fold3_best_v1.pt,models/v2/v2_10b_h2_balanced_logreg_fold3_v1.joblib
3,jpeg_q50,pilot_001251,1,0.5710597634315491,tiny::GLIDE,,models/v2/clip_lora_fold3_best_v1.pt,models/v2/v2_10b_h2_balanced_logreg_fold3_v1.joblib
3,jpeg_q50,pilot_001256,0,0.009328216314315796,real::Tiny-GenImage,Tiny,models/v2/clip_lora_fold3_best_v1.pt,models/v2/v2_10b_h2_balanced_logreg_fold3_v1.joblib
3,jpeg_q50,pilot_001259,1,0.40596696734428406,tiny::Wukong,,models/v2/clip_lora_fold3_best_v1.pt,models/v2/v2_10b_h2_balanced_logreg_fold3_v1.joblib
3,jpeg_q50,pilot_001265,1,0.3459601104259491,tiny::GLIDE,,models/v2/clip_lora_fold3_best_v1.pt,models/v2/v2_10b_h2_balanced_logreg_fold3_v1.joblib
3,jpeg_q50,pilot_001273,1,0.13231417536735535,tiny::Wukong,,models/v2/clip_lora_fold3_best_v1.pt,models/v2/v2_10b_h2_balanced_logreg_fold3_v1.joblib
3,jpeg_q50,pilot_001279,1,0.4534347355365753,tiny::GLIDE,,models/v2/clip_lora_fold3_best_v1.pt,models/v2/v2_10b_h2_balanced_logreg_fold3_v1.joblib
3,jpeg_q50,pilot_001284,0,0.044585466384887695,real::Tiny-GenImage,Tiny,models/v2/clip_lora_fold3_best_v1.pt,models/v2/v2_10b_h2_balanced_logreg_fold3_v1.joblib
3,jpeg_q50,pilot_001287,1,0.13088437914848328,tiny::Wukong,,models/v2/clip_lora_fold3_best_v1.pt,models/v2/v2_10b_h2_balanced_logreg_fold3_v1.joblib
3,jpeg_q50,pilot_001292,0,0.028460361063480377,real::Tiny-GenImage,Tiny,models/v2/clip_lora_fold3_best_v1.pt,models/v2/v2_10b_h2_balanced_logreg_fold3_v1.joblib
3,jpeg_q50,pilot_001293,1,0.12751494348049164,tiny::GLIDE,,models/v2/clip_lora_fold3_best_v1.pt,models/v2/v2_10b_h2_balanced_logreg_fold3_v1.joblib
3,jpeg_q50,pilot_001301,1,0.5521602034568787,tiny::Wukong,,models/v2/clip_lora_fold3_best_v1.pt,models/v2/v2_10b_h2_balanced_logreg_fold3_v1.joblib
3,jpeg_q50,pilot_001307,1,0.20456723868846893,tiny::GLIDE,,models/v2/clip_lora_fold3_best_v1.pt,models/v2/v2_10b_h2_balanced_logreg_fold3_v1.joblib
3,jpeg_q50,pilot_001315,1,0.5130120515823364,tiny::Wukong,,models/v2/clip_lora_fold3_best_v1.pt,models/v2/v2_10b_h2_balanced_logreg_fold3_v1.joblib
3,jpeg_q50,pilot_001321,1,0.3375358283519745,tiny::GLIDE,,models/v2/clip_lora_fold3_best_v1.pt,models/v2/v2_10b_h2_balanced_logreg_fold3_v1.joblib
3,jpeg_q50,pilot_001329,1,0.2783547341823578,tiny::Wukong,,models/v2/clip_lora_fold3_best_v1.pt,models/v2/v2_10b_h2_balanced_logreg_fold3_v1.joblib
3,jpeg_q50,pilot_001335,1,0.5588899850845337,tiny::GLIDE,,models/v2/clip_lora_fold3_best_v1.pt,models/v2/v2_10b_h2_balanced_logreg_fold3_v1.joblib
3,jpeg_q50,pilot_001343,1,0.0327952615916729,tiny::Wukong,,models/v2/clip_lora_fold3_best_v1.pt,models/v2/v2_10b_h2_balanced_logreg_fold3_v1.joblib
3,jpeg_q50,pilot_001349,1,0.5059686899185181,tiny::GLIDE,,models/v2/clip_lora_fold3_best_v1.pt,models/v2/v2_10b_h2_balanced_logreg_fold3_v1.joblib
3,jpeg_q50,pilot_001357,1,0.07759809494018555,tiny::Wukong,,models/v2/clip_lora_fold3_best_v1.pt,models/v2/v2_10b_h2_balanced_logreg_fold3_v1.joblib
3,jpeg_q50,pilot_001363,1,0.5535516738891602,tiny::GLIDE,,models/v2/clip_lora_fold3_best_v1.pt,models/v2/v2_10b_h2_balanced_logreg_fold3_v1.joblib
3,jpeg_q50,pilot_001371,1,0.09446999430656433,tiny::Wukong,,models/v2/clip_lora_fold3_best_v1.pt,models/v2/v2_10b_h2_balanced_logreg_fold3_v1.joblib
3,jpeg_q50,pilot_001377,1,0.3938884735107422,tiny::GLIDE,,models/v2/clip_lora_fold3_best_v1.pt,models/v2/v2_10b_h2_balanced_logreg_fold3_v1.joblib
3,jpeg_q50,pilot_001385,1,0.19046206772327423,tiny::Wukong,,models/v2/clip_lora_fold3_best_v1.pt,models/v2/v2_10b_h2_balanced_logreg_fold3_v1.joblib
3,jpeg_q50,pilot_001386,0,0.006463174242526293,real::Tiny-GenImage,Tiny,models/v2/clip_lora_fold3_best_v1.pt,models/v2/v2_10b_h2_balanced_logreg_fold3_v1.joblib
3,jpeg_q50,pilot_001390,0,0.018899481743574142,real::Tiny-GenImage,Tiny,models/v2/clip_lora_fold3_best_v1.pt,models/v2/v2_10b_h2_balanced_logreg_fold3_v1.joblib
3,jpeg_q50,pilot_001391,1,0.5031481385231018,tiny::GLIDE,,models/v2/clip_lora_fold3_best_v1.pt,models/v2/v2_10b_h2_balanced_logreg_fold3_v1.joblib
3,jpeg_q50,pilot_001392,0,0.004558389540761709,real::Tiny-GenImage,Tiny,models/v2/clip_lora_fold3_best_v1.pt,models/v2/v2_10b_h2_balanced_logreg_fold3_v1.joblib
3,jpeg_q50,pilot_001399,1,0.11516597121953964,tiny::Wukong,,models/v2/clip_lora_fold3_best_v1.pt,models/v2/v2_10b_h2_balanced_logreg_fold3_v1.joblib
3,jpeg_q50,pilot_001400,0,0.013670079410076141,real::Tiny-GenImage,Tiny,models/v2/clip_lora_fold3_best_v1.pt,models/v2/v2_10b_h2_balanced_logreg_fold3_v1.joblib
3,jpeg_q50,pilot_001405,1,0.620185136795044,tiny::GLIDE,,models/v2/clip_lora_fold3_best_v1.pt,models/v2/v2_10b_h2_balanced_logreg_fold3_v1.joblib
3,jpeg_q50,pilot_001410,0,0.0179132167249918,real::Tiny-GenImage,Tiny,models/v2/clip_lora_fold3_best_v1.pt,models/v2/v2_10b_h2_balanced_logreg_fold3_v1.joblib
3,jpeg_q50,pilot_001413,1,0.4399031400680542,tiny::Wukong,,models/v2/clip_lora_fold3_best_v1.pt,models/v2/v2_10b_h2_balanced_logreg_fold3_v1.joblib
3,jpeg_q50,pilot_001419,1,0.42911773920059204,tiny::GLIDE,,models/v2/clip_lora_fold3_best_v1.pt,models/v2/v2_10b_h2_balanced_logreg_fold3_v1.joblib
3,jpeg_q50,pilot_001422,0,0.02153325453400612,real::Tiny-GenImage,Tiny,models/v2/clip_lora_fold3_best_v1.pt,models/v2/v2_10b_h2_balanced_logreg_fold3_v1.joblib
3,jpeg_q50,pilot_001424,0,0.011774452403187752,real::Tiny-GenImage,Tiny,models/v2/clip_lora_fold3_best_v1.pt,models/v2/v2_10b_h2_balanced_logreg_fold3_v1.joblib
3,jpeg_q50,pilot_001427,1,0.4118463695049286,tiny::Wukong,,models/v2/clip_lora_fold3_best_v1.pt,models/v2/v2_10b_h2_balanced_logreg_fold3_v1.joblib
3,jpeg_q50,pilot_001433,1,0.589061439037323,tiny::GLIDE,,models/v2/clip_lora_fold3_best_v1.pt,models/v2/v2_10b_h2_balanced_logreg_fold3_v1.joblib
3,jpeg_q50,pilot_001441,1,0.032379183918237686,tiny::Wukong,,models/v2/clip_lora_fold3_best_v1.pt,models/v2/v2_10b_h2_balanced_logreg_fold3_v1.joblib
3,jpeg_q50,pilot_001446,0,0.008912436664104462,real::Tiny-GenImage,Tiny,models/v2/clip_lora_fold3_best_v1.pt,models/v2/v2_10b_h2_balanced_logreg_fold3_v1.joblib
3,jpeg_q50,pilot_001447,1,0.4948411285877228,tiny::GLIDE,,models/v2/clip_lora_fold3_best_v1.pt,models/v2/v2_10b_h2_balanced_logreg_fold3_v1.joblib
3,jpeg_q50,pilot_001448,0,0.054340869188308716,real::Tiny-GenImage,Tiny,models/v2/clip_lora_fold3_best_v1.pt,models/v2/v2_10b_h2_balanced_logreg_fold3_v1.joblib
3,jpeg_q50,pilot_001455,1,0.02189989574253559,tiny::Wukong,,models/v2/clip_lora_fold3_best_v1.pt,models/v2/v2_10b_h2_balanced_logreg_fold3_v1.joblib
3,jpeg_q50,pilot_001461,1,0.6408779621124268,tiny::GLIDE,,models/v2/clip_lora_fold3_best_v1.pt,models/v2/v2_10b_h2_balanced_logreg_fold3_v1.joblib
3,jpeg_q50,pilot_001469,1,0.04180947318673134,tiny::Wukong,,models/v2/clip_lora_fold3_best_v1.pt,models/v2/v2_10b_h2_balanced_logreg_fold3_v1.joblib
3,jpeg_q50,pilot_001472,0,0.028192073106765747,real::Tiny-GenImage,Tiny,models/v2/clip_lora_fold3_best_v1.pt,models/v2/v2_10b_h2_balanced_logreg_fold3_v1.joblib
3,jpeg_q50,pilot_001475,1,0.6909786462783813,tiny::GLIDE,,models/v2/clip_lora_fold3_best_v1.pt,models/v2/v2_10b_h2_balanced_logreg_fold3_v1.joblib
3,jpeg_q50,pilot_001483,1,0.7931956052780151,tiny::Wukong,,models/v2/clip_lora_fold3_best_v1.pt,models/v2/v2_10b_h2_balanced_logreg_fold3_v1.joblib
3,jpeg_q50,pilot_001489,1,0.3816643953323364,tiny::GLIDE,,models/v2/clip_lora_fold3_best_v1.pt,models/v2/v2_10b_h2_balanced_logreg_fold3_v1.joblib
3,jpeg_q50,pilot_001497,1,0.3568890392780304,tiny::Wukong,,models/v2/clip_lora_fold3_best_v1.pt,models/v2/v2_10b_h2_balanced_logreg_fold3_v1.joblib
3,jpeg_q50,pilot_001503,1,0.34173738956451416,tiny::GLIDE,,models/v2/clip_lora_fold3_best_v1.pt,models/v2/v2_10b_h2_balanced_logreg_fold3_v1.joblib
3,jpeg_q50,pilot_001511,1,0.03394382447004318,tiny::Wukong,,models/v2/clip_lora_fold3_best_v1.pt,models/v2/v2_10b_h2_balanced_logreg_fold3_v1.joblib
3,jpeg_q50,pilot_001517,1,0.6969768404960632,tiny::GLIDE,,models/v2/clip_lora_fold3_best_v1.pt,models/v2/v2_10b_h2_balanced_logreg_fold3_v1.joblib
3,jpeg_q50,pilot_001518,0,0.020818745717406273,real::Tiny-GenImage,Tiny,models/v2/clip_lora_fold3_best_v1.pt,models/v2/v2_10b_h2_balanced_logreg_fold3_v1.joblib
3,jpeg_q50,pilot_001525,1,0.14103657007217407,tiny::Wukong,,models/v2/clip_lora_fold3_best_v1.pt,models/v2/v2_10b_h2_balanced_logreg_fold3_v1.joblib
3,jpeg_q50,pilot_001531,1,0.3062528669834137,tiny::GLIDE,,models/v2/clip_lora_fold3_best_v1.pt,models/v2/v2_10b_h2_balanced_logreg_fold3_v1.joblib
3,jpeg_q50,pilot_001536,0,0.00357251288369298,real::Tiny-GenImage,Tiny,models/v2/clip_lora_fold3_best_v1.pt,models/v2/v2_10b_h2_balanced_logreg_fold3_v1.joblib
3,jpeg_q50,pilot_001539,1,0.14745962619781494,tiny::Wukong,,models/v2/clip_lora_fold3_best_v1.pt,models/v2/v2_10b_h2_balanced_logreg_fold3_v1.joblib
3,jpeg_q50,pilot_001544,0,0.003159771440550685,real::Tiny-GenImage,Tiny,models/v2/clip_lora_fold3_best_v1.pt,models/v2/v2_10b_h2_balanced_logreg_fold3_v1.joblib
3,jpeg_q50,pilot_001545,1,0.7941385507583618,tiny::GLIDE,,models/v2/clip_lora_fold3_best_v1.pt,models/v2/v2_10b_h2_balanced_logreg_fold3_v1.joblib
3,jpeg_q50,pilot_001553,1,0.1151021420955658,tiny::Wukong,,models/v2/clip_lora_fold3_best_v1.pt,models/v2/v2_10b_h2_balanced_logreg_fold3_v1.joblib
3,jpeg_q50,pilot_001559,1,0.9175474643707275,tiny::GLIDE,,models/v2/clip_lora_fold3_best_v1.pt,models/v2/v2_10b_h2_balanced_logreg_fold3_v1.joblib
3,jpeg_q50,pilot_001566,0,0.010208683088421822,real::Tiny-GenImage,Tiny,models/v2/clip_lora_fold3_best_v1.pt,models/v2/v2_10b_h2_balanced_logreg_fold3_v1.joblib
3,jpeg_q50,pilot_001567,1,0.22963759303092957,tiny::Wukong,,models/v2/clip_lora_fold3_best_v1.pt,models/v2/v2_10b_h2_balanced_logreg_fold3_v1.joblib
3,jpeg_q50,pilot_001573,1,0.39785322546958923,tiny::GLIDE,,models/v2/clip_lora_fold3_best_v1.pt,models/v2/v2_10b_h2_balanced_logreg_fold3_v1.joblib
3,jpeg_q50,pilot_001574,0,0.010814453475177288,real::Tiny-GenImage,Tiny,models/v2/clip_lora_fold3_best_v1.pt,models/v2/v2_10b_h2_balanced_logreg_fold3_v1.joblib
3,jpeg_q50,pilot_001581,1,0.5903769135475159,tiny::Wukong,,models/v2/clip_lora_fold3_best_v1.pt,models/v2/v2_10b_h2_balanced_logreg_fold3_v1.joblib
3,jpeg_q50,pilot_001587,1,0.490325927734375,tiny::GLIDE,,models/v2/clip_lora_fold3_best_v1.pt,models/v2/v2_10b_h2_balanced_logreg_fold3_v1.joblib
3,jpeg_q50,pilot_001592,0,0.009292898699641228,real::Tiny-GenImage,Tiny,models/v2/clip_lora_fold3_best_v1.pt,models/v2/v2_10b_h2_balanced_logreg_fold3_v1.joblib
3,jpeg_q50,pilot_001595,1,0.5537075400352478,tiny::Wukong,,models/v2/clip_lora_fold3_best_v1.pt,models/v2/v2_10b_h2_balanced_logreg_fold3_v1.joblib
3,jpeg_q50,pilot_001601,1,0.8234723806381226,tiny::GLIDE,,models/v2/clip_lora_fold3_best_v1.pt,models/v2/v2_10b_h2_balanced_logreg_fold3_v1.joblib
3,jpeg_q50,pilot_001609,1,0.59403395652771,tiny::Wukong,,models/v2/clip_lora_fold3_best_v1.pt,models/v2/v2_10b_h2_balanced_logreg_fold3_v1.joblib
3,jpeg_q50,pilot_001615,1,0.5981510281562805,tiny::GLIDE,,models/v2/clip_lora_fold3_best_v1.pt,models/v2/v2_10b_h2_balanced_logreg_fold3_v1.joblib
3,jpeg_q50,pilot_001618,0,0.13934729993343353,real::Tiny-GenImage,Tiny,models/v2/clip_lora_fold3_best_v1.pt,models/v2/v2_10b_h2_balanced_logreg_fold3_v1.joblib
3,jpeg_q50,pilot_001623,1,0.2350849062204361,tiny::Wukong,,models/v2/clip_lora_fold3_best_v1.pt,models/v2/v2_10b_h2_balanced_logreg_fold3_v1.joblib
3,jpeg_q50,pilot_001626,0,0.019449381157755852,real::Tiny-GenImage,Tiny,models/v2/clip_lora_fold3_best_v1.pt,models/v2/v2_10b_h2_balanced_logreg_fold3_v1.joblib
3,jpeg_q50,pilot_001629,1,0.5490158796310425,tiny::GLIDE,,models/v2/clip_lora_fold3_best_v1.pt,models/v2/v2_10b_h2_balanced_logreg_fold3_v1.joblib
3,jpeg_q50,pilot_001630,0,0.4091028571128845,real::Tiny-GenImage,Tiny,models/v2/clip_lora_fold3_best_v1.pt,models/v2/v2_10b_h2_balanced_logreg_fold3_v1.joblib
3,jpeg_q50,pilot_001634,0,0.014407028444111347,real::Tiny-GenImage,Tiny,models/v2/clip_lora_fold3_best_v1.pt,models/v2/v2_10b_h2_balanced_logreg_fold3_v1.joblib
3,jpeg_q50,pilot_001636,0,0.0017749529797583818,real::Tiny-GenImage,Tiny,models/v2/clip_lora_fold3_best_v1.pt,models/v2/v2_10b_h2_balanced_logreg_fold3_v1.joblib
3,jpeg_q50,pilot_001637,1,0.4954468011856079,tiny::Wukong,,models/v2/clip_lora_fold3_best_v1.pt,models/v2/v2_10b_h2_balanced_logreg_fold3_v1.joblib
3,jpeg_q50,pilot_001640,0,0.008558735251426697,real::Tiny-GenImage,Tiny,models/v2/clip_lora_fold3_best_v1.pt,models/v2/v2_10b_h2_balanced_logreg_fold3_v1.joblib
3,jpeg_q50,pilot_001643,1,0.408949077129364,tiny::GLIDE,,models/v2/clip_lora_fold3_best_v1.pt,models/v2/v2_10b_h2_balanced_logreg_fold3_v1.joblib
3,jpeg_q50,pilot_001651,1,0.3437179923057556,tiny::Wukong,,models/v2/clip_lora_fold3_best_v1.pt,models/v2/v2_10b_h2_balanced_logreg_fold3_v1.joblib
3,jpeg_q50,pilot_001654,0,0.008269059471786022,real::Tiny-GenImage,Tiny,models/v2/clip_lora_fold3_best_v1.pt,models/v2/v2_10b_h2_balanced_logreg_fold3_v1.joblib
3,jpeg_q50,pilot_001657,1,0.43934860825538635,tiny::GLIDE,,models/v2/clip_lora_fold3_best_v1.pt,models/v2/v2_10b_h2_balanced_logreg_fold3_v1.joblib
3,jpeg_q50,pilot_001665,1,0.30821874737739563,tiny::Wukong,,models/v2/clip_lora_fold3_best_v1.pt,models/v2/v2_10b_h2_balanced_logreg_fold3_v1.joblib
3,jpeg_q50,pilot_001666,0,0.016024034470319748,real::Tiny-GenImage,Tiny,models/v2/clip_lora_fold3_best_v1.pt,models/v2/v2_10b_h2_balanced_logreg_fold3_v1.joblib
3,jpeg_q50,pilot_001671,1,0.6825667023658752,tiny::GLIDE,,models/v2/clip_lora_fold3_best_v1.pt,models/v2/v2_10b_h2_balanced_logreg_fold3_v1.joblib
3,jpeg_q50,pilot_001672,0,0.006756826303899288,real::Tiny-GenImage,Tiny,models/v2/clip_lora_fold3_best_v1.pt,models/v2/v2_10b_h2_balanced_logreg_fold3_v1.joblib
3,jpeg_q50,pilot_001674,0,0.03115527145564556,real::Tiny-GenImage,Tiny,models/v2/clip_lora_fold3_best_v1.pt,models/v2/v2_10b_h2_balanced_logreg_fold3_v1.joblib
3,jpeg_q50,pilot_001679,1,0.07764801383018494,tiny::Wukong,,models/v2/clip_lora_fold3_best_v1.pt,models/v2/v2_10b_h2_balanced_logreg_fold3_v1.joblib
3,jpeg_q50,pilot_001685,1,0.338655561208725,tiny::GLIDE,,models/v2/clip_lora_fold3_best_v1.pt,models/v2/v2_10b_h2_balanced_logreg_fold3_v1.joblib
3,jpeg_q50,pilot_001688,0,0.06546254456043243,real::Tiny-GenImage,Tiny,models/v2/clip_lora_fold3_best_v1.pt,models/v2/v2_10b_h2_balanced_logreg_fold3_v1.joblib
3,jpeg_q50,pilot_001692,0,0.03341751545667648,real::Tiny-GenImage,Tiny,models/v2/clip_lora_fold3_best_v1.pt,models/v2/v2_10b_h2_balanced_logreg_fold3_v1.joblib
3,jpeg_q50,pilot_001693,1,0.15046781301498413,tiny::Wukong,,models/v2/clip_lora_fold3_best_v1.pt,models/v2/v2_10b_h2_balanced_logreg_fold3_v1.joblib
3,jpeg_q50,pilot_001699,1,0.4462745189666748,tiny::GLIDE,,models/v2/clip_lora_fold3_best_v1.pt,models/v2/v2_10b_h2_balanced_logreg_fold3_v1.joblib
3,jpeg_q50,pilot_001707,1,0.28661486506462097,tiny::Wukong,,models/v2/clip_lora_fold3_best_v1.pt,models/v2/v2_10b_h2_balanced_logreg_fold3_v1.joblib
3,jpeg_q50,pilot_001713,1,0.47807347774505615,tiny::GLIDE,,models/v2/clip_lora_fold3_best_v1.pt,models/v2/v2_10b_h2_balanced_logreg_fold3_v1.joblib
3,jpeg_q50,pilot_001721,1,0.3538573086261749,tiny::Wukong,,models/v2/clip_lora_fold3_best_v1.pt,models/v2/v2_10b_h2_balanced_logreg_fold3_v1.joblib
3,jpeg_q50,pilot_001727,1,0.4573221504688263,tiny::GLIDE,,models/v2/clip_lora_fold3_best_v1.pt,models/v2/v2_10b_h2_balanced_logreg_fold3_v1.joblib
3,jpeg_q50,pilot_001734,0,0.020413454622030258,real::Tiny-GenImage,Tiny,models/v2/clip_lora_fold3_best_v1.pt,models/v2/v2_10b_h2_balanced_logreg_fold3_v1.joblib
3,jpeg_q50,pilot_001735,1,0.32565224170684814,tiny::Wukong,,models/v2/clip_lora_fold3_best_v1.pt,models/v2/v2_10b_h2_balanced_logreg_fold3_v1.joblib
3,jpeg_q50,pilot_001741,1,0.71124267578125,tiny::GLIDE,,models/v2/clip_lora_fold3_best_v1.pt,models/v2/v2_10b_h2_balanced_logreg_fold3_v1.joblib
3,jpeg_q50,pilot_001744,0,0.07537443935871124,real::Tiny-GenImage,Tiny,models/v2/clip_lora_fold3_best_v1.pt,models/v2/v2_10b_h2_balanced_logreg_fold3_v1.joblib
3,jpeg_q50,pilot_001749,1,0.6172537803649902,tiny::Wukong,,models/v2/clip_lora_fold3_best_v1.pt,models/v2/v2_10b_h2_balanced_logreg_fold3_v1.joblib
3,jpeg_q50,pilot_001755,1,0.32415688037872314,tiny::GLIDE,,models/v2/clip_lora_fold3_best_v1.pt,models/v2/v2_10b_h2_balanced_logreg_fold3_v1.joblib
3,jpeg_q50,pilot_001763,1,0.449815034866333,tiny::Wukong,,models/v2/clip_lora_fold3_best_v1.pt,models/v2/v2_10b_h2_balanced_logreg_fold3_v1.joblib
3,jpeg_q50,pilot_001769,1,0.2426876723766327,tiny::GLIDE,,models/v2/clip_lora_fold3_best_v1.pt,models/v2/v2_10b_h2_balanced_logreg_fold3_v1.joblib
3,jpeg_q50,pilot_001777,1,0.08195660263299942,tiny::Wukong,,models/v2/clip_lora_fold3_best_v1.pt,models/v2/v2_10b_h2_balanced_logreg_fold3_v1.joblib
3,jpeg_q50,pilot_001782,0,0.024007635191082954,real::Tiny-GenImage,Tiny,models/v2/clip_lora_fold3_best_v1.pt,models/v2/v2_10b_h2_balanced_logreg_fold3_v1.joblib
3,jpeg_q50,pilot_001783,1,0.46566683053970337,tiny::GLIDE,,models/v2/clip_lora_fold3_best_v1.pt,models/v2/v2_10b_h2_balanced_logreg_fold3_v1.joblib
3,jpeg_q50,pilot_001791,1,0.16529245674610138,tiny::Wukong,,models/v2/clip_lora_fold3_best_v1.pt,models/v2/v2_10b_h2_balanced_logreg_fold3_v1.joblib
3,jpeg_q50,pilot_001797,1,0.7978844046592712,tiny::GLIDE,,models/v2/clip_lora_fold3_best_v1.pt,models/v2/v2_10b_h2_balanced_logreg_fold3_v1.joblib
3,jpeg_q50,pilot_001798,0,0.11972746253013611,real::Tiny-GenImage,Tiny,models/v2/clip_lora_fold3_best_v1.pt,models/v2/v2_10b_h2_balanced_logreg_fold3_v1.joblib
3,jpeg_q50,pilot_001805,1,0.19846828281879425,tiny::Wukong,,models/v2/clip_lora_fold3_best_v1.pt,models/v2/v2_10b_h2_balanced_logreg_fold3_v1.joblib
3,jpeg_q50,pilot_001811,1,0.7973344922065735,tiny::GLIDE,,models/v2/clip_lora_fold3_best_v1.pt,models/v2/v2_10b_h2_balanced_logreg_fold3_v1.joblib
3,jpeg_q50,pilot_001812,0,0.04085778445005417,real::Tiny-GenImage,Tiny,models/v2/clip_lora_fold3_best_v1.pt,models/v2/v2_10b_h2_balanced_logreg_fold3_v1.joblib
3,jpeg_q50,pilot_001819,1,0.08317070454359055,tiny::Wukong,,models/v2/clip_lora_fold3_best_v1.pt,models/v2/v2_10b_h2_balanced_logreg_fold3_v1.joblib
3,jpeg_q50,pilot_001825,1,0.39629679918289185,tiny::GLIDE,,models/v2/clip_lora_fold3_best_v1.pt,models/v2/v2_10b_h2_balanced_logreg_fold3_v1.joblib
3,jpeg_q50,pilot_001828,0,0.023705456405878067,real::Tiny-GenImage,Tiny,models/v2/clip_lora_fold3_best_v1.pt,models/v2/v2_10b_h2_balanced_logreg_fold3_v1.joblib
3,jpeg_q50,pilot_001833,1,0.5405512452125549,tiny::Wukong,,models/v2/clip_lora_fold3_best_v1.pt,models/v2/v2_10b_h2_balanced_logreg_fold3_v1.joblib
3,jpeg_q50,pilot_001839,1,0.8183438777923584,tiny::GLIDE,,models/v2/clip_lora_fold3_best_v1.pt,models/v2/v2_10b_h2_balanced_logreg_fold3_v1.joblib
3,jpeg_q50,pilot_001847,1,0.12874318659305573,tiny::Wukong,,models/v2/clip_lora_fold3_best_v1.pt,models/v2/v2_10b_h2_balanced_logreg_fold3_v1.joblib
3,jpeg_q50,pilot_001853,1,0.8001620173454285,tiny::GLIDE,,models/v2/clip_lora_fold3_best_v1.pt,models/v2/v2_10b_h2_balanced_logreg_fold3_v1.joblib
3,jpeg_q50,pilot_001861,1,0.30646786093711853,tiny::Wukong,,models/v2/clip_lora_fold3_best_v1.pt,models/v2/v2_10b_h2_balanced_logreg_fold3_v1.joblib
3,jpeg_q50,pilot_001867,1,0.5947188138961792,tiny::GLIDE,,models/v2/clip_lora_fold3_best_v1.pt,models/v2/v2_10b_h2_balanced_logreg_fold3_v1.joblib
3,jpeg_q50,pilot_001875,1,0.09367579221725464,tiny::Wukong,,models/v2/clip_lora_fold3_best_v1.pt,models/v2/v2_10b_h2_balanced_logreg_fold3_v1.joblib
3,jpeg_q50,pilot_001878,0,0.019528646022081375,real::Tiny-GenImage,Tiny,models/v2/clip_lora_fold3_best_v1.pt,models/v2/v2_10b_h2_balanced_logreg_fold3_v1.joblib
3,jpeg_q50,pilot_001881,1,0.6738071441650391,tiny::GLIDE,,models/v2/clip_lora_fold3_best_v1.pt,models/v2/v2_10b_h2_balanced_logreg_fold3_v1.joblib
3,jpeg_q50,pilot_001886,0,0.04901648312807083,real::Tiny-GenImage,Tiny,models/v2/clip_lora_fold3_best_v1.pt,models/v2/v2_10b_h2_balanced_logreg_fold3_v1.joblib
3,jpeg_q50,pilot_001889,1,0.1114802360534668,tiny::Wukong,,models/v2/clip_lora_fold3_best_v1.pt,models/v2/v2_10b_h2_balanced_logreg_fold3_v1.joblib
3,jpeg_q50,pilot_001895,1,0.5113153457641602,tiny::GLIDE,,models/v2/clip_lora_fold3_best_v1.pt,models/v2/v2_10b_h2_balanced_logreg_fold3_v1.joblib
3,jpeg_q50,pilot_001903,1,0.2645568549633026,tiny::Wukong,,models/v2/clip_lora_fold3_best_v1.pt,models/v2/v2_10b_h2_balanced_logreg_fold3_v1.joblib
3,jpeg_q50,pilot_001909,1,0.7052971124649048,tiny::GLIDE,,models/v2/clip_lora_fold3_best_v1.pt,models/v2/v2_10b_h2_balanced_logreg_fold3_v1.joblib
3,jpeg_q50,pilot_001917,1,0.3579171895980835,tiny::Wukong,,models/v2/clip_lora_fold3_best_v1.pt,models/v2/v2_10b_h2_balanced_logreg_fold3_v1.joblib
3,jpeg_q50,pilot_001923,1,0.8192527890205383,tiny::GLIDE,,models/v2/clip_lora_fold3_best_v1.pt,models/v2/v2_10b_h2_balanced_logreg_fold3_v1.joblib
3,jpeg_q50,pilot_001931,1,0.20453931391239166,tiny::Wukong,,models/v2/clip_lora_fold3_best_v1.pt,models/v2/v2_10b_h2_balanced_logreg_fold3_v1.joblib
3,jpeg_q50,pilot_001937,1,0.24591375887393951,tiny::GLIDE,,models/v2/clip_lora_fold3_best_v1.pt,models/v2/v2_10b_h2_balanced_logreg_fold3_v1.joblib
3,jpeg_q50,pilot_001945,1,0.43703368306159973,tiny::Wukong,,models/v2/clip_lora_fold3_best_v1.pt,models/v2/v2_10b_h2_balanced_logreg_fold3_v1.joblib
3,jpeg_q50,pilot_001950,0,0.06513374298810959,real::Tiny-GenImage,Tiny,models/v2/clip_lora_fold3_best_v1.pt,models/v2/v2_10b_h2_balanced_logreg_fold3_v1.joblib
3,jpeg_q50,pilot_001951,1,0.30008769035339355,tiny::GLIDE,,models/v2/clip_lora_fold3_best_v1.pt,models/v2/v2_10b_h2_balanced_logreg_fold3_v1.joblib
3,jpeg_q50,pilot_001954,0,0.004042730666697025,real::Tiny-GenImage,Tiny,models/v2/clip_lora_fold3_best_v1.pt,models/v2/v2_10b_h2_balanced_logreg_fold3_v1.joblib
3,jpeg_q50,pilot_001959,1,0.704702615737915,tiny::Wukong,,models/v2/clip_lora_fold3_best_v1.pt,models/v2/v2_10b_h2_balanced_logreg_fold3_v1.joblib
3,jpeg_q50,pilot_001965,1,0.8435097336769104,tiny::GLIDE,,models/v2/clip_lora_fold3_best_v1.pt,models/v2/v2_10b_h2_balanced_logreg_fold3_v1.joblib
3,jpeg_q50,pilot_001973,1,0.1464795172214508,tiny::Wukong,,models/v2/clip_lora_fold3_best_v1.pt,models/v2/v2_10b_h2_balanced_logreg_fold3_v1.joblib
3,jpeg_q50,pilot_001976,0,0.3141932189464569,real::Tiny-GenImage,Tiny,models/v2/clip_lora_fold3_best_v1.pt,models/v2/v2_10b_h2_balanced_logreg_fold3_v1.joblib
3,jpeg_q50,pilot_001979,1,0.739971399307251,tiny::GLIDE,,models/v2/clip_lora_fold3_best_v1.pt,models/v2/v2_10b_h2_balanced_logreg_fold3_v1.joblib
3,jpeg_q50,pilot_001987,1,0.6542662382125854,tiny::Wukong,,models/v2/clip_lora_fold3_best_v1.pt,models/v2/v2_10b_h2_balanced_logreg_fold3_v1.joblib
3,jpeg_q50,pilot_001993,1,0.5205877423286438,tiny::GLIDE,,models/v2/clip_lora_fold3_best_v1.pt,models/v2/v2_10b_h2_balanced_logreg_fold3_v1.joblib
3,jpeg_q50,pilot_002001,1,0.6439964175224304,tiny::Wukong,,models/v2/clip_lora_fold3_best_v1.pt,models/v2/v2_10b_h2_balanced_logreg_fold3_v1.joblib
3,jpeg_q50,pilot_002007,1,0.18289241194725037,tiny::GLIDE,,models/v2/clip_lora_fold3_best_v1.pt,models/v2/v2_10b_h2_balanced_logreg_fold3_v1.joblib
3,jpeg_q50,pilot_002015,1,0.4166035056114197,tiny::Wukong,,models/v2/clip_lora_fold3_best_v1.pt,models/v2/v2_10b_h2_balanced_logreg_fold3_v1.joblib
3,jpeg_q50,pilot_002021,1,0.4063029885292053,tiny::GLIDE,,models/v2/clip_lora_fold3_best_v1.pt,models/v2/v2_10b_h2_balanced_logreg_fold3_v1.joblib
3,jpeg_q50,pilot_002024,0,0.06240055337548256,real::Tiny-GenImage,Tiny,models/v2/clip_lora_fold3_best_v1.pt,models/v2/v2_10b_h2_balanced_logreg_fold3_v1.joblib
3,jpeg_q50,pilot_002029,1,0.5691457986831665,tiny::Wukong,,models/v2/clip_lora_fold3_best_v1.pt,models/v2/v2_10b_h2_balanced_logreg_fold3_v1.joblib
3,jpeg_q50,pilot_002035,1,0.782288134098053,tiny::GLIDE,,models/v2/clip_lora_fold3_best_v1.pt,models/v2/v2_10b_h2_balanced_logreg_fold3_v1.joblib
3,jpeg_q50,pilot_002042,0,0.004350890405476093,real::Tiny-GenImage,Tiny,models/v2/clip_lora_fold3_best_v1.pt,models/v2/v2_10b_h2_balanced_logreg_fold3_v1.joblib
3,jpeg_q50,pilot_002043,1,0.17286770045757294,tiny::Wukong,,models/v2/clip_lora_fold3_best_v1.pt,models/v2/v2_10b_h2_balanced_logreg_fold3_v1.joblib
3,jpeg_q50,pilot_002049,1,0.8550141453742981,tiny::GLIDE,,models/v2/clip_lora_fold3_best_v1.pt,models/v2/v2_10b_h2_balanced_logreg_fold3_v1.joblib
3,jpeg_q50,pilot_002057,1,0.8278234004974365,tiny::Wukong,,models/v2/clip_lora_fold3_best_v1.pt,models/v2/v2_10b_h2_balanced_logreg_fold3_v1.joblib
3,jpeg_q50,pilot_002063,1,0.5776240229606628,tiny::GLIDE,,models/v2/clip_lora_fold3_best_v1.pt,models/v2/v2_10b_h2_balanced_logreg_fold3_v1.joblib
3,jpeg_q50,pilot_002071,1,0.49291667342185974,tiny::Wukong,,models/v2/clip_lora_fold3_best_v1.pt,models/v2/v2_10b_h2_balanced_logreg_fold3_v1.joblib
3,jpeg_q50,pilot_002072,0,0.013005741871893406,real::Tiny-GenImage,Tiny,models/v2/clip_lora_fold3_best_v1.pt,models/v2/v2_10b_h2_balanced_logreg_fold3_v1.joblib
3,jpeg_q50,pilot_002077,1,0.8222531676292419,tiny::GLIDE,,models/v2/clip_lora_fold3_best_v1.pt,models/v2/v2_10b_h2_balanced_logreg_fold3_v1.joblib
3,jpeg_q50,pilot_002082,0,0.004620972089469433,real::Tiny-GenImage,Tiny,models/v2/clip_lora_fold3_best_v1.pt,models/v2/v2_10b_h2_balanced_logreg_fold3_v1.joblib
3,jpeg_q50,pilot_002085,1,0.148098424077034,tiny::Wukong,,models/v2/clip_lora_fold3_best_v1.pt,models/v2/v2_10b_h2_balanced_logreg_fold3_v1.joblib
3,jpeg_q50,pilot_002090,0,0.004465462174266577,real::Tiny-GenImage,Tiny,models/v2/clip_lora_fold3_best_v1.pt,models/v2/v2_10b_h2_balanced_logreg_fold3_v1.joblib
3,jpeg_q50,pilot_002091,1,0.7352580428123474,tiny::GLIDE,,models/v2/clip_lora_fold3_best_v1.pt,models/v2/v2_10b_h2_balanced_logreg_fold3_v1.joblib
3,jpeg_q50,pilot_002099,1,0.4732581079006195,tiny::Wukong,,models/v2/clip_lora_fold3_best_v1.pt,models/v2/v2_10b_h2_balanced_logreg_fold3_v1.joblib
3,jpeg_q50,pilot_002102,0,0.039075229316949844,real::Tiny-GenImage,Tiny,models/v2/clip_lora_fold3_best_v1.pt,models/v2/v2_10b_h2_balanced_logreg_fold3_v1.joblib
3,jpeg_q50,pilot_002105,1,0.40090832114219666,tiny::GLIDE,,models/v2/clip_lora_fold3_best_v1.pt,models/v2/v2_10b_h2_balanced_logreg_fold3_v1.joblib
3,jpeg_q50,pilot_002112,0,0.010521259158849716,real::Tiny-GenImage,Tiny,models/v2/clip_lora_fold3_best_v1.pt,models/v2/v2_10b_h2_balanced_logreg_fold3_v1.joblib
3,jpeg_q50,pilot_002113,1,0.20596054196357727,tiny::Wukong,,models/v2/clip_lora_fold3_best_v1.pt,models/v2/v2_10b_h2_balanced_logreg_fold3_v1.joblib
3,jpeg_q50,pilot_002119,1,0.7188761830329895,tiny::GLIDE,,models/v2/clip_lora_fold3_best_v1.pt,models/v2/v2_10b_h2_balanced_logreg_fold3_v1.joblib
3,jpeg_q50,pilot_002122,0,0.005574902985244989,real::Tiny-GenImage,Tiny,models/v2/clip_lora_fold3_best_v1.pt,models/v2/v2_10b_h2_balanced_logreg_fold3_v1.joblib
3,jpeg_q50,pilot_002127,1,0.18870879709720612,tiny::Wukong,,models/v2/clip_lora_fold3_best_v1.pt,models/v2/v2_10b_h2_balanced_logreg_fold3_v1.joblib
3,jpeg_q50,pilot_002128,0,0.046364109963178635,real::Tiny-GenImage,Tiny,models/v2/clip_lora_fold3_best_v1.pt,models/v2/v2_10b_h2_balanced_logreg_fold3_v1.joblib
3,jpeg_q50,pilot_002133,1,0.35538092255592346,tiny::GLIDE,,models/v2/clip_lora_fold3_best_v1.pt,models/v2/v2_10b_h2_balanced_logreg_fold3_v1.joblib
3,jpeg_q50,pilot_002141,1,0.39535197615623474,tiny::Wukong,,models/v2/clip_lora_fold3_best_v1.pt,models/v2/v2_10b_h2_balanced_logreg_fold3_v1.joblib
3,jpeg_q50,pilot_002147,1,0.6267452239990234,tiny::GLIDE,,models/v2/clip_lora_fold3_best_v1.pt,models/v2/v2_10b_h2_balanced_logreg_fold3_v1.joblib
3,jpeg_q50,pilot_002155,1,0.17300567030906677,tiny::Wukong,,models/v2/clip_lora_fold3_best_v1.pt,models/v2/v2_10b_h2_balanced_logreg_fold3_v1.joblib
3,jpeg_q50,pilot_002161,1,0.5402378439903259,tiny::GLIDE,,models/v2/clip_lora_fold3_best_v1.pt,models/v2/v2_10b_h2_balanced_logreg_fold3_v1.joblib
3,jpeg_q50,pilot_002169,1,0.1806812286376953,tiny::Wukong,,models/v2/clip_lora_fold3_best_v1.pt,models/v2/v2_10b_h2_balanced_logreg_fold3_v1.joblib
3,jpeg_q50,pilot_002175,1,0.4634506106376648,tiny::GLIDE,,models/v2/clip_lora_fold3_best_v1.pt,models/v2/v2_10b_h2_balanced_logreg_fold3_v1.joblib
3,jpeg_q50,pilot_002183,1,0.06146344915032387,tiny::Wukong,,models/v2/clip_lora_fold3_best_v1.pt,models/v2/v2_10b_h2_balanced_logreg_fold3_v1.joblib
3,jpeg_q50,pilot_002189,1,0.8143761157989502,tiny::GLIDE,,models/v2/clip_lora_fold3_best_v1.pt,models/v2/v2_10b_h2_balanced_logreg_fold3_v1.joblib
3,jpeg_q50,pilot_002194,0,0.0077185481786727905,real::Tiny-GenImage,Tiny,models/v2/clip_lora_fold3_best_v1.pt,models/v2/v2_10b_h2_balanced_logreg_fold3_v1.joblib
3,jpeg_q50,pilot_002197,1,0.4123817980289459,tiny::Wukong,,models/v2/clip_lora_fold3_best_v1.pt,models/v2/v2_10b_h2_balanced_logreg_fold3_v1.joblib
3,jpeg_q50,pilot_002202,0,0.02810075879096985,real::Tiny-GenImage,Tiny,models/v2/clip_lora_fold3_best_v1.pt,models/v2/v2_10b_h2_balanced_logreg_fold3_v1.joblib
3,jpeg_q50,pilot_002203,1,0.48210838437080383,tiny::GLIDE,,models/v2/clip_lora_fold3_best_v1.pt,models/v2/v2_10b_h2_balanced_logreg_fold3_v1.joblib
3,jpeg_q50,pilot_002211,1,0.5742118954658508,tiny::Wukong,,models/v2/clip_lora_fold3_best_v1.pt,models/v2/v2_10b_h2_balanced_logreg_fold3_v1.joblib
3,jpeg_q50,pilot_002217,1,0.595497190952301,tiny::GLIDE,,models/v2/clip_lora_fold3_best_v1.pt,models/v2/v2_10b_h2_balanced_logreg_fold3_v1.joblib
3,jpeg_q50,pilot_002225,1,0.3868166506290436,tiny::Wukong,,models/v2/clip_lora_fold3_best_v1.pt,models/v2/v2_10b_h2_balanced_logreg_fold3_v1.joblib
3,jpeg_q50,pilot_002226,0,0.03551485389471054,real::Tiny-GenImage,Tiny,models/v2/clip_lora_fold3_best_v1.pt,models/v2/v2_10b_h2_balanced_logreg_fold3_v1.joblib
3,jpeg_q50,pilot_002231,1,0.6314442753791809,tiny::GLIDE,,models/v2/clip_lora_fold3_best_v1.pt,models/v2/v2_10b_h2_balanced_logreg_fold3_v1.joblib
3,jpeg_q50,pilot_002239,1,0.2798621654510498,tiny::Wukong,,models/v2/clip_lora_fold3_best_v1.pt,models/v2/v2_10b_h2_balanced_logreg_fold3_v1.joblib
3,jpeg_q50,pilot_002245,1,0.39690402150154114,tiny::GLIDE,,models/v2/clip_lora_fold3_best_v1.pt,models/v2/v2_10b_h2_balanced_logreg_fold3_v1.joblib
3,jpeg_q50,pilot_002250,0,0.04099127650260925,real::Tiny-GenImage,Tiny,models/v2/clip_lora_fold3_best_v1.pt,models/v2/v2_10b_h2_balanced_logreg_fold3_v1.joblib
3,jpeg_q50,pilot_002253,1,0.3145497143268585,tiny::Wukong,,models/v2/clip_lora_fold3_best_v1.pt,models/v2/v2_10b_h2_balanced_logreg_fold3_v1.joblib
3,jpeg_q50,pilot_002254,0,0.01334717683494091,real::Tiny-GenImage,Tiny,models/v2/clip_lora_fold3_best_v1.pt,models/v2/v2_10b_h2_balanced_logreg_fold3_v1.joblib
3,jpeg_q50,pilot_002259,1,0.7198070883750916,tiny::GLIDE,,models/v2/clip_lora_fold3_best_v1.pt,models/v2/v2_10b_h2_balanced_logreg_fold3_v1.joblib
3,jpeg_q50,pilot_002260,0,0.00593192083761096,real::Tiny-GenImage,Tiny,models/v2/clip_lora_fold3_best_v1.pt,models/v2/v2_10b_h2_balanced_logreg_fold3_v1.joblib
3,jpeg_q50,pilot_002267,1,0.18958139419555664,tiny::Wukong,,models/v2/clip_lora_fold3_best_v1.pt,models/v2/v2_10b_h2_balanced_logreg_fold3_v1.joblib
3,jpeg_q50,pilot_002270,0,0.006269572768360376,real::Tiny-GenImage,Tiny,models/v2/clip_lora_fold3_best_v1.pt,models/v2/v2_10b_h2_balanced_logreg_fold3_v1.joblib
3,jpeg_q50,pilot_002272,0,0.013824797235429287,real::Tiny-GenImage,Tiny,models/v2/clip_lora_fold3_best_v1.pt,models/v2/v2_10b_h2_balanced_logreg_fold3_v1.joblib
3,jpeg_q50,pilot_002273,1,0.4039710760116577,tiny::GLIDE,,models/v2/clip_lora_fold3_best_v1.pt,models/v2/v2_10b_h2_balanced_logreg_fold3_v1.joblib
3,jpeg_q50,pilot_002281,1,0.4322283864021301,tiny::Wukong,,models/v2/clip_lora_fold3_best_v1.pt,models/v2/v2_10b_h2_balanced_logreg_fold3_v1.joblib
3,jpeg_q50,pilot_002282,0,0.010702013969421387,real::Tiny-GenImage,Tiny,models/v2/clip_lora_fold3_best_v1.pt,models/v2/v2_10b_h2_balanced_logreg_fold3_v1.joblib
3,jpeg_q50,pilot_002287,1,0.802780032157898,tiny::GLIDE,,models/v2/clip_lora_fold3_best_v1.pt,models/v2/v2_10b_h2_balanced_logreg_fold3_v1.joblib
3,jpeg_q50,pilot_002288,0,0.026623304933309555,real::Tiny-GenImage,Tiny,models/v2/clip_lora_fold3_best_v1.pt,models/v2/v2_10b_h2_balanced_logreg_fold3_v1.joblib
3,jpeg_q50,pilot_002290,0,0.026275940239429474,real::Tiny-GenImage,Tiny,models/v2/clip_lora_fold3_best_v1.pt,models/v2/v2_10b_h2_balanced_logreg_fold3_v1.joblib
3,jpeg_q50,pilot_002295,1,0.3336249887943268,tiny::Wukong,,models/v2/clip_lora_fold3_best_v1.pt,models/v2/v2_10b_h2_balanced_logreg_fold3_v1.joblib
3,jpeg_q50,pilot_002301,1,0.4976983368396759,tiny::GLIDE,,models/v2/clip_lora_fold3_best_v1.pt,models/v2/v2_10b_h2_balanced_logreg_fold3_v1.joblib
3,jpeg_q50,pilot_002306,0,0.018861178308725357,real::Tiny-GenImage,Tiny,models/v2/clip_lora_fold3_best_v1.pt,models/v2/v2_10b_h2_balanced_logreg_fold3_v1.joblib
3,jpeg_q50,pilot_002309,1,0.013602588325738907,tiny::Wukong,,models/v2/clip_lora_fold3_best_v1.pt,models/v2/v2_10b_h2_balanced_logreg_fold3_v1.joblib
3,jpeg_q50,pilot_002312,0,0.0627959743142128,real::Tiny-GenImage,Tiny,models/v2/clip_lora_fold3_best_v1.pt,models/v2/v2_10b_h2_balanced_logreg_fold3_v1.joblib
3,jpeg_q50,pilot_002315,1,0.7772355079650879,tiny::GLIDE,,models/v2/clip_lora_fold3_best_v1.pt,models/v2/v2_10b_h2_balanced_logreg_fold3_v1.joblib
3,jpeg_q50,pilot_002323,1,0.5620830059051514,tiny::Wukong,,models/v2/clip_lora_fold3_best_v1.pt,models/v2/v2_10b_h2_balanced_logreg_fold3_v1.joblib
3,jpeg_q50,pilot_002329,1,0.6412158608436584,tiny::GLIDE,,models/v2/clip_lora_fold3_best_v1.pt,models/v2/v2_10b_h2_balanced_logreg_fold3_v1.joblib
3,jpeg_q50,pilot_002337,1,0.5186886787414551,tiny::Wukong,,models/v2/clip_lora_fold3_best_v1.pt,models/v2/v2_10b_h2_balanced_logreg_fold3_v1.joblib
3,jpeg_q50,pilot_002343,1,0.5009864568710327,tiny::GLIDE,,models/v2/clip_lora_fold3_best_v1.pt,models/v2/v2_10b_h2_balanced_logreg_fold3_v1.joblib
3,jpeg_q50,pilot_002351,1,0.5157138109207153,tiny::Wukong,,models/v2/clip_lora_fold3_best_v1.pt,models/v2/v2_10b_h2_balanced_logreg_fold3_v1.joblib
3,jpeg_q50,pilot_002354,0,0.023386551067233086,real::Tiny-GenImage,Tiny,models/v2/clip_lora_fold3_best_v1.pt,models/v2/v2_10b_h2_balanced_logreg_fold3_v1.joblib
3,jpeg_q50,pilot_002357,1,0.4853486120700836,tiny::GLIDE,,models/v2/clip_lora_fold3_best_v1.pt,models/v2/v2_10b_h2_balanced_logreg_fold3_v1.joblib
3,jpeg_q50,pilot_002365,1,0.06559665501117706,tiny::Wukong,,models/v2/clip_lora_fold3_best_v1.pt,models/v2/v2_10b_h2_balanced_logreg_fold3_v1.joblib
3,jpeg_q50,pilot_002366,0,0.15653075277805328,real::Tiny-GenImage,Tiny,models/v2/clip_lora_fold3_best_v1.pt,models/v2/v2_10b_h2_balanced_logreg_fold3_v1.joblib
3,jpeg_q50,pilot_002371,1,0.6038716435432434,tiny::GLIDE,,models/v2/clip_lora_fold3_best_v1.pt,models/v2/v2_10b_h2_balanced_logreg_fold3_v1.joblib
3,jpeg_q50,pilot_002379,1,0.12900812923908234,tiny::Wukong,,models/v2/clip_lora_fold3_best_v1.pt,models/v2/v2_10b_h2_balanced_logreg_fold3_v1.joblib
3,jpeg_q50,pilot_002385,1,0.9528500437736511,tiny::GLIDE,,models/v2/clip_lora_fold3_best_v1.pt,models/v2/v2_10b_h2_balanced_logreg_fold3_v1.joblib
3,jpeg_q50,pilot_002393,1,0.16759072244167328,tiny::Wukong,,models/v2/clip_lora_fold3_best_v1.pt,models/v2/v2_10b_h2_balanced_logreg_fold3_v1.joblib
3,jpeg_q50,pilot_002396,0,0.015553311444818974,real::Tiny-GenImage,Tiny,models/v2/clip_lora_fold3_best_v1.pt,models/v2/v2_10b_h2_balanced_logreg_fold3_v1.joblib
3,jpeg_q50,pilot_002399,1,0.7808107733726501,tiny::GLIDE,,models/v2/clip_lora_fold3_best_v1.pt,models/v2/v2_10b_h2_balanced_logreg_fold3_v1.joblib
3,jpeg_q50,pilot_002400,0,0.01015285775065422,real::Tiny-GenImage,Tiny,models/v2/clip_lora_fold3_best_v1.pt,models/v2/v2_10b_h2_balanced_logreg_fold3_v1.joblib
3,jpeg_q50,pilot_002402,0,0.01954009383916855,real::Tiny-GenImage,Tiny,models/v2/clip_lora_fold3_best_v1.pt,models/v2/v2_10b_h2_balanced_logreg_fold3_v1.joblib
3,jpeg_q50,pilot_002407,1,0.5585466027259827,tiny::Wukong,,models/v2/clip_lora_fold3_best_v1.pt,models/v2/v2_10b_h2_balanced_logreg_fold3_v1.joblib
3,jpeg_q50,pilot_002413,1,0.4074982702732086,tiny::GLIDE,,models/v2/clip_lora_fold3_best_v1.pt,models/v2/v2_10b_h2_balanced_logreg_fold3_v1.joblib
3,jpeg_q50,pilot_002421,1,0.2672528624534607,tiny::Wukong,,models/v2/clip_lora_fold3_best_v1.pt,models/v2/v2_10b_h2_balanced_logreg_fold3_v1.joblib
3,jpeg_q50,pilot_002427,1,0.9665682315826416,tiny::GLIDE,,models/v2/clip_lora_fold3_best_v1.pt,models/v2/v2_10b_h2_balanced_logreg_fold3_v1.joblib
3,jpeg_q50,pilot_002435,1,0.26277396082878113,tiny::Wukong,,models/v2/clip_lora_fold3_best_v1.pt,models/v2/v2_10b_h2_balanced_logreg_fold3_v1.joblib
3,jpeg_q50,pilot_002441,1,0.8601513504981995,tiny::GLIDE,,models/v2/clip_lora_fold3_best_v1.pt,models/v2/v2_10b_h2_balanced_logreg_fold3_v1.joblib
3,jpeg_q50,pilot_002446,0,0.05917507782578468,real::Tiny-GenImage,Tiny,models/v2/clip_lora_fold3_best_v1.pt,models/v2/v2_10b_h2_balanced_logreg_fold3_v1.joblib
3,jpeg_q50,pilot_002449,1,0.558115541934967,tiny::Wukong,,models/v2/clip_lora_fold3_best_v1.pt,models/v2/v2_10b_h2_balanced_logreg_fold3_v1.joblib
3,jpeg_q50,pilot_002450,0,0.024617347866296768,real::Tiny-GenImage,Tiny,models/v2/clip_lora_fold3_best_v1.pt,models/v2/v2_10b_h2_balanced_logreg_fold3_v1.joblib
3,jpeg_q50,pilot_002455,1,0.8013128042221069,tiny::GLIDE,,models/v2/clip_lora_fold3_best_v1.pt,models/v2/v2_10b_h2_balanced_logreg_fold3_v1.joblib
3,jpeg_q50,pilot_002458,0,0.025084780529141426,real::Tiny-GenImage,Tiny,models/v2/clip_lora_fold3_best_v1.pt,models/v2/v2_10b_h2_balanced_logreg_fold3_v1.joblib
3,jpeg_q50,pilot_002463,1,0.3438335657119751,tiny::Wukong,,models/v2/clip_lora_fold3_best_v1.pt,models/v2/v2_10b_h2_balanced_logreg_fold3_v1.joblib
3,jpeg_q50,pilot_002469,1,0.347159206867218,tiny::GLIDE,,models/v2/clip_lora_fold3_best_v1.pt,models/v2/v2_10b_h2_balanced_logreg_fold3_v1.joblib
3,jpeg_q50,pilot_002477,1,0.10610324144363403,tiny::Wukong,,models/v2/clip_lora_fold3_best_v1.pt,models/v2/v2_10b_h2_balanced_logreg_fold3_v1.joblib
3,jpeg_q50,pilot_002482,0,0.3783818781375885,real::Tiny-GenImage,Tiny,models/v2/clip_lora_fold3_best_v1.pt,models/v2/v2_10b_h2_balanced_logreg_fold3_v1.joblib
3,jpeg_q50,pilot_002483,1,0.23636102676391602,tiny::GLIDE,,models/v2/clip_lora_fold3_best_v1.pt,models/v2/v2_10b_h2_balanced_logreg_fold3_v1.joblib
3,jpeg_q50,pilot_002491,1,0.23671706020832062,tiny::Wukong,,models/v2/clip_lora_fold3_best_v1.pt,models/v2/v2_10b_h2_balanced_logreg_fold3_v1.joblib
3,jpeg_q50,pilot_002494,0,0.005464846268296242,real::Tiny-GenImage,Tiny,models/v2/clip_lora_fold3_best_v1.pt,models/v2/v2_10b_h2_balanced_logreg_fold3_v1.joblib
3,jpeg_q50,pilot_002497,1,0.7620783448219299,tiny::GLIDE,,models/v2/clip_lora_fold3_best_v1.pt,models/v2/v2_10b_h2_balanced_logreg_fold3_v1.joblib
3,jpeg_q50,pilot_002505,1,0.20299406349658966,tiny::Wukong,,models/v2/clip_lora_fold3_best_v1.pt,models/v2/v2_10b_h2_balanced_logreg_fold3_v1.joblib
3,jpeg_q50,pilot_002506,0,0.017061440274119377,real::Tiny-GenImage,Tiny,models/v2/clip_lora_fold3_best_v1.pt,models/v2/v2_10b_h2_balanced_logreg_fold3_v1.joblib
3,jpeg_q50,pilot_002511,1,0.7164770364761353,tiny::GLIDE,,models/v2/clip_lora_fold3_best_v1.pt,models/v2/v2_10b_h2_balanced_logreg_fold3_v1.joblib
3,jpeg_q50,pilot_002519,1,0.08201251924037933,tiny::Wukong,,models/v2/clip_lora_fold3_best_v1.pt,models/v2/v2_10b_h2_balanced_logreg_fold3_v1.joblib
3,jpeg_q50,pilot_002525,1,0.8270214200019836,tiny::GLIDE,,models/v2/clip_lora_fold3_best_v1.pt,models/v2/v2_10b_h2_balanced_logreg_fold3_v1.joblib
3,jpeg_q50,pilot_002532,0,0.05576295778155327,real::Tiny-GenImage,Tiny,models/v2/clip_lora_fold3_best_v1.pt,models/v2/v2_10b_h2_balanced_logreg_fold3_v1.joblib
3,jpeg_q50,pilot_002533,1,0.2822098731994629,tiny::Wukong,,models/v2/clip_lora_fold3_best_v1.pt,models/v2/v2_10b_h2_balanced_logreg_fold3_v1.joblib
3,jpeg_q50,pilot_002539,1,0.8518124222755432,tiny::GLIDE,,models/v2/clip_lora_fold3_best_v1.pt,models/v2/v2_10b_h2_balanced_logreg_fold3_v1.joblib
3,jpeg_q50,pilot_002547,1,0.1402399241924286,tiny::Wukong,,models/v2/clip_lora_fold3_best_v1.pt,models/v2/v2_10b_h2_balanced_logreg_fold3_v1.joblib
3,jpeg_q50,pilot_002553,1,0.3496457636356354,tiny::GLIDE,,models/v2/clip_lora_fold3_best_v1.pt,models/v2/v2_10b_h2_balanced_logreg_fold3_v1.joblib
3,jpeg_q50,pilot_002561,1,0.1953415870666504,tiny::Wukong,,models/v2/clip_lora_fold3_best_v1.pt,models/v2/v2_10b_h2_balanced_logreg_fold3_v1.joblib
3,jpeg_q50,pilot_002567,1,0.6739776730537415,tiny::GLIDE,,models/v2/clip_lora_fold3_best_v1.pt,models/v2/v2_10b_h2_balanced_logreg_fold3_v1.joblib
3,jpeg_q50,pilot_002575,1,0.44306185841560364,tiny::Wukong,,models/v2/clip_lora_fold3_best_v1.pt,models/v2/v2_10b_h2_balanced_logreg_fold3_v1.joblib
3,jpeg_q50,pilot_002581,1,0.596321702003479,tiny::GLIDE,,models/v2/clip_lora_fold3_best_v1.pt,models/v2/v2_10b_h2_balanced_logreg_fold3_v1.joblib
3,jpeg_q50,pilot_002589,1,0.20871935784816742,tiny::Wukong,,models/v2/clip_lora_fold3_best_v1.pt,models/v2/v2_10b_h2_balanced_logreg_fold3_v1.joblib
3,jpeg_q50,pilot_002595,1,0.4035295248031616,tiny::GLIDE,,models/v2/clip_lora_fold3_best_v1.pt,models/v2/v2_10b_h2_balanced_logreg_fold3_v1.joblib
3,jpeg_q50,pilot_002603,1,0.03355203568935394,tiny::Wukong,,models/v2/clip_lora_fold3_best_v1.pt,models/v2/v2_10b_h2_balanced_logreg_fold3_v1.joblib
3,jpeg_q50,pilot_002604,0,0.03456775099039078,real::Tiny-GenImage,Tiny,models/v2/clip_lora_fold3_best_v1.pt,models/v2/v2_10b_h2_balanced_logreg_fold3_v1.joblib
3,jpeg_q50,pilot_002609,1,0.6445951461791992,tiny::GLIDE,,models/v2/clip_lora_fold3_best_v1.pt,models/v2/v2_10b_h2_balanced_logreg_fold3_v1.joblib
3,jpeg_q50,pilot_002617,1,0.12252625077962875,tiny::Wukong,,models/v2/clip_lora_fold3_best_v1.pt,models/v2/v2_10b_h2_balanced_logreg_fold3_v1.joblib
3,jpeg_q50,pilot_002622,0,0.05052927881479263,real::Tiny-GenImage,Tiny,models/v2/clip_lora_fold3_best_v1.pt,models/v2/v2_10b_h2_balanced_logreg_fold3_v1.joblib
3,jpeg_q50,pilot_002623,1,0.4843108057975769,tiny::GLIDE,,models/v2/clip_lora_fold3_best_v1.pt,models/v2/v2_10b_h2_balanced_logreg_fold3_v1.joblib
3,jpeg_q50,pilot_002631,1,0.04876846820116043,tiny::Wukong,,models/v2/clip_lora_fold3_best_v1.pt,models/v2/v2_10b_h2_balanced_logreg_fold3_v1.joblib
3,jpeg_q50,pilot_002637,1,0.9033344984054565,tiny::GLIDE,,models/v2/clip_lora_fold3_best_v1.pt,models/v2/v2_10b_h2_balanced_logreg_fold3_v1.joblib
3,jpeg_q50,pilot_002645,1,0.053089212626218796,tiny::Wukong,,models/v2/clip_lora_fold3_best_v1.pt,models/v2/v2_10b_h2_balanced_logreg_fold3_v1.joblib
3,jpeg_q50,pilot_002651,1,0.8859114050865173,tiny::GLIDE,,models/v2/clip_lora_fold3_best_v1.pt,models/v2/v2_10b_h2_balanced_logreg_fold3_v1.joblib
3,jpeg_q50,pilot_002659,1,0.5407912135124207,tiny::Wukong,,models/v2/clip_lora_fold3_best_v1.pt,models/v2/v2_10b_h2_balanced_logreg_fold3_v1.joblib
3,jpeg_q50,pilot_002665,1,0.8811690807342529,tiny::GLIDE,,models/v2/clip_lora_fold3_best_v1.pt,models/v2/v2_10b_h2_balanced_logreg_fold3_v1.joblib
3,jpeg_q50,pilot_002668,0,0.02594052441418171,real::Tiny-GenImage,Tiny,models/v2/clip_lora_fold3_best_v1.pt,models/v2/v2_10b_h2_balanced_logreg_fold3_v1.joblib
3,jpeg_q50,pilot_002673,1,0.16831056773662567,tiny::Wukong,,models/v2/clip_lora_fold3_best_v1.pt,models/v2/v2_10b_h2_balanced_logreg_fold3_v1.joblib
3,jpeg_q50,pilot_002679,1,0.5751231908798218,tiny::GLIDE,,models/v2/clip_lora_fold3_best_v1.pt,models/v2/v2_10b_h2_balanced_logreg_fold3_v1.joblib
3,jpeg_q50,pilot_002680,0,0.022674065083265305,real::Tiny-GenImage,Tiny,models/v2/clip_lora_fold3_best_v1.pt,models/v2/v2_10b_h2_balanced_logreg_fold3_v1.joblib
3,jpeg_q50,pilot_002682,0,0.0714941993355751,real::Tiny-GenImage,Tiny,models/v2/clip_lora_fold3_best_v1.pt,models/v2/v2_10b_h2_balanced_logreg_fold3_v1.joblib
3,jpeg_q50,pilot_002686,0,0.005892280489206314,real::Tiny-GenImage,Tiny,models/v2/clip_lora_fold3_best_v1.pt,models/v2/v2_10b_h2_balanced_logreg_fold3_v1.joblib
3,jpeg_q50,pilot_002687,1,0.549831211566925,tiny::Wukong,,models/v2/clip_lora_fold3_best_v1.pt,models/v2/v2_10b_h2_balanced_logreg_fold3_v1.joblib
3,jpeg_q50,pilot_002690,0,0.016619030386209488,real::Tiny-GenImage,Tiny,models/v2/clip_lora_fold3_best_v1.pt,models/v2/v2_10b_h2_balanced_logreg_fold3_v1.joblib
3,jpeg_q50,pilot_002693,1,0.35617104172706604,tiny::GLIDE,,models/v2/clip_lora_fold3_best_v1.pt,models/v2/v2_10b_h2_balanced_logreg_fold3_v1.joblib
3,jpeg_q50,pilot_002701,1,0.20309877395629883,tiny::Wukong,,models/v2/clip_lora_fold3_best_v1.pt,models/v2/v2_10b_h2_balanced_logreg_fold3_v1.joblib
3,jpeg_q50,pilot_002707,1,0.8024057149887085,tiny::GLIDE,,models/v2/clip_lora_fold3_best_v1.pt,models/v2/v2_10b_h2_balanced_logreg_fold3_v1.joblib
3,jpeg_q50,pilot_002715,1,0.8243933320045471,tiny::Wukong,,models/v2/clip_lora_fold3_best_v1.pt,models/v2/v2_10b_h2_balanced_logreg_fold3_v1.joblib
3,jpeg_q50,pilot_002721,1,0.6665799021720886,tiny::GLIDE,,models/v2/clip_lora_fold3_best_v1.pt,models/v2/v2_10b_h2_balanced_logreg_fold3_v1.joblib
3,jpeg_q50,pilot_002729,1,0.10445301234722137,tiny::Wukong,,models/v2/clip_lora_fold3_best_v1.pt,models/v2/v2_10b_h2_balanced_logreg_fold3_v1.joblib
3,jpeg_q50,pilot_002735,1,0.5442251563072205,tiny::GLIDE,,models/v2/clip_lora_fold3_best_v1.pt,models/v2/v2_10b_h2_balanced_logreg_fold3_v1.joblib
3,jpeg_q50,pilot_002742,0,0.013082791119813919,real::Tiny-GenImage,Tiny,models/v2/clip_lora_fold3_best_v1.pt,models/v2/v2_10b_h2_balanced_logreg_fold3_v1.joblib
3,jpeg_q50,pilot_002743,1,0.7605518698692322,tiny::Wukong,,models/v2/clip_lora_fold3_best_v1.pt,models/v2/v2_10b_h2_balanced_logreg_fold3_v1.joblib
3,jpeg_q50,pilot_002749,1,0.5323488712310791,tiny::GLIDE,,models/v2/clip_lora_fold3_best_v1.pt,models/v2/v2_10b_h2_balanced_logreg_fold3_v1.joblib
3,jpeg_q50,pilot_002757,1,0.06384050101041794,tiny::Wukong,,models/v2/clip_lora_fold3_best_v1.pt,models/v2/v2_10b_h2_balanced_logreg_fold3_v1.joblib
3,jpeg_q50,pilot_002758,0,0.023775910958647728,real::Tiny-GenImage,Tiny,models/v2/clip_lora_fold3_best_v1.pt,models/v2/v2_10b_h2_balanced_logreg_fold3_v1.joblib
3,jpeg_q50,pilot_002760,0,0.007616483140736818,real::Tiny-GenImage,Tiny,models/v2/clip_lora_fold3_best_v1.pt,models/v2/v2_10b_h2_balanced_logreg_fold3_v1.joblib
3,jpeg_q50,pilot_002763,1,0.429591566324234,tiny::GLIDE,,models/v2/clip_lora_fold3_best_v1.pt,models/v2/v2_10b_h2_balanced_logreg_fold3_v1.joblib
3,jpeg_q50,pilot_002771,1,0.21984730660915375,tiny::Wukong,,models/v2/clip_lora_fold3_best_v1.pt,models/v2/v2_10b_h2_balanced_logreg_fold3_v1.joblib
3,jpeg_q50,pilot_002772,0,0.01778545416891575,real::Tiny-GenImage,Tiny,models/v2/clip_lora_fold3_best_v1.pt,models/v2/v2_10b_h2_balanced_logreg_fold3_v1.joblib
3,jpeg_q50,pilot_002777,1,0.6376006603240967,tiny::GLIDE,,models/v2/clip_lora_fold3_best_v1.pt,models/v2/v2_10b_h2_balanced_logreg_fold3_v1.joblib
3,jpeg_q50,pilot_002785,1,0.1962200254201889,tiny::Wukong,,models/v2/clip_lora_fold3_best_v1.pt,models/v2/v2_10b_h2_balanced_logreg_fold3_v1.joblib
3,jpeg_q50,pilot_002786,0,0.04887622967362404,real::Tiny-GenImage,Tiny,models/v2/clip_lora_fold3_best_v1.pt,models/v2/v2_10b_h2_balanced_logreg_fold3_v1.joblib
3,jpeg_q50,pilot_002790,0,0.08115106076002121,real::Tiny-GenImage,Tiny,models/v2/clip_lora_fold3_best_v1.pt,models/v2/v2_10b_h2_balanced_logreg_fold3_v1.joblib
3,jpeg_q50,pilot_002791,1,0.23970220983028412,tiny::GLIDE,,models/v2/clip_lora_fold3_best_v1.pt,models/v2/v2_10b_h2_balanced_logreg_fold3_v1.joblib
3,jpeg_q50,pilot_002798,0,0.06284328550100327,real::Tiny-GenImage,Tiny,models/v2/clip_lora_fold3_best_v1.pt,models/v2/v2_10b_h2_balanced_logreg_fold3_v1.joblib
3,jpeg_q50,pilot_002799,1,0.4677564799785614,tiny::Wukong,,models/v2/clip_lora_fold3_best_v1.pt,models/v2/v2_10b_h2_balanced_logreg_fold3_v1.joblib
3,jpeg_q50,pilot_002805,1,0.8284844756126404,tiny::GLIDE,,models/v2/clip_lora_fold3_best_v1.pt,models/v2/v2_10b_h2_balanced_logreg_fold3_v1.joblib
3,jpeg_q50,pilot_002813,1,0.09660326689481735,tiny::Wukong,,models/v2/clip_lora_fold3_best_v1.pt,models/v2/v2_10b_h2_balanced_logreg_fold3_v1.joblib
3,jpeg_q50,pilot_002816,0,0.11619370430707932,real::Tiny-GenImage,Tiny,models/v2/clip_lora_fold3_best_v1.pt,models/v2/v2_10b_h2_balanced_logreg_fold3_v1.joblib
3,jpeg_q50,pilot_002819,1,0.8371661901473999,tiny::GLIDE,,models/v2/clip_lora_fold3_best_v1.pt,models/v2/v2_10b_h2_balanced_logreg_fold3_v1.joblib
3,jpeg_q50,pilot_002827,1,0.448507696390152,tiny::Wukong,,models/v2/clip_lora_fold3_best_v1.pt,models/v2/v2_10b_h2_balanced_logreg_fold3_v1.joblib
3,jpeg_q50,pilot_002833,1,0.8107909560203552,tiny::GLIDE,,models/v2/clip_lora_fold3_best_v1.pt,models/v2/v2_10b_h2_balanced_logreg_fold3_v1.joblib
3,jpeg_q50,pilot_002841,1,0.37672489881515503,tiny::Wukong,,models/v2/clip_lora_fold3_best_v1.pt,models/v2/v2_10b_h2_balanced_logreg_fold3_v1.joblib
3,jpeg_q50,pilot_002842,0,0.015336108393967152,real::Tiny-GenImage,Tiny,models/v2/clip_lora_fold3_best_v1.pt,models/v2/v2_10b_h2_balanced_logreg_fold3_v1.joblib
3,jpeg_q50,pilot_002847,1,0.5604089498519897,tiny::GLIDE,,models/v2/clip_lora_fold3_best_v1.pt,models/v2/v2_10b_h2_balanced_logreg_fold3_v1.joblib
3,jpeg_q50,pilot_002854,0,0.13811372220516205,real::Tiny-GenImage,Tiny,models/v2/clip_lora_fold3_best_v1.pt,models/v2/v2_10b_h2_balanced_logreg_fold3_v1.joblib
3,jpeg_q50,pilot_002855,1,0.1018923819065094,tiny::Wukong,,models/v2/clip_lora_fold3_best_v1.pt,models/v2/v2_10b_h2_balanced_logreg_fold3_v1.joblib
3,jpeg_q50,pilot_002860,0,0.1476597636938095,real::Tiny-GenImage,Tiny,models/v2/clip_lora_fold3_best_v1.pt,models/v2/v2_10b_h2_balanced_logreg_fold3_v1.joblib
3,jpeg_q50,pilot_002861,1,0.6579959988594055,tiny::GLIDE,,models/v2/clip_lora_fold3_best_v1.pt,models/v2/v2_10b_h2_balanced_logreg_fold3_v1.joblib
3,jpeg_q50,pilot_002864,0,0.008029069751501083,real::Tiny-GenImage,Tiny,models/v2/clip_lora_fold3_best_v1.pt,models/v2/v2_10b_h2_balanced_logreg_fold3_v1.joblib
3,jpeg_q50,pilot_002869,1,0.3505903482437134,tiny::Wukong,,models/v2/clip_lora_fold3_best_v1.pt,models/v2/v2_10b_h2_balanced_logreg_fold3_v1.joblib
3,jpeg_q50,pilot_002870,0,0.0014972342178225517,real::Tiny-GenImage,Tiny,models/v2/clip_lora_fold3_best_v1.pt,models/v2/v2_10b_h2_balanced_logreg_fold3_v1.joblib
3,jpeg_q50,pilot_002872,0,0.004209909122437239,real::Tiny-GenImage,Tiny,models/v2/clip_lora_fold3_best_v1.pt,models/v2/v2_10b_h2_balanced_logreg_fold3_v1.joblib
3,jpeg_q50,pilot_002875,1,0.5056413412094116,tiny::GLIDE,,models/v2/clip_lora_fold3_best_v1.pt,models/v2/v2_10b_h2_balanced_logreg_fold3_v1.joblib
3,jpeg_q50,pilot_002883,1,0.8888239860534668,tiny::Wukong,,models/v2/clip_lora_fold3_best_v1.pt,models/v2/v2_10b_h2_balanced_logreg_fold3_v1.joblib
3,jpeg_q50,pilot_002888,0,0.10062218457460403,real::Tiny-GenImage,Tiny,models/v2/clip_lora_fold3_best_v1.pt,models/v2/v2_10b_h2_balanced_logreg_fold3_v1.joblib
3,jpeg_q50,pilot_002889,1,0.725570023059845,tiny::GLIDE,,models/v2/clip_lora_fold3_best_v1.pt,models/v2/v2_10b_h2_balanced_logreg_fold3_v1.joblib
3,jpeg_q50,pilot_002894,0,0.030902668833732605,real::Tiny-GenImage,Tiny,models/v2/clip_lora_fold3_best_v1.pt,models/v2/v2_10b_h2_balanced_logreg_fold3_v1.joblib
3,jpeg_q50,pilot_002897,1,0.27383849024772644,tiny::Wukong,,models/v2/clip_lora_fold3_best_v1.pt,models/v2/v2_10b_h2_balanced_logreg_fold3_v1.joblib
3,jpeg_q50,pilot_002903,1,0.6231843829154968,tiny::GLIDE,,models/v2/clip_lora_fold3_best_v1.pt,models/v2/v2_10b_h2_balanced_logreg_fold3_v1.joblib
3,jpeg_q50,pilot_002904,0,0.037955738604068756,real::Tiny-GenImage,Tiny,models/v2/clip_lora_fold3_best_v1.pt,models/v2/v2_10b_h2_balanced_logreg_fold3_v1.joblib
3,jpeg_q50,pilot_002911,1,0.09880911558866501,tiny::Wukong,,models/v2/clip_lora_fold3_best_v1.pt,models/v2/v2_10b_h2_balanced_logreg_fold3_v1.joblib
3,jpeg_q50,pilot_002914,0,0.041385408490896225,real::Tiny-GenImage,Tiny,models/v2/clip_lora_fold3_best_v1.pt,models/v2/v2_10b_h2_balanced_logreg_fold3_v1.joblib
3,jpeg_q50,pilot_002917,1,0.733886182308197,tiny::GLIDE,,models/v2/clip_lora_fold3_best_v1.pt,models/v2/v2_10b_h2_balanced_logreg_fold3_v1.joblib
3,jpeg_q50,pilot_002925,1,0.3049916923046112,tiny::Wukong,,models/v2/clip_lora_fold3_best_v1.pt,models/v2/v2_10b_h2_balanced_logreg_fold3_v1.joblib
3,jpeg_q50,pilot_002931,1,0.6725371479988098,tiny::GLIDE,,models/v2/clip_lora_fold3_best_v1.pt,models/v2/v2_10b_h2_balanced_logreg_fold3_v1.joblib
3,jpeg_q50,pilot_002939,1,0.35609492659568787,tiny::Wukong,,models/v2/clip_lora_fold3_best_v1.pt,models/v2/v2_10b_h2_balanced_logreg_fold3_v1.joblib
3,jpeg_q50,pilot_002945,1,0.3976454734802246,tiny::GLIDE,,models/v2/clip_lora_fold3_best_v1.pt,models/v2/v2_10b_h2_balanced_logreg_fold3_v1.joblib
3,jpeg_q50,pilot_002953,1,0.6096827387809753,tiny::Wukong,,models/v2/clip_lora_fold3_best_v1.pt,models/v2/v2_10b_h2_balanced_logreg_fold3_v1.joblib
3,jpeg_q50,pilot_002959,1,0.7802494168281555,tiny::GLIDE,,models/v2/clip_lora_fold3_best_v1.pt,models/v2/v2_10b_h2_balanced_logreg_fold3_v1.joblib
3,jpeg_q50,pilot_002967,1,0.7320845127105713,tiny::Wukong,,models/v2/clip_lora_fold3_best_v1.pt,models/v2/v2_10b_h2_balanced_logreg_fold3_v1.joblib
3,jpeg_q50,pilot_002973,1,0.665525496006012,tiny::GLIDE,,models/v2/clip_lora_fold3_best_v1.pt,models/v2/v2_10b_h2_balanced_logreg_fold3_v1.joblib
3,jpeg_q50,pilot_002974,0,0.027626710012555122,real::Tiny-GenImage,Tiny,models/v2/clip_lora_fold3_best_v1.pt,models/v2/v2_10b_h2_balanced_logreg_fold3_v1.joblib
3,jpeg_q50,pilot_002981,1,0.4325753152370453,tiny::Wukong,,models/v2/clip_lora_fold3_best_v1.pt,models/v2/v2_10b_h2_balanced_logreg_fold3_v1.joblib
3,jpeg_q50,pilot_002987,1,0.43922528624534607,tiny::GLIDE,,models/v2/clip_lora_fold3_best_v1.pt,models/v2/v2_10b_h2_balanced_logreg_fold3_v1.joblib
3,jpeg_q50,pilot_002995,1,0.5121777057647705,tiny::Wukong,,models/v2/clip_lora_fold3_best_v1.pt,models/v2/v2_10b_h2_balanced_logreg_fold3_v1.joblib
3,jpeg_q50,pilot_003001,1,0.8868481516838074,tiny::GLIDE,,models/v2/clip_lora_fold3_best_v1.pt,models/v2/v2_10b_h2_balanced_logreg_fold3_v1.joblib
3,jpeg_q50,pilot_003009,1,0.4700312316417694,tiny::Wukong,,models/v2/clip_lora_fold3_best_v1.pt,models/v2/v2_10b_h2_balanced_logreg_fold3_v1.joblib
3,jpeg_q50,pilot_003012,0,0.004770945757627487,real::Tiny-GenImage,Tiny,models/v2/clip_lora_fold3_best_v1.pt,models/v2/v2_10b_h2_balanced_logreg_fold3_v1.joblib
3,jpeg_q50,pilot_003015,1,0.9037427306175232,tiny::GLIDE,,models/v2/clip_lora_fold3_best_v1.pt,models/v2/v2_10b_h2_balanced_logreg_fold3_v1.joblib
3,jpeg_q50,pilot_003018,0,0.025618812069296837,real::Tiny-GenImage,Tiny,models/v2/clip_lora_fold3_best_v1.pt,models/v2/v2_10b_h2_balanced_logreg_fold3_v1.joblib
3,jpeg_q50,pilot_003023,1,0.19142873585224152,tiny::Wukong,,models/v2/clip_lora_fold3_best_v1.pt,models/v2/v2_10b_h2_balanced_logreg_fold3_v1.joblib
3,jpeg_q50,pilot_003029,1,0.5320521593093872,tiny::GLIDE,,models/v2/clip_lora_fold3_best_v1.pt,models/v2/v2_10b_h2_balanced_logreg_fold3_v1.joblib
3,jpeg_q50,pilot_003037,1,0.6320956945419312,tiny::Wukong,,models/v2/clip_lora_fold3_best_v1.pt,models/v2/v2_10b_h2_balanced_logreg_fold3_v1.joblib
3,jpeg_q50,pilot_003043,1,0.7627384066581726,tiny::GLIDE,,models/v2/clip_lora_fold3_best_v1.pt,models/v2/v2_10b_h2_balanced_logreg_fold3_v1.joblib
3,jpeg_q50,pilot_003044,0,0.01615806482732296,real::Tiny-GenImage,Tiny,models/v2/clip_lora_fold3_best_v1.pt,models/v2/v2_10b_h2_balanced_logreg_fold3_v1.joblib
3,jpeg_q50,pilot_003051,1,0.16402612626552582,tiny::Wukong,,models/v2/clip_lora_fold3_best_v1.pt,models/v2/v2_10b_h2_balanced_logreg_fold3_v1.joblib
3,jpeg_q50,pilot_003057,1,0.6242890357971191,tiny::GLIDE,,models/v2/clip_lora_fold3_best_v1.pt,models/v2/v2_10b_h2_balanced_logreg_fold3_v1.joblib
3,jpeg_q50,pilot_003062,0,0.02040673792362213,real::Tiny-GenImage,Tiny,models/v2/clip_lora_fold3_best_v1.pt,models/v2/v2_10b_h2_balanced_logreg_fold3_v1.joblib
3,jpeg_q50,pilot_003065,1,0.21772240102291107,tiny::Wukong,,models/v2/clip_lora_fold3_best_v1.pt,models/v2/v2_10b_h2_balanced_logreg_fold3_v1.joblib
3,jpeg_q50,pilot_003071,1,0.9355210661888123,tiny::GLIDE,,models/v2/clip_lora_fold3_best_v1.pt,models/v2/v2_10b_h2_balanced_logreg_fold3_v1.joblib
3,jpeg_q50,pilot_003079,1,0.2586829960346222,tiny::Wukong,,models/v2/clip_lora_fold3_best_v1.pt,models/v2/v2_10b_h2_balanced_logreg_fold3_v1.joblib
3,jpeg_q50,pilot_003085,1,0.7100699543952942,tiny::GLIDE,,models/v2/clip_lora_fold3_best_v1.pt,models/v2/v2_10b_h2_balanced_logreg_fold3_v1.joblib
3,jpeg_q50,pilot_003092,0,0.006419559475034475,real::Tiny-GenImage,Tiny,models/v2/clip_lora_fold3_best_v1.pt,models/v2/v2_10b_h2_balanced_logreg_fold3_v1.joblib
3,jpeg_q50,pilot_003093,1,0.08545170724391937,tiny::Wukong,,models/v2/clip_lora_fold3_best_v1.pt,models/v2/v2_10b_h2_balanced_logreg_fold3_v1.joblib
3,jpeg_q50,pilot_003099,1,0.4311559498310089,tiny::GLIDE,,models/v2/clip_lora_fold3_best_v1.pt,models/v2/v2_10b_h2_balanced_logreg_fold3_v1.joblib
3,jpeg_q50,pilot_003102,0,0.019319474697113037,real::Tiny-GenImage,Tiny,models/v2/clip_lora_fold3_best_v1.pt,models/v2/v2_10b_h2_balanced_logreg_fold3_v1.joblib
3,jpeg_q50,pilot_003107,1,0.24763844907283783,tiny::Wukong,,models/v2/clip_lora_fold3_best_v1.pt,models/v2/v2_10b_h2_balanced_logreg_fold3_v1.joblib
3,jpeg_q50,pilot_003113,1,0.7113764882087708,tiny::GLIDE,,models/v2/clip_lora_fold3_best_v1.pt,models/v2/v2_10b_h2_balanced_logreg_fold3_v1.joblib
3,jpeg_q50,pilot_003121,1,0.14936411380767822,tiny::Wukong,,models/v2/clip_lora_fold3_best_v1.pt,models/v2/v2_10b_h2_balanced_logreg_fold3_v1.joblib
3,jpeg_q50,pilot_003127,1,0.8077583909034729,tiny::GLIDE,,models/v2/clip_lora_fold3_best_v1.pt,models/v2/v2_10b_h2_balanced_logreg_fold3_v1.joblib
3,jpeg_q50,pilot_003135,1,0.3337574601173401,tiny::Wukong,,models/v2/clip_lora_fold3_best_v1.pt,models/v2/v2_10b_h2_balanced_logreg_fold3_v1.joblib
3,jpeg_q50,pilot_003136,0,0.03217107802629471,real::Tiny-GenImage,Tiny,models/v2/clip_lora_fold3_best_v1.pt,models/v2/v2_10b_h2_balanced_logreg_fold3_v1.joblib
3,jpeg_q50,pilot_003141,1,0.7026906609535217,tiny::GLIDE,,models/v2/clip_lora_fold3_best_v1.pt,models/v2/v2_10b_h2_balanced_logreg_fold3_v1.joblib
3,jpeg_q50,pilot_003149,1,0.23718011379241943,tiny::Wukong,,models/v2/clip_lora_fold3_best_v1.pt,models/v2/v2_10b_h2_balanced_logreg_fold3_v1.joblib
3,jpeg_q50,pilot_003155,1,0.5925079584121704,tiny::GLIDE,,models/v2/clip_lora_fold3_best_v1.pt,models/v2/v2_10b_h2_balanced_logreg_fold3_v1.joblib
3,jpeg_q50,pilot_003156,0,0.004044855013489723,real::Tiny-GenImage,Tiny,models/v2/clip_lora_fold3_best_v1.pt,models/v2/v2_10b_h2_balanced_logreg_fold3_v1.joblib
3,jpeg_q50,pilot_003163,1,0.3101515471935272,tiny::Wukong,,models/v2/clip_lora_fold3_best_v1.pt,models/v2/v2_10b_h2_balanced_logreg_fold3_v1.joblib
3,jpeg_q50,pilot_003168,0,0.018054185435175896,real::Tiny-GenImage,Tiny,models/v2/clip_lora_fold3_best_v1.pt,models/v2/v2_10b_h2_balanced_logreg_fold3_v1.joblib
3,jpeg_q50,pilot_003169,1,0.46044039726257324,tiny::GLIDE,,models/v2/clip_lora_fold3_best_v1.pt,models/v2/v2_10b_h2_balanced_logreg_fold3_v1.joblib
3,jpeg_q50,pilot_003170,0,0.02088923752307892,real::Tiny-GenImage,Tiny,models/v2/clip_lora_fold3_best_v1.pt,models/v2/v2_10b_h2_balanced_logreg_fold3_v1.joblib
3,jpeg_q50,pilot_003177,1,0.7649567127227783,tiny::Wukong,,models/v2/clip_lora_fold3_best_v1.pt,models/v2/v2_10b_h2_balanced_logreg_fold3_v1.joblib
3,jpeg_q50,pilot_003183,1,0.39248478412628174,tiny::GLIDE,,models/v2/clip_lora_fold3_best_v1.pt,models/v2/v2_10b_h2_balanced_logreg_fold3_v1.joblib
3,jpeg_q50,pilot_003190,0,0.019212421029806137,real::Tiny-GenImage,Tiny,models/v2/clip_lora_fold3_best_v1.pt,models/v2/v2_10b_h2_balanced_logreg_fold3_v1.joblib
3,jpeg_q50,pilot_003191,1,0.3810778856277466,tiny::Wukong,,models/v2/clip_lora_fold3_best_v1.pt,models/v2/v2_10b_h2_balanced_logreg_fold3_v1.joblib
3,jpeg_q50,pilot_003192,0,0.05675504356622696,real::Tiny-GenImage,Tiny,models/v2/clip_lora_fold3_best_v1.pt,models/v2/v2_10b_h2_balanced_logreg_fold3_v1.joblib
3,jpeg_q50,pilot_003197,1,0.5956546664237976,tiny::GLIDE,,models/v2/clip_lora_fold3_best_v1.pt,models/v2/v2_10b_h2_balanced_logreg_fold3_v1.joblib
3,jpeg_q50,pilot_003205,1,0.3283080756664276,tiny::Wukong,,models/v2/clip_lora_fold3_best_v1.pt,models/v2/v2_10b_h2_balanced_logreg_fold3_v1.joblib
3,jpeg_q50,pilot_003206,0,0.005311036482453346,real::Tiny-GenImage,Tiny,models/v2/clip_lora_fold3_best_v1.pt,models/v2/v2_10b_h2_balanced_logreg_fold3_v1.joblib
3,jpeg_q50,pilot_003211,1,0.37268707156181335,tiny::GLIDE,,models/v2/clip_lora_fold3_best_v1.pt,models/v2/v2_10b_h2_balanced_logreg_fold3_v1.joblib
3,jpeg_q50,pilot_003218,0,0.055030129849910736,real::Tiny-GenImage,Tiny,models/v2/clip_lora_fold3_best_v1.pt,models/v2/v2_10b_h2_balanced_logreg_fold3_v1.joblib
3,jpeg_q50,pilot_003219,1,0.24422721564769745,tiny::Wukong,,models/v2/clip_lora_fold3_best_v1.pt,models/v2/v2_10b_h2_balanced_logreg_fold3_v1.joblib
3,jpeg_q50,pilot_003225,1,0.818695604801178,tiny::GLIDE,,models/v2/clip_lora_fold3_best_v1.pt,models/v2/v2_10b_h2_balanced_logreg_fold3_v1.joblib
3,jpeg_q50,pilot_003232,0,0.009646699763834476,real::Tiny-GenImage,Tiny,models/v2/clip_lora_fold3_best_v1.pt,models/v2/v2_10b_h2_balanced_logreg_fold3_v1.joblib
3,jpeg_q50,pilot_003233,1,0.23686829209327698,tiny::Wukong,,models/v2/clip_lora_fold3_best_v1.pt,models/v2/v2_10b_h2_balanced_logreg_fold3_v1.joblib
3,jpeg_q50,pilot_003239,1,0.7163230776786804,tiny::GLIDE,,models/v2/clip_lora_fold3_best_v1.pt,models/v2/v2_10b_h2_balanced_logreg_fold3_v1.joblib
3,jpeg_q50,pilot_003247,1,0.11730644106864929,tiny::Wukong,,models/v2/clip_lora_fold3_best_v1.pt,models/v2/v2_10b_h2_balanced_logreg_fold3_v1.joblib
3,jpeg_q50,pilot_003248,0,0.00223967875353992,real::Tiny-GenImage,Tiny,models/v2/clip_lora_fold3_best_v1.pt,models/v2/v2_10b_h2_balanced_logreg_fold3_v1.joblib
3,jpeg_q50,pilot_003253,1,0.7496703267097473,tiny::GLIDE,,models/v2/clip_lora_fold3_best_v1.pt,models/v2/v2_10b_h2_balanced_logreg_fold3_v1.joblib
3,jpeg_q50,pilot_003261,1,0.07224143296480179,tiny::Wukong,,models/v2/clip_lora_fold3_best_v1.pt,models/v2/v2_10b_h2_balanced_logreg_fold3_v1.joblib
3,jpeg_q50,pilot_003266,0,0.0012214332818984985,real::Tiny-GenImage,Tiny,models/v2/clip_lora_fold3_best_v1.pt,models/v2/v2_10b_h2_balanced_logreg_fold3_v1.joblib
3,jpeg_q50,pilot_003267,1,0.3511759638786316,tiny::GLIDE,,models/v2/clip_lora_fold3_best_v1.pt,models/v2/v2_10b_h2_balanced_logreg_fold3_v1.joblib
3,jpeg_q50,pilot_003275,1,0.4097433388233185,tiny::Wukong,,models/v2/clip_lora_fold3_best_v1.pt,models/v2/v2_10b_h2_balanced_logreg_fold3_v1.joblib
3,jpeg_q50,pilot_003280,0,0.042301297187805176,real::Tiny-GenImage,Tiny,models/v2/clip_lora_fold3_best_v1.pt,models/v2/v2_10b_h2_balanced_logreg_fold3_v1.joblib
3,jpeg_q50,pilot_003281,1,0.46285125613212585,tiny::GLIDE,,models/v2/clip_lora_fold3_best_v1.pt,models/v2/v2_10b_h2_balanced_logreg_fold3_v1.joblib
3,jpeg_q50,pilot_003289,1,0.03153149411082268,tiny::Wukong,,models/v2/clip_lora_fold3_best_v1.pt,models/v2/v2_10b_h2_balanced_logreg_fold3_v1.joblib
3,jpeg_q50,pilot_003295,1,0.6301138997077942,tiny::GLIDE,,models/v2/clip_lora_fold3_best_v1.pt,models/v2/v2_10b_h2_balanced_logreg_fold3_v1.joblib
3,jpeg_q50,pilot_003303,1,0.1240684762597084,tiny::Wukong,,models/v2/clip_lora_fold3_best_v1.pt,models/v2/v2_10b_h2_balanced_logreg_fold3_v1.joblib
3,jpeg_q50,pilot_003309,1,0.2805459499359131,tiny::GLIDE,,models/v2/clip_lora_fold3_best_v1.pt,models/v2/v2_10b_h2_balanced_logreg_fold3_v1.joblib
3,jpeg_q50,pilot_003317,1,0.09775517880916595,tiny::Wukong,,models/v2/clip_lora_fold3_best_v1.pt,models/v2/v2_10b_h2_balanced_logreg_fold3_v1.joblib
3,jpeg_q50,pilot_003323,1,0.44492775201797485,tiny::GLIDE,,models/v2/clip_lora_fold3_best_v1.pt,models/v2/v2_10b_h2_balanced_logreg_fold3_v1.joblib
3,jpeg_q50,pilot_003331,1,0.12077676504850388,tiny::Wukong,,models/v2/clip_lora_fold3_best_v1.pt,models/v2/v2_10b_h2_balanced_logreg_fold3_v1.joblib
3,jpeg_q50,pilot_003334,0,0.0013695706147700548,real::Tiny-GenImage,Tiny,models/v2/clip_lora_fold3_best_v1.pt,models/v2/v2_10b_h2_balanced_logreg_fold3_v1.joblib
3,jpeg_q50,pilot_003337,1,0.3493267297744751,tiny::GLIDE,,models/v2/clip_lora_fold3_best_v1.pt,models/v2/v2_10b_h2_balanced_logreg_fold3_v1.joblib
3,jpeg_q50,pilot_003344,0,0.229634627699852,real::Tiny-GenImage,Tiny,models/v2/clip_lora_fold3_best_v1.pt,models/v2/v2_10b_h2_balanced_logreg_fold3_v1.joblib
3,jpeg_q50,pilot_003345,1,0.2683587670326233,tiny::Wukong,,models/v2/clip_lora_fold3_best_v1.pt,models/v2/v2_10b_h2_balanced_logreg_fold3_v1.joblib
3,jpeg_q50,pilot_003351,1,0.3900142014026642,tiny::GLIDE,,models/v2/clip_lora_fold3_best_v1.pt,models/v2/v2_10b_h2_balanced_logreg_fold3_v1.joblib
3,jpeg_q50,pilot_003356,0,0.03663076087832451,real::Tiny-GenImage,Tiny,models/v2/clip_lora_fold3_best_v1.pt,models/v2/v2_10b_h2_balanced_logreg_fold3_v1.joblib
3,jpeg_q50,pilot_003359,1,0.6538643836975098,tiny::Wukong,,models/v2/clip_lora_fold3_best_v1.pt,models/v2/v2_10b_h2_balanced_logreg_fold3_v1.joblib
3,jpeg_q50,pilot_003365,1,0.6660358905792236,tiny::GLIDE,,models/v2/clip_lora_fold3_best_v1.pt,models/v2/v2_10b_h2_balanced_logreg_fold3_v1.joblib
3,jpeg_q50,pilot_003370,0,0.08243211358785629,real::Tiny-GenImage,Tiny,models/v2/clip_lora_fold3_best_v1.pt,models/v2/v2_10b_h2_balanced_logreg_fold3_v1.joblib
3,jpeg_q50,pilot_003373,1,0.27727654576301575,tiny::Wukong,,models/v2/clip_lora_fold3_best_v1.pt,models/v2/v2_10b_h2_balanced_logreg_fold3_v1.joblib
3,jpeg_q50,pilot_003379,1,0.3242601454257965,tiny::GLIDE,,models/v2/clip_lora_fold3_best_v1.pt,models/v2/v2_10b_h2_balanced_logreg_fold3_v1.joblib
3,jpeg_q50,pilot_003386,0,0.0260934978723526,real::Tiny-GenImage,Tiny,models/v2/clip_lora_fold3_best_v1.pt,models/v2/v2_10b_h2_balanced_logreg_fold3_v1.joblib
3,jpeg_q50,pilot_003387,1,0.2903253436088562,tiny::Wukong,,models/v2/clip_lora_fold3_best_v1.pt,models/v2/v2_10b_h2_balanced_logreg_fold3_v1.joblib
3,jpeg_q50,pilot_003390,0,0.3192094564437866,real::Tiny-GenImage,Tiny,models/v2/clip_lora_fold3_best_v1.pt,models/v2/v2_10b_h2_balanced_logreg_fold3_v1.joblib
3,jpeg_q50,pilot_003393,1,0.2160787582397461,tiny::GLIDE,,models/v2/clip_lora_fold3_best_v1.pt,models/v2/v2_10b_h2_balanced_logreg_fold3_v1.joblib
3,jpeg_q50,pilot_003401,1,0.4848947823047638,tiny::Wukong,,models/v2/clip_lora_fold3_best_v1.pt,models/v2/v2_10b_h2_balanced_logreg_fold3_v1.joblib
3,jpeg_q50,pilot_003407,1,0.3781941831111908,tiny::GLIDE,,models/v2/clip_lora_fold3_best_v1.pt,models/v2/v2_10b_h2_balanced_logreg_fold3_v1.joblib
3,jpeg_q50,pilot_003415,1,0.3212457299232483,tiny::Wukong,,models/v2/clip_lora_fold3_best_v1.pt,models/v2/v2_10b_h2_balanced_logreg_fold3_v1.joblib
3,jpeg_q50,pilot_003421,1,0.3665826618671417,tiny::GLIDE,,models/v2/clip_lora_fold3_best_v1.pt,models/v2/v2_10b_h2_balanced_logreg_fold3_v1.joblib
3,jpeg_q50,pilot_003424,0,0.0014589125057682395,real::Tiny-GenImage,Tiny,models/v2/clip_lora_fold3_best_v1.pt,models/v2/v2_10b_h2_balanced_logreg_fold3_v1.joblib
3,jpeg_q50,pilot_003429,1,0.4020961821079254,tiny::Wukong,,models/v2/clip_lora_fold3_best_v1.pt,models/v2/v2_10b_h2_balanced_logreg_fold3_v1.joblib
3,jpeg_q50,pilot_003435,1,0.6281473636627197,tiny::GLIDE,,models/v2/clip_lora_fold3_best_v1.pt,models/v2/v2_10b_h2_balanced_logreg_fold3_v1.joblib
3,jpeg_q50,pilot_003438,0,0.11470858752727509,real::Tiny-GenImage,Tiny,models/v2/clip_lora_fold3_best_v1.pt,models/v2/v2_10b_h2_balanced_logreg_fold3_v1.joblib
3,jpeg_q50,pilot_003443,1,0.08467008173465729,tiny::Wukong,,models/v2/clip_lora_fold3_best_v1.pt,models/v2/v2_10b_h2_balanced_logreg_fold3_v1.joblib
3,jpeg_q50,pilot_003444,0,0.07414749264717102,real::Tiny-GenImage,Tiny,models/v2/clip_lora_fold3_best_v1.pt,models/v2/v2_10b_h2_balanced_logreg_fold3_v1.joblib
3,jpeg_q50,pilot_003446,0,0.020487874746322632,real::Tiny-GenImage,Tiny,models/v2/clip_lora_fold3_best_v1.pt,models/v2/v2_10b_h2_balanced_logreg_fold3_v1.joblib
3,jpeg_q50,pilot_003449,1,0.4995858669281006,tiny::GLIDE,,models/v2/clip_lora_fold3_best_v1.pt,models/v2/v2_10b_h2_balanced_logreg_fold3_v1.joblib
3,jpeg_q50,pilot_003457,1,0.4698506295681,tiny::Wukong,,models/v2/clip_lora_fold3_best_v1.pt,models/v2/v2_10b_h2_balanced_logreg_fold3_v1.joblib
3,jpeg_q50,pilot_003463,1,0.3327098488807678,tiny::GLIDE,,models/v2/clip_lora_fold3_best_v1.pt,models/v2/v2_10b_h2_balanced_logreg_fold3_v1.joblib
3,jpeg_q50,pilot_003464,0,0.18773871660232544,real::Tiny-GenImage,Tiny,models/v2/clip_lora_fold3_best_v1.pt,models/v2/v2_10b_h2_balanced_logreg_fold3_v1.joblib
3,jpeg_q50,pilot_003466,0,0.011399999260902405,real::Tiny-GenImage,Tiny,models/v2/clip_lora_fold3_best_v1.pt,models/v2/v2_10b_h2_balanced_logreg_fold3_v1.joblib
3,jpeg_q50,pilot_003471,1,0.3768925666809082,tiny::Wukong,,models/v2/clip_lora_fold3_best_v1.pt,models/v2/v2_10b_h2_balanced_logreg_fold3_v1.joblib
3,jpeg_q50,pilot_003477,1,0.22333915531635284,tiny::GLIDE,,models/v2/clip_lora_fold3_best_v1.pt,models/v2/v2_10b_h2_balanced_logreg_fold3_v1.joblib
3,jpeg_q50,pilot_003478,0,0.05296146497130394,real::Tiny-GenImage,Tiny,models/v2/clip_lora_fold3_best_v1.pt,models/v2/v2_10b_h2_balanced_logreg_fold3_v1.joblib
3,jpeg_q50,pilot_003485,1,0.094154492020607,tiny::Wukong,,models/v2/clip_lora_fold3_best_v1.pt,models/v2/v2_10b_h2_balanced_logreg_fold3_v1.joblib
3,jpeg_q50,pilot_003491,1,0.5873836874961853,tiny::GLIDE,,models/v2/clip_lora_fold3_best_v1.pt,models/v2/v2_10b_h2_balanced_logreg_fold3_v1.joblib
3,jpeg_q50,pilot_003499,1,0.12528225779533386,tiny::Wukong,,models/v2/clip_lora_fold3_best_v1.pt,models/v2/v2_10b_h2_balanced_logreg_fold3_v1.joblib
3,jpeg_q50,pilot_003505,1,0.4388473629951477,tiny::GLIDE,,models/v2/clip_lora_fold3_best_v1.pt,models/v2/v2_10b_h2_balanced_logreg_fold3_v1.joblib
3,jpeg_q50,pilot_003508,0,0.020535891875624657,real::Tiny-GenImage,Tiny,models/v2/clip_lora_fold3_best_v1.pt,models/v2/v2_10b_h2_balanced_logreg_fold3_v1.joblib
3,jpeg_q50,pilot_003513,1,0.38027748465538025,tiny::Wukong,,models/v2/clip_lora_fold3_best_v1.pt,models/v2/v2_10b_h2_balanced_logreg_fold3_v1.joblib
3,jpeg_q50,pilot_003514,0,0.04846132919192314,real::Tiny-GenImage,Tiny,models/v2/clip_lora_fold3_best_v1.pt,models/v2/v2_10b_h2_balanced_logreg_fold3_v1.joblib
3,jpeg_q50,pilot_003519,1,0.5918070673942566,tiny::GLIDE,,models/v2/clip_lora_fold3_best_v1.pt,models/v2/v2_10b_h2_balanced_logreg_fold3_v1.joblib
3,jpeg_q50,pilot_003526,0,0.02927287109196186,real::Tiny-GenImage,Tiny,models/v2/clip_lora_fold3_best_v1.pt,models/v2/v2_10b_h2_balanced_logreg_fold3_v1.joblib
3,jpeg_q50,pilot_003527,1,0.1445285826921463,tiny::Wukong,,models/v2/clip_lora_fold3_best_v1.pt,models/v2/v2_10b_h2_balanced_logreg_fold3_v1.joblib
3,jpeg_q50,pilot_003530,0,0.007464033551514149,real::Tiny-GenImage,Tiny,models/v2/clip_lora_fold3_best_v1.pt,models/v2/v2_10b_h2_balanced_logreg_fold3_v1.joblib
3,jpeg_q50,pilot_003533,1,0.6552433371543884,tiny::GLIDE,,models/v2/clip_lora_fold3_best_v1.pt,models/v2/v2_10b_h2_balanced_logreg_fold3_v1.joblib
3,jpeg_q50,pilot_003540,0,0.0796227976679802,real::Tiny-GenImage,Tiny,models/v2/clip_lora_fold3_best_v1.pt,models/v2/v2_10b_h2_balanced_logreg_fold3_v1.joblib
3,jpeg_q50,pilot_003541,1,0.09215345978736877,tiny::Wukong,,models/v2/clip_lora_fold3_best_v1.pt,models/v2/v2_10b_h2_balanced_logreg_fold3_v1.joblib
3,jpeg_q50,pilot_003547,1,0.7036144733428955,tiny::GLIDE,,models/v2/clip_lora_fold3_best_v1.pt,models/v2/v2_10b_h2_balanced_logreg_fold3_v1.joblib
3,jpeg_q50,pilot_003555,1,0.3260188102722168,tiny::Wukong,,models/v2/clip_lora_fold3_best_v1.pt,models/v2/v2_10b_h2_balanced_logreg_fold3_v1.joblib
3,jpeg_q50,pilot_003561,1,0.7867282629013062,tiny::GLIDE,,models/v2/clip_lora_fold3_best_v1.pt,models/v2/v2_10b_h2_balanced_logreg_fold3_v1.joblib
3,jpeg_q50,pilot_003564,0,0.08579350262880325,real::Tiny-GenImage,Tiny,models/v2/clip_lora_fold3_best_v1.pt,models/v2/v2_10b_h2_balanced_logreg_fold3_v1.joblib
3,jpeg_q50,pilot_003568,0,0.004499972797930241,real::Tiny-GenImage,Tiny,models/v2/clip_lora_fold3_best_v1.pt,models/v2/v2_10b_h2_balanced_logreg_fold3_v1.joblib
3,jpeg_q50,pilot_003569,1,0.2613484561443329,tiny::Wukong,,models/v2/clip_lora_fold3_best_v1.pt,models/v2/v2_10b_h2_balanced_logreg_fold3_v1.joblib
3,jpeg_q50,pilot_003574,0,0.006177396513521671,real::Tiny-GenImage,Tiny,models/v2/clip_lora_fold3_best_v1.pt,models/v2/v2_10b_h2_balanced_logreg_fold3_v1.joblib
3,jpeg_q50,pilot_003575,1,0.9600671529769897,tiny::GLIDE,,models/v2/clip_lora_fold3_best_v1.pt,models/v2/v2_10b_h2_balanced_logreg_fold3_v1.joblib
3,jpeg_q50,pilot_003578,0,0.0035668432246893644,real::Tiny-GenImage,Tiny,models/v2/clip_lora_fold3_best_v1.pt,models/v2/v2_10b_h2_balanced_logreg_fold3_v1.joblib
3,jpeg_q50,pilot_003583,1,0.2062152773141861,tiny::Wukong,,models/v2/clip_lora_fold3_best_v1.pt,models/v2/v2_10b_h2_balanced_logreg_fold3_v1.joblib
3,jpeg_q50,pilot_003584,0,0.27351054549217224,real::Tiny-GenImage,Tiny,models/v2/clip_lora_fold3_best_v1.pt,models/v2/v2_10b_h2_balanced_logreg_fold3_v1.joblib
3,jpeg_q50,pilot_003589,1,0.5234078168869019,tiny::GLIDE,,models/v2/clip_lora_fold3_best_v1.pt,models/v2/v2_10b_h2_balanced_logreg_fold3_v1.joblib
3,jpeg_q50,pilot_003597,1,0.3787519037723541,tiny::Wukong,,models/v2/clip_lora_fold3_best_v1.pt,models/v2/v2_10b_h2_balanced_logreg_fold3_v1.joblib
3,jpeg_q50,pilot_003600,0,0.007919375784695148,real::Tiny-GenImage,Tiny,models/v2/clip_lora_fold3_best_v1.pt,models/v2/v2_10b_h2_balanced_logreg_fold3_v1.joblib
3,jpeg_q50,pilot_003603,1,0.9107482433319092,tiny::GLIDE,,models/v2/clip_lora_fold3_best_v1.pt,models/v2/v2_10b_h2_balanced_logreg_fold3_v1.joblib
3,jpeg_q50,pilot_003606,0,0.18025173246860504,real::Tiny-GenImage,Tiny,models/v2/clip_lora_fold3_best_v1.pt,models/v2/v2_10b_h2_balanced_logreg_fold3_v1.joblib
3,jpeg_q50,pilot_003611,1,0.13461972773075104,tiny::Wukong,,models/v2/clip_lora_fold3_best_v1.pt,models/v2/v2_10b_h2_balanced_logreg_fold3_v1.joblib
3,jpeg_q50,pilot_003617,1,0.48709896206855774,tiny::GLIDE,,models/v2/clip_lora_fold3_best_v1.pt,models/v2/v2_10b_h2_balanced_logreg_fold3_v1.joblib
3,jpeg_q50,pilot_003620,0,0.023260680958628654,real::Tiny-GenImage,Tiny,models/v2/clip_lora_fold3_best_v1.pt,models/v2/v2_10b_h2_balanced_logreg_fold3_v1.joblib
3,jpeg_q50,pilot_003622,0,0.020881107077002525,real::Tiny-GenImage,Tiny,models/v2/clip_lora_fold3_best_v1.pt,models/v2/v2_10b_h2_balanced_logreg_fold3_v1.joblib
3,jpeg_q50,pilot_003625,1,0.33729198575019836,tiny::Wukong,,models/v2/clip_lora_fold3_best_v1.pt,models/v2/v2_10b_h2_balanced_logreg_fold3_v1.joblib
3,jpeg_q50,pilot_003631,1,0.6319472789764404,tiny::GLIDE,,models/v2/clip_lora_fold3_best_v1.pt,models/v2/v2_10b_h2_balanced_logreg_fold3_v1.joblib
3,jpeg_q50,pilot_003634,0,0.01997487060725689,real::Tiny-GenImage,Tiny,models/v2/clip_lora_fold3_best_v1.pt,models/v2/v2_10b_h2_balanced_logreg_fold3_v1.joblib
3,jpeg_q50,pilot_003639,1,0.24970866739749908,tiny::Wukong,,models/v2/clip_lora_fold3_best_v1.pt,models/v2/v2_10b_h2_balanced_logreg_fold3_v1.joblib
3,jpeg_q50,pilot_003645,1,0.6492234468460083,tiny::GLIDE,,models/v2/clip_lora_fold3_best_v1.pt,models/v2/v2_10b_h2_balanced_logreg_fold3_v1.joblib
3,jpeg_q50,pilot_003650,0,0.01492780540138483,real::Tiny-GenImage,Tiny,models/v2/clip_lora_fold3_best_v1.pt,models/v2/v2_10b_h2_balanced_logreg_fold3_v1.joblib
3,jpeg_q50,pilot_003652,0,0.008893133141100407,real::Tiny-GenImage,Tiny,models/v2/clip_lora_fold3_best_v1.pt,models/v2/v2_10b_h2_balanced_logreg_fold3_v1.joblib
3,jpeg_q50,pilot_003653,1,0.15510709583759308,tiny::Wukong,,models/v2/clip_lora_fold3_best_v1.pt,models/v2/v2_10b_h2_balanced_logreg_fold3_v1.joblib
3,jpeg_q50,pilot_003659,1,0.1436554342508316,tiny::GLIDE,,models/v2/clip_lora_fold3_best_v1.pt,models/v2/v2_10b_h2_balanced_logreg_fold3_v1.joblib
3,jpeg_q50,pilot_003662,0,0.014871366322040558,real::Tiny-GenImage,Tiny,models/v2/clip_lora_fold3_best_v1.pt,models/v2/v2_10b_h2_balanced_logreg_fold3_v1.joblib
3,jpeg_q50,pilot_003667,1,0.23136642575263977,tiny::Wukong,,models/v2/clip_lora_fold3_best_v1.pt,models/v2/v2_10b_h2_balanced_logreg_fold3_v1.joblib
3,jpeg_q50,pilot_003672,0,0.058482538908720016,real::Tiny-GenImage,Tiny,models/v2/clip_lora_fold3_best_v1.pt,models/v2/v2_10b_h2_balanced_logreg_fold3_v1.joblib
3,jpeg_q50,pilot_003673,1,0.6071164608001709,tiny::GLIDE,,models/v2/clip_lora_fold3_best_v1.pt,models/v2/v2_10b_h2_balanced_logreg_fold3_v1.joblib
3,jpeg_q50,pilot_003681,1,0.12587815523147583,tiny::Wukong,,models/v2/clip_lora_fold3_best_v1.pt,models/v2/v2_10b_h2_balanced_logreg_fold3_v1.joblib
3,jpeg_q50,pilot_003682,0,0.0024657652247697115,real::Tiny-GenImage,Tiny,models/v2/clip_lora_fold3_best_v1.pt,models/v2/v2_10b_h2_balanced_logreg_fold3_v1.joblib
3,jpeg_q50,pilot_003687,1,0.7102489471435547,tiny::GLIDE,,models/v2/clip_lora_fold3_best_v1.pt,models/v2/v2_10b_h2_balanced_logreg_fold3_v1.joblib
3,jpeg_q50,pilot_003695,1,0.5180001854896545,tiny::Wukong,,models/v2/clip_lora_fold3_best_v1.pt,models/v2/v2_10b_h2_balanced_logreg_fold3_v1.joblib
3,jpeg_q50,pilot_003700,0,0.05007365718483925,real::Tiny-GenImage,Tiny,models/v2/clip_lora_fold3_best_v1.pt,models/v2/v2_10b_h2_balanced_logreg_fold3_v1.joblib
3,jpeg_q50,pilot_003701,1,0.8333513736724854,tiny::GLIDE,,models/v2/clip_lora_fold3_best_v1.pt,models/v2/v2_10b_h2_balanced_logreg_fold3_v1.joblib
3,jpeg_q50,pilot_003702,0,0.25672775506973267,real::Tiny-GenImage,Tiny,models/v2/clip_lora_fold3_best_v1.pt,models/v2/v2_10b_h2_balanced_logreg_fold3_v1.joblib
3,jpeg_q50,pilot_003708,0,0.006567555479705334,real::Tiny-GenImage,Tiny,models/v2/clip_lora_fold3_best_v1.pt,models/v2/v2_10b_h2_balanced_logreg_fold3_v1.joblib
3,jpeg_q50,pilot_003709,1,0.12840422987937927,tiny::Wukong,,models/v2/clip_lora_fold3_best_v1.pt,models/v2/v2_10b_h2_balanced_logreg_fold3_v1.joblib
3,jpeg_q50,pilot_003715,1,0.8930523991584778,tiny::GLIDE,,models/v2/clip_lora_fold3_best_v1.pt,models/v2/v2_10b_h2_balanced_logreg_fold3_v1.joblib
3,jpeg_q50,pilot_003723,1,0.22839976847171783,tiny::Wukong,,models/v2/clip_lora_fold3_best_v1.pt,models/v2/v2_10b_h2_balanced_logreg_fold3_v1.joblib
3,jpeg_q50,pilot_003728,0,0.0059126270934939384,real::Tiny-GenImage,Tiny,models/v2/clip_lora_fold3_best_v1.pt,models/v2/v2_10b_h2_balanced_logreg_fold3_v1.joblib
3,jpeg_q50,pilot_003729,1,0.765179455280304,tiny::GLIDE,,models/v2/clip_lora_fold3_best_v1.pt,models/v2/v2_10b_h2_balanced_logreg_fold3_v1.joblib
3,jpeg_q50,pilot_003732,0,0.0056900326162576675,real::Tiny-GenImage,Tiny,models/v2/clip_lora_fold3_best_v1.pt,models/v2/v2_10b_h2_balanced_logreg_fold3_v1.joblib
3,jpeg_q50,pilot_003737,1,0.16613341867923737,tiny::Wukong,,models/v2/clip_lora_fold3_best_v1.pt,models/v2/v2_10b_h2_balanced_logreg_fold3_v1.joblib
3,jpeg_q50,pilot_003743,1,0.7256094813346863,tiny::GLIDE,,models/v2/clip_lora_fold3_best_v1.pt,models/v2/v2_10b_h2_balanced_logreg_fold3_v1.joblib
3,jpeg_q50,pilot_003751,1,0.46205538511276245,tiny::Wukong,,models/v2/clip_lora_fold3_best_v1.pt,models/v2/v2_10b_h2_balanced_logreg_fold3_v1.joblib
3,jpeg_q50,pilot_003757,1,0.45895907282829285,tiny::GLIDE,,models/v2/clip_lora_fold3_best_v1.pt,models/v2/v2_10b_h2_balanced_logreg_fold3_v1.joblib
3,jpeg_q50,pilot_003765,1,0.2845434248447418,tiny::Wukong,,models/v2/clip_lora_fold3_best_v1.pt,models/v2/v2_10b_h2_balanced_logreg_fold3_v1.joblib
3,jpeg_q50,pilot_003771,1,0.8377701640129089,tiny::GLIDE,,models/v2/clip_lora_fold3_best_v1.pt,models/v2/v2_10b_h2_balanced_logreg_fold3_v1.joblib
3,jpeg_q50,pilot_003779,1,0.033410269767045975,tiny::Wukong,,models/v2/clip_lora_fold3_best_v1.pt,models/v2/v2_10b_h2_balanced_logreg_fold3_v1.joblib
3,jpeg_q50,pilot_003784,0,0.3070375621318817,real::Tiny-GenImage,Tiny,models/v2/clip_lora_fold3_best_v1.pt,models/v2/v2_10b_h2_balanced_logreg_fold3_v1.joblib
3,jpeg_q50,pilot_003785,1,0.8778401613235474,tiny::GLIDE,,models/v2/clip_lora_fold3_best_v1.pt,models/v2/v2_10b_h2_balanced_logreg_fold3_v1.joblib
3,jpeg_q50,pilot_003786,0,0.014764778316020966,real::Tiny-GenImage,Tiny,models/v2/clip_lora_fold3_best_v1.pt,models/v2/v2_10b_h2_balanced_logreg_fold3_v1.joblib
3,jpeg_q50,pilot_003793,1,0.5398643612861633,tiny::Wukong,,models/v2/clip_lora_fold3_best_v1.pt,models/v2/v2_10b_h2_balanced_logreg_fold3_v1.joblib
3,jpeg_q50,pilot_003799,1,0.920181155204773,tiny::GLIDE,,models/v2/clip_lora_fold3_best_v1.pt,models/v2/v2_10b_h2_balanced_logreg_fold3_v1.joblib
3,jpeg_q50,pilot_003807,1,0.4915960133075714,tiny::Wukong,,models/v2/clip_lora_fold3_best_v1.pt,models/v2/v2_10b_h2_balanced_logreg_fold3_v1.joblib
3,jpeg_q50,pilot_003813,1,0.8816037774085999,tiny::GLIDE,,models/v2/clip_lora_fold3_best_v1.pt,models/v2/v2_10b_h2_balanced_logreg_fold3_v1.joblib
3,jpeg_q50,pilot_003821,1,0.46463948488235474,tiny::Wukong,,models/v2/clip_lora_fold3_best_v1.pt,models/v2/v2_10b_h2_balanced_logreg_fold3_v1.joblib
3,jpeg_q50,pilot_003827,1,0.620347797870636,tiny::GLIDE,,models/v2/clip_lora_fold3_best_v1.pt,models/v2/v2_10b_h2_balanced_logreg_fold3_v1.joblib
3,jpeg_q50,pilot_003835,1,0.47450345754623413,tiny::Wukong,,models/v2/clip_lora_fold3_best_v1.pt,models/v2/v2_10b_h2_balanced_logreg_fold3_v1.joblib
3,jpeg_q50,pilot_003836,0,0.012345905415713787,real::Tiny-GenImage,Tiny,models/v2/clip_lora_fold3_best_v1.pt,models/v2/v2_10b_h2_balanced_logreg_fold3_v1.joblib
3,jpeg_q50,pilot_003841,1,0.8278325796127319,tiny::GLIDE,,models/v2/clip_lora_fold3_best_v1.pt,models/v2/v2_10b_h2_balanced_logreg_fold3_v1.joblib
3,jpeg_q50,pilot_003849,1,0.1592254787683487,tiny::Wukong,,models/v2/clip_lora_fold3_best_v1.pt,models/v2/v2_10b_h2_balanced_logreg_fold3_v1.joblib
3,jpeg_q50,pilot_003855,1,0.5405089855194092,tiny::GLIDE,,models/v2/clip_lora_fold3_best_v1.pt,models/v2/v2_10b_h2_balanced_logreg_fold3_v1.joblib
3,jpeg_q50,pilot_003858,0,0.09903377294540405,real::Tiny-GenImage,Tiny,models/v2/clip_lora_fold3_best_v1.pt,models/v2/v2_10b_h2_balanced_logreg_fold3_v1.joblib
3,jpeg_q50,pilot_003863,1,0.6000000238418579,tiny::Wukong,,models/v2/clip_lora_fold3_best_v1.pt,models/v2/v2_10b_h2_balanced_logreg_fold3_v1.joblib
3,jpeg_q50,pilot_003869,1,0.8985047936439514,tiny::GLIDE,,models/v2/clip_lora_fold3_best_v1.pt,models/v2/v2_10b_h2_balanced_logreg_fold3_v1.joblib
3,jpeg_q50,pilot_003874,0,0.02704188972711563,real::Tiny-GenImage,Tiny,models/v2/clip_lora_fold3_best_v1.pt,models/v2/v2_10b_h2_balanced_logreg_fold3_v1.joblib
3,jpeg_q50,pilot_003877,1,0.5816028714179993,tiny::Wukong,,models/v2/clip_lora_fold3_best_v1.pt,models/v2/v2_10b_h2_balanced_logreg_fold3_v1.joblib
3,jpeg_q50,pilot_003883,1,0.7647538781166077,tiny::GLIDE,,models/v2/clip_lora_fold3_best_v1.pt,models/v2/v2_10b_h2_balanced_logreg_fold3_v1.joblib
3,jpeg_q50,pilot_003886,0,0.019123101606965065,real::Tiny-GenImage,Tiny,models/v2/clip_lora_fold3_best_v1.pt,models/v2/v2_10b_h2_balanced_logreg_fold3_v1.joblib
3,jpeg_q50,pilot_003888,0,0.13337624073028564,real::Tiny-GenImage,Tiny,models/v2/clip_lora_fold3_best_v1.pt,models/v2/v2_10b_h2_balanced_logreg_fold3_v1.joblib
3,jpeg_q50,pilot_003891,1,0.6672588586807251,tiny::Wukong,,models/v2/clip_lora_fold3_best_v1.pt,models/v2/v2_10b_h2_balanced_logreg_fold3_v1.joblib
3,jpeg_q50,pilot_003897,1,0.8300493955612183,tiny::GLIDE,,models/v2/clip_lora_fold3_best_v1.pt,models/v2/v2_10b_h2_balanced_logreg_fold3_v1.joblib
3,jpeg_q50,pilot_003902,0,0.1050175130367279,real::Tiny-GenImage,Tiny,models/v2/clip_lora_fold3_best_v1.pt,models/v2/v2_10b_h2_balanced_logreg_fold3_v1.joblib
3,jpeg_q50,pilot_003905,1,0.8473026752471924,tiny::Wukong,,models/v2/clip_lora_fold3_best_v1.pt,models/v2/v2_10b_h2_balanced_logreg_fold3_v1.joblib
3,jpeg_q50,pilot_003911,1,0.812056303024292,tiny::GLIDE,,models/v2/clip_lora_fold3_best_v1.pt,models/v2/v2_10b_h2_balanced_logreg_fold3_v1.joblib
3,jpeg_q50,pilot_003916,0,0.007323138881474733,real::Tiny-GenImage,Tiny,models/v2/clip_lora_fold3_best_v1.pt,models/v2/v2_10b_h2_balanced_logreg_fold3_v1.joblib
3,jpeg_q50,pilot_003918,0,0.004781816620379686,real::Tiny-GenImage,Tiny,models/v2/clip_lora_fold3_best_v1.pt,models/v2/v2_10b_h2_balanced_logreg_fold3_v1.joblib
3,jpeg_q50,pilot_003919,1,0.3102993667125702,tiny::Wukong,,models/v2/clip_lora_fold3_best_v1.pt,models/v2/v2_10b_h2_balanced_logreg_fold3_v1.joblib
3,jpeg_q50,pilot_003925,1,0.4294389486312866,tiny::GLIDE,,models/v2/clip_lora_fold3_best_v1.pt,models/v2/v2_10b_h2_balanced_logreg_fold3_v1.joblib
3,jpeg_q50,pilot_003932,0,0.0065927691757678986,real::Tiny-GenImage,Tiny,models/v2/clip_lora_fold3_best_v1.pt,models/v2/v2_10b_h2_balanced_logreg_fold3_v1.joblib
3,jpeg_q50,pilot_003933,1,0.1373172551393509,tiny::Wukong,,models/v2/clip_lora_fold3_best_v1.pt,models/v2/v2_10b_h2_balanced_logreg_fold3_v1.joblib
3,jpeg_q50,pilot_003939,1,0.7425686120986938,tiny::GLIDE,,models/v2/clip_lora_fold3_best_v1.pt,models/v2/v2_10b_h2_balanced_logreg_fold3_v1.joblib
3,jpeg_q50,pilot_003946,0,0.004232990089803934,real::Tiny-GenImage,Tiny,models/v2/clip_lora_fold3_best_v1.pt,models/v2/v2_10b_h2_balanced_logreg_fold3_v1.joblib
3,jpeg_q50,pilot_003947,1,0.7766115069389343,tiny::Wukong,,models/v2/clip_lora_fold3_best_v1.pt,models/v2/v2_10b_h2_balanced_logreg_fold3_v1.joblib
3,jpeg_q50,pilot_003953,1,0.1459013968706131,tiny::GLIDE,,models/v2/clip_lora_fold3_best_v1.pt,models/v2/v2_10b_h2_balanced_logreg_fold3_v1.joblib
3,jpeg_q50,pilot_003960,0,0.0019045214867219329,real::Tiny-GenImage,Tiny,models/v2/clip_lora_fold3_best_v1.pt,models/v2/v2_10b_h2_balanced_logreg_fold3_v1.joblib
3,jpeg_q50,pilot_003961,1,0.8005008697509766,tiny::Wukong,,models/v2/clip_lora_fold3_best_v1.pt,models/v2/v2_10b_h2_balanced_logreg_fold3_v1.joblib
3,jpeg_q50,pilot_003964,0,0.008704922161996365,real::Tiny-GenImage,Tiny,models/v2/clip_lora_fold3_best_v1.pt,models/v2/v2_10b_h2_balanced_logreg_fold3_v1.joblib
3,jpeg_q50,pilot_003967,1,0.5006985664367676,tiny::GLIDE,,models/v2/clip_lora_fold3_best_v1.pt,models/v2/v2_10b_h2_balanced_logreg_fold3_v1.joblib
3,jpeg_q50,pilot_003975,1,0.37598705291748047,tiny::Wukong,,models/v2/clip_lora_fold3_best_v1.pt,models/v2/v2_10b_h2_balanced_logreg_fold3_v1.joblib
3,jpeg_q50,pilot_003980,0,0.09195750206708908,real::Tiny-GenImage,Tiny,models/v2/clip_lora_fold3_best_v1.pt,models/v2/v2_10b_h2_balanced_logreg_fold3_v1.joblib
3,jpeg_q50,pilot_003981,1,0.5217873454093933,tiny::GLIDE,,models/v2/clip_lora_fold3_best_v1.pt,models/v2/v2_10b_h2_balanced_logreg_fold3_v1.joblib
3,jpeg_q50,pilot_003988,0,0.1739223301410675,real::Tiny-GenImage,Tiny,models/v2/clip_lora_fold3_best_v1.pt,models/v2/v2_10b_h2_balanced_logreg_fold3_v1.joblib
3,jpeg_q50,pilot_003989,1,0.5002442002296448,tiny::Wukong,,models/v2/clip_lora_fold3_best_v1.pt,models/v2/v2_10b_h2_balanced_logreg_fold3_v1.joblib
3,jpeg_q50,pilot_003992,0,0.12073033303022385,real::Tiny-GenImage,Tiny,models/v2/clip_lora_fold3_best_v1.pt,models/v2/v2_10b_h2_balanced_logreg_fold3_v1.joblib
3,jpeg_q50,pilot_003995,1,0.8372172713279724,tiny::GLIDE,,models/v2/clip_lora_fold3_best_v1.pt,models/v2/v2_10b_h2_balanced_logreg_fold3_v1.joblib
3,jpeg_q50,MLLM_HYB_real_106,0,0.4301791191101074,real::MLLM,MLLM,models/v2/clip_lora_fold3_best_v1.pt,models/v2/v2_10b_h2_balanced_logreg_fold3_v1.joblib
3,jpeg_q50,MLLM_HYB_real_108,0,0.594303548336029,real::MLLM,MLLM,models/v2/clip_lora_fold3_best_v1.pt,models/v2/v2_10b_h2_balanced_logreg_fold3_v1.joblib
3,jpeg_q50,MLLM_HYB_real_11,0,0.014318997040390968,real::MLLM,MLLM,models/v2/clip_lora_fold3_best_v1.pt,models/v2/v2_10b_h2_balanced_logreg_fold3_v1.joblib
3,jpeg_q50,MLLM_HYB_real_111,0,0.6356559991836548,real::MLLM,MLLM,models/v2/clip_lora_fold3_best_v1.pt,models/v2/v2_10b_h2_balanced_logreg_fold3_v1.joblib
3,jpeg_q50,MLLM_HYB_real_120,0,0.46862149238586426,real::MLLM,MLLM,models/v2/clip_lora_fold3_best_v1.pt,models/v2/v2_10b_h2_balanced_logreg_fold3_v1.joblib
3,jpeg_q50,MLLM_HYB_real_123,0,0.7319853901863098,real::MLLM,MLLM,models/v2/clip_lora_fold3_best_v1.pt,models/v2/v2_10b_h2_balanced_logreg_fold3_v1.joblib
3,jpeg_q50,MLLM_HYB_real_129,0,0.2773594856262207,real::MLLM,MLLM,models/v2/clip_lora_fold3_best_v1.pt,models/v2/v2_10b_h2_balanced_logreg_fold3_v1.joblib
3,jpeg_q50,MLLM_HYB_real_137,0,0.44583356380462646,real::MLLM,MLLM,models/v2/clip_lora_fold3_best_v1.pt,models/v2/v2_10b_h2_balanced_logreg_fold3_v1.joblib
3,jpeg_q50,MLLM_HYB_real_139,0,0.4712062478065491,real::MLLM,MLLM,models/v2/clip_lora_fold3_best_v1.pt,models/v2/v2_10b_h2_balanced_logreg_fold3_v1.joblib
3,jpeg_q50,MLLM_HYB_real_147,0,0.5002815127372742,real::MLLM,MLLM,models/v2/clip_lora_fold3_best_v1.pt,models/v2/v2_10b_h2_balanced_logreg_fold3_v1.joblib
3,jpeg_q50,MLLM_HYB_real_149,0,0.6043248772621155,real::MLLM,MLLM,models/v2/clip_lora_fold3_best_v1.pt,models/v2/v2_10b_h2_balanced_logreg_fold3_v1.joblib
3,jpeg_q50,MLLM_HYB_real_151,0,0.09418516606092453,real::MLLM,MLLM,models/v2/clip_lora_fold3_best_v1.pt,models/v2/v2_10b_h2_balanced_logreg_fold3_v1.joblib
3,jpeg_q50,MLLM_HYB_real_159,0,0.4000867009162903,real::MLLM,MLLM,models/v2/clip_lora_fold3_best_v1.pt,models/v2/v2_10b_h2_balanced_logreg_fold3_v1.joblib
3,jpeg_q50,MLLM_HYB_real_161,0,0.22436462342739105,real::MLLM,MLLM,models/v2/clip_lora_fold3_best_v1.pt,models/v2/v2_10b_h2_balanced_logreg_fold3_v1.joblib
3,jpeg_q50,MLLM_HYB_real_17,0,0.2903409004211426,real::MLLM,MLLM,models/v2/clip_lora_fold3_best_v1.pt,models/v2/v2_10b_h2_balanced_logreg_fold3_v1.joblib
3,jpeg_q50,MLLM_HYB_real_175,0,0.39288341999053955,real::MLLM,MLLM,models/v2/clip_lora_fold3_best_v1.pt,models/v2/v2_10b_h2_balanced_logreg_fold3_v1.joblib
3,jpeg_q50,MLLM_HYB_real_184,0,0.0596267506480217,real::MLLM,MLLM,models/v2/clip_lora_fold3_best_v1.pt,models/v2/v2_10b_h2_balanced_logreg_fold3_v1.joblib
3,jpeg_q50,MLLM_HYB_real_189,0,0.03930208086967468,real::MLLM,MLLM,models/v2/clip_lora_fold3_best_v1.pt,models/v2/v2_10b_h2_balanced_logreg_fold3_v1.joblib
3,jpeg_q50,MLLM_HYB_real_19,0,0.6907325983047485,real::MLLM,MLLM,models/v2/clip_lora_fold3_best_v1.pt,models/v2/v2_10b_h2_balanced_logreg_fold3_v1.joblib
3,jpeg_q50,MLLM_HYB_real_195,0,0.288622111082077,real::MLLM,MLLM,models/v2/clip_lora_fold3_best_v1.pt,models/v2/v2_10b_h2_balanced_logreg_fold3_v1.joblib
3,jpeg_q50,MLLM_HYB_real_24,0,0.2303164303302765,real::MLLM,MLLM,models/v2/clip_lora_fold3_best_v1.pt,models/v2/v2_10b_h2_balanced_logreg_fold3_v1.joblib
3,jpeg_q50,MLLM_HYB_real_28,0,0.06484189629554749,real::MLLM,MLLM,models/v2/clip_lora_fold3_best_v1.pt,models/v2/v2_10b_h2_balanced_logreg_fold3_v1.joblib
3,jpeg_q50,MLLM_HYB_real_31,0,0.5722300410270691,real::MLLM,MLLM,models/v2/clip_lora_fold3_best_v1.pt,models/v2/v2_10b_h2_balanced_logreg_fold3_v1.joblib
3,jpeg_q50,MLLM_HYB_real_33,0,0.7769058346748352,real::MLLM,MLLM,models/v2/clip_lora_fold3_best_v1.pt,models/v2/v2_10b_h2_balanced_logreg_fold3_v1.joblib
3,jpeg_q50,MLLM_HYB_real_38,0,0.3694241940975189,real::MLLM,MLLM,models/v2/clip_lora_fold3_best_v1.pt,models/v2/v2_10b_h2_balanced_logreg_fold3_v1.joblib
3,jpeg_q50,MLLM_HYB_real_43,0,0.061520516872406006,real::MLLM,MLLM,models/v2/clip_lora_fold3_best_v1.pt,models/v2/v2_10b_h2_balanced_logreg_fold3_v1.joblib
3,jpeg_q50,MLLM_HYB_real_55,0,0.061336927115917206,real::MLLM,MLLM,models/v2/clip_lora_fold3_best_v1.pt,models/v2/v2_10b_h2_balanced_logreg_fold3_v1.joblib
3,jpeg_q50,MLLM_HYB_real_60,0,0.4677961766719818,real::MLLM,MLLM,models/v2/clip_lora_fold3_best_v1.pt,models/v2/v2_10b_h2_balanced_logreg_fold3_v1.joblib
3,jpeg_q50,MLLM_HYB_real_82,0,0.41587892174720764,real::MLLM,MLLM,models/v2/clip_lora_fold3_best_v1.pt,models/v2/v2_10b_h2_balanced_logreg_fold3_v1.joblib
3,jpeg_q50,MLLM_HYB_real_83,0,0.32585757970809937,real::MLLM,MLLM,models/v2/clip_lora_fold3_best_v1.pt,models/v2/v2_10b_h2_balanced_logreg_fold3_v1.joblib
3,jpeg_q50,MLLM_HYB_real_89,0,0.23319080471992493,real::MLLM,MLLM,models/v2/clip_lora_fold3_best_v1.pt,models/v2/v2_10b_h2_balanced_logreg_fold3_v1.joblib
3,jpeg_q50,MLLM_STR_real_1,0,0.00430454732850194,real::MLLM,MLLM,models/v2/clip_lora_fold3_best_v1.pt,models/v2/v2_10b_h2_balanced_logreg_fold3_v1.joblib
3,jpeg_q50,MLLM_STR_real_100,0,0.025758977979421616,real::MLLM,MLLM,models/v2/clip_lora_fold3_best_v1.pt,models/v2/v2_10b_h2_balanced_logreg_fold3_v1.joblib
3,jpeg_q50,MLLM_STR_real_115,0,0.009767573326826096,real::MLLM,MLLM,models/v2/clip_lora_fold3_best_v1.pt,models/v2/v2_10b_h2_balanced_logreg_fold3_v1.joblib
3,jpeg_q50,MLLM_STR_real_121,0,0.0008359894854947925,real::MLLM,MLLM,models/v2/clip_lora_fold3_best_v1.pt,models/v2/v2_10b_h2_balanced_logreg_fold3_v1.joblib
3,jpeg_q50,MLLM_STR_real_123,0,0.014749838039278984,real::MLLM,MLLM,models/v2/clip_lora_fold3_best_v1.pt,models/v2/v2_10b_h2_balanced_logreg_fold3_v1.joblib
3,jpeg_q50,MLLM_STR_real_137,0,0.04881517216563225,real::MLLM,MLLM,models/v2/clip_lora_fold3_best_v1.pt,models/v2/v2_10b_h2_balanced_logreg_fold3_v1.joblib
3,jpeg_q50,MLLM_STR_real_139,0,0.010332574136555195,real::MLLM,MLLM,models/v2/clip_lora_fold3_best_v1.pt,models/v2/v2_10b_h2_balanced_logreg_fold3_v1.joblib
3,jpeg_q50,MLLM_STR_real_140,0,0.0065232934430241585,real::MLLM,MLLM,models/v2/clip_lora_fold3_best_v1.pt,models/v2/v2_10b_h2_balanced_logreg_fold3_v1.joblib
3,jpeg_q50,MLLM_STR_real_144,0,0.0020669400691986084,real::MLLM,MLLM,models/v2/clip_lora_fold3_best_v1.pt,models/v2/v2_10b_h2_balanced_logreg_fold3_v1.joblib
3,jpeg_q50,MLLM_STR_real_153,0,0.0012358862441033125,real::MLLM,MLLM,models/v2/clip_lora_fold3_best_v1.pt,models/v2/v2_10b_h2_balanced_logreg_fold3_v1.joblib
3,jpeg_q50,MLLM_STR_real_154,0,0.021686511114239693,real::MLLM,MLLM,models/v2/clip_lora_fold3_best_v1.pt,models/v2/v2_10b_h2_balanced_logreg_fold3_v1.joblib
3,jpeg_q50,MLLM_STR_real_157,0,0.006593390367925167,real::MLLM,MLLM,models/v2/clip_lora_fold3_best_v1.pt,models/v2/v2_10b_h2_balanced_logreg_fold3_v1.joblib
3,jpeg_q50,MLLM_STR_real_159,0,0.04349523410201073,real::MLLM,MLLM,models/v2/clip_lora_fold3_best_v1.pt,models/v2/v2_10b_h2_balanced_logreg_fold3_v1.joblib
3,jpeg_q50,MLLM_STR_real_162,0,0.02075486071407795,real::MLLM,MLLM,models/v2/clip_lora_fold3_best_v1.pt,models/v2/v2_10b_h2_balanced_logreg_fold3_v1.joblib
3,jpeg_q50,MLLM_STR_real_163,0,0.1610167771577835,real::MLLM,MLLM,models/v2/clip_lora_fold3_best_v1.pt,models/v2/v2_10b_h2_balanced_logreg_fold3_v1.joblib
3,jpeg_q50,MLLM_STR_real_165,0,0.05855730175971985,real::MLLM,MLLM,models/v2/clip_lora_fold3_best_v1.pt,models/v2/v2_10b_h2_balanced_logreg_fold3_v1.joblib
3,jpeg_q50,MLLM_STR_real_168,0,0.18647058308124542,real::MLLM,MLLM,models/v2/clip_lora_fold3_best_v1.pt,models/v2/v2_10b_h2_balanced_logreg_fold3_v1.joblib
3,jpeg_q50,MLLM_STR_real_170,0,0.0669972151517868,real::MLLM,MLLM,models/v2/clip_lora_fold3_best_v1.pt,models/v2/v2_10b_h2_balanced_logreg_fold3_v1.joblib
3,jpeg_q50,MLLM_STR_real_173,0,0.007494096178561449,real::MLLM,MLLM,models/v2/clip_lora_fold3_best_v1.pt,models/v2/v2_10b_h2_balanced_logreg_fold3_v1.joblib
3,jpeg_q50,MLLM_STR_real_175,0,0.6143059134483337,real::MLLM,MLLM,models/v2/clip_lora_fold3_best_v1.pt,models/v2/v2_10b_h2_balanced_logreg_fold3_v1.joblib
3,jpeg_q50,MLLM_STR_real_178,0,0.04595058038830757,real::MLLM,MLLM,models/v2/clip_lora_fold3_best_v1.pt,models/v2/v2_10b_h2_balanced_logreg_fold3_v1.joblib
3,jpeg_q50,MLLM_STR_real_180,0,0.014045046642422676,real::MLLM,MLLM,models/v2/clip_lora_fold3_best_v1.pt,models/v2/v2_10b_h2_balanced_logreg_fold3_v1.joblib
3,jpeg_q50,MLLM_STR_real_182,0,0.16303765773773193,real::MLLM,MLLM,models/v2/clip_lora_fold3_best_v1.pt,models/v2/v2_10b_h2_balanced_logreg_fold3_v1.joblib
3,jpeg_q50,MLLM_STR_real_183,0,0.024427693337202072,real::MLLM,MLLM,models/v2/clip_lora_fold3_best_v1.pt,models/v2/v2_10b_h2_balanced_logreg_fold3_v1.joblib
3,jpeg_q50,MLLM_STR_real_186,0,0.012253821827471256,real::MLLM,MLLM,models/v2/clip_lora_fold3_best_v1.pt,models/v2/v2_10b_h2_balanced_logreg_fold3_v1.joblib
3,jpeg_q50,MLLM_STR_real_2,0,0.00532383332028985,real::MLLM,MLLM,models/v2/clip_lora_fold3_best_v1.pt,models/v2/v2_10b_h2_balanced_logreg_fold3_v1.joblib
3,jpeg_q50,MLLM_STR_real_20,0,0.009555752389132977,real::MLLM,MLLM,models/v2/clip_lora_fold3_best_v1.pt,models/v2/v2_10b_h2_balanced_logreg_fold3_v1.joblib
3,jpeg_q50,MLLM_STR_real_21,0,0.0027095091063529253,real::MLLM,MLLM,models/v2/clip_lora_fold3_best_v1.pt,models/v2/v2_10b_h2_balanced_logreg_fold3_v1.joblib
3,jpeg_q50,MLLM_STR_real_212,0,0.10614287108182907,real::MLLM,MLLM,models/v2/clip_lora_fold3_best_v1.pt,models/v2/v2_10b_h2_balanced_logreg_fold3_v1.joblib
3,jpeg_q50,MLLM_STR_real_22,0,0.00521429255604744,real::MLLM,MLLM,models/v2/clip_lora_fold3_best_v1.pt,models/v2/v2_10b_h2_balanced_logreg_fold3_v1.joblib
3,jpeg_q50,MLLM_STR_real_224,0,0.01716090552508831,real::MLLM,MLLM,models/v2/clip_lora_fold3_best_v1.pt,models/v2/v2_10b_h2_balanced_logreg_fold3_v1.joblib
3,jpeg_q50,MLLM_STR_real_230,0,0.014640777371823788,real::MLLM,MLLM,models/v2/clip_lora_fold3_best_v1.pt,models/v2/v2_10b_h2_balanced_logreg_fold3_v1.joblib
3,jpeg_q50,MLLM_STR_real_232,0,0.24150657653808594,real::MLLM,MLLM,models/v2/clip_lora_fold3_best_v1.pt,models/v2/v2_10b_h2_balanced_logreg_fold3_v1.joblib
3,jpeg_q50,MLLM_STR_real_24,0,0.02985287457704544,real::MLLM,MLLM,models/v2/clip_lora_fold3_best_v1.pt,models/v2/v2_10b_h2_balanced_logreg_fold3_v1.joblib
3,jpeg_q50,MLLM_STR_real_245,0,0.02561928890645504,real::MLLM,MLLM,models/v2/clip_lora_fold3_best_v1.pt,models/v2/v2_10b_h2_balanced_logreg_fold3_v1.joblib
3,jpeg_q50,MLLM_STR_real_248,0,0.014704186469316483,real::MLLM,MLLM,models/v2/clip_lora_fold3_best_v1.pt,models/v2/v2_10b_h2_balanced_logreg_fold3_v1.joblib
3,jpeg_q50,MLLM_STR_real_262,0,0.03400455415248871,real::MLLM,MLLM,models/v2/clip_lora_fold3_best_v1.pt,models/v2/v2_10b_h2_balanced_logreg_fold3_v1.joblib
3,jpeg_q50,MLLM_STR_real_271,0,0.053918998688459396,real::MLLM,MLLM,models/v2/clip_lora_fold3_best_v1.pt,models/v2/v2_10b_h2_balanced_logreg_fold3_v1.joblib
3,jpeg_q50,MLLM_STR_real_275,0,0.03775807097554207,real::MLLM,MLLM,models/v2/clip_lora_fold3_best_v1.pt,models/v2/v2_10b_h2_balanced_logreg_fold3_v1.joblib
3,jpeg_q50,MLLM_STR_real_281,0,0.005971020087599754,real::MLLM,MLLM,models/v2/clip_lora_fold3_best_v1.pt,models/v2/v2_10b_h2_balanced_logreg_fold3_v1.joblib
3,jpeg_q50,MLLM_STR_real_282,0,0.12112679332494736,real::MLLM,MLLM,models/v2/clip_lora_fold3_best_v1.pt,models/v2/v2_10b_h2_balanced_logreg_fold3_v1.joblib
3,jpeg_q50,MLLM_STR_real_29,0,0.03601793572306633,real::MLLM,MLLM,models/v2/clip_lora_fold3_best_v1.pt,models/v2/v2_10b_h2_balanced_logreg_fold3_v1.joblib
3,jpeg_q50,MLLM_STR_real_292,0,0.013072255067527294,real::MLLM,MLLM,models/v2/clip_lora_fold3_best_v1.pt,models/v2/v2_10b_h2_balanced_logreg_fold3_v1.joblib
3,jpeg_q50,MLLM_STR_real_300,0,0.026624377816915512,real::MLLM,MLLM,models/v2/clip_lora_fold3_best_v1.pt,models/v2/v2_10b_h2_balanced_logreg_fold3_v1.joblib
3,jpeg_q50,MLLM_STR_real_301,0,0.04583004117012024,real::MLLM,MLLM,models/v2/clip_lora_fold3_best_v1.pt,models/v2/v2_10b_h2_balanced_logreg_fold3_v1.joblib
3,jpeg_q50,MLLM_STR_real_34,0,0.005992002785205841,real::MLLM,MLLM,models/v2/clip_lora_fold3_best_v1.pt,models/v2/v2_10b_h2_balanced_logreg_fold3_v1.joblib
3,jpeg_q50,MLLM_STR_real_38,0,0.009362260811030865,real::MLLM,MLLM,models/v2/clip_lora_fold3_best_v1.pt,models/v2/v2_10b_h2_balanced_logreg_fold3_v1.joblib
3,jpeg_q50,MLLM_STR_real_45,0,0.015135354362428188,real::MLLM,MLLM,models/v2/clip_lora_fold3_best_v1.pt,models/v2/v2_10b_h2_balanced_logreg_fold3_v1.joblib
3,jpeg_q50,MLLM_STR_real_50,0,0.048382021486759186,real::MLLM,MLLM,models/v2/clip_lora_fold3_best_v1.pt,models/v2/v2_10b_h2_balanced_logreg_fold3_v1.joblib
3,jpeg_q50,MLLM_STR_real_51,0,0.03801138699054718,real::MLLM,MLLM,models/v2/clip_lora_fold3_best_v1.pt,models/v2/v2_10b_h2_balanced_logreg_fold3_v1.joblib
3,jpeg_q50,MLLM_STR_real_53,0,0.4930875301361084,real::MLLM,MLLM,models/v2/clip_lora_fold3_best_v1.pt,models/v2/v2_10b_h2_balanced_logreg_fold3_v1.joblib
3,jpeg_q50,MLLM_STR_real_65,0,0.01198733039200306,real::MLLM,MLLM,models/v2/clip_lora_fold3_best_v1.pt,models/v2/v2_10b_h2_balanced_logreg_fold3_v1.joblib
3,jpeg_q50,MLLM_STR_real_68,0,0.02071159891784191,real::MLLM,MLLM,models/v2/clip_lora_fold3_best_v1.pt,models/v2/v2_10b_h2_balanced_logreg_fold3_v1.joblib
3,jpeg_q50,MLLM_STR_real_77,0,0.06644819676876068,real::MLLM,MLLM,models/v2/clip_lora_fold3_best_v1.pt,models/v2/v2_10b_h2_balanced_logreg_fold3_v1.joblib
3,jpeg_q50,MLLM_STR_real_79,0,0.05908927321434021,real::MLLM,MLLM,models/v2/clip_lora_fold3_best_v1.pt,models/v2/v2_10b_h2_balanced_logreg_fold3_v1.joblib
3,jpeg_q50,MLLM_STR_real_87,0,0.07508566975593567,real::MLLM,MLLM,models/v2/clip_lora_fold3_best_v1.pt,models/v2/v2_10b_h2_balanced_logreg_fold3_v1.joblib
3,jpeg_q50,MLLM_STR_real_97,0,0.0035873535089194775,real::MLLM,MLLM,models/v2/clip_lora_fold3_best_v1.pt,models/v2/v2_10b_h2_balanced_logreg_fold3_v1.joblib
3,jpeg_q50,MLLM_TEX_real_105,0,0.005589885171502829,real::MLLM,MLLM,models/v2/clip_lora_fold3_best_v1.pt,models/v2/v2_10b_h2_balanced_logreg_fold3_v1.joblib
3,jpeg_q50,MLLM_TEX_real_119,0,0.0009243371314369142,real::MLLM,MLLM,models/v2/clip_lora_fold3_best_v1.pt,models/v2/v2_10b_h2_balanced_logreg_fold3_v1.joblib
3,jpeg_q50,MLLM_TEX_real_126,0,0.010170752182602882,real::MLLM,MLLM,models/v2/clip_lora_fold3_best_v1.pt,models/v2/v2_10b_h2_balanced_logreg_fold3_v1.joblib
3,jpeg_q50,MLLM_TEX_real_128,0,0.018145157024264336,real::MLLM,MLLM,models/v2/clip_lora_fold3_best_v1.pt,models/v2/v2_10b_h2_balanced_logreg_fold3_v1.joblib
3,jpeg_q50,MLLM_TEX_real_129,0,0.015583902597427368,real::MLLM,MLLM,models/v2/clip_lora_fold3_best_v1.pt,models/v2/v2_10b_h2_balanced_logreg_fold3_v1.joblib
3,jpeg_q50,MLLM_TEX_real_13,0,0.0032986702863126993,real::MLLM,MLLM,models/v2/clip_lora_fold3_best_v1.pt,models/v2/v2_10b_h2_balanced_logreg_fold3_v1.joblib
3,jpeg_q50,MLLM_TEX_real_130,0,0.003932497929781675,real::MLLM,MLLM,models/v2/clip_lora_fold3_best_v1.pt,models/v2/v2_10b_h2_balanced_logreg_fold3_v1.joblib
3,jpeg_q50,MLLM_TEX_real_14,0,0.0018378200475126505,real::MLLM,MLLM,models/v2/clip_lora_fold3_best_v1.pt,models/v2/v2_10b_h2_balanced_logreg_fold3_v1.joblib
3,jpeg_q50,MLLM_TEX_real_150,0,0.002056475030258298,real::MLLM,MLLM,models/v2/clip_lora_fold3_best_v1.pt,models/v2/v2_10b_h2_balanced_logreg_fold3_v1.joblib
3,jpeg_q50,MLLM_TEX_real_166,0,0.0002700661134440452,real::MLLM,MLLM,models/v2/clip_lora_fold3_best_v1.pt,models/v2/v2_10b_h2_balanced_logreg_fold3_v1.joblib
3,jpeg_q50,MLLM_TEX_real_17,0,0.01364948321133852,real::MLLM,MLLM,models/v2/clip_lora_fold3_best_v1.pt,models/v2/v2_10b_h2_balanced_logreg_fold3_v1.joblib
3,jpeg_q50,MLLM_TEX_real_19,0,0.004759123548865318,real::MLLM,MLLM,models/v2/clip_lora_fold3_best_v1.pt,models/v2/v2_10b_h2_balanced_logreg_fold3_v1.joblib
3,jpeg_q50,MLLM_TEX_real_2,0,0.0021785444114357233,real::MLLM,MLLM,models/v2/clip_lora_fold3_best_v1.pt,models/v2/v2_10b_h2_balanced_logreg_fold3_v1.joblib
3,jpeg_q50,MLLM_TEX_real_202,0,0.006892822682857513,real::MLLM,MLLM,models/v2/clip_lora_fold3_best_v1.pt,models/v2/v2_10b_h2_balanced_logreg_fold3_v1.joblib
3,jpeg_q50,MLLM_TEX_real_24,0,0.053453247994184494,real::MLLM,MLLM,models/v2/clip_lora_fold3_best_v1.pt,models/v2/v2_10b_h2_balanced_logreg_fold3_v1.joblib
3,jpeg_q50,MLLM_TEX_real_43,0,0.0017131762579083443,real::MLLM,MLLM,models/v2/clip_lora_fold3_best_v1.pt,models/v2/v2_10b_h2_balanced_logreg_fold3_v1.joblib
3,jpeg_q50,MLLM_TEX_real_59,0,0.006615251302719116,real::MLLM,MLLM,models/v2/clip_lora_fold3_best_v1.pt,models/v2/v2_10b_h2_balanced_logreg_fold3_v1.joblib
3,jpeg_q50,MLLM_TEX_real_64,0,0.006031315308064222,real::MLLM,MLLM,models/v2/clip_lora_fold3_best_v1.pt,models/v2/v2_10b_h2_balanced_logreg_fold3_v1.joblib
3,jpeg_q50,MLLM_TEX_real_70,0,0.07937473803758621,real::MLLM,MLLM,models/v2/clip_lora_fold3_best_v1.pt,models/v2/v2_10b_h2_balanced_logreg_fold3_v1.joblib
3,jpeg_q50,MLLM_TEX_real_81,0,0.03038034401834011,real::MLLM,MLLM,models/v2/clip_lora_fold3_best_v1.pt,models/v2/v2_10b_h2_balanced_logreg_fold3_v1.joblib
3,jpeg_q50,MLLM_TEX_real_82,0,0.01018528826534748,real::MLLM,MLLM,models/v2/clip_lora_fold3_best_v1.pt,models/v2/v2_10b_h2_balanced_logreg_fold3_v1.joblib
3,jpeg_q50,MLLM_TEX_real_83,0,0.003307025646790862,real::MLLM,MLLM,models/v2/clip_lora_fold3_best_v1.pt,models/v2/v2_10b_h2_balanced_logreg_fold3_v1.joblib
3,jpeg_q50,MLLM_TEX_real_88,0,0.004827155731618404,real::MLLM,MLLM,models/v2/clip_lora_fold3_best_v1.pt,models/v2/v2_10b_h2_balanced_logreg_fold3_v1.joblib
3,jpeg_q50,MLLM_TEX_real_94,0,0.0005339014460332692,real::MLLM,MLLM,models/v2/clip_lora_fold3_best_v1.pt,models/v2/v2_10b_h2_balanced_logreg_fold3_v1.joblib
3,jpeg_q50,MLLM_TEX_real_97,0,0.0006563083734363317,real::MLLM,MLLM,models/v2/clip_lora_fold3_best_v1.pt,models/v2/v2_10b_h2_balanced_logreg_fold3_v1.joblib
3,jpeg_q50,EXT_REAL_0003,0,0.005849012173712254,real::COCO,COCO,models/v2/clip_lora_fold3_best_v1.pt,models/v2/v2_10b_h2_balanced_logreg_fold3_v1.joblib
3,jpeg_q50,EXT_REAL_0013,0,0.0003528990491759032,real::COCO,COCO,models/v2/clip_lora_fold3_best_v1.pt,models/v2/v2_10b_h2_balanced_logreg_fold3_v1.joblib
3,jpeg_q50,EXT_REAL_0018,0,0.0010209723841398954,real::COCO,COCO,models/v2/clip_lora_fold3_best_v1.pt,models/v2/v2_10b_h2_balanced_logreg_fold3_v1.joblib
3,jpeg_q50,EXT_REAL_0022,0,0.0006816682289354503,real::COCO,COCO,models/v2/clip_lora_fold3_best_v1.pt,models/v2/v2_10b_h2_balanced_logreg_fold3_v1.joblib
3,jpeg_q50,EXT_REAL_0025,0,0.001792517607100308,real::COCO,COCO,models/v2/clip_lora_fold3_best_v1.pt,models/v2/v2_10b_h2_balanced_logreg_fold3_v1.joblib
3,jpeg_q50,EXT_REAL_0060,0,0.0052420757710933685,real::COCO,COCO,models/v2/clip_lora_fold3_best_v1.pt,models/v2/v2_10b_h2_balanced_logreg_fold3_v1.joblib
3,jpeg_q50,EXT_REAL_0063,0,0.0029822844080626965,real::COCO,COCO,models/v2/clip_lora_fold3_best_v1.pt,models/v2/v2_10b_h2_balanced_logreg_fold3_v1.joblib
3,jpeg_q50,EXT_REAL_0065,0,0.0029051045421510935,real::COCO,COCO,models/v2/clip_lora_fold3_best_v1.pt,models/v2/v2_10b_h2_balanced_logreg_fold3_v1.joblib
3,jpeg_q50,EXT_REAL_0075,0,0.003915318287909031,real::COCO,COCO,models/v2/clip_lora_fold3_best_v1.pt,models/v2/v2_10b_h2_balanced_logreg_fold3_v1.joblib
3,jpeg_q50,EXT_REAL_0079,0,0.015335719101130962,real::COCO,COCO,models/v2/clip_lora_fold3_best_v1.pt,models/v2/v2_10b_h2_balanced_logreg_fold3_v1.joblib
3,jpeg_q50,EXT_REAL_0080,0,0.0009405579185113311,real::COCO,COCO,models/v2/clip_lora_fold3_best_v1.pt,models/v2/v2_10b_h2_balanced_logreg_fold3_v1.joblib
3,jpeg_q50,EXT_REAL_0083,0,0.0006401125574484468,real::COCO,COCO,models/v2/clip_lora_fold3_best_v1.pt,models/v2/v2_10b_h2_balanced_logreg_fold3_v1.joblib
3,jpeg_q50,EXT_REAL_0084,0,0.0014820145443081856,real::COCO,COCO,models/v2/clip_lora_fold3_best_v1.pt,models/v2/v2_10b_h2_balanced_logreg_fold3_v1.joblib
3,jpeg_q50,EXT_REAL_0086,0,0.005844151135534048,real::COCO,COCO,models/v2/clip_lora_fold3_best_v1.pt,models/v2/v2_10b_h2_balanced_logreg_fold3_v1.joblib
3,jpeg_q50,EXT_REAL_0090,0,0.0009957501897588372,real::COCO,COCO,models/v2/clip_lora_fold3_best_v1.pt,models/v2/v2_10b_h2_balanced_logreg_fold3_v1.joblib
3,jpeg_q50,EXT_REAL_0094,0,0.0022846926003694534,real::COCO,COCO,models/v2/clip_lora_fold3_best_v1.pt,models/v2/v2_10b_h2_balanced_logreg_fold3_v1.joblib
3,jpeg_q50,EXT_REAL_0095,0,0.02805953100323677,real::COCO,COCO,models/v2/clip_lora_fold3_best_v1.pt,models/v2/v2_10b_h2_balanced_logreg_fold3_v1.joblib
3,jpeg_q50,EXT_REAL_0106,0,0.010769205167889595,real::COCO,COCO,models/v2/clip_lora_fold3_best_v1.pt,models/v2/v2_10b_h2_balanced_logreg_fold3_v1.joblib
3,jpeg_q50,EXT_REAL_0117,0,0.0003692694881465286,real::COCO,COCO,models/v2/clip_lora_fold3_best_v1.pt,models/v2/v2_10b_h2_balanced_logreg_fold3_v1.joblib
3,jpeg_q50,EXT_REAL_0122,0,0.0010232720524072647,real::COCO,COCO,models/v2/clip_lora_fold3_best_v1.pt,models/v2/v2_10b_h2_balanced_logreg_fold3_v1.joblib
3,jpeg_q50,EXT_REAL_0134,0,0.024409489706158638,real::COCO,COCO,models/v2/clip_lora_fold3_best_v1.pt,models/v2/v2_10b_h2_balanced_logreg_fold3_v1.joblib
3,jpeg_q50,EXT_REAL_0146,0,0.0030522835440933704,real::COCO,COCO,models/v2/clip_lora_fold3_best_v1.pt,models/v2/v2_10b_h2_balanced_logreg_fold3_v1.joblib
3,jpeg_q50,EXT_REAL_0147,0,0.0015336067881435156,real::COCO,COCO,models/v2/clip_lora_fold3_best_v1.pt,models/v2/v2_10b_h2_balanced_logreg_fold3_v1.joblib
3,jpeg_q50,EXT_REAL_0149,0,0.00012287817662581801,real::COCO,COCO,models/v2/clip_lora_fold3_best_v1.pt,models/v2/v2_10b_h2_balanced_logreg_fold3_v1.joblib
3,jpeg_q50,EXT_REAL_0152,0,0.006751375272870064,real::COCO,COCO,models/v2/clip_lora_fold3_best_v1.pt,models/v2/v2_10b_h2_balanced_logreg_fold3_v1.joblib
3,jpeg_q50,EXT_REAL_0155,0,0.002477300353348255,real::COCO,COCO,models/v2/clip_lora_fold3_best_v1.pt,models/v2/v2_10b_h2_balanced_logreg_fold3_v1.joblib
3,jpeg_q50,EXT_REAL_0163,0,0.000931727874558419,real::COCO,COCO,models/v2/clip_lora_fold3_best_v1.pt,models/v2/v2_10b_h2_balanced_logreg_fold3_v1.joblib
3,jpeg_q50,EXT_REAL_0164,0,0.001359583460725844,real::COCO,COCO,models/v2/clip_lora_fold3_best_v1.pt,models/v2/v2_10b_h2_balanced_logreg_fold3_v1.joblib
3,jpeg_q50,EXT_REAL_0170,0,0.0004719576390925795,real::COCO,COCO,models/v2/clip_lora_fold3_best_v1.pt,models/v2/v2_10b_h2_balanced_logreg_fold3_v1.joblib
3,jpeg_q50,EXT_REAL_0174,0,0.0006833020597696304,real::COCO,COCO,models/v2/clip_lora_fold3_best_v1.pt,models/v2/v2_10b_h2_balanced_logreg_fold3_v1.joblib
3,jpeg_q50,EXT_REAL_0177,0,0.0007999014342203736,real::COCO,COCO,models/v2/clip_lora_fold3_best_v1.pt,models/v2/v2_10b_h2_balanced_logreg_fold3_v1.joblib
3,jpeg_q50,EXT_REAL_0181,0,0.0007223037537187338,real::COCO,COCO,models/v2/clip_lora_fold3_best_v1.pt,models/v2/v2_10b_h2_balanced_logreg_fold3_v1.joblib
3,jpeg_q50,EXT_REAL_0190,0,0.0010268193436786532,real::COCO,COCO,models/v2/clip_lora_fold3_best_v1.pt,models/v2/v2_10b_h2_balanced_logreg_fold3_v1.joblib
3,jpeg_q50,EXT_REAL_0191,0,0.014158022589981556,real::COCO,COCO,models/v2/clip_lora_fold3_best_v1.pt,models/v2/v2_10b_h2_balanced_logreg_fold3_v1.joblib
3,jpeg_q50,EXT_REAL_0208,0,0.005126627162098885,real::COCO,COCO,models/v2/clip_lora_fold3_best_v1.pt,models/v2/v2_10b_h2_balanced_logreg_fold3_v1.joblib
3,jpeg_q50,EXT_REAL_0226,0,0.003593460889533162,real::COCO,COCO,models/v2/clip_lora_fold3_best_v1.pt,models/v2/v2_10b_h2_balanced_logreg_fold3_v1.joblib
3,jpeg_q50,EXT_REAL_0227,0,0.004296518862247467,real::COCO,COCO,models/v2/clip_lora_fold3_best_v1.pt,models/v2/v2_10b_h2_balanced_logreg_fold3_v1.joblib
3,jpeg_q50,EXT_REAL_0230,0,0.0018201770726591349,real::COCO,COCO,models/v2/clip_lora_fold3_best_v1.pt,models/v2/v2_10b_h2_balanced_logreg_fold3_v1.joblib
3,jpeg_q50,EXT_REAL_0234,0,0.004980951081961393,real::COCO,COCO,models/v2/clip_lora_fold3_best_v1.pt,models/v2/v2_10b_h2_balanced_logreg_fold3_v1.joblib
3,jpeg_q50,EXT_REAL_0248,0,0.00047132105100899935,real::COCO,COCO,models/v2/clip_lora_fold3_best_v1.pt,models/v2/v2_10b_h2_balanced_logreg_fold3_v1.joblib
3,jpeg_q50,EXT_REAL_0256,0,0.000283995148492977,real::COCO,COCO,models/v2/clip_lora_fold3_best_v1.pt,models/v2/v2_10b_h2_balanced_logreg_fold3_v1.joblib
3,jpeg_q50,EXT_REAL_0260,0,0.004401631653308868,real::COCO,COCO,models/v2/clip_lora_fold3_best_v1.pt,models/v2/v2_10b_h2_balanced_logreg_fold3_v1.joblib
3,jpeg_q50,EXT_REAL_0274,0,0.0009961212053894997,real::COCO,COCO,models/v2/clip_lora_fold3_best_v1.pt,models/v2/v2_10b_h2_balanced_logreg_fold3_v1.joblib
3,jpeg_q50,EXT_REAL_0275,0,0.0007127234130166471,real::COCO,COCO,models/v2/clip_lora_fold3_best_v1.pt,models/v2/v2_10b_h2_balanced_logreg_fold3_v1.joblib
3,jpeg_q50,EXT_REAL_0277,0,0.0042806509882211685,real::COCO,COCO,models/v2/clip_lora_fold3_best_v1.pt,models/v2/v2_10b_h2_balanced_logreg_fold3_v1.joblib
3,jpeg_q50,EXT_REAL_0280,0,0.008767668157815933,real::COCO,COCO,models/v2/clip_lora_fold3_best_v1.pt,models/v2/v2_10b_h2_balanced_logreg_fold3_v1.joblib
3,jpeg_q50,EXT_REAL_0288,0,0.0001671335194259882,real::COCO,COCO,models/v2/clip_lora_fold3_best_v1.pt,models/v2/v2_10b_h2_balanced_logreg_fold3_v1.joblib
3,jpeg_q50,EXT_REAL_0295,0,0.0018306918209418654,real::COCO,COCO,models/v2/clip_lora_fold3_best_v1.pt,models/v2/v2_10b_h2_balanced_logreg_fold3_v1.joblib
3,jpeg_q50,EXT_REAL_0306,0,0.00471341609954834,real::COCO,COCO,models/v2/clip_lora_fold3_best_v1.pt,models/v2/v2_10b_h2_balanced_logreg_fold3_v1.joblib
3,jpeg_q50,EXT_REAL_0317,0,0.00525483675301075,real::COCO,COCO,models/v2/clip_lora_fold3_best_v1.pt,models/v2/v2_10b_h2_balanced_logreg_fold3_v1.joblib
3,jpeg_q50,EXT_REAL_0318,0,0.003161769825965166,real::COCO,COCO,models/v2/clip_lora_fold3_best_v1.pt,models/v2/v2_10b_h2_balanced_logreg_fold3_v1.joblib
3,jpeg_q50,EXT_REAL_0328,0,0.000589779345318675,real::COCO,COCO,models/v2/clip_lora_fold3_best_v1.pt,models/v2/v2_10b_h2_balanced_logreg_fold3_v1.joblib
3,jpeg_q50,EXT_REAL_0334,0,0.005196989979594946,real::COCO,COCO,models/v2/clip_lora_fold3_best_v1.pt,models/v2/v2_10b_h2_balanced_logreg_fold3_v1.joblib
3,jpeg_q50,EXT_REAL_0337,0,0.0010380176827311516,real::COCO,COCO,models/v2/clip_lora_fold3_best_v1.pt,models/v2/v2_10b_h2_balanced_logreg_fold3_v1.joblib
3,jpeg_q50,EXT_REAL_0340,0,0.011856891214847565,real::COCO,COCO,models/v2/clip_lora_fold3_best_v1.pt,models/v2/v2_10b_h2_balanced_logreg_fold3_v1.joblib
3,jpeg_q50,EXT_REAL_0346,0,0.009586580097675323,real::COCO,COCO,models/v2/clip_lora_fold3_best_v1.pt,models/v2/v2_10b_h2_balanced_logreg_fold3_v1.joblib
3,jpeg_q50,EXT_REAL_0372,0,0.0029898551292717457,real::COCO,COCO,models/v2/clip_lora_fold3_best_v1.pt,models/v2/v2_10b_h2_balanced_logreg_fold3_v1.joblib
3,jpeg_q50,EXT_REAL_0384,0,0.005606802646070719,real::COCO,COCO,models/v2/clip_lora_fold3_best_v1.pt,models/v2/v2_10b_h2_balanced_logreg_fold3_v1.joblib
3,jpeg_q50,EXT_REAL_0386,0,0.0008124169544316828,real::COCO,COCO,models/v2/clip_lora_fold3_best_v1.pt,models/v2/v2_10b_h2_balanced_logreg_fold3_v1.joblib
3,jpeg_q50,EXT_REAL_0391,0,0.000970916822552681,real::COCO,COCO,models/v2/clip_lora_fold3_best_v1.pt,models/v2/v2_10b_h2_balanced_logreg_fold3_v1.joblib
3,jpeg_q50,QWEN_0042_Seedream_45,1,0.416263222694397,qwen::Seedream-4.5,,models/v2/clip_lora_fold3_best_v1.pt,models/v2/v2_10b_h2_balanced_logreg_fold3_v1.joblib
3,jpeg_q50,QWEN_0042_GPT_Image_1,1,0.0815933346748352,qwen::GPT-Image-1,,models/v2/clip_lora_fold3_best_v1.pt,models/v2/v2_10b_h2_balanced_logreg_fold3_v1.joblib
3,jpeg_q50,QWEN_0042_GPT_Image_15,1,0.12629349529743195,qwen::GPT-Image-1.5,,models/v2/clip_lora_fold3_best_v1.pt,models/v2/v2_10b_h2_balanced_logreg_fold3_v1.joblib
3,jpeg_q50,QWEN_0042_HunyuanImage_30,1,0.04913954436779022,qwen::HunyuanImage-3.0,,models/v2/clip_lora_fold3_best_v1.pt,models/v2/v2_10b_h2_balanced_logreg_fold3_v1.joblib
3,jpeg_q50,QWEN_0042_FLUX2_pro,1,0.3427751958370209,qwen::FLUX.2-pro,,models/v2/clip_lora_fold3_best_v1.pt,models/v2/v2_10b_h2_balanced_logreg_fold3_v1.joblib
3,jpeg_q50,QWEN_0060_Seedream_45,1,0.010367853567004204,qwen::Seedream-4.5,,models/v2/clip_lora_fold3_best_v1.pt,models/v2/v2_10b_h2_balanced_logreg_fold3_v1.joblib
3,jpeg_q50,QWEN_0060_GPT_Image_1,1,0.020849104970693588,qwen::GPT-Image-1,,models/v2/clip_lora_fold3_best_v1.pt,models/v2/v2_10b_h2_balanced_logreg_fold3_v1.joblib
3,jpeg_q50,QWEN_0060_GPT_Image_15,1,0.3047056198120117,qwen::GPT-Image-1.5,,models/v2/clip_lora_fold3_best_v1.pt,models/v2/v2_10b_h2_balanced_logreg_fold3_v1.joblib
3,jpeg_q50,QWEN_0060_HunyuanImage_30,1,0.013813404366374016,qwen::HunyuanImage-3.0,,models/v2/clip_lora_fold3_best_v1.pt,models/v2/v2_10b_h2_balanced_logreg_fold3_v1.joblib
3,jpeg_q50,QWEN_0060_FLUX2_pro,1,0.0168216023594141,qwen::FLUX.2-pro,,models/v2/clip_lora_fold3_best_v1.pt,models/v2/v2_10b_h2_balanced_logreg_fold3_v1.joblib
3,jpeg_q50,QWEN_0065_Seedream_45,1,0.1271461546421051,qwen::Seedream-4.5,,models/v2/clip_lora_fold3_best_v1.pt,models/v2/v2_10b_h2_balanced_logreg_fold3_v1.joblib
3,jpeg_q50,QWEN_0065_GPT_Image_1,1,0.3883957862854004,qwen::GPT-Image-1,,models/v2/clip_lora_fold3_best_v1.pt,models/v2/v2_10b_h2_balanced_logreg_fold3_v1.joblib
3,jpeg_q50,QWEN_0065_GPT_Image_15,1,0.19388967752456665,qwen::GPT-Image-1.5,,models/v2/clip_lora_fold3_best_v1.pt,models/v2/v2_10b_h2_balanced_logreg_fold3_v1.joblib
3,jpeg_q50,QWEN_0065_HunyuanImage_30,1,0.20136290788650513,qwen::HunyuanImage-3.0,,models/v2/clip_lora_fold3_best_v1.pt,models/v2/v2_10b_h2_balanced_logreg_fold3_v1.joblib
3,jpeg_q50,QWEN_0065_FLUX2_pro,1,0.1714334338903427,qwen::FLUX.2-pro,,models/v2/clip_lora_fold3_best_v1.pt,models/v2/v2_10b_h2_balanced_logreg_fold3_v1.joblib
3,jpeg_q50,QWEN_0074_Seedream_45,1,0.029060350731015205,qwen::Seedream-4.5,,models/v2/clip_lora_fold3_best_v1.pt,models/v2/v2_10b_h2_balanced_logreg_fold3_v1.joblib
3,jpeg_q50,QWEN_0074_GPT_Image_1,1,0.05427372083067894,qwen::GPT-Image-1,,models/v2/clip_lora_fold3_best_v1.pt,models/v2/v2_10b_h2_balanced_logreg_fold3_v1.joblib
3,jpeg_q50,QWEN_0074_GPT_Image_15,1,0.01729358732700348,qwen::GPT-Image-1.5,,models/v2/clip_lora_fold3_best_v1.pt,models/v2/v2_10b_h2_balanced_logreg_fold3_v1.joblib
3,jpeg_q50,QWEN_0074_HunyuanImage_30,1,0.04787352681159973,qwen::HunyuanImage-3.0,,models/v2/clip_lora_fold3_best_v1.pt,models/v2/v2_10b_h2_balanced_logreg_fold3_v1.joblib
3,jpeg_q50,QWEN_0074_FLUX2_pro,1,0.008549931459128857,qwen::FLUX.2-pro,,models/v2/clip_lora_fold3_best_v1.pt,models/v2/v2_10b_h2_balanced_logreg_fold3_v1.joblib
3,jpeg_q50,QWEN_0078_Seedream_45,1,0.01904373988509178,qwen::Seedream-4.5,,models/v2/clip_lora_fold3_best_v1.pt,models/v2/v2_10b_h2_balanced_logreg_fold3_v1.joblib
3,jpeg_q50,QWEN_0078_GPT_Image_1,1,0.014833440072834492,qwen::GPT-Image-1,,models/v2/clip_lora_fold3_best_v1.pt,models/v2/v2_10b_h2_balanced_logreg_fold3_v1.joblib
3,jpeg_q50,QWEN_0078_GPT_Image_15,1,0.037043679505586624,qwen::GPT-Image-1.5,,models/v2/clip_lora_fold3_best_v1.pt,models/v2/v2_10b_h2_balanced_logreg_fold3_v1.joblib
3,jpeg_q50,QWEN_0078_HunyuanImage_30,1,0.013520779088139534,qwen::HunyuanImage-3.0,,models/v2/clip_lora_fold3_best_v1.pt,models/v2/v2_10b_h2_balanced_logreg_fold3_v1.joblib
3,jpeg_q50,QWEN_0078_FLUX2_pro,1,0.028440935537219048,qwen::FLUX.2-pro,,models/v2/clip_lora_fold3_best_v1.pt,models/v2/v2_10b_h2_balanced_logreg_fold3_v1.joblib
3,jpeg_q50,QWEN_0081_Seedream_45,1,0.011935034766793251,qwen::Seedream-4.5,,models/v2/clip_lora_fold3_best_v1.pt,models/v2/v2_10b_h2_balanced_logreg_fold3_v1.joblib
3,jpeg_q50,QWEN_0081_GPT_Image_1,1,0.003146510338410735,qwen::GPT-Image-1,,models/v2/clip_lora_fold3_best_v1.pt,models/v2/v2_10b_h2_balanced_logreg_fold3_v1.joblib
3,jpeg_q50,QWEN_0081_GPT_Image_15,1,0.012692993506789207,qwen::GPT-Image-1.5,,models/v2/clip_lora_fold3_best_v1.pt,models/v2/v2_10b_h2_balanced_logreg_fold3_v1.joblib
3,jpeg_q50,QWEN_0081_HunyuanImage_30,1,0.01327346358448267,qwen::HunyuanImage-3.0,,models/v2/clip_lora_fold3_best_v1.pt,models/v2/v2_10b_h2_balanced_logreg_fold3_v1.joblib
3,jpeg_q50,QWEN_0081_FLUX2_pro,1,0.017630062997341156,qwen::FLUX.2-pro,,models/v2/clip_lora_fold3_best_v1.pt,models/v2/v2_10b_h2_balanced_logreg_fold3_v1.joblib
3,jpeg_q50,QWEN_0086_Seedream_45,1,0.06428088247776031,qwen::Seedream-4.5,,models/v2/clip_lora_fold3_best_v1.pt,models/v2/v2_10b_h2_balanced_logreg_fold3_v1.joblib
3,jpeg_q50,QWEN_0086_GPT_Image_1,1,0.034012142568826675,qwen::GPT-Image-1,,models/v2/clip_lora_fold3_best_v1.pt,models/v2/v2_10b_h2_balanced_logreg_fold3_v1.joblib
3,jpeg_q50,QWEN_0086_GPT_Image_15,1,0.050038065761327744,qwen::GPT-Image-1.5,,models/v2/clip_lora_fold3_best_v1.pt,models/v2/v2_10b_h2_balanced_logreg_fold3_v1.joblib
3,jpeg_q50,QWEN_0086_HunyuanImage_30,1,0.025238757953047752,qwen::HunyuanImage-3.0,,models/v2/clip_lora_fold3_best_v1.pt,models/v2/v2_10b_h2_balanced_logreg_fold3_v1.joblib
3,jpeg_q50,QWEN_0086_FLUX2_pro,1,0.08766113221645355,qwen::FLUX.2-pro,,models/v2/clip_lora_fold3_best_v1.pt,models/v2/v2_10b_h2_balanced_logreg_fold3_v1.joblib
3,jpeg_q50,QWEN_0096_Seedream_45,1,0.0033241177443414927,qwen::Seedream-4.5,,models/v2/clip_lora_fold3_best_v1.pt,models/v2/v2_10b_h2_balanced_logreg_fold3_v1.joblib
3,jpeg_q50,QWEN_0096_GPT_Image_1,1,0.008439742960035801,qwen::GPT-Image-1,,models/v2/clip_lora_fold3_best_v1.pt,models/v2/v2_10b_h2_balanced_logreg_fold3_v1.joblib
3,jpeg_q50,QWEN_0096_GPT_Image_15,1,0.007181116845458746,qwen::GPT-Image-1.5,,models/v2/clip_lora_fold3_best_v1.pt,models/v2/v2_10b_h2_balanced_logreg_fold3_v1.joblib
3,jpeg_q50,QWEN_0096_HunyuanImage_30,1,0.01381528191268444,qwen::HunyuanImage-3.0,,models/v2/clip_lora_fold3_best_v1.pt,models/v2/v2_10b_h2_balanced_logreg_fold3_v1.joblib
3,jpeg_q50,QWEN_0096_FLUX2_pro,1,0.0012740714009851217,qwen::FLUX.2-pro,,models/v2/clip_lora_fold3_best_v1.pt,models/v2/v2_10b_h2_balanced_logreg_fold3_v1.joblib
3,jpeg_q50,QWEN_0118_Seedream_45,1,0.051031358540058136,qwen::Seedream-4.5,,models/v2/clip_lora_fold3_best_v1.pt,models/v2/v2_10b_h2_balanced_logreg_fold3_v1.joblib
3,jpeg_q50,QWEN_0118_GPT_Image_1,1,0.034126702696084976,qwen::GPT-Image-1,,models/v2/clip_lora_fold3_best_v1.pt,models/v2/v2_10b_h2_balanced_logreg_fold3_v1.joblib
3,jpeg_q50,QWEN_0118_GPT_Image_15,1,0.2503146529197693,qwen::GPT-Image-1.5,,models/v2/clip_lora_fold3_best_v1.pt,models/v2/v2_10b_h2_balanced_logreg_fold3_v1.joblib
3,jpeg_q50,QWEN_0118_HunyuanImage_30,1,0.07330845296382904,qwen::HunyuanImage-3.0,,models/v2/clip_lora_fold3_best_v1.pt,models/v2/v2_10b_h2_balanced_logreg_fold3_v1.joblib
3,jpeg_q50,QWEN_0118_FLUX2_pro,1,0.187578946352005,qwen::FLUX.2-pro,,models/v2/clip_lora_fold3_best_v1.pt,models/v2/v2_10b_h2_balanced_logreg_fold3_v1.joblib
3,jpeg_q50,QWEN_0127_Seedream_45,1,0.0536898635327816,qwen::Seedream-4.5,,models/v2/clip_lora_fold3_best_v1.pt,models/v2/v2_10b_h2_balanced_logreg_fold3_v1.joblib
3,jpeg_q50,QWEN_0127_GPT_Image_1,1,0.009227147325873375,qwen::GPT-Image-1,,models/v2/clip_lora_fold3_best_v1.pt,models/v2/v2_10b_h2_balanced_logreg_fold3_v1.joblib
3,jpeg_q50,QWEN_0127_GPT_Image_15,1,0.0034843957982957363,qwen::GPT-Image-1.5,,models/v2/clip_lora_fold3_best_v1.pt,models/v2/v2_10b_h2_balanced_logreg_fold3_v1.joblib
3,jpeg_q50,QWEN_0127_HunyuanImage_30,1,0.014549137093126774,qwen::HunyuanImage-3.0,,models/v2/clip_lora_fold3_best_v1.pt,models/v2/v2_10b_h2_balanced_logreg_fold3_v1.joblib
3,jpeg_q50,QWEN_0127_FLUX2_pro,1,0.0031202812679111958,qwen::FLUX.2-pro,,models/v2/clip_lora_fold3_best_v1.pt,models/v2/v2_10b_h2_balanced_logreg_fold3_v1.joblib
3,jpeg_q50,QWEN_0140_Seedream_45,1,0.011360798962414265,qwen::Seedream-4.5,,models/v2/clip_lora_fold3_best_v1.pt,models/v2/v2_10b_h2_balanced_logreg_fold3_v1.joblib
3,jpeg_q50,QWEN_0140_GPT_Image_1,1,0.059671446681022644,qwen::GPT-Image-1,,models/v2/clip_lora_fold3_best_v1.pt,models/v2/v2_10b_h2_balanced_logreg_fold3_v1.joblib
3,jpeg_q50,QWEN_0140_GPT_Image_15,1,0.10330035537481308,qwen::GPT-Image-1.5,,models/v2/clip_lora_fold3_best_v1.pt,models/v2/v2_10b_h2_balanced_logreg_fold3_v1.joblib
3,jpeg_q50,QWEN_0140_HunyuanImage_30,1,0.009379218332469463,qwen::HunyuanImage-3.0,,models/v2/clip_lora_fold3_best_v1.pt,models/v2/v2_10b_h2_balanced_logreg_fold3_v1.joblib
3,jpeg_q50,QWEN_0140_FLUX2_pro,1,0.03483132645487785,qwen::FLUX.2-pro,,models/v2/clip_lora_fold3_best_v1.pt,models/v2/v2_10b_h2_balanced_logreg_fold3_v1.joblib
3,jpeg_q50,QWEN_0148_Seedream_45,1,0.02946040965616703,qwen::Seedream-4.5,,models/v2/clip_lora_fold3_best_v1.pt,models/v2/v2_10b_h2_balanced_logreg_fold3_v1.joblib
3,jpeg_q50,QWEN_0148_GPT_Image_1,1,0.010094706900417805,qwen::GPT-Image-1,,models/v2/clip_lora_fold3_best_v1.pt,models/v2/v2_10b_h2_balanced_logreg_fold3_v1.joblib
3,jpeg_q50,QWEN_0148_GPT_Image_15,1,0.06713436543941498,qwen::GPT-Image-1.5,,models/v2/clip_lora_fold3_best_v1.pt,models/v2/v2_10b_h2_balanced_logreg_fold3_v1.joblib
3,jpeg_q50,QWEN_0148_HunyuanImage_30,1,0.013138935901224613,qwen::HunyuanImage-3.0,,models/v2/clip_lora_fold3_best_v1.pt,models/v2/v2_10b_h2_balanced_logreg_fold3_v1.joblib
3,jpeg_q50,QWEN_0148_FLUX2_pro,1,0.014176064170897007,qwen::FLUX.2-pro,,models/v2/clip_lora_fold3_best_v1.pt,models/v2/v2_10b_h2_balanced_logreg_fold3_v1.joblib
3,jpeg_q50,QWEN_0156_Seedream_45,1,0.04316289722919464,qwen::Seedream-4.5,,models/v2/clip_lora_fold3_best_v1.pt,models/v2/v2_10b_h2_balanced_logreg_fold3_v1.joblib
3,jpeg_q50,QWEN_0156_GPT_Image_1,1,0.011979883536696434,qwen::GPT-Image-1,,models/v2/clip_lora_fold3_best_v1.pt,models/v2/v2_10b_h2_balanced_logreg_fold3_v1.joblib
3,jpeg_q50,QWEN_0156_GPT_Image_15,1,0.04572485387325287,qwen::GPT-Image-1.5,,models/v2/clip_lora_fold3_best_v1.pt,models/v2/v2_10b_h2_balanced_logreg_fold3_v1.joblib
3,jpeg_q50,QWEN_0156_HunyuanImage_30,1,0.05761416628956795,qwen::HunyuanImage-3.0,,models/v2/clip_lora_fold3_best_v1.pt,models/v2/v2_10b_h2_balanced_logreg_fold3_v1.joblib
3,jpeg_q50,QWEN_0156_FLUX2_pro,1,0.0310968030244112,qwen::FLUX.2-pro,,models/v2/clip_lora_fold3_best_v1.pt,models/v2/v2_10b_h2_balanced_logreg_fold3_v1.joblib
3,jpeg_q50,QWEN_0158_Seedream_45,1,0.0032799243927001953,qwen::Seedream-4.5,,models/v2/clip_lora_fold3_best_v1.pt,models/v2/v2_10b_h2_balanced_logreg_fold3_v1.joblib
3,jpeg_q50,QWEN_0158_GPT_Image_1,1,0.09521211683750153,qwen::GPT-Image-1,,models/v2/clip_lora_fold3_best_v1.pt,models/v2/v2_10b_h2_balanced_logreg_fold3_v1.joblib
3,jpeg_q50,QWEN_0158_GPT_Image_15,1,0.007950358092784882,qwen::GPT-Image-1.5,,models/v2/clip_lora_fold3_best_v1.pt,models/v2/v2_10b_h2_balanced_logreg_fold3_v1.joblib
3,jpeg_q50,QWEN_0158_HunyuanImage_30,1,0.04332466050982475,qwen::HunyuanImage-3.0,,models/v2/clip_lora_fold3_best_v1.pt,models/v2/v2_10b_h2_balanced_logreg_fold3_v1.joblib
3,jpeg_q50,QWEN_0158_FLUX2_pro,1,0.0029852748848497868,qwen::FLUX.2-pro,,models/v2/clip_lora_fold3_best_v1.pt,models/v2/v2_10b_h2_balanced_logreg_fold3_v1.joblib
3,jpeg_q50,QWEN_0169_Seedream_45,1,0.014916694723069668,qwen::Seedream-4.5,,models/v2/clip_lora_fold3_best_v1.pt,models/v2/v2_10b_h2_balanced_logreg_fold3_v1.joblib
3,jpeg_q50,QWEN_0169_GPT_Image_1,1,0.05624261125922203,qwen::GPT-Image-1,,models/v2/clip_lora_fold3_best_v1.pt,models/v2/v2_10b_h2_balanced_logreg_fold3_v1.joblib
3,jpeg_q50,QWEN_0169_GPT_Image_15,1,0.008474474772810936,qwen::GPT-Image-1.5,,models/v2/clip_lora_fold3_best_v1.pt,models/v2/v2_10b_h2_balanced_logreg_fold3_v1.joblib
3,jpeg_q50,QWEN_0169_HunyuanImage_30,1,0.020345445722341537,qwen::HunyuanImage-3.0,,models/v2/clip_lora_fold3_best_v1.pt,models/v2/v2_10b_h2_balanced_logreg_fold3_v1.joblib
3,jpeg_q50,QWEN_0169_FLUX2_pro,1,0.09260252118110657,qwen::FLUX.2-pro,,models/v2/clip_lora_fold3_best_v1.pt,models/v2/v2_10b_h2_balanced_logreg_fold3_v1.joblib
3,jpeg_q50,QWEN_0184_Seedream_45,1,0.02283025160431862,qwen::Seedream-4.5,,models/v2/clip_lora_fold3_best_v1.pt,models/v2/v2_10b_h2_balanced_logreg_fold3_v1.joblib
3,jpeg_q50,QWEN_0184_GPT_Image_1,1,0.0388358011841774,qwen::GPT-Image-1,,models/v2/clip_lora_fold3_best_v1.pt,models/v2/v2_10b_h2_balanced_logreg_fold3_v1.joblib
3,jpeg_q50,QWEN_0184_GPT_Image_15,1,0.019901113584637642,qwen::GPT-Image-1.5,,models/v2/clip_lora_fold3_best_v1.pt,models/v2/v2_10b_h2_balanced_logreg_fold3_v1.joblib
3,jpeg_q50,QWEN_0184_HunyuanImage_30,1,0.05276719108223915,qwen::HunyuanImage-3.0,,models/v2/clip_lora_fold3_best_v1.pt,models/v2/v2_10b_h2_balanced_logreg_fold3_v1.joblib
3,jpeg_q50,QWEN_0184_FLUX2_pro,1,0.022230790928006172,qwen::FLUX.2-pro,,models/v2/clip_lora_fold3_best_v1.pt,models/v2/v2_10b_h2_balanced_logreg_fold3_v1.joblib
3,jpeg_q50,QWEN_0185_Seedream_45,1,0.06457331031560898,qwen::Seedream-4.5,,models/v2/clip_lora_fold3_best_v1.pt,models/v2/v2_10b_h2_balanced_logreg_fold3_v1.joblib
3,jpeg_q50,QWEN_0185_GPT_Image_1,1,0.07802137732505798,qwen::GPT-Image-1,,models/v2/clip_lora_fold3_best_v1.pt,models/v2/v2_10b_h2_balanced_logreg_fold3_v1.joblib
3,jpeg_q50,QWEN_0185_GPT_Image_15,1,0.045495834201574326,qwen::GPT-Image-1.5,,models/v2/clip_lora_fold3_best_v1.pt,models/v2/v2_10b_h2_balanced_logreg_fold3_v1.joblib
3,jpeg_q50,QWEN_0185_HunyuanImage_30,1,0.055051110684871674,qwen::HunyuanImage-3.0,,models/v2/clip_lora_fold3_best_v1.pt,models/v2/v2_10b_h2_balanced_logreg_fold3_v1.joblib
3,jpeg_q50,QWEN_0185_FLUX2_pro,1,0.08095388114452362,qwen::FLUX.2-pro,,models/v2/clip_lora_fold3_best_v1.pt,models/v2/v2_10b_h2_balanced_logreg_fold3_v1.joblib
3,jpeg_q50,QWEN_0186_Seedream_45,1,0.011339346878230572,qwen::Seedream-4.5,,models/v2/clip_lora_fold3_best_v1.pt,models/v2/v2_10b_h2_balanced_logreg_fold3_v1.joblib
3,jpeg_q50,QWEN_0186_GPT_Image_1,1,0.0010100939543917775,qwen::GPT-Image-1,,models/v2/clip_lora_fold3_best_v1.pt,models/v2/v2_10b_h2_balanced_logreg_fold3_v1.joblib
3,jpeg_q50,QWEN_0186_GPT_Image_15,1,0.0018321998650208116,qwen::GPT-Image-1.5,,models/v2/clip_lora_fold3_best_v1.pt,models/v2/v2_10b_h2_balanced_logreg_fold3_v1.joblib
3,jpeg_q50,QWEN_0186_HunyuanImage_30,1,0.006110359914600849,qwen::HunyuanImage-3.0,,models/v2/clip_lora_fold3_best_v1.pt,models/v2/v2_10b_h2_balanced_logreg_fold3_v1.joblib
3,jpeg_q50,QWEN_0186_FLUX2_pro,1,0.0034463200718164444,qwen::FLUX.2-pro,,models/v2/clip_lora_fold3_best_v1.pt,models/v2/v2_10b_h2_balanced_logreg_fold3_v1.joblib
3,jpeg_q50,QWEN_0212_Seedream_45,1,0.0063607157208025455,qwen::Seedream-4.5,,models/v2/clip_lora_fold3_best_v1.pt,models/v2/v2_10b_h2_balanced_logreg_fold3_v1.joblib
3,jpeg_q50,QWEN_0212_GPT_Image_1,1,0.011641763150691986,qwen::GPT-Image-1,,models/v2/clip_lora_fold3_best_v1.pt,models/v2/v2_10b_h2_balanced_logreg_fold3_v1.joblib
3,jpeg_q50,QWEN_0212_GPT_Image_15,1,0.0033151579555124044,qwen::GPT-Image-1.5,,models/v2/clip_lora_fold3_best_v1.pt,models/v2/v2_10b_h2_balanced_logreg_fold3_v1.joblib
3,jpeg_q50,QWEN_0212_HunyuanImage_30,1,0.007895240560173988,qwen::HunyuanImage-3.0,,models/v2/clip_lora_fold3_best_v1.pt,models/v2/v2_10b_h2_balanced_logreg_fold3_v1.joblib
3,jpeg_q50,QWEN_0212_FLUX2_pro,1,0.001809593290090561,qwen::FLUX.2-pro,,models/v2/clip_lora_fold3_best_v1.pt,models/v2/v2_10b_h2_balanced_logreg_fold3_v1.joblib
3,jpeg_q50,QWEN_0222_Seedream_45,1,0.031167665496468544,qwen::Seedream-4.5,,models/v2/clip_lora_fold3_best_v1.pt,models/v2/v2_10b_h2_balanced_logreg_fold3_v1.joblib
3,jpeg_q50,QWEN_0222_GPT_Image_1,1,0.009973827749490738,qwen::GPT-Image-1,,models/v2/clip_lora_fold3_best_v1.pt,models/v2/v2_10b_h2_balanced_logreg_fold3_v1.joblib
3,jpeg_q50,QWEN_0222_GPT_Image_15,1,0.032026033848524094,qwen::GPT-Image-1.5,,models/v2/clip_lora_fold3_best_v1.pt,models/v2/v2_10b_h2_balanced_logreg_fold3_v1.joblib
3,jpeg_q50,QWEN_0222_HunyuanImage_30,1,0.010846049524843693,qwen::HunyuanImage-3.0,,models/v2/clip_lora_fold3_best_v1.pt,models/v2/v2_10b_h2_balanced_logreg_fold3_v1.joblib
3,jpeg_q50,QWEN_0222_FLUX2_pro,1,0.006770658306777477,qwen::FLUX.2-pro,,models/v2/clip_lora_fold3_best_v1.pt,models/v2/v2_10b_h2_balanced_logreg_fold3_v1.joblib
3,jpeg_q50,QWEN_0239_Seedream_45,1,0.005724674556404352,qwen::Seedream-4.5,,models/v2/clip_lora_fold3_best_v1.pt,models/v2/v2_10b_h2_balanced_logreg_fold3_v1.joblib
3,jpeg_q50,QWEN_0239_GPT_Image_1,1,0.009806908667087555,qwen::GPT-Image-1,,models/v2/clip_lora_fold3_best_v1.pt,models/v2/v2_10b_h2_balanced_logreg_fold3_v1.joblib
3,jpeg_q50,QWEN_0239_GPT_Image_15,1,0.05164040997624397,qwen::GPT-Image-1.5,,models/v2/clip_lora_fold3_best_v1.pt,models/v2/v2_10b_h2_balanced_logreg_fold3_v1.joblib
3,jpeg_q50,QWEN_0239_HunyuanImage_30,1,0.0020615679677575827,qwen::HunyuanImage-3.0,,models/v2/clip_lora_fold3_best_v1.pt,models/v2/v2_10b_h2_balanced_logreg_fold3_v1.joblib
3,jpeg_q50,QWEN_0239_FLUX2_pro,1,0.009923395700752735,qwen::FLUX.2-pro,,models/v2/clip_lora_fold3_best_v1.pt,models/v2/v2_10b_h2_balanced_logreg_fold3_v1.joblib
3,jpeg_q50,QWEN_0260_Seedream_45,1,0.01630435138940811,qwen::Seedream-4.5,,models/v2/clip_lora_fold3_best_v1.pt,models/v2/v2_10b_h2_balanced_logreg_fold3_v1.joblib
3,jpeg_q50,QWEN_0260_GPT_Image_1,1,0.09171470999717712,qwen::GPT-Image-1,,models/v2/clip_lora_fold3_best_v1.pt,models/v2/v2_10b_h2_balanced_logreg_fold3_v1.joblib
3,jpeg_q50,QWEN_0260_GPT_Image_15,1,0.015878232195973396,qwen::GPT-Image-1.5,,models/v2/clip_lora_fold3_best_v1.pt,models/v2/v2_10b_h2_balanced_logreg_fold3_v1.joblib
3,jpeg_q50,QWEN_0260_HunyuanImage_30,1,0.10447273403406143,qwen::HunyuanImage-3.0,,models/v2/clip_lora_fold3_best_v1.pt,models/v2/v2_10b_h2_balanced_logreg_fold3_v1.joblib
3,jpeg_q50,QWEN_0260_FLUX2_pro,1,0.10459141433238983,qwen::FLUX.2-pro,,models/v2/clip_lora_fold3_best_v1.pt,models/v2/v2_10b_h2_balanced_logreg_fold3_v1.joblib
3,jpeg_q50,QWEN_0288_Seedream_45,1,0.0008759116171859205,qwen::Seedream-4.5,,models/v2/clip_lora_fold3_best_v1.pt,models/v2/v2_10b_h2_balanced_logreg_fold3_v1.joblib
3,jpeg_q50,QWEN_0288_GPT_Image_1,1,0.002179305534809828,qwen::GPT-Image-1,,models/v2/clip_lora_fold3_best_v1.pt,models/v2/v2_10b_h2_balanced_logreg_fold3_v1.joblib
3,jpeg_q50,QWEN_0288_GPT_Image_15,1,0.008254720829427242,qwen::GPT-Image-1.5,,models/v2/clip_lora_fold3_best_v1.pt,models/v2/v2_10b_h2_balanced_logreg_fold3_v1.joblib
3,jpeg_q50,QWEN_0288_HunyuanImage_30,1,0.009127107448875904,qwen::HunyuanImage-3.0,,models/v2/clip_lora_fold3_best_v1.pt,models/v2/v2_10b_h2_balanced_logreg_fold3_v1.joblib
3,jpeg_q50,QWEN_0288_FLUX2_pro,1,0.004271849524229765,qwen::FLUX.2-pro,,models/v2/clip_lora_fold3_best_v1.pt,models/v2/v2_10b_h2_balanced_logreg_fold3_v1.joblib
3,jpeg_q50,QWEN_0309_Seedream_45,1,0.003986535128206015,qwen::Seedream-4.5,,models/v2/clip_lora_fold3_best_v1.pt,models/v2/v2_10b_h2_balanced_logreg_fold3_v1.joblib
3,jpeg_q50,QWEN_0309_GPT_Image_1,1,0.0033853771165013313,qwen::GPT-Image-1,,models/v2/clip_lora_fold3_best_v1.pt,models/v2/v2_10b_h2_balanced_logreg_fold3_v1.joblib
3,jpeg_q50,QWEN_0309_GPT_Image_15,1,0.0055445716716349125,qwen::GPT-Image-1.5,,models/v2/clip_lora_fold3_best_v1.pt,models/v2/v2_10b_h2_balanced_logreg_fold3_v1.joblib
3,jpeg_q50,QWEN_0309_HunyuanImage_30,1,0.02571760304272175,qwen::HunyuanImage-3.0,,models/v2/clip_lora_fold3_best_v1.pt,models/v2/v2_10b_h2_balanced_logreg_fold3_v1.joblib
3,jpeg_q50,QWEN_0309_FLUX2_pro,1,0.018177680671215057,qwen::FLUX.2-pro,,models/v2/clip_lora_fold3_best_v1.pt,models/v2/v2_10b_h2_balanced_logreg_fold3_v1.joblib
3,jpeg_q50,QWEN_0315_Seedream_45,1,0.004352640360593796,qwen::Seedream-4.5,,models/v2/clip_lora_fold3_best_v1.pt,models/v2/v2_10b_h2_balanced_logreg_fold3_v1.joblib
3,jpeg_q50,QWEN_0315_GPT_Image_1,1,0.0007881660130806267,qwen::GPT-Image-1,,models/v2/clip_lora_fold3_best_v1.pt,models/v2/v2_10b_h2_balanced_logreg_fold3_v1.joblib
3,jpeg_q50,QWEN_0315_GPT_Image_15,1,0.012350569479167461,qwen::GPT-Image-1.5,,models/v2/clip_lora_fold3_best_v1.pt,models/v2/v2_10b_h2_balanced_logreg_fold3_v1.joblib
3,jpeg_q50,QWEN_0315_HunyuanImage_30,1,0.010944938287138939,qwen::HunyuanImage-3.0,,models/v2/clip_lora_fold3_best_v1.pt,models/v2/v2_10b_h2_balanced_logreg_fold3_v1.joblib
3,jpeg_q50,QWEN_0315_FLUX2_pro,1,0.0022404587361961603,qwen::FLUX.2-pro,,models/v2/clip_lora_fold3_best_v1.pt,models/v2/v2_10b_h2_balanced_logreg_fold3_v1.joblib
3,jpeg_q50,QWEN_0323_Seedream_45,1,0.0023365593515336514,qwen::Seedream-4.5,,models/v2/clip_lora_fold3_best_v1.pt,models/v2/v2_10b_h2_balanced_logreg_fold3_v1.joblib
3,jpeg_q50,QWEN_0323_GPT_Image_1,1,0.004451146814972162,qwen::GPT-Image-1,,models/v2/clip_lora_fold3_best_v1.pt,models/v2/v2_10b_h2_balanced_logreg_fold3_v1.joblib
3,jpeg_q50,QWEN_0323_GPT_Image_15,1,0.0057647982612252235,qwen::GPT-Image-1.5,,models/v2/clip_lora_fold3_best_v1.pt,models/v2/v2_10b_h2_balanced_logreg_fold3_v1.joblib
3,jpeg_q50,QWEN_0323_HunyuanImage_30,1,0.0129212886095047,qwen::HunyuanImage-3.0,,models/v2/clip_lora_fold3_best_v1.pt,models/v2/v2_10b_h2_balanced_logreg_fold3_v1.joblib
3,jpeg_q50,QWEN_0323_FLUX2_pro,1,0.008254802785813808,qwen::FLUX.2-pro,,models/v2/clip_lora_fold3_best_v1.pt,models/v2/v2_10b_h2_balanced_logreg_fold3_v1.joblib
3,jpeg_q50,QWEN_0335_Seedream_45,1,0.009350075386464596,qwen::Seedream-4.5,,models/v2/clip_lora_fold3_best_v1.pt,models/v2/v2_10b_h2_balanced_logreg_fold3_v1.joblib
3,jpeg_q50,QWEN_0335_GPT_Image_1,1,0.014675965532660484,qwen::GPT-Image-1,,models/v2/clip_lora_fold3_best_v1.pt,models/v2/v2_10b_h2_balanced_logreg_fold3_v1.joblib
3,jpeg_q50,QWEN_0335_GPT_Image_15,1,0.0034444108605384827,qwen::GPT-Image-1.5,,models/v2/clip_lora_fold3_best_v1.pt,models/v2/v2_10b_h2_balanced_logreg_fold3_v1.joblib
3,jpeg_q50,QWEN_0335_HunyuanImage_30,1,0.00921725295484066,qwen::HunyuanImage-3.0,,models/v2/clip_lora_fold3_best_v1.pt,models/v2/v2_10b_h2_balanced_logreg_fold3_v1.joblib
3,jpeg_q50,QWEN_0335_FLUX2_pro,1,0.002284444635733962,qwen::FLUX.2-pro,,models/v2/clip_lora_fold3_best_v1.pt,models/v2/v2_10b_h2_balanced_logreg_fold3_v1.joblib
3,jpeg_q50,QWEN_0342_Seedream_45,1,0.034898195415735245,qwen::Seedream-4.5,,models/v2/clip_lora_fold3_best_v1.pt,models/v2/v2_10b_h2_balanced_logreg_fold3_v1.joblib
3,jpeg_q50,QWEN_0342_GPT_Image_1,1,0.0057151177898049355,qwen::GPT-Image-1,,models/v2/clip_lora_fold3_best_v1.pt,models/v2/v2_10b_h2_balanced_logreg_fold3_v1.joblib
3,jpeg_q50,QWEN_0342_GPT_Image_15,1,0.017740637063980103,qwen::GPT-Image-1.5,,models/v2/clip_lora_fold3_best_v1.pt,models/v2/v2_10b_h2_balanced_logreg_fold3_v1.joblib
3,jpeg_q50,QWEN_0342_HunyuanImage_30,1,0.008768964558839798,qwen::HunyuanImage-3.0,,models/v2/clip_lora_fold3_best_v1.pt,models/v2/v2_10b_h2_balanced_logreg_fold3_v1.joblib
3,jpeg_q50,QWEN_0342_FLUX2_pro,1,0.0024774300400167704,qwen::FLUX.2-pro,,models/v2/clip_lora_fold3_best_v1.pt,models/v2/v2_10b_h2_balanced_logreg_fold3_v1.joblib
3,jpeg_q50,QWEN_0347_Seedream_45,1,0.00954294390976429,qwen::Seedream-4.5,,models/v2/clip_lora_fold3_best_v1.pt,models/v2/v2_10b_h2_balanced_logreg_fold3_v1.joblib
3,jpeg_q50,QWEN_0347_GPT_Image_1,1,0.0200737826526165,qwen::GPT-Image-1,,models/v2/clip_lora_fold3_best_v1.pt,models/v2/v2_10b_h2_balanced_logreg_fold3_v1.joblib
3,jpeg_q50,QWEN_0347_GPT_Image_15,1,0.004226430784910917,qwen::GPT-Image-1.5,,models/v2/clip_lora_fold3_best_v1.pt,models/v2/v2_10b_h2_balanced_logreg_fold3_v1.joblib
3,jpeg_q50,QWEN_0347_HunyuanImage_30,1,0.011619454249739647,qwen::HunyuanImage-3.0,,models/v2/clip_lora_fold3_best_v1.pt,models/v2/v2_10b_h2_balanced_logreg_fold3_v1.joblib
3,jpeg_q50,QWEN_0347_FLUX2_pro,1,0.001780173392035067,qwen::FLUX.2-pro,,models/v2/clip_lora_fold3_best_v1.pt,models/v2/v2_10b_h2_balanced_logreg_fold3_v1.joblib
3,jpeg_q50,QWEN_0354_Seedream_45,1,0.0142276082187891,qwen::Seedream-4.5,,models/v2/clip_lora_fold3_best_v1.pt,models/v2/v2_10b_h2_balanced_logreg_fold3_v1.joblib
3,jpeg_q50,QWEN_0354_GPT_Image_1,1,0.018810894340276718,qwen::GPT-Image-1,,models/v2/clip_lora_fold3_best_v1.pt,models/v2/v2_10b_h2_balanced_logreg_fold3_v1.joblib
3,jpeg_q50,QWEN_0354_GPT_Image_15,1,0.02690250426530838,qwen::GPT-Image-1.5,,models/v2/clip_lora_fold3_best_v1.pt,models/v2/v2_10b_h2_balanced_logreg_fold3_v1.joblib
3,jpeg_q50,QWEN_0354_HunyuanImage_30,1,0.014046136289834976,qwen::HunyuanImage-3.0,,models/v2/clip_lora_fold3_best_v1.pt,models/v2/v2_10b_h2_balanced_logreg_fold3_v1.joblib
3,jpeg_q50,QWEN_0354_FLUX2_pro,1,0.005342898424714804,qwen::FLUX.2-pro,,models/v2/clip_lora_fold3_best_v1.pt,models/v2/v2_10b_h2_balanced_logreg_fold3_v1.joblib
3,jpeg_q50,QWEN_0359_Seedream_45,1,0.004699513781815767,qwen::Seedream-4.5,,models/v2/clip_lora_fold3_best_v1.pt,models/v2/v2_10b_h2_balanced_logreg_fold3_v1.joblib
3,jpeg_q50,QWEN_0359_GPT_Image_1,1,0.018228309229016304,qwen::GPT-Image-1,,models/v2/clip_lora_fold3_best_v1.pt,models/v2/v2_10b_h2_balanced_logreg_fold3_v1.joblib
3,jpeg_q50,QWEN_0359_GPT_Image_15,1,0.005905145779252052,qwen::GPT-Image-1.5,,models/v2/clip_lora_fold3_best_v1.pt,models/v2/v2_10b_h2_balanced_logreg_fold3_v1.joblib
3,jpeg_q50,QWEN_0359_HunyuanImage_30,1,0.01944134756922722,qwen::HunyuanImage-3.0,,models/v2/clip_lora_fold3_best_v1.pt,models/v2/v2_10b_h2_balanced_logreg_fold3_v1.joblib
3,jpeg_q50,QWEN_0359_FLUX2_pro,1,0.002827269723638892,qwen::FLUX.2-pro,,models/v2/clip_lora_fold3_best_v1.pt,models/v2/v2_10b_h2_balanced_logreg_fold3_v1.joblib
3,jpeg_q50,QWEN_0374_Seedream_45,1,0.004428396932780743,qwen::Seedream-4.5,,models/v2/clip_lora_fold3_best_v1.pt,models/v2/v2_10b_h2_balanced_logreg_fold3_v1.joblib
3,jpeg_q50,QWEN_0374_GPT_Image_1,1,0.08296769112348557,qwen::GPT-Image-1,,models/v2/clip_lora_fold3_best_v1.pt,models/v2/v2_10b_h2_balanced_logreg_fold3_v1.joblib
3,jpeg_q50,QWEN_0374_GPT_Image_15,1,0.0198660995811224,qwen::GPT-Image-1.5,,models/v2/clip_lora_fold3_best_v1.pt,models/v2/v2_10b_h2_balanced_logreg_fold3_v1.joblib
3,jpeg_q50,QWEN_0374_HunyuanImage_30,1,0.005363937001675367,qwen::HunyuanImage-3.0,,models/v2/clip_lora_fold3_best_v1.pt,models/v2/v2_10b_h2_balanced_logreg_fold3_v1.joblib
3,jpeg_q50,QWEN_0374_FLUX2_pro,1,0.015302172861993313,qwen::FLUX.2-pro,,models/v2/clip_lora_fold3_best_v1.pt,models/v2/v2_10b_h2_balanced_logreg_fold3_v1.joblib
3,jpeg_q50,QWEN_0386_Seedream_45,1,0.002713708905503154,qwen::Seedream-4.5,,models/v2/clip_lora_fold3_best_v1.pt,models/v2/v2_10b_h2_balanced_logreg_fold3_v1.joblib
3,jpeg_q50,QWEN_0386_GPT_Image_1,1,0.002168406965211034,qwen::GPT-Image-1,,models/v2/clip_lora_fold3_best_v1.pt,models/v2/v2_10b_h2_balanced_logreg_fold3_v1.joblib
3,jpeg_q50,QWEN_0386_GPT_Image_15,1,0.005523342173546553,qwen::GPT-Image-1.5,,models/v2/clip_lora_fold3_best_v1.pt,models/v2/v2_10b_h2_balanced_logreg_fold3_v1.joblib
3,jpeg_q50,QWEN_0386_HunyuanImage_30,1,0.013548899441957474,qwen::HunyuanImage-3.0,,models/v2/clip_lora_fold3_best_v1.pt,models/v2/v2_10b_h2_balanced_logreg_fold3_v1.joblib
3,jpeg_q50,QWEN_0386_FLUX2_pro,1,0.01726163923740387,qwen::FLUX.2-pro,,models/v2/clip_lora_fold3_best_v1.pt,models/v2/v2_10b_h2_balanced_logreg_fold3_v1.joblib
3,jpeg_q50,QWEN_0392_Seedream_45,1,0.0017227557254955173,qwen::Seedream-4.5,,models/v2/clip_lora_fold3_best_v1.pt,models/v2/v2_10b_h2_balanced_logreg_fold3_v1.joblib
3,jpeg_q50,QWEN_0392_GPT_Image_1,1,0.011645456776022911,qwen::GPT-Image-1,,models/v2/clip_lora_fold3_best_v1.pt,models/v2/v2_10b_h2_balanced_logreg_fold3_v1.joblib
3,jpeg_q50,QWEN_0392_GPT_Image_15,1,0.011870111338794231,qwen::GPT-Image-1.5,,models/v2/clip_lora_fold3_best_v1.pt,models/v2/v2_10b_h2_balanced_logreg_fold3_v1.joblib
3,jpeg_q50,QWEN_0392_HunyuanImage_30,1,0.007136465050280094,qwen::HunyuanImage-3.0,,models/v2/clip_lora_fold3_best_v1.pt,models/v2/v2_10b_h2_balanced_logreg_fold3_v1.joblib
3,jpeg_q50,QWEN_0392_FLUX2_pro,1,0.0017377109033986926,qwen::FLUX.2-pro,,models/v2/clip_lora_fold3_best_v1.pt,models/v2/v2_10b_h2_balanced_logreg_fold3_v1.joblib
3,jpeg_q50,QWEN_0397_Seedream_45,1,0.018984615802764893,qwen::Seedream-4.5,,models/v2/clip_lora_fold3_best_v1.pt,models/v2/v2_10b_h2_balanced_logreg_fold3_v1.joblib
3,jpeg_q50,QWEN_0397_GPT_Image_1,1,0.0009432771475985646,qwen::GPT-Image-1,,models/v2/clip_lora_fold3_best_v1.pt,models/v2/v2_10b_h2_balanced_logreg_fold3_v1.joblib
3,jpeg_q50,QWEN_0397_GPT_Image_15,1,0.002464211778715253,qwen::GPT-Image-1.5,,models/v2/clip_lora_fold3_best_v1.pt,models/v2/v2_10b_h2_balanced_logreg_fold3_v1.joblib
3,jpeg_q50,QWEN_0397_HunyuanImage_30,1,0.01207117922604084,qwen::HunyuanImage-3.0,,models/v2/clip_lora_fold3_best_v1.pt,models/v2/v2_10b_h2_balanced_logreg_fold3_v1.joblib
3,jpeg_q50,QWEN_0397_FLUX2_pro,1,0.003704659640789032,qwen::FLUX.2-pro,,models/v2/clip_lora_fold3_best_v1.pt,models/v2/v2_10b_h2_balanced_logreg_fold3_v1.joblib
3,jpeg_q50,QWEN_0413_Seedream_45,1,0.0021235491149127483,qwen::Seedream-4.5,,models/v2/clip_lora_fold3_best_v1.pt,models/v2/v2_10b_h2_balanced_logreg_fold3_v1.joblib
3,jpeg_q50,QWEN_0413_GPT_Image_1,1,0.0005690614343620837,qwen::GPT-Image-1,,models/v2/clip_lora_fold3_best_v1.pt,models/v2/v2_10b_h2_balanced_logreg_fold3_v1.joblib
3,jpeg_q50,QWEN_0413_GPT_Image_15,1,0.001080943737179041,qwen::GPT-Image-1.5,,models/v2/clip_lora_fold3_best_v1.pt,models/v2/v2_10b_h2_balanced_logreg_fold3_v1.joblib
3,jpeg_q50,QWEN_0413_HunyuanImage_30,1,0.0031356599647551775,qwen::HunyuanImage-3.0,,models/v2/clip_lora_fold3_best_v1.pt,models/v2/v2_10b_h2_balanced_logreg_fold3_v1.joblib
3,jpeg_q50,QWEN_0413_FLUX2_pro,1,0.0011971918866038322,qwen::FLUX.2-pro,,models/v2/clip_lora_fold3_best_v1.pt,models/v2/v2_10b_h2_balanced_logreg_fold3_v1.joblib
3,jpeg_q50,QWEN_0415_Seedream_45,1,0.2746179699897766,qwen::Seedream-4.5,,models/v2/clip_lora_fold3_best_v1.pt,models/v2/v2_10b_h2_balanced_logreg_fold3_v1.joblib
3,jpeg_q50,QWEN_0415_GPT_Image_1,1,0.01122759748250246,qwen::GPT-Image-1,,models/v2/clip_lora_fold3_best_v1.pt,models/v2/v2_10b_h2_balanced_logreg_fold3_v1.joblib
3,jpeg_q50,QWEN_0415_GPT_Image_15,1,0.019276339560747147,qwen::GPT-Image-1.5,,models/v2/clip_lora_fold3_best_v1.pt,models/v2/v2_10b_h2_balanced_logreg_fold3_v1.joblib
3,jpeg_q50,QWEN_0415_HunyuanImage_30,1,0.016435407102108,qwen::HunyuanImage-3.0,,models/v2/clip_lora_fold3_best_v1.pt,models/v2/v2_10b_h2_balanced_logreg_fold3_v1.joblib
3,jpeg_q50,QWEN_0415_FLUX2_pro,1,0.020719517022371292,qwen::FLUX.2-pro,,models/v2/clip_lora_fold3_best_v1.pt,models/v2/v2_10b_h2_balanced_logreg_fold3_v1.joblib
3,jpeg_q50,QWEN_0420_Seedream_45,1,0.005228724796324968,qwen::Seedream-4.5,,models/v2/clip_lora_fold3_best_v1.pt,models/v2/v2_10b_h2_balanced_logreg_fold3_v1.joblib
3,jpeg_q50,QWEN_0420_GPT_Image_1,1,0.02785002626478672,qwen::GPT-Image-1,,models/v2/clip_lora_fold3_best_v1.pt,models/v2/v2_10b_h2_balanced_logreg_fold3_v1.joblib
3,jpeg_q50,QWEN_0420_GPT_Image_15,1,0.0019178970251232386,qwen::GPT-Image-1.5,,models/v2/clip_lora_fold3_best_v1.pt,models/v2/v2_10b_h2_balanced_logreg_fold3_v1.joblib
3,jpeg_q50,QWEN_0420_HunyuanImage_30,1,0.007154837250709534,qwen::HunyuanImage-3.0,,models/v2/clip_lora_fold3_best_v1.pt,models/v2/v2_10b_h2_balanced_logreg_fold3_v1.joblib
3,jpeg_q50,QWEN_0420_FLUX2_pro,1,0.0009951962856575847,qwen::FLUX.2-pro,,models/v2/clip_lora_fold3_best_v1.pt,models/v2/v2_10b_h2_balanced_logreg_fold3_v1.joblib
3,jpeg_q50,QWEN_0423_Seedream_45,1,0.6547622680664062,qwen::Seedream-4.5,,models/v2/clip_lora_fold3_best_v1.pt,models/v2/v2_10b_h2_balanced_logreg_fold3_v1.joblib
3,jpeg_q50,QWEN_0423_GPT_Image_1,1,0.7822989225387573,qwen::GPT-Image-1,,models/v2/clip_lora_fold3_best_v1.pt,models/v2/v2_10b_h2_balanced_logreg_fold3_v1.joblib
3,jpeg_q50,QWEN_0423_GPT_Image_15,1,0.4506274163722992,qwen::GPT-Image-1.5,,models/v2/clip_lora_fold3_best_v1.pt,models/v2/v2_10b_h2_balanced_logreg_fold3_v1.joblib
3,jpeg_q50,QWEN_0423_HunyuanImage_30,1,0.5006567239761353,qwen::HunyuanImage-3.0,,models/v2/clip_lora_fold3_best_v1.pt,models/v2/v2_10b_h2_balanced_logreg_fold3_v1.joblib
3,jpeg_q50,QWEN_0423_FLUX2_pro,1,0.4898247718811035,qwen::FLUX.2-pro,,models/v2/clip_lora_fold3_best_v1.pt,models/v2/v2_10b_h2_balanced_logreg_fold3_v1.joblib
3,jpeg_q50,QWEN_0430_Seedream_45,1,0.02686242386698723,qwen::Seedream-4.5,,models/v2/clip_lora_fold3_best_v1.pt,models/v2/v2_10b_h2_balanced_logreg_fold3_v1.joblib
3,jpeg_q50,QWEN_0430_GPT_Image_1,1,0.18201462924480438,qwen::GPT-Image-1,,models/v2/clip_lora_fold3_best_v1.pt,models/v2/v2_10b_h2_balanced_logreg_fold3_v1.joblib
3,jpeg_q50,QWEN_0430_GPT_Image_15,1,0.08608199656009674,qwen::GPT-Image-1.5,,models/v2/clip_lora_fold3_best_v1.pt,models/v2/v2_10b_h2_balanced_logreg_fold3_v1.joblib
3,jpeg_q50,QWEN_0430_HunyuanImage_30,1,0.13947135210037231,qwen::HunyuanImage-3.0,,models/v2/clip_lora_fold3_best_v1.pt,models/v2/v2_10b_h2_balanced_logreg_fold3_v1.joblib
3,jpeg_q50,QWEN_0430_FLUX2_pro,1,0.07840882986783981,qwen::FLUX.2-pro,,models/v2/clip_lora_fold3_best_v1.pt,models/v2/v2_10b_h2_balanced_logreg_fold3_v1.joblib
3,jpeg_q50,QWEN_0432_Seedream_45,1,0.029313398525118828,qwen::Seedream-4.5,,models/v2/clip_lora_fold3_best_v1.pt,models/v2/v2_10b_h2_balanced_logreg_fold3_v1.joblib
3,jpeg_q50,QWEN_0432_GPT_Image_1,1,0.38174915313720703,qwen::GPT-Image-1,,models/v2/clip_lora_fold3_best_v1.pt,models/v2/v2_10b_h2_balanced_logreg_fold3_v1.joblib
3,jpeg_q50,QWEN_0432_GPT_Image_15,1,0.416975736618042,qwen::GPT-Image-1.5,,models/v2/clip_lora_fold3_best_v1.pt,models/v2/v2_10b_h2_balanced_logreg_fold3_v1.joblib
3,jpeg_q50,QWEN_0432_HunyuanImage_30,1,0.04206906631588936,qwen::HunyuanImage-3.0,,models/v2/clip_lora_fold3_best_v1.pt,models/v2/v2_10b_h2_balanced_logreg_fold3_v1.joblib
3,jpeg_q50,QWEN_0432_FLUX2_pro,1,0.037954047322273254,qwen::FLUX.2-pro,,models/v2/clip_lora_fold3_best_v1.pt,models/v2/v2_10b_h2_balanced_logreg_fold3_v1.joblib
3,jpeg_q50,QWEN_0446_Seedream_45,1,0.2935122549533844,qwen::Seedream-4.5,,models/v2/clip_lora_fold3_best_v1.pt,models/v2/v2_10b_h2_balanced_logreg_fold3_v1.joblib
3,jpeg_q50,QWEN_0446_GPT_Image_1,1,0.4277087152004242,qwen::GPT-Image-1,,models/v2/clip_lora_fold3_best_v1.pt,models/v2/v2_10b_h2_balanced_logreg_fold3_v1.joblib
3,jpeg_q50,QWEN_0446_GPT_Image_15,1,0.06275232136249542,qwen::GPT-Image-1.5,,models/v2/clip_lora_fold3_best_v1.pt,models/v2/v2_10b_h2_balanced_logreg_fold3_v1.joblib
3,jpeg_q50,QWEN_0446_HunyuanImage_30,1,0.27082186937332153,qwen::HunyuanImage-3.0,,models/v2/clip_lora_fold3_best_v1.pt,models/v2/v2_10b_h2_balanced_logreg_fold3_v1.joblib
3,jpeg_q50,QWEN_0446_FLUX2_pro,1,0.01643865928053856,qwen::FLUX.2-pro,,models/v2/clip_lora_fold3_best_v1.pt,models/v2/v2_10b_h2_balanced_logreg_fold3_v1.joblib
3,jpeg_q50,QWEN_0451_Seedream_45,1,0.7132819294929504,qwen::Seedream-4.5,,models/v2/clip_lora_fold3_best_v1.pt,models/v2/v2_10b_h2_balanced_logreg_fold3_v1.joblib
3,jpeg_q50,QWEN_0451_GPT_Image_1,1,0.6493706107139587,qwen::GPT-Image-1,,models/v2/clip_lora_fold3_best_v1.pt,models/v2/v2_10b_h2_balanced_logreg_fold3_v1.joblib
3,jpeg_q50,QWEN_0451_GPT_Image_15,1,0.3018159866333008,qwen::GPT-Image-1.5,,models/v2/clip_lora_fold3_best_v1.pt,models/v2/v2_10b_h2_balanced_logreg_fold3_v1.joblib
3,jpeg_q50,QWEN_0451_HunyuanImage_30,1,0.24602147936820984,qwen::HunyuanImage-3.0,,models/v2/clip_lora_fold3_best_v1.pt,models/v2/v2_10b_h2_balanced_logreg_fold3_v1.joblib
3,jpeg_q50,QWEN_0451_FLUX2_pro,1,0.016820183023810387,qwen::FLUX.2-pro,,models/v2/clip_lora_fold3_best_v1.pt,models/v2/v2_10b_h2_balanced_logreg_fold3_v1.joblib
3,jpeg_q50,QWEN_0456_Seedream_45,1,0.1607576310634613,qwen::Seedream-4.5,,models/v2/clip_lora_fold3_best_v1.pt,models/v2/v2_10b_h2_balanced_logreg_fold3_v1.joblib
3,jpeg_q50,QWEN_0456_GPT_Image_1,1,0.07102713733911514,qwen::GPT-Image-1,,models/v2/clip_lora_fold3_best_v1.pt,models/v2/v2_10b_h2_balanced_logreg_fold3_v1.joblib
3,jpeg_q50,QWEN_0456_GPT_Image_15,1,0.299164354801178,qwen::GPT-Image-1.5,,models/v2/clip_lora_fold3_best_v1.pt,models/v2/v2_10b_h2_balanced_logreg_fold3_v1.joblib
3,jpeg_q50,QWEN_0456_HunyuanImage_30,1,0.10614298284053802,qwen::HunyuanImage-3.0,,models/v2/clip_lora_fold3_best_v1.pt,models/v2/v2_10b_h2_balanced_logreg_fold3_v1.joblib
3,jpeg_q50,QWEN_0456_FLUX2_pro,1,0.06756250560283661,qwen::FLUX.2-pro,,models/v2/clip_lora_fold3_best_v1.pt,models/v2/v2_10b_h2_balanced_logreg_fold3_v1.joblib
3,jpeg_q50,QWEN_0461_Seedream_45,1,0.008369998075067997,qwen::Seedream-4.5,,models/v2/clip_lora_fold3_best_v1.pt,models/v2/v2_10b_h2_balanced_logreg_fold3_v1.joblib
3,jpeg_q50,QWEN_0461_GPT_Image_1,1,0.07085734605789185,qwen::GPT-Image-1,,models/v2/clip_lora_fold3_best_v1.pt,models/v2/v2_10b_h2_balanced_logreg_fold3_v1.joblib
3,jpeg_q50,QWEN_0461_GPT_Image_15,1,0.0026076375506818295,qwen::GPT-Image-1.5,,models/v2/clip_lora_fold3_best_v1.pt,models/v2/v2_10b_h2_balanced_logreg_fold3_v1.joblib
3,jpeg_q50,QWEN_0461_HunyuanImage_30,1,0.0003060962771996856,qwen::HunyuanImage-3.0,,models/v2/clip_lora_fold3_best_v1.pt,models/v2/v2_10b_h2_balanced_logreg_fold3_v1.joblib
3,jpeg_q50,QWEN_0461_FLUX2_pro,1,0.00027015828527510166,qwen::FLUX.2-pro,,models/v2/clip_lora_fold3_best_v1.pt,models/v2/v2_10b_h2_balanced_logreg_fold3_v1.joblib
3,jpeg_q50,QWEN_0465_Seedream_45,1,0.00045810258598066866,qwen::Seedream-4.5,,models/v2/clip_lora_fold3_best_v1.pt,models/v2/v2_10b_h2_balanced_logreg_fold3_v1.joblib
3,jpeg_q50,QWEN_0465_GPT_Image_1,1,0.001595249050296843,qwen::GPT-Image-1,,models/v2/clip_lora_fold3_best_v1.pt,models/v2/v2_10b_h2_balanced_logreg_fold3_v1.joblib
3,jpeg_q50,QWEN_0465_GPT_Image_15,1,0.0027661945205181837,qwen::GPT-Image-1.5,,models/v2/clip_lora_fold3_best_v1.pt,models/v2/v2_10b_h2_balanced_logreg_fold3_v1.joblib
3,jpeg_q50,QWEN_0465_HunyuanImage_30,1,0.00037464682827703655,qwen::HunyuanImage-3.0,,models/v2/clip_lora_fold3_best_v1.pt,models/v2/v2_10b_h2_balanced_logreg_fold3_v1.joblib
3,jpeg_q50,QWEN_0465_FLUX2_pro,1,0.00023614235396962613,qwen::FLUX.2-pro,,models/v2/clip_lora_fold3_best_v1.pt,models/v2/v2_10b_h2_balanced_logreg_fold3_v1.joblib
3,jpeg_q50,QWEN_0471_Seedream_45,1,0.0007968522259034216,qwen::Seedream-4.5,,models/v2/clip_lora_fold3_best_v1.pt,models/v2/v2_10b_h2_balanced_logreg_fold3_v1.joblib
3,jpeg_q50,QWEN_0471_GPT_Image_1,1,0.00011457227083155885,qwen::GPT-Image-1,,models/v2/clip_lora_fold3_best_v1.pt,models/v2/v2_10b_h2_balanced_logreg_fold3_v1.joblib
3,jpeg_q50,QWEN_0471_GPT_Image_15,1,0.0009303936967626214,qwen::GPT-Image-1.5,,models/v2/clip_lora_fold3_best_v1.pt,models/v2/v2_10b_h2_balanced_logreg_fold3_v1.joblib
3,jpeg_q50,QWEN_0471_HunyuanImage_30,1,0.0003706283459905535,qwen::HunyuanImage-3.0,,models/v2/clip_lora_fold3_best_v1.pt,models/v2/v2_10b_h2_balanced_logreg_fold3_v1.joblib
3,jpeg_q50,QWEN_0471_FLUX2_pro,1,0.00036335550248622894,qwen::FLUX.2-pro,,models/v2/clip_lora_fold3_best_v1.pt,models/v2/v2_10b_h2_balanced_logreg_fold3_v1.joblib
3,jpeg_q50,QWEN_0476_Seedream_45,1,0.004418166354298592,qwen::Seedream-4.5,,models/v2/clip_lora_fold3_best_v1.pt,models/v2/v2_10b_h2_balanced_logreg_fold3_v1.joblib
3,jpeg_q50,QWEN_0476_GPT_Image_1,1,0.00018114187696482986,qwen::GPT-Image-1,,models/v2/clip_lora_fold3_best_v1.pt,models/v2/v2_10b_h2_balanced_logreg_fold3_v1.joblib
3,jpeg_q50,QWEN_0476_GPT_Image_15,1,0.0007542885141447186,qwen::GPT-Image-1.5,,models/v2/clip_lora_fold3_best_v1.pt,models/v2/v2_10b_h2_balanced_logreg_fold3_v1.joblib
3,jpeg_q50,QWEN_0476_HunyuanImage_30,1,0.000845976232085377,qwen::HunyuanImage-3.0,,models/v2/clip_lora_fold3_best_v1.pt,models/v2/v2_10b_h2_balanced_logreg_fold3_v1.joblib
3,jpeg_q50,QWEN_0476_FLUX2_pro,1,0.0017544307047501206,qwen::FLUX.2-pro,,models/v2/clip_lora_fold3_best_v1.pt,models/v2/v2_10b_h2_balanced_logreg_fold3_v1.joblib
3,jpeg_q50,QWEN_0480_Seedream_45,1,0.004514211323112249,qwen::Seedream-4.5,,models/v2/clip_lora_fold3_best_v1.pt,models/v2/v2_10b_h2_balanced_logreg_fold3_v1.joblib
3,jpeg_q50,QWEN_0480_GPT_Image_1,1,0.005614698864519596,qwen::GPT-Image-1,,models/v2/clip_lora_fold3_best_v1.pt,models/v2/v2_10b_h2_balanced_logreg_fold3_v1.joblib
3,jpeg_q50,QWEN_0480_GPT_Image_15,1,0.004937729798257351,qwen::GPT-Image-1.5,,models/v2/clip_lora_fold3_best_v1.pt,models/v2/v2_10b_h2_balanced_logreg_fold3_v1.joblib
3,jpeg_q50,QWEN_0480_HunyuanImage_30,1,0.006961326114833355,qwen::HunyuanImage-3.0,,models/v2/clip_lora_fold3_best_v1.pt,models/v2/v2_10b_h2_balanced_logreg_fold3_v1.joblib
3,jpeg_q50,QWEN_0480_FLUX2_pro,1,0.0008270827820524573,qwen::FLUX.2-pro,,models/v2/clip_lora_fold3_best_v1.pt,models/v2/v2_10b_h2_balanced_logreg_fold3_v1.joblib
3,jpeg_q50,QWEN_0507_Seedream_45,1,0.002576366299763322,qwen::Seedream-4.5,,models/v2/clip_lora_fold3_best_v1.pt,models/v2/v2_10b_h2_balanced_logreg_fold3_v1.joblib
3,jpeg_q50,QWEN_0507_GPT_Image_1,1,0.0002749934501480311,qwen::GPT-Image-1,,models/v2/clip_lora_fold3_best_v1.pt,models/v2/v2_10b_h2_balanced_logreg_fold3_v1.joblib
3,jpeg_q50,QWEN_0507_GPT_Image_15,1,0.0010608904995024204,qwen::GPT-Image-1.5,,models/v2/clip_lora_fold3_best_v1.pt,models/v2/v2_10b_h2_balanced_logreg_fold3_v1.joblib
3,jpeg_q50,QWEN_0507_HunyuanImage_30,1,0.004092224407941103,qwen::HunyuanImage-3.0,,models/v2/clip_lora_fold3_best_v1.pt,models/v2/v2_10b_h2_balanced_logreg_fold3_v1.joblib
3,jpeg_q50,QWEN_0507_FLUX2_pro,1,0.008562288247048855,qwen::FLUX.2-pro,,models/v2/clip_lora_fold3_best_v1.pt,models/v2/v2_10b_h2_balanced_logreg_fold3_v1.joblib
3,jpeg_q50,QWEN_0518_Seedream_45,1,0.009106121025979519,qwen::Seedream-4.5,,models/v2/clip_lora_fold3_best_v1.pt,models/v2/v2_10b_h2_balanced_logreg_fold3_v1.joblib
3,jpeg_q50,QWEN_0518_GPT_Image_1,1,0.0025760368444025517,qwen::GPT-Image-1,,models/v2/clip_lora_fold3_best_v1.pt,models/v2/v2_10b_h2_balanced_logreg_fold3_v1.joblib
3,jpeg_q50,QWEN_0518_GPT_Image_15,1,0.00198562815785408,qwen::GPT-Image-1.5,,models/v2/clip_lora_fold3_best_v1.pt,models/v2/v2_10b_h2_balanced_logreg_fold3_v1.joblib
3,jpeg_q50,QWEN_0518_HunyuanImage_30,1,0.005315458867698908,qwen::HunyuanImage-3.0,,models/v2/clip_lora_fold3_best_v1.pt,models/v2/v2_10b_h2_balanced_logreg_fold3_v1.joblib
3,jpeg_q50,QWEN_0518_FLUX2_pro,1,0.005918347276747227,qwen::FLUX.2-pro,,models/v2/clip_lora_fold3_best_v1.pt,models/v2/v2_10b_h2_balanced_logreg_fold3_v1.joblib
3,jpeg_q50,QWEN_0524_Seedream_45,1,0.014277229085564613,qwen::Seedream-4.5,,models/v2/clip_lora_fold3_best_v1.pt,models/v2/v2_10b_h2_balanced_logreg_fold3_v1.joblib
3,jpeg_q50,QWEN_0524_GPT_Image_1,1,0.007949906401336193,qwen::GPT-Image-1,,models/v2/clip_lora_fold3_best_v1.pt,models/v2/v2_10b_h2_balanced_logreg_fold3_v1.joblib
3,jpeg_q50,QWEN_0524_GPT_Image_15,1,0.009137467481195927,qwen::GPT-Image-1.5,,models/v2/clip_lora_fold3_best_v1.pt,models/v2/v2_10b_h2_balanced_logreg_fold3_v1.joblib
3,jpeg_q50,QWEN_0524_HunyuanImage_30,1,0.013528833165764809,qwen::HunyuanImage-3.0,,models/v2/clip_lora_fold3_best_v1.pt,models/v2/v2_10b_h2_balanced_logreg_fold3_v1.joblib
3,jpeg_q50,QWEN_0524_FLUX2_pro,1,0.001934921252541244,qwen::FLUX.2-pro,,models/v2/clip_lora_fold3_best_v1.pt,models/v2/v2_10b_h2_balanced_logreg_fold3_v1.joblib
3,jpeg_q50,QWEN_0553_Seedream_45,1,0.0014226813800632954,qwen::Seedream-4.5,,models/v2/clip_lora_fold3_best_v1.pt,models/v2/v2_10b_h2_balanced_logreg_fold3_v1.joblib
3,jpeg_q50,QWEN_0553_GPT_Image_1,1,0.0034602535888552666,qwen::GPT-Image-1,,models/v2/clip_lora_fold3_best_v1.pt,models/v2/v2_10b_h2_balanced_logreg_fold3_v1.joblib
3,jpeg_q50,QWEN_0553_GPT_Image_15,1,0.004533910192549229,qwen::GPT-Image-1.5,,models/v2/clip_lora_fold3_best_v1.pt,models/v2/v2_10b_h2_balanced_logreg_fold3_v1.joblib
3,jpeg_q50,QWEN_0553_HunyuanImage_30,1,0.023126820102334023,qwen::HunyuanImage-3.0,,models/v2/clip_lora_fold3_best_v1.pt,models/v2/v2_10b_h2_balanced_logreg_fold3_v1.joblib
3,jpeg_q50,QWEN_0553_FLUX2_pro,1,0.0011240001767873764,qwen::FLUX.2-pro,,models/v2/clip_lora_fold3_best_v1.pt,models/v2/v2_10b_h2_balanced_logreg_fold3_v1.joblib
3,jpeg_q50,QWEN_0592_Seedream_45,1,0.007860205136239529,qwen::Seedream-4.5,,models/v2/clip_lora_fold3_best_v1.pt,models/v2/v2_10b_h2_balanced_logreg_fold3_v1.joblib
3,jpeg_q50,QWEN_0592_GPT_Image_1,1,0.001548975589685142,qwen::GPT-Image-1,,models/v2/clip_lora_fold3_best_v1.pt,models/v2/v2_10b_h2_balanced_logreg_fold3_v1.joblib
3,jpeg_q50,QWEN_0592_GPT_Image_15,1,0.002874168800190091,qwen::GPT-Image-1.5,,models/v2/clip_lora_fold3_best_v1.pt,models/v2/v2_10b_h2_balanced_logreg_fold3_v1.joblib
3,jpeg_q50,QWEN_0592_HunyuanImage_30,1,0.0028833586256951094,qwen::HunyuanImage-3.0,,models/v2/clip_lora_fold3_best_v1.pt,models/v2/v2_10b_h2_balanced_logreg_fold3_v1.joblib
3,jpeg_q50,QWEN_0592_FLUX2_pro,1,0.0013006037333980203,qwen::FLUX.2-pro,,models/v2/clip_lora_fold3_best_v1.pt,models/v2/v2_10b_h2_balanced_logreg_fold3_v1.joblib
3,jpeg_q50,QWEN_0594_Seedream_45,1,0.004213908687233925,qwen::Seedream-4.5,,models/v2/clip_lora_fold3_best_v1.pt,models/v2/v2_10b_h2_balanced_logreg_fold3_v1.joblib
3,jpeg_q50,QWEN_0594_GPT_Image_1,1,0.0018037175759673119,qwen::GPT-Image-1,,models/v2/clip_lora_fold3_best_v1.pt,models/v2/v2_10b_h2_balanced_logreg_fold3_v1.joblib
3,jpeg_q50,QWEN_0594_GPT_Image_15,1,0.0026376270689070225,qwen::GPT-Image-1.5,,models/v2/clip_lora_fold3_best_v1.pt,models/v2/v2_10b_h2_balanced_logreg_fold3_v1.joblib
3,jpeg_q50,QWEN_0594_HunyuanImage_30,1,0.007972419261932373,qwen::HunyuanImage-3.0,,models/v2/clip_lora_fold3_best_v1.pt,models/v2/v2_10b_h2_balanced_logreg_fold3_v1.joblib
3,jpeg_q50,QWEN_0594_FLUX2_pro,1,0.005268488544970751,qwen::FLUX.2-pro,,models/v2/clip_lora_fold3_best_v1.pt,models/v2/v2_10b_h2_balanced_logreg_fold3_v1.joblib
3,jpeg_q50,QWEN_0597_Seedream_45,1,0.009237712249159813,qwen::Seedream-4.5,,models/v2/clip_lora_fold3_best_v1.pt,models/v2/v2_10b_h2_balanced_logreg_fold3_v1.joblib
3,jpeg_q50,QWEN_0597_GPT_Image_1,1,0.023806288838386536,qwen::GPT-Image-1,,models/v2/clip_lora_fold3_best_v1.pt,models/v2/v2_10b_h2_balanced_logreg_fold3_v1.joblib
3,jpeg_q50,QWEN_0597_GPT_Image_15,1,0.0042467075400054455,qwen::GPT-Image-1.5,,models/v2/clip_lora_fold3_best_v1.pt,models/v2/v2_10b_h2_balanced_logreg_fold3_v1.joblib
3,jpeg_q50,QWEN_0597_HunyuanImage_30,1,0.019915563985705376,qwen::HunyuanImage-3.0,,models/v2/clip_lora_fold3_best_v1.pt,models/v2/v2_10b_h2_balanced_logreg_fold3_v1.joblib
3,jpeg_q50,QWEN_0597_FLUX2_pro,1,0.002954376395791769,qwen::FLUX.2-pro,,models/v2/clip_lora_fold3_best_v1.pt,models/v2/v2_10b_h2_balanced_logreg_fold3_v1.joblib
3,jpeg_q50,QWEN_0621_Seedream_45,1,0.007961587980389595,qwen::Seedream-4.5,,models/v2/clip_lora_fold3_best_v1.pt,models/v2/v2_10b_h2_balanced_logreg_fold3_v1.joblib
3,jpeg_q50,QWEN_0621_GPT_Image_1,1,0.012062140740454197,qwen::GPT-Image-1,,models/v2/clip_lora_fold3_best_v1.pt,models/v2/v2_10b_h2_balanced_logreg_fold3_v1.joblib
3,jpeg_q50,QWEN_0621_GPT_Image_15,1,0.004764298442751169,qwen::GPT-Image-1.5,,models/v2/clip_lora_fold3_best_v1.pt,models/v2/v2_10b_h2_balanced_logreg_fold3_v1.joblib
3,jpeg_q50,QWEN_0621_HunyuanImage_30,1,0.040683478116989136,qwen::HunyuanImage-3.0,,models/v2/clip_lora_fold3_best_v1.pt,models/v2/v2_10b_h2_balanced_logreg_fold3_v1.joblib
3,jpeg_q50,QWEN_0621_FLUX2_pro,1,0.007410393562167883,qwen::FLUX.2-pro,,models/v2/clip_lora_fold3_best_v1.pt,models/v2/v2_10b_h2_balanced_logreg_fold3_v1.joblib
3,jpeg_q50,QWEN_0634_Seedream_45,1,0.02434641681611538,qwen::Seedream-4.5,,models/v2/clip_lora_fold3_best_v1.pt,models/v2/v2_10b_h2_balanced_logreg_fold3_v1.joblib
3,jpeg_q50,QWEN_0634_GPT_Image_1,1,0.020421618595719337,qwen::GPT-Image-1,,models/v2/clip_lora_fold3_best_v1.pt,models/v2/v2_10b_h2_balanced_logreg_fold3_v1.joblib
3,jpeg_q50,QWEN_0634_GPT_Image_15,1,0.13003280758857727,qwen::GPT-Image-1.5,,models/v2/clip_lora_fold3_best_v1.pt,models/v2/v2_10b_h2_balanced_logreg_fold3_v1.joblib
3,jpeg_q50,QWEN_0634_HunyuanImage_30,1,0.06556379795074463,qwen::HunyuanImage-3.0,,models/v2/clip_lora_fold3_best_v1.pt,models/v2/v2_10b_h2_balanced_logreg_fold3_v1.joblib
3,jpeg_q50,QWEN_0634_FLUX2_pro,1,0.0251589585095644,qwen::FLUX.2-pro,,models/v2/clip_lora_fold3_best_v1.pt,models/v2/v2_10b_h2_balanced_logreg_fold3_v1.joblib
3,jpeg_q50,QWEN_0637_Seedream_45,1,0.13457609713077545,qwen::Seedream-4.5,,models/v2/clip_lora_fold3_best_v1.pt,models/v2/v2_10b_h2_balanced_logreg_fold3_v1.joblib
3,jpeg_q50,QWEN_0637_GPT_Image_1,1,0.4551376700401306,qwen::GPT-Image-1,,models/v2/clip_lora_fold3_best_v1.pt,models/v2/v2_10b_h2_balanced_logreg_fold3_v1.joblib
3,jpeg_q50,QWEN_0637_GPT_Image_15,1,0.15343724191188812,qwen::GPT-Image-1.5,,models/v2/clip_lora_fold3_best_v1.pt,models/v2/v2_10b_h2_balanced_logreg_fold3_v1.joblib
3,jpeg_q50,QWEN_0637_HunyuanImage_30,1,0.17884105443954468,qwen::HunyuanImage-3.0,,models/v2/clip_lora_fold3_best_v1.pt,models/v2/v2_10b_h2_balanced_logreg_fold3_v1.joblib
3,jpeg_q50,QWEN_0637_FLUX2_pro,1,0.27312934398651123,qwen::FLUX.2-pro,,models/v2/clip_lora_fold3_best_v1.pt,models/v2/v2_10b_h2_balanced_logreg_fold3_v1.joblib
3,jpeg_q50,QWEN_0644_Seedream_45,1,0.03562984988093376,qwen::Seedream-4.5,,models/v2/clip_lora_fold3_best_v1.pt,models/v2/v2_10b_h2_balanced_logreg_fold3_v1.joblib
3,jpeg_q50,QWEN_0644_GPT_Image_1,1,0.1673126071691513,qwen::GPT-Image-1,,models/v2/clip_lora_fold3_best_v1.pt,models/v2/v2_10b_h2_balanced_logreg_fold3_v1.joblib
3,jpeg_q50,QWEN_0644_GPT_Image_15,1,0.3401881754398346,qwen::GPT-Image-1.5,,models/v2/clip_lora_fold3_best_v1.pt,models/v2/v2_10b_h2_balanced_logreg_fold3_v1.joblib
3,jpeg_q50,QWEN_0644_HunyuanImage_30,1,0.12339670956134796,qwen::HunyuanImage-3.0,,models/v2/clip_lora_fold3_best_v1.pt,models/v2/v2_10b_h2_balanced_logreg_fold3_v1.joblib
3,jpeg_q50,QWEN_0644_FLUX2_pro,1,0.25948095321655273,qwen::FLUX.2-pro,,models/v2/clip_lora_fold3_best_v1.pt,models/v2/v2_10b_h2_balanced_logreg_fold3_v1.joblib
3,jpeg_q50,QWEN_0656_Seedream_45,1,0.05108726769685745,qwen::Seedream-4.5,,models/v2/clip_lora_fold3_best_v1.pt,models/v2/v2_10b_h2_balanced_logreg_fold3_v1.joblib
3,jpeg_q50,QWEN_0656_GPT_Image_1,1,0.020312966778874397,qwen::GPT-Image-1,,models/v2/clip_lora_fold3_best_v1.pt,models/v2/v2_10b_h2_balanced_logreg_fold3_v1.joblib
3,jpeg_q50,QWEN_0656_GPT_Image_15,1,0.06884800642728806,qwen::GPT-Image-1.5,,models/v2/clip_lora_fold3_best_v1.pt,models/v2/v2_10b_h2_balanced_logreg_fold3_v1.joblib
3,jpeg_q50,QWEN_0656_HunyuanImage_30,1,0.049241844564676285,qwen::HunyuanImage-3.0,,models/v2/clip_lora_fold3_best_v1.pt,models/v2/v2_10b_h2_balanced_logreg_fold3_v1.joblib
3,jpeg_q50,QWEN_0656_FLUX2_pro,1,0.06406120210886002,qwen::FLUX.2-pro,,models/v2/clip_lora_fold3_best_v1.pt,models/v2/v2_10b_h2_balanced_logreg_fold3_v1.joblib
3,jpeg_q50,QWEN_0657_Seedream_45,1,0.05945509672164917,qwen::Seedream-4.5,,models/v2/clip_lora_fold3_best_v1.pt,models/v2/v2_10b_h2_balanced_logreg_fold3_v1.joblib
3,jpeg_q50,QWEN_0657_GPT_Image_1,1,0.03360765054821968,qwen::GPT-Image-1,,models/v2/clip_lora_fold3_best_v1.pt,models/v2/v2_10b_h2_balanced_logreg_fold3_v1.joblib
3,jpeg_q50,QWEN_0657_GPT_Image_15,1,0.027696754783391953,qwen::GPT-Image-1.5,,models/v2/clip_lora_fold3_best_v1.pt,models/v2/v2_10b_h2_balanced_logreg_fold3_v1.joblib
3,jpeg_q50,QWEN_0657_HunyuanImage_30,1,0.05308295786380768,qwen::HunyuanImage-3.0,,models/v2/clip_lora_fold3_best_v1.pt,models/v2/v2_10b_h2_balanced_logreg_fold3_v1.joblib
3,jpeg_q50,QWEN_0657_FLUX2_pro,1,0.08057065308094025,qwen::FLUX.2-pro,,models/v2/clip_lora_fold3_best_v1.pt,models/v2/v2_10b_h2_balanced_logreg_fold3_v1.joblib
3,jpeg_q50,QWEN_0661_Seedream_45,1,0.02620643563568592,qwen::Seedream-4.5,,models/v2/clip_lora_fold3_best_v1.pt,models/v2/v2_10b_h2_balanced_logreg_fold3_v1.joblib
3,jpeg_q50,QWEN_0661_GPT_Image_1,1,0.07303006201982498,qwen::GPT-Image-1,,models/v2/clip_lora_fold3_best_v1.pt,models/v2/v2_10b_h2_balanced_logreg_fold3_v1.joblib
3,jpeg_q50,QWEN_0661_GPT_Image_15,1,0.0707438513636589,qwen::GPT-Image-1.5,,models/v2/clip_lora_fold3_best_v1.pt,models/v2/v2_10b_h2_balanced_logreg_fold3_v1.joblib
3,jpeg_q50,QWEN_0661_HunyuanImage_30,1,0.1848384141921997,qwen::HunyuanImage-3.0,,models/v2/clip_lora_fold3_best_v1.pt,models/v2/v2_10b_h2_balanced_logreg_fold3_v1.joblib
3,jpeg_q50,QWEN_0661_FLUX2_pro,1,0.01206979714334011,qwen::FLUX.2-pro,,models/v2/clip_lora_fold3_best_v1.pt,models/v2/v2_10b_h2_balanced_logreg_fold3_v1.joblib
3,jpeg_q50,QWEN_0670_Seedream_45,1,0.025794418528676033,qwen::Seedream-4.5,,models/v2/clip_lora_fold3_best_v1.pt,models/v2/v2_10b_h2_balanced_logreg_fold3_v1.joblib
3,jpeg_q50,QWEN_0670_GPT_Image_1,1,0.006089372560381889,qwen::GPT-Image-1,,models/v2/clip_lora_fold3_best_v1.pt,models/v2/v2_10b_h2_balanced_logreg_fold3_v1.joblib
3,jpeg_q50,QWEN_0670_GPT_Image_15,1,0.012010224163532257,qwen::GPT-Image-1.5,,models/v2/clip_lora_fold3_best_v1.pt,models/v2/v2_10b_h2_balanced_logreg_fold3_v1.joblib
3,jpeg_q50,QWEN_0670_HunyuanImage_30,1,0.0008901593391783535,qwen::HunyuanImage-3.0,,models/v2/clip_lora_fold3_best_v1.pt,models/v2/v2_10b_h2_balanced_logreg_fold3_v1.joblib
3,jpeg_q50,QWEN_0670_FLUX2_pro,1,0.0024910506326705217,qwen::FLUX.2-pro,,models/v2/clip_lora_fold3_best_v1.pt,models/v2/v2_10b_h2_balanced_logreg_fold3_v1.joblib
3,jpeg_q50,QWEN_0672_Seedream_45,1,0.01703118160367012,qwen::Seedream-4.5,,models/v2/clip_lora_fold3_best_v1.pt,models/v2/v2_10b_h2_balanced_logreg_fold3_v1.joblib
3,jpeg_q50,QWEN_0672_GPT_Image_1,1,0.012274177744984627,qwen::GPT-Image-1,,models/v2/clip_lora_fold3_best_v1.pt,models/v2/v2_10b_h2_balanced_logreg_fold3_v1.joblib
3,jpeg_q50,QWEN_0672_GPT_Image_15,1,0.022636720910668373,qwen::GPT-Image-1.5,,models/v2/clip_lora_fold3_best_v1.pt,models/v2/v2_10b_h2_balanced_logreg_fold3_v1.joblib
3,jpeg_q50,QWEN_0672_HunyuanImage_30,1,0.03837726265192032,qwen::HunyuanImage-3.0,,models/v2/clip_lora_fold3_best_v1.pt,models/v2/v2_10b_h2_balanced_logreg_fold3_v1.joblib
3,jpeg_q50,QWEN_0672_FLUX2_pro,1,0.0022209319286048412,qwen::FLUX.2-pro,,models/v2/clip_lora_fold3_best_v1.pt,models/v2/v2_10b_h2_balanced_logreg_fold3_v1.joblib
3,jpeg_q50,QWEN_0682_Seedream_45,1,0.04993193969130516,qwen::Seedream-4.5,,models/v2/clip_lora_fold3_best_v1.pt,models/v2/v2_10b_h2_balanced_logreg_fold3_v1.joblib
3,jpeg_q50,QWEN_0682_GPT_Image_1,1,0.018702754750847816,qwen::GPT-Image-1,,models/v2/clip_lora_fold3_best_v1.pt,models/v2/v2_10b_h2_balanced_logreg_fold3_v1.joblib
3,jpeg_q50,QWEN_0682_GPT_Image_15,1,0.06836821883916855,qwen::GPT-Image-1.5,,models/v2/clip_lora_fold3_best_v1.pt,models/v2/v2_10b_h2_balanced_logreg_fold3_v1.joblib
3,jpeg_q50,QWEN_0682_HunyuanImage_30,1,0.013917435891926289,qwen::HunyuanImage-3.0,,models/v2/clip_lora_fold3_best_v1.pt,models/v2/v2_10b_h2_balanced_logreg_fold3_v1.joblib
3,jpeg_q50,QWEN_0682_FLUX2_pro,1,0.059958308935165405,qwen::FLUX.2-pro,,models/v2/clip_lora_fold3_best_v1.pt,models/v2/v2_10b_h2_balanced_logreg_fold3_v1.joblib
3,jpeg_q50,QWEN_0691_Seedream_45,1,0.0028261514380574226,qwen::Seedream-4.5,,models/v2/clip_lora_fold3_best_v1.pt,models/v2/v2_10b_h2_balanced_logreg_fold3_v1.joblib
3,jpeg_q50,QWEN_0691_GPT_Image_1,1,0.003535892814397812,qwen::GPT-Image-1,,models/v2/clip_lora_fold3_best_v1.pt,models/v2/v2_10b_h2_balanced_logreg_fold3_v1.joblib
3,jpeg_q50,QWEN_0691_GPT_Image_15,1,0.001920432667247951,qwen::GPT-Image-1.5,,models/v2/clip_lora_fold3_best_v1.pt,models/v2/v2_10b_h2_balanced_logreg_fold3_v1.joblib
3,jpeg_q50,QWEN_0691_HunyuanImage_30,1,0.0016462297644466162,qwen::HunyuanImage-3.0,,models/v2/clip_lora_fold3_best_v1.pt,models/v2/v2_10b_h2_balanced_logreg_fold3_v1.joblib
3,jpeg_q50,QWEN_0691_FLUX2_pro,1,0.026502521708607674,qwen::FLUX.2-pro,,models/v2/clip_lora_fold3_best_v1.pt,models/v2/v2_10b_h2_balanced_logreg_fold3_v1.joblib
3,jpeg_q50,QWEN_0696_Seedream_45,1,0.01800980418920517,qwen::Seedream-4.5,,models/v2/clip_lora_fold3_best_v1.pt,models/v2/v2_10b_h2_balanced_logreg_fold3_v1.joblib
3,jpeg_q50,QWEN_0696_GPT_Image_1,1,0.07531164586544037,qwen::GPT-Image-1,,models/v2/clip_lora_fold3_best_v1.pt,models/v2/v2_10b_h2_balanced_logreg_fold3_v1.joblib
3,jpeg_q50,QWEN_0696_GPT_Image_15,1,0.021105406805872917,qwen::GPT-Image-1.5,,models/v2/clip_lora_fold3_best_v1.pt,models/v2/v2_10b_h2_balanced_logreg_fold3_v1.joblib
3,jpeg_q50,QWEN_0696_HunyuanImage_30,1,0.15244841575622559,qwen::HunyuanImage-3.0,,models/v2/clip_lora_fold3_best_v1.pt,models/v2/v2_10b_h2_balanced_logreg_fold3_v1.joblib
3,jpeg_q50,QWEN_0696_FLUX2_pro,1,0.031354937702417374,qwen::FLUX.2-pro,,models/v2/clip_lora_fold3_best_v1.pt,models/v2/v2_10b_h2_balanced_logreg_fold3_v1.joblib
3,jpeg_q50,QWEN_0699_Seedream_45,1,0.010554681532084942,qwen::Seedream-4.5,,models/v2/clip_lora_fold3_best_v1.pt,models/v2/v2_10b_h2_balanced_logreg_fold3_v1.joblib
3,jpeg_q50,QWEN_0699_GPT_Image_1,1,0.5318237543106079,qwen::GPT-Image-1,,models/v2/clip_lora_fold3_best_v1.pt,models/v2/v2_10b_h2_balanced_logreg_fold3_v1.joblib
3,jpeg_q50,QWEN_0699_GPT_Image_15,1,0.01571173034608364,qwen::GPT-Image-1.5,,models/v2/clip_lora_fold3_best_v1.pt,models/v2/v2_10b_h2_balanced_logreg_fold3_v1.joblib
3,jpeg_q50,QWEN_0699_HunyuanImage_30,1,0.056316521018743515,qwen::HunyuanImage-3.0,,models/v2/clip_lora_fold3_best_v1.pt,models/v2/v2_10b_h2_balanced_logreg_fold3_v1.joblib
3,jpeg_q50,QWEN_0699_FLUX2_pro,1,0.004893326200544834,qwen::FLUX.2-pro,,models/v2/clip_lora_fold3_best_v1.pt,models/v2/v2_10b_h2_balanced_logreg_fold3_v1.joblib
3,jpeg_q50,QWEN_0713_Seedream_45,1,0.013043999671936035,qwen::Seedream-4.5,,models/v2/clip_lora_fold3_best_v1.pt,models/v2/v2_10b_h2_balanced_logreg_fold3_v1.joblib
3,jpeg_q50,QWEN_0713_GPT_Image_1,1,0.006375965662300587,qwen::GPT-Image-1,,models/v2/clip_lora_fold3_best_v1.pt,models/v2/v2_10b_h2_balanced_logreg_fold3_v1.joblib
3,jpeg_q50,QWEN_0713_GPT_Image_15,1,0.20900987088680267,qwen::GPT-Image-1.5,,models/v2/clip_lora_fold3_best_v1.pt,models/v2/v2_10b_h2_balanced_logreg_fold3_v1.joblib
3,jpeg_q50,QWEN_0713_HunyuanImage_30,1,0.0016899638576433063,qwen::HunyuanImage-3.0,,models/v2/clip_lora_fold3_best_v1.pt,models/v2/v2_10b_h2_balanced_logreg_fold3_v1.joblib
3,jpeg_q50,QWEN_0713_FLUX2_pro,1,0.004182911012321711,qwen::FLUX.2-pro,,models/v2/clip_lora_fold3_best_v1.pt,models/v2/v2_10b_h2_balanced_logreg_fold3_v1.joblib
3,jpeg_q50,QWEN_0715_Seedream_45,1,0.1136012151837349,qwen::Seedream-4.5,,models/v2/clip_lora_fold3_best_v1.pt,models/v2/v2_10b_h2_balanced_logreg_fold3_v1.joblib
3,jpeg_q50,QWEN_0715_GPT_Image_1,1,0.028838517144322395,qwen::GPT-Image-1,,models/v2/clip_lora_fold3_best_v1.pt,models/v2/v2_10b_h2_balanced_logreg_fold3_v1.joblib
3,jpeg_q50,QWEN_0715_GPT_Image_15,1,0.06888546049594879,qwen::GPT-Image-1.5,,models/v2/clip_lora_fold3_best_v1.pt,models/v2/v2_10b_h2_balanced_logreg_fold3_v1.joblib
3,jpeg_q50,QWEN_0715_HunyuanImage_30,1,0.010040360502898693,qwen::HunyuanImage-3.0,,models/v2/clip_lora_fold3_best_v1.pt,models/v2/v2_10b_h2_balanced_logreg_fold3_v1.joblib
3,jpeg_q50,QWEN_0715_FLUX2_pro,1,0.08409906923770905,qwen::FLUX.2-pro,,models/v2/clip_lora_fold3_best_v1.pt,models/v2/v2_10b_h2_balanced_logreg_fold3_v1.joblib
3,jpeg_q50,QWEN_0717_Seedream_45,1,0.3030906319618225,qwen::Seedream-4.5,,models/v2/clip_lora_fold3_best_v1.pt,models/v2/v2_10b_h2_balanced_logreg_fold3_v1.joblib
3,jpeg_q50,QWEN_0717_GPT_Image_1,1,0.07711759954690933,qwen::GPT-Image-1,,models/v2/clip_lora_fold3_best_v1.pt,models/v2/v2_10b_h2_balanced_logreg_fold3_v1.joblib
3,jpeg_q50,QWEN_0717_GPT_Image_15,1,0.14132842421531677,qwen::GPT-Image-1.5,,models/v2/clip_lora_fold3_best_v1.pt,models/v2/v2_10b_h2_balanced_logreg_fold3_v1.joblib
3,jpeg_q50,QWEN_0717_HunyuanImage_30,1,0.012642966583371162,qwen::HunyuanImage-3.0,,models/v2/clip_lora_fold3_best_v1.pt,models/v2/v2_10b_h2_balanced_logreg_fold3_v1.joblib
3,jpeg_q50,QWEN_0717_FLUX2_pro,1,0.005770397838205099,qwen::FLUX.2-pro,,models/v2/clip_lora_fold3_best_v1.pt,models/v2/v2_10b_h2_balanced_logreg_fold3_v1.joblib
3,jpeg_q50,QWEN_0721_Seedream_45,1,0.10901686549186707,qwen::Seedream-4.5,,models/v2/clip_lora_fold3_best_v1.pt,models/v2/v2_10b_h2_balanced_logreg_fold3_v1.joblib
3,jpeg_q50,QWEN_0721_GPT_Image_1,1,0.007362727075815201,qwen::GPT-Image-1,,models/v2/clip_lora_fold3_best_v1.pt,models/v2/v2_10b_h2_balanced_logreg_fold3_v1.joblib
3,jpeg_q50,QWEN_0721_GPT_Image_15,1,0.04184121638536453,qwen::GPT-Image-1.5,,models/v2/clip_lora_fold3_best_v1.pt,models/v2/v2_10b_h2_balanced_logreg_fold3_v1.joblib
3,jpeg_q50,QWEN_0721_HunyuanImage_30,1,0.028065240010619164,qwen::HunyuanImage-3.0,,models/v2/clip_lora_fold3_best_v1.pt,models/v2/v2_10b_h2_balanced_logreg_fold3_v1.joblib
3,jpeg_q50,QWEN_0721_FLUX2_pro,1,0.03912753611803055,qwen::FLUX.2-pro,,models/v2/clip_lora_fold3_best_v1.pt,models/v2/v2_10b_h2_balanced_logreg_fold3_v1.joblib
3,jpeg_q50,QWEN_0723_Seedream_45,1,0.0211387537419796,qwen::Seedream-4.5,,models/v2/clip_lora_fold3_best_v1.pt,models/v2/v2_10b_h2_balanced_logreg_fold3_v1.joblib
3,jpeg_q50,QWEN_0723_GPT_Image_1,1,0.009790623560547829,qwen::GPT-Image-1,,models/v2/clip_lora_fold3_best_v1.pt,models/v2/v2_10b_h2_balanced_logreg_fold3_v1.joblib
3,jpeg_q50,QWEN_0723_GPT_Image_15,1,0.009540731087327003,qwen::GPT-Image-1.5,,models/v2/clip_lora_fold3_best_v1.pt,models/v2/v2_10b_h2_balanced_logreg_fold3_v1.joblib
3,jpeg_q50,QWEN_0723_HunyuanImage_30,1,0.005444028414785862,qwen::HunyuanImage-3.0,,models/v2/clip_lora_fold3_best_v1.pt,models/v2/v2_10b_h2_balanced_logreg_fold3_v1.joblib
3,jpeg_q50,QWEN_0723_FLUX2_pro,1,0.005617297720164061,qwen::FLUX.2-pro,,models/v2/clip_lora_fold3_best_v1.pt,models/v2/v2_10b_h2_balanced_logreg_fold3_v1.joblib
3,jpeg_q50,QWEN_0740_Seedream_45,1,0.0019573550671339035,qwen::Seedream-4.5,,models/v2/clip_lora_fold3_best_v1.pt,models/v2/v2_10b_h2_balanced_logreg_fold3_v1.joblib
3,jpeg_q50,QWEN_0740_GPT_Image_1,1,0.0027892112266272306,qwen::GPT-Image-1,,models/v2/clip_lora_fold3_best_v1.pt,models/v2/v2_10b_h2_balanced_logreg_fold3_v1.joblib
3,jpeg_q50,QWEN_0740_GPT_Image_15,1,0.07249043881893158,qwen::GPT-Image-1.5,,models/v2/clip_lora_fold3_best_v1.pt,models/v2/v2_10b_h2_balanced_logreg_fold3_v1.joblib
3,jpeg_q50,QWEN_0740_HunyuanImage_30,1,0.10807403177022934,qwen::HunyuanImage-3.0,,models/v2/clip_lora_fold3_best_v1.pt,models/v2/v2_10b_h2_balanced_logreg_fold3_v1.joblib
3,jpeg_q50,QWEN_0740_FLUX2_pro,1,0.04420333355665207,qwen::FLUX.2-pro,,models/v2/clip_lora_fold3_best_v1.pt,models/v2/v2_10b_h2_balanced_logreg_fold3_v1.joblib
3,jpeg_q50,QWEN_0760_Seedream_45,1,0.05716397240757942,qwen::Seedream-4.5,,models/v2/clip_lora_fold3_best_v1.pt,models/v2/v2_10b_h2_balanced_logreg_fold3_v1.joblib
3,jpeg_q50,QWEN_0760_GPT_Image_1,1,0.10810121148824692,qwen::GPT-Image-1,,models/v2/clip_lora_fold3_best_v1.pt,models/v2/v2_10b_h2_balanced_logreg_fold3_v1.joblib
3,jpeg_q50,QWEN_0760_GPT_Image_15,1,0.023597052320837975,qwen::GPT-Image-1.5,,models/v2/clip_lora_fold3_best_v1.pt,models/v2/v2_10b_h2_balanced_logreg_fold3_v1.joblib
3,jpeg_q50,QWEN_0760_HunyuanImage_30,1,0.10148817300796509,qwen::HunyuanImage-3.0,,models/v2/clip_lora_fold3_best_v1.pt,models/v2/v2_10b_h2_balanced_logreg_fold3_v1.joblib
3,jpeg_q50,QWEN_0760_FLUX2_pro,1,0.0040733227506279945,qwen::FLUX.2-pro,,models/v2/clip_lora_fold3_best_v1.pt,models/v2/v2_10b_h2_balanced_logreg_fold3_v1.joblib
3,jpeg_q50,QWEN_0764_Seedream_45,1,0.05488099902868271,qwen::Seedream-4.5,,models/v2/clip_lora_fold3_best_v1.pt,models/v2/v2_10b_h2_balanced_logreg_fold3_v1.joblib
3,jpeg_q50,QWEN_0764_GPT_Image_1,1,0.016411643475294113,qwen::GPT-Image-1,,models/v2/clip_lora_fold3_best_v1.pt,models/v2/v2_10b_h2_balanced_logreg_fold3_v1.joblib
3,jpeg_q50,QWEN_0764_GPT_Image_15,1,0.014065153896808624,qwen::GPT-Image-1.5,,models/v2/clip_lora_fold3_best_v1.pt,models/v2/v2_10b_h2_balanced_logreg_fold3_v1.joblib
3,jpeg_q50,QWEN_0764_HunyuanImage_30,1,0.028190521523356438,qwen::HunyuanImage-3.0,,models/v2/clip_lora_fold3_best_v1.pt,models/v2/v2_10b_h2_balanced_logreg_fold3_v1.joblib
3,jpeg_q50,QWEN_0764_FLUX2_pro,1,0.0031859588343650103,qwen::FLUX.2-pro,,models/v2/clip_lora_fold3_best_v1.pt,models/v2/v2_10b_h2_balanced_logreg_fold3_v1.joblib
3,jpeg_q50,QWEN_0772_Seedream_45,1,0.1574937105178833,qwen::Seedream-4.5,,models/v2/clip_lora_fold3_best_v1.pt,models/v2/v2_10b_h2_balanced_logreg_fold3_v1.joblib
3,jpeg_q50,QWEN_0772_GPT_Image_1,1,0.12753596901893616,qwen::GPT-Image-1,,models/v2/clip_lora_fold3_best_v1.pt,models/v2/v2_10b_h2_balanced_logreg_fold3_v1.joblib
3,jpeg_q50,QWEN_0772_GPT_Image_15,1,0.2825486958026886,qwen::GPT-Image-1.5,,models/v2/clip_lora_fold3_best_v1.pt,models/v2/v2_10b_h2_balanced_logreg_fold3_v1.joblib
3,jpeg_q50,QWEN_0772_HunyuanImage_30,1,0.12406191229820251,qwen::HunyuanImage-3.0,,models/v2/clip_lora_fold3_best_v1.pt,models/v2/v2_10b_h2_balanced_logreg_fold3_v1.joblib
3,jpeg_q50,QWEN_0772_FLUX2_pro,1,0.025911398231983185,qwen::FLUX.2-pro,,models/v2/clip_lora_fold3_best_v1.pt,models/v2/v2_10b_h2_balanced_logreg_fold3_v1.joblib
3,jpeg_q50,QWEN_0773_Seedream_45,1,0.021289976313710213,qwen::Seedream-4.5,,models/v2/clip_lora_fold3_best_v1.pt,models/v2/v2_10b_h2_balanced_logreg_fold3_v1.joblib
3,jpeg_q50,QWEN_0773_GPT_Image_1,1,0.0756877064704895,qwen::GPT-Image-1,,models/v2/clip_lora_fold3_best_v1.pt,models/v2/v2_10b_h2_balanced_logreg_fold3_v1.joblib
3,jpeg_q50,QWEN_0773_GPT_Image_15,1,0.07825656235218048,qwen::GPT-Image-1.5,,models/v2/clip_lora_fold3_best_v1.pt,models/v2/v2_10b_h2_balanced_logreg_fold3_v1.joblib
3,jpeg_q50,QWEN_0773_HunyuanImage_30,1,0.08433341979980469,qwen::HunyuanImage-3.0,,models/v2/clip_lora_fold3_best_v1.pt,models/v2/v2_10b_h2_balanced_logreg_fold3_v1.joblib
3,jpeg_q50,QWEN_0773_FLUX2_pro,1,0.023920873180031776,qwen::FLUX.2-pro,,models/v2/clip_lora_fold3_best_v1.pt,models/v2/v2_10b_h2_balanced_logreg_fold3_v1.joblib
3,jpeg_q50,QWEN_0777_Seedream_45,1,0.17809699475765228,qwen::Seedream-4.5,,models/v2/clip_lora_fold3_best_v1.pt,models/v2/v2_10b_h2_balanced_logreg_fold3_v1.joblib
3,jpeg_q50,QWEN_0777_GPT_Image_1,1,0.1520754098892212,qwen::GPT-Image-1,,models/v2/clip_lora_fold3_best_v1.pt,models/v2/v2_10b_h2_balanced_logreg_fold3_v1.joblib
3,jpeg_q50,QWEN_0777_GPT_Image_15,1,0.06106065213680267,qwen::GPT-Image-1.5,,models/v2/clip_lora_fold3_best_v1.pt,models/v2/v2_10b_h2_balanced_logreg_fold3_v1.joblib
3,jpeg_q50,QWEN_0777_HunyuanImage_30,1,0.050939664244651794,qwen::HunyuanImage-3.0,,models/v2/clip_lora_fold3_best_v1.pt,models/v2/v2_10b_h2_balanced_logreg_fold3_v1.joblib
3,jpeg_q50,QWEN_0777_FLUX2_pro,1,0.0027866235468536615,qwen::FLUX.2-pro,,models/v2/clip_lora_fold3_best_v1.pt,models/v2/v2_10b_h2_balanced_logreg_fold3_v1.joblib
3,jpeg_q50,QWEN_0778_Seedream_45,1,0.013205168768763542,qwen::Seedream-4.5,,models/v2/clip_lora_fold3_best_v1.pt,models/v2/v2_10b_h2_balanced_logreg_fold3_v1.joblib
3,jpeg_q50,QWEN_0778_GPT_Image_1,1,0.007058402989059687,qwen::GPT-Image-1,,models/v2/clip_lora_fold3_best_v1.pt,models/v2/v2_10b_h2_balanced_logreg_fold3_v1.joblib
3,jpeg_q50,QWEN_0778_GPT_Image_15,1,0.03459012508392334,qwen::GPT-Image-1.5,,models/v2/clip_lora_fold3_best_v1.pt,models/v2/v2_10b_h2_balanced_logreg_fold3_v1.joblib
3,jpeg_q50,QWEN_0778_HunyuanImage_30,1,0.010235699824988842,qwen::HunyuanImage-3.0,,models/v2/clip_lora_fold3_best_v1.pt,models/v2/v2_10b_h2_balanced_logreg_fold3_v1.joblib
3,jpeg_q50,QWEN_0778_FLUX2_pro,1,0.0067590088583528996,qwen::FLUX.2-pro,,models/v2/clip_lora_fold3_best_v1.pt,models/v2/v2_10b_h2_balanced_logreg_fold3_v1.joblib
3,jpeg_q50,QWEN_0799_Seedream_45,1,0.001538592390716076,qwen::Seedream-4.5,,models/v2/clip_lora_fold3_best_v1.pt,models/v2/v2_10b_h2_balanced_logreg_fold3_v1.joblib
3,jpeg_q50,QWEN_0799_GPT_Image_1,1,0.0008513769134879112,qwen::GPT-Image-1,,models/v2/clip_lora_fold3_best_v1.pt,models/v2/v2_10b_h2_balanced_logreg_fold3_v1.joblib
3,jpeg_q50,QWEN_0799_GPT_Image_15,1,0.0028378209099173546,qwen::GPT-Image-1.5,,models/v2/clip_lora_fold3_best_v1.pt,models/v2/v2_10b_h2_balanced_logreg_fold3_v1.joblib
3,jpeg_q50,QWEN_0799_HunyuanImage_30,1,0.00185778655577451,qwen::HunyuanImage-3.0,,models/v2/clip_lora_fold3_best_v1.pt,models/v2/v2_10b_h2_balanced_logreg_fold3_v1.joblib
3,jpeg_q50,QWEN_0799_FLUX2_pro,1,0.0022951029241085052,qwen::FLUX.2-pro,,models/v2/clip_lora_fold3_best_v1.pt,models/v2/v2_10b_h2_balanced_logreg_fold3_v1.joblib
3,jpeg_q50,QWEN_0805_Seedream_45,1,0.0029008742421865463,qwen::Seedream-4.5,,models/v2/clip_lora_fold3_best_v1.pt,models/v2/v2_10b_h2_balanced_logreg_fold3_v1.joblib
3,jpeg_q50,QWEN_0805_GPT_Image_1,1,0.0028770016506314278,qwen::GPT-Image-1,,models/v2/clip_lora_fold3_best_v1.pt,models/v2/v2_10b_h2_balanced_logreg_fold3_v1.joblib
3,jpeg_q50,QWEN_0805_GPT_Image_15,1,0.006611436139792204,qwen::GPT-Image-1.5,,models/v2/clip_lora_fold3_best_v1.pt,models/v2/v2_10b_h2_balanced_logreg_fold3_v1.joblib
3,jpeg_q50,QWEN_0805_HunyuanImage_30,1,0.003257006872445345,qwen::HunyuanImage-3.0,,models/v2/clip_lora_fold3_best_v1.pt,models/v2/v2_10b_h2_balanced_logreg_fold3_v1.joblib
3,jpeg_q50,QWEN_0805_FLUX2_pro,1,0.013057135976850986,qwen::FLUX.2-pro,,models/v2/clip_lora_fold3_best_v1.pt,models/v2/v2_10b_h2_balanced_logreg_fold3_v1.joblib
3,jpeg_q50,QWEN_0820_Seedream_45,1,0.0028261072002351284,qwen::Seedream-4.5,,models/v2/clip_lora_fold3_best_v1.pt,models/v2/v2_10b_h2_balanced_logreg_fold3_v1.joblib
3,jpeg_q50,QWEN_0820_GPT_Image_1,1,0.04211089015007019,qwen::GPT-Image-1,,models/v2/clip_lora_fold3_best_v1.pt,models/v2/v2_10b_h2_balanced_logreg_fold3_v1.joblib
3,jpeg_q50,QWEN_0820_GPT_Image_15,1,0.054432462900877,qwen::GPT-Image-1.5,,models/v2/clip_lora_fold3_best_v1.pt,models/v2/v2_10b_h2_balanced_logreg_fold3_v1.joblib
3,jpeg_q50,QWEN_0820_HunyuanImage_30,1,0.009582044556736946,qwen::HunyuanImage-3.0,,models/v2/clip_lora_fold3_best_v1.pt,models/v2/v2_10b_h2_balanced_logreg_fold3_v1.joblib
3,jpeg_q50,QWEN_0820_FLUX2_pro,1,0.09179358184337616,qwen::FLUX.2-pro,,models/v2/clip_lora_fold3_best_v1.pt,models/v2/v2_10b_h2_balanced_logreg_fold3_v1.joblib
3,jpeg_q50,QWEN_0824_Seedream_45,1,0.03813508525490761,qwen::Seedream-4.5,,models/v2/clip_lora_fold3_best_v1.pt,models/v2/v2_10b_h2_balanced_logreg_fold3_v1.joblib
3,jpeg_q50,QWEN_0824_GPT_Image_1,1,0.05812856927514076,qwen::GPT-Image-1,,models/v2/clip_lora_fold3_best_v1.pt,models/v2/v2_10b_h2_balanced_logreg_fold3_v1.joblib
3,jpeg_q50,QWEN_0824_GPT_Image_15,1,0.27785828709602356,qwen::GPT-Image-1.5,,models/v2/clip_lora_fold3_best_v1.pt,models/v2/v2_10b_h2_balanced_logreg_fold3_v1.joblib
3,jpeg_q50,QWEN_0824_HunyuanImage_30,1,0.011675851419568062,qwen::HunyuanImage-3.0,,models/v2/clip_lora_fold3_best_v1.pt,models/v2/v2_10b_h2_balanced_logreg_fold3_v1.joblib
3,jpeg_q50,QWEN_0824_FLUX2_pro,1,0.013063933700323105,qwen::FLUX.2-pro,,models/v2/clip_lora_fold3_best_v1.pt,models/v2/v2_10b_h2_balanced_logreg_fold3_v1.joblib
3,jpeg_q50,QWEN_0831_Seedream_45,1,0.15334773063659668,qwen::Seedream-4.5,,models/v2/clip_lora_fold3_best_v1.pt,models/v2/v2_10b_h2_balanced_logreg_fold3_v1.joblib
3,jpeg_q50,QWEN_0831_GPT_Image_1,1,0.003325394354760647,qwen::GPT-Image-1,,models/v2/clip_lora_fold3_best_v1.pt,models/v2/v2_10b_h2_balanced_logreg_fold3_v1.joblib
3,jpeg_q50,QWEN_0831_GPT_Image_15,1,0.002159670228138566,qwen::GPT-Image-1.5,,models/v2/clip_lora_fold3_best_v1.pt,models/v2/v2_10b_h2_balanced_logreg_fold3_v1.joblib
3,jpeg_q50,QWEN_0831_HunyuanImage_30,1,0.004758437164127827,qwen::HunyuanImage-3.0,,models/v2/clip_lora_fold3_best_v1.pt,models/v2/v2_10b_h2_balanced_logreg_fold3_v1.joblib
3,jpeg_q50,QWEN_0831_FLUX2_pro,1,0.0019471109844744205,qwen::FLUX.2-pro,,models/v2/clip_lora_fold3_best_v1.pt,models/v2/v2_10b_h2_balanced_logreg_fold3_v1.joblib
3,jpeg_q50,QWEN_0836_Seedream_45,1,0.0010436642915010452,qwen::Seedream-4.5,,models/v2/clip_lora_fold3_best_v1.pt,models/v2/v2_10b_h2_balanced_logreg_fold3_v1.joblib
3,jpeg_q50,QWEN_0836_GPT_Image_1,1,0.009451942518353462,qwen::GPT-Image-1,,models/v2/clip_lora_fold3_best_v1.pt,models/v2/v2_10b_h2_balanced_logreg_fold3_v1.joblib
3,jpeg_q50,QWEN_0836_GPT_Image_15,1,0.00760561041533947,qwen::GPT-Image-1.5,,models/v2/clip_lora_fold3_best_v1.pt,models/v2/v2_10b_h2_balanced_logreg_fold3_v1.joblib
3,jpeg_q50,QWEN_0836_HunyuanImage_30,1,0.01937723346054554,qwen::HunyuanImage-3.0,,models/v2/clip_lora_fold3_best_v1.pt,models/v2/v2_10b_h2_balanced_logreg_fold3_v1.joblib
3,jpeg_q50,QWEN_0836_FLUX2_pro,1,0.03784728795289993,qwen::FLUX.2-pro,,models/v2/clip_lora_fold3_best_v1.pt,models/v2/v2_10b_h2_balanced_logreg_fold3_v1.joblib
3,jpeg_q50,QWEN_0847_Seedream_45,1,0.0031593721359968185,qwen::Seedream-4.5,,models/v2/clip_lora_fold3_best_v1.pt,models/v2/v2_10b_h2_balanced_logreg_fold3_v1.joblib
3,jpeg_q50,QWEN_0847_GPT_Image_1,1,0.003709264565259218,qwen::GPT-Image-1,,models/v2/clip_lora_fold3_best_v1.pt,models/v2/v2_10b_h2_balanced_logreg_fold3_v1.joblib
3,jpeg_q50,QWEN_0847_GPT_Image_15,1,0.002232339233160019,qwen::GPT-Image-1.5,,models/v2/clip_lora_fold3_best_v1.pt,models/v2/v2_10b_h2_balanced_logreg_fold3_v1.joblib
3,jpeg_q50,QWEN_0847_HunyuanImage_30,1,0.013220066204667091,qwen::HunyuanImage-3.0,,models/v2/clip_lora_fold3_best_v1.pt,models/v2/v2_10b_h2_balanced_logreg_fold3_v1.joblib
3,jpeg_q50,QWEN_0847_FLUX2_pro,1,0.0028458174783736467,qwen::FLUX.2-pro,,models/v2/clip_lora_fold3_best_v1.pt,models/v2/v2_10b_h2_balanced_logreg_fold3_v1.joblib
3,jpeg_q50,QWEN_0857_Seedream_45,1,0.08433741331100464,qwen::Seedream-4.5,,models/v2/clip_lora_fold3_best_v1.pt,models/v2/v2_10b_h2_balanced_logreg_fold3_v1.joblib
3,jpeg_q50,QWEN_0857_GPT_Image_1,1,0.025969723239541054,qwen::GPT-Image-1,,models/v2/clip_lora_fold3_best_v1.pt,models/v2/v2_10b_h2_balanced_logreg_fold3_v1.joblib
3,jpeg_q50,QWEN_0857_GPT_Image_15,1,0.03982525318861008,qwen::GPT-Image-1.5,,models/v2/clip_lora_fold3_best_v1.pt,models/v2/v2_10b_h2_balanced_logreg_fold3_v1.joblib
3,jpeg_q50,QWEN_0857_HunyuanImage_30,1,0.029681839048862457,qwen::HunyuanImage-3.0,,models/v2/clip_lora_fold3_best_v1.pt,models/v2/v2_10b_h2_balanced_logreg_fold3_v1.joblib
3,jpeg_q50,QWEN_0857_FLUX2_pro,1,0.012362498790025711,qwen::FLUX.2-pro,,models/v2/clip_lora_fold3_best_v1.pt,models/v2/v2_10b_h2_balanced_logreg_fold3_v1.joblib
3,jpeg_q50,QWEN_0876_Seedream_45,1,0.013209917582571507,qwen::Seedream-4.5,,models/v2/clip_lora_fold3_best_v1.pt,models/v2/v2_10b_h2_balanced_logreg_fold3_v1.joblib
3,jpeg_q50,QWEN_0876_GPT_Image_1,1,0.039007823914289474,qwen::GPT-Image-1,,models/v2/clip_lora_fold3_best_v1.pt,models/v2/v2_10b_h2_balanced_logreg_fold3_v1.joblib
3,jpeg_q50,QWEN_0876_GPT_Image_15,1,0.00752799678593874,qwen::GPT-Image-1.5,,models/v2/clip_lora_fold3_best_v1.pt,models/v2/v2_10b_h2_balanced_logreg_fold3_v1.joblib
3,jpeg_q50,QWEN_0876_HunyuanImage_30,1,0.056088920682668686,qwen::HunyuanImage-3.0,,models/v2/clip_lora_fold3_best_v1.pt,models/v2/v2_10b_h2_balanced_logreg_fold3_v1.joblib
3,jpeg_q50,QWEN_0876_FLUX2_pro,1,0.009609892033040524,qwen::FLUX.2-pro,,models/v2/clip_lora_fold3_best_v1.pt,models/v2/v2_10b_h2_balanced_logreg_fold3_v1.joblib
3,jpeg_q50,QWEN_0887_Seedream_45,1,0.025543995201587677,qwen::Seedream-4.5,,models/v2/clip_lora_fold3_best_v1.pt,models/v2/v2_10b_h2_balanced_logreg_fold3_v1.joblib
3,jpeg_q50,QWEN_0887_GPT_Image_1,1,0.02436663582921028,qwen::GPT-Image-1,,models/v2/clip_lora_fold3_best_v1.pt,models/v2/v2_10b_h2_balanced_logreg_fold3_v1.joblib
3,jpeg_q50,QWEN_0887_GPT_Image_15,1,0.01768738590180874,qwen::GPT-Image-1.5,,models/v2/clip_lora_fold3_best_v1.pt,models/v2/v2_10b_h2_balanced_logreg_fold3_v1.joblib
3,jpeg_q50,QWEN_0887_HunyuanImage_30,1,0.010550768114626408,qwen::HunyuanImage-3.0,,models/v2/clip_lora_fold3_best_v1.pt,models/v2/v2_10b_h2_balanced_logreg_fold3_v1.joblib
3,jpeg_q50,QWEN_0887_FLUX2_pro,1,0.005752024240791798,qwen::FLUX.2-pro,,models/v2/clip_lora_fold3_best_v1.pt,models/v2/v2_10b_h2_balanced_logreg_fold3_v1.joblib
3,jpeg_q50,QWEN_0890_Seedream_45,1,0.002216916996985674,qwen::Seedream-4.5,,models/v2/clip_lora_fold3_best_v1.pt,models/v2/v2_10b_h2_balanced_logreg_fold3_v1.joblib
3,jpeg_q50,QWEN_0890_GPT_Image_1,1,0.007023491431027651,qwen::GPT-Image-1,,models/v2/clip_lora_fold3_best_v1.pt,models/v2/v2_10b_h2_balanced_logreg_fold3_v1.joblib
3,jpeg_q50,QWEN_0890_GPT_Image_15,1,0.002219765679910779,qwen::GPT-Image-1.5,,models/v2/clip_lora_fold3_best_v1.pt,models/v2/v2_10b_h2_balanced_logreg_fold3_v1.joblib
3,jpeg_q50,QWEN_0890_HunyuanImage_30,1,0.008693622425198555,qwen::HunyuanImage-3.0,,models/v2/clip_lora_fold3_best_v1.pt,models/v2/v2_10b_h2_balanced_logreg_fold3_v1.joblib
3,jpeg_q50,QWEN_0890_FLUX2_pro,1,0.006985963322222233,qwen::FLUX.2-pro,,models/v2/clip_lora_fold3_best_v1.pt,models/v2/v2_10b_h2_balanced_logreg_fold3_v1.joblib
3,jpeg_q50,QWEN_0894_Seedream_45,1,0.010113365016877651,qwen::Seedream-4.5,,models/v2/clip_lora_fold3_best_v1.pt,models/v2/v2_10b_h2_balanced_logreg_fold3_v1.joblib
3,jpeg_q50,QWEN_0894_GPT_Image_1,1,0.0036949238274246454,qwen::GPT-Image-1,,models/v2/clip_lora_fold3_best_v1.pt,models/v2/v2_10b_h2_balanced_logreg_fold3_v1.joblib
3,jpeg_q50,QWEN_0894_GPT_Image_15,1,0.0037639313377439976,qwen::GPT-Image-1.5,,models/v2/clip_lora_fold3_best_v1.pt,models/v2/v2_10b_h2_balanced_logreg_fold3_v1.joblib
3,jpeg_q50,QWEN_0894_HunyuanImage_30,1,0.00844948086887598,qwen::HunyuanImage-3.0,,models/v2/clip_lora_fold3_best_v1.pt,models/v2/v2_10b_h2_balanced_logreg_fold3_v1.joblib
3,jpeg_q50,QWEN_0894_FLUX2_pro,1,0.002653114963322878,qwen::FLUX.2-pro,,models/v2/clip_lora_fold3_best_v1.pt,models/v2/v2_10b_h2_balanced_logreg_fold3_v1.joblib
3,jpeg_q50,QWEN_0919_Seedream_45,1,0.019377244636416435,qwen::Seedream-4.5,,models/v2/clip_lora_fold3_best_v1.pt,models/v2/v2_10b_h2_balanced_logreg_fold3_v1.joblib
3,jpeg_q50,QWEN_0919_GPT_Image_1,1,0.006738383322954178,qwen::GPT-Image-1,,models/v2/clip_lora_fold3_best_v1.pt,models/v2/v2_10b_h2_balanced_logreg_fold3_v1.joblib
3,jpeg_q50,QWEN_0919_GPT_Image_15,1,0.019268685951828957,qwen::GPT-Image-1.5,,models/v2/clip_lora_fold3_best_v1.pt,models/v2/v2_10b_h2_balanced_logreg_fold3_v1.joblib
3,jpeg_q50,QWEN_0919_HunyuanImage_30,1,0.012706361711025238,qwen::HunyuanImage-3.0,,models/v2/clip_lora_fold3_best_v1.pt,models/v2/v2_10b_h2_balanced_logreg_fold3_v1.joblib
3,jpeg_q50,QWEN_0919_FLUX2_pro,1,0.020542290061712265,qwen::FLUX.2-pro,,models/v2/clip_lora_fold3_best_v1.pt,models/v2/v2_10b_h2_balanced_logreg_fold3_v1.joblib
3,jpeg_q50,QWEN_0923_Seedream_45,1,0.005300517193973064,qwen::Seedream-4.5,,models/v2/clip_lora_fold3_best_v1.pt,models/v2/v2_10b_h2_balanced_logreg_fold3_v1.joblib
3,jpeg_q50,QWEN_0923_GPT_Image_1,1,0.001916808309033513,qwen::GPT-Image-1,,models/v2/clip_lora_fold3_best_v1.pt,models/v2/v2_10b_h2_balanced_logreg_fold3_v1.joblib
3,jpeg_q50,QWEN_0923_GPT_Image_15,1,0.002981313271448016,qwen::GPT-Image-1.5,,models/v2/clip_lora_fold3_best_v1.pt,models/v2/v2_10b_h2_balanced_logreg_fold3_v1.joblib
3,jpeg_q50,QWEN_0923_HunyuanImage_30,1,0.008689653128385544,qwen::HunyuanImage-3.0,,models/v2/clip_lora_fold3_best_v1.pt,models/v2/v2_10b_h2_balanced_logreg_fold3_v1.joblib
3,jpeg_q50,QWEN_0923_FLUX2_pro,1,0.008519379422068596,qwen::FLUX.2-pro,,models/v2/clip_lora_fold3_best_v1.pt,models/v2/v2_10b_h2_balanced_logreg_fold3_v1.joblib
3,jpeg_q50,QWEN_0933_Seedream_45,1,0.040308430790901184,qwen::Seedream-4.5,,models/v2/clip_lora_fold3_best_v1.pt,models/v2/v2_10b_h2_balanced_logreg_fold3_v1.joblib
3,jpeg_q50,QWEN_0933_GPT_Image_1,1,0.011115171015262604,qwen::GPT-Image-1,,models/v2/clip_lora_fold3_best_v1.pt,models/v2/v2_10b_h2_balanced_logreg_fold3_v1.joblib
3,jpeg_q50,QWEN_0933_GPT_Image_15,1,0.01948634348809719,qwen::GPT-Image-1.5,,models/v2/clip_lora_fold3_best_v1.pt,models/v2/v2_10b_h2_balanced_logreg_fold3_v1.joblib
3,jpeg_q50,QWEN_0933_HunyuanImage_30,1,0.018195543438196182,qwen::HunyuanImage-3.0,,models/v2/clip_lora_fold3_best_v1.pt,models/v2/v2_10b_h2_balanced_logreg_fold3_v1.joblib
3,jpeg_q50,QWEN_0933_FLUX2_pro,1,0.0014513962669298053,qwen::FLUX.2-pro,,models/v2/clip_lora_fold3_best_v1.pt,models/v2/v2_10b_h2_balanced_logreg_fold3_v1.joblib
3,jpeg_q50,QWEN_0951_Seedream_45,1,0.0008227555663324893,qwen::Seedream-4.5,,models/v2/clip_lora_fold3_best_v1.pt,models/v2/v2_10b_h2_balanced_logreg_fold3_v1.joblib
3,jpeg_q50,QWEN_0951_GPT_Image_1,1,0.006037564482539892,qwen::GPT-Image-1,,models/v2/clip_lora_fold3_best_v1.pt,models/v2/v2_10b_h2_balanced_logreg_fold3_v1.joblib
3,jpeg_q50,QWEN_0951_GPT_Image_15,1,0.00504906103014946,qwen::GPT-Image-1.5,,models/v2/clip_lora_fold3_best_v1.pt,models/v2/v2_10b_h2_balanced_logreg_fold3_v1.joblib
3,jpeg_q50,QWEN_0951_HunyuanImage_30,1,0.002986472798511386,qwen::HunyuanImage-3.0,,models/v2/clip_lora_fold3_best_v1.pt,models/v2/v2_10b_h2_balanced_logreg_fold3_v1.joblib
3,jpeg_q50,QWEN_0951_FLUX2_pro,1,0.00020458434300962836,qwen::FLUX.2-pro,,models/v2/clip_lora_fold3_best_v1.pt,models/v2/v2_10b_h2_balanced_logreg_fold3_v1.joblib
3,jpeg_q50,QWEN_0964_Seedream_45,1,0.007641895208507776,qwen::Seedream-4.5,,models/v2/clip_lora_fold3_best_v1.pt,models/v2/v2_10b_h2_balanced_logreg_fold3_v1.joblib
3,jpeg_q50,QWEN_0964_GPT_Image_1,1,0.0033106959890574217,qwen::GPT-Image-1,,models/v2/clip_lora_fold3_best_v1.pt,models/v2/v2_10b_h2_balanced_logreg_fold3_v1.joblib
3,jpeg_q50,QWEN_0964_GPT_Image_15,1,0.0010248637991026044,qwen::GPT-Image-1.5,,models/v2/clip_lora_fold3_best_v1.pt,models/v2/v2_10b_h2_balanced_logreg_fold3_v1.joblib
3,jpeg_q50,QWEN_0964_HunyuanImage_30,1,0.018557729199528694,qwen::HunyuanImage-3.0,,models/v2/clip_lora_fold3_best_v1.pt,models/v2/v2_10b_h2_balanced_logreg_fold3_v1.joblib
3,jpeg_q50,QWEN_0964_FLUX2_pro,1,0.0003405979950912297,qwen::FLUX.2-pro,,models/v2/clip_lora_fold3_best_v1.pt,models/v2/v2_10b_h2_balanced_logreg_fold3_v1.joblib
3,jpeg_q50,QWEN_0965_Seedream_45,1,0.004372855648398399,qwen::Seedream-4.5,,models/v2/clip_lora_fold3_best_v1.pt,models/v2/v2_10b_h2_balanced_logreg_fold3_v1.joblib
3,jpeg_q50,QWEN_0965_GPT_Image_1,1,0.003334755776450038,qwen::GPT-Image-1,,models/v2/clip_lora_fold3_best_v1.pt,models/v2/v2_10b_h2_balanced_logreg_fold3_v1.joblib
3,jpeg_q50,QWEN_0965_GPT_Image_15,1,0.020649613812565804,qwen::GPT-Image-1.5,,models/v2/clip_lora_fold3_best_v1.pt,models/v2/v2_10b_h2_balanced_logreg_fold3_v1.joblib
3,jpeg_q50,QWEN_0965_HunyuanImage_30,1,0.0009652618900872767,qwen::HunyuanImage-3.0,,models/v2/clip_lora_fold3_best_v1.pt,models/v2/v2_10b_h2_balanced_logreg_fold3_v1.joblib
3,jpeg_q50,QWEN_0965_FLUX2_pro,1,0.004716793075203896,qwen::FLUX.2-pro,,models/v2/clip_lora_fold3_best_v1.pt,models/v2/v2_10b_h2_balanced_logreg_fold3_v1.joblib
3,jpeg_q50,QWEN_0980_Seedream_45,1,0.0017029802547767758,qwen::Seedream-4.5,,models/v2/clip_lora_fold3_best_v1.pt,models/v2/v2_10b_h2_balanced_logreg_fold3_v1.joblib
3,jpeg_q50,QWEN_0980_GPT_Image_1,1,0.001654758001677692,qwen::GPT-Image-1,,models/v2/clip_lora_fold3_best_v1.pt,models/v2/v2_10b_h2_balanced_logreg_fold3_v1.joblib
3,jpeg_q50,QWEN_0980_GPT_Image_15,1,0.003566563595086336,qwen::GPT-Image-1.5,,models/v2/clip_lora_fold3_best_v1.pt,models/v2/v2_10b_h2_balanced_logreg_fold3_v1.joblib
3,jpeg_q50,QWEN_0980_HunyuanImage_30,1,0.0033789079170674086,qwen::HunyuanImage-3.0,,models/v2/clip_lora_fold3_best_v1.pt,models/v2/v2_10b_h2_balanced_logreg_fold3_v1.joblib
3,jpeg_q50,QWEN_0980_FLUX2_pro,1,0.0010827792575582862,qwen::FLUX.2-pro,,models/v2/clip_lora_fold3_best_v1.pt,models/v2/v2_10b_h2_balanced_logreg_fold3_v1.joblib
3,jpeg_q50,SMARTPHONE_266094,0,0.0048219929449260235,real::Smartphone,Smartphone,models/v2/clip_lora_fold3_best_v1.pt,models/v2/v2_10b_h2_balanced_logreg_fold3_v1.joblib
3,jpeg_q50,SMARTPHONE_918488,0,0.0005688312230631709,real::Smartphone,Smartphone,models/v2/clip_lora_fold3_best_v1.pt,models/v2/v2_10b_h2_balanced_logreg_fold3_v1.joblib
3,jpeg_q50,SMARTPHONE_363988,0,0.0004941988736391068,real::Smartphone,Smartphone,models/v2/clip_lora_fold3_best_v1.pt,models/v2/v2_10b_h2_balanced_logreg_fold3_v1.joblib
3,jpeg_q50,SMARTPHONE_699009,0,0.0004351609095465392,real::Smartphone,Smartphone,models/v2/clip_lora_fold3_best_v1.pt,models/v2/v2_10b_h2_balanced_logreg_fold3_v1.joblib
3,jpeg_q50,SMARTPHONE_722548,0,0.0017495003994554281,real::Smartphone,Smartphone,models/v2/clip_lora_fold3_best_v1.pt,models/v2/v2_10b_h2_balanced_logreg_fold3_v1.joblib
3,jpeg_q50,SMARTPHONE_1014820,0,0.0008238232112489641,real::Smartphone,Smartphone,models/v2/clip_lora_fold3_best_v1.pt,models/v2/v2_10b_h2_balanced_logreg_fold3_v1.joblib
3,jpeg_q50,SMARTPHONE_869981,0,0.024901604279875755,real::Smartphone,Smartphone,models/v2/clip_lora_fold3_best_v1.pt,models/v2/v2_10b_h2_balanced_logreg_fold3_v1.joblib
3,jpeg_q50,SMARTPHONE_549095,0,0.001074472558684647,real::Smartphone,Smartphone,models/v2/clip_lora_fold3_best_v1.pt,models/v2/v2_10b_h2_balanced_logreg_fold3_v1.joblib
3,jpeg_q50,SMARTPHONE_836705,0,0.00027189526008442044,real::Smartphone,Smartphone,models/v2/clip_lora_fold3_best_v1.pt,models/v2/v2_10b_h2_balanced_logreg_fold3_v1.joblib
3,jpeg_q50,SMARTPHONE_289713,0,0.00039666329394094646,real::Smartphone,Smartphone,models/v2/clip_lora_fold3_best_v1.pt,models/v2/v2_10b_h2_balanced_logreg_fold3_v1.joblib
3,jpeg_q50,SMARTPHONE_260800,0,0.000430187676101923,real::Smartphone,Smartphone,models/v2/clip_lora_fold3_best_v1.pt,models/v2/v2_10b_h2_balanced_logreg_fold3_v1.joblib
3,jpeg_q50,SMARTPHONE_422421,0,0.0003088864905294031,real::Smartphone,Smartphone,models/v2/clip_lora_fold3_best_v1.pt,models/v2/v2_10b_h2_balanced_logreg_fold3_v1.joblib
3,jpeg_q50,SMARTPHONE_351851,0,0.0001611485640751198,real::Smartphone,Smartphone,models/v2/clip_lora_fold3_best_v1.pt,models/v2/v2_10b_h2_balanced_logreg_fold3_v1.joblib
3,jpeg_q50,SMARTPHONE_192766,0,2.8550757633638568e-05,real::Smartphone,Smartphone,models/v2/clip_lora_fold3_best_v1.pt,models/v2/v2_10b_h2_balanced_logreg_fold3_v1.joblib
3,jpeg_q50,SMARTPHONE_44895,0,0.00020153344667050987,real::Smartphone,Smartphone,models/v2/clip_lora_fold3_best_v1.pt,models/v2/v2_10b_h2_balanced_logreg_fold3_v1.joblib
3,jpeg_q50,SMARTPHONE_167869,0,0.00018960150191560388,real::Smartphone,Smartphone,models/v2/clip_lora_fold3_best_v1.pt,models/v2/v2_10b_h2_balanced_logreg_fold3_v1.joblib
3,jpeg_q50,SMARTPHONE_272002,0,6.925102206878364e-05,real::Smartphone,Smartphone,models/v2/clip_lora_fold3_best_v1.pt,models/v2/v2_10b_h2_balanced_logreg_fold3_v1.joblib
3,jpeg_q50,SMARTPHONE_271693,0,0.0004707505868282169,real::Smartphone,Smartphone,models/v2/clip_lora_fold3_best_v1.pt,models/v2/v2_10b_h2_balanced_logreg_fold3_v1.joblib
3,jpeg_q50,SMARTPHONE_246177,0,0.00018188748799730092,real::Smartphone,Smartphone,models/v2/clip_lora_fold3_best_v1.pt,models/v2/v2_10b_h2_balanced_logreg_fold3_v1.joblib
3,jpeg_q50,SMARTPHONE_266740,0,0.0004394087300170213,real::Smartphone,Smartphone,models/v2/clip_lora_fold3_best_v1.pt,models/v2/v2_10b_h2_balanced_logreg_fold3_v1.joblib
3,jpeg_q50,SMARTPHONE_668289,0,0.001429918920621276,real::Smartphone,Smartphone,models/v2/clip_lora_fold3_best_v1.pt,models/v2/v2_10b_h2_balanced_logreg_fold3_v1.joblib
3,jpeg_q50,SMARTPHONE_332525,0,0.0002915137156378478,real::Smartphone,Smartphone,models/v2/clip_lora_fold3_best_v1.pt,models/v2/v2_10b_h2_balanced_logreg_fold3_v1.joblib
3,jpeg_q50,SMARTPHONE_426225,0,0.00030133314430713654,real::Smartphone,Smartphone,models/v2/clip_lora_fold3_best_v1.pt,models/v2/v2_10b_h2_balanced_logreg_fold3_v1.joblib
3,jpeg_q50,SMARTPHONE_378098,0,0.010362678207457066,real::Smartphone,Smartphone,models/v2/clip_lora_fold3_best_v1.pt,models/v2/v2_10b_h2_balanced_logreg_fold3_v1.joblib
3,jpeg_q50,SMARTPHONE_517233,0,3.764262146432884e-05,real::Smartphone,Smartphone,models/v2/clip_lora_fold3_best_v1.pt,models/v2/v2_10b_h2_balanced_logreg_fold3_v1.joblib
3,jpeg_q50,SMARTPHONE_174520,0,0.00016120082000270486,real::Smartphone,Smartphone,models/v2/clip_lora_fold3_best_v1.pt,models/v2/v2_10b_h2_balanced_logreg_fold3_v1.joblib
3,jpeg_q50,SMARTPHONE_359516,0,0.00032476201886311173,real::Smartphone,Smartphone,models/v2/clip_lora_fold3_best_v1.pt,models/v2/v2_10b_h2_balanced_logreg_fold3_v1.joblib
3,jpeg_q50,SMARTPHONE_326129,0,0.0006788054015487432,real::Smartphone,Smartphone,models/v2/clip_lora_fold3_best_v1.pt,models/v2/v2_10b_h2_balanced_logreg_fold3_v1.joblib
3,jpeg_q50,SMARTPHONE_334950,0,2.5522078431094997e-05,real::Smartphone,Smartphone,models/v2/clip_lora_fold3_best_v1.pt,models/v2/v2_10b_h2_balanced_logreg_fold3_v1.joblib
3,jpeg_q50,SMARTPHONE_769952,0,8.795408211881295e-05,real::Smartphone,Smartphone,models/v2/clip_lora_fold3_best_v1.pt,models/v2/v2_10b_h2_balanced_logreg_fold3_v1.joblib
3,jpeg_q50,SMARTPHONE_192863,0,0.014620492234826088,real::Smartphone,Smartphone,models/v2/clip_lora_fold3_best_v1.pt,models/v2/v2_10b_h2_balanced_logreg_fold3_v1.joblib
3,jpeg_q50,SMARTPHONE_320452,0,0.0012369391042739153,real::Smartphone,Smartphone,models/v2/clip_lora_fold3_best_v1.pt,models/v2/v2_10b_h2_balanced_logreg_fold3_v1.joblib
3,jpeg_q50,SMARTPHONE_239140,0,5.855021299794316e-05,real::Smartphone,Smartphone,models/v2/clip_lora_fold3_best_v1.pt,models/v2/v2_10b_h2_balanced_logreg_fold3_v1.joblib
3,jpeg_q50,SMARTPHONE_75765,0,0.0015064943581819534,real::Smartphone,Smartphone,models/v2/clip_lora_fold3_best_v1.pt,models/v2/v2_10b_h2_balanced_logreg_fold3_v1.joblib
3,jpeg_q50,SMARTPHONE_981307,0,0.001250041532330215,real::Smartphone,Smartphone,models/v2/clip_lora_fold3_best_v1.pt,models/v2/v2_10b_h2_balanced_logreg_fold3_v1.joblib
3,jpeg_q50,SMARTPHONE_870916,0,6.386006862157956e-05,real::Smartphone,Smartphone,models/v2/clip_lora_fold3_best_v1.pt,models/v2/v2_10b_h2_balanced_logreg_fold3_v1.joblib
3,jpeg_q50,SMARTPHONE_942708,0,0.00026517946389503777,real::Smartphone,Smartphone,models/v2/clip_lora_fold3_best_v1.pt,models/v2/v2_10b_h2_balanced_logreg_fold3_v1.joblib
3,jpeg_q50,SMARTPHONE_318426,0,9.121531184064224e-05,real::Smartphone,Smartphone,models/v2/clip_lora_fold3_best_v1.pt,models/v2/v2_10b_h2_balanced_logreg_fold3_v1.joblib
3,jpeg_q50,SMARTPHONE_742680,0,5.840822996105999e-05,real::Smartphone,Smartphone,models/v2/clip_lora_fold3_best_v1.pt,models/v2/v2_10b_h2_balanced_logreg_fold3_v1.joblib
3,jpeg_q50,SMARTPHONE_27966,0,0.0013006000081077218,real::Smartphone,Smartphone,models/v2/clip_lora_fold3_best_v1.pt,models/v2/v2_10b_h2_balanced_logreg_fold3_v1.joblib
3,jpeg_q50,SMARTPHONE_323765,0,0.00014714497956447303,real::Smartphone,Smartphone,models/v2/clip_lora_fold3_best_v1.pt,models/v2/v2_10b_h2_balanced_logreg_fold3_v1.joblib
3,jpeg_q50,SMARTPHONE_820544,0,7.262335566338152e-05,real::Smartphone,Smartphone,models/v2/clip_lora_fold3_best_v1.pt,models/v2/v2_10b_h2_balanced_logreg_fold3_v1.joblib
3,jpeg_q50,SMARTPHONE_859864,0,0.00010321997251594439,real::Smartphone,Smartphone,models/v2/clip_lora_fold3_best_v1.pt,models/v2/v2_10b_h2_balanced_logreg_fold3_v1.joblib
3,jpeg_q50,SMARTPHONE_270777,0,0.0028550473507493734,real::Smartphone,Smartphone,models/v2/clip_lora_fold3_best_v1.pt,models/v2/v2_10b_h2_balanced_logreg_fold3_v1.joblib
3,jpeg_q50,SMARTPHONE_625666,0,0.002893752185627818,real::Smartphone,Smartphone,models/v2/clip_lora_fold3_best_v1.pt,models/v2/v2_10b_h2_balanced_logreg_fold3_v1.joblib
3,jpeg_q50,SMARTPHONE_579219,0,0.00026086182333528996,real::Smartphone,Smartphone,models/v2/clip_lora_fold3_best_v1.pt,models/v2/v2_10b_h2_balanced_logreg_fold3_v1.joblib
3,jpeg_q50,SMARTPHONE_490360,0,0.0006566524971276522,real::Smartphone,Smartphone,models/v2/clip_lora_fold3_best_v1.pt,models/v2/v2_10b_h2_balanced_logreg_fold3_v1.joblib
3,jpeg_q50,SMARTPHONE_119728,0,0.00014344617375172675,real::Smartphone,Smartphone,models/v2/clip_lora_fold3_best_v1.pt,models/v2/v2_10b_h2_balanced_logreg_fold3_v1.joblib
3,jpeg_q50,SMARTPHONE_475651,0,0.0008050032192841172,real::Smartphone,Smartphone,models/v2/clip_lora_fold3_best_v1.pt,models/v2/v2_10b_h2_balanced_logreg_fold3_v1.joblib
3,jpeg_q50,SMARTPHONE_122407,0,0.0010864767245948315,real::Smartphone,Smartphone,models/v2/clip_lora_fold3_best_v1.pt,models/v2/v2_10b_h2_balanced_logreg_fold3_v1.joblib
3,jpeg_q50,SMARTPHONE_955778,0,3.132175697828643e-05,real::Smartphone,Smartphone,models/v2/clip_lora_fold3_best_v1.pt,models/v2/v2_10b_h2_balanced_logreg_fold3_v1.joblib
3,jpeg_q50,SMARTPHONE_663145,0,0.00035299360752105713,real::Smartphone,Smartphone,models/v2/clip_lora_fold3_best_v1.pt,models/v2/v2_10b_h2_balanced_logreg_fold3_v1.joblib
3,jpeg_q50,SMARTPHONE_488390,0,0.000997654045931995,real::Smartphone,Smartphone,models/v2/clip_lora_fold3_best_v1.pt,models/v2/v2_10b_h2_balanced_logreg_fold3_v1.joblib
3,jpeg_q50,SMARTPHONE_441390,0,0.00021101841412018985,real::Smartphone,Smartphone,models/v2/clip_lora_fold3_best_v1.pt,models/v2/v2_10b_h2_balanced_logreg_fold3_v1.joblib
3,jpeg_q50,SMARTPHONE_935640,0,0.00030743368552066386,real::Smartphone,Smartphone,models/v2/clip_lora_fold3_best_v1.pt,models/v2/v2_10b_h2_balanced_logreg_fold3_v1.joblib
3,jpeg_q50,SMARTPHONE_84216,0,8.712906128494069e-05,real::Smartphone,Smartphone,models/v2/clip_lora_fold3_best_v1.pt,models/v2/v2_10b_h2_balanced_logreg_fold3_v1.joblib
3,jpeg_q50,SMARTPHONE_708116,0,0.00014317015302367508,real::Smartphone,Smartphone,models/v2/clip_lora_fold3_best_v1.pt,models/v2/v2_10b_h2_balanced_logreg_fold3_v1.joblib
3,jpeg_q50,SMARTPHONE_299168,0,0.00015834621444810182,real::Smartphone,Smartphone,models/v2/clip_lora_fold3_best_v1.pt,models/v2/v2_10b_h2_balanced_logreg_fold3_v1.joblib
3,jpeg_q50,SMARTPHONE_334534,0,0.00021208303223829716,real::Smartphone,Smartphone,models/v2/clip_lora_fold3_best_v1.pt,models/v2/v2_10b_h2_balanced_logreg_fold3_v1.joblib
3,jpeg_q50,SMARTPHONE_694587,0,0.0023022922687232494,real::Smartphone,Smartphone,models/v2/clip_lora_fold3_best_v1.pt,models/v2/v2_10b_h2_balanced_logreg_fold3_v1.joblib
3,jpeg_q50,SMARTPHONE_905447,0,0.00023061883985064924,real::Smartphone,Smartphone,models/v2/clip_lora_fold3_best_v1.pt,models/v2/v2_10b_h2_balanced_logreg_fold3_v1.joblib
3,jpeg_q50,SMARTPHONE_844676,0,2.8693622880382463e-05,real::Smartphone,Smartphone,models/v2/clip_lora_fold3_best_v1.pt,models/v2/v2_10b_h2_balanced_logreg_fold3_v1.joblib
3,jpeg_q50,SMARTPHONE_243727,0,0.0021373445633798838,real::Smartphone,Smartphone,models/v2/clip_lora_fold3_best_v1.pt,models/v2/v2_10b_h2_balanced_logreg_fold3_v1.joblib
3,jpeg_q50,SMARTPHONE_989294,0,0.0005859301891177893,real::Smartphone,Smartphone,models/v2/clip_lora_fold3_best_v1.pt,models/v2/v2_10b_h2_balanced_logreg_fold3_v1.joblib
3,jpeg_q50,SMARTPHONE_848122,0,0.0005927133024670184,real::Smartphone,Smartphone,models/v2/clip_lora_fold3_best_v1.pt,models/v2/v2_10b_h2_balanced_logreg_fold3_v1.joblib
3,jpeg_q50,SMARTPHONE_149671,0,0.0014962386339902878,real::Smartphone,Smartphone,models/v2/clip_lora_fold3_best_v1.pt,models/v2/v2_10b_h2_balanced_logreg_fold3_v1.joblib
3,jpeg_q50,SMARTPHONE_868564,0,6.024828689987771e-05,real::Smartphone,Smartphone,models/v2/clip_lora_fold3_best_v1.pt,models/v2/v2_10b_h2_balanced_logreg_fold3_v1.joblib
3,jpeg_q50,SMARTPHONE_66247,0,0.00022887560771778226,real::Smartphone,Smartphone,models/v2/clip_lora_fold3_best_v1.pt,models/v2/v2_10b_h2_balanced_logreg_fold3_v1.joblib
3,jpeg_q50,SMARTPHONE_983217,0,0.00020361637871246785,real::Smartphone,Smartphone,models/v2/clip_lora_fold3_best_v1.pt,models/v2/v2_10b_h2_balanced_logreg_fold3_v1.joblib
3,jpeg_q50,SMARTPHONE_98874,0,9.232731827069074e-05,real::Smartphone,Smartphone,models/v2/clip_lora_fold3_best_v1.pt,models/v2/v2_10b_h2_balanced_logreg_fold3_v1.joblib
3,jpeg_q50,SMARTPHONE_583377,0,0.0005950850900262594,real::Smartphone,Smartphone,models/v2/clip_lora_fold3_best_v1.pt,models/v2/v2_10b_h2_balanced_logreg_fold3_v1.joblib
3,jpeg_q50,SMARTPHONE_507774,0,0.0015116186114028096,real::Smartphone,Smartphone,models/v2/clip_lora_fold3_best_v1.pt,models/v2/v2_10b_h2_balanced_logreg_fold3_v1.joblib
3,jpeg_q50,SMARTPHONE_691644,0,8.697341399965808e-05,real::Smartphone,Smartphone,models/v2/clip_lora_fold3_best_v1.pt,models/v2/v2_10b_h2_balanced_logreg_fold3_v1.joblib
3,jpeg_q50,SMARTPHONE_577223,0,0.0003283046535216272,real::Smartphone,Smartphone,models/v2/clip_lora_fold3_best_v1.pt,models/v2/v2_10b_h2_balanced_logreg_fold3_v1.joblib
3,jpeg_q50,SMARTPHONE_570390,0,0.0006599560147151351,real::Smartphone,Smartphone,models/v2/clip_lora_fold3_best_v1.pt,models/v2/v2_10b_h2_balanced_logreg_fold3_v1.joblib
3,jpeg_q50,SMARTPHONE_428920,0,0.000527324853464961,real::Smartphone,Smartphone,models/v2/clip_lora_fold3_best_v1.pt,models/v2/v2_10b_h2_balanced_logreg_fold3_v1.joblib
3,jpeg_q50,SMARTPHONE_238982,0,8.475574577460065e-05,real::Smartphone,Smartphone,models/v2/clip_lora_fold3_best_v1.pt,models/v2/v2_10b_h2_balanced_logreg_fold3_v1.joblib
3,jpeg_q50,SMARTPHONE_696723,0,0.0008074085926637053,real::Smartphone,Smartphone,models/v2/clip_lora_fold3_best_v1.pt,models/v2/v2_10b_h2_balanced_logreg_fold3_v1.joblib
3,jpeg_q50,SMARTPHONE_806581,0,0.0004245780874043703,real::Smartphone,Smartphone,models/v2/clip_lora_fold3_best_v1.pt,models/v2/v2_10b_h2_balanced_logreg_fold3_v1.joblib
3,jpeg_q50,SMARTPHONE_299424,0,0.0005915890797041357,real::Smartphone,Smartphone,models/v2/clip_lora_fold3_best_v1.pt,models/v2/v2_10b_h2_balanced_logreg_fold3_v1.joblib
3,jpeg_q50,SMARTPHONE_476590,0,0.009391307830810547,real::Smartphone,Smartphone,models/v2/clip_lora_fold3_best_v1.pt,models/v2/v2_10b_h2_balanced_logreg_fold3_v1.joblib
3,jpeg_q50,SMARTPHONE_510927,0,0.00043795997044071555,real::Smartphone,Smartphone,models/v2/clip_lora_fold3_best_v1.pt,models/v2/v2_10b_h2_balanced_logreg_fold3_v1.joblib
3,jpeg_q50,SMARTPHONE_883526,0,0.00059171934844926,real::Smartphone,Smartphone,models/v2/clip_lora_fold3_best_v1.pt,models/v2/v2_10b_h2_balanced_logreg_fold3_v1.joblib
3,jpeg_q50,SMARTPHONE_215884,0,0.0009348908788524568,real::Smartphone,Smartphone,models/v2/clip_lora_fold3_best_v1.pt,models/v2/v2_10b_h2_balanced_logreg_fold3_v1.joblib
3,jpeg_q50,SMARTPHONE_933366,0,2.5712191927595995e-05,real::Smartphone,Smartphone,models/v2/clip_lora_fold3_best_v1.pt,models/v2/v2_10b_h2_balanced_logreg_fold3_v1.joblib
3,jpeg_q50,SMARTPHONE_963937,0,0.00029714967240579426,real::Smartphone,Smartphone,models/v2/clip_lora_fold3_best_v1.pt,models/v2/v2_10b_h2_balanced_logreg_fold3_v1.joblib
3,jpeg_q50,SMARTPHONE_950858,0,0.0009351919288747013,real::Smartphone,Smartphone,models/v2/clip_lora_fold3_best_v1.pt,models/v2/v2_10b_h2_balanced_logreg_fold3_v1.joblib
3,jpeg_q50,SMARTPHONE_404163,0,0.003975206520408392,real::Smartphone,Smartphone,models/v2/clip_lora_fold3_best_v1.pt,models/v2/v2_10b_h2_balanced_logreg_fold3_v1.joblib
3,jpeg_q50,SMARTPHONE_948480,0,0.0003162984794471413,real::Smartphone,Smartphone,models/v2/clip_lora_fold3_best_v1.pt,models/v2/v2_10b_h2_balanced_logreg_fold3_v1.joblib
3,jpeg_q50,SMARTPHONE_102430,0,0.0006771342013962567,real::Smartphone,Smartphone,models/v2/clip_lora_fold3_best_v1.pt,models/v2/v2_10b_h2_balanced_logreg_fold3_v1.joblib
3,jpeg_q50,SMARTPHONE_286376,0,5.955618689768016e-05,real::Smartphone,Smartphone,models/v2/clip_lora_fold3_best_v1.pt,models/v2/v2_10b_h2_balanced_logreg_fold3_v1.joblib
3,jpeg_q50,SMARTPHONE_806603,0,0.0004771579406224191,real::Smartphone,Smartphone,models/v2/clip_lora_fold3_best_v1.pt,models/v2/v2_10b_h2_balanced_logreg_fold3_v1.joblib
3,jpeg_q50,SMARTPHONE_55372,0,0.0009023426682688296,real::Smartphone,Smartphone,models/v2/clip_lora_fold3_best_v1.pt,models/v2/v2_10b_h2_balanced_logreg_fold3_v1.joblib
3,jpeg_q50,SMARTPHONE_166817,0,0.0001571150351082906,real::Smartphone,Smartphone,models/v2/clip_lora_fold3_best_v1.pt,models/v2/v2_10b_h2_balanced_logreg_fold3_v1.joblib
3,jpeg_q50,SMARTPHONE_226584,0,0.00036138034192845225,real::Smartphone,Smartphone,models/v2/clip_lora_fold3_best_v1.pt,models/v2/v2_10b_h2_balanced_logreg_fold3_v1.joblib
3,jpeg_q50,SMARTPHONE_816382,0,0.0003746436268556863,real::Smartphone,Smartphone,models/v2/clip_lora_fold3_best_v1.pt,models/v2/v2_10b_h2_balanced_logreg_fold3_v1.joblib
3,jpeg_q50,SMARTPHONE_346922,0,0.00018454139353707433,real::Smartphone,Smartphone,models/v2/clip_lora_fold3_best_v1.pt,models/v2/v2_10b_h2_balanced_logreg_fold3_v1.joblib
3,jpeg_q50,SMARTPHONE_77346,0,0.00021579462918452919,real::Smartphone,Smartphone,models/v2/clip_lora_fold3_best_v1.pt,models/v2/v2_10b_h2_balanced_logreg_fold3_v1.joblib
3,jpeg_q50,SMARTPHONE_670061,0,0.00012860535935033113,real::Smartphone,Smartphone,models/v2/clip_lora_fold3_best_v1.pt,models/v2/v2_10b_h2_balanced_logreg_fold3_v1.joblib
3,jpeg_q50,SMARTPHONE_1015273,0,9.171386045636609e-05,real::Smartphone,Smartphone,models/v2/clip_lora_fold3_best_v1.pt,models/v2/v2_10b_h2_balanced_logreg_fold3_v1.joblib
3,jpeg_q50,SMARTPHONE_24728,0,8.321901987073943e-05,real::Smartphone,Smartphone,models/v2/clip_lora_fold3_best_v1.pt,models/v2/v2_10b_h2_balanced_logreg_fold3_v1.joblib
3,jpeg_q50,SMARTPHONE_39238,0,0.006141639314591885,real::Smartphone,Smartphone,models/v2/clip_lora_fold3_best_v1.pt,models/v2/v2_10b_h2_balanced_logreg_fold3_v1.joblib
3,jpeg_q50,SMARTPHONE_342534,0,0.00017688304069451988,real::Smartphone,Smartphone,models/v2/clip_lora_fold3_best_v1.pt,models/v2/v2_10b_h2_balanced_logreg_fold3_v1.joblib
3,jpeg_q50,SMARTPHONE_104494,0,7.723827002337202e-05,real::Smartphone,Smartphone,models/v2/clip_lora_fold3_best_v1.pt,models/v2/v2_10b_h2_balanced_logreg_fold3_v1.joblib
3,jpeg_q50,SMARTPHONE_636591,0,0.0034520647022873163,real::Smartphone,Smartphone,models/v2/clip_lora_fold3_best_v1.pt,models/v2/v2_10b_h2_balanced_logreg_fold3_v1.joblib
3,jpeg_q50,SMARTPHONE_248008,0,0.00012430865899659693,real::Smartphone,Smartphone,models/v2/clip_lora_fold3_best_v1.pt,models/v2/v2_10b_h2_balanced_logreg_fold3_v1.joblib
3,jpeg_q50,SMARTPHONE_204711,0,0.00019886640075128525,real::Smartphone,Smartphone,models/v2/clip_lora_fold3_best_v1.pt,models/v2/v2_10b_h2_balanced_logreg_fold3_v1.joblib
3,jpeg_q50,SMARTPHONE_976959,0,0.0007754117250442505,real::Smartphone,Smartphone,models/v2/clip_lora_fold3_best_v1.pt,models/v2/v2_10b_h2_balanced_logreg_fold3_v1.joblib
3,jpeg_q50,SMARTPHONE_165101,0,0.00011557762627489865,real::Smartphone,Smartphone,models/v2/clip_lora_fold3_best_v1.pt,models/v2/v2_10b_h2_balanced_logreg_fold3_v1.joblib
3,jpeg_q50,SMARTPHONE_506356,0,0.0024874855298548937,real::Smartphone,Smartphone,models/v2/clip_lora_fold3_best_v1.pt,models/v2/v2_10b_h2_balanced_logreg_fold3_v1.joblib
3,jpeg_q50,SMARTPHONE_943065,0,0.00012883709860034287,real::Smartphone,Smartphone,models/v2/clip_lora_fold3_best_v1.pt,models/v2/v2_10b_h2_balanced_logreg_fold3_v1.joblib
3,jpeg_q50,SMARTPHONE_775115,0,0.0006134569994173944,real::Smartphone,Smartphone,models/v2/clip_lora_fold3_best_v1.pt,models/v2/v2_10b_h2_balanced_logreg_fold3_v1.joblib
3,jpeg_q50,SMARTPHONE_267126,0,0.001103702001273632,real::Smartphone,Smartphone,models/v2/clip_lora_fold3_best_v1.pt,models/v2/v2_10b_h2_balanced_logreg_fold3_v1.joblib
3,jpeg_q50,SMARTPHONE_813990,0,0.0001106841882574372,real::Smartphone,Smartphone,models/v2/clip_lora_fold3_best_v1.pt,models/v2/v2_10b_h2_balanced_logreg_fold3_v1.joblib
3,jpeg_q50,SMARTPHONE_705719,0,0.0001940484216902405,real::Smartphone,Smartphone,models/v2/clip_lora_fold3_best_v1.pt,models/v2/v2_10b_h2_balanced_logreg_fold3_v1.joblib
3,jpeg_q50,SMARTPHONE_300398,0,0.0003078410809393972,real::Smartphone,Smartphone,models/v2/clip_lora_fold3_best_v1.pt,models/v2/v2_10b_h2_balanced_logreg_fold3_v1.joblib
3,jpeg_q50,SMARTPHONE_605242,0,0.0012621015775948763,real::Smartphone,Smartphone,models/v2/clip_lora_fold3_best_v1.pt,models/v2/v2_10b_h2_balanced_logreg_fold3_v1.joblib
3,jpeg_q50,SMARTPHONE_476852,0,0.004648365080356598,real::Smartphone,Smartphone,models/v2/clip_lora_fold3_best_v1.pt,models/v2/v2_10b_h2_balanced_logreg_fold3_v1.joblib
3,jpeg_q50,SMARTPHONE_586003,0,0.0020609372295439243,real::Smartphone,Smartphone,models/v2/clip_lora_fold3_best_v1.pt,models/v2/v2_10b_h2_balanced_logreg_fold3_v1.joblib
3,jpeg_q50,SMARTPHONE_415955,0,7.370419916696846e-05,real::Smartphone,Smartphone,models/v2/clip_lora_fold3_best_v1.pt,models/v2/v2_10b_h2_balanced_logreg_fold3_v1.joblib
3,jpeg_q50,SMARTPHONE_983469,0,0.000529188837390393,real::Smartphone,Smartphone,models/v2/clip_lora_fold3_best_v1.pt,models/v2/v2_10b_h2_balanced_logreg_fold3_v1.joblib
3,jpeg_q50,SMARTPHONE_848429,0,0.00015889250789768994,real::Smartphone,Smartphone,models/v2/clip_lora_fold3_best_v1.pt,models/v2/v2_10b_h2_balanced_logreg_fold3_v1.joblib
3,jpeg_q50,SMARTPHONE_809215,0,9.361966658616439e-05,real::Smartphone,Smartphone,models/v2/clip_lora_fold3_best_v1.pt,models/v2/v2_10b_h2_balanced_logreg_fold3_v1.joblib
3,jpeg_q50,SMARTPHONE_727593,0,0.00010841408948181197,real::Smartphone,Smartphone,models/v2/clip_lora_fold3_best_v1.pt,models/v2/v2_10b_h2_balanced_logreg_fold3_v1.joblib
3,jpeg_q50,SMARTPHONE_66762,0,0.0003117854066658765,real::Smartphone,Smartphone,models/v2/clip_lora_fold3_best_v1.pt,models/v2/v2_10b_h2_balanced_logreg_fold3_v1.joblib
3,jpeg_q50,SMARTPHONE_257072,0,0.0001778956939233467,real::Smartphone,Smartphone,models/v2/clip_lora_fold3_best_v1.pt,models/v2/v2_10b_h2_balanced_logreg_fold3_v1.joblib
3,jpeg_q50,SMARTPHONE_483456,0,0.0001386961666867137,real::Smartphone,Smartphone,models/v2/clip_lora_fold3_best_v1.pt,models/v2/v2_10b_h2_balanced_logreg_fold3_v1.joblib
3,jpeg_q50,SMARTPHONE_494712,0,0.00018815947987604886,real::Smartphone,Smartphone,models/v2/clip_lora_fold3_best_v1.pt,models/v2/v2_10b_h2_balanced_logreg_fold3_v1.joblib
3,jpeg_q50,SMARTPHONE_883000,0,0.00044933901517651975,real::Smartphone,Smartphone,models/v2/clip_lora_fold3_best_v1.pt,models/v2/v2_10b_h2_balanced_logreg_fold3_v1.joblib
3,jpeg_q50,SMARTPHONE_879126,0,0.003896974725648761,real::Smartphone,Smartphone,models/v2/clip_lora_fold3_best_v1.pt,models/v2/v2_10b_h2_balanced_logreg_fold3_v1.joblib
3,jpeg_q50,SMARTPHONE_39837,0,0.00023440564109478146,real::Smartphone,Smartphone,models/v2/clip_lora_fold3_best_v1.pt,models/v2/v2_10b_h2_balanced_logreg_fold3_v1.joblib
3,jpeg_q50,SMARTPHONE_1033666,0,0.0010670267511159182,real::Smartphone,Smartphone,models/v2/clip_lora_fold3_best_v1.pt,models/v2/v2_10b_h2_balanced_logreg_fold3_v1.joblib
3,jpeg_q50,SMARTPHONE_1002811,0,0.00015295388584490865,real::Smartphone,Smartphone,models/v2/clip_lora_fold3_best_v1.pt,models/v2/v2_10b_h2_balanced_logreg_fold3_v1.joblib
3,jpeg_q50,SMARTPHONE_640187,0,0.00029415538301691413,real::Smartphone,Smartphone,models/v2/clip_lora_fold3_best_v1.pt,models/v2/v2_10b_h2_balanced_logreg_fold3_v1.joblib
3,jpeg_q50,SMARTPHONE_624066,0,0.003377361921593547,real::Smartphone,Smartphone,models/v2/clip_lora_fold3_best_v1.pt,models/v2/v2_10b_h2_balanced_logreg_fold3_v1.joblib
3,jpeg_q50,SMARTPHONE_809493,0,0.00019389527733437717,real::Smartphone,Smartphone,models/v2/clip_lora_fold3_best_v1.pt,models/v2/v2_10b_h2_balanced_logreg_fold3_v1.joblib
3,jpeg_q50,SMARTPHONE_686409,0,5.4917807574383914e-05,real::Smartphone,Smartphone,models/v2/clip_lora_fold3_best_v1.pt,models/v2/v2_10b_h2_balanced_logreg_fold3_v1.joblib
3,jpeg_q50,SMARTPHONE_543198,0,0.00030720370705239475,real::Smartphone,Smartphone,models/v2/clip_lora_fold3_best_v1.pt,models/v2/v2_10b_h2_balanced_logreg_fold3_v1.joblib
3,jpeg_q50,SMARTPHONE_661693,0,0.002308791968971491,real::Smartphone,Smartphone,models/v2/clip_lora_fold3_best_v1.pt,models/v2/v2_10b_h2_balanced_logreg_fold3_v1.joblib
3,jpeg_q50,SMARTPHONE_230225,0,0.005564868915826082,real::Smartphone,Smartphone,models/v2/clip_lora_fold3_best_v1.pt,models/v2/v2_10b_h2_balanced_logreg_fold3_v1.joblib
3,jpeg_q50,SMARTPHONE_1010126,0,0.0001981241221074015,real::Smartphone,Smartphone,models/v2/clip_lora_fold3_best_v1.pt,models/v2/v2_10b_h2_balanced_logreg_fold3_v1.joblib
3,jpeg_q50,SMARTPHONE_909011,0,0.002434986410662532,real::Smartphone,Smartphone,models/v2/clip_lora_fold3_best_v1.pt,models/v2/v2_10b_h2_balanced_logreg_fold3_v1.joblib
3,jpeg_q50,SMARTPHONE_527623,0,0.00013667813618667424,real::Smartphone,Smartphone,models/v2/clip_lora_fold3_best_v1.pt,models/v2/v2_10b_h2_balanced_logreg_fold3_v1.joblib
3,jpeg_q50,SMARTPHONE_826493,0,0.00039682857459411025,real::Smartphone,Smartphone,models/v2/clip_lora_fold3_best_v1.pt,models/v2/v2_10b_h2_balanced_logreg_fold3_v1.joblib
3,jpeg_q50,SMARTPHONE_499885,0,0.001074226456694305,real::Smartphone,Smartphone,models/v2/clip_lora_fold3_best_v1.pt,models/v2/v2_10b_h2_balanced_logreg_fold3_v1.joblib
3,jpeg_q50,SMARTPHONE_539735,0,0.002075430704280734,real::Smartphone,Smartphone,models/v2/clip_lora_fold3_best_v1.pt,models/v2/v2_10b_h2_balanced_logreg_fold3_v1.joblib
3,jpeg_q50,SMARTPHONE_330547,0,0.008956745266914368,real::Smartphone,Smartphone,models/v2/clip_lora_fold3_best_v1.pt,models/v2/v2_10b_h2_balanced_logreg_fold3_v1.joblib
3,jpeg_q50,SMARTPHONE_663961,0,0.001064786221832037,real::Smartphone,Smartphone,models/v2/clip_lora_fold3_best_v1.pt,models/v2/v2_10b_h2_balanced_logreg_fold3_v1.joblib
3,jpeg_q50,SMARTPHONE_477639,0,0.0001900684874271974,real::Smartphone,Smartphone,models/v2/clip_lora_fold3_best_v1.pt,models/v2/v2_10b_h2_balanced_logreg_fold3_v1.joblib
3,jpeg_q50,SMARTPHONE_1001088,0,0.0029264145996421576,real::Smartphone,Smartphone,models/v2/clip_lora_fold3_best_v1.pt,models/v2/v2_10b_h2_balanced_logreg_fold3_v1.joblib
3,jpeg_q50,SMARTPHONE_8274,0,0.0005414129118435085,real::Smartphone,Smartphone,models/v2/clip_lora_fold3_best_v1.pt,models/v2/v2_10b_h2_balanced_logreg_fold3_v1.joblib
3,jpeg_q50,SMARTPHONE_808022,0,0.0010042776120826602,real::Smartphone,Smartphone,models/v2/clip_lora_fold3_best_v1.pt,models/v2/v2_10b_h2_balanced_logreg_fold3_v1.joblib
3,jpeg_q50,SMARTPHONE_475434,0,0.0013146300334483385,real::Smartphone,Smartphone,models/v2/clip_lora_fold3_best_v1.pt,models/v2/v2_10b_h2_balanced_logreg_fold3_v1.joblib
3,jpeg_q50,SMARTPHONE_455547,0,0.00011250411625951529,real::Smartphone,Smartphone,models/v2/clip_lora_fold3_best_v1.pt,models/v2/v2_10b_h2_balanced_logreg_fold3_v1.joblib
3,jpeg_q50,SMARTPHONE_365232,0,0.00021796755027025938,real::Smartphone,Smartphone,models/v2/clip_lora_fold3_best_v1.pt,models/v2/v2_10b_h2_balanced_logreg_fold3_v1.joblib
3,jpeg_q50,SMARTPHONE_914541,0,0.002851734170690179,real::Smartphone,Smartphone,models/v2/clip_lora_fold3_best_v1.pt,models/v2/v2_10b_h2_balanced_logreg_fold3_v1.joblib
3,jpeg_q50,SMARTPHONE_67029,0,0.00011467895092209801,real::Smartphone,Smartphone,models/v2/clip_lora_fold3_best_v1.pt,models/v2/v2_10b_h2_balanced_logreg_fold3_v1.joblib
3,jpeg_q50,SMARTPHONE_258304,0,0.0005820433725602925,real::Smartphone,Smartphone,models/v2/clip_lora_fold3_best_v1.pt,models/v2/v2_10b_h2_balanced_logreg_fold3_v1.joblib
3,jpeg_q50,SMARTPHONE_146005,0,0.0008497422095388174,real::Smartphone,Smartphone,models/v2/clip_lora_fold3_best_v1.pt,models/v2/v2_10b_h2_balanced_logreg_fold3_v1.joblib
3,jpeg_q50,SMARTPHONE_643964,0,0.0020036851055920124,real::Smartphone,Smartphone,models/v2/clip_lora_fold3_best_v1.pt,models/v2/v2_10b_h2_balanced_logreg_fold3_v1.joblib
3,jpeg_q50,SMARTPHONE_192824,0,0.0002206820936407894,real::Smartphone,Smartphone,models/v2/clip_lora_fold3_best_v1.pt,models/v2/v2_10b_h2_balanced_logreg_fold3_v1.joblib
3,jpeg_q50,SMARTPHONE_264810,0,8.79520594025962e-05,real::Smartphone,Smartphone,models/v2/clip_lora_fold3_best_v1.pt,models/v2/v2_10b_h2_balanced_logreg_fold3_v1.joblib
3,jpeg_q50,SMARTPHONE_735592,0,4.769456427311525e-05,real::Smartphone,Smartphone,models/v2/clip_lora_fold3_best_v1.pt,models/v2/v2_10b_h2_balanced_logreg_fold3_v1.joblib
3,jpeg_q50,SMARTPHONE_473443,0,9.457916166866198e-05,real::Smartphone,Smartphone,models/v2/clip_lora_fold3_best_v1.pt,models/v2/v2_10b_h2_balanced_logreg_fold3_v1.joblib
3,jpeg_q50,SMARTPHONE_902600,0,0.00017743711941875517,real::Smartphone,Smartphone,models/v2/clip_lora_fold3_best_v1.pt,models/v2/v2_10b_h2_balanced_logreg_fold3_v1.joblib
3,jpeg_q50,SMARTPHONE_166294,0,0.0013973029563203454,real::Smartphone,Smartphone,models/v2/clip_lora_fold3_best_v1.pt,models/v2/v2_10b_h2_balanced_logreg_fold3_v1.joblib
3,jpeg_q50,SMARTPHONE_870855,0,0.00023803437943570316,real::Smartphone,Smartphone,models/v2/clip_lora_fold3_best_v1.pt,models/v2/v2_10b_h2_balanced_logreg_fold3_v1.joblib
3,jpeg_q50,SMARTPHONE_994349,0,0.0002566354814916849,real::Smartphone,Smartphone,models/v2/clip_lora_fold3_best_v1.pt,models/v2/v2_10b_h2_balanced_logreg_fold3_v1.joblib
3,jpeg_q50,SMARTPHONE_413030,0,0.002986075123772025,real::Smartphone,Smartphone,models/v2/clip_lora_fold3_best_v1.pt,models/v2/v2_10b_h2_balanced_logreg_fold3_v1.joblib
3,jpeg_q50,SMARTPHONE_554363,0,0.049940284341573715,real::Smartphone,Smartphone,models/v2/clip_lora_fold3_best_v1.pt,models/v2/v2_10b_h2_balanced_logreg_fold3_v1.joblib
3,jpeg_q50,SMARTPHONE_67228,0,0.0004945009131915867,real::Smartphone,Smartphone,models/v2/clip_lora_fold3_best_v1.pt,models/v2/v2_10b_h2_balanced_logreg_fold3_v1.joblib
3,jpeg_q50,SMARTPHONE_800579,0,0.00041963529656641185,real::Smartphone,Smartphone,models/v2/clip_lora_fold3_best_v1.pt,models/v2/v2_10b_h2_balanced_logreg_fold3_v1.joblib
3,jpeg_q50,SMARTPHONE_569429,0,0.0005264687933959067,real::Smartphone,Smartphone,models/v2/clip_lora_fold3_best_v1.pt,models/v2/v2_10b_h2_balanced_logreg_fold3_v1.joblib
3,jpeg_q50,SMARTPHONE_85583,0,0.0006320709362626076,real::Smartphone,Smartphone,models/v2/clip_lora_fold3_best_v1.pt,models/v2/v2_10b_h2_balanced_logreg_fold3_v1.joblib
3,jpeg_q50,SMARTPHONE_234705,0,0.0007299348362721503,real::Smartphone,Smartphone,models/v2/clip_lora_fold3_best_v1.pt,models/v2/v2_10b_h2_balanced_logreg_fold3_v1.joblib
3,jpeg_q50,SMARTPHONE_591050,0,0.0005559828714467585,real::Smartphone,Smartphone,models/v2/clip_lora_fold3_best_v1.pt,models/v2/v2_10b_h2_balanced_logreg_fold3_v1.joblib
3,jpeg_q50,SMARTPHONE_507755,0,0.0018020011484622955,real::Smartphone,Smartphone,models/v2/clip_lora_fold3_best_v1.pt,models/v2/v2_10b_h2_balanced_logreg_fold3_v1.joblib
3,jpeg_q50,SMARTPHONE_598833,0,0.0015015110839158297,real::Smartphone,Smartphone,models/v2/clip_lora_fold3_best_v1.pt,models/v2/v2_10b_h2_balanced_logreg_fold3_v1.joblib
3,jpeg_q50,SMARTPHONE_280965,0,0.0005351499421522021,real::Smartphone,Smartphone,models/v2/clip_lora_fold3_best_v1.pt,models/v2/v2_10b_h2_balanced_logreg_fold3_v1.joblib
3,jpeg_q50,SMARTPHONE_77738,0,0.004793089814484119,real::Smartphone,Smartphone,models/v2/clip_lora_fold3_best_v1.pt,models/v2/v2_10b_h2_balanced_logreg_fold3_v1.joblib
3,jpeg_q50,SMARTPHONE_812529,0,0.003207344328984618,real::Smartphone,Smartphone,models/v2/clip_lora_fold3_best_v1.pt,models/v2/v2_10b_h2_balanced_logreg_fold3_v1.joblib
3,jpeg_q50,SMARTPHONE_78372,0,0.008126722648739815,real::Smartphone,Smartphone,models/v2/clip_lora_fold3_best_v1.pt,models/v2/v2_10b_h2_balanced_logreg_fold3_v1.joblib
3,jpeg_q50,SMARTPHONE_596146,0,0.0011793554294854403,real::Smartphone,Smartphone,models/v2/clip_lora_fold3_best_v1.pt,models/v2/v2_10b_h2_balanced_logreg_fold3_v1.joblib
3,jpeg_q50,SMARTPHONE_887107,0,0.0031258126255124807,real::Smartphone,Smartphone,models/v2/clip_lora_fold3_best_v1.pt,models/v2/v2_10b_h2_balanced_logreg_fold3_v1.joblib
3,jpeg_q50,SMARTPHONE_368939,0,0.0004886052338406444,real::Smartphone,Smartphone,models/v2/clip_lora_fold3_best_v1.pt,models/v2/v2_10b_h2_balanced_logreg_fold3_v1.joblib
3,jpeg_q50,SMARTPHONE_342674,0,0.00036223488859832287,real::Smartphone,Smartphone,models/v2/clip_lora_fold3_best_v1.pt,models/v2/v2_10b_h2_balanced_logreg_fold3_v1.joblib
3,jpeg_q50,SMARTPHONE_344016,0,0.0004057603655382991,real::Smartphone,Smartphone,models/v2/clip_lora_fold3_best_v1.pt,models/v2/v2_10b_h2_balanced_logreg_fold3_v1.joblib
3,jpeg_q50,SMARTPHONE_43238,0,0.00030855272780172527,real::Smartphone,Smartphone,models/v2/clip_lora_fold3_best_v1.pt,models/v2/v2_10b_h2_balanced_logreg_fold3_v1.joblib
3,jpeg_q50,SMARTPHONE_184074,0,0.0005293992580845952,real::Smartphone,Smartphone,models/v2/clip_lora_fold3_best_v1.pt,models/v2/v2_10b_h2_balanced_logreg_fold3_v1.joblib
3,jpeg_q50,SMARTPHONE_676931,0,0.0010951858712360263,real::Smartphone,Smartphone,models/v2/clip_lora_fold3_best_v1.pt,models/v2/v2_10b_h2_balanced_logreg_fold3_v1.joblib
3,jpeg_q50,SMARTPHONE_105321,0,0.0009101493051275611,real::Smartphone,Smartphone,models/v2/clip_lora_fold3_best_v1.pt,models/v2/v2_10b_h2_balanced_logreg_fold3_v1.joblib
3,jpeg_q50,SMARTPHONE_935417,0,0.000446287274826318,real::Smartphone,Smartphone,models/v2/clip_lora_fold3_best_v1.pt,models/v2/v2_10b_h2_balanced_logreg_fold3_v1.joblib
3,jpeg_q50,SMARTPHONE_460128,0,0.00013046403182670474,real::Smartphone,Smartphone,models/v2/clip_lora_fold3_best_v1.pt,models/v2/v2_10b_h2_balanced_logreg_fold3_v1.joblib
3,jpeg_q50,SMARTPHONE_835331,0,0.0010153083130717278,real::Smartphone,Smartphone,models/v2/clip_lora_fold3_best_v1.pt,models/v2/v2_10b_h2_balanced_logreg_fold3_v1.joblib
3,jpeg_q50,SMARTPHONE_177160,0,0.0006541215698234737,real::Smartphone,Smartphone,models/v2/clip_lora_fold3_best_v1.pt,models/v2/v2_10b_h2_balanced_logreg_fold3_v1.joblib
3,jpeg_q50,SMARTPHONE_1021275,0,0.002144054975360632,real::Smartphone,Smartphone,models/v2/clip_lora_fold3_best_v1.pt,models/v2/v2_10b_h2_balanced_logreg_fold3_v1.joblib
3,jpeg_q50,SMARTPHONE_204780,0,0.0001036755129462108,real::Smartphone,Smartphone,models/v2/clip_lora_fold3_best_v1.pt,models/v2/v2_10b_h2_balanced_logreg_fold3_v1.joblib
3,jpeg_q50,SMARTPHONE_773459,0,7.130115409381688e-05,real::Smartphone,Smartphone,models/v2/clip_lora_fold3_best_v1.pt,models/v2/v2_10b_h2_balanced_logreg_fold3_v1.joblib
3,jpeg_q50,SMARTPHONE_540448,0,0.005297495983541012,real::Smartphone,Smartphone,models/v2/clip_lora_fold3_best_v1.pt,models/v2/v2_10b_h2_balanced_logreg_fold3_v1.joblib
3,jpeg_q50,SMARTPHONE_240023,0,0.0026680517476052046,real::Smartphone,Smartphone,models/v2/clip_lora_fold3_best_v1.pt,models/v2/v2_10b_h2_balanced_logreg_fold3_v1.joblib
3,jpeg_q50,SMARTPHONE_174486,0,0.0013193142367526889,real::Smartphone,Smartphone,models/v2/clip_lora_fold3_best_v1.pt,models/v2/v2_10b_h2_balanced_logreg_fold3_v1.joblib
3,jpeg_q50,SMARTPHONE_70177,0,0.0004048290429636836,real::Smartphone,Smartphone,models/v2/clip_lora_fold3_best_v1.pt,models/v2/v2_10b_h2_balanced_logreg_fold3_v1.joblib
3,jpeg_q50,SMARTPHONE_693345,0,0.0001313177344854921,real::Smartphone,Smartphone,models/v2/clip_lora_fold3_best_v1.pt,models/v2/v2_10b_h2_balanced_logreg_fold3_v1.joblib
3,jpeg_q50,SMARTPHONE_640129,0,0.000215991836739704,real::Smartphone,Smartphone,models/v2/clip_lora_fold3_best_v1.pt,models/v2/v2_10b_h2_balanced_logreg_fold3_v1.joblib
3,jpeg_q50,SMARTPHONE_553160,0,0.0008068825118243694,real::Smartphone,Smartphone,models/v2/clip_lora_fold3_best_v1.pt,models/v2/v2_10b_h2_balanced_logreg_fold3_v1.joblib
3,jpeg_q50,SMARTPHONE_886082,0,0.0010640393011271954,real::Smartphone,Smartphone,models/v2/clip_lora_fold3_best_v1.pt,models/v2/v2_10b_h2_balanced_logreg_fold3_v1.joblib
3,jpeg_q50,SMARTPHONE_490872,0,0.0029924616683274508,real::Smartphone,Smartphone,models/v2/clip_lora_fold3_best_v1.pt,models/v2/v2_10b_h2_balanced_logreg_fold3_v1.joblib
3,jpeg_q50,SMARTPHONE_47624,0,0.0003415282699279487,real::Smartphone,Smartphone,models/v2/clip_lora_fold3_best_v1.pt,models/v2/v2_10b_h2_balanced_logreg_fold3_v1.joblib
3,jpeg_q50,SMARTPHONE_184572,0,0.0003481021267361939,real::Smartphone,Smartphone,models/v2/clip_lora_fold3_best_v1.pt,models/v2/v2_10b_h2_balanced_logreg_fold3_v1.joblib
3,jpeg_q50,SMARTPHONE_444490,0,0.00016828007937874645,real::Smartphone,Smartphone,models/v2/clip_lora_fold3_best_v1.pt,models/v2/v2_10b_h2_balanced_logreg_fold3_v1.joblib
3,jpeg_q50,SMARTPHONE_611049,0,0.003513890318572521,real::Smartphone,Smartphone,models/v2/clip_lora_fold3_best_v1.pt,models/v2/v2_10b_h2_balanced_logreg_fold3_v1.joblib
3,jpeg_q50,SMARTPHONE_605763,0,0.00011389843712095171,real::Smartphone,Smartphone,models/v2/clip_lora_fold3_best_v1.pt,models/v2/v2_10b_h2_balanced_logreg_fold3_v1.joblib
3,jpeg_q50,SMARTPHONE_806085,0,0.00038581251283176243,real::Smartphone,Smartphone,models/v2/clip_lora_fold3_best_v1.pt,models/v2/v2_10b_h2_balanced_logreg_fold3_v1.joblib
3,jpeg_q50,SMARTPHONE_768411,0,0.0008906683069653809,real::Smartphone,Smartphone,models/v2/clip_lora_fold3_best_v1.pt,models/v2/v2_10b_h2_balanced_logreg_fold3_v1.joblib
3,jpeg_q50,SMARTPHONE_503393,0,0.00025705862208269536,real::Smartphone,Smartphone,models/v2/clip_lora_fold3_best_v1.pt,models/v2/v2_10b_h2_balanced_logreg_fold3_v1.joblib
3,jpeg_q50,SMARTPHONE_353968,0,0.000824965420179069,real::Smartphone,Smartphone,models/v2/clip_lora_fold3_best_v1.pt,models/v2/v2_10b_h2_balanced_logreg_fold3_v1.joblib
3,jpeg_q50,SMARTPHONE_489482,0,0.00013800396118313074,real::Smartphone,Smartphone,models/v2/clip_lora_fold3_best_v1.pt,models/v2/v2_10b_h2_balanced_logreg_fold3_v1.joblib
3,jpeg_q50,SMARTPHONE_279081,0,0.0012819035910069942,real::Smartphone,Smartphone,models/v2/clip_lora_fold3_best_v1.pt,models/v2/v2_10b_h2_balanced_logreg_fold3_v1.joblib
3,jpeg_q50,SMARTPHONE_682499,0,0.0002495126100257039,real::Smartphone,Smartphone,models/v2/clip_lora_fold3_best_v1.pt,models/v2/v2_10b_h2_balanced_logreg_fold3_v1.joblib
3,jpeg_q50,SMARTPHONE_557416,0,0.00024986875359900296,real::Smartphone,Smartphone,models/v2/clip_lora_fold3_best_v1.pt,models/v2/v2_10b_h2_balanced_logreg_fold3_v1.joblib
3,jpeg_q50,SMARTPHONE_455613,0,0.002103768289089203,real::Smartphone,Smartphone,models/v2/clip_lora_fold3_best_v1.pt,models/v2/v2_10b_h2_balanced_logreg_fold3_v1.joblib
3,jpeg_q50,SMARTPHONE_237870,0,0.0004891215357929468,real::Smartphone,Smartphone,models/v2/clip_lora_fold3_best_v1.pt,models/v2/v2_10b_h2_balanced_logreg_fold3_v1.joblib
3,jpeg_q50,SMARTPHONE_360566,0,0.0009063982288353145,real::Smartphone,Smartphone,models/v2/clip_lora_fold3_best_v1.pt,models/v2/v2_10b_h2_balanced_logreg_fold3_v1.joblib
3,jpeg_q50,SMARTPHONE_51501,0,0.0003183292574249208,real::Smartphone,Smartphone,models/v2/clip_lora_fold3_best_v1.pt,models/v2/v2_10b_h2_balanced_logreg_fold3_v1.joblib
3,jpeg_q50,SMARTPHONE_1005229,0,0.0002909237227868289,real::Smartphone,Smartphone,models/v2/clip_lora_fold3_best_v1.pt,models/v2/v2_10b_h2_balanced_logreg_fold3_v1.joblib
3,jpeg_q50,SMARTPHONE_54688,0,0.0004328975628595799,real::Smartphone,Smartphone,models/v2/clip_lora_fold3_best_v1.pt,models/v2/v2_10b_h2_balanced_logreg_fold3_v1.joblib
3,jpeg_q50,SMARTPHONE_514549,0,0.0005890617030672729,real::Smartphone,Smartphone,models/v2/clip_lora_fold3_best_v1.pt,models/v2/v2_10b_h2_balanced_logreg_fold3_v1.joblib
3,jpeg_q50,SMARTPHONE_668457,0,0.0006583048962056637,real::Smartphone,Smartphone,models/v2/clip_lora_fold3_best_v1.pt,models/v2/v2_10b_h2_balanced_logreg_fold3_v1.joblib
3,jpeg_q50,SMARTPHONE_903525,0,0.0001471855357522145,real::Smartphone,Smartphone,models/v2/clip_lora_fold3_best_v1.pt,models/v2/v2_10b_h2_balanced_logreg_fold3_v1.joblib
3,jpeg_q50,SMARTPHONE_954717,0,7.102901872713119e-05,real::Smartphone,Smartphone,models/v2/clip_lora_fold3_best_v1.pt,models/v2/v2_10b_h2_balanced_logreg_fold3_v1.joblib
3,jpeg_q50,SMARTPHONE_868108,0,0.00033211061963811517,real::Smartphone,Smartphone,models/v2/clip_lora_fold3_best_v1.pt,models/v2/v2_10b_h2_balanced_logreg_fold3_v1.joblib
3,jpeg_q50,SMARTPHONE_676465,0,0.0002338199265068397,real::Smartphone,Smartphone,models/v2/clip_lora_fold3_best_v1.pt,models/v2/v2_10b_h2_balanced_logreg_fold3_v1.joblib
3,jpeg_q50,SMARTPHONE_287625,0,0.004202930256724358,real::Smartphone,Smartphone,models/v2/clip_lora_fold3_best_v1.pt,models/v2/v2_10b_h2_balanced_logreg_fold3_v1.joblib
3,jpeg_q50,SMARTPHONE_84030,0,8.796514885034412e-05,real::Smartphone,Smartphone,models/v2/clip_lora_fold3_best_v1.pt,models/v2/v2_10b_h2_balanced_logreg_fold3_v1.joblib
3,jpeg_q50,SMARTPHONE_710207,0,0.004275493323802948,real::Smartphone,Smartphone,models/v2/clip_lora_fold3_best_v1.pt,models/v2/v2_10b_h2_balanced_logreg_fold3_v1.joblib
3,jpeg_q50,SMARTPHONE_331071,0,0.00031974451849237084,real::Smartphone,Smartphone,models/v2/clip_lora_fold3_best_v1.pt,models/v2/v2_10b_h2_balanced_logreg_fold3_v1.joblib
3,jpeg_q50,SMARTPHONE_573837,0,0.0001070786383934319,real::Smartphone,Smartphone,models/v2/clip_lora_fold3_best_v1.pt,models/v2/v2_10b_h2_balanced_logreg_fold3_v1.joblib
3,jpeg_q50,SMARTPHONE_1017010,0,0.00046514521818608046,real::Smartphone,Smartphone,models/v2/clip_lora_fold3_best_v1.pt,models/v2/v2_10b_h2_balanced_logreg_fold3_v1.joblib
3,jpeg_q50,SMARTPHONE_722709,0,0.0006081368192099035,real::Smartphone,Smartphone,models/v2/clip_lora_fold3_best_v1.pt,models/v2/v2_10b_h2_balanced_logreg_fold3_v1.joblib
3,jpeg_q50,SMARTPHONE_1026164,0,0.0014817231567576528,real::Smartphone,Smartphone,models/v2/clip_lora_fold3_best_v1.pt,models/v2/v2_10b_h2_balanced_logreg_fold3_v1.joblib
3,jpeg_q50,SMARTPHONE_851453,0,0.0004190172767266631,real::Smartphone,Smartphone,models/v2/clip_lora_fold3_best_v1.pt,models/v2/v2_10b_h2_balanced_logreg_fold3_v1.joblib
3,jpeg_q50,SMARTPHONE_210846,0,0.0011626158375293016,real::Smartphone,Smartphone,models/v2/clip_lora_fold3_best_v1.pt,models/v2/v2_10b_h2_balanced_logreg_fold3_v1.joblib
3,jpeg_q50,SMARTPHONE_335183,0,0.0036400710232555866,real::Smartphone,Smartphone,models/v2/clip_lora_fold3_best_v1.pt,models/v2/v2_10b_h2_balanced_logreg_fold3_v1.joblib
3,jpeg_q50,SMARTPHONE_157015,0,4.003115100204013e-05,real::Smartphone,Smartphone,models/v2/clip_lora_fold3_best_v1.pt,models/v2/v2_10b_h2_balanced_logreg_fold3_v1.joblib
3,jpeg_q50,SMARTPHONE_230063,0,0.00031957996543496847,real::Smartphone,Smartphone,models/v2/clip_lora_fold3_best_v1.pt,models/v2/v2_10b_h2_balanced_logreg_fold3_v1.joblib
3,jpeg_q50,SMARTPHONE_611487,0,0.0012482787715271115,real::Smartphone,Smartphone,models/v2/clip_lora_fold3_best_v1.pt,models/v2/v2_10b_h2_balanced_logreg_fold3_v1.joblib
3,jpeg_q50,SMARTPHONE_1002186,0,0.00045540661085397005,real::Smartphone,Smartphone,models/v2/clip_lora_fold3_best_v1.pt,models/v2/v2_10b_h2_balanced_logreg_fold3_v1.joblib
3,jpeg_q50,SMARTPHONE_859563,0,0.005909197498112917,real::Smartphone,Smartphone,models/v2/clip_lora_fold3_best_v1.pt,models/v2/v2_10b_h2_balanced_logreg_fold3_v1.joblib
3,jpeg_q50,SMARTPHONE_1023840,0,0.0009939081501215696,real::Smartphone,Smartphone,models/v2/clip_lora_fold3_best_v1.pt,models/v2/v2_10b_h2_balanced_logreg_fold3_v1.joblib
3,jpeg_q50,SMARTPHONE_915040,0,0.007221490144729614,real::Smartphone,Smartphone,models/v2/clip_lora_fold3_best_v1.pt,models/v2/v2_10b_h2_balanced_logreg_fold3_v1.joblib
3,jpeg_q50,SMARTPHONE_894996,0,0.0007738678250461817,real::Smartphone,Smartphone,models/v2/clip_lora_fold3_best_v1.pt,models/v2/v2_10b_h2_balanced_logreg_fold3_v1.joblib
3,jpeg_q50,SMARTPHONE_761561,0,0.023341462016105652,real::Smartphone,Smartphone,models/v2/clip_lora_fold3_best_v1.pt,models/v2/v2_10b_h2_balanced_logreg_fold3_v1.joblib
3,jpeg_q50,SMARTPHONE_641647,0,8.431736205238849e-05,real::Smartphone,Smartphone,models/v2/clip_lora_fold3_best_v1.pt,models/v2/v2_10b_h2_balanced_logreg_fold3_v1.joblib
3,jpeg_q50,SMARTPHONE_358445,0,0.0017807293916121125,real::Smartphone,Smartphone,models/v2/clip_lora_fold3_best_v1.pt,models/v2/v2_10b_h2_balanced_logreg_fold3_v1.joblib
3,jpeg_q50,SMARTPHONE_837760,0,0.0002470596809871495,real::Smartphone,Smartphone,models/v2/clip_lora_fold3_best_v1.pt,models/v2/v2_10b_h2_balanced_logreg_fold3_v1.joblib
3,jpeg_q50,SMARTPHONE_205205,0,0.0001274113601539284,real::Smartphone,Smartphone,models/v2/clip_lora_fold3_best_v1.pt,models/v2/v2_10b_h2_balanced_logreg_fold3_v1.joblib
3,jpeg_q50,SMARTPHONE_515628,0,0.008489015512168407,real::Smartphone,Smartphone,models/v2/clip_lora_fold3_best_v1.pt,models/v2/v2_10b_h2_balanced_logreg_fold3_v1.joblib
3,jpeg_q50,SMARTPHONE_277701,0,0.003049504477530718,real::Smartphone,Smartphone,models/v2/clip_lora_fold3_best_v1.pt,models/v2/v2_10b_h2_balanced_logreg_fold3_v1.joblib
3,jpeg_q50,SMARTPHONE_483125,0,0.00010903905786108226,real::Smartphone,Smartphone,models/v2/clip_lora_fold3_best_v1.pt,models/v2/v2_10b_h2_balanced_logreg_fold3_v1.joblib
3,jpeg_q50,SMARTPHONE_602425,0,0.00033823325065895915,real::Smartphone,Smartphone,models/v2/clip_lora_fold3_best_v1.pt,models/v2/v2_10b_h2_balanced_logreg_fold3_v1.joblib
3,jpeg_q50,SMARTPHONE_1009781,0,0.0006846478208899498,real::Smartphone,Smartphone,models/v2/clip_lora_fold3_best_v1.pt,models/v2/v2_10b_h2_balanced_logreg_fold3_v1.joblib
3,jpeg_q50,SMARTPHONE_787244,0,0.00017439144721720368,real::Smartphone,Smartphone,models/v2/clip_lora_fold3_best_v1.pt,models/v2/v2_10b_h2_balanced_logreg_fold3_v1.joblib
3,jpeg_q50,SMARTPHONE_673708,0,0.00450849998742342,real::Smartphone,Smartphone,models/v2/clip_lora_fold3_best_v1.pt,models/v2/v2_10b_h2_balanced_logreg_fold3_v1.joblib
3,jpeg_q50,SMARTPHONE_818200,0,0.0008132836665026844,real::Smartphone,Smartphone,models/v2/clip_lora_fold3_best_v1.pt,models/v2/v2_10b_h2_balanced_logreg_fold3_v1.joblib
3,jpeg_q50,SMARTPHONE_242024,0,0.01129195373505354,real::Smartphone,Smartphone,models/v2/clip_lora_fold3_best_v1.pt,models/v2/v2_10b_h2_balanced_logreg_fold3_v1.joblib
3,jpeg_q50,SMARTPHONE_182817,0,6.55136609566398e-05,real::Smartphone,Smartphone,models/v2/clip_lora_fold3_best_v1.pt,models/v2/v2_10b_h2_balanced_logreg_fold3_v1.joblib
3,jpeg_q50,SMARTPHONE_168294,0,6.877940177218989e-05,real::Smartphone,Smartphone,models/v2/clip_lora_fold3_best_v1.pt,models/v2/v2_10b_h2_balanced_logreg_fold3_v1.joblib
3,jpeg_q50,SMARTPHONE_112112,0,0.0027343533001840115,real::Smartphone,Smartphone,models/v2/clip_lora_fold3_best_v1.pt,models/v2/v2_10b_h2_balanced_logreg_fold3_v1.joblib
3,jpeg_q50,SMARTPHONE_938929,0,0.000480314833112061,real::Smartphone,Smartphone,models/v2/clip_lora_fold3_best_v1.pt,models/v2/v2_10b_h2_balanced_logreg_fold3_v1.joblib
3,jpeg_q50,SMARTPHONE_868813,0,0.0023496823851019144,real::Smartphone,Smartphone,models/v2/clip_lora_fold3_best_v1.pt,models/v2/v2_10b_h2_balanced_logreg_fold3_v1.joblib
3,jpeg_q50,SMARTPHONE_991776,0,0.0007414090796373785,real::Smartphone,Smartphone,models/v2/clip_lora_fold3_best_v1.pt,models/v2/v2_10b_h2_balanced_logreg_fold3_v1.joblib
3,jpeg_q50,SMARTPHONE_700062,0,0.00024053116794675589,real::Smartphone,Smartphone,models/v2/clip_lora_fold3_best_v1.pt,models/v2/v2_10b_h2_balanced_logreg_fold3_v1.joblib
3,jpeg_q50,SMARTPHONE_746908,0,0.0006415466195903718,real::Smartphone,Smartphone,models/v2/clip_lora_fold3_best_v1.pt,models/v2/v2_10b_h2_balanced_logreg_fold3_v1.joblib
3,jpeg_q50,SMARTPHONE_361109,0,9.310489986091852e-05,real::Smartphone,Smartphone,models/v2/clip_lora_fold3_best_v1.pt,models/v2/v2_10b_h2_balanced_logreg_fold3_v1.joblib
3,jpeg_q50,SMARTPHONE_125986,0,0.0017727643717080355,real::Smartphone,Smartphone,models/v2/clip_lora_fold3_best_v1.pt,models/v2/v2_10b_h2_balanced_logreg_fold3_v1.joblib
3,jpeg_q50,SMARTPHONE_241100,0,0.00016509693523403257,real::Smartphone,Smartphone,models/v2/clip_lora_fold3_best_v1.pt,models/v2/v2_10b_h2_balanced_logreg_fold3_v1.joblib
3,jpeg_q50,SMARTPHONE_357393,0,0.0020481483079493046,real::Smartphone,Smartphone,models/v2/clip_lora_fold3_best_v1.pt,models/v2/v2_10b_h2_balanced_logreg_fold3_v1.joblib
3,jpeg_q50,SMARTPHONE_144417,0,0.0028015528805553913,real::Smartphone,Smartphone,models/v2/clip_lora_fold3_best_v1.pt,models/v2/v2_10b_h2_balanced_logreg_fold3_v1.joblib
3,jpeg_q50,SMARTPHONE_604378,0,0.004889452364295721,real::Smartphone,Smartphone,models/v2/clip_lora_fold3_best_v1.pt,models/v2/v2_10b_h2_balanced_logreg_fold3_v1.joblib
3,jpeg_q50,SMARTPHONE_389148,0,0.00022465271467808634,real::Smartphone,Smartphone,models/v2/clip_lora_fold3_best_v1.pt,models/v2/v2_10b_h2_balanced_logreg_fold3_v1.joblib
3,jpeg_q50,SMARTPHONE_44975,0,0.0008628083160147071,real::Smartphone,Smartphone,models/v2/clip_lora_fold3_best_v1.pt,models/v2/v2_10b_h2_balanced_logreg_fold3_v1.joblib
3,jpeg_q50,SMARTPHONE_747043,0,0.0009978091111406684,real::Smartphone,Smartphone,models/v2/clip_lora_fold3_best_v1.pt,models/v2/v2_10b_h2_balanced_logreg_fold3_v1.joblib
3,jpeg_q50,SMARTPHONE_701632,0,0.00019845347560476512,real::Smartphone,Smartphone,models/v2/clip_lora_fold3_best_v1.pt,models/v2/v2_10b_h2_balanced_logreg_fold3_v1.joblib
3,jpeg_q50,SMARTPHONE_631653,0,0.0006593569414690137,real::Smartphone,Smartphone,models/v2/clip_lora_fold3_best_v1.pt,models/v2/v2_10b_h2_balanced_logreg_fold3_v1.joblib
3,jpeg_q50,SMARTPHONE_948366,0,0.0002974240342155099,real::Smartphone,Smartphone,models/v2/clip_lora_fold3_best_v1.pt,models/v2/v2_10b_h2_balanced_logreg_fold3_v1.joblib
3,jpeg_q50,SMARTPHONE_76623,0,0.0007616774528287351,real::Smartphone,Smartphone,models/v2/clip_lora_fold3_best_v1.pt,models/v2/v2_10b_h2_balanced_logreg_fold3_v1.joblib
3,jpeg_q50,SMARTPHONE_610243,0,0.0005620583542622626,real::Smartphone,Smartphone,models/v2/clip_lora_fold3_best_v1.pt,models/v2/v2_10b_h2_balanced_logreg_fold3_v1.joblib
3,jpeg_q50,SMARTPHONE_742904,0,0.0008782763034105301,real::Smartphone,Smartphone,models/v2/clip_lora_fold3_best_v1.pt,models/v2/v2_10b_h2_balanced_logreg_fold3_v1.joblib
3,jpeg_q50,SMARTPHONE_236825,0,0.00039857407682575285,real::Smartphone,Smartphone,models/v2/clip_lora_fold3_best_v1.pt,models/v2/v2_10b_h2_balanced_logreg_fold3_v1.joblib
3,jpeg_q50,SMARTPHONE_193357,0,0.001309940591454506,real::Smartphone,Smartphone,models/v2/clip_lora_fold3_best_v1.pt,models/v2/v2_10b_h2_balanced_logreg_fold3_v1.joblib
3,jpeg_q50,SMARTPHONE_727660,0,0.00012281726230867207,real::Smartphone,Smartphone,models/v2/clip_lora_fold3_best_v1.pt,models/v2/v2_10b_h2_balanced_logreg_fold3_v1.joblib
3,jpeg_q50,SMARTPHONE_636430,0,0.00014910611207596958,real::Smartphone,Smartphone,models/v2/clip_lora_fold3_best_v1.pt,models/v2/v2_10b_h2_balanced_logreg_fold3_v1.joblib
3,jpeg_q50,SMARTPHONE_380800,0,0.004121290519833565,real::Smartphone,Smartphone,models/v2/clip_lora_fold3_best_v1.pt,models/v2/v2_10b_h2_balanced_logreg_fold3_v1.joblib
3,jpeg_q50,SMARTPHONE_1661,0,7.9457558967988e-06,real::Smartphone,Smartphone,models/v2/clip_lora_fold3_best_v1.pt,models/v2/v2_10b_h2_balanced_logreg_fold3_v1.joblib
3,jpeg_q50,SMARTPHONE_569540,0,0.0006192080327309668,real::Smartphone,Smartphone,models/v2/clip_lora_fold3_best_v1.pt,models/v2/v2_10b_h2_balanced_logreg_fold3_v1.joblib
3,jpeg_q50,SMARTPHONE_408086,0,0.0011877334909513593,real::Smartphone,Smartphone,models/v2/clip_lora_fold3_best_v1.pt,models/v2/v2_10b_h2_balanced_logreg_fold3_v1.joblib
3,jpeg_q50,SMARTPHONE_805523,0,0.0018226495012640953,real::Smartphone,Smartphone,models/v2/clip_lora_fold3_best_v1.pt,models/v2/v2_10b_h2_balanced_logreg_fold3_v1.joblib
3,jpeg_q50,SMARTPHONE_807082,0,0.0009309505694545805,real::Smartphone,Smartphone,models/v2/clip_lora_fold3_best_v1.pt,models/v2/v2_10b_h2_balanced_logreg_fold3_v1.joblib
3,jpeg_q50,SMARTPHONE_226070,0,0.0027107230853289366,real::Smartphone,Smartphone,models/v2/clip_lora_fold3_best_v1.pt,models/v2/v2_10b_h2_balanced_logreg_fold3_v1.joblib
3,jpeg_q50,SMARTPHONE_838917,0,0.0005550644709728658,real::Smartphone,Smartphone,models/v2/clip_lora_fold3_best_v1.pt,models/v2/v2_10b_h2_balanced_logreg_fold3_v1.joblib
3,jpeg_q50,SMARTPHONE_63616,0,0.002888802206143737,real::Smartphone,Smartphone,models/v2/clip_lora_fold3_best_v1.pt,models/v2/v2_10b_h2_balanced_logreg_fold3_v1.joblib
3,jpeg_q50,SMARTPHONE_498450,0,0.000587832008022815,real::Smartphone,Smartphone,models/v2/clip_lora_fold3_best_v1.pt,models/v2/v2_10b_h2_balanced_logreg_fold3_v1.joblib
3,jpeg_q50,SMARTPHONE_494157,0,0.0076974062249064445,real::Smartphone,Smartphone,models/v2/clip_lora_fold3_best_v1.pt,models/v2/v2_10b_h2_balanced_logreg_fold3_v1.joblib
3,jpeg_q50,SMARTPHONE_622535,0,0.0003993057762272656,real::Smartphone,Smartphone,models/v2/clip_lora_fold3_best_v1.pt,models/v2/v2_10b_h2_balanced_logreg_fold3_v1.joblib
3,jpeg_q50,SMARTPHONE_294094,0,0.00028334229136817157,real::Smartphone,Smartphone,models/v2/clip_lora_fold3_best_v1.pt,models/v2/v2_10b_h2_balanced_logreg_fold3_v1.joblib
3,jpeg_q50,SMARTPHONE_87244,0,0.0007664005388505757,real::Smartphone,Smartphone,models/v2/clip_lora_fold3_best_v1.pt,models/v2/v2_10b_h2_balanced_logreg_fold3_v1.joblib
3,jpeg_q50,SMARTPHONE_909617,0,0.009039429947733879,real::Smartphone,Smartphone,models/v2/clip_lora_fold3_best_v1.pt,models/v2/v2_10b_h2_balanced_logreg_fold3_v1.joblib
3,jpeg_q50,SMARTPHONE_116559,0,0.002308534923940897,real::Smartphone,Smartphone,models/v2/clip_lora_fold3_best_v1.pt,models/v2/v2_10b_h2_balanced_logreg_fold3_v1.joblib
3,jpeg_q50,SMARTPHONE_964906,0,5.626716301776469e-05,real::Smartphone,Smartphone,models/v2/clip_lora_fold3_best_v1.pt,models/v2/v2_10b_h2_balanced_logreg_fold3_v1.joblib
3,jpeg_q50,SMARTPHONE_264393,0,0.0008630587253719568,real::Smartphone,Smartphone,models/v2/clip_lora_fold3_best_v1.pt,models/v2/v2_10b_h2_balanced_logreg_fold3_v1.joblib
3,jpeg_q50,SMARTPHONE_403503,0,0.00408661225810647,real::Smartphone,Smartphone,models/v2/clip_lora_fold3_best_v1.pt,models/v2/v2_10b_h2_balanced_logreg_fold3_v1.joblib
3,jpeg_q50,SMARTPHONE_298004,0,0.00027993059484288096,real::Smartphone,Smartphone,models/v2/clip_lora_fold3_best_v1.pt,models/v2/v2_10b_h2_balanced_logreg_fold3_v1.joblib
3,jpeg_q50,SMARTPHONE_155723,0,4.992942922399379e-05,real::Smartphone,Smartphone,models/v2/clip_lora_fold3_best_v1.pt,models/v2/v2_10b_h2_balanced_logreg_fold3_v1.joblib
3,jpeg_q50,SMARTPHONE_684718,0,0.0016911018174141645,real::Smartphone,Smartphone,models/v2/clip_lora_fold3_best_v1.pt,models/v2/v2_10b_h2_balanced_logreg_fold3_v1.joblib
3,jpeg_q50,SMARTPHONE_1032382,0,0.00018731992167886347,real::Smartphone,Smartphone,models/v2/clip_lora_fold3_best_v1.pt,models/v2/v2_10b_h2_balanced_logreg_fold3_v1.joblib
3,jpeg_q50,SMARTPHONE_275100,0,8.030120807234198e-05,real::Smartphone,Smartphone,models/v2/clip_lora_fold3_best_v1.pt,models/v2/v2_10b_h2_balanced_logreg_fold3_v1.joblib
3,jpeg_q50,SMARTPHONE_749073,0,0.00026254478143528104,real::Smartphone,Smartphone,models/v2/clip_lora_fold3_best_v1.pt,models/v2/v2_10b_h2_balanced_logreg_fold3_v1.joblib
3,jpeg_q50,SMARTPHONE_356407,0,0.00016074480663519353,real::Smartphone,Smartphone,models/v2/clip_lora_fold3_best_v1.pt,models/v2/v2_10b_h2_balanced_logreg_fold3_v1.joblib
3,jpeg_q50,SMARTPHONE_731954,0,0.0010300909634679556,real::Smartphone,Smartphone,models/v2/clip_lora_fold3_best_v1.pt,models/v2/v2_10b_h2_balanced_logreg_fold3_v1.joblib
3,jpeg_q50,SMARTPHONE_155864,0,0.0025078561156988144,real::Smartphone,Smartphone,models/v2/clip_lora_fold3_best_v1.pt,models/v2/v2_10b_h2_balanced_logreg_fold3_v1.joblib
3,jpeg_q50,SMARTPHONE_693336,0,0.000321186293149367,real::Smartphone,Smartphone,models/v2/clip_lora_fold3_best_v1.pt,models/v2/v2_10b_h2_balanced_logreg_fold3_v1.joblib
3,jpeg_q50,SMARTPHONE_709095,0,0.0013272699434310198,real::Smartphone,Smartphone,models/v2/clip_lora_fold3_best_v1.pt,models/v2/v2_10b_h2_balanced_logreg_fold3_v1.joblib
3,jpeg_q50,SMARTPHONE_782760,0,0.0012027095071971416,real::Smartphone,Smartphone,models/v2/clip_lora_fold3_best_v1.pt,models/v2/v2_10b_h2_balanced_logreg_fold3_v1.joblib
3,jpeg_q50,SMARTPHONE_451471,0,0.003025131532922387,real::Smartphone,Smartphone,models/v2/clip_lora_fold3_best_v1.pt,models/v2/v2_10b_h2_balanced_logreg_fold3_v1.joblib
3,jpeg_q50,SMARTPHONE_101911,0,0.00013691918866243213,real::Smartphone,Smartphone,models/v2/clip_lora_fold3_best_v1.pt,models/v2/v2_10b_h2_balanced_logreg_fold3_v1.joblib
3,jpeg_q50,SMARTPHONE_939025,0,0.000440350326243788,real::Smartphone,Smartphone,models/v2/clip_lora_fold3_best_v1.pt,models/v2/v2_10b_h2_balanced_logreg_fold3_v1.joblib
3,jpeg_q50,SMARTPHONE_764677,0,0.00036733029992319643,real::Smartphone,Smartphone,models/v2/clip_lora_fold3_best_v1.pt,models/v2/v2_10b_h2_balanced_logreg_fold3_v1.joblib
3,jpeg_q50,SMARTPHONE_178889,0,8.91191593836993e-05,real::Smartphone,Smartphone,models/v2/clip_lora_fold3_best_v1.pt,models/v2/v2_10b_h2_balanced_logreg_fold3_v1.joblib
3,jpeg_q50,SMARTPHONE_544699,0,8.655839337734506e-05,real::Smartphone,Smartphone,models/v2/clip_lora_fold3_best_v1.pt,models/v2/v2_10b_h2_balanced_logreg_fold3_v1.joblib
3,jpeg_q50,SMARTPHONE_979588,0,0.0008152836235240102,real::Smartphone,Smartphone,models/v2/clip_lora_fold3_best_v1.pt,models/v2/v2_10b_h2_balanced_logreg_fold3_v1.joblib
3,jpeg_q50,SMARTPHONE_204028,0,0.0006571179837919772,real::Smartphone,Smartphone,models/v2/clip_lora_fold3_best_v1.pt,models/v2/v2_10b_h2_balanced_logreg_fold3_v1.joblib
3,jpeg_q50,SMARTPHONE_432319,0,0.001367023098282516,real::Smartphone,Smartphone,models/v2/clip_lora_fold3_best_v1.pt,models/v2/v2_10b_h2_balanced_logreg_fold3_v1.joblib
3,jpeg_q50,SMARTPHONE_619346,0,0.001273987116292119,real::Smartphone,Smartphone,models/v2/clip_lora_fold3_best_v1.pt,models/v2/v2_10b_h2_balanced_logreg_fold3_v1.joblib
3,jpeg_q50,SMARTPHONE_207135,0,0.0005406437558121979,real::Smartphone,Smartphone,models/v2/clip_lora_fold3_best_v1.pt,models/v2/v2_10b_h2_balanced_logreg_fold3_v1.joblib
3,jpeg_q50,SMARTPHONE_118163,0,0.000599246530327946,real::Smartphone,Smartphone,models/v2/clip_lora_fold3_best_v1.pt,models/v2/v2_10b_h2_balanced_logreg_fold3_v1.joblib
3,jpeg_q50,SMARTPHONE_643080,0,0.002416138304397464,real::Smartphone,Smartphone,models/v2/clip_lora_fold3_best_v1.pt,models/v2/v2_10b_h2_balanced_logreg_fold3_v1.joblib
3,jpeg_q50,SMARTPHONE_609261,0,0.00019758156850002706,real::Smartphone,Smartphone,models/v2/clip_lora_fold3_best_v1.pt,models/v2/v2_10b_h2_balanced_logreg_fold3_v1.joblib
3,jpeg_q50,SMARTPHONE_203308,0,0.0014782216167077422,real::Smartphone,Smartphone,models/v2/clip_lora_fold3_best_v1.pt,models/v2/v2_10b_h2_balanced_logreg_fold3_v1.joblib
3,jpeg_q50,SMARTPHONE_28084,0,0.00024371827021241188,real::Smartphone,Smartphone,models/v2/clip_lora_fold3_best_v1.pt,models/v2/v2_10b_h2_balanced_logreg_fold3_v1.joblib
3,jpeg_q50,SMARTPHONE_195648,0,0.0028293877840042114,real::Smartphone,Smartphone,models/v2/clip_lora_fold3_best_v1.pt,models/v2/v2_10b_h2_balanced_logreg_fold3_v1.joblib
3,jpeg_q50,SMARTPHONE_570849,0,0.0013897211756557226,real::Smartphone,Smartphone,models/v2/clip_lora_fold3_best_v1.pt,models/v2/v2_10b_h2_balanced_logreg_fold3_v1.joblib
3,jpeg_q50,SMARTPHONE_422205,0,0.0002546679461374879,real::Smartphone,Smartphone,models/v2/clip_lora_fold3_best_v1.pt,models/v2/v2_10b_h2_balanced_logreg_fold3_v1.joblib
3,jpeg_q50,SMARTPHONE_371828,0,9.991582919610664e-05,real::Smartphone,Smartphone,models/v2/clip_lora_fold3_best_v1.pt,models/v2/v2_10b_h2_balanced_logreg_fold3_v1.joblib
3,jpeg_q50,SMARTPHONE_134304,0,0.00023145900922827423,real::Smartphone,Smartphone,models/v2/clip_lora_fold3_best_v1.pt,models/v2/v2_10b_h2_balanced_logreg_fold3_v1.joblib
3,jpeg_q50,SMARTPHONE_793760,0,0.0012976359575986862,real::Smartphone,Smartphone,models/v2/clip_lora_fold3_best_v1.pt,models/v2/v2_10b_h2_balanced_logreg_fold3_v1.joblib
3,jpeg_q50,SMARTPHONE_764140,0,0.0003197896294295788,real::Smartphone,Smartphone,models/v2/clip_lora_fold3_best_v1.pt,models/v2/v2_10b_h2_balanced_logreg_fold3_v1.joblib
3,jpeg_q50,SMARTPHONE_757424,0,0.0016481259372085333,real::Smartphone,Smartphone,models/v2/clip_lora_fold3_best_v1.pt,models/v2/v2_10b_h2_balanced_logreg_fold3_v1.joblib
3,jpeg_q50,SMARTPHONE_297014,0,7.717156404396519e-05,real::Smartphone,Smartphone,models/v2/clip_lora_fold3_best_v1.pt,models/v2/v2_10b_h2_balanced_logreg_fold3_v1.joblib
3,jpeg_q50,SMARTPHONE_38845,0,0.0025002763140946627,real::Smartphone,Smartphone,models/v2/clip_lora_fold3_best_v1.pt,models/v2/v2_10b_h2_balanced_logreg_fold3_v1.joblib
3,jpeg_q50,SMARTPHONE_119850,0,0.00019650765170808882,real::Smartphone,Smartphone,models/v2/clip_lora_fold3_best_v1.pt,models/v2/v2_10b_h2_balanced_logreg_fold3_v1.joblib
3,jpeg_q50,SMARTPHONE_856075,0,0.0008753375732339919,real::Smartphone,Smartphone,models/v2/clip_lora_fold3_best_v1.pt,models/v2/v2_10b_h2_balanced_logreg_fold3_v1.joblib
3,jpeg_q50,SMARTPHONE_766758,0,0.0009226666297763586,real::Smartphone,Smartphone,models/v2/clip_lora_fold3_best_v1.pt,models/v2/v2_10b_h2_balanced_logreg_fold3_v1.joblib
3,jpeg_q50,SMARTPHONE_855760,0,0.0016392056131735444,real::Smartphone,Smartphone,models/v2/clip_lora_fold3_best_v1.pt,models/v2/v2_10b_h2_balanced_logreg_fold3_v1.joblib
3,jpeg_q50,SMARTPHONE_701461,0,0.0006560029578395188,real::Smartphone,Smartphone,models/v2/clip_lora_fold3_best_v1.pt,models/v2/v2_10b_h2_balanced_logreg_fold3_v1.joblib
3,jpeg_q50,SMARTPHONE_345735,0,0.0002995880495291203,real::Smartphone,Smartphone,models/v2/clip_lora_fold3_best_v1.pt,models/v2/v2_10b_h2_balanced_logreg_fold3_v1.joblib
3,jpeg_q50,SMARTPHONE_817524,0,0.00048295053420588374,real::Smartphone,Smartphone,models/v2/clip_lora_fold3_best_v1.pt,models/v2/v2_10b_h2_balanced_logreg_fold3_v1.joblib
3,jpeg_q50,SMARTPHONE_977592,0,0.0002581491135060787,real::Smartphone,Smartphone,models/v2/clip_lora_fold3_best_v1.pt,models/v2/v2_10b_h2_balanced_logreg_fold3_v1.joblib
3,jpeg_q50,SMARTPHONE_857077,0,0.0012495671398937702,real::Smartphone,Smartphone,models/v2/clip_lora_fold3_best_v1.pt,models/v2/v2_10b_h2_balanced_logreg_fold3_v1.joblib
3,jpeg_q50,SMARTPHONE_777686,0,0.00046693021431565285,real::Smartphone,Smartphone,models/v2/clip_lora_fold3_best_v1.pt,models/v2/v2_10b_h2_balanced_logreg_fold3_v1.joblib
3,jpeg_q50,SMARTPHONE_89355,0,0.007570975460112095,real::Smartphone,Smartphone,models/v2/clip_lora_fold3_best_v1.pt,models/v2/v2_10b_h2_balanced_logreg_fold3_v1.joblib
3,jpeg_q50,SMARTPHONE_333593,0,0.0007209304021671414,real::Smartphone,Smartphone,models/v2/clip_lora_fold3_best_v1.pt,models/v2/v2_10b_h2_balanced_logreg_fold3_v1.joblib
3,jpeg_q50,SMARTPHONE_146693,0,0.005479926709085703,real::Smartphone,Smartphone,models/v2/clip_lora_fold3_best_v1.pt,models/v2/v2_10b_h2_balanced_logreg_fold3_v1.joblib
3,jpeg_q50,SMARTPHONE_1008419,0,0.0016821111785247922,real::Smartphone,Smartphone,models/v2/clip_lora_fold3_best_v1.pt,models/v2/v2_10b_h2_balanced_logreg_fold3_v1.joblib
3,jpeg_q50,SMARTPHONE_431405,0,0.00874265655875206,real::Smartphone,Smartphone,models/v2/clip_lora_fold3_best_v1.pt,models/v2/v2_10b_h2_balanced_logreg_fold3_v1.joblib
3,jpeg_q50,SMARTPHONE_749297,0,0.0002727265818975866,real::Smartphone,Smartphone,models/v2/clip_lora_fold3_best_v1.pt,models/v2/v2_10b_h2_balanced_logreg_fold3_v1.joblib
3,jpeg_q50,SMARTPHONE_884101,0,0.010987658053636551,real::Smartphone,Smartphone,models/v2/clip_lora_fold3_best_v1.pt,models/v2/v2_10b_h2_balanced_logreg_fold3_v1.joblib
3,jpeg_q50,SMARTPHONE_511473,0,0.002501728944480419,real::Smartphone,Smartphone,models/v2/clip_lora_fold3_best_v1.pt,models/v2/v2_10b_h2_balanced_logreg_fold3_v1.joblib
3,jpeg_q50,SMARTPHONE_361014,0,0.0015420934651046991,real::Smartphone,Smartphone,models/v2/clip_lora_fold3_best_v1.pt,models/v2/v2_10b_h2_balanced_logreg_fold3_v1.joblib
3,jpeg_q50,SMARTPHONE_438932,0,0.001784576685167849,real::Smartphone,Smartphone,models/v2/clip_lora_fold3_best_v1.pt,models/v2/v2_10b_h2_balanced_logreg_fold3_v1.joblib
3,jpeg_q50,SMARTPHONE_359642,0,8.131715003401041e-05,real::Smartphone,Smartphone,models/v2/clip_lora_fold3_best_v1.pt,models/v2/v2_10b_h2_balanced_logreg_fold3_v1.joblib
3,jpeg_q50,SMARTPHONE_549558,0,0.004525167867541313,real::Smartphone,Smartphone,models/v2/clip_lora_fold3_best_v1.pt,models/v2/v2_10b_h2_balanced_logreg_fold3_v1.joblib
3,jpeg_q50,SMARTPHONE_757829,0,0.0008592635858803988,real::Smartphone,Smartphone,models/v2/clip_lora_fold3_best_v1.pt,models/v2/v2_10b_h2_balanced_logreg_fold3_v1.joblib
3,jpeg_q50,SMARTPHONE_66658,0,0.020535949617624283,real::Smartphone,Smartphone,models/v2/clip_lora_fold3_best_v1.pt,models/v2/v2_10b_h2_balanced_logreg_fold3_v1.joblib
3,jpeg_q50,SMARTPHONE_389613,0,7.269180787261575e-05,real::Smartphone,Smartphone,models/v2/clip_lora_fold3_best_v1.pt,models/v2/v2_10b_h2_balanced_logreg_fold3_v1.joblib
3,jpeg_q50,SMARTPHONE_355367,0,0.00045235466677695513,real::Smartphone,Smartphone,models/v2/clip_lora_fold3_best_v1.pt,models/v2/v2_10b_h2_balanced_logreg_fold3_v1.joblib
3,jpeg_q50,SMARTPHONE_56728,0,0.002310051117092371,real::Smartphone,Smartphone,models/v2/clip_lora_fold3_best_v1.pt,models/v2/v2_10b_h2_balanced_logreg_fold3_v1.joblib
3,jpeg_q50,SMARTPHONE_138276,0,0.024594292044639587,real::Smartphone,Smartphone,models/v2/clip_lora_fold3_best_v1.pt,models/v2/v2_10b_h2_balanced_logreg_fold3_v1.joblib
3,jpeg_q50,SMARTPHONE_314459,0,0.0019198779482394457,real::Smartphone,Smartphone,models/v2/clip_lora_fold3_best_v1.pt,models/v2/v2_10b_h2_balanced_logreg_fold3_v1.joblib
3,jpeg_q50,SMARTPHONE_319068,0,0.0005098633700981736,real::Smartphone,Smartphone,models/v2/clip_lora_fold3_best_v1.pt,models/v2/v2_10b_h2_balanced_logreg_fold3_v1.joblib
3,jpeg_q50,SMARTPHONE_967010,0,0.00036243643262423575,real::Smartphone,Smartphone,models/v2/clip_lora_fold3_best_v1.pt,models/v2/v2_10b_h2_balanced_logreg_fold3_v1.joblib
3,jpeg_q50,SMARTPHONE_777232,0,0.002103201812133193,real::Smartphone,Smartphone,models/v2/clip_lora_fold3_best_v1.pt,models/v2/v2_10b_h2_balanced_logreg_fold3_v1.joblib
3,jpeg_q50,SMARTPHONE_910467,0,0.0003503295301925391,real::Smartphone,Smartphone,models/v2/clip_lora_fold3_best_v1.pt,models/v2/v2_10b_h2_balanced_logreg_fold3_v1.joblib
3,jpeg_q50,SMARTPHONE_113099,0,0.0013556688791140914,real::Smartphone,Smartphone,models/v2/clip_lora_fold3_best_v1.pt,models/v2/v2_10b_h2_balanced_logreg_fold3_v1.joblib
3,jpeg_q50,SMARTPHONE_172628,0,0.009701644070446491,real::Smartphone,Smartphone,models/v2/clip_lora_fold3_best_v1.pt,models/v2/v2_10b_h2_balanced_logreg_fold3_v1.joblib
3,jpeg_q50,SMARTPHONE_195366,0,0.004740252625197172,real::Smartphone,Smartphone,models/v2/clip_lora_fold3_best_v1.pt,models/v2/v2_10b_h2_balanced_logreg_fold3_v1.joblib
3,jpeg_q50,SMARTPHONE_67989,0,0.0027442388236522675,real::Smartphone,Smartphone,models/v2/clip_lora_fold3_best_v1.pt,models/v2/v2_10b_h2_balanced_logreg_fold3_v1.joblib
3,jpeg_q50,SMARTPHONE_271125,0,0.0003468563954811543,real::Smartphone,Smartphone,models/v2/clip_lora_fold3_best_v1.pt,models/v2/v2_10b_h2_balanced_logreg_fold3_v1.joblib
3,jpeg_q50,SMARTPHONE_830107,0,0.051724083721637726,real::Smartphone,Smartphone,models/v2/clip_lora_fold3_best_v1.pt,models/v2/v2_10b_h2_balanced_logreg_fold3_v1.joblib
3,jpeg_q50,SMARTPHONE_901274,0,0.00045216584112495184,real::Smartphone,Smartphone,models/v2/clip_lora_fold3_best_v1.pt,models/v2/v2_10b_h2_balanced_logreg_fold3_v1.joblib
3,jpeg_q50,SMARTPHONE_847815,0,0.00024387353914789855,real::Smartphone,Smartphone,models/v2/clip_lora_fold3_best_v1.pt,models/v2/v2_10b_h2_balanced_logreg_fold3_v1.joblib
3,jpeg_q50,SMARTPHONE_653515,0,0.0031921446789056063,real::Smartphone,Smartphone,models/v2/clip_lora_fold3_best_v1.pt,models/v2/v2_10b_h2_balanced_logreg_fold3_v1.joblib
3,jpeg_q50,SMARTPHONE_796557,0,0.000973774294834584,real::Smartphone,Smartphone,models/v2/clip_lora_fold3_best_v1.pt,models/v2/v2_10b_h2_balanced_logreg_fold3_v1.joblib
3,jpeg_q50,SMARTPHONE_930783,0,0.0015637996839359403,real::Smartphone,Smartphone,models/v2/clip_lora_fold3_best_v1.pt,models/v2/v2_10b_h2_balanced_logreg_fold3_v1.joblib
3,jpeg_q50,SMARTPHONE_570907,0,7.242003630381078e-05,real::Smartphone,Smartphone,models/v2/clip_lora_fold3_best_v1.pt,models/v2/v2_10b_h2_balanced_logreg_fold3_v1.joblib
3,jpeg_q50,SMARTPHONE_533540,0,0.0006882206653244793,real::Smartphone,Smartphone,models/v2/clip_lora_fold3_best_v1.pt,models/v2/v2_10b_h2_balanced_logreg_fold3_v1.joblib
3,jpeg_q50,SMARTPHONE_562344,0,0.00018940112204290926,real::Smartphone,Smartphone,models/v2/clip_lora_fold3_best_v1.pt,models/v2/v2_10b_h2_balanced_logreg_fold3_v1.joblib
3,jpeg_q50,SMARTPHONE_32729,0,0.0004275947285350412,real::Smartphone,Smartphone,models/v2/clip_lora_fold3_best_v1.pt,models/v2/v2_10b_h2_balanced_logreg_fold3_v1.joblib
3,jpeg_q50,SMARTPHONE_806721,0,8.8560875155963e-05,real::Smartphone,Smartphone,models/v2/clip_lora_fold3_best_v1.pt,models/v2/v2_10b_h2_balanced_logreg_fold3_v1.joblib
3,jpeg_q50,SMARTPHONE_95316,0,9.330159082310274e-05,real::Smartphone,Smartphone,models/v2/clip_lora_fold3_best_v1.pt,models/v2/v2_10b_h2_balanced_logreg_fold3_v1.joblib
3,jpeg_q50,SMARTPHONE_141656,0,0.000232806007261388,real::Smartphone,Smartphone,models/v2/clip_lora_fold3_best_v1.pt,models/v2/v2_10b_h2_balanced_logreg_fold3_v1.joblib
3,jpeg_q50,SMARTPHONE_592392,0,0.0001645412266952917,real::Smartphone,Smartphone,models/v2/clip_lora_fold3_best_v1.pt,models/v2/v2_10b_h2_balanced_logreg_fold3_v1.joblib
3,jpeg_q50,SMARTPHONE_397190,0,0.0008093921933323145,real::Smartphone,Smartphone,models/v2/clip_lora_fold3_best_v1.pt,models/v2/v2_10b_h2_balanced_logreg_fold3_v1.joblib
3,jpeg_q50,SMARTPHONE_684163,0,0.00019578012870624661,real::Smartphone,Smartphone,models/v2/clip_lora_fold3_best_v1.pt,models/v2/v2_10b_h2_balanced_logreg_fold3_v1.joblib
3,jpeg_q50,SMARTPHONE_87885,0,9.510968811810017e-05,real::Smartphone,Smartphone,models/v2/clip_lora_fold3_best_v1.pt,models/v2/v2_10b_h2_balanced_logreg_fold3_v1.joblib
3,jpeg_q50,SMARTPHONE_42757,0,0.00039396353531628847,real::Smartphone,Smartphone,models/v2/clip_lora_fold3_best_v1.pt,models/v2/v2_10b_h2_balanced_logreg_fold3_v1.joblib
3,jpeg_q50,SMARTPHONE_660370,0,0.0002471459156367928,real::Smartphone,Smartphone,models/v2/clip_lora_fold3_best_v1.pt,models/v2/v2_10b_h2_balanced_logreg_fold3_v1.joblib
3,jpeg_q50,SMARTPHONE_642031,0,0.0002554159436840564,real::Smartphone,Smartphone,models/v2/clip_lora_fold3_best_v1.pt,models/v2/v2_10b_h2_balanced_logreg_fold3_v1.joblib
3,jpeg_q50,SMARTPHONE_305619,0,0.0001198581958306022,real::Smartphone,Smartphone,models/v2/clip_lora_fold3_best_v1.pt,models/v2/v2_10b_h2_balanced_logreg_fold3_v1.joblib
3,jpeg_q50,SMARTPHONE_1001464,0,0.0006299876258708537,real::Smartphone,Smartphone,models/v2/clip_lora_fold3_best_v1.pt,models/v2/v2_10b_h2_balanced_logreg_fold3_v1.joblib
3,jpeg_q50,SMARTPHONE_876931,0,0.0012569789541885257,real::Smartphone,Smartphone,models/v2/clip_lora_fold3_best_v1.pt,models/v2/v2_10b_h2_balanced_logreg_fold3_v1.joblib
3,jpeg_q50,SMARTPHONE_497375,0,0.0002349672868149355,real::Smartphone,Smartphone,models/v2/clip_lora_fold3_best_v1.pt,models/v2/v2_10b_h2_balanced_logreg_fold3_v1.joblib
3,jpeg_q50,SMARTPHONE_137623,0,0.00031183415558189154,real::Smartphone,Smartphone,models/v2/clip_lora_fold3_best_v1.pt,models/v2/v2_10b_h2_balanced_logreg_fold3_v1.joblib
3,jpeg_q50,SMARTPHONE_584358,0,0.0015349568566307425,real::Smartphone,Smartphone,models/v2/clip_lora_fold3_best_v1.pt,models/v2/v2_10b_h2_balanced_logreg_fold3_v1.joblib
3,jpeg_q50,SMARTPHONE_31390,0,0.00026088766753673553,real::Smartphone,Smartphone,models/v2/clip_lora_fold3_best_v1.pt,models/v2/v2_10b_h2_balanced_logreg_fold3_v1.joblib
3,jpeg_q50,SMARTPHONE_158030,0,0.003872606670483947,real::Smartphone,Smartphone,models/v2/clip_lora_fold3_best_v1.pt,models/v2/v2_10b_h2_balanced_logreg_fold3_v1.joblib
3,jpeg_q50,SMARTPHONE_76101,0,0.00428989389911294,real::Smartphone,Smartphone,models/v2/clip_lora_fold3_best_v1.pt,models/v2/v2_10b_h2_balanced_logreg_fold3_v1.joblib
3,jpeg_q50,SMARTPHONE_669398,0,0.00025792280212044716,real::Smartphone,Smartphone,models/v2/clip_lora_fold3_best_v1.pt,models/v2/v2_10b_h2_balanced_logreg_fold3_v1.joblib
3,jpeg_q50,SMARTPHONE_524368,0,0.004602409899234772,real::Smartphone,Smartphone,models/v2/clip_lora_fold3_best_v1.pt,models/v2/v2_10b_h2_balanced_logreg_fold3_v1.joblib
3,jpeg_q50,SMARTPHONE_838840,0,0.00015716133930254728,real::Smartphone,Smartphone,models/v2/clip_lora_fold3_best_v1.pt,models/v2/v2_10b_h2_balanced_logreg_fold3_v1.joblib
3,jpeg_q50,SMARTPHONE_472368,0,0.0005715449806302786,real::Smartphone,Smartphone,models/v2/clip_lora_fold3_best_v1.pt,models/v2/v2_10b_h2_balanced_logreg_fold3_v1.joblib
3,jpeg_q50,SMARTPHONE_327243,0,0.0008906908333301544,real::Smartphone,Smartphone,models/v2/clip_lora_fold3_best_v1.pt,models/v2/v2_10b_h2_balanced_logreg_fold3_v1.joblib
3,jpeg_q50,SMARTPHONE_569002,0,0.00013740206486545503,real::Smartphone,Smartphone,models/v2/clip_lora_fold3_best_v1.pt,models/v2/v2_10b_h2_balanced_logreg_fold3_v1.joblib
3,jpeg_q50,SMARTPHONE_1022177,0,0.0004529721336439252,real::Smartphone,Smartphone,models/v2/clip_lora_fold3_best_v1.pt,models/v2/v2_10b_h2_balanced_logreg_fold3_v1.joblib
3,jpeg_q50,SMARTPHONE_764468,0,0.0007720101857557893,real::Smartphone,Smartphone,models/v2/clip_lora_fold3_best_v1.pt,models/v2/v2_10b_h2_balanced_logreg_fold3_v1.joblib
3,jpeg_q50,SMARTPHONE_65295,0,0.00024170521646738052,real::Smartphone,Smartphone,models/v2/clip_lora_fold3_best_v1.pt,models/v2/v2_10b_h2_balanced_logreg_fold3_v1.joblib
3,jpeg_q50,SMARTPHONE_683605,0,0.00029717545839957893,real::Smartphone,Smartphone,models/v2/clip_lora_fold3_best_v1.pt,models/v2/v2_10b_h2_balanced_logreg_fold3_v1.joblib
3,jpeg_q50,SMARTPHONE_908457,0,0.00026691320817917585,real::Smartphone,Smartphone,models/v2/clip_lora_fold3_best_v1.pt,models/v2/v2_10b_h2_balanced_logreg_fold3_v1.joblib
3,jpeg_q50,SMARTPHONE_393515,0,0.00024492631200701,real::Smartphone,Smartphone,models/v2/clip_lora_fold3_best_v1.pt,models/v2/v2_10b_h2_balanced_logreg_fold3_v1.joblib
3,jpeg_q50,SMARTPHONE_234669,0,0.0002754728775471449,real::Smartphone,Smartphone,models/v2/clip_lora_fold3_best_v1.pt,models/v2/v2_10b_h2_balanced_logreg_fold3_v1.joblib
3,jpeg_q50,SMARTPHONE_857987,0,0.024605806916952133,real::Smartphone,Smartphone,models/v2/clip_lora_fold3_best_v1.pt,models/v2/v2_10b_h2_balanced_logreg_fold3_v1.joblib
3,jpeg_q50,SMARTPHONE_61303,0,0.0002697284799069166,real::Smartphone,Smartphone,models/v2/clip_lora_fold3_best_v1.pt,models/v2/v2_10b_h2_balanced_logreg_fold3_v1.joblib
3,jpeg_q50,SMARTPHONE_183906,0,0.01565198414027691,real::Smartphone,Smartphone,models/v2/clip_lora_fold3_best_v1.pt,models/v2/v2_10b_h2_balanced_logreg_fold3_v1.joblib
3,jpeg_q50,SMARTPHONE_979974,0,0.00018447349430061877,real::Smartphone,Smartphone,models/v2/clip_lora_fold3_best_v1.pt,models/v2/v2_10b_h2_balanced_logreg_fold3_v1.joblib
3,jpeg_q50,SMARTPHONE_710210,0,0.00043908151565119624,real::Smartphone,Smartphone,models/v2/clip_lora_fold3_best_v1.pt,models/v2/v2_10b_h2_balanced_logreg_fold3_v1.joblib
3,jpeg_q50,SMARTPHONE_26492,0,0.0011240263702347875,real::Smartphone,Smartphone,models/v2/clip_lora_fold3_best_v1.pt,models/v2/v2_10b_h2_balanced_logreg_fold3_v1.joblib
3,jpeg_q50,SMARTPHONE_46110,0,0.0012833120999857783,real::Smartphone,Smartphone,models/v2/clip_lora_fold3_best_v1.pt,models/v2/v2_10b_h2_balanced_logreg_fold3_v1.joblib
3,jpeg_q50,SMARTPHONE_291784,0,0.0010685974266380072,real::Smartphone,Smartphone,models/v2/clip_lora_fold3_best_v1.pt,models/v2/v2_10b_h2_balanced_logreg_fold3_v1.joblib
3,jpeg_q50,SMARTPHONE_237192,0,7.12202163413167e-05,real::Smartphone,Smartphone,models/v2/clip_lora_fold3_best_v1.pt,models/v2/v2_10b_h2_balanced_logreg_fold3_v1.joblib
3,jpeg_q50,SMARTPHONE_250027,0,0.000908268557395786,real::Smartphone,Smartphone,models/v2/clip_lora_fold3_best_v1.pt,models/v2/v2_10b_h2_balanced_logreg_fold3_v1.joblib
3,jpeg_q50,SMARTPHONE_348585,0,0.02161519043147564,real::Smartphone,Smartphone,models/v2/clip_lora_fold3_best_v1.pt,models/v2/v2_10b_h2_balanced_logreg_fold3_v1.joblib
3,jpeg_q50,SMARTPHONE_679693,0,0.0017948158783838153,real::Smartphone,Smartphone,models/v2/clip_lora_fold3_best_v1.pt,models/v2/v2_10b_h2_balanced_logreg_fold3_v1.joblib
3,jpeg_q50,SMARTPHONE_985140,0,0.00014861568342894316,real::Smartphone,Smartphone,models/v2/clip_lora_fold3_best_v1.pt,models/v2/v2_10b_h2_balanced_logreg_fold3_v1.joblib
3,jpeg_q50,SMARTPHONE_826775,0,0.00011886229913216084,real::Smartphone,Smartphone,models/v2/clip_lora_fold3_best_v1.pt,models/v2/v2_10b_h2_balanced_logreg_fold3_v1.joblib
3,jpeg_q50,SMARTPHONE_815484,0,0.0018905659671872854,real::Smartphone,Smartphone,models/v2/clip_lora_fold3_best_v1.pt,models/v2/v2_10b_h2_balanced_logreg_fold3_v1.joblib
3,jpeg_q50,SMARTPHONE_422200,0,9.920323645928875e-05,real::Smartphone,Smartphone,models/v2/clip_lora_fold3_best_v1.pt,models/v2/v2_10b_h2_balanced_logreg_fold3_v1.joblib
3,jpeg_q50,SMARTPHONE_703104,0,0.0009708174038678408,real::Smartphone,Smartphone,models/v2/clip_lora_fold3_best_v1.pt,models/v2/v2_10b_h2_balanced_logreg_fold3_v1.joblib
3,jpeg_q50,SMARTPHONE_322163,0,0.003951976541429758,real::Smartphone,Smartphone,models/v2/clip_lora_fold3_best_v1.pt,models/v2/v2_10b_h2_balanced_logreg_fold3_v1.joblib
3,jpeg_q50,SMARTPHONE_342187,0,0.0007521426887251437,real::Smartphone,Smartphone,models/v2/clip_lora_fold3_best_v1.pt,models/v2/v2_10b_h2_balanced_logreg_fold3_v1.joblib
3,jpeg_q50,SMARTPHONE_446434,0,9.28999506868422e-05,real::Smartphone,Smartphone,models/v2/clip_lora_fold3_best_v1.pt,models/v2/v2_10b_h2_balanced_logreg_fold3_v1.joblib
3,jpeg_q50,SMARTPHONE_279138,0,0.00026236611302010715,real::Smartphone,Smartphone,models/v2/clip_lora_fold3_best_v1.pt,models/v2/v2_10b_h2_balanced_logreg_fold3_v1.joblib
3,jpeg_q50,SMARTPHONE_85172,0,0.0016048080287873745,real::Smartphone,Smartphone,models/v2/clip_lora_fold3_best_v1.pt,models/v2/v2_10b_h2_balanced_logreg_fold3_v1.joblib
3,jpeg_q50,SMARTPHONE_771314,0,0.001184142311103642,real::Smartphone,Smartphone,models/v2/clip_lora_fold3_best_v1.pt,models/v2/v2_10b_h2_balanced_logreg_fold3_v1.joblib
3,jpeg_q50,SMARTPHONE_164175,0,0.00021560869936365634,real::Smartphone,Smartphone,models/v2/clip_lora_fold3_best_v1.pt,models/v2/v2_10b_h2_balanced_logreg_fold3_v1.joblib
3,jpeg_q50,SMARTPHONE_848798,0,0.00016833495465107262,real::Smartphone,Smartphone,models/v2/clip_lora_fold3_best_v1.pt,models/v2/v2_10b_h2_balanced_logreg_fold3_v1.joblib
3,jpeg_q50,SMARTPHONE_131027,0,0.001272682100534439,real::Smartphone,Smartphone,models/v2/clip_lora_fold3_best_v1.pt,models/v2/v2_10b_h2_balanced_logreg_fold3_v1.joblib
3,jpeg_q50,SMARTPHONE_627787,0,0.0004091965383850038,real::Smartphone,Smartphone,models/v2/clip_lora_fold3_best_v1.pt,models/v2/v2_10b_h2_balanced_logreg_fold3_v1.joblib
3,jpeg_q50,SMARTPHONE_894385,0,0.040098242461681366,real::Smartphone,Smartphone,models/v2/clip_lora_fold3_best_v1.pt,models/v2/v2_10b_h2_balanced_logreg_fold3_v1.joblib
3,jpeg_q50,SMARTPHONE_291694,0,0.009930570609867573,real::Smartphone,Smartphone,models/v2/clip_lora_fold3_best_v1.pt,models/v2/v2_10b_h2_balanced_logreg_fold3_v1.joblib
3,jpeg_q50,SMARTPHONE_148778,0,0.008375386707484722,real::Smartphone,Smartphone,models/v2/clip_lora_fold3_best_v1.pt,models/v2/v2_10b_h2_balanced_logreg_fold3_v1.joblib
3,jpeg_q50,SMARTPHONE_224522,0,0.0009508278453722596,real::Smartphone,Smartphone,models/v2/clip_lora_fold3_best_v1.pt,models/v2/v2_10b_h2_balanced_logreg_fold3_v1.joblib
3,jpeg_q50,SMARTPHONE_175464,0,0.0009156630840152502,real::Smartphone,Smartphone,models/v2/clip_lora_fold3_best_v1.pt,models/v2/v2_10b_h2_balanced_logreg_fold3_v1.joblib
3,jpeg_q50,SMARTPHONE_244736,0,0.00011077963426942006,real::Smartphone,Smartphone,models/v2/clip_lora_fold3_best_v1.pt,models/v2/v2_10b_h2_balanced_logreg_fold3_v1.joblib
3,jpeg_q50,SMARTPHONE_582569,0,0.00015733811596874148,real::Smartphone,Smartphone,models/v2/clip_lora_fold3_best_v1.pt,models/v2/v2_10b_h2_balanced_logreg_fold3_v1.joblib
3,jpeg_q50,SMARTPHONE_431450,0,0.0001352974068140611,real::Smartphone,Smartphone,models/v2/clip_lora_fold3_best_v1.pt,models/v2/v2_10b_h2_balanced_logreg_fold3_v1.joblib
3,jpeg_q50,SMARTPHONE_660705,0,0.00010326762276235968,real::Smartphone,Smartphone,models/v2/clip_lora_fold3_best_v1.pt,models/v2/v2_10b_h2_balanced_logreg_fold3_v1.joblib
3,jpeg_q50,SMARTPHONE_621214,0,0.0023239816073328257,real::Smartphone,Smartphone,models/v2/clip_lora_fold3_best_v1.pt,models/v2/v2_10b_h2_balanced_logreg_fold3_v1.joblib
3,jpeg_q50,SMARTPHONE_359386,0,0.39106449484825134,real::Smartphone,Smartphone,models/v2/clip_lora_fold3_best_v1.pt,models/v2/v2_10b_h2_balanced_logreg_fold3_v1.joblib
3,jpeg_q50,SMARTPHONE_144764,0,0.0002036301593761891,real::Smartphone,Smartphone,models/v2/clip_lora_fold3_best_v1.pt,models/v2/v2_10b_h2_balanced_logreg_fold3_v1.joblib
3,jpeg_q50,SMARTPHONE_830594,0,0.001909246202558279,real::Smartphone,Smartphone,models/v2/clip_lora_fold3_best_v1.pt,models/v2/v2_10b_h2_balanced_logreg_fold3_v1.joblib
3,jpeg_q50,SMARTPHONE_565837,0,0.012710675597190857,real::Smartphone,Smartphone,models/v2/clip_lora_fold3_best_v1.pt,models/v2/v2_10b_h2_balanced_logreg_fold3_v1.joblib
3,jpeg_q50,SMARTPHONE_661367,0,0.020639890804886818,real::Smartphone,Smartphone,models/v2/clip_lora_fold3_best_v1.pt,models/v2/v2_10b_h2_balanced_logreg_fold3_v1.joblib
3,jpeg_q50,SMARTPHONE_196636,0,0.001484542852267623,real::Smartphone,Smartphone,models/v2/clip_lora_fold3_best_v1.pt,models/v2/v2_10b_h2_balanced_logreg_fold3_v1.joblib
3,jpeg_q50,SMARTPHONE_10637,0,0.0002726036182139069,real::Smartphone,Smartphone,models/v2/clip_lora_fold3_best_v1.pt,models/v2/v2_10b_h2_balanced_logreg_fold3_v1.joblib
3,jpeg_q50,SMARTPHONE_304933,0,0.0014786095125600696,real::Smartphone,Smartphone,models/v2/clip_lora_fold3_best_v1.pt,models/v2/v2_10b_h2_balanced_logreg_fold3_v1.joblib
3,jpeg_q50,SMARTPHONE_350921,0,0.004741791170090437,real::Smartphone,Smartphone,models/v2/clip_lora_fold3_best_v1.pt,models/v2/v2_10b_h2_balanced_logreg_fold3_v1.joblib
3,jpeg_q50,SMARTPHONE_647201,0,0.006882179994136095,real::Smartphone,Smartphone,models/v2/clip_lora_fold3_best_v1.pt,models/v2/v2_10b_h2_balanced_logreg_fold3_v1.joblib
3,jpeg_q50,SMARTPHONE_657781,0,0.0026758944150060415,real::Smartphone,Smartphone,models/v2/clip_lora_fold3_best_v1.pt,models/v2/v2_10b_h2_balanced_logreg_fold3_v1.joblib
3,jpeg_q50,SMARTPHONE_927343,0,0.018320994451642036,real::Smartphone,Smartphone,models/v2/clip_lora_fold3_best_v1.pt,models/v2/v2_10b_h2_balanced_logreg_fold3_v1.joblib
3,jpeg_q50,SMARTPHONE_263012,0,0.0003803684958256781,real::Smartphone,Smartphone,models/v2/clip_lora_fold3_best_v1.pt,models/v2/v2_10b_h2_balanced_logreg_fold3_v1.joblib
3,jpeg_q50,SMARTPHONE_26183,0,0.0001265357423108071,real::Smartphone,Smartphone,models/v2/clip_lora_fold3_best_v1.pt,models/v2/v2_10b_h2_balanced_logreg_fold3_v1.joblib
3,jpeg_q50,SMARTPHONE_896105,0,0.00298388977535069,real::Smartphone,Smartphone,models/v2/clip_lora_fold3_best_v1.pt,models/v2/v2_10b_h2_balanced_logreg_fold3_v1.joblib
3,jpeg_q50,SMARTPHONE_495631,0,0.0003394478699192405,real::Smartphone,Smartphone,models/v2/clip_lora_fold3_best_v1.pt,models/v2/v2_10b_h2_balanced_logreg_fold3_v1.joblib
3,jpeg_q50,SMARTPHONE_67872,0,0.000437270849943161,real::Smartphone,Smartphone,models/v2/clip_lora_fold3_best_v1.pt,models/v2/v2_10b_h2_balanced_logreg_fold3_v1.joblib
3,jpeg_q50,SMARTPHONE_582549,0,2.281476372445468e-05,real::Smartphone,Smartphone,models/v2/clip_lora_fold3_best_v1.pt,models/v2/v2_10b_h2_balanced_logreg_fold3_v1.joblib
3,jpeg_q50,SMARTPHONE_111678,0,4.3039690353907645e-05,real::Smartphone,Smartphone,models/v2/clip_lora_fold3_best_v1.pt,models/v2/v2_10b_h2_balanced_logreg_fold3_v1.joblib
3,jpeg_q50,SMARTPHONE_473589,0,0.0009204749949276447,real::Smartphone,Smartphone,models/v2/clip_lora_fold3_best_v1.pt,models/v2/v2_10b_h2_balanced_logreg_fold3_v1.joblib
3,jpeg_q50,SMARTPHONE_379393,0,0.00012067633360857144,real::Smartphone,Smartphone,models/v2/clip_lora_fold3_best_v1.pt,models/v2/v2_10b_h2_balanced_logreg_fold3_v1.joblib
3,jpeg_q50,SMARTPHONE_150987,0,0.009632173925638199,real::Smartphone,Smartphone,models/v2/clip_lora_fold3_best_v1.pt,models/v2/v2_10b_h2_balanced_logreg_fold3_v1.joblib
3,jpeg_q50,SMARTPHONE_360241,0,6.780128023819998e-05,real::Smartphone,Smartphone,models/v2/clip_lora_fold3_best_v1.pt,models/v2/v2_10b_h2_balanced_logreg_fold3_v1.joblib
3,jpeg_q50,SMARTPHONE_962434,0,0.002134839305654168,real::Smartphone,Smartphone,models/v2/clip_lora_fold3_best_v1.pt,models/v2/v2_10b_h2_balanced_logreg_fold3_v1.joblib
3,jpeg_q50,SMARTPHONE_442519,0,0.0018980155000463128,real::Smartphone,Smartphone,models/v2/clip_lora_fold3_best_v1.pt,models/v2/v2_10b_h2_balanced_logreg_fold3_v1.joblib
3,jpeg_q50,SMARTPHONE_582381,0,0.0003385329619050026,real::Smartphone,Smartphone,models/v2/clip_lora_fold3_best_v1.pt,models/v2/v2_10b_h2_balanced_logreg_fold3_v1.joblib
3,jpeg_q50,SMARTPHONE_784712,0,0.0002758878981694579,real::Smartphone,Smartphone,models/v2/clip_lora_fold3_best_v1.pt,models/v2/v2_10b_h2_balanced_logreg_fold3_v1.joblib
3,jpeg_q50,SMARTPHONE_382687,0,0.0006510488456115127,real::Smartphone,Smartphone,models/v2/clip_lora_fold3_best_v1.pt,models/v2/v2_10b_h2_balanced_logreg_fold3_v1.joblib
3,jpeg_q50,SMARTPHONE_369625,0,0.00127311737742275,real::Smartphone,Smartphone,models/v2/clip_lora_fold3_best_v1.pt,models/v2/v2_10b_h2_balanced_logreg_fold3_v1.joblib
3,jpeg_q50,SMARTPHONE_255480,0,0.010696078650653362,real::Smartphone,Smartphone,models/v2/clip_lora_fold3_best_v1.pt,models/v2/v2_10b_h2_balanced_logreg_fold3_v1.joblib
3,jpeg_q50,SMARTPHONE_429017,0,0.0054956660605967045,real::Smartphone,Smartphone,models/v2/clip_lora_fold3_best_v1.pt,models/v2/v2_10b_h2_balanced_logreg_fold3_v1.joblib
3,jpeg_q50,SMARTPHONE_384872,0,0.002630951814353466,real::Smartphone,Smartphone,models/v2/clip_lora_fold3_best_v1.pt,models/v2/v2_10b_h2_balanced_logreg_fold3_v1.joblib
3,jpeg_q50,SMARTPHONE_907482,0,0.0016978700878098607,real::Smartphone,Smartphone,models/v2/clip_lora_fold3_best_v1.pt,models/v2/v2_10b_h2_balanced_logreg_fold3_v1.joblib
3,jpeg_q50,SMARTPHONE_389287,0,0.00029416041797958314,real::Smartphone,Smartphone,models/v2/clip_lora_fold3_best_v1.pt,models/v2/v2_10b_h2_balanced_logreg_fold3_v1.joblib
