fold,condition,image_id,y,p_h2,generator_id,real_domain,checkpoint,h2_head
1,screenshot_strong,pilot_000000,0,0.010796008631587029,real::Tiny-GenImage,Tiny,models/v2/clip_lora_fold1_best_v1.pt,models/v2/v2_10b_h2_balanced_logreg_fold1_v1.joblib
1,screenshot_strong,pilot_000001,1,0.004907992202788591,tiny::ADM,,models/v2/clip_lora_fold1_best_v1.pt,models/v2/v2_10b_h2_balanced_logreg_fold1_v1.joblib
1,screenshot_strong,pilot_000009,1,0.03640548512339592,tiny::SD15,,models/v2/clip_lora_fold1_best_v1.pt,models/v2/v2_10b_h2_balanced_logreg_fold1_v1.joblib
1,screenshot_strong,pilot_000015,1,0.018762079998850822,tiny::ADM,,models/v2/clip_lora_fold1_best_v1.pt,models/v2/v2_10b_h2_balanced_logreg_fold1_v1.joblib
1,screenshot_strong,pilot_000018,0,0.02024833671748638,real::Tiny-GenImage,Tiny,models/v2/clip_lora_fold1_best_v1.pt,models/v2/v2_10b_h2_balanced_logreg_fold1_v1.joblib
1,screenshot_strong,pilot_000020,0,0.026706041768193245,real::Tiny-GenImage,Tiny,models/v2/clip_lora_fold1_best_v1.pt,models/v2/v2_10b_h2_balanced_logreg_fold1_v1.joblib
1,screenshot_strong,pilot_000022,0,0.01036498136818409,real::Tiny-GenImage,Tiny,models/v2/clip_lora_fold1_best_v1.pt,models/v2/v2_10b_h2_balanced_logreg_fold1_v1.joblib
1,screenshot_strong,pilot_000023,1,0.022721996530890465,tiny::SD15,,models/v2/clip_lora_fold1_best_v1.pt,models/v2/v2_10b_h2_balanced_logreg_fold1_v1.joblib
1,screenshot_strong,pilot_000028,0,0.0122955571860075,real::Tiny-GenImage,Tiny,models/v2/clip_lora_fold1_best_v1.pt,models/v2/v2_10b_h2_balanced_logreg_fold1_v1.joblib
1,screenshot_strong,pilot_000029,1,0.05217403545975685,tiny::ADM,,models/v2/clip_lora_fold1_best_v1.pt,models/v2/v2_10b_h2_balanced_logreg_fold1_v1.joblib
1,screenshot_strong,pilot_000037,1,0.004612784832715988,tiny::SD15,,models/v2/clip_lora_fold1_best_v1.pt,models/v2/v2_10b_h2_balanced_logreg_fold1_v1.joblib
1,screenshot_strong,pilot_000038,0,0.0196108128875494,real::Tiny-GenImage,Tiny,models/v2/clip_lora_fold1_best_v1.pt,models/v2/v2_10b_h2_balanced_logreg_fold1_v1.joblib
1,screenshot_strong,pilot_000043,1,0.005946447607129812,tiny::ADM,,models/v2/clip_lora_fold1_best_v1.pt,models/v2/v2_10b_h2_balanced_logreg_fold1_v1.joblib
1,screenshot_strong,pilot_000051,1,0.015486612915992737,tiny::SD15,,models/v2/clip_lora_fold1_best_v1.pt,models/v2/v2_10b_h2_balanced_logreg_fold1_v1.joblib
1,screenshot_strong,pilot_000057,1,0.00979557540267706,tiny::ADM,,models/v2/clip_lora_fold1_best_v1.pt,models/v2/v2_10b_h2_balanced_logreg_fold1_v1.joblib
1,screenshot_strong,pilot_000062,0,0.3204379379749298,real::Tiny-GenImage,Tiny,models/v2/clip_lora_fold1_best_v1.pt,models/v2/v2_10b_h2_balanced_logreg_fold1_v1.joblib
1,screenshot_strong,pilot_000065,1,0.01641932688653469,tiny::SD15,,models/v2/clip_lora_fold1_best_v1.pt,models/v2/v2_10b_h2_balanced_logreg_fold1_v1.joblib
1,screenshot_strong,pilot_000071,1,0.010583997704088688,tiny::ADM,,models/v2/clip_lora_fold1_best_v1.pt,models/v2/v2_10b_h2_balanced_logreg_fold1_v1.joblib
1,screenshot_strong,pilot_000079,1,0.13517236709594727,tiny::SD15,,models/v2/clip_lora_fold1_best_v1.pt,models/v2/v2_10b_h2_balanced_logreg_fold1_v1.joblib
1,screenshot_strong,pilot_000085,1,0.00772513635456562,tiny::ADM,,models/v2/clip_lora_fold1_best_v1.pt,models/v2/v2_10b_h2_balanced_logreg_fold1_v1.joblib
1,screenshot_strong,pilot_000093,1,0.11998622864484787,tiny::SD15,,models/v2/clip_lora_fold1_best_v1.pt,models/v2/v2_10b_h2_balanced_logreg_fold1_v1.joblib
1,screenshot_strong,pilot_000099,1,0.03532515838742256,tiny::ADM,,models/v2/clip_lora_fold1_best_v1.pt,models/v2/v2_10b_h2_balanced_logreg_fold1_v1.joblib
1,screenshot_strong,pilot_000107,1,0.08269479125738144,tiny::SD15,,models/v2/clip_lora_fold1_best_v1.pt,models/v2/v2_10b_h2_balanced_logreg_fold1_v1.joblib
1,screenshot_strong,pilot_000112,0,0.029949558898806572,real::Tiny-GenImage,Tiny,models/v2/clip_lora_fold1_best_v1.pt,models/v2/v2_10b_h2_balanced_logreg_fold1_v1.joblib
1,screenshot_strong,pilot_000113,1,0.047738395631313324,tiny::ADM,,models/v2/clip_lora_fold1_best_v1.pt,models/v2/v2_10b_h2_balanced_logreg_fold1_v1.joblib
1,screenshot_strong,pilot_000121,1,0.015358589589595795,tiny::SD15,,models/v2/clip_lora_fold1_best_v1.pt,models/v2/v2_10b_h2_balanced_logreg_fold1_v1.joblib
1,screenshot_strong,pilot_000127,1,0.01852048747241497,tiny::ADM,,models/v2/clip_lora_fold1_best_v1.pt,models/v2/v2_10b_h2_balanced_logreg_fold1_v1.joblib
1,screenshot_strong,pilot_000135,1,0.24115784466266632,tiny::SD15,,models/v2/clip_lora_fold1_best_v1.pt,models/v2/v2_10b_h2_balanced_logreg_fold1_v1.joblib
1,screenshot_strong,pilot_000136,0,0.048795439302921295,real::Tiny-GenImage,Tiny,models/v2/clip_lora_fold1_best_v1.pt,models/v2/v2_10b_h2_balanced_logreg_fold1_v1.joblib
1,screenshot_strong,pilot_000141,1,0.01578455977141857,tiny::ADM,,models/v2/clip_lora_fold1_best_v1.pt,models/v2/v2_10b_h2_balanced_logreg_fold1_v1.joblib
1,screenshot_strong,pilot_000146,0,0.04452956095337868,real::Tiny-GenImage,Tiny,models/v2/clip_lora_fold1_best_v1.pt,models/v2/v2_10b_h2_balanced_logreg_fold1_v1.joblib
1,screenshot_strong,pilot_000149,1,0.1674955040216446,tiny::SD15,,models/v2/clip_lora_fold1_best_v1.pt,models/v2/v2_10b_h2_balanced_logreg_fold1_v1.joblib
1,screenshot_strong,pilot_000154,0,0.11946453154087067,real::Tiny-GenImage,Tiny,models/v2/clip_lora_fold1_best_v1.pt,models/v2/v2_10b_h2_balanced_logreg_fold1_v1.joblib
1,screenshot_strong,pilot_000155,1,0.03340363875031471,tiny::ADM,,models/v2/clip_lora_fold1_best_v1.pt,models/v2/v2_10b_h2_balanced_logreg_fold1_v1.joblib
1,screenshot_strong,pilot_000163,1,0.4753250181674957,tiny::SD15,,models/v2/clip_lora_fold1_best_v1.pt,models/v2/v2_10b_h2_balanced_logreg_fold1_v1.joblib
1,screenshot_strong,pilot_000169,1,0.020338181406259537,tiny::ADM,,models/v2/clip_lora_fold1_best_v1.pt,models/v2/v2_10b_h2_balanced_logreg_fold1_v1.joblib
1,screenshot_strong,pilot_000177,1,0.7493100166320801,tiny::SD15,,models/v2/clip_lora_fold1_best_v1.pt,models/v2/v2_10b_h2_balanced_logreg_fold1_v1.joblib
1,screenshot_strong,pilot_000183,1,0.03356306254863739,tiny::ADM,,models/v2/clip_lora_fold1_best_v1.pt,models/v2/v2_10b_h2_balanced_logreg_fold1_v1.joblib
1,screenshot_strong,pilot_000191,1,0.12474092841148376,tiny::SD15,,models/v2/clip_lora_fold1_best_v1.pt,models/v2/v2_10b_h2_balanced_logreg_fold1_v1.joblib
1,screenshot_strong,pilot_000197,1,0.04834192618727684,tiny::ADM,,models/v2/clip_lora_fold1_best_v1.pt,models/v2/v2_10b_h2_balanced_logreg_fold1_v1.joblib
1,screenshot_strong,pilot_000205,1,0.19949206709861755,tiny::SD15,,models/v2/clip_lora_fold1_best_v1.pt,models/v2/v2_10b_h2_balanced_logreg_fold1_v1.joblib
1,screenshot_strong,pilot_000211,1,0.021343130618333817,tiny::ADM,,models/v2/clip_lora_fold1_best_v1.pt,models/v2/v2_10b_h2_balanced_logreg_fold1_v1.joblib
1,screenshot_strong,pilot_000212,0,0.4875911474227905,real::Tiny-GenImage,Tiny,models/v2/clip_lora_fold1_best_v1.pt,models/v2/v2_10b_h2_balanced_logreg_fold1_v1.joblib
1,screenshot_strong,pilot_000219,1,0.2970684766769409,tiny::SD15,,models/v2/clip_lora_fold1_best_v1.pt,models/v2/v2_10b_h2_balanced_logreg_fold1_v1.joblib
1,screenshot_strong,pilot_000225,1,0.036504290997982025,tiny::ADM,,models/v2/clip_lora_fold1_best_v1.pt,models/v2/v2_10b_h2_balanced_logreg_fold1_v1.joblib
1,screenshot_strong,pilot_000233,1,0.19259113073349,tiny::SD15,,models/v2/clip_lora_fold1_best_v1.pt,models/v2/v2_10b_h2_balanced_logreg_fold1_v1.joblib
1,screenshot_strong,pilot_000234,0,0.0905468687415123,real::Tiny-GenImage,Tiny,models/v2/clip_lora_fold1_best_v1.pt,models/v2/v2_10b_h2_balanced_logreg_fold1_v1.joblib
1,screenshot_strong,pilot_000239,1,0.030877457931637764,tiny::ADM,,models/v2/clip_lora_fold1_best_v1.pt,models/v2/v2_10b_h2_balanced_logreg_fold1_v1.joblib
1,screenshot_strong,pilot_000247,1,0.37809237837791443,tiny::SD15,,models/v2/clip_lora_fold1_best_v1.pt,models/v2/v2_10b_h2_balanced_logreg_fold1_v1.joblib
1,screenshot_strong,pilot_000253,1,0.16249153017997742,tiny::ADM,,models/v2/clip_lora_fold1_best_v1.pt,models/v2/v2_10b_h2_balanced_logreg_fold1_v1.joblib
1,screenshot_strong,pilot_000261,1,0.04638218134641647,tiny::SD15,,models/v2/clip_lora_fold1_best_v1.pt,models/v2/v2_10b_h2_balanced_logreg_fold1_v1.joblib
1,screenshot_strong,pilot_000262,0,0.14857253432273865,real::Tiny-GenImage,Tiny,models/v2/clip_lora_fold1_best_v1.pt,models/v2/v2_10b_h2_balanced_logreg_fold1_v1.joblib
1,screenshot_strong,pilot_000267,1,0.027678269892930984,tiny::ADM,,models/v2/clip_lora_fold1_best_v1.pt,models/v2/v2_10b_h2_balanced_logreg_fold1_v1.joblib
1,screenshot_strong,pilot_000275,1,0.17643122375011444,tiny::SD15,,models/v2/clip_lora_fold1_best_v1.pt,models/v2/v2_10b_h2_balanced_logreg_fold1_v1.joblib
1,screenshot_strong,pilot_000276,0,0.03546222299337387,real::Tiny-GenImage,Tiny,models/v2/clip_lora_fold1_best_v1.pt,models/v2/v2_10b_h2_balanced_logreg_fold1_v1.joblib
1,screenshot_strong,pilot_000281,1,0.006585508584976196,tiny::ADM,,models/v2/clip_lora_fold1_best_v1.pt,models/v2/v2_10b_h2_balanced_logreg_fold1_v1.joblib
1,screenshot_strong,pilot_000289,1,0.19986502826213837,tiny::SD15,,models/v2/clip_lora_fold1_best_v1.pt,models/v2/v2_10b_h2_balanced_logreg_fold1_v1.joblib
1,screenshot_strong,pilot_000295,1,0.02220306172966957,tiny::ADM,,models/v2/clip_lora_fold1_best_v1.pt,models/v2/v2_10b_h2_balanced_logreg_fold1_v1.joblib
1,screenshot_strong,pilot_000296,0,0.04444097727537155,real::Tiny-GenImage,Tiny,models/v2/clip_lora_fold1_best_v1.pt,models/v2/v2_10b_h2_balanced_logreg_fold1_v1.joblib
1,screenshot_strong,pilot_000303,1,0.016147514805197716,tiny::SD15,,models/v2/clip_lora_fold1_best_v1.pt,models/v2/v2_10b_h2_balanced_logreg_fold1_v1.joblib
1,screenshot_strong,pilot_000309,1,0.0720905289053917,tiny::ADM,,models/v2/clip_lora_fold1_best_v1.pt,models/v2/v2_10b_h2_balanced_logreg_fold1_v1.joblib
1,screenshot_strong,pilot_000310,0,0.1338740736246109,real::Tiny-GenImage,Tiny,models/v2/clip_lora_fold1_best_v1.pt,models/v2/v2_10b_h2_balanced_logreg_fold1_v1.joblib
1,screenshot_strong,pilot_000317,1,0.03962493687868118,tiny::SD15,,models/v2/clip_lora_fold1_best_v1.pt,models/v2/v2_10b_h2_balanced_logreg_fold1_v1.joblib
1,screenshot_strong,pilot_000323,1,0.01702106185257435,tiny::ADM,,models/v2/clip_lora_fold1_best_v1.pt,models/v2/v2_10b_h2_balanced_logreg_fold1_v1.joblib
1,screenshot_strong,pilot_000326,0,0.04634874314069748,real::Tiny-GenImage,Tiny,models/v2/clip_lora_fold1_best_v1.pt,models/v2/v2_10b_h2_balanced_logreg_fold1_v1.joblib
1,screenshot_strong,pilot_000331,1,0.026195954531431198,tiny::SD15,,models/v2/clip_lora_fold1_best_v1.pt,models/v2/v2_10b_h2_balanced_logreg_fold1_v1.joblib
1,screenshot_strong,pilot_000337,1,0.15680751204490662,tiny::ADM,,models/v2/clip_lora_fold1_best_v1.pt,models/v2/v2_10b_h2_balanced_logreg_fold1_v1.joblib
1,screenshot_strong,pilot_000342,0,0.5878684520721436,real::Tiny-GenImage,Tiny,models/v2/clip_lora_fold1_best_v1.pt,models/v2/v2_10b_h2_balanced_logreg_fold1_v1.joblib
1,screenshot_strong,pilot_000345,1,0.2857440114021301,tiny::SD15,,models/v2/clip_lora_fold1_best_v1.pt,models/v2/v2_10b_h2_balanced_logreg_fold1_v1.joblib
1,screenshot_strong,pilot_000351,1,0.018067127093672752,tiny::ADM,,models/v2/clip_lora_fold1_best_v1.pt,models/v2/v2_10b_h2_balanced_logreg_fold1_v1.joblib
1,screenshot_strong,pilot_000354,0,0.07316019386053085,real::Tiny-GenImage,Tiny,models/v2/clip_lora_fold1_best_v1.pt,models/v2/v2_10b_h2_balanced_logreg_fold1_v1.joblib
1,screenshot_strong,pilot_000359,1,0.08531949669122696,tiny::SD15,,models/v2/clip_lora_fold1_best_v1.pt,models/v2/v2_10b_h2_balanced_logreg_fold1_v1.joblib
1,screenshot_strong,pilot_000360,0,0.25848817825317383,real::Tiny-GenImage,Tiny,models/v2/clip_lora_fold1_best_v1.pt,models/v2/v2_10b_h2_balanced_logreg_fold1_v1.joblib
1,screenshot_strong,pilot_000365,1,0.07988669723272324,tiny::ADM,,models/v2/clip_lora_fold1_best_v1.pt,models/v2/v2_10b_h2_balanced_logreg_fold1_v1.joblib
1,screenshot_strong,pilot_000368,0,0.0942557081580162,real::Tiny-GenImage,Tiny,models/v2/clip_lora_fold1_best_v1.pt,models/v2/v2_10b_h2_balanced_logreg_fold1_v1.joblib
1,screenshot_strong,pilot_000372,0,0.3350103497505188,real::Tiny-GenImage,Tiny,models/v2/clip_lora_fold1_best_v1.pt,models/v2/v2_10b_h2_balanced_logreg_fold1_v1.joblib
1,screenshot_strong,pilot_000373,1,0.06125989183783531,tiny::SD15,,models/v2/clip_lora_fold1_best_v1.pt,models/v2/v2_10b_h2_balanced_logreg_fold1_v1.joblib
1,screenshot_strong,pilot_000379,1,0.027963321655988693,tiny::ADM,,models/v2/clip_lora_fold1_best_v1.pt,models/v2/v2_10b_h2_balanced_logreg_fold1_v1.joblib
1,screenshot_strong,pilot_000387,1,0.28863978385925293,tiny::SD15,,models/v2/clip_lora_fold1_best_v1.pt,models/v2/v2_10b_h2_balanced_logreg_fold1_v1.joblib
1,screenshot_strong,pilot_000393,1,0.038132939487695694,tiny::ADM,,models/v2/clip_lora_fold1_best_v1.pt,models/v2/v2_10b_h2_balanced_logreg_fold1_v1.joblib
1,screenshot_strong,pilot_000401,1,0.09374508261680603,tiny::SD15,,models/v2/clip_lora_fold1_best_v1.pt,models/v2/v2_10b_h2_balanced_logreg_fold1_v1.joblib
1,screenshot_strong,pilot_000407,1,0.030413812026381493,tiny::ADM,,models/v2/clip_lora_fold1_best_v1.pt,models/v2/v2_10b_h2_balanced_logreg_fold1_v1.joblib
1,screenshot_strong,pilot_000410,0,0.15989848971366882,real::Tiny-GenImage,Tiny,models/v2/clip_lora_fold1_best_v1.pt,models/v2/v2_10b_h2_balanced_logreg_fold1_v1.joblib
1,screenshot_strong,pilot_000415,1,0.09354327619075775,tiny::SD15,,models/v2/clip_lora_fold1_best_v1.pt,models/v2/v2_10b_h2_balanced_logreg_fold1_v1.joblib
1,screenshot_strong,pilot_000421,1,0.07571188360452652,tiny::ADM,,models/v2/clip_lora_fold1_best_v1.pt,models/v2/v2_10b_h2_balanced_logreg_fold1_v1.joblib
1,screenshot_strong,pilot_000429,1,0.2774095833301544,tiny::SD15,,models/v2/clip_lora_fold1_best_v1.pt,models/v2/v2_10b_h2_balanced_logreg_fold1_v1.joblib
1,screenshot_strong,pilot_000435,1,0.10857199132442474,tiny::ADM,,models/v2/clip_lora_fold1_best_v1.pt,models/v2/v2_10b_h2_balanced_logreg_fold1_v1.joblib
1,screenshot_strong,pilot_000436,0,0.11809322983026505,real::Tiny-GenImage,Tiny,models/v2/clip_lora_fold1_best_v1.pt,models/v2/v2_10b_h2_balanced_logreg_fold1_v1.joblib
1,screenshot_strong,pilot_000443,1,0.060500580817461014,tiny::SD15,,models/v2/clip_lora_fold1_best_v1.pt,models/v2/v2_10b_h2_balanced_logreg_fold1_v1.joblib
1,screenshot_strong,pilot_000449,1,0.36836227774620056,tiny::ADM,,models/v2/clip_lora_fold1_best_v1.pt,models/v2/v2_10b_h2_balanced_logreg_fold1_v1.joblib
1,screenshot_strong,pilot_000457,1,0.04266779124736786,tiny::SD15,,models/v2/clip_lora_fold1_best_v1.pt,models/v2/v2_10b_h2_balanced_logreg_fold1_v1.joblib
1,screenshot_strong,pilot_000463,1,0.013398237526416779,tiny::ADM,,models/v2/clip_lora_fold1_best_v1.pt,models/v2/v2_10b_h2_balanced_logreg_fold1_v1.joblib
1,screenshot_strong,pilot_000471,1,0.16950038075447083,tiny::SD15,,models/v2/clip_lora_fold1_best_v1.pt,models/v2/v2_10b_h2_balanced_logreg_fold1_v1.joblib
1,screenshot_strong,pilot_000476,0,0.1095501109957695,real::Tiny-GenImage,Tiny,models/v2/clip_lora_fold1_best_v1.pt,models/v2/v2_10b_h2_balanced_logreg_fold1_v1.joblib
1,screenshot_strong,pilot_000477,1,0.028618693351745605,tiny::ADM,,models/v2/clip_lora_fold1_best_v1.pt,models/v2/v2_10b_h2_balanced_logreg_fold1_v1.joblib
1,screenshot_strong,pilot_000478,0,0.10622530430555344,real::Tiny-GenImage,Tiny,models/v2/clip_lora_fold1_best_v1.pt,models/v2/v2_10b_h2_balanced_logreg_fold1_v1.joblib
1,screenshot_strong,pilot_000482,0,0.15308237075805664,real::Tiny-GenImage,Tiny,models/v2/clip_lora_fold1_best_v1.pt,models/v2/v2_10b_h2_balanced_logreg_fold1_v1.joblib
1,screenshot_strong,pilot_000485,1,0.4621785879135132,tiny::SD15,,models/v2/clip_lora_fold1_best_v1.pt,models/v2/v2_10b_h2_balanced_logreg_fold1_v1.joblib
1,screenshot_strong,pilot_000486,0,0.053795166313648224,real::Tiny-GenImage,Tiny,models/v2/clip_lora_fold1_best_v1.pt,models/v2/v2_10b_h2_balanced_logreg_fold1_v1.joblib
1,screenshot_strong,pilot_000491,1,0.040863268077373505,tiny::ADM,,models/v2/clip_lora_fold1_best_v1.pt,models/v2/v2_10b_h2_balanced_logreg_fold1_v1.joblib
1,screenshot_strong,pilot_000499,1,0.07474204152822495,tiny::SD15,,models/v2/clip_lora_fold1_best_v1.pt,models/v2/v2_10b_h2_balanced_logreg_fold1_v1.joblib
1,screenshot_strong,pilot_000505,1,0.01961336098611355,tiny::ADM,,models/v2/clip_lora_fold1_best_v1.pt,models/v2/v2_10b_h2_balanced_logreg_fold1_v1.joblib
1,screenshot_strong,pilot_000513,1,0.24896356463432312,tiny::SD15,,models/v2/clip_lora_fold1_best_v1.pt,models/v2/v2_10b_h2_balanced_logreg_fold1_v1.joblib
1,screenshot_strong,pilot_000519,1,0.0077033923007547855,tiny::ADM,,models/v2/clip_lora_fold1_best_v1.pt,models/v2/v2_10b_h2_balanced_logreg_fold1_v1.joblib
1,screenshot_strong,pilot_000527,1,0.0799826830625534,tiny::SD15,,models/v2/clip_lora_fold1_best_v1.pt,models/v2/v2_10b_h2_balanced_logreg_fold1_v1.joblib
1,screenshot_strong,pilot_000533,1,0.03915160149335861,tiny::ADM,,models/v2/clip_lora_fold1_best_v1.pt,models/v2/v2_10b_h2_balanced_logreg_fold1_v1.joblib
1,screenshot_strong,pilot_000541,1,0.2576473653316498,tiny::SD15,,models/v2/clip_lora_fold1_best_v1.pt,models/v2/v2_10b_h2_balanced_logreg_fold1_v1.joblib
1,screenshot_strong,pilot_000547,1,0.0683719739317894,tiny::ADM,,models/v2/clip_lora_fold1_best_v1.pt,models/v2/v2_10b_h2_balanced_logreg_fold1_v1.joblib
1,screenshot_strong,pilot_000548,0,0.2737340033054352,real::Tiny-GenImage,Tiny,models/v2/clip_lora_fold1_best_v1.pt,models/v2/v2_10b_h2_balanced_logreg_fold1_v1.joblib
1,screenshot_strong,pilot_000555,1,0.4100191593170166,tiny::SD15,,models/v2/clip_lora_fold1_best_v1.pt,models/v2/v2_10b_h2_balanced_logreg_fold1_v1.joblib
1,screenshot_strong,pilot_000561,1,0.035269953310489655,tiny::ADM,,models/v2/clip_lora_fold1_best_v1.pt,models/v2/v2_10b_h2_balanced_logreg_fold1_v1.joblib
1,screenshot_strong,pilot_000564,0,0.21635045111179352,real::Tiny-GenImage,Tiny,models/v2/clip_lora_fold1_best_v1.pt,models/v2/v2_10b_h2_balanced_logreg_fold1_v1.joblib
1,screenshot_strong,pilot_000569,1,0.022776369005441666,tiny::SD15,,models/v2/clip_lora_fold1_best_v1.pt,models/v2/v2_10b_h2_balanced_logreg_fold1_v1.joblib
1,screenshot_strong,pilot_000575,1,0.0322284922003746,tiny::ADM,,models/v2/clip_lora_fold1_best_v1.pt,models/v2/v2_10b_h2_balanced_logreg_fold1_v1.joblib
1,screenshot_strong,pilot_000583,1,0.021643701940774918,tiny::SD15,,models/v2/clip_lora_fold1_best_v1.pt,models/v2/v2_10b_h2_balanced_logreg_fold1_v1.joblib
1,screenshot_strong,pilot_000589,1,0.025079282000660896,tiny::ADM,,models/v2/clip_lora_fold1_best_v1.pt,models/v2/v2_10b_h2_balanced_logreg_fold1_v1.joblib
1,screenshot_strong,pilot_000594,0,0.07707703113555908,real::Tiny-GenImage,Tiny,models/v2/clip_lora_fold1_best_v1.pt,models/v2/v2_10b_h2_balanced_logreg_fold1_v1.joblib
1,screenshot_strong,pilot_000597,1,0.2494090497493744,tiny::SD15,,models/v2/clip_lora_fold1_best_v1.pt,models/v2/v2_10b_h2_balanced_logreg_fold1_v1.joblib
1,screenshot_strong,pilot_000603,1,0.03739934042096138,tiny::ADM,,models/v2/clip_lora_fold1_best_v1.pt,models/v2/v2_10b_h2_balanced_logreg_fold1_v1.joblib
1,screenshot_strong,pilot_000611,1,0.221079483628273,tiny::SD15,,models/v2/clip_lora_fold1_best_v1.pt,models/v2/v2_10b_h2_balanced_logreg_fold1_v1.joblib
1,screenshot_strong,pilot_000617,1,0.04449889063835144,tiny::ADM,,models/v2/clip_lora_fold1_best_v1.pt,models/v2/v2_10b_h2_balanced_logreg_fold1_v1.joblib
1,screenshot_strong,pilot_000625,1,0.5946471691131592,tiny::SD15,,models/v2/clip_lora_fold1_best_v1.pt,models/v2/v2_10b_h2_balanced_logreg_fold1_v1.joblib
1,screenshot_strong,pilot_000631,1,0.06533829122781754,tiny::ADM,,models/v2/clip_lora_fold1_best_v1.pt,models/v2/v2_10b_h2_balanced_logreg_fold1_v1.joblib
1,screenshot_strong,pilot_000632,0,0.13235227763652802,real::Tiny-GenImage,Tiny,models/v2/clip_lora_fold1_best_v1.pt,models/v2/v2_10b_h2_balanced_logreg_fold1_v1.joblib
1,screenshot_strong,pilot_000639,1,0.36881864070892334,tiny::SD15,,models/v2/clip_lora_fold1_best_v1.pt,models/v2/v2_10b_h2_balanced_logreg_fold1_v1.joblib
1,screenshot_strong,pilot_000645,1,0.012773863039910793,tiny::ADM,,models/v2/clip_lora_fold1_best_v1.pt,models/v2/v2_10b_h2_balanced_logreg_fold1_v1.joblib
1,screenshot_strong,pilot_000653,1,0.25308704376220703,tiny::SD15,,models/v2/clip_lora_fold1_best_v1.pt,models/v2/v2_10b_h2_balanced_logreg_fold1_v1.joblib
1,screenshot_strong,pilot_000659,1,0.014433790929615498,tiny::ADM,,models/v2/clip_lora_fold1_best_v1.pt,models/v2/v2_10b_h2_balanced_logreg_fold1_v1.joblib
1,screenshot_strong,pilot_000662,0,0.034618400037288666,real::Tiny-GenImage,Tiny,models/v2/clip_lora_fold1_best_v1.pt,models/v2/v2_10b_h2_balanced_logreg_fold1_v1.joblib
1,screenshot_strong,pilot_000667,1,0.4284771680831909,tiny::SD15,,models/v2/clip_lora_fold1_best_v1.pt,models/v2/v2_10b_h2_balanced_logreg_fold1_v1.joblib
1,screenshot_strong,pilot_000673,1,0.1294916570186615,tiny::ADM,,models/v2/clip_lora_fold1_best_v1.pt,models/v2/v2_10b_h2_balanced_logreg_fold1_v1.joblib
1,screenshot_strong,pilot_000681,1,0.673814058303833,tiny::SD15,,models/v2/clip_lora_fold1_best_v1.pt,models/v2/v2_10b_h2_balanced_logreg_fold1_v1.joblib
1,screenshot_strong,pilot_000687,1,0.017777709290385246,tiny::ADM,,models/v2/clip_lora_fold1_best_v1.pt,models/v2/v2_10b_h2_balanced_logreg_fold1_v1.joblib
1,screenshot_strong,pilot_000694,0,0.016559138894081116,real::Tiny-GenImage,Tiny,models/v2/clip_lora_fold1_best_v1.pt,models/v2/v2_10b_h2_balanced_logreg_fold1_v1.joblib
1,screenshot_strong,pilot_000695,1,0.4924147427082062,tiny::SD15,,models/v2/clip_lora_fold1_best_v1.pt,models/v2/v2_10b_h2_balanced_logreg_fold1_v1.joblib
1,screenshot_strong,pilot_000701,1,0.03698674961924553,tiny::ADM,,models/v2/clip_lora_fold1_best_v1.pt,models/v2/v2_10b_h2_balanced_logreg_fold1_v1.joblib
1,screenshot_strong,pilot_000709,1,0.3808162212371826,tiny::SD15,,models/v2/clip_lora_fold1_best_v1.pt,models/v2/v2_10b_h2_balanced_logreg_fold1_v1.joblib
1,screenshot_strong,pilot_000715,1,0.039413925260305405,tiny::ADM,,models/v2/clip_lora_fold1_best_v1.pt,models/v2/v2_10b_h2_balanced_logreg_fold1_v1.joblib
1,screenshot_strong,pilot_000716,0,0.07910526543855667,real::Tiny-GenImage,Tiny,models/v2/clip_lora_fold1_best_v1.pt,models/v2/v2_10b_h2_balanced_logreg_fold1_v1.joblib
1,screenshot_strong,pilot_000723,1,0.06663566082715988,tiny::SD15,,models/v2/clip_lora_fold1_best_v1.pt,models/v2/v2_10b_h2_balanced_logreg_fold1_v1.joblib
1,screenshot_strong,pilot_000729,1,0.04824277013540268,tiny::ADM,,models/v2/clip_lora_fold1_best_v1.pt,models/v2/v2_10b_h2_balanced_logreg_fold1_v1.joblib
1,screenshot_strong,pilot_000730,0,0.17209532856941223,real::Tiny-GenImage,Tiny,models/v2/clip_lora_fold1_best_v1.pt,models/v2/v2_10b_h2_balanced_logreg_fold1_v1.joblib
1,screenshot_strong,pilot_000737,1,0.5002501010894775,tiny::SD15,,models/v2/clip_lora_fold1_best_v1.pt,models/v2/v2_10b_h2_balanced_logreg_fold1_v1.joblib
1,screenshot_strong,pilot_000743,1,0.02154008112847805,tiny::ADM,,models/v2/clip_lora_fold1_best_v1.pt,models/v2/v2_10b_h2_balanced_logreg_fold1_v1.joblib
1,screenshot_strong,pilot_000748,0,0.015275467187166214,real::Tiny-GenImage,Tiny,models/v2/clip_lora_fold1_best_v1.pt,models/v2/v2_10b_h2_balanced_logreg_fold1_v1.joblib
1,screenshot_strong,pilot_000751,1,0.3429431617259979,tiny::SD15,,models/v2/clip_lora_fold1_best_v1.pt,models/v2/v2_10b_h2_balanced_logreg_fold1_v1.joblib
1,screenshot_strong,pilot_000757,1,0.045893773436546326,tiny::ADM,,models/v2/clip_lora_fold1_best_v1.pt,models/v2/v2_10b_h2_balanced_logreg_fold1_v1.joblib
1,screenshot_strong,pilot_000765,1,0.0567963607609272,tiny::SD15,,models/v2/clip_lora_fold1_best_v1.pt,models/v2/v2_10b_h2_balanced_logreg_fold1_v1.joblib
1,screenshot_strong,pilot_000771,1,0.06779909133911133,tiny::ADM,,models/v2/clip_lora_fold1_best_v1.pt,models/v2/v2_10b_h2_balanced_logreg_fold1_v1.joblib
1,screenshot_strong,pilot_000774,0,0.0645008236169815,real::Tiny-GenImage,Tiny,models/v2/clip_lora_fold1_best_v1.pt,models/v2/v2_10b_h2_balanced_logreg_fold1_v1.joblib
1,screenshot_strong,pilot_000778,0,0.19673573970794678,real::Tiny-GenImage,Tiny,models/v2/clip_lora_fold1_best_v1.pt,models/v2/v2_10b_h2_balanced_logreg_fold1_v1.joblib
1,screenshot_strong,pilot_000779,1,0.1994355022907257,tiny::SD15,,models/v2/clip_lora_fold1_best_v1.pt,models/v2/v2_10b_h2_balanced_logreg_fold1_v1.joblib
1,screenshot_strong,pilot_000785,1,0.04780605062842369,tiny::ADM,,models/v2/clip_lora_fold1_best_v1.pt,models/v2/v2_10b_h2_balanced_logreg_fold1_v1.joblib
1,screenshot_strong,pilot_000793,1,0.13397765159606934,tiny::SD15,,models/v2/clip_lora_fold1_best_v1.pt,models/v2/v2_10b_h2_balanced_logreg_fold1_v1.joblib
1,screenshot_strong,pilot_000796,0,0.009894751012325287,real::Tiny-GenImage,Tiny,models/v2/clip_lora_fold1_best_v1.pt,models/v2/v2_10b_h2_balanced_logreg_fold1_v1.joblib
1,screenshot_strong,pilot_000799,1,0.03504453971982002,tiny::ADM,,models/v2/clip_lora_fold1_best_v1.pt,models/v2/v2_10b_h2_balanced_logreg_fold1_v1.joblib
1,screenshot_strong,pilot_000807,1,0.1088198721408844,tiny::SD15,,models/v2/clip_lora_fold1_best_v1.pt,models/v2/v2_10b_h2_balanced_logreg_fold1_v1.joblib
1,screenshot_strong,pilot_000813,1,0.02753506414592266,tiny::ADM,,models/v2/clip_lora_fold1_best_v1.pt,models/v2/v2_10b_h2_balanced_logreg_fold1_v1.joblib
1,screenshot_strong,pilot_000816,0,0.02769532985985279,real::Tiny-GenImage,Tiny,models/v2/clip_lora_fold1_best_v1.pt,models/v2/v2_10b_h2_balanced_logreg_fold1_v1.joblib
1,screenshot_strong,pilot_000820,0,0.05784932151436806,real::Tiny-GenImage,Tiny,models/v2/clip_lora_fold1_best_v1.pt,models/v2/v2_10b_h2_balanced_logreg_fold1_v1.joblib
1,screenshot_strong,pilot_000821,1,0.12439893186092377,tiny::SD15,,models/v2/clip_lora_fold1_best_v1.pt,models/v2/v2_10b_h2_balanced_logreg_fold1_v1.joblib
1,screenshot_strong,pilot_000826,0,0.054842397570610046,real::Tiny-GenImage,Tiny,models/v2/clip_lora_fold1_best_v1.pt,models/v2/v2_10b_h2_balanced_logreg_fold1_v1.joblib
1,screenshot_strong,pilot_000827,1,0.019426491111516953,tiny::ADM,,models/v2/clip_lora_fold1_best_v1.pt,models/v2/v2_10b_h2_balanced_logreg_fold1_v1.joblib
1,screenshot_strong,pilot_000830,0,0.07853996753692627,real::Tiny-GenImage,Tiny,models/v2/clip_lora_fold1_best_v1.pt,models/v2/v2_10b_h2_balanced_logreg_fold1_v1.joblib
1,screenshot_strong,pilot_000834,0,0.05783941596746445,real::Tiny-GenImage,Tiny,models/v2/clip_lora_fold1_best_v1.pt,models/v2/v2_10b_h2_balanced_logreg_fold1_v1.joblib
1,screenshot_strong,pilot_000835,1,0.2700091004371643,tiny::SD15,,models/v2/clip_lora_fold1_best_v1.pt,models/v2/v2_10b_h2_balanced_logreg_fold1_v1.joblib
1,screenshot_strong,pilot_000840,0,0.1339447945356369,real::Tiny-GenImage,Tiny,models/v2/clip_lora_fold1_best_v1.pt,models/v2/v2_10b_h2_balanced_logreg_fold1_v1.joblib
1,screenshot_strong,pilot_000841,1,0.3812556564807892,tiny::ADM,,models/v2/clip_lora_fold1_best_v1.pt,models/v2/v2_10b_h2_balanced_logreg_fold1_v1.joblib
1,screenshot_strong,pilot_000849,1,0.033481817692518234,tiny::SD15,,models/v2/clip_lora_fold1_best_v1.pt,models/v2/v2_10b_h2_balanced_logreg_fold1_v1.joblib
1,screenshot_strong,pilot_000855,1,0.040614232420921326,tiny::ADM,,models/v2/clip_lora_fold1_best_v1.pt,models/v2/v2_10b_h2_balanced_logreg_fold1_v1.joblib
1,screenshot_strong,pilot_000863,1,0.4691217541694641,tiny::SD15,,models/v2/clip_lora_fold1_best_v1.pt,models/v2/v2_10b_h2_balanced_logreg_fold1_v1.joblib
1,screenshot_strong,pilot_000869,1,0.11649472266435623,tiny::ADM,,models/v2/clip_lora_fold1_best_v1.pt,models/v2/v2_10b_h2_balanced_logreg_fold1_v1.joblib
1,screenshot_strong,pilot_000877,1,0.16159503161907196,tiny::SD15,,models/v2/clip_lora_fold1_best_v1.pt,models/v2/v2_10b_h2_balanced_logreg_fold1_v1.joblib
1,screenshot_strong,pilot_000878,0,0.825958251953125,real::Tiny-GenImage,Tiny,models/v2/clip_lora_fold1_best_v1.pt,models/v2/v2_10b_h2_balanced_logreg_fold1_v1.joblib
1,screenshot_strong,pilot_000883,1,0.2028549760580063,tiny::ADM,,models/v2/clip_lora_fold1_best_v1.pt,models/v2/v2_10b_h2_balanced_logreg_fold1_v1.joblib
1,screenshot_strong,pilot_000891,1,0.37209177017211914,tiny::SD15,,models/v2/clip_lora_fold1_best_v1.pt,models/v2/v2_10b_h2_balanced_logreg_fold1_v1.joblib
1,screenshot_strong,pilot_000894,0,0.037375740706920624,real::Tiny-GenImage,Tiny,models/v2/clip_lora_fold1_best_v1.pt,models/v2/v2_10b_h2_balanced_logreg_fold1_v1.joblib
1,screenshot_strong,pilot_000897,1,0.05104871466755867,tiny::ADM,,models/v2/clip_lora_fold1_best_v1.pt,models/v2/v2_10b_h2_balanced_logreg_fold1_v1.joblib
1,screenshot_strong,pilot_000902,0,0.02220027707517147,real::Tiny-GenImage,Tiny,models/v2/clip_lora_fold1_best_v1.pt,models/v2/v2_10b_h2_balanced_logreg_fold1_v1.joblib
1,screenshot_strong,pilot_000905,1,0.04833020642399788,tiny::SD15,,models/v2/clip_lora_fold1_best_v1.pt,models/v2/v2_10b_h2_balanced_logreg_fold1_v1.joblib
1,screenshot_strong,pilot_000908,0,0.12381605058908463,real::Tiny-GenImage,Tiny,models/v2/clip_lora_fold1_best_v1.pt,models/v2/v2_10b_h2_balanced_logreg_fold1_v1.joblib
1,screenshot_strong,pilot_000911,1,0.11098521947860718,tiny::ADM,,models/v2/clip_lora_fold1_best_v1.pt,models/v2/v2_10b_h2_balanced_logreg_fold1_v1.joblib
1,screenshot_strong,pilot_000919,1,0.3850819766521454,tiny::SD15,,models/v2/clip_lora_fold1_best_v1.pt,models/v2/v2_10b_h2_balanced_logreg_fold1_v1.joblib
1,screenshot_strong,pilot_000925,1,0.09847918152809143,tiny::ADM,,models/v2/clip_lora_fold1_best_v1.pt,models/v2/v2_10b_h2_balanced_logreg_fold1_v1.joblib
1,screenshot_strong,pilot_000926,0,0.0036040993873029947,real::Tiny-GenImage,Tiny,models/v2/clip_lora_fold1_best_v1.pt,models/v2/v2_10b_h2_balanced_logreg_fold1_v1.joblib
1,screenshot_strong,pilot_000933,1,0.5616292357444763,tiny::SD15,,models/v2/clip_lora_fold1_best_v1.pt,models/v2/v2_10b_h2_balanced_logreg_fold1_v1.joblib
1,screenshot_strong,pilot_000939,1,0.04886497184634209,tiny::ADM,,models/v2/clip_lora_fold1_best_v1.pt,models/v2/v2_10b_h2_balanced_logreg_fold1_v1.joblib
1,screenshot_strong,pilot_000947,1,0.14773596823215485,tiny::SD15,,models/v2/clip_lora_fold1_best_v1.pt,models/v2/v2_10b_h2_balanced_logreg_fold1_v1.joblib
1,screenshot_strong,pilot_000952,0,0.1333336979150772,real::Tiny-GenImage,Tiny,models/v2/clip_lora_fold1_best_v1.pt,models/v2/v2_10b_h2_balanced_logreg_fold1_v1.joblib
1,screenshot_strong,pilot_000953,1,0.11409589648246765,tiny::ADM,,models/v2/clip_lora_fold1_best_v1.pt,models/v2/v2_10b_h2_balanced_logreg_fold1_v1.joblib
1,screenshot_strong,pilot_000960,0,0.0223905798047781,real::Tiny-GenImage,Tiny,models/v2/clip_lora_fold1_best_v1.pt,models/v2/v2_10b_h2_balanced_logreg_fold1_v1.joblib
1,screenshot_strong,pilot_000961,1,0.13048313558101654,tiny::SD15,,models/v2/clip_lora_fold1_best_v1.pt,models/v2/v2_10b_h2_balanced_logreg_fold1_v1.joblib
1,screenshot_strong,pilot_000967,1,0.021693551912903786,tiny::ADM,,models/v2/clip_lora_fold1_best_v1.pt,models/v2/v2_10b_h2_balanced_logreg_fold1_v1.joblib
1,screenshot_strong,pilot_000975,1,0.09478604048490524,tiny::SD15,,models/v2/clip_lora_fold1_best_v1.pt,models/v2/v2_10b_h2_balanced_logreg_fold1_v1.joblib
1,screenshot_strong,pilot_000981,1,0.12080345302820206,tiny::ADM,,models/v2/clip_lora_fold1_best_v1.pt,models/v2/v2_10b_h2_balanced_logreg_fold1_v1.joblib
1,screenshot_strong,pilot_000989,1,0.30543461441993713,tiny::SD15,,models/v2/clip_lora_fold1_best_v1.pt,models/v2/v2_10b_h2_balanced_logreg_fold1_v1.joblib
1,screenshot_strong,pilot_000990,0,0.018162673339247704,real::Tiny-GenImage,Tiny,models/v2/clip_lora_fold1_best_v1.pt,models/v2/v2_10b_h2_balanced_logreg_fold1_v1.joblib
1,screenshot_strong,pilot_000995,1,0.25976234674453735,tiny::ADM,,models/v2/clip_lora_fold1_best_v1.pt,models/v2/v2_10b_h2_balanced_logreg_fold1_v1.joblib
1,screenshot_strong,pilot_000996,0,0.07893440127372742,real::Tiny-GenImage,Tiny,models/v2/clip_lora_fold1_best_v1.pt,models/v2/v2_10b_h2_balanced_logreg_fold1_v1.joblib
1,screenshot_strong,pilot_001003,1,0.026117149740457535,tiny::SD15,,models/v2/clip_lora_fold1_best_v1.pt,models/v2/v2_10b_h2_balanced_logreg_fold1_v1.joblib
1,screenshot_strong,pilot_001009,1,0.06838105618953705,tiny::ADM,,models/v2/clip_lora_fold1_best_v1.pt,models/v2/v2_10b_h2_balanced_logreg_fold1_v1.joblib
1,screenshot_strong,pilot_001016,0,0.05524281784892082,real::Tiny-GenImage,Tiny,models/v2/clip_lora_fold1_best_v1.pt,models/v2/v2_10b_h2_balanced_logreg_fold1_v1.joblib
1,screenshot_strong,pilot_001017,1,0.08766433596611023,tiny::SD15,,models/v2/clip_lora_fold1_best_v1.pt,models/v2/v2_10b_h2_balanced_logreg_fold1_v1.joblib
1,screenshot_strong,pilot_001022,0,0.010534362867474556,real::Tiny-GenImage,Tiny,models/v2/clip_lora_fold1_best_v1.pt,models/v2/v2_10b_h2_balanced_logreg_fold1_v1.joblib
1,screenshot_strong,pilot_001023,1,0.05215747281908989,tiny::ADM,,models/v2/clip_lora_fold1_best_v1.pt,models/v2/v2_10b_h2_balanced_logreg_fold1_v1.joblib
1,screenshot_strong,pilot_001024,0,0.06245061755180359,real::Tiny-GenImage,Tiny,models/v2/clip_lora_fold1_best_v1.pt,models/v2/v2_10b_h2_balanced_logreg_fold1_v1.joblib
1,screenshot_strong,pilot_001031,1,0.39464423060417175,tiny::SD15,,models/v2/clip_lora_fold1_best_v1.pt,models/v2/v2_10b_h2_balanced_logreg_fold1_v1.joblib
1,screenshot_strong,pilot_001037,1,0.1205223873257637,tiny::ADM,,models/v2/clip_lora_fold1_best_v1.pt,models/v2/v2_10b_h2_balanced_logreg_fold1_v1.joblib
1,screenshot_strong,pilot_001038,0,0.007140818051993847,real::Tiny-GenImage,Tiny,models/v2/clip_lora_fold1_best_v1.pt,models/v2/v2_10b_h2_balanced_logreg_fold1_v1.joblib
1,screenshot_strong,pilot_001042,0,0.03699718043208122,real::Tiny-GenImage,Tiny,models/v2/clip_lora_fold1_best_v1.pt,models/v2/v2_10b_h2_balanced_logreg_fold1_v1.joblib
1,screenshot_strong,pilot_001045,1,0.10121465474367142,tiny::SD15,,models/v2/clip_lora_fold1_best_v1.pt,models/v2/v2_10b_h2_balanced_logreg_fold1_v1.joblib
1,screenshot_strong,pilot_001051,1,0.048256080597639084,tiny::ADM,,models/v2/clip_lora_fold1_best_v1.pt,models/v2/v2_10b_h2_balanced_logreg_fold1_v1.joblib
1,screenshot_strong,pilot_001054,0,0.023511001840233803,real::Tiny-GenImage,Tiny,models/v2/clip_lora_fold1_best_v1.pt,models/v2/v2_10b_h2_balanced_logreg_fold1_v1.joblib
1,screenshot_strong,pilot_001059,1,0.09395703673362732,tiny::SD15,,models/v2/clip_lora_fold1_best_v1.pt,models/v2/v2_10b_h2_balanced_logreg_fold1_v1.joblib
1,screenshot_strong,pilot_001065,1,0.10563458502292633,tiny::ADM,,models/v2/clip_lora_fold1_best_v1.pt,models/v2/v2_10b_h2_balanced_logreg_fold1_v1.joblib
1,screenshot_strong,pilot_001068,0,0.13105276226997375,real::Tiny-GenImage,Tiny,models/v2/clip_lora_fold1_best_v1.pt,models/v2/v2_10b_h2_balanced_logreg_fold1_v1.joblib
1,screenshot_strong,pilot_001070,0,0.02202385663986206,real::Tiny-GenImage,Tiny,models/v2/clip_lora_fold1_best_v1.pt,models/v2/v2_10b_h2_balanced_logreg_fold1_v1.joblib
1,screenshot_strong,pilot_001073,1,0.10759526491165161,tiny::SD15,,models/v2/clip_lora_fold1_best_v1.pt,models/v2/v2_10b_h2_balanced_logreg_fold1_v1.joblib
1,screenshot_strong,pilot_001076,0,0.037324611097574234,real::Tiny-GenImage,Tiny,models/v2/clip_lora_fold1_best_v1.pt,models/v2/v2_10b_h2_balanced_logreg_fold1_v1.joblib
1,screenshot_strong,pilot_001079,1,0.06293509900569916,tiny::ADM,,models/v2/clip_lora_fold1_best_v1.pt,models/v2/v2_10b_h2_balanced_logreg_fold1_v1.joblib
1,screenshot_strong,pilot_001086,0,0.03167777135968208,real::Tiny-GenImage,Tiny,models/v2/clip_lora_fold1_best_v1.pt,models/v2/v2_10b_h2_balanced_logreg_fold1_v1.joblib
1,screenshot_strong,pilot_001087,1,0.26140984892845154,tiny::SD15,,models/v2/clip_lora_fold1_best_v1.pt,models/v2/v2_10b_h2_balanced_logreg_fold1_v1.joblib
1,screenshot_strong,pilot_001093,1,0.07124099880456924,tiny::ADM,,models/v2/clip_lora_fold1_best_v1.pt,models/v2/v2_10b_h2_balanced_logreg_fold1_v1.joblib
1,screenshot_strong,pilot_001101,1,0.14687538146972656,tiny::SD15,,models/v2/clip_lora_fold1_best_v1.pt,models/v2/v2_10b_h2_balanced_logreg_fold1_v1.joblib
1,screenshot_strong,pilot_001102,0,0.03321678191423416,real::Tiny-GenImage,Tiny,models/v2/clip_lora_fold1_best_v1.pt,models/v2/v2_10b_h2_balanced_logreg_fold1_v1.joblib
1,screenshot_strong,pilot_001107,1,0.03542350232601166,tiny::ADM,,models/v2/clip_lora_fold1_best_v1.pt,models/v2/v2_10b_h2_balanced_logreg_fold1_v1.joblib
1,screenshot_strong,pilot_001115,1,0.2071651667356491,tiny::SD15,,models/v2/clip_lora_fold1_best_v1.pt,models/v2/v2_10b_h2_balanced_logreg_fold1_v1.joblib
1,screenshot_strong,pilot_001121,1,0.016489380970597267,tiny::ADM,,models/v2/clip_lora_fold1_best_v1.pt,models/v2/v2_10b_h2_balanced_logreg_fold1_v1.joblib
1,screenshot_strong,pilot_001128,0,0.05985935777425766,real::Tiny-GenImage,Tiny,models/v2/clip_lora_fold1_best_v1.pt,models/v2/v2_10b_h2_balanced_logreg_fold1_v1.joblib
1,screenshot_strong,pilot_001129,1,0.0717143788933754,tiny::SD15,,models/v2/clip_lora_fold1_best_v1.pt,models/v2/v2_10b_h2_balanced_logreg_fold1_v1.joblib
1,screenshot_strong,pilot_001130,0,0.07272812724113464,real::Tiny-GenImage,Tiny,models/v2/clip_lora_fold1_best_v1.pt,models/v2/v2_10b_h2_balanced_logreg_fold1_v1.joblib
1,screenshot_strong,pilot_001132,0,0.0608152337372303,real::Tiny-GenImage,Tiny,models/v2/clip_lora_fold1_best_v1.pt,models/v2/v2_10b_h2_balanced_logreg_fold1_v1.joblib
1,screenshot_strong,pilot_001135,1,0.04067438095808029,tiny::ADM,,models/v2/clip_lora_fold1_best_v1.pt,models/v2/v2_10b_h2_balanced_logreg_fold1_v1.joblib
1,screenshot_strong,pilot_001143,1,0.010046537965536118,tiny::SD15,,models/v2/clip_lora_fold1_best_v1.pt,models/v2/v2_10b_h2_balanced_logreg_fold1_v1.joblib
1,screenshot_strong,pilot_001149,1,0.16062605381011963,tiny::ADM,,models/v2/clip_lora_fold1_best_v1.pt,models/v2/v2_10b_h2_balanced_logreg_fold1_v1.joblib
1,screenshot_strong,pilot_001157,1,0.0327305942773819,tiny::SD15,,models/v2/clip_lora_fold1_best_v1.pt,models/v2/v2_10b_h2_balanced_logreg_fold1_v1.joblib
1,screenshot_strong,pilot_001163,1,0.07672539353370667,tiny::ADM,,models/v2/clip_lora_fold1_best_v1.pt,models/v2/v2_10b_h2_balanced_logreg_fold1_v1.joblib
1,screenshot_strong,pilot_001164,0,0.028821583837270737,real::Tiny-GenImage,Tiny,models/v2/clip_lora_fold1_best_v1.pt,models/v2/v2_10b_h2_balanced_logreg_fold1_v1.joblib
1,screenshot_strong,pilot_001170,0,0.030248353257775307,real::Tiny-GenImage,Tiny,models/v2/clip_lora_fold1_best_v1.pt,models/v2/v2_10b_h2_balanced_logreg_fold1_v1.joblib
1,screenshot_strong,pilot_001171,1,0.05086361616849899,tiny::SD15,,models/v2/clip_lora_fold1_best_v1.pt,models/v2/v2_10b_h2_balanced_logreg_fold1_v1.joblib
1,screenshot_strong,pilot_001172,0,0.02778434380888939,real::Tiny-GenImage,Tiny,models/v2/clip_lora_fold1_best_v1.pt,models/v2/v2_10b_h2_balanced_logreg_fold1_v1.joblib
1,screenshot_strong,pilot_001176,0,0.048408426344394684,real::Tiny-GenImage,Tiny,models/v2/clip_lora_fold1_best_v1.pt,models/v2/v2_10b_h2_balanced_logreg_fold1_v1.joblib
1,screenshot_strong,pilot_001177,1,0.04066552594304085,tiny::ADM,,models/v2/clip_lora_fold1_best_v1.pt,models/v2/v2_10b_h2_balanced_logreg_fold1_v1.joblib
1,screenshot_strong,pilot_001185,1,0.036480557173490524,tiny::SD15,,models/v2/clip_lora_fold1_best_v1.pt,models/v2/v2_10b_h2_balanced_logreg_fold1_v1.joblib
1,screenshot_strong,pilot_001191,1,0.15421491861343384,tiny::ADM,,models/v2/clip_lora_fold1_best_v1.pt,models/v2/v2_10b_h2_balanced_logreg_fold1_v1.joblib
1,screenshot_strong,pilot_001199,1,0.1865658462047577,tiny::SD15,,models/v2/clip_lora_fold1_best_v1.pt,models/v2/v2_10b_h2_balanced_logreg_fold1_v1.joblib
1,screenshot_strong,pilot_001204,0,0.07800664752721786,real::Tiny-GenImage,Tiny,models/v2/clip_lora_fold1_best_v1.pt,models/v2/v2_10b_h2_balanced_logreg_fold1_v1.joblib
1,screenshot_strong,pilot_001205,1,0.0384686179459095,tiny::ADM,,models/v2/clip_lora_fold1_best_v1.pt,models/v2/v2_10b_h2_balanced_logreg_fold1_v1.joblib
1,screenshot_strong,pilot_001213,1,0.051371946930885315,tiny::SD15,,models/v2/clip_lora_fold1_best_v1.pt,models/v2/v2_10b_h2_balanced_logreg_fold1_v1.joblib
1,screenshot_strong,pilot_001219,1,0.05541074648499489,tiny::ADM,,models/v2/clip_lora_fold1_best_v1.pt,models/v2/v2_10b_h2_balanced_logreg_fold1_v1.joblib
1,screenshot_strong,pilot_001227,1,0.18245293200016022,tiny::SD15,,models/v2/clip_lora_fold1_best_v1.pt,models/v2/v2_10b_h2_balanced_logreg_fold1_v1.joblib
1,screenshot_strong,pilot_001233,1,0.014805398881435394,tiny::ADM,,models/v2/clip_lora_fold1_best_v1.pt,models/v2/v2_10b_h2_balanced_logreg_fold1_v1.joblib
1,screenshot_strong,pilot_001241,1,0.06602706015110016,tiny::SD15,,models/v2/clip_lora_fold1_best_v1.pt,models/v2/v2_10b_h2_balanced_logreg_fold1_v1.joblib
1,screenshot_strong,pilot_001247,1,0.07352369278669357,tiny::ADM,,models/v2/clip_lora_fold1_best_v1.pt,models/v2/v2_10b_h2_balanced_logreg_fold1_v1.joblib
1,screenshot_strong,pilot_001255,1,0.1295265555381775,tiny::SD15,,models/v2/clip_lora_fold1_best_v1.pt,models/v2/v2_10b_h2_balanced_logreg_fold1_v1.joblib
1,screenshot_strong,pilot_001256,0,0.006721756886690855,real::Tiny-GenImage,Tiny,models/v2/clip_lora_fold1_best_v1.pt,models/v2/v2_10b_h2_balanced_logreg_fold1_v1.joblib
1,screenshot_strong,pilot_001261,1,0.06778164207935333,tiny::ADM,,models/v2/clip_lora_fold1_best_v1.pt,models/v2/v2_10b_h2_balanced_logreg_fold1_v1.joblib
1,screenshot_strong,pilot_001269,1,0.06300671398639679,tiny::SD15,,models/v2/clip_lora_fold1_best_v1.pt,models/v2/v2_10b_h2_balanced_logreg_fold1_v1.joblib
1,screenshot_strong,pilot_001275,1,0.398101806640625,tiny::ADM,,models/v2/clip_lora_fold1_best_v1.pt,models/v2/v2_10b_h2_balanced_logreg_fold1_v1.joblib
1,screenshot_strong,pilot_001283,1,0.03352092579007149,tiny::SD15,,models/v2/clip_lora_fold1_best_v1.pt,models/v2/v2_10b_h2_balanced_logreg_fold1_v1.joblib
1,screenshot_strong,pilot_001284,0,0.4001082181930542,real::Tiny-GenImage,Tiny,models/v2/clip_lora_fold1_best_v1.pt,models/v2/v2_10b_h2_balanced_logreg_fold1_v1.joblib
1,screenshot_strong,pilot_001289,1,0.17994554340839386,tiny::ADM,,models/v2/clip_lora_fold1_best_v1.pt,models/v2/v2_10b_h2_balanced_logreg_fold1_v1.joblib
1,screenshot_strong,pilot_001292,0,0.0973079651594162,real::Tiny-GenImage,Tiny,models/v2/clip_lora_fold1_best_v1.pt,models/v2/v2_10b_h2_balanced_logreg_fold1_v1.joblib
1,screenshot_strong,pilot_001297,1,0.25351840257644653,tiny::SD15,,models/v2/clip_lora_fold1_best_v1.pt,models/v2/v2_10b_h2_balanced_logreg_fold1_v1.joblib
1,screenshot_strong,pilot_001303,1,0.09730358421802521,tiny::ADM,,models/v2/clip_lora_fold1_best_v1.pt,models/v2/v2_10b_h2_balanced_logreg_fold1_v1.joblib
1,screenshot_strong,pilot_001311,1,0.2541463077068329,tiny::SD15,,models/v2/clip_lora_fold1_best_v1.pt,models/v2/v2_10b_h2_balanced_logreg_fold1_v1.joblib
1,screenshot_strong,pilot_001317,1,0.3115416169166565,tiny::ADM,,models/v2/clip_lora_fold1_best_v1.pt,models/v2/v2_10b_h2_balanced_logreg_fold1_v1.joblib
1,screenshot_strong,pilot_001325,1,0.14239338040351868,tiny::SD15,,models/v2/clip_lora_fold1_best_v1.pt,models/v2/v2_10b_h2_balanced_logreg_fold1_v1.joblib
1,screenshot_strong,pilot_001331,1,0.17391355335712433,tiny::ADM,,models/v2/clip_lora_fold1_best_v1.pt,models/v2/v2_10b_h2_balanced_logreg_fold1_v1.joblib
1,screenshot_strong,pilot_001339,1,0.2535270154476166,tiny::SD15,,models/v2/clip_lora_fold1_best_v1.pt,models/v2/v2_10b_h2_balanced_logreg_fold1_v1.joblib
1,screenshot_strong,pilot_001345,1,0.18798285722732544,tiny::ADM,,models/v2/clip_lora_fold1_best_v1.pt,models/v2/v2_10b_h2_balanced_logreg_fold1_v1.joblib
1,screenshot_strong,pilot_001353,1,0.15888816118240356,tiny::SD15,,models/v2/clip_lora_fold1_best_v1.pt,models/v2/v2_10b_h2_balanced_logreg_fold1_v1.joblib
1,screenshot_strong,pilot_001359,1,0.04138445109128952,tiny::ADM,,models/v2/clip_lora_fold1_best_v1.pt,models/v2/v2_10b_h2_balanced_logreg_fold1_v1.joblib
1,screenshot_strong,pilot_001367,1,0.5282528400421143,tiny::SD15,,models/v2/clip_lora_fold1_best_v1.pt,models/v2/v2_10b_h2_balanced_logreg_fold1_v1.joblib
1,screenshot_strong,pilot_001373,1,0.10522479563951492,tiny::ADM,,models/v2/clip_lora_fold1_best_v1.pt,models/v2/v2_10b_h2_balanced_logreg_fold1_v1.joblib
1,screenshot_strong,pilot_001381,1,0.1581791192293167,tiny::SD15,,models/v2/clip_lora_fold1_best_v1.pt,models/v2/v2_10b_h2_balanced_logreg_fold1_v1.joblib
1,screenshot_strong,pilot_001386,0,0.04846654087305069,real::Tiny-GenImage,Tiny,models/v2/clip_lora_fold1_best_v1.pt,models/v2/v2_10b_h2_balanced_logreg_fold1_v1.joblib
1,screenshot_strong,pilot_001387,1,0.02750280499458313,tiny::ADM,,models/v2/clip_lora_fold1_best_v1.pt,models/v2/v2_10b_h2_balanced_logreg_fold1_v1.joblib
1,screenshot_strong,pilot_001390,0,0.09643407166004181,real::Tiny-GenImage,Tiny,models/v2/clip_lora_fold1_best_v1.pt,models/v2/v2_10b_h2_balanced_logreg_fold1_v1.joblib
1,screenshot_strong,pilot_001392,0,0.1897883415222168,real::Tiny-GenImage,Tiny,models/v2/clip_lora_fold1_best_v1.pt,models/v2/v2_10b_h2_balanced_logreg_fold1_v1.joblib
1,screenshot_strong,pilot_001395,1,0.27579930424690247,tiny::SD15,,models/v2/clip_lora_fold1_best_v1.pt,models/v2/v2_10b_h2_balanced_logreg_fold1_v1.joblib
1,screenshot_strong,pilot_001400,0,0.04350169375538826,real::Tiny-GenImage,Tiny,models/v2/clip_lora_fold1_best_v1.pt,models/v2/v2_10b_h2_balanced_logreg_fold1_v1.joblib
1,screenshot_strong,pilot_001401,1,0.054453734308481216,tiny::ADM,,models/v2/clip_lora_fold1_best_v1.pt,models/v2/v2_10b_h2_balanced_logreg_fold1_v1.joblib
1,screenshot_strong,pilot_001409,1,0.044353146106004715,tiny::SD15,,models/v2/clip_lora_fold1_best_v1.pt,models/v2/v2_10b_h2_balanced_logreg_fold1_v1.joblib
1,screenshot_strong,pilot_001410,0,0.27472081780433655,real::Tiny-GenImage,Tiny,models/v2/clip_lora_fold1_best_v1.pt,models/v2/v2_10b_h2_balanced_logreg_fold1_v1.joblib
1,screenshot_strong,pilot_001415,1,0.10547556728124619,tiny::ADM,,models/v2/clip_lora_fold1_best_v1.pt,models/v2/v2_10b_h2_balanced_logreg_fold1_v1.joblib
1,screenshot_strong,pilot_001422,0,0.059059251099824905,real::Tiny-GenImage,Tiny,models/v2/clip_lora_fold1_best_v1.pt,models/v2/v2_10b_h2_balanced_logreg_fold1_v1.joblib
1,screenshot_strong,pilot_001423,1,0.17860516905784607,tiny::SD15,,models/v2/clip_lora_fold1_best_v1.pt,models/v2/v2_10b_h2_balanced_logreg_fold1_v1.joblib
1,screenshot_strong,pilot_001424,0,0.06278841197490692,real::Tiny-GenImage,Tiny,models/v2/clip_lora_fold1_best_v1.pt,models/v2/v2_10b_h2_balanced_logreg_fold1_v1.joblib
1,screenshot_strong,pilot_001429,1,0.020005498081445694,tiny::ADM,,models/v2/clip_lora_fold1_best_v1.pt,models/v2/v2_10b_h2_balanced_logreg_fold1_v1.joblib
1,screenshot_strong,pilot_001437,1,0.20339244604110718,tiny::SD15,,models/v2/clip_lora_fold1_best_v1.pt,models/v2/v2_10b_h2_balanced_logreg_fold1_v1.joblib
1,screenshot_strong,pilot_001443,1,0.018820133060216904,tiny::ADM,,models/v2/clip_lora_fold1_best_v1.pt,models/v2/v2_10b_h2_balanced_logreg_fold1_v1.joblib
1,screenshot_strong,pilot_001446,0,0.02696644514799118,real::Tiny-GenImage,Tiny,models/v2/clip_lora_fold1_best_v1.pt,models/v2/v2_10b_h2_balanced_logreg_fold1_v1.joblib
1,screenshot_strong,pilot_001448,0,0.005116420332342386,real::Tiny-GenImage,Tiny,models/v2/clip_lora_fold1_best_v1.pt,models/v2/v2_10b_h2_balanced_logreg_fold1_v1.joblib
1,screenshot_strong,pilot_001451,1,0.4281574487686157,tiny::SD15,,models/v2/clip_lora_fold1_best_v1.pt,models/v2/v2_10b_h2_balanced_logreg_fold1_v1.joblib
1,screenshot_strong,pilot_001457,1,0.021803753450512886,tiny::ADM,,models/v2/clip_lora_fold1_best_v1.pt,models/v2/v2_10b_h2_balanced_logreg_fold1_v1.joblib
1,screenshot_strong,pilot_001465,1,0.011997693218290806,tiny::SD15,,models/v2/clip_lora_fold1_best_v1.pt,models/v2/v2_10b_h2_balanced_logreg_fold1_v1.joblib
1,screenshot_strong,pilot_001471,1,0.014992437325417995,tiny::ADM,,models/v2/clip_lora_fold1_best_v1.pt,models/v2/v2_10b_h2_balanced_logreg_fold1_v1.joblib
1,screenshot_strong,pilot_001472,0,0.024339361116290092,real::Tiny-GenImage,Tiny,models/v2/clip_lora_fold1_best_v1.pt,models/v2/v2_10b_h2_balanced_logreg_fold1_v1.joblib
1,screenshot_strong,pilot_001479,1,0.06869564950466156,tiny::SD15,,models/v2/clip_lora_fold1_best_v1.pt,models/v2/v2_10b_h2_balanced_logreg_fold1_v1.joblib
1,screenshot_strong,pilot_001485,1,0.03160981088876724,tiny::ADM,,models/v2/clip_lora_fold1_best_v1.pt,models/v2/v2_10b_h2_balanced_logreg_fold1_v1.joblib
1,screenshot_strong,pilot_001493,1,0.06968741118907928,tiny::SD15,,models/v2/clip_lora_fold1_best_v1.pt,models/v2/v2_10b_h2_balanced_logreg_fold1_v1.joblib
1,screenshot_strong,pilot_001499,1,0.06726580858230591,tiny::ADM,,models/v2/clip_lora_fold1_best_v1.pt,models/v2/v2_10b_h2_balanced_logreg_fold1_v1.joblib
1,screenshot_strong,pilot_001507,1,0.042671240866184235,tiny::SD15,,models/v2/clip_lora_fold1_best_v1.pt,models/v2/v2_10b_h2_balanced_logreg_fold1_v1.joblib
1,screenshot_strong,pilot_001513,1,0.0357910618185997,tiny::ADM,,models/v2/clip_lora_fold1_best_v1.pt,models/v2/v2_10b_h2_balanced_logreg_fold1_v1.joblib
1,screenshot_strong,pilot_001518,0,0.0919686108827591,real::Tiny-GenImage,Tiny,models/v2/clip_lora_fold1_best_v1.pt,models/v2/v2_10b_h2_balanced_logreg_fold1_v1.joblib
1,screenshot_strong,pilot_001521,1,0.23022106289863586,tiny::SD15,,models/v2/clip_lora_fold1_best_v1.pt,models/v2/v2_10b_h2_balanced_logreg_fold1_v1.joblib
1,screenshot_strong,pilot_001527,1,0.022413678467273712,tiny::ADM,,models/v2/clip_lora_fold1_best_v1.pt,models/v2/v2_10b_h2_balanced_logreg_fold1_v1.joblib
1,screenshot_strong,pilot_001535,1,0.021935496479272842,tiny::SD15,,models/v2/clip_lora_fold1_best_v1.pt,models/v2/v2_10b_h2_balanced_logreg_fold1_v1.joblib
1,screenshot_strong,pilot_001536,0,0.015982795506715775,real::Tiny-GenImage,Tiny,models/v2/clip_lora_fold1_best_v1.pt,models/v2/v2_10b_h2_balanced_logreg_fold1_v1.joblib
1,screenshot_strong,pilot_001541,1,0.017338009551167488,tiny::ADM,,models/v2/clip_lora_fold1_best_v1.pt,models/v2/v2_10b_h2_balanced_logreg_fold1_v1.joblib
1,screenshot_strong,pilot_001544,0,0.15499114990234375,real::Tiny-GenImage,Tiny,models/v2/clip_lora_fold1_best_v1.pt,models/v2/v2_10b_h2_balanced_logreg_fold1_v1.joblib
1,screenshot_strong,pilot_001549,1,0.06418833881616592,tiny::SD15,,models/v2/clip_lora_fold1_best_v1.pt,models/v2/v2_10b_h2_balanced_logreg_fold1_v1.joblib
1,screenshot_strong,pilot_001555,1,0.03755364567041397,tiny::ADM,,models/v2/clip_lora_fold1_best_v1.pt,models/v2/v2_10b_h2_balanced_logreg_fold1_v1.joblib
1,screenshot_strong,pilot_001563,1,0.22358088195323944,tiny::SD15,,models/v2/clip_lora_fold1_best_v1.pt,models/v2/v2_10b_h2_balanced_logreg_fold1_v1.joblib
1,screenshot_strong,pilot_001566,0,0.047275640070438385,real::Tiny-GenImage,Tiny,models/v2/clip_lora_fold1_best_v1.pt,models/v2/v2_10b_h2_balanced_logreg_fold1_v1.joblib
1,screenshot_strong,pilot_001569,1,0.14939650893211365,tiny::ADM,,models/v2/clip_lora_fold1_best_v1.pt,models/v2/v2_10b_h2_balanced_logreg_fold1_v1.joblib
1,screenshot_strong,pilot_001574,0,0.07110046595335007,real::Tiny-GenImage,Tiny,models/v2/clip_lora_fold1_best_v1.pt,models/v2/v2_10b_h2_balanced_logreg_fold1_v1.joblib
1,screenshot_strong,pilot_001577,1,0.39809995889663696,tiny::SD15,,models/v2/clip_lora_fold1_best_v1.pt,models/v2/v2_10b_h2_balanced_logreg_fold1_v1.joblib
1,screenshot_strong,pilot_001583,1,0.012481898069381714,tiny::ADM,,models/v2/clip_lora_fold1_best_v1.pt,models/v2/v2_10b_h2_balanced_logreg_fold1_v1.joblib
1,screenshot_strong,pilot_001591,1,0.2223137468099594,tiny::SD15,,models/v2/clip_lora_fold1_best_v1.pt,models/v2/v2_10b_h2_balanced_logreg_fold1_v1.joblib
1,screenshot_strong,pilot_001592,0,0.03180011734366417,real::Tiny-GenImage,Tiny,models/v2/clip_lora_fold1_best_v1.pt,models/v2/v2_10b_h2_balanced_logreg_fold1_v1.joblib
1,screenshot_strong,pilot_001597,1,0.04547573998570442,tiny::ADM,,models/v2/clip_lora_fold1_best_v1.pt,models/v2/v2_10b_h2_balanced_logreg_fold1_v1.joblib
1,screenshot_strong,pilot_001605,1,0.05352048948407173,tiny::SD15,,models/v2/clip_lora_fold1_best_v1.pt,models/v2/v2_10b_h2_balanced_logreg_fold1_v1.joblib
1,screenshot_strong,pilot_001611,1,0.0747666284441948,tiny::ADM,,models/v2/clip_lora_fold1_best_v1.pt,models/v2/v2_10b_h2_balanced_logreg_fold1_v1.joblib
1,screenshot_strong,pilot_001618,0,0.1338888257741928,real::Tiny-GenImage,Tiny,models/v2/clip_lora_fold1_best_v1.pt,models/v2/v2_10b_h2_balanced_logreg_fold1_v1.joblib
1,screenshot_strong,pilot_001619,1,0.09799827635288239,tiny::SD15,,models/v2/clip_lora_fold1_best_v1.pt,models/v2/v2_10b_h2_balanced_logreg_fold1_v1.joblib
1,screenshot_strong,pilot_001625,1,0.07904141396284103,tiny::ADM,,models/v2/clip_lora_fold1_best_v1.pt,models/v2/v2_10b_h2_balanced_logreg_fold1_v1.joblib
1,screenshot_strong,pilot_001626,0,0.01961612142622471,real::Tiny-GenImage,Tiny,models/v2/clip_lora_fold1_best_v1.pt,models/v2/v2_10b_h2_balanced_logreg_fold1_v1.joblib
1,screenshot_strong,pilot_001630,0,0.31388363242149353,real::Tiny-GenImage,Tiny,models/v2/clip_lora_fold1_best_v1.pt,models/v2/v2_10b_h2_balanced_logreg_fold1_v1.joblib
1,screenshot_strong,pilot_001633,1,0.0657123252749443,tiny::SD15,,models/v2/clip_lora_fold1_best_v1.pt,models/v2/v2_10b_h2_balanced_logreg_fold1_v1.joblib
1,screenshot_strong,pilot_001634,0,0.026532748714089394,real::Tiny-GenImage,Tiny,models/v2/clip_lora_fold1_best_v1.pt,models/v2/v2_10b_h2_balanced_logreg_fold1_v1.joblib
1,screenshot_strong,pilot_001636,0,0.007761821616441011,real::Tiny-GenImage,Tiny,models/v2/clip_lora_fold1_best_v1.pt,models/v2/v2_10b_h2_balanced_logreg_fold1_v1.joblib
1,screenshot_strong,pilot_001639,1,0.059692464768886566,tiny::ADM,,models/v2/clip_lora_fold1_best_v1.pt,models/v2/v2_10b_h2_balanced_logreg_fold1_v1.joblib
1,screenshot_strong,pilot_001640,0,0.007250702939927578,real::Tiny-GenImage,Tiny,models/v2/clip_lora_fold1_best_v1.pt,models/v2/v2_10b_h2_balanced_logreg_fold1_v1.joblib
1,screenshot_strong,pilot_001647,1,0.35429418087005615,tiny::SD15,,models/v2/clip_lora_fold1_best_v1.pt,models/v2/v2_10b_h2_balanced_logreg_fold1_v1.joblib
1,screenshot_strong,pilot_001653,1,0.05728950351476669,tiny::ADM,,models/v2/clip_lora_fold1_best_v1.pt,models/v2/v2_10b_h2_balanced_logreg_fold1_v1.joblib
1,screenshot_strong,pilot_001654,0,0.007131061051040888,real::Tiny-GenImage,Tiny,models/v2/clip_lora_fold1_best_v1.pt,models/v2/v2_10b_h2_balanced_logreg_fold1_v1.joblib
1,screenshot_strong,pilot_001661,1,0.1873301863670349,tiny::SD15,,models/v2/clip_lora_fold1_best_v1.pt,models/v2/v2_10b_h2_balanced_logreg_fold1_v1.joblib
1,screenshot_strong,pilot_001666,0,0.1685216724872589,real::Tiny-GenImage,Tiny,models/v2/clip_lora_fold1_best_v1.pt,models/v2/v2_10b_h2_balanced_logreg_fold1_v1.joblib
1,screenshot_strong,pilot_001667,1,0.030257560312747955,tiny::ADM,,models/v2/clip_lora_fold1_best_v1.pt,models/v2/v2_10b_h2_balanced_logreg_fold1_v1.joblib
1,screenshot_strong,pilot_001672,0,0.015679683536291122,real::Tiny-GenImage,Tiny,models/v2/clip_lora_fold1_best_v1.pt,models/v2/v2_10b_h2_balanced_logreg_fold1_v1.joblib
1,screenshot_strong,pilot_001674,0,0.011026537045836449,real::Tiny-GenImage,Tiny,models/v2/clip_lora_fold1_best_v1.pt,models/v2/v2_10b_h2_balanced_logreg_fold1_v1.joblib
1,screenshot_strong,pilot_001675,1,0.023647097870707512,tiny::SD15,,models/v2/clip_lora_fold1_best_v1.pt,models/v2/v2_10b_h2_balanced_logreg_fold1_v1.joblib
1,screenshot_strong,pilot_001681,1,0.02337604947388172,tiny::ADM,,models/v2/clip_lora_fold1_best_v1.pt,models/v2/v2_10b_h2_balanced_logreg_fold1_v1.joblib
1,screenshot_strong,pilot_001688,0,0.061224766075611115,real::Tiny-GenImage,Tiny,models/v2/clip_lora_fold1_best_v1.pt,models/v2/v2_10b_h2_balanced_logreg_fold1_v1.joblib
1,screenshot_strong,pilot_001689,1,0.10363688319921494,tiny::SD15,,models/v2/clip_lora_fold1_best_v1.pt,models/v2/v2_10b_h2_balanced_logreg_fold1_v1.joblib
1,screenshot_strong,pilot_001692,0,0.09515661001205444,real::Tiny-GenImage,Tiny,models/v2/clip_lora_fold1_best_v1.pt,models/v2/v2_10b_h2_balanced_logreg_fold1_v1.joblib
1,screenshot_strong,pilot_001695,1,0.024096457287669182,tiny::ADM,,models/v2/clip_lora_fold1_best_v1.pt,models/v2/v2_10b_h2_balanced_logreg_fold1_v1.joblib
1,screenshot_strong,pilot_001703,1,0.24392414093017578,tiny::SD15,,models/v2/clip_lora_fold1_best_v1.pt,models/v2/v2_10b_h2_balanced_logreg_fold1_v1.joblib
1,screenshot_strong,pilot_001709,1,0.055398885160684586,tiny::ADM,,models/v2/clip_lora_fold1_best_v1.pt,models/v2/v2_10b_h2_balanced_logreg_fold1_v1.joblib
1,screenshot_strong,pilot_001717,1,0.5527811646461487,tiny::SD15,,models/v2/clip_lora_fold1_best_v1.pt,models/v2/v2_10b_h2_balanced_logreg_fold1_v1.joblib
1,screenshot_strong,pilot_001723,1,0.15180569887161255,tiny::ADM,,models/v2/clip_lora_fold1_best_v1.pt,models/v2/v2_10b_h2_balanced_logreg_fold1_v1.joblib
1,screenshot_strong,pilot_001731,1,0.06188998371362686,tiny::SD15,,models/v2/clip_lora_fold1_best_v1.pt,models/v2/v2_10b_h2_balanced_logreg_fold1_v1.joblib
1,screenshot_strong,pilot_001734,0,0.04868357256054878,real::Tiny-GenImage,Tiny,models/v2/clip_lora_fold1_best_v1.pt,models/v2/v2_10b_h2_balanced_logreg_fold1_v1.joblib
1,screenshot_strong,pilot_001737,1,0.11813796311616898,tiny::ADM,,models/v2/clip_lora_fold1_best_v1.pt,models/v2/v2_10b_h2_balanced_logreg_fold1_v1.joblib
1,screenshot_strong,pilot_001744,0,0.5242801308631897,real::Tiny-GenImage,Tiny,models/v2/clip_lora_fold1_best_v1.pt,models/v2/v2_10b_h2_balanced_logreg_fold1_v1.joblib
1,screenshot_strong,pilot_001745,1,0.036247722804546356,tiny::SD15,,models/v2/clip_lora_fold1_best_v1.pt,models/v2/v2_10b_h2_balanced_logreg_fold1_v1.joblib
1,screenshot_strong,pilot_001751,1,0.01692316122353077,tiny::ADM,,models/v2/clip_lora_fold1_best_v1.pt,models/v2/v2_10b_h2_balanced_logreg_fold1_v1.joblib
1,screenshot_strong,pilot_001759,1,0.03131934627890587,tiny::SD15,,models/v2/clip_lora_fold1_best_v1.pt,models/v2/v2_10b_h2_balanced_logreg_fold1_v1.joblib
1,screenshot_strong,pilot_001765,1,0.15656185150146484,tiny::ADM,,models/v2/clip_lora_fold1_best_v1.pt,models/v2/v2_10b_h2_balanced_logreg_fold1_v1.joblib
1,screenshot_strong,pilot_001773,1,0.09820783883333206,tiny::SD15,,models/v2/clip_lora_fold1_best_v1.pt,models/v2/v2_10b_h2_balanced_logreg_fold1_v1.joblib
1,screenshot_strong,pilot_001779,1,0.07956144213676453,tiny::ADM,,models/v2/clip_lora_fold1_best_v1.pt,models/v2/v2_10b_h2_balanced_logreg_fold1_v1.joblib
1,screenshot_strong,pilot_001782,0,0.18933717906475067,real::Tiny-GenImage,Tiny,models/v2/clip_lora_fold1_best_v1.pt,models/v2/v2_10b_h2_balanced_logreg_fold1_v1.joblib
1,screenshot_strong,pilot_001787,1,0.1598963886499405,tiny::SD15,,models/v2/clip_lora_fold1_best_v1.pt,models/v2/v2_10b_h2_balanced_logreg_fold1_v1.joblib
1,screenshot_strong,pilot_001793,1,0.043960124254226685,tiny::ADM,,models/v2/clip_lora_fold1_best_v1.pt,models/v2/v2_10b_h2_balanced_logreg_fold1_v1.joblib
1,screenshot_strong,pilot_001798,0,0.10666003823280334,real::Tiny-GenImage,Tiny,models/v2/clip_lora_fold1_best_v1.pt,models/v2/v2_10b_h2_balanced_logreg_fold1_v1.joblib
1,screenshot_strong,pilot_001801,1,0.0681215301156044,tiny::SD15,,models/v2/clip_lora_fold1_best_v1.pt,models/v2/v2_10b_h2_balanced_logreg_fold1_v1.joblib
1,screenshot_strong,pilot_001807,1,0.05764159560203552,tiny::ADM,,models/v2/clip_lora_fold1_best_v1.pt,models/v2/v2_10b_h2_balanced_logreg_fold1_v1.joblib
1,screenshot_strong,pilot_001812,0,0.04194237291812897,real::Tiny-GenImage,Tiny,models/v2/clip_lora_fold1_best_v1.pt,models/v2/v2_10b_h2_balanced_logreg_fold1_v1.joblib
1,screenshot_strong,pilot_001815,1,0.06330811232328415,tiny::SD15,,models/v2/clip_lora_fold1_best_v1.pt,models/v2/v2_10b_h2_balanced_logreg_fold1_v1.joblib
1,screenshot_strong,pilot_001821,1,0.03031238541007042,tiny::ADM,,models/v2/clip_lora_fold1_best_v1.pt,models/v2/v2_10b_h2_balanced_logreg_fold1_v1.joblib
1,screenshot_strong,pilot_001828,0,0.053168535232543945,real::Tiny-GenImage,Tiny,models/v2/clip_lora_fold1_best_v1.pt,models/v2/v2_10b_h2_balanced_logreg_fold1_v1.joblib
1,screenshot_strong,pilot_001829,1,0.08200103044509888,tiny::SD15,,models/v2/clip_lora_fold1_best_v1.pt,models/v2/v2_10b_h2_balanced_logreg_fold1_v1.joblib
1,screenshot_strong,pilot_001835,1,0.08351583778858185,tiny::ADM,,models/v2/clip_lora_fold1_best_v1.pt,models/v2/v2_10b_h2_balanced_logreg_fold1_v1.joblib
1,screenshot_strong,pilot_001843,1,0.07825122773647308,tiny::SD15,,models/v2/clip_lora_fold1_best_v1.pt,models/v2/v2_10b_h2_balanced_logreg_fold1_v1.joblib
1,screenshot_strong,pilot_001849,1,0.0740734115242958,tiny::ADM,,models/v2/clip_lora_fold1_best_v1.pt,models/v2/v2_10b_h2_balanced_logreg_fold1_v1.joblib
1,screenshot_strong,pilot_001857,1,0.1449117511510849,tiny::SD15,,models/v2/clip_lora_fold1_best_v1.pt,models/v2/v2_10b_h2_balanced_logreg_fold1_v1.joblib
1,screenshot_strong,pilot_001863,1,0.04384276643395424,tiny::ADM,,models/v2/clip_lora_fold1_best_v1.pt,models/v2/v2_10b_h2_balanced_logreg_fold1_v1.joblib
1,screenshot_strong,pilot_001871,1,0.13907669484615326,tiny::SD15,,models/v2/clip_lora_fold1_best_v1.pt,models/v2/v2_10b_h2_balanced_logreg_fold1_v1.joblib
1,screenshot_strong,pilot_001877,1,0.03268594667315483,tiny::ADM,,models/v2/clip_lora_fold1_best_v1.pt,models/v2/v2_10b_h2_balanced_logreg_fold1_v1.joblib
1,screenshot_strong,pilot_001878,0,0.3423915207386017,real::Tiny-GenImage,Tiny,models/v2/clip_lora_fold1_best_v1.pt,models/v2/v2_10b_h2_balanced_logreg_fold1_v1.joblib
1,screenshot_strong,pilot_001885,1,0.22662247717380524,tiny::SD15,,models/v2/clip_lora_fold1_best_v1.pt,models/v2/v2_10b_h2_balanced_logreg_fold1_v1.joblib
1,screenshot_strong,pilot_001886,0,0.22865065932273865,real::Tiny-GenImage,Tiny,models/v2/clip_lora_fold1_best_v1.pt,models/v2/v2_10b_h2_balanced_logreg_fold1_v1.joblib
1,screenshot_strong,pilot_001891,1,0.12028592824935913,tiny::ADM,,models/v2/clip_lora_fold1_best_v1.pt,models/v2/v2_10b_h2_balanced_logreg_fold1_v1.joblib
1,screenshot_strong,pilot_001899,1,0.1243346780538559,tiny::SD15,,models/v2/clip_lora_fold1_best_v1.pt,models/v2/v2_10b_h2_balanced_logreg_fold1_v1.joblib
1,screenshot_strong,pilot_001905,1,0.03786670044064522,tiny::ADM,,models/v2/clip_lora_fold1_best_v1.pt,models/v2/v2_10b_h2_balanced_logreg_fold1_v1.joblib
1,screenshot_strong,pilot_001913,1,0.12182646989822388,tiny::SD15,,models/v2/clip_lora_fold1_best_v1.pt,models/v2/v2_10b_h2_balanced_logreg_fold1_v1.joblib
1,screenshot_strong,pilot_001919,1,0.010593289509415627,tiny::ADM,,models/v2/clip_lora_fold1_best_v1.pt,models/v2/v2_10b_h2_balanced_logreg_fold1_v1.joblib
1,screenshot_strong,pilot_001927,1,0.08537784218788147,tiny::SD15,,models/v2/clip_lora_fold1_best_v1.pt,models/v2/v2_10b_h2_balanced_logreg_fold1_v1.joblib
1,screenshot_strong,pilot_001933,1,0.06276579946279526,tiny::ADM,,models/v2/clip_lora_fold1_best_v1.pt,models/v2/v2_10b_h2_balanced_logreg_fold1_v1.joblib
1,screenshot_strong,pilot_001941,1,0.2750200629234314,tiny::SD15,,models/v2/clip_lora_fold1_best_v1.pt,models/v2/v2_10b_h2_balanced_logreg_fold1_v1.joblib
1,screenshot_strong,pilot_001947,1,0.07527870684862137,tiny::ADM,,models/v2/clip_lora_fold1_best_v1.pt,models/v2/v2_10b_h2_balanced_logreg_fold1_v1.joblib
1,screenshot_strong,pilot_001950,0,0.0852980762720108,real::Tiny-GenImage,Tiny,models/v2/clip_lora_fold1_best_v1.pt,models/v2/v2_10b_h2_balanced_logreg_fold1_v1.joblib
1,screenshot_strong,pilot_001954,0,0.02467869408428669,real::Tiny-GenImage,Tiny,models/v2/clip_lora_fold1_best_v1.pt,models/v2/v2_10b_h2_balanced_logreg_fold1_v1.joblib
1,screenshot_strong,pilot_001955,1,0.25170955061912537,tiny::SD15,,models/v2/clip_lora_fold1_best_v1.pt,models/v2/v2_10b_h2_balanced_logreg_fold1_v1.joblib
1,screenshot_strong,pilot_001961,1,0.045833785086870193,tiny::ADM,,models/v2/clip_lora_fold1_best_v1.pt,models/v2/v2_10b_h2_balanced_logreg_fold1_v1.joblib
1,screenshot_strong,pilot_001969,1,0.49516984820365906,tiny::SD15,,models/v2/clip_lora_fold1_best_v1.pt,models/v2/v2_10b_h2_balanced_logreg_fold1_v1.joblib
1,screenshot_strong,pilot_001975,1,0.2027965486049652,tiny::ADM,,models/v2/clip_lora_fold1_best_v1.pt,models/v2/v2_10b_h2_balanced_logreg_fold1_v1.joblib
1,screenshot_strong,pilot_001976,0,0.041352279484272,real::Tiny-GenImage,Tiny,models/v2/clip_lora_fold1_best_v1.pt,models/v2/v2_10b_h2_balanced_logreg_fold1_v1.joblib
1,screenshot_strong,pilot_001983,1,0.11964721977710724,tiny::SD15,,models/v2/clip_lora_fold1_best_v1.pt,models/v2/v2_10b_h2_balanced_logreg_fold1_v1.joblib
1,screenshot_strong,pilot_001989,1,0.06035948172211647,tiny::ADM,,models/v2/clip_lora_fold1_best_v1.pt,models/v2/v2_10b_h2_balanced_logreg_fold1_v1.joblib
1,screenshot_strong,pilot_001997,1,0.1896304339170456,tiny::SD15,,models/v2/clip_lora_fold1_best_v1.pt,models/v2/v2_10b_h2_balanced_logreg_fold1_v1.joblib
1,screenshot_strong,pilot_002003,1,0.018976740539073944,tiny::ADM,,models/v2/clip_lora_fold1_best_v1.pt,models/v2/v2_10b_h2_balanced_logreg_fold1_v1.joblib
1,screenshot_strong,pilot_002011,1,0.10844531655311584,tiny::SD15,,models/v2/clip_lora_fold1_best_v1.pt,models/v2/v2_10b_h2_balanced_logreg_fold1_v1.joblib
1,screenshot_strong,pilot_002017,1,0.1636548638343811,tiny::ADM,,models/v2/clip_lora_fold1_best_v1.pt,models/v2/v2_10b_h2_balanced_logreg_fold1_v1.joblib
1,screenshot_strong,pilot_002024,0,0.032509561628103256,real::Tiny-GenImage,Tiny,models/v2/clip_lora_fold1_best_v1.pt,models/v2/v2_10b_h2_balanced_logreg_fold1_v1.joblib
1,screenshot_strong,pilot_002025,1,0.12237001955509186,tiny::SD15,,models/v2/clip_lora_fold1_best_v1.pt,models/v2/v2_10b_h2_balanced_logreg_fold1_v1.joblib
1,screenshot_strong,pilot_002031,1,0.12139522284269333,tiny::ADM,,models/v2/clip_lora_fold1_best_v1.pt,models/v2/v2_10b_h2_balanced_logreg_fold1_v1.joblib
1,screenshot_strong,pilot_002039,1,0.036132849752902985,tiny::SD15,,models/v2/clip_lora_fold1_best_v1.pt,models/v2/v2_10b_h2_balanced_logreg_fold1_v1.joblib
1,screenshot_strong,pilot_002042,0,0.043038103729486465,real::Tiny-GenImage,Tiny,models/v2/clip_lora_fold1_best_v1.pt,models/v2/v2_10b_h2_balanced_logreg_fold1_v1.joblib
1,screenshot_strong,pilot_002045,1,0.3472552001476288,tiny::ADM,,models/v2/clip_lora_fold1_best_v1.pt,models/v2/v2_10b_h2_balanced_logreg_fold1_v1.joblib
1,screenshot_strong,pilot_002053,1,0.3851877748966217,tiny::SD15,,models/v2/clip_lora_fold1_best_v1.pt,models/v2/v2_10b_h2_balanced_logreg_fold1_v1.joblib
1,screenshot_strong,pilot_002059,1,0.6457917094230652,tiny::ADM,,models/v2/clip_lora_fold1_best_v1.pt,models/v2/v2_10b_h2_balanced_logreg_fold1_v1.joblib
1,screenshot_strong,pilot_002067,1,0.1054888665676117,tiny::SD15,,models/v2/clip_lora_fold1_best_v1.pt,models/v2/v2_10b_h2_balanced_logreg_fold1_v1.joblib
1,screenshot_strong,pilot_002072,0,0.2896076440811157,real::Tiny-GenImage,Tiny,models/v2/clip_lora_fold1_best_v1.pt,models/v2/v2_10b_h2_balanced_logreg_fold1_v1.joblib
1,screenshot_strong,pilot_002073,1,0.043392788618803024,tiny::ADM,,models/v2/clip_lora_fold1_best_v1.pt,models/v2/v2_10b_h2_balanced_logreg_fold1_v1.joblib
1,screenshot_strong,pilot_002081,1,0.07241710275411606,tiny::SD15,,models/v2/clip_lora_fold1_best_v1.pt,models/v2/v2_10b_h2_balanced_logreg_fold1_v1.joblib
1,screenshot_strong,pilot_002082,0,0.022378986701369286,real::Tiny-GenImage,Tiny,models/v2/clip_lora_fold1_best_v1.pt,models/v2/v2_10b_h2_balanced_logreg_fold1_v1.joblib
1,screenshot_strong,pilot_002087,1,0.05878155678510666,tiny::ADM,,models/v2/clip_lora_fold1_best_v1.pt,models/v2/v2_10b_h2_balanced_logreg_fold1_v1.joblib
1,screenshot_strong,pilot_002090,0,0.06917785853147507,real::Tiny-GenImage,Tiny,models/v2/clip_lora_fold1_best_v1.pt,models/v2/v2_10b_h2_balanced_logreg_fold1_v1.joblib
1,screenshot_strong,pilot_002095,1,0.07073471695184708,tiny::SD15,,models/v2/clip_lora_fold1_best_v1.pt,models/v2/v2_10b_h2_balanced_logreg_fold1_v1.joblib
1,screenshot_strong,pilot_002101,1,0.0730966329574585,tiny::ADM,,models/v2/clip_lora_fold1_best_v1.pt,models/v2/v2_10b_h2_balanced_logreg_fold1_v1.joblib
1,screenshot_strong,pilot_002102,0,0.34585195779800415,real::Tiny-GenImage,Tiny,models/v2/clip_lora_fold1_best_v1.pt,models/v2/v2_10b_h2_balanced_logreg_fold1_v1.joblib
1,screenshot_strong,pilot_002109,1,0.08415281772613525,tiny::SD15,,models/v2/clip_lora_fold1_best_v1.pt,models/v2/v2_10b_h2_balanced_logreg_fold1_v1.joblib
1,screenshot_strong,pilot_002112,0,0.009073445573449135,real::Tiny-GenImage,Tiny,models/v2/clip_lora_fold1_best_v1.pt,models/v2/v2_10b_h2_balanced_logreg_fold1_v1.joblib
1,screenshot_strong,pilot_002115,1,0.2513519823551178,tiny::ADM,,models/v2/clip_lora_fold1_best_v1.pt,models/v2/v2_10b_h2_balanced_logreg_fold1_v1.joblib
1,screenshot_strong,pilot_002122,0,0.03978057578206062,real::Tiny-GenImage,Tiny,models/v2/clip_lora_fold1_best_v1.pt,models/v2/v2_10b_h2_balanced_logreg_fold1_v1.joblib
1,screenshot_strong,pilot_002123,1,0.055064473301172256,tiny::SD15,,models/v2/clip_lora_fold1_best_v1.pt,models/v2/v2_10b_h2_balanced_logreg_fold1_v1.joblib
1,screenshot_strong,pilot_002128,0,0.0670393630862236,real::Tiny-GenImage,Tiny,models/v2/clip_lora_fold1_best_v1.pt,models/v2/v2_10b_h2_balanced_logreg_fold1_v1.joblib
1,screenshot_strong,pilot_002129,1,0.03086176887154579,tiny::ADM,,models/v2/clip_lora_fold1_best_v1.pt,models/v2/v2_10b_h2_balanced_logreg_fold1_v1.joblib
1,screenshot_strong,pilot_002137,1,0.32745376229286194,tiny::SD15,,models/v2/clip_lora_fold1_best_v1.pt,models/v2/v2_10b_h2_balanced_logreg_fold1_v1.joblib
1,screenshot_strong,pilot_002143,1,0.01961868442595005,tiny::ADM,,models/v2/clip_lora_fold1_best_v1.pt,models/v2/v2_10b_h2_balanced_logreg_fold1_v1.joblib
1,screenshot_strong,pilot_002151,1,0.19080466032028198,tiny::SD15,,models/v2/clip_lora_fold1_best_v1.pt,models/v2/v2_10b_h2_balanced_logreg_fold1_v1.joblib
1,screenshot_strong,pilot_002157,1,0.030875060707330704,tiny::ADM,,models/v2/clip_lora_fold1_best_v1.pt,models/v2/v2_10b_h2_balanced_logreg_fold1_v1.joblib
1,screenshot_strong,pilot_002165,1,0.07082196325063705,tiny::SD15,,models/v2/clip_lora_fold1_best_v1.pt,models/v2/v2_10b_h2_balanced_logreg_fold1_v1.joblib
1,screenshot_strong,pilot_002171,1,0.1695268154144287,tiny::ADM,,models/v2/clip_lora_fold1_best_v1.pt,models/v2/v2_10b_h2_balanced_logreg_fold1_v1.joblib
1,screenshot_strong,pilot_002179,1,0.2676709294319153,tiny::SD15,,models/v2/clip_lora_fold1_best_v1.pt,models/v2/v2_10b_h2_balanced_logreg_fold1_v1.joblib
1,screenshot_strong,pilot_002185,1,0.1079893559217453,tiny::ADM,,models/v2/clip_lora_fold1_best_v1.pt,models/v2/v2_10b_h2_balanced_logreg_fold1_v1.joblib
1,screenshot_strong,pilot_002193,1,0.06354092806577682,tiny::SD15,,models/v2/clip_lora_fold1_best_v1.pt,models/v2/v2_10b_h2_balanced_logreg_fold1_v1.joblib
1,screenshot_strong,pilot_002194,0,0.020441778004169464,real::Tiny-GenImage,Tiny,models/v2/clip_lora_fold1_best_v1.pt,models/v2/v2_10b_h2_balanced_logreg_fold1_v1.joblib
1,screenshot_strong,pilot_002199,1,0.04489723965525627,tiny::ADM,,models/v2/clip_lora_fold1_best_v1.pt,models/v2/v2_10b_h2_balanced_logreg_fold1_v1.joblib
1,screenshot_strong,pilot_002202,0,0.03954711928963661,real::Tiny-GenImage,Tiny,models/v2/clip_lora_fold1_best_v1.pt,models/v2/v2_10b_h2_balanced_logreg_fold1_v1.joblib
1,screenshot_strong,pilot_002207,1,0.18920770287513733,tiny::SD15,,models/v2/clip_lora_fold1_best_v1.pt,models/v2/v2_10b_h2_balanced_logreg_fold1_v1.joblib
1,screenshot_strong,pilot_002213,1,0.08757772296667099,tiny::ADM,,models/v2/clip_lora_fold1_best_v1.pt,models/v2/v2_10b_h2_balanced_logreg_fold1_v1.joblib
1,screenshot_strong,pilot_002221,1,0.15642939507961273,tiny::SD15,,models/v2/clip_lora_fold1_best_v1.pt,models/v2/v2_10b_h2_balanced_logreg_fold1_v1.joblib
1,screenshot_strong,pilot_002226,0,0.06463081389665604,real::Tiny-GenImage,Tiny,models/v2/clip_lora_fold1_best_v1.pt,models/v2/v2_10b_h2_balanced_logreg_fold1_v1.joblib
1,screenshot_strong,pilot_002227,1,0.019130276516079903,tiny::ADM,,models/v2/clip_lora_fold1_best_v1.pt,models/v2/v2_10b_h2_balanced_logreg_fold1_v1.joblib
1,screenshot_strong,pilot_002235,1,0.11181055009365082,tiny::SD15,,models/v2/clip_lora_fold1_best_v1.pt,models/v2/v2_10b_h2_balanced_logreg_fold1_v1.joblib
1,screenshot_strong,pilot_002241,1,0.029148252680897713,tiny::ADM,,models/v2/clip_lora_fold1_best_v1.pt,models/v2/v2_10b_h2_balanced_logreg_fold1_v1.joblib
1,screenshot_strong,pilot_002249,1,0.11579760164022446,tiny::SD15,,models/v2/clip_lora_fold1_best_v1.pt,models/v2/v2_10b_h2_balanced_logreg_fold1_v1.joblib
1,screenshot_strong,pilot_002250,0,0.025289516896009445,real::Tiny-GenImage,Tiny,models/v2/clip_lora_fold1_best_v1.pt,models/v2/v2_10b_h2_balanced_logreg_fold1_v1.joblib
1,screenshot_strong,pilot_002254,0,0.056040775030851364,real::Tiny-GenImage,Tiny,models/v2/clip_lora_fold1_best_v1.pt,models/v2/v2_10b_h2_balanced_logreg_fold1_v1.joblib
1,screenshot_strong,pilot_002255,1,0.0396314337849617,tiny::ADM,,models/v2/clip_lora_fold1_best_v1.pt,models/v2/v2_10b_h2_balanced_logreg_fold1_v1.joblib
1,screenshot_strong,pilot_002260,0,0.3391586244106293,real::Tiny-GenImage,Tiny,models/v2/clip_lora_fold1_best_v1.pt,models/v2/v2_10b_h2_balanced_logreg_fold1_v1.joblib
1,screenshot_strong,pilot_002263,1,0.025957537814974785,tiny::SD15,,models/v2/clip_lora_fold1_best_v1.pt,models/v2/v2_10b_h2_balanced_logreg_fold1_v1.joblib
1,screenshot_strong,pilot_002269,1,0.1010657250881195,tiny::ADM,,models/v2/clip_lora_fold1_best_v1.pt,models/v2/v2_10b_h2_balanced_logreg_fold1_v1.joblib
1,screenshot_strong,pilot_002270,0,0.041791606694459915,real::Tiny-GenImage,Tiny,models/v2/clip_lora_fold1_best_v1.pt,models/v2/v2_10b_h2_balanced_logreg_fold1_v1.joblib
1,screenshot_strong,pilot_002272,0,0.021373091265559196,real::Tiny-GenImage,Tiny,models/v2/clip_lora_fold1_best_v1.pt,models/v2/v2_10b_h2_balanced_logreg_fold1_v1.joblib
1,screenshot_strong,pilot_002277,1,0.04835933819413185,tiny::SD15,,models/v2/clip_lora_fold1_best_v1.pt,models/v2/v2_10b_h2_balanced_logreg_fold1_v1.joblib
1,screenshot_strong,pilot_002282,0,0.03898065537214279,real::Tiny-GenImage,Tiny,models/v2/clip_lora_fold1_best_v1.pt,models/v2/v2_10b_h2_balanced_logreg_fold1_v1.joblib
1,screenshot_strong,pilot_002283,1,0.013517828658223152,tiny::ADM,,models/v2/clip_lora_fold1_best_v1.pt,models/v2/v2_10b_h2_balanced_logreg_fold1_v1.joblib
1,screenshot_strong,pilot_002288,0,0.2047230303287506,real::Tiny-GenImage,Tiny,models/v2/clip_lora_fold1_best_v1.pt,models/v2/v2_10b_h2_balanced_logreg_fold1_v1.joblib
1,screenshot_strong,pilot_002290,0,0.21365979313850403,real::Tiny-GenImage,Tiny,models/v2/clip_lora_fold1_best_v1.pt,models/v2/v2_10b_h2_balanced_logreg_fold1_v1.joblib
1,screenshot_strong,pilot_002291,1,0.11286955326795578,tiny::SD15,,models/v2/clip_lora_fold1_best_v1.pt,models/v2/v2_10b_h2_balanced_logreg_fold1_v1.joblib
1,screenshot_strong,pilot_002297,1,0.10307833552360535,tiny::ADM,,models/v2/clip_lora_fold1_best_v1.pt,models/v2/v2_10b_h2_balanced_logreg_fold1_v1.joblib
1,screenshot_strong,pilot_002305,1,0.13006235659122467,tiny::SD15,,models/v2/clip_lora_fold1_best_v1.pt,models/v2/v2_10b_h2_balanced_logreg_fold1_v1.joblib
1,screenshot_strong,pilot_002306,0,0.032049864530563354,real::Tiny-GenImage,Tiny,models/v2/clip_lora_fold1_best_v1.pt,models/v2/v2_10b_h2_balanced_logreg_fold1_v1.joblib
1,screenshot_strong,pilot_002311,1,0.03411722928285599,tiny::ADM,,models/v2/clip_lora_fold1_best_v1.pt,models/v2/v2_10b_h2_balanced_logreg_fold1_v1.joblib
1,screenshot_strong,pilot_002312,0,0.10902737081050873,real::Tiny-GenImage,Tiny,models/v2/clip_lora_fold1_best_v1.pt,models/v2/v2_10b_h2_balanced_logreg_fold1_v1.joblib
1,screenshot_strong,pilot_002319,1,0.31717920303344727,tiny::SD15,,models/v2/clip_lora_fold1_best_v1.pt,models/v2/v2_10b_h2_balanced_logreg_fold1_v1.joblib
1,screenshot_strong,pilot_002325,1,0.036300089210271835,tiny::ADM,,models/v2/clip_lora_fold1_best_v1.pt,models/v2/v2_10b_h2_balanced_logreg_fold1_v1.joblib
1,screenshot_strong,pilot_002333,1,0.02781018242239952,tiny::SD15,,models/v2/clip_lora_fold1_best_v1.pt,models/v2/v2_10b_h2_balanced_logreg_fold1_v1.joblib
1,screenshot_strong,pilot_002339,1,0.24829047918319702,tiny::ADM,,models/v2/clip_lora_fold1_best_v1.pt,models/v2/v2_10b_h2_balanced_logreg_fold1_v1.joblib
1,screenshot_strong,pilot_002347,1,0.4498564302921295,tiny::SD15,,models/v2/clip_lora_fold1_best_v1.pt,models/v2/v2_10b_h2_balanced_logreg_fold1_v1.joblib
1,screenshot_strong,pilot_002353,1,0.1997026801109314,tiny::ADM,,models/v2/clip_lora_fold1_best_v1.pt,models/v2/v2_10b_h2_balanced_logreg_fold1_v1.joblib
1,screenshot_strong,pilot_002354,0,0.04094022884964943,real::Tiny-GenImage,Tiny,models/v2/clip_lora_fold1_best_v1.pt,models/v2/v2_10b_h2_balanced_logreg_fold1_v1.joblib
1,screenshot_strong,pilot_002361,1,0.6397579312324524,tiny::SD15,,models/v2/clip_lora_fold1_best_v1.pt,models/v2/v2_10b_h2_balanced_logreg_fold1_v1.joblib
1,screenshot_strong,pilot_002366,0,0.1817488968372345,real::Tiny-GenImage,Tiny,models/v2/clip_lora_fold1_best_v1.pt,models/v2/v2_10b_h2_balanced_logreg_fold1_v1.joblib
1,screenshot_strong,pilot_002367,1,0.030138706788420677,tiny::ADM,,models/v2/clip_lora_fold1_best_v1.pt,models/v2/v2_10b_h2_balanced_logreg_fold1_v1.joblib
1,screenshot_strong,pilot_002375,1,0.0705995261669159,tiny::SD15,,models/v2/clip_lora_fold1_best_v1.pt,models/v2/v2_10b_h2_balanced_logreg_fold1_v1.joblib
1,screenshot_strong,pilot_002381,1,0.07220534235239029,tiny::ADM,,models/v2/clip_lora_fold1_best_v1.pt,models/v2/v2_10b_h2_balanced_logreg_fold1_v1.joblib
1,screenshot_strong,pilot_002389,1,0.10088600218296051,tiny::SD15,,models/v2/clip_lora_fold1_best_v1.pt,models/v2/v2_10b_h2_balanced_logreg_fold1_v1.joblib
1,screenshot_strong,pilot_002395,1,0.04961816966533661,tiny::ADM,,models/v2/clip_lora_fold1_best_v1.pt,models/v2/v2_10b_h2_balanced_logreg_fold1_v1.joblib
1,screenshot_strong,pilot_002396,0,0.05466420575976372,real::Tiny-GenImage,Tiny,models/v2/clip_lora_fold1_best_v1.pt,models/v2/v2_10b_h2_balanced_logreg_fold1_v1.joblib
1,screenshot_strong,pilot_002400,0,0.07621017098426819,real::Tiny-GenImage,Tiny,models/v2/clip_lora_fold1_best_v1.pt,models/v2/v2_10b_h2_balanced_logreg_fold1_v1.joblib
1,screenshot_strong,pilot_002402,0,0.01706450991332531,real::Tiny-GenImage,Tiny,models/v2/clip_lora_fold1_best_v1.pt,models/v2/v2_10b_h2_balanced_logreg_fold1_v1.joblib
1,screenshot_strong,pilot_002403,1,0.3982769548892975,tiny::SD15,,models/v2/clip_lora_fold1_best_v1.pt,models/v2/v2_10b_h2_balanced_logreg_fold1_v1.joblib
1,screenshot_strong,pilot_002409,1,0.12987205386161804,tiny::ADM,,models/v2/clip_lora_fold1_best_v1.pt,models/v2/v2_10b_h2_balanced_logreg_fold1_v1.joblib
1,screenshot_strong,pilot_002417,1,0.3720811605453491,tiny::SD15,,models/v2/clip_lora_fold1_best_v1.pt,models/v2/v2_10b_h2_balanced_logreg_fold1_v1.joblib
1,screenshot_strong,pilot_002423,1,0.06317474693059921,tiny::ADM,,models/v2/clip_lora_fold1_best_v1.pt,models/v2/v2_10b_h2_balanced_logreg_fold1_v1.joblib
1,screenshot_strong,pilot_002431,1,0.6653450131416321,tiny::SD15,,models/v2/clip_lora_fold1_best_v1.pt,models/v2/v2_10b_h2_balanced_logreg_fold1_v1.joblib
1,screenshot_strong,pilot_002437,1,0.015478050336241722,tiny::ADM,,models/v2/clip_lora_fold1_best_v1.pt,models/v2/v2_10b_h2_balanced_logreg_fold1_v1.joblib
1,screenshot_strong,pilot_002445,1,0.535663366317749,tiny::SD15,,models/v2/clip_lora_fold1_best_v1.pt,models/v2/v2_10b_h2_balanced_logreg_fold1_v1.joblib
1,screenshot_strong,pilot_002446,0,0.3341169059276581,real::Tiny-GenImage,Tiny,models/v2/clip_lora_fold1_best_v1.pt,models/v2/v2_10b_h2_balanced_logreg_fold1_v1.joblib
1,screenshot_strong,pilot_002450,0,0.031922344118356705,real::Tiny-GenImage,Tiny,models/v2/clip_lora_fold1_best_v1.pt,models/v2/v2_10b_h2_balanced_logreg_fold1_v1.joblib
1,screenshot_strong,pilot_002451,1,0.09634191542863846,tiny::ADM,,models/v2/clip_lora_fold1_best_v1.pt,models/v2/v2_10b_h2_balanced_logreg_fold1_v1.joblib
1,screenshot_strong,pilot_002458,0,0.0036953610833734274,real::Tiny-GenImage,Tiny,models/v2/clip_lora_fold1_best_v1.pt,models/v2/v2_10b_h2_balanced_logreg_fold1_v1.joblib
1,screenshot_strong,pilot_002459,1,0.3365902900695801,tiny::SD15,,models/v2/clip_lora_fold1_best_v1.pt,models/v2/v2_10b_h2_balanced_logreg_fold1_v1.joblib
1,screenshot_strong,pilot_002465,1,0.43941056728363037,tiny::ADM,,models/v2/clip_lora_fold1_best_v1.pt,models/v2/v2_10b_h2_balanced_logreg_fold1_v1.joblib
1,screenshot_strong,pilot_002473,1,0.03498270362615585,tiny::SD15,,models/v2/clip_lora_fold1_best_v1.pt,models/v2/v2_10b_h2_balanced_logreg_fold1_v1.joblib
1,screenshot_strong,pilot_002479,1,0.10354442894458771,tiny::ADM,,models/v2/clip_lora_fold1_best_v1.pt,models/v2/v2_10b_h2_balanced_logreg_fold1_v1.joblib
1,screenshot_strong,pilot_002482,0,0.09400638937950134,real::Tiny-GenImage,Tiny,models/v2/clip_lora_fold1_best_v1.pt,models/v2/v2_10b_h2_balanced_logreg_fold1_v1.joblib
1,screenshot_strong,pilot_002487,1,0.030679410323500633,tiny::SD15,,models/v2/clip_lora_fold1_best_v1.pt,models/v2/v2_10b_h2_balanced_logreg_fold1_v1.joblib
1,screenshot_strong,pilot_002493,1,0.022479746490716934,tiny::ADM,,models/v2/clip_lora_fold1_best_v1.pt,models/v2/v2_10b_h2_balanced_logreg_fold1_v1.joblib
1,screenshot_strong,pilot_002494,0,0.13669493794441223,real::Tiny-GenImage,Tiny,models/v2/clip_lora_fold1_best_v1.pt,models/v2/v2_10b_h2_balanced_logreg_fold1_v1.joblib
1,screenshot_strong,pilot_002501,1,0.07118183374404907,tiny::SD15,,models/v2/clip_lora_fold1_best_v1.pt,models/v2/v2_10b_h2_balanced_logreg_fold1_v1.joblib
1,screenshot_strong,pilot_002506,0,0.06896044313907623,real::Tiny-GenImage,Tiny,models/v2/clip_lora_fold1_best_v1.pt,models/v2/v2_10b_h2_balanced_logreg_fold1_v1.joblib
1,screenshot_strong,pilot_002507,1,0.1368257999420166,tiny::ADM,,models/v2/clip_lora_fold1_best_v1.pt,models/v2/v2_10b_h2_balanced_logreg_fold1_v1.joblib
1,screenshot_strong,pilot_002515,1,0.14438042044639587,tiny::SD15,,models/v2/clip_lora_fold1_best_v1.pt,models/v2/v2_10b_h2_balanced_logreg_fold1_v1.joblib
1,screenshot_strong,pilot_002521,1,0.01863417588174343,tiny::ADM,,models/v2/clip_lora_fold1_best_v1.pt,models/v2/v2_10b_h2_balanced_logreg_fold1_v1.joblib
1,screenshot_strong,pilot_002529,1,0.213444322347641,tiny::SD15,,models/v2/clip_lora_fold1_best_v1.pt,models/v2/v2_10b_h2_balanced_logreg_fold1_v1.joblib
1,screenshot_strong,pilot_002532,0,0.09724912792444229,real::Tiny-GenImage,Tiny,models/v2/clip_lora_fold1_best_v1.pt,models/v2/v2_10b_h2_balanced_logreg_fold1_v1.joblib
1,screenshot_strong,pilot_002535,1,0.029350271448493004,tiny::ADM,,models/v2/clip_lora_fold1_best_v1.pt,models/v2/v2_10b_h2_balanced_logreg_fold1_v1.joblib
1,screenshot_strong,pilot_002543,1,0.09573791176080704,tiny::SD15,,models/v2/clip_lora_fold1_best_v1.pt,models/v2/v2_10b_h2_balanced_logreg_fold1_v1.joblib
1,screenshot_strong,pilot_002549,1,0.04917019605636597,tiny::ADM,,models/v2/clip_lora_fold1_best_v1.pt,models/v2/v2_10b_h2_balanced_logreg_fold1_v1.joblib
1,screenshot_strong,pilot_002557,1,0.7044705748558044,tiny::SD15,,models/v2/clip_lora_fold1_best_v1.pt,models/v2/v2_10b_h2_balanced_logreg_fold1_v1.joblib
1,screenshot_strong,pilot_002563,1,0.006435154005885124,tiny::ADM,,models/v2/clip_lora_fold1_best_v1.pt,models/v2/v2_10b_h2_balanced_logreg_fold1_v1.joblib
1,screenshot_strong,pilot_002571,1,0.28259995579719543,tiny::SD15,,models/v2/clip_lora_fold1_best_v1.pt,models/v2/v2_10b_h2_balanced_logreg_fold1_v1.joblib
1,screenshot_strong,pilot_002577,1,0.017329327762126923,tiny::ADM,,models/v2/clip_lora_fold1_best_v1.pt,models/v2/v2_10b_h2_balanced_logreg_fold1_v1.joblib
1,screenshot_strong,pilot_002585,1,0.41323474049568176,tiny::SD15,,models/v2/clip_lora_fold1_best_v1.pt,models/v2/v2_10b_h2_balanced_logreg_fold1_v1.joblib
1,screenshot_strong,pilot_002591,1,0.043773047626018524,tiny::ADM,,models/v2/clip_lora_fold1_best_v1.pt,models/v2/v2_10b_h2_balanced_logreg_fold1_v1.joblib
1,screenshot_strong,pilot_002599,1,0.5128649473190308,tiny::SD15,,models/v2/clip_lora_fold1_best_v1.pt,models/v2/v2_10b_h2_balanced_logreg_fold1_v1.joblib
1,screenshot_strong,pilot_002604,0,0.02825521118938923,real::Tiny-GenImage,Tiny,models/v2/clip_lora_fold1_best_v1.pt,models/v2/v2_10b_h2_balanced_logreg_fold1_v1.joblib
1,screenshot_strong,pilot_002605,1,0.16119250655174255,tiny::ADM,,models/v2/clip_lora_fold1_best_v1.pt,models/v2/v2_10b_h2_balanced_logreg_fold1_v1.joblib
1,screenshot_strong,pilot_002613,1,0.19286492466926575,tiny::SD15,,models/v2/clip_lora_fold1_best_v1.pt,models/v2/v2_10b_h2_balanced_logreg_fold1_v1.joblib
1,screenshot_strong,pilot_002619,1,0.003313689958304167,tiny::ADM,,models/v2/clip_lora_fold1_best_v1.pt,models/v2/v2_10b_h2_balanced_logreg_fold1_v1.joblib
1,screenshot_strong,pilot_002622,0,0.09500274062156677,real::Tiny-GenImage,Tiny,models/v2/clip_lora_fold1_best_v1.pt,models/v2/v2_10b_h2_balanced_logreg_fold1_v1.joblib
1,screenshot_strong,pilot_002627,1,0.5767096877098083,tiny::SD15,,models/v2/clip_lora_fold1_best_v1.pt,models/v2/v2_10b_h2_balanced_logreg_fold1_v1.joblib
1,screenshot_strong,pilot_002633,1,0.13135510683059692,tiny::ADM,,models/v2/clip_lora_fold1_best_v1.pt,models/v2/v2_10b_h2_balanced_logreg_fold1_v1.joblib
1,screenshot_strong,pilot_002641,1,0.43223217129707336,tiny::SD15,,models/v2/clip_lora_fold1_best_v1.pt,models/v2/v2_10b_h2_balanced_logreg_fold1_v1.joblib
1,screenshot_strong,pilot_002647,1,0.059408996254205704,tiny::ADM,,models/v2/clip_lora_fold1_best_v1.pt,models/v2/v2_10b_h2_balanced_logreg_fold1_v1.joblib
1,screenshot_strong,pilot_002655,1,0.16524970531463623,tiny::SD15,,models/v2/clip_lora_fold1_best_v1.pt,models/v2/v2_10b_h2_balanced_logreg_fold1_v1.joblib
1,screenshot_strong,pilot_002661,1,0.012238242663443089,tiny::ADM,,models/v2/clip_lora_fold1_best_v1.pt,models/v2/v2_10b_h2_balanced_logreg_fold1_v1.joblib
1,screenshot_strong,pilot_002668,0,0.27105408906936646,real::Tiny-GenImage,Tiny,models/v2/clip_lora_fold1_best_v1.pt,models/v2/v2_10b_h2_balanced_logreg_fold1_v1.joblib
1,screenshot_strong,pilot_002669,1,0.02902454137802124,tiny::SD15,,models/v2/clip_lora_fold1_best_v1.pt,models/v2/v2_10b_h2_balanced_logreg_fold1_v1.joblib
1,screenshot_strong,pilot_002675,1,0.02412189170718193,tiny::ADM,,models/v2/clip_lora_fold1_best_v1.pt,models/v2/v2_10b_h2_balanced_logreg_fold1_v1.joblib
1,screenshot_strong,pilot_002680,0,0.10399717092514038,real::Tiny-GenImage,Tiny,models/v2/clip_lora_fold1_best_v1.pt,models/v2/v2_10b_h2_balanced_logreg_fold1_v1.joblib
1,screenshot_strong,pilot_002682,0,0.019200865179300308,real::Tiny-GenImage,Tiny,models/v2/clip_lora_fold1_best_v1.pt,models/v2/v2_10b_h2_balanced_logreg_fold1_v1.joblib
1,screenshot_strong,pilot_002683,1,0.31210896372795105,tiny::SD15,,models/v2/clip_lora_fold1_best_v1.pt,models/v2/v2_10b_h2_balanced_logreg_fold1_v1.joblib
1,screenshot_strong,pilot_002686,0,0.023040812462568283,real::Tiny-GenImage,Tiny,models/v2/clip_lora_fold1_best_v1.pt,models/v2/v2_10b_h2_balanced_logreg_fold1_v1.joblib
1,screenshot_strong,pilot_002689,1,0.09223951399326324,tiny::ADM,,models/v2/clip_lora_fold1_best_v1.pt,models/v2/v2_10b_h2_balanced_logreg_fold1_v1.joblib
1,screenshot_strong,pilot_002690,0,0.06868340075016022,real::Tiny-GenImage,Tiny,models/v2/clip_lora_fold1_best_v1.pt,models/v2/v2_10b_h2_balanced_logreg_fold1_v1.joblib
1,screenshot_strong,pilot_002697,1,0.03246615454554558,tiny::SD15,,models/v2/clip_lora_fold1_best_v1.pt,models/v2/v2_10b_h2_balanced_logreg_fold1_v1.joblib
1,screenshot_strong,pilot_002703,1,0.17365650832653046,tiny::ADM,,models/v2/clip_lora_fold1_best_v1.pt,models/v2/v2_10b_h2_balanced_logreg_fold1_v1.joblib
1,screenshot_strong,pilot_002711,1,0.03179113194346428,tiny::SD15,,models/v2/clip_lora_fold1_best_v1.pt,models/v2/v2_10b_h2_balanced_logreg_fold1_v1.joblib
1,screenshot_strong,pilot_002717,1,0.3367723822593689,tiny::ADM,,models/v2/clip_lora_fold1_best_v1.pt,models/v2/v2_10b_h2_balanced_logreg_fold1_v1.joblib
1,screenshot_strong,pilot_002725,1,0.04245959594845772,tiny::SD15,,models/v2/clip_lora_fold1_best_v1.pt,models/v2/v2_10b_h2_balanced_logreg_fold1_v1.joblib
1,screenshot_strong,pilot_002731,1,0.11376471817493439,tiny::ADM,,models/v2/clip_lora_fold1_best_v1.pt,models/v2/v2_10b_h2_balanced_logreg_fold1_v1.joblib
1,screenshot_strong,pilot_002739,1,0.4338141083717346,tiny::SD15,,models/v2/clip_lora_fold1_best_v1.pt,models/v2/v2_10b_h2_balanced_logreg_fold1_v1.joblib
1,screenshot_strong,pilot_002742,0,0.022089116275310516,real::Tiny-GenImage,Tiny,models/v2/clip_lora_fold1_best_v1.pt,models/v2/v2_10b_h2_balanced_logreg_fold1_v1.joblib
1,screenshot_strong,pilot_002745,1,0.020258575677871704,tiny::ADM,,models/v2/clip_lora_fold1_best_v1.pt,models/v2/v2_10b_h2_balanced_logreg_fold1_v1.joblib
1,screenshot_strong,pilot_002753,1,0.17843514680862427,tiny::SD15,,models/v2/clip_lora_fold1_best_v1.pt,models/v2/v2_10b_h2_balanced_logreg_fold1_v1.joblib
1,screenshot_strong,pilot_002758,0,0.11172693222761154,real::Tiny-GenImage,Tiny,models/v2/clip_lora_fold1_best_v1.pt,models/v2/v2_10b_h2_balanced_logreg_fold1_v1.joblib
1,screenshot_strong,pilot_002759,1,0.019432323053479195,tiny::ADM,,models/v2/clip_lora_fold1_best_v1.pt,models/v2/v2_10b_h2_balanced_logreg_fold1_v1.joblib
1,screenshot_strong,pilot_002760,0,0.018999483436346054,real::Tiny-GenImage,Tiny,models/v2/clip_lora_fold1_best_v1.pt,models/v2/v2_10b_h2_balanced_logreg_fold1_v1.joblib
1,screenshot_strong,pilot_002767,1,0.09172052145004272,tiny::SD15,,models/v2/clip_lora_fold1_best_v1.pt,models/v2/v2_10b_h2_balanced_logreg_fold1_v1.joblib
1,screenshot_strong,pilot_002772,0,0.3723159730434418,real::Tiny-GenImage,Tiny,models/v2/clip_lora_fold1_best_v1.pt,models/v2/v2_10b_h2_balanced_logreg_fold1_v1.joblib
1,screenshot_strong,pilot_002773,1,0.25399234890937805,tiny::ADM,,models/v2/clip_lora_fold1_best_v1.pt,models/v2/v2_10b_h2_balanced_logreg_fold1_v1.joblib
1,screenshot_strong,pilot_002781,1,0.36412131786346436,tiny::SD15,,models/v2/clip_lora_fold1_best_v1.pt,models/v2/v2_10b_h2_balanced_logreg_fold1_v1.joblib
1,screenshot_strong,pilot_002786,0,0.10638727992773056,real::Tiny-GenImage,Tiny,models/v2/clip_lora_fold1_best_v1.pt,models/v2/v2_10b_h2_balanced_logreg_fold1_v1.joblib
1,screenshot_strong,pilot_002787,1,0.057547811418771744,tiny::ADM,,models/v2/clip_lora_fold1_best_v1.pt,models/v2/v2_10b_h2_balanced_logreg_fold1_v1.joblib
1,screenshot_strong,pilot_002790,0,0.25428083539009094,real::Tiny-GenImage,Tiny,models/v2/clip_lora_fold1_best_v1.pt,models/v2/v2_10b_h2_balanced_logreg_fold1_v1.joblib
1,screenshot_strong,pilot_002795,1,0.06051243096590042,tiny::SD15,,models/v2/clip_lora_fold1_best_v1.pt,models/v2/v2_10b_h2_balanced_logreg_fold1_v1.joblib
1,screenshot_strong,pilot_002798,0,0.039959780871868134,real::Tiny-GenImage,Tiny,models/v2/clip_lora_fold1_best_v1.pt,models/v2/v2_10b_h2_balanced_logreg_fold1_v1.joblib
1,screenshot_strong,pilot_002801,1,0.06973342597484589,tiny::ADM,,models/v2/clip_lora_fold1_best_v1.pt,models/v2/v2_10b_h2_balanced_logreg_fold1_v1.joblib
1,screenshot_strong,pilot_002809,1,0.21082960069179535,tiny::SD15,,models/v2/clip_lora_fold1_best_v1.pt,models/v2/v2_10b_h2_balanced_logreg_fold1_v1.joblib
1,screenshot_strong,pilot_002815,1,0.03477883338928223,tiny::ADM,,models/v2/clip_lora_fold1_best_v1.pt,models/v2/v2_10b_h2_balanced_logreg_fold1_v1.joblib
1,screenshot_strong,pilot_002816,0,0.02469906397163868,real::Tiny-GenImage,Tiny,models/v2/clip_lora_fold1_best_v1.pt,models/v2/v2_10b_h2_balanced_logreg_fold1_v1.joblib
1,screenshot_strong,pilot_002823,1,0.12127616256475449,tiny::SD15,,models/v2/clip_lora_fold1_best_v1.pt,models/v2/v2_10b_h2_balanced_logreg_fold1_v1.joblib
1,screenshot_strong,pilot_002829,1,0.04152475297451019,tiny::ADM,,models/v2/clip_lora_fold1_best_v1.pt,models/v2/v2_10b_h2_balanced_logreg_fold1_v1.joblib
1,screenshot_strong,pilot_002837,1,0.11352338641881943,tiny::SD15,,models/v2/clip_lora_fold1_best_v1.pt,models/v2/v2_10b_h2_balanced_logreg_fold1_v1.joblib
1,screenshot_strong,pilot_002842,0,0.07367299497127533,real::Tiny-GenImage,Tiny,models/v2/clip_lora_fold1_best_v1.pt,models/v2/v2_10b_h2_balanced_logreg_fold1_v1.joblib
1,screenshot_strong,pilot_002843,1,0.45484983921051025,tiny::ADM,,models/v2/clip_lora_fold1_best_v1.pt,models/v2/v2_10b_h2_balanced_logreg_fold1_v1.joblib
1,screenshot_strong,pilot_002851,1,0.2417513132095337,tiny::SD15,,models/v2/clip_lora_fold1_best_v1.pt,models/v2/v2_10b_h2_balanced_logreg_fold1_v1.joblib
1,screenshot_strong,pilot_002854,0,0.02666671760380268,real::Tiny-GenImage,Tiny,models/v2/clip_lora_fold1_best_v1.pt,models/v2/v2_10b_h2_balanced_logreg_fold1_v1.joblib
1,screenshot_strong,pilot_002857,1,0.048355571925640106,tiny::ADM,,models/v2/clip_lora_fold1_best_v1.pt,models/v2/v2_10b_h2_balanced_logreg_fold1_v1.joblib
1,screenshot_strong,pilot_002860,0,0.04937076196074486,real::Tiny-GenImage,Tiny,models/v2/clip_lora_fold1_best_v1.pt,models/v2/v2_10b_h2_balanced_logreg_fold1_v1.joblib
1,screenshot_strong,pilot_002864,0,0.04286688566207886,real::Tiny-GenImage,Tiny,models/v2/clip_lora_fold1_best_v1.pt,models/v2/v2_10b_h2_balanced_logreg_fold1_v1.joblib
1,screenshot_strong,pilot_002865,1,0.5546337366104126,tiny::SD15,,models/v2/clip_lora_fold1_best_v1.pt,models/v2/v2_10b_h2_balanced_logreg_fold1_v1.joblib
1,screenshot_strong,pilot_002870,0,0.10677433758974075,real::Tiny-GenImage,Tiny,models/v2/clip_lora_fold1_best_v1.pt,models/v2/v2_10b_h2_balanced_logreg_fold1_v1.joblib
1,screenshot_strong,pilot_002871,1,0.09648804366588593,tiny::ADM,,models/v2/clip_lora_fold1_best_v1.pt,models/v2/v2_10b_h2_balanced_logreg_fold1_v1.joblib
1,screenshot_strong,pilot_002872,0,0.03368396684527397,real::Tiny-GenImage,Tiny,models/v2/clip_lora_fold1_best_v1.pt,models/v2/v2_10b_h2_balanced_logreg_fold1_v1.joblib
1,screenshot_strong,pilot_002879,1,0.3736704885959625,tiny::SD15,,models/v2/clip_lora_fold1_best_v1.pt,models/v2/v2_10b_h2_balanced_logreg_fold1_v1.joblib
1,screenshot_strong,pilot_002885,1,0.041410889476537704,tiny::ADM,,models/v2/clip_lora_fold1_best_v1.pt,models/v2/v2_10b_h2_balanced_logreg_fold1_v1.joblib
1,screenshot_strong,pilot_002888,0,0.11681731045246124,real::Tiny-GenImage,Tiny,models/v2/clip_lora_fold1_best_v1.pt,models/v2/v2_10b_h2_balanced_logreg_fold1_v1.joblib
1,screenshot_strong,pilot_002893,1,0.12538619339466095,tiny::SD15,,models/v2/clip_lora_fold1_best_v1.pt,models/v2/v2_10b_h2_balanced_logreg_fold1_v1.joblib
1,screenshot_strong,pilot_002894,0,0.2630667984485626,real::Tiny-GenImage,Tiny,models/v2/clip_lora_fold1_best_v1.pt,models/v2/v2_10b_h2_balanced_logreg_fold1_v1.joblib
1,screenshot_strong,pilot_002899,1,0.07273439317941666,tiny::ADM,,models/v2/clip_lora_fold1_best_v1.pt,models/v2/v2_10b_h2_balanced_logreg_fold1_v1.joblib
1,screenshot_strong,pilot_002904,0,0.06017601862549782,real::Tiny-GenImage,Tiny,models/v2/clip_lora_fold1_best_v1.pt,models/v2/v2_10b_h2_balanced_logreg_fold1_v1.joblib
1,screenshot_strong,pilot_002907,1,0.2608254849910736,tiny::SD15,,models/v2/clip_lora_fold1_best_v1.pt,models/v2/v2_10b_h2_balanced_logreg_fold1_v1.joblib
1,screenshot_strong,pilot_002913,1,0.11352206766605377,tiny::ADM,,models/v2/clip_lora_fold1_best_v1.pt,models/v2/v2_10b_h2_balanced_logreg_fold1_v1.joblib
1,screenshot_strong,pilot_002914,0,0.1148553192615509,real::Tiny-GenImage,Tiny,models/v2/clip_lora_fold1_best_v1.pt,models/v2/v2_10b_h2_balanced_logreg_fold1_v1.joblib
1,screenshot_strong,pilot_002921,1,0.14069052040576935,tiny::SD15,,models/v2/clip_lora_fold1_best_v1.pt,models/v2/v2_10b_h2_balanced_logreg_fold1_v1.joblib
1,screenshot_strong,pilot_002927,1,0.0797823816537857,tiny::ADM,,models/v2/clip_lora_fold1_best_v1.pt,models/v2/v2_10b_h2_balanced_logreg_fold1_v1.joblib
1,screenshot_strong,pilot_002935,1,0.04739364609122276,tiny::SD15,,models/v2/clip_lora_fold1_best_v1.pt,models/v2/v2_10b_h2_balanced_logreg_fold1_v1.joblib
1,screenshot_strong,pilot_002941,1,0.0068857138976454735,tiny::ADM,,models/v2/clip_lora_fold1_best_v1.pt,models/v2/v2_10b_h2_balanced_logreg_fold1_v1.joblib
1,screenshot_strong,pilot_002949,1,0.11964915692806244,tiny::SD15,,models/v2/clip_lora_fold1_best_v1.pt,models/v2/v2_10b_h2_balanced_logreg_fold1_v1.joblib
1,screenshot_strong,pilot_002955,1,0.11359034478664398,tiny::ADM,,models/v2/clip_lora_fold1_best_v1.pt,models/v2/v2_10b_h2_balanced_logreg_fold1_v1.joblib
1,screenshot_strong,pilot_002963,1,0.02511320821940899,tiny::SD15,,models/v2/clip_lora_fold1_best_v1.pt,models/v2/v2_10b_h2_balanced_logreg_fold1_v1.joblib
1,screenshot_strong,pilot_002969,1,0.156538188457489,tiny::ADM,,models/v2/clip_lora_fold1_best_v1.pt,models/v2/v2_10b_h2_balanced_logreg_fold1_v1.joblib
1,screenshot_strong,pilot_002974,0,0.09598758071660995,real::Tiny-GenImage,Tiny,models/v2/clip_lora_fold1_best_v1.pt,models/v2/v2_10b_h2_balanced_logreg_fold1_v1.joblib
1,screenshot_strong,pilot_002977,1,0.295896977186203,tiny::SD15,,models/v2/clip_lora_fold1_best_v1.pt,models/v2/v2_10b_h2_balanced_logreg_fold1_v1.joblib
1,screenshot_strong,pilot_002983,1,0.005817752797156572,tiny::ADM,,models/v2/clip_lora_fold1_best_v1.pt,models/v2/v2_10b_h2_balanced_logreg_fold1_v1.joblib
1,screenshot_strong,pilot_002991,1,0.3053489029407501,tiny::SD15,,models/v2/clip_lora_fold1_best_v1.pt,models/v2/v2_10b_h2_balanced_logreg_fold1_v1.joblib
1,screenshot_strong,pilot_002997,1,0.021636715158820152,tiny::ADM,,models/v2/clip_lora_fold1_best_v1.pt,models/v2/v2_10b_h2_balanced_logreg_fold1_v1.joblib
1,screenshot_strong,pilot_003005,1,0.35875704884529114,tiny::SD15,,models/v2/clip_lora_fold1_best_v1.pt,models/v2/v2_10b_h2_balanced_logreg_fold1_v1.joblib
1,screenshot_strong,pilot_003011,1,0.0057738893665373325,tiny::ADM,,models/v2/clip_lora_fold1_best_v1.pt,models/v2/v2_10b_h2_balanced_logreg_fold1_v1.joblib
1,screenshot_strong,pilot_003012,0,0.31848376989364624,real::Tiny-GenImage,Tiny,models/v2/clip_lora_fold1_best_v1.pt,models/v2/v2_10b_h2_balanced_logreg_fold1_v1.joblib
1,screenshot_strong,pilot_003018,0,0.016946565359830856,real::Tiny-GenImage,Tiny,models/v2/clip_lora_fold1_best_v1.pt,models/v2/v2_10b_h2_balanced_logreg_fold1_v1.joblib
1,screenshot_strong,pilot_003019,1,0.08134211599826813,tiny::SD15,,models/v2/clip_lora_fold1_best_v1.pt,models/v2/v2_10b_h2_balanced_logreg_fold1_v1.joblib
1,screenshot_strong,pilot_003025,1,0.04264850541949272,tiny::ADM,,models/v2/clip_lora_fold1_best_v1.pt,models/v2/v2_10b_h2_balanced_logreg_fold1_v1.joblib
1,screenshot_strong,pilot_003033,1,0.034879062324762344,tiny::SD15,,models/v2/clip_lora_fold1_best_v1.pt,models/v2/v2_10b_h2_balanced_logreg_fold1_v1.joblib
1,screenshot_strong,pilot_003039,1,0.01642492599785328,tiny::ADM,,models/v2/clip_lora_fold1_best_v1.pt,models/v2/v2_10b_h2_balanced_logreg_fold1_v1.joblib
1,screenshot_strong,pilot_003044,0,0.0651506632566452,real::Tiny-GenImage,Tiny,models/v2/clip_lora_fold1_best_v1.pt,models/v2/v2_10b_h2_balanced_logreg_fold1_v1.joblib
1,screenshot_strong,pilot_003047,1,0.03683421015739441,tiny::SD15,,models/v2/clip_lora_fold1_best_v1.pt,models/v2/v2_10b_h2_balanced_logreg_fold1_v1.joblib
1,screenshot_strong,pilot_003053,1,0.020546354353427887,tiny::ADM,,models/v2/clip_lora_fold1_best_v1.pt,models/v2/v2_10b_h2_balanced_logreg_fold1_v1.joblib
1,screenshot_strong,pilot_003061,1,0.8298543095588684,tiny::SD15,,models/v2/clip_lora_fold1_best_v1.pt,models/v2/v2_10b_h2_balanced_logreg_fold1_v1.joblib
1,screenshot_strong,pilot_003062,0,0.08413973450660706,real::Tiny-GenImage,Tiny,models/v2/clip_lora_fold1_best_v1.pt,models/v2/v2_10b_h2_balanced_logreg_fold1_v1.joblib
1,screenshot_strong,pilot_003067,1,0.03768635913729668,tiny::ADM,,models/v2/clip_lora_fold1_best_v1.pt,models/v2/v2_10b_h2_balanced_logreg_fold1_v1.joblib
1,screenshot_strong,pilot_003075,1,0.18756814301013947,tiny::SD15,,models/v2/clip_lora_fold1_best_v1.pt,models/v2/v2_10b_h2_balanced_logreg_fold1_v1.joblib
1,screenshot_strong,pilot_003081,1,0.03566911071538925,tiny::ADM,,models/v2/clip_lora_fold1_best_v1.pt,models/v2/v2_10b_h2_balanced_logreg_fold1_v1.joblib
1,screenshot_strong,pilot_003089,1,0.5233636498451233,tiny::SD15,,models/v2/clip_lora_fold1_best_v1.pt,models/v2/v2_10b_h2_balanced_logreg_fold1_v1.joblib
1,screenshot_strong,pilot_003092,0,0.04916275665163994,real::Tiny-GenImage,Tiny,models/v2/clip_lora_fold1_best_v1.pt,models/v2/v2_10b_h2_balanced_logreg_fold1_v1.joblib
1,screenshot_strong,pilot_003095,1,0.010099392384290695,tiny::ADM,,models/v2/clip_lora_fold1_best_v1.pt,models/v2/v2_10b_h2_balanced_logreg_fold1_v1.joblib
1,screenshot_strong,pilot_003102,0,0.0601176954805851,real::Tiny-GenImage,Tiny,models/v2/clip_lora_fold1_best_v1.pt,models/v2/v2_10b_h2_balanced_logreg_fold1_v1.joblib
1,screenshot_strong,pilot_003103,1,0.1772252917289734,tiny::SD15,,models/v2/clip_lora_fold1_best_v1.pt,models/v2/v2_10b_h2_balanced_logreg_fold1_v1.joblib
1,screenshot_strong,pilot_003109,1,0.008303718641400337,tiny::ADM,,models/v2/clip_lora_fold1_best_v1.pt,models/v2/v2_10b_h2_balanced_logreg_fold1_v1.joblib
1,screenshot_strong,pilot_003117,1,0.07977434247732162,tiny::SD15,,models/v2/clip_lora_fold1_best_v1.pt,models/v2/v2_10b_h2_balanced_logreg_fold1_v1.joblib
1,screenshot_strong,pilot_003123,1,0.011521625332534313,tiny::ADM,,models/v2/clip_lora_fold1_best_v1.pt,models/v2/v2_10b_h2_balanced_logreg_fold1_v1.joblib
1,screenshot_strong,pilot_003131,1,0.6755721569061279,tiny::SD15,,models/v2/clip_lora_fold1_best_v1.pt,models/v2/v2_10b_h2_balanced_logreg_fold1_v1.joblib
1,screenshot_strong,pilot_003136,0,0.03358111158013344,real::Tiny-GenImage,Tiny,models/v2/clip_lora_fold1_best_v1.pt,models/v2/v2_10b_h2_balanced_logreg_fold1_v1.joblib
1,screenshot_strong,pilot_003137,1,0.09105409681797028,tiny::ADM,,models/v2/clip_lora_fold1_best_v1.pt,models/v2/v2_10b_h2_balanced_logreg_fold1_v1.joblib
1,screenshot_strong,pilot_003145,1,0.44476011395454407,tiny::SD15,,models/v2/clip_lora_fold1_best_v1.pt,models/v2/v2_10b_h2_balanced_logreg_fold1_v1.joblib
1,screenshot_strong,pilot_003151,1,0.06580161303281784,tiny::ADM,,models/v2/clip_lora_fold1_best_v1.pt,models/v2/v2_10b_h2_balanced_logreg_fold1_v1.joblib
1,screenshot_strong,pilot_003156,0,0.04210605099797249,real::Tiny-GenImage,Tiny,models/v2/clip_lora_fold1_best_v1.pt,models/v2/v2_10b_h2_balanced_logreg_fold1_v1.joblib
1,screenshot_strong,pilot_003159,1,0.08398210257291794,tiny::SD15,,models/v2/clip_lora_fold1_best_v1.pt,models/v2/v2_10b_h2_balanced_logreg_fold1_v1.joblib
1,screenshot_strong,pilot_003165,1,0.06505658477544785,tiny::ADM,,models/v2/clip_lora_fold1_best_v1.pt,models/v2/v2_10b_h2_balanced_logreg_fold1_v1.joblib
1,screenshot_strong,pilot_003168,0,0.022131120786070824,real::Tiny-GenImage,Tiny,models/v2/clip_lora_fold1_best_v1.pt,models/v2/v2_10b_h2_balanced_logreg_fold1_v1.joblib
1,screenshot_strong,pilot_003170,0,0.24675680696964264,real::Tiny-GenImage,Tiny,models/v2/clip_lora_fold1_best_v1.pt,models/v2/v2_10b_h2_balanced_logreg_fold1_v1.joblib
1,screenshot_strong,pilot_003173,1,0.1247674971818924,tiny::SD15,,models/v2/clip_lora_fold1_best_v1.pt,models/v2/v2_10b_h2_balanced_logreg_fold1_v1.joblib
1,screenshot_strong,pilot_003179,1,0.01956254243850708,tiny::ADM,,models/v2/clip_lora_fold1_best_v1.pt,models/v2/v2_10b_h2_balanced_logreg_fold1_v1.joblib
1,screenshot_strong,pilot_003187,1,0.1464969664812088,tiny::SD15,,models/v2/clip_lora_fold1_best_v1.pt,models/v2/v2_10b_h2_balanced_logreg_fold1_v1.joblib
1,screenshot_strong,pilot_003190,0,0.12672437727451324,real::Tiny-GenImage,Tiny,models/v2/clip_lora_fold1_best_v1.pt,models/v2/v2_10b_h2_balanced_logreg_fold1_v1.joblib
1,screenshot_strong,pilot_003192,0,0.004661835730075836,real::Tiny-GenImage,Tiny,models/v2/clip_lora_fold1_best_v1.pt,models/v2/v2_10b_h2_balanced_logreg_fold1_v1.joblib
1,screenshot_strong,pilot_003193,1,0.18099331855773926,tiny::ADM,,models/v2/clip_lora_fold1_best_v1.pt,models/v2/v2_10b_h2_balanced_logreg_fold1_v1.joblib
1,screenshot_strong,pilot_003201,1,0.28013473749160767,tiny::SD15,,models/v2/clip_lora_fold1_best_v1.pt,models/v2/v2_10b_h2_balanced_logreg_fold1_v1.joblib
1,screenshot_strong,pilot_003206,0,0.0026447188574820757,real::Tiny-GenImage,Tiny,models/v2/clip_lora_fold1_best_v1.pt,models/v2/v2_10b_h2_balanced_logreg_fold1_v1.joblib
1,screenshot_strong,pilot_003207,1,0.08896606415510178,tiny::ADM,,models/v2/clip_lora_fold1_best_v1.pt,models/v2/v2_10b_h2_balanced_logreg_fold1_v1.joblib
1,screenshot_strong,pilot_003215,1,0.02258431725203991,tiny::SD15,,models/v2/clip_lora_fold1_best_v1.pt,models/v2/v2_10b_h2_balanced_logreg_fold1_v1.joblib
1,screenshot_strong,pilot_003218,0,0.03697993978857994,real::Tiny-GenImage,Tiny,models/v2/clip_lora_fold1_best_v1.pt,models/v2/v2_10b_h2_balanced_logreg_fold1_v1.joblib
1,screenshot_strong,pilot_003221,1,0.00541495019569993,tiny::ADM,,models/v2/clip_lora_fold1_best_v1.pt,models/v2/v2_10b_h2_balanced_logreg_fold1_v1.joblib
1,screenshot_strong,pilot_003229,1,0.6368191838264465,tiny::SD15,,models/v2/clip_lora_fold1_best_v1.pt,models/v2/v2_10b_h2_balanced_logreg_fold1_v1.joblib
1,screenshot_strong,pilot_003232,0,0.6647181510925293,real::Tiny-GenImage,Tiny,models/v2/clip_lora_fold1_best_v1.pt,models/v2/v2_10b_h2_balanced_logreg_fold1_v1.joblib
1,screenshot_strong,pilot_003235,1,0.009874105453491211,tiny::ADM,,models/v2/clip_lora_fold1_best_v1.pt,models/v2/v2_10b_h2_balanced_logreg_fold1_v1.joblib
1,screenshot_strong,pilot_003243,1,0.12410076707601547,tiny::SD15,,models/v2/clip_lora_fold1_best_v1.pt,models/v2/v2_10b_h2_balanced_logreg_fold1_v1.joblib
1,screenshot_strong,pilot_003248,0,0.0645127147436142,real::Tiny-GenImage,Tiny,models/v2/clip_lora_fold1_best_v1.pt,models/v2/v2_10b_h2_balanced_logreg_fold1_v1.joblib
1,screenshot_strong,pilot_003249,1,0.24238838255405426,tiny::ADM,,models/v2/clip_lora_fold1_best_v1.pt,models/v2/v2_10b_h2_balanced_logreg_fold1_v1.joblib
1,screenshot_strong,pilot_003257,1,0.418876588344574,tiny::SD15,,models/v2/clip_lora_fold1_best_v1.pt,models/v2/v2_10b_h2_balanced_logreg_fold1_v1.joblib
1,screenshot_strong,pilot_003263,1,0.021698709577322006,tiny::ADM,,models/v2/clip_lora_fold1_best_v1.pt,models/v2/v2_10b_h2_balanced_logreg_fold1_v1.joblib
1,screenshot_strong,pilot_003266,0,0.04091240465641022,real::Tiny-GenImage,Tiny,models/v2/clip_lora_fold1_best_v1.pt,models/v2/v2_10b_h2_balanced_logreg_fold1_v1.joblib
1,screenshot_strong,pilot_003271,1,0.026723764836788177,tiny::SD15,,models/v2/clip_lora_fold1_best_v1.pt,models/v2/v2_10b_h2_balanced_logreg_fold1_v1.joblib
1,screenshot_strong,pilot_003277,1,0.01773432269692421,tiny::ADM,,models/v2/clip_lora_fold1_best_v1.pt,models/v2/v2_10b_h2_balanced_logreg_fold1_v1.joblib
1,screenshot_strong,pilot_003280,0,0.13152524828910828,real::Tiny-GenImage,Tiny,models/v2/clip_lora_fold1_best_v1.pt,models/v2/v2_10b_h2_balanced_logreg_fold1_v1.joblib
1,screenshot_strong,pilot_003285,1,0.17082862555980682,tiny::SD15,,models/v2/clip_lora_fold1_best_v1.pt,models/v2/v2_10b_h2_balanced_logreg_fold1_v1.joblib
1,screenshot_strong,pilot_003291,1,0.029867377132177353,tiny::ADM,,models/v2/clip_lora_fold1_best_v1.pt,models/v2/v2_10b_h2_balanced_logreg_fold1_v1.joblib
1,screenshot_strong,pilot_003299,1,0.1487692892551422,tiny::SD15,,models/v2/clip_lora_fold1_best_v1.pt,models/v2/v2_10b_h2_balanced_logreg_fold1_v1.joblib
1,screenshot_strong,pilot_003305,1,0.14251479506492615,tiny::ADM,,models/v2/clip_lora_fold1_best_v1.pt,models/v2/v2_10b_h2_balanced_logreg_fold1_v1.joblib
1,screenshot_strong,pilot_003313,1,0.03025996685028076,tiny::SD15,,models/v2/clip_lora_fold1_best_v1.pt,models/v2/v2_10b_h2_balanced_logreg_fold1_v1.joblib
1,screenshot_strong,pilot_003319,1,0.014160312712192535,tiny::ADM,,models/v2/clip_lora_fold1_best_v1.pt,models/v2/v2_10b_h2_balanced_logreg_fold1_v1.joblib
1,screenshot_strong,pilot_003327,1,0.04466570168733597,tiny::SD15,,models/v2/clip_lora_fold1_best_v1.pt,models/v2/v2_10b_h2_balanced_logreg_fold1_v1.joblib
1,screenshot_strong,pilot_003333,1,0.07037250697612762,tiny::ADM,,models/v2/clip_lora_fold1_best_v1.pt,models/v2/v2_10b_h2_balanced_logreg_fold1_v1.joblib
1,screenshot_strong,pilot_003334,0,0.09026431292295456,real::Tiny-GenImage,Tiny,models/v2/clip_lora_fold1_best_v1.pt,models/v2/v2_10b_h2_balanced_logreg_fold1_v1.joblib
1,screenshot_strong,pilot_003341,1,0.36587288975715637,tiny::SD15,,models/v2/clip_lora_fold1_best_v1.pt,models/v2/v2_10b_h2_balanced_logreg_fold1_v1.joblib
1,screenshot_strong,pilot_003344,0,0.04663612321019173,real::Tiny-GenImage,Tiny,models/v2/clip_lora_fold1_best_v1.pt,models/v2/v2_10b_h2_balanced_logreg_fold1_v1.joblib
1,screenshot_strong,pilot_003347,1,0.1762707531452179,tiny::ADM,,models/v2/clip_lora_fold1_best_v1.pt,models/v2/v2_10b_h2_balanced_logreg_fold1_v1.joblib
1,screenshot_strong,pilot_003355,1,0.05453291907906532,tiny::SD15,,models/v2/clip_lora_fold1_best_v1.pt,models/v2/v2_10b_h2_balanced_logreg_fold1_v1.joblib
1,screenshot_strong,pilot_003356,0,0.13564379513263702,real::Tiny-GenImage,Tiny,models/v2/clip_lora_fold1_best_v1.pt,models/v2/v2_10b_h2_balanced_logreg_fold1_v1.joblib
1,screenshot_strong,pilot_003361,1,0.07249747216701508,tiny::ADM,,models/v2/clip_lora_fold1_best_v1.pt,models/v2/v2_10b_h2_balanced_logreg_fold1_v1.joblib
1,screenshot_strong,pilot_003369,1,0.09589177370071411,tiny::SD15,,models/v2/clip_lora_fold1_best_v1.pt,models/v2/v2_10b_h2_balanced_logreg_fold1_v1.joblib
1,screenshot_strong,pilot_003370,0,0.10661374032497406,real::Tiny-GenImage,Tiny,models/v2/clip_lora_fold1_best_v1.pt,models/v2/v2_10b_h2_balanced_logreg_fold1_v1.joblib
1,screenshot_strong,pilot_003375,1,0.07088629901409149,tiny::ADM,,models/v2/clip_lora_fold1_best_v1.pt,models/v2/v2_10b_h2_balanced_logreg_fold1_v1.joblib
1,screenshot_strong,pilot_003383,1,0.14229470491409302,tiny::SD15,,models/v2/clip_lora_fold1_best_v1.pt,models/v2/v2_10b_h2_balanced_logreg_fold1_v1.joblib
1,screenshot_strong,pilot_003386,0,0.09309691190719604,real::Tiny-GenImage,Tiny,models/v2/clip_lora_fold1_best_v1.pt,models/v2/v2_10b_h2_balanced_logreg_fold1_v1.joblib
1,screenshot_strong,pilot_003389,1,0.04931090772151947,tiny::ADM,,models/v2/clip_lora_fold1_best_v1.pt,models/v2/v2_10b_h2_balanced_logreg_fold1_v1.joblib
1,screenshot_strong,pilot_003390,0,0.1423311084508896,real::Tiny-GenImage,Tiny,models/v2/clip_lora_fold1_best_v1.pt,models/v2/v2_10b_h2_balanced_logreg_fold1_v1.joblib
1,screenshot_strong,pilot_003397,1,0.15910649299621582,tiny::SD15,,models/v2/clip_lora_fold1_best_v1.pt,models/v2/v2_10b_h2_balanced_logreg_fold1_v1.joblib
1,screenshot_strong,pilot_003403,1,0.03335263207554817,tiny::ADM,,models/v2/clip_lora_fold1_best_v1.pt,models/v2/v2_10b_h2_balanced_logreg_fold1_v1.joblib
1,screenshot_strong,pilot_003411,1,0.05324997752904892,tiny::SD15,,models/v2/clip_lora_fold1_best_v1.pt,models/v2/v2_10b_h2_balanced_logreg_fold1_v1.joblib
1,screenshot_strong,pilot_003417,1,0.5946900248527527,tiny::ADM,,models/v2/clip_lora_fold1_best_v1.pt,models/v2/v2_10b_h2_balanced_logreg_fold1_v1.joblib
1,screenshot_strong,pilot_003424,0,0.03720245137810707,real::Tiny-GenImage,Tiny,models/v2/clip_lora_fold1_best_v1.pt,models/v2/v2_10b_h2_balanced_logreg_fold1_v1.joblib
1,screenshot_strong,pilot_003425,1,0.2061803638935089,tiny::SD15,,models/v2/clip_lora_fold1_best_v1.pt,models/v2/v2_10b_h2_balanced_logreg_fold1_v1.joblib
1,screenshot_strong,pilot_003431,1,0.04559798911213875,tiny::ADM,,models/v2/clip_lora_fold1_best_v1.pt,models/v2/v2_10b_h2_balanced_logreg_fold1_v1.joblib
1,screenshot_strong,pilot_003438,0,0.03247946500778198,real::Tiny-GenImage,Tiny,models/v2/clip_lora_fold1_best_v1.pt,models/v2/v2_10b_h2_balanced_logreg_fold1_v1.joblib
1,screenshot_strong,pilot_003439,1,0.060680098831653595,tiny::SD15,,models/v2/clip_lora_fold1_best_v1.pt,models/v2/v2_10b_h2_balanced_logreg_fold1_v1.joblib
1,screenshot_strong,pilot_003444,0,0.016531696543097496,real::Tiny-GenImage,Tiny,models/v2/clip_lora_fold1_best_v1.pt,models/v2/v2_10b_h2_balanced_logreg_fold1_v1.joblib
1,screenshot_strong,pilot_003445,1,0.018515897914767265,tiny::ADM,,models/v2/clip_lora_fold1_best_v1.pt,models/v2/v2_10b_h2_balanced_logreg_fold1_v1.joblib
1,screenshot_strong,pilot_003446,0,0.03331739827990532,real::Tiny-GenImage,Tiny,models/v2/clip_lora_fold1_best_v1.pt,models/v2/v2_10b_h2_balanced_logreg_fold1_v1.joblib
1,screenshot_strong,pilot_003453,1,0.0758727416396141,tiny::SD15,,models/v2/clip_lora_fold1_best_v1.pt,models/v2/v2_10b_h2_balanced_logreg_fold1_v1.joblib
1,screenshot_strong,pilot_003459,1,0.1261403113603592,tiny::ADM,,models/v2/clip_lora_fold1_best_v1.pt,models/v2/v2_10b_h2_balanced_logreg_fold1_v1.joblib
1,screenshot_strong,pilot_003464,0,0.05928312614560127,real::Tiny-GenImage,Tiny,models/v2/clip_lora_fold1_best_v1.pt,models/v2/v2_10b_h2_balanced_logreg_fold1_v1.joblib
1,screenshot_strong,pilot_003466,0,0.0781998261809349,real::Tiny-GenImage,Tiny,models/v2/clip_lora_fold1_best_v1.pt,models/v2/v2_10b_h2_balanced_logreg_fold1_v1.joblib
1,screenshot_strong,pilot_003467,1,0.028023822233080864,tiny::SD15,,models/v2/clip_lora_fold1_best_v1.pt,models/v2/v2_10b_h2_balanced_logreg_fold1_v1.joblib
1,screenshot_strong,pilot_003473,1,0.02883354388177395,tiny::ADM,,models/v2/clip_lora_fold1_best_v1.pt,models/v2/v2_10b_h2_balanced_logreg_fold1_v1.joblib
1,screenshot_strong,pilot_003478,0,0.04386275261640549,real::Tiny-GenImage,Tiny,models/v2/clip_lora_fold1_best_v1.pt,models/v2/v2_10b_h2_balanced_logreg_fold1_v1.joblib
1,screenshot_strong,pilot_003481,1,0.40854284167289734,tiny::SD15,,models/v2/clip_lora_fold1_best_v1.pt,models/v2/v2_10b_h2_balanced_logreg_fold1_v1.joblib
1,screenshot_strong,pilot_003487,1,0.029349718242883682,tiny::ADM,,models/v2/clip_lora_fold1_best_v1.pt,models/v2/v2_10b_h2_balanced_logreg_fold1_v1.joblib
1,screenshot_strong,pilot_003495,1,0.09661371260881424,tiny::SD15,,models/v2/clip_lora_fold1_best_v1.pt,models/v2/v2_10b_h2_balanced_logreg_fold1_v1.joblib
1,screenshot_strong,pilot_003501,1,0.0938321202993393,tiny::ADM,,models/v2/clip_lora_fold1_best_v1.pt,models/v2/v2_10b_h2_balanced_logreg_fold1_v1.joblib
1,screenshot_strong,pilot_003508,0,0.052632302045822144,real::Tiny-GenImage,Tiny,models/v2/clip_lora_fold1_best_v1.pt,models/v2/v2_10b_h2_balanced_logreg_fold1_v1.joblib
1,screenshot_strong,pilot_003509,1,0.17265565693378448,tiny::SD15,,models/v2/clip_lora_fold1_best_v1.pt,models/v2/v2_10b_h2_balanced_logreg_fold1_v1.joblib
1,screenshot_strong,pilot_003514,0,0.31063082814216614,real::Tiny-GenImage,Tiny,models/v2/clip_lora_fold1_best_v1.pt,models/v2/v2_10b_h2_balanced_logreg_fold1_v1.joblib
1,screenshot_strong,pilot_003515,1,0.011791386641561985,tiny::ADM,,models/v2/clip_lora_fold1_best_v1.pt,models/v2/v2_10b_h2_balanced_logreg_fold1_v1.joblib
1,screenshot_strong,pilot_003523,1,0.40866875648498535,tiny::SD15,,models/v2/clip_lora_fold1_best_v1.pt,models/v2/v2_10b_h2_balanced_logreg_fold1_v1.joblib
1,screenshot_strong,pilot_003526,0,0.04714026302099228,real::Tiny-GenImage,Tiny,models/v2/clip_lora_fold1_best_v1.pt,models/v2/v2_10b_h2_balanced_logreg_fold1_v1.joblib
1,screenshot_strong,pilot_003529,1,0.03427105396986008,tiny::ADM,,models/v2/clip_lora_fold1_best_v1.pt,models/v2/v2_10b_h2_balanced_logreg_fold1_v1.joblib
1,screenshot_strong,pilot_003530,0,0.05494782701134682,real::Tiny-GenImage,Tiny,models/v2/clip_lora_fold1_best_v1.pt,models/v2/v2_10b_h2_balanced_logreg_fold1_v1.joblib
1,screenshot_strong,pilot_003537,1,0.41730183362960815,tiny::SD15,,models/v2/clip_lora_fold1_best_v1.pt,models/v2/v2_10b_h2_balanced_logreg_fold1_v1.joblib
1,screenshot_strong,pilot_003540,0,0.02117982506752014,real::Tiny-GenImage,Tiny,models/v2/clip_lora_fold1_best_v1.pt,models/v2/v2_10b_h2_balanced_logreg_fold1_v1.joblib
1,screenshot_strong,pilot_003543,1,0.06579352170228958,tiny::ADM,,models/v2/clip_lora_fold1_best_v1.pt,models/v2/v2_10b_h2_balanced_logreg_fold1_v1.joblib
1,screenshot_strong,pilot_003551,1,0.038996465504169464,tiny::SD15,,models/v2/clip_lora_fold1_best_v1.pt,models/v2/v2_10b_h2_balanced_logreg_fold1_v1.joblib
1,screenshot_strong,pilot_003557,1,0.02881239913403988,tiny::ADM,,models/v2/clip_lora_fold1_best_v1.pt,models/v2/v2_10b_h2_balanced_logreg_fold1_v1.joblib
1,screenshot_strong,pilot_003564,0,0.271546870470047,real::Tiny-GenImage,Tiny,models/v2/clip_lora_fold1_best_v1.pt,models/v2/v2_10b_h2_balanced_logreg_fold1_v1.joblib
1,screenshot_strong,pilot_003565,1,0.149662584066391,tiny::SD15,,models/v2/clip_lora_fold1_best_v1.pt,models/v2/v2_10b_h2_balanced_logreg_fold1_v1.joblib
1,screenshot_strong,pilot_003568,0,0.07370702922344208,real::Tiny-GenImage,Tiny,models/v2/clip_lora_fold1_best_v1.pt,models/v2/v2_10b_h2_balanced_logreg_fold1_v1.joblib
1,screenshot_strong,pilot_003571,1,0.018561799079179764,tiny::ADM,,models/v2/clip_lora_fold1_best_v1.pt,models/v2/v2_10b_h2_balanced_logreg_fold1_v1.joblib
1,screenshot_strong,pilot_003574,0,0.3195708990097046,real::Tiny-GenImage,Tiny,models/v2/clip_lora_fold1_best_v1.pt,models/v2/v2_10b_h2_balanced_logreg_fold1_v1.joblib
1,screenshot_strong,pilot_003578,0,0.06238992512226105,real::Tiny-GenImage,Tiny,models/v2/clip_lora_fold1_best_v1.pt,models/v2/v2_10b_h2_balanced_logreg_fold1_v1.joblib
1,screenshot_strong,pilot_003579,1,0.09987897425889969,tiny::SD15,,models/v2/clip_lora_fold1_best_v1.pt,models/v2/v2_10b_h2_balanced_logreg_fold1_v1.joblib
1,screenshot_strong,pilot_003584,0,0.4653593599796295,real::Tiny-GenImage,Tiny,models/v2/clip_lora_fold1_best_v1.pt,models/v2/v2_10b_h2_balanced_logreg_fold1_v1.joblib
1,screenshot_strong,pilot_003585,1,0.2814859449863434,tiny::ADM,,models/v2/clip_lora_fold1_best_v1.pt,models/v2/v2_10b_h2_balanced_logreg_fold1_v1.joblib
1,screenshot_strong,pilot_003593,1,0.4879850745201111,tiny::SD15,,models/v2/clip_lora_fold1_best_v1.pt,models/v2/v2_10b_h2_balanced_logreg_fold1_v1.joblib
1,screenshot_strong,pilot_003599,1,0.08774089068174362,tiny::ADM,,models/v2/clip_lora_fold1_best_v1.pt,models/v2/v2_10b_h2_balanced_logreg_fold1_v1.joblib
1,screenshot_strong,pilot_003600,0,0.06183554604649544,real::Tiny-GenImage,Tiny,models/v2/clip_lora_fold1_best_v1.pt,models/v2/v2_10b_h2_balanced_logreg_fold1_v1.joblib
1,screenshot_strong,pilot_003606,0,0.04149416834115982,real::Tiny-GenImage,Tiny,models/v2/clip_lora_fold1_best_v1.pt,models/v2/v2_10b_h2_balanced_logreg_fold1_v1.joblib
1,screenshot_strong,pilot_003607,1,0.6385858654975891,tiny::SD15,,models/v2/clip_lora_fold1_best_v1.pt,models/v2/v2_10b_h2_balanced_logreg_fold1_v1.joblib
1,screenshot_strong,pilot_003613,1,0.10923290252685547,tiny::ADM,,models/v2/clip_lora_fold1_best_v1.pt,models/v2/v2_10b_h2_balanced_logreg_fold1_v1.joblib
1,screenshot_strong,pilot_003620,0,0.07769732177257538,real::Tiny-GenImage,Tiny,models/v2/clip_lora_fold1_best_v1.pt,models/v2/v2_10b_h2_balanced_logreg_fold1_v1.joblib
1,screenshot_strong,pilot_003621,1,0.7885069251060486,tiny::SD15,,models/v2/clip_lora_fold1_best_v1.pt,models/v2/v2_10b_h2_balanced_logreg_fold1_v1.joblib
1,screenshot_strong,pilot_003622,0,0.020248625427484512,real::Tiny-GenImage,Tiny,models/v2/clip_lora_fold1_best_v1.pt,models/v2/v2_10b_h2_balanced_logreg_fold1_v1.joblib
1,screenshot_strong,pilot_003627,1,0.10246055573225021,tiny::ADM,,models/v2/clip_lora_fold1_best_v1.pt,models/v2/v2_10b_h2_balanced_logreg_fold1_v1.joblib
1,screenshot_strong,pilot_003634,0,0.10531309247016907,real::Tiny-GenImage,Tiny,models/v2/clip_lora_fold1_best_v1.pt,models/v2/v2_10b_h2_balanced_logreg_fold1_v1.joblib
1,screenshot_strong,pilot_003635,1,0.1531546413898468,tiny::SD15,,models/v2/clip_lora_fold1_best_v1.pt,models/v2/v2_10b_h2_balanced_logreg_fold1_v1.joblib
1,screenshot_strong,pilot_003641,1,0.08616981655359268,tiny::ADM,,models/v2/clip_lora_fold1_best_v1.pt,models/v2/v2_10b_h2_balanced_logreg_fold1_v1.joblib
1,screenshot_strong,pilot_003649,1,0.4036606252193451,tiny::SD15,,models/v2/clip_lora_fold1_best_v1.pt,models/v2/v2_10b_h2_balanced_logreg_fold1_v1.joblib
1,screenshot_strong,pilot_003650,0,0.067046158015728,real::Tiny-GenImage,Tiny,models/v2/clip_lora_fold1_best_v1.pt,models/v2/v2_10b_h2_balanced_logreg_fold1_v1.joblib
1,screenshot_strong,pilot_003652,0,0.14796088635921478,real::Tiny-GenImage,Tiny,models/v2/clip_lora_fold1_best_v1.pt,models/v2/v2_10b_h2_balanced_logreg_fold1_v1.joblib
1,screenshot_strong,pilot_003655,1,0.15378643572330475,tiny::ADM,,models/v2/clip_lora_fold1_best_v1.pt,models/v2/v2_10b_h2_balanced_logreg_fold1_v1.joblib
1,screenshot_strong,pilot_003662,0,0.45356860756874084,real::Tiny-GenImage,Tiny,models/v2/clip_lora_fold1_best_v1.pt,models/v2/v2_10b_h2_balanced_logreg_fold1_v1.joblib
1,screenshot_strong,pilot_003663,1,0.6000458598136902,tiny::SD15,,models/v2/clip_lora_fold1_best_v1.pt,models/v2/v2_10b_h2_balanced_logreg_fold1_v1.joblib
1,screenshot_strong,pilot_003669,1,0.03964584693312645,tiny::ADM,,models/v2/clip_lora_fold1_best_v1.pt,models/v2/v2_10b_h2_balanced_logreg_fold1_v1.joblib
1,screenshot_strong,pilot_003672,0,0.5254363417625427,real::Tiny-GenImage,Tiny,models/v2/clip_lora_fold1_best_v1.pt,models/v2/v2_10b_h2_balanced_logreg_fold1_v1.joblib
1,screenshot_strong,pilot_003677,1,0.4724070727825165,tiny::SD15,,models/v2/clip_lora_fold1_best_v1.pt,models/v2/v2_10b_h2_balanced_logreg_fold1_v1.joblib
1,screenshot_strong,pilot_003682,0,0.051619045436382294,real::Tiny-GenImage,Tiny,models/v2/clip_lora_fold1_best_v1.pt,models/v2/v2_10b_h2_balanced_logreg_fold1_v1.joblib
1,screenshot_strong,pilot_003683,1,0.01727762073278427,tiny::ADM,,models/v2/clip_lora_fold1_best_v1.pt,models/v2/v2_10b_h2_balanced_logreg_fold1_v1.joblib
1,screenshot_strong,pilot_003691,1,0.7631822228431702,tiny::SD15,,models/v2/clip_lora_fold1_best_v1.pt,models/v2/v2_10b_h2_balanced_logreg_fold1_v1.joblib
1,screenshot_strong,pilot_003697,1,0.137365460395813,tiny::ADM,,models/v2/clip_lora_fold1_best_v1.pt,models/v2/v2_10b_h2_balanced_logreg_fold1_v1.joblib
1,screenshot_strong,pilot_003700,0,0.1117570549249649,real::Tiny-GenImage,Tiny,models/v2/clip_lora_fold1_best_v1.pt,models/v2/v2_10b_h2_balanced_logreg_fold1_v1.joblib
1,screenshot_strong,pilot_003702,0,0.25928065180778503,real::Tiny-GenImage,Tiny,models/v2/clip_lora_fold1_best_v1.pt,models/v2/v2_10b_h2_balanced_logreg_fold1_v1.joblib
1,screenshot_strong,pilot_003705,1,0.2549714148044586,tiny::SD15,,models/v2/clip_lora_fold1_best_v1.pt,models/v2/v2_10b_h2_balanced_logreg_fold1_v1.joblib
1,screenshot_strong,pilot_003708,0,0.05135784670710564,real::Tiny-GenImage,Tiny,models/v2/clip_lora_fold1_best_v1.pt,models/v2/v2_10b_h2_balanced_logreg_fold1_v1.joblib
1,screenshot_strong,pilot_003711,1,0.047521039843559265,tiny::ADM,,models/v2/clip_lora_fold1_best_v1.pt,models/v2/v2_10b_h2_balanced_logreg_fold1_v1.joblib
1,screenshot_strong,pilot_003719,1,0.8800370097160339,tiny::SD15,,models/v2/clip_lora_fold1_best_v1.pt,models/v2/v2_10b_h2_balanced_logreg_fold1_v1.joblib
1,screenshot_strong,pilot_003725,1,0.1288987249135971,tiny::ADM,,models/v2/clip_lora_fold1_best_v1.pt,models/v2/v2_10b_h2_balanced_logreg_fold1_v1.joblib
1,screenshot_strong,pilot_003728,0,0.04265302047133446,real::Tiny-GenImage,Tiny,models/v2/clip_lora_fold1_best_v1.pt,models/v2/v2_10b_h2_balanced_logreg_fold1_v1.joblib
1,screenshot_strong,pilot_003732,0,0.058398377150297165,real::Tiny-GenImage,Tiny,models/v2/clip_lora_fold1_best_v1.pt,models/v2/v2_10b_h2_balanced_logreg_fold1_v1.joblib
1,screenshot_strong,pilot_003733,1,0.3340347111225128,tiny::SD15,,models/v2/clip_lora_fold1_best_v1.pt,models/v2/v2_10b_h2_balanced_logreg_fold1_v1.joblib
1,screenshot_strong,pilot_003739,1,0.03682323545217514,tiny::ADM,,models/v2/clip_lora_fold1_best_v1.pt,models/v2/v2_10b_h2_balanced_logreg_fold1_v1.joblib
1,screenshot_strong,pilot_003747,1,0.04027394950389862,tiny::SD15,,models/v2/clip_lora_fold1_best_v1.pt,models/v2/v2_10b_h2_balanced_logreg_fold1_v1.joblib
1,screenshot_strong,pilot_003753,1,0.004062905441969633,tiny::ADM,,models/v2/clip_lora_fold1_best_v1.pt,models/v2/v2_10b_h2_balanced_logreg_fold1_v1.joblib
1,screenshot_strong,pilot_003761,1,0.09056583791971207,tiny::SD15,,models/v2/clip_lora_fold1_best_v1.pt,models/v2/v2_10b_h2_balanced_logreg_fold1_v1.joblib
1,screenshot_strong,pilot_003767,1,0.051596932113170624,tiny::ADM,,models/v2/clip_lora_fold1_best_v1.pt,models/v2/v2_10b_h2_balanced_logreg_fold1_v1.joblib
1,screenshot_strong,pilot_003775,1,0.7540507912635803,tiny::SD15,,models/v2/clip_lora_fold1_best_v1.pt,models/v2/v2_10b_h2_balanced_logreg_fold1_v1.joblib
1,screenshot_strong,pilot_003781,1,0.05894671007990837,tiny::ADM,,models/v2/clip_lora_fold1_best_v1.pt,models/v2/v2_10b_h2_balanced_logreg_fold1_v1.joblib
1,screenshot_strong,pilot_003784,0,0.6958891153335571,real::Tiny-GenImage,Tiny,models/v2/clip_lora_fold1_best_v1.pt,models/v2/v2_10b_h2_balanced_logreg_fold1_v1.joblib
1,screenshot_strong,pilot_003786,0,0.07081745564937592,real::Tiny-GenImage,Tiny,models/v2/clip_lora_fold1_best_v1.pt,models/v2/v2_10b_h2_balanced_logreg_fold1_v1.joblib
1,screenshot_strong,pilot_003789,1,0.02294488251209259,tiny::SD15,,models/v2/clip_lora_fold1_best_v1.pt,models/v2/v2_10b_h2_balanced_logreg_fold1_v1.joblib
1,screenshot_strong,pilot_003795,1,0.07232587039470673,tiny::ADM,,models/v2/clip_lora_fold1_best_v1.pt,models/v2/v2_10b_h2_balanced_logreg_fold1_v1.joblib
1,screenshot_strong,pilot_003803,1,0.6413503885269165,tiny::SD15,,models/v2/clip_lora_fold1_best_v1.pt,models/v2/v2_10b_h2_balanced_logreg_fold1_v1.joblib
1,screenshot_strong,pilot_003809,1,0.1694791615009308,tiny::ADM,,models/v2/clip_lora_fold1_best_v1.pt,models/v2/v2_10b_h2_balanced_logreg_fold1_v1.joblib
1,screenshot_strong,pilot_003817,1,0.6052770018577576,tiny::SD15,,models/v2/clip_lora_fold1_best_v1.pt,models/v2/v2_10b_h2_balanced_logreg_fold1_v1.joblib
1,screenshot_strong,pilot_003823,1,0.016235366463661194,tiny::ADM,,models/v2/clip_lora_fold1_best_v1.pt,models/v2/v2_10b_h2_balanced_logreg_fold1_v1.joblib
1,screenshot_strong,pilot_003831,1,0.44144052267074585,tiny::SD15,,models/v2/clip_lora_fold1_best_v1.pt,models/v2/v2_10b_h2_balanced_logreg_fold1_v1.joblib
1,screenshot_strong,pilot_003836,0,0.056293416768312454,real::Tiny-GenImage,Tiny,models/v2/clip_lora_fold1_best_v1.pt,models/v2/v2_10b_h2_balanced_logreg_fold1_v1.joblib
1,screenshot_strong,pilot_003837,1,0.04034757986664772,tiny::ADM,,models/v2/clip_lora_fold1_best_v1.pt,models/v2/v2_10b_h2_balanced_logreg_fold1_v1.joblib
1,screenshot_strong,pilot_003845,1,0.1917886734008789,tiny::SD15,,models/v2/clip_lora_fold1_best_v1.pt,models/v2/v2_10b_h2_balanced_logreg_fold1_v1.joblib
1,screenshot_strong,pilot_003851,1,0.021606959402561188,tiny::ADM,,models/v2/clip_lora_fold1_best_v1.pt,models/v2/v2_10b_h2_balanced_logreg_fold1_v1.joblib
1,screenshot_strong,pilot_003858,0,0.6823447942733765,real::Tiny-GenImage,Tiny,models/v2/clip_lora_fold1_best_v1.pt,models/v2/v2_10b_h2_balanced_logreg_fold1_v1.joblib
1,screenshot_strong,pilot_003859,1,0.5616671442985535,tiny::SD15,,models/v2/clip_lora_fold1_best_v1.pt,models/v2/v2_10b_h2_balanced_logreg_fold1_v1.joblib
1,screenshot_strong,pilot_003865,1,0.2577532231807709,tiny::ADM,,models/v2/clip_lora_fold1_best_v1.pt,models/v2/v2_10b_h2_balanced_logreg_fold1_v1.joblib
1,screenshot_strong,pilot_003873,1,0.5095553398132324,tiny::SD15,,models/v2/clip_lora_fold1_best_v1.pt,models/v2/v2_10b_h2_balanced_logreg_fold1_v1.joblib
1,screenshot_strong,pilot_003874,0,0.03497739136219025,real::Tiny-GenImage,Tiny,models/v2/clip_lora_fold1_best_v1.pt,models/v2/v2_10b_h2_balanced_logreg_fold1_v1.joblib
1,screenshot_strong,pilot_003879,1,0.04917280003428459,tiny::ADM,,models/v2/clip_lora_fold1_best_v1.pt,models/v2/v2_10b_h2_balanced_logreg_fold1_v1.joblib
1,screenshot_strong,pilot_003886,0,0.542714536190033,real::Tiny-GenImage,Tiny,models/v2/clip_lora_fold1_best_v1.pt,models/v2/v2_10b_h2_balanced_logreg_fold1_v1.joblib
1,screenshot_strong,pilot_003887,1,0.2827898859977722,tiny::SD15,,models/v2/clip_lora_fold1_best_v1.pt,models/v2/v2_10b_h2_balanced_logreg_fold1_v1.joblib
1,screenshot_strong,pilot_003888,0,0.07286430150270462,real::Tiny-GenImage,Tiny,models/v2/clip_lora_fold1_best_v1.pt,models/v2/v2_10b_h2_balanced_logreg_fold1_v1.joblib
1,screenshot_strong,pilot_003893,1,0.06106552854180336,tiny::ADM,,models/v2/clip_lora_fold1_best_v1.pt,models/v2/v2_10b_h2_balanced_logreg_fold1_v1.joblib
1,screenshot_strong,pilot_003901,1,0.305711954832077,tiny::SD15,,models/v2/clip_lora_fold1_best_v1.pt,models/v2/v2_10b_h2_balanced_logreg_fold1_v1.joblib
1,screenshot_strong,pilot_003902,0,0.16044192016124725,real::Tiny-GenImage,Tiny,models/v2/clip_lora_fold1_best_v1.pt,models/v2/v2_10b_h2_balanced_logreg_fold1_v1.joblib
1,screenshot_strong,pilot_003907,1,0.06557410955429077,tiny::ADM,,models/v2/clip_lora_fold1_best_v1.pt,models/v2/v2_10b_h2_balanced_logreg_fold1_v1.joblib
1,screenshot_strong,pilot_003915,1,0.7529289722442627,tiny::SD15,,models/v2/clip_lora_fold1_best_v1.pt,models/v2/v2_10b_h2_balanced_logreg_fold1_v1.joblib
1,screenshot_strong,pilot_003916,0,0.014033179730176926,real::Tiny-GenImage,Tiny,models/v2/clip_lora_fold1_best_v1.pt,models/v2/v2_10b_h2_balanced_logreg_fold1_v1.joblib
1,screenshot_strong,pilot_003918,0,0.03580290824174881,real::Tiny-GenImage,Tiny,models/v2/clip_lora_fold1_best_v1.pt,models/v2/v2_10b_h2_balanced_logreg_fold1_v1.joblib
1,screenshot_strong,pilot_003921,1,0.16360752284526825,tiny::ADM,,models/v2/clip_lora_fold1_best_v1.pt,models/v2/v2_10b_h2_balanced_logreg_fold1_v1.joblib
1,screenshot_strong,pilot_003929,1,0.22541703283786774,tiny::SD15,,models/v2/clip_lora_fold1_best_v1.pt,models/v2/v2_10b_h2_balanced_logreg_fold1_v1.joblib
1,screenshot_strong,pilot_003932,0,0.1379612684249878,real::Tiny-GenImage,Tiny,models/v2/clip_lora_fold1_best_v1.pt,models/v2/v2_10b_h2_balanced_logreg_fold1_v1.joblib
1,screenshot_strong,pilot_003935,1,0.06270880997180939,tiny::ADM,,models/v2/clip_lora_fold1_best_v1.pt,models/v2/v2_10b_h2_balanced_logreg_fold1_v1.joblib
1,screenshot_strong,pilot_003943,1,0.12055440992116928,tiny::SD15,,models/v2/clip_lora_fold1_best_v1.pt,models/v2/v2_10b_h2_balanced_logreg_fold1_v1.joblib
1,screenshot_strong,pilot_003946,0,0.0915553867816925,real::Tiny-GenImage,Tiny,models/v2/clip_lora_fold1_best_v1.pt,models/v2/v2_10b_h2_balanced_logreg_fold1_v1.joblib
1,screenshot_strong,pilot_003949,1,0.07777707278728485,tiny::ADM,,models/v2/clip_lora_fold1_best_v1.pt,models/v2/v2_10b_h2_balanced_logreg_fold1_v1.joblib
1,screenshot_strong,pilot_003957,1,0.4093436002731323,tiny::SD15,,models/v2/clip_lora_fold1_best_v1.pt,models/v2/v2_10b_h2_balanced_logreg_fold1_v1.joblib
1,screenshot_strong,pilot_003960,0,0.2084372341632843,real::Tiny-GenImage,Tiny,models/v2/clip_lora_fold1_best_v1.pt,models/v2/v2_10b_h2_balanced_logreg_fold1_v1.joblib
1,screenshot_strong,pilot_003963,1,0.21902920305728912,tiny::ADM,,models/v2/clip_lora_fold1_best_v1.pt,models/v2/v2_10b_h2_balanced_logreg_fold1_v1.joblib
1,screenshot_strong,pilot_003964,0,0.03859099745750427,real::Tiny-GenImage,Tiny,models/v2/clip_lora_fold1_best_v1.pt,models/v2/v2_10b_h2_balanced_logreg_fold1_v1.joblib
1,screenshot_strong,pilot_003971,1,0.7061833739280701,tiny::SD15,,models/v2/clip_lora_fold1_best_v1.pt,models/v2/v2_10b_h2_balanced_logreg_fold1_v1.joblib
1,screenshot_strong,pilot_003977,1,0.15275539457798004,tiny::ADM,,models/v2/clip_lora_fold1_best_v1.pt,models/v2/v2_10b_h2_balanced_logreg_fold1_v1.joblib
1,screenshot_strong,pilot_003980,0,0.03238935396075249,real::Tiny-GenImage,Tiny,models/v2/clip_lora_fold1_best_v1.pt,models/v2/v2_10b_h2_balanced_logreg_fold1_v1.joblib
1,screenshot_strong,pilot_003985,1,0.6831057071685791,tiny::SD15,,models/v2/clip_lora_fold1_best_v1.pt,models/v2/v2_10b_h2_balanced_logreg_fold1_v1.joblib
1,screenshot_strong,pilot_003988,0,0.030797597020864487,real::Tiny-GenImage,Tiny,models/v2/clip_lora_fold1_best_v1.pt,models/v2/v2_10b_h2_balanced_logreg_fold1_v1.joblib
1,screenshot_strong,pilot_003991,1,0.027507996186614037,tiny::ADM,,models/v2/clip_lora_fold1_best_v1.pt,models/v2/v2_10b_h2_balanced_logreg_fold1_v1.joblib
1,screenshot_strong,pilot_003992,0,0.6011468172073364,real::Tiny-GenImage,Tiny,models/v2/clip_lora_fold1_best_v1.pt,models/v2/v2_10b_h2_balanced_logreg_fold1_v1.joblib
1,screenshot_strong,pilot_003999,1,0.2982371747493744,tiny::SD15,,models/v2/clip_lora_fold1_best_v1.pt,models/v2/v2_10b_h2_balanced_logreg_fold1_v1.joblib
1,screenshot_strong,MLLM_HYB_GPT-Image2-fake_1,1,0.0837310254573822,mllm::GPT_Image_2,,models/v2/clip_lora_fold1_best_v1.pt,models/v2/v2_10b_h2_balanced_logreg_fold1_v1.joblib
1,screenshot_strong,MLLM_HYB_GPT-Image2-fake_10,1,0.08634199947118759,mllm::GPT_Image_2,,models/v2/clip_lora_fold1_best_v1.pt,models/v2/v2_10b_h2_balanced_logreg_fold1_v1.joblib
1,screenshot_strong,MLLM_HYB_GPT-Image2-fake_100,1,0.4062114357948303,mllm::GPT_Image_2,,models/v2/clip_lora_fold1_best_v1.pt,models/v2/v2_10b_h2_balanced_logreg_fold1_v1.joblib
1,screenshot_strong,MLLM_HYB_GPT-Image2-fake_101,1,0.5651968717575073,mllm::GPT_Image_2,,models/v2/clip_lora_fold1_best_v1.pt,models/v2/v2_10b_h2_balanced_logreg_fold1_v1.joblib
1,screenshot_strong,MLLM_HYB_GPT-Image2-fake_102,1,0.05665309727191925,mllm::GPT_Image_2,,models/v2/clip_lora_fold1_best_v1.pt,models/v2/v2_10b_h2_balanced_logreg_fold1_v1.joblib
1,screenshot_strong,MLLM_HYB_GPT-Image2-fake_103,1,0.09907954186201096,mllm::GPT_Image_2,,models/v2/clip_lora_fold1_best_v1.pt,models/v2/v2_10b_h2_balanced_logreg_fold1_v1.joblib
1,screenshot_strong,MLLM_HYB_GPT-Image2-fake_104,1,0.05643099918961525,mllm::GPT_Image_2,,models/v2/clip_lora_fold1_best_v1.pt,models/v2/v2_10b_h2_balanced_logreg_fold1_v1.joblib
1,screenshot_strong,MLLM_HYB_GPT-Image2-fake_105,1,0.5895918011665344,mllm::GPT_Image_2,,models/v2/clip_lora_fold1_best_v1.pt,models/v2/v2_10b_h2_balanced_logreg_fold1_v1.joblib
1,screenshot_strong,MLLM_HYB_GPT-Image2-fake_106,1,0.46311697363853455,mllm::GPT_Image_2,,models/v2/clip_lora_fold1_best_v1.pt,models/v2/v2_10b_h2_balanced_logreg_fold1_v1.joblib
1,screenshot_strong,MLLM_HYB_GPT-Image2-fake_107,1,0.7053731679916382,mllm::GPT_Image_2,,models/v2/clip_lora_fold1_best_v1.pt,models/v2/v2_10b_h2_balanced_logreg_fold1_v1.joblib
1,screenshot_strong,MLLM_HYB_GPT-Image2-fake_108,1,0.13094666600227356,mllm::GPT_Image_2,,models/v2/clip_lora_fold1_best_v1.pt,models/v2/v2_10b_h2_balanced_logreg_fold1_v1.joblib
1,screenshot_strong,MLLM_HYB_GPT-Image2-fake_109,1,0.16056720912456512,mllm::GPT_Image_2,,models/v2/clip_lora_fold1_best_v1.pt,models/v2/v2_10b_h2_balanced_logreg_fold1_v1.joblib
1,screenshot_strong,MLLM_HYB_GPT-Image2-fake_11,1,0.42129433155059814,mllm::GPT_Image_2,,models/v2/clip_lora_fold1_best_v1.pt,models/v2/v2_10b_h2_balanced_logreg_fold1_v1.joblib
1,screenshot_strong,MLLM_HYB_GPT-Image2-fake_110,1,0.17052200436592102,mllm::GPT_Image_2,,models/v2/clip_lora_fold1_best_v1.pt,models/v2/v2_10b_h2_balanced_logreg_fold1_v1.joblib
1,screenshot_strong,MLLM_HYB_GPT-Image2-fake_111,1,0.3816561996936798,mllm::GPT_Image_2,,models/v2/clip_lora_fold1_best_v1.pt,models/v2/v2_10b_h2_balanced_logreg_fold1_v1.joblib
1,screenshot_strong,MLLM_HYB_GPT-Image2-fake_112,1,0.46919962763786316,mllm::GPT_Image_2,,models/v2/clip_lora_fold1_best_v1.pt,models/v2/v2_10b_h2_balanced_logreg_fold1_v1.joblib
1,screenshot_strong,MLLM_HYB_GPT-Image2-fake_113,1,0.4616547226905823,mllm::GPT_Image_2,,models/v2/clip_lora_fold1_best_v1.pt,models/v2/v2_10b_h2_balanced_logreg_fold1_v1.joblib
1,screenshot_strong,MLLM_HYB_GPT-Image2-fake_114,1,0.2721020579338074,mllm::GPT_Image_2,,models/v2/clip_lora_fold1_best_v1.pt,models/v2/v2_10b_h2_balanced_logreg_fold1_v1.joblib
1,screenshot_strong,MLLM_HYB_GPT-Image2-fake_115,1,0.45003294944763184,mllm::GPT_Image_2,,models/v2/clip_lora_fold1_best_v1.pt,models/v2/v2_10b_h2_balanced_logreg_fold1_v1.joblib
1,screenshot_strong,MLLM_HYB_GPT-Image2-fake_116,1,0.381581574678421,mllm::GPT_Image_2,,models/v2/clip_lora_fold1_best_v1.pt,models/v2/v2_10b_h2_balanced_logreg_fold1_v1.joblib
1,screenshot_strong,MLLM_HYB_GPT-Image2-fake_117,1,0.35327598452568054,mllm::GPT_Image_2,,models/v2/clip_lora_fold1_best_v1.pt,models/v2/v2_10b_h2_balanced_logreg_fold1_v1.joblib
1,screenshot_strong,MLLM_HYB_GPT-Image2-fake_118,1,0.36204853653907776,mllm::GPT_Image_2,,models/v2/clip_lora_fold1_best_v1.pt,models/v2/v2_10b_h2_balanced_logreg_fold1_v1.joblib
1,screenshot_strong,MLLM_HYB_GPT-Image2-fake_119,1,0.4390779137611389,mllm::GPT_Image_2,,models/v2/clip_lora_fold1_best_v1.pt,models/v2/v2_10b_h2_balanced_logreg_fold1_v1.joblib
1,screenshot_strong,MLLM_HYB_GPT-Image2-fake_12,1,0.1891297698020935,mllm::GPT_Image_2,,models/v2/clip_lora_fold1_best_v1.pt,models/v2/v2_10b_h2_balanced_logreg_fold1_v1.joblib
1,screenshot_strong,MLLM_HYB_GPT-Image2-fake_120,1,0.36103203892707825,mllm::GPT_Image_2,,models/v2/clip_lora_fold1_best_v1.pt,models/v2/v2_10b_h2_balanced_logreg_fold1_v1.joblib
1,screenshot_strong,MLLM_HYB_GPT-Image2-fake_121,1,0.41268953680992126,mllm::GPT_Image_2,,models/v2/clip_lora_fold1_best_v1.pt,models/v2/v2_10b_h2_balanced_logreg_fold1_v1.joblib
1,screenshot_strong,MLLM_HYB_GPT-Image2-fake_122,1,0.27511394023895264,mllm::GPT_Image_2,,models/v2/clip_lora_fold1_best_v1.pt,models/v2/v2_10b_h2_balanced_logreg_fold1_v1.joblib
1,screenshot_strong,MLLM_HYB_GPT-Image2-fake_123,1,0.4727593660354614,mllm::GPT_Image_2,,models/v2/clip_lora_fold1_best_v1.pt,models/v2/v2_10b_h2_balanced_logreg_fold1_v1.joblib
1,screenshot_strong,MLLM_HYB_GPT-Image2-fake_124,1,0.40248045325279236,mllm::GPT_Image_2,,models/v2/clip_lora_fold1_best_v1.pt,models/v2/v2_10b_h2_balanced_logreg_fold1_v1.joblib
1,screenshot_strong,MLLM_HYB_GPT-Image2-fake_125,1,0.4582505524158478,mllm::GPT_Image_2,,models/v2/clip_lora_fold1_best_v1.pt,models/v2/v2_10b_h2_balanced_logreg_fold1_v1.joblib
1,screenshot_strong,MLLM_HYB_GPT-Image2-fake_126,1,0.482817143201828,mllm::GPT_Image_2,,models/v2/clip_lora_fold1_best_v1.pt,models/v2/v2_10b_h2_balanced_logreg_fold1_v1.joblib
1,screenshot_strong,MLLM_HYB_GPT-Image2-fake_127,1,0.5091830492019653,mllm::GPT_Image_2,,models/v2/clip_lora_fold1_best_v1.pt,models/v2/v2_10b_h2_balanced_logreg_fold1_v1.joblib
1,screenshot_strong,MLLM_HYB_GPT-Image2-fake_128,1,0.4427078068256378,mllm::GPT_Image_2,,models/v2/clip_lora_fold1_best_v1.pt,models/v2/v2_10b_h2_balanced_logreg_fold1_v1.joblib
1,screenshot_strong,MLLM_HYB_GPT-Image2-fake_129,1,0.43833643198013306,mllm::GPT_Image_2,,models/v2/clip_lora_fold1_best_v1.pt,models/v2/v2_10b_h2_balanced_logreg_fold1_v1.joblib
1,screenshot_strong,MLLM_HYB_GPT-Image2-fake_13,1,0.36552000045776367,mllm::GPT_Image_2,,models/v2/clip_lora_fold1_best_v1.pt,models/v2/v2_10b_h2_balanced_logreg_fold1_v1.joblib
1,screenshot_strong,MLLM_HYB_GPT-Image2-fake_130,1,0.41053831577301025,mllm::GPT_Image_2,,models/v2/clip_lora_fold1_best_v1.pt,models/v2/v2_10b_h2_balanced_logreg_fold1_v1.joblib
1,screenshot_strong,MLLM_HYB_GPT-Image2-fake_131,1,0.3894495368003845,mllm::GPT_Image_2,,models/v2/clip_lora_fold1_best_v1.pt,models/v2/v2_10b_h2_balanced_logreg_fold1_v1.joblib
1,screenshot_strong,MLLM_HYB_GPT-Image2-fake_132,1,0.5215734839439392,mllm::GPT_Image_2,,models/v2/clip_lora_fold1_best_v1.pt,models/v2/v2_10b_h2_balanced_logreg_fold1_v1.joblib
1,screenshot_strong,MLLM_HYB_GPT-Image2-fake_133,1,0.6331401467323303,mllm::GPT_Image_2,,models/v2/clip_lora_fold1_best_v1.pt,models/v2/v2_10b_h2_balanced_logreg_fold1_v1.joblib
1,screenshot_strong,MLLM_HYB_GPT-Image2-fake_134,1,0.5322203636169434,mllm::GPT_Image_2,,models/v2/clip_lora_fold1_best_v1.pt,models/v2/v2_10b_h2_balanced_logreg_fold1_v1.joblib
1,screenshot_strong,MLLM_HYB_GPT-Image2-fake_135,1,0.49132317304611206,mllm::GPT_Image_2,,models/v2/clip_lora_fold1_best_v1.pt,models/v2/v2_10b_h2_balanced_logreg_fold1_v1.joblib
1,screenshot_strong,MLLM_HYB_GPT-Image2-fake_136,1,0.6149515509605408,mllm::GPT_Image_2,,models/v2/clip_lora_fold1_best_v1.pt,models/v2/v2_10b_h2_balanced_logreg_fold1_v1.joblib
1,screenshot_strong,MLLM_HYB_GPT-Image2-fake_137,1,0.44421324133872986,mllm::GPT_Image_2,,models/v2/clip_lora_fold1_best_v1.pt,models/v2/v2_10b_h2_balanced_logreg_fold1_v1.joblib
1,screenshot_strong,MLLM_HYB_GPT-Image2-fake_138,1,0.33344322443008423,mllm::GPT_Image_2,,models/v2/clip_lora_fold1_best_v1.pt,models/v2/v2_10b_h2_balanced_logreg_fold1_v1.joblib
1,screenshot_strong,MLLM_HYB_GPT-Image2-fake_139,1,0.6233207583427429,mllm::GPT_Image_2,,models/v2/clip_lora_fold1_best_v1.pt,models/v2/v2_10b_h2_balanced_logreg_fold1_v1.joblib
1,screenshot_strong,MLLM_HYB_GPT-Image2-fake_14,1,0.24553318321704865,mllm::GPT_Image_2,,models/v2/clip_lora_fold1_best_v1.pt,models/v2/v2_10b_h2_balanced_logreg_fold1_v1.joblib
1,screenshot_strong,MLLM_HYB_GPT-Image2-fake_140,1,0.3780193328857422,mllm::GPT_Image_2,,models/v2/clip_lora_fold1_best_v1.pt,models/v2/v2_10b_h2_balanced_logreg_fold1_v1.joblib
1,screenshot_strong,MLLM_HYB_GPT-Image2-fake_141,1,0.27770718932151794,mllm::GPT_Image_2,,models/v2/clip_lora_fold1_best_v1.pt,models/v2/v2_10b_h2_balanced_logreg_fold1_v1.joblib
1,screenshot_strong,MLLM_HYB_GPT-Image2-fake_142,1,0.3244345784187317,mllm::GPT_Image_2,,models/v2/clip_lora_fold1_best_v1.pt,models/v2/v2_10b_h2_balanced_logreg_fold1_v1.joblib
1,screenshot_strong,MLLM_HYB_GPT-Image2-fake_143,1,0.23184406757354736,mllm::GPT_Image_2,,models/v2/clip_lora_fold1_best_v1.pt,models/v2/v2_10b_h2_balanced_logreg_fold1_v1.joblib
1,screenshot_strong,MLLM_HYB_GPT-Image2-fake_144,1,0.32469967007637024,mllm::GPT_Image_2,,models/v2/clip_lora_fold1_best_v1.pt,models/v2/v2_10b_h2_balanced_logreg_fold1_v1.joblib
1,screenshot_strong,MLLM_HYB_GPT-Image2-fake_145,1,0.49667122960090637,mllm::GPT_Image_2,,models/v2/clip_lora_fold1_best_v1.pt,models/v2/v2_10b_h2_balanced_logreg_fold1_v1.joblib
1,screenshot_strong,MLLM_HYB_GPT-Image2-fake_146,1,0.5532650947570801,mllm::GPT_Image_2,,models/v2/clip_lora_fold1_best_v1.pt,models/v2/v2_10b_h2_balanced_logreg_fold1_v1.joblib
1,screenshot_strong,MLLM_HYB_GPT-Image2-fake_147,1,0.3169465959072113,mllm::GPT_Image_2,,models/v2/clip_lora_fold1_best_v1.pt,models/v2/v2_10b_h2_balanced_logreg_fold1_v1.joblib
1,screenshot_strong,MLLM_HYB_GPT-Image2-fake_148,1,0.380741149187088,mllm::GPT_Image_2,,models/v2/clip_lora_fold1_best_v1.pt,models/v2/v2_10b_h2_balanced_logreg_fold1_v1.joblib
1,screenshot_strong,MLLM_HYB_GPT-Image2-fake_149,1,0.1582135707139969,mllm::GPT_Image_2,,models/v2/clip_lora_fold1_best_v1.pt,models/v2/v2_10b_h2_balanced_logreg_fold1_v1.joblib
1,screenshot_strong,MLLM_HYB_GPT-Image2-fake_15,1,0.1877712458372116,mllm::GPT_Image_2,,models/v2/clip_lora_fold1_best_v1.pt,models/v2/v2_10b_h2_balanced_logreg_fold1_v1.joblib
1,screenshot_strong,MLLM_HYB_GPT-Image2-fake_150,1,0.518239438533783,mllm::GPT_Image_2,,models/v2/clip_lora_fold1_best_v1.pt,models/v2/v2_10b_h2_balanced_logreg_fold1_v1.joblib
1,screenshot_strong,MLLM_HYB_GPT-Image2-fake_151,1,0.27631452679634094,mllm::GPT_Image_2,,models/v2/clip_lora_fold1_best_v1.pt,models/v2/v2_10b_h2_balanced_logreg_fold1_v1.joblib
1,screenshot_strong,MLLM_HYB_GPT-Image2-fake_152,1,0.18475501239299774,mllm::GPT_Image_2,,models/v2/clip_lora_fold1_best_v1.pt,models/v2/v2_10b_h2_balanced_logreg_fold1_v1.joblib
1,screenshot_strong,MLLM_HYB_GPT-Image2-fake_153,1,0.1635238230228424,mllm::GPT_Image_2,,models/v2/clip_lora_fold1_best_v1.pt,models/v2/v2_10b_h2_balanced_logreg_fold1_v1.joblib
1,screenshot_strong,MLLM_HYB_GPT-Image2-fake_154,1,0.3040299415588379,mllm::GPT_Image_2,,models/v2/clip_lora_fold1_best_v1.pt,models/v2/v2_10b_h2_balanced_logreg_fold1_v1.joblib
1,screenshot_strong,MLLM_HYB_GPT-Image2-fake_155,1,0.30393579602241516,mllm::GPT_Image_2,,models/v2/clip_lora_fold1_best_v1.pt,models/v2/v2_10b_h2_balanced_logreg_fold1_v1.joblib
1,screenshot_strong,MLLM_HYB_GPT-Image2-fake_156,1,0.280821293592453,mllm::GPT_Image_2,,models/v2/clip_lora_fold1_best_v1.pt,models/v2/v2_10b_h2_balanced_logreg_fold1_v1.joblib
1,screenshot_strong,MLLM_HYB_GPT-Image2-fake_157,1,0.7170759439468384,mllm::GPT_Image_2,,models/v2/clip_lora_fold1_best_v1.pt,models/v2/v2_10b_h2_balanced_logreg_fold1_v1.joblib
1,screenshot_strong,MLLM_HYB_GPT-Image2-fake_158,1,0.26379474997520447,mllm::GPT_Image_2,,models/v2/clip_lora_fold1_best_v1.pt,models/v2/v2_10b_h2_balanced_logreg_fold1_v1.joblib
1,screenshot_strong,MLLM_HYB_GPT-Image2-fake_159,1,0.3999984860420227,mllm::GPT_Image_2,,models/v2/clip_lora_fold1_best_v1.pt,models/v2/v2_10b_h2_balanced_logreg_fold1_v1.joblib
1,screenshot_strong,MLLM_HYB_GPT-Image2-fake_16,1,0.07992900907993317,mllm::GPT_Image_2,,models/v2/clip_lora_fold1_best_v1.pt,models/v2/v2_10b_h2_balanced_logreg_fold1_v1.joblib
1,screenshot_strong,MLLM_HYB_GPT-Image2-fake_160,1,0.3380054831504822,mllm::GPT_Image_2,,models/v2/clip_lora_fold1_best_v1.pt,models/v2/v2_10b_h2_balanced_logreg_fold1_v1.joblib
1,screenshot_strong,MLLM_HYB_GPT-Image2-fake_161,1,0.44379571080207825,mllm::GPT_Image_2,,models/v2/clip_lora_fold1_best_v1.pt,models/v2/v2_10b_h2_balanced_logreg_fold1_v1.joblib
1,screenshot_strong,MLLM_HYB_GPT-Image2-fake_162,1,0.5859479904174805,mllm::GPT_Image_2,,models/v2/clip_lora_fold1_best_v1.pt,models/v2/v2_10b_h2_balanced_logreg_fold1_v1.joblib
1,screenshot_strong,MLLM_HYB_GPT-Image2-fake_163,1,0.38710126280784607,mllm::GPT_Image_2,,models/v2/clip_lora_fold1_best_v1.pt,models/v2/v2_10b_h2_balanced_logreg_fold1_v1.joblib
1,screenshot_strong,MLLM_HYB_GPT-Image2-fake_164,1,0.396675705909729,mllm::GPT_Image_2,,models/v2/clip_lora_fold1_best_v1.pt,models/v2/v2_10b_h2_balanced_logreg_fold1_v1.joblib
1,screenshot_strong,MLLM_HYB_GPT-Image2-fake_165,1,0.4800110459327698,mllm::GPT_Image_2,,models/v2/clip_lora_fold1_best_v1.pt,models/v2/v2_10b_h2_balanced_logreg_fold1_v1.joblib
1,screenshot_strong,MLLM_HYB_GPT-Image2-fake_166,1,0.3210982382297516,mllm::GPT_Image_2,,models/v2/clip_lora_fold1_best_v1.pt,models/v2/v2_10b_h2_balanced_logreg_fold1_v1.joblib
1,screenshot_strong,MLLM_HYB_GPT-Image2-fake_167,1,0.33034974336624146,mllm::GPT_Image_2,,models/v2/clip_lora_fold1_best_v1.pt,models/v2/v2_10b_h2_balanced_logreg_fold1_v1.joblib
1,screenshot_strong,MLLM_HYB_GPT-Image2-fake_168,1,0.3179311156272888,mllm::GPT_Image_2,,models/v2/clip_lora_fold1_best_v1.pt,models/v2/v2_10b_h2_balanced_logreg_fold1_v1.joblib
1,screenshot_strong,MLLM_HYB_GPT-Image2-fake_169,1,0.35163795948028564,mllm::GPT_Image_2,,models/v2/clip_lora_fold1_best_v1.pt,models/v2/v2_10b_h2_balanced_logreg_fold1_v1.joblib
1,screenshot_strong,MLLM_HYB_GPT-Image2-fake_17,1,0.0828072801232338,mllm::GPT_Image_2,,models/v2/clip_lora_fold1_best_v1.pt,models/v2/v2_10b_h2_balanced_logreg_fold1_v1.joblib
1,screenshot_strong,MLLM_HYB_GPT-Image2-fake_170,1,0.2727660834789276,mllm::GPT_Image_2,,models/v2/clip_lora_fold1_best_v1.pt,models/v2/v2_10b_h2_balanced_logreg_fold1_v1.joblib
1,screenshot_strong,MLLM_HYB_GPT-Image2-fake_171,1,0.5243313908576965,mllm::GPT_Image_2,,models/v2/clip_lora_fold1_best_v1.pt,models/v2/v2_10b_h2_balanced_logreg_fold1_v1.joblib
1,screenshot_strong,MLLM_HYB_GPT-Image2-fake_172,1,0.45541393756866455,mllm::GPT_Image_2,,models/v2/clip_lora_fold1_best_v1.pt,models/v2/v2_10b_h2_balanced_logreg_fold1_v1.joblib
1,screenshot_strong,MLLM_HYB_GPT-Image2-fake_173,1,0.3857979476451874,mllm::GPT_Image_2,,models/v2/clip_lora_fold1_best_v1.pt,models/v2/v2_10b_h2_balanced_logreg_fold1_v1.joblib
1,screenshot_strong,MLLM_HYB_GPT-Image2-fake_174,1,0.4666333496570587,mllm::GPT_Image_2,,models/v2/clip_lora_fold1_best_v1.pt,models/v2/v2_10b_h2_balanced_logreg_fold1_v1.joblib
1,screenshot_strong,MLLM_HYB_GPT-Image2-fake_175,1,0.44034138321876526,mllm::GPT_Image_2,,models/v2/clip_lora_fold1_best_v1.pt,models/v2/v2_10b_h2_balanced_logreg_fold1_v1.joblib
1,screenshot_strong,MLLM_HYB_GPT-Image2-fake_176,1,0.2934415936470032,mllm::GPT_Image_2,,models/v2/clip_lora_fold1_best_v1.pt,models/v2/v2_10b_h2_balanced_logreg_fold1_v1.joblib
1,screenshot_strong,MLLM_HYB_GPT-Image2-fake_177,1,0.22074155509471893,mllm::GPT_Image_2,,models/v2/clip_lora_fold1_best_v1.pt,models/v2/v2_10b_h2_balanced_logreg_fold1_v1.joblib
1,screenshot_strong,MLLM_HYB_GPT-Image2-fake_178,1,0.06517118215560913,mllm::GPT_Image_2,,models/v2/clip_lora_fold1_best_v1.pt,models/v2/v2_10b_h2_balanced_logreg_fold1_v1.joblib
1,screenshot_strong,MLLM_HYB_GPT-Image2-fake_179,1,0.10086147487163544,mllm::GPT_Image_2,,models/v2/clip_lora_fold1_best_v1.pt,models/v2/v2_10b_h2_balanced_logreg_fold1_v1.joblib
1,screenshot_strong,MLLM_HYB_GPT-Image2-fake_18,1,0.12588633596897125,mllm::GPT_Image_2,,models/v2/clip_lora_fold1_best_v1.pt,models/v2/v2_10b_h2_balanced_logreg_fold1_v1.joblib
1,screenshot_strong,MLLM_HYB_GPT-Image2-fake_180,1,0.27060800790786743,mllm::GPT_Image_2,,models/v2/clip_lora_fold1_best_v1.pt,models/v2/v2_10b_h2_balanced_logreg_fold1_v1.joblib
1,screenshot_strong,MLLM_HYB_GPT-Image2-fake_181,1,0.30137425661087036,mllm::GPT_Image_2,,models/v2/clip_lora_fold1_best_v1.pt,models/v2/v2_10b_h2_balanced_logreg_fold1_v1.joblib
1,screenshot_strong,MLLM_HYB_GPT-Image2-fake_182,1,0.17680692672729492,mllm::GPT_Image_2,,models/v2/clip_lora_fold1_best_v1.pt,models/v2/v2_10b_h2_balanced_logreg_fold1_v1.joblib
1,screenshot_strong,MLLM_HYB_GPT-Image2-fake_183,1,0.2029644399881363,mllm::GPT_Image_2,,models/v2/clip_lora_fold1_best_v1.pt,models/v2/v2_10b_h2_balanced_logreg_fold1_v1.joblib
1,screenshot_strong,MLLM_HYB_GPT-Image2-fake_184,1,0.18819116055965424,mllm::GPT_Image_2,,models/v2/clip_lora_fold1_best_v1.pt,models/v2/v2_10b_h2_balanced_logreg_fold1_v1.joblib
1,screenshot_strong,MLLM_HYB_GPT-Image2-fake_185,1,0.3579547703266144,mllm::GPT_Image_2,,models/v2/clip_lora_fold1_best_v1.pt,models/v2/v2_10b_h2_balanced_logreg_fold1_v1.joblib
1,screenshot_strong,MLLM_HYB_GPT-Image2-fake_186,1,0.18757463991641998,mllm::GPT_Image_2,,models/v2/clip_lora_fold1_best_v1.pt,models/v2/v2_10b_h2_balanced_logreg_fold1_v1.joblib
1,screenshot_strong,MLLM_HYB_GPT-Image2-fake_187,1,0.14163708686828613,mllm::GPT_Image_2,,models/v2/clip_lora_fold1_best_v1.pt,models/v2/v2_10b_h2_balanced_logreg_fold1_v1.joblib
1,screenshot_strong,MLLM_HYB_GPT-Image2-fake_188,1,0.2090560495853424,mllm::GPT_Image_2,,models/v2/clip_lora_fold1_best_v1.pt,models/v2/v2_10b_h2_balanced_logreg_fold1_v1.joblib
1,screenshot_strong,MLLM_HYB_GPT-Image2-fake_189,1,0.1407199651002884,mllm::GPT_Image_2,,models/v2/clip_lora_fold1_best_v1.pt,models/v2/v2_10b_h2_balanced_logreg_fold1_v1.joblib
1,screenshot_strong,MLLM_HYB_GPT-Image2-fake_19,1,0.0795997604727745,mllm::GPT_Image_2,,models/v2/clip_lora_fold1_best_v1.pt,models/v2/v2_10b_h2_balanced_logreg_fold1_v1.joblib
1,screenshot_strong,MLLM_HYB_GPT-Image2-fake_190,1,0.26649951934814453,mllm::GPT_Image_2,,models/v2/clip_lora_fold1_best_v1.pt,models/v2/v2_10b_h2_balanced_logreg_fold1_v1.joblib
1,screenshot_strong,MLLM_HYB_GPT-Image2-fake_191,1,0.11329253762960434,mllm::GPT_Image_2,,models/v2/clip_lora_fold1_best_v1.pt,models/v2/v2_10b_h2_balanced_logreg_fold1_v1.joblib
1,screenshot_strong,MLLM_HYB_GPT-Image2-fake_192,1,0.12571357190608978,mllm::GPT_Image_2,,models/v2/clip_lora_fold1_best_v1.pt,models/v2/v2_10b_h2_balanced_logreg_fold1_v1.joblib
1,screenshot_strong,MLLM_HYB_GPT-Image2-fake_193,1,0.23882834613323212,mllm::GPT_Image_2,,models/v2/clip_lora_fold1_best_v1.pt,models/v2/v2_10b_h2_balanced_logreg_fold1_v1.joblib
1,screenshot_strong,MLLM_HYB_GPT-Image2-fake_194,1,0.11118382960557938,mllm::GPT_Image_2,,models/v2/clip_lora_fold1_best_v1.pt,models/v2/v2_10b_h2_balanced_logreg_fold1_v1.joblib
1,screenshot_strong,MLLM_HYB_GPT-Image2-fake_195,1,0.46829020977020264,mllm::GPT_Image_2,,models/v2/clip_lora_fold1_best_v1.pt,models/v2/v2_10b_h2_balanced_logreg_fold1_v1.joblib
1,screenshot_strong,MLLM_HYB_GPT-Image2-fake_196,1,0.42648908495903015,mllm::GPT_Image_2,,models/v2/clip_lora_fold1_best_v1.pt,models/v2/v2_10b_h2_balanced_logreg_fold1_v1.joblib
1,screenshot_strong,MLLM_HYB_GPT-Image2-fake_197,1,0.5862379670143127,mllm::GPT_Image_2,,models/v2/clip_lora_fold1_best_v1.pt,models/v2/v2_10b_h2_balanced_logreg_fold1_v1.joblib
1,screenshot_strong,MLLM_HYB_GPT-Image2-fake_2,1,0.6174792051315308,mllm::GPT_Image_2,,models/v2/clip_lora_fold1_best_v1.pt,models/v2/v2_10b_h2_balanced_logreg_fold1_v1.joblib
1,screenshot_strong,MLLM_HYB_GPT-Image2-fake_20,1,0.32119232416152954,mllm::GPT_Image_2,,models/v2/clip_lora_fold1_best_v1.pt,models/v2/v2_10b_h2_balanced_logreg_fold1_v1.joblib
1,screenshot_strong,MLLM_HYB_GPT-Image2-fake_21,1,0.23951585590839386,mllm::GPT_Image_2,,models/v2/clip_lora_fold1_best_v1.pt,models/v2/v2_10b_h2_balanced_logreg_fold1_v1.joblib
1,screenshot_strong,MLLM_HYB_GPT-Image2-fake_22,1,0.4822065532207489,mllm::GPT_Image_2,,models/v2/clip_lora_fold1_best_v1.pt,models/v2/v2_10b_h2_balanced_logreg_fold1_v1.joblib
1,screenshot_strong,MLLM_HYB_GPT-Image2-fake_23,1,0.4033243954181671,mllm::GPT_Image_2,,models/v2/clip_lora_fold1_best_v1.pt,models/v2/v2_10b_h2_balanced_logreg_fold1_v1.joblib
1,screenshot_strong,MLLM_HYB_GPT-Image2-fake_24,1,0.5651357769966125,mllm::GPT_Image_2,,models/v2/clip_lora_fold1_best_v1.pt,models/v2/v2_10b_h2_balanced_logreg_fold1_v1.joblib
1,screenshot_strong,MLLM_HYB_GPT-Image2-fake_25,1,0.2626742124557495,mllm::GPT_Image_2,,models/v2/clip_lora_fold1_best_v1.pt,models/v2/v2_10b_h2_balanced_logreg_fold1_v1.joblib
1,screenshot_strong,MLLM_HYB_GPT-Image2-fake_26,1,0.37681084871292114,mllm::GPT_Image_2,,models/v2/clip_lora_fold1_best_v1.pt,models/v2/v2_10b_h2_balanced_logreg_fold1_v1.joblib
1,screenshot_strong,MLLM_HYB_GPT-Image2-fake_27,1,0.48551467061042786,mllm::GPT_Image_2,,models/v2/clip_lora_fold1_best_v1.pt,models/v2/v2_10b_h2_balanced_logreg_fold1_v1.joblib
1,screenshot_strong,MLLM_HYB_GPT-Image2-fake_28,1,0.41522738337516785,mllm::GPT_Image_2,,models/v2/clip_lora_fold1_best_v1.pt,models/v2/v2_10b_h2_balanced_logreg_fold1_v1.joblib
1,screenshot_strong,MLLM_HYB_GPT-Image2-fake_29,1,0.4501134753227234,mllm::GPT_Image_2,,models/v2/clip_lora_fold1_best_v1.pt,models/v2/v2_10b_h2_balanced_logreg_fold1_v1.joblib
1,screenshot_strong,MLLM_HYB_GPT-Image2-fake_3,1,0.5548981428146362,mllm::GPT_Image_2,,models/v2/clip_lora_fold1_best_v1.pt,models/v2/v2_10b_h2_balanced_logreg_fold1_v1.joblib
1,screenshot_strong,MLLM_HYB_GPT-Image2-fake_30,1,0.6638044118881226,mllm::GPT_Image_2,,models/v2/clip_lora_fold1_best_v1.pt,models/v2/v2_10b_h2_balanced_logreg_fold1_v1.joblib
1,screenshot_strong,MLLM_HYB_GPT-Image2-fake_31,1,0.45504525303840637,mllm::GPT_Image_2,,models/v2/clip_lora_fold1_best_v1.pt,models/v2/v2_10b_h2_balanced_logreg_fold1_v1.joblib
1,screenshot_strong,MLLM_HYB_GPT-Image2-fake_32,1,0.3866012394428253,mllm::GPT_Image_2,,models/v2/clip_lora_fold1_best_v1.pt,models/v2/v2_10b_h2_balanced_logreg_fold1_v1.joblib
1,screenshot_strong,MLLM_HYB_GPT-Image2-fake_33,1,0.4620857238769531,mllm::GPT_Image_2,,models/v2/clip_lora_fold1_best_v1.pt,models/v2/v2_10b_h2_balanced_logreg_fold1_v1.joblib
1,screenshot_strong,MLLM_HYB_GPT-Image2-fake_34,1,0.5506513118743896,mllm::GPT_Image_2,,models/v2/clip_lora_fold1_best_v1.pt,models/v2/v2_10b_h2_balanced_logreg_fold1_v1.joblib
1,screenshot_strong,MLLM_HYB_GPT-Image2-fake_35,1,0.4237239956855774,mllm::GPT_Image_2,,models/v2/clip_lora_fold1_best_v1.pt,models/v2/v2_10b_h2_balanced_logreg_fold1_v1.joblib
1,screenshot_strong,MLLM_HYB_GPT-Image2-fake_36,1,0.48542264103889465,mllm::GPT_Image_2,,models/v2/clip_lora_fold1_best_v1.pt,models/v2/v2_10b_h2_balanced_logreg_fold1_v1.joblib
1,screenshot_strong,MLLM_HYB_GPT-Image2-fake_37,1,0.28082945942878723,mllm::GPT_Image_2,,models/v2/clip_lora_fold1_best_v1.pt,models/v2/v2_10b_h2_balanced_logreg_fold1_v1.joblib
1,screenshot_strong,MLLM_HYB_GPT-Image2-fake_38,1,0.3496401309967041,mllm::GPT_Image_2,,models/v2/clip_lora_fold1_best_v1.pt,models/v2/v2_10b_h2_balanced_logreg_fold1_v1.joblib
1,screenshot_strong,MLLM_HYB_GPT-Image2-fake_39,1,0.5527109503746033,mllm::GPT_Image_2,,models/v2/clip_lora_fold1_best_v1.pt,models/v2/v2_10b_h2_balanced_logreg_fold1_v1.joblib
1,screenshot_strong,MLLM_HYB_GPT-Image2-fake_4,1,0.2995697259902954,mllm::GPT_Image_2,,models/v2/clip_lora_fold1_best_v1.pt,models/v2/v2_10b_h2_balanced_logreg_fold1_v1.joblib
1,screenshot_strong,MLLM_HYB_GPT-Image2-fake_40,1,0.6249944567680359,mllm::GPT_Image_2,,models/v2/clip_lora_fold1_best_v1.pt,models/v2/v2_10b_h2_balanced_logreg_fold1_v1.joblib
1,screenshot_strong,MLLM_HYB_GPT-Image2-fake_41,1,0.46744680404663086,mllm::GPT_Image_2,,models/v2/clip_lora_fold1_best_v1.pt,models/v2/v2_10b_h2_balanced_logreg_fold1_v1.joblib
1,screenshot_strong,MLLM_HYB_GPT-Image2-fake_42,1,0.5599631071090698,mllm::GPT_Image_2,,models/v2/clip_lora_fold1_best_v1.pt,models/v2/v2_10b_h2_balanced_logreg_fold1_v1.joblib
1,screenshot_strong,MLLM_HYB_GPT-Image2-fake_43,1,0.40293973684310913,mllm::GPT_Image_2,,models/v2/clip_lora_fold1_best_v1.pt,models/v2/v2_10b_h2_balanced_logreg_fold1_v1.joblib
1,screenshot_strong,MLLM_HYB_GPT-Image2-fake_44,1,0.44046878814697266,mllm::GPT_Image_2,,models/v2/clip_lora_fold1_best_v1.pt,models/v2/v2_10b_h2_balanced_logreg_fold1_v1.joblib
1,screenshot_strong,MLLM_HYB_GPT-Image2-fake_45,1,0.46257254481315613,mllm::GPT_Image_2,,models/v2/clip_lora_fold1_best_v1.pt,models/v2/v2_10b_h2_balanced_logreg_fold1_v1.joblib
1,screenshot_strong,MLLM_HYB_GPT-Image2-fake_46,1,0.18239368498325348,mllm::GPT_Image_2,,models/v2/clip_lora_fold1_best_v1.pt,models/v2/v2_10b_h2_balanced_logreg_fold1_v1.joblib
1,screenshot_strong,MLLM_HYB_GPT-Image2-fake_47,1,0.19957615435123444,mllm::GPT_Image_2,,models/v2/clip_lora_fold1_best_v1.pt,models/v2/v2_10b_h2_balanced_logreg_fold1_v1.joblib
1,screenshot_strong,MLLM_HYB_GPT-Image2-fake_48,1,0.17726542055606842,mllm::GPT_Image_2,,models/v2/clip_lora_fold1_best_v1.pt,models/v2/v2_10b_h2_balanced_logreg_fold1_v1.joblib
1,screenshot_strong,MLLM_HYB_GPT-Image2-fake_49,1,0.17363595962524414,mllm::GPT_Image_2,,models/v2/clip_lora_fold1_best_v1.pt,models/v2/v2_10b_h2_balanced_logreg_fold1_v1.joblib
1,screenshot_strong,MLLM_HYB_GPT-Image2-fake_5,1,0.23114603757858276,mllm::GPT_Image_2,,models/v2/clip_lora_fold1_best_v1.pt,models/v2/v2_10b_h2_balanced_logreg_fold1_v1.joblib
1,screenshot_strong,MLLM_HYB_GPT-Image2-fake_50,1,0.21145376563072205,mllm::GPT_Image_2,,models/v2/clip_lora_fold1_best_v1.pt,models/v2/v2_10b_h2_balanced_logreg_fold1_v1.joblib
1,screenshot_strong,MLLM_HYB_GPT-Image2-fake_51,1,0.27645009756088257,mllm::GPT_Image_2,,models/v2/clip_lora_fold1_best_v1.pt,models/v2/v2_10b_h2_balanced_logreg_fold1_v1.joblib
1,screenshot_strong,MLLM_HYB_GPT-Image2-fake_52,1,0.4590345621109009,mllm::GPT_Image_2,,models/v2/clip_lora_fold1_best_v1.pt,models/v2/v2_10b_h2_balanced_logreg_fold1_v1.joblib
1,screenshot_strong,MLLM_HYB_GPT-Image2-fake_53,1,0.6280254125595093,mllm::GPT_Image_2,,models/v2/clip_lora_fold1_best_v1.pt,models/v2/v2_10b_h2_balanced_logreg_fold1_v1.joblib
1,screenshot_strong,MLLM_HYB_GPT-Image2-fake_54,1,0.5468329191207886,mllm::GPT_Image_2,,models/v2/clip_lora_fold1_best_v1.pt,models/v2/v2_10b_h2_balanced_logreg_fold1_v1.joblib
1,screenshot_strong,MLLM_HYB_GPT-Image2-fake_55,1,0.48525843024253845,mllm::GPT_Image_2,,models/v2/clip_lora_fold1_best_v1.pt,models/v2/v2_10b_h2_balanced_logreg_fold1_v1.joblib
1,screenshot_strong,MLLM_HYB_GPT-Image2-fake_56,1,0.46960264444351196,mllm::GPT_Image_2,,models/v2/clip_lora_fold1_best_v1.pt,models/v2/v2_10b_h2_balanced_logreg_fold1_v1.joblib
1,screenshot_strong,MLLM_HYB_GPT-Image2-fake_57,1,0.5580812692642212,mllm::GPT_Image_2,,models/v2/clip_lora_fold1_best_v1.pt,models/v2/v2_10b_h2_balanced_logreg_fold1_v1.joblib
1,screenshot_strong,MLLM_HYB_GPT-Image2-fake_58,1,0.23455491662025452,mllm::GPT_Image_2,,models/v2/clip_lora_fold1_best_v1.pt,models/v2/v2_10b_h2_balanced_logreg_fold1_v1.joblib
1,screenshot_strong,MLLM_HYB_GPT-Image2-fake_59,1,0.36640501022338867,mllm::GPT_Image_2,,models/v2/clip_lora_fold1_best_v1.pt,models/v2/v2_10b_h2_balanced_logreg_fold1_v1.joblib
1,screenshot_strong,MLLM_HYB_GPT-Image2-fake_6,1,0.24980708956718445,mllm::GPT_Image_2,,models/v2/clip_lora_fold1_best_v1.pt,models/v2/v2_10b_h2_balanced_logreg_fold1_v1.joblib
1,screenshot_strong,MLLM_HYB_GPT-Image2-fake_60,1,0.19534863531589508,mllm::GPT_Image_2,,models/v2/clip_lora_fold1_best_v1.pt,models/v2/v2_10b_h2_balanced_logreg_fold1_v1.joblib
1,screenshot_strong,MLLM_HYB_GPT-Image2-fake_61,1,0.6895114779472351,mllm::GPT_Image_2,,models/v2/clip_lora_fold1_best_v1.pt,models/v2/v2_10b_h2_balanced_logreg_fold1_v1.joblib
1,screenshot_strong,MLLM_HYB_GPT-Image2-fake_62,1,0.6793062090873718,mllm::GPT_Image_2,,models/v2/clip_lora_fold1_best_v1.pt,models/v2/v2_10b_h2_balanced_logreg_fold1_v1.joblib
1,screenshot_strong,MLLM_HYB_GPT-Image2-fake_63,1,0.73673415184021,mllm::GPT_Image_2,,models/v2/clip_lora_fold1_best_v1.pt,models/v2/v2_10b_h2_balanced_logreg_fold1_v1.joblib
1,screenshot_strong,MLLM_HYB_GPT-Image2-fake_64,1,0.47083672881126404,mllm::GPT_Image_2,,models/v2/clip_lora_fold1_best_v1.pt,models/v2/v2_10b_h2_balanced_logreg_fold1_v1.joblib
1,screenshot_strong,MLLM_HYB_GPT-Image2-fake_65,1,0.40263593196868896,mllm::GPT_Image_2,,models/v2/clip_lora_fold1_best_v1.pt,models/v2/v2_10b_h2_balanced_logreg_fold1_v1.joblib
1,screenshot_strong,MLLM_HYB_GPT-Image2-fake_66,1,0.195907324552536,mllm::GPT_Image_2,,models/v2/clip_lora_fold1_best_v1.pt,models/v2/v2_10b_h2_balanced_logreg_fold1_v1.joblib
1,screenshot_strong,MLLM_HYB_GPT-Image2-fake_67,1,0.2720857262611389,mllm::GPT_Image_2,,models/v2/clip_lora_fold1_best_v1.pt,models/v2/v2_10b_h2_balanced_logreg_fold1_v1.joblib
1,screenshot_strong,MLLM_HYB_GPT-Image2-fake_68,1,0.28495585918426514,mllm::GPT_Image_2,,models/v2/clip_lora_fold1_best_v1.pt,models/v2/v2_10b_h2_balanced_logreg_fold1_v1.joblib
1,screenshot_strong,MLLM_HYB_GPT-Image2-fake_69,1,0.5581809282302856,mllm::GPT_Image_2,,models/v2/clip_lora_fold1_best_v1.pt,models/v2/v2_10b_h2_balanced_logreg_fold1_v1.joblib
1,screenshot_strong,MLLM_HYB_GPT-Image2-fake_7,1,0.19115108251571655,mllm::GPT_Image_2,,models/v2/clip_lora_fold1_best_v1.pt,models/v2/v2_10b_h2_balanced_logreg_fold1_v1.joblib
1,screenshot_strong,MLLM_HYB_GPT-Image2-fake_70,1,0.49933165311813354,mllm::GPT_Image_2,,models/v2/clip_lora_fold1_best_v1.pt,models/v2/v2_10b_h2_balanced_logreg_fold1_v1.joblib
1,screenshot_strong,MLLM_HYB_GPT-Image2-fake_71,1,0.5265538096427917,mllm::GPT_Image_2,,models/v2/clip_lora_fold1_best_v1.pt,models/v2/v2_10b_h2_balanced_logreg_fold1_v1.joblib
1,screenshot_strong,MLLM_HYB_GPT-Image2-fake_72,1,0.281353622674942,mllm::GPT_Image_2,,models/v2/clip_lora_fold1_best_v1.pt,models/v2/v2_10b_h2_balanced_logreg_fold1_v1.joblib
1,screenshot_strong,MLLM_HYB_GPT-Image2-fake_73,1,0.3452949523925781,mllm::GPT_Image_2,,models/v2/clip_lora_fold1_best_v1.pt,models/v2/v2_10b_h2_balanced_logreg_fold1_v1.joblib
1,screenshot_strong,MLLM_HYB_GPT-Image2-fake_74,1,0.27566203474998474,mllm::GPT_Image_2,,models/v2/clip_lora_fold1_best_v1.pt,models/v2/v2_10b_h2_balanced_logreg_fold1_v1.joblib
1,screenshot_strong,MLLM_HYB_GPT-Image2-fake_75,1,0.22322039306163788,mllm::GPT_Image_2,,models/v2/clip_lora_fold1_best_v1.pt,models/v2/v2_10b_h2_balanced_logreg_fold1_v1.joblib
1,screenshot_strong,MLLM_HYB_GPT-Image2-fake_76,1,0.1597689688205719,mllm::GPT_Image_2,,models/v2/clip_lora_fold1_best_v1.pt,models/v2/v2_10b_h2_balanced_logreg_fold1_v1.joblib
1,screenshot_strong,MLLM_HYB_GPT-Image2-fake_77,1,0.11281375586986542,mllm::GPT_Image_2,,models/v2/clip_lora_fold1_best_v1.pt,models/v2/v2_10b_h2_balanced_logreg_fold1_v1.joblib
1,screenshot_strong,MLLM_HYB_GPT-Image2-fake_78,1,0.1300588995218277,mllm::GPT_Image_2,,models/v2/clip_lora_fold1_best_v1.pt,models/v2/v2_10b_h2_balanced_logreg_fold1_v1.joblib
1,screenshot_strong,MLLM_HYB_GPT-Image2-fake_79,1,0.16558951139450073,mllm::GPT_Image_2,,models/v2/clip_lora_fold1_best_v1.pt,models/v2/v2_10b_h2_balanced_logreg_fold1_v1.joblib
1,screenshot_strong,MLLM_HYB_GPT-Image2-fake_8,1,0.217627614736557,mllm::GPT_Image_2,,models/v2/clip_lora_fold1_best_v1.pt,models/v2/v2_10b_h2_balanced_logreg_fold1_v1.joblib
1,screenshot_strong,MLLM_HYB_GPT-Image2-fake_80,1,0.14521344006061554,mllm::GPT_Image_2,,models/v2/clip_lora_fold1_best_v1.pt,models/v2/v2_10b_h2_balanced_logreg_fold1_v1.joblib
1,screenshot_strong,MLLM_HYB_GPT-Image2-fake_81,1,0.12377645820379257,mllm::GPT_Image_2,,models/v2/clip_lora_fold1_best_v1.pt,models/v2/v2_10b_h2_balanced_logreg_fold1_v1.joblib
1,screenshot_strong,MLLM_HYB_GPT-Image2-fake_82,1,0.2885739803314209,mllm::GPT_Image_2,,models/v2/clip_lora_fold1_best_v1.pt,models/v2/v2_10b_h2_balanced_logreg_fold1_v1.joblib
1,screenshot_strong,MLLM_HYB_GPT-Image2-fake_83,1,0.2107335925102234,mllm::GPT_Image_2,,models/v2/clip_lora_fold1_best_v1.pt,models/v2/v2_10b_h2_balanced_logreg_fold1_v1.joblib
1,screenshot_strong,MLLM_HYB_GPT-Image2-fake_84,1,0.5325856804847717,mllm::GPT_Image_2,,models/v2/clip_lora_fold1_best_v1.pt,models/v2/v2_10b_h2_balanced_logreg_fold1_v1.joblib
1,screenshot_strong,MLLM_HYB_GPT-Image2-fake_85,1,0.15849947929382324,mllm::GPT_Image_2,,models/v2/clip_lora_fold1_best_v1.pt,models/v2/v2_10b_h2_balanced_logreg_fold1_v1.joblib
1,screenshot_strong,MLLM_HYB_GPT-Image2-fake_86,1,0.19821837544441223,mllm::GPT_Image_2,,models/v2/clip_lora_fold1_best_v1.pt,models/v2/v2_10b_h2_balanced_logreg_fold1_v1.joblib
1,screenshot_strong,MLLM_HYB_GPT-Image2-fake_87,1,0.10718254745006561,mllm::GPT_Image_2,,models/v2/clip_lora_fold1_best_v1.pt,models/v2/v2_10b_h2_balanced_logreg_fold1_v1.joblib
1,screenshot_strong,MLLM_HYB_GPT-Image2-fake_88,1,0.3808067739009857,mllm::GPT_Image_2,,models/v2/clip_lora_fold1_best_v1.pt,models/v2/v2_10b_h2_balanced_logreg_fold1_v1.joblib
1,screenshot_strong,MLLM_HYB_GPT-Image2-fake_89,1,0.46048441529273987,mllm::GPT_Image_2,,models/v2/clip_lora_fold1_best_v1.pt,models/v2/v2_10b_h2_balanced_logreg_fold1_v1.joblib
1,screenshot_strong,MLLM_HYB_GPT-Image2-fake_9,1,0.14124320447444916,mllm::GPT_Image_2,,models/v2/clip_lora_fold1_best_v1.pt,models/v2/v2_10b_h2_balanced_logreg_fold1_v1.joblib
1,screenshot_strong,MLLM_HYB_GPT-Image2-fake_90,1,0.3959105312824249,mllm::GPT_Image_2,,models/v2/clip_lora_fold1_best_v1.pt,models/v2/v2_10b_h2_balanced_logreg_fold1_v1.joblib
1,screenshot_strong,MLLM_HYB_GPT-Image2-fake_91,1,0.41472873091697693,mllm::GPT_Image_2,,models/v2/clip_lora_fold1_best_v1.pt,models/v2/v2_10b_h2_balanced_logreg_fold1_v1.joblib
1,screenshot_strong,MLLM_HYB_GPT-Image2-fake_92,1,0.4150310754776001,mllm::GPT_Image_2,,models/v2/clip_lora_fold1_best_v1.pt,models/v2/v2_10b_h2_balanced_logreg_fold1_v1.joblib
1,screenshot_strong,MLLM_HYB_GPT-Image2-fake_93,1,0.20522166788578033,mllm::GPT_Image_2,,models/v2/clip_lora_fold1_best_v1.pt,models/v2/v2_10b_h2_balanced_logreg_fold1_v1.joblib
1,screenshot_strong,MLLM_HYB_GPT-Image2-fake_94,1,0.34173640608787537,mllm::GPT_Image_2,,models/v2/clip_lora_fold1_best_v1.pt,models/v2/v2_10b_h2_balanced_logreg_fold1_v1.joblib
1,screenshot_strong,MLLM_HYB_GPT-Image2-fake_95,1,0.3663599491119385,mllm::GPT_Image_2,,models/v2/clip_lora_fold1_best_v1.pt,models/v2/v2_10b_h2_balanced_logreg_fold1_v1.joblib
1,screenshot_strong,MLLM_HYB_GPT-Image2-fake_96,1,0.17394927144050598,mllm::GPT_Image_2,,models/v2/clip_lora_fold1_best_v1.pt,models/v2/v2_10b_h2_balanced_logreg_fold1_v1.joblib
1,screenshot_strong,MLLM_HYB_GPT-Image2-fake_97,1,0.1442355066537857,mllm::GPT_Image_2,,models/v2/clip_lora_fold1_best_v1.pt,models/v2/v2_10b_h2_balanced_logreg_fold1_v1.joblib
1,screenshot_strong,MLLM_HYB_GPT-Image2-fake_98,1,0.30714407563209534,mllm::GPT_Image_2,,models/v2/clip_lora_fold1_best_v1.pt,models/v2/v2_10b_h2_balanced_logreg_fold1_v1.joblib
1,screenshot_strong,MLLM_HYB_GPT-Image2-fake_99,1,0.35297471284866333,mllm::GPT_Image_2,,models/v2/clip_lora_fold1_best_v1.pt,models/v2/v2_10b_h2_balanced_logreg_fold1_v1.joblib
1,screenshot_strong,MLLM_HYB_real_106,0,0.1117330864071846,real::MLLM,MLLM,models/v2/clip_lora_fold1_best_v1.pt,models/v2/v2_10b_h2_balanced_logreg_fold1_v1.joblib
1,screenshot_strong,MLLM_HYB_real_108,0,0.32906588912010193,real::MLLM,MLLM,models/v2/clip_lora_fold1_best_v1.pt,models/v2/v2_10b_h2_balanced_logreg_fold1_v1.joblib
1,screenshot_strong,MLLM_HYB_real_11,0,0.2168140411376953,real::MLLM,MLLM,models/v2/clip_lora_fold1_best_v1.pt,models/v2/v2_10b_h2_balanced_logreg_fold1_v1.joblib
1,screenshot_strong,MLLM_HYB_real_111,0,0.060067154467105865,real::MLLM,MLLM,models/v2/clip_lora_fold1_best_v1.pt,models/v2/v2_10b_h2_balanced_logreg_fold1_v1.joblib
1,screenshot_strong,MLLM_HYB_real_120,0,0.4121520519256592,real::MLLM,MLLM,models/v2/clip_lora_fold1_best_v1.pt,models/v2/v2_10b_h2_balanced_logreg_fold1_v1.joblib
1,screenshot_strong,MLLM_HYB_real_123,0,0.22959470748901367,real::MLLM,MLLM,models/v2/clip_lora_fold1_best_v1.pt,models/v2/v2_10b_h2_balanced_logreg_fold1_v1.joblib
1,screenshot_strong,MLLM_HYB_real_129,0,0.3422059416770935,real::MLLM,MLLM,models/v2/clip_lora_fold1_best_v1.pt,models/v2/v2_10b_h2_balanced_logreg_fold1_v1.joblib
1,screenshot_strong,MLLM_HYB_real_137,0,0.3258552551269531,real::MLLM,MLLM,models/v2/clip_lora_fold1_best_v1.pt,models/v2/v2_10b_h2_balanced_logreg_fold1_v1.joblib
1,screenshot_strong,MLLM_HYB_real_139,0,0.3234822154045105,real::MLLM,MLLM,models/v2/clip_lora_fold1_best_v1.pt,models/v2/v2_10b_h2_balanced_logreg_fold1_v1.joblib
1,screenshot_strong,MLLM_HYB_real_147,0,0.6466067433357239,real::MLLM,MLLM,models/v2/clip_lora_fold1_best_v1.pt,models/v2/v2_10b_h2_balanced_logreg_fold1_v1.joblib
1,screenshot_strong,MLLM_HYB_real_149,0,0.47076332569122314,real::MLLM,MLLM,models/v2/clip_lora_fold1_best_v1.pt,models/v2/v2_10b_h2_balanced_logreg_fold1_v1.joblib
1,screenshot_strong,MLLM_HYB_real_151,0,0.5492430329322815,real::MLLM,MLLM,models/v2/clip_lora_fold1_best_v1.pt,models/v2/v2_10b_h2_balanced_logreg_fold1_v1.joblib
1,screenshot_strong,MLLM_HYB_real_159,0,0.2313937395811081,real::MLLM,MLLM,models/v2/clip_lora_fold1_best_v1.pt,models/v2/v2_10b_h2_balanced_logreg_fold1_v1.joblib
1,screenshot_strong,MLLM_HYB_real_161,0,0.5627383589744568,real::MLLM,MLLM,models/v2/clip_lora_fold1_best_v1.pt,models/v2/v2_10b_h2_balanced_logreg_fold1_v1.joblib
1,screenshot_strong,MLLM_HYB_real_17,0,0.262424111366272,real::MLLM,MLLM,models/v2/clip_lora_fold1_best_v1.pt,models/v2/v2_10b_h2_balanced_logreg_fold1_v1.joblib
1,screenshot_strong,MLLM_HYB_real_175,0,0.6422439813613892,real::MLLM,MLLM,models/v2/clip_lora_fold1_best_v1.pt,models/v2/v2_10b_h2_balanced_logreg_fold1_v1.joblib
1,screenshot_strong,MLLM_HYB_real_184,0,0.7477153539657593,real::MLLM,MLLM,models/v2/clip_lora_fold1_best_v1.pt,models/v2/v2_10b_h2_balanced_logreg_fold1_v1.joblib
1,screenshot_strong,MLLM_HYB_real_189,0,0.17341969907283783,real::MLLM,MLLM,models/v2/clip_lora_fold1_best_v1.pt,models/v2/v2_10b_h2_balanced_logreg_fold1_v1.joblib
1,screenshot_strong,MLLM_HYB_real_19,0,0.26220768690109253,real::MLLM,MLLM,models/v2/clip_lora_fold1_best_v1.pt,models/v2/v2_10b_h2_balanced_logreg_fold1_v1.joblib
1,screenshot_strong,MLLM_HYB_real_195,0,0.48445966839790344,real::MLLM,MLLM,models/v2/clip_lora_fold1_best_v1.pt,models/v2/v2_10b_h2_balanced_logreg_fold1_v1.joblib
1,screenshot_strong,MLLM_HYB_real_24,0,0.6208227276802063,real::MLLM,MLLM,models/v2/clip_lora_fold1_best_v1.pt,models/v2/v2_10b_h2_balanced_logreg_fold1_v1.joblib
1,screenshot_strong,MLLM_HYB_real_28,0,0.2676861584186554,real::MLLM,MLLM,models/v2/clip_lora_fold1_best_v1.pt,models/v2/v2_10b_h2_balanced_logreg_fold1_v1.joblib
1,screenshot_strong,MLLM_HYB_real_31,0,0.6466143131256104,real::MLLM,MLLM,models/v2/clip_lora_fold1_best_v1.pt,models/v2/v2_10b_h2_balanced_logreg_fold1_v1.joblib
1,screenshot_strong,MLLM_HYB_real_33,0,0.856552004814148,real::MLLM,MLLM,models/v2/clip_lora_fold1_best_v1.pt,models/v2/v2_10b_h2_balanced_logreg_fold1_v1.joblib
1,screenshot_strong,MLLM_HYB_real_38,0,0.30651339888572693,real::MLLM,MLLM,models/v2/clip_lora_fold1_best_v1.pt,models/v2/v2_10b_h2_balanced_logreg_fold1_v1.joblib
1,screenshot_strong,MLLM_HYB_real_43,0,0.14382851123809814,real::MLLM,MLLM,models/v2/clip_lora_fold1_best_v1.pt,models/v2/v2_10b_h2_balanced_logreg_fold1_v1.joblib
1,screenshot_strong,MLLM_HYB_real_55,0,0.2951917350292206,real::MLLM,MLLM,models/v2/clip_lora_fold1_best_v1.pt,models/v2/v2_10b_h2_balanced_logreg_fold1_v1.joblib
1,screenshot_strong,MLLM_HYB_real_60,0,0.49359527230262756,real::MLLM,MLLM,models/v2/clip_lora_fold1_best_v1.pt,models/v2/v2_10b_h2_balanced_logreg_fold1_v1.joblib
1,screenshot_strong,MLLM_HYB_real_82,0,0.162300705909729,real::MLLM,MLLM,models/v2/clip_lora_fold1_best_v1.pt,models/v2/v2_10b_h2_balanced_logreg_fold1_v1.joblib
1,screenshot_strong,MLLM_HYB_real_83,0,0.3020370304584503,real::MLLM,MLLM,models/v2/clip_lora_fold1_best_v1.pt,models/v2/v2_10b_h2_balanced_logreg_fold1_v1.joblib
1,screenshot_strong,MLLM_HYB_real_89,0,0.6173083186149597,real::MLLM,MLLM,models/v2/clip_lora_fold1_best_v1.pt,models/v2/v2_10b_h2_balanced_logreg_fold1_v1.joblib
1,screenshot_strong,MLLM_STR_GPT-Image2-fake_1,1,0.3100171983242035,mllm::GPT_Image_2,,models/v2/clip_lora_fold1_best_v1.pt,models/v2/v2_10b_h2_balanced_logreg_fold1_v1.joblib
1,screenshot_strong,MLLM_STR_GPT-Image2-fake_10,1,0.23093870282173157,mllm::GPT_Image_2,,models/v2/clip_lora_fold1_best_v1.pt,models/v2/v2_10b_h2_balanced_logreg_fold1_v1.joblib
1,screenshot_strong,MLLM_STR_GPT-Image2-fake_100,1,0.565643846988678,mllm::GPT_Image_2,,models/v2/clip_lora_fold1_best_v1.pt,models/v2/v2_10b_h2_balanced_logreg_fold1_v1.joblib
1,screenshot_strong,MLLM_STR_GPT-Image2-fake_101,1,0.6317957043647766,mllm::GPT_Image_2,,models/v2/clip_lora_fold1_best_v1.pt,models/v2/v2_10b_h2_balanced_logreg_fold1_v1.joblib
1,screenshot_strong,MLLM_STR_GPT-Image2-fake_102,1,0.24512222409248352,mllm::GPT_Image_2,,models/v2/clip_lora_fold1_best_v1.pt,models/v2/v2_10b_h2_balanced_logreg_fold1_v1.joblib
1,screenshot_strong,MLLM_STR_GPT-Image2-fake_103,1,0.4234815835952759,mllm::GPT_Image_2,,models/v2/clip_lora_fold1_best_v1.pt,models/v2/v2_10b_h2_balanced_logreg_fold1_v1.joblib
1,screenshot_strong,MLLM_STR_GPT-Image2-fake_104,1,0.41732099652290344,mllm::GPT_Image_2,,models/v2/clip_lora_fold1_best_v1.pt,models/v2/v2_10b_h2_balanced_logreg_fold1_v1.joblib
1,screenshot_strong,MLLM_STR_GPT-Image2-fake_105,1,0.4411832392215729,mllm::GPT_Image_2,,models/v2/clip_lora_fold1_best_v1.pt,models/v2/v2_10b_h2_balanced_logreg_fold1_v1.joblib
1,screenshot_strong,MLLM_STR_GPT-Image2-fake_106,1,0.4924912750720978,mllm::GPT_Image_2,,models/v2/clip_lora_fold1_best_v1.pt,models/v2/v2_10b_h2_balanced_logreg_fold1_v1.joblib
1,screenshot_strong,MLLM_STR_GPT-Image2-fake_107,1,0.3313077688217163,mllm::GPT_Image_2,,models/v2/clip_lora_fold1_best_v1.pt,models/v2/v2_10b_h2_balanced_logreg_fold1_v1.joblib
1,screenshot_strong,MLLM_STR_GPT-Image2-fake_108,1,0.5389549136161804,mllm::GPT_Image_2,,models/v2/clip_lora_fold1_best_v1.pt,models/v2/v2_10b_h2_balanced_logreg_fold1_v1.joblib
1,screenshot_strong,MLLM_STR_GPT-Image2-fake_109,1,0.4221813380718231,mllm::GPT_Image_2,,models/v2/clip_lora_fold1_best_v1.pt,models/v2/v2_10b_h2_balanced_logreg_fold1_v1.joblib
1,screenshot_strong,MLLM_STR_GPT-Image2-fake_11,1,0.38987603783607483,mllm::GPT_Image_2,,models/v2/clip_lora_fold1_best_v1.pt,models/v2/v2_10b_h2_balanced_logreg_fold1_v1.joblib
1,screenshot_strong,MLLM_STR_GPT-Image2-fake_110,1,0.4270842969417572,mllm::GPT_Image_2,,models/v2/clip_lora_fold1_best_v1.pt,models/v2/v2_10b_h2_balanced_logreg_fold1_v1.joblib
1,screenshot_strong,MLLM_STR_GPT-Image2-fake_111,1,0.18548478186130524,mllm::GPT_Image_2,,models/v2/clip_lora_fold1_best_v1.pt,models/v2/v2_10b_h2_balanced_logreg_fold1_v1.joblib
1,screenshot_strong,MLLM_STR_GPT-Image2-fake_112,1,0.17549675703048706,mllm::GPT_Image_2,,models/v2/clip_lora_fold1_best_v1.pt,models/v2/v2_10b_h2_balanced_logreg_fold1_v1.joblib
1,screenshot_strong,MLLM_STR_GPT-Image2-fake_113,1,0.18256156146526337,mllm::GPT_Image_2,,models/v2/clip_lora_fold1_best_v1.pt,models/v2/v2_10b_h2_balanced_logreg_fold1_v1.joblib
1,screenshot_strong,MLLM_STR_GPT-Image2-fake_114,1,0.4764627516269684,mllm::GPT_Image_2,,models/v2/clip_lora_fold1_best_v1.pt,models/v2/v2_10b_h2_balanced_logreg_fold1_v1.joblib
1,screenshot_strong,MLLM_STR_GPT-Image2-fake_115,1,0.3426511287689209,mllm::GPT_Image_2,,models/v2/clip_lora_fold1_best_v1.pt,models/v2/v2_10b_h2_balanced_logreg_fold1_v1.joblib
1,screenshot_strong,MLLM_STR_GPT-Image2-fake_116,1,0.31700271368026733,mllm::GPT_Image_2,,models/v2/clip_lora_fold1_best_v1.pt,models/v2/v2_10b_h2_balanced_logreg_fold1_v1.joblib
1,screenshot_strong,MLLM_STR_GPT-Image2-fake_117,1,0.5531864166259766,mllm::GPT_Image_2,,models/v2/clip_lora_fold1_best_v1.pt,models/v2/v2_10b_h2_balanced_logreg_fold1_v1.joblib
1,screenshot_strong,MLLM_STR_GPT-Image2-fake_118,1,0.5098152756690979,mllm::GPT_Image_2,,models/v2/clip_lora_fold1_best_v1.pt,models/v2/v2_10b_h2_balanced_logreg_fold1_v1.joblib
1,screenshot_strong,MLLM_STR_GPT-Image2-fake_119,1,0.47919443249702454,mllm::GPT_Image_2,,models/v2/clip_lora_fold1_best_v1.pt,models/v2/v2_10b_h2_balanced_logreg_fold1_v1.joblib
1,screenshot_strong,MLLM_STR_GPT-Image2-fake_12,1,0.23660686612129211,mllm::GPT_Image_2,,models/v2/clip_lora_fold1_best_v1.pt,models/v2/v2_10b_h2_balanced_logreg_fold1_v1.joblib
1,screenshot_strong,MLLM_STR_GPT-Image2-fake_120,1,0.28040117025375366,mllm::GPT_Image_2,,models/v2/clip_lora_fold1_best_v1.pt,models/v2/v2_10b_h2_balanced_logreg_fold1_v1.joblib
1,screenshot_strong,MLLM_STR_GPT-Image2-fake_121,1,0.2877376675605774,mllm::GPT_Image_2,,models/v2/clip_lora_fold1_best_v1.pt,models/v2/v2_10b_h2_balanced_logreg_fold1_v1.joblib
1,screenshot_strong,MLLM_STR_GPT-Image2-fake_122,1,0.19837932288646698,mllm::GPT_Image_2,,models/v2/clip_lora_fold1_best_v1.pt,models/v2/v2_10b_h2_balanced_logreg_fold1_v1.joblib
1,screenshot_strong,MLLM_STR_GPT-Image2-fake_123,1,0.5557469129562378,mllm::GPT_Image_2,,models/v2/clip_lora_fold1_best_v1.pt,models/v2/v2_10b_h2_balanced_logreg_fold1_v1.joblib
1,screenshot_strong,MLLM_STR_GPT-Image2-fake_124,1,0.31659549474716187,mllm::GPT_Image_2,,models/v2/clip_lora_fold1_best_v1.pt,models/v2/v2_10b_h2_balanced_logreg_fold1_v1.joblib
1,screenshot_strong,MLLM_STR_GPT-Image2-fake_125,1,0.32581254839897156,mllm::GPT_Image_2,,models/v2/clip_lora_fold1_best_v1.pt,models/v2/v2_10b_h2_balanced_logreg_fold1_v1.joblib
1,screenshot_strong,MLLM_STR_GPT-Image2-fake_126,1,0.4119504988193512,mllm::GPT_Image_2,,models/v2/clip_lora_fold1_best_v1.pt,models/v2/v2_10b_h2_balanced_logreg_fold1_v1.joblib
1,screenshot_strong,MLLM_STR_GPT-Image2-fake_127,1,0.4588468074798584,mllm::GPT_Image_2,,models/v2/clip_lora_fold1_best_v1.pt,models/v2/v2_10b_h2_balanced_logreg_fold1_v1.joblib
1,screenshot_strong,MLLM_STR_GPT-Image2-fake_128,1,0.43460366129875183,mllm::GPT_Image_2,,models/v2/clip_lora_fold1_best_v1.pt,models/v2/v2_10b_h2_balanced_logreg_fold1_v1.joblib
1,screenshot_strong,MLLM_STR_GPT-Image2-fake_129,1,0.26277485489845276,mllm::GPT_Image_2,,models/v2/clip_lora_fold1_best_v1.pt,models/v2/v2_10b_h2_balanced_logreg_fold1_v1.joblib
1,screenshot_strong,MLLM_STR_GPT-Image2-fake_13,1,0.5817606449127197,mllm::GPT_Image_2,,models/v2/clip_lora_fold1_best_v1.pt,models/v2/v2_10b_h2_balanced_logreg_fold1_v1.joblib
1,screenshot_strong,MLLM_STR_GPT-Image2-fake_130,1,0.18943685293197632,mllm::GPT_Image_2,,models/v2/clip_lora_fold1_best_v1.pt,models/v2/v2_10b_h2_balanced_logreg_fold1_v1.joblib
1,screenshot_strong,MLLM_STR_GPT-Image2-fake_131,1,0.16038481891155243,mllm::GPT_Image_2,,models/v2/clip_lora_fold1_best_v1.pt,models/v2/v2_10b_h2_balanced_logreg_fold1_v1.joblib
1,screenshot_strong,MLLM_STR_GPT-Image2-fake_132,1,0.46619361639022827,mllm::GPT_Image_2,,models/v2/clip_lora_fold1_best_v1.pt,models/v2/v2_10b_h2_balanced_logreg_fold1_v1.joblib
1,screenshot_strong,MLLM_STR_GPT-Image2-fake_133,1,0.6041743755340576,mllm::GPT_Image_2,,models/v2/clip_lora_fold1_best_v1.pt,models/v2/v2_10b_h2_balanced_logreg_fold1_v1.joblib
1,screenshot_strong,MLLM_STR_GPT-Image2-fake_134,1,0.5015893578529358,mllm::GPT_Image_2,,models/v2/clip_lora_fold1_best_v1.pt,models/v2/v2_10b_h2_balanced_logreg_fold1_v1.joblib
1,screenshot_strong,MLLM_STR_GPT-Image2-fake_135,1,0.7098299264907837,mllm::GPT_Image_2,,models/v2/clip_lora_fold1_best_v1.pt,models/v2/v2_10b_h2_balanced_logreg_fold1_v1.joblib
1,screenshot_strong,MLLM_STR_GPT-Image2-fake_136,1,0.7807204127311707,mllm::GPT_Image_2,,models/v2/clip_lora_fold1_best_v1.pt,models/v2/v2_10b_h2_balanced_logreg_fold1_v1.joblib
1,screenshot_strong,MLLM_STR_GPT-Image2-fake_137,1,0.4406000077724457,mllm::GPT_Image_2,,models/v2/clip_lora_fold1_best_v1.pt,models/v2/v2_10b_h2_balanced_logreg_fold1_v1.joblib
1,screenshot_strong,MLLM_STR_GPT-Image2-fake_138,1,0.7208325266838074,mllm::GPT_Image_2,,models/v2/clip_lora_fold1_best_v1.pt,models/v2/v2_10b_h2_balanced_logreg_fold1_v1.joblib
1,screenshot_strong,MLLM_STR_GPT-Image2-fake_139,1,0.6210108995437622,mllm::GPT_Image_2,,models/v2/clip_lora_fold1_best_v1.pt,models/v2/v2_10b_h2_balanced_logreg_fold1_v1.joblib
1,screenshot_strong,MLLM_STR_GPT-Image2-fake_14,1,0.7191330790519714,mllm::GPT_Image_2,,models/v2/clip_lora_fold1_best_v1.pt,models/v2/v2_10b_h2_balanced_logreg_fold1_v1.joblib
1,screenshot_strong,MLLM_STR_GPT-Image2-fake_140,1,0.4414277970790863,mllm::GPT_Image_2,,models/v2/clip_lora_fold1_best_v1.pt,models/v2/v2_10b_h2_balanced_logreg_fold1_v1.joblib
1,screenshot_strong,MLLM_STR_GPT-Image2-fake_141,1,0.786583423614502,mllm::GPT_Image_2,,models/v2/clip_lora_fold1_best_v1.pt,models/v2/v2_10b_h2_balanced_logreg_fold1_v1.joblib
1,screenshot_strong,MLLM_STR_GPT-Image2-fake_142,1,0.6995117664337158,mllm::GPT_Image_2,,models/v2/clip_lora_fold1_best_v1.pt,models/v2/v2_10b_h2_balanced_logreg_fold1_v1.joblib
1,screenshot_strong,MLLM_STR_GPT-Image2-fake_143,1,0.5268988609313965,mllm::GPT_Image_2,,models/v2/clip_lora_fold1_best_v1.pt,models/v2/v2_10b_h2_balanced_logreg_fold1_v1.joblib
1,screenshot_strong,MLLM_STR_GPT-Image2-fake_144,1,0.543289065361023,mllm::GPT_Image_2,,models/v2/clip_lora_fold1_best_v1.pt,models/v2/v2_10b_h2_balanced_logreg_fold1_v1.joblib
1,screenshot_strong,MLLM_STR_GPT-Image2-fake_145,1,0.5849378108978271,mllm::GPT_Image_2,,models/v2/clip_lora_fold1_best_v1.pt,models/v2/v2_10b_h2_balanced_logreg_fold1_v1.joblib
1,screenshot_strong,MLLM_STR_GPT-Image2-fake_146,1,0.6256778240203857,mllm::GPT_Image_2,,models/v2/clip_lora_fold1_best_v1.pt,models/v2/v2_10b_h2_balanced_logreg_fold1_v1.joblib
1,screenshot_strong,MLLM_STR_GPT-Image2-fake_147,1,0.6603149175643921,mllm::GPT_Image_2,,models/v2/clip_lora_fold1_best_v1.pt,models/v2/v2_10b_h2_balanced_logreg_fold1_v1.joblib
1,screenshot_strong,MLLM_STR_GPT-Image2-fake_148,1,0.561294436454773,mllm::GPT_Image_2,,models/v2/clip_lora_fold1_best_v1.pt,models/v2/v2_10b_h2_balanced_logreg_fold1_v1.joblib
1,screenshot_strong,MLLM_STR_GPT-Image2-fake_149,1,0.6790703535079956,mllm::GPT_Image_2,,models/v2/clip_lora_fold1_best_v1.pt,models/v2/v2_10b_h2_balanced_logreg_fold1_v1.joblib
1,screenshot_strong,MLLM_STR_GPT-Image2-fake_15,1,0.7492899894714355,mllm::GPT_Image_2,,models/v2/clip_lora_fold1_best_v1.pt,models/v2/v2_10b_h2_balanced_logreg_fold1_v1.joblib
1,screenshot_strong,MLLM_STR_GPT-Image2-fake_150,1,0.3753247857093811,mllm::GPT_Image_2,,models/v2/clip_lora_fold1_best_v1.pt,models/v2/v2_10b_h2_balanced_logreg_fold1_v1.joblib
1,screenshot_strong,MLLM_STR_GPT-Image2-fake_151,1,0.6134457588195801,mllm::GPT_Image_2,,models/v2/clip_lora_fold1_best_v1.pt,models/v2/v2_10b_h2_balanced_logreg_fold1_v1.joblib
1,screenshot_strong,MLLM_STR_GPT-Image2-fake_152,1,0.7463918328285217,mllm::GPT_Image_2,,models/v2/clip_lora_fold1_best_v1.pt,models/v2/v2_10b_h2_balanced_logreg_fold1_v1.joblib
1,screenshot_strong,MLLM_STR_GPT-Image2-fake_153,1,0.7186058759689331,mllm::GPT_Image_2,,models/v2/clip_lora_fold1_best_v1.pt,models/v2/v2_10b_h2_balanced_logreg_fold1_v1.joblib
1,screenshot_strong,MLLM_STR_GPT-Image2-fake_154,1,0.793571949005127,mllm::GPT_Image_2,,models/v2/clip_lora_fold1_best_v1.pt,models/v2/v2_10b_h2_balanced_logreg_fold1_v1.joblib
1,screenshot_strong,MLLM_STR_GPT-Image2-fake_155,1,0.8372227549552917,mllm::GPT_Image_2,,models/v2/clip_lora_fold1_best_v1.pt,models/v2/v2_10b_h2_balanced_logreg_fold1_v1.joblib
1,screenshot_strong,MLLM_STR_GPT-Image2-fake_156,1,0.7975743412971497,mllm::GPT_Image_2,,models/v2/clip_lora_fold1_best_v1.pt,models/v2/v2_10b_h2_balanced_logreg_fold1_v1.joblib
1,screenshot_strong,MLLM_STR_GPT-Image2-fake_157,1,0.7850300073623657,mllm::GPT_Image_2,,models/v2/clip_lora_fold1_best_v1.pt,models/v2/v2_10b_h2_balanced_logreg_fold1_v1.joblib
1,screenshot_strong,MLLM_STR_GPT-Image2-fake_158,1,0.7581285238265991,mllm::GPT_Image_2,,models/v2/clip_lora_fold1_best_v1.pt,models/v2/v2_10b_h2_balanced_logreg_fold1_v1.joblib
1,screenshot_strong,MLLM_STR_GPT-Image2-fake_159,1,0.5770350098609924,mllm::GPT_Image_2,,models/v2/clip_lora_fold1_best_v1.pt,models/v2/v2_10b_h2_balanced_logreg_fold1_v1.joblib
1,screenshot_strong,MLLM_STR_GPT-Image2-fake_16,1,0.7706761360168457,mllm::GPT_Image_2,,models/v2/clip_lora_fold1_best_v1.pt,models/v2/v2_10b_h2_balanced_logreg_fold1_v1.joblib
1,screenshot_strong,MLLM_STR_GPT-Image2-fake_160,1,0.530285656452179,mllm::GPT_Image_2,,models/v2/clip_lora_fold1_best_v1.pt,models/v2/v2_10b_h2_balanced_logreg_fold1_v1.joblib
1,screenshot_strong,MLLM_STR_GPT-Image2-fake_161,1,0.5028628706932068,mllm::GPT_Image_2,,models/v2/clip_lora_fold1_best_v1.pt,models/v2/v2_10b_h2_balanced_logreg_fold1_v1.joblib
1,screenshot_strong,MLLM_STR_GPT-Image2-fake_162,1,0.44693246483802795,mllm::GPT_Image_2,,models/v2/clip_lora_fold1_best_v1.pt,models/v2/v2_10b_h2_balanced_logreg_fold1_v1.joblib
1,screenshot_strong,MLLM_STR_GPT-Image2-fake_163,1,0.31780436635017395,mllm::GPT_Image_2,,models/v2/clip_lora_fold1_best_v1.pt,models/v2/v2_10b_h2_balanced_logreg_fold1_v1.joblib
1,screenshot_strong,MLLM_STR_GPT-Image2-fake_164,1,0.44801729917526245,mllm::GPT_Image_2,,models/v2/clip_lora_fold1_best_v1.pt,models/v2/v2_10b_h2_balanced_logreg_fold1_v1.joblib
1,screenshot_strong,MLLM_STR_GPT-Image2-fake_165,1,0.5658849477767944,mllm::GPT_Image_2,,models/v2/clip_lora_fold1_best_v1.pt,models/v2/v2_10b_h2_balanced_logreg_fold1_v1.joblib
1,screenshot_strong,MLLM_STR_GPT-Image2-fake_166,1,0.39762750267982483,mllm::GPT_Image_2,,models/v2/clip_lora_fold1_best_v1.pt,models/v2/v2_10b_h2_balanced_logreg_fold1_v1.joblib
1,screenshot_strong,MLLM_STR_GPT-Image2-fake_167,1,0.3111443817615509,mllm::GPT_Image_2,,models/v2/clip_lora_fold1_best_v1.pt,models/v2/v2_10b_h2_balanced_logreg_fold1_v1.joblib
1,screenshot_strong,MLLM_STR_GPT-Image2-fake_168,1,0.7507997751235962,mllm::GPT_Image_2,,models/v2/clip_lora_fold1_best_v1.pt,models/v2/v2_10b_h2_balanced_logreg_fold1_v1.joblib
1,screenshot_strong,MLLM_STR_GPT-Image2-fake_169,1,0.6868194341659546,mllm::GPT_Image_2,,models/v2/clip_lora_fold1_best_v1.pt,models/v2/v2_10b_h2_balanced_logreg_fold1_v1.joblib
1,screenshot_strong,MLLM_STR_GPT-Image2-fake_17,1,0.7236291766166687,mllm::GPT_Image_2,,models/v2/clip_lora_fold1_best_v1.pt,models/v2/v2_10b_h2_balanced_logreg_fold1_v1.joblib
1,screenshot_strong,MLLM_STR_GPT-Image2-fake_170,1,0.6794478893280029,mllm::GPT_Image_2,,models/v2/clip_lora_fold1_best_v1.pt,models/v2/v2_10b_h2_balanced_logreg_fold1_v1.joblib
1,screenshot_strong,MLLM_STR_GPT-Image2-fake_171,1,0.705378532409668,mllm::GPT_Image_2,,models/v2/clip_lora_fold1_best_v1.pt,models/v2/v2_10b_h2_balanced_logreg_fold1_v1.joblib
1,screenshot_strong,MLLM_STR_GPT-Image2-fake_172,1,0.7019054293632507,mllm::GPT_Image_2,,models/v2/clip_lora_fold1_best_v1.pt,models/v2/v2_10b_h2_balanced_logreg_fold1_v1.joblib
1,screenshot_strong,MLLM_STR_GPT-Image2-fake_173,1,0.6015467047691345,mllm::GPT_Image_2,,models/v2/clip_lora_fold1_best_v1.pt,models/v2/v2_10b_h2_balanced_logreg_fold1_v1.joblib
1,screenshot_strong,MLLM_STR_GPT-Image2-fake_174,1,0.6545856595039368,mllm::GPT_Image_2,,models/v2/clip_lora_fold1_best_v1.pt,models/v2/v2_10b_h2_balanced_logreg_fold1_v1.joblib
1,screenshot_strong,MLLM_STR_GPT-Image2-fake_175,1,0.656251072883606,mllm::GPT_Image_2,,models/v2/clip_lora_fold1_best_v1.pt,models/v2/v2_10b_h2_balanced_logreg_fold1_v1.joblib
1,screenshot_strong,MLLM_STR_GPT-Image2-fake_176,1,0.6676597595214844,mllm::GPT_Image_2,,models/v2/clip_lora_fold1_best_v1.pt,models/v2/v2_10b_h2_balanced_logreg_fold1_v1.joblib
1,screenshot_strong,MLLM_STR_GPT-Image2-fake_177,1,0.7987788915634155,mllm::GPT_Image_2,,models/v2/clip_lora_fold1_best_v1.pt,models/v2/v2_10b_h2_balanced_logreg_fold1_v1.joblib
1,screenshot_strong,MLLM_STR_GPT-Image2-fake_178,1,0.7380368709564209,mllm::GPT_Image_2,,models/v2/clip_lora_fold1_best_v1.pt,models/v2/v2_10b_h2_balanced_logreg_fold1_v1.joblib
1,screenshot_strong,MLLM_STR_GPT-Image2-fake_179,1,0.6634314060211182,mllm::GPT_Image_2,,models/v2/clip_lora_fold1_best_v1.pt,models/v2/v2_10b_h2_balanced_logreg_fold1_v1.joblib
1,screenshot_strong,MLLM_STR_GPT-Image2-fake_18,1,0.8243352174758911,mllm::GPT_Image_2,,models/v2/clip_lora_fold1_best_v1.pt,models/v2/v2_10b_h2_balanced_logreg_fold1_v1.joblib
1,screenshot_strong,MLLM_STR_GPT-Image2-fake_180,1,0.47588005661964417,mllm::GPT_Image_2,,models/v2/clip_lora_fold1_best_v1.pt,models/v2/v2_10b_h2_balanced_logreg_fold1_v1.joblib
1,screenshot_strong,MLLM_STR_GPT-Image2-fake_181,1,0.44646206498146057,mllm::GPT_Image_2,,models/v2/clip_lora_fold1_best_v1.pt,models/v2/v2_10b_h2_balanced_logreg_fold1_v1.joblib
1,screenshot_strong,MLLM_STR_GPT-Image2-fake_182,1,0.28349432349205017,mllm::GPT_Image_2,,models/v2/clip_lora_fold1_best_v1.pt,models/v2/v2_10b_h2_balanced_logreg_fold1_v1.joblib
1,screenshot_strong,MLLM_STR_GPT-Image2-fake_183,1,0.7815598249435425,mllm::GPT_Image_2,,models/v2/clip_lora_fold1_best_v1.pt,models/v2/v2_10b_h2_balanced_logreg_fold1_v1.joblib
1,screenshot_strong,MLLM_STR_GPT-Image2-fake_184,1,0.6274041533470154,mllm::GPT_Image_2,,models/v2/clip_lora_fold1_best_v1.pt,models/v2/v2_10b_h2_balanced_logreg_fold1_v1.joblib
1,screenshot_strong,MLLM_STR_GPT-Image2-fake_185,1,0.6465999484062195,mllm::GPT_Image_2,,models/v2/clip_lora_fold1_best_v1.pt,models/v2/v2_10b_h2_balanced_logreg_fold1_v1.joblib
1,screenshot_strong,MLLM_STR_GPT-Image2-fake_186,1,0.5120203495025635,mllm::GPT_Image_2,,models/v2/clip_lora_fold1_best_v1.pt,models/v2/v2_10b_h2_balanced_logreg_fold1_v1.joblib
1,screenshot_strong,MLLM_STR_GPT-Image2-fake_187,1,0.4944867789745331,mllm::GPT_Image_2,,models/v2/clip_lora_fold1_best_v1.pt,models/v2/v2_10b_h2_balanced_logreg_fold1_v1.joblib
1,screenshot_strong,MLLM_STR_GPT-Image2-fake_188,1,0.7153331637382507,mllm::GPT_Image_2,,models/v2/clip_lora_fold1_best_v1.pt,models/v2/v2_10b_h2_balanced_logreg_fold1_v1.joblib
1,screenshot_strong,MLLM_STR_GPT-Image2-fake_189,1,0.6736335754394531,mllm::GPT_Image_2,,models/v2/clip_lora_fold1_best_v1.pt,models/v2/v2_10b_h2_balanced_logreg_fold1_v1.joblib
1,screenshot_strong,MLLM_STR_GPT-Image2-fake_19,1,0.6973636746406555,mllm::GPT_Image_2,,models/v2/clip_lora_fold1_best_v1.pt,models/v2/v2_10b_h2_balanced_logreg_fold1_v1.joblib
1,screenshot_strong,MLLM_STR_GPT-Image2-fake_190,1,0.5618375539779663,mllm::GPT_Image_2,,models/v2/clip_lora_fold1_best_v1.pt,models/v2/v2_10b_h2_balanced_logreg_fold1_v1.joblib
1,screenshot_strong,MLLM_STR_GPT-Image2-fake_191,1,0.6706589460372925,mllm::GPT_Image_2,,models/v2/clip_lora_fold1_best_v1.pt,models/v2/v2_10b_h2_balanced_logreg_fold1_v1.joblib
1,screenshot_strong,MLLM_STR_GPT-Image2-fake_192,1,0.6509634256362915,mllm::GPT_Image_2,,models/v2/clip_lora_fold1_best_v1.pt,models/v2/v2_10b_h2_balanced_logreg_fold1_v1.joblib
1,screenshot_strong,MLLM_STR_GPT-Image2-fake_193,1,0.5855174660682678,mllm::GPT_Image_2,,models/v2/clip_lora_fold1_best_v1.pt,models/v2/v2_10b_h2_balanced_logreg_fold1_v1.joblib
1,screenshot_strong,MLLM_STR_GPT-Image2-fake_194,1,0.8562836647033691,mllm::GPT_Image_2,,models/v2/clip_lora_fold1_best_v1.pt,models/v2/v2_10b_h2_balanced_logreg_fold1_v1.joblib
1,screenshot_strong,MLLM_STR_GPT-Image2-fake_195,1,0.6819406747817993,mllm::GPT_Image_2,,models/v2/clip_lora_fold1_best_v1.pt,models/v2/v2_10b_h2_balanced_logreg_fold1_v1.joblib
1,screenshot_strong,MLLM_STR_GPT-Image2-fake_196,1,0.672019362449646,mllm::GPT_Image_2,,models/v2/clip_lora_fold1_best_v1.pt,models/v2/v2_10b_h2_balanced_logreg_fold1_v1.joblib
1,screenshot_strong,MLLM_STR_GPT-Image2-fake_197,1,0.4733350872993469,mllm::GPT_Image_2,,models/v2/clip_lora_fold1_best_v1.pt,models/v2/v2_10b_h2_balanced_logreg_fold1_v1.joblib
1,screenshot_strong,MLLM_STR_GPT-Image2-fake_198,1,0.7871038317680359,mllm::GPT_Image_2,,models/v2/clip_lora_fold1_best_v1.pt,models/v2/v2_10b_h2_balanced_logreg_fold1_v1.joblib
1,screenshot_strong,MLLM_STR_GPT-Image2-fake_199,1,0.7251780033111572,mllm::GPT_Image_2,,models/v2/clip_lora_fold1_best_v1.pt,models/v2/v2_10b_h2_balanced_logreg_fold1_v1.joblib
1,screenshot_strong,MLLM_STR_GPT-Image2-fake_2,1,0.7149367928504944,mllm::GPT_Image_2,,models/v2/clip_lora_fold1_best_v1.pt,models/v2/v2_10b_h2_balanced_logreg_fold1_v1.joblib
1,screenshot_strong,MLLM_STR_GPT-Image2-fake_20,1,0.4646635353565216,mllm::GPT_Image_2,,models/v2/clip_lora_fold1_best_v1.pt,models/v2/v2_10b_h2_balanced_logreg_fold1_v1.joblib
1,screenshot_strong,MLLM_STR_GPT-Image2-fake_200,1,0.7916366457939148,mllm::GPT_Image_2,,models/v2/clip_lora_fold1_best_v1.pt,models/v2/v2_10b_h2_balanced_logreg_fold1_v1.joblib
1,screenshot_strong,MLLM_STR_GPT-Image2-fake_201,1,0.8752715587615967,mllm::GPT_Image_2,,models/v2/clip_lora_fold1_best_v1.pt,models/v2/v2_10b_h2_balanced_logreg_fold1_v1.joblib
1,screenshot_strong,MLLM_STR_GPT-Image2-fake_202,1,0.6923983693122864,mllm::GPT_Image_2,,models/v2/clip_lora_fold1_best_v1.pt,models/v2/v2_10b_h2_balanced_logreg_fold1_v1.joblib
1,screenshot_strong,MLLM_STR_GPT-Image2-fake_203,1,0.812458872795105,mllm::GPT_Image_2,,models/v2/clip_lora_fold1_best_v1.pt,models/v2/v2_10b_h2_balanced_logreg_fold1_v1.joblib
1,screenshot_strong,MLLM_STR_GPT-Image2-fake_204,1,0.7255974411964417,mllm::GPT_Image_2,,models/v2/clip_lora_fold1_best_v1.pt,models/v2/v2_10b_h2_balanced_logreg_fold1_v1.joblib
1,screenshot_strong,MLLM_STR_GPT-Image2-fake_205,1,0.6710044741630554,mllm::GPT_Image_2,,models/v2/clip_lora_fold1_best_v1.pt,models/v2/v2_10b_h2_balanced_logreg_fold1_v1.joblib
1,screenshot_strong,MLLM_STR_GPT-Image2-fake_206,1,0.675795316696167,mllm::GPT_Image_2,,models/v2/clip_lora_fold1_best_v1.pt,models/v2/v2_10b_h2_balanced_logreg_fold1_v1.joblib
1,screenshot_strong,MLLM_STR_GPT-Image2-fake_207,1,0.5611576437950134,mllm::GPT_Image_2,,models/v2/clip_lora_fold1_best_v1.pt,models/v2/v2_10b_h2_balanced_logreg_fold1_v1.joblib
1,screenshot_strong,MLLM_STR_GPT-Image2-fake_208,1,0.27879148721694946,mllm::GPT_Image_2,,models/v2/clip_lora_fold1_best_v1.pt,models/v2/v2_10b_h2_balanced_logreg_fold1_v1.joblib
1,screenshot_strong,MLLM_STR_GPT-Image2-fake_209,1,0.40010860562324524,mllm::GPT_Image_2,,models/v2/clip_lora_fold1_best_v1.pt,models/v2/v2_10b_h2_balanced_logreg_fold1_v1.joblib
1,screenshot_strong,MLLM_STR_GPT-Image2-fake_21,1,0.6531141996383667,mllm::GPT_Image_2,,models/v2/clip_lora_fold1_best_v1.pt,models/v2/v2_10b_h2_balanced_logreg_fold1_v1.joblib
1,screenshot_strong,MLLM_STR_GPT-Image2-fake_210,1,0.699249804019928,mllm::GPT_Image_2,,models/v2/clip_lora_fold1_best_v1.pt,models/v2/v2_10b_h2_balanced_logreg_fold1_v1.joblib
1,screenshot_strong,MLLM_STR_GPT-Image2-fake_211,1,0.7782109379768372,mllm::GPT_Image_2,,models/v2/clip_lora_fold1_best_v1.pt,models/v2/v2_10b_h2_balanced_logreg_fold1_v1.joblib
1,screenshot_strong,MLLM_STR_GPT-Image2-fake_212,1,0.6441013216972351,mllm::GPT_Image_2,,models/v2/clip_lora_fold1_best_v1.pt,models/v2/v2_10b_h2_balanced_logreg_fold1_v1.joblib
1,screenshot_strong,MLLM_STR_GPT-Image2-fake_213,1,0.7782740592956543,mllm::GPT_Image_2,,models/v2/clip_lora_fold1_best_v1.pt,models/v2/v2_10b_h2_balanced_logreg_fold1_v1.joblib
1,screenshot_strong,MLLM_STR_GPT-Image2-fake_214,1,0.803519606590271,mllm::GPT_Image_2,,models/v2/clip_lora_fold1_best_v1.pt,models/v2/v2_10b_h2_balanced_logreg_fold1_v1.joblib
1,screenshot_strong,MLLM_STR_GPT-Image2-fake_215,1,0.8118304014205933,mllm::GPT_Image_2,,models/v2/clip_lora_fold1_best_v1.pt,models/v2/v2_10b_h2_balanced_logreg_fold1_v1.joblib
1,screenshot_strong,MLLM_STR_GPT-Image2-fake_216,1,0.5560524463653564,mllm::GPT_Image_2,,models/v2/clip_lora_fold1_best_v1.pt,models/v2/v2_10b_h2_balanced_logreg_fold1_v1.joblib
1,screenshot_strong,MLLM_STR_GPT-Image2-fake_217,1,0.6866821646690369,mllm::GPT_Image_2,,models/v2/clip_lora_fold1_best_v1.pt,models/v2/v2_10b_h2_balanced_logreg_fold1_v1.joblib
1,screenshot_strong,MLLM_STR_GPT-Image2-fake_218,1,0.6129778027534485,mllm::GPT_Image_2,,models/v2/clip_lora_fold1_best_v1.pt,models/v2/v2_10b_h2_balanced_logreg_fold1_v1.joblib
1,screenshot_strong,MLLM_STR_GPT-Image2-fake_219,1,0.5879477262496948,mllm::GPT_Image_2,,models/v2/clip_lora_fold1_best_v1.pt,models/v2/v2_10b_h2_balanced_logreg_fold1_v1.joblib
1,screenshot_strong,MLLM_STR_GPT-Image2-fake_22,1,0.2185007631778717,mllm::GPT_Image_2,,models/v2/clip_lora_fold1_best_v1.pt,models/v2/v2_10b_h2_balanced_logreg_fold1_v1.joblib
1,screenshot_strong,MLLM_STR_GPT-Image2-fake_220,1,0.4903126358985901,mllm::GPT_Image_2,,models/v2/clip_lora_fold1_best_v1.pt,models/v2/v2_10b_h2_balanced_logreg_fold1_v1.joblib
1,screenshot_strong,MLLM_STR_GPT-Image2-fake_221,1,0.38990071415901184,mllm::GPT_Image_2,,models/v2/clip_lora_fold1_best_v1.pt,models/v2/v2_10b_h2_balanced_logreg_fold1_v1.joblib
1,screenshot_strong,MLLM_STR_GPT-Image2-fake_222,1,0.2534639835357666,mllm::GPT_Image_2,,models/v2/clip_lora_fold1_best_v1.pt,models/v2/v2_10b_h2_balanced_logreg_fold1_v1.joblib
1,screenshot_strong,MLLM_STR_GPT-Image2-fake_223,1,0.5137948989868164,mllm::GPT_Image_2,,models/v2/clip_lora_fold1_best_v1.pt,models/v2/v2_10b_h2_balanced_logreg_fold1_v1.joblib
1,screenshot_strong,MLLM_STR_GPT-Image2-fake_224,1,0.40367892384529114,mllm::GPT_Image_2,,models/v2/clip_lora_fold1_best_v1.pt,models/v2/v2_10b_h2_balanced_logreg_fold1_v1.joblib
1,screenshot_strong,MLLM_STR_GPT-Image2-fake_225,1,0.461246132850647,mllm::GPT_Image_2,,models/v2/clip_lora_fold1_best_v1.pt,models/v2/v2_10b_h2_balanced_logreg_fold1_v1.joblib
1,screenshot_strong,MLLM_STR_GPT-Image2-fake_226,1,0.15331512689590454,mllm::GPT_Image_2,,models/v2/clip_lora_fold1_best_v1.pt,models/v2/v2_10b_h2_balanced_logreg_fold1_v1.joblib
1,screenshot_strong,MLLM_STR_GPT-Image2-fake_227,1,0.2835847735404968,mllm::GPT_Image_2,,models/v2/clip_lora_fold1_best_v1.pt,models/v2/v2_10b_h2_balanced_logreg_fold1_v1.joblib
1,screenshot_strong,MLLM_STR_GPT-Image2-fake_228,1,0.14789041876792908,mllm::GPT_Image_2,,models/v2/clip_lora_fold1_best_v1.pt,models/v2/v2_10b_h2_balanced_logreg_fold1_v1.joblib
1,screenshot_strong,MLLM_STR_GPT-Image2-fake_229,1,0.1909099817276001,mllm::GPT_Image_2,,models/v2/clip_lora_fold1_best_v1.pt,models/v2/v2_10b_h2_balanced_logreg_fold1_v1.joblib
1,screenshot_strong,MLLM_STR_GPT-Image2-fake_23,1,0.2862641215324402,mllm::GPT_Image_2,,models/v2/clip_lora_fold1_best_v1.pt,models/v2/v2_10b_h2_balanced_logreg_fold1_v1.joblib
1,screenshot_strong,MLLM_STR_GPT-Image2-fake_230,1,0.3395783603191376,mllm::GPT_Image_2,,models/v2/clip_lora_fold1_best_v1.pt,models/v2/v2_10b_h2_balanced_logreg_fold1_v1.joblib
1,screenshot_strong,MLLM_STR_GPT-Image2-fake_231,1,0.2589839994907379,mllm::GPT_Image_2,,models/v2/clip_lora_fold1_best_v1.pt,models/v2/v2_10b_h2_balanced_logreg_fold1_v1.joblib
1,screenshot_strong,MLLM_STR_GPT-Image2-fake_232,1,0.32473859190940857,mllm::GPT_Image_2,,models/v2/clip_lora_fold1_best_v1.pt,models/v2/v2_10b_h2_balanced_logreg_fold1_v1.joblib
1,screenshot_strong,MLLM_STR_GPT-Image2-fake_233,1,0.18539290130138397,mllm::GPT_Image_2,,models/v2/clip_lora_fold1_best_v1.pt,models/v2/v2_10b_h2_balanced_logreg_fold1_v1.joblib
1,screenshot_strong,MLLM_STR_GPT-Image2-fake_234,1,0.49395543336868286,mllm::GPT_Image_2,,models/v2/clip_lora_fold1_best_v1.pt,models/v2/v2_10b_h2_balanced_logreg_fold1_v1.joblib
1,screenshot_strong,MLLM_STR_GPT-Image2-fake_235,1,0.3689166009426117,mllm::GPT_Image_2,,models/v2/clip_lora_fold1_best_v1.pt,models/v2/v2_10b_h2_balanced_logreg_fold1_v1.joblib
1,screenshot_strong,MLLM_STR_GPT-Image2-fake_236,1,0.4079905152320862,mllm::GPT_Image_2,,models/v2/clip_lora_fold1_best_v1.pt,models/v2/v2_10b_h2_balanced_logreg_fold1_v1.joblib
1,screenshot_strong,MLLM_STR_GPT-Image2-fake_237,1,0.7278574705123901,mllm::GPT_Image_2,,models/v2/clip_lora_fold1_best_v1.pt,models/v2/v2_10b_h2_balanced_logreg_fold1_v1.joblib
1,screenshot_strong,MLLM_STR_GPT-Image2-fake_238,1,0.7505568861961365,mllm::GPT_Image_2,,models/v2/clip_lora_fold1_best_v1.pt,models/v2/v2_10b_h2_balanced_logreg_fold1_v1.joblib
1,screenshot_strong,MLLM_STR_GPT-Image2-fake_239,1,0.5689986348152161,mllm::GPT_Image_2,,models/v2/clip_lora_fold1_best_v1.pt,models/v2/v2_10b_h2_balanced_logreg_fold1_v1.joblib
1,screenshot_strong,MLLM_STR_GPT-Image2-fake_24,1,0.2965899407863617,mllm::GPT_Image_2,,models/v2/clip_lora_fold1_best_v1.pt,models/v2/v2_10b_h2_balanced_logreg_fold1_v1.joblib
1,screenshot_strong,MLLM_STR_GPT-Image2-fake_240,1,0.4841875731945038,mllm::GPT_Image_2,,models/v2/clip_lora_fold1_best_v1.pt,models/v2/v2_10b_h2_balanced_logreg_fold1_v1.joblib
1,screenshot_strong,MLLM_STR_GPT-Image2-fake_241,1,0.46292293071746826,mllm::GPT_Image_2,,models/v2/clip_lora_fold1_best_v1.pt,models/v2/v2_10b_h2_balanced_logreg_fold1_v1.joblib
1,screenshot_strong,MLLM_STR_GPT-Image2-fake_242,1,0.2716060280799866,mllm::GPT_Image_2,,models/v2/clip_lora_fold1_best_v1.pt,models/v2/v2_10b_h2_balanced_logreg_fold1_v1.joblib
1,screenshot_strong,MLLM_STR_GPT-Image2-fake_243,1,0.5082640647888184,mllm::GPT_Image_2,,models/v2/clip_lora_fold1_best_v1.pt,models/v2/v2_10b_h2_balanced_logreg_fold1_v1.joblib
1,screenshot_strong,MLLM_STR_GPT-Image2-fake_244,1,0.5529008507728577,mllm::GPT_Image_2,,models/v2/clip_lora_fold1_best_v1.pt,models/v2/v2_10b_h2_balanced_logreg_fold1_v1.joblib
1,screenshot_strong,MLLM_STR_GPT-Image2-fake_245,1,0.2408038079738617,mllm::GPT_Image_2,,models/v2/clip_lora_fold1_best_v1.pt,models/v2/v2_10b_h2_balanced_logreg_fold1_v1.joblib
1,screenshot_strong,MLLM_STR_GPT-Image2-fake_246,1,0.4401038885116577,mllm::GPT_Image_2,,models/v2/clip_lora_fold1_best_v1.pt,models/v2/v2_10b_h2_balanced_logreg_fold1_v1.joblib
1,screenshot_strong,MLLM_STR_GPT-Image2-fake_247,1,0.17837749421596527,mllm::GPT_Image_2,,models/v2/clip_lora_fold1_best_v1.pt,models/v2/v2_10b_h2_balanced_logreg_fold1_v1.joblib
1,screenshot_strong,MLLM_STR_GPT-Image2-fake_248,1,0.10495609790086746,mllm::GPT_Image_2,,models/v2/clip_lora_fold1_best_v1.pt,models/v2/v2_10b_h2_balanced_logreg_fold1_v1.joblib
1,screenshot_strong,MLLM_STR_GPT-Image2-fake_249,1,0.2920284867286682,mllm::GPT_Image_2,,models/v2/clip_lora_fold1_best_v1.pt,models/v2/v2_10b_h2_balanced_logreg_fold1_v1.joblib
1,screenshot_strong,MLLM_STR_GPT-Image2-fake_25,1,0.1646495759487152,mllm::GPT_Image_2,,models/v2/clip_lora_fold1_best_v1.pt,models/v2/v2_10b_h2_balanced_logreg_fold1_v1.joblib
1,screenshot_strong,MLLM_STR_GPT-Image2-fake_250,1,0.24570012092590332,mllm::GPT_Image_2,,models/v2/clip_lora_fold1_best_v1.pt,models/v2/v2_10b_h2_balanced_logreg_fold1_v1.joblib
1,screenshot_strong,MLLM_STR_GPT-Image2-fake_251,1,0.36966079473495483,mllm::GPT_Image_2,,models/v2/clip_lora_fold1_best_v1.pt,models/v2/v2_10b_h2_balanced_logreg_fold1_v1.joblib
1,screenshot_strong,MLLM_STR_GPT-Image2-fake_252,1,0.41369181871414185,mllm::GPT_Image_2,,models/v2/clip_lora_fold1_best_v1.pt,models/v2/v2_10b_h2_balanced_logreg_fold1_v1.joblib
1,screenshot_strong,MLLM_STR_GPT-Image2-fake_253,1,0.45691102743148804,mllm::GPT_Image_2,,models/v2/clip_lora_fold1_best_v1.pt,models/v2/v2_10b_h2_balanced_logreg_fold1_v1.joblib
1,screenshot_strong,MLLM_STR_GPT-Image2-fake_254,1,0.4537465274333954,mllm::GPT_Image_2,,models/v2/clip_lora_fold1_best_v1.pt,models/v2/v2_10b_h2_balanced_logreg_fold1_v1.joblib
1,screenshot_strong,MLLM_STR_GPT-Image2-fake_255,1,0.6289846301078796,mllm::GPT_Image_2,,models/v2/clip_lora_fold1_best_v1.pt,models/v2/v2_10b_h2_balanced_logreg_fold1_v1.joblib
1,screenshot_strong,MLLM_STR_GPT-Image2-fake_256,1,0.3446580171585083,mllm::GPT_Image_2,,models/v2/clip_lora_fold1_best_v1.pt,models/v2/v2_10b_h2_balanced_logreg_fold1_v1.joblib
1,screenshot_strong,MLLM_STR_GPT-Image2-fake_257,1,0.409529447555542,mllm::GPT_Image_2,,models/v2/clip_lora_fold1_best_v1.pt,models/v2/v2_10b_h2_balanced_logreg_fold1_v1.joblib
1,screenshot_strong,MLLM_STR_GPT-Image2-fake_258,1,0.3223293721675873,mllm::GPT_Image_2,,models/v2/clip_lora_fold1_best_v1.pt,models/v2/v2_10b_h2_balanced_logreg_fold1_v1.joblib
1,screenshot_strong,MLLM_STR_GPT-Image2-fake_259,1,0.43178674578666687,mllm::GPT_Image_2,,models/v2/clip_lora_fold1_best_v1.pt,models/v2/v2_10b_h2_balanced_logreg_fold1_v1.joblib
1,screenshot_strong,MLLM_STR_GPT-Image2-fake_26,1,0.2284945249557495,mllm::GPT_Image_2,,models/v2/clip_lora_fold1_best_v1.pt,models/v2/v2_10b_h2_balanced_logreg_fold1_v1.joblib
1,screenshot_strong,MLLM_STR_GPT-Image2-fake_260,1,0.3698458969593048,mllm::GPT_Image_2,,models/v2/clip_lora_fold1_best_v1.pt,models/v2/v2_10b_h2_balanced_logreg_fold1_v1.joblib
1,screenshot_strong,MLLM_STR_GPT-Image2-fake_261,1,0.5889483690261841,mllm::GPT_Image_2,,models/v2/clip_lora_fold1_best_v1.pt,models/v2/v2_10b_h2_balanced_logreg_fold1_v1.joblib
1,screenshot_strong,MLLM_STR_GPT-Image2-fake_262,1,0.49339205026626587,mllm::GPT_Image_2,,models/v2/clip_lora_fold1_best_v1.pt,models/v2/v2_10b_h2_balanced_logreg_fold1_v1.joblib
1,screenshot_strong,MLLM_STR_GPT-Image2-fake_263,1,0.4744911193847656,mllm::GPT_Image_2,,models/v2/clip_lora_fold1_best_v1.pt,models/v2/v2_10b_h2_balanced_logreg_fold1_v1.joblib
1,screenshot_strong,MLLM_STR_GPT-Image2-fake_264,1,0.4245438277721405,mllm::GPT_Image_2,,models/v2/clip_lora_fold1_best_v1.pt,models/v2/v2_10b_h2_balanced_logreg_fold1_v1.joblib
1,screenshot_strong,MLLM_STR_GPT-Image2-fake_265,1,0.2444227635860443,mllm::GPT_Image_2,,models/v2/clip_lora_fold1_best_v1.pt,models/v2/v2_10b_h2_balanced_logreg_fold1_v1.joblib
1,screenshot_strong,MLLM_STR_GPT-Image2-fake_266,1,0.3536643981933594,mllm::GPT_Image_2,,models/v2/clip_lora_fold1_best_v1.pt,models/v2/v2_10b_h2_balanced_logreg_fold1_v1.joblib
1,screenshot_strong,MLLM_STR_GPT-Image2-fake_267,1,0.21604128181934357,mllm::GPT_Image_2,,models/v2/clip_lora_fold1_best_v1.pt,models/v2/v2_10b_h2_balanced_logreg_fold1_v1.joblib
1,screenshot_strong,MLLM_STR_GPT-Image2-fake_268,1,0.25285670161247253,mllm::GPT_Image_2,,models/v2/clip_lora_fold1_best_v1.pt,models/v2/v2_10b_h2_balanced_logreg_fold1_v1.joblib
1,screenshot_strong,MLLM_STR_GPT-Image2-fake_269,1,0.22913242876529694,mllm::GPT_Image_2,,models/v2/clip_lora_fold1_best_v1.pt,models/v2/v2_10b_h2_balanced_logreg_fold1_v1.joblib
1,screenshot_strong,MLLM_STR_GPT-Image2-fake_27,1,0.272640198469162,mllm::GPT_Image_2,,models/v2/clip_lora_fold1_best_v1.pt,models/v2/v2_10b_h2_balanced_logreg_fold1_v1.joblib
1,screenshot_strong,MLLM_STR_GPT-Image2-fake_270,1,0.194026380777359,mllm::GPT_Image_2,,models/v2/clip_lora_fold1_best_v1.pt,models/v2/v2_10b_h2_balanced_logreg_fold1_v1.joblib
1,screenshot_strong,MLLM_STR_GPT-Image2-fake_271,1,0.24203014373779297,mllm::GPT_Image_2,,models/v2/clip_lora_fold1_best_v1.pt,models/v2/v2_10b_h2_balanced_logreg_fold1_v1.joblib
1,screenshot_strong,MLLM_STR_GPT-Image2-fake_272,1,0.22616729140281677,mllm::GPT_Image_2,,models/v2/clip_lora_fold1_best_v1.pt,models/v2/v2_10b_h2_balanced_logreg_fold1_v1.joblib
1,screenshot_strong,MLLM_STR_GPT-Image2-fake_273,1,0.2343870848417282,mllm::GPT_Image_2,,models/v2/clip_lora_fold1_best_v1.pt,models/v2/v2_10b_h2_balanced_logreg_fold1_v1.joblib
1,screenshot_strong,MLLM_STR_GPT-Image2-fake_274,1,0.22438396513462067,mllm::GPT_Image_2,,models/v2/clip_lora_fold1_best_v1.pt,models/v2/v2_10b_h2_balanced_logreg_fold1_v1.joblib
1,screenshot_strong,MLLM_STR_GPT-Image2-fake_275,1,0.1422734409570694,mllm::GPT_Image_2,,models/v2/clip_lora_fold1_best_v1.pt,models/v2/v2_10b_h2_balanced_logreg_fold1_v1.joblib
1,screenshot_strong,MLLM_STR_GPT-Image2-fake_276,1,0.23937635123729706,mllm::GPT_Image_2,,models/v2/clip_lora_fold1_best_v1.pt,models/v2/v2_10b_h2_balanced_logreg_fold1_v1.joblib
1,screenshot_strong,MLLM_STR_GPT-Image2-fake_277,1,0.2531394064426422,mllm::GPT_Image_2,,models/v2/clip_lora_fold1_best_v1.pt,models/v2/v2_10b_h2_balanced_logreg_fold1_v1.joblib
1,screenshot_strong,MLLM_STR_GPT-Image2-fake_278,1,0.21466825902462006,mllm::GPT_Image_2,,models/v2/clip_lora_fold1_best_v1.pt,models/v2/v2_10b_h2_balanced_logreg_fold1_v1.joblib
1,screenshot_strong,MLLM_STR_GPT-Image2-fake_279,1,0.16377948224544525,mllm::GPT_Image_2,,models/v2/clip_lora_fold1_best_v1.pt,models/v2/v2_10b_h2_balanced_logreg_fold1_v1.joblib
1,screenshot_strong,MLLM_STR_GPT-Image2-fake_28,1,0.2862021028995514,mllm::GPT_Image_2,,models/v2/clip_lora_fold1_best_v1.pt,models/v2/v2_10b_h2_balanced_logreg_fold1_v1.joblib
1,screenshot_strong,MLLM_STR_GPT-Image2-fake_280,1,0.10972075164318085,mllm::GPT_Image_2,,models/v2/clip_lora_fold1_best_v1.pt,models/v2/v2_10b_h2_balanced_logreg_fold1_v1.joblib
1,screenshot_strong,MLLM_STR_GPT-Image2-fake_281,1,0.3589823842048645,mllm::GPT_Image_2,,models/v2/clip_lora_fold1_best_v1.pt,models/v2/v2_10b_h2_balanced_logreg_fold1_v1.joblib
1,screenshot_strong,MLLM_STR_GPT-Image2-fake_282,1,0.17015254497528076,mllm::GPT_Image_2,,models/v2/clip_lora_fold1_best_v1.pt,models/v2/v2_10b_h2_balanced_logreg_fold1_v1.joblib
1,screenshot_strong,MLLM_STR_GPT-Image2-fake_283,1,0.2780952751636505,mllm::GPT_Image_2,,models/v2/clip_lora_fold1_best_v1.pt,models/v2/v2_10b_h2_balanced_logreg_fold1_v1.joblib
1,screenshot_strong,MLLM_STR_GPT-Image2-fake_284,1,0.5395524501800537,mllm::GPT_Image_2,,models/v2/clip_lora_fold1_best_v1.pt,models/v2/v2_10b_h2_balanced_logreg_fold1_v1.joblib
1,screenshot_strong,MLLM_STR_GPT-Image2-fake_285,1,0.17260535061359406,mllm::GPT_Image_2,,models/v2/clip_lora_fold1_best_v1.pt,models/v2/v2_10b_h2_balanced_logreg_fold1_v1.joblib
1,screenshot_strong,MLLM_STR_GPT-Image2-fake_286,1,0.16242028772830963,mllm::GPT_Image_2,,models/v2/clip_lora_fold1_best_v1.pt,models/v2/v2_10b_h2_balanced_logreg_fold1_v1.joblib
1,screenshot_strong,MLLM_STR_GPT-Image2-fake_287,1,0.04607792943716049,mllm::GPT_Image_2,,models/v2/clip_lora_fold1_best_v1.pt,models/v2/v2_10b_h2_balanced_logreg_fold1_v1.joblib
1,screenshot_strong,MLLM_STR_GPT-Image2-fake_288,1,0.10971883684396744,mllm::GPT_Image_2,,models/v2/clip_lora_fold1_best_v1.pt,models/v2/v2_10b_h2_balanced_logreg_fold1_v1.joblib
1,screenshot_strong,MLLM_STR_GPT-Image2-fake_289,1,0.27787062525749207,mllm::GPT_Image_2,,models/v2/clip_lora_fold1_best_v1.pt,models/v2/v2_10b_h2_balanced_logreg_fold1_v1.joblib
1,screenshot_strong,MLLM_STR_GPT-Image2-fake_29,1,0.09638667851686478,mllm::GPT_Image_2,,models/v2/clip_lora_fold1_best_v1.pt,models/v2/v2_10b_h2_balanced_logreg_fold1_v1.joblib
1,screenshot_strong,MLLM_STR_GPT-Image2-fake_290,1,0.19306068122386932,mllm::GPT_Image_2,,models/v2/clip_lora_fold1_best_v1.pt,models/v2/v2_10b_h2_balanced_logreg_fold1_v1.joblib
1,screenshot_strong,MLLM_STR_GPT-Image2-fake_291,1,0.30636149644851685,mllm::GPT_Image_2,,models/v2/clip_lora_fold1_best_v1.pt,models/v2/v2_10b_h2_balanced_logreg_fold1_v1.joblib
1,screenshot_strong,MLLM_STR_GPT-Image2-fake_292,1,0.3295932710170746,mllm::GPT_Image_2,,models/v2/clip_lora_fold1_best_v1.pt,models/v2/v2_10b_h2_balanced_logreg_fold1_v1.joblib
1,screenshot_strong,MLLM_STR_GPT-Image2-fake_293,1,0.4237231910228729,mllm::GPT_Image_2,,models/v2/clip_lora_fold1_best_v1.pt,models/v2/v2_10b_h2_balanced_logreg_fold1_v1.joblib
1,screenshot_strong,MLLM_STR_GPT-Image2-fake_294,1,0.24881651997566223,mllm::GPT_Image_2,,models/v2/clip_lora_fold1_best_v1.pt,models/v2/v2_10b_h2_balanced_logreg_fold1_v1.joblib
1,screenshot_strong,MLLM_STR_GPT-Image2-fake_295,1,0.19296793639659882,mllm::GPT_Image_2,,models/v2/clip_lora_fold1_best_v1.pt,models/v2/v2_10b_h2_balanced_logreg_fold1_v1.joblib
1,screenshot_strong,MLLM_STR_GPT-Image2-fake_296,1,0.4557075500488281,mllm::GPT_Image_2,,models/v2/clip_lora_fold1_best_v1.pt,models/v2/v2_10b_h2_balanced_logreg_fold1_v1.joblib
1,screenshot_strong,MLLM_STR_GPT-Image2-fake_297,1,0.2375396490097046,mllm::GPT_Image_2,,models/v2/clip_lora_fold1_best_v1.pt,models/v2/v2_10b_h2_balanced_logreg_fold1_v1.joblib
1,screenshot_strong,MLLM_STR_GPT-Image2-fake_298,1,0.41878506541252136,mllm::GPT_Image_2,,models/v2/clip_lora_fold1_best_v1.pt,models/v2/v2_10b_h2_balanced_logreg_fold1_v1.joblib
1,screenshot_strong,MLLM_STR_GPT-Image2-fake_299,1,0.2952609360218048,mllm::GPT_Image_2,,models/v2/clip_lora_fold1_best_v1.pt,models/v2/v2_10b_h2_balanced_logreg_fold1_v1.joblib
1,screenshot_strong,MLLM_STR_GPT-Image2-fake_3,1,0.33179381489753723,mllm::GPT_Image_2,,models/v2/clip_lora_fold1_best_v1.pt,models/v2/v2_10b_h2_balanced_logreg_fold1_v1.joblib
1,screenshot_strong,MLLM_STR_GPT-Image2-fake_30,1,0.14867469668388367,mllm::GPT_Image_2,,models/v2/clip_lora_fold1_best_v1.pt,models/v2/v2_10b_h2_balanced_logreg_fold1_v1.joblib
1,screenshot_strong,MLLM_STR_GPT-Image2-fake_300,1,0.6666438579559326,mllm::GPT_Image_2,,models/v2/clip_lora_fold1_best_v1.pt,models/v2/v2_10b_h2_balanced_logreg_fold1_v1.joblib
1,screenshot_strong,MLLM_STR_GPT-Image2-fake_301,1,0.640419602394104,mllm::GPT_Image_2,,models/v2/clip_lora_fold1_best_v1.pt,models/v2/v2_10b_h2_balanced_logreg_fold1_v1.joblib
1,screenshot_strong,MLLM_STR_GPT-Image2-fake_302,1,0.68291175365448,mllm::GPT_Image_2,,models/v2/clip_lora_fold1_best_v1.pt,models/v2/v2_10b_h2_balanced_logreg_fold1_v1.joblib
1,screenshot_strong,MLLM_STR_GPT-Image2-fake_303,1,0.3718929588794708,mllm::GPT_Image_2,,models/v2/clip_lora_fold1_best_v1.pt,models/v2/v2_10b_h2_balanced_logreg_fold1_v1.joblib
1,screenshot_strong,MLLM_STR_GPT-Image2-fake_304,1,0.3949719965457916,mllm::GPT_Image_2,,models/v2/clip_lora_fold1_best_v1.pt,models/v2/v2_10b_h2_balanced_logreg_fold1_v1.joblib
1,screenshot_strong,MLLM_STR_GPT-Image2-fake_305,1,0.33488917350769043,mllm::GPT_Image_2,,models/v2/clip_lora_fold1_best_v1.pt,models/v2/v2_10b_h2_balanced_logreg_fold1_v1.joblib
1,screenshot_strong,MLLM_STR_GPT-Image2-fake_306,1,0.32529520988464355,mllm::GPT_Image_2,,models/v2/clip_lora_fold1_best_v1.pt,models/v2/v2_10b_h2_balanced_logreg_fold1_v1.joblib
1,screenshot_strong,MLLM_STR_GPT-Image2-fake_307,1,0.2669637203216553,mllm::GPT_Image_2,,models/v2/clip_lora_fold1_best_v1.pt,models/v2/v2_10b_h2_balanced_logreg_fold1_v1.joblib
1,screenshot_strong,MLLM_STR_GPT-Image2-fake_308,1,0.3662853240966797,mllm::GPT_Image_2,,models/v2/clip_lora_fold1_best_v1.pt,models/v2/v2_10b_h2_balanced_logreg_fold1_v1.joblib
1,screenshot_strong,MLLM_STR_GPT-Image2-fake_309,1,0.42570340633392334,mllm::GPT_Image_2,,models/v2/clip_lora_fold1_best_v1.pt,models/v2/v2_10b_h2_balanced_logreg_fold1_v1.joblib
1,screenshot_strong,MLLM_STR_GPT-Image2-fake_31,1,0.5291574597358704,mllm::GPT_Image_2,,models/v2/clip_lora_fold1_best_v1.pt,models/v2/v2_10b_h2_balanced_logreg_fold1_v1.joblib
1,screenshot_strong,MLLM_STR_GPT-Image2-fake_310,1,0.3923082947731018,mllm::GPT_Image_2,,models/v2/clip_lora_fold1_best_v1.pt,models/v2/v2_10b_h2_balanced_logreg_fold1_v1.joblib
1,screenshot_strong,MLLM_STR_GPT-Image2-fake_311,1,0.30660736560821533,mllm::GPT_Image_2,,models/v2/clip_lora_fold1_best_v1.pt,models/v2/v2_10b_h2_balanced_logreg_fold1_v1.joblib
1,screenshot_strong,MLLM_STR_GPT-Image2-fake_312,1,0.3555067777633667,mllm::GPT_Image_2,,models/v2/clip_lora_fold1_best_v1.pt,models/v2/v2_10b_h2_balanced_logreg_fold1_v1.joblib
1,screenshot_strong,MLLM_STR_GPT-Image2-fake_313,1,0.36043012142181396,mllm::GPT_Image_2,,models/v2/clip_lora_fold1_best_v1.pt,models/v2/v2_10b_h2_balanced_logreg_fold1_v1.joblib
1,screenshot_strong,MLLM_STR_GPT-Image2-fake_32,1,0.6300018429756165,mllm::GPT_Image_2,,models/v2/clip_lora_fold1_best_v1.pt,models/v2/v2_10b_h2_balanced_logreg_fold1_v1.joblib
1,screenshot_strong,MLLM_STR_GPT-Image2-fake_33,1,0.1653956174850464,mllm::GPT_Image_2,,models/v2/clip_lora_fold1_best_v1.pt,models/v2/v2_10b_h2_balanced_logreg_fold1_v1.joblib
1,screenshot_strong,MLLM_STR_GPT-Image2-fake_34,1,0.2856009900569916,mllm::GPT_Image_2,,models/v2/clip_lora_fold1_best_v1.pt,models/v2/v2_10b_h2_balanced_logreg_fold1_v1.joblib
1,screenshot_strong,MLLM_STR_GPT-Image2-fake_35,1,0.3081417679786682,mllm::GPT_Image_2,,models/v2/clip_lora_fold1_best_v1.pt,models/v2/v2_10b_h2_balanced_logreg_fold1_v1.joblib
1,screenshot_strong,MLLM_STR_GPT-Image2-fake_36,1,0.2823442816734314,mllm::GPT_Image_2,,models/v2/clip_lora_fold1_best_v1.pt,models/v2/v2_10b_h2_balanced_logreg_fold1_v1.joblib
1,screenshot_strong,MLLM_STR_GPT-Image2-fake_37,1,0.8028076887130737,mllm::GPT_Image_2,,models/v2/clip_lora_fold1_best_v1.pt,models/v2/v2_10b_h2_balanced_logreg_fold1_v1.joblib
1,screenshot_strong,MLLM_STR_GPT-Image2-fake_38,1,0.6940005421638489,mllm::GPT_Image_2,,models/v2/clip_lora_fold1_best_v1.pt,models/v2/v2_10b_h2_balanced_logreg_fold1_v1.joblib
1,screenshot_strong,MLLM_STR_GPT-Image2-fake_39,1,0.36001458764076233,mllm::GPT_Image_2,,models/v2/clip_lora_fold1_best_v1.pt,models/v2/v2_10b_h2_balanced_logreg_fold1_v1.joblib
1,screenshot_strong,MLLM_STR_GPT-Image2-fake_4,1,0.6119547486305237,mllm::GPT_Image_2,,models/v2/clip_lora_fold1_best_v1.pt,models/v2/v2_10b_h2_balanced_logreg_fold1_v1.joblib
1,screenshot_strong,MLLM_STR_GPT-Image2-fake_40,1,0.6831023097038269,mllm::GPT_Image_2,,models/v2/clip_lora_fold1_best_v1.pt,models/v2/v2_10b_h2_balanced_logreg_fold1_v1.joblib
1,screenshot_strong,MLLM_STR_GPT-Image2-fake_41,1,0.8198177218437195,mllm::GPT_Image_2,,models/v2/clip_lora_fold1_best_v1.pt,models/v2/v2_10b_h2_balanced_logreg_fold1_v1.joblib
1,screenshot_strong,MLLM_STR_GPT-Image2-fake_42,1,0.5334771871566772,mllm::GPT_Image_2,,models/v2/clip_lora_fold1_best_v1.pt,models/v2/v2_10b_h2_balanced_logreg_fold1_v1.joblib
1,screenshot_strong,MLLM_STR_GPT-Image2-fake_43,1,0.409851998090744,mllm::GPT_Image_2,,models/v2/clip_lora_fold1_best_v1.pt,models/v2/v2_10b_h2_balanced_logreg_fold1_v1.joblib
1,screenshot_strong,MLLM_STR_GPT-Image2-fake_44,1,0.26050132513046265,mllm::GPT_Image_2,,models/v2/clip_lora_fold1_best_v1.pt,models/v2/v2_10b_h2_balanced_logreg_fold1_v1.joblib
1,screenshot_strong,MLLM_STR_GPT-Image2-fake_45,1,0.2928301692008972,mllm::GPT_Image_2,,models/v2/clip_lora_fold1_best_v1.pt,models/v2/v2_10b_h2_balanced_logreg_fold1_v1.joblib
1,screenshot_strong,MLLM_STR_GPT-Image2-fake_46,1,0.8276316523551941,mllm::GPT_Image_2,,models/v2/clip_lora_fold1_best_v1.pt,models/v2/v2_10b_h2_balanced_logreg_fold1_v1.joblib
1,screenshot_strong,MLLM_STR_GPT-Image2-fake_47,1,0.19055570662021637,mllm::GPT_Image_2,,models/v2/clip_lora_fold1_best_v1.pt,models/v2/v2_10b_h2_balanced_logreg_fold1_v1.joblib
1,screenshot_strong,MLLM_STR_GPT-Image2-fake_48,1,0.4192214906215668,mllm::GPT_Image_2,,models/v2/clip_lora_fold1_best_v1.pt,models/v2/v2_10b_h2_balanced_logreg_fold1_v1.joblib
1,screenshot_strong,MLLM_STR_GPT-Image2-fake_49,1,0.7093883752822876,mllm::GPT_Image_2,,models/v2/clip_lora_fold1_best_v1.pt,models/v2/v2_10b_h2_balanced_logreg_fold1_v1.joblib
1,screenshot_strong,MLLM_STR_GPT-Image2-fake_5,1,0.376290500164032,mllm::GPT_Image_2,,models/v2/clip_lora_fold1_best_v1.pt,models/v2/v2_10b_h2_balanced_logreg_fold1_v1.joblib
1,screenshot_strong,MLLM_STR_GPT-Image2-fake_50,1,0.4468037486076355,mllm::GPT_Image_2,,models/v2/clip_lora_fold1_best_v1.pt,models/v2/v2_10b_h2_balanced_logreg_fold1_v1.joblib
1,screenshot_strong,MLLM_STR_GPT-Image2-fake_51,1,0.6654980182647705,mllm::GPT_Image_2,,models/v2/clip_lora_fold1_best_v1.pt,models/v2/v2_10b_h2_balanced_logreg_fold1_v1.joblib
1,screenshot_strong,MLLM_STR_GPT-Image2-fake_52,1,0.6492135524749756,mllm::GPT_Image_2,,models/v2/clip_lora_fold1_best_v1.pt,models/v2/v2_10b_h2_balanced_logreg_fold1_v1.joblib
1,screenshot_strong,MLLM_STR_GPT-Image2-fake_53,1,0.5772736668586731,mllm::GPT_Image_2,,models/v2/clip_lora_fold1_best_v1.pt,models/v2/v2_10b_h2_balanced_logreg_fold1_v1.joblib
1,screenshot_strong,MLLM_STR_GPT-Image2-fake_54,1,0.7013875842094421,mllm::GPT_Image_2,,models/v2/clip_lora_fold1_best_v1.pt,models/v2/v2_10b_h2_balanced_logreg_fold1_v1.joblib
1,screenshot_strong,MLLM_STR_GPT-Image2-fake_55,1,0.6382758617401123,mllm::GPT_Image_2,,models/v2/clip_lora_fold1_best_v1.pt,models/v2/v2_10b_h2_balanced_logreg_fold1_v1.joblib
1,screenshot_strong,MLLM_STR_GPT-Image2-fake_56,1,0.5707131028175354,mllm::GPT_Image_2,,models/v2/clip_lora_fold1_best_v1.pt,models/v2/v2_10b_h2_balanced_logreg_fold1_v1.joblib
1,screenshot_strong,MLLM_STR_GPT-Image2-fake_57,1,0.6772273182868958,mllm::GPT_Image_2,,models/v2/clip_lora_fold1_best_v1.pt,models/v2/v2_10b_h2_balanced_logreg_fold1_v1.joblib
1,screenshot_strong,MLLM_STR_GPT-Image2-fake_58,1,0.45091643929481506,mllm::GPT_Image_2,,models/v2/clip_lora_fold1_best_v1.pt,models/v2/v2_10b_h2_balanced_logreg_fold1_v1.joblib
1,screenshot_strong,MLLM_STR_GPT-Image2-fake_59,1,0.725044846534729,mllm::GPT_Image_2,,models/v2/clip_lora_fold1_best_v1.pt,models/v2/v2_10b_h2_balanced_logreg_fold1_v1.joblib
1,screenshot_strong,MLLM_STR_GPT-Image2-fake_6,1,0.15865324437618256,mllm::GPT_Image_2,,models/v2/clip_lora_fold1_best_v1.pt,models/v2/v2_10b_h2_balanced_logreg_fold1_v1.joblib
1,screenshot_strong,MLLM_STR_GPT-Image2-fake_60,1,0.6819831132888794,mllm::GPT_Image_2,,models/v2/clip_lora_fold1_best_v1.pt,models/v2/v2_10b_h2_balanced_logreg_fold1_v1.joblib
1,screenshot_strong,MLLM_STR_GPT-Image2-fake_61,1,0.2904764711856842,mllm::GPT_Image_2,,models/v2/clip_lora_fold1_best_v1.pt,models/v2/v2_10b_h2_balanced_logreg_fold1_v1.joblib
1,screenshot_strong,MLLM_STR_GPT-Image2-fake_62,1,0.5373174548149109,mllm::GPT_Image_2,,models/v2/clip_lora_fold1_best_v1.pt,models/v2/v2_10b_h2_balanced_logreg_fold1_v1.joblib
1,screenshot_strong,MLLM_STR_GPT-Image2-fake_63,1,0.5450447201728821,mllm::GPT_Image_2,,models/v2/clip_lora_fold1_best_v1.pt,models/v2/v2_10b_h2_balanced_logreg_fold1_v1.joblib
1,screenshot_strong,MLLM_STR_GPT-Image2-fake_64,1,0.46480947732925415,mllm::GPT_Image_2,,models/v2/clip_lora_fold1_best_v1.pt,models/v2/v2_10b_h2_balanced_logreg_fold1_v1.joblib
1,screenshot_strong,MLLM_STR_GPT-Image2-fake_65,1,0.36444932222366333,mllm::GPT_Image_2,,models/v2/clip_lora_fold1_best_v1.pt,models/v2/v2_10b_h2_balanced_logreg_fold1_v1.joblib
1,screenshot_strong,MLLM_STR_GPT-Image2-fake_66,1,0.45152804255485535,mllm::GPT_Image_2,,models/v2/clip_lora_fold1_best_v1.pt,models/v2/v2_10b_h2_balanced_logreg_fold1_v1.joblib
1,screenshot_strong,MLLM_STR_GPT-Image2-fake_67,1,0.3862124979496002,mllm::GPT_Image_2,,models/v2/clip_lora_fold1_best_v1.pt,models/v2/v2_10b_h2_balanced_logreg_fold1_v1.joblib
1,screenshot_strong,MLLM_STR_GPT-Image2-fake_68,1,0.3410783112049103,mllm::GPT_Image_2,,models/v2/clip_lora_fold1_best_v1.pt,models/v2/v2_10b_h2_balanced_logreg_fold1_v1.joblib
1,screenshot_strong,MLLM_STR_GPT-Image2-fake_69,1,0.323510080575943,mllm::GPT_Image_2,,models/v2/clip_lora_fold1_best_v1.pt,models/v2/v2_10b_h2_balanced_logreg_fold1_v1.joblib
1,screenshot_strong,MLLM_STR_GPT-Image2-fake_7,1,0.29714325070381165,mllm::GPT_Image_2,,models/v2/clip_lora_fold1_best_v1.pt,models/v2/v2_10b_h2_balanced_logreg_fold1_v1.joblib
1,screenshot_strong,MLLM_STR_GPT-Image2-fake_70,1,0.38278326392173767,mllm::GPT_Image_2,,models/v2/clip_lora_fold1_best_v1.pt,models/v2/v2_10b_h2_balanced_logreg_fold1_v1.joblib
1,screenshot_strong,MLLM_STR_GPT-Image2-fake_71,1,0.6900416016578674,mllm::GPT_Image_2,,models/v2/clip_lora_fold1_best_v1.pt,models/v2/v2_10b_h2_balanced_logreg_fold1_v1.joblib
1,screenshot_strong,MLLM_STR_GPT-Image2-fake_72,1,0.3597148060798645,mllm::GPT_Image_2,,models/v2/clip_lora_fold1_best_v1.pt,models/v2/v2_10b_h2_balanced_logreg_fold1_v1.joblib
1,screenshot_strong,MLLM_STR_GPT-Image2-fake_73,1,0.5380679368972778,mllm::GPT_Image_2,,models/v2/clip_lora_fold1_best_v1.pt,models/v2/v2_10b_h2_balanced_logreg_fold1_v1.joblib
1,screenshot_strong,MLLM_STR_GPT-Image2-fake_74,1,0.47262004017829895,mllm::GPT_Image_2,,models/v2/clip_lora_fold1_best_v1.pt,models/v2/v2_10b_h2_balanced_logreg_fold1_v1.joblib
1,screenshot_strong,MLLM_STR_GPT-Image2-fake_75,1,0.592871367931366,mllm::GPT_Image_2,,models/v2/clip_lora_fold1_best_v1.pt,models/v2/v2_10b_h2_balanced_logreg_fold1_v1.joblib
1,screenshot_strong,MLLM_STR_GPT-Image2-fake_76,1,0.5986998677253723,mllm::GPT_Image_2,,models/v2/clip_lora_fold1_best_v1.pt,models/v2/v2_10b_h2_balanced_logreg_fold1_v1.joblib
1,screenshot_strong,MLLM_STR_GPT-Image2-fake_77,1,0.42504391074180603,mllm::GPT_Image_2,,models/v2/clip_lora_fold1_best_v1.pt,models/v2/v2_10b_h2_balanced_logreg_fold1_v1.joblib
1,screenshot_strong,MLLM_STR_GPT-Image2-fake_78,1,0.6553732752799988,mllm::GPT_Image_2,,models/v2/clip_lora_fold1_best_v1.pt,models/v2/v2_10b_h2_balanced_logreg_fold1_v1.joblib
1,screenshot_strong,MLLM_STR_GPT-Image2-fake_79,1,0.44161292910575867,mllm::GPT_Image_2,,models/v2/clip_lora_fold1_best_v1.pt,models/v2/v2_10b_h2_balanced_logreg_fold1_v1.joblib
1,screenshot_strong,MLLM_STR_GPT-Image2-fake_8,1,0.387038916349411,mllm::GPT_Image_2,,models/v2/clip_lora_fold1_best_v1.pt,models/v2/v2_10b_h2_balanced_logreg_fold1_v1.joblib
1,screenshot_strong,MLLM_STR_GPT-Image2-fake_80,1,0.593309223651886,mllm::GPT_Image_2,,models/v2/clip_lora_fold1_best_v1.pt,models/v2/v2_10b_h2_balanced_logreg_fold1_v1.joblib
1,screenshot_strong,MLLM_STR_GPT-Image2-fake_81,1,0.7069132328033447,mllm::GPT_Image_2,,models/v2/clip_lora_fold1_best_v1.pt,models/v2/v2_10b_h2_balanced_logreg_fold1_v1.joblib
1,screenshot_strong,MLLM_STR_GPT-Image2-fake_82,1,0.4003705084323883,mllm::GPT_Image_2,,models/v2/clip_lora_fold1_best_v1.pt,models/v2/v2_10b_h2_balanced_logreg_fold1_v1.joblib
1,screenshot_strong,MLLM_STR_GPT-Image2-fake_83,1,0.574794352054596,mllm::GPT_Image_2,,models/v2/clip_lora_fold1_best_v1.pt,models/v2/v2_10b_h2_balanced_logreg_fold1_v1.joblib
1,screenshot_strong,MLLM_STR_GPT-Image2-fake_84,1,0.6941525340080261,mllm::GPT_Image_2,,models/v2/clip_lora_fold1_best_v1.pt,models/v2/v2_10b_h2_balanced_logreg_fold1_v1.joblib
1,screenshot_strong,MLLM_STR_GPT-Image2-fake_85,1,0.12111719697713852,mllm::GPT_Image_2,,models/v2/clip_lora_fold1_best_v1.pt,models/v2/v2_10b_h2_balanced_logreg_fold1_v1.joblib
1,screenshot_strong,MLLM_STR_GPT-Image2-fake_86,1,0.13625183701515198,mllm::GPT_Image_2,,models/v2/clip_lora_fold1_best_v1.pt,models/v2/v2_10b_h2_balanced_logreg_fold1_v1.joblib
1,screenshot_strong,MLLM_STR_GPT-Image2-fake_87,1,0.513283908367157,mllm::GPT_Image_2,,models/v2/clip_lora_fold1_best_v1.pt,models/v2/v2_10b_h2_balanced_logreg_fold1_v1.joblib
1,screenshot_strong,MLLM_STR_GPT-Image2-fake_88,1,0.1706756353378296,mllm::GPT_Image_2,,models/v2/clip_lora_fold1_best_v1.pt,models/v2/v2_10b_h2_balanced_logreg_fold1_v1.joblib
1,screenshot_strong,MLLM_STR_GPT-Image2-fake_89,1,0.1670580357313156,mllm::GPT_Image_2,,models/v2/clip_lora_fold1_best_v1.pt,models/v2/v2_10b_h2_balanced_logreg_fold1_v1.joblib
1,screenshot_strong,MLLM_STR_GPT-Image2-fake_9,1,0.12112070620059967,mllm::GPT_Image_2,,models/v2/clip_lora_fold1_best_v1.pt,models/v2/v2_10b_h2_balanced_logreg_fold1_v1.joblib
1,screenshot_strong,MLLM_STR_GPT-Image2-fake_90,1,0.3273434340953827,mllm::GPT_Image_2,,models/v2/clip_lora_fold1_best_v1.pt,models/v2/v2_10b_h2_balanced_logreg_fold1_v1.joblib
1,screenshot_strong,MLLM_STR_GPT-Image2-fake_91,1,0.2349911779165268,mllm::GPT_Image_2,,models/v2/clip_lora_fold1_best_v1.pt,models/v2/v2_10b_h2_balanced_logreg_fold1_v1.joblib
1,screenshot_strong,MLLM_STR_GPT-Image2-fake_92,1,0.15805861353874207,mllm::GPT_Image_2,,models/v2/clip_lora_fold1_best_v1.pt,models/v2/v2_10b_h2_balanced_logreg_fold1_v1.joblib
1,screenshot_strong,MLLM_STR_GPT-Image2-fake_93,1,0.14006710052490234,mllm::GPT_Image_2,,models/v2/clip_lora_fold1_best_v1.pt,models/v2/v2_10b_h2_balanced_logreg_fold1_v1.joblib
1,screenshot_strong,MLLM_STR_GPT-Image2-fake_94,1,0.23281680047512054,mllm::GPT_Image_2,,models/v2/clip_lora_fold1_best_v1.pt,models/v2/v2_10b_h2_balanced_logreg_fold1_v1.joblib
1,screenshot_strong,MLLM_STR_GPT-Image2-fake_95,1,0.46496039628982544,mllm::GPT_Image_2,,models/v2/clip_lora_fold1_best_v1.pt,models/v2/v2_10b_h2_balanced_logreg_fold1_v1.joblib
1,screenshot_strong,MLLM_STR_GPT-Image2-fake_96,1,0.35711732506752014,mllm::GPT_Image_2,,models/v2/clip_lora_fold1_best_v1.pt,models/v2/v2_10b_h2_balanced_logreg_fold1_v1.joblib
1,screenshot_strong,MLLM_STR_GPT-Image2-fake_97,1,0.21503058075904846,mllm::GPT_Image_2,,models/v2/clip_lora_fold1_best_v1.pt,models/v2/v2_10b_h2_balanced_logreg_fold1_v1.joblib
1,screenshot_strong,MLLM_STR_GPT-Image2-fake_98,1,0.20045843720436096,mllm::GPT_Image_2,,models/v2/clip_lora_fold1_best_v1.pt,models/v2/v2_10b_h2_balanced_logreg_fold1_v1.joblib
1,screenshot_strong,MLLM_STR_GPT-Image2-fake_99,1,0.1787109076976776,mllm::GPT_Image_2,,models/v2/clip_lora_fold1_best_v1.pt,models/v2/v2_10b_h2_balanced_logreg_fold1_v1.joblib
1,screenshot_strong,MLLM_STR_real_1,0,0.009386434219777584,real::MLLM,MLLM,models/v2/clip_lora_fold1_best_v1.pt,models/v2/v2_10b_h2_balanced_logreg_fold1_v1.joblib
1,screenshot_strong,MLLM_STR_real_100,0,0.21118347346782684,real::MLLM,MLLM,models/v2/clip_lora_fold1_best_v1.pt,models/v2/v2_10b_h2_balanced_logreg_fold1_v1.joblib
1,screenshot_strong,MLLM_STR_real_115,0,0.17473472654819489,real::MLLM,MLLM,models/v2/clip_lora_fold1_best_v1.pt,models/v2/v2_10b_h2_balanced_logreg_fold1_v1.joblib
1,screenshot_strong,MLLM_STR_real_121,0,0.02947985753417015,real::MLLM,MLLM,models/v2/clip_lora_fold1_best_v1.pt,models/v2/v2_10b_h2_balanced_logreg_fold1_v1.joblib
1,screenshot_strong,MLLM_STR_real_123,0,0.16723328828811646,real::MLLM,MLLM,models/v2/clip_lora_fold1_best_v1.pt,models/v2/v2_10b_h2_balanced_logreg_fold1_v1.joblib
1,screenshot_strong,MLLM_STR_real_137,0,0.09625644981861115,real::MLLM,MLLM,models/v2/clip_lora_fold1_best_v1.pt,models/v2/v2_10b_h2_balanced_logreg_fold1_v1.joblib
1,screenshot_strong,MLLM_STR_real_139,0,0.20389406383037567,real::MLLM,MLLM,models/v2/clip_lora_fold1_best_v1.pt,models/v2/v2_10b_h2_balanced_logreg_fold1_v1.joblib
1,screenshot_strong,MLLM_STR_real_140,0,0.060886409133672714,real::MLLM,MLLM,models/v2/clip_lora_fold1_best_v1.pt,models/v2/v2_10b_h2_balanced_logreg_fold1_v1.joblib
1,screenshot_strong,MLLM_STR_real_144,0,0.0629597082734108,real::MLLM,MLLM,models/v2/clip_lora_fold1_best_v1.pt,models/v2/v2_10b_h2_balanced_logreg_fold1_v1.joblib
1,screenshot_strong,MLLM_STR_real_153,0,0.02738114818930626,real::MLLM,MLLM,models/v2/clip_lora_fold1_best_v1.pt,models/v2/v2_10b_h2_balanced_logreg_fold1_v1.joblib
1,screenshot_strong,MLLM_STR_real_154,0,0.7637124061584473,real::MLLM,MLLM,models/v2/clip_lora_fold1_best_v1.pt,models/v2/v2_10b_h2_balanced_logreg_fold1_v1.joblib
1,screenshot_strong,MLLM_STR_real_157,0,0.03783201053738594,real::MLLM,MLLM,models/v2/clip_lora_fold1_best_v1.pt,models/v2/v2_10b_h2_balanced_logreg_fold1_v1.joblib
1,screenshot_strong,MLLM_STR_real_159,0,0.11154159903526306,real::MLLM,MLLM,models/v2/clip_lora_fold1_best_v1.pt,models/v2/v2_10b_h2_balanced_logreg_fold1_v1.joblib
1,screenshot_strong,MLLM_STR_real_162,0,0.019756432622671127,real::MLLM,MLLM,models/v2/clip_lora_fold1_best_v1.pt,models/v2/v2_10b_h2_balanced_logreg_fold1_v1.joblib
1,screenshot_strong,MLLM_STR_real_163,0,0.06623101234436035,real::MLLM,MLLM,models/v2/clip_lora_fold1_best_v1.pt,models/v2/v2_10b_h2_balanced_logreg_fold1_v1.joblib
1,screenshot_strong,MLLM_STR_real_165,0,0.10391175001859665,real::MLLM,MLLM,models/v2/clip_lora_fold1_best_v1.pt,models/v2/v2_10b_h2_balanced_logreg_fold1_v1.joblib
1,screenshot_strong,MLLM_STR_real_168,0,0.1061583161354065,real::MLLM,MLLM,models/v2/clip_lora_fold1_best_v1.pt,models/v2/v2_10b_h2_balanced_logreg_fold1_v1.joblib
1,screenshot_strong,MLLM_STR_real_170,0,0.080050989985466,real::MLLM,MLLM,models/v2/clip_lora_fold1_best_v1.pt,models/v2/v2_10b_h2_balanced_logreg_fold1_v1.joblib
1,screenshot_strong,MLLM_STR_real_173,0,0.007211596705019474,real::MLLM,MLLM,models/v2/clip_lora_fold1_best_v1.pt,models/v2/v2_10b_h2_balanced_logreg_fold1_v1.joblib
1,screenshot_strong,MLLM_STR_real_175,0,0.32438233494758606,real::MLLM,MLLM,models/v2/clip_lora_fold1_best_v1.pt,models/v2/v2_10b_h2_balanced_logreg_fold1_v1.joblib
1,screenshot_strong,MLLM_STR_real_178,0,0.03999587893486023,real::MLLM,MLLM,models/v2/clip_lora_fold1_best_v1.pt,models/v2/v2_10b_h2_balanced_logreg_fold1_v1.joblib
1,screenshot_strong,MLLM_STR_real_180,0,0.03760450333356857,real::MLLM,MLLM,models/v2/clip_lora_fold1_best_v1.pt,models/v2/v2_10b_h2_balanced_logreg_fold1_v1.joblib
1,screenshot_strong,MLLM_STR_real_182,0,0.10107304900884628,real::MLLM,MLLM,models/v2/clip_lora_fold1_best_v1.pt,models/v2/v2_10b_h2_balanced_logreg_fold1_v1.joblib
1,screenshot_strong,MLLM_STR_real_183,0,0.06517205387353897,real::MLLM,MLLM,models/v2/clip_lora_fold1_best_v1.pt,models/v2/v2_10b_h2_balanced_logreg_fold1_v1.joblib
1,screenshot_strong,MLLM_STR_real_186,0,0.025027254596352577,real::MLLM,MLLM,models/v2/clip_lora_fold1_best_v1.pt,models/v2/v2_10b_h2_balanced_logreg_fold1_v1.joblib
1,screenshot_strong,MLLM_STR_real_2,0,0.021151717752218246,real::MLLM,MLLM,models/v2/clip_lora_fold1_best_v1.pt,models/v2/v2_10b_h2_balanced_logreg_fold1_v1.joblib
1,screenshot_strong,MLLM_STR_real_20,0,0.061877187341451645,real::MLLM,MLLM,models/v2/clip_lora_fold1_best_v1.pt,models/v2/v2_10b_h2_balanced_logreg_fold1_v1.joblib
1,screenshot_strong,MLLM_STR_real_21,0,0.01758717931807041,real::MLLM,MLLM,models/v2/clip_lora_fold1_best_v1.pt,models/v2/v2_10b_h2_balanced_logreg_fold1_v1.joblib
1,screenshot_strong,MLLM_STR_real_212,0,0.19153976440429688,real::MLLM,MLLM,models/v2/clip_lora_fold1_best_v1.pt,models/v2/v2_10b_h2_balanced_logreg_fold1_v1.joblib
1,screenshot_strong,MLLM_STR_real_22,0,0.019924089312553406,real::MLLM,MLLM,models/v2/clip_lora_fold1_best_v1.pt,models/v2/v2_10b_h2_balanced_logreg_fold1_v1.joblib
1,screenshot_strong,MLLM_STR_real_224,0,0.051108699291944504,real::MLLM,MLLM,models/v2/clip_lora_fold1_best_v1.pt,models/v2/v2_10b_h2_balanced_logreg_fold1_v1.joblib
1,screenshot_strong,MLLM_STR_real_230,0,0.12730200588703156,real::MLLM,MLLM,models/v2/clip_lora_fold1_best_v1.pt,models/v2/v2_10b_h2_balanced_logreg_fold1_v1.joblib
1,screenshot_strong,MLLM_STR_real_232,0,0.20845073461532593,real::MLLM,MLLM,models/v2/clip_lora_fold1_best_v1.pt,models/v2/v2_10b_h2_balanced_logreg_fold1_v1.joblib
1,screenshot_strong,MLLM_STR_real_24,0,0.006357579492032528,real::MLLM,MLLM,models/v2/clip_lora_fold1_best_v1.pt,models/v2/v2_10b_h2_balanced_logreg_fold1_v1.joblib
1,screenshot_strong,MLLM_STR_real_245,0,0.06093035265803337,real::MLLM,MLLM,models/v2/clip_lora_fold1_best_v1.pt,models/v2/v2_10b_h2_balanced_logreg_fold1_v1.joblib
1,screenshot_strong,MLLM_STR_real_248,0,0.08427897840738297,real::MLLM,MLLM,models/v2/clip_lora_fold1_best_v1.pt,models/v2/v2_10b_h2_balanced_logreg_fold1_v1.joblib
1,screenshot_strong,MLLM_STR_real_262,0,0.19379886984825134,real::MLLM,MLLM,models/v2/clip_lora_fold1_best_v1.pt,models/v2/v2_10b_h2_balanced_logreg_fold1_v1.joblib
1,screenshot_strong,MLLM_STR_real_271,0,0.11287334561347961,real::MLLM,MLLM,models/v2/clip_lora_fold1_best_v1.pt,models/v2/v2_10b_h2_balanced_logreg_fold1_v1.joblib
1,screenshot_strong,MLLM_STR_real_275,0,0.06872053444385529,real::MLLM,MLLM,models/v2/clip_lora_fold1_best_v1.pt,models/v2/v2_10b_h2_balanced_logreg_fold1_v1.joblib
1,screenshot_strong,MLLM_STR_real_281,0,0.028073064982891083,real::MLLM,MLLM,models/v2/clip_lora_fold1_best_v1.pt,models/v2/v2_10b_h2_balanced_logreg_fold1_v1.joblib
1,screenshot_strong,MLLM_STR_real_282,0,0.05498812720179558,real::MLLM,MLLM,models/v2/clip_lora_fold1_best_v1.pt,models/v2/v2_10b_h2_balanced_logreg_fold1_v1.joblib
1,screenshot_strong,MLLM_STR_real_29,0,0.023264911025762558,real::MLLM,MLLM,models/v2/clip_lora_fold1_best_v1.pt,models/v2/v2_10b_h2_balanced_logreg_fold1_v1.joblib
1,screenshot_strong,MLLM_STR_real_292,0,0.05830695107579231,real::MLLM,MLLM,models/v2/clip_lora_fold1_best_v1.pt,models/v2/v2_10b_h2_balanced_logreg_fold1_v1.joblib
1,screenshot_strong,MLLM_STR_real_300,0,0.12188172340393066,real::MLLM,MLLM,models/v2/clip_lora_fold1_best_v1.pt,models/v2/v2_10b_h2_balanced_logreg_fold1_v1.joblib
1,screenshot_strong,MLLM_STR_real_301,0,0.16929419338703156,real::MLLM,MLLM,models/v2/clip_lora_fold1_best_v1.pt,models/v2/v2_10b_h2_balanced_logreg_fold1_v1.joblib
1,screenshot_strong,MLLM_STR_real_34,0,0.04235339164733887,real::MLLM,MLLM,models/v2/clip_lora_fold1_best_v1.pt,models/v2/v2_10b_h2_balanced_logreg_fold1_v1.joblib
1,screenshot_strong,MLLM_STR_real_38,0,0.06625419855117798,real::MLLM,MLLM,models/v2/clip_lora_fold1_best_v1.pt,models/v2/v2_10b_h2_balanced_logreg_fold1_v1.joblib
1,screenshot_strong,MLLM_STR_real_45,0,0.2220238894224167,real::MLLM,MLLM,models/v2/clip_lora_fold1_best_v1.pt,models/v2/v2_10b_h2_balanced_logreg_fold1_v1.joblib
1,screenshot_strong,MLLM_STR_real_50,0,0.07436588406562805,real::MLLM,MLLM,models/v2/clip_lora_fold1_best_v1.pt,models/v2/v2_10b_h2_balanced_logreg_fold1_v1.joblib
1,screenshot_strong,MLLM_STR_real_51,0,0.26817309856414795,real::MLLM,MLLM,models/v2/clip_lora_fold1_best_v1.pt,models/v2/v2_10b_h2_balanced_logreg_fold1_v1.joblib
1,screenshot_strong,MLLM_STR_real_53,0,0.025626692920923233,real::MLLM,MLLM,models/v2/clip_lora_fold1_best_v1.pt,models/v2/v2_10b_h2_balanced_logreg_fold1_v1.joblib
1,screenshot_strong,MLLM_STR_real_65,0,0.25055527687072754,real::MLLM,MLLM,models/v2/clip_lora_fold1_best_v1.pt,models/v2/v2_10b_h2_balanced_logreg_fold1_v1.joblib
1,screenshot_strong,MLLM_STR_real_68,0,0.11184805631637573,real::MLLM,MLLM,models/v2/clip_lora_fold1_best_v1.pt,models/v2/v2_10b_h2_balanced_logreg_fold1_v1.joblib
1,screenshot_strong,MLLM_STR_real_77,0,0.24341091513633728,real::MLLM,MLLM,models/v2/clip_lora_fold1_best_v1.pt,models/v2/v2_10b_h2_balanced_logreg_fold1_v1.joblib
1,screenshot_strong,MLLM_STR_real_79,0,0.11055756360292435,real::MLLM,MLLM,models/v2/clip_lora_fold1_best_v1.pt,models/v2/v2_10b_h2_balanced_logreg_fold1_v1.joblib
1,screenshot_strong,MLLM_STR_real_87,0,0.08358995616436005,real::MLLM,MLLM,models/v2/clip_lora_fold1_best_v1.pt,models/v2/v2_10b_h2_balanced_logreg_fold1_v1.joblib
1,screenshot_strong,MLLM_STR_real_97,0,0.18922334909439087,real::MLLM,MLLM,models/v2/clip_lora_fold1_best_v1.pt,models/v2/v2_10b_h2_balanced_logreg_fold1_v1.joblib
1,screenshot_strong,MLLM_TEX_GPT-Image2-fake_1,1,0.31265100836753845,mllm::GPT_Image_2,,models/v2/clip_lora_fold1_best_v1.pt,models/v2/v2_10b_h2_balanced_logreg_fold1_v1.joblib
1,screenshot_strong,MLLM_TEX_GPT-Image2-fake_10,1,0.7534216046333313,mllm::GPT_Image_2,,models/v2/clip_lora_fold1_best_v1.pt,models/v2/v2_10b_h2_balanced_logreg_fold1_v1.joblib
1,screenshot_strong,MLLM_TEX_GPT-Image2-fake_100,1,0.12415604293346405,mllm::GPT_Image_2,,models/v2/clip_lora_fold1_best_v1.pt,models/v2/v2_10b_h2_balanced_logreg_fold1_v1.joblib
1,screenshot_strong,MLLM_TEX_GPT-Image2-fake_101,1,0.047986384481191635,mllm::GPT_Image_2,,models/v2/clip_lora_fold1_best_v1.pt,models/v2/v2_10b_h2_balanced_logreg_fold1_v1.joblib
1,screenshot_strong,MLLM_TEX_GPT-Image2-fake_102,1,0.061756838113069534,mllm::GPT_Image_2,,models/v2/clip_lora_fold1_best_v1.pt,models/v2/v2_10b_h2_balanced_logreg_fold1_v1.joblib
1,screenshot_strong,MLLM_TEX_GPT-Image2-fake_103,1,0.20752157270908356,mllm::GPT_Image_2,,models/v2/clip_lora_fold1_best_v1.pt,models/v2/v2_10b_h2_balanced_logreg_fold1_v1.joblib
1,screenshot_strong,MLLM_TEX_GPT-Image2-fake_104,1,0.09511073678731918,mllm::GPT_Image_2,,models/v2/clip_lora_fold1_best_v1.pt,models/v2/v2_10b_h2_balanced_logreg_fold1_v1.joblib
1,screenshot_strong,MLLM_TEX_GPT-Image2-fake_105,1,0.21564553678035736,mllm::GPT_Image_2,,models/v2/clip_lora_fold1_best_v1.pt,models/v2/v2_10b_h2_balanced_logreg_fold1_v1.joblib
1,screenshot_strong,MLLM_TEX_GPT-Image2-fake_106,1,0.15593035519123077,mllm::GPT_Image_2,,models/v2/clip_lora_fold1_best_v1.pt,models/v2/v2_10b_h2_balanced_logreg_fold1_v1.joblib
1,screenshot_strong,MLLM_TEX_GPT-Image2-fake_107,1,0.3578624427318573,mllm::GPT_Image_2,,models/v2/clip_lora_fold1_best_v1.pt,models/v2/v2_10b_h2_balanced_logreg_fold1_v1.joblib
1,screenshot_strong,MLLM_TEX_GPT-Image2-fake_108,1,0.07936538010835648,mllm::GPT_Image_2,,models/v2/clip_lora_fold1_best_v1.pt,models/v2/v2_10b_h2_balanced_logreg_fold1_v1.joblib
1,screenshot_strong,MLLM_TEX_GPT-Image2-fake_109,1,0.2406856119632721,mllm::GPT_Image_2,,models/v2/clip_lora_fold1_best_v1.pt,models/v2/v2_10b_h2_balanced_logreg_fold1_v1.joblib
1,screenshot_strong,MLLM_TEX_GPT-Image2-fake_11,1,0.781593382358551,mllm::GPT_Image_2,,models/v2/clip_lora_fold1_best_v1.pt,models/v2/v2_10b_h2_balanced_logreg_fold1_v1.joblib
1,screenshot_strong,MLLM_TEX_GPT-Image2-fake_110,1,0.0630260705947876,mllm::GPT_Image_2,,models/v2/clip_lora_fold1_best_v1.pt,models/v2/v2_10b_h2_balanced_logreg_fold1_v1.joblib
1,screenshot_strong,MLLM_TEX_GPT-Image2-fake_111,1,0.12381158024072647,mllm::GPT_Image_2,,models/v2/clip_lora_fold1_best_v1.pt,models/v2/v2_10b_h2_balanced_logreg_fold1_v1.joblib
1,screenshot_strong,MLLM_TEX_GPT-Image2-fake_112,1,0.3163682222366333,mllm::GPT_Image_2,,models/v2/clip_lora_fold1_best_v1.pt,models/v2/v2_10b_h2_balanced_logreg_fold1_v1.joblib
1,screenshot_strong,MLLM_TEX_GPT-Image2-fake_113,1,0.18106041848659515,mllm::GPT_Image_2,,models/v2/clip_lora_fold1_best_v1.pt,models/v2/v2_10b_h2_balanced_logreg_fold1_v1.joblib
1,screenshot_strong,MLLM_TEX_GPT-Image2-fake_114,1,0.14888979494571686,mllm::GPT_Image_2,,models/v2/clip_lora_fold1_best_v1.pt,models/v2/v2_10b_h2_balanced_logreg_fold1_v1.joblib
1,screenshot_strong,MLLM_TEX_GPT-Image2-fake_115,1,0.04025331139564514,mllm::GPT_Image_2,,models/v2/clip_lora_fold1_best_v1.pt,models/v2/v2_10b_h2_balanced_logreg_fold1_v1.joblib
1,screenshot_strong,MLLM_TEX_GPT-Image2-fake_116,1,0.0483093298971653,mllm::GPT_Image_2,,models/v2/clip_lora_fold1_best_v1.pt,models/v2/v2_10b_h2_balanced_logreg_fold1_v1.joblib
1,screenshot_strong,MLLM_TEX_GPT-Image2-fake_117,1,0.1407785266637802,mllm::GPT_Image_2,,models/v2/clip_lora_fold1_best_v1.pt,models/v2/v2_10b_h2_balanced_logreg_fold1_v1.joblib
1,screenshot_strong,MLLM_TEX_GPT-Image2-fake_118,1,0.12573693692684174,mllm::GPT_Image_2,,models/v2/clip_lora_fold1_best_v1.pt,models/v2/v2_10b_h2_balanced_logreg_fold1_v1.joblib
1,screenshot_strong,MLLM_TEX_GPT-Image2-fake_119,1,0.1303292214870453,mllm::GPT_Image_2,,models/v2/clip_lora_fold1_best_v1.pt,models/v2/v2_10b_h2_balanced_logreg_fold1_v1.joblib
1,screenshot_strong,MLLM_TEX_GPT-Image2-fake_12,1,0.23242616653442383,mllm::GPT_Image_2,,models/v2/clip_lora_fold1_best_v1.pt,models/v2/v2_10b_h2_balanced_logreg_fold1_v1.joblib
1,screenshot_strong,MLLM_TEX_GPT-Image2-fake_120,1,0.09907671064138412,mllm::GPT_Image_2,,models/v2/clip_lora_fold1_best_v1.pt,models/v2/v2_10b_h2_balanced_logreg_fold1_v1.joblib
1,screenshot_strong,MLLM_TEX_GPT-Image2-fake_121,1,0.16288968920707703,mllm::GPT_Image_2,,models/v2/clip_lora_fold1_best_v1.pt,models/v2/v2_10b_h2_balanced_logreg_fold1_v1.joblib
1,screenshot_strong,MLLM_TEX_GPT-Image2-fake_122,1,0.18288713693618774,mllm::GPT_Image_2,,models/v2/clip_lora_fold1_best_v1.pt,models/v2/v2_10b_h2_balanced_logreg_fold1_v1.joblib
1,screenshot_strong,MLLM_TEX_GPT-Image2-fake_123,1,0.1701737642288208,mllm::GPT_Image_2,,models/v2/clip_lora_fold1_best_v1.pt,models/v2/v2_10b_h2_balanced_logreg_fold1_v1.joblib
1,screenshot_strong,MLLM_TEX_GPT-Image2-fake_124,1,0.2122068852186203,mllm::GPT_Image_2,,models/v2/clip_lora_fold1_best_v1.pt,models/v2/v2_10b_h2_balanced_logreg_fold1_v1.joblib
1,screenshot_strong,MLLM_TEX_GPT-Image2-fake_125,1,0.29614537954330444,mllm::GPT_Image_2,,models/v2/clip_lora_fold1_best_v1.pt,models/v2/v2_10b_h2_balanced_logreg_fold1_v1.joblib
1,screenshot_strong,MLLM_TEX_GPT-Image2-fake_126,1,0.16763782501220703,mllm::GPT_Image_2,,models/v2/clip_lora_fold1_best_v1.pt,models/v2/v2_10b_h2_balanced_logreg_fold1_v1.joblib
1,screenshot_strong,MLLM_TEX_GPT-Image2-fake_127,1,0.026418274268507957,mllm::GPT_Image_2,,models/v2/clip_lora_fold1_best_v1.pt,models/v2/v2_10b_h2_balanced_logreg_fold1_v1.joblib
1,screenshot_strong,MLLM_TEX_GPT-Image2-fake_128,1,0.10563414543867111,mllm::GPT_Image_2,,models/v2/clip_lora_fold1_best_v1.pt,models/v2/v2_10b_h2_balanced_logreg_fold1_v1.joblib
1,screenshot_strong,MLLM_TEX_GPT-Image2-fake_129,1,0.03109937161207199,mllm::GPT_Image_2,,models/v2/clip_lora_fold1_best_v1.pt,models/v2/v2_10b_h2_balanced_logreg_fold1_v1.joblib
1,screenshot_strong,MLLM_TEX_GPT-Image2-fake_13,1,0.15254823863506317,mllm::GPT_Image_2,,models/v2/clip_lora_fold1_best_v1.pt,models/v2/v2_10b_h2_balanced_logreg_fold1_v1.joblib
1,screenshot_strong,MLLM_TEX_GPT-Image2-fake_130,1,0.11862189322710037,mllm::GPT_Image_2,,models/v2/clip_lora_fold1_best_v1.pt,models/v2/v2_10b_h2_balanced_logreg_fold1_v1.joblib
1,screenshot_strong,MLLM_TEX_GPT-Image2-fake_131,1,0.044112078845500946,mllm::GPT_Image_2,,models/v2/clip_lora_fold1_best_v1.pt,models/v2/v2_10b_h2_balanced_logreg_fold1_v1.joblib
1,screenshot_strong,MLLM_TEX_GPT-Image2-fake_132,1,0.0927186831831932,mllm::GPT_Image_2,,models/v2/clip_lora_fold1_best_v1.pt,models/v2/v2_10b_h2_balanced_logreg_fold1_v1.joblib
1,screenshot_strong,MLLM_TEX_GPT-Image2-fake_133,1,0.12850385904312134,mllm::GPT_Image_2,,models/v2/clip_lora_fold1_best_v1.pt,models/v2/v2_10b_h2_balanced_logreg_fold1_v1.joblib
1,screenshot_strong,MLLM_TEX_GPT-Image2-fake_134,1,0.16445384919643402,mllm::GPT_Image_2,,models/v2/clip_lora_fold1_best_v1.pt,models/v2/v2_10b_h2_balanced_logreg_fold1_v1.joblib
1,screenshot_strong,MLLM_TEX_GPT-Image2-fake_135,1,0.1762915849685669,mllm::GPT_Image_2,,models/v2/clip_lora_fold1_best_v1.pt,models/v2/v2_10b_h2_balanced_logreg_fold1_v1.joblib
1,screenshot_strong,MLLM_TEX_GPT-Image2-fake_136,1,0.18152719736099243,mllm::GPT_Image_2,,models/v2/clip_lora_fold1_best_v1.pt,models/v2/v2_10b_h2_balanced_logreg_fold1_v1.joblib
1,screenshot_strong,MLLM_TEX_GPT-Image2-fake_137,1,0.21491925418376923,mllm::GPT_Image_2,,models/v2/clip_lora_fold1_best_v1.pt,models/v2/v2_10b_h2_balanced_logreg_fold1_v1.joblib
1,screenshot_strong,MLLM_TEX_GPT-Image2-fake_138,1,0.19012528657913208,mllm::GPT_Image_2,,models/v2/clip_lora_fold1_best_v1.pt,models/v2/v2_10b_h2_balanced_logreg_fold1_v1.joblib
1,screenshot_strong,MLLM_TEX_GPT-Image2-fake_139,1,0.14359885454177856,mllm::GPT_Image_2,,models/v2/clip_lora_fold1_best_v1.pt,models/v2/v2_10b_h2_balanced_logreg_fold1_v1.joblib
1,screenshot_strong,MLLM_TEX_GPT-Image2-fake_14,1,0.12997139990329742,mllm::GPT_Image_2,,models/v2/clip_lora_fold1_best_v1.pt,models/v2/v2_10b_h2_balanced_logreg_fold1_v1.joblib
1,screenshot_strong,MLLM_TEX_GPT-Image2-fake_140,1,0.24513907730579376,mllm::GPT_Image_2,,models/v2/clip_lora_fold1_best_v1.pt,models/v2/v2_10b_h2_balanced_logreg_fold1_v1.joblib
1,screenshot_strong,MLLM_TEX_GPT-Image2-fake_141,1,0.2259875237941742,mllm::GPT_Image_2,,models/v2/clip_lora_fold1_best_v1.pt,models/v2/v2_10b_h2_balanced_logreg_fold1_v1.joblib
1,screenshot_strong,MLLM_TEX_GPT-Image2-fake_142,1,0.34903842210769653,mllm::GPT_Image_2,,models/v2/clip_lora_fold1_best_v1.pt,models/v2/v2_10b_h2_balanced_logreg_fold1_v1.joblib
1,screenshot_strong,MLLM_TEX_GPT-Image2-fake_143,1,0.20925818383693695,mllm::GPT_Image_2,,models/v2/clip_lora_fold1_best_v1.pt,models/v2/v2_10b_h2_balanced_logreg_fold1_v1.joblib
1,screenshot_strong,MLLM_TEX_GPT-Image2-fake_144,1,0.2272106409072876,mllm::GPT_Image_2,,models/v2/clip_lora_fold1_best_v1.pt,models/v2/v2_10b_h2_balanced_logreg_fold1_v1.joblib
1,screenshot_strong,MLLM_TEX_GPT-Image2-fake_145,1,0.1854957789182663,mllm::GPT_Image_2,,models/v2/clip_lora_fold1_best_v1.pt,models/v2/v2_10b_h2_balanced_logreg_fold1_v1.joblib
1,screenshot_strong,MLLM_TEX_GPT-Image2-fake_146,1,0.4573540687561035,mllm::GPT_Image_2,,models/v2/clip_lora_fold1_best_v1.pt,models/v2/v2_10b_h2_balanced_logreg_fold1_v1.joblib
1,screenshot_strong,MLLM_TEX_GPT-Image2-fake_147,1,0.34595414996147156,mllm::GPT_Image_2,,models/v2/clip_lora_fold1_best_v1.pt,models/v2/v2_10b_h2_balanced_logreg_fold1_v1.joblib
1,screenshot_strong,MLLM_TEX_GPT-Image2-fake_148,1,0.30304083228111267,mllm::GPT_Image_2,,models/v2/clip_lora_fold1_best_v1.pt,models/v2/v2_10b_h2_balanced_logreg_fold1_v1.joblib
1,screenshot_strong,MLLM_TEX_GPT-Image2-fake_149,1,0.3737599551677704,mllm::GPT_Image_2,,models/v2/clip_lora_fold1_best_v1.pt,models/v2/v2_10b_h2_balanced_logreg_fold1_v1.joblib
1,screenshot_strong,MLLM_TEX_GPT-Image2-fake_15,1,0.411629855632782,mllm::GPT_Image_2,,models/v2/clip_lora_fold1_best_v1.pt,models/v2/v2_10b_h2_balanced_logreg_fold1_v1.joblib
1,screenshot_strong,MLLM_TEX_GPT-Image2-fake_150,1,0.2829417884349823,mllm::GPT_Image_2,,models/v2/clip_lora_fold1_best_v1.pt,models/v2/v2_10b_h2_balanced_logreg_fold1_v1.joblib
1,screenshot_strong,MLLM_TEX_GPT-Image2-fake_151,1,0.5906731486320496,mllm::GPT_Image_2,,models/v2/clip_lora_fold1_best_v1.pt,models/v2/v2_10b_h2_balanced_logreg_fold1_v1.joblib
1,screenshot_strong,MLLM_TEX_GPT-Image2-fake_152,1,0.14681412279605865,mllm::GPT_Image_2,,models/v2/clip_lora_fold1_best_v1.pt,models/v2/v2_10b_h2_balanced_logreg_fold1_v1.joblib
1,screenshot_strong,MLLM_TEX_GPT-Image2-fake_153,1,0.45239517092704773,mllm::GPT_Image_2,,models/v2/clip_lora_fold1_best_v1.pt,models/v2/v2_10b_h2_balanced_logreg_fold1_v1.joblib
1,screenshot_strong,MLLM_TEX_GPT-Image2-fake_154,1,0.5583810210227966,mllm::GPT_Image_2,,models/v2/clip_lora_fold1_best_v1.pt,models/v2/v2_10b_h2_balanced_logreg_fold1_v1.joblib
1,screenshot_strong,MLLM_TEX_GPT-Image2-fake_155,1,0.4425598978996277,mllm::GPT_Image_2,,models/v2/clip_lora_fold1_best_v1.pt,models/v2/v2_10b_h2_balanced_logreg_fold1_v1.joblib
1,screenshot_strong,MLLM_TEX_GPT-Image2-fake_156,1,0.5059686899185181,mllm::GPT_Image_2,,models/v2/clip_lora_fold1_best_v1.pt,models/v2/v2_10b_h2_balanced_logreg_fold1_v1.joblib
1,screenshot_strong,MLLM_TEX_GPT-Image2-fake_157,1,0.39774781465530396,mllm::GPT_Image_2,,models/v2/clip_lora_fold1_best_v1.pt,models/v2/v2_10b_h2_balanced_logreg_fold1_v1.joblib
1,screenshot_strong,MLLM_TEX_GPT-Image2-fake_158,1,0.5120877623558044,mllm::GPT_Image_2,,models/v2/clip_lora_fold1_best_v1.pt,models/v2/v2_10b_h2_balanced_logreg_fold1_v1.joblib
1,screenshot_strong,MLLM_TEX_GPT-Image2-fake_159,1,0.46934905648231506,mllm::GPT_Image_2,,models/v2/clip_lora_fold1_best_v1.pt,models/v2/v2_10b_h2_balanced_logreg_fold1_v1.joblib
1,screenshot_strong,MLLM_TEX_GPT-Image2-fake_16,1,0.32950982451438904,mllm::GPT_Image_2,,models/v2/clip_lora_fold1_best_v1.pt,models/v2/v2_10b_h2_balanced_logreg_fold1_v1.joblib
1,screenshot_strong,MLLM_TEX_GPT-Image2-fake_160,1,0.7386341691017151,mllm::GPT_Image_2,,models/v2/clip_lora_fold1_best_v1.pt,models/v2/v2_10b_h2_balanced_logreg_fold1_v1.joblib
1,screenshot_strong,MLLM_TEX_GPT-Image2-fake_161,1,0.2939448952674866,mllm::GPT_Image_2,,models/v2/clip_lora_fold1_best_v1.pt,models/v2/v2_10b_h2_balanced_logreg_fold1_v1.joblib
1,screenshot_strong,MLLM_TEX_GPT-Image2-fake_162,1,0.46806612610816956,mllm::GPT_Image_2,,models/v2/clip_lora_fold1_best_v1.pt,models/v2/v2_10b_h2_balanced_logreg_fold1_v1.joblib
1,screenshot_strong,MLLM_TEX_GPT-Image2-fake_163,1,0.29482847452163696,mllm::GPT_Image_2,,models/v2/clip_lora_fold1_best_v1.pt,models/v2/v2_10b_h2_balanced_logreg_fold1_v1.joblib
1,screenshot_strong,MLLM_TEX_GPT-Image2-fake_164,1,0.48348289728164673,mllm::GPT_Image_2,,models/v2/clip_lora_fold1_best_v1.pt,models/v2/v2_10b_h2_balanced_logreg_fold1_v1.joblib
1,screenshot_strong,MLLM_TEX_GPT-Image2-fake_165,1,0.3110327422618866,mllm::GPT_Image_2,,models/v2/clip_lora_fold1_best_v1.pt,models/v2/v2_10b_h2_balanced_logreg_fold1_v1.joblib
1,screenshot_strong,MLLM_TEX_GPT-Image2-fake_166,1,0.722725510597229,mllm::GPT_Image_2,,models/v2/clip_lora_fold1_best_v1.pt,models/v2/v2_10b_h2_balanced_logreg_fold1_v1.joblib
1,screenshot_strong,MLLM_TEX_GPT-Image2-fake_167,1,0.4899747669696808,mllm::GPT_Image_2,,models/v2/clip_lora_fold1_best_v1.pt,models/v2/v2_10b_h2_balanced_logreg_fold1_v1.joblib
1,screenshot_strong,MLLM_TEX_GPT-Image2-fake_168,1,0.3165011405944824,mllm::GPT_Image_2,,models/v2/clip_lora_fold1_best_v1.pt,models/v2/v2_10b_h2_balanced_logreg_fold1_v1.joblib
1,screenshot_strong,MLLM_TEX_GPT-Image2-fake_169,1,0.3889911472797394,mllm::GPT_Image_2,,models/v2/clip_lora_fold1_best_v1.pt,models/v2/v2_10b_h2_balanced_logreg_fold1_v1.joblib
1,screenshot_strong,MLLM_TEX_GPT-Image2-fake_17,1,0.47482264041900635,mllm::GPT_Image_2,,models/v2/clip_lora_fold1_best_v1.pt,models/v2/v2_10b_h2_balanced_logreg_fold1_v1.joblib
1,screenshot_strong,MLLM_TEX_GPT-Image2-fake_170,1,0.41239282488822937,mllm::GPT_Image_2,,models/v2/clip_lora_fold1_best_v1.pt,models/v2/v2_10b_h2_balanced_logreg_fold1_v1.joblib
1,screenshot_strong,MLLM_TEX_GPT-Image2-fake_171,1,0.21284224092960358,mllm::GPT_Image_2,,models/v2/clip_lora_fold1_best_v1.pt,models/v2/v2_10b_h2_balanced_logreg_fold1_v1.joblib
1,screenshot_strong,MLLM_TEX_GPT-Image2-fake_172,1,0.3518494665622711,mllm::GPT_Image_2,,models/v2/clip_lora_fold1_best_v1.pt,models/v2/v2_10b_h2_balanced_logreg_fold1_v1.joblib
1,screenshot_strong,MLLM_TEX_GPT-Image2-fake_173,1,0.3883928656578064,mllm::GPT_Image_2,,models/v2/clip_lora_fold1_best_v1.pt,models/v2/v2_10b_h2_balanced_logreg_fold1_v1.joblib
1,screenshot_strong,MLLM_TEX_GPT-Image2-fake_174,1,0.4858720302581787,mllm::GPT_Image_2,,models/v2/clip_lora_fold1_best_v1.pt,models/v2/v2_10b_h2_balanced_logreg_fold1_v1.joblib
1,screenshot_strong,MLLM_TEX_GPT-Image2-fake_175,1,0.43067312240600586,mllm::GPT_Image_2,,models/v2/clip_lora_fold1_best_v1.pt,models/v2/v2_10b_h2_balanced_logreg_fold1_v1.joblib
1,screenshot_strong,MLLM_TEX_GPT-Image2-fake_176,1,0.6493541598320007,mllm::GPT_Image_2,,models/v2/clip_lora_fold1_best_v1.pt,models/v2/v2_10b_h2_balanced_logreg_fold1_v1.joblib
1,screenshot_strong,MLLM_TEX_GPT-Image2-fake_177,1,0.429190456867218,mllm::GPT_Image_2,,models/v2/clip_lora_fold1_best_v1.pt,models/v2/v2_10b_h2_balanced_logreg_fold1_v1.joblib
1,screenshot_strong,MLLM_TEX_GPT-Image2-fake_178,1,0.4563749432563782,mllm::GPT_Image_2,,models/v2/clip_lora_fold1_best_v1.pt,models/v2/v2_10b_h2_balanced_logreg_fold1_v1.joblib
1,screenshot_strong,MLLM_TEX_GPT-Image2-fake_179,1,0.27851131558418274,mllm::GPT_Image_2,,models/v2/clip_lora_fold1_best_v1.pt,models/v2/v2_10b_h2_balanced_logreg_fold1_v1.joblib
1,screenshot_strong,MLLM_TEX_GPT-Image2-fake_18,1,0.23197808861732483,mllm::GPT_Image_2,,models/v2/clip_lora_fold1_best_v1.pt,models/v2/v2_10b_h2_balanced_logreg_fold1_v1.joblib
1,screenshot_strong,MLLM_TEX_GPT-Image2-fake_180,1,0.4383505880832672,mllm::GPT_Image_2,,models/v2/clip_lora_fold1_best_v1.pt,models/v2/v2_10b_h2_balanced_logreg_fold1_v1.joblib
1,screenshot_strong,MLLM_TEX_GPT-Image2-fake_181,1,0.5170276165008545,mllm::GPT_Image_2,,models/v2/clip_lora_fold1_best_v1.pt,models/v2/v2_10b_h2_balanced_logreg_fold1_v1.joblib
1,screenshot_strong,MLLM_TEX_GPT-Image2-fake_182,1,0.44167211651802063,mllm::GPT_Image_2,,models/v2/clip_lora_fold1_best_v1.pt,models/v2/v2_10b_h2_balanced_logreg_fold1_v1.joblib
1,screenshot_strong,MLLM_TEX_GPT-Image2-fake_183,1,0.37259677052497864,mllm::GPT_Image_2,,models/v2/clip_lora_fold1_best_v1.pt,models/v2/v2_10b_h2_balanced_logreg_fold1_v1.joblib
1,screenshot_strong,MLLM_TEX_GPT-Image2-fake_184,1,0.2986387014389038,mllm::GPT_Image_2,,models/v2/clip_lora_fold1_best_v1.pt,models/v2/v2_10b_h2_balanced_logreg_fold1_v1.joblib
1,screenshot_strong,MLLM_TEX_GPT-Image2-fake_185,1,0.3510318696498871,mllm::GPT_Image_2,,models/v2/clip_lora_fold1_best_v1.pt,models/v2/v2_10b_h2_balanced_logreg_fold1_v1.joblib
1,screenshot_strong,MLLM_TEX_GPT-Image2-fake_186,1,0.428971529006958,mllm::GPT_Image_2,,models/v2/clip_lora_fold1_best_v1.pt,models/v2/v2_10b_h2_balanced_logreg_fold1_v1.joblib
1,screenshot_strong,MLLM_TEX_GPT-Image2-fake_187,1,0.27536681294441223,mllm::GPT_Image_2,,models/v2/clip_lora_fold1_best_v1.pt,models/v2/v2_10b_h2_balanced_logreg_fold1_v1.joblib
1,screenshot_strong,MLLM_TEX_GPT-Image2-fake_188,1,0.1463724970817566,mllm::GPT_Image_2,,models/v2/clip_lora_fold1_best_v1.pt,models/v2/v2_10b_h2_balanced_logreg_fold1_v1.joblib
1,screenshot_strong,MLLM_TEX_GPT-Image2-fake_189,1,0.4301803410053253,mllm::GPT_Image_2,,models/v2/clip_lora_fold1_best_v1.pt,models/v2/v2_10b_h2_balanced_logreg_fold1_v1.joblib
1,screenshot_strong,MLLM_TEX_GPT-Image2-fake_19,1,0.44446831941604614,mllm::GPT_Image_2,,models/v2/clip_lora_fold1_best_v1.pt,models/v2/v2_10b_h2_balanced_logreg_fold1_v1.joblib
1,screenshot_strong,MLLM_TEX_GPT-Image2-fake_190,1,0.4634578824043274,mllm::GPT_Image_2,,models/v2/clip_lora_fold1_best_v1.pt,models/v2/v2_10b_h2_balanced_logreg_fold1_v1.joblib
1,screenshot_strong,MLLM_TEX_GPT-Image2-fake_191,1,0.18475346267223358,mllm::GPT_Image_2,,models/v2/clip_lora_fold1_best_v1.pt,models/v2/v2_10b_h2_balanced_logreg_fold1_v1.joblib
1,screenshot_strong,MLLM_TEX_GPT-Image2-fake_192,1,0.2679469585418701,mllm::GPT_Image_2,,models/v2/clip_lora_fold1_best_v1.pt,models/v2/v2_10b_h2_balanced_logreg_fold1_v1.joblib
1,screenshot_strong,MLLM_TEX_GPT-Image2-fake_193,1,0.07493096590042114,mllm::GPT_Image_2,,models/v2/clip_lora_fold1_best_v1.pt,models/v2/v2_10b_h2_balanced_logreg_fold1_v1.joblib
1,screenshot_strong,MLLM_TEX_GPT-Image2-fake_194,1,0.44628554582595825,mllm::GPT_Image_2,,models/v2/clip_lora_fold1_best_v1.pt,models/v2/v2_10b_h2_balanced_logreg_fold1_v1.joblib
1,screenshot_strong,MLLM_TEX_GPT-Image2-fake_195,1,0.48137569427490234,mllm::GPT_Image_2,,models/v2/clip_lora_fold1_best_v1.pt,models/v2/v2_10b_h2_balanced_logreg_fold1_v1.joblib
1,screenshot_strong,MLLM_TEX_GPT-Image2-fake_196,1,0.5262238383293152,mllm::GPT_Image_2,,models/v2/clip_lora_fold1_best_v1.pt,models/v2/v2_10b_h2_balanced_logreg_fold1_v1.joblib
1,screenshot_strong,MLLM_TEX_GPT-Image2-fake_197,1,0.1641150265932083,mllm::GPT_Image_2,,models/v2/clip_lora_fold1_best_v1.pt,models/v2/v2_10b_h2_balanced_logreg_fold1_v1.joblib
1,screenshot_strong,MLLM_TEX_GPT-Image2-fake_198,1,0.23328916728496552,mllm::GPT_Image_2,,models/v2/clip_lora_fold1_best_v1.pt,models/v2/v2_10b_h2_balanced_logreg_fold1_v1.joblib
1,screenshot_strong,MLLM_TEX_GPT-Image2-fake_199,1,0.2306598573923111,mllm::GPT_Image_2,,models/v2/clip_lora_fold1_best_v1.pt,models/v2/v2_10b_h2_balanced_logreg_fold1_v1.joblib
1,screenshot_strong,MLLM_TEX_GPT-Image2-fake_2,1,0.20473924279212952,mllm::GPT_Image_2,,models/v2/clip_lora_fold1_best_v1.pt,models/v2/v2_10b_h2_balanced_logreg_fold1_v1.joblib
1,screenshot_strong,MLLM_TEX_GPT-Image2-fake_20,1,0.34535351395606995,mllm::GPT_Image_2,,models/v2/clip_lora_fold1_best_v1.pt,models/v2/v2_10b_h2_balanced_logreg_fold1_v1.joblib
1,screenshot_strong,MLLM_TEX_GPT-Image2-fake_200,1,0.4707989990711212,mllm::GPT_Image_2,,models/v2/clip_lora_fold1_best_v1.pt,models/v2/v2_10b_h2_balanced_logreg_fold1_v1.joblib
1,screenshot_strong,MLLM_TEX_GPT-Image2-fake_201,1,0.2025764137506485,mllm::GPT_Image_2,,models/v2/clip_lora_fold1_best_v1.pt,models/v2/v2_10b_h2_balanced_logreg_fold1_v1.joblib
1,screenshot_strong,MLLM_TEX_GPT-Image2-fake_202,1,0.4155043065547943,mllm::GPT_Image_2,,models/v2/clip_lora_fold1_best_v1.pt,models/v2/v2_10b_h2_balanced_logreg_fold1_v1.joblib
1,screenshot_strong,MLLM_TEX_GPT-Image2-fake_203,1,0.30873262882232666,mllm::GPT_Image_2,,models/v2/clip_lora_fold1_best_v1.pt,models/v2/v2_10b_h2_balanced_logreg_fold1_v1.joblib
1,screenshot_strong,MLLM_TEX_GPT-Image2-fake_204,1,0.2408006340265274,mllm::GPT_Image_2,,models/v2/clip_lora_fold1_best_v1.pt,models/v2/v2_10b_h2_balanced_logreg_fold1_v1.joblib
1,screenshot_strong,MLLM_TEX_GPT-Image2-fake_205,1,0.27914848923683167,mllm::GPT_Image_2,,models/v2/clip_lora_fold1_best_v1.pt,models/v2/v2_10b_h2_balanced_logreg_fold1_v1.joblib
1,screenshot_strong,MLLM_TEX_GPT-Image2-fake_206,1,0.32788708806037903,mllm::GPT_Image_2,,models/v2/clip_lora_fold1_best_v1.pt,models/v2/v2_10b_h2_balanced_logreg_fold1_v1.joblib
1,screenshot_strong,MLLM_TEX_GPT-Image2-fake_207,1,0.2919546961784363,mllm::GPT_Image_2,,models/v2/clip_lora_fold1_best_v1.pt,models/v2/v2_10b_h2_balanced_logreg_fold1_v1.joblib
1,screenshot_strong,MLLM_TEX_GPT-Image2-fake_208,1,0.16471455991268158,mllm::GPT_Image_2,,models/v2/clip_lora_fold1_best_v1.pt,models/v2/v2_10b_h2_balanced_logreg_fold1_v1.joblib
1,screenshot_strong,MLLM_TEX_GPT-Image2-fake_209,1,0.24380578100681305,mllm::GPT_Image_2,,models/v2/clip_lora_fold1_best_v1.pt,models/v2/v2_10b_h2_balanced_logreg_fold1_v1.joblib
1,screenshot_strong,MLLM_TEX_GPT-Image2-fake_21,1,0.34116947650909424,mllm::GPT_Image_2,,models/v2/clip_lora_fold1_best_v1.pt,models/v2/v2_10b_h2_balanced_logreg_fold1_v1.joblib
1,screenshot_strong,MLLM_TEX_GPT-Image2-fake_210,1,0.22547398507595062,mllm::GPT_Image_2,,models/v2/clip_lora_fold1_best_v1.pt,models/v2/v2_10b_h2_balanced_logreg_fold1_v1.joblib
1,screenshot_strong,MLLM_TEX_GPT-Image2-fake_211,1,0.15598541498184204,mllm::GPT_Image_2,,models/v2/clip_lora_fold1_best_v1.pt,models/v2/v2_10b_h2_balanced_logreg_fold1_v1.joblib
1,screenshot_strong,MLLM_TEX_GPT-Image2-fake_212,1,0.21170783042907715,mllm::GPT_Image_2,,models/v2/clip_lora_fold1_best_v1.pt,models/v2/v2_10b_h2_balanced_logreg_fold1_v1.joblib
1,screenshot_strong,MLLM_TEX_GPT-Image2-fake_213,1,0.23264843225479126,mllm::GPT_Image_2,,models/v2/clip_lora_fold1_best_v1.pt,models/v2/v2_10b_h2_balanced_logreg_fold1_v1.joblib
1,screenshot_strong,MLLM_TEX_GPT-Image2-fake_214,1,0.35386553406715393,mllm::GPT_Image_2,,models/v2/clip_lora_fold1_best_v1.pt,models/v2/v2_10b_h2_balanced_logreg_fold1_v1.joblib
1,screenshot_strong,MLLM_TEX_GPT-Image2-fake_215,1,0.2709280550479889,mllm::GPT_Image_2,,models/v2/clip_lora_fold1_best_v1.pt,models/v2/v2_10b_h2_balanced_logreg_fold1_v1.joblib
1,screenshot_strong,MLLM_TEX_GPT-Image2-fake_216,1,0.2656899392604828,mllm::GPT_Image_2,,models/v2/clip_lora_fold1_best_v1.pt,models/v2/v2_10b_h2_balanced_logreg_fold1_v1.joblib
1,screenshot_strong,MLLM_TEX_GPT-Image2-fake_22,1,0.4440166652202606,mllm::GPT_Image_2,,models/v2/clip_lora_fold1_best_v1.pt,models/v2/v2_10b_h2_balanced_logreg_fold1_v1.joblib
1,screenshot_strong,MLLM_TEX_GPT-Image2-fake_23,1,0.2513379752635956,mllm::GPT_Image_2,,models/v2/clip_lora_fold1_best_v1.pt,models/v2/v2_10b_h2_balanced_logreg_fold1_v1.joblib
1,screenshot_strong,MLLM_TEX_GPT-Image2-fake_24,1,0.1749274730682373,mllm::GPT_Image_2,,models/v2/clip_lora_fold1_best_v1.pt,models/v2/v2_10b_h2_balanced_logreg_fold1_v1.joblib
1,screenshot_strong,MLLM_TEX_GPT-Image2-fake_25,1,0.5345017910003662,mllm::GPT_Image_2,,models/v2/clip_lora_fold1_best_v1.pt,models/v2/v2_10b_h2_balanced_logreg_fold1_v1.joblib
1,screenshot_strong,MLLM_TEX_GPT-Image2-fake_26,1,0.6000054478645325,mllm::GPT_Image_2,,models/v2/clip_lora_fold1_best_v1.pt,models/v2/v2_10b_h2_balanced_logreg_fold1_v1.joblib
1,screenshot_strong,MLLM_TEX_GPT-Image2-fake_27,1,0.5656675100326538,mllm::GPT_Image_2,,models/v2/clip_lora_fold1_best_v1.pt,models/v2/v2_10b_h2_balanced_logreg_fold1_v1.joblib
1,screenshot_strong,MLLM_TEX_GPT-Image2-fake_28,1,0.5213115215301514,mllm::GPT_Image_2,,models/v2/clip_lora_fold1_best_v1.pt,models/v2/v2_10b_h2_balanced_logreg_fold1_v1.joblib
1,screenshot_strong,MLLM_TEX_GPT-Image2-fake_29,1,0.5156842470169067,mllm::GPT_Image_2,,models/v2/clip_lora_fold1_best_v1.pt,models/v2/v2_10b_h2_balanced_logreg_fold1_v1.joblib
1,screenshot_strong,MLLM_TEX_GPT-Image2-fake_3,1,0.45825624465942383,mllm::GPT_Image_2,,models/v2/clip_lora_fold1_best_v1.pt,models/v2/v2_10b_h2_balanced_logreg_fold1_v1.joblib
1,screenshot_strong,MLLM_TEX_GPT-Image2-fake_30,1,0.6559390425682068,mllm::GPT_Image_2,,models/v2/clip_lora_fold1_best_v1.pt,models/v2/v2_10b_h2_balanced_logreg_fold1_v1.joblib
1,screenshot_strong,MLLM_TEX_GPT-Image2-fake_31,1,0.2150094211101532,mllm::GPT_Image_2,,models/v2/clip_lora_fold1_best_v1.pt,models/v2/v2_10b_h2_balanced_logreg_fold1_v1.joblib
1,screenshot_strong,MLLM_TEX_GPT-Image2-fake_32,1,0.18824100494384766,mllm::GPT_Image_2,,models/v2/clip_lora_fold1_best_v1.pt,models/v2/v2_10b_h2_balanced_logreg_fold1_v1.joblib
1,screenshot_strong,MLLM_TEX_GPT-Image2-fake_33,1,0.12350758910179138,mllm::GPT_Image_2,,models/v2/clip_lora_fold1_best_v1.pt,models/v2/v2_10b_h2_balanced_logreg_fold1_v1.joblib
1,screenshot_strong,MLLM_TEX_GPT-Image2-fake_34,1,0.2222425639629364,mllm::GPT_Image_2,,models/v2/clip_lora_fold1_best_v1.pt,models/v2/v2_10b_h2_balanced_logreg_fold1_v1.joblib
1,screenshot_strong,MLLM_TEX_GPT-Image2-fake_35,1,0.27847278118133545,mllm::GPT_Image_2,,models/v2/clip_lora_fold1_best_v1.pt,models/v2/v2_10b_h2_balanced_logreg_fold1_v1.joblib
1,screenshot_strong,MLLM_TEX_GPT-Image2-fake_36,1,0.33974915742874146,mllm::GPT_Image_2,,models/v2/clip_lora_fold1_best_v1.pt,models/v2/v2_10b_h2_balanced_logreg_fold1_v1.joblib
1,screenshot_strong,MLLM_TEX_GPT-Image2-fake_37,1,0.13889217376708984,mllm::GPT_Image_2,,models/v2/clip_lora_fold1_best_v1.pt,models/v2/v2_10b_h2_balanced_logreg_fold1_v1.joblib
1,screenshot_strong,MLLM_TEX_GPT-Image2-fake_38,1,0.2627578675746918,mllm::GPT_Image_2,,models/v2/clip_lora_fold1_best_v1.pt,models/v2/v2_10b_h2_balanced_logreg_fold1_v1.joblib
1,screenshot_strong,MLLM_TEX_GPT-Image2-fake_39,1,0.1459190994501114,mllm::GPT_Image_2,,models/v2/clip_lora_fold1_best_v1.pt,models/v2/v2_10b_h2_balanced_logreg_fold1_v1.joblib
1,screenshot_strong,MLLM_TEX_GPT-Image2-fake_4,1,0.5894278287887573,mllm::GPT_Image_2,,models/v2/clip_lora_fold1_best_v1.pt,models/v2/v2_10b_h2_balanced_logreg_fold1_v1.joblib
1,screenshot_strong,MLLM_TEX_GPT-Image2-fake_40,1,0.2421085238456726,mllm::GPT_Image_2,,models/v2/clip_lora_fold1_best_v1.pt,models/v2/v2_10b_h2_balanced_logreg_fold1_v1.joblib
1,screenshot_strong,MLLM_TEX_GPT-Image2-fake_41,1,0.600766658782959,mllm::GPT_Image_2,,models/v2/clip_lora_fold1_best_v1.pt,models/v2/v2_10b_h2_balanced_logreg_fold1_v1.joblib
1,screenshot_strong,MLLM_TEX_GPT-Image2-fake_42,1,0.6797038316726685,mllm::GPT_Image_2,,models/v2/clip_lora_fold1_best_v1.pt,models/v2/v2_10b_h2_balanced_logreg_fold1_v1.joblib
1,screenshot_strong,MLLM_TEX_GPT-Image2-fake_43,1,0.4884249269962311,mllm::GPT_Image_2,,models/v2/clip_lora_fold1_best_v1.pt,models/v2/v2_10b_h2_balanced_logreg_fold1_v1.joblib
1,screenshot_strong,MLLM_TEX_GPT-Image2-fake_44,1,0.18444731831550598,mllm::GPT_Image_2,,models/v2/clip_lora_fold1_best_v1.pt,models/v2/v2_10b_h2_balanced_logreg_fold1_v1.joblib
1,screenshot_strong,MLLM_TEX_GPT-Image2-fake_45,1,0.7032157182693481,mllm::GPT_Image_2,,models/v2/clip_lora_fold1_best_v1.pt,models/v2/v2_10b_h2_balanced_logreg_fold1_v1.joblib
1,screenshot_strong,MLLM_TEX_GPT-Image2-fake_46,1,0.5239462852478027,mllm::GPT_Image_2,,models/v2/clip_lora_fold1_best_v1.pt,models/v2/v2_10b_h2_balanced_logreg_fold1_v1.joblib
1,screenshot_strong,MLLM_TEX_GPT-Image2-fake_47,1,0.30673250555992126,mllm::GPT_Image_2,,models/v2/clip_lora_fold1_best_v1.pt,models/v2/v2_10b_h2_balanced_logreg_fold1_v1.joblib
1,screenshot_strong,MLLM_TEX_GPT-Image2-fake_48,1,0.18514664471149445,mllm::GPT_Image_2,,models/v2/clip_lora_fold1_best_v1.pt,models/v2/v2_10b_h2_balanced_logreg_fold1_v1.joblib
1,screenshot_strong,MLLM_TEX_GPT-Image2-fake_49,1,0.3681715726852417,mllm::GPT_Image_2,,models/v2/clip_lora_fold1_best_v1.pt,models/v2/v2_10b_h2_balanced_logreg_fold1_v1.joblib
1,screenshot_strong,MLLM_TEX_GPT-Image2-fake_5,1,0.23251523077487946,mllm::GPT_Image_2,,models/v2/clip_lora_fold1_best_v1.pt,models/v2/v2_10b_h2_balanced_logreg_fold1_v1.joblib
1,screenshot_strong,MLLM_TEX_GPT-Image2-fake_50,1,0.3724450170993805,mllm::GPT_Image_2,,models/v2/clip_lora_fold1_best_v1.pt,models/v2/v2_10b_h2_balanced_logreg_fold1_v1.joblib
1,screenshot_strong,MLLM_TEX_GPT-Image2-fake_51,1,0.5639855265617371,mllm::GPT_Image_2,,models/v2/clip_lora_fold1_best_v1.pt,models/v2/v2_10b_h2_balanced_logreg_fold1_v1.joblib
1,screenshot_strong,MLLM_TEX_GPT-Image2-fake_52,1,0.3846363425254822,mllm::GPT_Image_2,,models/v2/clip_lora_fold1_best_v1.pt,models/v2/v2_10b_h2_balanced_logreg_fold1_v1.joblib
1,screenshot_strong,MLLM_TEX_GPT-Image2-fake_53,1,0.42734456062316895,mllm::GPT_Image_2,,models/v2/clip_lora_fold1_best_v1.pt,models/v2/v2_10b_h2_balanced_logreg_fold1_v1.joblib
1,screenshot_strong,MLLM_TEX_GPT-Image2-fake_54,1,0.46878868341445923,mllm::GPT_Image_2,,models/v2/clip_lora_fold1_best_v1.pt,models/v2/v2_10b_h2_balanced_logreg_fold1_v1.joblib
1,screenshot_strong,MLLM_TEX_GPT-Image2-fake_55,1,0.6456630229949951,mllm::GPT_Image_2,,models/v2/clip_lora_fold1_best_v1.pt,models/v2/v2_10b_h2_balanced_logreg_fold1_v1.joblib
1,screenshot_strong,MLLM_TEX_GPT-Image2-fake_56,1,0.5848712921142578,mllm::GPT_Image_2,,models/v2/clip_lora_fold1_best_v1.pt,models/v2/v2_10b_h2_balanced_logreg_fold1_v1.joblib
1,screenshot_strong,MLLM_TEX_GPT-Image2-fake_57,1,0.30202630162239075,mllm::GPT_Image_2,,models/v2/clip_lora_fold1_best_v1.pt,models/v2/v2_10b_h2_balanced_logreg_fold1_v1.joblib
1,screenshot_strong,MLLM_TEX_GPT-Image2-fake_58,1,0.7169264554977417,mllm::GPT_Image_2,,models/v2/clip_lora_fold1_best_v1.pt,models/v2/v2_10b_h2_balanced_logreg_fold1_v1.joblib
1,screenshot_strong,MLLM_TEX_GPT-Image2-fake_59,1,0.495707243680954,mllm::GPT_Image_2,,models/v2/clip_lora_fold1_best_v1.pt,models/v2/v2_10b_h2_balanced_logreg_fold1_v1.joblib
1,screenshot_strong,MLLM_TEX_GPT-Image2-fake_6,1,0.5772956609725952,mllm::GPT_Image_2,,models/v2/clip_lora_fold1_best_v1.pt,models/v2/v2_10b_h2_balanced_logreg_fold1_v1.joblib
1,screenshot_strong,MLLM_TEX_GPT-Image2-fake_60,1,0.5459173917770386,mllm::GPT_Image_2,,models/v2/clip_lora_fold1_best_v1.pt,models/v2/v2_10b_h2_balanced_logreg_fold1_v1.joblib
1,screenshot_strong,MLLM_TEX_GPT-Image2-fake_61,1,0.13638347387313843,mllm::GPT_Image_2,,models/v2/clip_lora_fold1_best_v1.pt,models/v2/v2_10b_h2_balanced_logreg_fold1_v1.joblib
1,screenshot_strong,MLLM_TEX_GPT-Image2-fake_62,1,0.22355838119983673,mllm::GPT_Image_2,,models/v2/clip_lora_fold1_best_v1.pt,models/v2/v2_10b_h2_balanced_logreg_fold1_v1.joblib
1,screenshot_strong,MLLM_TEX_GPT-Image2-fake_63,1,0.27642354369163513,mllm::GPT_Image_2,,models/v2/clip_lora_fold1_best_v1.pt,models/v2/v2_10b_h2_balanced_logreg_fold1_v1.joblib
1,screenshot_strong,MLLM_TEX_GPT-Image2-fake_64,1,0.34374484419822693,mllm::GPT_Image_2,,models/v2/clip_lora_fold1_best_v1.pt,models/v2/v2_10b_h2_balanced_logreg_fold1_v1.joblib
1,screenshot_strong,MLLM_TEX_GPT-Image2-fake_65,1,0.2883239984512329,mllm::GPT_Image_2,,models/v2/clip_lora_fold1_best_v1.pt,models/v2/v2_10b_h2_balanced_logreg_fold1_v1.joblib
1,screenshot_strong,MLLM_TEX_GPT-Image2-fake_66,1,0.6193135976791382,mllm::GPT_Image_2,,models/v2/clip_lora_fold1_best_v1.pt,models/v2/v2_10b_h2_balanced_logreg_fold1_v1.joblib
1,screenshot_strong,MLLM_TEX_GPT-Image2-fake_67,1,0.16777250170707703,mllm::GPT_Image_2,,models/v2/clip_lora_fold1_best_v1.pt,models/v2/v2_10b_h2_balanced_logreg_fold1_v1.joblib
1,screenshot_strong,MLLM_TEX_GPT-Image2-fake_68,1,0.20822973549365997,mllm::GPT_Image_2,,models/v2/clip_lora_fold1_best_v1.pt,models/v2/v2_10b_h2_balanced_logreg_fold1_v1.joblib
1,screenshot_strong,MLLM_TEX_GPT-Image2-fake_69,1,0.18046532571315765,mllm::GPT_Image_2,,models/v2/clip_lora_fold1_best_v1.pt,models/v2/v2_10b_h2_balanced_logreg_fold1_v1.joblib
1,screenshot_strong,MLLM_TEX_GPT-Image2-fake_7,1,0.5454728603363037,mllm::GPT_Image_2,,models/v2/clip_lora_fold1_best_v1.pt,models/v2/v2_10b_h2_balanced_logreg_fold1_v1.joblib
1,screenshot_strong,MLLM_TEX_GPT-Image2-fake_70,1,0.24294766783714294,mllm::GPT_Image_2,,models/v2/clip_lora_fold1_best_v1.pt,models/v2/v2_10b_h2_balanced_logreg_fold1_v1.joblib
1,screenshot_strong,MLLM_TEX_GPT-Image2-fake_71,1,0.4476637840270996,mllm::GPT_Image_2,,models/v2/clip_lora_fold1_best_v1.pt,models/v2/v2_10b_h2_balanced_logreg_fold1_v1.joblib
1,screenshot_strong,MLLM_TEX_GPT-Image2-fake_72,1,0.40067580342292786,mllm::GPT_Image_2,,models/v2/clip_lora_fold1_best_v1.pt,models/v2/v2_10b_h2_balanced_logreg_fold1_v1.joblib
1,screenshot_strong,MLLM_TEX_GPT-Image2-fake_73,1,0.7497414946556091,mllm::GPT_Image_2,,models/v2/clip_lora_fold1_best_v1.pt,models/v2/v2_10b_h2_balanced_logreg_fold1_v1.joblib
1,screenshot_strong,MLLM_TEX_GPT-Image2-fake_74,1,0.5231084823608398,mllm::GPT_Image_2,,models/v2/clip_lora_fold1_best_v1.pt,models/v2/v2_10b_h2_balanced_logreg_fold1_v1.joblib
1,screenshot_strong,MLLM_TEX_GPT-Image2-fake_75,1,0.6245161890983582,mllm::GPT_Image_2,,models/v2/clip_lora_fold1_best_v1.pt,models/v2/v2_10b_h2_balanced_logreg_fold1_v1.joblib
1,screenshot_strong,MLLM_TEX_GPT-Image2-fake_76,1,0.41662994027137756,mllm::GPT_Image_2,,models/v2/clip_lora_fold1_best_v1.pt,models/v2/v2_10b_h2_balanced_logreg_fold1_v1.joblib
1,screenshot_strong,MLLM_TEX_GPT-Image2-fake_77,1,0.6823209524154663,mllm::GPT_Image_2,,models/v2/clip_lora_fold1_best_v1.pt,models/v2/v2_10b_h2_balanced_logreg_fold1_v1.joblib
1,screenshot_strong,MLLM_TEX_GPT-Image2-fake_78,1,0.6442207098007202,mllm::GPT_Image_2,,models/v2/clip_lora_fold1_best_v1.pt,models/v2/v2_10b_h2_balanced_logreg_fold1_v1.joblib
1,screenshot_strong,MLLM_TEX_GPT-Image2-fake_79,1,0.21700118482112885,mllm::GPT_Image_2,,models/v2/clip_lora_fold1_best_v1.pt,models/v2/v2_10b_h2_balanced_logreg_fold1_v1.joblib
1,screenshot_strong,MLLM_TEX_GPT-Image2-fake_8,1,0.287459135055542,mllm::GPT_Image_2,,models/v2/clip_lora_fold1_best_v1.pt,models/v2/v2_10b_h2_balanced_logreg_fold1_v1.joblib
1,screenshot_strong,MLLM_TEX_GPT-Image2-fake_80,1,0.3251236081123352,mllm::GPT_Image_2,,models/v2/clip_lora_fold1_best_v1.pt,models/v2/v2_10b_h2_balanced_logreg_fold1_v1.joblib
1,screenshot_strong,MLLM_TEX_GPT-Image2-fake_81,1,0.3187447190284729,mllm::GPT_Image_2,,models/v2/clip_lora_fold1_best_v1.pt,models/v2/v2_10b_h2_balanced_logreg_fold1_v1.joblib
1,screenshot_strong,MLLM_TEX_GPT-Image2-fake_82,1,0.13239344954490662,mllm::GPT_Image_2,,models/v2/clip_lora_fold1_best_v1.pt,models/v2/v2_10b_h2_balanced_logreg_fold1_v1.joblib
1,screenshot_strong,MLLM_TEX_GPT-Image2-fake_83,1,0.2732947766780853,mllm::GPT_Image_2,,models/v2/clip_lora_fold1_best_v1.pt,models/v2/v2_10b_h2_balanced_logreg_fold1_v1.joblib
1,screenshot_strong,MLLM_TEX_GPT-Image2-fake_84,1,0.09211894124746323,mllm::GPT_Image_2,,models/v2/clip_lora_fold1_best_v1.pt,models/v2/v2_10b_h2_balanced_logreg_fold1_v1.joblib
1,screenshot_strong,MLLM_TEX_GPT-Image2-fake_85,1,0.29007020592689514,mllm::GPT_Image_2,,models/v2/clip_lora_fold1_best_v1.pt,models/v2/v2_10b_h2_balanced_logreg_fold1_v1.joblib
1,screenshot_strong,MLLM_TEX_GPT-Image2-fake_86,1,0.33181115984916687,mllm::GPT_Image_2,,models/v2/clip_lora_fold1_best_v1.pt,models/v2/v2_10b_h2_balanced_logreg_fold1_v1.joblib
1,screenshot_strong,MLLM_TEX_GPT-Image2-fake_87,1,0.1870029717683792,mllm::GPT_Image_2,,models/v2/clip_lora_fold1_best_v1.pt,models/v2/v2_10b_h2_balanced_logreg_fold1_v1.joblib
1,screenshot_strong,MLLM_TEX_GPT-Image2-fake_88,1,0.31902816891670227,mllm::GPT_Image_2,,models/v2/clip_lora_fold1_best_v1.pt,models/v2/v2_10b_h2_balanced_logreg_fold1_v1.joblib
1,screenshot_strong,MLLM_TEX_GPT-Image2-fake_89,1,0.2728978097438812,mllm::GPT_Image_2,,models/v2/clip_lora_fold1_best_v1.pt,models/v2/v2_10b_h2_balanced_logreg_fold1_v1.joblib
1,screenshot_strong,MLLM_TEX_GPT-Image2-fake_9,1,0.7267442941665649,mllm::GPT_Image_2,,models/v2/clip_lora_fold1_best_v1.pt,models/v2/v2_10b_h2_balanced_logreg_fold1_v1.joblib
1,screenshot_strong,MLLM_TEX_GPT-Image2-fake_90,1,0.18448814749717712,mllm::GPT_Image_2,,models/v2/clip_lora_fold1_best_v1.pt,models/v2/v2_10b_h2_balanced_logreg_fold1_v1.joblib
1,screenshot_strong,MLLM_TEX_GPT-Image2-fake_91,1,0.4013161063194275,mllm::GPT_Image_2,,models/v2/clip_lora_fold1_best_v1.pt,models/v2/v2_10b_h2_balanced_logreg_fold1_v1.joblib
1,screenshot_strong,MLLM_TEX_GPT-Image2-fake_92,1,0.5082665085792542,mllm::GPT_Image_2,,models/v2/clip_lora_fold1_best_v1.pt,models/v2/v2_10b_h2_balanced_logreg_fold1_v1.joblib
1,screenshot_strong,MLLM_TEX_GPT-Image2-fake_93,1,0.43804970383644104,mllm::GPT_Image_2,,models/v2/clip_lora_fold1_best_v1.pt,models/v2/v2_10b_h2_balanced_logreg_fold1_v1.joblib
1,screenshot_strong,MLLM_TEX_GPT-Image2-fake_94,1,0.33351993560791016,mllm::GPT_Image_2,,models/v2/clip_lora_fold1_best_v1.pt,models/v2/v2_10b_h2_balanced_logreg_fold1_v1.joblib
1,screenshot_strong,MLLM_TEX_GPT-Image2-fake_95,1,0.3103755712509155,mllm::GPT_Image_2,,models/v2/clip_lora_fold1_best_v1.pt,models/v2/v2_10b_h2_balanced_logreg_fold1_v1.joblib
1,screenshot_strong,MLLM_TEX_GPT-Image2-fake_96,1,0.0129953408613801,mllm::GPT_Image_2,,models/v2/clip_lora_fold1_best_v1.pt,models/v2/v2_10b_h2_balanced_logreg_fold1_v1.joblib
1,screenshot_strong,MLLM_TEX_GPT-Image2-fake_97,1,0.008194709196686745,mllm::GPT_Image_2,,models/v2/clip_lora_fold1_best_v1.pt,models/v2/v2_10b_h2_balanced_logreg_fold1_v1.joblib
1,screenshot_strong,MLLM_TEX_GPT-Image2-fake_98,1,0.01273497473448515,mllm::GPT_Image_2,,models/v2/clip_lora_fold1_best_v1.pt,models/v2/v2_10b_h2_balanced_logreg_fold1_v1.joblib
1,screenshot_strong,MLLM_TEX_GPT-Image2-fake_99,1,0.010661142878234386,mllm::GPT_Image_2,,models/v2/clip_lora_fold1_best_v1.pt,models/v2/v2_10b_h2_balanced_logreg_fold1_v1.joblib
1,screenshot_strong,MLLM_TEX_real_105,0,0.016652783378958702,real::MLLM,MLLM,models/v2/clip_lora_fold1_best_v1.pt,models/v2/v2_10b_h2_balanced_logreg_fold1_v1.joblib
1,screenshot_strong,MLLM_TEX_real_119,0,0.0031308240722864866,real::MLLM,MLLM,models/v2/clip_lora_fold1_best_v1.pt,models/v2/v2_10b_h2_balanced_logreg_fold1_v1.joblib
1,screenshot_strong,MLLM_TEX_real_126,0,0.03254471346735954,real::MLLM,MLLM,models/v2/clip_lora_fold1_best_v1.pt,models/v2/v2_10b_h2_balanced_logreg_fold1_v1.joblib
1,screenshot_strong,MLLM_TEX_real_128,0,0.024579070508480072,real::MLLM,MLLM,models/v2/clip_lora_fold1_best_v1.pt,models/v2/v2_10b_h2_balanced_logreg_fold1_v1.joblib
1,screenshot_strong,MLLM_TEX_real_129,0,0.013456091284751892,real::MLLM,MLLM,models/v2/clip_lora_fold1_best_v1.pt,models/v2/v2_10b_h2_balanced_logreg_fold1_v1.joblib
1,screenshot_strong,MLLM_TEX_real_13,0,0.036811042577028275,real::MLLM,MLLM,models/v2/clip_lora_fold1_best_v1.pt,models/v2/v2_10b_h2_balanced_logreg_fold1_v1.joblib
1,screenshot_strong,MLLM_TEX_real_130,0,0.0032236515544354916,real::MLLM,MLLM,models/v2/clip_lora_fold1_best_v1.pt,models/v2/v2_10b_h2_balanced_logreg_fold1_v1.joblib
1,screenshot_strong,MLLM_TEX_real_14,0,0.005222250707447529,real::MLLM,MLLM,models/v2/clip_lora_fold1_best_v1.pt,models/v2/v2_10b_h2_balanced_logreg_fold1_v1.joblib
1,screenshot_strong,MLLM_TEX_real_150,0,0.002901584841310978,real::MLLM,MLLM,models/v2/clip_lora_fold1_best_v1.pt,models/v2/v2_10b_h2_balanced_logreg_fold1_v1.joblib
1,screenshot_strong,MLLM_TEX_real_166,0,0.0006578247994184494,real::MLLM,MLLM,models/v2/clip_lora_fold1_best_v1.pt,models/v2/v2_10b_h2_balanced_logreg_fold1_v1.joblib
1,screenshot_strong,MLLM_TEX_real_17,0,0.016727259382605553,real::MLLM,MLLM,models/v2/clip_lora_fold1_best_v1.pt,models/v2/v2_10b_h2_balanced_logreg_fold1_v1.joblib
1,screenshot_strong,MLLM_TEX_real_19,0,0.032123420387506485,real::MLLM,MLLM,models/v2/clip_lora_fold1_best_v1.pt,models/v2/v2_10b_h2_balanced_logreg_fold1_v1.joblib
1,screenshot_strong,MLLM_TEX_real_2,0,0.01013664435595274,real::MLLM,MLLM,models/v2/clip_lora_fold1_best_v1.pt,models/v2/v2_10b_h2_balanced_logreg_fold1_v1.joblib
1,screenshot_strong,MLLM_TEX_real_202,0,0.002819196553900838,real::MLLM,MLLM,models/v2/clip_lora_fold1_best_v1.pt,models/v2/v2_10b_h2_balanced_logreg_fold1_v1.joblib
1,screenshot_strong,MLLM_TEX_real_24,0,0.07225693762302399,real::MLLM,MLLM,models/v2/clip_lora_fold1_best_v1.pt,models/v2/v2_10b_h2_balanced_logreg_fold1_v1.joblib
1,screenshot_strong,MLLM_TEX_real_43,0,0.02855759672820568,real::MLLM,MLLM,models/v2/clip_lora_fold1_best_v1.pt,models/v2/v2_10b_h2_balanced_logreg_fold1_v1.joblib
1,screenshot_strong,MLLM_TEX_real_59,0,0.029040193185210228,real::MLLM,MLLM,models/v2/clip_lora_fold1_best_v1.pt,models/v2/v2_10b_h2_balanced_logreg_fold1_v1.joblib
1,screenshot_strong,MLLM_TEX_real_64,0,0.030102454125881195,real::MLLM,MLLM,models/v2/clip_lora_fold1_best_v1.pt,models/v2/v2_10b_h2_balanced_logreg_fold1_v1.joblib
1,screenshot_strong,MLLM_TEX_real_70,0,0.030720552429556847,real::MLLM,MLLM,models/v2/clip_lora_fold1_best_v1.pt,models/v2/v2_10b_h2_balanced_logreg_fold1_v1.joblib
1,screenshot_strong,MLLM_TEX_real_81,0,0.13690170645713806,real::MLLM,MLLM,models/v2/clip_lora_fold1_best_v1.pt,models/v2/v2_10b_h2_balanced_logreg_fold1_v1.joblib
1,screenshot_strong,MLLM_TEX_real_82,0,0.030821288004517555,real::MLLM,MLLM,models/v2/clip_lora_fold1_best_v1.pt,models/v2/v2_10b_h2_balanced_logreg_fold1_v1.joblib
1,screenshot_strong,MLLM_TEX_real_83,0,0.022106995806097984,real::MLLM,MLLM,models/v2/clip_lora_fold1_best_v1.pt,models/v2/v2_10b_h2_balanced_logreg_fold1_v1.joblib
1,screenshot_strong,MLLM_TEX_real_88,0,0.006301831919699907,real::MLLM,MLLM,models/v2/clip_lora_fold1_best_v1.pt,models/v2/v2_10b_h2_balanced_logreg_fold1_v1.joblib
1,screenshot_strong,MLLM_TEX_real_94,0,0.03618331998586655,real::MLLM,MLLM,models/v2/clip_lora_fold1_best_v1.pt,models/v2/v2_10b_h2_balanced_logreg_fold1_v1.joblib
1,screenshot_strong,MLLM_TEX_real_97,0,0.08400353044271469,real::MLLM,MLLM,models/v2/clip_lora_fold1_best_v1.pt,models/v2/v2_10b_h2_balanced_logreg_fold1_v1.joblib
1,screenshot_strong,EXT_REAL_0003,0,0.0021591687109321356,real::COCO,COCO,models/v2/clip_lora_fold1_best_v1.pt,models/v2/v2_10b_h2_balanced_logreg_fold1_v1.joblib
1,screenshot_strong,EXT_REAL_0013,0,0.019190814346075058,real::COCO,COCO,models/v2/clip_lora_fold1_best_v1.pt,models/v2/v2_10b_h2_balanced_logreg_fold1_v1.joblib
1,screenshot_strong,EXT_REAL_0018,0,0.006525800097733736,real::COCO,COCO,models/v2/clip_lora_fold1_best_v1.pt,models/v2/v2_10b_h2_balanced_logreg_fold1_v1.joblib
1,screenshot_strong,EXT_REAL_0022,0,0.051507674157619476,real::COCO,COCO,models/v2/clip_lora_fold1_best_v1.pt,models/v2/v2_10b_h2_balanced_logreg_fold1_v1.joblib
1,screenshot_strong,EXT_REAL_0025,0,0.011019420810043812,real::COCO,COCO,models/v2/clip_lora_fold1_best_v1.pt,models/v2/v2_10b_h2_balanced_logreg_fold1_v1.joblib
1,screenshot_strong,EXT_REAL_0060,0,0.01846720464527607,real::COCO,COCO,models/v2/clip_lora_fold1_best_v1.pt,models/v2/v2_10b_h2_balanced_logreg_fold1_v1.joblib
1,screenshot_strong,EXT_REAL_0063,0,0.07924892008304596,real::COCO,COCO,models/v2/clip_lora_fold1_best_v1.pt,models/v2/v2_10b_h2_balanced_logreg_fold1_v1.joblib
1,screenshot_strong,EXT_REAL_0065,0,0.005328302271664143,real::COCO,COCO,models/v2/clip_lora_fold1_best_v1.pt,models/v2/v2_10b_h2_balanced_logreg_fold1_v1.joblib
1,screenshot_strong,EXT_REAL_0075,0,0.0038806390948593616,real::COCO,COCO,models/v2/clip_lora_fold1_best_v1.pt,models/v2/v2_10b_h2_balanced_logreg_fold1_v1.joblib
1,screenshot_strong,EXT_REAL_0079,0,0.028213467448949814,real::COCO,COCO,models/v2/clip_lora_fold1_best_v1.pt,models/v2/v2_10b_h2_balanced_logreg_fold1_v1.joblib
1,screenshot_strong,EXT_REAL_0080,0,0.006587172392755747,real::COCO,COCO,models/v2/clip_lora_fold1_best_v1.pt,models/v2/v2_10b_h2_balanced_logreg_fold1_v1.joblib
1,screenshot_strong,EXT_REAL_0083,0,0.004004821181297302,real::COCO,COCO,models/v2/clip_lora_fold1_best_v1.pt,models/v2/v2_10b_h2_balanced_logreg_fold1_v1.joblib
1,screenshot_strong,EXT_REAL_0084,0,0.011294493451714516,real::COCO,COCO,models/v2/clip_lora_fold1_best_v1.pt,models/v2/v2_10b_h2_balanced_logreg_fold1_v1.joblib
1,screenshot_strong,EXT_REAL_0086,0,0.06474176794290543,real::COCO,COCO,models/v2/clip_lora_fold1_best_v1.pt,models/v2/v2_10b_h2_balanced_logreg_fold1_v1.joblib
1,screenshot_strong,EXT_REAL_0090,0,0.006686656270176172,real::COCO,COCO,models/v2/clip_lora_fold1_best_v1.pt,models/v2/v2_10b_h2_balanced_logreg_fold1_v1.joblib
1,screenshot_strong,EXT_REAL_0094,0,0.016341470181941986,real::COCO,COCO,models/v2/clip_lora_fold1_best_v1.pt,models/v2/v2_10b_h2_balanced_logreg_fold1_v1.joblib
1,screenshot_strong,EXT_REAL_0095,0,0.021692009642720222,real::COCO,COCO,models/v2/clip_lora_fold1_best_v1.pt,models/v2/v2_10b_h2_balanced_logreg_fold1_v1.joblib
1,screenshot_strong,EXT_REAL_0106,0,0.01248177420347929,real::COCO,COCO,models/v2/clip_lora_fold1_best_v1.pt,models/v2/v2_10b_h2_balanced_logreg_fold1_v1.joblib
1,screenshot_strong,EXT_REAL_0117,0,0.046046897768974304,real::COCO,COCO,models/v2/clip_lora_fold1_best_v1.pt,models/v2/v2_10b_h2_balanced_logreg_fold1_v1.joblib
1,screenshot_strong,EXT_REAL_0122,0,0.005689023993909359,real::COCO,COCO,models/v2/clip_lora_fold1_best_v1.pt,models/v2/v2_10b_h2_balanced_logreg_fold1_v1.joblib
1,screenshot_strong,EXT_REAL_0134,0,0.003435794496908784,real::COCO,COCO,models/v2/clip_lora_fold1_best_v1.pt,models/v2/v2_10b_h2_balanced_logreg_fold1_v1.joblib
1,screenshot_strong,EXT_REAL_0146,0,0.030869239941239357,real::COCO,COCO,models/v2/clip_lora_fold1_best_v1.pt,models/v2/v2_10b_h2_balanced_logreg_fold1_v1.joblib
1,screenshot_strong,EXT_REAL_0147,0,0.06960361450910568,real::COCO,COCO,models/v2/clip_lora_fold1_best_v1.pt,models/v2/v2_10b_h2_balanced_logreg_fold1_v1.joblib
1,screenshot_strong,EXT_REAL_0149,0,0.006717753130942583,real::COCO,COCO,models/v2/clip_lora_fold1_best_v1.pt,models/v2/v2_10b_h2_balanced_logreg_fold1_v1.joblib
1,screenshot_strong,EXT_REAL_0152,0,0.0332087017595768,real::COCO,COCO,models/v2/clip_lora_fold1_best_v1.pt,models/v2/v2_10b_h2_balanced_logreg_fold1_v1.joblib
1,screenshot_strong,EXT_REAL_0155,0,0.017988761886954308,real::COCO,COCO,models/v2/clip_lora_fold1_best_v1.pt,models/v2/v2_10b_h2_balanced_logreg_fold1_v1.joblib
1,screenshot_strong,EXT_REAL_0163,0,0.0481887087225914,real::COCO,COCO,models/v2/clip_lora_fold1_best_v1.pt,models/v2/v2_10b_h2_balanced_logreg_fold1_v1.joblib
1,screenshot_strong,EXT_REAL_0164,0,0.006126880180090666,real::COCO,COCO,models/v2/clip_lora_fold1_best_v1.pt,models/v2/v2_10b_h2_balanced_logreg_fold1_v1.joblib
1,screenshot_strong,EXT_REAL_0170,0,0.008826885372400284,real::COCO,COCO,models/v2/clip_lora_fold1_best_v1.pt,models/v2/v2_10b_h2_balanced_logreg_fold1_v1.joblib
1,screenshot_strong,EXT_REAL_0174,0,0.0027686147950589657,real::COCO,COCO,models/v2/clip_lora_fold1_best_v1.pt,models/v2/v2_10b_h2_balanced_logreg_fold1_v1.joblib
1,screenshot_strong,EXT_REAL_0177,0,0.010305610485374928,real::COCO,COCO,models/v2/clip_lora_fold1_best_v1.pt,models/v2/v2_10b_h2_balanced_logreg_fold1_v1.joblib
1,screenshot_strong,EXT_REAL_0181,0,0.011688976548612118,real::COCO,COCO,models/v2/clip_lora_fold1_best_v1.pt,models/v2/v2_10b_h2_balanced_logreg_fold1_v1.joblib
1,screenshot_strong,EXT_REAL_0190,0,0.015736762434244156,real::COCO,COCO,models/v2/clip_lora_fold1_best_v1.pt,models/v2/v2_10b_h2_balanced_logreg_fold1_v1.joblib
1,screenshot_strong,EXT_REAL_0191,0,0.16098302602767944,real::COCO,COCO,models/v2/clip_lora_fold1_best_v1.pt,models/v2/v2_10b_h2_balanced_logreg_fold1_v1.joblib
1,screenshot_strong,EXT_REAL_0208,0,0.04325821250677109,real::COCO,COCO,models/v2/clip_lora_fold1_best_v1.pt,models/v2/v2_10b_h2_balanced_logreg_fold1_v1.joblib
1,screenshot_strong,EXT_REAL_0226,0,0.013586685992777348,real::COCO,COCO,models/v2/clip_lora_fold1_best_v1.pt,models/v2/v2_10b_h2_balanced_logreg_fold1_v1.joblib
1,screenshot_strong,EXT_REAL_0227,0,0.03255148231983185,real::COCO,COCO,models/v2/clip_lora_fold1_best_v1.pt,models/v2/v2_10b_h2_balanced_logreg_fold1_v1.joblib
1,screenshot_strong,EXT_REAL_0230,0,0.011261277832090855,real::COCO,COCO,models/v2/clip_lora_fold1_best_v1.pt,models/v2/v2_10b_h2_balanced_logreg_fold1_v1.joblib
1,screenshot_strong,EXT_REAL_0234,0,0.12495343387126923,real::COCO,COCO,models/v2/clip_lora_fold1_best_v1.pt,models/v2/v2_10b_h2_balanced_logreg_fold1_v1.joblib
1,screenshot_strong,EXT_REAL_0248,0,0.029380640015006065,real::COCO,COCO,models/v2/clip_lora_fold1_best_v1.pt,models/v2/v2_10b_h2_balanced_logreg_fold1_v1.joblib
1,screenshot_strong,EXT_REAL_0256,0,0.009071358479559422,real::COCO,COCO,models/v2/clip_lora_fold1_best_v1.pt,models/v2/v2_10b_h2_balanced_logreg_fold1_v1.joblib
1,screenshot_strong,EXT_REAL_0260,0,0.06452830880880356,real::COCO,COCO,models/v2/clip_lora_fold1_best_v1.pt,models/v2/v2_10b_h2_balanced_logreg_fold1_v1.joblib
1,screenshot_strong,EXT_REAL_0274,0,0.01055606547743082,real::COCO,COCO,models/v2/clip_lora_fold1_best_v1.pt,models/v2/v2_10b_h2_balanced_logreg_fold1_v1.joblib
1,screenshot_strong,EXT_REAL_0275,0,0.01248200424015522,real::COCO,COCO,models/v2/clip_lora_fold1_best_v1.pt,models/v2/v2_10b_h2_balanced_logreg_fold1_v1.joblib
1,screenshot_strong,EXT_REAL_0277,0,0.09788919240236282,real::COCO,COCO,models/v2/clip_lora_fold1_best_v1.pt,models/v2/v2_10b_h2_balanced_logreg_fold1_v1.joblib
1,screenshot_strong,EXT_REAL_0280,0,0.1157699003815651,real::COCO,COCO,models/v2/clip_lora_fold1_best_v1.pt,models/v2/v2_10b_h2_balanced_logreg_fold1_v1.joblib
1,screenshot_strong,EXT_REAL_0288,0,0.00313868117518723,real::COCO,COCO,models/v2/clip_lora_fold1_best_v1.pt,models/v2/v2_10b_h2_balanced_logreg_fold1_v1.joblib
1,screenshot_strong,EXT_REAL_0295,0,0.08958268165588379,real::COCO,COCO,models/v2/clip_lora_fold1_best_v1.pt,models/v2/v2_10b_h2_balanced_logreg_fold1_v1.joblib
1,screenshot_strong,EXT_REAL_0306,0,0.09641340374946594,real::COCO,COCO,models/v2/clip_lora_fold1_best_v1.pt,models/v2/v2_10b_h2_balanced_logreg_fold1_v1.joblib
1,screenshot_strong,EXT_REAL_0317,0,0.08110956102609634,real::COCO,COCO,models/v2/clip_lora_fold1_best_v1.pt,models/v2/v2_10b_h2_balanced_logreg_fold1_v1.joblib
1,screenshot_strong,EXT_REAL_0318,0,0.04496375843882561,real::COCO,COCO,models/v2/clip_lora_fold1_best_v1.pt,models/v2/v2_10b_h2_balanced_logreg_fold1_v1.joblib
1,screenshot_strong,EXT_REAL_0328,0,0.010679727420210838,real::COCO,COCO,models/v2/clip_lora_fold1_best_v1.pt,models/v2/v2_10b_h2_balanced_logreg_fold1_v1.joblib
1,screenshot_strong,EXT_REAL_0334,0,0.029831325635313988,real::COCO,COCO,models/v2/clip_lora_fold1_best_v1.pt,models/v2/v2_10b_h2_balanced_logreg_fold1_v1.joblib
1,screenshot_strong,EXT_REAL_0337,0,0.015491250902414322,real::COCO,COCO,models/v2/clip_lora_fold1_best_v1.pt,models/v2/v2_10b_h2_balanced_logreg_fold1_v1.joblib
1,screenshot_strong,EXT_REAL_0340,0,0.012630805373191833,real::COCO,COCO,models/v2/clip_lora_fold1_best_v1.pt,models/v2/v2_10b_h2_balanced_logreg_fold1_v1.joblib
1,screenshot_strong,EXT_REAL_0346,0,0.1553523987531662,real::COCO,COCO,models/v2/clip_lora_fold1_best_v1.pt,models/v2/v2_10b_h2_balanced_logreg_fold1_v1.joblib
1,screenshot_strong,EXT_REAL_0372,0,0.03257586434483528,real::COCO,COCO,models/v2/clip_lora_fold1_best_v1.pt,models/v2/v2_10b_h2_balanced_logreg_fold1_v1.joblib
1,screenshot_strong,EXT_REAL_0384,0,0.03943357989192009,real::COCO,COCO,models/v2/clip_lora_fold1_best_v1.pt,models/v2/v2_10b_h2_balanced_logreg_fold1_v1.joblib
1,screenshot_strong,EXT_REAL_0386,0,0.0081019951030612,real::COCO,COCO,models/v2/clip_lora_fold1_best_v1.pt,models/v2/v2_10b_h2_balanced_logreg_fold1_v1.joblib
1,screenshot_strong,EXT_REAL_0391,0,0.00920608639717102,real::COCO,COCO,models/v2/clip_lora_fold1_best_v1.pt,models/v2/v2_10b_h2_balanced_logreg_fold1_v1.joblib
1,screenshot_strong,QWEN_0042_gpt_image_2,1,0.05468190088868141,qwen::gpt-image-2,,models/v2/clip_lora_fold1_best_v1.pt,models/v2/v2_10b_h2_balanced_logreg_fold1_v1.joblib
1,screenshot_strong,QWEN_0042_FLUX2_max,1,0.05435866117477417,qwen::FLUX.2_max,,models/v2/clip_lora_fold1_best_v1.pt,models/v2/v2_10b_h2_balanced_logreg_fold1_v1.joblib
1,screenshot_strong,QWEN_0042_kling_v2_1,1,0.04386230930685997,qwen::kling_v2_1,,models/v2/clip_lora_fold1_best_v1.pt,models/v2/v2_10b_h2_balanced_logreg_fold1_v1.joblib
1,screenshot_strong,QWEN_0042_Qwen_Image_2512,1,0.15633994340896606,qwen::Qwen-Image-2512,,models/v2/clip_lora_fold1_best_v1.pt,models/v2/v2_10b_h2_balanced_logreg_fold1_v1.joblib
1,screenshot_strong,QWEN_0042_GPT_Image_1,1,0.04396052658557892,qwen::GPT-Image-1,,models/v2/clip_lora_fold1_best_v1.pt,models/v2/v2_10b_h2_balanced_logreg_fold1_v1.joblib
1,screenshot_strong,QWEN_0042_GPT_Image_15,1,0.03159761056303978,qwen::GPT-Image-1.5,,models/v2/clip_lora_fold1_best_v1.pt,models/v2/v2_10b_h2_balanced_logreg_fold1_v1.joblib
1,screenshot_strong,QWEN_0060_gpt_image_2,1,0.07406303286552429,qwen::gpt-image-2,,models/v2/clip_lora_fold1_best_v1.pt,models/v2/v2_10b_h2_balanced_logreg_fold1_v1.joblib
1,screenshot_strong,QWEN_0060_FLUX2_max,1,0.11852248013019562,qwen::FLUX.2_max,,models/v2/clip_lora_fold1_best_v1.pt,models/v2/v2_10b_h2_balanced_logreg_fold1_v1.joblib
1,screenshot_strong,QWEN_0060_kling_v2_1,1,0.10434344410896301,qwen::kling_v2_1,,models/v2/clip_lora_fold1_best_v1.pt,models/v2/v2_10b_h2_balanced_logreg_fold1_v1.joblib
1,screenshot_strong,QWEN_0060_Qwen_Image_2512,1,0.1812411993741989,qwen::Qwen-Image-2512,,models/v2/clip_lora_fold1_best_v1.pt,models/v2/v2_10b_h2_balanced_logreg_fold1_v1.joblib
1,screenshot_strong,QWEN_0060_GPT_Image_1,1,0.3996642827987671,qwen::GPT-Image-1,,models/v2/clip_lora_fold1_best_v1.pt,models/v2/v2_10b_h2_balanced_logreg_fold1_v1.joblib
1,screenshot_strong,QWEN_0060_GPT_Image_15,1,0.2039036750793457,qwen::GPT-Image-1.5,,models/v2/clip_lora_fold1_best_v1.pt,models/v2/v2_10b_h2_balanced_logreg_fold1_v1.joblib
1,screenshot_strong,QWEN_0065_gpt_image_2,1,0.20197927951812744,qwen::gpt-image-2,,models/v2/clip_lora_fold1_best_v1.pt,models/v2/v2_10b_h2_balanced_logreg_fold1_v1.joblib
1,screenshot_strong,QWEN_0065_FLUX2_max,1,0.18369393050670624,qwen::FLUX.2_max,,models/v2/clip_lora_fold1_best_v1.pt,models/v2/v2_10b_h2_balanced_logreg_fold1_v1.joblib
1,screenshot_strong,QWEN_0065_kling_v2_1,1,0.1060958206653595,qwen::kling_v2_1,,models/v2/clip_lora_fold1_best_v1.pt,models/v2/v2_10b_h2_balanced_logreg_fold1_v1.joblib
1,screenshot_strong,QWEN_0065_Qwen_Image_2512,1,0.2123076468706131,qwen::Qwen-Image-2512,,models/v2/clip_lora_fold1_best_v1.pt,models/v2/v2_10b_h2_balanced_logreg_fold1_v1.joblib
1,screenshot_strong,QWEN_0065_GPT_Image_1,1,0.12378083169460297,qwen::GPT-Image-1,,models/v2/clip_lora_fold1_best_v1.pt,models/v2/v2_10b_h2_balanced_logreg_fold1_v1.joblib
1,screenshot_strong,QWEN_0065_GPT_Image_15,1,0.17669150233268738,qwen::GPT-Image-1.5,,models/v2/clip_lora_fold1_best_v1.pt,models/v2/v2_10b_h2_balanced_logreg_fold1_v1.joblib
1,screenshot_strong,QWEN_0074_gpt_image_2,1,0.1011371910572052,qwen::gpt-image-2,,models/v2/clip_lora_fold1_best_v1.pt,models/v2/v2_10b_h2_balanced_logreg_fold1_v1.joblib
1,screenshot_strong,QWEN_0074_FLUX2_max,1,0.06709512323141098,qwen::FLUX.2_max,,models/v2/clip_lora_fold1_best_v1.pt,models/v2/v2_10b_h2_balanced_logreg_fold1_v1.joblib
1,screenshot_strong,QWEN_0074_kling_v2_1,1,0.28144705295562744,qwen::kling_v2_1,,models/v2/clip_lora_fold1_best_v1.pt,models/v2/v2_10b_h2_balanced_logreg_fold1_v1.joblib
1,screenshot_strong,QWEN_0074_Qwen_Image_2512,1,0.11200070381164551,qwen::Qwen-Image-2512,,models/v2/clip_lora_fold1_best_v1.pt,models/v2/v2_10b_h2_balanced_logreg_fold1_v1.joblib
1,screenshot_strong,QWEN_0074_GPT_Image_1,1,0.25123274326324463,qwen::GPT-Image-1,,models/v2/clip_lora_fold1_best_v1.pt,models/v2/v2_10b_h2_balanced_logreg_fold1_v1.joblib
1,screenshot_strong,QWEN_0074_GPT_Image_15,1,0.07100056111812592,qwen::GPT-Image-1.5,,models/v2/clip_lora_fold1_best_v1.pt,models/v2/v2_10b_h2_balanced_logreg_fold1_v1.joblib
1,screenshot_strong,QWEN_0078_gpt_image_2,1,0.08057521283626556,qwen::gpt-image-2,,models/v2/clip_lora_fold1_best_v1.pt,models/v2/v2_10b_h2_balanced_logreg_fold1_v1.joblib
1,screenshot_strong,QWEN_0078_FLUX2_max,1,0.09552455693483353,qwen::FLUX.2_max,,models/v2/clip_lora_fold1_best_v1.pt,models/v2/v2_10b_h2_balanced_logreg_fold1_v1.joblib
1,screenshot_strong,QWEN_0078_kling_v2_1,1,0.04315808042883873,qwen::kling_v2_1,,models/v2/clip_lora_fold1_best_v1.pt,models/v2/v2_10b_h2_balanced_logreg_fold1_v1.joblib
1,screenshot_strong,QWEN_0078_Qwen_Image_2512,1,0.07129333168268204,qwen::Qwen-Image-2512,,models/v2/clip_lora_fold1_best_v1.pt,models/v2/v2_10b_h2_balanced_logreg_fold1_v1.joblib
1,screenshot_strong,QWEN_0078_GPT_Image_1,1,0.23449409008026123,qwen::GPT-Image-1,,models/v2/clip_lora_fold1_best_v1.pt,models/v2/v2_10b_h2_balanced_logreg_fold1_v1.joblib
1,screenshot_strong,QWEN_0078_GPT_Image_15,1,0.10206858813762665,qwen::GPT-Image-1.5,,models/v2/clip_lora_fold1_best_v1.pt,models/v2/v2_10b_h2_balanced_logreg_fold1_v1.joblib
1,screenshot_strong,QWEN_0081_gpt_image_2,1,0.07418861985206604,qwen::gpt-image-2,,models/v2/clip_lora_fold1_best_v1.pt,models/v2/v2_10b_h2_balanced_logreg_fold1_v1.joblib
1,screenshot_strong,QWEN_0081_FLUX2_max,1,0.16110622882843018,qwen::FLUX.2_max,,models/v2/clip_lora_fold1_best_v1.pt,models/v2/v2_10b_h2_balanced_logreg_fold1_v1.joblib
1,screenshot_strong,QWEN_0081_kling_v2_1,1,0.3523765206336975,qwen::kling_v2_1,,models/v2/clip_lora_fold1_best_v1.pt,models/v2/v2_10b_h2_balanced_logreg_fold1_v1.joblib
1,screenshot_strong,QWEN_0081_Qwen_Image_2512,1,0.09566536545753479,qwen::Qwen-Image-2512,,models/v2/clip_lora_fold1_best_v1.pt,models/v2/v2_10b_h2_balanced_logreg_fold1_v1.joblib
1,screenshot_strong,QWEN_0081_GPT_Image_1,1,0.11776555329561234,qwen::GPT-Image-1,,models/v2/clip_lora_fold1_best_v1.pt,models/v2/v2_10b_h2_balanced_logreg_fold1_v1.joblib
1,screenshot_strong,QWEN_0081_GPT_Image_15,1,0.13734406232833862,qwen::GPT-Image-1.5,,models/v2/clip_lora_fold1_best_v1.pt,models/v2/v2_10b_h2_balanced_logreg_fold1_v1.joblib
1,screenshot_strong,QWEN_0086_gpt_image_2,1,0.035118427127599716,qwen::gpt-image-2,,models/v2/clip_lora_fold1_best_v1.pt,models/v2/v2_10b_h2_balanced_logreg_fold1_v1.joblib
1,screenshot_strong,QWEN_0086_FLUX2_max,1,0.07868550717830658,qwen::FLUX.2_max,,models/v2/clip_lora_fold1_best_v1.pt,models/v2/v2_10b_h2_balanced_logreg_fold1_v1.joblib
1,screenshot_strong,QWEN_0086_kling_v2_1,1,0.1808408498764038,qwen::kling_v2_1,,models/v2/clip_lora_fold1_best_v1.pt,models/v2/v2_10b_h2_balanced_logreg_fold1_v1.joblib
1,screenshot_strong,QWEN_0086_Qwen_Image_2512,1,0.11010369658470154,qwen::Qwen-Image-2512,,models/v2/clip_lora_fold1_best_v1.pt,models/v2/v2_10b_h2_balanced_logreg_fold1_v1.joblib
1,screenshot_strong,QWEN_0086_GPT_Image_1,1,0.44646549224853516,qwen::GPT-Image-1,,models/v2/clip_lora_fold1_best_v1.pt,models/v2/v2_10b_h2_balanced_logreg_fold1_v1.joblib
1,screenshot_strong,QWEN_0086_GPT_Image_15,1,0.235174298286438,qwen::GPT-Image-1.5,,models/v2/clip_lora_fold1_best_v1.pt,models/v2/v2_10b_h2_balanced_logreg_fold1_v1.joblib
1,screenshot_strong,QWEN_0096_gpt_image_2,1,0.21505774557590485,qwen::gpt-image-2,,models/v2/clip_lora_fold1_best_v1.pt,models/v2/v2_10b_h2_balanced_logreg_fold1_v1.joblib
1,screenshot_strong,QWEN_0096_FLUX2_max,1,0.18645961582660675,qwen::FLUX.2_max,,models/v2/clip_lora_fold1_best_v1.pt,models/v2/v2_10b_h2_balanced_logreg_fold1_v1.joblib
1,screenshot_strong,QWEN_0096_kling_v2_1,1,0.229665607213974,qwen::kling_v2_1,,models/v2/clip_lora_fold1_best_v1.pt,models/v2/v2_10b_h2_balanced_logreg_fold1_v1.joblib
1,screenshot_strong,QWEN_0096_Qwen_Image_2512,1,0.35322245955467224,qwen::Qwen-Image-2512,,models/v2/clip_lora_fold1_best_v1.pt,models/v2/v2_10b_h2_balanced_logreg_fold1_v1.joblib
1,screenshot_strong,QWEN_0096_GPT_Image_1,1,0.21673278510570526,qwen::GPT-Image-1,,models/v2/clip_lora_fold1_best_v1.pt,models/v2/v2_10b_h2_balanced_logreg_fold1_v1.joblib
1,screenshot_strong,QWEN_0096_GPT_Image_15,1,0.15942688286304474,qwen::GPT-Image-1.5,,models/v2/clip_lora_fold1_best_v1.pt,models/v2/v2_10b_h2_balanced_logreg_fold1_v1.joblib
1,screenshot_strong,QWEN_0118_gpt_image_2,1,0.505805253982544,qwen::gpt-image-2,,models/v2/clip_lora_fold1_best_v1.pt,models/v2/v2_10b_h2_balanced_logreg_fold1_v1.joblib
1,screenshot_strong,QWEN_0118_FLUX2_max,1,0.4569358229637146,qwen::FLUX.2_max,,models/v2/clip_lora_fold1_best_v1.pt,models/v2/v2_10b_h2_balanced_logreg_fold1_v1.joblib
1,screenshot_strong,QWEN_0118_kling_v2_1,1,0.23099170625209808,qwen::kling_v2_1,,models/v2/clip_lora_fold1_best_v1.pt,models/v2/v2_10b_h2_balanced_logreg_fold1_v1.joblib
1,screenshot_strong,QWEN_0118_Qwen_Image_2512,1,0.366292804479599,qwen::Qwen-Image-2512,,models/v2/clip_lora_fold1_best_v1.pt,models/v2/v2_10b_h2_balanced_logreg_fold1_v1.joblib
1,screenshot_strong,QWEN_0118_GPT_Image_1,1,0.19130387902259827,qwen::GPT-Image-1,,models/v2/clip_lora_fold1_best_v1.pt,models/v2/v2_10b_h2_balanced_logreg_fold1_v1.joblib
1,screenshot_strong,QWEN_0118_GPT_Image_15,1,0.21596650779247284,qwen::GPT-Image-1.5,,models/v2/clip_lora_fold1_best_v1.pt,models/v2/v2_10b_h2_balanced_logreg_fold1_v1.joblib
1,screenshot_strong,QWEN_0127_gpt_image_2,1,0.16381818056106567,qwen::gpt-image-2,,models/v2/clip_lora_fold1_best_v1.pt,models/v2/v2_10b_h2_balanced_logreg_fold1_v1.joblib
1,screenshot_strong,QWEN_0127_FLUX2_max,1,0.12055527418851852,qwen::FLUX.2_max,,models/v2/clip_lora_fold1_best_v1.pt,models/v2/v2_10b_h2_balanced_logreg_fold1_v1.joblib
1,screenshot_strong,QWEN_0127_kling_v2_1,1,0.16803541779518127,qwen::kling_v2_1,,models/v2/clip_lora_fold1_best_v1.pt,models/v2/v2_10b_h2_balanced_logreg_fold1_v1.joblib
1,screenshot_strong,QWEN_0127_Qwen_Image_2512,1,0.17827622592449188,qwen::Qwen-Image-2512,,models/v2/clip_lora_fold1_best_v1.pt,models/v2/v2_10b_h2_balanced_logreg_fold1_v1.joblib
1,screenshot_strong,QWEN_0127_GPT_Image_1,1,0.16404752433300018,qwen::GPT-Image-1,,models/v2/clip_lora_fold1_best_v1.pt,models/v2/v2_10b_h2_balanced_logreg_fold1_v1.joblib
1,screenshot_strong,QWEN_0127_GPT_Image_15,1,0.12510007619857788,qwen::GPT-Image-1.5,,models/v2/clip_lora_fold1_best_v1.pt,models/v2/v2_10b_h2_balanced_logreg_fold1_v1.joblib
1,screenshot_strong,QWEN_0140_gpt_image_2,1,0.12845849990844727,qwen::gpt-image-2,,models/v2/clip_lora_fold1_best_v1.pt,models/v2/v2_10b_h2_balanced_logreg_fold1_v1.joblib
1,screenshot_strong,QWEN_0140_FLUX2_max,1,0.3136786222457886,qwen::FLUX.2_max,,models/v2/clip_lora_fold1_best_v1.pt,models/v2/v2_10b_h2_balanced_logreg_fold1_v1.joblib
1,screenshot_strong,QWEN_0140_kling_v2_1,1,0.08665187656879425,qwen::kling_v2_1,,models/v2/clip_lora_fold1_best_v1.pt,models/v2/v2_10b_h2_balanced_logreg_fold1_v1.joblib
1,screenshot_strong,QWEN_0140_Qwen_Image_2512,1,0.44104987382888794,qwen::Qwen-Image-2512,,models/v2/clip_lora_fold1_best_v1.pt,models/v2/v2_10b_h2_balanced_logreg_fold1_v1.joblib
1,screenshot_strong,QWEN_0140_GPT_Image_1,1,0.09307514876127243,qwen::GPT-Image-1,,models/v2/clip_lora_fold1_best_v1.pt,models/v2/v2_10b_h2_balanced_logreg_fold1_v1.joblib
1,screenshot_strong,QWEN_0140_GPT_Image_15,1,0.4481748044490814,qwen::GPT-Image-1.5,,models/v2/clip_lora_fold1_best_v1.pt,models/v2/v2_10b_h2_balanced_logreg_fold1_v1.joblib
1,screenshot_strong,QWEN_0148_gpt_image_2,1,0.14205829799175262,qwen::gpt-image-2,,models/v2/clip_lora_fold1_best_v1.pt,models/v2/v2_10b_h2_balanced_logreg_fold1_v1.joblib
1,screenshot_strong,QWEN_0148_FLUX2_max,1,0.14539435505867004,qwen::FLUX.2_max,,models/v2/clip_lora_fold1_best_v1.pt,models/v2/v2_10b_h2_balanced_logreg_fold1_v1.joblib
1,screenshot_strong,QWEN_0148_kling_v2_1,1,0.4777696132659912,qwen::kling_v2_1,,models/v2/clip_lora_fold1_best_v1.pt,models/v2/v2_10b_h2_balanced_logreg_fold1_v1.joblib
1,screenshot_strong,QWEN_0148_Qwen_Image_2512,1,0.15086951851844788,qwen::Qwen-Image-2512,,models/v2/clip_lora_fold1_best_v1.pt,models/v2/v2_10b_h2_balanced_logreg_fold1_v1.joblib
1,screenshot_strong,QWEN_0148_GPT_Image_1,1,0.22826996445655823,qwen::GPT-Image-1,,models/v2/clip_lora_fold1_best_v1.pt,models/v2/v2_10b_h2_balanced_logreg_fold1_v1.joblib
1,screenshot_strong,QWEN_0148_GPT_Image_15,1,0.09221551567316055,qwen::GPT-Image-1.5,,models/v2/clip_lora_fold1_best_v1.pt,models/v2/v2_10b_h2_balanced_logreg_fold1_v1.joblib
1,screenshot_strong,QWEN_0156_gpt_image_2,1,0.031729113310575485,qwen::gpt-image-2,,models/v2/clip_lora_fold1_best_v1.pt,models/v2/v2_10b_h2_balanced_logreg_fold1_v1.joblib
1,screenshot_strong,QWEN_0156_FLUX2_max,1,0.011953509412705898,qwen::FLUX.2_max,,models/v2/clip_lora_fold1_best_v1.pt,models/v2/v2_10b_h2_balanced_logreg_fold1_v1.joblib
1,screenshot_strong,QWEN_0156_kling_v2_1,1,0.14493346214294434,qwen::kling_v2_1,,models/v2/clip_lora_fold1_best_v1.pt,models/v2/v2_10b_h2_balanced_logreg_fold1_v1.joblib
1,screenshot_strong,QWEN_0156_Qwen_Image_2512,1,0.09500870108604431,qwen::Qwen-Image-2512,,models/v2/clip_lora_fold1_best_v1.pt,models/v2/v2_10b_h2_balanced_logreg_fold1_v1.joblib
1,screenshot_strong,QWEN_0156_GPT_Image_1,1,0.15805454552173615,qwen::GPT-Image-1,,models/v2/clip_lora_fold1_best_v1.pt,models/v2/v2_10b_h2_balanced_logreg_fold1_v1.joblib
1,screenshot_strong,QWEN_0156_GPT_Image_15,1,0.12197444587945938,qwen::GPT-Image-1.5,,models/v2/clip_lora_fold1_best_v1.pt,models/v2/v2_10b_h2_balanced_logreg_fold1_v1.joblib
1,screenshot_strong,QWEN_0158_gpt_image_2,1,0.06267882138490677,qwen::gpt-image-2,,models/v2/clip_lora_fold1_best_v1.pt,models/v2/v2_10b_h2_balanced_logreg_fold1_v1.joblib
1,screenshot_strong,QWEN_0158_FLUX2_max,1,0.061768144369125366,qwen::FLUX.2_max,,models/v2/clip_lora_fold1_best_v1.pt,models/v2/v2_10b_h2_balanced_logreg_fold1_v1.joblib
1,screenshot_strong,QWEN_0158_kling_v2_1,1,0.30777376890182495,qwen::kling_v2_1,,models/v2/clip_lora_fold1_best_v1.pt,models/v2/v2_10b_h2_balanced_logreg_fold1_v1.joblib
1,screenshot_strong,QWEN_0158_Qwen_Image_2512,1,0.07531667500734329,qwen::Qwen-Image-2512,,models/v2/clip_lora_fold1_best_v1.pt,models/v2/v2_10b_h2_balanced_logreg_fold1_v1.joblib
1,screenshot_strong,QWEN_0158_GPT_Image_1,1,0.18761537969112396,qwen::GPT-Image-1,,models/v2/clip_lora_fold1_best_v1.pt,models/v2/v2_10b_h2_balanced_logreg_fold1_v1.joblib
1,screenshot_strong,QWEN_0158_GPT_Image_15,1,0.04877854511141777,qwen::GPT-Image-1.5,,models/v2/clip_lora_fold1_best_v1.pt,models/v2/v2_10b_h2_balanced_logreg_fold1_v1.joblib
1,screenshot_strong,QWEN_0169_gpt_image_2,1,0.3099864423274994,qwen::gpt-image-2,,models/v2/clip_lora_fold1_best_v1.pt,models/v2/v2_10b_h2_balanced_logreg_fold1_v1.joblib
1,screenshot_strong,QWEN_0169_FLUX2_max,1,0.11148793250322342,qwen::FLUX.2_max,,models/v2/clip_lora_fold1_best_v1.pt,models/v2/v2_10b_h2_balanced_logreg_fold1_v1.joblib
1,screenshot_strong,QWEN_0169_kling_v2_1,1,0.1415788233280182,qwen::kling_v2_1,,models/v2/clip_lora_fold1_best_v1.pt,models/v2/v2_10b_h2_balanced_logreg_fold1_v1.joblib
1,screenshot_strong,QWEN_0169_Qwen_Image_2512,1,0.13621030747890472,qwen::Qwen-Image-2512,,models/v2/clip_lora_fold1_best_v1.pt,models/v2/v2_10b_h2_balanced_logreg_fold1_v1.joblib
1,screenshot_strong,QWEN_0169_GPT_Image_1,1,0.19477027654647827,qwen::GPT-Image-1,,models/v2/clip_lora_fold1_best_v1.pt,models/v2/v2_10b_h2_balanced_logreg_fold1_v1.joblib
1,screenshot_strong,QWEN_0169_GPT_Image_15,1,0.3823522627353668,qwen::GPT-Image-1.5,,models/v2/clip_lora_fold1_best_v1.pt,models/v2/v2_10b_h2_balanced_logreg_fold1_v1.joblib
1,screenshot_strong,QWEN_0184_gpt_image_2,1,0.015493316575884819,qwen::gpt-image-2,,models/v2/clip_lora_fold1_best_v1.pt,models/v2/v2_10b_h2_balanced_logreg_fold1_v1.joblib
1,screenshot_strong,QWEN_0184_FLUX2_max,1,0.18695037066936493,qwen::FLUX.2_max,,models/v2/clip_lora_fold1_best_v1.pt,models/v2/v2_10b_h2_balanced_logreg_fold1_v1.joblib
1,screenshot_strong,QWEN_0184_kling_v2_1,1,0.05117977410554886,qwen::kling_v2_1,,models/v2/clip_lora_fold1_best_v1.pt,models/v2/v2_10b_h2_balanced_logreg_fold1_v1.joblib
1,screenshot_strong,QWEN_0184_Qwen_Image_2512,1,0.0914100781083107,qwen::Qwen-Image-2512,,models/v2/clip_lora_fold1_best_v1.pt,models/v2/v2_10b_h2_balanced_logreg_fold1_v1.joblib
1,screenshot_strong,QWEN_0184_GPT_Image_1,1,0.24495890736579895,qwen::GPT-Image-1,,models/v2/clip_lora_fold1_best_v1.pt,models/v2/v2_10b_h2_balanced_logreg_fold1_v1.joblib
1,screenshot_strong,QWEN_0184_GPT_Image_15,1,0.09587914496660233,qwen::GPT-Image-1.5,,models/v2/clip_lora_fold1_best_v1.pt,models/v2/v2_10b_h2_balanced_logreg_fold1_v1.joblib
1,screenshot_strong,QWEN_0185_gpt_image_2,1,0.06041457876563072,qwen::gpt-image-2,,models/v2/clip_lora_fold1_best_v1.pt,models/v2/v2_10b_h2_balanced_logreg_fold1_v1.joblib
1,screenshot_strong,QWEN_0185_FLUX2_max,1,0.2737562954425812,qwen::FLUX.2_max,,models/v2/clip_lora_fold1_best_v1.pt,models/v2/v2_10b_h2_balanced_logreg_fold1_v1.joblib
1,screenshot_strong,QWEN_0185_kling_v2_1,1,0.0733703002333641,qwen::kling_v2_1,,models/v2/clip_lora_fold1_best_v1.pt,models/v2/v2_10b_h2_balanced_logreg_fold1_v1.joblib
1,screenshot_strong,QWEN_0185_Qwen_Image_2512,1,0.09675780683755875,qwen::Qwen-Image-2512,,models/v2/clip_lora_fold1_best_v1.pt,models/v2/v2_10b_h2_balanced_logreg_fold1_v1.joblib
1,screenshot_strong,QWEN_0185_GPT_Image_1,1,0.14682085812091827,qwen::GPT-Image-1,,models/v2/clip_lora_fold1_best_v1.pt,models/v2/v2_10b_h2_balanced_logreg_fold1_v1.joblib
1,screenshot_strong,QWEN_0185_GPT_Image_15,1,0.10755366086959839,qwen::GPT-Image-1.5,,models/v2/clip_lora_fold1_best_v1.pt,models/v2/v2_10b_h2_balanced_logreg_fold1_v1.joblib
1,screenshot_strong,QWEN_0186_gpt_image_2,1,0.04015194997191429,qwen::gpt-image-2,,models/v2/clip_lora_fold1_best_v1.pt,models/v2/v2_10b_h2_balanced_logreg_fold1_v1.joblib
1,screenshot_strong,QWEN_0186_FLUX2_max,1,0.1340789645910263,qwen::FLUX.2_max,,models/v2/clip_lora_fold1_best_v1.pt,models/v2/v2_10b_h2_balanced_logreg_fold1_v1.joblib
1,screenshot_strong,QWEN_0186_kling_v2_1,1,0.12358107417821884,qwen::kling_v2_1,,models/v2/clip_lora_fold1_best_v1.pt,models/v2/v2_10b_h2_balanced_logreg_fold1_v1.joblib
1,screenshot_strong,QWEN_0186_Qwen_Image_2512,1,0.07062485814094543,qwen::Qwen-Image-2512,,models/v2/clip_lora_fold1_best_v1.pt,models/v2/v2_10b_h2_balanced_logreg_fold1_v1.joblib
1,screenshot_strong,QWEN_0186_GPT_Image_1,1,0.05424385890364647,qwen::GPT-Image-1,,models/v2/clip_lora_fold1_best_v1.pt,models/v2/v2_10b_h2_balanced_logreg_fold1_v1.joblib
1,screenshot_strong,QWEN_0186_GPT_Image_15,1,0.0519733764231205,qwen::GPT-Image-1.5,,models/v2/clip_lora_fold1_best_v1.pt,models/v2/v2_10b_h2_balanced_logreg_fold1_v1.joblib
1,screenshot_strong,QWEN_0212_gpt_image_2,1,0.09382251650094986,qwen::gpt-image-2,,models/v2/clip_lora_fold1_best_v1.pt,models/v2/v2_10b_h2_balanced_logreg_fold1_v1.joblib
1,screenshot_strong,QWEN_0212_FLUX2_max,1,0.10390327125787735,qwen::FLUX.2_max,,models/v2/clip_lora_fold1_best_v1.pt,models/v2/v2_10b_h2_balanced_logreg_fold1_v1.joblib
1,screenshot_strong,QWEN_0212_kling_v2_1,1,0.11776018142700195,qwen::kling_v2_1,,models/v2/clip_lora_fold1_best_v1.pt,models/v2/v2_10b_h2_balanced_logreg_fold1_v1.joblib
1,screenshot_strong,QWEN_0212_Qwen_Image_2512,1,0.16841475665569305,qwen::Qwen-Image-2512,,models/v2/clip_lora_fold1_best_v1.pt,models/v2/v2_10b_h2_balanced_logreg_fold1_v1.joblib
1,screenshot_strong,QWEN_0212_GPT_Image_1,1,0.20180834829807281,qwen::GPT-Image-1,,models/v2/clip_lora_fold1_best_v1.pt,models/v2/v2_10b_h2_balanced_logreg_fold1_v1.joblib
1,screenshot_strong,QWEN_0212_GPT_Image_15,1,0.32611849904060364,qwen::GPT-Image-1.5,,models/v2/clip_lora_fold1_best_v1.pt,models/v2/v2_10b_h2_balanced_logreg_fold1_v1.joblib
1,screenshot_strong,QWEN_0222_gpt_image_2,1,0.06582310050725937,qwen::gpt-image-2,,models/v2/clip_lora_fold1_best_v1.pt,models/v2/v2_10b_h2_balanced_logreg_fold1_v1.joblib
1,screenshot_strong,QWEN_0222_FLUX2_max,1,0.12912651896476746,qwen::FLUX.2_max,,models/v2/clip_lora_fold1_best_v1.pt,models/v2/v2_10b_h2_balanced_logreg_fold1_v1.joblib
1,screenshot_strong,QWEN_0222_kling_v2_1,1,0.20601654052734375,qwen::kling_v2_1,,models/v2/clip_lora_fold1_best_v1.pt,models/v2/v2_10b_h2_balanced_logreg_fold1_v1.joblib
1,screenshot_strong,QWEN_0222_Qwen_Image_2512,1,0.12979958951473236,qwen::Qwen-Image-2512,,models/v2/clip_lora_fold1_best_v1.pt,models/v2/v2_10b_h2_balanced_logreg_fold1_v1.joblib
1,screenshot_strong,QWEN_0222_GPT_Image_1,1,0.07982973754405975,qwen::GPT-Image-1,,models/v2/clip_lora_fold1_best_v1.pt,models/v2/v2_10b_h2_balanced_logreg_fold1_v1.joblib
1,screenshot_strong,QWEN_0222_GPT_Image_15,1,0.1893150806427002,qwen::GPT-Image-1.5,,models/v2/clip_lora_fold1_best_v1.pt,models/v2/v2_10b_h2_balanced_logreg_fold1_v1.joblib
1,screenshot_strong,QWEN_0239_gpt_image_2,1,0.09988623857498169,qwen::gpt-image-2,,models/v2/clip_lora_fold1_best_v1.pt,models/v2/v2_10b_h2_balanced_logreg_fold1_v1.joblib
1,screenshot_strong,QWEN_0239_FLUX2_max,1,0.2811719477176666,qwen::FLUX.2_max,,models/v2/clip_lora_fold1_best_v1.pt,models/v2/v2_10b_h2_balanced_logreg_fold1_v1.joblib
1,screenshot_strong,QWEN_0239_kling_v2_1,1,0.21088404953479767,qwen::kling_v2_1,,models/v2/clip_lora_fold1_best_v1.pt,models/v2/v2_10b_h2_balanced_logreg_fold1_v1.joblib
1,screenshot_strong,QWEN_0239_Qwen_Image_2512,1,0.3721417188644409,qwen::Qwen-Image-2512,,models/v2/clip_lora_fold1_best_v1.pt,models/v2/v2_10b_h2_balanced_logreg_fold1_v1.joblib
1,screenshot_strong,QWEN_0239_GPT_Image_1,1,0.25098854303359985,qwen::GPT-Image-1,,models/v2/clip_lora_fold1_best_v1.pt,models/v2/v2_10b_h2_balanced_logreg_fold1_v1.joblib
1,screenshot_strong,QWEN_0239_GPT_Image_15,1,0.0442340262234211,qwen::GPT-Image-1.5,,models/v2/clip_lora_fold1_best_v1.pt,models/v2/v2_10b_h2_balanced_logreg_fold1_v1.joblib
1,screenshot_strong,QWEN_0260_gpt_image_2,1,0.203811913728714,qwen::gpt-image-2,,models/v2/clip_lora_fold1_best_v1.pt,models/v2/v2_10b_h2_balanced_logreg_fold1_v1.joblib
1,screenshot_strong,QWEN_0260_FLUX2_max,1,0.16015879809856415,qwen::FLUX.2_max,,models/v2/clip_lora_fold1_best_v1.pt,models/v2/v2_10b_h2_balanced_logreg_fold1_v1.joblib
1,screenshot_strong,QWEN_0260_kling_v2_1,1,0.34283795952796936,qwen::kling_v2_1,,models/v2/clip_lora_fold1_best_v1.pt,models/v2/v2_10b_h2_balanced_logreg_fold1_v1.joblib
1,screenshot_strong,QWEN_0260_Qwen_Image_2512,1,0.36586645245552063,qwen::Qwen-Image-2512,,models/v2/clip_lora_fold1_best_v1.pt,models/v2/v2_10b_h2_balanced_logreg_fold1_v1.joblib
1,screenshot_strong,QWEN_0260_GPT_Image_1,1,0.12416552752256393,qwen::GPT-Image-1,,models/v2/clip_lora_fold1_best_v1.pt,models/v2/v2_10b_h2_balanced_logreg_fold1_v1.joblib
1,screenshot_strong,QWEN_0260_GPT_Image_15,1,0.16054879128932953,qwen::GPT-Image-1.5,,models/v2/clip_lora_fold1_best_v1.pt,models/v2/v2_10b_h2_balanced_logreg_fold1_v1.joblib
1,screenshot_strong,QWEN_0288_gpt_image_2,1,0.06410054862499237,qwen::gpt-image-2,,models/v2/clip_lora_fold1_best_v1.pt,models/v2/v2_10b_h2_balanced_logreg_fold1_v1.joblib
1,screenshot_strong,QWEN_0288_FLUX2_max,1,0.09712819010019302,qwen::FLUX.2_max,,models/v2/clip_lora_fold1_best_v1.pt,models/v2/v2_10b_h2_balanced_logreg_fold1_v1.joblib
1,screenshot_strong,QWEN_0288_kling_v2_1,1,0.16391538083553314,qwen::kling_v2_1,,models/v2/clip_lora_fold1_best_v1.pt,models/v2/v2_10b_h2_balanced_logreg_fold1_v1.joblib
1,screenshot_strong,QWEN_0288_Qwen_Image_2512,1,0.007570517249405384,qwen::Qwen-Image-2512,,models/v2/clip_lora_fold1_best_v1.pt,models/v2/v2_10b_h2_balanced_logreg_fold1_v1.joblib
1,screenshot_strong,QWEN_0288_GPT_Image_1,1,0.014255637302994728,qwen::GPT-Image-1,,models/v2/clip_lora_fold1_best_v1.pt,models/v2/v2_10b_h2_balanced_logreg_fold1_v1.joblib
1,screenshot_strong,QWEN_0288_GPT_Image_15,1,0.006080991588532925,qwen::GPT-Image-1.5,,models/v2/clip_lora_fold1_best_v1.pt,models/v2/v2_10b_h2_balanced_logreg_fold1_v1.joblib
1,screenshot_strong,QWEN_0309_gpt_image_2,1,0.032879240810871124,qwen::gpt-image-2,,models/v2/clip_lora_fold1_best_v1.pt,models/v2/v2_10b_h2_balanced_logreg_fold1_v1.joblib
1,screenshot_strong,QWEN_0309_FLUX2_max,1,0.019243763759732246,qwen::FLUX.2_max,,models/v2/clip_lora_fold1_best_v1.pt,models/v2/v2_10b_h2_balanced_logreg_fold1_v1.joblib
1,screenshot_strong,QWEN_0309_kling_v2_1,1,0.06326861679553986,qwen::kling_v2_1,,models/v2/clip_lora_fold1_best_v1.pt,models/v2/v2_10b_h2_balanced_logreg_fold1_v1.joblib
1,screenshot_strong,QWEN_0309_Qwen_Image_2512,1,0.14662206172943115,qwen::Qwen-Image-2512,,models/v2/clip_lora_fold1_best_v1.pt,models/v2/v2_10b_h2_balanced_logreg_fold1_v1.joblib
1,screenshot_strong,QWEN_0309_GPT_Image_1,1,0.10410307347774506,qwen::GPT-Image-1,,models/v2/clip_lora_fold1_best_v1.pt,models/v2/v2_10b_h2_balanced_logreg_fold1_v1.joblib
1,screenshot_strong,QWEN_0309_GPT_Image_15,1,0.09436849504709244,qwen::GPT-Image-1.5,,models/v2/clip_lora_fold1_best_v1.pt,models/v2/v2_10b_h2_balanced_logreg_fold1_v1.joblib
1,screenshot_strong,QWEN_0315_gpt_image_2,1,0.07313790172338486,qwen::gpt-image-2,,models/v2/clip_lora_fold1_best_v1.pt,models/v2/v2_10b_h2_balanced_logreg_fold1_v1.joblib
1,screenshot_strong,QWEN_0315_FLUX2_max,1,0.009815840981900692,qwen::FLUX.2_max,,models/v2/clip_lora_fold1_best_v1.pt,models/v2/v2_10b_h2_balanced_logreg_fold1_v1.joblib
1,screenshot_strong,QWEN_0315_kling_v2_1,1,0.019827205687761307,qwen::kling_v2_1,,models/v2/clip_lora_fold1_best_v1.pt,models/v2/v2_10b_h2_balanced_logreg_fold1_v1.joblib
1,screenshot_strong,QWEN_0315_Qwen_Image_2512,1,0.04696747660636902,qwen::Qwen-Image-2512,,models/v2/clip_lora_fold1_best_v1.pt,models/v2/v2_10b_h2_balanced_logreg_fold1_v1.joblib
1,screenshot_strong,QWEN_0315_GPT_Image_1,1,0.03264329209923744,qwen::GPT-Image-1,,models/v2/clip_lora_fold1_best_v1.pt,models/v2/v2_10b_h2_balanced_logreg_fold1_v1.joblib
1,screenshot_strong,QWEN_0315_GPT_Image_15,1,0.026842620223760605,qwen::GPT-Image-1.5,,models/v2/clip_lora_fold1_best_v1.pt,models/v2/v2_10b_h2_balanced_logreg_fold1_v1.joblib
1,screenshot_strong,QWEN_0323_gpt_image_2,1,0.06551552563905716,qwen::gpt-image-2,,models/v2/clip_lora_fold1_best_v1.pt,models/v2/v2_10b_h2_balanced_logreg_fold1_v1.joblib
1,screenshot_strong,QWEN_0323_FLUX2_max,1,0.0751132220029831,qwen::FLUX.2_max,,models/v2/clip_lora_fold1_best_v1.pt,models/v2/v2_10b_h2_balanced_logreg_fold1_v1.joblib
1,screenshot_strong,QWEN_0323_kling_v2_1,1,0.04385988041758537,qwen::kling_v2_1,,models/v2/clip_lora_fold1_best_v1.pt,models/v2/v2_10b_h2_balanced_logreg_fold1_v1.joblib
1,screenshot_strong,QWEN_0323_Qwen_Image_2512,1,0.05039374530315399,qwen::Qwen-Image-2512,,models/v2/clip_lora_fold1_best_v1.pt,models/v2/v2_10b_h2_balanced_logreg_fold1_v1.joblib
1,screenshot_strong,QWEN_0323_GPT_Image_1,1,0.12308044731616974,qwen::GPT-Image-1,,models/v2/clip_lora_fold1_best_v1.pt,models/v2/v2_10b_h2_balanced_logreg_fold1_v1.joblib
1,screenshot_strong,QWEN_0323_GPT_Image_15,1,0.0356002040207386,qwen::GPT-Image-1.5,,models/v2/clip_lora_fold1_best_v1.pt,models/v2/v2_10b_h2_balanced_logreg_fold1_v1.joblib
1,screenshot_strong,QWEN_0335_gpt_image_2,1,0.056717198342084885,qwen::gpt-image-2,,models/v2/clip_lora_fold1_best_v1.pt,models/v2/v2_10b_h2_balanced_logreg_fold1_v1.joblib
1,screenshot_strong,QWEN_0335_FLUX2_max,1,0.03643949702382088,qwen::FLUX.2_max,,models/v2/clip_lora_fold1_best_v1.pt,models/v2/v2_10b_h2_balanced_logreg_fold1_v1.joblib
1,screenshot_strong,QWEN_0335_kling_v2_1,1,0.012244290672242641,qwen::kling_v2_1,,models/v2/clip_lora_fold1_best_v1.pt,models/v2/v2_10b_h2_balanced_logreg_fold1_v1.joblib
1,screenshot_strong,QWEN_0335_Qwen_Image_2512,1,0.06931326538324356,qwen::Qwen-Image-2512,,models/v2/clip_lora_fold1_best_v1.pt,models/v2/v2_10b_h2_balanced_logreg_fold1_v1.joblib
1,screenshot_strong,QWEN_0335_GPT_Image_1,1,0.1801244169473648,qwen::GPT-Image-1,,models/v2/clip_lora_fold1_best_v1.pt,models/v2/v2_10b_h2_balanced_logreg_fold1_v1.joblib
1,screenshot_strong,QWEN_0335_GPT_Image_15,1,0.04982144013047218,qwen::GPT-Image-1.5,,models/v2/clip_lora_fold1_best_v1.pt,models/v2/v2_10b_h2_balanced_logreg_fold1_v1.joblib
1,screenshot_strong,QWEN_0342_gpt_image_2,1,0.09856779873371124,qwen::gpt-image-2,,models/v2/clip_lora_fold1_best_v1.pt,models/v2/v2_10b_h2_balanced_logreg_fold1_v1.joblib
1,screenshot_strong,QWEN_0342_FLUX2_max,1,0.03121211566030979,qwen::FLUX.2_max,,models/v2/clip_lora_fold1_best_v1.pt,models/v2/v2_10b_h2_balanced_logreg_fold1_v1.joblib
1,screenshot_strong,QWEN_0342_kling_v2_1,1,0.13400864601135254,qwen::kling_v2_1,,models/v2/clip_lora_fold1_best_v1.pt,models/v2/v2_10b_h2_balanced_logreg_fold1_v1.joblib
1,screenshot_strong,QWEN_0342_Qwen_Image_2512,1,0.03409105911850929,qwen::Qwen-Image-2512,,models/v2/clip_lora_fold1_best_v1.pt,models/v2/v2_10b_h2_balanced_logreg_fold1_v1.joblib
1,screenshot_strong,QWEN_0342_GPT_Image_1,1,0.17691119015216827,qwen::GPT-Image-1,,models/v2/clip_lora_fold1_best_v1.pt,models/v2/v2_10b_h2_balanced_logreg_fold1_v1.joblib
1,screenshot_strong,QWEN_0342_GPT_Image_15,1,0.012863299809396267,qwen::GPT-Image-1.5,,models/v2/clip_lora_fold1_best_v1.pt,models/v2/v2_10b_h2_balanced_logreg_fold1_v1.joblib
1,screenshot_strong,QWEN_0347_gpt_image_2,1,0.0223380234092474,qwen::gpt-image-2,,models/v2/clip_lora_fold1_best_v1.pt,models/v2/v2_10b_h2_balanced_logreg_fold1_v1.joblib
1,screenshot_strong,QWEN_0347_FLUX2_max,1,0.13717718422412872,qwen::FLUX.2_max,,models/v2/clip_lora_fold1_best_v1.pt,models/v2/v2_10b_h2_balanced_logreg_fold1_v1.joblib
1,screenshot_strong,QWEN_0347_kling_v2_1,1,0.19316744804382324,qwen::kling_v2_1,,models/v2/clip_lora_fold1_best_v1.pt,models/v2/v2_10b_h2_balanced_logreg_fold1_v1.joblib
1,screenshot_strong,QWEN_0347_Qwen_Image_2512,1,0.15433567762374878,qwen::Qwen-Image-2512,,models/v2/clip_lora_fold1_best_v1.pt,models/v2/v2_10b_h2_balanced_logreg_fold1_v1.joblib
1,screenshot_strong,QWEN_0347_GPT_Image_1,1,0.2605869174003601,qwen::GPT-Image-1,,models/v2/clip_lora_fold1_best_v1.pt,models/v2/v2_10b_h2_balanced_logreg_fold1_v1.joblib
1,screenshot_strong,QWEN_0347_GPT_Image_15,1,0.10031098127365112,qwen::GPT-Image-1.5,,models/v2/clip_lora_fold1_best_v1.pt,models/v2/v2_10b_h2_balanced_logreg_fold1_v1.joblib
1,screenshot_strong,QWEN_0354_gpt_image_2,1,0.01877019740641117,qwen::gpt-image-2,,models/v2/clip_lora_fold1_best_v1.pt,models/v2/v2_10b_h2_balanced_logreg_fold1_v1.joblib
1,screenshot_strong,QWEN_0354_FLUX2_max,1,0.017312195152044296,qwen::FLUX.2_max,,models/v2/clip_lora_fold1_best_v1.pt,models/v2/v2_10b_h2_balanced_logreg_fold1_v1.joblib
1,screenshot_strong,QWEN_0354_kling_v2_1,1,0.05551785230636597,qwen::kling_v2_1,,models/v2/clip_lora_fold1_best_v1.pt,models/v2/v2_10b_h2_balanced_logreg_fold1_v1.joblib
1,screenshot_strong,QWEN_0354_Qwen_Image_2512,1,0.22200947999954224,qwen::Qwen-Image-2512,,models/v2/clip_lora_fold1_best_v1.pt,models/v2/v2_10b_h2_balanced_logreg_fold1_v1.joblib
1,screenshot_strong,QWEN_0354_GPT_Image_1,1,0.17556506395339966,qwen::GPT-Image-1,,models/v2/clip_lora_fold1_best_v1.pt,models/v2/v2_10b_h2_balanced_logreg_fold1_v1.joblib
1,screenshot_strong,QWEN_0354_GPT_Image_15,1,0.018625980243086815,qwen::GPT-Image-1.5,,models/v2/clip_lora_fold1_best_v1.pt,models/v2/v2_10b_h2_balanced_logreg_fold1_v1.joblib
1,screenshot_strong,QWEN_0359_gpt_image_2,1,0.14087259769439697,qwen::gpt-image-2,,models/v2/clip_lora_fold1_best_v1.pt,models/v2/v2_10b_h2_balanced_logreg_fold1_v1.joblib
1,screenshot_strong,QWEN_0359_FLUX2_max,1,0.047562215477228165,qwen::FLUX.2_max,,models/v2/clip_lora_fold1_best_v1.pt,models/v2/v2_10b_h2_balanced_logreg_fold1_v1.joblib
1,screenshot_strong,QWEN_0359_kling_v2_1,1,0.08037403225898743,qwen::kling_v2_1,,models/v2/clip_lora_fold1_best_v1.pt,models/v2/v2_10b_h2_balanced_logreg_fold1_v1.joblib
1,screenshot_strong,QWEN_0359_Qwen_Image_2512,1,0.34530290961265564,qwen::Qwen-Image-2512,,models/v2/clip_lora_fold1_best_v1.pt,models/v2/v2_10b_h2_balanced_logreg_fold1_v1.joblib
1,screenshot_strong,QWEN_0359_GPT_Image_1,1,0.4217391312122345,qwen::GPT-Image-1,,models/v2/clip_lora_fold1_best_v1.pt,models/v2/v2_10b_h2_balanced_logreg_fold1_v1.joblib
1,screenshot_strong,QWEN_0359_GPT_Image_15,1,0.10860006511211395,qwen::GPT-Image-1.5,,models/v2/clip_lora_fold1_best_v1.pt,models/v2/v2_10b_h2_balanced_logreg_fold1_v1.joblib
1,screenshot_strong,QWEN_0374_gpt_image_2,1,0.01908956468105316,qwen::gpt-image-2,,models/v2/clip_lora_fold1_best_v1.pt,models/v2/v2_10b_h2_balanced_logreg_fold1_v1.joblib
1,screenshot_strong,QWEN_0374_FLUX2_max,1,0.02777854911983013,qwen::FLUX.2_max,,models/v2/clip_lora_fold1_best_v1.pt,models/v2/v2_10b_h2_balanced_logreg_fold1_v1.joblib
1,screenshot_strong,QWEN_0374_kling_v2_1,1,0.03919007629156113,qwen::kling_v2_1,,models/v2/clip_lora_fold1_best_v1.pt,models/v2/v2_10b_h2_balanced_logreg_fold1_v1.joblib
1,screenshot_strong,QWEN_0374_Qwen_Image_2512,1,0.05209565907716751,qwen::Qwen-Image-2512,,models/v2/clip_lora_fold1_best_v1.pt,models/v2/v2_10b_h2_balanced_logreg_fold1_v1.joblib
1,screenshot_strong,QWEN_0374_GPT_Image_1,1,0.051429104059934616,qwen::GPT-Image-1,,models/v2/clip_lora_fold1_best_v1.pt,models/v2/v2_10b_h2_balanced_logreg_fold1_v1.joblib
1,screenshot_strong,QWEN_0374_GPT_Image_15,1,0.057524073868989944,qwen::GPT-Image-1.5,,models/v2/clip_lora_fold1_best_v1.pt,models/v2/v2_10b_h2_balanced_logreg_fold1_v1.joblib
1,screenshot_strong,QWEN_0386_gpt_image_2,1,0.04885047674179077,qwen::gpt-image-2,,models/v2/clip_lora_fold1_best_v1.pt,models/v2/v2_10b_h2_balanced_logreg_fold1_v1.joblib
1,screenshot_strong,QWEN_0386_FLUX2_max,1,0.06138875335454941,qwen::FLUX.2_max,,models/v2/clip_lora_fold1_best_v1.pt,models/v2/v2_10b_h2_balanced_logreg_fold1_v1.joblib
1,screenshot_strong,QWEN_0386_kling_v2_1,1,0.06502614915370941,qwen::kling_v2_1,,models/v2/clip_lora_fold1_best_v1.pt,models/v2/v2_10b_h2_balanced_logreg_fold1_v1.joblib
1,screenshot_strong,QWEN_0386_Qwen_Image_2512,1,0.11933188885450363,qwen::Qwen-Image-2512,,models/v2/clip_lora_fold1_best_v1.pt,models/v2/v2_10b_h2_balanced_logreg_fold1_v1.joblib
1,screenshot_strong,QWEN_0386_GPT_Image_1,1,0.03541453182697296,qwen::GPT-Image-1,,models/v2/clip_lora_fold1_best_v1.pt,models/v2/v2_10b_h2_balanced_logreg_fold1_v1.joblib
1,screenshot_strong,QWEN_0386_GPT_Image_15,1,0.08949335664510727,qwen::GPT-Image-1.5,,models/v2/clip_lora_fold1_best_v1.pt,models/v2/v2_10b_h2_balanced_logreg_fold1_v1.joblib
1,screenshot_strong,QWEN_0392_gpt_image_2,1,0.019628357142210007,qwen::gpt-image-2,,models/v2/clip_lora_fold1_best_v1.pt,models/v2/v2_10b_h2_balanced_logreg_fold1_v1.joblib
1,screenshot_strong,QWEN_0392_FLUX2_max,1,0.10484123229980469,qwen::FLUX.2_max,,models/v2/clip_lora_fold1_best_v1.pt,models/v2/v2_10b_h2_balanced_logreg_fold1_v1.joblib
1,screenshot_strong,QWEN_0392_kling_v2_1,1,0.5447705984115601,qwen::kling_v2_1,,models/v2/clip_lora_fold1_best_v1.pt,models/v2/v2_10b_h2_balanced_logreg_fold1_v1.joblib
1,screenshot_strong,QWEN_0392_Qwen_Image_2512,1,0.13630132377147675,qwen::Qwen-Image-2512,,models/v2/clip_lora_fold1_best_v1.pt,models/v2/v2_10b_h2_balanced_logreg_fold1_v1.joblib
1,screenshot_strong,QWEN_0392_GPT_Image_1,1,0.19230298697948456,qwen::GPT-Image-1,,models/v2/clip_lora_fold1_best_v1.pt,models/v2/v2_10b_h2_balanced_logreg_fold1_v1.joblib
1,screenshot_strong,QWEN_0392_GPT_Image_15,1,0.1752801239490509,qwen::GPT-Image-1.5,,models/v2/clip_lora_fold1_best_v1.pt,models/v2/v2_10b_h2_balanced_logreg_fold1_v1.joblib
1,screenshot_strong,QWEN_0397_gpt_image_2,1,0.3371206820011139,qwen::gpt-image-2,,models/v2/clip_lora_fold1_best_v1.pt,models/v2/v2_10b_h2_balanced_logreg_fold1_v1.joblib
1,screenshot_strong,QWEN_0397_FLUX2_max,1,0.28935787081718445,qwen::FLUX.2_max,,models/v2/clip_lora_fold1_best_v1.pt,models/v2/v2_10b_h2_balanced_logreg_fold1_v1.joblib
1,screenshot_strong,QWEN_0397_kling_v2_1,1,0.6233503818511963,qwen::kling_v2_1,,models/v2/clip_lora_fold1_best_v1.pt,models/v2/v2_10b_h2_balanced_logreg_fold1_v1.joblib
1,screenshot_strong,QWEN_0397_Qwen_Image_2512,1,0.2922728657722473,qwen::Qwen-Image-2512,,models/v2/clip_lora_fold1_best_v1.pt,models/v2/v2_10b_h2_balanced_logreg_fold1_v1.joblib
1,screenshot_strong,QWEN_0397_GPT_Image_1,1,0.4372607171535492,qwen::GPT-Image-1,,models/v2/clip_lora_fold1_best_v1.pt,models/v2/v2_10b_h2_balanced_logreg_fold1_v1.joblib
1,screenshot_strong,QWEN_0397_GPT_Image_15,1,0.22517861425876617,qwen::GPT-Image-1.5,,models/v2/clip_lora_fold1_best_v1.pt,models/v2/v2_10b_h2_balanced_logreg_fold1_v1.joblib
1,screenshot_strong,QWEN_0413_gpt_image_2,1,0.23369775712490082,qwen::gpt-image-2,,models/v2/clip_lora_fold1_best_v1.pt,models/v2/v2_10b_h2_balanced_logreg_fold1_v1.joblib
1,screenshot_strong,QWEN_0413_FLUX2_max,1,0.2952999472618103,qwen::FLUX.2_max,,models/v2/clip_lora_fold1_best_v1.pt,models/v2/v2_10b_h2_balanced_logreg_fold1_v1.joblib
1,screenshot_strong,QWEN_0413_kling_v2_1,1,0.2748238742351532,qwen::kling_v2_1,,models/v2/clip_lora_fold1_best_v1.pt,models/v2/v2_10b_h2_balanced_logreg_fold1_v1.joblib
1,screenshot_strong,QWEN_0413_Qwen_Image_2512,1,0.2380658984184265,qwen::Qwen-Image-2512,,models/v2/clip_lora_fold1_best_v1.pt,models/v2/v2_10b_h2_balanced_logreg_fold1_v1.joblib
1,screenshot_strong,QWEN_0413_GPT_Image_1,1,0.16110466420650482,qwen::GPT-Image-1,,models/v2/clip_lora_fold1_best_v1.pt,models/v2/v2_10b_h2_balanced_logreg_fold1_v1.joblib
1,screenshot_strong,QWEN_0413_GPT_Image_15,1,0.3853510618209839,qwen::GPT-Image-1.5,,models/v2/clip_lora_fold1_best_v1.pt,models/v2/v2_10b_h2_balanced_logreg_fold1_v1.joblib
1,screenshot_strong,QWEN_0415_gpt_image_2,1,0.5616638660430908,qwen::gpt-image-2,,models/v2/clip_lora_fold1_best_v1.pt,models/v2/v2_10b_h2_balanced_logreg_fold1_v1.joblib
1,screenshot_strong,QWEN_0415_FLUX2_max,1,0.4846702218055725,qwen::FLUX.2_max,,models/v2/clip_lora_fold1_best_v1.pt,models/v2/v2_10b_h2_balanced_logreg_fold1_v1.joblib
1,screenshot_strong,QWEN_0415_kling_v2_1,1,0.7281495332717896,qwen::kling_v2_1,,models/v2/clip_lora_fold1_best_v1.pt,models/v2/v2_10b_h2_balanced_logreg_fold1_v1.joblib
1,screenshot_strong,QWEN_0415_Qwen_Image_2512,1,0.9212750196456909,qwen::Qwen-Image-2512,,models/v2/clip_lora_fold1_best_v1.pt,models/v2/v2_10b_h2_balanced_logreg_fold1_v1.joblib
1,screenshot_strong,QWEN_0415_GPT_Image_1,1,0.7662475109100342,qwen::GPT-Image-1,,models/v2/clip_lora_fold1_best_v1.pt,models/v2/v2_10b_h2_balanced_logreg_fold1_v1.joblib
1,screenshot_strong,QWEN_0415_GPT_Image_15,1,0.8438295125961304,qwen::GPT-Image-1.5,,models/v2/clip_lora_fold1_best_v1.pt,models/v2/v2_10b_h2_balanced_logreg_fold1_v1.joblib
1,screenshot_strong,QWEN_0420_gpt_image_2,1,0.2778089940547943,qwen::gpt-image-2,,models/v2/clip_lora_fold1_best_v1.pt,models/v2/v2_10b_h2_balanced_logreg_fold1_v1.joblib
1,screenshot_strong,QWEN_0420_FLUX2_max,1,0.18492288887500763,qwen::FLUX.2_max,,models/v2/clip_lora_fold1_best_v1.pt,models/v2/v2_10b_h2_balanced_logreg_fold1_v1.joblib
1,screenshot_strong,QWEN_0420_kling_v2_1,1,0.48503783345222473,qwen::kling_v2_1,,models/v2/clip_lora_fold1_best_v1.pt,models/v2/v2_10b_h2_balanced_logreg_fold1_v1.joblib
1,screenshot_strong,QWEN_0420_Qwen_Image_2512,1,0.4718001186847687,qwen::Qwen-Image-2512,,models/v2/clip_lora_fold1_best_v1.pt,models/v2/v2_10b_h2_balanced_logreg_fold1_v1.joblib
1,screenshot_strong,QWEN_0420_GPT_Image_1,1,0.41611868143081665,qwen::GPT-Image-1,,models/v2/clip_lora_fold1_best_v1.pt,models/v2/v2_10b_h2_balanced_logreg_fold1_v1.joblib
1,screenshot_strong,QWEN_0420_GPT_Image_15,1,0.4924948811531067,qwen::GPT-Image-1.5,,models/v2/clip_lora_fold1_best_v1.pt,models/v2/v2_10b_h2_balanced_logreg_fold1_v1.joblib
1,screenshot_strong,QWEN_0423_gpt_image_2,1,0.2970307767391205,qwen::gpt-image-2,,models/v2/clip_lora_fold1_best_v1.pt,models/v2/v2_10b_h2_balanced_logreg_fold1_v1.joblib
1,screenshot_strong,QWEN_0423_FLUX2_max,1,0.4930117130279541,qwen::FLUX.2_max,,models/v2/clip_lora_fold1_best_v1.pt,models/v2/v2_10b_h2_balanced_logreg_fold1_v1.joblib
1,screenshot_strong,QWEN_0423_kling_v2_1,1,0.7339069247245789,qwen::kling_v2_1,,models/v2/clip_lora_fold1_best_v1.pt,models/v2/v2_10b_h2_balanced_logreg_fold1_v1.joblib
1,screenshot_strong,QWEN_0423_Qwen_Image_2512,1,0.8979814052581787,qwen::Qwen-Image-2512,,models/v2/clip_lora_fold1_best_v1.pt,models/v2/v2_10b_h2_balanced_logreg_fold1_v1.joblib
1,screenshot_strong,QWEN_0423_GPT_Image_1,1,0.6251834034919739,qwen::GPT-Image-1,,models/v2/clip_lora_fold1_best_v1.pt,models/v2/v2_10b_h2_balanced_logreg_fold1_v1.joblib
1,screenshot_strong,QWEN_0423_GPT_Image_15,1,0.6545978784561157,qwen::GPT-Image-1.5,,models/v2/clip_lora_fold1_best_v1.pt,models/v2/v2_10b_h2_balanced_logreg_fold1_v1.joblib
1,screenshot_strong,QWEN_0430_gpt_image_2,1,0.6505227088928223,qwen::gpt-image-2,,models/v2/clip_lora_fold1_best_v1.pt,models/v2/v2_10b_h2_balanced_logreg_fold1_v1.joblib
1,screenshot_strong,QWEN_0430_FLUX2_max,1,0.14736799895763397,qwen::FLUX.2_max,,models/v2/clip_lora_fold1_best_v1.pt,models/v2/v2_10b_h2_balanced_logreg_fold1_v1.joblib
1,screenshot_strong,QWEN_0430_kling_v2_1,1,0.5325554013252258,qwen::kling_v2_1,,models/v2/clip_lora_fold1_best_v1.pt,models/v2/v2_10b_h2_balanced_logreg_fold1_v1.joblib
1,screenshot_strong,QWEN_0430_Qwen_Image_2512,1,0.6588786840438843,qwen::Qwen-Image-2512,,models/v2/clip_lora_fold1_best_v1.pt,models/v2/v2_10b_h2_balanced_logreg_fold1_v1.joblib
1,screenshot_strong,QWEN_0430_GPT_Image_1,1,0.7278198003768921,qwen::GPT-Image-1,,models/v2/clip_lora_fold1_best_v1.pt,models/v2/v2_10b_h2_balanced_logreg_fold1_v1.joblib
1,screenshot_strong,QWEN_0430_GPT_Image_15,1,0.8198960423469543,qwen::GPT-Image-1.5,,models/v2/clip_lora_fold1_best_v1.pt,models/v2/v2_10b_h2_balanced_logreg_fold1_v1.joblib
1,screenshot_strong,QWEN_0432_gpt_image_2,1,0.4530523121356964,qwen::gpt-image-2,,models/v2/clip_lora_fold1_best_v1.pt,models/v2/v2_10b_h2_balanced_logreg_fold1_v1.joblib
1,screenshot_strong,QWEN_0432_FLUX2_max,1,0.684177577495575,qwen::FLUX.2_max,,models/v2/clip_lora_fold1_best_v1.pt,models/v2/v2_10b_h2_balanced_logreg_fold1_v1.joblib
1,screenshot_strong,QWEN_0432_kling_v2_1,1,0.7232107520103455,qwen::kling_v2_1,,models/v2/clip_lora_fold1_best_v1.pt,models/v2/v2_10b_h2_balanced_logreg_fold1_v1.joblib
1,screenshot_strong,QWEN_0432_Qwen_Image_2512,1,0.5948408842086792,qwen::Qwen-Image-2512,,models/v2/clip_lora_fold1_best_v1.pt,models/v2/v2_10b_h2_balanced_logreg_fold1_v1.joblib
1,screenshot_strong,QWEN_0432_GPT_Image_1,1,0.4842057526111603,qwen::GPT-Image-1,,models/v2/clip_lora_fold1_best_v1.pt,models/v2/v2_10b_h2_balanced_logreg_fold1_v1.joblib
1,screenshot_strong,QWEN_0432_GPT_Image_15,1,0.5622655749320984,qwen::GPT-Image-1.5,,models/v2/clip_lora_fold1_best_v1.pt,models/v2/v2_10b_h2_balanced_logreg_fold1_v1.joblib
1,screenshot_strong,QWEN_0446_gpt_image_2,1,0.44433191418647766,qwen::gpt-image-2,,models/v2/clip_lora_fold1_best_v1.pt,models/v2/v2_10b_h2_balanced_logreg_fold1_v1.joblib
1,screenshot_strong,QWEN_0446_FLUX2_max,1,0.5400215983390808,qwen::FLUX.2_max,,models/v2/clip_lora_fold1_best_v1.pt,models/v2/v2_10b_h2_balanced_logreg_fold1_v1.joblib
1,screenshot_strong,QWEN_0446_kling_v2_1,1,0.4611605405807495,qwen::kling_v2_1,,models/v2/clip_lora_fold1_best_v1.pt,models/v2/v2_10b_h2_balanced_logreg_fold1_v1.joblib
1,screenshot_strong,QWEN_0446_Qwen_Image_2512,1,0.8004087805747986,qwen::Qwen-Image-2512,,models/v2/clip_lora_fold1_best_v1.pt,models/v2/v2_10b_h2_balanced_logreg_fold1_v1.joblib
1,screenshot_strong,QWEN_0446_GPT_Image_1,1,0.8896862864494324,qwen::GPT-Image-1,,models/v2/clip_lora_fold1_best_v1.pt,models/v2/v2_10b_h2_balanced_logreg_fold1_v1.joblib
1,screenshot_strong,QWEN_0446_GPT_Image_15,1,0.7817832827568054,qwen::GPT-Image-1.5,,models/v2/clip_lora_fold1_best_v1.pt,models/v2/v2_10b_h2_balanced_logreg_fold1_v1.joblib
1,screenshot_strong,QWEN_0451_gpt_image_2,1,0.49447137117385864,qwen::gpt-image-2,,models/v2/clip_lora_fold1_best_v1.pt,models/v2/v2_10b_h2_balanced_logreg_fold1_v1.joblib
1,screenshot_strong,QWEN_0451_FLUX2_max,1,0.13842761516571045,qwen::FLUX.2_max,,models/v2/clip_lora_fold1_best_v1.pt,models/v2/v2_10b_h2_balanced_logreg_fold1_v1.joblib
1,screenshot_strong,QWEN_0451_kling_v2_1,1,0.717276930809021,qwen::kling_v2_1,,models/v2/clip_lora_fold1_best_v1.pt,models/v2/v2_10b_h2_balanced_logreg_fold1_v1.joblib
1,screenshot_strong,QWEN_0451_Qwen_Image_2512,1,0.8211798071861267,qwen::Qwen-Image-2512,,models/v2/clip_lora_fold1_best_v1.pt,models/v2/v2_10b_h2_balanced_logreg_fold1_v1.joblib
1,screenshot_strong,QWEN_0451_GPT_Image_1,1,0.7313310503959656,qwen::GPT-Image-1,,models/v2/clip_lora_fold1_best_v1.pt,models/v2/v2_10b_h2_balanced_logreg_fold1_v1.joblib
1,screenshot_strong,QWEN_0451_GPT_Image_15,1,0.5916452407836914,qwen::GPT-Image-1.5,,models/v2/clip_lora_fold1_best_v1.pt,models/v2/v2_10b_h2_balanced_logreg_fold1_v1.joblib
1,screenshot_strong,QWEN_0456_gpt_image_2,1,0.7892229557037354,qwen::gpt-image-2,,models/v2/clip_lora_fold1_best_v1.pt,models/v2/v2_10b_h2_balanced_logreg_fold1_v1.joblib
1,screenshot_strong,QWEN_0456_FLUX2_max,1,0.8019868731498718,qwen::FLUX.2_max,,models/v2/clip_lora_fold1_best_v1.pt,models/v2/v2_10b_h2_balanced_logreg_fold1_v1.joblib
1,screenshot_strong,QWEN_0456_kling_v2_1,1,0.6823114156723022,qwen::kling_v2_1,,models/v2/clip_lora_fold1_best_v1.pt,models/v2/v2_10b_h2_balanced_logreg_fold1_v1.joblib
1,screenshot_strong,QWEN_0456_Qwen_Image_2512,1,0.47122034430503845,qwen::Qwen-Image-2512,,models/v2/clip_lora_fold1_best_v1.pt,models/v2/v2_10b_h2_balanced_logreg_fold1_v1.joblib
1,screenshot_strong,QWEN_0456_GPT_Image_1,1,0.5701022744178772,qwen::GPT-Image-1,,models/v2/clip_lora_fold1_best_v1.pt,models/v2/v2_10b_h2_balanced_logreg_fold1_v1.joblib
1,screenshot_strong,QWEN_0456_GPT_Image_15,1,0.2968558073043823,qwen::GPT-Image-1.5,,models/v2/clip_lora_fold1_best_v1.pt,models/v2/v2_10b_h2_balanced_logreg_fold1_v1.joblib
1,screenshot_strong,QWEN_0461_gpt_image_2,1,0.14234307408332825,qwen::gpt-image-2,,models/v2/clip_lora_fold1_best_v1.pt,models/v2/v2_10b_h2_balanced_logreg_fold1_v1.joblib
1,screenshot_strong,QWEN_0461_FLUX2_max,1,0.10546824336051941,qwen::FLUX.2_max,,models/v2/clip_lora_fold1_best_v1.pt,models/v2/v2_10b_h2_balanced_logreg_fold1_v1.joblib
1,screenshot_strong,QWEN_0461_kling_v2_1,1,0.16772083938121796,qwen::kling_v2_1,,models/v2/clip_lora_fold1_best_v1.pt,models/v2/v2_10b_h2_balanced_logreg_fold1_v1.joblib
1,screenshot_strong,QWEN_0461_Qwen_Image_2512,1,0.09120747447013855,qwen::Qwen-Image-2512,,models/v2/clip_lora_fold1_best_v1.pt,models/v2/v2_10b_h2_balanced_logreg_fold1_v1.joblib
1,screenshot_strong,QWEN_0461_GPT_Image_1,1,0.3559316396713257,qwen::GPT-Image-1,,models/v2/clip_lora_fold1_best_v1.pt,models/v2/v2_10b_h2_balanced_logreg_fold1_v1.joblib
1,screenshot_strong,QWEN_0461_GPT_Image_15,1,0.10722336918115616,qwen::GPT-Image-1.5,,models/v2/clip_lora_fold1_best_v1.pt,models/v2/v2_10b_h2_balanced_logreg_fold1_v1.joblib
1,screenshot_strong,QWEN_0465_gpt_image_2,1,0.25971949100494385,qwen::gpt-image-2,,models/v2/clip_lora_fold1_best_v1.pt,models/v2/v2_10b_h2_balanced_logreg_fold1_v1.joblib
1,screenshot_strong,QWEN_0465_FLUX2_max,1,0.14013801515102386,qwen::FLUX.2_max,,models/v2/clip_lora_fold1_best_v1.pt,models/v2/v2_10b_h2_balanced_logreg_fold1_v1.joblib
1,screenshot_strong,QWEN_0465_kling_v2_1,1,0.25396841764450073,qwen::kling_v2_1,,models/v2/clip_lora_fold1_best_v1.pt,models/v2/v2_10b_h2_balanced_logreg_fold1_v1.joblib
1,screenshot_strong,QWEN_0465_Qwen_Image_2512,1,0.1683247685432434,qwen::Qwen-Image-2512,,models/v2/clip_lora_fold1_best_v1.pt,models/v2/v2_10b_h2_balanced_logreg_fold1_v1.joblib
1,screenshot_strong,QWEN_0465_GPT_Image_1,1,0.15149672329425812,qwen::GPT-Image-1,,models/v2/clip_lora_fold1_best_v1.pt,models/v2/v2_10b_h2_balanced_logreg_fold1_v1.joblib
1,screenshot_strong,QWEN_0465_GPT_Image_15,1,0.12993161380290985,qwen::GPT-Image-1.5,,models/v2/clip_lora_fold1_best_v1.pt,models/v2/v2_10b_h2_balanced_logreg_fold1_v1.joblib
1,screenshot_strong,QWEN_0471_gpt_image_2,1,0.1137225478887558,qwen::gpt-image-2,,models/v2/clip_lora_fold1_best_v1.pt,models/v2/v2_10b_h2_balanced_logreg_fold1_v1.joblib
1,screenshot_strong,QWEN_0471_FLUX2_max,1,0.13772247731685638,qwen::FLUX.2_max,,models/v2/clip_lora_fold1_best_v1.pt,models/v2/v2_10b_h2_balanced_logreg_fold1_v1.joblib
1,screenshot_strong,QWEN_0471_kling_v2_1,1,0.12493956089019775,qwen::kling_v2_1,,models/v2/clip_lora_fold1_best_v1.pt,models/v2/v2_10b_h2_balanced_logreg_fold1_v1.joblib
1,screenshot_strong,QWEN_0471_Qwen_Image_2512,1,0.17879559099674225,qwen::Qwen-Image-2512,,models/v2/clip_lora_fold1_best_v1.pt,models/v2/v2_10b_h2_balanced_logreg_fold1_v1.joblib
1,screenshot_strong,QWEN_0471_GPT_Image_1,1,0.12295398116111755,qwen::GPT-Image-1,,models/v2/clip_lora_fold1_best_v1.pt,models/v2/v2_10b_h2_balanced_logreg_fold1_v1.joblib
1,screenshot_strong,QWEN_0471_GPT_Image_15,1,0.20856882631778717,qwen::GPT-Image-1.5,,models/v2/clip_lora_fold1_best_v1.pt,models/v2/v2_10b_h2_balanced_logreg_fold1_v1.joblib
1,screenshot_strong,QWEN_0476_gpt_image_2,1,0.2193305343389511,qwen::gpt-image-2,,models/v2/clip_lora_fold1_best_v1.pt,models/v2/v2_10b_h2_balanced_logreg_fold1_v1.joblib
1,screenshot_strong,QWEN_0476_FLUX2_max,1,0.12138212472200394,qwen::FLUX.2_max,,models/v2/clip_lora_fold1_best_v1.pt,models/v2/v2_10b_h2_balanced_logreg_fold1_v1.joblib
1,screenshot_strong,QWEN_0476_kling_v2_1,1,0.13948246836662292,qwen::kling_v2_1,,models/v2/clip_lora_fold1_best_v1.pt,models/v2/v2_10b_h2_balanced_logreg_fold1_v1.joblib
1,screenshot_strong,QWEN_0476_Qwen_Image_2512,1,0.08123880624771118,qwen::Qwen-Image-2512,,models/v2/clip_lora_fold1_best_v1.pt,models/v2/v2_10b_h2_balanced_logreg_fold1_v1.joblib
1,screenshot_strong,QWEN_0476_GPT_Image_1,1,0.1174953281879425,qwen::GPT-Image-1,,models/v2/clip_lora_fold1_best_v1.pt,models/v2/v2_10b_h2_balanced_logreg_fold1_v1.joblib
1,screenshot_strong,QWEN_0476_GPT_Image_15,1,0.16996128857135773,qwen::GPT-Image-1.5,,models/v2/clip_lora_fold1_best_v1.pt,models/v2/v2_10b_h2_balanced_logreg_fold1_v1.joblib
1,screenshot_strong,QWEN_0480_gpt_image_2,1,0.11838611215353012,qwen::gpt-image-2,,models/v2/clip_lora_fold1_best_v1.pt,models/v2/v2_10b_h2_balanced_logreg_fold1_v1.joblib
1,screenshot_strong,QWEN_0480_FLUX2_max,1,0.2714340388774872,qwen::FLUX.2_max,,models/v2/clip_lora_fold1_best_v1.pt,models/v2/v2_10b_h2_balanced_logreg_fold1_v1.joblib
1,screenshot_strong,QWEN_0480_kling_v2_1,1,0.11993228644132614,qwen::kling_v2_1,,models/v2/clip_lora_fold1_best_v1.pt,models/v2/v2_10b_h2_balanced_logreg_fold1_v1.joblib
1,screenshot_strong,QWEN_0480_Qwen_Image_2512,1,0.21372243762016296,qwen::Qwen-Image-2512,,models/v2/clip_lora_fold1_best_v1.pt,models/v2/v2_10b_h2_balanced_logreg_fold1_v1.joblib
1,screenshot_strong,QWEN_0480_GPT_Image_1,1,0.2408020794391632,qwen::GPT-Image-1,,models/v2/clip_lora_fold1_best_v1.pt,models/v2/v2_10b_h2_balanced_logreg_fold1_v1.joblib
1,screenshot_strong,QWEN_0480_GPT_Image_15,1,0.25463780760765076,qwen::GPT-Image-1.5,,models/v2/clip_lora_fold1_best_v1.pt,models/v2/v2_10b_h2_balanced_logreg_fold1_v1.joblib
1,screenshot_strong,QWEN_0507_gpt_image_2,1,0.1509157419204712,qwen::gpt-image-2,,models/v2/clip_lora_fold1_best_v1.pt,models/v2/v2_10b_h2_balanced_logreg_fold1_v1.joblib
1,screenshot_strong,QWEN_0507_FLUX2_max,1,0.21391338109970093,qwen::FLUX.2_max,,models/v2/clip_lora_fold1_best_v1.pt,models/v2/v2_10b_h2_balanced_logreg_fold1_v1.joblib
1,screenshot_strong,QWEN_0507_kling_v2_1,1,0.15837158262729645,qwen::kling_v2_1,,models/v2/clip_lora_fold1_best_v1.pt,models/v2/v2_10b_h2_balanced_logreg_fold1_v1.joblib
1,screenshot_strong,QWEN_0507_Qwen_Image_2512,1,0.22548121213912964,qwen::Qwen-Image-2512,,models/v2/clip_lora_fold1_best_v1.pt,models/v2/v2_10b_h2_balanced_logreg_fold1_v1.joblib
1,screenshot_strong,QWEN_0507_GPT_Image_1,1,0.2939431667327881,qwen::GPT-Image-1,,models/v2/clip_lora_fold1_best_v1.pt,models/v2/v2_10b_h2_balanced_logreg_fold1_v1.joblib
1,screenshot_strong,QWEN_0507_GPT_Image_15,1,0.3630148470401764,qwen::GPT-Image-1.5,,models/v2/clip_lora_fold1_best_v1.pt,models/v2/v2_10b_h2_balanced_logreg_fold1_v1.joblib
1,screenshot_strong,QWEN_0518_gpt_image_2,1,0.12488143891096115,qwen::gpt-image-2,,models/v2/clip_lora_fold1_best_v1.pt,models/v2/v2_10b_h2_balanced_logreg_fold1_v1.joblib
1,screenshot_strong,QWEN_0518_FLUX2_max,1,0.3511776626110077,qwen::FLUX.2_max,,models/v2/clip_lora_fold1_best_v1.pt,models/v2/v2_10b_h2_balanced_logreg_fold1_v1.joblib
1,screenshot_strong,QWEN_0518_kling_v2_1,1,0.3375822901725769,qwen::kling_v2_1,,models/v2/clip_lora_fold1_best_v1.pt,models/v2/v2_10b_h2_balanced_logreg_fold1_v1.joblib
1,screenshot_strong,QWEN_0518_Qwen_Image_2512,1,0.19501718878746033,qwen::Qwen-Image-2512,,models/v2/clip_lora_fold1_best_v1.pt,models/v2/v2_10b_h2_balanced_logreg_fold1_v1.joblib
1,screenshot_strong,QWEN_0518_GPT_Image_1,1,0.491738885641098,qwen::GPT-Image-1,,models/v2/clip_lora_fold1_best_v1.pt,models/v2/v2_10b_h2_balanced_logreg_fold1_v1.joblib
1,screenshot_strong,QWEN_0518_GPT_Image_15,1,0.4150727093219757,qwen::GPT-Image-1.5,,models/v2/clip_lora_fold1_best_v1.pt,models/v2/v2_10b_h2_balanced_logreg_fold1_v1.joblib
1,screenshot_strong,QWEN_0524_gpt_image_2,1,0.22250406444072723,qwen::gpt-image-2,,models/v2/clip_lora_fold1_best_v1.pt,models/v2/v2_10b_h2_balanced_logreg_fold1_v1.joblib
1,screenshot_strong,QWEN_0524_FLUX2_max,1,0.08489720523357391,qwen::FLUX.2_max,,models/v2/clip_lora_fold1_best_v1.pt,models/v2/v2_10b_h2_balanced_logreg_fold1_v1.joblib
1,screenshot_strong,QWEN_0524_kling_v2_1,1,0.07609023153781891,qwen::kling_v2_1,,models/v2/clip_lora_fold1_best_v1.pt,models/v2/v2_10b_h2_balanced_logreg_fold1_v1.joblib
1,screenshot_strong,QWEN_0524_Qwen_Image_2512,1,0.10361626744270325,qwen::Qwen-Image-2512,,models/v2/clip_lora_fold1_best_v1.pt,models/v2/v2_10b_h2_balanced_logreg_fold1_v1.joblib
1,screenshot_strong,QWEN_0524_GPT_Image_1,1,0.08923371136188507,qwen::GPT-Image-1,,models/v2/clip_lora_fold1_best_v1.pt,models/v2/v2_10b_h2_balanced_logreg_fold1_v1.joblib
1,screenshot_strong,QWEN_0524_GPT_Image_15,1,0.12425240874290466,qwen::GPT-Image-1.5,,models/v2/clip_lora_fold1_best_v1.pt,models/v2/v2_10b_h2_balanced_logreg_fold1_v1.joblib
1,screenshot_strong,QWEN_0553_gpt_image_2,1,0.07911647111177444,qwen::gpt-image-2,,models/v2/clip_lora_fold1_best_v1.pt,models/v2/v2_10b_h2_balanced_logreg_fold1_v1.joblib
1,screenshot_strong,QWEN_0553_FLUX2_max,1,0.16943278908729553,qwen::FLUX.2_max,,models/v2/clip_lora_fold1_best_v1.pt,models/v2/v2_10b_h2_balanced_logreg_fold1_v1.joblib
1,screenshot_strong,QWEN_0553_kling_v2_1,1,0.4523466229438782,qwen::kling_v2_1,,models/v2/clip_lora_fold1_best_v1.pt,models/v2/v2_10b_h2_balanced_logreg_fold1_v1.joblib
1,screenshot_strong,QWEN_0553_Qwen_Image_2512,1,0.16377829015254974,qwen::Qwen-Image-2512,,models/v2/clip_lora_fold1_best_v1.pt,models/v2/v2_10b_h2_balanced_logreg_fold1_v1.joblib
1,screenshot_strong,QWEN_0553_GPT_Image_1,1,0.17163784801959991,qwen::GPT-Image-1,,models/v2/clip_lora_fold1_best_v1.pt,models/v2/v2_10b_h2_balanced_logreg_fold1_v1.joblib
1,screenshot_strong,QWEN_0553_GPT_Image_15,1,0.08003834635019302,qwen::GPT-Image-1.5,,models/v2/clip_lora_fold1_best_v1.pt,models/v2/v2_10b_h2_balanced_logreg_fold1_v1.joblib
1,screenshot_strong,QWEN_0592_gpt_image_2,1,0.0657803937792778,qwen::gpt-image-2,,models/v2/clip_lora_fold1_best_v1.pt,models/v2/v2_10b_h2_balanced_logreg_fold1_v1.joblib
1,screenshot_strong,QWEN_0592_FLUX2_max,1,0.04473448172211647,qwen::FLUX.2_max,,models/v2/clip_lora_fold1_best_v1.pt,models/v2/v2_10b_h2_balanced_logreg_fold1_v1.joblib
1,screenshot_strong,QWEN_0592_kling_v2_1,1,0.10193604230880737,qwen::kling_v2_1,,models/v2/clip_lora_fold1_best_v1.pt,models/v2/v2_10b_h2_balanced_logreg_fold1_v1.joblib
1,screenshot_strong,QWEN_0592_Qwen_Image_2512,1,0.02496292069554329,qwen::Qwen-Image-2512,,models/v2/clip_lora_fold1_best_v1.pt,models/v2/v2_10b_h2_balanced_logreg_fold1_v1.joblib
1,screenshot_strong,QWEN_0592_GPT_Image_1,1,0.2331569641828537,qwen::GPT-Image-1,,models/v2/clip_lora_fold1_best_v1.pt,models/v2/v2_10b_h2_balanced_logreg_fold1_v1.joblib
1,screenshot_strong,QWEN_0592_GPT_Image_15,1,0.1223394125699997,qwen::GPT-Image-1.5,,models/v2/clip_lora_fold1_best_v1.pt,models/v2/v2_10b_h2_balanced_logreg_fold1_v1.joblib
1,screenshot_strong,QWEN_0594_gpt_image_2,1,0.11670494824647903,qwen::gpt-image-2,,models/v2/clip_lora_fold1_best_v1.pt,models/v2/v2_10b_h2_balanced_logreg_fold1_v1.joblib
1,screenshot_strong,QWEN_0594_FLUX2_max,1,0.095624640583992,qwen::FLUX.2_max,,models/v2/clip_lora_fold1_best_v1.pt,models/v2/v2_10b_h2_balanced_logreg_fold1_v1.joblib
1,screenshot_strong,QWEN_0594_kling_v2_1,1,0.5548624396324158,qwen::kling_v2_1,,models/v2/clip_lora_fold1_best_v1.pt,models/v2/v2_10b_h2_balanced_logreg_fold1_v1.joblib
1,screenshot_strong,QWEN_0594_Qwen_Image_2512,1,0.06973478198051453,qwen::Qwen-Image-2512,,models/v2/clip_lora_fold1_best_v1.pt,models/v2/v2_10b_h2_balanced_logreg_fold1_v1.joblib
1,screenshot_strong,QWEN_0594_GPT_Image_1,1,0.08833537995815277,qwen::GPT-Image-1,,models/v2/clip_lora_fold1_best_v1.pt,models/v2/v2_10b_h2_balanced_logreg_fold1_v1.joblib
1,screenshot_strong,QWEN_0594_GPT_Image_15,1,0.19044522941112518,qwen::GPT-Image-1.5,,models/v2/clip_lora_fold1_best_v1.pt,models/v2/v2_10b_h2_balanced_logreg_fold1_v1.joblib
1,screenshot_strong,QWEN_0597_gpt_image_2,1,0.322559654712677,qwen::gpt-image-2,,models/v2/clip_lora_fold1_best_v1.pt,models/v2/v2_10b_h2_balanced_logreg_fold1_v1.joblib
1,screenshot_strong,QWEN_0597_FLUX2_max,1,0.3322320580482483,qwen::FLUX.2_max,,models/v2/clip_lora_fold1_best_v1.pt,models/v2/v2_10b_h2_balanced_logreg_fold1_v1.joblib
1,screenshot_strong,QWEN_0597_kling_v2_1,1,0.5572911500930786,qwen::kling_v2_1,,models/v2/clip_lora_fold1_best_v1.pt,models/v2/v2_10b_h2_balanced_logreg_fold1_v1.joblib
1,screenshot_strong,QWEN_0597_Qwen_Image_2512,1,0.21193809807300568,qwen::Qwen-Image-2512,,models/v2/clip_lora_fold1_best_v1.pt,models/v2/v2_10b_h2_balanced_logreg_fold1_v1.joblib
1,screenshot_strong,QWEN_0597_GPT_Image_1,1,0.4397326707839966,qwen::GPT-Image-1,,models/v2/clip_lora_fold1_best_v1.pt,models/v2/v2_10b_h2_balanced_logreg_fold1_v1.joblib
1,screenshot_strong,QWEN_0597_GPT_Image_15,1,0.22423221170902252,qwen::GPT-Image-1.5,,models/v2/clip_lora_fold1_best_v1.pt,models/v2/v2_10b_h2_balanced_logreg_fold1_v1.joblib
1,screenshot_strong,QWEN_0621_gpt_image_2,1,0.10242909938097,qwen::gpt-image-2,,models/v2/clip_lora_fold1_best_v1.pt,models/v2/v2_10b_h2_balanced_logreg_fold1_v1.joblib
1,screenshot_strong,QWEN_0621_FLUX2_max,1,0.22491717338562012,qwen::FLUX.2_max,,models/v2/clip_lora_fold1_best_v1.pt,models/v2/v2_10b_h2_balanced_logreg_fold1_v1.joblib
1,screenshot_strong,QWEN_0621_kling_v2_1,1,0.07060170918703079,qwen::kling_v2_1,,models/v2/clip_lora_fold1_best_v1.pt,models/v2/v2_10b_h2_balanced_logreg_fold1_v1.joblib
1,screenshot_strong,QWEN_0621_Qwen_Image_2512,1,0.030354825779795647,qwen::Qwen-Image-2512,,models/v2/clip_lora_fold1_best_v1.pt,models/v2/v2_10b_h2_balanced_logreg_fold1_v1.joblib
1,screenshot_strong,QWEN_0621_GPT_Image_1,1,0.473735511302948,qwen::GPT-Image-1,,models/v2/clip_lora_fold1_best_v1.pt,models/v2/v2_10b_h2_balanced_logreg_fold1_v1.joblib
1,screenshot_strong,QWEN_0621_GPT_Image_15,1,0.26185399293899536,qwen::GPT-Image-1.5,,models/v2/clip_lora_fold1_best_v1.pt,models/v2/v2_10b_h2_balanced_logreg_fold1_v1.joblib
1,screenshot_strong,QWEN_0634_gpt_image_2,1,0.21660035848617554,qwen::gpt-image-2,,models/v2/clip_lora_fold1_best_v1.pt,models/v2/v2_10b_h2_balanced_logreg_fold1_v1.joblib
1,screenshot_strong,QWEN_0634_FLUX2_max,1,0.04505706951022148,qwen::FLUX.2_max,,models/v2/clip_lora_fold1_best_v1.pt,models/v2/v2_10b_h2_balanced_logreg_fold1_v1.joblib
1,screenshot_strong,QWEN_0634_kling_v2_1,1,0.12160731852054596,qwen::kling_v2_1,,models/v2/clip_lora_fold1_best_v1.pt,models/v2/v2_10b_h2_balanced_logreg_fold1_v1.joblib
1,screenshot_strong,QWEN_0634_Qwen_Image_2512,1,0.3211010992527008,qwen::Qwen-Image-2512,,models/v2/clip_lora_fold1_best_v1.pt,models/v2/v2_10b_h2_balanced_logreg_fold1_v1.joblib
1,screenshot_strong,QWEN_0634_GPT_Image_1,1,0.24522650241851807,qwen::GPT-Image-1,,models/v2/clip_lora_fold1_best_v1.pt,models/v2/v2_10b_h2_balanced_logreg_fold1_v1.joblib
1,screenshot_strong,QWEN_0634_GPT_Image_15,1,0.11122347414493561,qwen::GPT-Image-1.5,,models/v2/clip_lora_fold1_best_v1.pt,models/v2/v2_10b_h2_balanced_logreg_fold1_v1.joblib
1,screenshot_strong,QWEN_0637_gpt_image_2,1,0.16661448776721954,qwen::gpt-image-2,,models/v2/clip_lora_fold1_best_v1.pt,models/v2/v2_10b_h2_balanced_logreg_fold1_v1.joblib
1,screenshot_strong,QWEN_0637_FLUX2_max,1,0.24246717989444733,qwen::FLUX.2_max,,models/v2/clip_lora_fold1_best_v1.pt,models/v2/v2_10b_h2_balanced_logreg_fold1_v1.joblib
1,screenshot_strong,QWEN_0637_kling_v2_1,1,0.3202071487903595,qwen::kling_v2_1,,models/v2/clip_lora_fold1_best_v1.pt,models/v2/v2_10b_h2_balanced_logreg_fold1_v1.joblib
1,screenshot_strong,QWEN_0637_Qwen_Image_2512,1,0.20692898333072662,qwen::Qwen-Image-2512,,models/v2/clip_lora_fold1_best_v1.pt,models/v2/v2_10b_h2_balanced_logreg_fold1_v1.joblib
1,screenshot_strong,QWEN_0637_GPT_Image_1,1,0.20461292564868927,qwen::GPT-Image-1,,models/v2/clip_lora_fold1_best_v1.pt,models/v2/v2_10b_h2_balanced_logreg_fold1_v1.joblib
1,screenshot_strong,QWEN_0637_GPT_Image_15,1,0.12743957340717316,qwen::GPT-Image-1.5,,models/v2/clip_lora_fold1_best_v1.pt,models/v2/v2_10b_h2_balanced_logreg_fold1_v1.joblib
1,screenshot_strong,QWEN_0644_gpt_image_2,1,0.03424571454524994,qwen::gpt-image-2,,models/v2/clip_lora_fold1_best_v1.pt,models/v2/v2_10b_h2_balanced_logreg_fold1_v1.joblib
1,screenshot_strong,QWEN_0644_FLUX2_max,1,0.3486686050891876,qwen::FLUX.2_max,,models/v2/clip_lora_fold1_best_v1.pt,models/v2/v2_10b_h2_balanced_logreg_fold1_v1.joblib
1,screenshot_strong,QWEN_0644_kling_v2_1,1,0.6788283586502075,qwen::kling_v2_1,,models/v2/clip_lora_fold1_best_v1.pt,models/v2/v2_10b_h2_balanced_logreg_fold1_v1.joblib
1,screenshot_strong,QWEN_0644_Qwen_Image_2512,1,0.5455846190452576,qwen::Qwen-Image-2512,,models/v2/clip_lora_fold1_best_v1.pt,models/v2/v2_10b_h2_balanced_logreg_fold1_v1.joblib
1,screenshot_strong,QWEN_0644_GPT_Image_1,1,0.38767457008361816,qwen::GPT-Image-1,,models/v2/clip_lora_fold1_best_v1.pt,models/v2/v2_10b_h2_balanced_logreg_fold1_v1.joblib
1,screenshot_strong,QWEN_0644_GPT_Image_15,1,0.2867622971534729,qwen::GPT-Image-1.5,,models/v2/clip_lora_fold1_best_v1.pt,models/v2/v2_10b_h2_balanced_logreg_fold1_v1.joblib
1,screenshot_strong,QWEN_0656_gpt_image_2,1,0.0872444361448288,qwen::gpt-image-2,,models/v2/clip_lora_fold1_best_v1.pt,models/v2/v2_10b_h2_balanced_logreg_fold1_v1.joblib
1,screenshot_strong,QWEN_0656_FLUX2_max,1,0.04518364369869232,qwen::FLUX.2_max,,models/v2/clip_lora_fold1_best_v1.pt,models/v2/v2_10b_h2_balanced_logreg_fold1_v1.joblib
1,screenshot_strong,QWEN_0656_kling_v2_1,1,0.486088365316391,qwen::kling_v2_1,,models/v2/clip_lora_fold1_best_v1.pt,models/v2/v2_10b_h2_balanced_logreg_fold1_v1.joblib
1,screenshot_strong,QWEN_0656_Qwen_Image_2512,1,0.0426248200237751,qwen::Qwen-Image-2512,,models/v2/clip_lora_fold1_best_v1.pt,models/v2/v2_10b_h2_balanced_logreg_fold1_v1.joblib
1,screenshot_strong,QWEN_0656_GPT_Image_1,1,0.1174190565943718,qwen::GPT-Image-1,,models/v2/clip_lora_fold1_best_v1.pt,models/v2/v2_10b_h2_balanced_logreg_fold1_v1.joblib
1,screenshot_strong,QWEN_0656_GPT_Image_15,1,0.1289488822221756,qwen::GPT-Image-1.5,,models/v2/clip_lora_fold1_best_v1.pt,models/v2/v2_10b_h2_balanced_logreg_fold1_v1.joblib
1,screenshot_strong,QWEN_0657_gpt_image_2,1,0.20050755143165588,qwen::gpt-image-2,,models/v2/clip_lora_fold1_best_v1.pt,models/v2/v2_10b_h2_balanced_logreg_fold1_v1.joblib
1,screenshot_strong,QWEN_0657_FLUX2_max,1,0.17067140340805054,qwen::FLUX.2_max,,models/v2/clip_lora_fold1_best_v1.pt,models/v2/v2_10b_h2_balanced_logreg_fold1_v1.joblib
1,screenshot_strong,QWEN_0657_kling_v2_1,1,0.17403218150138855,qwen::kling_v2_1,,models/v2/clip_lora_fold1_best_v1.pt,models/v2/v2_10b_h2_balanced_logreg_fold1_v1.joblib
1,screenshot_strong,QWEN_0657_Qwen_Image_2512,1,0.14040178060531616,qwen::Qwen-Image-2512,,models/v2/clip_lora_fold1_best_v1.pt,models/v2/v2_10b_h2_balanced_logreg_fold1_v1.joblib
1,screenshot_strong,QWEN_0657_GPT_Image_1,1,0.11920943856239319,qwen::GPT-Image-1,,models/v2/clip_lora_fold1_best_v1.pt,models/v2/v2_10b_h2_balanced_logreg_fold1_v1.joblib
1,screenshot_strong,QWEN_0657_GPT_Image_15,1,0.16591276228427887,qwen::GPT-Image-1.5,,models/v2/clip_lora_fold1_best_v1.pt,models/v2/v2_10b_h2_balanced_logreg_fold1_v1.joblib
1,screenshot_strong,QWEN_0661_gpt_image_2,1,0.1469060182571411,qwen::gpt-image-2,,models/v2/clip_lora_fold1_best_v1.pt,models/v2/v2_10b_h2_balanced_logreg_fold1_v1.joblib
1,screenshot_strong,QWEN_0661_FLUX2_max,1,0.06824145466089249,qwen::FLUX.2_max,,models/v2/clip_lora_fold1_best_v1.pt,models/v2/v2_10b_h2_balanced_logreg_fold1_v1.joblib
1,screenshot_strong,QWEN_0661_kling_v2_1,1,0.392621785402298,qwen::kling_v2_1,,models/v2/clip_lora_fold1_best_v1.pt,models/v2/v2_10b_h2_balanced_logreg_fold1_v1.joblib
1,screenshot_strong,QWEN_0661_Qwen_Image_2512,1,0.1280040740966797,qwen::Qwen-Image-2512,,models/v2/clip_lora_fold1_best_v1.pt,models/v2/v2_10b_h2_balanced_logreg_fold1_v1.joblib
1,screenshot_strong,QWEN_0661_GPT_Image_1,1,0.6882345676422119,qwen::GPT-Image-1,,models/v2/clip_lora_fold1_best_v1.pt,models/v2/v2_10b_h2_balanced_logreg_fold1_v1.joblib
1,screenshot_strong,QWEN_0661_GPT_Image_15,1,0.13617712259292603,qwen::GPT-Image-1.5,,models/v2/clip_lora_fold1_best_v1.pt,models/v2/v2_10b_h2_balanced_logreg_fold1_v1.joblib
1,screenshot_strong,QWEN_0670_gpt_image_2,1,0.025012295693159103,qwen::gpt-image-2,,models/v2/clip_lora_fold1_best_v1.pt,models/v2/v2_10b_h2_balanced_logreg_fold1_v1.joblib
1,screenshot_strong,QWEN_0670_FLUX2_max,1,0.22768844664096832,qwen::FLUX.2_max,,models/v2/clip_lora_fold1_best_v1.pt,models/v2/v2_10b_h2_balanced_logreg_fold1_v1.joblib
1,screenshot_strong,QWEN_0670_kling_v2_1,1,0.022311368957161903,qwen::kling_v2_1,,models/v2/clip_lora_fold1_best_v1.pt,models/v2/v2_10b_h2_balanced_logreg_fold1_v1.joblib
1,screenshot_strong,QWEN_0670_Qwen_Image_2512,1,0.023159855976700783,qwen::Qwen-Image-2512,,models/v2/clip_lora_fold1_best_v1.pt,models/v2/v2_10b_h2_balanced_logreg_fold1_v1.joblib
1,screenshot_strong,QWEN_0670_GPT_Image_1,1,0.03357769176363945,qwen::GPT-Image-1,,models/v2/clip_lora_fold1_best_v1.pt,models/v2/v2_10b_h2_balanced_logreg_fold1_v1.joblib
1,screenshot_strong,QWEN_0670_GPT_Image_15,1,0.016946127638220787,qwen::GPT-Image-1.5,,models/v2/clip_lora_fold1_best_v1.pt,models/v2/v2_10b_h2_balanced_logreg_fold1_v1.joblib
1,screenshot_strong,QWEN_0672_gpt_image_2,1,0.05502483248710632,qwen::gpt-image-2,,models/v2/clip_lora_fold1_best_v1.pt,models/v2/v2_10b_h2_balanced_logreg_fold1_v1.joblib
1,screenshot_strong,QWEN_0672_FLUX2_max,1,0.08440439403057098,qwen::FLUX.2_max,,models/v2/clip_lora_fold1_best_v1.pt,models/v2/v2_10b_h2_balanced_logreg_fold1_v1.joblib
1,screenshot_strong,QWEN_0672_kling_v2_1,1,0.050432950258255005,qwen::kling_v2_1,,models/v2/clip_lora_fold1_best_v1.pt,models/v2/v2_10b_h2_balanced_logreg_fold1_v1.joblib
1,screenshot_strong,QWEN_0672_Qwen_Image_2512,1,0.09467839449644089,qwen::Qwen-Image-2512,,models/v2/clip_lora_fold1_best_v1.pt,models/v2/v2_10b_h2_balanced_logreg_fold1_v1.joblib
1,screenshot_strong,QWEN_0672_GPT_Image_1,1,0.2816498279571533,qwen::GPT-Image-1,,models/v2/clip_lora_fold1_best_v1.pt,models/v2/v2_10b_h2_balanced_logreg_fold1_v1.joblib
1,screenshot_strong,QWEN_0672_GPT_Image_15,1,0.11049894988536835,qwen::GPT-Image-1.5,,models/v2/clip_lora_fold1_best_v1.pt,models/v2/v2_10b_h2_balanced_logreg_fold1_v1.joblib
1,screenshot_strong,QWEN_0682_gpt_image_2,1,0.08223557472229004,qwen::gpt-image-2,,models/v2/clip_lora_fold1_best_v1.pt,models/v2/v2_10b_h2_balanced_logreg_fold1_v1.joblib
1,screenshot_strong,QWEN_0682_FLUX2_max,1,0.26877498626708984,qwen::FLUX.2_max,,models/v2/clip_lora_fold1_best_v1.pt,models/v2/v2_10b_h2_balanced_logreg_fold1_v1.joblib
1,screenshot_strong,QWEN_0682_kling_v2_1,1,0.30382007360458374,qwen::kling_v2_1,,models/v2/clip_lora_fold1_best_v1.pt,models/v2/v2_10b_h2_balanced_logreg_fold1_v1.joblib
1,screenshot_strong,QWEN_0682_Qwen_Image_2512,1,0.26836079359054565,qwen::Qwen-Image-2512,,models/v2/clip_lora_fold1_best_v1.pt,models/v2/v2_10b_h2_balanced_logreg_fold1_v1.joblib
1,screenshot_strong,QWEN_0682_GPT_Image_1,1,0.3086463212966919,qwen::GPT-Image-1,,models/v2/clip_lora_fold1_best_v1.pt,models/v2/v2_10b_h2_balanced_logreg_fold1_v1.joblib
1,screenshot_strong,QWEN_0682_GPT_Image_15,1,0.4532965421676636,qwen::GPT-Image-1.5,,models/v2/clip_lora_fold1_best_v1.pt,models/v2/v2_10b_h2_balanced_logreg_fold1_v1.joblib
1,screenshot_strong,QWEN_0691_gpt_image_2,1,0.08136099576950073,qwen::gpt-image-2,,models/v2/clip_lora_fold1_best_v1.pt,models/v2/v2_10b_h2_balanced_logreg_fold1_v1.joblib
1,screenshot_strong,QWEN_0691_FLUX2_max,1,0.24881014227867126,qwen::FLUX.2_max,,models/v2/clip_lora_fold1_best_v1.pt,models/v2/v2_10b_h2_balanced_logreg_fold1_v1.joblib
1,screenshot_strong,QWEN_0691_kling_v2_1,1,0.05338550731539726,qwen::kling_v2_1,,models/v2/clip_lora_fold1_best_v1.pt,models/v2/v2_10b_h2_balanced_logreg_fold1_v1.joblib
1,screenshot_strong,QWEN_0691_Qwen_Image_2512,1,0.048420049250125885,qwen::Qwen-Image-2512,,models/v2/clip_lora_fold1_best_v1.pt,models/v2/v2_10b_h2_balanced_logreg_fold1_v1.joblib
1,screenshot_strong,QWEN_0691_GPT_Image_1,1,0.0667654424905777,qwen::GPT-Image-1,,models/v2/clip_lora_fold1_best_v1.pt,models/v2/v2_10b_h2_balanced_logreg_fold1_v1.joblib
1,screenshot_strong,QWEN_0691_GPT_Image_15,1,0.10962146520614624,qwen::GPT-Image-1.5,,models/v2/clip_lora_fold1_best_v1.pt,models/v2/v2_10b_h2_balanced_logreg_fold1_v1.joblib
1,screenshot_strong,QWEN_0696_gpt_image_2,1,0.35771843791007996,qwen::gpt-image-2,,models/v2/clip_lora_fold1_best_v1.pt,models/v2/v2_10b_h2_balanced_logreg_fold1_v1.joblib
1,screenshot_strong,QWEN_0696_FLUX2_max,1,0.6884857416152954,qwen::FLUX.2_max,,models/v2/clip_lora_fold1_best_v1.pt,models/v2/v2_10b_h2_balanced_logreg_fold1_v1.joblib
1,screenshot_strong,QWEN_0696_kling_v2_1,1,0.4550837576389313,qwen::kling_v2_1,,models/v2/clip_lora_fold1_best_v1.pt,models/v2/v2_10b_h2_balanced_logreg_fold1_v1.joblib
1,screenshot_strong,QWEN_0696_Qwen_Image_2512,1,0.4946562349796295,qwen::Qwen-Image-2512,,models/v2/clip_lora_fold1_best_v1.pt,models/v2/v2_10b_h2_balanced_logreg_fold1_v1.joblib
1,screenshot_strong,QWEN_0696_GPT_Image_1,1,0.5925841331481934,qwen::GPT-Image-1,,models/v2/clip_lora_fold1_best_v1.pt,models/v2/v2_10b_h2_balanced_logreg_fold1_v1.joblib
1,screenshot_strong,QWEN_0696_GPT_Image_15,1,0.6262630224227905,qwen::GPT-Image-1.5,,models/v2/clip_lora_fold1_best_v1.pt,models/v2/v2_10b_h2_balanced_logreg_fold1_v1.joblib
1,screenshot_strong,QWEN_0699_gpt_image_2,1,0.0602964349091053,qwen::gpt-image-2,,models/v2/clip_lora_fold1_best_v1.pt,models/v2/v2_10b_h2_balanced_logreg_fold1_v1.joblib
1,screenshot_strong,QWEN_0699_FLUX2_max,1,0.127103790640831,qwen::FLUX.2_max,,models/v2/clip_lora_fold1_best_v1.pt,models/v2/v2_10b_h2_balanced_logreg_fold1_v1.joblib
1,screenshot_strong,QWEN_0699_kling_v2_1,1,0.2990209460258484,qwen::kling_v2_1,,models/v2/clip_lora_fold1_best_v1.pt,models/v2/v2_10b_h2_balanced_logreg_fold1_v1.joblib
1,screenshot_strong,QWEN_0699_Qwen_Image_2512,1,0.13084670901298523,qwen::Qwen-Image-2512,,models/v2/clip_lora_fold1_best_v1.pt,models/v2/v2_10b_h2_balanced_logreg_fold1_v1.joblib
1,screenshot_strong,QWEN_0699_GPT_Image_1,1,0.6155261397361755,qwen::GPT-Image-1,,models/v2/clip_lora_fold1_best_v1.pt,models/v2/v2_10b_h2_balanced_logreg_fold1_v1.joblib
1,screenshot_strong,QWEN_0699_GPT_Image_15,1,0.1693645715713501,qwen::GPT-Image-1.5,,models/v2/clip_lora_fold1_best_v1.pt,models/v2/v2_10b_h2_balanced_logreg_fold1_v1.joblib
1,screenshot_strong,QWEN_0713_gpt_image_2,1,0.38075706362724304,qwen::gpt-image-2,,models/v2/clip_lora_fold1_best_v1.pt,models/v2/v2_10b_h2_balanced_logreg_fold1_v1.joblib
1,screenshot_strong,QWEN_0713_FLUX2_max,1,0.09532832354307175,qwen::FLUX.2_max,,models/v2/clip_lora_fold1_best_v1.pt,models/v2/v2_10b_h2_balanced_logreg_fold1_v1.joblib
1,screenshot_strong,QWEN_0713_kling_v2_1,1,0.15349829196929932,qwen::kling_v2_1,,models/v2/clip_lora_fold1_best_v1.pt,models/v2/v2_10b_h2_balanced_logreg_fold1_v1.joblib
1,screenshot_strong,QWEN_0713_Qwen_Image_2512,1,0.29007142782211304,qwen::Qwen-Image-2512,,models/v2/clip_lora_fold1_best_v1.pt,models/v2/v2_10b_h2_balanced_logreg_fold1_v1.joblib
1,screenshot_strong,QWEN_0713_GPT_Image_1,1,0.6174960732460022,qwen::GPT-Image-1,,models/v2/clip_lora_fold1_best_v1.pt,models/v2/v2_10b_h2_balanced_logreg_fold1_v1.joblib
1,screenshot_strong,QWEN_0713_GPT_Image_15,1,0.48936963081359863,qwen::GPT-Image-1.5,,models/v2/clip_lora_fold1_best_v1.pt,models/v2/v2_10b_h2_balanced_logreg_fold1_v1.joblib
1,screenshot_strong,QWEN_0715_gpt_image_2,1,0.06651415675878525,qwen::gpt-image-2,,models/v2/clip_lora_fold1_best_v1.pt,models/v2/v2_10b_h2_balanced_logreg_fold1_v1.joblib
1,screenshot_strong,QWEN_0715_FLUX2_max,1,0.22990524768829346,qwen::FLUX.2_max,,models/v2/clip_lora_fold1_best_v1.pt,models/v2/v2_10b_h2_balanced_logreg_fold1_v1.joblib
1,screenshot_strong,QWEN_0715_kling_v2_1,1,0.268258661031723,qwen::kling_v2_1,,models/v2/clip_lora_fold1_best_v1.pt,models/v2/v2_10b_h2_balanced_logreg_fold1_v1.joblib
1,screenshot_strong,QWEN_0715_Qwen_Image_2512,1,0.15049436688423157,qwen::Qwen-Image-2512,,models/v2/clip_lora_fold1_best_v1.pt,models/v2/v2_10b_h2_balanced_logreg_fold1_v1.joblib
1,screenshot_strong,QWEN_0715_GPT_Image_1,1,0.43308916687965393,qwen::GPT-Image-1,,models/v2/clip_lora_fold1_best_v1.pt,models/v2/v2_10b_h2_balanced_logreg_fold1_v1.joblib
1,screenshot_strong,QWEN_0715_GPT_Image_15,1,0.13799212872982025,qwen::GPT-Image-1.5,,models/v2/clip_lora_fold1_best_v1.pt,models/v2/v2_10b_h2_balanced_logreg_fold1_v1.joblib
1,screenshot_strong,QWEN_0717_gpt_image_2,1,0.17457735538482666,qwen::gpt-image-2,,models/v2/clip_lora_fold1_best_v1.pt,models/v2/v2_10b_h2_balanced_logreg_fold1_v1.joblib
1,screenshot_strong,QWEN_0717_FLUX2_max,1,0.12295916676521301,qwen::FLUX.2_max,,models/v2/clip_lora_fold1_best_v1.pt,models/v2/v2_10b_h2_balanced_logreg_fold1_v1.joblib
1,screenshot_strong,QWEN_0717_kling_v2_1,1,0.4898601472377777,qwen::kling_v2_1,,models/v2/clip_lora_fold1_best_v1.pt,models/v2/v2_10b_h2_balanced_logreg_fold1_v1.joblib
1,screenshot_strong,QWEN_0717_Qwen_Image_2512,1,0.26421472430229187,qwen::Qwen-Image-2512,,models/v2/clip_lora_fold1_best_v1.pt,models/v2/v2_10b_h2_balanced_logreg_fold1_v1.joblib
1,screenshot_strong,QWEN_0717_GPT_Image_1,1,0.3739224672317505,qwen::GPT-Image-1,,models/v2/clip_lora_fold1_best_v1.pt,models/v2/v2_10b_h2_balanced_logreg_fold1_v1.joblib
1,screenshot_strong,QWEN_0717_GPT_Image_15,1,0.33670440316200256,qwen::GPT-Image-1.5,,models/v2/clip_lora_fold1_best_v1.pt,models/v2/v2_10b_h2_balanced_logreg_fold1_v1.joblib
1,screenshot_strong,QWEN_0721_gpt_image_2,1,0.34734097123146057,qwen::gpt-image-2,,models/v2/clip_lora_fold1_best_v1.pt,models/v2/v2_10b_h2_balanced_logreg_fold1_v1.joblib
1,screenshot_strong,QWEN_0721_FLUX2_max,1,0.2775479555130005,qwen::FLUX.2_max,,models/v2/clip_lora_fold1_best_v1.pt,models/v2/v2_10b_h2_balanced_logreg_fold1_v1.joblib
1,screenshot_strong,QWEN_0721_kling_v2_1,1,0.3077799677848816,qwen::kling_v2_1,,models/v2/clip_lora_fold1_best_v1.pt,models/v2/v2_10b_h2_balanced_logreg_fold1_v1.joblib
1,screenshot_strong,QWEN_0721_Qwen_Image_2512,1,0.43788832426071167,qwen::Qwen-Image-2512,,models/v2/clip_lora_fold1_best_v1.pt,models/v2/v2_10b_h2_balanced_logreg_fold1_v1.joblib
1,screenshot_strong,QWEN_0721_GPT_Image_1,1,0.34686723351478577,qwen::GPT-Image-1,,models/v2/clip_lora_fold1_best_v1.pt,models/v2/v2_10b_h2_balanced_logreg_fold1_v1.joblib
1,screenshot_strong,QWEN_0721_GPT_Image_15,1,0.20889557898044586,qwen::GPT-Image-1.5,,models/v2/clip_lora_fold1_best_v1.pt,models/v2/v2_10b_h2_balanced_logreg_fold1_v1.joblib
1,screenshot_strong,QWEN_0723_gpt_image_2,1,0.05181611701846123,qwen::gpt-image-2,,models/v2/clip_lora_fold1_best_v1.pt,models/v2/v2_10b_h2_balanced_logreg_fold1_v1.joblib
1,screenshot_strong,QWEN_0723_FLUX2_max,1,0.16933223605155945,qwen::FLUX.2_max,,models/v2/clip_lora_fold1_best_v1.pt,models/v2/v2_10b_h2_balanced_logreg_fold1_v1.joblib
1,screenshot_strong,QWEN_0723_kling_v2_1,1,0.7132259011268616,qwen::kling_v2_1,,models/v2/clip_lora_fold1_best_v1.pt,models/v2/v2_10b_h2_balanced_logreg_fold1_v1.joblib
1,screenshot_strong,QWEN_0723_Qwen_Image_2512,1,0.33367615938186646,qwen::Qwen-Image-2512,,models/v2/clip_lora_fold1_best_v1.pt,models/v2/v2_10b_h2_balanced_logreg_fold1_v1.joblib
1,screenshot_strong,QWEN_0723_GPT_Image_1,1,0.1904352903366089,qwen::GPT-Image-1,,models/v2/clip_lora_fold1_best_v1.pt,models/v2/v2_10b_h2_balanced_logreg_fold1_v1.joblib
1,screenshot_strong,QWEN_0723_GPT_Image_15,1,0.07397843152284622,qwen::GPT-Image-1.5,,models/v2/clip_lora_fold1_best_v1.pt,models/v2/v2_10b_h2_balanced_logreg_fold1_v1.joblib
1,screenshot_strong,QWEN_0740_gpt_image_2,1,0.21072711050510406,qwen::gpt-image-2,,models/v2/clip_lora_fold1_best_v1.pt,models/v2/v2_10b_h2_balanced_logreg_fold1_v1.joblib
1,screenshot_strong,QWEN_0740_FLUX2_max,1,0.30761265754699707,qwen::FLUX.2_max,,models/v2/clip_lora_fold1_best_v1.pt,models/v2/v2_10b_h2_balanced_logreg_fold1_v1.joblib
1,screenshot_strong,QWEN_0740_kling_v2_1,1,0.33204400539398193,qwen::kling_v2_1,,models/v2/clip_lora_fold1_best_v1.pt,models/v2/v2_10b_h2_balanced_logreg_fold1_v1.joblib
1,screenshot_strong,QWEN_0740_Qwen_Image_2512,1,0.5078777074813843,qwen::Qwen-Image-2512,,models/v2/clip_lora_fold1_best_v1.pt,models/v2/v2_10b_h2_balanced_logreg_fold1_v1.joblib
1,screenshot_strong,QWEN_0740_GPT_Image_1,1,0.13552941381931305,qwen::GPT-Image-1,,models/v2/clip_lora_fold1_best_v1.pt,models/v2/v2_10b_h2_balanced_logreg_fold1_v1.joblib
1,screenshot_strong,QWEN_0740_GPT_Image_15,1,0.5451039671897888,qwen::GPT-Image-1.5,,models/v2/clip_lora_fold1_best_v1.pt,models/v2/v2_10b_h2_balanced_logreg_fold1_v1.joblib
1,screenshot_strong,QWEN_0760_gpt_image_2,1,0.6212417483329773,qwen::gpt-image-2,,models/v2/clip_lora_fold1_best_v1.pt,models/v2/v2_10b_h2_balanced_logreg_fold1_v1.joblib
1,screenshot_strong,QWEN_0760_FLUX2_max,1,0.2158244103193283,qwen::FLUX.2_max,,models/v2/clip_lora_fold1_best_v1.pt,models/v2/v2_10b_h2_balanced_logreg_fold1_v1.joblib
1,screenshot_strong,QWEN_0760_kling_v2_1,1,0.41383251547813416,qwen::kling_v2_1,,models/v2/clip_lora_fold1_best_v1.pt,models/v2/v2_10b_h2_balanced_logreg_fold1_v1.joblib
1,screenshot_strong,QWEN_0760_Qwen_Image_2512,1,0.35053354501724243,qwen::Qwen-Image-2512,,models/v2/clip_lora_fold1_best_v1.pt,models/v2/v2_10b_h2_balanced_logreg_fold1_v1.joblib
1,screenshot_strong,QWEN_0760_GPT_Image_1,1,0.5255460143089294,qwen::GPT-Image-1,,models/v2/clip_lora_fold1_best_v1.pt,models/v2/v2_10b_h2_balanced_logreg_fold1_v1.joblib
1,screenshot_strong,QWEN_0760_GPT_Image_15,1,0.3833569586277008,qwen::GPT-Image-1.5,,models/v2/clip_lora_fold1_best_v1.pt,models/v2/v2_10b_h2_balanced_logreg_fold1_v1.joblib
1,screenshot_strong,QWEN_0764_gpt_image_2,1,0.887104868888855,qwen::gpt-image-2,,models/v2/clip_lora_fold1_best_v1.pt,models/v2/v2_10b_h2_balanced_logreg_fold1_v1.joblib
1,screenshot_strong,QWEN_0764_FLUX2_max,1,0.5712367296218872,qwen::FLUX.2_max,,models/v2/clip_lora_fold1_best_v1.pt,models/v2/v2_10b_h2_balanced_logreg_fold1_v1.joblib
1,screenshot_strong,QWEN_0764_kling_v2_1,1,0.5923405885696411,qwen::kling_v2_1,,models/v2/clip_lora_fold1_best_v1.pt,models/v2/v2_10b_h2_balanced_logreg_fold1_v1.joblib
1,screenshot_strong,QWEN_0764_Qwen_Image_2512,1,0.7439296245574951,qwen::Qwen-Image-2512,,models/v2/clip_lora_fold1_best_v1.pt,models/v2/v2_10b_h2_balanced_logreg_fold1_v1.joblib
1,screenshot_strong,QWEN_0764_GPT_Image_1,1,0.7898196578025818,qwen::GPT-Image-1,,models/v2/clip_lora_fold1_best_v1.pt,models/v2/v2_10b_h2_balanced_logreg_fold1_v1.joblib
1,screenshot_strong,QWEN_0764_GPT_Image_15,1,0.36760997772216797,qwen::GPT-Image-1.5,,models/v2/clip_lora_fold1_best_v1.pt,models/v2/v2_10b_h2_balanced_logreg_fold1_v1.joblib
1,screenshot_strong,QWEN_0772_gpt_image_2,1,0.5435840487480164,qwen::gpt-image-2,,models/v2/clip_lora_fold1_best_v1.pt,models/v2/v2_10b_h2_balanced_logreg_fold1_v1.joblib
1,screenshot_strong,QWEN_0772_FLUX2_max,1,0.2523256540298462,qwen::FLUX.2_max,,models/v2/clip_lora_fold1_best_v1.pt,models/v2/v2_10b_h2_balanced_logreg_fold1_v1.joblib
1,screenshot_strong,QWEN_0772_kling_v2_1,1,0.42451781034469604,qwen::kling_v2_1,,models/v2/clip_lora_fold1_best_v1.pt,models/v2/v2_10b_h2_balanced_logreg_fold1_v1.joblib
1,screenshot_strong,QWEN_0772_Qwen_Image_2512,1,0.6054739356040955,qwen::Qwen-Image-2512,,models/v2/clip_lora_fold1_best_v1.pt,models/v2/v2_10b_h2_balanced_logreg_fold1_v1.joblib
1,screenshot_strong,QWEN_0772_GPT_Image_1,1,0.5172601342201233,qwen::GPT-Image-1,,models/v2/clip_lora_fold1_best_v1.pt,models/v2/v2_10b_h2_balanced_logreg_fold1_v1.joblib
1,screenshot_strong,QWEN_0772_GPT_Image_15,1,0.4993077516555786,qwen::GPT-Image-1.5,,models/v2/clip_lora_fold1_best_v1.pt,models/v2/v2_10b_h2_balanced_logreg_fold1_v1.joblib
1,screenshot_strong,QWEN_0773_gpt_image_2,1,0.25316938757896423,qwen::gpt-image-2,,models/v2/clip_lora_fold1_best_v1.pt,models/v2/v2_10b_h2_balanced_logreg_fold1_v1.joblib
1,screenshot_strong,QWEN_0773_FLUX2_max,1,0.07327867299318314,qwen::FLUX.2_max,,models/v2/clip_lora_fold1_best_v1.pt,models/v2/v2_10b_h2_balanced_logreg_fold1_v1.joblib
1,screenshot_strong,QWEN_0773_kling_v2_1,1,0.5558416843414307,qwen::kling_v2_1,,models/v2/clip_lora_fold1_best_v1.pt,models/v2/v2_10b_h2_balanced_logreg_fold1_v1.joblib
1,screenshot_strong,QWEN_0773_Qwen_Image_2512,1,0.26618704199790955,qwen::Qwen-Image-2512,,models/v2/clip_lora_fold1_best_v1.pt,models/v2/v2_10b_h2_balanced_logreg_fold1_v1.joblib
1,screenshot_strong,QWEN_0773_GPT_Image_1,1,0.35543394088745117,qwen::GPT-Image-1,,models/v2/clip_lora_fold1_best_v1.pt,models/v2/v2_10b_h2_balanced_logreg_fold1_v1.joblib
1,screenshot_strong,QWEN_0773_GPT_Image_15,1,0.41812509298324585,qwen::GPT-Image-1.5,,models/v2/clip_lora_fold1_best_v1.pt,models/v2/v2_10b_h2_balanced_logreg_fold1_v1.joblib
1,screenshot_strong,QWEN_0777_gpt_image_2,1,0.7081363201141357,qwen::gpt-image-2,,models/v2/clip_lora_fold1_best_v1.pt,models/v2/v2_10b_h2_balanced_logreg_fold1_v1.joblib
1,screenshot_strong,QWEN_0777_FLUX2_max,1,0.21766142547130585,qwen::FLUX.2_max,,models/v2/clip_lora_fold1_best_v1.pt,models/v2/v2_10b_h2_balanced_logreg_fold1_v1.joblib
1,screenshot_strong,QWEN_0777_kling_v2_1,1,0.7276831865310669,qwen::kling_v2_1,,models/v2/clip_lora_fold1_best_v1.pt,models/v2/v2_10b_h2_balanced_logreg_fold1_v1.joblib
1,screenshot_strong,QWEN_0777_Qwen_Image_2512,1,0.7102912664413452,qwen::Qwen-Image-2512,,models/v2/clip_lora_fold1_best_v1.pt,models/v2/v2_10b_h2_balanced_logreg_fold1_v1.joblib
1,screenshot_strong,QWEN_0777_GPT_Image_1,1,0.9686877131462097,qwen::GPT-Image-1,,models/v2/clip_lora_fold1_best_v1.pt,models/v2/v2_10b_h2_balanced_logreg_fold1_v1.joblib
1,screenshot_strong,QWEN_0777_GPT_Image_15,1,0.8240258097648621,qwen::GPT-Image-1.5,,models/v2/clip_lora_fold1_best_v1.pt,models/v2/v2_10b_h2_balanced_logreg_fold1_v1.joblib
1,screenshot_strong,QWEN_0778_gpt_image_2,1,0.24759936332702637,qwen::gpt-image-2,,models/v2/clip_lora_fold1_best_v1.pt,models/v2/v2_10b_h2_balanced_logreg_fold1_v1.joblib
1,screenshot_strong,QWEN_0778_FLUX2_max,1,0.24615517258644104,qwen::FLUX.2_max,,models/v2/clip_lora_fold1_best_v1.pt,models/v2/v2_10b_h2_balanced_logreg_fold1_v1.joblib
1,screenshot_strong,QWEN_0778_kling_v2_1,1,0.5478538870811462,qwen::kling_v2_1,,models/v2/clip_lora_fold1_best_v1.pt,models/v2/v2_10b_h2_balanced_logreg_fold1_v1.joblib
1,screenshot_strong,QWEN_0778_Qwen_Image_2512,1,0.1176728680729866,qwen::Qwen-Image-2512,,models/v2/clip_lora_fold1_best_v1.pt,models/v2/v2_10b_h2_balanced_logreg_fold1_v1.joblib
1,screenshot_strong,QWEN_0778_GPT_Image_1,1,0.26570644974708557,qwen::GPT-Image-1,,models/v2/clip_lora_fold1_best_v1.pt,models/v2/v2_10b_h2_balanced_logreg_fold1_v1.joblib
1,screenshot_strong,QWEN_0778_GPT_Image_15,1,0.3406001031398773,qwen::GPT-Image-1.5,,models/v2/clip_lora_fold1_best_v1.pt,models/v2/v2_10b_h2_balanced_logreg_fold1_v1.joblib
1,screenshot_strong,QWEN_0799_gpt_image_2,1,0.17728464305400848,qwen::gpt-image-2,,models/v2/clip_lora_fold1_best_v1.pt,models/v2/v2_10b_h2_balanced_logreg_fold1_v1.joblib
1,screenshot_strong,QWEN_0799_FLUX2_max,1,0.12734518945217133,qwen::FLUX.2_max,,models/v2/clip_lora_fold1_best_v1.pt,models/v2/v2_10b_h2_balanced_logreg_fold1_v1.joblib
1,screenshot_strong,QWEN_0799_kling_v2_1,1,0.24715754389762878,qwen::kling_v2_1,,models/v2/clip_lora_fold1_best_v1.pt,models/v2/v2_10b_h2_balanced_logreg_fold1_v1.joblib
1,screenshot_strong,QWEN_0799_Qwen_Image_2512,1,0.10746193677186966,qwen::Qwen-Image-2512,,models/v2/clip_lora_fold1_best_v1.pt,models/v2/v2_10b_h2_balanced_logreg_fold1_v1.joblib
1,screenshot_strong,QWEN_0799_GPT_Image_1,1,0.12907059490680695,qwen::GPT-Image-1,,models/v2/clip_lora_fold1_best_v1.pt,models/v2/v2_10b_h2_balanced_logreg_fold1_v1.joblib
1,screenshot_strong,QWEN_0799_GPT_Image_15,1,0.07924024015665054,qwen::GPT-Image-1.5,,models/v2/clip_lora_fold1_best_v1.pt,models/v2/v2_10b_h2_balanced_logreg_fold1_v1.joblib
1,screenshot_strong,QWEN_0805_gpt_image_2,1,0.1724473387002945,qwen::gpt-image-2,,models/v2/clip_lora_fold1_best_v1.pt,models/v2/v2_10b_h2_balanced_logreg_fold1_v1.joblib
1,screenshot_strong,QWEN_0805_FLUX2_max,1,0.08673229068517685,qwen::FLUX.2_max,,models/v2/clip_lora_fold1_best_v1.pt,models/v2/v2_10b_h2_balanced_logreg_fold1_v1.joblib
1,screenshot_strong,QWEN_0805_kling_v2_1,1,0.28145477175712585,qwen::kling_v2_1,,models/v2/clip_lora_fold1_best_v1.pt,models/v2/v2_10b_h2_balanced_logreg_fold1_v1.joblib
1,screenshot_strong,QWEN_0805_Qwen_Image_2512,1,0.18803080916404724,qwen::Qwen-Image-2512,,models/v2/clip_lora_fold1_best_v1.pt,models/v2/v2_10b_h2_balanced_logreg_fold1_v1.joblib
1,screenshot_strong,QWEN_0805_GPT_Image_1,1,0.1142793744802475,qwen::GPT-Image-1,,models/v2/clip_lora_fold1_best_v1.pt,models/v2/v2_10b_h2_balanced_logreg_fold1_v1.joblib
1,screenshot_strong,QWEN_0805_GPT_Image_15,1,0.1269630491733551,qwen::GPT-Image-1.5,,models/v2/clip_lora_fold1_best_v1.pt,models/v2/v2_10b_h2_balanced_logreg_fold1_v1.joblib
1,screenshot_strong,QWEN_0820_gpt_image_2,1,0.16607433557510376,qwen::gpt-image-2,,models/v2/clip_lora_fold1_best_v1.pt,models/v2/v2_10b_h2_balanced_logreg_fold1_v1.joblib
1,screenshot_strong,QWEN_0820_FLUX2_max,1,0.19751225411891937,qwen::FLUX.2_max,,models/v2/clip_lora_fold1_best_v1.pt,models/v2/v2_10b_h2_balanced_logreg_fold1_v1.joblib
1,screenshot_strong,QWEN_0820_kling_v2_1,1,0.14778214693069458,qwen::kling_v2_1,,models/v2/clip_lora_fold1_best_v1.pt,models/v2/v2_10b_h2_balanced_logreg_fold1_v1.joblib
1,screenshot_strong,QWEN_0820_Qwen_Image_2512,1,0.13916344940662384,qwen::Qwen-Image-2512,,models/v2/clip_lora_fold1_best_v1.pt,models/v2/v2_10b_h2_balanced_logreg_fold1_v1.joblib
1,screenshot_strong,QWEN_0820_GPT_Image_1,1,0.2452644407749176,qwen::GPT-Image-1,,models/v2/clip_lora_fold1_best_v1.pt,models/v2/v2_10b_h2_balanced_logreg_fold1_v1.joblib
1,screenshot_strong,QWEN_0820_GPT_Image_15,1,0.08491445332765579,qwen::GPT-Image-1.5,,models/v2/clip_lora_fold1_best_v1.pt,models/v2/v2_10b_h2_balanced_logreg_fold1_v1.joblib
1,screenshot_strong,QWEN_0824_gpt_image_2,1,0.07916983217000961,qwen::gpt-image-2,,models/v2/clip_lora_fold1_best_v1.pt,models/v2/v2_10b_h2_balanced_logreg_fold1_v1.joblib
1,screenshot_strong,QWEN_0824_FLUX2_max,1,0.09764914214611053,qwen::FLUX.2_max,,models/v2/clip_lora_fold1_best_v1.pt,models/v2/v2_10b_h2_balanced_logreg_fold1_v1.joblib
1,screenshot_strong,QWEN_0824_kling_v2_1,1,0.14056916534900665,qwen::kling_v2_1,,models/v2/clip_lora_fold1_best_v1.pt,models/v2/v2_10b_h2_balanced_logreg_fold1_v1.joblib
1,screenshot_strong,QWEN_0824_Qwen_Image_2512,1,0.4297322928905487,qwen::Qwen-Image-2512,,models/v2/clip_lora_fold1_best_v1.pt,models/v2/v2_10b_h2_balanced_logreg_fold1_v1.joblib
1,screenshot_strong,QWEN_0824_GPT_Image_1,1,0.33927035331726074,qwen::GPT-Image-1,,models/v2/clip_lora_fold1_best_v1.pt,models/v2/v2_10b_h2_balanced_logreg_fold1_v1.joblib
1,screenshot_strong,QWEN_0824_GPT_Image_15,1,0.30879297852516174,qwen::GPT-Image-1.5,,models/v2/clip_lora_fold1_best_v1.pt,models/v2/v2_10b_h2_balanced_logreg_fold1_v1.joblib
1,screenshot_strong,QWEN_0831_gpt_image_2,1,0.13960351049900055,qwen::gpt-image-2,,models/v2/clip_lora_fold1_best_v1.pt,models/v2/v2_10b_h2_balanced_logreg_fold1_v1.joblib
1,screenshot_strong,QWEN_0831_FLUX2_max,1,0.1575014442205429,qwen::FLUX.2_max,,models/v2/clip_lora_fold1_best_v1.pt,models/v2/v2_10b_h2_balanced_logreg_fold1_v1.joblib
1,screenshot_strong,QWEN_0831_kling_v2_1,1,0.09919219464063644,qwen::kling_v2_1,,models/v2/clip_lora_fold1_best_v1.pt,models/v2/v2_10b_h2_balanced_logreg_fold1_v1.joblib
1,screenshot_strong,QWEN_0831_Qwen_Image_2512,1,0.03455449640750885,qwen::Qwen-Image-2512,,models/v2/clip_lora_fold1_best_v1.pt,models/v2/v2_10b_h2_balanced_logreg_fold1_v1.joblib
1,screenshot_strong,QWEN_0831_GPT_Image_1,1,0.1118665561079979,qwen::GPT-Image-1,,models/v2/clip_lora_fold1_best_v1.pt,models/v2/v2_10b_h2_balanced_logreg_fold1_v1.joblib
1,screenshot_strong,QWEN_0831_GPT_Image_15,1,0.058238182216882706,qwen::GPT-Image-1.5,,models/v2/clip_lora_fold1_best_v1.pt,models/v2/v2_10b_h2_balanced_logreg_fold1_v1.joblib
1,screenshot_strong,QWEN_0836_gpt_image_2,1,0.1537320613861084,qwen::gpt-image-2,,models/v2/clip_lora_fold1_best_v1.pt,models/v2/v2_10b_h2_balanced_logreg_fold1_v1.joblib
1,screenshot_strong,QWEN_0836_FLUX2_max,1,0.08553868532180786,qwen::FLUX.2_max,,models/v2/clip_lora_fold1_best_v1.pt,models/v2/v2_10b_h2_balanced_logreg_fold1_v1.joblib
1,screenshot_strong,QWEN_0836_kling_v2_1,1,0.3107753396034241,qwen::kling_v2_1,,models/v2/clip_lora_fold1_best_v1.pt,models/v2/v2_10b_h2_balanced_logreg_fold1_v1.joblib
1,screenshot_strong,QWEN_0836_Qwen_Image_2512,1,0.0745319277048111,qwen::Qwen-Image-2512,,models/v2/clip_lora_fold1_best_v1.pt,models/v2/v2_10b_h2_balanced_logreg_fold1_v1.joblib
1,screenshot_strong,QWEN_0836_GPT_Image_1,1,0.24068818986415863,qwen::GPT-Image-1,,models/v2/clip_lora_fold1_best_v1.pt,models/v2/v2_10b_h2_balanced_logreg_fold1_v1.joblib
1,screenshot_strong,QWEN_0836_GPT_Image_15,1,0.13469962775707245,qwen::GPT-Image-1.5,,models/v2/clip_lora_fold1_best_v1.pt,models/v2/v2_10b_h2_balanced_logreg_fold1_v1.joblib
1,screenshot_strong,QWEN_0847_gpt_image_2,1,0.08691266179084778,qwen::gpt-image-2,,models/v2/clip_lora_fold1_best_v1.pt,models/v2/v2_10b_h2_balanced_logreg_fold1_v1.joblib
1,screenshot_strong,QWEN_0847_FLUX2_max,1,0.2118959128856659,qwen::FLUX.2_max,,models/v2/clip_lora_fold1_best_v1.pt,models/v2/v2_10b_h2_balanced_logreg_fold1_v1.joblib
1,screenshot_strong,QWEN_0847_kling_v2_1,1,0.16099222004413605,qwen::kling_v2_1,,models/v2/clip_lora_fold1_best_v1.pt,models/v2/v2_10b_h2_balanced_logreg_fold1_v1.joblib
1,screenshot_strong,QWEN_0847_Qwen_Image_2512,1,0.2815720736980438,qwen::Qwen-Image-2512,,models/v2/clip_lora_fold1_best_v1.pt,models/v2/v2_10b_h2_balanced_logreg_fold1_v1.joblib
1,screenshot_strong,QWEN_0847_GPT_Image_1,1,0.0818389505147934,qwen::GPT-Image-1,,models/v2/clip_lora_fold1_best_v1.pt,models/v2/v2_10b_h2_balanced_logreg_fold1_v1.joblib
1,screenshot_strong,QWEN_0847_GPT_Image_15,1,0.054785072803497314,qwen::GPT-Image-1.5,,models/v2/clip_lora_fold1_best_v1.pt,models/v2/v2_10b_h2_balanced_logreg_fold1_v1.joblib
1,screenshot_strong,QWEN_0857_gpt_image_2,1,0.12765470147132874,qwen::gpt-image-2,,models/v2/clip_lora_fold1_best_v1.pt,models/v2/v2_10b_h2_balanced_logreg_fold1_v1.joblib
1,screenshot_strong,QWEN_0857_FLUX2_max,1,0.07787572592496872,qwen::FLUX.2_max,,models/v2/clip_lora_fold1_best_v1.pt,models/v2/v2_10b_h2_balanced_logreg_fold1_v1.joblib
1,screenshot_strong,QWEN_0857_kling_v2_1,1,0.3746005892753601,qwen::kling_v2_1,,models/v2/clip_lora_fold1_best_v1.pt,models/v2/v2_10b_h2_balanced_logreg_fold1_v1.joblib
1,screenshot_strong,QWEN_0857_Qwen_Image_2512,1,0.2503300607204437,qwen::Qwen-Image-2512,,models/v2/clip_lora_fold1_best_v1.pt,models/v2/v2_10b_h2_balanced_logreg_fold1_v1.joblib
1,screenshot_strong,QWEN_0857_GPT_Image_1,1,0.3142189383506775,qwen::GPT-Image-1,,models/v2/clip_lora_fold1_best_v1.pt,models/v2/v2_10b_h2_balanced_logreg_fold1_v1.joblib
1,screenshot_strong,QWEN_0857_GPT_Image_15,1,0.2571375072002411,qwen::GPT-Image-1.5,,models/v2/clip_lora_fold1_best_v1.pt,models/v2/v2_10b_h2_balanced_logreg_fold1_v1.joblib
1,screenshot_strong,QWEN_0876_gpt_image_2,1,0.13653431832790375,qwen::gpt-image-2,,models/v2/clip_lora_fold1_best_v1.pt,models/v2/v2_10b_h2_balanced_logreg_fold1_v1.joblib
1,screenshot_strong,QWEN_0876_FLUX2_max,1,0.08624763041734695,qwen::FLUX.2_max,,models/v2/clip_lora_fold1_best_v1.pt,models/v2/v2_10b_h2_balanced_logreg_fold1_v1.joblib
1,screenshot_strong,QWEN_0876_kling_v2_1,1,0.11518760025501251,qwen::kling_v2_1,,models/v2/clip_lora_fold1_best_v1.pt,models/v2/v2_10b_h2_balanced_logreg_fold1_v1.joblib
1,screenshot_strong,QWEN_0876_Qwen_Image_2512,1,0.06873835623264313,qwen::Qwen-Image-2512,,models/v2/clip_lora_fold1_best_v1.pt,models/v2/v2_10b_h2_balanced_logreg_fold1_v1.joblib
1,screenshot_strong,QWEN_0876_GPT_Image_1,1,0.1711985319852829,qwen::GPT-Image-1,,models/v2/clip_lora_fold1_best_v1.pt,models/v2/v2_10b_h2_balanced_logreg_fold1_v1.joblib
1,screenshot_strong,QWEN_0876_GPT_Image_15,1,0.06821940839290619,qwen::GPT-Image-1.5,,models/v2/clip_lora_fold1_best_v1.pt,models/v2/v2_10b_h2_balanced_logreg_fold1_v1.joblib
1,screenshot_strong,QWEN_0887_gpt_image_2,1,0.11004892736673355,qwen::gpt-image-2,,models/v2/clip_lora_fold1_best_v1.pt,models/v2/v2_10b_h2_balanced_logreg_fold1_v1.joblib
1,screenshot_strong,QWEN_0887_FLUX2_max,1,0.05134289711713791,qwen::FLUX.2_max,,models/v2/clip_lora_fold1_best_v1.pt,models/v2/v2_10b_h2_balanced_logreg_fold1_v1.joblib
1,screenshot_strong,QWEN_0887_kling_v2_1,1,0.15598884224891663,qwen::kling_v2_1,,models/v2/clip_lora_fold1_best_v1.pt,models/v2/v2_10b_h2_balanced_logreg_fold1_v1.joblib
1,screenshot_strong,QWEN_0887_Qwen_Image_2512,1,0.032580289989709854,qwen::Qwen-Image-2512,,models/v2/clip_lora_fold1_best_v1.pt,models/v2/v2_10b_h2_balanced_logreg_fold1_v1.joblib
1,screenshot_strong,QWEN_0887_GPT_Image_1,1,0.11259790509939194,qwen::GPT-Image-1,,models/v2/clip_lora_fold1_best_v1.pt,models/v2/v2_10b_h2_balanced_logreg_fold1_v1.joblib
1,screenshot_strong,QWEN_0887_GPT_Image_15,1,0.24367105960845947,qwen::GPT-Image-1.5,,models/v2/clip_lora_fold1_best_v1.pt,models/v2/v2_10b_h2_balanced_logreg_fold1_v1.joblib
1,screenshot_strong,QWEN_0890_gpt_image_2,1,0.12075399607419968,qwen::gpt-image-2,,models/v2/clip_lora_fold1_best_v1.pt,models/v2/v2_10b_h2_balanced_logreg_fold1_v1.joblib
1,screenshot_strong,QWEN_0890_FLUX2_max,1,0.211480513215065,qwen::FLUX.2_max,,models/v2/clip_lora_fold1_best_v1.pt,models/v2/v2_10b_h2_balanced_logreg_fold1_v1.joblib
1,screenshot_strong,QWEN_0890_kling_v2_1,1,0.1789361536502838,qwen::kling_v2_1,,models/v2/clip_lora_fold1_best_v1.pt,models/v2/v2_10b_h2_balanced_logreg_fold1_v1.joblib
1,screenshot_strong,QWEN_0890_Qwen_Image_2512,1,0.09802459180355072,qwen::Qwen-Image-2512,,models/v2/clip_lora_fold1_best_v1.pt,models/v2/v2_10b_h2_balanced_logreg_fold1_v1.joblib
1,screenshot_strong,QWEN_0890_GPT_Image_1,1,0.0844031497836113,qwen::GPT-Image-1,,models/v2/clip_lora_fold1_best_v1.pt,models/v2/v2_10b_h2_balanced_logreg_fold1_v1.joblib
1,screenshot_strong,QWEN_0890_GPT_Image_15,1,0.2035423368215561,qwen::GPT-Image-1.5,,models/v2/clip_lora_fold1_best_v1.pt,models/v2/v2_10b_h2_balanced_logreg_fold1_v1.joblib
1,screenshot_strong,QWEN_0894_gpt_image_2,1,0.08357441425323486,qwen::gpt-image-2,,models/v2/clip_lora_fold1_best_v1.pt,models/v2/v2_10b_h2_balanced_logreg_fold1_v1.joblib
1,screenshot_strong,QWEN_0894_FLUX2_max,1,0.23583318293094635,qwen::FLUX.2_max,,models/v2/clip_lora_fold1_best_v1.pt,models/v2/v2_10b_h2_balanced_logreg_fold1_v1.joblib
1,screenshot_strong,QWEN_0894_kling_v2_1,1,0.45758917927742004,qwen::kling_v2_1,,models/v2/clip_lora_fold1_best_v1.pt,models/v2/v2_10b_h2_balanced_logreg_fold1_v1.joblib
1,screenshot_strong,QWEN_0894_Qwen_Image_2512,1,0.23697395622730255,qwen::Qwen-Image-2512,,models/v2/clip_lora_fold1_best_v1.pt,models/v2/v2_10b_h2_balanced_logreg_fold1_v1.joblib
1,screenshot_strong,QWEN_0894_GPT_Image_1,1,0.38848111033439636,qwen::GPT-Image-1,,models/v2/clip_lora_fold1_best_v1.pt,models/v2/v2_10b_h2_balanced_logreg_fold1_v1.joblib
1,screenshot_strong,QWEN_0894_GPT_Image_15,1,0.1955452710390091,qwen::GPT-Image-1.5,,models/v2/clip_lora_fold1_best_v1.pt,models/v2/v2_10b_h2_balanced_logreg_fold1_v1.joblib
1,screenshot_strong,QWEN_0919_gpt_image_2,1,0.07580199092626572,qwen::gpt-image-2,,models/v2/clip_lora_fold1_best_v1.pt,models/v2/v2_10b_h2_balanced_logreg_fold1_v1.joblib
1,screenshot_strong,QWEN_0919_FLUX2_max,1,0.2429904341697693,qwen::FLUX.2_max,,models/v2/clip_lora_fold1_best_v1.pt,models/v2/v2_10b_h2_balanced_logreg_fold1_v1.joblib
1,screenshot_strong,QWEN_0919_kling_v2_1,1,0.10410027205944061,qwen::kling_v2_1,,models/v2/clip_lora_fold1_best_v1.pt,models/v2/v2_10b_h2_balanced_logreg_fold1_v1.joblib
1,screenshot_strong,QWEN_0919_Qwen_Image_2512,1,0.09899123013019562,qwen::Qwen-Image-2512,,models/v2/clip_lora_fold1_best_v1.pt,models/v2/v2_10b_h2_balanced_logreg_fold1_v1.joblib
1,screenshot_strong,QWEN_0919_GPT_Image_1,1,0.16235895454883575,qwen::GPT-Image-1,,models/v2/clip_lora_fold1_best_v1.pt,models/v2/v2_10b_h2_balanced_logreg_fold1_v1.joblib
1,screenshot_strong,QWEN_0919_GPT_Image_15,1,0.06432830542325974,qwen::GPT-Image-1.5,,models/v2/clip_lora_fold1_best_v1.pt,models/v2/v2_10b_h2_balanced_logreg_fold1_v1.joblib
1,screenshot_strong,QWEN_0923_gpt_image_2,1,0.15039271116256714,qwen::gpt-image-2,,models/v2/clip_lora_fold1_best_v1.pt,models/v2/v2_10b_h2_balanced_logreg_fold1_v1.joblib
1,screenshot_strong,QWEN_0923_FLUX2_max,1,0.13483309745788574,qwen::FLUX.2_max,,models/v2/clip_lora_fold1_best_v1.pt,models/v2/v2_10b_h2_balanced_logreg_fold1_v1.joblib
1,screenshot_strong,QWEN_0923_kling_v2_1,1,0.1315685361623764,qwen::kling_v2_1,,models/v2/clip_lora_fold1_best_v1.pt,models/v2/v2_10b_h2_balanced_logreg_fold1_v1.joblib
1,screenshot_strong,QWEN_0923_Qwen_Image_2512,1,0.28221410512924194,qwen::Qwen-Image-2512,,models/v2/clip_lora_fold1_best_v1.pt,models/v2/v2_10b_h2_balanced_logreg_fold1_v1.joblib
1,screenshot_strong,QWEN_0923_GPT_Image_1,1,0.161601260304451,qwen::GPT-Image-1,,models/v2/clip_lora_fold1_best_v1.pt,models/v2/v2_10b_h2_balanced_logreg_fold1_v1.joblib
1,screenshot_strong,QWEN_0923_GPT_Image_15,1,0.04368622973561287,qwen::GPT-Image-1.5,,models/v2/clip_lora_fold1_best_v1.pt,models/v2/v2_10b_h2_balanced_logreg_fold1_v1.joblib
1,screenshot_strong,QWEN_0933_gpt_image_2,1,0.2338753193616867,qwen::gpt-image-2,,models/v2/clip_lora_fold1_best_v1.pt,models/v2/v2_10b_h2_balanced_logreg_fold1_v1.joblib
1,screenshot_strong,QWEN_0933_FLUX2_max,1,0.2606043219566345,qwen::FLUX.2_max,,models/v2/clip_lora_fold1_best_v1.pt,models/v2/v2_10b_h2_balanced_logreg_fold1_v1.joblib
1,screenshot_strong,QWEN_0933_kling_v2_1,1,0.5951995253562927,qwen::kling_v2_1,,models/v2/clip_lora_fold1_best_v1.pt,models/v2/v2_10b_h2_balanced_logreg_fold1_v1.joblib
1,screenshot_strong,QWEN_0933_Qwen_Image_2512,1,0.2555052936077118,qwen::Qwen-Image-2512,,models/v2/clip_lora_fold1_best_v1.pt,models/v2/v2_10b_h2_balanced_logreg_fold1_v1.joblib
1,screenshot_strong,QWEN_0933_GPT_Image_1,1,0.12508904933929443,qwen::GPT-Image-1,,models/v2/clip_lora_fold1_best_v1.pt,models/v2/v2_10b_h2_balanced_logreg_fold1_v1.joblib
1,screenshot_strong,QWEN_0933_GPT_Image_15,1,0.15955643355846405,qwen::GPT-Image-1.5,,models/v2/clip_lora_fold1_best_v1.pt,models/v2/v2_10b_h2_balanced_logreg_fold1_v1.joblib
1,screenshot_strong,QWEN_0951_gpt_image_2,1,0.2509211301803589,qwen::gpt-image-2,,models/v2/clip_lora_fold1_best_v1.pt,models/v2/v2_10b_h2_balanced_logreg_fold1_v1.joblib
1,screenshot_strong,QWEN_0951_FLUX2_max,1,0.06473056226968765,qwen::FLUX.2_max,,models/v2/clip_lora_fold1_best_v1.pt,models/v2/v2_10b_h2_balanced_logreg_fold1_v1.joblib
1,screenshot_strong,QWEN_0951_kling_v2_1,1,0.3082532584667206,qwen::kling_v2_1,,models/v2/clip_lora_fold1_best_v1.pt,models/v2/v2_10b_h2_balanced_logreg_fold1_v1.joblib
1,screenshot_strong,QWEN_0951_Qwen_Image_2512,1,0.38187023997306824,qwen::Qwen-Image-2512,,models/v2/clip_lora_fold1_best_v1.pt,models/v2/v2_10b_h2_balanced_logreg_fold1_v1.joblib
1,screenshot_strong,QWEN_0951_GPT_Image_1,1,0.2303859293460846,qwen::GPT-Image-1,,models/v2/clip_lora_fold1_best_v1.pt,models/v2/v2_10b_h2_balanced_logreg_fold1_v1.joblib
1,screenshot_strong,QWEN_0951_GPT_Image_15,1,0.1580401211977005,qwen::GPT-Image-1.5,,models/v2/clip_lora_fold1_best_v1.pt,models/v2/v2_10b_h2_balanced_logreg_fold1_v1.joblib
1,screenshot_strong,QWEN_0964_gpt_image_2,1,0.15247254073619843,qwen::gpt-image-2,,models/v2/clip_lora_fold1_best_v1.pt,models/v2/v2_10b_h2_balanced_logreg_fold1_v1.joblib
1,screenshot_strong,QWEN_0964_FLUX2_max,1,0.04897153750061989,qwen::FLUX.2_max,,models/v2/clip_lora_fold1_best_v1.pt,models/v2/v2_10b_h2_balanced_logreg_fold1_v1.joblib
1,screenshot_strong,QWEN_0964_kling_v2_1,1,0.04478626698255539,qwen::kling_v2_1,,models/v2/clip_lora_fold1_best_v1.pt,models/v2/v2_10b_h2_balanced_logreg_fold1_v1.joblib
1,screenshot_strong,QWEN_0964_Qwen_Image_2512,1,0.03202056512236595,qwen::Qwen-Image-2512,,models/v2/clip_lora_fold1_best_v1.pt,models/v2/v2_10b_h2_balanced_logreg_fold1_v1.joblib
1,screenshot_strong,QWEN_0964_GPT_Image_1,1,0.06000944599509239,qwen::GPT-Image-1,,models/v2/clip_lora_fold1_best_v1.pt,models/v2/v2_10b_h2_balanced_logreg_fold1_v1.joblib
1,screenshot_strong,QWEN_0964_GPT_Image_15,1,0.028800662606954575,qwen::GPT-Image-1.5,,models/v2/clip_lora_fold1_best_v1.pt,models/v2/v2_10b_h2_balanced_logreg_fold1_v1.joblib
1,screenshot_strong,QWEN_0965_gpt_image_2,1,0.14021706581115723,qwen::gpt-image-2,,models/v2/clip_lora_fold1_best_v1.pt,models/v2/v2_10b_h2_balanced_logreg_fold1_v1.joblib
1,screenshot_strong,QWEN_0965_FLUX2_max,1,0.07574548572301865,qwen::FLUX.2_max,,models/v2/clip_lora_fold1_best_v1.pt,models/v2/v2_10b_h2_balanced_logreg_fold1_v1.joblib
1,screenshot_strong,QWEN_0965_kling_v2_1,1,0.040714915841817856,qwen::kling_v2_1,,models/v2/clip_lora_fold1_best_v1.pt,models/v2/v2_10b_h2_balanced_logreg_fold1_v1.joblib
1,screenshot_strong,QWEN_0965_Qwen_Image_2512,1,0.1318846344947815,qwen::Qwen-Image-2512,,models/v2/clip_lora_fold1_best_v1.pt,models/v2/v2_10b_h2_balanced_logreg_fold1_v1.joblib
1,screenshot_strong,QWEN_0965_GPT_Image_1,1,0.04076164960861206,qwen::GPT-Image-1,,models/v2/clip_lora_fold1_best_v1.pt,models/v2/v2_10b_h2_balanced_logreg_fold1_v1.joblib
1,screenshot_strong,QWEN_0965_GPT_Image_15,1,0.20724770426750183,qwen::GPT-Image-1.5,,models/v2/clip_lora_fold1_best_v1.pt,models/v2/v2_10b_h2_balanced_logreg_fold1_v1.joblib
1,screenshot_strong,QWEN_0980_gpt_image_2,1,0.011545506305992603,qwen::gpt-image-2,,models/v2/clip_lora_fold1_best_v1.pt,models/v2/v2_10b_h2_balanced_logreg_fold1_v1.joblib
1,screenshot_strong,QWEN_0980_FLUX2_max,1,0.11414572596549988,qwen::FLUX.2_max,,models/v2/clip_lora_fold1_best_v1.pt,models/v2/v2_10b_h2_balanced_logreg_fold1_v1.joblib
1,screenshot_strong,QWEN_0980_kling_v2_1,1,0.030223913490772247,qwen::kling_v2_1,,models/v2/clip_lora_fold1_best_v1.pt,models/v2/v2_10b_h2_balanced_logreg_fold1_v1.joblib
1,screenshot_strong,QWEN_0980_Qwen_Image_2512,1,0.027912409976124763,qwen::Qwen-Image-2512,,models/v2/clip_lora_fold1_best_v1.pt,models/v2/v2_10b_h2_balanced_logreg_fold1_v1.joblib
1,screenshot_strong,QWEN_0980_GPT_Image_1,1,0.04124586284160614,qwen::GPT-Image-1,,models/v2/clip_lora_fold1_best_v1.pt,models/v2/v2_10b_h2_balanced_logreg_fold1_v1.joblib
1,screenshot_strong,QWEN_0980_GPT_Image_15,1,0.01559043675661087,qwen::GPT-Image-1.5,,models/v2/clip_lora_fold1_best_v1.pt,models/v2/v2_10b_h2_balanced_logreg_fold1_v1.joblib
1,screenshot_strong,SMARTPHONE_266094,0,0.0734202191233635,real::Smartphone,Smartphone,models/v2/clip_lora_fold1_best_v1.pt,models/v2/v2_10b_h2_balanced_logreg_fold1_v1.joblib
1,screenshot_strong,SMARTPHONE_918488,0,0.300630122423172,real::Smartphone,Smartphone,models/v2/clip_lora_fold1_best_v1.pt,models/v2/v2_10b_h2_balanced_logreg_fold1_v1.joblib
1,screenshot_strong,SMARTPHONE_363988,0,0.07902786135673523,real::Smartphone,Smartphone,models/v2/clip_lora_fold1_best_v1.pt,models/v2/v2_10b_h2_balanced_logreg_fold1_v1.joblib
1,screenshot_strong,SMARTPHONE_699009,0,0.11885388195514679,real::Smartphone,Smartphone,models/v2/clip_lora_fold1_best_v1.pt,models/v2/v2_10b_h2_balanced_logreg_fold1_v1.joblib
1,screenshot_strong,SMARTPHONE_722548,0,0.056513480842113495,real::Smartphone,Smartphone,models/v2/clip_lora_fold1_best_v1.pt,models/v2/v2_10b_h2_balanced_logreg_fold1_v1.joblib
1,screenshot_strong,SMARTPHONE_1014820,0,0.03772595524787903,real::Smartphone,Smartphone,models/v2/clip_lora_fold1_best_v1.pt,models/v2/v2_10b_h2_balanced_logreg_fold1_v1.joblib
1,screenshot_strong,SMARTPHONE_869981,0,0.15214698016643524,real::Smartphone,Smartphone,models/v2/clip_lora_fold1_best_v1.pt,models/v2/v2_10b_h2_balanced_logreg_fold1_v1.joblib
1,screenshot_strong,SMARTPHONE_549095,0,0.02642243355512619,real::Smartphone,Smartphone,models/v2/clip_lora_fold1_best_v1.pt,models/v2/v2_10b_h2_balanced_logreg_fold1_v1.joblib
1,screenshot_strong,SMARTPHONE_836705,0,0.07365205883979797,real::Smartphone,Smartphone,models/v2/clip_lora_fold1_best_v1.pt,models/v2/v2_10b_h2_balanced_logreg_fold1_v1.joblib
1,screenshot_strong,SMARTPHONE_289713,0,0.036812614649534225,real::Smartphone,Smartphone,models/v2/clip_lora_fold1_best_v1.pt,models/v2/v2_10b_h2_balanced_logreg_fold1_v1.joblib
1,screenshot_strong,SMARTPHONE_260800,0,0.0806407481431961,real::Smartphone,Smartphone,models/v2/clip_lora_fold1_best_v1.pt,models/v2/v2_10b_h2_balanced_logreg_fold1_v1.joblib
1,screenshot_strong,SMARTPHONE_422421,0,0.020781902596354485,real::Smartphone,Smartphone,models/v2/clip_lora_fold1_best_v1.pt,models/v2/v2_10b_h2_balanced_logreg_fold1_v1.joblib
1,screenshot_strong,SMARTPHONE_351851,0,0.033723119646310806,real::Smartphone,Smartphone,models/v2/clip_lora_fold1_best_v1.pt,models/v2/v2_10b_h2_balanced_logreg_fold1_v1.joblib
1,screenshot_strong,SMARTPHONE_192766,0,0.025948623195290565,real::Smartphone,Smartphone,models/v2/clip_lora_fold1_best_v1.pt,models/v2/v2_10b_h2_balanced_logreg_fold1_v1.joblib
1,screenshot_strong,SMARTPHONE_44895,0,0.023086242377758026,real::Smartphone,Smartphone,models/v2/clip_lora_fold1_best_v1.pt,models/v2/v2_10b_h2_balanced_logreg_fold1_v1.joblib
1,screenshot_strong,SMARTPHONE_167869,0,0.09098265320062637,real::Smartphone,Smartphone,models/v2/clip_lora_fold1_best_v1.pt,models/v2/v2_10b_h2_balanced_logreg_fold1_v1.joblib
1,screenshot_strong,SMARTPHONE_272002,0,0.07260943949222565,real::Smartphone,Smartphone,models/v2/clip_lora_fold1_best_v1.pt,models/v2/v2_10b_h2_balanced_logreg_fold1_v1.joblib
1,screenshot_strong,SMARTPHONE_271693,0,0.0416877306997776,real::Smartphone,Smartphone,models/v2/clip_lora_fold1_best_v1.pt,models/v2/v2_10b_h2_balanced_logreg_fold1_v1.joblib
1,screenshot_strong,SMARTPHONE_246177,0,0.021376876160502434,real::Smartphone,Smartphone,models/v2/clip_lora_fold1_best_v1.pt,models/v2/v2_10b_h2_balanced_logreg_fold1_v1.joblib
1,screenshot_strong,SMARTPHONE_266740,0,0.04381010681390762,real::Smartphone,Smartphone,models/v2/clip_lora_fold1_best_v1.pt,models/v2/v2_10b_h2_balanced_logreg_fold1_v1.joblib
1,screenshot_strong,SMARTPHONE_668289,0,0.07764559984207153,real::Smartphone,Smartphone,models/v2/clip_lora_fold1_best_v1.pt,models/v2/v2_10b_h2_balanced_logreg_fold1_v1.joblib
1,screenshot_strong,SMARTPHONE_332525,0,0.04616514593362808,real::Smartphone,Smartphone,models/v2/clip_lora_fold1_best_v1.pt,models/v2/v2_10b_h2_balanced_logreg_fold1_v1.joblib
1,screenshot_strong,SMARTPHONE_426225,0,0.1829099804162979,real::Smartphone,Smartphone,models/v2/clip_lora_fold1_best_v1.pt,models/v2/v2_10b_h2_balanced_logreg_fold1_v1.joblib
1,screenshot_strong,SMARTPHONE_378098,0,0.34877100586891174,real::Smartphone,Smartphone,models/v2/clip_lora_fold1_best_v1.pt,models/v2/v2_10b_h2_balanced_logreg_fold1_v1.joblib
1,screenshot_strong,SMARTPHONE_517233,0,0.04712880402803421,real::Smartphone,Smartphone,models/v2/clip_lora_fold1_best_v1.pt,models/v2/v2_10b_h2_balanced_logreg_fold1_v1.joblib
1,screenshot_strong,SMARTPHONE_174520,0,0.044016752392053604,real::Smartphone,Smartphone,models/v2/clip_lora_fold1_best_v1.pt,models/v2/v2_10b_h2_balanced_logreg_fold1_v1.joblib
1,screenshot_strong,SMARTPHONE_359516,0,0.032082051038742065,real::Smartphone,Smartphone,models/v2/clip_lora_fold1_best_v1.pt,models/v2/v2_10b_h2_balanced_logreg_fold1_v1.joblib
1,screenshot_strong,SMARTPHONE_326129,0,0.07439561188220978,real::Smartphone,Smartphone,models/v2/clip_lora_fold1_best_v1.pt,models/v2/v2_10b_h2_balanced_logreg_fold1_v1.joblib
1,screenshot_strong,SMARTPHONE_334950,0,0.028066258877515793,real::Smartphone,Smartphone,models/v2/clip_lora_fold1_best_v1.pt,models/v2/v2_10b_h2_balanced_logreg_fold1_v1.joblib
1,screenshot_strong,SMARTPHONE_769952,0,0.03456660732626915,real::Smartphone,Smartphone,models/v2/clip_lora_fold1_best_v1.pt,models/v2/v2_10b_h2_balanced_logreg_fold1_v1.joblib
1,screenshot_strong,SMARTPHONE_192863,0,0.3126297891139984,real::Smartphone,Smartphone,models/v2/clip_lora_fold1_best_v1.pt,models/v2/v2_10b_h2_balanced_logreg_fold1_v1.joblib
1,screenshot_strong,SMARTPHONE_320452,0,0.3914426565170288,real::Smartphone,Smartphone,models/v2/clip_lora_fold1_best_v1.pt,models/v2/v2_10b_h2_balanced_logreg_fold1_v1.joblib
1,screenshot_strong,SMARTPHONE_239140,0,0.018836280331015587,real::Smartphone,Smartphone,models/v2/clip_lora_fold1_best_v1.pt,models/v2/v2_10b_h2_balanced_logreg_fold1_v1.joblib
1,screenshot_strong,SMARTPHONE_75765,0,0.1116177961230278,real::Smartphone,Smartphone,models/v2/clip_lora_fold1_best_v1.pt,models/v2/v2_10b_h2_balanced_logreg_fold1_v1.joblib
1,screenshot_strong,SMARTPHONE_981307,0,0.08667826652526855,real::Smartphone,Smartphone,models/v2/clip_lora_fold1_best_v1.pt,models/v2/v2_10b_h2_balanced_logreg_fold1_v1.joblib
1,screenshot_strong,SMARTPHONE_870916,0,0.011319451965391636,real::Smartphone,Smartphone,models/v2/clip_lora_fold1_best_v1.pt,models/v2/v2_10b_h2_balanced_logreg_fold1_v1.joblib
1,screenshot_strong,SMARTPHONE_942708,0,0.02555672824382782,real::Smartphone,Smartphone,models/v2/clip_lora_fold1_best_v1.pt,models/v2/v2_10b_h2_balanced_logreg_fold1_v1.joblib
1,screenshot_strong,SMARTPHONE_318426,0,0.030929869040846825,real::Smartphone,Smartphone,models/v2/clip_lora_fold1_best_v1.pt,models/v2/v2_10b_h2_balanced_logreg_fold1_v1.joblib
1,screenshot_strong,SMARTPHONE_742680,0,0.1619209200143814,real::Smartphone,Smartphone,models/v2/clip_lora_fold1_best_v1.pt,models/v2/v2_10b_h2_balanced_logreg_fold1_v1.joblib
1,screenshot_strong,SMARTPHONE_27966,0,0.2228141725063324,real::Smartphone,Smartphone,models/v2/clip_lora_fold1_best_v1.pt,models/v2/v2_10b_h2_balanced_logreg_fold1_v1.joblib
1,screenshot_strong,SMARTPHONE_323765,0,0.03352563828229904,real::Smartphone,Smartphone,models/v2/clip_lora_fold1_best_v1.pt,models/v2/v2_10b_h2_balanced_logreg_fold1_v1.joblib
1,screenshot_strong,SMARTPHONE_820544,0,0.03676797077059746,real::Smartphone,Smartphone,models/v2/clip_lora_fold1_best_v1.pt,models/v2/v2_10b_h2_balanced_logreg_fold1_v1.joblib
1,screenshot_strong,SMARTPHONE_859864,0,0.11678197234869003,real::Smartphone,Smartphone,models/v2/clip_lora_fold1_best_v1.pt,models/v2/v2_10b_h2_balanced_logreg_fold1_v1.joblib
1,screenshot_strong,SMARTPHONE_270777,0,0.23077137768268585,real::Smartphone,Smartphone,models/v2/clip_lora_fold1_best_v1.pt,models/v2/v2_10b_h2_balanced_logreg_fold1_v1.joblib
1,screenshot_strong,SMARTPHONE_625666,0,0.10434290766716003,real::Smartphone,Smartphone,models/v2/clip_lora_fold1_best_v1.pt,models/v2/v2_10b_h2_balanced_logreg_fold1_v1.joblib
1,screenshot_strong,SMARTPHONE_579219,0,0.0980532318353653,real::Smartphone,Smartphone,models/v2/clip_lora_fold1_best_v1.pt,models/v2/v2_10b_h2_balanced_logreg_fold1_v1.joblib
1,screenshot_strong,SMARTPHONE_490360,0,0.057938385754823685,real::Smartphone,Smartphone,models/v2/clip_lora_fold1_best_v1.pt,models/v2/v2_10b_h2_balanced_logreg_fold1_v1.joblib
1,screenshot_strong,SMARTPHONE_119728,0,0.07918482273817062,real::Smartphone,Smartphone,models/v2/clip_lora_fold1_best_v1.pt,models/v2/v2_10b_h2_balanced_logreg_fold1_v1.joblib
1,screenshot_strong,SMARTPHONE_475651,0,0.04165300354361534,real::Smartphone,Smartphone,models/v2/clip_lora_fold1_best_v1.pt,models/v2/v2_10b_h2_balanced_logreg_fold1_v1.joblib
1,screenshot_strong,SMARTPHONE_122407,0,0.1260737031698227,real::Smartphone,Smartphone,models/v2/clip_lora_fold1_best_v1.pt,models/v2/v2_10b_h2_balanced_logreg_fold1_v1.joblib
1,screenshot_strong,SMARTPHONE_955778,0,0.021734267473220825,real::Smartphone,Smartphone,models/v2/clip_lora_fold1_best_v1.pt,models/v2/v2_10b_h2_balanced_logreg_fold1_v1.joblib
1,screenshot_strong,SMARTPHONE_663145,0,0.05043452978134155,real::Smartphone,Smartphone,models/v2/clip_lora_fold1_best_v1.pt,models/v2/v2_10b_h2_balanced_logreg_fold1_v1.joblib
1,screenshot_strong,SMARTPHONE_488390,0,0.04180258512496948,real::Smartphone,Smartphone,models/v2/clip_lora_fold1_best_v1.pt,models/v2/v2_10b_h2_balanced_logreg_fold1_v1.joblib
1,screenshot_strong,SMARTPHONE_441390,0,0.07372662425041199,real::Smartphone,Smartphone,models/v2/clip_lora_fold1_best_v1.pt,models/v2/v2_10b_h2_balanced_logreg_fold1_v1.joblib
1,screenshot_strong,SMARTPHONE_935640,0,0.0025311848148703575,real::Smartphone,Smartphone,models/v2/clip_lora_fold1_best_v1.pt,models/v2/v2_10b_h2_balanced_logreg_fold1_v1.joblib
1,screenshot_strong,SMARTPHONE_84216,0,0.03904055431485176,real::Smartphone,Smartphone,models/v2/clip_lora_fold1_best_v1.pt,models/v2/v2_10b_h2_balanced_logreg_fold1_v1.joblib
1,screenshot_strong,SMARTPHONE_708116,0,0.021151620894670486,real::Smartphone,Smartphone,models/v2/clip_lora_fold1_best_v1.pt,models/v2/v2_10b_h2_balanced_logreg_fold1_v1.joblib
1,screenshot_strong,SMARTPHONE_299168,0,0.025260400027036667,real::Smartphone,Smartphone,models/v2/clip_lora_fold1_best_v1.pt,models/v2/v2_10b_h2_balanced_logreg_fold1_v1.joblib
1,screenshot_strong,SMARTPHONE_334534,0,0.0380994975566864,real::Smartphone,Smartphone,models/v2/clip_lora_fold1_best_v1.pt,models/v2/v2_10b_h2_balanced_logreg_fold1_v1.joblib
1,screenshot_strong,SMARTPHONE_694587,0,0.09118729084730148,real::Smartphone,Smartphone,models/v2/clip_lora_fold1_best_v1.pt,models/v2/v2_10b_h2_balanced_logreg_fold1_v1.joblib
1,screenshot_strong,SMARTPHONE_905447,0,0.03906584158539772,real::Smartphone,Smartphone,models/v2/clip_lora_fold1_best_v1.pt,models/v2/v2_10b_h2_balanced_logreg_fold1_v1.joblib
1,screenshot_strong,SMARTPHONE_844676,0,0.02174093946814537,real::Smartphone,Smartphone,models/v2/clip_lora_fold1_best_v1.pt,models/v2/v2_10b_h2_balanced_logreg_fold1_v1.joblib
1,screenshot_strong,SMARTPHONE_243727,0,0.12849478423595428,real::Smartphone,Smartphone,models/v2/clip_lora_fold1_best_v1.pt,models/v2/v2_10b_h2_balanced_logreg_fold1_v1.joblib
1,screenshot_strong,SMARTPHONE_989294,0,0.03714864328503609,real::Smartphone,Smartphone,models/v2/clip_lora_fold1_best_v1.pt,models/v2/v2_10b_h2_balanced_logreg_fold1_v1.joblib
1,screenshot_strong,SMARTPHONE_848122,0,0.08059214800596237,real::Smartphone,Smartphone,models/v2/clip_lora_fold1_best_v1.pt,models/v2/v2_10b_h2_balanced_logreg_fold1_v1.joblib
1,screenshot_strong,SMARTPHONE_149671,0,0.20002172887325287,real::Smartphone,Smartphone,models/v2/clip_lora_fold1_best_v1.pt,models/v2/v2_10b_h2_balanced_logreg_fold1_v1.joblib
1,screenshot_strong,SMARTPHONE_868564,0,0.033635400235652924,real::Smartphone,Smartphone,models/v2/clip_lora_fold1_best_v1.pt,models/v2/v2_10b_h2_balanced_logreg_fold1_v1.joblib
1,screenshot_strong,SMARTPHONE_66247,0,0.060522302985191345,real::Smartphone,Smartphone,models/v2/clip_lora_fold1_best_v1.pt,models/v2/v2_10b_h2_balanced_logreg_fold1_v1.joblib
1,screenshot_strong,SMARTPHONE_983217,0,0.02307295985519886,real::Smartphone,Smartphone,models/v2/clip_lora_fold1_best_v1.pt,models/v2/v2_10b_h2_balanced_logreg_fold1_v1.joblib
1,screenshot_strong,SMARTPHONE_98874,0,0.017370333895087242,real::Smartphone,Smartphone,models/v2/clip_lora_fold1_best_v1.pt,models/v2/v2_10b_h2_balanced_logreg_fold1_v1.joblib
1,screenshot_strong,SMARTPHONE_583377,0,0.05249562859535217,real::Smartphone,Smartphone,models/v2/clip_lora_fold1_best_v1.pt,models/v2/v2_10b_h2_balanced_logreg_fold1_v1.joblib
1,screenshot_strong,SMARTPHONE_507774,0,0.025441238656640053,real::Smartphone,Smartphone,models/v2/clip_lora_fold1_best_v1.pt,models/v2/v2_10b_h2_balanced_logreg_fold1_v1.joblib
1,screenshot_strong,SMARTPHONE_691644,0,0.025210801512002945,real::Smartphone,Smartphone,models/v2/clip_lora_fold1_best_v1.pt,models/v2/v2_10b_h2_balanced_logreg_fold1_v1.joblib
1,screenshot_strong,SMARTPHONE_577223,0,0.05418207123875618,real::Smartphone,Smartphone,models/v2/clip_lora_fold1_best_v1.pt,models/v2/v2_10b_h2_balanced_logreg_fold1_v1.joblib
1,screenshot_strong,SMARTPHONE_570390,0,0.11050445586442947,real::Smartphone,Smartphone,models/v2/clip_lora_fold1_best_v1.pt,models/v2/v2_10b_h2_balanced_logreg_fold1_v1.joblib
1,screenshot_strong,SMARTPHONE_428920,0,0.04684438183903694,real::Smartphone,Smartphone,models/v2/clip_lora_fold1_best_v1.pt,models/v2/v2_10b_h2_balanced_logreg_fold1_v1.joblib
1,screenshot_strong,SMARTPHONE_238982,0,0.06331299245357513,real::Smartphone,Smartphone,models/v2/clip_lora_fold1_best_v1.pt,models/v2/v2_10b_h2_balanced_logreg_fold1_v1.joblib
1,screenshot_strong,SMARTPHONE_696723,0,0.03435657545924187,real::Smartphone,Smartphone,models/v2/clip_lora_fold1_best_v1.pt,models/v2/v2_10b_h2_balanced_logreg_fold1_v1.joblib
1,screenshot_strong,SMARTPHONE_806581,0,0.057557690888643265,real::Smartphone,Smartphone,models/v2/clip_lora_fold1_best_v1.pt,models/v2/v2_10b_h2_balanced_logreg_fold1_v1.joblib
1,screenshot_strong,SMARTPHONE_299424,0,0.2732411026954651,real::Smartphone,Smartphone,models/v2/clip_lora_fold1_best_v1.pt,models/v2/v2_10b_h2_balanced_logreg_fold1_v1.joblib
1,screenshot_strong,SMARTPHONE_476590,0,0.13030895590782166,real::Smartphone,Smartphone,models/v2/clip_lora_fold1_best_v1.pt,models/v2/v2_10b_h2_balanced_logreg_fold1_v1.joblib
1,screenshot_strong,SMARTPHONE_510927,0,0.09882756322622299,real::Smartphone,Smartphone,models/v2/clip_lora_fold1_best_v1.pt,models/v2/v2_10b_h2_balanced_logreg_fold1_v1.joblib
1,screenshot_strong,SMARTPHONE_883526,0,0.24146565794944763,real::Smartphone,Smartphone,models/v2/clip_lora_fold1_best_v1.pt,models/v2/v2_10b_h2_balanced_logreg_fold1_v1.joblib
1,screenshot_strong,SMARTPHONE_215884,0,0.08147590607404709,real::Smartphone,Smartphone,models/v2/clip_lora_fold1_best_v1.pt,models/v2/v2_10b_h2_balanced_logreg_fold1_v1.joblib
1,screenshot_strong,SMARTPHONE_933366,0,0.029744423925876617,real::Smartphone,Smartphone,models/v2/clip_lora_fold1_best_v1.pt,models/v2/v2_10b_h2_balanced_logreg_fold1_v1.joblib
1,screenshot_strong,SMARTPHONE_963937,0,0.03231065720319748,real::Smartphone,Smartphone,models/v2/clip_lora_fold1_best_v1.pt,models/v2/v2_10b_h2_balanced_logreg_fold1_v1.joblib
1,screenshot_strong,SMARTPHONE_950858,0,0.14974641799926758,real::Smartphone,Smartphone,models/v2/clip_lora_fold1_best_v1.pt,models/v2/v2_10b_h2_balanced_logreg_fold1_v1.joblib
1,screenshot_strong,SMARTPHONE_404163,0,0.09192017465829849,real::Smartphone,Smartphone,models/v2/clip_lora_fold1_best_v1.pt,models/v2/v2_10b_h2_balanced_logreg_fold1_v1.joblib
1,screenshot_strong,SMARTPHONE_948480,0,0.044620223343372345,real::Smartphone,Smartphone,models/v2/clip_lora_fold1_best_v1.pt,models/v2/v2_10b_h2_balanced_logreg_fold1_v1.joblib
1,screenshot_strong,SMARTPHONE_102430,0,0.0667131096124649,real::Smartphone,Smartphone,models/v2/clip_lora_fold1_best_v1.pt,models/v2/v2_10b_h2_balanced_logreg_fold1_v1.joblib
1,screenshot_strong,SMARTPHONE_286376,0,0.07038431614637375,real::Smartphone,Smartphone,models/v2/clip_lora_fold1_best_v1.pt,models/v2/v2_10b_h2_balanced_logreg_fold1_v1.joblib
1,screenshot_strong,SMARTPHONE_806603,0,0.05449364706873894,real::Smartphone,Smartphone,models/v2/clip_lora_fold1_best_v1.pt,models/v2/v2_10b_h2_balanced_logreg_fold1_v1.joblib
1,screenshot_strong,SMARTPHONE_55372,0,0.14599920809268951,real::Smartphone,Smartphone,models/v2/clip_lora_fold1_best_v1.pt,models/v2/v2_10b_h2_balanced_logreg_fold1_v1.joblib
1,screenshot_strong,SMARTPHONE_166817,0,0.2233656495809555,real::Smartphone,Smartphone,models/v2/clip_lora_fold1_best_v1.pt,models/v2/v2_10b_h2_balanced_logreg_fold1_v1.joblib
1,screenshot_strong,SMARTPHONE_226584,0,0.05837103724479675,real::Smartphone,Smartphone,models/v2/clip_lora_fold1_best_v1.pt,models/v2/v2_10b_h2_balanced_logreg_fold1_v1.joblib
1,screenshot_strong,SMARTPHONE_816382,0,0.13754130899906158,real::Smartphone,Smartphone,models/v2/clip_lora_fold1_best_v1.pt,models/v2/v2_10b_h2_balanced_logreg_fold1_v1.joblib
1,screenshot_strong,SMARTPHONE_346922,0,0.06454551219940186,real::Smartphone,Smartphone,models/v2/clip_lora_fold1_best_v1.pt,models/v2/v2_10b_h2_balanced_logreg_fold1_v1.joblib
1,screenshot_strong,SMARTPHONE_77346,0,0.10382859408855438,real::Smartphone,Smartphone,models/v2/clip_lora_fold1_best_v1.pt,models/v2/v2_10b_h2_balanced_logreg_fold1_v1.joblib
1,screenshot_strong,SMARTPHONE_670061,0,0.009488701820373535,real::Smartphone,Smartphone,models/v2/clip_lora_fold1_best_v1.pt,models/v2/v2_10b_h2_balanced_logreg_fold1_v1.joblib
1,screenshot_strong,SMARTPHONE_1015273,0,0.39671003818511963,real::Smartphone,Smartphone,models/v2/clip_lora_fold1_best_v1.pt,models/v2/v2_10b_h2_balanced_logreg_fold1_v1.joblib
1,screenshot_strong,SMARTPHONE_24728,0,0.050315991044044495,real::Smartphone,Smartphone,models/v2/clip_lora_fold1_best_v1.pt,models/v2/v2_10b_h2_balanced_logreg_fold1_v1.joblib
1,screenshot_strong,SMARTPHONE_39238,0,0.3993435800075531,real::Smartphone,Smartphone,models/v2/clip_lora_fold1_best_v1.pt,models/v2/v2_10b_h2_balanced_logreg_fold1_v1.joblib
1,screenshot_strong,SMARTPHONE_342534,0,0.13514700531959534,real::Smartphone,Smartphone,models/v2/clip_lora_fold1_best_v1.pt,models/v2/v2_10b_h2_balanced_logreg_fold1_v1.joblib
1,screenshot_strong,SMARTPHONE_104494,0,0.024453677237033844,real::Smartphone,Smartphone,models/v2/clip_lora_fold1_best_v1.pt,models/v2/v2_10b_h2_balanced_logreg_fold1_v1.joblib
1,screenshot_strong,SMARTPHONE_636591,0,0.1500711441040039,real::Smartphone,Smartphone,models/v2/clip_lora_fold1_best_v1.pt,models/v2/v2_10b_h2_balanced_logreg_fold1_v1.joblib
1,screenshot_strong,SMARTPHONE_248008,0,0.07161486148834229,real::Smartphone,Smartphone,models/v2/clip_lora_fold1_best_v1.pt,models/v2/v2_10b_h2_balanced_logreg_fold1_v1.joblib
1,screenshot_strong,SMARTPHONE_204711,0,0.2945317327976227,real::Smartphone,Smartphone,models/v2/clip_lora_fold1_best_v1.pt,models/v2/v2_10b_h2_balanced_logreg_fold1_v1.joblib
1,screenshot_strong,SMARTPHONE_976959,0,0.08230487257242203,real::Smartphone,Smartphone,models/v2/clip_lora_fold1_best_v1.pt,models/v2/v2_10b_h2_balanced_logreg_fold1_v1.joblib
1,screenshot_strong,SMARTPHONE_165101,0,0.0497884601354599,real::Smartphone,Smartphone,models/v2/clip_lora_fold1_best_v1.pt,models/v2/v2_10b_h2_balanced_logreg_fold1_v1.joblib
1,screenshot_strong,SMARTPHONE_506356,0,0.08464295417070389,real::Smartphone,Smartphone,models/v2/clip_lora_fold1_best_v1.pt,models/v2/v2_10b_h2_balanced_logreg_fold1_v1.joblib
1,screenshot_strong,SMARTPHONE_943065,0,0.03760995343327522,real::Smartphone,Smartphone,models/v2/clip_lora_fold1_best_v1.pt,models/v2/v2_10b_h2_balanced_logreg_fold1_v1.joblib
1,screenshot_strong,SMARTPHONE_775115,0,0.08720792084932327,real::Smartphone,Smartphone,models/v2/clip_lora_fold1_best_v1.pt,models/v2/v2_10b_h2_balanced_logreg_fold1_v1.joblib
1,screenshot_strong,SMARTPHONE_267126,0,0.08794671297073364,real::Smartphone,Smartphone,models/v2/clip_lora_fold1_best_v1.pt,models/v2/v2_10b_h2_balanced_logreg_fold1_v1.joblib
1,screenshot_strong,SMARTPHONE_813990,0,0.015652168542146683,real::Smartphone,Smartphone,models/v2/clip_lora_fold1_best_v1.pt,models/v2/v2_10b_h2_balanced_logreg_fold1_v1.joblib
1,screenshot_strong,SMARTPHONE_705719,0,0.012273657135665417,real::Smartphone,Smartphone,models/v2/clip_lora_fold1_best_v1.pt,models/v2/v2_10b_h2_balanced_logreg_fold1_v1.joblib
1,screenshot_strong,SMARTPHONE_300398,0,0.06934642791748047,real::Smartphone,Smartphone,models/v2/clip_lora_fold1_best_v1.pt,models/v2/v2_10b_h2_balanced_logreg_fold1_v1.joblib
1,screenshot_strong,SMARTPHONE_605242,0,0.04285747930407524,real::Smartphone,Smartphone,models/v2/clip_lora_fold1_best_v1.pt,models/v2/v2_10b_h2_balanced_logreg_fold1_v1.joblib
1,screenshot_strong,SMARTPHONE_476852,0,0.00980909913778305,real::Smartphone,Smartphone,models/v2/clip_lora_fold1_best_v1.pt,models/v2/v2_10b_h2_balanced_logreg_fold1_v1.joblib
1,screenshot_strong,SMARTPHONE_586003,0,0.1459781527519226,real::Smartphone,Smartphone,models/v2/clip_lora_fold1_best_v1.pt,models/v2/v2_10b_h2_balanced_logreg_fold1_v1.joblib
1,screenshot_strong,SMARTPHONE_415955,0,0.012112242169678211,real::Smartphone,Smartphone,models/v2/clip_lora_fold1_best_v1.pt,models/v2/v2_10b_h2_balanced_logreg_fold1_v1.joblib
1,screenshot_strong,SMARTPHONE_983469,0,0.09015391021966934,real::Smartphone,Smartphone,models/v2/clip_lora_fold1_best_v1.pt,models/v2/v2_10b_h2_balanced_logreg_fold1_v1.joblib
1,screenshot_strong,SMARTPHONE_848429,0,0.028026392683386803,real::Smartphone,Smartphone,models/v2/clip_lora_fold1_best_v1.pt,models/v2/v2_10b_h2_balanced_logreg_fold1_v1.joblib
1,screenshot_strong,SMARTPHONE_809215,0,0.03795856609940529,real::Smartphone,Smartphone,models/v2/clip_lora_fold1_best_v1.pt,models/v2/v2_10b_h2_balanced_logreg_fold1_v1.joblib
1,screenshot_strong,SMARTPHONE_727593,0,0.03083536960184574,real::Smartphone,Smartphone,models/v2/clip_lora_fold1_best_v1.pt,models/v2/v2_10b_h2_balanced_logreg_fold1_v1.joblib
1,screenshot_strong,SMARTPHONE_66762,0,0.05569915473461151,real::Smartphone,Smartphone,models/v2/clip_lora_fold1_best_v1.pt,models/v2/v2_10b_h2_balanced_logreg_fold1_v1.joblib
1,screenshot_strong,SMARTPHONE_257072,0,0.035429295152425766,real::Smartphone,Smartphone,models/v2/clip_lora_fold1_best_v1.pt,models/v2/v2_10b_h2_balanced_logreg_fold1_v1.joblib
1,screenshot_strong,SMARTPHONE_483456,0,0.010244380682706833,real::Smartphone,Smartphone,models/v2/clip_lora_fold1_best_v1.pt,models/v2/v2_10b_h2_balanced_logreg_fold1_v1.joblib
1,screenshot_strong,SMARTPHONE_494712,0,0.0602346770465374,real::Smartphone,Smartphone,models/v2/clip_lora_fold1_best_v1.pt,models/v2/v2_10b_h2_balanced_logreg_fold1_v1.joblib
1,screenshot_strong,SMARTPHONE_883000,0,0.07049061357975006,real::Smartphone,Smartphone,models/v2/clip_lora_fold1_best_v1.pt,models/v2/v2_10b_h2_balanced_logreg_fold1_v1.joblib
1,screenshot_strong,SMARTPHONE_879126,0,0.08611553907394409,real::Smartphone,Smartphone,models/v2/clip_lora_fold1_best_v1.pt,models/v2/v2_10b_h2_balanced_logreg_fold1_v1.joblib
1,screenshot_strong,SMARTPHONE_39837,0,0.06004203483462334,real::Smartphone,Smartphone,models/v2/clip_lora_fold1_best_v1.pt,models/v2/v2_10b_h2_balanced_logreg_fold1_v1.joblib
1,screenshot_strong,SMARTPHONE_1033666,0,0.014306079596281052,real::Smartphone,Smartphone,models/v2/clip_lora_fold1_best_v1.pt,models/v2/v2_10b_h2_balanced_logreg_fold1_v1.joblib
1,screenshot_strong,SMARTPHONE_1002811,0,0.05991765484213829,real::Smartphone,Smartphone,models/v2/clip_lora_fold1_best_v1.pt,models/v2/v2_10b_h2_balanced_logreg_fold1_v1.joblib
1,screenshot_strong,SMARTPHONE_640187,0,0.2927529513835907,real::Smartphone,Smartphone,models/v2/clip_lora_fold1_best_v1.pt,models/v2/v2_10b_h2_balanced_logreg_fold1_v1.joblib
1,screenshot_strong,SMARTPHONE_624066,0,0.03750382736325264,real::Smartphone,Smartphone,models/v2/clip_lora_fold1_best_v1.pt,models/v2/v2_10b_h2_balanced_logreg_fold1_v1.joblib
1,screenshot_strong,SMARTPHONE_809493,0,0.03283146768808365,real::Smartphone,Smartphone,models/v2/clip_lora_fold1_best_v1.pt,models/v2/v2_10b_h2_balanced_logreg_fold1_v1.joblib
1,screenshot_strong,SMARTPHONE_686409,0,0.03126746788620949,real::Smartphone,Smartphone,models/v2/clip_lora_fold1_best_v1.pt,models/v2/v2_10b_h2_balanced_logreg_fold1_v1.joblib
1,screenshot_strong,SMARTPHONE_543198,0,0.33825692534446716,real::Smartphone,Smartphone,models/v2/clip_lora_fold1_best_v1.pt,models/v2/v2_10b_h2_balanced_logreg_fold1_v1.joblib
1,screenshot_strong,SMARTPHONE_661693,0,0.13016241788864136,real::Smartphone,Smartphone,models/v2/clip_lora_fold1_best_v1.pt,models/v2/v2_10b_h2_balanced_logreg_fold1_v1.joblib
1,screenshot_strong,SMARTPHONE_230225,0,0.07970380783081055,real::Smartphone,Smartphone,models/v2/clip_lora_fold1_best_v1.pt,models/v2/v2_10b_h2_balanced_logreg_fold1_v1.joblib
1,screenshot_strong,SMARTPHONE_1010126,0,0.009584937244653702,real::Smartphone,Smartphone,models/v2/clip_lora_fold1_best_v1.pt,models/v2/v2_10b_h2_balanced_logreg_fold1_v1.joblib
1,screenshot_strong,SMARTPHONE_909011,0,0.020712755620479584,real::Smartphone,Smartphone,models/v2/clip_lora_fold1_best_v1.pt,models/v2/v2_10b_h2_balanced_logreg_fold1_v1.joblib
1,screenshot_strong,SMARTPHONE_527623,0,0.04798688367009163,real::Smartphone,Smartphone,models/v2/clip_lora_fold1_best_v1.pt,models/v2/v2_10b_h2_balanced_logreg_fold1_v1.joblib
1,screenshot_strong,SMARTPHONE_826493,0,0.09201891720294952,real::Smartphone,Smartphone,models/v2/clip_lora_fold1_best_v1.pt,models/v2/v2_10b_h2_balanced_logreg_fold1_v1.joblib
1,screenshot_strong,SMARTPHONE_499885,0,0.0497811958193779,real::Smartphone,Smartphone,models/v2/clip_lora_fold1_best_v1.pt,models/v2/v2_10b_h2_balanced_logreg_fold1_v1.joblib
1,screenshot_strong,SMARTPHONE_539735,0,0.0686659887433052,real::Smartphone,Smartphone,models/v2/clip_lora_fold1_best_v1.pt,models/v2/v2_10b_h2_balanced_logreg_fold1_v1.joblib
1,screenshot_strong,SMARTPHONE_330547,0,0.190317764878273,real::Smartphone,Smartphone,models/v2/clip_lora_fold1_best_v1.pt,models/v2/v2_10b_h2_balanced_logreg_fold1_v1.joblib
1,screenshot_strong,SMARTPHONE_663961,0,0.18026705086231232,real::Smartphone,Smartphone,models/v2/clip_lora_fold1_best_v1.pt,models/v2/v2_10b_h2_balanced_logreg_fold1_v1.joblib
1,screenshot_strong,SMARTPHONE_477639,0,0.07901513576507568,real::Smartphone,Smartphone,models/v2/clip_lora_fold1_best_v1.pt,models/v2/v2_10b_h2_balanced_logreg_fold1_v1.joblib
1,screenshot_strong,SMARTPHONE_1001088,0,0.06077900901436806,real::Smartphone,Smartphone,models/v2/clip_lora_fold1_best_v1.pt,models/v2/v2_10b_h2_balanced_logreg_fold1_v1.joblib
1,screenshot_strong,SMARTPHONE_8274,0,0.05538313463330269,real::Smartphone,Smartphone,models/v2/clip_lora_fold1_best_v1.pt,models/v2/v2_10b_h2_balanced_logreg_fold1_v1.joblib
1,screenshot_strong,SMARTPHONE_808022,0,0.12097656726837158,real::Smartphone,Smartphone,models/v2/clip_lora_fold1_best_v1.pt,models/v2/v2_10b_h2_balanced_logreg_fold1_v1.joblib
1,screenshot_strong,SMARTPHONE_475434,0,0.09309692680835724,real::Smartphone,Smartphone,models/v2/clip_lora_fold1_best_v1.pt,models/v2/v2_10b_h2_balanced_logreg_fold1_v1.joblib
1,screenshot_strong,SMARTPHONE_455547,0,0.017793243750929832,real::Smartphone,Smartphone,models/v2/clip_lora_fold1_best_v1.pt,models/v2/v2_10b_h2_balanced_logreg_fold1_v1.joblib
1,screenshot_strong,SMARTPHONE_365232,0,0.07305110991001129,real::Smartphone,Smartphone,models/v2/clip_lora_fold1_best_v1.pt,models/v2/v2_10b_h2_balanced_logreg_fold1_v1.joblib
1,screenshot_strong,SMARTPHONE_914541,0,0.10676858574151993,real::Smartphone,Smartphone,models/v2/clip_lora_fold1_best_v1.pt,models/v2/v2_10b_h2_balanced_logreg_fold1_v1.joblib
1,screenshot_strong,SMARTPHONE_67029,0,0.056759487837553024,real::Smartphone,Smartphone,models/v2/clip_lora_fold1_best_v1.pt,models/v2/v2_10b_h2_balanced_logreg_fold1_v1.joblib
1,screenshot_strong,SMARTPHONE_258304,0,0.07527720183134079,real::Smartphone,Smartphone,models/v2/clip_lora_fold1_best_v1.pt,models/v2/v2_10b_h2_balanced_logreg_fold1_v1.joblib
1,screenshot_strong,SMARTPHONE_146005,0,0.23250633478164673,real::Smartphone,Smartphone,models/v2/clip_lora_fold1_best_v1.pt,models/v2/v2_10b_h2_balanced_logreg_fold1_v1.joblib
1,screenshot_strong,SMARTPHONE_643964,0,0.09602625668048859,real::Smartphone,Smartphone,models/v2/clip_lora_fold1_best_v1.pt,models/v2/v2_10b_h2_balanced_logreg_fold1_v1.joblib
1,screenshot_strong,SMARTPHONE_192824,0,0.0255283210426569,real::Smartphone,Smartphone,models/v2/clip_lora_fold1_best_v1.pt,models/v2/v2_10b_h2_balanced_logreg_fold1_v1.joblib
1,screenshot_strong,SMARTPHONE_264810,0,0.00816398672759533,real::Smartphone,Smartphone,models/v2/clip_lora_fold1_best_v1.pt,models/v2/v2_10b_h2_balanced_logreg_fold1_v1.joblib
1,screenshot_strong,SMARTPHONE_735592,0,0.11575976014137268,real::Smartphone,Smartphone,models/v2/clip_lora_fold1_best_v1.pt,models/v2/v2_10b_h2_balanced_logreg_fold1_v1.joblib
1,screenshot_strong,SMARTPHONE_473443,0,0.05902688577771187,real::Smartphone,Smartphone,models/v2/clip_lora_fold1_best_v1.pt,models/v2/v2_10b_h2_balanced_logreg_fold1_v1.joblib
1,screenshot_strong,SMARTPHONE_902600,0,0.024060791358351707,real::Smartphone,Smartphone,models/v2/clip_lora_fold1_best_v1.pt,models/v2/v2_10b_h2_balanced_logreg_fold1_v1.joblib
1,screenshot_strong,SMARTPHONE_166294,0,0.1680208146572113,real::Smartphone,Smartphone,models/v2/clip_lora_fold1_best_v1.pt,models/v2/v2_10b_h2_balanced_logreg_fold1_v1.joblib
1,screenshot_strong,SMARTPHONE_870855,0,0.03253544867038727,real::Smartphone,Smartphone,models/v2/clip_lora_fold1_best_v1.pt,models/v2/v2_10b_h2_balanced_logreg_fold1_v1.joblib
1,screenshot_strong,SMARTPHONE_994349,0,0.04338374361395836,real::Smartphone,Smartphone,models/v2/clip_lora_fold1_best_v1.pt,models/v2/v2_10b_h2_balanced_logreg_fold1_v1.joblib
1,screenshot_strong,SMARTPHONE_413030,0,0.203944593667984,real::Smartphone,Smartphone,models/v2/clip_lora_fold1_best_v1.pt,models/v2/v2_10b_h2_balanced_logreg_fold1_v1.joblib
1,screenshot_strong,SMARTPHONE_554363,0,0.07890085875988007,real::Smartphone,Smartphone,models/v2/clip_lora_fold1_best_v1.pt,models/v2/v2_10b_h2_balanced_logreg_fold1_v1.joblib
1,screenshot_strong,SMARTPHONE_67228,0,0.12395620346069336,real::Smartphone,Smartphone,models/v2/clip_lora_fold1_best_v1.pt,models/v2/v2_10b_h2_balanced_logreg_fold1_v1.joblib
1,screenshot_strong,SMARTPHONE_800579,0,0.025883646681904793,real::Smartphone,Smartphone,models/v2/clip_lora_fold1_best_v1.pt,models/v2/v2_10b_h2_balanced_logreg_fold1_v1.joblib
1,screenshot_strong,SMARTPHONE_569429,0,0.04818073660135269,real::Smartphone,Smartphone,models/v2/clip_lora_fold1_best_v1.pt,models/v2/v2_10b_h2_balanced_logreg_fold1_v1.joblib
1,screenshot_strong,SMARTPHONE_85583,0,0.037731390446424484,real::Smartphone,Smartphone,models/v2/clip_lora_fold1_best_v1.pt,models/v2/v2_10b_h2_balanced_logreg_fold1_v1.joblib
1,screenshot_strong,SMARTPHONE_234705,0,0.10818557441234589,real::Smartphone,Smartphone,models/v2/clip_lora_fold1_best_v1.pt,models/v2/v2_10b_h2_balanced_logreg_fold1_v1.joblib
1,screenshot_strong,SMARTPHONE_591050,0,0.041657954454422,real::Smartphone,Smartphone,models/v2/clip_lora_fold1_best_v1.pt,models/v2/v2_10b_h2_balanced_logreg_fold1_v1.joblib
1,screenshot_strong,SMARTPHONE_507755,0,0.09683611989021301,real::Smartphone,Smartphone,models/v2/clip_lora_fold1_best_v1.pt,models/v2/v2_10b_h2_balanced_logreg_fold1_v1.joblib
1,screenshot_strong,SMARTPHONE_598833,0,0.08312942832708359,real::Smartphone,Smartphone,models/v2/clip_lora_fold1_best_v1.pt,models/v2/v2_10b_h2_balanced_logreg_fold1_v1.joblib
1,screenshot_strong,SMARTPHONE_280965,0,0.23391841351985931,real::Smartphone,Smartphone,models/v2/clip_lora_fold1_best_v1.pt,models/v2/v2_10b_h2_balanced_logreg_fold1_v1.joblib
1,screenshot_strong,SMARTPHONE_77738,0,0.10006125271320343,real::Smartphone,Smartphone,models/v2/clip_lora_fold1_best_v1.pt,models/v2/v2_10b_h2_balanced_logreg_fold1_v1.joblib
1,screenshot_strong,SMARTPHONE_812529,0,0.09022106975317001,real::Smartphone,Smartphone,models/v2/clip_lora_fold1_best_v1.pt,models/v2/v2_10b_h2_balanced_logreg_fold1_v1.joblib
1,screenshot_strong,SMARTPHONE_78372,0,0.07782314717769623,real::Smartphone,Smartphone,models/v2/clip_lora_fold1_best_v1.pt,models/v2/v2_10b_h2_balanced_logreg_fold1_v1.joblib
1,screenshot_strong,SMARTPHONE_596146,0,0.09808512777090073,real::Smartphone,Smartphone,models/v2/clip_lora_fold1_best_v1.pt,models/v2/v2_10b_h2_balanced_logreg_fold1_v1.joblib
1,screenshot_strong,SMARTPHONE_887107,0,0.1343257576227188,real::Smartphone,Smartphone,models/v2/clip_lora_fold1_best_v1.pt,models/v2/v2_10b_h2_balanced_logreg_fold1_v1.joblib
1,screenshot_strong,SMARTPHONE_368939,0,0.07312353700399399,real::Smartphone,Smartphone,models/v2/clip_lora_fold1_best_v1.pt,models/v2/v2_10b_h2_balanced_logreg_fold1_v1.joblib
1,screenshot_strong,SMARTPHONE_342674,0,0.26209723949432373,real::Smartphone,Smartphone,models/v2/clip_lora_fold1_best_v1.pt,models/v2/v2_10b_h2_balanced_logreg_fold1_v1.joblib
1,screenshot_strong,SMARTPHONE_344016,0,0.06107524782419205,real::Smartphone,Smartphone,models/v2/clip_lora_fold1_best_v1.pt,models/v2/v2_10b_h2_balanced_logreg_fold1_v1.joblib
1,screenshot_strong,SMARTPHONE_43238,0,0.03621525317430496,real::Smartphone,Smartphone,models/v2/clip_lora_fold1_best_v1.pt,models/v2/v2_10b_h2_balanced_logreg_fold1_v1.joblib
1,screenshot_strong,SMARTPHONE_184074,0,0.06711206585168839,real::Smartphone,Smartphone,models/v2/clip_lora_fold1_best_v1.pt,models/v2/v2_10b_h2_balanced_logreg_fold1_v1.joblib
1,screenshot_strong,SMARTPHONE_676931,0,0.06617538630962372,real::Smartphone,Smartphone,models/v2/clip_lora_fold1_best_v1.pt,models/v2/v2_10b_h2_balanced_logreg_fold1_v1.joblib
1,screenshot_strong,SMARTPHONE_105321,0,0.06788100302219391,real::Smartphone,Smartphone,models/v2/clip_lora_fold1_best_v1.pt,models/v2/v2_10b_h2_balanced_logreg_fold1_v1.joblib
1,screenshot_strong,SMARTPHONE_935417,0,0.05986809358000755,real::Smartphone,Smartphone,models/v2/clip_lora_fold1_best_v1.pt,models/v2/v2_10b_h2_balanced_logreg_fold1_v1.joblib
1,screenshot_strong,SMARTPHONE_460128,0,0.057803988456726074,real::Smartphone,Smartphone,models/v2/clip_lora_fold1_best_v1.pt,models/v2/v2_10b_h2_balanced_logreg_fold1_v1.joblib
1,screenshot_strong,SMARTPHONE_835331,0,0.06728148460388184,real::Smartphone,Smartphone,models/v2/clip_lora_fold1_best_v1.pt,models/v2/v2_10b_h2_balanced_logreg_fold1_v1.joblib
1,screenshot_strong,SMARTPHONE_177160,0,0.04027339071035385,real::Smartphone,Smartphone,models/v2/clip_lora_fold1_best_v1.pt,models/v2/v2_10b_h2_balanced_logreg_fold1_v1.joblib
1,screenshot_strong,SMARTPHONE_1021275,0,0.02982466109097004,real::Smartphone,Smartphone,models/v2/clip_lora_fold1_best_v1.pt,models/v2/v2_10b_h2_balanced_logreg_fold1_v1.joblib
1,screenshot_strong,SMARTPHONE_204780,0,0.15923266112804413,real::Smartphone,Smartphone,models/v2/clip_lora_fold1_best_v1.pt,models/v2/v2_10b_h2_balanced_logreg_fold1_v1.joblib
1,screenshot_strong,SMARTPHONE_773459,0,0.03150288015604019,real::Smartphone,Smartphone,models/v2/clip_lora_fold1_best_v1.pt,models/v2/v2_10b_h2_balanced_logreg_fold1_v1.joblib
1,screenshot_strong,SMARTPHONE_540448,0,0.11832182854413986,real::Smartphone,Smartphone,models/v2/clip_lora_fold1_best_v1.pt,models/v2/v2_10b_h2_balanced_logreg_fold1_v1.joblib
1,screenshot_strong,SMARTPHONE_240023,0,0.09381748735904694,real::Smartphone,Smartphone,models/v2/clip_lora_fold1_best_v1.pt,models/v2/v2_10b_h2_balanced_logreg_fold1_v1.joblib
1,screenshot_strong,SMARTPHONE_174486,0,0.17818008363246918,real::Smartphone,Smartphone,models/v2/clip_lora_fold1_best_v1.pt,models/v2/v2_10b_h2_balanced_logreg_fold1_v1.joblib
1,screenshot_strong,SMARTPHONE_70177,0,0.03142581880092621,real::Smartphone,Smartphone,models/v2/clip_lora_fold1_best_v1.pt,models/v2/v2_10b_h2_balanced_logreg_fold1_v1.joblib
1,screenshot_strong,SMARTPHONE_693345,0,0.013236280530691147,real::Smartphone,Smartphone,models/v2/clip_lora_fold1_best_v1.pt,models/v2/v2_10b_h2_balanced_logreg_fold1_v1.joblib
1,screenshot_strong,SMARTPHONE_640129,0,0.05691666901111603,real::Smartphone,Smartphone,models/v2/clip_lora_fold1_best_v1.pt,models/v2/v2_10b_h2_balanced_logreg_fold1_v1.joblib
1,screenshot_strong,SMARTPHONE_553160,0,0.03295263275504112,real::Smartphone,Smartphone,models/v2/clip_lora_fold1_best_v1.pt,models/v2/v2_10b_h2_balanced_logreg_fold1_v1.joblib
1,screenshot_strong,SMARTPHONE_886082,0,0.0955037772655487,real::Smartphone,Smartphone,models/v2/clip_lora_fold1_best_v1.pt,models/v2/v2_10b_h2_balanced_logreg_fold1_v1.joblib
1,screenshot_strong,SMARTPHONE_490872,0,0.09467091411352158,real::Smartphone,Smartphone,models/v2/clip_lora_fold1_best_v1.pt,models/v2/v2_10b_h2_balanced_logreg_fold1_v1.joblib
1,screenshot_strong,SMARTPHONE_47624,0,0.20939144492149353,real::Smartphone,Smartphone,models/v2/clip_lora_fold1_best_v1.pt,models/v2/v2_10b_h2_balanced_logreg_fold1_v1.joblib
1,screenshot_strong,SMARTPHONE_184572,0,0.007023395039141178,real::Smartphone,Smartphone,models/v2/clip_lora_fold1_best_v1.pt,models/v2/v2_10b_h2_balanced_logreg_fold1_v1.joblib
1,screenshot_strong,SMARTPHONE_444490,0,0.06702054291963577,real::Smartphone,Smartphone,models/v2/clip_lora_fold1_best_v1.pt,models/v2/v2_10b_h2_balanced_logreg_fold1_v1.joblib
1,screenshot_strong,SMARTPHONE_611049,0,0.044704072177410126,real::Smartphone,Smartphone,models/v2/clip_lora_fold1_best_v1.pt,models/v2/v2_10b_h2_balanced_logreg_fold1_v1.joblib
1,screenshot_strong,SMARTPHONE_605763,0,0.02375645749270916,real::Smartphone,Smartphone,models/v2/clip_lora_fold1_best_v1.pt,models/v2/v2_10b_h2_balanced_logreg_fold1_v1.joblib
1,screenshot_strong,SMARTPHONE_806085,0,0.05792763829231262,real::Smartphone,Smartphone,models/v2/clip_lora_fold1_best_v1.pt,models/v2/v2_10b_h2_balanced_logreg_fold1_v1.joblib
1,screenshot_strong,SMARTPHONE_768411,0,0.08398402482271194,real::Smartphone,Smartphone,models/v2/clip_lora_fold1_best_v1.pt,models/v2/v2_10b_h2_balanced_logreg_fold1_v1.joblib
1,screenshot_strong,SMARTPHONE_503393,0,0.07690257579088211,real::Smartphone,Smartphone,models/v2/clip_lora_fold1_best_v1.pt,models/v2/v2_10b_h2_balanced_logreg_fold1_v1.joblib
1,screenshot_strong,SMARTPHONE_353968,0,0.04411705955862999,real::Smartphone,Smartphone,models/v2/clip_lora_fold1_best_v1.pt,models/v2/v2_10b_h2_balanced_logreg_fold1_v1.joblib
1,screenshot_strong,SMARTPHONE_489482,0,0.07655584067106247,real::Smartphone,Smartphone,models/v2/clip_lora_fold1_best_v1.pt,models/v2/v2_10b_h2_balanced_logreg_fold1_v1.joblib
1,screenshot_strong,SMARTPHONE_279081,0,0.07416784018278122,real::Smartphone,Smartphone,models/v2/clip_lora_fold1_best_v1.pt,models/v2/v2_10b_h2_balanced_logreg_fold1_v1.joblib
1,screenshot_strong,SMARTPHONE_682499,0,0.0152659947052598,real::Smartphone,Smartphone,models/v2/clip_lora_fold1_best_v1.pt,models/v2/v2_10b_h2_balanced_logreg_fold1_v1.joblib
1,screenshot_strong,SMARTPHONE_557416,0,0.06592889875173569,real::Smartphone,Smartphone,models/v2/clip_lora_fold1_best_v1.pt,models/v2/v2_10b_h2_balanced_logreg_fold1_v1.joblib
1,screenshot_strong,SMARTPHONE_455613,0,0.12082299590110779,real::Smartphone,Smartphone,models/v2/clip_lora_fold1_best_v1.pt,models/v2/v2_10b_h2_balanced_logreg_fold1_v1.joblib
1,screenshot_strong,SMARTPHONE_237870,0,0.12521672248840332,real::Smartphone,Smartphone,models/v2/clip_lora_fold1_best_v1.pt,models/v2/v2_10b_h2_balanced_logreg_fold1_v1.joblib
1,screenshot_strong,SMARTPHONE_360566,0,0.27552205324172974,real::Smartphone,Smartphone,models/v2/clip_lora_fold1_best_v1.pt,models/v2/v2_10b_h2_balanced_logreg_fold1_v1.joblib
1,screenshot_strong,SMARTPHONE_51501,0,0.03017198108136654,real::Smartphone,Smartphone,models/v2/clip_lora_fold1_best_v1.pt,models/v2/v2_10b_h2_balanced_logreg_fold1_v1.joblib
1,screenshot_strong,SMARTPHONE_1005229,0,0.15658608078956604,real::Smartphone,Smartphone,models/v2/clip_lora_fold1_best_v1.pt,models/v2/v2_10b_h2_balanced_logreg_fold1_v1.joblib
1,screenshot_strong,SMARTPHONE_54688,0,0.20017875730991364,real::Smartphone,Smartphone,models/v2/clip_lora_fold1_best_v1.pt,models/v2/v2_10b_h2_balanced_logreg_fold1_v1.joblib
1,screenshot_strong,SMARTPHONE_514549,0,0.02517293207347393,real::Smartphone,Smartphone,models/v2/clip_lora_fold1_best_v1.pt,models/v2/v2_10b_h2_balanced_logreg_fold1_v1.joblib
1,screenshot_strong,SMARTPHONE_668457,0,0.05511513352394104,real::Smartphone,Smartphone,models/v2/clip_lora_fold1_best_v1.pt,models/v2/v2_10b_h2_balanced_logreg_fold1_v1.joblib
1,screenshot_strong,SMARTPHONE_903525,0,0.010377275757491589,real::Smartphone,Smartphone,models/v2/clip_lora_fold1_best_v1.pt,models/v2/v2_10b_h2_balanced_logreg_fold1_v1.joblib
1,screenshot_strong,SMARTPHONE_954717,0,0.03076217509806156,real::Smartphone,Smartphone,models/v2/clip_lora_fold1_best_v1.pt,models/v2/v2_10b_h2_balanced_logreg_fold1_v1.joblib
1,screenshot_strong,SMARTPHONE_868108,0,0.06695569306612015,real::Smartphone,Smartphone,models/v2/clip_lora_fold1_best_v1.pt,models/v2/v2_10b_h2_balanced_logreg_fold1_v1.joblib
1,screenshot_strong,SMARTPHONE_676465,0,0.041798099875450134,real::Smartphone,Smartphone,models/v2/clip_lora_fold1_best_v1.pt,models/v2/v2_10b_h2_balanced_logreg_fold1_v1.joblib
1,screenshot_strong,SMARTPHONE_287625,0,0.320083349943161,real::Smartphone,Smartphone,models/v2/clip_lora_fold1_best_v1.pt,models/v2/v2_10b_h2_balanced_logreg_fold1_v1.joblib
1,screenshot_strong,SMARTPHONE_84030,0,0.03925120830535889,real::Smartphone,Smartphone,models/v2/clip_lora_fold1_best_v1.pt,models/v2/v2_10b_h2_balanced_logreg_fold1_v1.joblib
1,screenshot_strong,SMARTPHONE_710207,0,0.14183011651039124,real::Smartphone,Smartphone,models/v2/clip_lora_fold1_best_v1.pt,models/v2/v2_10b_h2_balanced_logreg_fold1_v1.joblib
1,screenshot_strong,SMARTPHONE_331071,0,0.07440434396266937,real::Smartphone,Smartphone,models/v2/clip_lora_fold1_best_v1.pt,models/v2/v2_10b_h2_balanced_logreg_fold1_v1.joblib
1,screenshot_strong,SMARTPHONE_573837,0,0.12478319555521011,real::Smartphone,Smartphone,models/v2/clip_lora_fold1_best_v1.pt,models/v2/v2_10b_h2_balanced_logreg_fold1_v1.joblib
1,screenshot_strong,SMARTPHONE_1017010,0,0.32965755462646484,real::Smartphone,Smartphone,models/v2/clip_lora_fold1_best_v1.pt,models/v2/v2_10b_h2_balanced_logreg_fold1_v1.joblib
1,screenshot_strong,SMARTPHONE_722709,0,0.016025297343730927,real::Smartphone,Smartphone,models/v2/clip_lora_fold1_best_v1.pt,models/v2/v2_10b_h2_balanced_logreg_fold1_v1.joblib
1,screenshot_strong,SMARTPHONE_1026164,0,0.03771955147385597,real::Smartphone,Smartphone,models/v2/clip_lora_fold1_best_v1.pt,models/v2/v2_10b_h2_balanced_logreg_fold1_v1.joblib
1,screenshot_strong,SMARTPHONE_851453,0,0.035147231072187424,real::Smartphone,Smartphone,models/v2/clip_lora_fold1_best_v1.pt,models/v2/v2_10b_h2_balanced_logreg_fold1_v1.joblib
1,screenshot_strong,SMARTPHONE_210846,0,0.053353480994701385,real::Smartphone,Smartphone,models/v2/clip_lora_fold1_best_v1.pt,models/v2/v2_10b_h2_balanced_logreg_fold1_v1.joblib
1,screenshot_strong,SMARTPHONE_335183,0,0.021905604749917984,real::Smartphone,Smartphone,models/v2/clip_lora_fold1_best_v1.pt,models/v2/v2_10b_h2_balanced_logreg_fold1_v1.joblib
1,screenshot_strong,SMARTPHONE_157015,0,0.026863034814596176,real::Smartphone,Smartphone,models/v2/clip_lora_fold1_best_v1.pt,models/v2/v2_10b_h2_balanced_logreg_fold1_v1.joblib
1,screenshot_strong,SMARTPHONE_230063,0,0.04536651819944382,real::Smartphone,Smartphone,models/v2/clip_lora_fold1_best_v1.pt,models/v2/v2_10b_h2_balanced_logreg_fold1_v1.joblib
1,screenshot_strong,SMARTPHONE_611487,0,0.08396487683057785,real::Smartphone,Smartphone,models/v2/clip_lora_fold1_best_v1.pt,models/v2/v2_10b_h2_balanced_logreg_fold1_v1.joblib
1,screenshot_strong,SMARTPHONE_1002186,0,0.08957637846469879,real::Smartphone,Smartphone,models/v2/clip_lora_fold1_best_v1.pt,models/v2/v2_10b_h2_balanced_logreg_fold1_v1.joblib
1,screenshot_strong,SMARTPHONE_859563,0,0.11469431221485138,real::Smartphone,Smartphone,models/v2/clip_lora_fold1_best_v1.pt,models/v2/v2_10b_h2_balanced_logreg_fold1_v1.joblib
1,screenshot_strong,SMARTPHONE_1023840,0,0.10078316926956177,real::Smartphone,Smartphone,models/v2/clip_lora_fold1_best_v1.pt,models/v2/v2_10b_h2_balanced_logreg_fold1_v1.joblib
1,screenshot_strong,SMARTPHONE_915040,0,0.36381641030311584,real::Smartphone,Smartphone,models/v2/clip_lora_fold1_best_v1.pt,models/v2/v2_10b_h2_balanced_logreg_fold1_v1.joblib
1,screenshot_strong,SMARTPHONE_894996,0,0.02278321608901024,real::Smartphone,Smartphone,models/v2/clip_lora_fold1_best_v1.pt,models/v2/v2_10b_h2_balanced_logreg_fold1_v1.joblib
1,screenshot_strong,SMARTPHONE_761561,0,0.10304227471351624,real::Smartphone,Smartphone,models/v2/clip_lora_fold1_best_v1.pt,models/v2/v2_10b_h2_balanced_logreg_fold1_v1.joblib
1,screenshot_strong,SMARTPHONE_641647,0,0.045021772384643555,real::Smartphone,Smartphone,models/v2/clip_lora_fold1_best_v1.pt,models/v2/v2_10b_h2_balanced_logreg_fold1_v1.joblib
1,screenshot_strong,SMARTPHONE_358445,0,0.027342000976204872,real::Smartphone,Smartphone,models/v2/clip_lora_fold1_best_v1.pt,models/v2/v2_10b_h2_balanced_logreg_fold1_v1.joblib
1,screenshot_strong,SMARTPHONE_837760,0,0.037115395069122314,real::Smartphone,Smartphone,models/v2/clip_lora_fold1_best_v1.pt,models/v2/v2_10b_h2_balanced_logreg_fold1_v1.joblib
1,screenshot_strong,SMARTPHONE_205205,0,0.008278920315206051,real::Smartphone,Smartphone,models/v2/clip_lora_fold1_best_v1.pt,models/v2/v2_10b_h2_balanced_logreg_fold1_v1.joblib
1,screenshot_strong,SMARTPHONE_515628,0,0.14113903045654297,real::Smartphone,Smartphone,models/v2/clip_lora_fold1_best_v1.pt,models/v2/v2_10b_h2_balanced_logreg_fold1_v1.joblib
1,screenshot_strong,SMARTPHONE_277701,0,0.20165784657001495,real::Smartphone,Smartphone,models/v2/clip_lora_fold1_best_v1.pt,models/v2/v2_10b_h2_balanced_logreg_fold1_v1.joblib
1,screenshot_strong,SMARTPHONE_483125,0,0.024265730753540993,real::Smartphone,Smartphone,models/v2/clip_lora_fold1_best_v1.pt,models/v2/v2_10b_h2_balanced_logreg_fold1_v1.joblib
1,screenshot_strong,SMARTPHONE_602425,0,0.01613493077456951,real::Smartphone,Smartphone,models/v2/clip_lora_fold1_best_v1.pt,models/v2/v2_10b_h2_balanced_logreg_fold1_v1.joblib
1,screenshot_strong,SMARTPHONE_1009781,0,0.08379116654396057,real::Smartphone,Smartphone,models/v2/clip_lora_fold1_best_v1.pt,models/v2/v2_10b_h2_balanced_logreg_fold1_v1.joblib
1,screenshot_strong,SMARTPHONE_787244,0,0.05282222479581833,real::Smartphone,Smartphone,models/v2/clip_lora_fold1_best_v1.pt,models/v2/v2_10b_h2_balanced_logreg_fold1_v1.joblib
1,screenshot_strong,SMARTPHONE_673708,0,0.16447415947914124,real::Smartphone,Smartphone,models/v2/clip_lora_fold1_best_v1.pt,models/v2/v2_10b_h2_balanced_logreg_fold1_v1.joblib
1,screenshot_strong,SMARTPHONE_818200,0,0.07936463505029678,real::Smartphone,Smartphone,models/v2/clip_lora_fold1_best_v1.pt,models/v2/v2_10b_h2_balanced_logreg_fold1_v1.joblib
1,screenshot_strong,SMARTPHONE_242024,0,0.06854231655597687,real::Smartphone,Smartphone,models/v2/clip_lora_fold1_best_v1.pt,models/v2/v2_10b_h2_balanced_logreg_fold1_v1.joblib
1,screenshot_strong,SMARTPHONE_182817,0,0.0211043581366539,real::Smartphone,Smartphone,models/v2/clip_lora_fold1_best_v1.pt,models/v2/v2_10b_h2_balanced_logreg_fold1_v1.joblib
1,screenshot_strong,SMARTPHONE_168294,0,0.010589536279439926,real::Smartphone,Smartphone,models/v2/clip_lora_fold1_best_v1.pt,models/v2/v2_10b_h2_balanced_logreg_fold1_v1.joblib
1,screenshot_strong,SMARTPHONE_112112,0,0.10335072875022888,real::Smartphone,Smartphone,models/v2/clip_lora_fold1_best_v1.pt,models/v2/v2_10b_h2_balanced_logreg_fold1_v1.joblib
1,screenshot_strong,SMARTPHONE_938929,0,0.00978702213615179,real::Smartphone,Smartphone,models/v2/clip_lora_fold1_best_v1.pt,models/v2/v2_10b_h2_balanced_logreg_fold1_v1.joblib
1,screenshot_strong,SMARTPHONE_868813,0,0.15363208949565887,real::Smartphone,Smartphone,models/v2/clip_lora_fold1_best_v1.pt,models/v2/v2_10b_h2_balanced_logreg_fold1_v1.joblib
1,screenshot_strong,SMARTPHONE_991776,0,0.1862262487411499,real::Smartphone,Smartphone,models/v2/clip_lora_fold1_best_v1.pt,models/v2/v2_10b_h2_balanced_logreg_fold1_v1.joblib
1,screenshot_strong,SMARTPHONE_700062,0,0.027826376259326935,real::Smartphone,Smartphone,models/v2/clip_lora_fold1_best_v1.pt,models/v2/v2_10b_h2_balanced_logreg_fold1_v1.joblib
1,screenshot_strong,SMARTPHONE_746908,0,0.052782732993364334,real::Smartphone,Smartphone,models/v2/clip_lora_fold1_best_v1.pt,models/v2/v2_10b_h2_balanced_logreg_fold1_v1.joblib
1,screenshot_strong,SMARTPHONE_361109,0,0.019168205559253693,real::Smartphone,Smartphone,models/v2/clip_lora_fold1_best_v1.pt,models/v2/v2_10b_h2_balanced_logreg_fold1_v1.joblib
1,screenshot_strong,SMARTPHONE_125986,0,0.03280213847756386,real::Smartphone,Smartphone,models/v2/clip_lora_fold1_best_v1.pt,models/v2/v2_10b_h2_balanced_logreg_fold1_v1.joblib
1,screenshot_strong,SMARTPHONE_241100,0,0.007864557206630707,real::Smartphone,Smartphone,models/v2/clip_lora_fold1_best_v1.pt,models/v2/v2_10b_h2_balanced_logreg_fold1_v1.joblib
1,screenshot_strong,SMARTPHONE_357393,0,0.03334081172943115,real::Smartphone,Smartphone,models/v2/clip_lora_fold1_best_v1.pt,models/v2/v2_10b_h2_balanced_logreg_fold1_v1.joblib
1,screenshot_strong,SMARTPHONE_144417,0,0.10851779580116272,real::Smartphone,Smartphone,models/v2/clip_lora_fold1_best_v1.pt,models/v2/v2_10b_h2_balanced_logreg_fold1_v1.joblib
1,screenshot_strong,SMARTPHONE_604378,0,0.05107315629720688,real::Smartphone,Smartphone,models/v2/clip_lora_fold1_best_v1.pt,models/v2/v2_10b_h2_balanced_logreg_fold1_v1.joblib
1,screenshot_strong,SMARTPHONE_389148,0,0.07588634639978409,real::Smartphone,Smartphone,models/v2/clip_lora_fold1_best_v1.pt,models/v2/v2_10b_h2_balanced_logreg_fold1_v1.joblib
1,screenshot_strong,SMARTPHONE_44975,0,0.10974520444869995,real::Smartphone,Smartphone,models/v2/clip_lora_fold1_best_v1.pt,models/v2/v2_10b_h2_balanced_logreg_fold1_v1.joblib
1,screenshot_strong,SMARTPHONE_747043,0,0.1258350908756256,real::Smartphone,Smartphone,models/v2/clip_lora_fold1_best_v1.pt,models/v2/v2_10b_h2_balanced_logreg_fold1_v1.joblib
1,screenshot_strong,SMARTPHONE_701632,0,0.03812333196401596,real::Smartphone,Smartphone,models/v2/clip_lora_fold1_best_v1.pt,models/v2/v2_10b_h2_balanced_logreg_fold1_v1.joblib
1,screenshot_strong,SMARTPHONE_631653,0,0.1370701938867569,real::Smartphone,Smartphone,models/v2/clip_lora_fold1_best_v1.pt,models/v2/v2_10b_h2_balanced_logreg_fold1_v1.joblib
1,screenshot_strong,SMARTPHONE_948366,0,0.023205099627375603,real::Smartphone,Smartphone,models/v2/clip_lora_fold1_best_v1.pt,models/v2/v2_10b_h2_balanced_logreg_fold1_v1.joblib
1,screenshot_strong,SMARTPHONE_76623,0,0.05297970399260521,real::Smartphone,Smartphone,models/v2/clip_lora_fold1_best_v1.pt,models/v2/v2_10b_h2_balanced_logreg_fold1_v1.joblib
1,screenshot_strong,SMARTPHONE_610243,0,0.013557345606386662,real::Smartphone,Smartphone,models/v2/clip_lora_fold1_best_v1.pt,models/v2/v2_10b_h2_balanced_logreg_fold1_v1.joblib
1,screenshot_strong,SMARTPHONE_742904,0,0.17398950457572937,real::Smartphone,Smartphone,models/v2/clip_lora_fold1_best_v1.pt,models/v2/v2_10b_h2_balanced_logreg_fold1_v1.joblib
1,screenshot_strong,SMARTPHONE_236825,0,0.058976899832487106,real::Smartphone,Smartphone,models/v2/clip_lora_fold1_best_v1.pt,models/v2/v2_10b_h2_balanced_logreg_fold1_v1.joblib
1,screenshot_strong,SMARTPHONE_193357,0,0.06299127638339996,real::Smartphone,Smartphone,models/v2/clip_lora_fold1_best_v1.pt,models/v2/v2_10b_h2_balanced_logreg_fold1_v1.joblib
1,screenshot_strong,SMARTPHONE_727660,0,0.015044069848954678,real::Smartphone,Smartphone,models/v2/clip_lora_fold1_best_v1.pt,models/v2/v2_10b_h2_balanced_logreg_fold1_v1.joblib
1,screenshot_strong,SMARTPHONE_636430,0,0.0535624660551548,real::Smartphone,Smartphone,models/v2/clip_lora_fold1_best_v1.pt,models/v2/v2_10b_h2_balanced_logreg_fold1_v1.joblib
1,screenshot_strong,SMARTPHONE_380800,0,0.08736954629421234,real::Smartphone,Smartphone,models/v2/clip_lora_fold1_best_v1.pt,models/v2/v2_10b_h2_balanced_logreg_fold1_v1.joblib
1,screenshot_strong,SMARTPHONE_1661,0,0.008958679623901844,real::Smartphone,Smartphone,models/v2/clip_lora_fold1_best_v1.pt,models/v2/v2_10b_h2_balanced_logreg_fold1_v1.joblib
1,screenshot_strong,SMARTPHONE_569540,0,0.1476348489522934,real::Smartphone,Smartphone,models/v2/clip_lora_fold1_best_v1.pt,models/v2/v2_10b_h2_balanced_logreg_fold1_v1.joblib
1,screenshot_strong,SMARTPHONE_408086,0,0.027607789263129234,real::Smartphone,Smartphone,models/v2/clip_lora_fold1_best_v1.pt,models/v2/v2_10b_h2_balanced_logreg_fold1_v1.joblib
1,screenshot_strong,SMARTPHONE_805523,0,0.3646402060985565,real::Smartphone,Smartphone,models/v2/clip_lora_fold1_best_v1.pt,models/v2/v2_10b_h2_balanced_logreg_fold1_v1.joblib
1,screenshot_strong,SMARTPHONE_807082,0,0.16742710769176483,real::Smartphone,Smartphone,models/v2/clip_lora_fold1_best_v1.pt,models/v2/v2_10b_h2_balanced_logreg_fold1_v1.joblib
1,screenshot_strong,SMARTPHONE_226070,0,0.03575276955962181,real::Smartphone,Smartphone,models/v2/clip_lora_fold1_best_v1.pt,models/v2/v2_10b_h2_balanced_logreg_fold1_v1.joblib
1,screenshot_strong,SMARTPHONE_838917,0,0.0376107320189476,real::Smartphone,Smartphone,models/v2/clip_lora_fold1_best_v1.pt,models/v2/v2_10b_h2_balanced_logreg_fold1_v1.joblib
1,screenshot_strong,SMARTPHONE_63616,0,0.057820528745651245,real::Smartphone,Smartphone,models/v2/clip_lora_fold1_best_v1.pt,models/v2/v2_10b_h2_balanced_logreg_fold1_v1.joblib
1,screenshot_strong,SMARTPHONE_498450,0,0.04305674508213997,real::Smartphone,Smartphone,models/v2/clip_lora_fold1_best_v1.pt,models/v2/v2_10b_h2_balanced_logreg_fold1_v1.joblib
1,screenshot_strong,SMARTPHONE_494157,0,0.14051589369773865,real::Smartphone,Smartphone,models/v2/clip_lora_fold1_best_v1.pt,models/v2/v2_10b_h2_balanced_logreg_fold1_v1.joblib
1,screenshot_strong,SMARTPHONE_622535,0,0.028572892770171165,real::Smartphone,Smartphone,models/v2/clip_lora_fold1_best_v1.pt,models/v2/v2_10b_h2_balanced_logreg_fold1_v1.joblib
1,screenshot_strong,SMARTPHONE_294094,0,0.06700331717729568,real::Smartphone,Smartphone,models/v2/clip_lora_fold1_best_v1.pt,models/v2/v2_10b_h2_balanced_logreg_fold1_v1.joblib
1,screenshot_strong,SMARTPHONE_87244,0,0.03863593935966492,real::Smartphone,Smartphone,models/v2/clip_lora_fold1_best_v1.pt,models/v2/v2_10b_h2_balanced_logreg_fold1_v1.joblib
1,screenshot_strong,SMARTPHONE_909617,0,0.08169896900653839,real::Smartphone,Smartphone,models/v2/clip_lora_fold1_best_v1.pt,models/v2/v2_10b_h2_balanced_logreg_fold1_v1.joblib
1,screenshot_strong,SMARTPHONE_116559,0,0.12103895843029022,real::Smartphone,Smartphone,models/v2/clip_lora_fold1_best_v1.pt,models/v2/v2_10b_h2_balanced_logreg_fold1_v1.joblib
1,screenshot_strong,SMARTPHONE_964906,0,0.08339591324329376,real::Smartphone,Smartphone,models/v2/clip_lora_fold1_best_v1.pt,models/v2/v2_10b_h2_balanced_logreg_fold1_v1.joblib
1,screenshot_strong,SMARTPHONE_264393,0,0.06920015066862106,real::Smartphone,Smartphone,models/v2/clip_lora_fold1_best_v1.pt,models/v2/v2_10b_h2_balanced_logreg_fold1_v1.joblib
1,screenshot_strong,SMARTPHONE_403503,0,0.14819331467151642,real::Smartphone,Smartphone,models/v2/clip_lora_fold1_best_v1.pt,models/v2/v2_10b_h2_balanced_logreg_fold1_v1.joblib
1,screenshot_strong,SMARTPHONE_298004,0,0.0279654860496521,real::Smartphone,Smartphone,models/v2/clip_lora_fold1_best_v1.pt,models/v2/v2_10b_h2_balanced_logreg_fold1_v1.joblib
1,screenshot_strong,SMARTPHONE_155723,0,0.03952222317457199,real::Smartphone,Smartphone,models/v2/clip_lora_fold1_best_v1.pt,models/v2/v2_10b_h2_balanced_logreg_fold1_v1.joblib
1,screenshot_strong,SMARTPHONE_684718,0,0.043979428708553314,real::Smartphone,Smartphone,models/v2/clip_lora_fold1_best_v1.pt,models/v2/v2_10b_h2_balanced_logreg_fold1_v1.joblib
1,screenshot_strong,SMARTPHONE_1032382,0,0.054179754108190536,real::Smartphone,Smartphone,models/v2/clip_lora_fold1_best_v1.pt,models/v2/v2_10b_h2_balanced_logreg_fold1_v1.joblib
1,screenshot_strong,SMARTPHONE_275100,0,0.028767939656972885,real::Smartphone,Smartphone,models/v2/clip_lora_fold1_best_v1.pt,models/v2/v2_10b_h2_balanced_logreg_fold1_v1.joblib
1,screenshot_strong,SMARTPHONE_749073,0,0.018166961148381233,real::Smartphone,Smartphone,models/v2/clip_lora_fold1_best_v1.pt,models/v2/v2_10b_h2_balanced_logreg_fold1_v1.joblib
1,screenshot_strong,SMARTPHONE_356407,0,0.02586257830262184,real::Smartphone,Smartphone,models/v2/clip_lora_fold1_best_v1.pt,models/v2/v2_10b_h2_balanced_logreg_fold1_v1.joblib
1,screenshot_strong,SMARTPHONE_731954,0,0.04237376153469086,real::Smartphone,Smartphone,models/v2/clip_lora_fold1_best_v1.pt,models/v2/v2_10b_h2_balanced_logreg_fold1_v1.joblib
1,screenshot_strong,SMARTPHONE_155864,0,0.16367202997207642,real::Smartphone,Smartphone,models/v2/clip_lora_fold1_best_v1.pt,models/v2/v2_10b_h2_balanced_logreg_fold1_v1.joblib
1,screenshot_strong,SMARTPHONE_693336,0,0.04218084365129471,real::Smartphone,Smartphone,models/v2/clip_lora_fold1_best_v1.pt,models/v2/v2_10b_h2_balanced_logreg_fold1_v1.joblib
1,screenshot_strong,SMARTPHONE_709095,0,0.045862965285778046,real::Smartphone,Smartphone,models/v2/clip_lora_fold1_best_v1.pt,models/v2/v2_10b_h2_balanced_logreg_fold1_v1.joblib
1,screenshot_strong,SMARTPHONE_782760,0,0.07165802270174026,real::Smartphone,Smartphone,models/v2/clip_lora_fold1_best_v1.pt,models/v2/v2_10b_h2_balanced_logreg_fold1_v1.joblib
1,screenshot_strong,SMARTPHONE_451471,0,0.10574463754892349,real::Smartphone,Smartphone,models/v2/clip_lora_fold1_best_v1.pt,models/v2/v2_10b_h2_balanced_logreg_fold1_v1.joblib
1,screenshot_strong,SMARTPHONE_101911,0,0.016357390210032463,real::Smartphone,Smartphone,models/v2/clip_lora_fold1_best_v1.pt,models/v2/v2_10b_h2_balanced_logreg_fold1_v1.joblib
1,screenshot_strong,SMARTPHONE_939025,0,0.013686837628483772,real::Smartphone,Smartphone,models/v2/clip_lora_fold1_best_v1.pt,models/v2/v2_10b_h2_balanced_logreg_fold1_v1.joblib
1,screenshot_strong,SMARTPHONE_764677,0,0.1485442817211151,real::Smartphone,Smartphone,models/v2/clip_lora_fold1_best_v1.pt,models/v2/v2_10b_h2_balanced_logreg_fold1_v1.joblib
1,screenshot_strong,SMARTPHONE_178889,0,0.009889772161841393,real::Smartphone,Smartphone,models/v2/clip_lora_fold1_best_v1.pt,models/v2/v2_10b_h2_balanced_logreg_fold1_v1.joblib
1,screenshot_strong,SMARTPHONE_544699,0,0.07107269018888474,real::Smartphone,Smartphone,models/v2/clip_lora_fold1_best_v1.pt,models/v2/v2_10b_h2_balanced_logreg_fold1_v1.joblib
1,screenshot_strong,SMARTPHONE_979588,0,0.017805106937885284,real::Smartphone,Smartphone,models/v2/clip_lora_fold1_best_v1.pt,models/v2/v2_10b_h2_balanced_logreg_fold1_v1.joblib
1,screenshot_strong,SMARTPHONE_204028,0,0.047848548740148544,real::Smartphone,Smartphone,models/v2/clip_lora_fold1_best_v1.pt,models/v2/v2_10b_h2_balanced_logreg_fold1_v1.joblib
1,screenshot_strong,SMARTPHONE_432319,0,0.03341168537735939,real::Smartphone,Smartphone,models/v2/clip_lora_fold1_best_v1.pt,models/v2/v2_10b_h2_balanced_logreg_fold1_v1.joblib
1,screenshot_strong,SMARTPHONE_619346,0,0.029828587546944618,real::Smartphone,Smartphone,models/v2/clip_lora_fold1_best_v1.pt,models/v2/v2_10b_h2_balanced_logreg_fold1_v1.joblib
1,screenshot_strong,SMARTPHONE_207135,0,0.022868264466524124,real::Smartphone,Smartphone,models/v2/clip_lora_fold1_best_v1.pt,models/v2/v2_10b_h2_balanced_logreg_fold1_v1.joblib
1,screenshot_strong,SMARTPHONE_118163,0,0.07340129464864731,real::Smartphone,Smartphone,models/v2/clip_lora_fold1_best_v1.pt,models/v2/v2_10b_h2_balanced_logreg_fold1_v1.joblib
1,screenshot_strong,SMARTPHONE_643080,0,0.07853232324123383,real::Smartphone,Smartphone,models/v2/clip_lora_fold1_best_v1.pt,models/v2/v2_10b_h2_balanced_logreg_fold1_v1.joblib
1,screenshot_strong,SMARTPHONE_609261,0,0.054253142327070236,real::Smartphone,Smartphone,models/v2/clip_lora_fold1_best_v1.pt,models/v2/v2_10b_h2_balanced_logreg_fold1_v1.joblib
1,screenshot_strong,SMARTPHONE_203308,0,0.10549964010715485,real::Smartphone,Smartphone,models/v2/clip_lora_fold1_best_v1.pt,models/v2/v2_10b_h2_balanced_logreg_fold1_v1.joblib
1,screenshot_strong,SMARTPHONE_28084,0,0.15135861933231354,real::Smartphone,Smartphone,models/v2/clip_lora_fold1_best_v1.pt,models/v2/v2_10b_h2_balanced_logreg_fold1_v1.joblib
1,screenshot_strong,SMARTPHONE_195648,0,0.12222064286470413,real::Smartphone,Smartphone,models/v2/clip_lora_fold1_best_v1.pt,models/v2/v2_10b_h2_balanced_logreg_fold1_v1.joblib
1,screenshot_strong,SMARTPHONE_570849,0,0.08346550166606903,real::Smartphone,Smartphone,models/v2/clip_lora_fold1_best_v1.pt,models/v2/v2_10b_h2_balanced_logreg_fold1_v1.joblib
1,screenshot_strong,SMARTPHONE_422205,0,0.04832880198955536,real::Smartphone,Smartphone,models/v2/clip_lora_fold1_best_v1.pt,models/v2/v2_10b_h2_balanced_logreg_fold1_v1.joblib
1,screenshot_strong,SMARTPHONE_371828,0,0.0753219872713089,real::Smartphone,Smartphone,models/v2/clip_lora_fold1_best_v1.pt,models/v2/v2_10b_h2_balanced_logreg_fold1_v1.joblib
1,screenshot_strong,SMARTPHONE_134304,0,0.025476962327957153,real::Smartphone,Smartphone,models/v2/clip_lora_fold1_best_v1.pt,models/v2/v2_10b_h2_balanced_logreg_fold1_v1.joblib
1,screenshot_strong,SMARTPHONE_793760,0,0.05885840952396393,real::Smartphone,Smartphone,models/v2/clip_lora_fold1_best_v1.pt,models/v2/v2_10b_h2_balanced_logreg_fold1_v1.joblib
1,screenshot_strong,SMARTPHONE_764140,0,0.02947228029370308,real::Smartphone,Smartphone,models/v2/clip_lora_fold1_best_v1.pt,models/v2/v2_10b_h2_balanced_logreg_fold1_v1.joblib
1,screenshot_strong,SMARTPHONE_757424,0,0.0667424350976944,real::Smartphone,Smartphone,models/v2/clip_lora_fold1_best_v1.pt,models/v2/v2_10b_h2_balanced_logreg_fold1_v1.joblib
1,screenshot_strong,SMARTPHONE_297014,0,0.007406284101307392,real::Smartphone,Smartphone,models/v2/clip_lora_fold1_best_v1.pt,models/v2/v2_10b_h2_balanced_logreg_fold1_v1.joblib
1,screenshot_strong,SMARTPHONE_38845,0,0.04708605632185936,real::Smartphone,Smartphone,models/v2/clip_lora_fold1_best_v1.pt,models/v2/v2_10b_h2_balanced_logreg_fold1_v1.joblib
1,screenshot_strong,SMARTPHONE_119850,0,0.0153031712397933,real::Smartphone,Smartphone,models/v2/clip_lora_fold1_best_v1.pt,models/v2/v2_10b_h2_balanced_logreg_fold1_v1.joblib
1,screenshot_strong,SMARTPHONE_856075,0,0.0451202318072319,real::Smartphone,Smartphone,models/v2/clip_lora_fold1_best_v1.pt,models/v2/v2_10b_h2_balanced_logreg_fold1_v1.joblib
1,screenshot_strong,SMARTPHONE_766758,0,0.08737901598215103,real::Smartphone,Smartphone,models/v2/clip_lora_fold1_best_v1.pt,models/v2/v2_10b_h2_balanced_logreg_fold1_v1.joblib
1,screenshot_strong,SMARTPHONE_855760,0,0.014156052842736244,real::Smartphone,Smartphone,models/v2/clip_lora_fold1_best_v1.pt,models/v2/v2_10b_h2_balanced_logreg_fold1_v1.joblib
1,screenshot_strong,SMARTPHONE_701461,0,0.0233989879488945,real::Smartphone,Smartphone,models/v2/clip_lora_fold1_best_v1.pt,models/v2/v2_10b_h2_balanced_logreg_fold1_v1.joblib
1,screenshot_strong,SMARTPHONE_345735,0,0.027722017839550972,real::Smartphone,Smartphone,models/v2/clip_lora_fold1_best_v1.pt,models/v2/v2_10b_h2_balanced_logreg_fold1_v1.joblib
1,screenshot_strong,SMARTPHONE_817524,0,0.07131508737802505,real::Smartphone,Smartphone,models/v2/clip_lora_fold1_best_v1.pt,models/v2/v2_10b_h2_balanced_logreg_fold1_v1.joblib
1,screenshot_strong,SMARTPHONE_977592,0,0.021657701581716537,real::Smartphone,Smartphone,models/v2/clip_lora_fold1_best_v1.pt,models/v2/v2_10b_h2_balanced_logreg_fold1_v1.joblib
1,screenshot_strong,SMARTPHONE_857077,0,0.10844606161117554,real::Smartphone,Smartphone,models/v2/clip_lora_fold1_best_v1.pt,models/v2/v2_10b_h2_balanced_logreg_fold1_v1.joblib
1,screenshot_strong,SMARTPHONE_777686,0,0.02952624298632145,real::Smartphone,Smartphone,models/v2/clip_lora_fold1_best_v1.pt,models/v2/v2_10b_h2_balanced_logreg_fold1_v1.joblib
1,screenshot_strong,SMARTPHONE_89355,0,0.15867841243743896,real::Smartphone,Smartphone,models/v2/clip_lora_fold1_best_v1.pt,models/v2/v2_10b_h2_balanced_logreg_fold1_v1.joblib
1,screenshot_strong,SMARTPHONE_333593,0,0.04500383883714676,real::Smartphone,Smartphone,models/v2/clip_lora_fold1_best_v1.pt,models/v2/v2_10b_h2_balanced_logreg_fold1_v1.joblib
1,screenshot_strong,SMARTPHONE_146693,0,0.13685369491577148,real::Smartphone,Smartphone,models/v2/clip_lora_fold1_best_v1.pt,models/v2/v2_10b_h2_balanced_logreg_fold1_v1.joblib
1,screenshot_strong,SMARTPHONE_1008419,0,0.04522892087697983,real::Smartphone,Smartphone,models/v2/clip_lora_fold1_best_v1.pt,models/v2/v2_10b_h2_balanced_logreg_fold1_v1.joblib
1,screenshot_strong,SMARTPHONE_431405,0,0.3145836591720581,real::Smartphone,Smartphone,models/v2/clip_lora_fold1_best_v1.pt,models/v2/v2_10b_h2_balanced_logreg_fold1_v1.joblib
1,screenshot_strong,SMARTPHONE_749297,0,0.027911007404327393,real::Smartphone,Smartphone,models/v2/clip_lora_fold1_best_v1.pt,models/v2/v2_10b_h2_balanced_logreg_fold1_v1.joblib
1,screenshot_strong,SMARTPHONE_884101,0,0.08824139833450317,real::Smartphone,Smartphone,models/v2/clip_lora_fold1_best_v1.pt,models/v2/v2_10b_h2_balanced_logreg_fold1_v1.joblib
1,screenshot_strong,SMARTPHONE_511473,0,0.15764574706554413,real::Smartphone,Smartphone,models/v2/clip_lora_fold1_best_v1.pt,models/v2/v2_10b_h2_balanced_logreg_fold1_v1.joblib
1,screenshot_strong,SMARTPHONE_361014,0,0.13375481963157654,real::Smartphone,Smartphone,models/v2/clip_lora_fold1_best_v1.pt,models/v2/v2_10b_h2_balanced_logreg_fold1_v1.joblib
1,screenshot_strong,SMARTPHONE_438932,0,0.10281059890985489,real::Smartphone,Smartphone,models/v2/clip_lora_fold1_best_v1.pt,models/v2/v2_10b_h2_balanced_logreg_fold1_v1.joblib
1,screenshot_strong,SMARTPHONE_359642,0,0.06421199440956116,real::Smartphone,Smartphone,models/v2/clip_lora_fold1_best_v1.pt,models/v2/v2_10b_h2_balanced_logreg_fold1_v1.joblib
1,screenshot_strong,SMARTPHONE_549558,0,0.1451859325170517,real::Smartphone,Smartphone,models/v2/clip_lora_fold1_best_v1.pt,models/v2/v2_10b_h2_balanced_logreg_fold1_v1.joblib
1,screenshot_strong,SMARTPHONE_757829,0,0.0840010866522789,real::Smartphone,Smartphone,models/v2/clip_lora_fold1_best_v1.pt,models/v2/v2_10b_h2_balanced_logreg_fold1_v1.joblib
1,screenshot_strong,SMARTPHONE_66658,0,0.06252686679363251,real::Smartphone,Smartphone,models/v2/clip_lora_fold1_best_v1.pt,models/v2/v2_10b_h2_balanced_logreg_fold1_v1.joblib
1,screenshot_strong,SMARTPHONE_389613,0,0.025078389793634415,real::Smartphone,Smartphone,models/v2/clip_lora_fold1_best_v1.pt,models/v2/v2_10b_h2_balanced_logreg_fold1_v1.joblib
1,screenshot_strong,SMARTPHONE_355367,0,0.1664709597826004,real::Smartphone,Smartphone,models/v2/clip_lora_fold1_best_v1.pt,models/v2/v2_10b_h2_balanced_logreg_fold1_v1.joblib
1,screenshot_strong,SMARTPHONE_56728,0,0.12387469410896301,real::Smartphone,Smartphone,models/v2/clip_lora_fold1_best_v1.pt,models/v2/v2_10b_h2_balanced_logreg_fold1_v1.joblib
1,screenshot_strong,SMARTPHONE_138276,0,0.3278009593486786,real::Smartphone,Smartphone,models/v2/clip_lora_fold1_best_v1.pt,models/v2/v2_10b_h2_balanced_logreg_fold1_v1.joblib
1,screenshot_strong,SMARTPHONE_314459,0,0.1382000893354416,real::Smartphone,Smartphone,models/v2/clip_lora_fold1_best_v1.pt,models/v2/v2_10b_h2_balanced_logreg_fold1_v1.joblib
1,screenshot_strong,SMARTPHONE_319068,0,0.03476777672767639,real::Smartphone,Smartphone,models/v2/clip_lora_fold1_best_v1.pt,models/v2/v2_10b_h2_balanced_logreg_fold1_v1.joblib
1,screenshot_strong,SMARTPHONE_967010,0,0.0373760424554348,real::Smartphone,Smartphone,models/v2/clip_lora_fold1_best_v1.pt,models/v2/v2_10b_h2_balanced_logreg_fold1_v1.joblib
1,screenshot_strong,SMARTPHONE_777232,0,0.01770417019724846,real::Smartphone,Smartphone,models/v2/clip_lora_fold1_best_v1.pt,models/v2/v2_10b_h2_balanced_logreg_fold1_v1.joblib
1,screenshot_strong,SMARTPHONE_910467,0,0.04234938696026802,real::Smartphone,Smartphone,models/v2/clip_lora_fold1_best_v1.pt,models/v2/v2_10b_h2_balanced_logreg_fold1_v1.joblib
1,screenshot_strong,SMARTPHONE_113099,0,0.04546697810292244,real::Smartphone,Smartphone,models/v2/clip_lora_fold1_best_v1.pt,models/v2/v2_10b_h2_balanced_logreg_fold1_v1.joblib
1,screenshot_strong,SMARTPHONE_172628,0,0.20494221150875092,real::Smartphone,Smartphone,models/v2/clip_lora_fold1_best_v1.pt,models/v2/v2_10b_h2_balanced_logreg_fold1_v1.joblib
1,screenshot_strong,SMARTPHONE_195366,0,0.14286017417907715,real::Smartphone,Smartphone,models/v2/clip_lora_fold1_best_v1.pt,models/v2/v2_10b_h2_balanced_logreg_fold1_v1.joblib
1,screenshot_strong,SMARTPHONE_67989,0,0.09587178379297256,real::Smartphone,Smartphone,models/v2/clip_lora_fold1_best_v1.pt,models/v2/v2_10b_h2_balanced_logreg_fold1_v1.joblib
1,screenshot_strong,SMARTPHONE_271125,0,0.021975135430693626,real::Smartphone,Smartphone,models/v2/clip_lora_fold1_best_v1.pt,models/v2/v2_10b_h2_balanced_logreg_fold1_v1.joblib
1,screenshot_strong,SMARTPHONE_830107,0,0.1219610795378685,real::Smartphone,Smartphone,models/v2/clip_lora_fold1_best_v1.pt,models/v2/v2_10b_h2_balanced_logreg_fold1_v1.joblib
1,screenshot_strong,SMARTPHONE_901274,0,0.06618569046258926,real::Smartphone,Smartphone,models/v2/clip_lora_fold1_best_v1.pt,models/v2/v2_10b_h2_balanced_logreg_fold1_v1.joblib
1,screenshot_strong,SMARTPHONE_847815,0,0.018415071070194244,real::Smartphone,Smartphone,models/v2/clip_lora_fold1_best_v1.pt,models/v2/v2_10b_h2_balanced_logreg_fold1_v1.joblib
1,screenshot_strong,SMARTPHONE_653515,0,0.21757562458515167,real::Smartphone,Smartphone,models/v2/clip_lora_fold1_best_v1.pt,models/v2/v2_10b_h2_balanced_logreg_fold1_v1.joblib
1,screenshot_strong,SMARTPHONE_796557,0,0.08338312059640884,real::Smartphone,Smartphone,models/v2/clip_lora_fold1_best_v1.pt,models/v2/v2_10b_h2_balanced_logreg_fold1_v1.joblib
1,screenshot_strong,SMARTPHONE_930783,0,0.06172177195549011,real::Smartphone,Smartphone,models/v2/clip_lora_fold1_best_v1.pt,models/v2/v2_10b_h2_balanced_logreg_fold1_v1.joblib
1,screenshot_strong,SMARTPHONE_570907,0,0.0350881926715374,real::Smartphone,Smartphone,models/v2/clip_lora_fold1_best_v1.pt,models/v2/v2_10b_h2_balanced_logreg_fold1_v1.joblib
1,screenshot_strong,SMARTPHONE_533540,0,0.06882116943597794,real::Smartphone,Smartphone,models/v2/clip_lora_fold1_best_v1.pt,models/v2/v2_10b_h2_balanced_logreg_fold1_v1.joblib
1,screenshot_strong,SMARTPHONE_562344,0,0.044873353093862534,real::Smartphone,Smartphone,models/v2/clip_lora_fold1_best_v1.pt,models/v2/v2_10b_h2_balanced_logreg_fold1_v1.joblib
1,screenshot_strong,SMARTPHONE_32729,0,0.06164533272385597,real::Smartphone,Smartphone,models/v2/clip_lora_fold1_best_v1.pt,models/v2/v2_10b_h2_balanced_logreg_fold1_v1.joblib
1,screenshot_strong,SMARTPHONE_806721,0,0.04383072629570961,real::Smartphone,Smartphone,models/v2/clip_lora_fold1_best_v1.pt,models/v2/v2_10b_h2_balanced_logreg_fold1_v1.joblib
1,screenshot_strong,SMARTPHONE_95316,0,0.04314534366130829,real::Smartphone,Smartphone,models/v2/clip_lora_fold1_best_v1.pt,models/v2/v2_10b_h2_balanced_logreg_fold1_v1.joblib
1,screenshot_strong,SMARTPHONE_141656,0,0.049468107521533966,real::Smartphone,Smartphone,models/v2/clip_lora_fold1_best_v1.pt,models/v2/v2_10b_h2_balanced_logreg_fold1_v1.joblib
1,screenshot_strong,SMARTPHONE_592392,0,0.06886572390794754,real::Smartphone,Smartphone,models/v2/clip_lora_fold1_best_v1.pt,models/v2/v2_10b_h2_balanced_logreg_fold1_v1.joblib
1,screenshot_strong,SMARTPHONE_397190,0,0.3258505165576935,real::Smartphone,Smartphone,models/v2/clip_lora_fold1_best_v1.pt,models/v2/v2_10b_h2_balanced_logreg_fold1_v1.joblib
1,screenshot_strong,SMARTPHONE_684163,0,0.030687818303704262,real::Smartphone,Smartphone,models/v2/clip_lora_fold1_best_v1.pt,models/v2/v2_10b_h2_balanced_logreg_fold1_v1.joblib
1,screenshot_strong,SMARTPHONE_87885,0,0.14717109501361847,real::Smartphone,Smartphone,models/v2/clip_lora_fold1_best_v1.pt,models/v2/v2_10b_h2_balanced_logreg_fold1_v1.joblib
1,screenshot_strong,SMARTPHONE_42757,0,0.08874036371707916,real::Smartphone,Smartphone,models/v2/clip_lora_fold1_best_v1.pt,models/v2/v2_10b_h2_balanced_logreg_fold1_v1.joblib
1,screenshot_strong,SMARTPHONE_660370,0,0.07355766743421555,real::Smartphone,Smartphone,models/v2/clip_lora_fold1_best_v1.pt,models/v2/v2_10b_h2_balanced_logreg_fold1_v1.joblib
1,screenshot_strong,SMARTPHONE_642031,0,0.44970667362213135,real::Smartphone,Smartphone,models/v2/clip_lora_fold1_best_v1.pt,models/v2/v2_10b_h2_balanced_logreg_fold1_v1.joblib
1,screenshot_strong,SMARTPHONE_305619,0,0.04257848113775253,real::Smartphone,Smartphone,models/v2/clip_lora_fold1_best_v1.pt,models/v2/v2_10b_h2_balanced_logreg_fold1_v1.joblib
1,screenshot_strong,SMARTPHONE_1001464,0,0.24185128509998322,real::Smartphone,Smartphone,models/v2/clip_lora_fold1_best_v1.pt,models/v2/v2_10b_h2_balanced_logreg_fold1_v1.joblib
1,screenshot_strong,SMARTPHONE_876931,0,0.04555484279990196,real::Smartphone,Smartphone,models/v2/clip_lora_fold1_best_v1.pt,models/v2/v2_10b_h2_balanced_logreg_fold1_v1.joblib
1,screenshot_strong,SMARTPHONE_497375,0,0.03609297424554825,real::Smartphone,Smartphone,models/v2/clip_lora_fold1_best_v1.pt,models/v2/v2_10b_h2_balanced_logreg_fold1_v1.joblib
1,screenshot_strong,SMARTPHONE_137623,0,0.07049673795700073,real::Smartphone,Smartphone,models/v2/clip_lora_fold1_best_v1.pt,models/v2/v2_10b_h2_balanced_logreg_fold1_v1.joblib
1,screenshot_strong,SMARTPHONE_584358,0,0.17126351594924927,real::Smartphone,Smartphone,models/v2/clip_lora_fold1_best_v1.pt,models/v2/v2_10b_h2_balanced_logreg_fold1_v1.joblib
1,screenshot_strong,SMARTPHONE_31390,0,0.0985458567738533,real::Smartphone,Smartphone,models/v2/clip_lora_fold1_best_v1.pt,models/v2/v2_10b_h2_balanced_logreg_fold1_v1.joblib
1,screenshot_strong,SMARTPHONE_158030,0,0.173959419131279,real::Smartphone,Smartphone,models/v2/clip_lora_fold1_best_v1.pt,models/v2/v2_10b_h2_balanced_logreg_fold1_v1.joblib
1,screenshot_strong,SMARTPHONE_76101,0,0.4551456868648529,real::Smartphone,Smartphone,models/v2/clip_lora_fold1_best_v1.pt,models/v2/v2_10b_h2_balanced_logreg_fold1_v1.joblib
1,screenshot_strong,SMARTPHONE_669398,0,0.029229195788502693,real::Smartphone,Smartphone,models/v2/clip_lora_fold1_best_v1.pt,models/v2/v2_10b_h2_balanced_logreg_fold1_v1.joblib
1,screenshot_strong,SMARTPHONE_524368,0,0.05355750769376755,real::Smartphone,Smartphone,models/v2/clip_lora_fold1_best_v1.pt,models/v2/v2_10b_h2_balanced_logreg_fold1_v1.joblib
1,screenshot_strong,SMARTPHONE_838840,0,0.08190413564443588,real::Smartphone,Smartphone,models/v2/clip_lora_fold1_best_v1.pt,models/v2/v2_10b_h2_balanced_logreg_fold1_v1.joblib
1,screenshot_strong,SMARTPHONE_472368,0,0.277605801820755,real::Smartphone,Smartphone,models/v2/clip_lora_fold1_best_v1.pt,models/v2/v2_10b_h2_balanced_logreg_fold1_v1.joblib
1,screenshot_strong,SMARTPHONE_327243,0,0.09456034749746323,real::Smartphone,Smartphone,models/v2/clip_lora_fold1_best_v1.pt,models/v2/v2_10b_h2_balanced_logreg_fold1_v1.joblib
1,screenshot_strong,SMARTPHONE_569002,0,0.06845077127218246,real::Smartphone,Smartphone,models/v2/clip_lora_fold1_best_v1.pt,models/v2/v2_10b_h2_balanced_logreg_fold1_v1.joblib
1,screenshot_strong,SMARTPHONE_1022177,0,0.06810993701219559,real::Smartphone,Smartphone,models/v2/clip_lora_fold1_best_v1.pt,models/v2/v2_10b_h2_balanced_logreg_fold1_v1.joblib
1,screenshot_strong,SMARTPHONE_764468,0,0.02527899108827114,real::Smartphone,Smartphone,models/v2/clip_lora_fold1_best_v1.pt,models/v2/v2_10b_h2_balanced_logreg_fold1_v1.joblib
1,screenshot_strong,SMARTPHONE_65295,0,0.213725745677948,real::Smartphone,Smartphone,models/v2/clip_lora_fold1_best_v1.pt,models/v2/v2_10b_h2_balanced_logreg_fold1_v1.joblib
1,screenshot_strong,SMARTPHONE_683605,0,0.04074272885918617,real::Smartphone,Smartphone,models/v2/clip_lora_fold1_best_v1.pt,models/v2/v2_10b_h2_balanced_logreg_fold1_v1.joblib
1,screenshot_strong,SMARTPHONE_908457,0,0.02082074247300625,real::Smartphone,Smartphone,models/v2/clip_lora_fold1_best_v1.pt,models/v2/v2_10b_h2_balanced_logreg_fold1_v1.joblib
1,screenshot_strong,SMARTPHONE_393515,0,0.19525079429149628,real::Smartphone,Smartphone,models/v2/clip_lora_fold1_best_v1.pt,models/v2/v2_10b_h2_balanced_logreg_fold1_v1.joblib
1,screenshot_strong,SMARTPHONE_234669,0,0.04675235226750374,real::Smartphone,Smartphone,models/v2/clip_lora_fold1_best_v1.pt,models/v2/v2_10b_h2_balanced_logreg_fold1_v1.joblib
1,screenshot_strong,SMARTPHONE_857987,0,0.30006319284439087,real::Smartphone,Smartphone,models/v2/clip_lora_fold1_best_v1.pt,models/v2/v2_10b_h2_balanced_logreg_fold1_v1.joblib
1,screenshot_strong,SMARTPHONE_61303,0,0.22369065880775452,real::Smartphone,Smartphone,models/v2/clip_lora_fold1_best_v1.pt,models/v2/v2_10b_h2_balanced_logreg_fold1_v1.joblib
1,screenshot_strong,SMARTPHONE_183906,0,0.5539255142211914,real::Smartphone,Smartphone,models/v2/clip_lora_fold1_best_v1.pt,models/v2/v2_10b_h2_balanced_logreg_fold1_v1.joblib
1,screenshot_strong,SMARTPHONE_979974,0,0.022959941998124123,real::Smartphone,Smartphone,models/v2/clip_lora_fold1_best_v1.pt,models/v2/v2_10b_h2_balanced_logreg_fold1_v1.joblib
1,screenshot_strong,SMARTPHONE_710210,0,0.2361101657152176,real::Smartphone,Smartphone,models/v2/clip_lora_fold1_best_v1.pt,models/v2/v2_10b_h2_balanced_logreg_fold1_v1.joblib
1,screenshot_strong,SMARTPHONE_26492,0,0.19708247482776642,real::Smartphone,Smartphone,models/v2/clip_lora_fold1_best_v1.pt,models/v2/v2_10b_h2_balanced_logreg_fold1_v1.joblib
1,screenshot_strong,SMARTPHONE_46110,0,0.14059799909591675,real::Smartphone,Smartphone,models/v2/clip_lora_fold1_best_v1.pt,models/v2/v2_10b_h2_balanced_logreg_fold1_v1.joblib
1,screenshot_strong,SMARTPHONE_291784,0,0.10980556905269623,real::Smartphone,Smartphone,models/v2/clip_lora_fold1_best_v1.pt,models/v2/v2_10b_h2_balanced_logreg_fold1_v1.joblib
1,screenshot_strong,SMARTPHONE_237192,0,0.06257621943950653,real::Smartphone,Smartphone,models/v2/clip_lora_fold1_best_v1.pt,models/v2/v2_10b_h2_balanced_logreg_fold1_v1.joblib
1,screenshot_strong,SMARTPHONE_250027,0,0.040295906364917755,real::Smartphone,Smartphone,models/v2/clip_lora_fold1_best_v1.pt,models/v2/v2_10b_h2_balanced_logreg_fold1_v1.joblib
1,screenshot_strong,SMARTPHONE_348585,0,0.12019515037536621,real::Smartphone,Smartphone,models/v2/clip_lora_fold1_best_v1.pt,models/v2/v2_10b_h2_balanced_logreg_fold1_v1.joblib
1,screenshot_strong,SMARTPHONE_679693,0,0.048507072031497955,real::Smartphone,Smartphone,models/v2/clip_lora_fold1_best_v1.pt,models/v2/v2_10b_h2_balanced_logreg_fold1_v1.joblib
1,screenshot_strong,SMARTPHONE_985140,0,0.06141413003206253,real::Smartphone,Smartphone,models/v2/clip_lora_fold1_best_v1.pt,models/v2/v2_10b_h2_balanced_logreg_fold1_v1.joblib
1,screenshot_strong,SMARTPHONE_826775,0,0.029573483392596245,real::Smartphone,Smartphone,models/v2/clip_lora_fold1_best_v1.pt,models/v2/v2_10b_h2_balanced_logreg_fold1_v1.joblib
1,screenshot_strong,SMARTPHONE_815484,0,0.16916203498840332,real::Smartphone,Smartphone,models/v2/clip_lora_fold1_best_v1.pt,models/v2/v2_10b_h2_balanced_logreg_fold1_v1.joblib
1,screenshot_strong,SMARTPHONE_422200,0,0.23222872614860535,real::Smartphone,Smartphone,models/v2/clip_lora_fold1_best_v1.pt,models/v2/v2_10b_h2_balanced_logreg_fold1_v1.joblib
1,screenshot_strong,SMARTPHONE_703104,0,0.3045707643032074,real::Smartphone,Smartphone,models/v2/clip_lora_fold1_best_v1.pt,models/v2/v2_10b_h2_balanced_logreg_fold1_v1.joblib
1,screenshot_strong,SMARTPHONE_322163,0,0.10713779181241989,real::Smartphone,Smartphone,models/v2/clip_lora_fold1_best_v1.pt,models/v2/v2_10b_h2_balanced_logreg_fold1_v1.joblib
1,screenshot_strong,SMARTPHONE_342187,0,0.10170195996761322,real::Smartphone,Smartphone,models/v2/clip_lora_fold1_best_v1.pt,models/v2/v2_10b_h2_balanced_logreg_fold1_v1.joblib
1,screenshot_strong,SMARTPHONE_446434,0,0.05677739903330803,real::Smartphone,Smartphone,models/v2/clip_lora_fold1_best_v1.pt,models/v2/v2_10b_h2_balanced_logreg_fold1_v1.joblib
1,screenshot_strong,SMARTPHONE_279138,0,0.04453045502305031,real::Smartphone,Smartphone,models/v2/clip_lora_fold1_best_v1.pt,models/v2/v2_10b_h2_balanced_logreg_fold1_v1.joblib
1,screenshot_strong,SMARTPHONE_85172,0,0.022701682522892952,real::Smartphone,Smartphone,models/v2/clip_lora_fold1_best_v1.pt,models/v2/v2_10b_h2_balanced_logreg_fold1_v1.joblib
1,screenshot_strong,SMARTPHONE_771314,0,0.03616068512201309,real::Smartphone,Smartphone,models/v2/clip_lora_fold1_best_v1.pt,models/v2/v2_10b_h2_balanced_logreg_fold1_v1.joblib
1,screenshot_strong,SMARTPHONE_164175,0,0.12457036226987839,real::Smartphone,Smartphone,models/v2/clip_lora_fold1_best_v1.pt,models/v2/v2_10b_h2_balanced_logreg_fold1_v1.joblib
1,screenshot_strong,SMARTPHONE_848798,0,0.02231709100306034,real::Smartphone,Smartphone,models/v2/clip_lora_fold1_best_v1.pt,models/v2/v2_10b_h2_balanced_logreg_fold1_v1.joblib
1,screenshot_strong,SMARTPHONE_131027,0,0.24362686276435852,real::Smartphone,Smartphone,models/v2/clip_lora_fold1_best_v1.pt,models/v2/v2_10b_h2_balanced_logreg_fold1_v1.joblib
1,screenshot_strong,SMARTPHONE_627787,0,0.04425041750073433,real::Smartphone,Smartphone,models/v2/clip_lora_fold1_best_v1.pt,models/v2/v2_10b_h2_balanced_logreg_fold1_v1.joblib
1,screenshot_strong,SMARTPHONE_894385,0,0.2598038911819458,real::Smartphone,Smartphone,models/v2/clip_lora_fold1_best_v1.pt,models/v2/v2_10b_h2_balanced_logreg_fold1_v1.joblib
1,screenshot_strong,SMARTPHONE_291694,0,0.20600906014442444,real::Smartphone,Smartphone,models/v2/clip_lora_fold1_best_v1.pt,models/v2/v2_10b_h2_balanced_logreg_fold1_v1.joblib
1,screenshot_strong,SMARTPHONE_148778,0,0.16836781799793243,real::Smartphone,Smartphone,models/v2/clip_lora_fold1_best_v1.pt,models/v2/v2_10b_h2_balanced_logreg_fold1_v1.joblib
1,screenshot_strong,SMARTPHONE_224522,0,0.048737671226263046,real::Smartphone,Smartphone,models/v2/clip_lora_fold1_best_v1.pt,models/v2/v2_10b_h2_balanced_logreg_fold1_v1.joblib
1,screenshot_strong,SMARTPHONE_175464,0,0.07709598541259766,real::Smartphone,Smartphone,models/v2/clip_lora_fold1_best_v1.pt,models/v2/v2_10b_h2_balanced_logreg_fold1_v1.joblib
1,screenshot_strong,SMARTPHONE_244736,0,0.11011724174022675,real::Smartphone,Smartphone,models/v2/clip_lora_fold1_best_v1.pt,models/v2/v2_10b_h2_balanced_logreg_fold1_v1.joblib
1,screenshot_strong,SMARTPHONE_582569,0,0.08465059101581573,real::Smartphone,Smartphone,models/v2/clip_lora_fold1_best_v1.pt,models/v2/v2_10b_h2_balanced_logreg_fold1_v1.joblib
1,screenshot_strong,SMARTPHONE_431450,0,0.08532782644033432,real::Smartphone,Smartphone,models/v2/clip_lora_fold1_best_v1.pt,models/v2/v2_10b_h2_balanced_logreg_fold1_v1.joblib
1,screenshot_strong,SMARTPHONE_660705,0,0.12114840000867844,real::Smartphone,Smartphone,models/v2/clip_lora_fold1_best_v1.pt,models/v2/v2_10b_h2_balanced_logreg_fold1_v1.joblib
1,screenshot_strong,SMARTPHONE_621214,0,0.08413313329219818,real::Smartphone,Smartphone,models/v2/clip_lora_fold1_best_v1.pt,models/v2/v2_10b_h2_balanced_logreg_fold1_v1.joblib
1,screenshot_strong,SMARTPHONE_359386,0,0.1423756182193756,real::Smartphone,Smartphone,models/v2/clip_lora_fold1_best_v1.pt,models/v2/v2_10b_h2_balanced_logreg_fold1_v1.joblib
1,screenshot_strong,SMARTPHONE_144764,0,0.03155898302793503,real::Smartphone,Smartphone,models/v2/clip_lora_fold1_best_v1.pt,models/v2/v2_10b_h2_balanced_logreg_fold1_v1.joblib
1,screenshot_strong,SMARTPHONE_830594,0,0.20476341247558594,real::Smartphone,Smartphone,models/v2/clip_lora_fold1_best_v1.pt,models/v2/v2_10b_h2_balanced_logreg_fold1_v1.joblib
1,screenshot_strong,SMARTPHONE_565837,0,0.06922612339258194,real::Smartphone,Smartphone,models/v2/clip_lora_fold1_best_v1.pt,models/v2/v2_10b_h2_balanced_logreg_fold1_v1.joblib
1,screenshot_strong,SMARTPHONE_661367,0,0.04509152099490166,real::Smartphone,Smartphone,models/v2/clip_lora_fold1_best_v1.pt,models/v2/v2_10b_h2_balanced_logreg_fold1_v1.joblib
1,screenshot_strong,SMARTPHONE_196636,0,0.09285352379083633,real::Smartphone,Smartphone,models/v2/clip_lora_fold1_best_v1.pt,models/v2/v2_10b_h2_balanced_logreg_fold1_v1.joblib
1,screenshot_strong,SMARTPHONE_10637,0,0.3019258975982666,real::Smartphone,Smartphone,models/v2/clip_lora_fold1_best_v1.pt,models/v2/v2_10b_h2_balanced_logreg_fold1_v1.joblib
1,screenshot_strong,SMARTPHONE_304933,0,0.1508406698703766,real::Smartphone,Smartphone,models/v2/clip_lora_fold1_best_v1.pt,models/v2/v2_10b_h2_balanced_logreg_fold1_v1.joblib
1,screenshot_strong,SMARTPHONE_350921,0,0.15473493933677673,real::Smartphone,Smartphone,models/v2/clip_lora_fold1_best_v1.pt,models/v2/v2_10b_h2_balanced_logreg_fold1_v1.joblib
1,screenshot_strong,SMARTPHONE_647201,0,0.23344898223876953,real::Smartphone,Smartphone,models/v2/clip_lora_fold1_best_v1.pt,models/v2/v2_10b_h2_balanced_logreg_fold1_v1.joblib
1,screenshot_strong,SMARTPHONE_657781,0,0.10918906331062317,real::Smartphone,Smartphone,models/v2/clip_lora_fold1_best_v1.pt,models/v2/v2_10b_h2_balanced_logreg_fold1_v1.joblib
1,screenshot_strong,SMARTPHONE_927343,0,0.3162271976470947,real::Smartphone,Smartphone,models/v2/clip_lora_fold1_best_v1.pt,models/v2/v2_10b_h2_balanced_logreg_fold1_v1.joblib
1,screenshot_strong,SMARTPHONE_263012,0,0.028095724061131477,real::Smartphone,Smartphone,models/v2/clip_lora_fold1_best_v1.pt,models/v2/v2_10b_h2_balanced_logreg_fold1_v1.joblib
1,screenshot_strong,SMARTPHONE_26183,0,0.04508987069129944,real::Smartphone,Smartphone,models/v2/clip_lora_fold1_best_v1.pt,models/v2/v2_10b_h2_balanced_logreg_fold1_v1.joblib
1,screenshot_strong,SMARTPHONE_896105,0,0.15098372101783752,real::Smartphone,Smartphone,models/v2/clip_lora_fold1_best_v1.pt,models/v2/v2_10b_h2_balanced_logreg_fold1_v1.joblib
1,screenshot_strong,SMARTPHONE_495631,0,0.07398737221956253,real::Smartphone,Smartphone,models/v2/clip_lora_fold1_best_v1.pt,models/v2/v2_10b_h2_balanced_logreg_fold1_v1.joblib
1,screenshot_strong,SMARTPHONE_67872,0,0.07894400507211685,real::Smartphone,Smartphone,models/v2/clip_lora_fold1_best_v1.pt,models/v2/v2_10b_h2_balanced_logreg_fold1_v1.joblib
1,screenshot_strong,SMARTPHONE_582549,0,0.051567915827035904,real::Smartphone,Smartphone,models/v2/clip_lora_fold1_best_v1.pt,models/v2/v2_10b_h2_balanced_logreg_fold1_v1.joblib
1,screenshot_strong,SMARTPHONE_111678,0,0.024943042546510696,real::Smartphone,Smartphone,models/v2/clip_lora_fold1_best_v1.pt,models/v2/v2_10b_h2_balanced_logreg_fold1_v1.joblib
1,screenshot_strong,SMARTPHONE_473589,0,0.08748811483383179,real::Smartphone,Smartphone,models/v2/clip_lora_fold1_best_v1.pt,models/v2/v2_10b_h2_balanced_logreg_fold1_v1.joblib
1,screenshot_strong,SMARTPHONE_379393,0,0.08338849246501923,real::Smartphone,Smartphone,models/v2/clip_lora_fold1_best_v1.pt,models/v2/v2_10b_h2_balanced_logreg_fold1_v1.joblib
1,screenshot_strong,SMARTPHONE_150987,0,0.03860500082373619,real::Smartphone,Smartphone,models/v2/clip_lora_fold1_best_v1.pt,models/v2/v2_10b_h2_balanced_logreg_fold1_v1.joblib
1,screenshot_strong,SMARTPHONE_360241,0,0.04197925329208374,real::Smartphone,Smartphone,models/v2/clip_lora_fold1_best_v1.pt,models/v2/v2_10b_h2_balanced_logreg_fold1_v1.joblib
1,screenshot_strong,SMARTPHONE_962434,0,0.12328530102968216,real::Smartphone,Smartphone,models/v2/clip_lora_fold1_best_v1.pt,models/v2/v2_10b_h2_balanced_logreg_fold1_v1.joblib
1,screenshot_strong,SMARTPHONE_442519,0,0.03574884310364723,real::Smartphone,Smartphone,models/v2/clip_lora_fold1_best_v1.pt,models/v2/v2_10b_h2_balanced_logreg_fold1_v1.joblib
1,screenshot_strong,SMARTPHONE_582381,0,0.07940692454576492,real::Smartphone,Smartphone,models/v2/clip_lora_fold1_best_v1.pt,models/v2/v2_10b_h2_balanced_logreg_fold1_v1.joblib
1,screenshot_strong,SMARTPHONE_784712,0,0.13089098036289215,real::Smartphone,Smartphone,models/v2/clip_lora_fold1_best_v1.pt,models/v2/v2_10b_h2_balanced_logreg_fold1_v1.joblib
1,screenshot_strong,SMARTPHONE_382687,0,0.09889765828847885,real::Smartphone,Smartphone,models/v2/clip_lora_fold1_best_v1.pt,models/v2/v2_10b_h2_balanced_logreg_fold1_v1.joblib
1,screenshot_strong,SMARTPHONE_369625,0,0.2758624255657196,real::Smartphone,Smartphone,models/v2/clip_lora_fold1_best_v1.pt,models/v2/v2_10b_h2_balanced_logreg_fold1_v1.joblib
1,screenshot_strong,SMARTPHONE_255480,0,0.3676005005836487,real::Smartphone,Smartphone,models/v2/clip_lora_fold1_best_v1.pt,models/v2/v2_10b_h2_balanced_logreg_fold1_v1.joblib
1,screenshot_strong,SMARTPHONE_429017,0,0.07229270040988922,real::Smartphone,Smartphone,models/v2/clip_lora_fold1_best_v1.pt,models/v2/v2_10b_h2_balanced_logreg_fold1_v1.joblib
1,screenshot_strong,SMARTPHONE_384872,0,0.08589756488800049,real::Smartphone,Smartphone,models/v2/clip_lora_fold1_best_v1.pt,models/v2/v2_10b_h2_balanced_logreg_fold1_v1.joblib
1,screenshot_strong,SMARTPHONE_907482,0,0.1635430008172989,real::Smartphone,Smartphone,models/v2/clip_lora_fold1_best_v1.pt,models/v2/v2_10b_h2_balanced_logreg_fold1_v1.joblib
1,screenshot_strong,SMARTPHONE_389287,0,0.1022520661354065,real::Smartphone,Smartphone,models/v2/clip_lora_fold1_best_v1.pt,models/v2/v2_10b_h2_balanced_logreg_fold1_v1.joblib
