fold,condition,image_id,y,p_h2,generator_id,real_domain,checkpoint,h2_head
2,resize_112,pilot_000000,0,0.6962759494781494,real::Tiny-GenImage,Tiny,models/v2/clip_lora_fold2_best_v1.pt,models/v2/v2_10b_h2_balanced_logreg_fold2_v1.joblib
2,resize_112,pilot_000003,1,0.9591787457466125,tiny::BigGAN,,models/v2/clip_lora_fold2_best_v1.pt,models/v2/v2_10b_h2_balanced_logreg_fold2_v1.joblib
2,resize_112,pilot_000011,1,0.8798773288726807,tiny::VQDM,,models/v2/clip_lora_fold2_best_v1.pt,models/v2/v2_10b_h2_balanced_logreg_fold2_v1.joblib
2,resize_112,pilot_000017,1,0.9654014706611633,tiny::BigGAN,,models/v2/clip_lora_fold2_best_v1.pt,models/v2/v2_10b_h2_balanced_logreg_fold2_v1.joblib
2,resize_112,pilot_000018,0,0.5244690179824829,real::Tiny-GenImage,Tiny,models/v2/clip_lora_fold2_best_v1.pt,models/v2/v2_10b_h2_balanced_logreg_fold2_v1.joblib
2,resize_112,pilot_000020,0,0.7641445994377136,real::Tiny-GenImage,Tiny,models/v2/clip_lora_fold2_best_v1.pt,models/v2/v2_10b_h2_balanced_logreg_fold2_v1.joblib
2,resize_112,pilot_000022,0,0.6615264415740967,real::Tiny-GenImage,Tiny,models/v2/clip_lora_fold2_best_v1.pt,models/v2/v2_10b_h2_balanced_logreg_fold2_v1.joblib
2,resize_112,pilot_000025,1,0.5901363492012024,tiny::VQDM,,models/v2/clip_lora_fold2_best_v1.pt,models/v2/v2_10b_h2_balanced_logreg_fold2_v1.joblib
2,resize_112,pilot_000028,0,0.9486969709396362,real::Tiny-GenImage,Tiny,models/v2/clip_lora_fold2_best_v1.pt,models/v2/v2_10b_h2_balanced_logreg_fold2_v1.joblib
2,resize_112,pilot_000031,1,0.9776476621627808,tiny::BigGAN,,models/v2/clip_lora_fold2_best_v1.pt,models/v2/v2_10b_h2_balanced_logreg_fold2_v1.joblib
2,resize_112,pilot_000038,0,0.9363759160041809,real::Tiny-GenImage,Tiny,models/v2/clip_lora_fold2_best_v1.pt,models/v2/v2_10b_h2_balanced_logreg_fold2_v1.joblib
2,resize_112,pilot_000039,1,0.7364951968193054,tiny::VQDM,,models/v2/clip_lora_fold2_best_v1.pt,models/v2/v2_10b_h2_balanced_logreg_fold2_v1.joblib
2,resize_112,pilot_000045,1,0.9635701775550842,tiny::BigGAN,,models/v2/clip_lora_fold2_best_v1.pt,models/v2/v2_10b_h2_balanced_logreg_fold2_v1.joblib
2,resize_112,pilot_000053,1,0.7018411755561829,tiny::VQDM,,models/v2/clip_lora_fold2_best_v1.pt,models/v2/v2_10b_h2_balanced_logreg_fold2_v1.joblib
2,resize_112,pilot_000059,1,0.958569347858429,tiny::BigGAN,,models/v2/clip_lora_fold2_best_v1.pt,models/v2/v2_10b_h2_balanced_logreg_fold2_v1.joblib
2,resize_112,pilot_000062,0,0.8508795499801636,real::Tiny-GenImage,Tiny,models/v2/clip_lora_fold2_best_v1.pt,models/v2/v2_10b_h2_balanced_logreg_fold2_v1.joblib
2,resize_112,pilot_000067,1,0.972332239151001,tiny::VQDM,,models/v2/clip_lora_fold2_best_v1.pt,models/v2/v2_10b_h2_balanced_logreg_fold2_v1.joblib
2,resize_112,pilot_000073,1,0.8865029811859131,tiny::BigGAN,,models/v2/clip_lora_fold2_best_v1.pt,models/v2/v2_10b_h2_balanced_logreg_fold2_v1.joblib
2,resize_112,pilot_000081,1,0.863135814666748,tiny::VQDM,,models/v2/clip_lora_fold2_best_v1.pt,models/v2/v2_10b_h2_balanced_logreg_fold2_v1.joblib
2,resize_112,pilot_000087,1,0.9471665620803833,tiny::BigGAN,,models/v2/clip_lora_fold2_best_v1.pt,models/v2/v2_10b_h2_balanced_logreg_fold2_v1.joblib
2,resize_112,pilot_000095,1,0.9499346613883972,tiny::VQDM,,models/v2/clip_lora_fold2_best_v1.pt,models/v2/v2_10b_h2_balanced_logreg_fold2_v1.joblib
2,resize_112,pilot_000101,1,0.9945340156555176,tiny::BigGAN,,models/v2/clip_lora_fold2_best_v1.pt,models/v2/v2_10b_h2_balanced_logreg_fold2_v1.joblib
2,resize_112,pilot_000109,1,0.683342695236206,tiny::VQDM,,models/v2/clip_lora_fold2_best_v1.pt,models/v2/v2_10b_h2_balanced_logreg_fold2_v1.joblib
2,resize_112,pilot_000112,0,0.7096084952354431,real::Tiny-GenImage,Tiny,models/v2/clip_lora_fold2_best_v1.pt,models/v2/v2_10b_h2_balanced_logreg_fold2_v1.joblib
2,resize_112,pilot_000115,1,0.9673946499824524,tiny::BigGAN,,models/v2/clip_lora_fold2_best_v1.pt,models/v2/v2_10b_h2_balanced_logreg_fold2_v1.joblib
2,resize_112,pilot_000123,1,0.7819707989692688,tiny::VQDM,,models/v2/clip_lora_fold2_best_v1.pt,models/v2/v2_10b_h2_balanced_logreg_fold2_v1.joblib
2,resize_112,pilot_000129,1,0.8429685235023499,tiny::BigGAN,,models/v2/clip_lora_fold2_best_v1.pt,models/v2/v2_10b_h2_balanced_logreg_fold2_v1.joblib
2,resize_112,pilot_000136,0,0.748773992061615,real::Tiny-GenImage,Tiny,models/v2/clip_lora_fold2_best_v1.pt,models/v2/v2_10b_h2_balanced_logreg_fold2_v1.joblib
2,resize_112,pilot_000137,1,0.6504651308059692,tiny::VQDM,,models/v2/clip_lora_fold2_best_v1.pt,models/v2/v2_10b_h2_balanced_logreg_fold2_v1.joblib
2,resize_112,pilot_000143,1,0.7548386454582214,tiny::BigGAN,,models/v2/clip_lora_fold2_best_v1.pt,models/v2/v2_10b_h2_balanced_logreg_fold2_v1.joblib
2,resize_112,pilot_000146,0,0.8190715909004211,real::Tiny-GenImage,Tiny,models/v2/clip_lora_fold2_best_v1.pt,models/v2/v2_10b_h2_balanced_logreg_fold2_v1.joblib
2,resize_112,pilot_000151,1,0.46121034026145935,tiny::VQDM,,models/v2/clip_lora_fold2_best_v1.pt,models/v2/v2_10b_h2_balanced_logreg_fold2_v1.joblib
2,resize_112,pilot_000154,0,0.9006085991859436,real::Tiny-GenImage,Tiny,models/v2/clip_lora_fold2_best_v1.pt,models/v2/v2_10b_h2_balanced_logreg_fold2_v1.joblib
2,resize_112,pilot_000157,1,0.9648573994636536,tiny::BigGAN,,models/v2/clip_lora_fold2_best_v1.pt,models/v2/v2_10b_h2_balanced_logreg_fold2_v1.joblib
2,resize_112,pilot_000165,1,0.8312749862670898,tiny::VQDM,,models/v2/clip_lora_fold2_best_v1.pt,models/v2/v2_10b_h2_balanced_logreg_fold2_v1.joblib
2,resize_112,pilot_000171,1,0.9144555330276489,tiny::BigGAN,,models/v2/clip_lora_fold2_best_v1.pt,models/v2/v2_10b_h2_balanced_logreg_fold2_v1.joblib
2,resize_112,pilot_000179,1,0.7863166332244873,tiny::VQDM,,models/v2/clip_lora_fold2_best_v1.pt,models/v2/v2_10b_h2_balanced_logreg_fold2_v1.joblib
2,resize_112,pilot_000185,1,0.9373489022254944,tiny::BigGAN,,models/v2/clip_lora_fold2_best_v1.pt,models/v2/v2_10b_h2_balanced_logreg_fold2_v1.joblib
2,resize_112,pilot_000193,1,0.9683619737625122,tiny::VQDM,,models/v2/clip_lora_fold2_best_v1.pt,models/v2/v2_10b_h2_balanced_logreg_fold2_v1.joblib
2,resize_112,pilot_000199,1,0.8876999020576477,tiny::BigGAN,,models/v2/clip_lora_fold2_best_v1.pt,models/v2/v2_10b_h2_balanced_logreg_fold2_v1.joblib
2,resize_112,pilot_000207,1,0.9230713844299316,tiny::VQDM,,models/v2/clip_lora_fold2_best_v1.pt,models/v2/v2_10b_h2_balanced_logreg_fold2_v1.joblib
2,resize_112,pilot_000212,0,0.6178565621376038,real::Tiny-GenImage,Tiny,models/v2/clip_lora_fold2_best_v1.pt,models/v2/v2_10b_h2_balanced_logreg_fold2_v1.joblib
2,resize_112,pilot_000213,1,0.3566606044769287,tiny::BigGAN,,models/v2/clip_lora_fold2_best_v1.pt,models/v2/v2_10b_h2_balanced_logreg_fold2_v1.joblib
2,resize_112,pilot_000221,1,0.6188433170318604,tiny::VQDM,,models/v2/clip_lora_fold2_best_v1.pt,models/v2/v2_10b_h2_balanced_logreg_fold2_v1.joblib
2,resize_112,pilot_000227,1,0.9692485928535461,tiny::BigGAN,,models/v2/clip_lora_fold2_best_v1.pt,models/v2/v2_10b_h2_balanced_logreg_fold2_v1.joblib
2,resize_112,pilot_000234,0,0.8817888498306274,real::Tiny-GenImage,Tiny,models/v2/clip_lora_fold2_best_v1.pt,models/v2/v2_10b_h2_balanced_logreg_fold2_v1.joblib
2,resize_112,pilot_000235,1,0.9625604152679443,tiny::VQDM,,models/v2/clip_lora_fold2_best_v1.pt,models/v2/v2_10b_h2_balanced_logreg_fold2_v1.joblib
2,resize_112,pilot_000241,1,0.9253283143043518,tiny::BigGAN,,models/v2/clip_lora_fold2_best_v1.pt,models/v2/v2_10b_h2_balanced_logreg_fold2_v1.joblib
2,resize_112,pilot_000249,1,0.6264181137084961,tiny::VQDM,,models/v2/clip_lora_fold2_best_v1.pt,models/v2/v2_10b_h2_balanced_logreg_fold2_v1.joblib
2,resize_112,pilot_000255,1,0.8270025849342346,tiny::BigGAN,,models/v2/clip_lora_fold2_best_v1.pt,models/v2/v2_10b_h2_balanced_logreg_fold2_v1.joblib
2,resize_112,pilot_000262,0,0.8635423183441162,real::Tiny-GenImage,Tiny,models/v2/clip_lora_fold2_best_v1.pt,models/v2/v2_10b_h2_balanced_logreg_fold2_v1.joblib
2,resize_112,pilot_000263,1,0.7532399296760559,tiny::VQDM,,models/v2/clip_lora_fold2_best_v1.pt,models/v2/v2_10b_h2_balanced_logreg_fold2_v1.joblib
2,resize_112,pilot_000269,1,0.941157877445221,tiny::BigGAN,,models/v2/clip_lora_fold2_best_v1.pt,models/v2/v2_10b_h2_balanced_logreg_fold2_v1.joblib
2,resize_112,pilot_000276,0,0.8734636902809143,real::Tiny-GenImage,Tiny,models/v2/clip_lora_fold2_best_v1.pt,models/v2/v2_10b_h2_balanced_logreg_fold2_v1.joblib
2,resize_112,pilot_000277,1,0.9723848104476929,tiny::VQDM,,models/v2/clip_lora_fold2_best_v1.pt,models/v2/v2_10b_h2_balanced_logreg_fold2_v1.joblib
2,resize_112,pilot_000283,1,0.9913984537124634,tiny::BigGAN,,models/v2/clip_lora_fold2_best_v1.pt,models/v2/v2_10b_h2_balanced_logreg_fold2_v1.joblib
2,resize_112,pilot_000291,1,0.7084745764732361,tiny::VQDM,,models/v2/clip_lora_fold2_best_v1.pt,models/v2/v2_10b_h2_balanced_logreg_fold2_v1.joblib
2,resize_112,pilot_000296,0,0.9589439630508423,real::Tiny-GenImage,Tiny,models/v2/clip_lora_fold2_best_v1.pt,models/v2/v2_10b_h2_balanced_logreg_fold2_v1.joblib
2,resize_112,pilot_000297,1,0.9981328845024109,tiny::BigGAN,,models/v2/clip_lora_fold2_best_v1.pt,models/v2/v2_10b_h2_balanced_logreg_fold2_v1.joblib
2,resize_112,pilot_000305,1,0.9660949110984802,tiny::VQDM,,models/v2/clip_lora_fold2_best_v1.pt,models/v2/v2_10b_h2_balanced_logreg_fold2_v1.joblib
2,resize_112,pilot_000310,0,0.48632463812828064,real::Tiny-GenImage,Tiny,models/v2/clip_lora_fold2_best_v1.pt,models/v2/v2_10b_h2_balanced_logreg_fold2_v1.joblib
2,resize_112,pilot_000311,1,0.980699360370636,tiny::BigGAN,,models/v2/clip_lora_fold2_best_v1.pt,models/v2/v2_10b_h2_balanced_logreg_fold2_v1.joblib
2,resize_112,pilot_000319,1,0.9730072617530823,tiny::VQDM,,models/v2/clip_lora_fold2_best_v1.pt,models/v2/v2_10b_h2_balanced_logreg_fold2_v1.joblib
2,resize_112,pilot_000325,1,0.9924875497817993,tiny::BigGAN,,models/v2/clip_lora_fold2_best_v1.pt,models/v2/v2_10b_h2_balanced_logreg_fold2_v1.joblib
2,resize_112,pilot_000326,0,0.8967089056968689,real::Tiny-GenImage,Tiny,models/v2/clip_lora_fold2_best_v1.pt,models/v2/v2_10b_h2_balanced_logreg_fold2_v1.joblib
2,resize_112,pilot_000333,1,0.5765603184700012,tiny::VQDM,,models/v2/clip_lora_fold2_best_v1.pt,models/v2/v2_10b_h2_balanced_logreg_fold2_v1.joblib
2,resize_112,pilot_000339,1,0.9385772347450256,tiny::BigGAN,,models/v2/clip_lora_fold2_best_v1.pt,models/v2/v2_10b_h2_balanced_logreg_fold2_v1.joblib
2,resize_112,pilot_000342,0,0.6283398270606995,real::Tiny-GenImage,Tiny,models/v2/clip_lora_fold2_best_v1.pt,models/v2/v2_10b_h2_balanced_logreg_fold2_v1.joblib
2,resize_112,pilot_000347,1,0.5291657447814941,tiny::VQDM,,models/v2/clip_lora_fold2_best_v1.pt,models/v2/v2_10b_h2_balanced_logreg_fold2_v1.joblib
2,resize_112,pilot_000353,1,0.34327593445777893,tiny::BigGAN,,models/v2/clip_lora_fold2_best_v1.pt,models/v2/v2_10b_h2_balanced_logreg_fold2_v1.joblib
2,resize_112,pilot_000354,0,0.5549246072769165,real::Tiny-GenImage,Tiny,models/v2/clip_lora_fold2_best_v1.pt,models/v2/v2_10b_h2_balanced_logreg_fold2_v1.joblib
2,resize_112,pilot_000360,0,0.9720797538757324,real::Tiny-GenImage,Tiny,models/v2/clip_lora_fold2_best_v1.pt,models/v2/v2_10b_h2_balanced_logreg_fold2_v1.joblib
2,resize_112,pilot_000361,1,0.9119706749916077,tiny::VQDM,,models/v2/clip_lora_fold2_best_v1.pt,models/v2/v2_10b_h2_balanced_logreg_fold2_v1.joblib
2,resize_112,pilot_000367,1,0.9519384503364563,tiny::BigGAN,,models/v2/clip_lora_fold2_best_v1.pt,models/v2/v2_10b_h2_balanced_logreg_fold2_v1.joblib
2,resize_112,pilot_000368,0,0.6824310421943665,real::Tiny-GenImage,Tiny,models/v2/clip_lora_fold2_best_v1.pt,models/v2/v2_10b_h2_balanced_logreg_fold2_v1.joblib
2,resize_112,pilot_000372,0,0.5064558982849121,real::Tiny-GenImage,Tiny,models/v2/clip_lora_fold2_best_v1.pt,models/v2/v2_10b_h2_balanced_logreg_fold2_v1.joblib
2,resize_112,pilot_000375,1,0.9458898305892944,tiny::VQDM,,models/v2/clip_lora_fold2_best_v1.pt,models/v2/v2_10b_h2_balanced_logreg_fold2_v1.joblib
2,resize_112,pilot_000381,1,0.9901037812232971,tiny::BigGAN,,models/v2/clip_lora_fold2_best_v1.pt,models/v2/v2_10b_h2_balanced_logreg_fold2_v1.joblib
2,resize_112,pilot_000389,1,0.9366410970687866,tiny::VQDM,,models/v2/clip_lora_fold2_best_v1.pt,models/v2/v2_10b_h2_balanced_logreg_fold2_v1.joblib
2,resize_112,pilot_000395,1,0.9859845638275146,tiny::BigGAN,,models/v2/clip_lora_fold2_best_v1.pt,models/v2/v2_10b_h2_balanced_logreg_fold2_v1.joblib
2,resize_112,pilot_000403,1,0.914589524269104,tiny::VQDM,,models/v2/clip_lora_fold2_best_v1.pt,models/v2/v2_10b_h2_balanced_logreg_fold2_v1.joblib
2,resize_112,pilot_000409,1,0.9505882859230042,tiny::BigGAN,,models/v2/clip_lora_fold2_best_v1.pt,models/v2/v2_10b_h2_balanced_logreg_fold2_v1.joblib
2,resize_112,pilot_000410,0,0.5217662453651428,real::Tiny-GenImage,Tiny,models/v2/clip_lora_fold2_best_v1.pt,models/v2/v2_10b_h2_balanced_logreg_fold2_v1.joblib
2,resize_112,pilot_000417,1,0.9640272259712219,tiny::VQDM,,models/v2/clip_lora_fold2_best_v1.pt,models/v2/v2_10b_h2_balanced_logreg_fold2_v1.joblib
2,resize_112,pilot_000423,1,0.8414116501808167,tiny::BigGAN,,models/v2/clip_lora_fold2_best_v1.pt,models/v2/v2_10b_h2_balanced_logreg_fold2_v1.joblib
2,resize_112,pilot_000431,1,0.905604898929596,tiny::VQDM,,models/v2/clip_lora_fold2_best_v1.pt,models/v2/v2_10b_h2_balanced_logreg_fold2_v1.joblib
2,resize_112,pilot_000436,0,0.5371508002281189,real::Tiny-GenImage,Tiny,models/v2/clip_lora_fold2_best_v1.pt,models/v2/v2_10b_h2_balanced_logreg_fold2_v1.joblib
2,resize_112,pilot_000437,1,0.9346056580543518,tiny::BigGAN,,models/v2/clip_lora_fold2_best_v1.pt,models/v2/v2_10b_h2_balanced_logreg_fold2_v1.joblib
2,resize_112,pilot_000445,1,0.978053092956543,tiny::VQDM,,models/v2/clip_lora_fold2_best_v1.pt,models/v2/v2_10b_h2_balanced_logreg_fold2_v1.joblib
2,resize_112,pilot_000451,1,0.9808510541915894,tiny::BigGAN,,models/v2/clip_lora_fold2_best_v1.pt,models/v2/v2_10b_h2_balanced_logreg_fold2_v1.joblib
2,resize_112,pilot_000459,1,0.9166068434715271,tiny::VQDM,,models/v2/clip_lora_fold2_best_v1.pt,models/v2/v2_10b_h2_balanced_logreg_fold2_v1.joblib
2,resize_112,pilot_000465,1,0.938141405582428,tiny::BigGAN,,models/v2/clip_lora_fold2_best_v1.pt,models/v2/v2_10b_h2_balanced_logreg_fold2_v1.joblib
2,resize_112,pilot_000473,1,0.937305748462677,tiny::VQDM,,models/v2/clip_lora_fold2_best_v1.pt,models/v2/v2_10b_h2_balanced_logreg_fold2_v1.joblib
2,resize_112,pilot_000476,0,0.9338454008102417,real::Tiny-GenImage,Tiny,models/v2/clip_lora_fold2_best_v1.pt,models/v2/v2_10b_h2_balanced_logreg_fold2_v1.joblib
2,resize_112,pilot_000478,0,0.8902403116226196,real::Tiny-GenImage,Tiny,models/v2/clip_lora_fold2_best_v1.pt,models/v2/v2_10b_h2_balanced_logreg_fold2_v1.joblib
2,resize_112,pilot_000479,1,0.8897557854652405,tiny::BigGAN,,models/v2/clip_lora_fold2_best_v1.pt,models/v2/v2_10b_h2_balanced_logreg_fold2_v1.joblib
2,resize_112,pilot_000482,0,0.9649032354354858,real::Tiny-GenImage,Tiny,models/v2/clip_lora_fold2_best_v1.pt,models/v2/v2_10b_h2_balanced_logreg_fold2_v1.joblib
2,resize_112,pilot_000486,0,0.739971935749054,real::Tiny-GenImage,Tiny,models/v2/clip_lora_fold2_best_v1.pt,models/v2/v2_10b_h2_balanced_logreg_fold2_v1.joblib
2,resize_112,pilot_000487,1,0.6959487795829773,tiny::VQDM,,models/v2/clip_lora_fold2_best_v1.pt,models/v2/v2_10b_h2_balanced_logreg_fold2_v1.joblib
2,resize_112,pilot_000493,1,0.9425605535507202,tiny::BigGAN,,models/v2/clip_lora_fold2_best_v1.pt,models/v2/v2_10b_h2_balanced_logreg_fold2_v1.joblib
2,resize_112,pilot_000501,1,0.9037135243415833,tiny::VQDM,,models/v2/clip_lora_fold2_best_v1.pt,models/v2/v2_10b_h2_balanced_logreg_fold2_v1.joblib
2,resize_112,pilot_000507,1,0.7489296197891235,tiny::BigGAN,,models/v2/clip_lora_fold2_best_v1.pt,models/v2/v2_10b_h2_balanced_logreg_fold2_v1.joblib
2,resize_112,pilot_000515,1,0.5704064965248108,tiny::VQDM,,models/v2/clip_lora_fold2_best_v1.pt,models/v2/v2_10b_h2_balanced_logreg_fold2_v1.joblib
2,resize_112,pilot_000521,1,0.8523703813552856,tiny::BigGAN,,models/v2/clip_lora_fold2_best_v1.pt,models/v2/v2_10b_h2_balanced_logreg_fold2_v1.joblib
2,resize_112,pilot_000529,1,0.8931693434715271,tiny::VQDM,,models/v2/clip_lora_fold2_best_v1.pt,models/v2/v2_10b_h2_balanced_logreg_fold2_v1.joblib
2,resize_112,pilot_000535,1,0.9251044988632202,tiny::BigGAN,,models/v2/clip_lora_fold2_best_v1.pt,models/v2/v2_10b_h2_balanced_logreg_fold2_v1.joblib
2,resize_112,pilot_000543,1,0.8152210116386414,tiny::VQDM,,models/v2/clip_lora_fold2_best_v1.pt,models/v2/v2_10b_h2_balanced_logreg_fold2_v1.joblib
2,resize_112,pilot_000548,0,0.823736846446991,real::Tiny-GenImage,Tiny,models/v2/clip_lora_fold2_best_v1.pt,models/v2/v2_10b_h2_balanced_logreg_fold2_v1.joblib
2,resize_112,pilot_000549,1,0.9692881107330322,tiny::BigGAN,,models/v2/clip_lora_fold2_best_v1.pt,models/v2/v2_10b_h2_balanced_logreg_fold2_v1.joblib
2,resize_112,pilot_000557,1,0.6359031200408936,tiny::VQDM,,models/v2/clip_lora_fold2_best_v1.pt,models/v2/v2_10b_h2_balanced_logreg_fold2_v1.joblib
2,resize_112,pilot_000563,1,0.9898843765258789,tiny::BigGAN,,models/v2/clip_lora_fold2_best_v1.pt,models/v2/v2_10b_h2_balanced_logreg_fold2_v1.joblib
2,resize_112,pilot_000564,0,0.9061893820762634,real::Tiny-GenImage,Tiny,models/v2/clip_lora_fold2_best_v1.pt,models/v2/v2_10b_h2_balanced_logreg_fold2_v1.joblib
2,resize_112,pilot_000571,1,0.922339141368866,tiny::VQDM,,models/v2/clip_lora_fold2_best_v1.pt,models/v2/v2_10b_h2_balanced_logreg_fold2_v1.joblib
2,resize_112,pilot_000577,1,0.9864338636398315,tiny::BigGAN,,models/v2/clip_lora_fold2_best_v1.pt,models/v2/v2_10b_h2_balanced_logreg_fold2_v1.joblib
2,resize_112,pilot_000585,1,0.8013854622840881,tiny::VQDM,,models/v2/clip_lora_fold2_best_v1.pt,models/v2/v2_10b_h2_balanced_logreg_fold2_v1.joblib
2,resize_112,pilot_000591,1,0.9831227660179138,tiny::BigGAN,,models/v2/clip_lora_fold2_best_v1.pt,models/v2/v2_10b_h2_balanced_logreg_fold2_v1.joblib
2,resize_112,pilot_000594,0,0.8021360635757446,real::Tiny-GenImage,Tiny,models/v2/clip_lora_fold2_best_v1.pt,models/v2/v2_10b_h2_balanced_logreg_fold2_v1.joblib
2,resize_112,pilot_000599,1,0.9591860771179199,tiny::VQDM,,models/v2/clip_lora_fold2_best_v1.pt,models/v2/v2_10b_h2_balanced_logreg_fold2_v1.joblib
2,resize_112,pilot_000605,1,0.37304964661598206,tiny::BigGAN,,models/v2/clip_lora_fold2_best_v1.pt,models/v2/v2_10b_h2_balanced_logreg_fold2_v1.joblib
2,resize_112,pilot_000613,1,0.5700809359550476,tiny::VQDM,,models/v2/clip_lora_fold2_best_v1.pt,models/v2/v2_10b_h2_balanced_logreg_fold2_v1.joblib
2,resize_112,pilot_000619,1,0.9440711140632629,tiny::BigGAN,,models/v2/clip_lora_fold2_best_v1.pt,models/v2/v2_10b_h2_balanced_logreg_fold2_v1.joblib
2,resize_112,pilot_000627,1,0.7866253852844238,tiny::VQDM,,models/v2/clip_lora_fold2_best_v1.pt,models/v2/v2_10b_h2_balanced_logreg_fold2_v1.joblib
2,resize_112,pilot_000632,0,0.9281443953514099,real::Tiny-GenImage,Tiny,models/v2/clip_lora_fold2_best_v1.pt,models/v2/v2_10b_h2_balanced_logreg_fold2_v1.joblib
2,resize_112,pilot_000633,1,0.9428474307060242,tiny::BigGAN,,models/v2/clip_lora_fold2_best_v1.pt,models/v2/v2_10b_h2_balanced_logreg_fold2_v1.joblib
2,resize_112,pilot_000641,1,0.8894878625869751,tiny::VQDM,,models/v2/clip_lora_fold2_best_v1.pt,models/v2/v2_10b_h2_balanced_logreg_fold2_v1.joblib
2,resize_112,pilot_000647,1,0.4914066195487976,tiny::BigGAN,,models/v2/clip_lora_fold2_best_v1.pt,models/v2/v2_10b_h2_balanced_logreg_fold2_v1.joblib
2,resize_112,pilot_000655,1,0.917838990688324,tiny::VQDM,,models/v2/clip_lora_fold2_best_v1.pt,models/v2/v2_10b_h2_balanced_logreg_fold2_v1.joblib
2,resize_112,pilot_000661,1,0.9314087629318237,tiny::BigGAN,,models/v2/clip_lora_fold2_best_v1.pt,models/v2/v2_10b_h2_balanced_logreg_fold2_v1.joblib
2,resize_112,pilot_000662,0,0.8195266723632812,real::Tiny-GenImage,Tiny,models/v2/clip_lora_fold2_best_v1.pt,models/v2/v2_10b_h2_balanced_logreg_fold2_v1.joblib
2,resize_112,pilot_000669,1,0.49880558252334595,tiny::VQDM,,models/v2/clip_lora_fold2_best_v1.pt,models/v2/v2_10b_h2_balanced_logreg_fold2_v1.joblib
2,resize_112,pilot_000675,1,0.7872803211212158,tiny::BigGAN,,models/v2/clip_lora_fold2_best_v1.pt,models/v2/v2_10b_h2_balanced_logreg_fold2_v1.joblib
2,resize_112,pilot_000683,1,0.9305156469345093,tiny::VQDM,,models/v2/clip_lora_fold2_best_v1.pt,models/v2/v2_10b_h2_balanced_logreg_fold2_v1.joblib
2,resize_112,pilot_000689,1,0.7463632822036743,tiny::BigGAN,,models/v2/clip_lora_fold2_best_v1.pt,models/v2/v2_10b_h2_balanced_logreg_fold2_v1.joblib
2,resize_112,pilot_000694,0,0.66794753074646,real::Tiny-GenImage,Tiny,models/v2/clip_lora_fold2_best_v1.pt,models/v2/v2_10b_h2_balanced_logreg_fold2_v1.joblib
2,resize_112,pilot_000697,1,0.8699422478675842,tiny::VQDM,,models/v2/clip_lora_fold2_best_v1.pt,models/v2/v2_10b_h2_balanced_logreg_fold2_v1.joblib
2,resize_112,pilot_000703,1,0.9771056175231934,tiny::BigGAN,,models/v2/clip_lora_fold2_best_v1.pt,models/v2/v2_10b_h2_balanced_logreg_fold2_v1.joblib
2,resize_112,pilot_000711,1,0.9614669680595398,tiny::VQDM,,models/v2/clip_lora_fold2_best_v1.pt,models/v2/v2_10b_h2_balanced_logreg_fold2_v1.joblib
2,resize_112,pilot_000716,0,0.8531063795089722,real::Tiny-GenImage,Tiny,models/v2/clip_lora_fold2_best_v1.pt,models/v2/v2_10b_h2_balanced_logreg_fold2_v1.joblib
2,resize_112,pilot_000717,1,0.7412851452827454,tiny::BigGAN,,models/v2/clip_lora_fold2_best_v1.pt,models/v2/v2_10b_h2_balanced_logreg_fold2_v1.joblib
2,resize_112,pilot_000725,1,0.34303712844848633,tiny::VQDM,,models/v2/clip_lora_fold2_best_v1.pt,models/v2/v2_10b_h2_balanced_logreg_fold2_v1.joblib
2,resize_112,pilot_000730,0,0.5777246952056885,real::Tiny-GenImage,Tiny,models/v2/clip_lora_fold2_best_v1.pt,models/v2/v2_10b_h2_balanced_logreg_fold2_v1.joblib
2,resize_112,pilot_000731,1,0.9068039059638977,tiny::BigGAN,,models/v2/clip_lora_fold2_best_v1.pt,models/v2/v2_10b_h2_balanced_logreg_fold2_v1.joblib
2,resize_112,pilot_000739,1,0.9183306694030762,tiny::VQDM,,models/v2/clip_lora_fold2_best_v1.pt,models/v2/v2_10b_h2_balanced_logreg_fold2_v1.joblib
2,resize_112,pilot_000745,1,0.948173999786377,tiny::BigGAN,,models/v2/clip_lora_fold2_best_v1.pt,models/v2/v2_10b_h2_balanced_logreg_fold2_v1.joblib
2,resize_112,pilot_000748,0,0.33030569553375244,real::Tiny-GenImage,Tiny,models/v2/clip_lora_fold2_best_v1.pt,models/v2/v2_10b_h2_balanced_logreg_fold2_v1.joblib
2,resize_112,pilot_000753,1,0.7473335266113281,tiny::VQDM,,models/v2/clip_lora_fold2_best_v1.pt,models/v2/v2_10b_h2_balanced_logreg_fold2_v1.joblib
2,resize_112,pilot_000759,1,0.9589692950248718,tiny::BigGAN,,models/v2/clip_lora_fold2_best_v1.pt,models/v2/v2_10b_h2_balanced_logreg_fold2_v1.joblib
2,resize_112,pilot_000767,1,0.8089521527290344,tiny::VQDM,,models/v2/clip_lora_fold2_best_v1.pt,models/v2/v2_10b_h2_balanced_logreg_fold2_v1.joblib
2,resize_112,pilot_000773,1,0.9565495848655701,tiny::BigGAN,,models/v2/clip_lora_fold2_best_v1.pt,models/v2/v2_10b_h2_balanced_logreg_fold2_v1.joblib
2,resize_112,pilot_000774,0,0.328478068113327,real::Tiny-GenImage,Tiny,models/v2/clip_lora_fold2_best_v1.pt,models/v2/v2_10b_h2_balanced_logreg_fold2_v1.joblib
2,resize_112,pilot_000778,0,0.6793679594993591,real::Tiny-GenImage,Tiny,models/v2/clip_lora_fold2_best_v1.pt,models/v2/v2_10b_h2_balanced_logreg_fold2_v1.joblib
2,resize_112,pilot_000781,1,0.930625319480896,tiny::VQDM,,models/v2/clip_lora_fold2_best_v1.pt,models/v2/v2_10b_h2_balanced_logreg_fold2_v1.joblib
2,resize_112,pilot_000787,1,0.7008123993873596,tiny::BigGAN,,models/v2/clip_lora_fold2_best_v1.pt,models/v2/v2_10b_h2_balanced_logreg_fold2_v1.joblib
2,resize_112,pilot_000795,1,0.9576728343963623,tiny::VQDM,,models/v2/clip_lora_fold2_best_v1.pt,models/v2/v2_10b_h2_balanced_logreg_fold2_v1.joblib
2,resize_112,pilot_000796,0,0.4297778308391571,real::Tiny-GenImage,Tiny,models/v2/clip_lora_fold2_best_v1.pt,models/v2/v2_10b_h2_balanced_logreg_fold2_v1.joblib
2,resize_112,pilot_000801,1,0.3542617857456207,tiny::BigGAN,,models/v2/clip_lora_fold2_best_v1.pt,models/v2/v2_10b_h2_balanced_logreg_fold2_v1.joblib
2,resize_112,pilot_000809,1,0.7032039761543274,tiny::VQDM,,models/v2/clip_lora_fold2_best_v1.pt,models/v2/v2_10b_h2_balanced_logreg_fold2_v1.joblib
2,resize_112,pilot_000815,1,0.8006960153579712,tiny::BigGAN,,models/v2/clip_lora_fold2_best_v1.pt,models/v2/v2_10b_h2_balanced_logreg_fold2_v1.joblib
2,resize_112,pilot_000816,0,0.7467124462127686,real::Tiny-GenImage,Tiny,models/v2/clip_lora_fold2_best_v1.pt,models/v2/v2_10b_h2_balanced_logreg_fold2_v1.joblib
2,resize_112,pilot_000820,0,0.7111005187034607,real::Tiny-GenImage,Tiny,models/v2/clip_lora_fold2_best_v1.pt,models/v2/v2_10b_h2_balanced_logreg_fold2_v1.joblib
2,resize_112,pilot_000823,1,0.8842652440071106,tiny::VQDM,,models/v2/clip_lora_fold2_best_v1.pt,models/v2/v2_10b_h2_balanced_logreg_fold2_v1.joblib
2,resize_112,pilot_000826,0,0.9636672735214233,real::Tiny-GenImage,Tiny,models/v2/clip_lora_fold2_best_v1.pt,models/v2/v2_10b_h2_balanced_logreg_fold2_v1.joblib
2,resize_112,pilot_000829,1,0.9646492004394531,tiny::BigGAN,,models/v2/clip_lora_fold2_best_v1.pt,models/v2/v2_10b_h2_balanced_logreg_fold2_v1.joblib
2,resize_112,pilot_000830,0,0.6703379154205322,real::Tiny-GenImage,Tiny,models/v2/clip_lora_fold2_best_v1.pt,models/v2/v2_10b_h2_balanced_logreg_fold2_v1.joblib
2,resize_112,pilot_000834,0,0.9780750274658203,real::Tiny-GenImage,Tiny,models/v2/clip_lora_fold2_best_v1.pt,models/v2/v2_10b_h2_balanced_logreg_fold2_v1.joblib
2,resize_112,pilot_000837,1,0.1852925419807434,tiny::VQDM,,models/v2/clip_lora_fold2_best_v1.pt,models/v2/v2_10b_h2_balanced_logreg_fold2_v1.joblib
2,resize_112,pilot_000840,0,0.907401978969574,real::Tiny-GenImage,Tiny,models/v2/clip_lora_fold2_best_v1.pt,models/v2/v2_10b_h2_balanced_logreg_fold2_v1.joblib
2,resize_112,pilot_000843,1,0.624243974685669,tiny::BigGAN,,models/v2/clip_lora_fold2_best_v1.pt,models/v2/v2_10b_h2_balanced_logreg_fold2_v1.joblib
2,resize_112,pilot_000851,1,0.9604086875915527,tiny::VQDM,,models/v2/clip_lora_fold2_best_v1.pt,models/v2/v2_10b_h2_balanced_logreg_fold2_v1.joblib
2,resize_112,pilot_000857,1,0.9715659022331238,tiny::BigGAN,,models/v2/clip_lora_fold2_best_v1.pt,models/v2/v2_10b_h2_balanced_logreg_fold2_v1.joblib
2,resize_112,pilot_000865,1,0.618079662322998,tiny::VQDM,,models/v2/clip_lora_fold2_best_v1.pt,models/v2/v2_10b_h2_balanced_logreg_fold2_v1.joblib
2,resize_112,pilot_000871,1,0.6441594362258911,tiny::BigGAN,,models/v2/clip_lora_fold2_best_v1.pt,models/v2/v2_10b_h2_balanced_logreg_fold2_v1.joblib
2,resize_112,pilot_000878,0,0.94184809923172,real::Tiny-GenImage,Tiny,models/v2/clip_lora_fold2_best_v1.pt,models/v2/v2_10b_h2_balanced_logreg_fold2_v1.joblib
2,resize_112,pilot_000879,1,0.6679273843765259,tiny::VQDM,,models/v2/clip_lora_fold2_best_v1.pt,models/v2/v2_10b_h2_balanced_logreg_fold2_v1.joblib
2,resize_112,pilot_000885,1,0.8435215950012207,tiny::BigGAN,,models/v2/clip_lora_fold2_best_v1.pt,models/v2/v2_10b_h2_balanced_logreg_fold2_v1.joblib
2,resize_112,pilot_000893,1,0.8177876472473145,tiny::VQDM,,models/v2/clip_lora_fold2_best_v1.pt,models/v2/v2_10b_h2_balanced_logreg_fold2_v1.joblib
2,resize_112,pilot_000894,0,0.9499425292015076,real::Tiny-GenImage,Tiny,models/v2/clip_lora_fold2_best_v1.pt,models/v2/v2_10b_h2_balanced_logreg_fold2_v1.joblib
2,resize_112,pilot_000899,1,0.8635668158531189,tiny::BigGAN,,models/v2/clip_lora_fold2_best_v1.pt,models/v2/v2_10b_h2_balanced_logreg_fold2_v1.joblib
2,resize_112,pilot_000902,0,0.9025968909263611,real::Tiny-GenImage,Tiny,models/v2/clip_lora_fold2_best_v1.pt,models/v2/v2_10b_h2_balanced_logreg_fold2_v1.joblib
2,resize_112,pilot_000907,1,0.9393879771232605,tiny::VQDM,,models/v2/clip_lora_fold2_best_v1.pt,models/v2/v2_10b_h2_balanced_logreg_fold2_v1.joblib
2,resize_112,pilot_000908,0,0.43424493074417114,real::Tiny-GenImage,Tiny,models/v2/clip_lora_fold2_best_v1.pt,models/v2/v2_10b_h2_balanced_logreg_fold2_v1.joblib
2,resize_112,pilot_000913,1,0.6085995435714722,tiny::BigGAN,,models/v2/clip_lora_fold2_best_v1.pt,models/v2/v2_10b_h2_balanced_logreg_fold2_v1.joblib
2,resize_112,pilot_000921,1,0.9445127844810486,tiny::VQDM,,models/v2/clip_lora_fold2_best_v1.pt,models/v2/v2_10b_h2_balanced_logreg_fold2_v1.joblib
2,resize_112,pilot_000926,0,0.6196635365486145,real::Tiny-GenImage,Tiny,models/v2/clip_lora_fold2_best_v1.pt,models/v2/v2_10b_h2_balanced_logreg_fold2_v1.joblib
2,resize_112,pilot_000927,1,0.7715284824371338,tiny::BigGAN,,models/v2/clip_lora_fold2_best_v1.pt,models/v2/v2_10b_h2_balanced_logreg_fold2_v1.joblib
2,resize_112,pilot_000935,1,0.9523009061813354,tiny::VQDM,,models/v2/clip_lora_fold2_best_v1.pt,models/v2/v2_10b_h2_balanced_logreg_fold2_v1.joblib
2,resize_112,pilot_000941,1,0.849168598651886,tiny::BigGAN,,models/v2/clip_lora_fold2_best_v1.pt,models/v2/v2_10b_h2_balanced_logreg_fold2_v1.joblib
2,resize_112,pilot_000949,1,0.41628965735435486,tiny::VQDM,,models/v2/clip_lora_fold2_best_v1.pt,models/v2/v2_10b_h2_balanced_logreg_fold2_v1.joblib
2,resize_112,pilot_000952,0,0.7321444153785706,real::Tiny-GenImage,Tiny,models/v2/clip_lora_fold2_best_v1.pt,models/v2/v2_10b_h2_balanced_logreg_fold2_v1.joblib
2,resize_112,pilot_000955,1,0.9097989201545715,tiny::BigGAN,,models/v2/clip_lora_fold2_best_v1.pt,models/v2/v2_10b_h2_balanced_logreg_fold2_v1.joblib
2,resize_112,pilot_000960,0,0.4517137408256531,real::Tiny-GenImage,Tiny,models/v2/clip_lora_fold2_best_v1.pt,models/v2/v2_10b_h2_balanced_logreg_fold2_v1.joblib
2,resize_112,pilot_000963,1,0.9272647500038147,tiny::VQDM,,models/v2/clip_lora_fold2_best_v1.pt,models/v2/v2_10b_h2_balanced_logreg_fold2_v1.joblib
2,resize_112,pilot_000969,1,0.786695659160614,tiny::BigGAN,,models/v2/clip_lora_fold2_best_v1.pt,models/v2/v2_10b_h2_balanced_logreg_fold2_v1.joblib
2,resize_112,pilot_000977,1,0.8179967403411865,tiny::VQDM,,models/v2/clip_lora_fold2_best_v1.pt,models/v2/v2_10b_h2_balanced_logreg_fold2_v1.joblib
2,resize_112,pilot_000983,1,0.9085239768028259,tiny::BigGAN,,models/v2/clip_lora_fold2_best_v1.pt,models/v2/v2_10b_h2_balanced_logreg_fold2_v1.joblib
2,resize_112,pilot_000990,0,0.3455098271369934,real::Tiny-GenImage,Tiny,models/v2/clip_lora_fold2_best_v1.pt,models/v2/v2_10b_h2_balanced_logreg_fold2_v1.joblib
2,resize_112,pilot_000991,1,0.6900365948677063,tiny::VQDM,,models/v2/clip_lora_fold2_best_v1.pt,models/v2/v2_10b_h2_balanced_logreg_fold2_v1.joblib
2,resize_112,pilot_000996,0,0.3311202824115753,real::Tiny-GenImage,Tiny,models/v2/clip_lora_fold2_best_v1.pt,models/v2/v2_10b_h2_balanced_logreg_fold2_v1.joblib
2,resize_112,pilot_000997,1,0.8687665462493896,tiny::BigGAN,,models/v2/clip_lora_fold2_best_v1.pt,models/v2/v2_10b_h2_balanced_logreg_fold2_v1.joblib
2,resize_112,pilot_001005,1,0.8411773443222046,tiny::VQDM,,models/v2/clip_lora_fold2_best_v1.pt,models/v2/v2_10b_h2_balanced_logreg_fold2_v1.joblib
2,resize_112,pilot_001011,1,0.9604439735412598,tiny::BigGAN,,models/v2/clip_lora_fold2_best_v1.pt,models/v2/v2_10b_h2_balanced_logreg_fold2_v1.joblib
2,resize_112,pilot_001016,0,0.8690856695175171,real::Tiny-GenImage,Tiny,models/v2/clip_lora_fold2_best_v1.pt,models/v2/v2_10b_h2_balanced_logreg_fold2_v1.joblib
2,resize_112,pilot_001019,1,0.6959414482116699,tiny::VQDM,,models/v2/clip_lora_fold2_best_v1.pt,models/v2/v2_10b_h2_balanced_logreg_fold2_v1.joblib
2,resize_112,pilot_001022,0,0.3440702259540558,real::Tiny-GenImage,Tiny,models/v2/clip_lora_fold2_best_v1.pt,models/v2/v2_10b_h2_balanced_logreg_fold2_v1.joblib
2,resize_112,pilot_001024,0,0.7475547194480896,real::Tiny-GenImage,Tiny,models/v2/clip_lora_fold2_best_v1.pt,models/v2/v2_10b_h2_balanced_logreg_fold2_v1.joblib
2,resize_112,pilot_001025,1,0.7199563980102539,tiny::BigGAN,,models/v2/clip_lora_fold2_best_v1.pt,models/v2/v2_10b_h2_balanced_logreg_fold2_v1.joblib
2,resize_112,pilot_001033,1,0.39220327138900757,tiny::VQDM,,models/v2/clip_lora_fold2_best_v1.pt,models/v2/v2_10b_h2_balanced_logreg_fold2_v1.joblib
2,resize_112,pilot_001038,0,0.5180503129959106,real::Tiny-GenImage,Tiny,models/v2/clip_lora_fold2_best_v1.pt,models/v2/v2_10b_h2_balanced_logreg_fold2_v1.joblib
2,resize_112,pilot_001039,1,0.8797106742858887,tiny::BigGAN,,models/v2/clip_lora_fold2_best_v1.pt,models/v2/v2_10b_h2_balanced_logreg_fold2_v1.joblib
2,resize_112,pilot_001042,0,0.8263760805130005,real::Tiny-GenImage,Tiny,models/v2/clip_lora_fold2_best_v1.pt,models/v2/v2_10b_h2_balanced_logreg_fold2_v1.joblib
2,resize_112,pilot_001047,1,0.9325710535049438,tiny::VQDM,,models/v2/clip_lora_fold2_best_v1.pt,models/v2/v2_10b_h2_balanced_logreg_fold2_v1.joblib
2,resize_112,pilot_001053,1,0.9470410346984863,tiny::BigGAN,,models/v2/clip_lora_fold2_best_v1.pt,models/v2/v2_10b_h2_balanced_logreg_fold2_v1.joblib
2,resize_112,pilot_001054,0,0.9232428669929504,real::Tiny-GenImage,Tiny,models/v2/clip_lora_fold2_best_v1.pt,models/v2/v2_10b_h2_balanced_logreg_fold2_v1.joblib
2,resize_112,pilot_001061,1,0.551288366317749,tiny::VQDM,,models/v2/clip_lora_fold2_best_v1.pt,models/v2/v2_10b_h2_balanced_logreg_fold2_v1.joblib
2,resize_112,pilot_001067,1,0.9352410435676575,tiny::BigGAN,,models/v2/clip_lora_fold2_best_v1.pt,models/v2/v2_10b_h2_balanced_logreg_fold2_v1.joblib
2,resize_112,pilot_001068,0,0.6352705359458923,real::Tiny-GenImage,Tiny,models/v2/clip_lora_fold2_best_v1.pt,models/v2/v2_10b_h2_balanced_logreg_fold2_v1.joblib
2,resize_112,pilot_001070,0,0.1934535950422287,real::Tiny-GenImage,Tiny,models/v2/clip_lora_fold2_best_v1.pt,models/v2/v2_10b_h2_balanced_logreg_fold2_v1.joblib
2,resize_112,pilot_001075,1,0.8658319711685181,tiny::VQDM,,models/v2/clip_lora_fold2_best_v1.pt,models/v2/v2_10b_h2_balanced_logreg_fold2_v1.joblib
2,resize_112,pilot_001076,0,0.17090854048728943,real::Tiny-GenImage,Tiny,models/v2/clip_lora_fold2_best_v1.pt,models/v2/v2_10b_h2_balanced_logreg_fold2_v1.joblib
2,resize_112,pilot_001081,1,0.551504909992218,tiny::BigGAN,,models/v2/clip_lora_fold2_best_v1.pt,models/v2/v2_10b_h2_balanced_logreg_fold2_v1.joblib
2,resize_112,pilot_001086,0,0.6431794762611389,real::Tiny-GenImage,Tiny,models/v2/clip_lora_fold2_best_v1.pt,models/v2/v2_10b_h2_balanced_logreg_fold2_v1.joblib
2,resize_112,pilot_001089,1,0.6390920877456665,tiny::VQDM,,models/v2/clip_lora_fold2_best_v1.pt,models/v2/v2_10b_h2_balanced_logreg_fold2_v1.joblib
2,resize_112,pilot_001095,1,0.9503298401832581,tiny::BigGAN,,models/v2/clip_lora_fold2_best_v1.pt,models/v2/v2_10b_h2_balanced_logreg_fold2_v1.joblib
2,resize_112,pilot_001102,0,0.7196142673492432,real::Tiny-GenImage,Tiny,models/v2/clip_lora_fold2_best_v1.pt,models/v2/v2_10b_h2_balanced_logreg_fold2_v1.joblib
2,resize_112,pilot_001103,1,0.9028242826461792,tiny::VQDM,,models/v2/clip_lora_fold2_best_v1.pt,models/v2/v2_10b_h2_balanced_logreg_fold2_v1.joblib
2,resize_112,pilot_001109,1,0.9693111777305603,tiny::BigGAN,,models/v2/clip_lora_fold2_best_v1.pt,models/v2/v2_10b_h2_balanced_logreg_fold2_v1.joblib
2,resize_112,pilot_001117,1,0.7153704166412354,tiny::VQDM,,models/v2/clip_lora_fold2_best_v1.pt,models/v2/v2_10b_h2_balanced_logreg_fold2_v1.joblib
2,resize_112,pilot_001123,1,0.7127390503883362,tiny::BigGAN,,models/v2/clip_lora_fold2_best_v1.pt,models/v2/v2_10b_h2_balanced_logreg_fold2_v1.joblib
2,resize_112,pilot_001128,0,0.780015230178833,real::Tiny-GenImage,Tiny,models/v2/clip_lora_fold2_best_v1.pt,models/v2/v2_10b_h2_balanced_logreg_fold2_v1.joblib
2,resize_112,pilot_001130,0,0.8298353552818298,real::Tiny-GenImage,Tiny,models/v2/clip_lora_fold2_best_v1.pt,models/v2/v2_10b_h2_balanced_logreg_fold2_v1.joblib
2,resize_112,pilot_001131,1,0.6592170596122742,tiny::VQDM,,models/v2/clip_lora_fold2_best_v1.pt,models/v2/v2_10b_h2_balanced_logreg_fold2_v1.joblib
2,resize_112,pilot_001132,0,0.5393478274345398,real::Tiny-GenImage,Tiny,models/v2/clip_lora_fold2_best_v1.pt,models/v2/v2_10b_h2_balanced_logreg_fold2_v1.joblib
2,resize_112,pilot_001137,1,0.8031620383262634,tiny::BigGAN,,models/v2/clip_lora_fold2_best_v1.pt,models/v2/v2_10b_h2_balanced_logreg_fold2_v1.joblib
2,resize_112,pilot_001145,1,0.7720181345939636,tiny::VQDM,,models/v2/clip_lora_fold2_best_v1.pt,models/v2/v2_10b_h2_balanced_logreg_fold2_v1.joblib
2,resize_112,pilot_001151,1,0.6225823760032654,tiny::BigGAN,,models/v2/clip_lora_fold2_best_v1.pt,models/v2/v2_10b_h2_balanced_logreg_fold2_v1.joblib
2,resize_112,pilot_001159,1,0.37769630551338196,tiny::VQDM,,models/v2/clip_lora_fold2_best_v1.pt,models/v2/v2_10b_h2_balanced_logreg_fold2_v1.joblib
2,resize_112,pilot_001164,0,0.8305258750915527,real::Tiny-GenImage,Tiny,models/v2/clip_lora_fold2_best_v1.pt,models/v2/v2_10b_h2_balanced_logreg_fold2_v1.joblib
2,resize_112,pilot_001165,1,0.4311453104019165,tiny::BigGAN,,models/v2/clip_lora_fold2_best_v1.pt,models/v2/v2_10b_h2_balanced_logreg_fold2_v1.joblib
2,resize_112,pilot_001170,0,0.8036453723907471,real::Tiny-GenImage,Tiny,models/v2/clip_lora_fold2_best_v1.pt,models/v2/v2_10b_h2_balanced_logreg_fold2_v1.joblib
2,resize_112,pilot_001172,0,0.8835251927375793,real::Tiny-GenImage,Tiny,models/v2/clip_lora_fold2_best_v1.pt,models/v2/v2_10b_h2_balanced_logreg_fold2_v1.joblib
2,resize_112,pilot_001173,1,0.6674220561981201,tiny::VQDM,,models/v2/clip_lora_fold2_best_v1.pt,models/v2/v2_10b_h2_balanced_logreg_fold2_v1.joblib
2,resize_112,pilot_001176,0,0.8837399482727051,real::Tiny-GenImage,Tiny,models/v2/clip_lora_fold2_best_v1.pt,models/v2/v2_10b_h2_balanced_logreg_fold2_v1.joblib
2,resize_112,pilot_001179,1,0.8930230736732483,tiny::BigGAN,,models/v2/clip_lora_fold2_best_v1.pt,models/v2/v2_10b_h2_balanced_logreg_fold2_v1.joblib
2,resize_112,pilot_001187,1,0.35165396332740784,tiny::VQDM,,models/v2/clip_lora_fold2_best_v1.pt,models/v2/v2_10b_h2_balanced_logreg_fold2_v1.joblib
2,resize_112,pilot_001193,1,0.8136704564094543,tiny::BigGAN,,models/v2/clip_lora_fold2_best_v1.pt,models/v2/v2_10b_h2_balanced_logreg_fold2_v1.joblib
2,resize_112,pilot_001201,1,0.4986494481563568,tiny::VQDM,,models/v2/clip_lora_fold2_best_v1.pt,models/v2/v2_10b_h2_balanced_logreg_fold2_v1.joblib
2,resize_112,pilot_001204,0,0.8721503615379333,real::Tiny-GenImage,Tiny,models/v2/clip_lora_fold2_best_v1.pt,models/v2/v2_10b_h2_balanced_logreg_fold2_v1.joblib
2,resize_112,pilot_001207,1,0.9899054169654846,tiny::BigGAN,,models/v2/clip_lora_fold2_best_v1.pt,models/v2/v2_10b_h2_balanced_logreg_fold2_v1.joblib
2,resize_112,pilot_001215,1,0.8771393299102783,tiny::VQDM,,models/v2/clip_lora_fold2_best_v1.pt,models/v2/v2_10b_h2_balanced_logreg_fold2_v1.joblib
2,resize_112,pilot_001221,1,0.6704541444778442,tiny::BigGAN,,models/v2/clip_lora_fold2_best_v1.pt,models/v2/v2_10b_h2_balanced_logreg_fold2_v1.joblib
2,resize_112,pilot_001229,1,0.33871299028396606,tiny::VQDM,,models/v2/clip_lora_fold2_best_v1.pt,models/v2/v2_10b_h2_balanced_logreg_fold2_v1.joblib
2,resize_112,pilot_001235,1,0.8803150057792664,tiny::BigGAN,,models/v2/clip_lora_fold2_best_v1.pt,models/v2/v2_10b_h2_balanced_logreg_fold2_v1.joblib
2,resize_112,pilot_001243,1,0.906700074672699,tiny::VQDM,,models/v2/clip_lora_fold2_best_v1.pt,models/v2/v2_10b_h2_balanced_logreg_fold2_v1.joblib
2,resize_112,pilot_001249,1,0.4992421567440033,tiny::BigGAN,,models/v2/clip_lora_fold2_best_v1.pt,models/v2/v2_10b_h2_balanced_logreg_fold2_v1.joblib
2,resize_112,pilot_001256,0,0.8295584917068481,real::Tiny-GenImage,Tiny,models/v2/clip_lora_fold2_best_v1.pt,models/v2/v2_10b_h2_balanced_logreg_fold2_v1.joblib
2,resize_112,pilot_001257,1,0.7202523946762085,tiny::VQDM,,models/v2/clip_lora_fold2_best_v1.pt,models/v2/v2_10b_h2_balanced_logreg_fold2_v1.joblib
2,resize_112,pilot_001263,1,0.25707152485847473,tiny::BigGAN,,models/v2/clip_lora_fold2_best_v1.pt,models/v2/v2_10b_h2_balanced_logreg_fold2_v1.joblib
2,resize_112,pilot_001271,1,0.643588662147522,tiny::VQDM,,models/v2/clip_lora_fold2_best_v1.pt,models/v2/v2_10b_h2_balanced_logreg_fold2_v1.joblib
2,resize_112,pilot_001277,1,0.8233746290206909,tiny::BigGAN,,models/v2/clip_lora_fold2_best_v1.pt,models/v2/v2_10b_h2_balanced_logreg_fold2_v1.joblib
2,resize_112,pilot_001284,0,0.7680513858795166,real::Tiny-GenImage,Tiny,models/v2/clip_lora_fold2_best_v1.pt,models/v2/v2_10b_h2_balanced_logreg_fold2_v1.joblib
2,resize_112,pilot_001285,1,0.8584775328636169,tiny::VQDM,,models/v2/clip_lora_fold2_best_v1.pt,models/v2/v2_10b_h2_balanced_logreg_fold2_v1.joblib
2,resize_112,pilot_001291,1,0.557433545589447,tiny::BigGAN,,models/v2/clip_lora_fold2_best_v1.pt,models/v2/v2_10b_h2_balanced_logreg_fold2_v1.joblib
2,resize_112,pilot_001292,0,0.7327426671981812,real::Tiny-GenImage,Tiny,models/v2/clip_lora_fold2_best_v1.pt,models/v2/v2_10b_h2_balanced_logreg_fold2_v1.joblib
2,resize_112,pilot_001299,1,0.9433946013450623,tiny::VQDM,,models/v2/clip_lora_fold2_best_v1.pt,models/v2/v2_10b_h2_balanced_logreg_fold2_v1.joblib
2,resize_112,pilot_001305,1,0.9574344754219055,tiny::BigGAN,,models/v2/clip_lora_fold2_best_v1.pt,models/v2/v2_10b_h2_balanced_logreg_fold2_v1.joblib
2,resize_112,pilot_001313,1,0.5694705843925476,tiny::VQDM,,models/v2/clip_lora_fold2_best_v1.pt,models/v2/v2_10b_h2_balanced_logreg_fold2_v1.joblib
2,resize_112,pilot_001319,1,0.9514912962913513,tiny::BigGAN,,models/v2/clip_lora_fold2_best_v1.pt,models/v2/v2_10b_h2_balanced_logreg_fold2_v1.joblib
2,resize_112,pilot_001327,1,0.750170111656189,tiny::VQDM,,models/v2/clip_lora_fold2_best_v1.pt,models/v2/v2_10b_h2_balanced_logreg_fold2_v1.joblib
2,resize_112,pilot_001333,1,0.9593814611434937,tiny::BigGAN,,models/v2/clip_lora_fold2_best_v1.pt,models/v2/v2_10b_h2_balanced_logreg_fold2_v1.joblib
2,resize_112,pilot_001341,1,0.9377556443214417,tiny::VQDM,,models/v2/clip_lora_fold2_best_v1.pt,models/v2/v2_10b_h2_balanced_logreg_fold2_v1.joblib
2,resize_112,pilot_001347,1,0.9643860459327698,tiny::BigGAN,,models/v2/clip_lora_fold2_best_v1.pt,models/v2/v2_10b_h2_balanced_logreg_fold2_v1.joblib
2,resize_112,pilot_001355,1,0.6762835383415222,tiny::VQDM,,models/v2/clip_lora_fold2_best_v1.pt,models/v2/v2_10b_h2_balanced_logreg_fold2_v1.joblib
2,resize_112,pilot_001361,1,0.6773685812950134,tiny::BigGAN,,models/v2/clip_lora_fold2_best_v1.pt,models/v2/v2_10b_h2_balanced_logreg_fold2_v1.joblib
2,resize_112,pilot_001369,1,0.9034126400947571,tiny::VQDM,,models/v2/clip_lora_fold2_best_v1.pt,models/v2/v2_10b_h2_balanced_logreg_fold2_v1.joblib
2,resize_112,pilot_001375,1,0.5976114869117737,tiny::BigGAN,,models/v2/clip_lora_fold2_best_v1.pt,models/v2/v2_10b_h2_balanced_logreg_fold2_v1.joblib
2,resize_112,pilot_001383,1,0.9637323617935181,tiny::VQDM,,models/v2/clip_lora_fold2_best_v1.pt,models/v2/v2_10b_h2_balanced_logreg_fold2_v1.joblib
2,resize_112,pilot_001386,0,0.8420211672782898,real::Tiny-GenImage,Tiny,models/v2/clip_lora_fold2_best_v1.pt,models/v2/v2_10b_h2_balanced_logreg_fold2_v1.joblib
2,resize_112,pilot_001389,1,0.9292014837265015,tiny::BigGAN,,models/v2/clip_lora_fold2_best_v1.pt,models/v2/v2_10b_h2_balanced_logreg_fold2_v1.joblib
2,resize_112,pilot_001390,0,0.9383293390274048,real::Tiny-GenImage,Tiny,models/v2/clip_lora_fold2_best_v1.pt,models/v2/v2_10b_h2_balanced_logreg_fold2_v1.joblib
2,resize_112,pilot_001392,0,0.5003294944763184,real::Tiny-GenImage,Tiny,models/v2/clip_lora_fold2_best_v1.pt,models/v2/v2_10b_h2_balanced_logreg_fold2_v1.joblib
2,resize_112,pilot_001397,1,0.4796968698501587,tiny::VQDM,,models/v2/clip_lora_fold2_best_v1.pt,models/v2/v2_10b_h2_balanced_logreg_fold2_v1.joblib
2,resize_112,pilot_001400,0,0.716232180595398,real::Tiny-GenImage,Tiny,models/v2/clip_lora_fold2_best_v1.pt,models/v2/v2_10b_h2_balanced_logreg_fold2_v1.joblib
2,resize_112,pilot_001403,1,0.9333348274230957,tiny::BigGAN,,models/v2/clip_lora_fold2_best_v1.pt,models/v2/v2_10b_h2_balanced_logreg_fold2_v1.joblib
2,resize_112,pilot_001410,0,0.2331376075744629,real::Tiny-GenImage,Tiny,models/v2/clip_lora_fold2_best_v1.pt,models/v2/v2_10b_h2_balanced_logreg_fold2_v1.joblib
2,resize_112,pilot_001411,1,0.9200010299682617,tiny::VQDM,,models/v2/clip_lora_fold2_best_v1.pt,models/v2/v2_10b_h2_balanced_logreg_fold2_v1.joblib
2,resize_112,pilot_001417,1,0.7650492787361145,tiny::BigGAN,,models/v2/clip_lora_fold2_best_v1.pt,models/v2/v2_10b_h2_balanced_logreg_fold2_v1.joblib
2,resize_112,pilot_001422,0,0.9329818487167358,real::Tiny-GenImage,Tiny,models/v2/clip_lora_fold2_best_v1.pt,models/v2/v2_10b_h2_balanced_logreg_fold2_v1.joblib
2,resize_112,pilot_001424,0,0.8641442060470581,real::Tiny-GenImage,Tiny,models/v2/clip_lora_fold2_best_v1.pt,models/v2/v2_10b_h2_balanced_logreg_fold2_v1.joblib
2,resize_112,pilot_001425,1,0.9656906723976135,tiny::VQDM,,models/v2/clip_lora_fold2_best_v1.pt,models/v2/v2_10b_h2_balanced_logreg_fold2_v1.joblib
2,resize_112,pilot_001431,1,0.9622757434844971,tiny::BigGAN,,models/v2/clip_lora_fold2_best_v1.pt,models/v2/v2_10b_h2_balanced_logreg_fold2_v1.joblib
2,resize_112,pilot_001439,1,0.9159364104270935,tiny::VQDM,,models/v2/clip_lora_fold2_best_v1.pt,models/v2/v2_10b_h2_balanced_logreg_fold2_v1.joblib
2,resize_112,pilot_001445,1,0.8616107106208801,tiny::BigGAN,,models/v2/clip_lora_fold2_best_v1.pt,models/v2/v2_10b_h2_balanced_logreg_fold2_v1.joblib
2,resize_112,pilot_001446,0,0.38312971591949463,real::Tiny-GenImage,Tiny,models/v2/clip_lora_fold2_best_v1.pt,models/v2/v2_10b_h2_balanced_logreg_fold2_v1.joblib
2,resize_112,pilot_001448,0,0.7499165534973145,real::Tiny-GenImage,Tiny,models/v2/clip_lora_fold2_best_v1.pt,models/v2/v2_10b_h2_balanced_logreg_fold2_v1.joblib
2,resize_112,pilot_001453,1,0.44646695256233215,tiny::VQDM,,models/v2/clip_lora_fold2_best_v1.pt,models/v2/v2_10b_h2_balanced_logreg_fold2_v1.joblib
2,resize_112,pilot_001459,1,0.8183415532112122,tiny::BigGAN,,models/v2/clip_lora_fold2_best_v1.pt,models/v2/v2_10b_h2_balanced_logreg_fold2_v1.joblib
2,resize_112,pilot_001467,1,0.9387543797492981,tiny::VQDM,,models/v2/clip_lora_fold2_best_v1.pt,models/v2/v2_10b_h2_balanced_logreg_fold2_v1.joblib
2,resize_112,pilot_001472,0,0.5265302658081055,real::Tiny-GenImage,Tiny,models/v2/clip_lora_fold2_best_v1.pt,models/v2/v2_10b_h2_balanced_logreg_fold2_v1.joblib
2,resize_112,pilot_001473,1,0.9559538960456848,tiny::BigGAN,,models/v2/clip_lora_fold2_best_v1.pt,models/v2/v2_10b_h2_balanced_logreg_fold2_v1.joblib
2,resize_112,pilot_001481,1,0.8495477437973022,tiny::VQDM,,models/v2/clip_lora_fold2_best_v1.pt,models/v2/v2_10b_h2_balanced_logreg_fold2_v1.joblib
2,resize_112,pilot_001487,1,0.9754666090011597,tiny::BigGAN,,models/v2/clip_lora_fold2_best_v1.pt,models/v2/v2_10b_h2_balanced_logreg_fold2_v1.joblib
2,resize_112,pilot_001495,1,0.8645392656326294,tiny::VQDM,,models/v2/clip_lora_fold2_best_v1.pt,models/v2/v2_10b_h2_balanced_logreg_fold2_v1.joblib
2,resize_112,pilot_001501,1,0.9389238953590393,tiny::BigGAN,,models/v2/clip_lora_fold2_best_v1.pt,models/v2/v2_10b_h2_balanced_logreg_fold2_v1.joblib
2,resize_112,pilot_001509,1,0.8456860184669495,tiny::VQDM,,models/v2/clip_lora_fold2_best_v1.pt,models/v2/v2_10b_h2_balanced_logreg_fold2_v1.joblib
2,resize_112,pilot_001515,1,0.958800196647644,tiny::BigGAN,,models/v2/clip_lora_fold2_best_v1.pt,models/v2/v2_10b_h2_balanced_logreg_fold2_v1.joblib
2,resize_112,pilot_001518,0,0.7384481430053711,real::Tiny-GenImage,Tiny,models/v2/clip_lora_fold2_best_v1.pt,models/v2/v2_10b_h2_balanced_logreg_fold2_v1.joblib
2,resize_112,pilot_001523,1,0.57408207654953,tiny::VQDM,,models/v2/clip_lora_fold2_best_v1.pt,models/v2/v2_10b_h2_balanced_logreg_fold2_v1.joblib
2,resize_112,pilot_001529,1,0.620551347732544,tiny::BigGAN,,models/v2/clip_lora_fold2_best_v1.pt,models/v2/v2_10b_h2_balanced_logreg_fold2_v1.joblib
2,resize_112,pilot_001536,0,0.23700068891048431,real::Tiny-GenImage,Tiny,models/v2/clip_lora_fold2_best_v1.pt,models/v2/v2_10b_h2_balanced_logreg_fold2_v1.joblib
2,resize_112,pilot_001537,1,0.5938716530799866,tiny::VQDM,,models/v2/clip_lora_fold2_best_v1.pt,models/v2/v2_10b_h2_balanced_logreg_fold2_v1.joblib
2,resize_112,pilot_001543,1,0.7964183688163757,tiny::BigGAN,,models/v2/clip_lora_fold2_best_v1.pt,models/v2/v2_10b_h2_balanced_logreg_fold2_v1.joblib
2,resize_112,pilot_001544,0,0.8994559645652771,real::Tiny-GenImage,Tiny,models/v2/clip_lora_fold2_best_v1.pt,models/v2/v2_10b_h2_balanced_logreg_fold2_v1.joblib
2,resize_112,pilot_001551,1,0.8383745551109314,tiny::VQDM,,models/v2/clip_lora_fold2_best_v1.pt,models/v2/v2_10b_h2_balanced_logreg_fold2_v1.joblib
2,resize_112,pilot_001557,1,0.8407033085823059,tiny::BigGAN,,models/v2/clip_lora_fold2_best_v1.pt,models/v2/v2_10b_h2_balanced_logreg_fold2_v1.joblib
2,resize_112,pilot_001565,1,0.7827802300453186,tiny::VQDM,,models/v2/clip_lora_fold2_best_v1.pt,models/v2/v2_10b_h2_balanced_logreg_fold2_v1.joblib
2,resize_112,pilot_001566,0,0.5466470122337341,real::Tiny-GenImage,Tiny,models/v2/clip_lora_fold2_best_v1.pt,models/v2/v2_10b_h2_balanced_logreg_fold2_v1.joblib
2,resize_112,pilot_001571,1,0.7340452075004578,tiny::BigGAN,,models/v2/clip_lora_fold2_best_v1.pt,models/v2/v2_10b_h2_balanced_logreg_fold2_v1.joblib
2,resize_112,pilot_001574,0,0.9800200462341309,real::Tiny-GenImage,Tiny,models/v2/clip_lora_fold2_best_v1.pt,models/v2/v2_10b_h2_balanced_logreg_fold2_v1.joblib
2,resize_112,pilot_001579,1,0.8823922276496887,tiny::VQDM,,models/v2/clip_lora_fold2_best_v1.pt,models/v2/v2_10b_h2_balanced_logreg_fold2_v1.joblib
2,resize_112,pilot_001585,1,0.9065558910369873,tiny::BigGAN,,models/v2/clip_lora_fold2_best_v1.pt,models/v2/v2_10b_h2_balanced_logreg_fold2_v1.joblib
2,resize_112,pilot_001592,0,0.9426548480987549,real::Tiny-GenImage,Tiny,models/v2/clip_lora_fold2_best_v1.pt,models/v2/v2_10b_h2_balanced_logreg_fold2_v1.joblib
2,resize_112,pilot_001593,1,0.9507678747177124,tiny::VQDM,,models/v2/clip_lora_fold2_best_v1.pt,models/v2/v2_10b_h2_balanced_logreg_fold2_v1.joblib
2,resize_112,pilot_001599,1,0.8037228584289551,tiny::BigGAN,,models/v2/clip_lora_fold2_best_v1.pt,models/v2/v2_10b_h2_balanced_logreg_fold2_v1.joblib
2,resize_112,pilot_001607,1,0.7501222491264343,tiny::VQDM,,models/v2/clip_lora_fold2_best_v1.pt,models/v2/v2_10b_h2_balanced_logreg_fold2_v1.joblib
2,resize_112,pilot_001613,1,0.923096776008606,tiny::BigGAN,,models/v2/clip_lora_fold2_best_v1.pt,models/v2/v2_10b_h2_balanced_logreg_fold2_v1.joblib
2,resize_112,pilot_001618,0,0.9684730172157288,real::Tiny-GenImage,Tiny,models/v2/clip_lora_fold2_best_v1.pt,models/v2/v2_10b_h2_balanced_logreg_fold2_v1.joblib
2,resize_112,pilot_001621,1,0.930255115032196,tiny::VQDM,,models/v2/clip_lora_fold2_best_v1.pt,models/v2/v2_10b_h2_balanced_logreg_fold2_v1.joblib
2,resize_112,pilot_001626,0,0.8430111408233643,real::Tiny-GenImage,Tiny,models/v2/clip_lora_fold2_best_v1.pt,models/v2/v2_10b_h2_balanced_logreg_fold2_v1.joblib
2,resize_112,pilot_001627,1,0.8033953905105591,tiny::BigGAN,,models/v2/clip_lora_fold2_best_v1.pt,models/v2/v2_10b_h2_balanced_logreg_fold2_v1.joblib
2,resize_112,pilot_001630,0,0.8215118050575256,real::Tiny-GenImage,Tiny,models/v2/clip_lora_fold2_best_v1.pt,models/v2/v2_10b_h2_balanced_logreg_fold2_v1.joblib
2,resize_112,pilot_001634,0,0.7078447937965393,real::Tiny-GenImage,Tiny,models/v2/clip_lora_fold2_best_v1.pt,models/v2/v2_10b_h2_balanced_logreg_fold2_v1.joblib
2,resize_112,pilot_001635,1,0.7994094491004944,tiny::VQDM,,models/v2/clip_lora_fold2_best_v1.pt,models/v2/v2_10b_h2_balanced_logreg_fold2_v1.joblib
2,resize_112,pilot_001636,0,0.8094195127487183,real::Tiny-GenImage,Tiny,models/v2/clip_lora_fold2_best_v1.pt,models/v2/v2_10b_h2_balanced_logreg_fold2_v1.joblib
2,resize_112,pilot_001640,0,0.645780622959137,real::Tiny-GenImage,Tiny,models/v2/clip_lora_fold2_best_v1.pt,models/v2/v2_10b_h2_balanced_logreg_fold2_v1.joblib
2,resize_112,pilot_001641,1,0.6496751308441162,tiny::BigGAN,,models/v2/clip_lora_fold2_best_v1.pt,models/v2/v2_10b_h2_balanced_logreg_fold2_v1.joblib
2,resize_112,pilot_001649,1,0.9508061408996582,tiny::VQDM,,models/v2/clip_lora_fold2_best_v1.pt,models/v2/v2_10b_h2_balanced_logreg_fold2_v1.joblib
2,resize_112,pilot_001654,0,0.6741396188735962,real::Tiny-GenImage,Tiny,models/v2/clip_lora_fold2_best_v1.pt,models/v2/v2_10b_h2_balanced_logreg_fold2_v1.joblib
2,resize_112,pilot_001655,1,0.8494953513145447,tiny::BigGAN,,models/v2/clip_lora_fold2_best_v1.pt,models/v2/v2_10b_h2_balanced_logreg_fold2_v1.joblib
2,resize_112,pilot_001663,1,0.9640083909034729,tiny::VQDM,,models/v2/clip_lora_fold2_best_v1.pt,models/v2/v2_10b_h2_balanced_logreg_fold2_v1.joblib
2,resize_112,pilot_001666,0,0.6593773365020752,real::Tiny-GenImage,Tiny,models/v2/clip_lora_fold2_best_v1.pt,models/v2/v2_10b_h2_balanced_logreg_fold2_v1.joblib
2,resize_112,pilot_001669,1,0.994414210319519,tiny::BigGAN,,models/v2/clip_lora_fold2_best_v1.pt,models/v2/v2_10b_h2_balanced_logreg_fold2_v1.joblib
2,resize_112,pilot_001672,0,0.757185697555542,real::Tiny-GenImage,Tiny,models/v2/clip_lora_fold2_best_v1.pt,models/v2/v2_10b_h2_balanced_logreg_fold2_v1.joblib
2,resize_112,pilot_001674,0,0.6564372777938843,real::Tiny-GenImage,Tiny,models/v2/clip_lora_fold2_best_v1.pt,models/v2/v2_10b_h2_balanced_logreg_fold2_v1.joblib
2,resize_112,pilot_001677,1,0.9096167087554932,tiny::VQDM,,models/v2/clip_lora_fold2_best_v1.pt,models/v2/v2_10b_h2_balanced_logreg_fold2_v1.joblib
2,resize_112,pilot_001683,1,0.7908881306648254,tiny::BigGAN,,models/v2/clip_lora_fold2_best_v1.pt,models/v2/v2_10b_h2_balanced_logreg_fold2_v1.joblib
2,resize_112,pilot_001688,0,0.8566232919692993,real::Tiny-GenImage,Tiny,models/v2/clip_lora_fold2_best_v1.pt,models/v2/v2_10b_h2_balanced_logreg_fold2_v1.joblib
2,resize_112,pilot_001691,1,0.9393033385276794,tiny::VQDM,,models/v2/clip_lora_fold2_best_v1.pt,models/v2/v2_10b_h2_balanced_logreg_fold2_v1.joblib
2,resize_112,pilot_001692,0,0.7490328550338745,real::Tiny-GenImage,Tiny,models/v2/clip_lora_fold2_best_v1.pt,models/v2/v2_10b_h2_balanced_logreg_fold2_v1.joblib
2,resize_112,pilot_001697,1,0.9046593904495239,tiny::BigGAN,,models/v2/clip_lora_fold2_best_v1.pt,models/v2/v2_10b_h2_balanced_logreg_fold2_v1.joblib
2,resize_112,pilot_001705,1,0.8791216015815735,tiny::VQDM,,models/v2/clip_lora_fold2_best_v1.pt,models/v2/v2_10b_h2_balanced_logreg_fold2_v1.joblib
2,resize_112,pilot_001711,1,0.4383675158023834,tiny::BigGAN,,models/v2/clip_lora_fold2_best_v1.pt,models/v2/v2_10b_h2_balanced_logreg_fold2_v1.joblib
2,resize_112,pilot_001719,1,0.8926461935043335,tiny::VQDM,,models/v2/clip_lora_fold2_best_v1.pt,models/v2/v2_10b_h2_balanced_logreg_fold2_v1.joblib
2,resize_112,pilot_001725,1,0.713729739189148,tiny::BigGAN,,models/v2/clip_lora_fold2_best_v1.pt,models/v2/v2_10b_h2_balanced_logreg_fold2_v1.joblib
2,resize_112,pilot_001733,1,0.8776703476905823,tiny::VQDM,,models/v2/clip_lora_fold2_best_v1.pt,models/v2/v2_10b_h2_balanced_logreg_fold2_v1.joblib
2,resize_112,pilot_001734,0,0.2379530966281891,real::Tiny-GenImage,Tiny,models/v2/clip_lora_fold2_best_v1.pt,models/v2/v2_10b_h2_balanced_logreg_fold2_v1.joblib
2,resize_112,pilot_001739,1,0.48659178614616394,tiny::BigGAN,,models/v2/clip_lora_fold2_best_v1.pt,models/v2/v2_10b_h2_balanced_logreg_fold2_v1.joblib
2,resize_112,pilot_001744,0,0.9549886584281921,real::Tiny-GenImage,Tiny,models/v2/clip_lora_fold2_best_v1.pt,models/v2/v2_10b_h2_balanced_logreg_fold2_v1.joblib
2,resize_112,pilot_001747,1,0.919372022151947,tiny::VQDM,,models/v2/clip_lora_fold2_best_v1.pt,models/v2/v2_10b_h2_balanced_logreg_fold2_v1.joblib
2,resize_112,pilot_001753,1,0.43302175402641296,tiny::BigGAN,,models/v2/clip_lora_fold2_best_v1.pt,models/v2/v2_10b_h2_balanced_logreg_fold2_v1.joblib
2,resize_112,pilot_001761,1,0.9422283172607422,tiny::VQDM,,models/v2/clip_lora_fold2_best_v1.pt,models/v2/v2_10b_h2_balanced_logreg_fold2_v1.joblib
2,resize_112,pilot_001767,1,0.7271440029144287,tiny::BigGAN,,models/v2/clip_lora_fold2_best_v1.pt,models/v2/v2_10b_h2_balanced_logreg_fold2_v1.joblib
2,resize_112,pilot_001775,1,0.9439407587051392,tiny::VQDM,,models/v2/clip_lora_fold2_best_v1.pt,models/v2/v2_10b_h2_balanced_logreg_fold2_v1.joblib
2,resize_112,pilot_001781,1,0.9389645457267761,tiny::BigGAN,,models/v2/clip_lora_fold2_best_v1.pt,models/v2/v2_10b_h2_balanced_logreg_fold2_v1.joblib
2,resize_112,pilot_001782,0,0.8768759965896606,real::Tiny-GenImage,Tiny,models/v2/clip_lora_fold2_best_v1.pt,models/v2/v2_10b_h2_balanced_logreg_fold2_v1.joblib
2,resize_112,pilot_001789,1,0.9302057027816772,tiny::VQDM,,models/v2/clip_lora_fold2_best_v1.pt,models/v2/v2_10b_h2_balanced_logreg_fold2_v1.joblib
2,resize_112,pilot_001795,1,0.9650952816009521,tiny::BigGAN,,models/v2/clip_lora_fold2_best_v1.pt,models/v2/v2_10b_h2_balanced_logreg_fold2_v1.joblib
2,resize_112,pilot_001798,0,0.7336150407791138,real::Tiny-GenImage,Tiny,models/v2/clip_lora_fold2_best_v1.pt,models/v2/v2_10b_h2_balanced_logreg_fold2_v1.joblib
2,resize_112,pilot_001803,1,0.902837872505188,tiny::VQDM,,models/v2/clip_lora_fold2_best_v1.pt,models/v2/v2_10b_h2_balanced_logreg_fold2_v1.joblib
2,resize_112,pilot_001809,1,0.74446040391922,tiny::BigGAN,,models/v2/clip_lora_fold2_best_v1.pt,models/v2/v2_10b_h2_balanced_logreg_fold2_v1.joblib
2,resize_112,pilot_001812,0,0.7479506731033325,real::Tiny-GenImage,Tiny,models/v2/clip_lora_fold2_best_v1.pt,models/v2/v2_10b_h2_balanced_logreg_fold2_v1.joblib
2,resize_112,pilot_001817,1,0.42461568117141724,tiny::VQDM,,models/v2/clip_lora_fold2_best_v1.pt,models/v2/v2_10b_h2_balanced_logreg_fold2_v1.joblib
2,resize_112,pilot_001823,1,0.9505155682563782,tiny::BigGAN,,models/v2/clip_lora_fold2_best_v1.pt,models/v2/v2_10b_h2_balanced_logreg_fold2_v1.joblib
2,resize_112,pilot_001828,0,0.9554626941680908,real::Tiny-GenImage,Tiny,models/v2/clip_lora_fold2_best_v1.pt,models/v2/v2_10b_h2_balanced_logreg_fold2_v1.joblib
2,resize_112,pilot_001831,1,0.7321723699569702,tiny::VQDM,,models/v2/clip_lora_fold2_best_v1.pt,models/v2/v2_10b_h2_balanced_logreg_fold2_v1.joblib
2,resize_112,pilot_001837,1,0.9728785157203674,tiny::BigGAN,,models/v2/clip_lora_fold2_best_v1.pt,models/v2/v2_10b_h2_balanced_logreg_fold2_v1.joblib
2,resize_112,pilot_001845,1,0.07375051826238632,tiny::VQDM,,models/v2/clip_lora_fold2_best_v1.pt,models/v2/v2_10b_h2_balanced_logreg_fold2_v1.joblib
2,resize_112,pilot_001851,1,0.6167528033256531,tiny::BigGAN,,models/v2/clip_lora_fold2_best_v1.pt,models/v2/v2_10b_h2_balanced_logreg_fold2_v1.joblib
2,resize_112,pilot_001859,1,0.8346205949783325,tiny::VQDM,,models/v2/clip_lora_fold2_best_v1.pt,models/v2/v2_10b_h2_balanced_logreg_fold2_v1.joblib
2,resize_112,pilot_001865,1,0.9860667586326599,tiny::BigGAN,,models/v2/clip_lora_fold2_best_v1.pt,models/v2/v2_10b_h2_balanced_logreg_fold2_v1.joblib
2,resize_112,pilot_001873,1,0.5160348415374756,tiny::VQDM,,models/v2/clip_lora_fold2_best_v1.pt,models/v2/v2_10b_h2_balanced_logreg_fold2_v1.joblib
2,resize_112,pilot_001878,0,0.5246635675430298,real::Tiny-GenImage,Tiny,models/v2/clip_lora_fold2_best_v1.pt,models/v2/v2_10b_h2_balanced_logreg_fold2_v1.joblib
2,resize_112,pilot_001879,1,0.9524875283241272,tiny::BigGAN,,models/v2/clip_lora_fold2_best_v1.pt,models/v2/v2_10b_h2_balanced_logreg_fold2_v1.joblib
2,resize_112,pilot_001886,0,0.602521538734436,real::Tiny-GenImage,Tiny,models/v2/clip_lora_fold2_best_v1.pt,models/v2/v2_10b_h2_balanced_logreg_fold2_v1.joblib
2,resize_112,pilot_001887,1,0.5716593861579895,tiny::VQDM,,models/v2/clip_lora_fold2_best_v1.pt,models/v2/v2_10b_h2_balanced_logreg_fold2_v1.joblib
2,resize_112,pilot_001893,1,0.9706544280052185,tiny::BigGAN,,models/v2/clip_lora_fold2_best_v1.pt,models/v2/v2_10b_h2_balanced_logreg_fold2_v1.joblib
2,resize_112,pilot_001901,1,0.7829446792602539,tiny::VQDM,,models/v2/clip_lora_fold2_best_v1.pt,models/v2/v2_10b_h2_balanced_logreg_fold2_v1.joblib
2,resize_112,pilot_001907,1,0.9647578597068787,tiny::BigGAN,,models/v2/clip_lora_fold2_best_v1.pt,models/v2/v2_10b_h2_balanced_logreg_fold2_v1.joblib
2,resize_112,pilot_001915,1,0.6289982795715332,tiny::VQDM,,models/v2/clip_lora_fold2_best_v1.pt,models/v2/v2_10b_h2_balanced_logreg_fold2_v1.joblib
2,resize_112,pilot_001921,1,0.9587569236755371,tiny::BigGAN,,models/v2/clip_lora_fold2_best_v1.pt,models/v2/v2_10b_h2_balanced_logreg_fold2_v1.joblib
2,resize_112,pilot_001929,1,0.8799607753753662,tiny::VQDM,,models/v2/clip_lora_fold2_best_v1.pt,models/v2/v2_10b_h2_balanced_logreg_fold2_v1.joblib
2,resize_112,pilot_001935,1,0.9640812873840332,tiny::BigGAN,,models/v2/clip_lora_fold2_best_v1.pt,models/v2/v2_10b_h2_balanced_logreg_fold2_v1.joblib
2,resize_112,pilot_001943,1,0.6901461482048035,tiny::VQDM,,models/v2/clip_lora_fold2_best_v1.pt,models/v2/v2_10b_h2_balanced_logreg_fold2_v1.joblib
2,resize_112,pilot_001949,1,0.9239603281021118,tiny::BigGAN,,models/v2/clip_lora_fold2_best_v1.pt,models/v2/v2_10b_h2_balanced_logreg_fold2_v1.joblib
2,resize_112,pilot_001950,0,0.6035136580467224,real::Tiny-GenImage,Tiny,models/v2/clip_lora_fold2_best_v1.pt,models/v2/v2_10b_h2_balanced_logreg_fold2_v1.joblib
2,resize_112,pilot_001954,0,0.6807791590690613,real::Tiny-GenImage,Tiny,models/v2/clip_lora_fold2_best_v1.pt,models/v2/v2_10b_h2_balanced_logreg_fold2_v1.joblib
2,resize_112,pilot_001957,1,0.5753002166748047,tiny::VQDM,,models/v2/clip_lora_fold2_best_v1.pt,models/v2/v2_10b_h2_balanced_logreg_fold2_v1.joblib
2,resize_112,pilot_001963,1,0.959313690662384,tiny::BigGAN,,models/v2/clip_lora_fold2_best_v1.pt,models/v2/v2_10b_h2_balanced_logreg_fold2_v1.joblib
2,resize_112,pilot_001971,1,0.9315295219421387,tiny::VQDM,,models/v2/clip_lora_fold2_best_v1.pt,models/v2/v2_10b_h2_balanced_logreg_fold2_v1.joblib
2,resize_112,pilot_001976,0,0.12066211551427841,real::Tiny-GenImage,Tiny,models/v2/clip_lora_fold2_best_v1.pt,models/v2/v2_10b_h2_balanced_logreg_fold2_v1.joblib
2,resize_112,pilot_001977,1,0.9691749811172485,tiny::BigGAN,,models/v2/clip_lora_fold2_best_v1.pt,models/v2/v2_10b_h2_balanced_logreg_fold2_v1.joblib
2,resize_112,pilot_001985,1,0.3928048312664032,tiny::VQDM,,models/v2/clip_lora_fold2_best_v1.pt,models/v2/v2_10b_h2_balanced_logreg_fold2_v1.joblib
2,resize_112,pilot_001991,1,0.9881170988082886,tiny::BigGAN,,models/v2/clip_lora_fold2_best_v1.pt,models/v2/v2_10b_h2_balanced_logreg_fold2_v1.joblib
2,resize_112,pilot_001999,1,0.932157576084137,tiny::VQDM,,models/v2/clip_lora_fold2_best_v1.pt,models/v2/v2_10b_h2_balanced_logreg_fold2_v1.joblib
2,resize_112,pilot_002005,1,0.7639603614807129,tiny::BigGAN,,models/v2/clip_lora_fold2_best_v1.pt,models/v2/v2_10b_h2_balanced_logreg_fold2_v1.joblib
2,resize_112,pilot_002013,1,0.5108952522277832,tiny::VQDM,,models/v2/clip_lora_fold2_best_v1.pt,models/v2/v2_10b_h2_balanced_logreg_fold2_v1.joblib
2,resize_112,pilot_002019,1,0.7591583132743835,tiny::BigGAN,,models/v2/clip_lora_fold2_best_v1.pt,models/v2/v2_10b_h2_balanced_logreg_fold2_v1.joblib
2,resize_112,pilot_002024,0,0.7884053587913513,real::Tiny-GenImage,Tiny,models/v2/clip_lora_fold2_best_v1.pt,models/v2/v2_10b_h2_balanced_logreg_fold2_v1.joblib
2,resize_112,pilot_002027,1,0.7446732521057129,tiny::VQDM,,models/v2/clip_lora_fold2_best_v1.pt,models/v2/v2_10b_h2_balanced_logreg_fold2_v1.joblib
2,resize_112,pilot_002033,1,0.9834745526313782,tiny::BigGAN,,models/v2/clip_lora_fold2_best_v1.pt,models/v2/v2_10b_h2_balanced_logreg_fold2_v1.joblib
2,resize_112,pilot_002041,1,0.7821518778800964,tiny::VQDM,,models/v2/clip_lora_fold2_best_v1.pt,models/v2/v2_10b_h2_balanced_logreg_fold2_v1.joblib
2,resize_112,pilot_002042,0,0.6839917898178101,real::Tiny-GenImage,Tiny,models/v2/clip_lora_fold2_best_v1.pt,models/v2/v2_10b_h2_balanced_logreg_fold2_v1.joblib
2,resize_112,pilot_002047,1,0.9799685478210449,tiny::BigGAN,,models/v2/clip_lora_fold2_best_v1.pt,models/v2/v2_10b_h2_balanced_logreg_fold2_v1.joblib
2,resize_112,pilot_002055,1,0.8714441061019897,tiny::VQDM,,models/v2/clip_lora_fold2_best_v1.pt,models/v2/v2_10b_h2_balanced_logreg_fold2_v1.joblib
2,resize_112,pilot_002061,1,0.9748681783676147,tiny::BigGAN,,models/v2/clip_lora_fold2_best_v1.pt,models/v2/v2_10b_h2_balanced_logreg_fold2_v1.joblib
2,resize_112,pilot_002069,1,0.7834816575050354,tiny::VQDM,,models/v2/clip_lora_fold2_best_v1.pt,models/v2/v2_10b_h2_balanced_logreg_fold2_v1.joblib
2,resize_112,pilot_002072,0,0.6121441125869751,real::Tiny-GenImage,Tiny,models/v2/clip_lora_fold2_best_v1.pt,models/v2/v2_10b_h2_balanced_logreg_fold2_v1.joblib
2,resize_112,pilot_002075,1,0.9101854562759399,tiny::BigGAN,,models/v2/clip_lora_fold2_best_v1.pt,models/v2/v2_10b_h2_balanced_logreg_fold2_v1.joblib
2,resize_112,pilot_002082,0,0.24793238937854767,real::Tiny-GenImage,Tiny,models/v2/clip_lora_fold2_best_v1.pt,models/v2/v2_10b_h2_balanced_logreg_fold2_v1.joblib
2,resize_112,pilot_002083,1,0.8504625558853149,tiny::VQDM,,models/v2/clip_lora_fold2_best_v1.pt,models/v2/v2_10b_h2_balanced_logreg_fold2_v1.joblib
2,resize_112,pilot_002089,1,0.9927306771278381,tiny::BigGAN,,models/v2/clip_lora_fold2_best_v1.pt,models/v2/v2_10b_h2_balanced_logreg_fold2_v1.joblib
2,resize_112,pilot_002090,0,0.8821987509727478,real::Tiny-GenImage,Tiny,models/v2/clip_lora_fold2_best_v1.pt,models/v2/v2_10b_h2_balanced_logreg_fold2_v1.joblib
2,resize_112,pilot_002097,1,0.8864099383354187,tiny::VQDM,,models/v2/clip_lora_fold2_best_v1.pt,models/v2/v2_10b_h2_balanced_logreg_fold2_v1.joblib
2,resize_112,pilot_002102,0,0.951905369758606,real::Tiny-GenImage,Tiny,models/v2/clip_lora_fold2_best_v1.pt,models/v2/v2_10b_h2_balanced_logreg_fold2_v1.joblib
2,resize_112,pilot_002103,1,0.9910717606544495,tiny::BigGAN,,models/v2/clip_lora_fold2_best_v1.pt,models/v2/v2_10b_h2_balanced_logreg_fold2_v1.joblib
2,resize_112,pilot_002111,1,0.25207266211509705,tiny::VQDM,,models/v2/clip_lora_fold2_best_v1.pt,models/v2/v2_10b_h2_balanced_logreg_fold2_v1.joblib
2,resize_112,pilot_002112,0,0.8731010556221008,real::Tiny-GenImage,Tiny,models/v2/clip_lora_fold2_best_v1.pt,models/v2/v2_10b_h2_balanced_logreg_fold2_v1.joblib
2,resize_112,pilot_002117,1,0.4462507963180542,tiny::BigGAN,,models/v2/clip_lora_fold2_best_v1.pt,models/v2/v2_10b_h2_balanced_logreg_fold2_v1.joblib
2,resize_112,pilot_002122,0,0.6629805564880371,real::Tiny-GenImage,Tiny,models/v2/clip_lora_fold2_best_v1.pt,models/v2/v2_10b_h2_balanced_logreg_fold2_v1.joblib
2,resize_112,pilot_002125,1,0.8689628839492798,tiny::VQDM,,models/v2/clip_lora_fold2_best_v1.pt,models/v2/v2_10b_h2_balanced_logreg_fold2_v1.joblib
2,resize_112,pilot_002128,0,0.8344832062721252,real::Tiny-GenImage,Tiny,models/v2/clip_lora_fold2_best_v1.pt,models/v2/v2_10b_h2_balanced_logreg_fold2_v1.joblib
2,resize_112,pilot_002131,1,0.819437563419342,tiny::BigGAN,,models/v2/clip_lora_fold2_best_v1.pt,models/v2/v2_10b_h2_balanced_logreg_fold2_v1.joblib
2,resize_112,pilot_002139,1,0.8948677182197571,tiny::VQDM,,models/v2/clip_lora_fold2_best_v1.pt,models/v2/v2_10b_h2_balanced_logreg_fold2_v1.joblib
2,resize_112,pilot_002145,1,0.9684406518936157,tiny::BigGAN,,models/v2/clip_lora_fold2_best_v1.pt,models/v2/v2_10b_h2_balanced_logreg_fold2_v1.joblib
2,resize_112,pilot_002153,1,0.9491258859634399,tiny::VQDM,,models/v2/clip_lora_fold2_best_v1.pt,models/v2/v2_10b_h2_balanced_logreg_fold2_v1.joblib
2,resize_112,pilot_002159,1,0.24566273391246796,tiny::BigGAN,,models/v2/clip_lora_fold2_best_v1.pt,models/v2/v2_10b_h2_balanced_logreg_fold2_v1.joblib
2,resize_112,pilot_002167,1,0.8614025712013245,tiny::VQDM,,models/v2/clip_lora_fold2_best_v1.pt,models/v2/v2_10b_h2_balanced_logreg_fold2_v1.joblib
2,resize_112,pilot_002173,1,0.8441033363342285,tiny::BigGAN,,models/v2/clip_lora_fold2_best_v1.pt,models/v2/v2_10b_h2_balanced_logreg_fold2_v1.joblib
2,resize_112,pilot_002181,1,0.8958396315574646,tiny::VQDM,,models/v2/clip_lora_fold2_best_v1.pt,models/v2/v2_10b_h2_balanced_logreg_fold2_v1.joblib
2,resize_112,pilot_002187,1,0.8354220986366272,tiny::BigGAN,,models/v2/clip_lora_fold2_best_v1.pt,models/v2/v2_10b_h2_balanced_logreg_fold2_v1.joblib
2,resize_112,pilot_002194,0,0.9371079206466675,real::Tiny-GenImage,Tiny,models/v2/clip_lora_fold2_best_v1.pt,models/v2/v2_10b_h2_balanced_logreg_fold2_v1.joblib
2,resize_112,pilot_002195,1,0.653249979019165,tiny::VQDM,,models/v2/clip_lora_fold2_best_v1.pt,models/v2/v2_10b_h2_balanced_logreg_fold2_v1.joblib
2,resize_112,pilot_002201,1,0.7195842266082764,tiny::BigGAN,,models/v2/clip_lora_fold2_best_v1.pt,models/v2/v2_10b_h2_balanced_logreg_fold2_v1.joblib
2,resize_112,pilot_002202,0,0.9350762367248535,real::Tiny-GenImage,Tiny,models/v2/clip_lora_fold2_best_v1.pt,models/v2/v2_10b_h2_balanced_logreg_fold2_v1.joblib
2,resize_112,pilot_002209,1,0.9686020612716675,tiny::VQDM,,models/v2/clip_lora_fold2_best_v1.pt,models/v2/v2_10b_h2_balanced_logreg_fold2_v1.joblib
2,resize_112,pilot_002215,1,0.9613281488418579,tiny::BigGAN,,models/v2/clip_lora_fold2_best_v1.pt,models/v2/v2_10b_h2_balanced_logreg_fold2_v1.joblib
2,resize_112,pilot_002223,1,0.9448491334915161,tiny::VQDM,,models/v2/clip_lora_fold2_best_v1.pt,models/v2/v2_10b_h2_balanced_logreg_fold2_v1.joblib
2,resize_112,pilot_002226,0,0.8908537030220032,real::Tiny-GenImage,Tiny,models/v2/clip_lora_fold2_best_v1.pt,models/v2/v2_10b_h2_balanced_logreg_fold2_v1.joblib
2,resize_112,pilot_002229,1,0.2722286283969879,tiny::BigGAN,,models/v2/clip_lora_fold2_best_v1.pt,models/v2/v2_10b_h2_balanced_logreg_fold2_v1.joblib
2,resize_112,pilot_002237,1,0.9821359515190125,tiny::VQDM,,models/v2/clip_lora_fold2_best_v1.pt,models/v2/v2_10b_h2_balanced_logreg_fold2_v1.joblib
2,resize_112,pilot_002243,1,0.8252813816070557,tiny::BigGAN,,models/v2/clip_lora_fold2_best_v1.pt,models/v2/v2_10b_h2_balanced_logreg_fold2_v1.joblib
2,resize_112,pilot_002250,0,0.9001398682594299,real::Tiny-GenImage,Tiny,models/v2/clip_lora_fold2_best_v1.pt,models/v2/v2_10b_h2_balanced_logreg_fold2_v1.joblib
2,resize_112,pilot_002251,1,0.8614635467529297,tiny::VQDM,,models/v2/clip_lora_fold2_best_v1.pt,models/v2/v2_10b_h2_balanced_logreg_fold2_v1.joblib
2,resize_112,pilot_002254,0,0.8193767070770264,real::Tiny-GenImage,Tiny,models/v2/clip_lora_fold2_best_v1.pt,models/v2/v2_10b_h2_balanced_logreg_fold2_v1.joblib
2,resize_112,pilot_002257,1,0.9548754096031189,tiny::BigGAN,,models/v2/clip_lora_fold2_best_v1.pt,models/v2/v2_10b_h2_balanced_logreg_fold2_v1.joblib
2,resize_112,pilot_002260,0,0.9045509099960327,real::Tiny-GenImage,Tiny,models/v2/clip_lora_fold2_best_v1.pt,models/v2/v2_10b_h2_balanced_logreg_fold2_v1.joblib
2,resize_112,pilot_002265,1,0.8188967704772949,tiny::VQDM,,models/v2/clip_lora_fold2_best_v1.pt,models/v2/v2_10b_h2_balanced_logreg_fold2_v1.joblib
2,resize_112,pilot_002270,0,0.3636184632778168,real::Tiny-GenImage,Tiny,models/v2/clip_lora_fold2_best_v1.pt,models/v2/v2_10b_h2_balanced_logreg_fold2_v1.joblib
2,resize_112,pilot_002271,1,0.8965988755226135,tiny::BigGAN,,models/v2/clip_lora_fold2_best_v1.pt,models/v2/v2_10b_h2_balanced_logreg_fold2_v1.joblib
2,resize_112,pilot_002272,0,0.8268916010856628,real::Tiny-GenImage,Tiny,models/v2/clip_lora_fold2_best_v1.pt,models/v2/v2_10b_h2_balanced_logreg_fold2_v1.joblib
2,resize_112,pilot_002279,1,0.9465705156326294,tiny::VQDM,,models/v2/clip_lora_fold2_best_v1.pt,models/v2/v2_10b_h2_balanced_logreg_fold2_v1.joblib
2,resize_112,pilot_002282,0,0.6415067911148071,real::Tiny-GenImage,Tiny,models/v2/clip_lora_fold2_best_v1.pt,models/v2/v2_10b_h2_balanced_logreg_fold2_v1.joblib
2,resize_112,pilot_002285,1,0.5723293423652649,tiny::BigGAN,,models/v2/clip_lora_fold2_best_v1.pt,models/v2/v2_10b_h2_balanced_logreg_fold2_v1.joblib
2,resize_112,pilot_002288,0,0.8094800710678101,real::Tiny-GenImage,Tiny,models/v2/clip_lora_fold2_best_v1.pt,models/v2/v2_10b_h2_balanced_logreg_fold2_v1.joblib
2,resize_112,pilot_002290,0,0.9456374645233154,real::Tiny-GenImage,Tiny,models/v2/clip_lora_fold2_best_v1.pt,models/v2/v2_10b_h2_balanced_logreg_fold2_v1.joblib
2,resize_112,pilot_002293,1,0.8813782334327698,tiny::VQDM,,models/v2/clip_lora_fold2_best_v1.pt,models/v2/v2_10b_h2_balanced_logreg_fold2_v1.joblib
2,resize_112,pilot_002299,1,0.5507659912109375,tiny::BigGAN,,models/v2/clip_lora_fold2_best_v1.pt,models/v2/v2_10b_h2_balanced_logreg_fold2_v1.joblib
2,resize_112,pilot_002306,0,0.9137226343154907,real::Tiny-GenImage,Tiny,models/v2/clip_lora_fold2_best_v1.pt,models/v2/v2_10b_h2_balanced_logreg_fold2_v1.joblib
2,resize_112,pilot_002307,1,0.8231208324432373,tiny::VQDM,,models/v2/clip_lora_fold2_best_v1.pt,models/v2/v2_10b_h2_balanced_logreg_fold2_v1.joblib
2,resize_112,pilot_002312,0,0.8617501854896545,real::Tiny-GenImage,Tiny,models/v2/clip_lora_fold2_best_v1.pt,models/v2/v2_10b_h2_balanced_logreg_fold2_v1.joblib
2,resize_112,pilot_002313,1,0.8218757510185242,tiny::BigGAN,,models/v2/clip_lora_fold2_best_v1.pt,models/v2/v2_10b_h2_balanced_logreg_fold2_v1.joblib
2,resize_112,pilot_002321,1,0.8726722002029419,tiny::VQDM,,models/v2/clip_lora_fold2_best_v1.pt,models/v2/v2_10b_h2_balanced_logreg_fold2_v1.joblib
2,resize_112,pilot_002327,1,0.7275477647781372,tiny::BigGAN,,models/v2/clip_lora_fold2_best_v1.pt,models/v2/v2_10b_h2_balanced_logreg_fold2_v1.joblib
2,resize_112,pilot_002335,1,0.9845506548881531,tiny::VQDM,,models/v2/clip_lora_fold2_best_v1.pt,models/v2/v2_10b_h2_balanced_logreg_fold2_v1.joblib
2,resize_112,pilot_002341,1,0.8101442456245422,tiny::BigGAN,,models/v2/clip_lora_fold2_best_v1.pt,models/v2/v2_10b_h2_balanced_logreg_fold2_v1.joblib
2,resize_112,pilot_002349,1,0.9451237916946411,tiny::VQDM,,models/v2/clip_lora_fold2_best_v1.pt,models/v2/v2_10b_h2_balanced_logreg_fold2_v1.joblib
2,resize_112,pilot_002354,0,0.11384487897157669,real::Tiny-GenImage,Tiny,models/v2/clip_lora_fold2_best_v1.pt,models/v2/v2_10b_h2_balanced_logreg_fold2_v1.joblib
2,resize_112,pilot_002355,1,0.9402211308479309,tiny::BigGAN,,models/v2/clip_lora_fold2_best_v1.pt,models/v2/v2_10b_h2_balanced_logreg_fold2_v1.joblib
2,resize_112,pilot_002363,1,0.8475657105445862,tiny::VQDM,,models/v2/clip_lora_fold2_best_v1.pt,models/v2/v2_10b_h2_balanced_logreg_fold2_v1.joblib
2,resize_112,pilot_002366,0,0.3945378363132477,real::Tiny-GenImage,Tiny,models/v2/clip_lora_fold2_best_v1.pt,models/v2/v2_10b_h2_balanced_logreg_fold2_v1.joblib
2,resize_112,pilot_002369,1,0.969926118850708,tiny::BigGAN,,models/v2/clip_lora_fold2_best_v1.pt,models/v2/v2_10b_h2_balanced_logreg_fold2_v1.joblib
2,resize_112,pilot_002377,1,0.6517717838287354,tiny::VQDM,,models/v2/clip_lora_fold2_best_v1.pt,models/v2/v2_10b_h2_balanced_logreg_fold2_v1.joblib
2,resize_112,pilot_002383,1,0.9125989675521851,tiny::BigGAN,,models/v2/clip_lora_fold2_best_v1.pt,models/v2/v2_10b_h2_balanced_logreg_fold2_v1.joblib
2,resize_112,pilot_002391,1,0.674450695514679,tiny::VQDM,,models/v2/clip_lora_fold2_best_v1.pt,models/v2/v2_10b_h2_balanced_logreg_fold2_v1.joblib
2,resize_112,pilot_002396,0,0.34781333804130554,real::Tiny-GenImage,Tiny,models/v2/clip_lora_fold2_best_v1.pt,models/v2/v2_10b_h2_balanced_logreg_fold2_v1.joblib
2,resize_112,pilot_002397,1,0.7362607717514038,tiny::BigGAN,,models/v2/clip_lora_fold2_best_v1.pt,models/v2/v2_10b_h2_balanced_logreg_fold2_v1.joblib
2,resize_112,pilot_002400,0,0.8802667856216431,real::Tiny-GenImage,Tiny,models/v2/clip_lora_fold2_best_v1.pt,models/v2/v2_10b_h2_balanced_logreg_fold2_v1.joblib
2,resize_112,pilot_002402,0,0.8408268094062805,real::Tiny-GenImage,Tiny,models/v2/clip_lora_fold2_best_v1.pt,models/v2/v2_10b_h2_balanced_logreg_fold2_v1.joblib
2,resize_112,pilot_002405,1,0.9429960250854492,tiny::VQDM,,models/v2/clip_lora_fold2_best_v1.pt,models/v2/v2_10b_h2_balanced_logreg_fold2_v1.joblib
2,resize_112,pilot_002411,1,0.8656316995620728,tiny::BigGAN,,models/v2/clip_lora_fold2_best_v1.pt,models/v2/v2_10b_h2_balanced_logreg_fold2_v1.joblib
2,resize_112,pilot_002419,1,0.9593594074249268,tiny::VQDM,,models/v2/clip_lora_fold2_best_v1.pt,models/v2/v2_10b_h2_balanced_logreg_fold2_v1.joblib
2,resize_112,pilot_002425,1,0.8766468167304993,tiny::BigGAN,,models/v2/clip_lora_fold2_best_v1.pt,models/v2/v2_10b_h2_balanced_logreg_fold2_v1.joblib
2,resize_112,pilot_002433,1,0.7798416614532471,tiny::VQDM,,models/v2/clip_lora_fold2_best_v1.pt,models/v2/v2_10b_h2_balanced_logreg_fold2_v1.joblib
2,resize_112,pilot_002439,1,0.9061527252197266,tiny::BigGAN,,models/v2/clip_lora_fold2_best_v1.pt,models/v2/v2_10b_h2_balanced_logreg_fold2_v1.joblib
2,resize_112,pilot_002446,0,0.9383726716041565,real::Tiny-GenImage,Tiny,models/v2/clip_lora_fold2_best_v1.pt,models/v2/v2_10b_h2_balanced_logreg_fold2_v1.joblib
2,resize_112,pilot_002447,1,0.8137125372886658,tiny::VQDM,,models/v2/clip_lora_fold2_best_v1.pt,models/v2/v2_10b_h2_balanced_logreg_fold2_v1.joblib
2,resize_112,pilot_002450,0,0.35849273204803467,real::Tiny-GenImage,Tiny,models/v2/clip_lora_fold2_best_v1.pt,models/v2/v2_10b_h2_balanced_logreg_fold2_v1.joblib
2,resize_112,pilot_002453,1,0.9824709296226501,tiny::BigGAN,,models/v2/clip_lora_fold2_best_v1.pt,models/v2/v2_10b_h2_balanced_logreg_fold2_v1.joblib
2,resize_112,pilot_002458,0,0.9142998456954956,real::Tiny-GenImage,Tiny,models/v2/clip_lora_fold2_best_v1.pt,models/v2/v2_10b_h2_balanced_logreg_fold2_v1.joblib
2,resize_112,pilot_002461,1,0.9362521767616272,tiny::VQDM,,models/v2/clip_lora_fold2_best_v1.pt,models/v2/v2_10b_h2_balanced_logreg_fold2_v1.joblib
2,resize_112,pilot_002467,1,0.9918509125709534,tiny::BigGAN,,models/v2/clip_lora_fold2_best_v1.pt,models/v2/v2_10b_h2_balanced_logreg_fold2_v1.joblib
2,resize_112,pilot_002475,1,0.8341355323791504,tiny::VQDM,,models/v2/clip_lora_fold2_best_v1.pt,models/v2/v2_10b_h2_balanced_logreg_fold2_v1.joblib
2,resize_112,pilot_002481,1,0.9912723898887634,tiny::BigGAN,,models/v2/clip_lora_fold2_best_v1.pt,models/v2/v2_10b_h2_balanced_logreg_fold2_v1.joblib
2,resize_112,pilot_002482,0,0.8758304119110107,real::Tiny-GenImage,Tiny,models/v2/clip_lora_fold2_best_v1.pt,models/v2/v2_10b_h2_balanced_logreg_fold2_v1.joblib
2,resize_112,pilot_002489,1,0.9665378332138062,tiny::VQDM,,models/v2/clip_lora_fold2_best_v1.pt,models/v2/v2_10b_h2_balanced_logreg_fold2_v1.joblib
2,resize_112,pilot_002494,0,0.35786232352256775,real::Tiny-GenImage,Tiny,models/v2/clip_lora_fold2_best_v1.pt,models/v2/v2_10b_h2_balanced_logreg_fold2_v1.joblib
2,resize_112,pilot_002495,1,0.987450122833252,tiny::BigGAN,,models/v2/clip_lora_fold2_best_v1.pt,models/v2/v2_10b_h2_balanced_logreg_fold2_v1.joblib
2,resize_112,pilot_002503,1,0.9593610763549805,tiny::VQDM,,models/v2/clip_lora_fold2_best_v1.pt,models/v2/v2_10b_h2_balanced_logreg_fold2_v1.joblib
2,resize_112,pilot_002506,0,0.6550948023796082,real::Tiny-GenImage,Tiny,models/v2/clip_lora_fold2_best_v1.pt,models/v2/v2_10b_h2_balanced_logreg_fold2_v1.joblib
2,resize_112,pilot_002509,1,0.8784897327423096,tiny::BigGAN,,models/v2/clip_lora_fold2_best_v1.pt,models/v2/v2_10b_h2_balanced_logreg_fold2_v1.joblib
2,resize_112,pilot_002517,1,0.7916462421417236,tiny::VQDM,,models/v2/clip_lora_fold2_best_v1.pt,models/v2/v2_10b_h2_balanced_logreg_fold2_v1.joblib
2,resize_112,pilot_002523,1,0.9727810621261597,tiny::BigGAN,,models/v2/clip_lora_fold2_best_v1.pt,models/v2/v2_10b_h2_balanced_logreg_fold2_v1.joblib
2,resize_112,pilot_002531,1,0.6390138268470764,tiny::VQDM,,models/v2/clip_lora_fold2_best_v1.pt,models/v2/v2_10b_h2_balanced_logreg_fold2_v1.joblib
2,resize_112,pilot_002532,0,0.9511446356773376,real::Tiny-GenImage,Tiny,models/v2/clip_lora_fold2_best_v1.pt,models/v2/v2_10b_h2_balanced_logreg_fold2_v1.joblib
2,resize_112,pilot_002537,1,0.916751503944397,tiny::BigGAN,,models/v2/clip_lora_fold2_best_v1.pt,models/v2/v2_10b_h2_balanced_logreg_fold2_v1.joblib
2,resize_112,pilot_002545,1,0.43349891901016235,tiny::VQDM,,models/v2/clip_lora_fold2_best_v1.pt,models/v2/v2_10b_h2_balanced_logreg_fold2_v1.joblib
2,resize_112,pilot_002551,1,0.9812817573547363,tiny::BigGAN,,models/v2/clip_lora_fold2_best_v1.pt,models/v2/v2_10b_h2_balanced_logreg_fold2_v1.joblib
2,resize_112,pilot_002559,1,0.5884175300598145,tiny::VQDM,,models/v2/clip_lora_fold2_best_v1.pt,models/v2/v2_10b_h2_balanced_logreg_fold2_v1.joblib
2,resize_112,pilot_002565,1,0.6641767621040344,tiny::BigGAN,,models/v2/clip_lora_fold2_best_v1.pt,models/v2/v2_10b_h2_balanced_logreg_fold2_v1.joblib
2,resize_112,pilot_002573,1,0.6755552887916565,tiny::VQDM,,models/v2/clip_lora_fold2_best_v1.pt,models/v2/v2_10b_h2_balanced_logreg_fold2_v1.joblib
2,resize_112,pilot_002579,1,0.947506844997406,tiny::BigGAN,,models/v2/clip_lora_fold2_best_v1.pt,models/v2/v2_10b_h2_balanced_logreg_fold2_v1.joblib
2,resize_112,pilot_002587,1,0.7591601014137268,tiny::VQDM,,models/v2/clip_lora_fold2_best_v1.pt,models/v2/v2_10b_h2_balanced_logreg_fold2_v1.joblib
2,resize_112,pilot_002593,1,0.972167432308197,tiny::BigGAN,,models/v2/clip_lora_fold2_best_v1.pt,models/v2/v2_10b_h2_balanced_logreg_fold2_v1.joblib
2,resize_112,pilot_002601,1,0.7460111975669861,tiny::VQDM,,models/v2/clip_lora_fold2_best_v1.pt,models/v2/v2_10b_h2_balanced_logreg_fold2_v1.joblib
2,resize_112,pilot_002604,0,0.5222556591033936,real::Tiny-GenImage,Tiny,models/v2/clip_lora_fold2_best_v1.pt,models/v2/v2_10b_h2_balanced_logreg_fold2_v1.joblib
2,resize_112,pilot_002607,1,0.9486023187637329,tiny::BigGAN,,models/v2/clip_lora_fold2_best_v1.pt,models/v2/v2_10b_h2_balanced_logreg_fold2_v1.joblib
2,resize_112,pilot_002615,1,0.8902484178543091,tiny::VQDM,,models/v2/clip_lora_fold2_best_v1.pt,models/v2/v2_10b_h2_balanced_logreg_fold2_v1.joblib
2,resize_112,pilot_002621,1,0.9400098323822021,tiny::BigGAN,,models/v2/clip_lora_fold2_best_v1.pt,models/v2/v2_10b_h2_balanced_logreg_fold2_v1.joblib
2,resize_112,pilot_002622,0,0.26030948758125305,real::Tiny-GenImage,Tiny,models/v2/clip_lora_fold2_best_v1.pt,models/v2/v2_10b_h2_balanced_logreg_fold2_v1.joblib
2,resize_112,pilot_002629,1,0.3643364906311035,tiny::VQDM,,models/v2/clip_lora_fold2_best_v1.pt,models/v2/v2_10b_h2_balanced_logreg_fold2_v1.joblib
2,resize_112,pilot_002635,1,0.8143301010131836,tiny::BigGAN,,models/v2/clip_lora_fold2_best_v1.pt,models/v2/v2_10b_h2_balanced_logreg_fold2_v1.joblib
2,resize_112,pilot_002643,1,0.4544941186904907,tiny::VQDM,,models/v2/clip_lora_fold2_best_v1.pt,models/v2/v2_10b_h2_balanced_logreg_fold2_v1.joblib
2,resize_112,pilot_002649,1,0.9510635733604431,tiny::BigGAN,,models/v2/clip_lora_fold2_best_v1.pt,models/v2/v2_10b_h2_balanced_logreg_fold2_v1.joblib
2,resize_112,pilot_002657,1,0.9390383362770081,tiny::VQDM,,models/v2/clip_lora_fold2_best_v1.pt,models/v2/v2_10b_h2_balanced_logreg_fold2_v1.joblib
2,resize_112,pilot_002663,1,0.5546099543571472,tiny::BigGAN,,models/v2/clip_lora_fold2_best_v1.pt,models/v2/v2_10b_h2_balanced_logreg_fold2_v1.joblib
2,resize_112,pilot_002668,0,0.8437175750732422,real::Tiny-GenImage,Tiny,models/v2/clip_lora_fold2_best_v1.pt,models/v2/v2_10b_h2_balanced_logreg_fold2_v1.joblib
2,resize_112,pilot_002671,1,0.8763752579689026,tiny::VQDM,,models/v2/clip_lora_fold2_best_v1.pt,models/v2/v2_10b_h2_balanced_logreg_fold2_v1.joblib
2,resize_112,pilot_002677,1,0.7870870232582092,tiny::BigGAN,,models/v2/clip_lora_fold2_best_v1.pt,models/v2/v2_10b_h2_balanced_logreg_fold2_v1.joblib
2,resize_112,pilot_002680,0,0.6616511940956116,real::Tiny-GenImage,Tiny,models/v2/clip_lora_fold2_best_v1.pt,models/v2/v2_10b_h2_balanced_logreg_fold2_v1.joblib
2,resize_112,pilot_002682,0,0.8159387707710266,real::Tiny-GenImage,Tiny,models/v2/clip_lora_fold2_best_v1.pt,models/v2/v2_10b_h2_balanced_logreg_fold2_v1.joblib
2,resize_112,pilot_002685,1,0.8913008570671082,tiny::VQDM,,models/v2/clip_lora_fold2_best_v1.pt,models/v2/v2_10b_h2_balanced_logreg_fold2_v1.joblib
2,resize_112,pilot_002686,0,0.66880863904953,real::Tiny-GenImage,Tiny,models/v2/clip_lora_fold2_best_v1.pt,models/v2/v2_10b_h2_balanced_logreg_fold2_v1.joblib
2,resize_112,pilot_002690,0,0.8299648761749268,real::Tiny-GenImage,Tiny,models/v2/clip_lora_fold2_best_v1.pt,models/v2/v2_10b_h2_balanced_logreg_fold2_v1.joblib
2,resize_112,pilot_002691,1,0.522126317024231,tiny::BigGAN,,models/v2/clip_lora_fold2_best_v1.pt,models/v2/v2_10b_h2_balanced_logreg_fold2_v1.joblib
2,resize_112,pilot_002699,1,0.9448023438453674,tiny::VQDM,,models/v2/clip_lora_fold2_best_v1.pt,models/v2/v2_10b_h2_balanced_logreg_fold2_v1.joblib
2,resize_112,pilot_002705,1,0.9621354937553406,tiny::BigGAN,,models/v2/clip_lora_fold2_best_v1.pt,models/v2/v2_10b_h2_balanced_logreg_fold2_v1.joblib
2,resize_112,pilot_002713,1,0.6760955452919006,tiny::VQDM,,models/v2/clip_lora_fold2_best_v1.pt,models/v2/v2_10b_h2_balanced_logreg_fold2_v1.joblib
2,resize_112,pilot_002719,1,0.9562622904777527,tiny::BigGAN,,models/v2/clip_lora_fold2_best_v1.pt,models/v2/v2_10b_h2_balanced_logreg_fold2_v1.joblib
2,resize_112,pilot_002727,1,0.855559766292572,tiny::VQDM,,models/v2/clip_lora_fold2_best_v1.pt,models/v2/v2_10b_h2_balanced_logreg_fold2_v1.joblib
2,resize_112,pilot_002733,1,0.6893954277038574,tiny::BigGAN,,models/v2/clip_lora_fold2_best_v1.pt,models/v2/v2_10b_h2_balanced_logreg_fold2_v1.joblib
2,resize_112,pilot_002741,1,0.8632979393005371,tiny::VQDM,,models/v2/clip_lora_fold2_best_v1.pt,models/v2/v2_10b_h2_balanced_logreg_fold2_v1.joblib
2,resize_112,pilot_002742,0,0.8439493179321289,real::Tiny-GenImage,Tiny,models/v2/clip_lora_fold2_best_v1.pt,models/v2/v2_10b_h2_balanced_logreg_fold2_v1.joblib
2,resize_112,pilot_002747,1,0.7730141878128052,tiny::BigGAN,,models/v2/clip_lora_fold2_best_v1.pt,models/v2/v2_10b_h2_balanced_logreg_fold2_v1.joblib
2,resize_112,pilot_002755,1,0.8959601521492004,tiny::VQDM,,models/v2/clip_lora_fold2_best_v1.pt,models/v2/v2_10b_h2_balanced_logreg_fold2_v1.joblib
2,resize_112,pilot_002758,0,0.9097133874893188,real::Tiny-GenImage,Tiny,models/v2/clip_lora_fold2_best_v1.pt,models/v2/v2_10b_h2_balanced_logreg_fold2_v1.joblib
2,resize_112,pilot_002760,0,0.8227572441101074,real::Tiny-GenImage,Tiny,models/v2/clip_lora_fold2_best_v1.pt,models/v2/v2_10b_h2_balanced_logreg_fold2_v1.joblib
2,resize_112,pilot_002761,1,0.3633134365081787,tiny::BigGAN,,models/v2/clip_lora_fold2_best_v1.pt,models/v2/v2_10b_h2_balanced_logreg_fold2_v1.joblib
2,resize_112,pilot_002769,1,0.8447480797767639,tiny::VQDM,,models/v2/clip_lora_fold2_best_v1.pt,models/v2/v2_10b_h2_balanced_logreg_fold2_v1.joblib
2,resize_112,pilot_002772,0,0.869210958480835,real::Tiny-GenImage,Tiny,models/v2/clip_lora_fold2_best_v1.pt,models/v2/v2_10b_h2_balanced_logreg_fold2_v1.joblib
2,resize_112,pilot_002775,1,0.9463228583335876,tiny::BigGAN,,models/v2/clip_lora_fold2_best_v1.pt,models/v2/v2_10b_h2_balanced_logreg_fold2_v1.joblib
2,resize_112,pilot_002783,1,0.862036406993866,tiny::VQDM,,models/v2/clip_lora_fold2_best_v1.pt,models/v2/v2_10b_h2_balanced_logreg_fold2_v1.joblib
2,resize_112,pilot_002786,0,0.9370560050010681,real::Tiny-GenImage,Tiny,models/v2/clip_lora_fold2_best_v1.pt,models/v2/v2_10b_h2_balanced_logreg_fold2_v1.joblib
2,resize_112,pilot_002789,1,0.6622418761253357,tiny::BigGAN,,models/v2/clip_lora_fold2_best_v1.pt,models/v2/v2_10b_h2_balanced_logreg_fold2_v1.joblib
2,resize_112,pilot_002790,0,0.5064030885696411,real::Tiny-GenImage,Tiny,models/v2/clip_lora_fold2_best_v1.pt,models/v2/v2_10b_h2_balanced_logreg_fold2_v1.joblib
2,resize_112,pilot_002797,1,0.7067239880561829,tiny::VQDM,,models/v2/clip_lora_fold2_best_v1.pt,models/v2/v2_10b_h2_balanced_logreg_fold2_v1.joblib
2,resize_112,pilot_002798,0,0.8633014559745789,real::Tiny-GenImage,Tiny,models/v2/clip_lora_fold2_best_v1.pt,models/v2/v2_10b_h2_balanced_logreg_fold2_v1.joblib
2,resize_112,pilot_002803,1,0.2871173322200775,tiny::BigGAN,,models/v2/clip_lora_fold2_best_v1.pt,models/v2/v2_10b_h2_balanced_logreg_fold2_v1.joblib
2,resize_112,pilot_002811,1,0.7550082206726074,tiny::VQDM,,models/v2/clip_lora_fold2_best_v1.pt,models/v2/v2_10b_h2_balanced_logreg_fold2_v1.joblib
2,resize_112,pilot_002816,0,0.7876470685005188,real::Tiny-GenImage,Tiny,models/v2/clip_lora_fold2_best_v1.pt,models/v2/v2_10b_h2_balanced_logreg_fold2_v1.joblib
2,resize_112,pilot_002817,1,0.8749901056289673,tiny::BigGAN,,models/v2/clip_lora_fold2_best_v1.pt,models/v2/v2_10b_h2_balanced_logreg_fold2_v1.joblib
2,resize_112,pilot_002825,1,0.5502210855484009,tiny::VQDM,,models/v2/clip_lora_fold2_best_v1.pt,models/v2/v2_10b_h2_balanced_logreg_fold2_v1.joblib
2,resize_112,pilot_002831,1,0.8639123439788818,tiny::BigGAN,,models/v2/clip_lora_fold2_best_v1.pt,models/v2/v2_10b_h2_balanced_logreg_fold2_v1.joblib
2,resize_112,pilot_002839,1,0.8750620484352112,tiny::VQDM,,models/v2/clip_lora_fold2_best_v1.pt,models/v2/v2_10b_h2_balanced_logreg_fold2_v1.joblib
2,resize_112,pilot_002842,0,0.32937532663345337,real::Tiny-GenImage,Tiny,models/v2/clip_lora_fold2_best_v1.pt,models/v2/v2_10b_h2_balanced_logreg_fold2_v1.joblib
2,resize_112,pilot_002845,1,0.29959771037101746,tiny::BigGAN,,models/v2/clip_lora_fold2_best_v1.pt,models/v2/v2_10b_h2_balanced_logreg_fold2_v1.joblib
2,resize_112,pilot_002853,1,0.5973830819129944,tiny::VQDM,,models/v2/clip_lora_fold2_best_v1.pt,models/v2/v2_10b_h2_balanced_logreg_fold2_v1.joblib
2,resize_112,pilot_002854,0,0.7008658051490784,real::Tiny-GenImage,Tiny,models/v2/clip_lora_fold2_best_v1.pt,models/v2/v2_10b_h2_balanced_logreg_fold2_v1.joblib
2,resize_112,pilot_002859,1,0.7526142001152039,tiny::BigGAN,,models/v2/clip_lora_fold2_best_v1.pt,models/v2/v2_10b_h2_balanced_logreg_fold2_v1.joblib
2,resize_112,pilot_002860,0,0.9617033004760742,real::Tiny-GenImage,Tiny,models/v2/clip_lora_fold2_best_v1.pt,models/v2/v2_10b_h2_balanced_logreg_fold2_v1.joblib
2,resize_112,pilot_002864,0,0.910990297794342,real::Tiny-GenImage,Tiny,models/v2/clip_lora_fold2_best_v1.pt,models/v2/v2_10b_h2_balanced_logreg_fold2_v1.joblib
2,resize_112,pilot_002867,1,0.7983726263046265,tiny::VQDM,,models/v2/clip_lora_fold2_best_v1.pt,models/v2/v2_10b_h2_balanced_logreg_fold2_v1.joblib
2,resize_112,pilot_002870,0,0.8574223518371582,real::Tiny-GenImage,Tiny,models/v2/clip_lora_fold2_best_v1.pt,models/v2/v2_10b_h2_balanced_logreg_fold2_v1.joblib
2,resize_112,pilot_002872,0,0.9239972829818726,real::Tiny-GenImage,Tiny,models/v2/clip_lora_fold2_best_v1.pt,models/v2/v2_10b_h2_balanced_logreg_fold2_v1.joblib
2,resize_112,pilot_002873,1,0.6157618761062622,tiny::BigGAN,,models/v2/clip_lora_fold2_best_v1.pt,models/v2/v2_10b_h2_balanced_logreg_fold2_v1.joblib
2,resize_112,pilot_002881,1,0.6065338253974915,tiny::VQDM,,models/v2/clip_lora_fold2_best_v1.pt,models/v2/v2_10b_h2_balanced_logreg_fold2_v1.joblib
2,resize_112,pilot_002887,1,0.526822566986084,tiny::BigGAN,,models/v2/clip_lora_fold2_best_v1.pt,models/v2/v2_10b_h2_balanced_logreg_fold2_v1.joblib
2,resize_112,pilot_002888,0,0.7216370701789856,real::Tiny-GenImage,Tiny,models/v2/clip_lora_fold2_best_v1.pt,models/v2/v2_10b_h2_balanced_logreg_fold2_v1.joblib
2,resize_112,pilot_002894,0,0.2973167598247528,real::Tiny-GenImage,Tiny,models/v2/clip_lora_fold2_best_v1.pt,models/v2/v2_10b_h2_balanced_logreg_fold2_v1.joblib
2,resize_112,pilot_002895,1,0.23405951261520386,tiny::VQDM,,models/v2/clip_lora_fold2_best_v1.pt,models/v2/v2_10b_h2_balanced_logreg_fold2_v1.joblib
2,resize_112,pilot_002901,1,0.6463620066642761,tiny::BigGAN,,models/v2/clip_lora_fold2_best_v1.pt,models/v2/v2_10b_h2_balanced_logreg_fold2_v1.joblib
2,resize_112,pilot_002904,0,0.11341939121484756,real::Tiny-GenImage,Tiny,models/v2/clip_lora_fold2_best_v1.pt,models/v2/v2_10b_h2_balanced_logreg_fold2_v1.joblib
2,resize_112,pilot_002909,1,0.9565457701683044,tiny::VQDM,,models/v2/clip_lora_fold2_best_v1.pt,models/v2/v2_10b_h2_balanced_logreg_fold2_v1.joblib
2,resize_112,pilot_002914,0,0.955676257610321,real::Tiny-GenImage,Tiny,models/v2/clip_lora_fold2_best_v1.pt,models/v2/v2_10b_h2_balanced_logreg_fold2_v1.joblib
2,resize_112,pilot_002915,1,0.90925532579422,tiny::BigGAN,,models/v2/clip_lora_fold2_best_v1.pt,models/v2/v2_10b_h2_balanced_logreg_fold2_v1.joblib
2,resize_112,pilot_002923,1,0.45564550161361694,tiny::VQDM,,models/v2/clip_lora_fold2_best_v1.pt,models/v2/v2_10b_h2_balanced_logreg_fold2_v1.joblib
2,resize_112,pilot_002929,1,0.725074052810669,tiny::BigGAN,,models/v2/clip_lora_fold2_best_v1.pt,models/v2/v2_10b_h2_balanced_logreg_fold2_v1.joblib
2,resize_112,pilot_002937,1,0.8927420973777771,tiny::VQDM,,models/v2/clip_lora_fold2_best_v1.pt,models/v2/v2_10b_h2_balanced_logreg_fold2_v1.joblib
2,resize_112,pilot_002943,1,0.7581787705421448,tiny::BigGAN,,models/v2/clip_lora_fold2_best_v1.pt,models/v2/v2_10b_h2_balanced_logreg_fold2_v1.joblib
2,resize_112,pilot_002951,1,0.4048551619052887,tiny::VQDM,,models/v2/clip_lora_fold2_best_v1.pt,models/v2/v2_10b_h2_balanced_logreg_fold2_v1.joblib
2,resize_112,pilot_002957,1,0.8231475949287415,tiny::BigGAN,,models/v2/clip_lora_fold2_best_v1.pt,models/v2/v2_10b_h2_balanced_logreg_fold2_v1.joblib
2,resize_112,pilot_002965,1,0.9542860984802246,tiny::VQDM,,models/v2/clip_lora_fold2_best_v1.pt,models/v2/v2_10b_h2_balanced_logreg_fold2_v1.joblib
2,resize_112,pilot_002971,1,0.9623275995254517,tiny::BigGAN,,models/v2/clip_lora_fold2_best_v1.pt,models/v2/v2_10b_h2_balanced_logreg_fold2_v1.joblib
2,resize_112,pilot_002974,0,0.7950725555419922,real::Tiny-GenImage,Tiny,models/v2/clip_lora_fold2_best_v1.pt,models/v2/v2_10b_h2_balanced_logreg_fold2_v1.joblib
2,resize_112,pilot_002979,1,0.7618008852005005,tiny::VQDM,,models/v2/clip_lora_fold2_best_v1.pt,models/v2/v2_10b_h2_balanced_logreg_fold2_v1.joblib
2,resize_112,pilot_002985,1,0.9396520853042603,tiny::BigGAN,,models/v2/clip_lora_fold2_best_v1.pt,models/v2/v2_10b_h2_balanced_logreg_fold2_v1.joblib
2,resize_112,pilot_002993,1,0.8524633049964905,tiny::VQDM,,models/v2/clip_lora_fold2_best_v1.pt,models/v2/v2_10b_h2_balanced_logreg_fold2_v1.joblib
2,resize_112,pilot_002999,1,0.9153512120246887,tiny::BigGAN,,models/v2/clip_lora_fold2_best_v1.pt,models/v2/v2_10b_h2_balanced_logreg_fold2_v1.joblib
2,resize_112,pilot_003007,1,0.840881884098053,tiny::VQDM,,models/v2/clip_lora_fold2_best_v1.pt,models/v2/v2_10b_h2_balanced_logreg_fold2_v1.joblib
2,resize_112,pilot_003012,0,0.8433659672737122,real::Tiny-GenImage,Tiny,models/v2/clip_lora_fold2_best_v1.pt,models/v2/v2_10b_h2_balanced_logreg_fold2_v1.joblib
2,resize_112,pilot_003013,1,0.6863958835601807,tiny::BigGAN,,models/v2/clip_lora_fold2_best_v1.pt,models/v2/v2_10b_h2_balanced_logreg_fold2_v1.joblib
2,resize_112,pilot_003018,0,0.30558663606643677,real::Tiny-GenImage,Tiny,models/v2/clip_lora_fold2_best_v1.pt,models/v2/v2_10b_h2_balanced_logreg_fold2_v1.joblib
2,resize_112,pilot_003021,1,0.9204291105270386,tiny::VQDM,,models/v2/clip_lora_fold2_best_v1.pt,models/v2/v2_10b_h2_balanced_logreg_fold2_v1.joblib
2,resize_112,pilot_003027,1,0.7501459717750549,tiny::BigGAN,,models/v2/clip_lora_fold2_best_v1.pt,models/v2/v2_10b_h2_balanced_logreg_fold2_v1.joblib
2,resize_112,pilot_003035,1,0.8051825165748596,tiny::VQDM,,models/v2/clip_lora_fold2_best_v1.pt,models/v2/v2_10b_h2_balanced_logreg_fold2_v1.joblib
2,resize_112,pilot_003041,1,0.5339441895484924,tiny::BigGAN,,models/v2/clip_lora_fold2_best_v1.pt,models/v2/v2_10b_h2_balanced_logreg_fold2_v1.joblib
2,resize_112,pilot_003044,0,0.6136768460273743,real::Tiny-GenImage,Tiny,models/v2/clip_lora_fold2_best_v1.pt,models/v2/v2_10b_h2_balanced_logreg_fold2_v1.joblib
2,resize_112,pilot_003049,1,0.40095728635787964,tiny::VQDM,,models/v2/clip_lora_fold2_best_v1.pt,models/v2/v2_10b_h2_balanced_logreg_fold2_v1.joblib
2,resize_112,pilot_003055,1,0.8225094676017761,tiny::BigGAN,,models/v2/clip_lora_fold2_best_v1.pt,models/v2/v2_10b_h2_balanced_logreg_fold2_v1.joblib
2,resize_112,pilot_003062,0,0.7775741815567017,real::Tiny-GenImage,Tiny,models/v2/clip_lora_fold2_best_v1.pt,models/v2/v2_10b_h2_balanced_logreg_fold2_v1.joblib
2,resize_112,pilot_003063,1,0.8370860815048218,tiny::VQDM,,models/v2/clip_lora_fold2_best_v1.pt,models/v2/v2_10b_h2_balanced_logreg_fold2_v1.joblib
2,resize_112,pilot_003069,1,0.7290193438529968,tiny::BigGAN,,models/v2/clip_lora_fold2_best_v1.pt,models/v2/v2_10b_h2_balanced_logreg_fold2_v1.joblib
2,resize_112,pilot_003077,1,0.775145947933197,tiny::VQDM,,models/v2/clip_lora_fold2_best_v1.pt,models/v2/v2_10b_h2_balanced_logreg_fold2_v1.joblib
2,resize_112,pilot_003083,1,0.8971841335296631,tiny::BigGAN,,models/v2/clip_lora_fold2_best_v1.pt,models/v2/v2_10b_h2_balanced_logreg_fold2_v1.joblib
2,resize_112,pilot_003091,1,0.8570321798324585,tiny::VQDM,,models/v2/clip_lora_fold2_best_v1.pt,models/v2/v2_10b_h2_balanced_logreg_fold2_v1.joblib
2,resize_112,pilot_003092,0,0.23284189403057098,real::Tiny-GenImage,Tiny,models/v2/clip_lora_fold2_best_v1.pt,models/v2/v2_10b_h2_balanced_logreg_fold2_v1.joblib
2,resize_112,pilot_003097,1,0.2431882619857788,tiny::BigGAN,,models/v2/clip_lora_fold2_best_v1.pt,models/v2/v2_10b_h2_balanced_logreg_fold2_v1.joblib
2,resize_112,pilot_003102,0,0.70698481798172,real::Tiny-GenImage,Tiny,models/v2/clip_lora_fold2_best_v1.pt,models/v2/v2_10b_h2_balanced_logreg_fold2_v1.joblib
2,resize_112,pilot_003105,1,0.48058372735977173,tiny::VQDM,,models/v2/clip_lora_fold2_best_v1.pt,models/v2/v2_10b_h2_balanced_logreg_fold2_v1.joblib
2,resize_112,pilot_003111,1,0.28418466448783875,tiny::BigGAN,,models/v2/clip_lora_fold2_best_v1.pt,models/v2/v2_10b_h2_balanced_logreg_fold2_v1.joblib
2,resize_112,pilot_003119,1,0.7195006608963013,tiny::VQDM,,models/v2/clip_lora_fold2_best_v1.pt,models/v2/v2_10b_h2_balanced_logreg_fold2_v1.joblib
2,resize_112,pilot_003125,1,0.931265652179718,tiny::BigGAN,,models/v2/clip_lora_fold2_best_v1.pt,models/v2/v2_10b_h2_balanced_logreg_fold2_v1.joblib
2,resize_112,pilot_003133,1,0.829384982585907,tiny::VQDM,,models/v2/clip_lora_fold2_best_v1.pt,models/v2/v2_10b_h2_balanced_logreg_fold2_v1.joblib
2,resize_112,pilot_003136,0,0.8070733547210693,real::Tiny-GenImage,Tiny,models/v2/clip_lora_fold2_best_v1.pt,models/v2/v2_10b_h2_balanced_logreg_fold2_v1.joblib
2,resize_112,pilot_003139,1,0.7749375104904175,tiny::BigGAN,,models/v2/clip_lora_fold2_best_v1.pt,models/v2/v2_10b_h2_balanced_logreg_fold2_v1.joblib
2,resize_112,pilot_003147,1,0.961354672908783,tiny::VQDM,,models/v2/clip_lora_fold2_best_v1.pt,models/v2/v2_10b_h2_balanced_logreg_fold2_v1.joblib
2,resize_112,pilot_003153,1,0.7388500571250916,tiny::BigGAN,,models/v2/clip_lora_fold2_best_v1.pt,models/v2/v2_10b_h2_balanced_logreg_fold2_v1.joblib
2,resize_112,pilot_003156,0,0.5644433498382568,real::Tiny-GenImage,Tiny,models/v2/clip_lora_fold2_best_v1.pt,models/v2/v2_10b_h2_balanced_logreg_fold2_v1.joblib
2,resize_112,pilot_003161,1,0.6439816355705261,tiny::VQDM,,models/v2/clip_lora_fold2_best_v1.pt,models/v2/v2_10b_h2_balanced_logreg_fold2_v1.joblib
2,resize_112,pilot_003167,1,0.5612624883651733,tiny::BigGAN,,models/v2/clip_lora_fold2_best_v1.pt,models/v2/v2_10b_h2_balanced_logreg_fold2_v1.joblib
2,resize_112,pilot_003168,0,0.5548914670944214,real::Tiny-GenImage,Tiny,models/v2/clip_lora_fold2_best_v1.pt,models/v2/v2_10b_h2_balanced_logreg_fold2_v1.joblib
2,resize_112,pilot_003170,0,0.9002330303192139,real::Tiny-GenImage,Tiny,models/v2/clip_lora_fold2_best_v1.pt,models/v2/v2_10b_h2_balanced_logreg_fold2_v1.joblib
2,resize_112,pilot_003175,1,0.8901309370994568,tiny::VQDM,,models/v2/clip_lora_fold2_best_v1.pt,models/v2/v2_10b_h2_balanced_logreg_fold2_v1.joblib
2,resize_112,pilot_003181,1,0.8212012648582458,tiny::BigGAN,,models/v2/clip_lora_fold2_best_v1.pt,models/v2/v2_10b_h2_balanced_logreg_fold2_v1.joblib
2,resize_112,pilot_003189,1,0.8347006440162659,tiny::VQDM,,models/v2/clip_lora_fold2_best_v1.pt,models/v2/v2_10b_h2_balanced_logreg_fold2_v1.joblib
2,resize_112,pilot_003190,0,0.7404773235321045,real::Tiny-GenImage,Tiny,models/v2/clip_lora_fold2_best_v1.pt,models/v2/v2_10b_h2_balanced_logreg_fold2_v1.joblib
2,resize_112,pilot_003192,0,0.8224769830703735,real::Tiny-GenImage,Tiny,models/v2/clip_lora_fold2_best_v1.pt,models/v2/v2_10b_h2_balanced_logreg_fold2_v1.joblib
2,resize_112,pilot_003195,1,0.625968337059021,tiny::BigGAN,,models/v2/clip_lora_fold2_best_v1.pt,models/v2/v2_10b_h2_balanced_logreg_fold2_v1.joblib
2,resize_112,pilot_003203,1,0.21131733059883118,tiny::VQDM,,models/v2/clip_lora_fold2_best_v1.pt,models/v2/v2_10b_h2_balanced_logreg_fold2_v1.joblib
2,resize_112,pilot_003206,0,0.5216420292854309,real::Tiny-GenImage,Tiny,models/v2/clip_lora_fold2_best_v1.pt,models/v2/v2_10b_h2_balanced_logreg_fold2_v1.joblib
2,resize_112,pilot_003209,1,0.8764822483062744,tiny::BigGAN,,models/v2/clip_lora_fold2_best_v1.pt,models/v2/v2_10b_h2_balanced_logreg_fold2_v1.joblib
2,resize_112,pilot_003217,1,0.8176931142807007,tiny::VQDM,,models/v2/clip_lora_fold2_best_v1.pt,models/v2/v2_10b_h2_balanced_logreg_fold2_v1.joblib
2,resize_112,pilot_003218,0,0.9237427115440369,real::Tiny-GenImage,Tiny,models/v2/clip_lora_fold2_best_v1.pt,models/v2/v2_10b_h2_balanced_logreg_fold2_v1.joblib
2,resize_112,pilot_003223,1,0.8900789618492126,tiny::BigGAN,,models/v2/clip_lora_fold2_best_v1.pt,models/v2/v2_10b_h2_balanced_logreg_fold2_v1.joblib
2,resize_112,pilot_003231,1,0.8310874700546265,tiny::VQDM,,models/v2/clip_lora_fold2_best_v1.pt,models/v2/v2_10b_h2_balanced_logreg_fold2_v1.joblib
2,resize_112,pilot_003232,0,0.9268375039100647,real::Tiny-GenImage,Tiny,models/v2/clip_lora_fold2_best_v1.pt,models/v2/v2_10b_h2_balanced_logreg_fold2_v1.joblib
2,resize_112,pilot_003237,1,0.8342769742012024,tiny::BigGAN,,models/v2/clip_lora_fold2_best_v1.pt,models/v2/v2_10b_h2_balanced_logreg_fold2_v1.joblib
2,resize_112,pilot_003245,1,0.9238577485084534,tiny::VQDM,,models/v2/clip_lora_fold2_best_v1.pt,models/v2/v2_10b_h2_balanced_logreg_fold2_v1.joblib
2,resize_112,pilot_003248,0,0.48745012283325195,real::Tiny-GenImage,Tiny,models/v2/clip_lora_fold2_best_v1.pt,models/v2/v2_10b_h2_balanced_logreg_fold2_v1.joblib
2,resize_112,pilot_003251,1,0.9133824110031128,tiny::BigGAN,,models/v2/clip_lora_fold2_best_v1.pt,models/v2/v2_10b_h2_balanced_logreg_fold2_v1.joblib
2,resize_112,pilot_003259,1,0.7519105672836304,tiny::VQDM,,models/v2/clip_lora_fold2_best_v1.pt,models/v2/v2_10b_h2_balanced_logreg_fold2_v1.joblib
2,resize_112,pilot_003265,1,0.9036815166473389,tiny::BigGAN,,models/v2/clip_lora_fold2_best_v1.pt,models/v2/v2_10b_h2_balanced_logreg_fold2_v1.joblib
2,resize_112,pilot_003266,0,0.7075102925300598,real::Tiny-GenImage,Tiny,models/v2/clip_lora_fold2_best_v1.pt,models/v2/v2_10b_h2_balanced_logreg_fold2_v1.joblib
2,resize_112,pilot_003273,1,0.8530436158180237,tiny::VQDM,,models/v2/clip_lora_fold2_best_v1.pt,models/v2/v2_10b_h2_balanced_logreg_fold2_v1.joblib
2,resize_112,pilot_003279,1,0.8203563690185547,tiny::BigGAN,,models/v2/clip_lora_fold2_best_v1.pt,models/v2/v2_10b_h2_balanced_logreg_fold2_v1.joblib
2,resize_112,pilot_003280,0,0.9363908767700195,real::Tiny-GenImage,Tiny,models/v2/clip_lora_fold2_best_v1.pt,models/v2/v2_10b_h2_balanced_logreg_fold2_v1.joblib
2,resize_112,pilot_003287,1,0.6914910674095154,tiny::VQDM,,models/v2/clip_lora_fold2_best_v1.pt,models/v2/v2_10b_h2_balanced_logreg_fold2_v1.joblib
2,resize_112,pilot_003293,1,0.870610773563385,tiny::BigGAN,,models/v2/clip_lora_fold2_best_v1.pt,models/v2/v2_10b_h2_balanced_logreg_fold2_v1.joblib
2,resize_112,pilot_003301,1,0.7510348558425903,tiny::VQDM,,models/v2/clip_lora_fold2_best_v1.pt,models/v2/v2_10b_h2_balanced_logreg_fold2_v1.joblib
2,resize_112,pilot_003307,1,0.5352374911308289,tiny::BigGAN,,models/v2/clip_lora_fold2_best_v1.pt,models/v2/v2_10b_h2_balanced_logreg_fold2_v1.joblib
2,resize_112,pilot_003315,1,0.5368118286132812,tiny::VQDM,,models/v2/clip_lora_fold2_best_v1.pt,models/v2/v2_10b_h2_balanced_logreg_fold2_v1.joblib
2,resize_112,pilot_003321,1,0.9851174354553223,tiny::BigGAN,,models/v2/clip_lora_fold2_best_v1.pt,models/v2/v2_10b_h2_balanced_logreg_fold2_v1.joblib
2,resize_112,pilot_003329,1,0.9243667721748352,tiny::VQDM,,models/v2/clip_lora_fold2_best_v1.pt,models/v2/v2_10b_h2_balanced_logreg_fold2_v1.joblib
2,resize_112,pilot_003334,0,0.7869033813476562,real::Tiny-GenImage,Tiny,models/v2/clip_lora_fold2_best_v1.pt,models/v2/v2_10b_h2_balanced_logreg_fold2_v1.joblib
2,resize_112,pilot_003335,1,0.8078329563140869,tiny::BigGAN,,models/v2/clip_lora_fold2_best_v1.pt,models/v2/v2_10b_h2_balanced_logreg_fold2_v1.joblib
2,resize_112,pilot_003343,1,0.8748512864112854,tiny::VQDM,,models/v2/clip_lora_fold2_best_v1.pt,models/v2/v2_10b_h2_balanced_logreg_fold2_v1.joblib
2,resize_112,pilot_003344,0,0.747600793838501,real::Tiny-GenImage,Tiny,models/v2/clip_lora_fold2_best_v1.pt,models/v2/v2_10b_h2_balanced_logreg_fold2_v1.joblib
2,resize_112,pilot_003349,1,0.9012752175331116,tiny::BigGAN,,models/v2/clip_lora_fold2_best_v1.pt,models/v2/v2_10b_h2_balanced_logreg_fold2_v1.joblib
2,resize_112,pilot_003356,0,0.5969327092170715,real::Tiny-GenImage,Tiny,models/v2/clip_lora_fold2_best_v1.pt,models/v2/v2_10b_h2_balanced_logreg_fold2_v1.joblib
2,resize_112,pilot_003357,1,0.8897789120674133,tiny::VQDM,,models/v2/clip_lora_fold2_best_v1.pt,models/v2/v2_10b_h2_balanced_logreg_fold2_v1.joblib
2,resize_112,pilot_003363,1,0.9922071099281311,tiny::BigGAN,,models/v2/clip_lora_fold2_best_v1.pt,models/v2/v2_10b_h2_balanced_logreg_fold2_v1.joblib
2,resize_112,pilot_003370,0,0.5045807957649231,real::Tiny-GenImage,Tiny,models/v2/clip_lora_fold2_best_v1.pt,models/v2/v2_10b_h2_balanced_logreg_fold2_v1.joblib
2,resize_112,pilot_003371,1,0.7635082602500916,tiny::VQDM,,models/v2/clip_lora_fold2_best_v1.pt,models/v2/v2_10b_h2_balanced_logreg_fold2_v1.joblib
2,resize_112,pilot_003377,1,0.9644309878349304,tiny::BigGAN,,models/v2/clip_lora_fold2_best_v1.pt,models/v2/v2_10b_h2_balanced_logreg_fold2_v1.joblib
2,resize_112,pilot_003385,1,0.7871499061584473,tiny::VQDM,,models/v2/clip_lora_fold2_best_v1.pt,models/v2/v2_10b_h2_balanced_logreg_fold2_v1.joblib
2,resize_112,pilot_003386,0,0.6398075819015503,real::Tiny-GenImage,Tiny,models/v2/clip_lora_fold2_best_v1.pt,models/v2/v2_10b_h2_balanced_logreg_fold2_v1.joblib
2,resize_112,pilot_003390,0,0.518036961555481,real::Tiny-GenImage,Tiny,models/v2/clip_lora_fold2_best_v1.pt,models/v2/v2_10b_h2_balanced_logreg_fold2_v1.joblib
2,resize_112,pilot_003391,1,0.9841528534889221,tiny::BigGAN,,models/v2/clip_lora_fold2_best_v1.pt,models/v2/v2_10b_h2_balanced_logreg_fold2_v1.joblib
2,resize_112,pilot_003399,1,0.8034216165542603,tiny::VQDM,,models/v2/clip_lora_fold2_best_v1.pt,models/v2/v2_10b_h2_balanced_logreg_fold2_v1.joblib
2,resize_112,pilot_003405,1,0.9774258732795715,tiny::BigGAN,,models/v2/clip_lora_fold2_best_v1.pt,models/v2/v2_10b_h2_balanced_logreg_fold2_v1.joblib
2,resize_112,pilot_003413,1,0.8509490489959717,tiny::VQDM,,models/v2/clip_lora_fold2_best_v1.pt,models/v2/v2_10b_h2_balanced_logreg_fold2_v1.joblib
2,resize_112,pilot_003419,1,0.9336696267127991,tiny::BigGAN,,models/v2/clip_lora_fold2_best_v1.pt,models/v2/v2_10b_h2_balanced_logreg_fold2_v1.joblib
2,resize_112,pilot_003424,0,0.50041264295578,real::Tiny-GenImage,Tiny,models/v2/clip_lora_fold2_best_v1.pt,models/v2/v2_10b_h2_balanced_logreg_fold2_v1.joblib
2,resize_112,pilot_003427,1,0.7111387848854065,tiny::VQDM,,models/v2/clip_lora_fold2_best_v1.pt,models/v2/v2_10b_h2_balanced_logreg_fold2_v1.joblib
2,resize_112,pilot_003433,1,0.7915983200073242,tiny::BigGAN,,models/v2/clip_lora_fold2_best_v1.pt,models/v2/v2_10b_h2_balanced_logreg_fold2_v1.joblib
2,resize_112,pilot_003438,0,0.9349722266197205,real::Tiny-GenImage,Tiny,models/v2/clip_lora_fold2_best_v1.pt,models/v2/v2_10b_h2_balanced_logreg_fold2_v1.joblib
2,resize_112,pilot_003441,1,0.3334474563598633,tiny::VQDM,,models/v2/clip_lora_fold2_best_v1.pt,models/v2/v2_10b_h2_balanced_logreg_fold2_v1.joblib
2,resize_112,pilot_003444,0,0.9369913339614868,real::Tiny-GenImage,Tiny,models/v2/clip_lora_fold2_best_v1.pt,models/v2/v2_10b_h2_balanced_logreg_fold2_v1.joblib
2,resize_112,pilot_003446,0,0.8283672332763672,real::Tiny-GenImage,Tiny,models/v2/clip_lora_fold2_best_v1.pt,models/v2/v2_10b_h2_balanced_logreg_fold2_v1.joblib
2,resize_112,pilot_003447,1,0.7572683691978455,tiny::BigGAN,,models/v2/clip_lora_fold2_best_v1.pt,models/v2/v2_10b_h2_balanced_logreg_fold2_v1.joblib
2,resize_112,pilot_003455,1,0.5383098125457764,tiny::VQDM,,models/v2/clip_lora_fold2_best_v1.pt,models/v2/v2_10b_h2_balanced_logreg_fold2_v1.joblib
2,resize_112,pilot_003461,1,0.7917636036872864,tiny::BigGAN,,models/v2/clip_lora_fold2_best_v1.pt,models/v2/v2_10b_h2_balanced_logreg_fold2_v1.joblib
2,resize_112,pilot_003464,0,0.8054232597351074,real::Tiny-GenImage,Tiny,models/v2/clip_lora_fold2_best_v1.pt,models/v2/v2_10b_h2_balanced_logreg_fold2_v1.joblib
2,resize_112,pilot_003466,0,0.929775059223175,real::Tiny-GenImage,Tiny,models/v2/clip_lora_fold2_best_v1.pt,models/v2/v2_10b_h2_balanced_logreg_fold2_v1.joblib
2,resize_112,pilot_003469,1,0.8489800691604614,tiny::VQDM,,models/v2/clip_lora_fold2_best_v1.pt,models/v2/v2_10b_h2_balanced_logreg_fold2_v1.joblib
2,resize_112,pilot_003475,1,0.8972669839859009,tiny::BigGAN,,models/v2/clip_lora_fold2_best_v1.pt,models/v2/v2_10b_h2_balanced_logreg_fold2_v1.joblib
2,resize_112,pilot_003478,0,0.4886701703071594,real::Tiny-GenImage,Tiny,models/v2/clip_lora_fold2_best_v1.pt,models/v2/v2_10b_h2_balanced_logreg_fold2_v1.joblib
2,resize_112,pilot_003483,1,0.5989552736282349,tiny::VQDM,,models/v2/clip_lora_fold2_best_v1.pt,models/v2/v2_10b_h2_balanced_logreg_fold2_v1.joblib
2,resize_112,pilot_003489,1,0.8959334492683411,tiny::BigGAN,,models/v2/clip_lora_fold2_best_v1.pt,models/v2/v2_10b_h2_balanced_logreg_fold2_v1.joblib
2,resize_112,pilot_003497,1,0.8120098114013672,tiny::VQDM,,models/v2/clip_lora_fold2_best_v1.pt,models/v2/v2_10b_h2_balanced_logreg_fold2_v1.joblib
2,resize_112,pilot_003503,1,0.6106634140014648,tiny::BigGAN,,models/v2/clip_lora_fold2_best_v1.pt,models/v2/v2_10b_h2_balanced_logreg_fold2_v1.joblib
2,resize_112,pilot_003508,0,0.32839077711105347,real::Tiny-GenImage,Tiny,models/v2/clip_lora_fold2_best_v1.pt,models/v2/v2_10b_h2_balanced_logreg_fold2_v1.joblib
2,resize_112,pilot_003511,1,0.9090614318847656,tiny::VQDM,,models/v2/clip_lora_fold2_best_v1.pt,models/v2/v2_10b_h2_balanced_logreg_fold2_v1.joblib
2,resize_112,pilot_003514,0,0.905242383480072,real::Tiny-GenImage,Tiny,models/v2/clip_lora_fold2_best_v1.pt,models/v2/v2_10b_h2_balanced_logreg_fold2_v1.joblib
2,resize_112,pilot_003517,1,0.8926289081573486,tiny::BigGAN,,models/v2/clip_lora_fold2_best_v1.pt,models/v2/v2_10b_h2_balanced_logreg_fold2_v1.joblib
2,resize_112,pilot_003525,1,0.86061692237854,tiny::VQDM,,models/v2/clip_lora_fold2_best_v1.pt,models/v2/v2_10b_h2_balanced_logreg_fold2_v1.joblib
2,resize_112,pilot_003526,0,0.8975375890731812,real::Tiny-GenImage,Tiny,models/v2/clip_lora_fold2_best_v1.pt,models/v2/v2_10b_h2_balanced_logreg_fold2_v1.joblib
2,resize_112,pilot_003530,0,0.8070270419120789,real::Tiny-GenImage,Tiny,models/v2/clip_lora_fold2_best_v1.pt,models/v2/v2_10b_h2_balanced_logreg_fold2_v1.joblib
2,resize_112,pilot_003531,1,0.7149050235748291,tiny::BigGAN,,models/v2/clip_lora_fold2_best_v1.pt,models/v2/v2_10b_h2_balanced_logreg_fold2_v1.joblib
2,resize_112,pilot_003539,1,0.8585447669029236,tiny::VQDM,,models/v2/clip_lora_fold2_best_v1.pt,models/v2/v2_10b_h2_balanced_logreg_fold2_v1.joblib
2,resize_112,pilot_003540,0,0.8239842057228088,real::Tiny-GenImage,Tiny,models/v2/clip_lora_fold2_best_v1.pt,models/v2/v2_10b_h2_balanced_logreg_fold2_v1.joblib
2,resize_112,pilot_003545,1,0.8387003540992737,tiny::BigGAN,,models/v2/clip_lora_fold2_best_v1.pt,models/v2/v2_10b_h2_balanced_logreg_fold2_v1.joblib
2,resize_112,pilot_003553,1,0.9631120562553406,tiny::VQDM,,models/v2/clip_lora_fold2_best_v1.pt,models/v2/v2_10b_h2_balanced_logreg_fold2_v1.joblib
2,resize_112,pilot_003559,1,0.9662930965423584,tiny::BigGAN,,models/v2/clip_lora_fold2_best_v1.pt,models/v2/v2_10b_h2_balanced_logreg_fold2_v1.joblib
2,resize_112,pilot_003564,0,0.9274566769599915,real::Tiny-GenImage,Tiny,models/v2/clip_lora_fold2_best_v1.pt,models/v2/v2_10b_h2_balanced_logreg_fold2_v1.joblib
2,resize_112,pilot_003567,1,0.9402169585227966,tiny::VQDM,,models/v2/clip_lora_fold2_best_v1.pt,models/v2/v2_10b_h2_balanced_logreg_fold2_v1.joblib
2,resize_112,pilot_003568,0,0.41348809003829956,real::Tiny-GenImage,Tiny,models/v2/clip_lora_fold2_best_v1.pt,models/v2/v2_10b_h2_balanced_logreg_fold2_v1.joblib
2,resize_112,pilot_003573,1,0.8722407817840576,tiny::BigGAN,,models/v2/clip_lora_fold2_best_v1.pt,models/v2/v2_10b_h2_balanced_logreg_fold2_v1.joblib
2,resize_112,pilot_003574,0,0.8920887112617493,real::Tiny-GenImage,Tiny,models/v2/clip_lora_fold2_best_v1.pt,models/v2/v2_10b_h2_balanced_logreg_fold2_v1.joblib
2,resize_112,pilot_003578,0,0.8100114464759827,real::Tiny-GenImage,Tiny,models/v2/clip_lora_fold2_best_v1.pt,models/v2/v2_10b_h2_balanced_logreg_fold2_v1.joblib
2,resize_112,pilot_003581,1,0.9666106700897217,tiny::VQDM,,models/v2/clip_lora_fold2_best_v1.pt,models/v2/v2_10b_h2_balanced_logreg_fold2_v1.joblib
2,resize_112,pilot_003584,0,0.7390528917312622,real::Tiny-GenImage,Tiny,models/v2/clip_lora_fold2_best_v1.pt,models/v2/v2_10b_h2_balanced_logreg_fold2_v1.joblib
2,resize_112,pilot_003587,1,0.8946953415870667,tiny::BigGAN,,models/v2/clip_lora_fold2_best_v1.pt,models/v2/v2_10b_h2_balanced_logreg_fold2_v1.joblib
2,resize_112,pilot_003595,1,0.5137220025062561,tiny::VQDM,,models/v2/clip_lora_fold2_best_v1.pt,models/v2/v2_10b_h2_balanced_logreg_fold2_v1.joblib
2,resize_112,pilot_003600,0,0.920534074306488,real::Tiny-GenImage,Tiny,models/v2/clip_lora_fold2_best_v1.pt,models/v2/v2_10b_h2_balanced_logreg_fold2_v1.joblib
2,resize_112,pilot_003601,1,0.8207260966300964,tiny::BigGAN,,models/v2/clip_lora_fold2_best_v1.pt,models/v2/v2_10b_h2_balanced_logreg_fold2_v1.joblib
2,resize_112,pilot_003606,0,0.5391408205032349,real::Tiny-GenImage,Tiny,models/v2/clip_lora_fold2_best_v1.pt,models/v2/v2_10b_h2_balanced_logreg_fold2_v1.joblib
2,resize_112,pilot_003609,1,0.6709063053131104,tiny::VQDM,,models/v2/clip_lora_fold2_best_v1.pt,models/v2/v2_10b_h2_balanced_logreg_fold2_v1.joblib
2,resize_112,pilot_003615,1,0.7830927968025208,tiny::BigGAN,,models/v2/clip_lora_fold2_best_v1.pt,models/v2/v2_10b_h2_balanced_logreg_fold2_v1.joblib
2,resize_112,pilot_003620,0,0.866061270236969,real::Tiny-GenImage,Tiny,models/v2/clip_lora_fold2_best_v1.pt,models/v2/v2_10b_h2_balanced_logreg_fold2_v1.joblib
2,resize_112,pilot_003622,0,0.9521010518074036,real::Tiny-GenImage,Tiny,models/v2/clip_lora_fold2_best_v1.pt,models/v2/v2_10b_h2_balanced_logreg_fold2_v1.joblib
2,resize_112,pilot_003623,1,0.9559419751167297,tiny::VQDM,,models/v2/clip_lora_fold2_best_v1.pt,models/v2/v2_10b_h2_balanced_logreg_fold2_v1.joblib
2,resize_112,pilot_003629,1,0.7720279693603516,tiny::BigGAN,,models/v2/clip_lora_fold2_best_v1.pt,models/v2/v2_10b_h2_balanced_logreg_fold2_v1.joblib
2,resize_112,pilot_003634,0,0.7230215668678284,real::Tiny-GenImage,Tiny,models/v2/clip_lora_fold2_best_v1.pt,models/v2/v2_10b_h2_balanced_logreg_fold2_v1.joblib
2,resize_112,pilot_003637,1,0.9043512940406799,tiny::VQDM,,models/v2/clip_lora_fold2_best_v1.pt,models/v2/v2_10b_h2_balanced_logreg_fold2_v1.joblib
2,resize_112,pilot_003643,1,0.950575590133667,tiny::BigGAN,,models/v2/clip_lora_fold2_best_v1.pt,models/v2/v2_10b_h2_balanced_logreg_fold2_v1.joblib
2,resize_112,pilot_003650,0,0.694010317325592,real::Tiny-GenImage,Tiny,models/v2/clip_lora_fold2_best_v1.pt,models/v2/v2_10b_h2_balanced_logreg_fold2_v1.joblib
2,resize_112,pilot_003651,1,0.8460286259651184,tiny::VQDM,,models/v2/clip_lora_fold2_best_v1.pt,models/v2/v2_10b_h2_balanced_logreg_fold2_v1.joblib
2,resize_112,pilot_003652,0,0.6575300693511963,real::Tiny-GenImage,Tiny,models/v2/clip_lora_fold2_best_v1.pt,models/v2/v2_10b_h2_balanced_logreg_fold2_v1.joblib
2,resize_112,pilot_003657,1,0.8463309407234192,tiny::BigGAN,,models/v2/clip_lora_fold2_best_v1.pt,models/v2/v2_10b_h2_balanced_logreg_fold2_v1.joblib
2,resize_112,pilot_003662,0,0.9497162103652954,real::Tiny-GenImage,Tiny,models/v2/clip_lora_fold2_best_v1.pt,models/v2/v2_10b_h2_balanced_logreg_fold2_v1.joblib
2,resize_112,pilot_003665,1,0.2107386738061905,tiny::VQDM,,models/v2/clip_lora_fold2_best_v1.pt,models/v2/v2_10b_h2_balanced_logreg_fold2_v1.joblib
2,resize_112,pilot_003671,1,0.8555327653884888,tiny::BigGAN,,models/v2/clip_lora_fold2_best_v1.pt,models/v2/v2_10b_h2_balanced_logreg_fold2_v1.joblib
2,resize_112,pilot_003672,0,0.9504384994506836,real::Tiny-GenImage,Tiny,models/v2/clip_lora_fold2_best_v1.pt,models/v2/v2_10b_h2_balanced_logreg_fold2_v1.joblib
2,resize_112,pilot_003679,1,0.9726833701133728,tiny::VQDM,,models/v2/clip_lora_fold2_best_v1.pt,models/v2/v2_10b_h2_balanced_logreg_fold2_v1.joblib
2,resize_112,pilot_003682,0,0.5366799235343933,real::Tiny-GenImage,Tiny,models/v2/clip_lora_fold2_best_v1.pt,models/v2/v2_10b_h2_balanced_logreg_fold2_v1.joblib
2,resize_112,pilot_003685,1,0.4307040274143219,tiny::BigGAN,,models/v2/clip_lora_fold2_best_v1.pt,models/v2/v2_10b_h2_balanced_logreg_fold2_v1.joblib
2,resize_112,pilot_003693,1,0.8565754890441895,tiny::VQDM,,models/v2/clip_lora_fold2_best_v1.pt,models/v2/v2_10b_h2_balanced_logreg_fold2_v1.joblib
2,resize_112,pilot_003699,1,0.845034122467041,tiny::BigGAN,,models/v2/clip_lora_fold2_best_v1.pt,models/v2/v2_10b_h2_balanced_logreg_fold2_v1.joblib
2,resize_112,pilot_003700,0,0.8623581528663635,real::Tiny-GenImage,Tiny,models/v2/clip_lora_fold2_best_v1.pt,models/v2/v2_10b_h2_balanced_logreg_fold2_v1.joblib
2,resize_112,pilot_003702,0,0.8500833511352539,real::Tiny-GenImage,Tiny,models/v2/clip_lora_fold2_best_v1.pt,models/v2/v2_10b_h2_balanced_logreg_fold2_v1.joblib
2,resize_112,pilot_003707,1,0.9482333660125732,tiny::VQDM,,models/v2/clip_lora_fold2_best_v1.pt,models/v2/v2_10b_h2_balanced_logreg_fold2_v1.joblib
2,resize_112,pilot_003708,0,0.9178953766822815,real::Tiny-GenImage,Tiny,models/v2/clip_lora_fold2_best_v1.pt,models/v2/v2_10b_h2_balanced_logreg_fold2_v1.joblib
2,resize_112,pilot_003713,1,0.9160518050193787,tiny::BigGAN,,models/v2/clip_lora_fold2_best_v1.pt,models/v2/v2_10b_h2_balanced_logreg_fold2_v1.joblib
2,resize_112,pilot_003721,1,0.881097137928009,tiny::VQDM,,models/v2/clip_lora_fold2_best_v1.pt,models/v2/v2_10b_h2_balanced_logreg_fold2_v1.joblib
2,resize_112,pilot_003727,1,0.8667486906051636,tiny::BigGAN,,models/v2/clip_lora_fold2_best_v1.pt,models/v2/v2_10b_h2_balanced_logreg_fold2_v1.joblib
2,resize_112,pilot_003728,0,0.769209086894989,real::Tiny-GenImage,Tiny,models/v2/clip_lora_fold2_best_v1.pt,models/v2/v2_10b_h2_balanced_logreg_fold2_v1.joblib
2,resize_112,pilot_003732,0,0.9729868173599243,real::Tiny-GenImage,Tiny,models/v2/clip_lora_fold2_best_v1.pt,models/v2/v2_10b_h2_balanced_logreg_fold2_v1.joblib
2,resize_112,pilot_003735,1,0.885228157043457,tiny::VQDM,,models/v2/clip_lora_fold2_best_v1.pt,models/v2/v2_10b_h2_balanced_logreg_fold2_v1.joblib
2,resize_112,pilot_003741,1,0.9436355829238892,tiny::BigGAN,,models/v2/clip_lora_fold2_best_v1.pt,models/v2/v2_10b_h2_balanced_logreg_fold2_v1.joblib
2,resize_112,pilot_003749,1,0.8291497230529785,tiny::VQDM,,models/v2/clip_lora_fold2_best_v1.pt,models/v2/v2_10b_h2_balanced_logreg_fold2_v1.joblib
2,resize_112,pilot_003755,1,0.9573183059692383,tiny::BigGAN,,models/v2/clip_lora_fold2_best_v1.pt,models/v2/v2_10b_h2_balanced_logreg_fold2_v1.joblib
2,resize_112,pilot_003763,1,0.722758948802948,tiny::VQDM,,models/v2/clip_lora_fold2_best_v1.pt,models/v2/v2_10b_h2_balanced_logreg_fold2_v1.joblib
2,resize_112,pilot_003769,1,0.9170170426368713,tiny::BigGAN,,models/v2/clip_lora_fold2_best_v1.pt,models/v2/v2_10b_h2_balanced_logreg_fold2_v1.joblib
2,resize_112,pilot_003777,1,0.9296002984046936,tiny::VQDM,,models/v2/clip_lora_fold2_best_v1.pt,models/v2/v2_10b_h2_balanced_logreg_fold2_v1.joblib
2,resize_112,pilot_003783,1,0.9762585759162903,tiny::BigGAN,,models/v2/clip_lora_fold2_best_v1.pt,models/v2/v2_10b_h2_balanced_logreg_fold2_v1.joblib
2,resize_112,pilot_003784,0,0.13259923458099365,real::Tiny-GenImage,Tiny,models/v2/clip_lora_fold2_best_v1.pt,models/v2/v2_10b_h2_balanced_logreg_fold2_v1.joblib
2,resize_112,pilot_003786,0,0.3068971335887909,real::Tiny-GenImage,Tiny,models/v2/clip_lora_fold2_best_v1.pt,models/v2/v2_10b_h2_balanced_logreg_fold2_v1.joblib
2,resize_112,pilot_003791,1,0.31345999240875244,tiny::VQDM,,models/v2/clip_lora_fold2_best_v1.pt,models/v2/v2_10b_h2_balanced_logreg_fold2_v1.joblib
2,resize_112,pilot_003797,1,0.9454026818275452,tiny::BigGAN,,models/v2/clip_lora_fold2_best_v1.pt,models/v2/v2_10b_h2_balanced_logreg_fold2_v1.joblib
2,resize_112,pilot_003805,1,0.9585484266281128,tiny::VQDM,,models/v2/clip_lora_fold2_best_v1.pt,models/v2/v2_10b_h2_balanced_logreg_fold2_v1.joblib
2,resize_112,pilot_003811,1,0.9415001273155212,tiny::BigGAN,,models/v2/clip_lora_fold2_best_v1.pt,models/v2/v2_10b_h2_balanced_logreg_fold2_v1.joblib
2,resize_112,pilot_003819,1,0.8380616903305054,tiny::VQDM,,models/v2/clip_lora_fold2_best_v1.pt,models/v2/v2_10b_h2_balanced_logreg_fold2_v1.joblib
2,resize_112,pilot_003825,1,0.8227695822715759,tiny::BigGAN,,models/v2/clip_lora_fold2_best_v1.pt,models/v2/v2_10b_h2_balanced_logreg_fold2_v1.joblib
2,resize_112,pilot_003833,1,0.7329713702201843,tiny::VQDM,,models/v2/clip_lora_fold2_best_v1.pt,models/v2/v2_10b_h2_balanced_logreg_fold2_v1.joblib
2,resize_112,pilot_003836,0,0.878140926361084,real::Tiny-GenImage,Tiny,models/v2/clip_lora_fold2_best_v1.pt,models/v2/v2_10b_h2_balanced_logreg_fold2_v1.joblib
2,resize_112,pilot_003839,1,0.9817646741867065,tiny::BigGAN,,models/v2/clip_lora_fold2_best_v1.pt,models/v2/v2_10b_h2_balanced_logreg_fold2_v1.joblib
2,resize_112,pilot_003847,1,0.8365247249603271,tiny::VQDM,,models/v2/clip_lora_fold2_best_v1.pt,models/v2/v2_10b_h2_balanced_logreg_fold2_v1.joblib
2,resize_112,pilot_003853,1,0.9724294543266296,tiny::BigGAN,,models/v2/clip_lora_fold2_best_v1.pt,models/v2/v2_10b_h2_balanced_logreg_fold2_v1.joblib
2,resize_112,pilot_003858,0,0.6452840566635132,real::Tiny-GenImage,Tiny,models/v2/clip_lora_fold2_best_v1.pt,models/v2/v2_10b_h2_balanced_logreg_fold2_v1.joblib
2,resize_112,pilot_003861,1,0.85271155834198,tiny::VQDM,,models/v2/clip_lora_fold2_best_v1.pt,models/v2/v2_10b_h2_balanced_logreg_fold2_v1.joblib
2,resize_112,pilot_003867,1,0.9804936051368713,tiny::BigGAN,,models/v2/clip_lora_fold2_best_v1.pt,models/v2/v2_10b_h2_balanced_logreg_fold2_v1.joblib
2,resize_112,pilot_003874,0,0.7247723937034607,real::Tiny-GenImage,Tiny,models/v2/clip_lora_fold2_best_v1.pt,models/v2/v2_10b_h2_balanced_logreg_fold2_v1.joblib
2,resize_112,pilot_003875,1,0.9441137909889221,tiny::VQDM,,models/v2/clip_lora_fold2_best_v1.pt,models/v2/v2_10b_h2_balanced_logreg_fold2_v1.joblib
2,resize_112,pilot_003881,1,0.9158579707145691,tiny::BigGAN,,models/v2/clip_lora_fold2_best_v1.pt,models/v2/v2_10b_h2_balanced_logreg_fold2_v1.joblib
2,resize_112,pilot_003886,0,0.6693354249000549,real::Tiny-GenImage,Tiny,models/v2/clip_lora_fold2_best_v1.pt,models/v2/v2_10b_h2_balanced_logreg_fold2_v1.joblib
2,resize_112,pilot_003888,0,0.7146896719932556,real::Tiny-GenImage,Tiny,models/v2/clip_lora_fold2_best_v1.pt,models/v2/v2_10b_h2_balanced_logreg_fold2_v1.joblib
2,resize_112,pilot_003889,1,0.9194290637969971,tiny::VQDM,,models/v2/clip_lora_fold2_best_v1.pt,models/v2/v2_10b_h2_balanced_logreg_fold2_v1.joblib
2,resize_112,pilot_003895,1,0.788242518901825,tiny::BigGAN,,models/v2/clip_lora_fold2_best_v1.pt,models/v2/v2_10b_h2_balanced_logreg_fold2_v1.joblib
2,resize_112,pilot_003902,0,0.9083953499794006,real::Tiny-GenImage,Tiny,models/v2/clip_lora_fold2_best_v1.pt,models/v2/v2_10b_h2_balanced_logreg_fold2_v1.joblib
2,resize_112,pilot_003903,1,0.9041007161140442,tiny::VQDM,,models/v2/clip_lora_fold2_best_v1.pt,models/v2/v2_10b_h2_balanced_logreg_fold2_v1.joblib
2,resize_112,pilot_003909,1,0.965769350528717,tiny::BigGAN,,models/v2/clip_lora_fold2_best_v1.pt,models/v2/v2_10b_h2_balanced_logreg_fold2_v1.joblib
2,resize_112,pilot_003916,0,0.41136622428894043,real::Tiny-GenImage,Tiny,models/v2/clip_lora_fold2_best_v1.pt,models/v2/v2_10b_h2_balanced_logreg_fold2_v1.joblib
2,resize_112,pilot_003917,1,0.793688952922821,tiny::VQDM,,models/v2/clip_lora_fold2_best_v1.pt,models/v2/v2_10b_h2_balanced_logreg_fold2_v1.joblib
2,resize_112,pilot_003918,0,0.39241543412208557,real::Tiny-GenImage,Tiny,models/v2/clip_lora_fold2_best_v1.pt,models/v2/v2_10b_h2_balanced_logreg_fold2_v1.joblib
2,resize_112,pilot_003923,1,0.9575109481811523,tiny::BigGAN,,models/v2/clip_lora_fold2_best_v1.pt,models/v2/v2_10b_h2_balanced_logreg_fold2_v1.joblib
2,resize_112,pilot_003931,1,0.8399527668952942,tiny::VQDM,,models/v2/clip_lora_fold2_best_v1.pt,models/v2/v2_10b_h2_balanced_logreg_fold2_v1.joblib
2,resize_112,pilot_003932,0,0.7018700242042542,real::Tiny-GenImage,Tiny,models/v2/clip_lora_fold2_best_v1.pt,models/v2/v2_10b_h2_balanced_logreg_fold2_v1.joblib
2,resize_112,pilot_003937,1,0.9562348127365112,tiny::BigGAN,,models/v2/clip_lora_fold2_best_v1.pt,models/v2/v2_10b_h2_balanced_logreg_fold2_v1.joblib
2,resize_112,pilot_003945,1,0.8374875783920288,tiny::VQDM,,models/v2/clip_lora_fold2_best_v1.pt,models/v2/v2_10b_h2_balanced_logreg_fold2_v1.joblib
2,resize_112,pilot_003946,0,0.7303219437599182,real::Tiny-GenImage,Tiny,models/v2/clip_lora_fold2_best_v1.pt,models/v2/v2_10b_h2_balanced_logreg_fold2_v1.joblib
2,resize_112,pilot_003951,1,0.9570355415344238,tiny::BigGAN,,models/v2/clip_lora_fold2_best_v1.pt,models/v2/v2_10b_h2_balanced_logreg_fold2_v1.joblib
2,resize_112,pilot_003959,1,0.5570030212402344,tiny::VQDM,,models/v2/clip_lora_fold2_best_v1.pt,models/v2/v2_10b_h2_balanced_logreg_fold2_v1.joblib
2,resize_112,pilot_003960,0,0.7560756802558899,real::Tiny-GenImage,Tiny,models/v2/clip_lora_fold2_best_v1.pt,models/v2/v2_10b_h2_balanced_logreg_fold2_v1.joblib
2,resize_112,pilot_003964,0,0.5498387813568115,real::Tiny-GenImage,Tiny,models/v2/clip_lora_fold2_best_v1.pt,models/v2/v2_10b_h2_balanced_logreg_fold2_v1.joblib
2,resize_112,pilot_003965,1,0.9366310238838196,tiny::BigGAN,,models/v2/clip_lora_fold2_best_v1.pt,models/v2/v2_10b_h2_balanced_logreg_fold2_v1.joblib
2,resize_112,pilot_003973,1,0.6921706199645996,tiny::VQDM,,models/v2/clip_lora_fold2_best_v1.pt,models/v2/v2_10b_h2_balanced_logreg_fold2_v1.joblib
2,resize_112,pilot_003979,1,0.7990086674690247,tiny::BigGAN,,models/v2/clip_lora_fold2_best_v1.pt,models/v2/v2_10b_h2_balanced_logreg_fold2_v1.joblib
2,resize_112,pilot_003980,0,0.7819144129753113,real::Tiny-GenImage,Tiny,models/v2/clip_lora_fold2_best_v1.pt,models/v2/v2_10b_h2_balanced_logreg_fold2_v1.joblib
2,resize_112,pilot_003987,1,0.6062959432601929,tiny::VQDM,,models/v2/clip_lora_fold2_best_v1.pt,models/v2/v2_10b_h2_balanced_logreg_fold2_v1.joblib
2,resize_112,pilot_003988,0,0.07472550123929977,real::Tiny-GenImage,Tiny,models/v2/clip_lora_fold2_best_v1.pt,models/v2/v2_10b_h2_balanced_logreg_fold2_v1.joblib
2,resize_112,pilot_003992,0,0.4100450575351715,real::Tiny-GenImage,Tiny,models/v2/clip_lora_fold2_best_v1.pt,models/v2/v2_10b_h2_balanced_logreg_fold2_v1.joblib
2,resize_112,pilot_003993,1,0.7669116258621216,tiny::BigGAN,,models/v2/clip_lora_fold2_best_v1.pt,models/v2/v2_10b_h2_balanced_logreg_fold2_v1.joblib
2,resize_112,MLLM_HYB_Nano-Banana2-fake_1,1,0.8983390927314758,mllm::Nano_Banana_2,,models/v2/clip_lora_fold2_best_v1.pt,models/v2/v2_10b_h2_balanced_logreg_fold2_v1.joblib
2,resize_112,MLLM_HYB_Nano-Banana2-fake_10,1,0.8245246410369873,mllm::Nano_Banana_2,,models/v2/clip_lora_fold2_best_v1.pt,models/v2/v2_10b_h2_balanced_logreg_fold2_v1.joblib
2,resize_112,MLLM_HYB_Nano-Banana2-fake_100,1,0.9393528699874878,mllm::Nano_Banana_2,,models/v2/clip_lora_fold2_best_v1.pt,models/v2/v2_10b_h2_balanced_logreg_fold2_v1.joblib
2,resize_112,MLLM_HYB_Nano-Banana2-fake_101,1,0.9423333406448364,mllm::Nano_Banana_2,,models/v2/clip_lora_fold2_best_v1.pt,models/v2/v2_10b_h2_balanced_logreg_fold2_v1.joblib
2,resize_112,MLLM_HYB_Nano-Banana2-fake_102,1,0.9274582862854004,mllm::Nano_Banana_2,,models/v2/clip_lora_fold2_best_v1.pt,models/v2/v2_10b_h2_balanced_logreg_fold2_v1.joblib
2,resize_112,MLLM_HYB_Nano-Banana2-fake_103,1,0.8992997407913208,mllm::Nano_Banana_2,,models/v2/clip_lora_fold2_best_v1.pt,models/v2/v2_10b_h2_balanced_logreg_fold2_v1.joblib
2,resize_112,MLLM_HYB_Nano-Banana2-fake_104,1,0.9129718542098999,mllm::Nano_Banana_2,,models/v2/clip_lora_fold2_best_v1.pt,models/v2/v2_10b_h2_balanced_logreg_fold2_v1.joblib
2,resize_112,MLLM_HYB_Nano-Banana2-fake_105,1,0.9779384136199951,mllm::Nano_Banana_2,,models/v2/clip_lora_fold2_best_v1.pt,models/v2/v2_10b_h2_balanced_logreg_fold2_v1.joblib
2,resize_112,MLLM_HYB_Nano-Banana2-fake_106,1,0.9774025082588196,mllm::Nano_Banana_2,,models/v2/clip_lora_fold2_best_v1.pt,models/v2/v2_10b_h2_balanced_logreg_fold2_v1.joblib
2,resize_112,MLLM_HYB_Nano-Banana2-fake_107,1,0.8364472985267639,mllm::Nano_Banana_2,,models/v2/clip_lora_fold2_best_v1.pt,models/v2/v2_10b_h2_balanced_logreg_fold2_v1.joblib
2,resize_112,MLLM_HYB_Nano-Banana2-fake_108,1,0.8469824194908142,mllm::Nano_Banana_2,,models/v2/clip_lora_fold2_best_v1.pt,models/v2/v2_10b_h2_balanced_logreg_fold2_v1.joblib
2,resize_112,MLLM_HYB_Nano-Banana2-fake_109,1,0.9079289436340332,mllm::Nano_Banana_2,,models/v2/clip_lora_fold2_best_v1.pt,models/v2/v2_10b_h2_balanced_logreg_fold2_v1.joblib
2,resize_112,MLLM_HYB_Nano-Banana2-fake_11,1,0.7035441994667053,mllm::Nano_Banana_2,,models/v2/clip_lora_fold2_best_v1.pt,models/v2/v2_10b_h2_balanced_logreg_fold2_v1.joblib
2,resize_112,MLLM_HYB_Nano-Banana2-fake_110,1,0.8820910453796387,mllm::Nano_Banana_2,,models/v2/clip_lora_fold2_best_v1.pt,models/v2/v2_10b_h2_balanced_logreg_fold2_v1.joblib
2,resize_112,MLLM_HYB_Nano-Banana2-fake_111,1,0.8700772523880005,mllm::Nano_Banana_2,,models/v2/clip_lora_fold2_best_v1.pt,models/v2/v2_10b_h2_balanced_logreg_fold2_v1.joblib
2,resize_112,MLLM_HYB_Nano-Banana2-fake_112,1,0.9483872056007385,mllm::Nano_Banana_2,,models/v2/clip_lora_fold2_best_v1.pt,models/v2/v2_10b_h2_balanced_logreg_fold2_v1.joblib
2,resize_112,MLLM_HYB_Nano-Banana2-fake_113,1,0.9710536599159241,mllm::Nano_Banana_2,,models/v2/clip_lora_fold2_best_v1.pt,models/v2/v2_10b_h2_balanced_logreg_fold2_v1.joblib
2,resize_112,MLLM_HYB_Nano-Banana2-fake_114,1,0.9629865884780884,mllm::Nano_Banana_2,,models/v2/clip_lora_fold2_best_v1.pt,models/v2/v2_10b_h2_balanced_logreg_fold2_v1.joblib
2,resize_112,MLLM_HYB_Nano-Banana2-fake_115,1,0.6735309362411499,mllm::Nano_Banana_2,,models/v2/clip_lora_fold2_best_v1.pt,models/v2/v2_10b_h2_balanced_logreg_fold2_v1.joblib
2,resize_112,MLLM_HYB_Nano-Banana2-fake_116,1,0.5871116518974304,mllm::Nano_Banana_2,,models/v2/clip_lora_fold2_best_v1.pt,models/v2/v2_10b_h2_balanced_logreg_fold2_v1.joblib
2,resize_112,MLLM_HYB_Nano-Banana2-fake_117,1,0.4863622188568115,mllm::Nano_Banana_2,,models/v2/clip_lora_fold2_best_v1.pt,models/v2/v2_10b_h2_balanced_logreg_fold2_v1.joblib
2,resize_112,MLLM_HYB_Nano-Banana2-fake_118,1,0.5848541259765625,mllm::Nano_Banana_2,,models/v2/clip_lora_fold2_best_v1.pt,models/v2/v2_10b_h2_balanced_logreg_fold2_v1.joblib
2,resize_112,MLLM_HYB_Nano-Banana2-fake_119,1,0.763920783996582,mllm::Nano_Banana_2,,models/v2/clip_lora_fold2_best_v1.pt,models/v2/v2_10b_h2_balanced_logreg_fold2_v1.joblib
2,resize_112,MLLM_HYB_Nano-Banana2-fake_12,1,0.7748472690582275,mllm::Nano_Banana_2,,models/v2/clip_lora_fold2_best_v1.pt,models/v2/v2_10b_h2_balanced_logreg_fold2_v1.joblib
2,resize_112,MLLM_HYB_Nano-Banana2-fake_120,1,0.6087260842323303,mllm::Nano_Banana_2,,models/v2/clip_lora_fold2_best_v1.pt,models/v2/v2_10b_h2_balanced_logreg_fold2_v1.joblib
2,resize_112,MLLM_HYB_Nano-Banana2-fake_121,1,0.45058220624923706,mllm::Nano_Banana_2,,models/v2/clip_lora_fold2_best_v1.pt,models/v2/v2_10b_h2_balanced_logreg_fold2_v1.joblib
2,resize_112,MLLM_HYB_Nano-Banana2-fake_122,1,0.6335649490356445,mllm::Nano_Banana_2,,models/v2/clip_lora_fold2_best_v1.pt,models/v2/v2_10b_h2_balanced_logreg_fold2_v1.joblib
2,resize_112,MLLM_HYB_Nano-Banana2-fake_123,1,0.6165509223937988,mllm::Nano_Banana_2,,models/v2/clip_lora_fold2_best_v1.pt,models/v2/v2_10b_h2_balanced_logreg_fold2_v1.joblib
2,resize_112,MLLM_HYB_Nano-Banana2-fake_124,1,0.5812868475914001,mllm::Nano_Banana_2,,models/v2/clip_lora_fold2_best_v1.pt,models/v2/v2_10b_h2_balanced_logreg_fold2_v1.joblib
2,resize_112,MLLM_HYB_Nano-Banana2-fake_125,1,0.6754729747772217,mllm::Nano_Banana_2,,models/v2/clip_lora_fold2_best_v1.pt,models/v2/v2_10b_h2_balanced_logreg_fold2_v1.joblib
2,resize_112,MLLM_HYB_Nano-Banana2-fake_126,1,0.7736170291900635,mllm::Nano_Banana_2,,models/v2/clip_lora_fold2_best_v1.pt,models/v2/v2_10b_h2_balanced_logreg_fold2_v1.joblib
2,resize_112,MLLM_HYB_Nano-Banana2-fake_127,1,0.7417700886726379,mllm::Nano_Banana_2,,models/v2/clip_lora_fold2_best_v1.pt,models/v2/v2_10b_h2_balanced_logreg_fold2_v1.joblib
2,resize_112,MLLM_HYB_Nano-Banana2-fake_128,1,0.8993882536888123,mllm::Nano_Banana_2,,models/v2/clip_lora_fold2_best_v1.pt,models/v2/v2_10b_h2_balanced_logreg_fold2_v1.joblib
2,resize_112,MLLM_HYB_Nano-Banana2-fake_129,1,0.8854032754898071,mllm::Nano_Banana_2,,models/v2/clip_lora_fold2_best_v1.pt,models/v2/v2_10b_h2_balanced_logreg_fold2_v1.joblib
2,resize_112,MLLM_HYB_Nano-Banana2-fake_13,1,0.595484733581543,mllm::Nano_Banana_2,,models/v2/clip_lora_fold2_best_v1.pt,models/v2/v2_10b_h2_balanced_logreg_fold2_v1.joblib
2,resize_112,MLLM_HYB_Nano-Banana2-fake_130,1,0.5581272840499878,mllm::Nano_Banana_2,,models/v2/clip_lora_fold2_best_v1.pt,models/v2/v2_10b_h2_balanced_logreg_fold2_v1.joblib
2,resize_112,MLLM_HYB_Nano-Banana2-fake_131,1,0.43487218022346497,mllm::Nano_Banana_2,,models/v2/clip_lora_fold2_best_v1.pt,models/v2/v2_10b_h2_balanced_logreg_fold2_v1.joblib
2,resize_112,MLLM_HYB_Nano-Banana2-fake_132,1,0.7862041592597961,mllm::Nano_Banana_2,,models/v2/clip_lora_fold2_best_v1.pt,models/v2/v2_10b_h2_balanced_logreg_fold2_v1.joblib
2,resize_112,MLLM_HYB_Nano-Banana2-fake_133,1,0.7912775874137878,mllm::Nano_Banana_2,,models/v2/clip_lora_fold2_best_v1.pt,models/v2/v2_10b_h2_balanced_logreg_fold2_v1.joblib
2,resize_112,MLLM_HYB_Nano-Banana2-fake_134,1,0.7349743843078613,mllm::Nano_Banana_2,,models/v2/clip_lora_fold2_best_v1.pt,models/v2/v2_10b_h2_balanced_logreg_fold2_v1.joblib
2,resize_112,MLLM_HYB_Nano-Banana2-fake_135,1,0.659878134727478,mllm::Nano_Banana_2,,models/v2/clip_lora_fold2_best_v1.pt,models/v2/v2_10b_h2_balanced_logreg_fold2_v1.joblib
2,resize_112,MLLM_HYB_Nano-Banana2-fake_136,1,0.7613795399665833,mllm::Nano_Banana_2,,models/v2/clip_lora_fold2_best_v1.pt,models/v2/v2_10b_h2_balanced_logreg_fold2_v1.joblib
2,resize_112,MLLM_HYB_Nano-Banana2-fake_137,1,0.6424433588981628,mllm::Nano_Banana_2,,models/v2/clip_lora_fold2_best_v1.pt,models/v2/v2_10b_h2_balanced_logreg_fold2_v1.joblib
2,resize_112,MLLM_HYB_Nano-Banana2-fake_138,1,0.9476704001426697,mllm::Nano_Banana_2,,models/v2/clip_lora_fold2_best_v1.pt,models/v2/v2_10b_h2_balanced_logreg_fold2_v1.joblib
2,resize_112,MLLM_HYB_Nano-Banana2-fake_139,1,0.8732245564460754,mllm::Nano_Banana_2,,models/v2/clip_lora_fold2_best_v1.pt,models/v2/v2_10b_h2_balanced_logreg_fold2_v1.joblib
2,resize_112,MLLM_HYB_Nano-Banana2-fake_14,1,0.9561910033226013,mllm::Nano_Banana_2,,models/v2/clip_lora_fold2_best_v1.pt,models/v2/v2_10b_h2_balanced_logreg_fold2_v1.joblib
2,resize_112,MLLM_HYB_Nano-Banana2-fake_140,1,0.9398252964019775,mllm::Nano_Banana_2,,models/v2/clip_lora_fold2_best_v1.pt,models/v2/v2_10b_h2_balanced_logreg_fold2_v1.joblib
2,resize_112,MLLM_HYB_Nano-Banana2-fake_141,1,0.933182418346405,mllm::Nano_Banana_2,,models/v2/clip_lora_fold2_best_v1.pt,models/v2/v2_10b_h2_balanced_logreg_fold2_v1.joblib
2,resize_112,MLLM_HYB_Nano-Banana2-fake_142,1,0.6759182810783386,mllm::Nano_Banana_2,,models/v2/clip_lora_fold2_best_v1.pt,models/v2/v2_10b_h2_balanced_logreg_fold2_v1.joblib
2,resize_112,MLLM_HYB_Nano-Banana2-fake_143,1,0.5768037438392639,mllm::Nano_Banana_2,,models/v2/clip_lora_fold2_best_v1.pt,models/v2/v2_10b_h2_balanced_logreg_fold2_v1.joblib
2,resize_112,MLLM_HYB_Nano-Banana2-fake_144,1,0.915047287940979,mllm::Nano_Banana_2,,models/v2/clip_lora_fold2_best_v1.pt,models/v2/v2_10b_h2_balanced_logreg_fold2_v1.joblib
2,resize_112,MLLM_HYB_Nano-Banana2-fake_145,1,0.9383262991905212,mllm::Nano_Banana_2,,models/v2/clip_lora_fold2_best_v1.pt,models/v2/v2_10b_h2_balanced_logreg_fold2_v1.joblib
2,resize_112,MLLM_HYB_Nano-Banana2-fake_146,1,0.9689623117446899,mllm::Nano_Banana_2,,models/v2/clip_lora_fold2_best_v1.pt,models/v2/v2_10b_h2_balanced_logreg_fold2_v1.joblib
2,resize_112,MLLM_HYB_Nano-Banana2-fake_147,1,0.8991726040840149,mllm::Nano_Banana_2,,models/v2/clip_lora_fold2_best_v1.pt,models/v2/v2_10b_h2_balanced_logreg_fold2_v1.joblib
2,resize_112,MLLM_HYB_Nano-Banana2-fake_148,1,0.8978599905967712,mllm::Nano_Banana_2,,models/v2/clip_lora_fold2_best_v1.pt,models/v2/v2_10b_h2_balanced_logreg_fold2_v1.joblib
2,resize_112,MLLM_HYB_Nano-Banana2-fake_149,1,0.8749715089797974,mllm::Nano_Banana_2,,models/v2/clip_lora_fold2_best_v1.pt,models/v2/v2_10b_h2_balanced_logreg_fold2_v1.joblib
2,resize_112,MLLM_HYB_Nano-Banana2-fake_15,1,0.5887095928192139,mllm::Nano_Banana_2,,models/v2/clip_lora_fold2_best_v1.pt,models/v2/v2_10b_h2_balanced_logreg_fold2_v1.joblib
2,resize_112,MLLM_HYB_Nano-Banana2-fake_150,1,0.8254711627960205,mllm::Nano_Banana_2,,models/v2/clip_lora_fold2_best_v1.pt,models/v2/v2_10b_h2_balanced_logreg_fold2_v1.joblib
2,resize_112,MLLM_HYB_Nano-Banana2-fake_151,1,0.8952548503875732,mllm::Nano_Banana_2,,models/v2/clip_lora_fold2_best_v1.pt,models/v2/v2_10b_h2_balanced_logreg_fold2_v1.joblib
2,resize_112,MLLM_HYB_Nano-Banana2-fake_152,1,0.7804046869277954,mllm::Nano_Banana_2,,models/v2/clip_lora_fold2_best_v1.pt,models/v2/v2_10b_h2_balanced_logreg_fold2_v1.joblib
2,resize_112,MLLM_HYB_Nano-Banana2-fake_153,1,0.7597625255584717,mllm::Nano_Banana_2,,models/v2/clip_lora_fold2_best_v1.pt,models/v2/v2_10b_h2_balanced_logreg_fold2_v1.joblib
2,resize_112,MLLM_HYB_Nano-Banana2-fake_154,1,0.7638674974441528,mllm::Nano_Banana_2,,models/v2/clip_lora_fold2_best_v1.pt,models/v2/v2_10b_h2_balanced_logreg_fold2_v1.joblib
2,resize_112,MLLM_HYB_Nano-Banana2-fake_155,1,0.8329793810844421,mllm::Nano_Banana_2,,models/v2/clip_lora_fold2_best_v1.pt,models/v2/v2_10b_h2_balanced_logreg_fold2_v1.joblib
2,resize_112,MLLM_HYB_Nano-Banana2-fake_156,1,0.7971187829971313,mllm::Nano_Banana_2,,models/v2/clip_lora_fold2_best_v1.pt,models/v2/v2_10b_h2_balanced_logreg_fold2_v1.joblib
2,resize_112,MLLM_HYB_Nano-Banana2-fake_157,1,0.8188813924789429,mllm::Nano_Banana_2,,models/v2/clip_lora_fold2_best_v1.pt,models/v2/v2_10b_h2_balanced_logreg_fold2_v1.joblib
2,resize_112,MLLM_HYB_Nano-Banana2-fake_158,1,0.9446470141410828,mllm::Nano_Banana_2,,models/v2/clip_lora_fold2_best_v1.pt,models/v2/v2_10b_h2_balanced_logreg_fold2_v1.joblib
2,resize_112,MLLM_HYB_Nano-Banana2-fake_159,1,0.9390289187431335,mllm::Nano_Banana_2,,models/v2/clip_lora_fold2_best_v1.pt,models/v2/v2_10b_h2_balanced_logreg_fold2_v1.joblib
2,resize_112,MLLM_HYB_Nano-Banana2-fake_16,1,0.9550793170928955,mllm::Nano_Banana_2,,models/v2/clip_lora_fold2_best_v1.pt,models/v2/v2_10b_h2_balanced_logreg_fold2_v1.joblib
2,resize_112,MLLM_HYB_Nano-Banana2-fake_160,1,0.8947188258171082,mllm::Nano_Banana_2,,models/v2/clip_lora_fold2_best_v1.pt,models/v2/v2_10b_h2_balanced_logreg_fold2_v1.joblib
2,resize_112,MLLM_HYB_Nano-Banana2-fake_161,1,0.8511320948600769,mllm::Nano_Banana_2,,models/v2/clip_lora_fold2_best_v1.pt,models/v2/v2_10b_h2_balanced_logreg_fold2_v1.joblib
2,resize_112,MLLM_HYB_Nano-Banana2-fake_162,1,0.8947136402130127,mllm::Nano_Banana_2,,models/v2/clip_lora_fold2_best_v1.pt,models/v2/v2_10b_h2_balanced_logreg_fold2_v1.joblib
2,resize_112,MLLM_HYB_Nano-Banana2-fake_163,1,0.9006129503250122,mllm::Nano_Banana_2,,models/v2/clip_lora_fold2_best_v1.pt,models/v2/v2_10b_h2_balanced_logreg_fold2_v1.joblib
2,resize_112,MLLM_HYB_Nano-Banana2-fake_164,1,0.8185768723487854,mllm::Nano_Banana_2,,models/v2/clip_lora_fold2_best_v1.pt,models/v2/v2_10b_h2_balanced_logreg_fold2_v1.joblib
2,resize_112,MLLM_HYB_Nano-Banana2-fake_165,1,0.8571853637695312,mllm::Nano_Banana_2,,models/v2/clip_lora_fold2_best_v1.pt,models/v2/v2_10b_h2_balanced_logreg_fold2_v1.joblib
2,resize_112,MLLM_HYB_Nano-Banana2-fake_166,1,0.8338313102722168,mllm::Nano_Banana_2,,models/v2/clip_lora_fold2_best_v1.pt,models/v2/v2_10b_h2_balanced_logreg_fold2_v1.joblib
2,resize_112,MLLM_HYB_Nano-Banana2-fake_167,1,0.9085675477981567,mllm::Nano_Banana_2,,models/v2/clip_lora_fold2_best_v1.pt,models/v2/v2_10b_h2_balanced_logreg_fold2_v1.joblib
2,resize_112,MLLM_HYB_Nano-Banana2-fake_168,1,0.9024854898452759,mllm::Nano_Banana_2,,models/v2/clip_lora_fold2_best_v1.pt,models/v2/v2_10b_h2_balanced_logreg_fold2_v1.joblib
2,resize_112,MLLM_HYB_Nano-Banana2-fake_169,1,0.921229898929596,mllm::Nano_Banana_2,,models/v2/clip_lora_fold2_best_v1.pt,models/v2/v2_10b_h2_balanced_logreg_fold2_v1.joblib
2,resize_112,MLLM_HYB_Nano-Banana2-fake_17,1,0.7624931931495667,mllm::Nano_Banana_2,,models/v2/clip_lora_fold2_best_v1.pt,models/v2/v2_10b_h2_balanced_logreg_fold2_v1.joblib
2,resize_112,MLLM_HYB_Nano-Banana2-fake_170,1,0.9147494435310364,mllm::Nano_Banana_2,,models/v2/clip_lora_fold2_best_v1.pt,models/v2/v2_10b_h2_balanced_logreg_fold2_v1.joblib
2,resize_112,MLLM_HYB_Nano-Banana2-fake_171,1,0.9044356346130371,mllm::Nano_Banana_2,,models/v2/clip_lora_fold2_best_v1.pt,models/v2/v2_10b_h2_balanced_logreg_fold2_v1.joblib
2,resize_112,MLLM_HYB_Nano-Banana2-fake_172,1,0.8814541697502136,mllm::Nano_Banana_2,,models/v2/clip_lora_fold2_best_v1.pt,models/v2/v2_10b_h2_balanced_logreg_fold2_v1.joblib
2,resize_112,MLLM_HYB_Nano-Banana2-fake_173,1,0.9667823314666748,mllm::Nano_Banana_2,,models/v2/clip_lora_fold2_best_v1.pt,models/v2/v2_10b_h2_balanced_logreg_fold2_v1.joblib
2,resize_112,MLLM_HYB_Nano-Banana2-fake_174,1,0.9626263380050659,mllm::Nano_Banana_2,,models/v2/clip_lora_fold2_best_v1.pt,models/v2/v2_10b_h2_balanced_logreg_fold2_v1.joblib
2,resize_112,MLLM_HYB_Nano-Banana2-fake_175,1,0.9125434756278992,mllm::Nano_Banana_2,,models/v2/clip_lora_fold2_best_v1.pt,models/v2/v2_10b_h2_balanced_logreg_fold2_v1.joblib
2,resize_112,MLLM_HYB_Nano-Banana2-fake_176,1,0.9018080830574036,mllm::Nano_Banana_2,,models/v2/clip_lora_fold2_best_v1.pt,models/v2/v2_10b_h2_balanced_logreg_fold2_v1.joblib
2,resize_112,MLLM_HYB_Nano-Banana2-fake_177,1,0.6834279298782349,mllm::Nano_Banana_2,,models/v2/clip_lora_fold2_best_v1.pt,models/v2/v2_10b_h2_balanced_logreg_fold2_v1.joblib
2,resize_112,MLLM_HYB_Nano-Banana2-fake_178,1,0.8283578753471375,mllm::Nano_Banana_2,,models/v2/clip_lora_fold2_best_v1.pt,models/v2/v2_10b_h2_balanced_logreg_fold2_v1.joblib
2,resize_112,MLLM_HYB_Nano-Banana2-fake_179,1,0.5015829801559448,mllm::Nano_Banana_2,,models/v2/clip_lora_fold2_best_v1.pt,models/v2/v2_10b_h2_balanced_logreg_fold2_v1.joblib
2,resize_112,MLLM_HYB_Nano-Banana2-fake_18,1,0.9084089398384094,mllm::Nano_Banana_2,,models/v2/clip_lora_fold2_best_v1.pt,models/v2/v2_10b_h2_balanced_logreg_fold2_v1.joblib
2,resize_112,MLLM_HYB_Nano-Banana2-fake_180,1,0.7733561396598816,mllm::Nano_Banana_2,,models/v2/clip_lora_fold2_best_v1.pt,models/v2/v2_10b_h2_balanced_logreg_fold2_v1.joblib
2,resize_112,MLLM_HYB_Nano-Banana2-fake_181,1,0.6855520009994507,mllm::Nano_Banana_2,,models/v2/clip_lora_fold2_best_v1.pt,models/v2/v2_10b_h2_balanced_logreg_fold2_v1.joblib
2,resize_112,MLLM_HYB_Nano-Banana2-fake_182,1,0.956626296043396,mllm::Nano_Banana_2,,models/v2/clip_lora_fold2_best_v1.pt,models/v2/v2_10b_h2_balanced_logreg_fold2_v1.joblib
2,resize_112,MLLM_HYB_Nano-Banana2-fake_183,1,0.9146084189414978,mllm::Nano_Banana_2,,models/v2/clip_lora_fold2_best_v1.pt,models/v2/v2_10b_h2_balanced_logreg_fold2_v1.joblib
2,resize_112,MLLM_HYB_Nano-Banana2-fake_184,1,0.8520166277885437,mllm::Nano_Banana_2,,models/v2/clip_lora_fold2_best_v1.pt,models/v2/v2_10b_h2_balanced_logreg_fold2_v1.joblib
2,resize_112,MLLM_HYB_Nano-Banana2-fake_185,1,0.8594908118247986,mllm::Nano_Banana_2,,models/v2/clip_lora_fold2_best_v1.pt,models/v2/v2_10b_h2_balanced_logreg_fold2_v1.joblib
2,resize_112,MLLM_HYB_Nano-Banana2-fake_186,1,0.9324899911880493,mllm::Nano_Banana_2,,models/v2/clip_lora_fold2_best_v1.pt,models/v2/v2_10b_h2_balanced_logreg_fold2_v1.joblib
2,resize_112,MLLM_HYB_Nano-Banana2-fake_187,1,0.8958781361579895,mllm::Nano_Banana_2,,models/v2/clip_lora_fold2_best_v1.pt,models/v2/v2_10b_h2_balanced_logreg_fold2_v1.joblib
2,resize_112,MLLM_HYB_Nano-Banana2-fake_188,1,0.9493946433067322,mllm::Nano_Banana_2,,models/v2/clip_lora_fold2_best_v1.pt,models/v2/v2_10b_h2_balanced_logreg_fold2_v1.joblib
2,resize_112,MLLM_HYB_Nano-Banana2-fake_189,1,0.9676840305328369,mllm::Nano_Banana_2,,models/v2/clip_lora_fold2_best_v1.pt,models/v2/v2_10b_h2_balanced_logreg_fold2_v1.joblib
2,resize_112,MLLM_HYB_Nano-Banana2-fake_19,1,0.7667373418807983,mllm::Nano_Banana_2,,models/v2/clip_lora_fold2_best_v1.pt,models/v2/v2_10b_h2_balanced_logreg_fold2_v1.joblib
2,resize_112,MLLM_HYB_Nano-Banana2-fake_190,1,0.9090598821640015,mllm::Nano_Banana_2,,models/v2/clip_lora_fold2_best_v1.pt,models/v2/v2_10b_h2_balanced_logreg_fold2_v1.joblib
2,resize_112,MLLM_HYB_Nano-Banana2-fake_191,1,0.8440984487533569,mllm::Nano_Banana_2,,models/v2/clip_lora_fold2_best_v1.pt,models/v2/v2_10b_h2_balanced_logreg_fold2_v1.joblib
2,resize_112,MLLM_HYB_Nano-Banana2-fake_192,1,0.8820561766624451,mllm::Nano_Banana_2,,models/v2/clip_lora_fold2_best_v1.pt,models/v2/v2_10b_h2_balanced_logreg_fold2_v1.joblib
2,resize_112,MLLM_HYB_Nano-Banana2-fake_193,1,0.85942143201828,mllm::Nano_Banana_2,,models/v2/clip_lora_fold2_best_v1.pt,models/v2/v2_10b_h2_balanced_logreg_fold2_v1.joblib
2,resize_112,MLLM_HYB_Nano-Banana2-fake_194,1,0.7304773330688477,mllm::Nano_Banana_2,,models/v2/clip_lora_fold2_best_v1.pt,models/v2/v2_10b_h2_balanced_logreg_fold2_v1.joblib
2,resize_112,MLLM_HYB_Nano-Banana2-fake_195,1,0.9512825012207031,mllm::Nano_Banana_2,,models/v2/clip_lora_fold2_best_v1.pt,models/v2/v2_10b_h2_balanced_logreg_fold2_v1.joblib
2,resize_112,MLLM_HYB_Nano-Banana2-fake_196,1,0.9361114501953125,mllm::Nano_Banana_2,,models/v2/clip_lora_fold2_best_v1.pt,models/v2/v2_10b_h2_balanced_logreg_fold2_v1.joblib
2,resize_112,MLLM_HYB_Nano-Banana2-fake_197,1,0.9041259288787842,mllm::Nano_Banana_2,,models/v2/clip_lora_fold2_best_v1.pt,models/v2/v2_10b_h2_balanced_logreg_fold2_v1.joblib
2,resize_112,MLLM_HYB_Nano-Banana2-fake_2,1,0.7848614454269409,mllm::Nano_Banana_2,,models/v2/clip_lora_fold2_best_v1.pt,models/v2/v2_10b_h2_balanced_logreg_fold2_v1.joblib
2,resize_112,MLLM_HYB_Nano-Banana2-fake_20,1,0.7152628302574158,mllm::Nano_Banana_2,,models/v2/clip_lora_fold2_best_v1.pt,models/v2/v2_10b_h2_balanced_logreg_fold2_v1.joblib
2,resize_112,MLLM_HYB_Nano-Banana2-fake_21,1,0.5701619386672974,mllm::Nano_Banana_2,,models/v2/clip_lora_fold2_best_v1.pt,models/v2/v2_10b_h2_balanced_logreg_fold2_v1.joblib
2,resize_112,MLLM_HYB_Nano-Banana2-fake_22,1,0.5290639400482178,mllm::Nano_Banana_2,,models/v2/clip_lora_fold2_best_v1.pt,models/v2/v2_10b_h2_balanced_logreg_fold2_v1.joblib
2,resize_112,MLLM_HYB_Nano-Banana2-fake_23,1,0.7894445657730103,mllm::Nano_Banana_2,,models/v2/clip_lora_fold2_best_v1.pt,models/v2/v2_10b_h2_balanced_logreg_fold2_v1.joblib
2,resize_112,MLLM_HYB_Nano-Banana2-fake_24,1,0.5816331505775452,mllm::Nano_Banana_2,,models/v2/clip_lora_fold2_best_v1.pt,models/v2/v2_10b_h2_balanced_logreg_fold2_v1.joblib
2,resize_112,MLLM_HYB_Nano-Banana2-fake_25,1,0.8016799092292786,mllm::Nano_Banana_2,,models/v2/clip_lora_fold2_best_v1.pt,models/v2/v2_10b_h2_balanced_logreg_fold2_v1.joblib
2,resize_112,MLLM_HYB_Nano-Banana2-fake_26,1,0.8538748025894165,mllm::Nano_Banana_2,,models/v2/clip_lora_fold2_best_v1.pt,models/v2/v2_10b_h2_balanced_logreg_fold2_v1.joblib
2,resize_112,MLLM_HYB_Nano-Banana2-fake_27,1,0.8109313249588013,mllm::Nano_Banana_2,,models/v2/clip_lora_fold2_best_v1.pt,models/v2/v2_10b_h2_balanced_logreg_fold2_v1.joblib
2,resize_112,MLLM_HYB_Nano-Banana2-fake_28,1,0.8670992851257324,mllm::Nano_Banana_2,,models/v2/clip_lora_fold2_best_v1.pt,models/v2/v2_10b_h2_balanced_logreg_fold2_v1.joblib
2,resize_112,MLLM_HYB_Nano-Banana2-fake_29,1,0.8750771880149841,mllm::Nano_Banana_2,,models/v2/clip_lora_fold2_best_v1.pt,models/v2/v2_10b_h2_balanced_logreg_fold2_v1.joblib
2,resize_112,MLLM_HYB_Nano-Banana2-fake_3,1,0.9103776812553406,mllm::Nano_Banana_2,,models/v2/clip_lora_fold2_best_v1.pt,models/v2/v2_10b_h2_balanced_logreg_fold2_v1.joblib
2,resize_112,MLLM_HYB_Nano-Banana2-fake_30,1,0.7968126535415649,mllm::Nano_Banana_2,,models/v2/clip_lora_fold2_best_v1.pt,models/v2/v2_10b_h2_balanced_logreg_fold2_v1.joblib
2,resize_112,MLLM_HYB_Nano-Banana2-fake_31,1,0.686315655708313,mllm::Nano_Banana_2,,models/v2/clip_lora_fold2_best_v1.pt,models/v2/v2_10b_h2_balanced_logreg_fold2_v1.joblib
2,resize_112,MLLM_HYB_Nano-Banana2-fake_32,1,0.7298921942710876,mllm::Nano_Banana_2,,models/v2/clip_lora_fold2_best_v1.pt,models/v2/v2_10b_h2_balanced_logreg_fold2_v1.joblib
2,resize_112,MLLM_HYB_Nano-Banana2-fake_33,1,0.8804752230644226,mllm::Nano_Banana_2,,models/v2/clip_lora_fold2_best_v1.pt,models/v2/v2_10b_h2_balanced_logreg_fold2_v1.joblib
2,resize_112,MLLM_HYB_Nano-Banana2-fake_34,1,0.9533689022064209,mllm::Nano_Banana_2,,models/v2/clip_lora_fold2_best_v1.pt,models/v2/v2_10b_h2_balanced_logreg_fold2_v1.joblib
2,resize_112,MLLM_HYB_Nano-Banana2-fake_35,1,0.8928161859512329,mllm::Nano_Banana_2,,models/v2/clip_lora_fold2_best_v1.pt,models/v2/v2_10b_h2_balanced_logreg_fold2_v1.joblib
2,resize_112,MLLM_HYB_Nano-Banana2-fake_36,1,0.8596947193145752,mllm::Nano_Banana_2,,models/v2/clip_lora_fold2_best_v1.pt,models/v2/v2_10b_h2_balanced_logreg_fold2_v1.joblib
2,resize_112,MLLM_HYB_Nano-Banana2-fake_37,1,0.940371572971344,mllm::Nano_Banana_2,,models/v2/clip_lora_fold2_best_v1.pt,models/v2/v2_10b_h2_balanced_logreg_fold2_v1.joblib
2,resize_112,MLLM_HYB_Nano-Banana2-fake_38,1,0.7236192226409912,mllm::Nano_Banana_2,,models/v2/clip_lora_fold2_best_v1.pt,models/v2/v2_10b_h2_balanced_logreg_fold2_v1.joblib
2,resize_112,MLLM_HYB_Nano-Banana2-fake_39,1,0.7969138026237488,mllm::Nano_Banana_2,,models/v2/clip_lora_fold2_best_v1.pt,models/v2/v2_10b_h2_balanced_logreg_fold2_v1.joblib
2,resize_112,MLLM_HYB_Nano-Banana2-fake_4,1,0.9145911335945129,mllm::Nano_Banana_2,,models/v2/clip_lora_fold2_best_v1.pt,models/v2/v2_10b_h2_balanced_logreg_fold2_v1.joblib
2,resize_112,MLLM_HYB_Nano-Banana2-fake_40,1,0.9039733409881592,mllm::Nano_Banana_2,,models/v2/clip_lora_fold2_best_v1.pt,models/v2/v2_10b_h2_balanced_logreg_fold2_v1.joblib
2,resize_112,MLLM_HYB_Nano-Banana2-fake_41,1,0.8592439293861389,mllm::Nano_Banana_2,,models/v2/clip_lora_fold2_best_v1.pt,models/v2/v2_10b_h2_balanced_logreg_fold2_v1.joblib
2,resize_112,MLLM_HYB_Nano-Banana2-fake_42,1,0.8409586548805237,mllm::Nano_Banana_2,,models/v2/clip_lora_fold2_best_v1.pt,models/v2/v2_10b_h2_balanced_logreg_fold2_v1.joblib
2,resize_112,MLLM_HYB_Nano-Banana2-fake_43,1,0.8852751851081848,mllm::Nano_Banana_2,,models/v2/clip_lora_fold2_best_v1.pt,models/v2/v2_10b_h2_balanced_logreg_fold2_v1.joblib
2,resize_112,MLLM_HYB_Nano-Banana2-fake_44,1,0.7922624349594116,mllm::Nano_Banana_2,,models/v2/clip_lora_fold2_best_v1.pt,models/v2/v2_10b_h2_balanced_logreg_fold2_v1.joblib
2,resize_112,MLLM_HYB_Nano-Banana2-fake_45,1,0.6872778534889221,mllm::Nano_Banana_2,,models/v2/clip_lora_fold2_best_v1.pt,models/v2/v2_10b_h2_balanced_logreg_fold2_v1.joblib
2,resize_112,MLLM_HYB_Nano-Banana2-fake_46,1,0.8728601932525635,mllm::Nano_Banana_2,,models/v2/clip_lora_fold2_best_v1.pt,models/v2/v2_10b_h2_balanced_logreg_fold2_v1.joblib
2,resize_112,MLLM_HYB_Nano-Banana2-fake_47,1,0.9486122131347656,mllm::Nano_Banana_2,,models/v2/clip_lora_fold2_best_v1.pt,models/v2/v2_10b_h2_balanced_logreg_fold2_v1.joblib
2,resize_112,MLLM_HYB_Nano-Banana2-fake_48,1,0.8768836855888367,mllm::Nano_Banana_2,,models/v2/clip_lora_fold2_best_v1.pt,models/v2/v2_10b_h2_balanced_logreg_fold2_v1.joblib
2,resize_112,MLLM_HYB_Nano-Banana2-fake_49,1,0.8458137512207031,mllm::Nano_Banana_2,,models/v2/clip_lora_fold2_best_v1.pt,models/v2/v2_10b_h2_balanced_logreg_fold2_v1.joblib
2,resize_112,MLLM_HYB_Nano-Banana2-fake_5,1,0.8467981815338135,mllm::Nano_Banana_2,,models/v2/clip_lora_fold2_best_v1.pt,models/v2/v2_10b_h2_balanced_logreg_fold2_v1.joblib
2,resize_112,MLLM_HYB_Nano-Banana2-fake_50,1,0.9528972506523132,mllm::Nano_Banana_2,,models/v2/clip_lora_fold2_best_v1.pt,models/v2/v2_10b_h2_balanced_logreg_fold2_v1.joblib
2,resize_112,MLLM_HYB_Nano-Banana2-fake_51,1,0.9213616251945496,mllm::Nano_Banana_2,,models/v2/clip_lora_fold2_best_v1.pt,models/v2/v2_10b_h2_balanced_logreg_fold2_v1.joblib
2,resize_112,MLLM_HYB_Nano-Banana2-fake_52,1,0.8412288427352905,mllm::Nano_Banana_2,,models/v2/clip_lora_fold2_best_v1.pt,models/v2/v2_10b_h2_balanced_logreg_fold2_v1.joblib
2,resize_112,MLLM_HYB_Nano-Banana2-fake_53,1,0.888601541519165,mllm::Nano_Banana_2,,models/v2/clip_lora_fold2_best_v1.pt,models/v2/v2_10b_h2_balanced_logreg_fold2_v1.joblib
2,resize_112,MLLM_HYB_Nano-Banana2-fake_54,1,0.8791069388389587,mllm::Nano_Banana_2,,models/v2/clip_lora_fold2_best_v1.pt,models/v2/v2_10b_h2_balanced_logreg_fold2_v1.joblib
2,resize_112,MLLM_HYB_Nano-Banana2-fake_55,1,0.9299756288528442,mllm::Nano_Banana_2,,models/v2/clip_lora_fold2_best_v1.pt,models/v2/v2_10b_h2_balanced_logreg_fold2_v1.joblib
2,resize_112,MLLM_HYB_Nano-Banana2-fake_56,1,0.9499370455741882,mllm::Nano_Banana_2,,models/v2/clip_lora_fold2_best_v1.pt,models/v2/v2_10b_h2_balanced_logreg_fold2_v1.joblib
2,resize_112,MLLM_HYB_Nano-Banana2-fake_57,1,0.7451165914535522,mllm::Nano_Banana_2,,models/v2/clip_lora_fold2_best_v1.pt,models/v2/v2_10b_h2_balanced_logreg_fold2_v1.joblib
2,resize_112,MLLM_HYB_Nano-Banana2-fake_58,1,0.9043644666671753,mllm::Nano_Banana_2,,models/v2/clip_lora_fold2_best_v1.pt,models/v2/v2_10b_h2_balanced_logreg_fold2_v1.joblib
2,resize_112,MLLM_HYB_Nano-Banana2-fake_59,1,0.9256566762924194,mllm::Nano_Banana_2,,models/v2/clip_lora_fold2_best_v1.pt,models/v2/v2_10b_h2_balanced_logreg_fold2_v1.joblib
2,resize_112,MLLM_HYB_Nano-Banana2-fake_6,1,0.7960657477378845,mllm::Nano_Banana_2,,models/v2/clip_lora_fold2_best_v1.pt,models/v2/v2_10b_h2_balanced_logreg_fold2_v1.joblib
2,resize_112,MLLM_HYB_Nano-Banana2-fake_60,1,0.8291133046150208,mllm::Nano_Banana_2,,models/v2/clip_lora_fold2_best_v1.pt,models/v2/v2_10b_h2_balanced_logreg_fold2_v1.joblib
2,resize_112,MLLM_HYB_Nano-Banana2-fake_61,1,0.9378615617752075,mllm::Nano_Banana_2,,models/v2/clip_lora_fold2_best_v1.pt,models/v2/v2_10b_h2_balanced_logreg_fold2_v1.joblib
2,resize_112,MLLM_HYB_Nano-Banana2-fake_62,1,0.8821319937705994,mllm::Nano_Banana_2,,models/v2/clip_lora_fold2_best_v1.pt,models/v2/v2_10b_h2_balanced_logreg_fold2_v1.joblib
2,resize_112,MLLM_HYB_Nano-Banana2-fake_63,1,0.8925394415855408,mllm::Nano_Banana_2,,models/v2/clip_lora_fold2_best_v1.pt,models/v2/v2_10b_h2_balanced_logreg_fold2_v1.joblib
2,resize_112,MLLM_HYB_Nano-Banana2-fake_64,1,0.8825967311859131,mllm::Nano_Banana_2,,models/v2/clip_lora_fold2_best_v1.pt,models/v2/v2_10b_h2_balanced_logreg_fold2_v1.joblib
2,resize_112,MLLM_HYB_Nano-Banana2-fake_65,1,0.9536940455436707,mllm::Nano_Banana_2,,models/v2/clip_lora_fold2_best_v1.pt,models/v2/v2_10b_h2_balanced_logreg_fold2_v1.joblib
2,resize_112,MLLM_HYB_Nano-Banana2-fake_66,1,0.9473819732666016,mllm::Nano_Banana_2,,models/v2/clip_lora_fold2_best_v1.pt,models/v2/v2_10b_h2_balanced_logreg_fold2_v1.joblib
2,resize_112,MLLM_HYB_Nano-Banana2-fake_67,1,0.8786849975585938,mllm::Nano_Banana_2,,models/v2/clip_lora_fold2_best_v1.pt,models/v2/v2_10b_h2_balanced_logreg_fold2_v1.joblib
2,resize_112,MLLM_HYB_Nano-Banana2-fake_68,1,0.8824055790901184,mllm::Nano_Banana_2,,models/v2/clip_lora_fold2_best_v1.pt,models/v2/v2_10b_h2_balanced_logreg_fold2_v1.joblib
2,resize_112,MLLM_HYB_Nano-Banana2-fake_69,1,0.9139274954795837,mllm::Nano_Banana_2,,models/v2/clip_lora_fold2_best_v1.pt,models/v2/v2_10b_h2_balanced_logreg_fold2_v1.joblib
2,resize_112,MLLM_HYB_Nano-Banana2-fake_7,1,0.9000304937362671,mllm::Nano_Banana_2,,models/v2/clip_lora_fold2_best_v1.pt,models/v2/v2_10b_h2_balanced_logreg_fold2_v1.joblib
2,resize_112,MLLM_HYB_Nano-Banana2-fake_70,1,0.764035165309906,mllm::Nano_Banana_2,,models/v2/clip_lora_fold2_best_v1.pt,models/v2/v2_10b_h2_balanced_logreg_fold2_v1.joblib
2,resize_112,MLLM_HYB_Nano-Banana2-fake_71,1,0.9156533479690552,mllm::Nano_Banana_2,,models/v2/clip_lora_fold2_best_v1.pt,models/v2/v2_10b_h2_balanced_logreg_fold2_v1.joblib
2,resize_112,MLLM_HYB_Nano-Banana2-fake_72,1,0.7861388921737671,mllm::Nano_Banana_2,,models/v2/clip_lora_fold2_best_v1.pt,models/v2/v2_10b_h2_balanced_logreg_fold2_v1.joblib
2,resize_112,MLLM_HYB_Nano-Banana2-fake_73,1,0.9476833939552307,mllm::Nano_Banana_2,,models/v2/clip_lora_fold2_best_v1.pt,models/v2/v2_10b_h2_balanced_logreg_fold2_v1.joblib
2,resize_112,MLLM_HYB_Nano-Banana2-fake_74,1,0.9525413513183594,mllm::Nano_Banana_2,,models/v2/clip_lora_fold2_best_v1.pt,models/v2/v2_10b_h2_balanced_logreg_fold2_v1.joblib
2,resize_112,MLLM_HYB_Nano-Banana2-fake_75,1,0.5593647360801697,mllm::Nano_Banana_2,,models/v2/clip_lora_fold2_best_v1.pt,models/v2/v2_10b_h2_balanced_logreg_fold2_v1.joblib
2,resize_112,MLLM_HYB_Nano-Banana2-fake_76,1,0.8200187087059021,mllm::Nano_Banana_2,,models/v2/clip_lora_fold2_best_v1.pt,models/v2/v2_10b_h2_balanced_logreg_fold2_v1.joblib
2,resize_112,MLLM_HYB_Nano-Banana2-fake_77,1,0.9182664155960083,mllm::Nano_Banana_2,,models/v2/clip_lora_fold2_best_v1.pt,models/v2/v2_10b_h2_balanced_logreg_fold2_v1.joblib
2,resize_112,MLLM_HYB_Nano-Banana2-fake_78,1,0.9229767322540283,mllm::Nano_Banana_2,,models/v2/clip_lora_fold2_best_v1.pt,models/v2/v2_10b_h2_balanced_logreg_fold2_v1.joblib
2,resize_112,MLLM_HYB_Nano-Banana2-fake_79,1,0.926604688167572,mllm::Nano_Banana_2,,models/v2/clip_lora_fold2_best_v1.pt,models/v2/v2_10b_h2_balanced_logreg_fold2_v1.joblib
2,resize_112,MLLM_HYB_Nano-Banana2-fake_8,1,0.7173875570297241,mllm::Nano_Banana_2,,models/v2/clip_lora_fold2_best_v1.pt,models/v2/v2_10b_h2_balanced_logreg_fold2_v1.joblib
2,resize_112,MLLM_HYB_Nano-Banana2-fake_80,1,0.9067105650901794,mllm::Nano_Banana_2,,models/v2/clip_lora_fold2_best_v1.pt,models/v2/v2_10b_h2_balanced_logreg_fold2_v1.joblib
2,resize_112,MLLM_HYB_Nano-Banana2-fake_81,1,0.7857532501220703,mllm::Nano_Banana_2,,models/v2/clip_lora_fold2_best_v1.pt,models/v2/v2_10b_h2_balanced_logreg_fold2_v1.joblib
2,resize_112,MLLM_HYB_Nano-Banana2-fake_82,1,0.7036298513412476,mllm::Nano_Banana_2,,models/v2/clip_lora_fold2_best_v1.pt,models/v2/v2_10b_h2_balanced_logreg_fold2_v1.joblib
2,resize_112,MLLM_HYB_Nano-Banana2-fake_83,1,0.8733964562416077,mllm::Nano_Banana_2,,models/v2/clip_lora_fold2_best_v1.pt,models/v2/v2_10b_h2_balanced_logreg_fold2_v1.joblib
2,resize_112,MLLM_HYB_Nano-Banana2-fake_84,1,0.9298385381698608,mllm::Nano_Banana_2,,models/v2/clip_lora_fold2_best_v1.pt,models/v2/v2_10b_h2_balanced_logreg_fold2_v1.joblib
2,resize_112,MLLM_HYB_Nano-Banana2-fake_85,1,0.5943855047225952,mllm::Nano_Banana_2,,models/v2/clip_lora_fold2_best_v1.pt,models/v2/v2_10b_h2_balanced_logreg_fold2_v1.joblib
2,resize_112,MLLM_HYB_Nano-Banana2-fake_86,1,0.5981119275093079,mllm::Nano_Banana_2,,models/v2/clip_lora_fold2_best_v1.pt,models/v2/v2_10b_h2_balanced_logreg_fold2_v1.joblib
2,resize_112,MLLM_HYB_Nano-Banana2-fake_87,1,0.819216251373291,mllm::Nano_Banana_2,,models/v2/clip_lora_fold2_best_v1.pt,models/v2/v2_10b_h2_balanced_logreg_fold2_v1.joblib
2,resize_112,MLLM_HYB_Nano-Banana2-fake_88,1,0.903264045715332,mllm::Nano_Banana_2,,models/v2/clip_lora_fold2_best_v1.pt,models/v2/v2_10b_h2_balanced_logreg_fold2_v1.joblib
2,resize_112,MLLM_HYB_Nano-Banana2-fake_89,1,0.8056949377059937,mllm::Nano_Banana_2,,models/v2/clip_lora_fold2_best_v1.pt,models/v2/v2_10b_h2_balanced_logreg_fold2_v1.joblib
2,resize_112,MLLM_HYB_Nano-Banana2-fake_9,1,0.663979709148407,mllm::Nano_Banana_2,,models/v2/clip_lora_fold2_best_v1.pt,models/v2/v2_10b_h2_balanced_logreg_fold2_v1.joblib
2,resize_112,MLLM_HYB_Nano-Banana2-fake_90,1,0.7676597237586975,mllm::Nano_Banana_2,,models/v2/clip_lora_fold2_best_v1.pt,models/v2/v2_10b_h2_balanced_logreg_fold2_v1.joblib
2,resize_112,MLLM_HYB_Nano-Banana2-fake_91,1,0.9145867824554443,mllm::Nano_Banana_2,,models/v2/clip_lora_fold2_best_v1.pt,models/v2/v2_10b_h2_balanced_logreg_fold2_v1.joblib
2,resize_112,MLLM_HYB_Nano-Banana2-fake_92,1,0.8749483823776245,mllm::Nano_Banana_2,,models/v2/clip_lora_fold2_best_v1.pt,models/v2/v2_10b_h2_balanced_logreg_fold2_v1.joblib
2,resize_112,MLLM_HYB_Nano-Banana2-fake_93,1,0.6577251553535461,mllm::Nano_Banana_2,,models/v2/clip_lora_fold2_best_v1.pt,models/v2/v2_10b_h2_balanced_logreg_fold2_v1.joblib
2,resize_112,MLLM_HYB_Nano-Banana2-fake_94,1,0.8199223875999451,mllm::Nano_Banana_2,,models/v2/clip_lora_fold2_best_v1.pt,models/v2/v2_10b_h2_balanced_logreg_fold2_v1.joblib
2,resize_112,MLLM_HYB_Nano-Banana2-fake_95,1,0.9299572706222534,mllm::Nano_Banana_2,,models/v2/clip_lora_fold2_best_v1.pt,models/v2/v2_10b_h2_balanced_logreg_fold2_v1.joblib
2,resize_112,MLLM_HYB_Nano-Banana2-fake_96,1,0.7679911255836487,mllm::Nano_Banana_2,,models/v2/clip_lora_fold2_best_v1.pt,models/v2/v2_10b_h2_balanced_logreg_fold2_v1.joblib
2,resize_112,MLLM_HYB_Nano-Banana2-fake_97,1,0.9187183976173401,mllm::Nano_Banana_2,,models/v2/clip_lora_fold2_best_v1.pt,models/v2/v2_10b_h2_balanced_logreg_fold2_v1.joblib
2,resize_112,MLLM_HYB_Nano-Banana2-fake_98,1,0.9055224657058716,mllm::Nano_Banana_2,,models/v2/clip_lora_fold2_best_v1.pt,models/v2/v2_10b_h2_balanced_logreg_fold2_v1.joblib
2,resize_112,MLLM_HYB_Nano-Banana2-fake_99,1,0.7900558114051819,mllm::Nano_Banana_2,,models/v2/clip_lora_fold2_best_v1.pt,models/v2/v2_10b_h2_balanced_logreg_fold2_v1.joblib
2,resize_112,MLLM_HYB_real_106,0,0.7172845602035522,real::MLLM,MLLM,models/v2/clip_lora_fold2_best_v1.pt,models/v2/v2_10b_h2_balanced_logreg_fold2_v1.joblib
2,resize_112,MLLM_HYB_real_108,0,0.7492528557777405,real::MLLM,MLLM,models/v2/clip_lora_fold2_best_v1.pt,models/v2/v2_10b_h2_balanced_logreg_fold2_v1.joblib
2,resize_112,MLLM_HYB_real_11,0,0.6835964918136597,real::MLLM,MLLM,models/v2/clip_lora_fold2_best_v1.pt,models/v2/v2_10b_h2_balanced_logreg_fold2_v1.joblib
2,resize_112,MLLM_HYB_real_111,0,0.6138573288917542,real::MLLM,MLLM,models/v2/clip_lora_fold2_best_v1.pt,models/v2/v2_10b_h2_balanced_logreg_fold2_v1.joblib
2,resize_112,MLLM_HYB_real_120,0,0.9055017232894897,real::MLLM,MLLM,models/v2/clip_lora_fold2_best_v1.pt,models/v2/v2_10b_h2_balanced_logreg_fold2_v1.joblib
2,resize_112,MLLM_HYB_real_123,0,0.895471453666687,real::MLLM,MLLM,models/v2/clip_lora_fold2_best_v1.pt,models/v2/v2_10b_h2_balanced_logreg_fold2_v1.joblib
2,resize_112,MLLM_HYB_real_129,0,0.7716919779777527,real::MLLM,MLLM,models/v2/clip_lora_fold2_best_v1.pt,models/v2/v2_10b_h2_balanced_logreg_fold2_v1.joblib
2,resize_112,MLLM_HYB_real_137,0,0.7755481600761414,real::MLLM,MLLM,models/v2/clip_lora_fold2_best_v1.pt,models/v2/v2_10b_h2_balanced_logreg_fold2_v1.joblib
2,resize_112,MLLM_HYB_real_139,0,0.832206666469574,real::MLLM,MLLM,models/v2/clip_lora_fold2_best_v1.pt,models/v2/v2_10b_h2_balanced_logreg_fold2_v1.joblib
2,resize_112,MLLM_HYB_real_147,0,0.7516656517982483,real::MLLM,MLLM,models/v2/clip_lora_fold2_best_v1.pt,models/v2/v2_10b_h2_balanced_logreg_fold2_v1.joblib
2,resize_112,MLLM_HYB_real_149,0,0.9319874048233032,real::MLLM,MLLM,models/v2/clip_lora_fold2_best_v1.pt,models/v2/v2_10b_h2_balanced_logreg_fold2_v1.joblib
2,resize_112,MLLM_HYB_real_151,0,0.7390270233154297,real::MLLM,MLLM,models/v2/clip_lora_fold2_best_v1.pt,models/v2/v2_10b_h2_balanced_logreg_fold2_v1.joblib
2,resize_112,MLLM_HYB_real_159,0,0.8908703327178955,real::MLLM,MLLM,models/v2/clip_lora_fold2_best_v1.pt,models/v2/v2_10b_h2_balanced_logreg_fold2_v1.joblib
2,resize_112,MLLM_HYB_real_161,0,0.9313381314277649,real::MLLM,MLLM,models/v2/clip_lora_fold2_best_v1.pt,models/v2/v2_10b_h2_balanced_logreg_fold2_v1.joblib
2,resize_112,MLLM_HYB_real_17,0,0.8971334099769592,real::MLLM,MLLM,models/v2/clip_lora_fold2_best_v1.pt,models/v2/v2_10b_h2_balanced_logreg_fold2_v1.joblib
2,resize_112,MLLM_HYB_real_175,0,0.8340651988983154,real::MLLM,MLLM,models/v2/clip_lora_fold2_best_v1.pt,models/v2/v2_10b_h2_balanced_logreg_fold2_v1.joblib
2,resize_112,MLLM_HYB_real_184,0,0.9132346510887146,real::MLLM,MLLM,models/v2/clip_lora_fold2_best_v1.pt,models/v2/v2_10b_h2_balanced_logreg_fold2_v1.joblib
2,resize_112,MLLM_HYB_real_189,0,0.9197981357574463,real::MLLM,MLLM,models/v2/clip_lora_fold2_best_v1.pt,models/v2/v2_10b_h2_balanced_logreg_fold2_v1.joblib
2,resize_112,MLLM_HYB_real_19,0,0.9170233607292175,real::MLLM,MLLM,models/v2/clip_lora_fold2_best_v1.pt,models/v2/v2_10b_h2_balanced_logreg_fold2_v1.joblib
2,resize_112,MLLM_HYB_real_195,0,0.9127646088600159,real::MLLM,MLLM,models/v2/clip_lora_fold2_best_v1.pt,models/v2/v2_10b_h2_balanced_logreg_fold2_v1.joblib
2,resize_112,MLLM_HYB_real_24,0,0.9535015225410461,real::MLLM,MLLM,models/v2/clip_lora_fold2_best_v1.pt,models/v2/v2_10b_h2_balanced_logreg_fold2_v1.joblib
2,resize_112,MLLM_HYB_real_28,0,0.8814420104026794,real::MLLM,MLLM,models/v2/clip_lora_fold2_best_v1.pt,models/v2/v2_10b_h2_balanced_logreg_fold2_v1.joblib
2,resize_112,MLLM_HYB_real_31,0,0.6997095346450806,real::MLLM,MLLM,models/v2/clip_lora_fold2_best_v1.pt,models/v2/v2_10b_h2_balanced_logreg_fold2_v1.joblib
2,resize_112,MLLM_HYB_real_33,0,0.8135301470756531,real::MLLM,MLLM,models/v2/clip_lora_fold2_best_v1.pt,models/v2/v2_10b_h2_balanced_logreg_fold2_v1.joblib
2,resize_112,MLLM_HYB_real_38,0,0.6883201003074646,real::MLLM,MLLM,models/v2/clip_lora_fold2_best_v1.pt,models/v2/v2_10b_h2_balanced_logreg_fold2_v1.joblib
2,resize_112,MLLM_HYB_real_43,0,0.7653441429138184,real::MLLM,MLLM,models/v2/clip_lora_fold2_best_v1.pt,models/v2/v2_10b_h2_balanced_logreg_fold2_v1.joblib
2,resize_112,MLLM_HYB_real_55,0,0.8505924344062805,real::MLLM,MLLM,models/v2/clip_lora_fold2_best_v1.pt,models/v2/v2_10b_h2_balanced_logreg_fold2_v1.joblib
2,resize_112,MLLM_HYB_real_60,0,0.9332616329193115,real::MLLM,MLLM,models/v2/clip_lora_fold2_best_v1.pt,models/v2/v2_10b_h2_balanced_logreg_fold2_v1.joblib
2,resize_112,MLLM_HYB_real_82,0,0.742159366607666,real::MLLM,MLLM,models/v2/clip_lora_fold2_best_v1.pt,models/v2/v2_10b_h2_balanced_logreg_fold2_v1.joblib
2,resize_112,MLLM_HYB_real_83,0,0.8205365538597107,real::MLLM,MLLM,models/v2/clip_lora_fold2_best_v1.pt,models/v2/v2_10b_h2_balanced_logreg_fold2_v1.joblib
2,resize_112,MLLM_HYB_real_89,0,0.863797664642334,real::MLLM,MLLM,models/v2/clip_lora_fold2_best_v1.pt,models/v2/v2_10b_h2_balanced_logreg_fold2_v1.joblib
2,resize_112,MLLM_STR_Nano-Banana2-fake_1,1,0.44974052906036377,mllm::Nano_Banana_2,,models/v2/clip_lora_fold2_best_v1.pt,models/v2/v2_10b_h2_balanced_logreg_fold2_v1.joblib
2,resize_112,MLLM_STR_Nano-Banana2-fake_10,1,0.6615714430809021,mllm::Nano_Banana_2,,models/v2/clip_lora_fold2_best_v1.pt,models/v2/v2_10b_h2_balanced_logreg_fold2_v1.joblib
2,resize_112,MLLM_STR_Nano-Banana2-fake_100,1,0.7645578384399414,mllm::Nano_Banana_2,,models/v2/clip_lora_fold2_best_v1.pt,models/v2/v2_10b_h2_balanced_logreg_fold2_v1.joblib
2,resize_112,MLLM_STR_Nano-Banana2-fake_101,1,0.4471798837184906,mllm::Nano_Banana_2,,models/v2/clip_lora_fold2_best_v1.pt,models/v2/v2_10b_h2_balanced_logreg_fold2_v1.joblib
2,resize_112,MLLM_STR_Nano-Banana2-fake_102,1,0.5033808946609497,mllm::Nano_Banana_2,,models/v2/clip_lora_fold2_best_v1.pt,models/v2/v2_10b_h2_balanced_logreg_fold2_v1.joblib
2,resize_112,MLLM_STR_Nano-Banana2-fake_103,1,0.6855043172836304,mllm::Nano_Banana_2,,models/v2/clip_lora_fold2_best_v1.pt,models/v2/v2_10b_h2_balanced_logreg_fold2_v1.joblib
2,resize_112,MLLM_STR_Nano-Banana2-fake_104,1,0.7790653705596924,mllm::Nano_Banana_2,,models/v2/clip_lora_fold2_best_v1.pt,models/v2/v2_10b_h2_balanced_logreg_fold2_v1.joblib
2,resize_112,MLLM_STR_Nano-Banana2-fake_105,1,0.8161025643348694,mllm::Nano_Banana_2,,models/v2/clip_lora_fold2_best_v1.pt,models/v2/v2_10b_h2_balanced_logreg_fold2_v1.joblib
2,resize_112,MLLM_STR_Nano-Banana2-fake_106,1,0.968295156955719,mllm::Nano_Banana_2,,models/v2/clip_lora_fold2_best_v1.pt,models/v2/v2_10b_h2_balanced_logreg_fold2_v1.joblib
2,resize_112,MLLM_STR_Nano-Banana2-fake_107,1,0.9398657083511353,mllm::Nano_Banana_2,,models/v2/clip_lora_fold2_best_v1.pt,models/v2/v2_10b_h2_balanced_logreg_fold2_v1.joblib
2,resize_112,MLLM_STR_Nano-Banana2-fake_108,1,0.9085883498191833,mllm::Nano_Banana_2,,models/v2/clip_lora_fold2_best_v1.pt,models/v2/v2_10b_h2_balanced_logreg_fold2_v1.joblib
2,resize_112,MLLM_STR_Nano-Banana2-fake_109,1,0.9436023831367493,mllm::Nano_Banana_2,,models/v2/clip_lora_fold2_best_v1.pt,models/v2/v2_10b_h2_balanced_logreg_fold2_v1.joblib
2,resize_112,MLLM_STR_Nano-Banana2-fake_11,1,0.861361563205719,mllm::Nano_Banana_2,,models/v2/clip_lora_fold2_best_v1.pt,models/v2/v2_10b_h2_balanced_logreg_fold2_v1.joblib
2,resize_112,MLLM_STR_Nano-Banana2-fake_110,1,0.8711055517196655,mllm::Nano_Banana_2,,models/v2/clip_lora_fold2_best_v1.pt,models/v2/v2_10b_h2_balanced_logreg_fold2_v1.joblib
2,resize_112,MLLM_STR_Nano-Banana2-fake_111,1,0.883543074131012,mllm::Nano_Banana_2,,models/v2/clip_lora_fold2_best_v1.pt,models/v2/v2_10b_h2_balanced_logreg_fold2_v1.joblib
2,resize_112,MLLM_STR_Nano-Banana2-fake_112,1,0.932741105556488,mllm::Nano_Banana_2,,models/v2/clip_lora_fold2_best_v1.pt,models/v2/v2_10b_h2_balanced_logreg_fold2_v1.joblib
2,resize_112,MLLM_STR_Nano-Banana2-fake_113,1,0.951189398765564,mllm::Nano_Banana_2,,models/v2/clip_lora_fold2_best_v1.pt,models/v2/v2_10b_h2_balanced_logreg_fold2_v1.joblib
2,resize_112,MLLM_STR_Nano-Banana2-fake_114,1,0.9386845231056213,mllm::Nano_Banana_2,,models/v2/clip_lora_fold2_best_v1.pt,models/v2/v2_10b_h2_balanced_logreg_fold2_v1.joblib
2,resize_112,MLLM_STR_Nano-Banana2-fake_115,1,0.9475620985031128,mllm::Nano_Banana_2,,models/v2/clip_lora_fold2_best_v1.pt,models/v2/v2_10b_h2_balanced_logreg_fold2_v1.joblib
2,resize_112,MLLM_STR_Nano-Banana2-fake_116,1,0.907415509223938,mllm::Nano_Banana_2,,models/v2/clip_lora_fold2_best_v1.pt,models/v2/v2_10b_h2_balanced_logreg_fold2_v1.joblib
2,resize_112,MLLM_STR_Nano-Banana2-fake_117,1,0.8886672258377075,mllm::Nano_Banana_2,,models/v2/clip_lora_fold2_best_v1.pt,models/v2/v2_10b_h2_balanced_logreg_fold2_v1.joblib
2,resize_112,MLLM_STR_Nano-Banana2-fake_118,1,0.6973186731338501,mllm::Nano_Banana_2,,models/v2/clip_lora_fold2_best_v1.pt,models/v2/v2_10b_h2_balanced_logreg_fold2_v1.joblib
2,resize_112,MLLM_STR_Nano-Banana2-fake_119,1,0.8821465969085693,mllm::Nano_Banana_2,,models/v2/clip_lora_fold2_best_v1.pt,models/v2/v2_10b_h2_balanced_logreg_fold2_v1.joblib
2,resize_112,MLLM_STR_Nano-Banana2-fake_12,1,0.7872797250747681,mllm::Nano_Banana_2,,models/v2/clip_lora_fold2_best_v1.pt,models/v2/v2_10b_h2_balanced_logreg_fold2_v1.joblib
2,resize_112,MLLM_STR_Nano-Banana2-fake_120,1,0.8839078545570374,mllm::Nano_Banana_2,,models/v2/clip_lora_fold2_best_v1.pt,models/v2/v2_10b_h2_balanced_logreg_fold2_v1.joblib
2,resize_112,MLLM_STR_Nano-Banana2-fake_121,1,0.9443261623382568,mllm::Nano_Banana_2,,models/v2/clip_lora_fold2_best_v1.pt,models/v2/v2_10b_h2_balanced_logreg_fold2_v1.joblib
2,resize_112,MLLM_STR_Nano-Banana2-fake_122,1,0.9545416831970215,mllm::Nano_Banana_2,,models/v2/clip_lora_fold2_best_v1.pt,models/v2/v2_10b_h2_balanced_logreg_fold2_v1.joblib
2,resize_112,MLLM_STR_Nano-Banana2-fake_123,1,0.775144100189209,mllm::Nano_Banana_2,,models/v2/clip_lora_fold2_best_v1.pt,models/v2/v2_10b_h2_balanced_logreg_fold2_v1.joblib
2,resize_112,MLLM_STR_Nano-Banana2-fake_124,1,0.969673216342926,mllm::Nano_Banana_2,,models/v2/clip_lora_fold2_best_v1.pt,models/v2/v2_10b_h2_balanced_logreg_fold2_v1.joblib
2,resize_112,MLLM_STR_Nano-Banana2-fake_125,1,0.8733890056610107,mllm::Nano_Banana_2,,models/v2/clip_lora_fold2_best_v1.pt,models/v2/v2_10b_h2_balanced_logreg_fold2_v1.joblib
2,resize_112,MLLM_STR_Nano-Banana2-fake_126,1,0.8761664628982544,mllm::Nano_Banana_2,,models/v2/clip_lora_fold2_best_v1.pt,models/v2/v2_10b_h2_balanced_logreg_fold2_v1.joblib
2,resize_112,MLLM_STR_Nano-Banana2-fake_127,1,0.972241997718811,mllm::Nano_Banana_2,,models/v2/clip_lora_fold2_best_v1.pt,models/v2/v2_10b_h2_balanced_logreg_fold2_v1.joblib
2,resize_112,MLLM_STR_Nano-Banana2-fake_128,1,0.9436655044555664,mllm::Nano_Banana_2,,models/v2/clip_lora_fold2_best_v1.pt,models/v2/v2_10b_h2_balanced_logreg_fold2_v1.joblib
2,resize_112,MLLM_STR_Nano-Banana2-fake_129,1,0.9502865672111511,mllm::Nano_Banana_2,,models/v2/clip_lora_fold2_best_v1.pt,models/v2/v2_10b_h2_balanced_logreg_fold2_v1.joblib
2,resize_112,MLLM_STR_Nano-Banana2-fake_13,1,0.9435098171234131,mllm::Nano_Banana_2,,models/v2/clip_lora_fold2_best_v1.pt,models/v2/v2_10b_h2_balanced_logreg_fold2_v1.joblib
2,resize_112,MLLM_STR_Nano-Banana2-fake_130,1,0.9433125853538513,mllm::Nano_Banana_2,,models/v2/clip_lora_fold2_best_v1.pt,models/v2/v2_10b_h2_balanced_logreg_fold2_v1.joblib
2,resize_112,MLLM_STR_Nano-Banana2-fake_131,1,0.9193865656852722,mllm::Nano_Banana_2,,models/v2/clip_lora_fold2_best_v1.pt,models/v2/v2_10b_h2_balanced_logreg_fold2_v1.joblib
2,resize_112,MLLM_STR_Nano-Banana2-fake_132,1,0.8729682564735413,mllm::Nano_Banana_2,,models/v2/clip_lora_fold2_best_v1.pt,models/v2/v2_10b_h2_balanced_logreg_fold2_v1.joblib
2,resize_112,MLLM_STR_Nano-Banana2-fake_133,1,0.9507775902748108,mllm::Nano_Banana_2,,models/v2/clip_lora_fold2_best_v1.pt,models/v2/v2_10b_h2_balanced_logreg_fold2_v1.joblib
2,resize_112,MLLM_STR_Nano-Banana2-fake_134,1,0.8439999222755432,mllm::Nano_Banana_2,,models/v2/clip_lora_fold2_best_v1.pt,models/v2/v2_10b_h2_balanced_logreg_fold2_v1.joblib
2,resize_112,MLLM_STR_Nano-Banana2-fake_135,1,0.900535523891449,mllm::Nano_Banana_2,,models/v2/clip_lora_fold2_best_v1.pt,models/v2/v2_10b_h2_balanced_logreg_fold2_v1.joblib
2,resize_112,MLLM_STR_Nano-Banana2-fake_136,1,0.9531635046005249,mllm::Nano_Banana_2,,models/v2/clip_lora_fold2_best_v1.pt,models/v2/v2_10b_h2_balanced_logreg_fold2_v1.joblib
2,resize_112,MLLM_STR_Nano-Banana2-fake_137,1,0.75302654504776,mllm::Nano_Banana_2,,models/v2/clip_lora_fold2_best_v1.pt,models/v2/v2_10b_h2_balanced_logreg_fold2_v1.joblib
2,resize_112,MLLM_STR_Nano-Banana2-fake_138,1,0.9162462949752808,mllm::Nano_Banana_2,,models/v2/clip_lora_fold2_best_v1.pt,models/v2/v2_10b_h2_balanced_logreg_fold2_v1.joblib
2,resize_112,MLLM_STR_Nano-Banana2-fake_139,1,0.8183528780937195,mllm::Nano_Banana_2,,models/v2/clip_lora_fold2_best_v1.pt,models/v2/v2_10b_h2_balanced_logreg_fold2_v1.joblib
2,resize_112,MLLM_STR_Nano-Banana2-fake_14,1,0.9533694386482239,mllm::Nano_Banana_2,,models/v2/clip_lora_fold2_best_v1.pt,models/v2/v2_10b_h2_balanced_logreg_fold2_v1.joblib
2,resize_112,MLLM_STR_Nano-Banana2-fake_140,1,0.9260690808296204,mllm::Nano_Banana_2,,models/v2/clip_lora_fold2_best_v1.pt,models/v2/v2_10b_h2_balanced_logreg_fold2_v1.joblib
2,resize_112,MLLM_STR_Nano-Banana2-fake_141,1,0.9213680028915405,mllm::Nano_Banana_2,,models/v2/clip_lora_fold2_best_v1.pt,models/v2/v2_10b_h2_balanced_logreg_fold2_v1.joblib
2,resize_112,MLLM_STR_Nano-Banana2-fake_142,1,0.7563541531562805,mllm::Nano_Banana_2,,models/v2/clip_lora_fold2_best_v1.pt,models/v2/v2_10b_h2_balanced_logreg_fold2_v1.joblib
2,resize_112,MLLM_STR_Nano-Banana2-fake_143,1,0.9066563844680786,mllm::Nano_Banana_2,,models/v2/clip_lora_fold2_best_v1.pt,models/v2/v2_10b_h2_balanced_logreg_fold2_v1.joblib
2,resize_112,MLLM_STR_Nano-Banana2-fake_144,1,0.9019599556922913,mllm::Nano_Banana_2,,models/v2/clip_lora_fold2_best_v1.pt,models/v2/v2_10b_h2_balanced_logreg_fold2_v1.joblib
2,resize_112,MLLM_STR_Nano-Banana2-fake_145,1,0.9686182737350464,mllm::Nano_Banana_2,,models/v2/clip_lora_fold2_best_v1.pt,models/v2/v2_10b_h2_balanced_logreg_fold2_v1.joblib
2,resize_112,MLLM_STR_Nano-Banana2-fake_146,1,0.9384629726409912,mllm::Nano_Banana_2,,models/v2/clip_lora_fold2_best_v1.pt,models/v2/v2_10b_h2_balanced_logreg_fold2_v1.joblib
2,resize_112,MLLM_STR_Nano-Banana2-fake_147,1,0.9038255214691162,mllm::Nano_Banana_2,,models/v2/clip_lora_fold2_best_v1.pt,models/v2/v2_10b_h2_balanced_logreg_fold2_v1.joblib
2,resize_112,MLLM_STR_Nano-Banana2-fake_148,1,0.8909335732460022,mllm::Nano_Banana_2,,models/v2/clip_lora_fold2_best_v1.pt,models/v2/v2_10b_h2_balanced_logreg_fold2_v1.joblib
2,resize_112,MLLM_STR_Nano-Banana2-fake_149,1,0.956789493560791,mllm::Nano_Banana_2,,models/v2/clip_lora_fold2_best_v1.pt,models/v2/v2_10b_h2_balanced_logreg_fold2_v1.joblib
2,resize_112,MLLM_STR_Nano-Banana2-fake_15,1,0.6895241141319275,mllm::Nano_Banana_2,,models/v2/clip_lora_fold2_best_v1.pt,models/v2/v2_10b_h2_balanced_logreg_fold2_v1.joblib
2,resize_112,MLLM_STR_Nano-Banana2-fake_150,1,0.9373591542243958,mllm::Nano_Banana_2,,models/v2/clip_lora_fold2_best_v1.pt,models/v2/v2_10b_h2_balanced_logreg_fold2_v1.joblib
2,resize_112,MLLM_STR_Nano-Banana2-fake_151,1,0.7572601437568665,mllm::Nano_Banana_2,,models/v2/clip_lora_fold2_best_v1.pt,models/v2/v2_10b_h2_balanced_logreg_fold2_v1.joblib
2,resize_112,MLLM_STR_Nano-Banana2-fake_152,1,0.8327202200889587,mllm::Nano_Banana_2,,models/v2/clip_lora_fold2_best_v1.pt,models/v2/v2_10b_h2_balanced_logreg_fold2_v1.joblib
2,resize_112,MLLM_STR_Nano-Banana2-fake_153,1,0.9207807183265686,mllm::Nano_Banana_2,,models/v2/clip_lora_fold2_best_v1.pt,models/v2/v2_10b_h2_balanced_logreg_fold2_v1.joblib
2,resize_112,MLLM_STR_Nano-Banana2-fake_154,1,0.9417183995246887,mllm::Nano_Banana_2,,models/v2/clip_lora_fold2_best_v1.pt,models/v2/v2_10b_h2_balanced_logreg_fold2_v1.joblib
2,resize_112,MLLM_STR_Nano-Banana2-fake_155,1,0.8906253576278687,mllm::Nano_Banana_2,,models/v2/clip_lora_fold2_best_v1.pt,models/v2/v2_10b_h2_balanced_logreg_fold2_v1.joblib
2,resize_112,MLLM_STR_Nano-Banana2-fake_156,1,0.8773200511932373,mllm::Nano_Banana_2,,models/v2/clip_lora_fold2_best_v1.pt,models/v2/v2_10b_h2_balanced_logreg_fold2_v1.joblib
2,resize_112,MLLM_STR_Nano-Banana2-fake_157,1,0.8933724164962769,mllm::Nano_Banana_2,,models/v2/clip_lora_fold2_best_v1.pt,models/v2/v2_10b_h2_balanced_logreg_fold2_v1.joblib
2,resize_112,MLLM_STR_Nano-Banana2-fake_158,1,0.9493705630302429,mllm::Nano_Banana_2,,models/v2/clip_lora_fold2_best_v1.pt,models/v2/v2_10b_h2_balanced_logreg_fold2_v1.joblib
2,resize_112,MLLM_STR_Nano-Banana2-fake_159,1,0.43475428223609924,mllm::Nano_Banana_2,,models/v2/clip_lora_fold2_best_v1.pt,models/v2/v2_10b_h2_balanced_logreg_fold2_v1.joblib
2,resize_112,MLLM_STR_Nano-Banana2-fake_16,1,0.7331006526947021,mllm::Nano_Banana_2,,models/v2/clip_lora_fold2_best_v1.pt,models/v2/v2_10b_h2_balanced_logreg_fold2_v1.joblib
2,resize_112,MLLM_STR_Nano-Banana2-fake_160,1,0.873985767364502,mllm::Nano_Banana_2,,models/v2/clip_lora_fold2_best_v1.pt,models/v2/v2_10b_h2_balanced_logreg_fold2_v1.joblib
2,resize_112,MLLM_STR_Nano-Banana2-fake_161,1,0.7095884084701538,mllm::Nano_Banana_2,,models/v2/clip_lora_fold2_best_v1.pt,models/v2/v2_10b_h2_balanced_logreg_fold2_v1.joblib
2,resize_112,MLLM_STR_Nano-Banana2-fake_162,1,0.827581524848938,mllm::Nano_Banana_2,,models/v2/clip_lora_fold2_best_v1.pt,models/v2/v2_10b_h2_balanced_logreg_fold2_v1.joblib
2,resize_112,MLLM_STR_Nano-Banana2-fake_163,1,0.8535162806510925,mllm::Nano_Banana_2,,models/v2/clip_lora_fold2_best_v1.pt,models/v2/v2_10b_h2_balanced_logreg_fold2_v1.joblib
2,resize_112,MLLM_STR_Nano-Banana2-fake_164,1,0.9536954760551453,mllm::Nano_Banana_2,,models/v2/clip_lora_fold2_best_v1.pt,models/v2/v2_10b_h2_balanced_logreg_fold2_v1.joblib
2,resize_112,MLLM_STR_Nano-Banana2-fake_165,1,0.9309736490249634,mllm::Nano_Banana_2,,models/v2/clip_lora_fold2_best_v1.pt,models/v2/v2_10b_h2_balanced_logreg_fold2_v1.joblib
2,resize_112,MLLM_STR_Nano-Banana2-fake_166,1,0.954064130783081,mllm::Nano_Banana_2,,models/v2/clip_lora_fold2_best_v1.pt,models/v2/v2_10b_h2_balanced_logreg_fold2_v1.joblib
2,resize_112,MLLM_STR_Nano-Banana2-fake_167,1,0.9026524424552917,mllm::Nano_Banana_2,,models/v2/clip_lora_fold2_best_v1.pt,models/v2/v2_10b_h2_balanced_logreg_fold2_v1.joblib
2,resize_112,MLLM_STR_Nano-Banana2-fake_168,1,0.9260266423225403,mllm::Nano_Banana_2,,models/v2/clip_lora_fold2_best_v1.pt,models/v2/v2_10b_h2_balanced_logreg_fold2_v1.joblib
2,resize_112,MLLM_STR_Nano-Banana2-fake_169,1,0.8864468336105347,mllm::Nano_Banana_2,,models/v2/clip_lora_fold2_best_v1.pt,models/v2/v2_10b_h2_balanced_logreg_fold2_v1.joblib
2,resize_112,MLLM_STR_Nano-Banana2-fake_17,1,0.6199382543563843,mllm::Nano_Banana_2,,models/v2/clip_lora_fold2_best_v1.pt,models/v2/v2_10b_h2_balanced_logreg_fold2_v1.joblib
2,resize_112,MLLM_STR_Nano-Banana2-fake_170,1,0.9731608033180237,mllm::Nano_Banana_2,,models/v2/clip_lora_fold2_best_v1.pt,models/v2/v2_10b_h2_balanced_logreg_fold2_v1.joblib
2,resize_112,MLLM_STR_Nano-Banana2-fake_171,1,0.7346951961517334,mllm::Nano_Banana_2,,models/v2/clip_lora_fold2_best_v1.pt,models/v2/v2_10b_h2_balanced_logreg_fold2_v1.joblib
2,resize_112,MLLM_STR_Nano-Banana2-fake_172,1,0.9714497923851013,mllm::Nano_Banana_2,,models/v2/clip_lora_fold2_best_v1.pt,models/v2/v2_10b_h2_balanced_logreg_fold2_v1.joblib
2,resize_112,MLLM_STR_Nano-Banana2-fake_173,1,0.7821674346923828,mllm::Nano_Banana_2,,models/v2/clip_lora_fold2_best_v1.pt,models/v2/v2_10b_h2_balanced_logreg_fold2_v1.joblib
2,resize_112,MLLM_STR_Nano-Banana2-fake_174,1,0.9868637323379517,mllm::Nano_Banana_2,,models/v2/clip_lora_fold2_best_v1.pt,models/v2/v2_10b_h2_balanced_logreg_fold2_v1.joblib
2,resize_112,MLLM_STR_Nano-Banana2-fake_175,1,0.905018150806427,mllm::Nano_Banana_2,,models/v2/clip_lora_fold2_best_v1.pt,models/v2/v2_10b_h2_balanced_logreg_fold2_v1.joblib
2,resize_112,MLLM_STR_Nano-Banana2-fake_176,1,0.9243785738945007,mllm::Nano_Banana_2,,models/v2/clip_lora_fold2_best_v1.pt,models/v2/v2_10b_h2_balanced_logreg_fold2_v1.joblib
2,resize_112,MLLM_STR_Nano-Banana2-fake_177,1,0.8719316124916077,mllm::Nano_Banana_2,,models/v2/clip_lora_fold2_best_v1.pt,models/v2/v2_10b_h2_balanced_logreg_fold2_v1.joblib
2,resize_112,MLLM_STR_Nano-Banana2-fake_178,1,0.9181325435638428,mllm::Nano_Banana_2,,models/v2/clip_lora_fold2_best_v1.pt,models/v2/v2_10b_h2_balanced_logreg_fold2_v1.joblib
2,resize_112,MLLM_STR_Nano-Banana2-fake_179,1,0.8652946949005127,mllm::Nano_Banana_2,,models/v2/clip_lora_fold2_best_v1.pt,models/v2/v2_10b_h2_balanced_logreg_fold2_v1.joblib
2,resize_112,MLLM_STR_Nano-Banana2-fake_18,1,0.5660946369171143,mllm::Nano_Banana_2,,models/v2/clip_lora_fold2_best_v1.pt,models/v2/v2_10b_h2_balanced_logreg_fold2_v1.joblib
2,resize_112,MLLM_STR_Nano-Banana2-fake_180,1,0.9586292505264282,mllm::Nano_Banana_2,,models/v2/clip_lora_fold2_best_v1.pt,models/v2/v2_10b_h2_balanced_logreg_fold2_v1.joblib
2,resize_112,MLLM_STR_Nano-Banana2-fake_181,1,0.8972985148429871,mllm::Nano_Banana_2,,models/v2/clip_lora_fold2_best_v1.pt,models/v2/v2_10b_h2_balanced_logreg_fold2_v1.joblib
2,resize_112,MLLM_STR_Nano-Banana2-fake_182,1,0.9119174480438232,mllm::Nano_Banana_2,,models/v2/clip_lora_fold2_best_v1.pt,models/v2/v2_10b_h2_balanced_logreg_fold2_v1.joblib
2,resize_112,MLLM_STR_Nano-Banana2-fake_183,1,0.9545597434043884,mllm::Nano_Banana_2,,models/v2/clip_lora_fold2_best_v1.pt,models/v2/v2_10b_h2_balanced_logreg_fold2_v1.joblib
2,resize_112,MLLM_STR_Nano-Banana2-fake_184,1,0.8980205059051514,mllm::Nano_Banana_2,,models/v2/clip_lora_fold2_best_v1.pt,models/v2/v2_10b_h2_balanced_logreg_fold2_v1.joblib
2,resize_112,MLLM_STR_Nano-Banana2-fake_185,1,0.9497396945953369,mllm::Nano_Banana_2,,models/v2/clip_lora_fold2_best_v1.pt,models/v2/v2_10b_h2_balanced_logreg_fold2_v1.joblib
2,resize_112,MLLM_STR_Nano-Banana2-fake_186,1,0.8753461837768555,mllm::Nano_Banana_2,,models/v2/clip_lora_fold2_best_v1.pt,models/v2/v2_10b_h2_balanced_logreg_fold2_v1.joblib
2,resize_112,MLLM_STR_Nano-Banana2-fake_187,1,0.9131878018379211,mllm::Nano_Banana_2,,models/v2/clip_lora_fold2_best_v1.pt,models/v2/v2_10b_h2_balanced_logreg_fold2_v1.joblib
2,resize_112,MLLM_STR_Nano-Banana2-fake_188,1,0.8345638513565063,mllm::Nano_Banana_2,,models/v2/clip_lora_fold2_best_v1.pt,models/v2/v2_10b_h2_balanced_logreg_fold2_v1.joblib
2,resize_112,MLLM_STR_Nano-Banana2-fake_189,1,0.8727051615715027,mllm::Nano_Banana_2,,models/v2/clip_lora_fold2_best_v1.pt,models/v2/v2_10b_h2_balanced_logreg_fold2_v1.joblib
2,resize_112,MLLM_STR_Nano-Banana2-fake_19,1,0.7446993589401245,mllm::Nano_Banana_2,,models/v2/clip_lora_fold2_best_v1.pt,models/v2/v2_10b_h2_balanced_logreg_fold2_v1.joblib
2,resize_112,MLLM_STR_Nano-Banana2-fake_190,1,0.8452036380767822,mllm::Nano_Banana_2,,models/v2/clip_lora_fold2_best_v1.pt,models/v2/v2_10b_h2_balanced_logreg_fold2_v1.joblib
2,resize_112,MLLM_STR_Nano-Banana2-fake_191,1,0.8612954020500183,mllm::Nano_Banana_2,,models/v2/clip_lora_fold2_best_v1.pt,models/v2/v2_10b_h2_balanced_logreg_fold2_v1.joblib
2,resize_112,MLLM_STR_Nano-Banana2-fake_192,1,0.7917279601097107,mllm::Nano_Banana_2,,models/v2/clip_lora_fold2_best_v1.pt,models/v2/v2_10b_h2_balanced_logreg_fold2_v1.joblib
2,resize_112,MLLM_STR_Nano-Banana2-fake_193,1,0.9105287790298462,mllm::Nano_Banana_2,,models/v2/clip_lora_fold2_best_v1.pt,models/v2/v2_10b_h2_balanced_logreg_fold2_v1.joblib
2,resize_112,MLLM_STR_Nano-Banana2-fake_194,1,0.9371031522750854,mllm::Nano_Banana_2,,models/v2/clip_lora_fold2_best_v1.pt,models/v2/v2_10b_h2_balanced_logreg_fold2_v1.joblib
2,resize_112,MLLM_STR_Nano-Banana2-fake_195,1,0.8235369920730591,mllm::Nano_Banana_2,,models/v2/clip_lora_fold2_best_v1.pt,models/v2/v2_10b_h2_balanced_logreg_fold2_v1.joblib
2,resize_112,MLLM_STR_Nano-Banana2-fake_196,1,0.9435549378395081,mllm::Nano_Banana_2,,models/v2/clip_lora_fold2_best_v1.pt,models/v2/v2_10b_h2_balanced_logreg_fold2_v1.joblib
2,resize_112,MLLM_STR_Nano-Banana2-fake_197,1,0.6661792993545532,mllm::Nano_Banana_2,,models/v2/clip_lora_fold2_best_v1.pt,models/v2/v2_10b_h2_balanced_logreg_fold2_v1.joblib
2,resize_112,MLLM_STR_Nano-Banana2-fake_198,1,0.9261528253555298,mllm::Nano_Banana_2,,models/v2/clip_lora_fold2_best_v1.pt,models/v2/v2_10b_h2_balanced_logreg_fold2_v1.joblib
2,resize_112,MLLM_STR_Nano-Banana2-fake_199,1,0.8888004422187805,mllm::Nano_Banana_2,,models/v2/clip_lora_fold2_best_v1.pt,models/v2/v2_10b_h2_balanced_logreg_fold2_v1.joblib
2,resize_112,MLLM_STR_Nano-Banana2-fake_2,1,0.6404908299446106,mllm::Nano_Banana_2,,models/v2/clip_lora_fold2_best_v1.pt,models/v2/v2_10b_h2_balanced_logreg_fold2_v1.joblib
2,resize_112,MLLM_STR_Nano-Banana2-fake_20,1,0.7681514620780945,mllm::Nano_Banana_2,,models/v2/clip_lora_fold2_best_v1.pt,models/v2/v2_10b_h2_balanced_logreg_fold2_v1.joblib
2,resize_112,MLLM_STR_Nano-Banana2-fake_200,1,0.8688045144081116,mllm::Nano_Banana_2,,models/v2/clip_lora_fold2_best_v1.pt,models/v2/v2_10b_h2_balanced_logreg_fold2_v1.joblib
2,resize_112,MLLM_STR_Nano-Banana2-fake_201,1,0.8807713985443115,mllm::Nano_Banana_2,,models/v2/clip_lora_fold2_best_v1.pt,models/v2/v2_10b_h2_balanced_logreg_fold2_v1.joblib
2,resize_112,MLLM_STR_Nano-Banana2-fake_202,1,0.8199124336242676,mllm::Nano_Banana_2,,models/v2/clip_lora_fold2_best_v1.pt,models/v2/v2_10b_h2_balanced_logreg_fold2_v1.joblib
2,resize_112,MLLM_STR_Nano-Banana2-fake_203,1,0.7483029961585999,mllm::Nano_Banana_2,,models/v2/clip_lora_fold2_best_v1.pt,models/v2/v2_10b_h2_balanced_logreg_fold2_v1.joblib
2,resize_112,MLLM_STR_Nano-Banana2-fake_204,1,0.8863802552223206,mllm::Nano_Banana_2,,models/v2/clip_lora_fold2_best_v1.pt,models/v2/v2_10b_h2_balanced_logreg_fold2_v1.joblib
2,resize_112,MLLM_STR_Nano-Banana2-fake_205,1,0.8974356055259705,mllm::Nano_Banana_2,,models/v2/clip_lora_fold2_best_v1.pt,models/v2/v2_10b_h2_balanced_logreg_fold2_v1.joblib
2,resize_112,MLLM_STR_Nano-Banana2-fake_206,1,0.945155680179596,mllm::Nano_Banana_2,,models/v2/clip_lora_fold2_best_v1.pt,models/v2/v2_10b_h2_balanced_logreg_fold2_v1.joblib
2,resize_112,MLLM_STR_Nano-Banana2-fake_207,1,0.8800370097160339,mllm::Nano_Banana_2,,models/v2/clip_lora_fold2_best_v1.pt,models/v2/v2_10b_h2_balanced_logreg_fold2_v1.joblib
2,resize_112,MLLM_STR_Nano-Banana2-fake_208,1,0.8896650075912476,mllm::Nano_Banana_2,,models/v2/clip_lora_fold2_best_v1.pt,models/v2/v2_10b_h2_balanced_logreg_fold2_v1.joblib
2,resize_112,MLLM_STR_Nano-Banana2-fake_209,1,0.9080637693405151,mllm::Nano_Banana_2,,models/v2/clip_lora_fold2_best_v1.pt,models/v2/v2_10b_h2_balanced_logreg_fold2_v1.joblib
2,resize_112,MLLM_STR_Nano-Banana2-fake_21,1,0.6337787508964539,mllm::Nano_Banana_2,,models/v2/clip_lora_fold2_best_v1.pt,models/v2/v2_10b_h2_balanced_logreg_fold2_v1.joblib
2,resize_112,MLLM_STR_Nano-Banana2-fake_210,1,0.7943323254585266,mllm::Nano_Banana_2,,models/v2/clip_lora_fold2_best_v1.pt,models/v2/v2_10b_h2_balanced_logreg_fold2_v1.joblib
2,resize_112,MLLM_STR_Nano-Banana2-fake_211,1,0.9006025791168213,mllm::Nano_Banana_2,,models/v2/clip_lora_fold2_best_v1.pt,models/v2/v2_10b_h2_balanced_logreg_fold2_v1.joblib
2,resize_112,MLLM_STR_Nano-Banana2-fake_212,1,0.9711442589759827,mllm::Nano_Banana_2,,models/v2/clip_lora_fold2_best_v1.pt,models/v2/v2_10b_h2_balanced_logreg_fold2_v1.joblib
2,resize_112,MLLM_STR_Nano-Banana2-fake_213,1,0.9261252284049988,mllm::Nano_Banana_2,,models/v2/clip_lora_fold2_best_v1.pt,models/v2/v2_10b_h2_balanced_logreg_fold2_v1.joblib
2,resize_112,MLLM_STR_Nano-Banana2-fake_214,1,0.8851038217544556,mllm::Nano_Banana_2,,models/v2/clip_lora_fold2_best_v1.pt,models/v2/v2_10b_h2_balanced_logreg_fold2_v1.joblib
2,resize_112,MLLM_STR_Nano-Banana2-fake_215,1,0.9534000158309937,mllm::Nano_Banana_2,,models/v2/clip_lora_fold2_best_v1.pt,models/v2/v2_10b_h2_balanced_logreg_fold2_v1.joblib
2,resize_112,MLLM_STR_Nano-Banana2-fake_216,1,0.9279922246932983,mllm::Nano_Banana_2,,models/v2/clip_lora_fold2_best_v1.pt,models/v2/v2_10b_h2_balanced_logreg_fold2_v1.joblib
2,resize_112,MLLM_STR_Nano-Banana2-fake_217,1,0.8494285345077515,mllm::Nano_Banana_2,,models/v2/clip_lora_fold2_best_v1.pt,models/v2/v2_10b_h2_balanced_logreg_fold2_v1.joblib
2,resize_112,MLLM_STR_Nano-Banana2-fake_218,1,0.8247199654579163,mllm::Nano_Banana_2,,models/v2/clip_lora_fold2_best_v1.pt,models/v2/v2_10b_h2_balanced_logreg_fold2_v1.joblib
2,resize_112,MLLM_STR_Nano-Banana2-fake_219,1,0.9357383251190186,mllm::Nano_Banana_2,,models/v2/clip_lora_fold2_best_v1.pt,models/v2/v2_10b_h2_balanced_logreg_fold2_v1.joblib
2,resize_112,MLLM_STR_Nano-Banana2-fake_22,1,0.6542804837226868,mllm::Nano_Banana_2,,models/v2/clip_lora_fold2_best_v1.pt,models/v2/v2_10b_h2_balanced_logreg_fold2_v1.joblib
2,resize_112,MLLM_STR_Nano-Banana2-fake_220,1,0.8877038359642029,mllm::Nano_Banana_2,,models/v2/clip_lora_fold2_best_v1.pt,models/v2/v2_10b_h2_balanced_logreg_fold2_v1.joblib
2,resize_112,MLLM_STR_Nano-Banana2-fake_221,1,0.9189021587371826,mllm::Nano_Banana_2,,models/v2/clip_lora_fold2_best_v1.pt,models/v2/v2_10b_h2_balanced_logreg_fold2_v1.joblib
2,resize_112,MLLM_STR_Nano-Banana2-fake_222,1,0.9680165648460388,mllm::Nano_Banana_2,,models/v2/clip_lora_fold2_best_v1.pt,models/v2/v2_10b_h2_balanced_logreg_fold2_v1.joblib
2,resize_112,MLLM_STR_Nano-Banana2-fake_223,1,0.8510978817939758,mllm::Nano_Banana_2,,models/v2/clip_lora_fold2_best_v1.pt,models/v2/v2_10b_h2_balanced_logreg_fold2_v1.joblib
2,resize_112,MLLM_STR_Nano-Banana2-fake_224,1,0.9483571648597717,mllm::Nano_Banana_2,,models/v2/clip_lora_fold2_best_v1.pt,models/v2/v2_10b_h2_balanced_logreg_fold2_v1.joblib
2,resize_112,MLLM_STR_Nano-Banana2-fake_225,1,0.9158036112785339,mllm::Nano_Banana_2,,models/v2/clip_lora_fold2_best_v1.pt,models/v2/v2_10b_h2_balanced_logreg_fold2_v1.joblib
2,resize_112,MLLM_STR_Nano-Banana2-fake_226,1,0.711067259311676,mllm::Nano_Banana_2,,models/v2/clip_lora_fold2_best_v1.pt,models/v2/v2_10b_h2_balanced_logreg_fold2_v1.joblib
2,resize_112,MLLM_STR_Nano-Banana2-fake_227,1,0.9338319897651672,mllm::Nano_Banana_2,,models/v2/clip_lora_fold2_best_v1.pt,models/v2/v2_10b_h2_balanced_logreg_fold2_v1.joblib
2,resize_112,MLLM_STR_Nano-Banana2-fake_228,1,0.8153979182243347,mllm::Nano_Banana_2,,models/v2/clip_lora_fold2_best_v1.pt,models/v2/v2_10b_h2_balanced_logreg_fold2_v1.joblib
2,resize_112,MLLM_STR_Nano-Banana2-fake_229,1,0.8482146859169006,mllm::Nano_Banana_2,,models/v2/clip_lora_fold2_best_v1.pt,models/v2/v2_10b_h2_balanced_logreg_fold2_v1.joblib
2,resize_112,MLLM_STR_Nano-Banana2-fake_23,1,0.7897087931632996,mllm::Nano_Banana_2,,models/v2/clip_lora_fold2_best_v1.pt,models/v2/v2_10b_h2_balanced_logreg_fold2_v1.joblib
2,resize_112,MLLM_STR_Nano-Banana2-fake_230,1,0.9482254385948181,mllm::Nano_Banana_2,,models/v2/clip_lora_fold2_best_v1.pt,models/v2/v2_10b_h2_balanced_logreg_fold2_v1.joblib
2,resize_112,MLLM_STR_Nano-Banana2-fake_231,1,0.8653173446655273,mllm::Nano_Banana_2,,models/v2/clip_lora_fold2_best_v1.pt,models/v2/v2_10b_h2_balanced_logreg_fold2_v1.joblib
2,resize_112,MLLM_STR_Nano-Banana2-fake_232,1,0.7859952449798584,mllm::Nano_Banana_2,,models/v2/clip_lora_fold2_best_v1.pt,models/v2/v2_10b_h2_balanced_logreg_fold2_v1.joblib
2,resize_112,MLLM_STR_Nano-Banana2-fake_233,1,0.947850227355957,mllm::Nano_Banana_2,,models/v2/clip_lora_fold2_best_v1.pt,models/v2/v2_10b_h2_balanced_logreg_fold2_v1.joblib
2,resize_112,MLLM_STR_Nano-Banana2-fake_234,1,0.8738420009613037,mllm::Nano_Banana_2,,models/v2/clip_lora_fold2_best_v1.pt,models/v2/v2_10b_h2_balanced_logreg_fold2_v1.joblib
2,resize_112,MLLM_STR_Nano-Banana2-fake_235,1,0.6046292185783386,mllm::Nano_Banana_2,,models/v2/clip_lora_fold2_best_v1.pt,models/v2/v2_10b_h2_balanced_logreg_fold2_v1.joblib
2,resize_112,MLLM_STR_Nano-Banana2-fake_236,1,0.9408004879951477,mllm::Nano_Banana_2,,models/v2/clip_lora_fold2_best_v1.pt,models/v2/v2_10b_h2_balanced_logreg_fold2_v1.joblib
2,resize_112,MLLM_STR_Nano-Banana2-fake_237,1,0.867053210735321,mllm::Nano_Banana_2,,models/v2/clip_lora_fold2_best_v1.pt,models/v2/v2_10b_h2_balanced_logreg_fold2_v1.joblib
2,resize_112,MLLM_STR_Nano-Banana2-fake_238,1,0.9556838870048523,mllm::Nano_Banana_2,,models/v2/clip_lora_fold2_best_v1.pt,models/v2/v2_10b_h2_balanced_logreg_fold2_v1.joblib
2,resize_112,MLLM_STR_Nano-Banana2-fake_239,1,0.8003958463668823,mllm::Nano_Banana_2,,models/v2/clip_lora_fold2_best_v1.pt,models/v2/v2_10b_h2_balanced_logreg_fold2_v1.joblib
2,resize_112,MLLM_STR_Nano-Banana2-fake_24,1,0.754883348941803,mllm::Nano_Banana_2,,models/v2/clip_lora_fold2_best_v1.pt,models/v2/v2_10b_h2_balanced_logreg_fold2_v1.joblib
2,resize_112,MLLM_STR_Nano-Banana2-fake_240,1,0.8870439529418945,mllm::Nano_Banana_2,,models/v2/clip_lora_fold2_best_v1.pt,models/v2/v2_10b_h2_balanced_logreg_fold2_v1.joblib
2,resize_112,MLLM_STR_Nano-Banana2-fake_241,1,0.6947201490402222,mllm::Nano_Banana_2,,models/v2/clip_lora_fold2_best_v1.pt,models/v2/v2_10b_h2_balanced_logreg_fold2_v1.joblib
2,resize_112,MLLM_STR_Nano-Banana2-fake_242,1,0.9655594825744629,mllm::Nano_Banana_2,,models/v2/clip_lora_fold2_best_v1.pt,models/v2/v2_10b_h2_balanced_logreg_fold2_v1.joblib
2,resize_112,MLLM_STR_Nano-Banana2-fake_243,1,0.8917245268821716,mllm::Nano_Banana_2,,models/v2/clip_lora_fold2_best_v1.pt,models/v2/v2_10b_h2_balanced_logreg_fold2_v1.joblib
2,resize_112,MLLM_STR_Nano-Banana2-fake_244,1,0.8372659683227539,mllm::Nano_Banana_2,,models/v2/clip_lora_fold2_best_v1.pt,models/v2/v2_10b_h2_balanced_logreg_fold2_v1.joblib
2,resize_112,MLLM_STR_Nano-Banana2-fake_245,1,0.7897171974182129,mllm::Nano_Banana_2,,models/v2/clip_lora_fold2_best_v1.pt,models/v2/v2_10b_h2_balanced_logreg_fold2_v1.joblib
2,resize_112,MLLM_STR_Nano-Banana2-fake_246,1,0.7989480495452881,mllm::Nano_Banana_2,,models/v2/clip_lora_fold2_best_v1.pt,models/v2/v2_10b_h2_balanced_logreg_fold2_v1.joblib
2,resize_112,MLLM_STR_Nano-Banana2-fake_247,1,0.9464664459228516,mllm::Nano_Banana_2,,models/v2/clip_lora_fold2_best_v1.pt,models/v2/v2_10b_h2_balanced_logreg_fold2_v1.joblib
2,resize_112,MLLM_STR_Nano-Banana2-fake_248,1,0.963135302066803,mllm::Nano_Banana_2,,models/v2/clip_lora_fold2_best_v1.pt,models/v2/v2_10b_h2_balanced_logreg_fold2_v1.joblib
2,resize_112,MLLM_STR_Nano-Banana2-fake_249,1,0.8618472814559937,mllm::Nano_Banana_2,,models/v2/clip_lora_fold2_best_v1.pt,models/v2/v2_10b_h2_balanced_logreg_fold2_v1.joblib
2,resize_112,MLLM_STR_Nano-Banana2-fake_25,1,0.6209742426872253,mllm::Nano_Banana_2,,models/v2/clip_lora_fold2_best_v1.pt,models/v2/v2_10b_h2_balanced_logreg_fold2_v1.joblib
2,resize_112,MLLM_STR_Nano-Banana2-fake_250,1,0.9204422831535339,mllm::Nano_Banana_2,,models/v2/clip_lora_fold2_best_v1.pt,models/v2/v2_10b_h2_balanced_logreg_fold2_v1.joblib
2,resize_112,MLLM_STR_Nano-Banana2-fake_251,1,0.914405882358551,mllm::Nano_Banana_2,,models/v2/clip_lora_fold2_best_v1.pt,models/v2/v2_10b_h2_balanced_logreg_fold2_v1.joblib
2,resize_112,MLLM_STR_Nano-Banana2-fake_252,1,0.556988000869751,mllm::Nano_Banana_2,,models/v2/clip_lora_fold2_best_v1.pt,models/v2/v2_10b_h2_balanced_logreg_fold2_v1.joblib
2,resize_112,MLLM_STR_Nano-Banana2-fake_253,1,0.9556525349617004,mllm::Nano_Banana_2,,models/v2/clip_lora_fold2_best_v1.pt,models/v2/v2_10b_h2_balanced_logreg_fold2_v1.joblib
2,resize_112,MLLM_STR_Nano-Banana2-fake_254,1,0.8778406977653503,mllm::Nano_Banana_2,,models/v2/clip_lora_fold2_best_v1.pt,models/v2/v2_10b_h2_balanced_logreg_fold2_v1.joblib
2,resize_112,MLLM_STR_Nano-Banana2-fake_255,1,0.9219048619270325,mllm::Nano_Banana_2,,models/v2/clip_lora_fold2_best_v1.pt,models/v2/v2_10b_h2_balanced_logreg_fold2_v1.joblib
2,resize_112,MLLM_STR_Nano-Banana2-fake_256,1,0.7093295454978943,mllm::Nano_Banana_2,,models/v2/clip_lora_fold2_best_v1.pt,models/v2/v2_10b_h2_balanced_logreg_fold2_v1.joblib
2,resize_112,MLLM_STR_Nano-Banana2-fake_257,1,0.8027665019035339,mllm::Nano_Banana_2,,models/v2/clip_lora_fold2_best_v1.pt,models/v2/v2_10b_h2_balanced_logreg_fold2_v1.joblib
2,resize_112,MLLM_STR_Nano-Banana2-fake_258,1,0.7742080092430115,mllm::Nano_Banana_2,,models/v2/clip_lora_fold2_best_v1.pt,models/v2/v2_10b_h2_balanced_logreg_fold2_v1.joblib
2,resize_112,MLLM_STR_Nano-Banana2-fake_259,1,0.7982102036476135,mllm::Nano_Banana_2,,models/v2/clip_lora_fold2_best_v1.pt,models/v2/v2_10b_h2_balanced_logreg_fold2_v1.joblib
2,resize_112,MLLM_STR_Nano-Banana2-fake_26,1,0.5963718295097351,mllm::Nano_Banana_2,,models/v2/clip_lora_fold2_best_v1.pt,models/v2/v2_10b_h2_balanced_logreg_fold2_v1.joblib
2,resize_112,MLLM_STR_Nano-Banana2-fake_260,1,0.8874675631523132,mllm::Nano_Banana_2,,models/v2/clip_lora_fold2_best_v1.pt,models/v2/v2_10b_h2_balanced_logreg_fold2_v1.joblib
2,resize_112,MLLM_STR_Nano-Banana2-fake_261,1,0.7190206050872803,mllm::Nano_Banana_2,,models/v2/clip_lora_fold2_best_v1.pt,models/v2/v2_10b_h2_balanced_logreg_fold2_v1.joblib
2,resize_112,MLLM_STR_Nano-Banana2-fake_262,1,0.919343113899231,mllm::Nano_Banana_2,,models/v2/clip_lora_fold2_best_v1.pt,models/v2/v2_10b_h2_balanced_logreg_fold2_v1.joblib
2,resize_112,MLLM_STR_Nano-Banana2-fake_263,1,0.750000536441803,mllm::Nano_Banana_2,,models/v2/clip_lora_fold2_best_v1.pt,models/v2/v2_10b_h2_balanced_logreg_fold2_v1.joblib
2,resize_112,MLLM_STR_Nano-Banana2-fake_264,1,0.500893235206604,mllm::Nano_Banana_2,,models/v2/clip_lora_fold2_best_v1.pt,models/v2/v2_10b_h2_balanced_logreg_fold2_v1.joblib
2,resize_112,MLLM_STR_Nano-Banana2-fake_265,1,0.9612209796905518,mllm::Nano_Banana_2,,models/v2/clip_lora_fold2_best_v1.pt,models/v2/v2_10b_h2_balanced_logreg_fold2_v1.joblib
2,resize_112,MLLM_STR_Nano-Banana2-fake_266,1,0.6831740140914917,mllm::Nano_Banana_2,,models/v2/clip_lora_fold2_best_v1.pt,models/v2/v2_10b_h2_balanced_logreg_fold2_v1.joblib
2,resize_112,MLLM_STR_Nano-Banana2-fake_267,1,0.824730634689331,mllm::Nano_Banana_2,,models/v2/clip_lora_fold2_best_v1.pt,models/v2/v2_10b_h2_balanced_logreg_fold2_v1.joblib
2,resize_112,MLLM_STR_Nano-Banana2-fake_268,1,0.8562309145927429,mllm::Nano_Banana_2,,models/v2/clip_lora_fold2_best_v1.pt,models/v2/v2_10b_h2_balanced_logreg_fold2_v1.joblib
2,resize_112,MLLM_STR_Nano-Banana2-fake_269,1,0.872162938117981,mllm::Nano_Banana_2,,models/v2/clip_lora_fold2_best_v1.pt,models/v2/v2_10b_h2_balanced_logreg_fold2_v1.joblib
2,resize_112,MLLM_STR_Nano-Banana2-fake_27,1,0.5934411883354187,mllm::Nano_Banana_2,,models/v2/clip_lora_fold2_best_v1.pt,models/v2/v2_10b_h2_balanced_logreg_fold2_v1.joblib
2,resize_112,MLLM_STR_Nano-Banana2-fake_270,1,0.84039306640625,mllm::Nano_Banana_2,,models/v2/clip_lora_fold2_best_v1.pt,models/v2/v2_10b_h2_balanced_logreg_fold2_v1.joblib
2,resize_112,MLLM_STR_Nano-Banana2-fake_271,1,0.7969737648963928,mllm::Nano_Banana_2,,models/v2/clip_lora_fold2_best_v1.pt,models/v2/v2_10b_h2_balanced_logreg_fold2_v1.joblib
2,resize_112,MLLM_STR_Nano-Banana2-fake_272,1,0.9018510580062866,mllm::Nano_Banana_2,,models/v2/clip_lora_fold2_best_v1.pt,models/v2/v2_10b_h2_balanced_logreg_fold2_v1.joblib
2,resize_112,MLLM_STR_Nano-Banana2-fake_273,1,0.7041223049163818,mllm::Nano_Banana_2,,models/v2/clip_lora_fold2_best_v1.pt,models/v2/v2_10b_h2_balanced_logreg_fold2_v1.joblib
2,resize_112,MLLM_STR_Nano-Banana2-fake_274,1,0.7864812016487122,mllm::Nano_Banana_2,,models/v2/clip_lora_fold2_best_v1.pt,models/v2/v2_10b_h2_balanced_logreg_fold2_v1.joblib
2,resize_112,MLLM_STR_Nano-Banana2-fake_275,1,0.908293604850769,mllm::Nano_Banana_2,,models/v2/clip_lora_fold2_best_v1.pt,models/v2/v2_10b_h2_balanced_logreg_fold2_v1.joblib
2,resize_112,MLLM_STR_Nano-Banana2-fake_276,1,0.8845434188842773,mllm::Nano_Banana_2,,models/v2/clip_lora_fold2_best_v1.pt,models/v2/v2_10b_h2_balanced_logreg_fold2_v1.joblib
2,resize_112,MLLM_STR_Nano-Banana2-fake_277,1,0.8575879335403442,mllm::Nano_Banana_2,,models/v2/clip_lora_fold2_best_v1.pt,models/v2/v2_10b_h2_balanced_logreg_fold2_v1.joblib
2,resize_112,MLLM_STR_Nano-Banana2-fake_278,1,0.8642477989196777,mllm::Nano_Banana_2,,models/v2/clip_lora_fold2_best_v1.pt,models/v2/v2_10b_h2_balanced_logreg_fold2_v1.joblib
2,resize_112,MLLM_STR_Nano-Banana2-fake_279,1,0.740749716758728,mllm::Nano_Banana_2,,models/v2/clip_lora_fold2_best_v1.pt,models/v2/v2_10b_h2_balanced_logreg_fold2_v1.joblib
2,resize_112,MLLM_STR_Nano-Banana2-fake_28,1,0.5025231838226318,mllm::Nano_Banana_2,,models/v2/clip_lora_fold2_best_v1.pt,models/v2/v2_10b_h2_balanced_logreg_fold2_v1.joblib
2,resize_112,MLLM_STR_Nano-Banana2-fake_280,1,0.8115954399108887,mllm::Nano_Banana_2,,models/v2/clip_lora_fold2_best_v1.pt,models/v2/v2_10b_h2_balanced_logreg_fold2_v1.joblib
2,resize_112,MLLM_STR_Nano-Banana2-fake_281,1,0.9072678089141846,mllm::Nano_Banana_2,,models/v2/clip_lora_fold2_best_v1.pt,models/v2/v2_10b_h2_balanced_logreg_fold2_v1.joblib
2,resize_112,MLLM_STR_Nano-Banana2-fake_282,1,0.9363460540771484,mllm::Nano_Banana_2,,models/v2/clip_lora_fold2_best_v1.pt,models/v2/v2_10b_h2_balanced_logreg_fold2_v1.joblib
2,resize_112,MLLM_STR_Nano-Banana2-fake_283,1,0.9012627005577087,mllm::Nano_Banana_2,,models/v2/clip_lora_fold2_best_v1.pt,models/v2/v2_10b_h2_balanced_logreg_fold2_v1.joblib
2,resize_112,MLLM_STR_Nano-Banana2-fake_284,1,0.9061022996902466,mllm::Nano_Banana_2,,models/v2/clip_lora_fold2_best_v1.pt,models/v2/v2_10b_h2_balanced_logreg_fold2_v1.joblib
2,resize_112,MLLM_STR_Nano-Banana2-fake_285,1,0.9009909629821777,mllm::Nano_Banana_2,,models/v2/clip_lora_fold2_best_v1.pt,models/v2/v2_10b_h2_balanced_logreg_fold2_v1.joblib
2,resize_112,MLLM_STR_Nano-Banana2-fake_286,1,0.9276905059814453,mllm::Nano_Banana_2,,models/v2/clip_lora_fold2_best_v1.pt,models/v2/v2_10b_h2_balanced_logreg_fold2_v1.joblib
2,resize_112,MLLM_STR_Nano-Banana2-fake_287,1,0.6911123394966125,mllm::Nano_Banana_2,,models/v2/clip_lora_fold2_best_v1.pt,models/v2/v2_10b_h2_balanced_logreg_fold2_v1.joblib
2,resize_112,MLLM_STR_Nano-Banana2-fake_288,1,0.7366316318511963,mllm::Nano_Banana_2,,models/v2/clip_lora_fold2_best_v1.pt,models/v2/v2_10b_h2_balanced_logreg_fold2_v1.joblib
2,resize_112,MLLM_STR_Nano-Banana2-fake_289,1,0.7833120822906494,mllm::Nano_Banana_2,,models/v2/clip_lora_fold2_best_v1.pt,models/v2/v2_10b_h2_balanced_logreg_fold2_v1.joblib
2,resize_112,MLLM_STR_Nano-Banana2-fake_29,1,0.871571958065033,mllm::Nano_Banana_2,,models/v2/clip_lora_fold2_best_v1.pt,models/v2/v2_10b_h2_balanced_logreg_fold2_v1.joblib
2,resize_112,MLLM_STR_Nano-Banana2-fake_290,1,0.8935781717300415,mllm::Nano_Banana_2,,models/v2/clip_lora_fold2_best_v1.pt,models/v2/v2_10b_h2_balanced_logreg_fold2_v1.joblib
2,resize_112,MLLM_STR_Nano-Banana2-fake_291,1,0.897402286529541,mllm::Nano_Banana_2,,models/v2/clip_lora_fold2_best_v1.pt,models/v2/v2_10b_h2_balanced_logreg_fold2_v1.joblib
2,resize_112,MLLM_STR_Nano-Banana2-fake_292,1,0.8908150792121887,mllm::Nano_Banana_2,,models/v2/clip_lora_fold2_best_v1.pt,models/v2/v2_10b_h2_balanced_logreg_fold2_v1.joblib
2,resize_112,MLLM_STR_Nano-Banana2-fake_293,1,0.7908293604850769,mllm::Nano_Banana_2,,models/v2/clip_lora_fold2_best_v1.pt,models/v2/v2_10b_h2_balanced_logreg_fold2_v1.joblib
2,resize_112,MLLM_STR_Nano-Banana2-fake_294,1,0.7006151676177979,mllm::Nano_Banana_2,,models/v2/clip_lora_fold2_best_v1.pt,models/v2/v2_10b_h2_balanced_logreg_fold2_v1.joblib
2,resize_112,MLLM_STR_Nano-Banana2-fake_295,1,0.9303978085517883,mllm::Nano_Banana_2,,models/v2/clip_lora_fold2_best_v1.pt,models/v2/v2_10b_h2_balanced_logreg_fold2_v1.joblib
2,resize_112,MLLM_STR_Nano-Banana2-fake_296,1,0.8327471017837524,mllm::Nano_Banana_2,,models/v2/clip_lora_fold2_best_v1.pt,models/v2/v2_10b_h2_balanced_logreg_fold2_v1.joblib
2,resize_112,MLLM_STR_Nano-Banana2-fake_297,1,0.8156165480613708,mllm::Nano_Banana_2,,models/v2/clip_lora_fold2_best_v1.pt,models/v2/v2_10b_h2_balanced_logreg_fold2_v1.joblib
2,resize_112,MLLM_STR_Nano-Banana2-fake_298,1,0.794703483581543,mllm::Nano_Banana_2,,models/v2/clip_lora_fold2_best_v1.pt,models/v2/v2_10b_h2_balanced_logreg_fold2_v1.joblib
2,resize_112,MLLM_STR_Nano-Banana2-fake_299,1,0.8985716104507446,mllm::Nano_Banana_2,,models/v2/clip_lora_fold2_best_v1.pt,models/v2/v2_10b_h2_balanced_logreg_fold2_v1.joblib
2,resize_112,MLLM_STR_Nano-Banana2-fake_3,1,0.8240113854408264,mllm::Nano_Banana_2,,models/v2/clip_lora_fold2_best_v1.pt,models/v2/v2_10b_h2_balanced_logreg_fold2_v1.joblib
2,resize_112,MLLM_STR_Nano-Banana2-fake_30,1,0.8552175164222717,mllm::Nano_Banana_2,,models/v2/clip_lora_fold2_best_v1.pt,models/v2/v2_10b_h2_balanced_logreg_fold2_v1.joblib
2,resize_112,MLLM_STR_Nano-Banana2-fake_300,1,0.9192904233932495,mllm::Nano_Banana_2,,models/v2/clip_lora_fold2_best_v1.pt,models/v2/v2_10b_h2_balanced_logreg_fold2_v1.joblib
2,resize_112,MLLM_STR_Nano-Banana2-fake_301,1,0.9189462065696716,mllm::Nano_Banana_2,,models/v2/clip_lora_fold2_best_v1.pt,models/v2/v2_10b_h2_balanced_logreg_fold2_v1.joblib
2,resize_112,MLLM_STR_Nano-Banana2-fake_302,1,0.5970606803894043,mllm::Nano_Banana_2,,models/v2/clip_lora_fold2_best_v1.pt,models/v2/v2_10b_h2_balanced_logreg_fold2_v1.joblib
2,resize_112,MLLM_STR_Nano-Banana2-fake_303,1,0.9618540406227112,mllm::Nano_Banana_2,,models/v2/clip_lora_fold2_best_v1.pt,models/v2/v2_10b_h2_balanced_logreg_fold2_v1.joblib
2,resize_112,MLLM_STR_Nano-Banana2-fake_304,1,0.8957375288009644,mllm::Nano_Banana_2,,models/v2/clip_lora_fold2_best_v1.pt,models/v2/v2_10b_h2_balanced_logreg_fold2_v1.joblib
2,resize_112,MLLM_STR_Nano-Banana2-fake_305,1,0.956749677658081,mllm::Nano_Banana_2,,models/v2/clip_lora_fold2_best_v1.pt,models/v2/v2_10b_h2_balanced_logreg_fold2_v1.joblib
2,resize_112,MLLM_STR_Nano-Banana2-fake_306,1,0.9198432564735413,mllm::Nano_Banana_2,,models/v2/clip_lora_fold2_best_v1.pt,models/v2/v2_10b_h2_balanced_logreg_fold2_v1.joblib
2,resize_112,MLLM_STR_Nano-Banana2-fake_307,1,0.7450656890869141,mllm::Nano_Banana_2,,models/v2/clip_lora_fold2_best_v1.pt,models/v2/v2_10b_h2_balanced_logreg_fold2_v1.joblib
2,resize_112,MLLM_STR_Nano-Banana2-fake_308,1,0.9359717965126038,mllm::Nano_Banana_2,,models/v2/clip_lora_fold2_best_v1.pt,models/v2/v2_10b_h2_balanced_logreg_fold2_v1.joblib
2,resize_112,MLLM_STR_Nano-Banana2-fake_309,1,0.9089752435684204,mllm::Nano_Banana_2,,models/v2/clip_lora_fold2_best_v1.pt,models/v2/v2_10b_h2_balanced_logreg_fold2_v1.joblib
2,resize_112,MLLM_STR_Nano-Banana2-fake_31,1,0.9312949180603027,mllm::Nano_Banana_2,,models/v2/clip_lora_fold2_best_v1.pt,models/v2/v2_10b_h2_balanced_logreg_fold2_v1.joblib
2,resize_112,MLLM_STR_Nano-Banana2-fake_310,1,0.6851415038108826,mllm::Nano_Banana_2,,models/v2/clip_lora_fold2_best_v1.pt,models/v2/v2_10b_h2_balanced_logreg_fold2_v1.joblib
2,resize_112,MLLM_STR_Nano-Banana2-fake_311,1,0.9609774947166443,mllm::Nano_Banana_2,,models/v2/clip_lora_fold2_best_v1.pt,models/v2/v2_10b_h2_balanced_logreg_fold2_v1.joblib
2,resize_112,MLLM_STR_Nano-Banana2-fake_312,1,0.7324322462081909,mllm::Nano_Banana_2,,models/v2/clip_lora_fold2_best_v1.pt,models/v2/v2_10b_h2_balanced_logreg_fold2_v1.joblib
2,resize_112,MLLM_STR_Nano-Banana2-fake_313,1,0.7027788162231445,mllm::Nano_Banana_2,,models/v2/clip_lora_fold2_best_v1.pt,models/v2/v2_10b_h2_balanced_logreg_fold2_v1.joblib
2,resize_112,MLLM_STR_Nano-Banana2-fake_32,1,0.6198732256889343,mllm::Nano_Banana_2,,models/v2/clip_lora_fold2_best_v1.pt,models/v2/v2_10b_h2_balanced_logreg_fold2_v1.joblib
2,resize_112,MLLM_STR_Nano-Banana2-fake_33,1,0.779346764087677,mllm::Nano_Banana_2,,models/v2/clip_lora_fold2_best_v1.pt,models/v2/v2_10b_h2_balanced_logreg_fold2_v1.joblib
2,resize_112,MLLM_STR_Nano-Banana2-fake_34,1,0.8568015098571777,mllm::Nano_Banana_2,,models/v2/clip_lora_fold2_best_v1.pt,models/v2/v2_10b_h2_balanced_logreg_fold2_v1.joblib
2,resize_112,MLLM_STR_Nano-Banana2-fake_35,1,0.9116426110267639,mllm::Nano_Banana_2,,models/v2/clip_lora_fold2_best_v1.pt,models/v2/v2_10b_h2_balanced_logreg_fold2_v1.joblib
2,resize_112,MLLM_STR_Nano-Banana2-fake_36,1,0.9171334505081177,mllm::Nano_Banana_2,,models/v2/clip_lora_fold2_best_v1.pt,models/v2/v2_10b_h2_balanced_logreg_fold2_v1.joblib
2,resize_112,MLLM_STR_Nano-Banana2-fake_37,1,0.9721489548683167,mllm::Nano_Banana_2,,models/v2/clip_lora_fold2_best_v1.pt,models/v2/v2_10b_h2_balanced_logreg_fold2_v1.joblib
2,resize_112,MLLM_STR_Nano-Banana2-fake_38,1,0.9053053259849548,mllm::Nano_Banana_2,,models/v2/clip_lora_fold2_best_v1.pt,models/v2/v2_10b_h2_balanced_logreg_fold2_v1.joblib
2,resize_112,MLLM_STR_Nano-Banana2-fake_39,1,0.8883693814277649,mllm::Nano_Banana_2,,models/v2/clip_lora_fold2_best_v1.pt,models/v2/v2_10b_h2_balanced_logreg_fold2_v1.joblib
2,resize_112,MLLM_STR_Nano-Banana2-fake_4,1,0.7458555102348328,mllm::Nano_Banana_2,,models/v2/clip_lora_fold2_best_v1.pt,models/v2/v2_10b_h2_balanced_logreg_fold2_v1.joblib
2,resize_112,MLLM_STR_Nano-Banana2-fake_40,1,0.9544717669487,mllm::Nano_Banana_2,,models/v2/clip_lora_fold2_best_v1.pt,models/v2/v2_10b_h2_balanced_logreg_fold2_v1.joblib
2,resize_112,MLLM_STR_Nano-Banana2-fake_41,1,0.8620635867118835,mllm::Nano_Banana_2,,models/v2/clip_lora_fold2_best_v1.pt,models/v2/v2_10b_h2_balanced_logreg_fold2_v1.joblib
2,resize_112,MLLM_STR_Nano-Banana2-fake_42,1,0.8298144936561584,mllm::Nano_Banana_2,,models/v2/clip_lora_fold2_best_v1.pt,models/v2/v2_10b_h2_balanced_logreg_fold2_v1.joblib
2,resize_112,MLLM_STR_Nano-Banana2-fake_43,1,0.9455391764640808,mllm::Nano_Banana_2,,models/v2/clip_lora_fold2_best_v1.pt,models/v2/v2_10b_h2_balanced_logreg_fold2_v1.joblib
2,resize_112,MLLM_STR_Nano-Banana2-fake_44,1,0.8917898535728455,mllm::Nano_Banana_2,,models/v2/clip_lora_fold2_best_v1.pt,models/v2/v2_10b_h2_balanced_logreg_fold2_v1.joblib
2,resize_112,MLLM_STR_Nano-Banana2-fake_45,1,0.9098168015480042,mllm::Nano_Banana_2,,models/v2/clip_lora_fold2_best_v1.pt,models/v2/v2_10b_h2_balanced_logreg_fold2_v1.joblib
2,resize_112,MLLM_STR_Nano-Banana2-fake_46,1,0.9528626203536987,mllm::Nano_Banana_2,,models/v2/clip_lora_fold2_best_v1.pt,models/v2/v2_10b_h2_balanced_logreg_fold2_v1.joblib
2,resize_112,MLLM_STR_Nano-Banana2-fake_47,1,0.9139052033424377,mllm::Nano_Banana_2,,models/v2/clip_lora_fold2_best_v1.pt,models/v2/v2_10b_h2_balanced_logreg_fold2_v1.joblib
2,resize_112,MLLM_STR_Nano-Banana2-fake_48,1,0.761162281036377,mllm::Nano_Banana_2,,models/v2/clip_lora_fold2_best_v1.pt,models/v2/v2_10b_h2_balanced_logreg_fold2_v1.joblib
2,resize_112,MLLM_STR_Nano-Banana2-fake_49,1,0.9464850425720215,mllm::Nano_Banana_2,,models/v2/clip_lora_fold2_best_v1.pt,models/v2/v2_10b_h2_balanced_logreg_fold2_v1.joblib
2,resize_112,MLLM_STR_Nano-Banana2-fake_5,1,0.9603189826011658,mllm::Nano_Banana_2,,models/v2/clip_lora_fold2_best_v1.pt,models/v2/v2_10b_h2_balanced_logreg_fold2_v1.joblib
2,resize_112,MLLM_STR_Nano-Banana2-fake_50,1,0.7816563844680786,mllm::Nano_Banana_2,,models/v2/clip_lora_fold2_best_v1.pt,models/v2/v2_10b_h2_balanced_logreg_fold2_v1.joblib
2,resize_112,MLLM_STR_Nano-Banana2-fake_51,1,0.9555866718292236,mllm::Nano_Banana_2,,models/v2/clip_lora_fold2_best_v1.pt,models/v2/v2_10b_h2_balanced_logreg_fold2_v1.joblib
2,resize_112,MLLM_STR_Nano-Banana2-fake_52,1,0.8456482887268066,mllm::Nano_Banana_2,,models/v2/clip_lora_fold2_best_v1.pt,models/v2/v2_10b_h2_balanced_logreg_fold2_v1.joblib
2,resize_112,MLLM_STR_Nano-Banana2-fake_53,1,0.6695869565010071,mllm::Nano_Banana_2,,models/v2/clip_lora_fold2_best_v1.pt,models/v2/v2_10b_h2_balanced_logreg_fold2_v1.joblib
2,resize_112,MLLM_STR_Nano-Banana2-fake_54,1,0.7693272233009338,mllm::Nano_Banana_2,,models/v2/clip_lora_fold2_best_v1.pt,models/v2/v2_10b_h2_balanced_logreg_fold2_v1.joblib
2,resize_112,MLLM_STR_Nano-Banana2-fake_55,1,0.8249428868293762,mllm::Nano_Banana_2,,models/v2/clip_lora_fold2_best_v1.pt,models/v2/v2_10b_h2_balanced_logreg_fold2_v1.joblib
2,resize_112,MLLM_STR_Nano-Banana2-fake_56,1,0.9662435054779053,mllm::Nano_Banana_2,,models/v2/clip_lora_fold2_best_v1.pt,models/v2/v2_10b_h2_balanced_logreg_fold2_v1.joblib
2,resize_112,MLLM_STR_Nano-Banana2-fake_57,1,0.765937864780426,mllm::Nano_Banana_2,,models/v2/clip_lora_fold2_best_v1.pt,models/v2/v2_10b_h2_balanced_logreg_fold2_v1.joblib
2,resize_112,MLLM_STR_Nano-Banana2-fake_58,1,0.7108010053634644,mllm::Nano_Banana_2,,models/v2/clip_lora_fold2_best_v1.pt,models/v2/v2_10b_h2_balanced_logreg_fold2_v1.joblib
2,resize_112,MLLM_STR_Nano-Banana2-fake_59,1,0.9161379337310791,mllm::Nano_Banana_2,,models/v2/clip_lora_fold2_best_v1.pt,models/v2/v2_10b_h2_balanced_logreg_fold2_v1.joblib
2,resize_112,MLLM_STR_Nano-Banana2-fake_6,1,0.9559595584869385,mllm::Nano_Banana_2,,models/v2/clip_lora_fold2_best_v1.pt,models/v2/v2_10b_h2_balanced_logreg_fold2_v1.joblib
2,resize_112,MLLM_STR_Nano-Banana2-fake_60,1,0.9254866242408752,mllm::Nano_Banana_2,,models/v2/clip_lora_fold2_best_v1.pt,models/v2/v2_10b_h2_balanced_logreg_fold2_v1.joblib
2,resize_112,MLLM_STR_Nano-Banana2-fake_61,1,0.8392964005470276,mllm::Nano_Banana_2,,models/v2/clip_lora_fold2_best_v1.pt,models/v2/v2_10b_h2_balanced_logreg_fold2_v1.joblib
2,resize_112,MLLM_STR_Nano-Banana2-fake_62,1,0.8455895781517029,mllm::Nano_Banana_2,,models/v2/clip_lora_fold2_best_v1.pt,models/v2/v2_10b_h2_balanced_logreg_fold2_v1.joblib
2,resize_112,MLLM_STR_Nano-Banana2-fake_63,1,0.7830461263656616,mllm::Nano_Banana_2,,models/v2/clip_lora_fold2_best_v1.pt,models/v2/v2_10b_h2_balanced_logreg_fold2_v1.joblib
2,resize_112,MLLM_STR_Nano-Banana2-fake_64,1,0.9250797033309937,mllm::Nano_Banana_2,,models/v2/clip_lora_fold2_best_v1.pt,models/v2/v2_10b_h2_balanced_logreg_fold2_v1.joblib
2,resize_112,MLLM_STR_Nano-Banana2-fake_65,1,0.7259331941604614,mllm::Nano_Banana_2,,models/v2/clip_lora_fold2_best_v1.pt,models/v2/v2_10b_h2_balanced_logreg_fold2_v1.joblib
2,resize_112,MLLM_STR_Nano-Banana2-fake_66,1,0.8368773460388184,mllm::Nano_Banana_2,,models/v2/clip_lora_fold2_best_v1.pt,models/v2/v2_10b_h2_balanced_logreg_fold2_v1.joblib
2,resize_112,MLLM_STR_Nano-Banana2-fake_67,1,0.9374305009841919,mllm::Nano_Banana_2,,models/v2/clip_lora_fold2_best_v1.pt,models/v2/v2_10b_h2_balanced_logreg_fold2_v1.joblib
2,resize_112,MLLM_STR_Nano-Banana2-fake_68,1,0.9089402556419373,mllm::Nano_Banana_2,,models/v2/clip_lora_fold2_best_v1.pt,models/v2/v2_10b_h2_balanced_logreg_fold2_v1.joblib
2,resize_112,MLLM_STR_Nano-Banana2-fake_69,1,0.9453220367431641,mllm::Nano_Banana_2,,models/v2/clip_lora_fold2_best_v1.pt,models/v2/v2_10b_h2_balanced_logreg_fold2_v1.joblib
2,resize_112,MLLM_STR_Nano-Banana2-fake_7,1,0.6626919507980347,mllm::Nano_Banana_2,,models/v2/clip_lora_fold2_best_v1.pt,models/v2/v2_10b_h2_balanced_logreg_fold2_v1.joblib
2,resize_112,MLLM_STR_Nano-Banana2-fake_70,1,0.8581035137176514,mllm::Nano_Banana_2,,models/v2/clip_lora_fold2_best_v1.pt,models/v2/v2_10b_h2_balanced_logreg_fold2_v1.joblib
2,resize_112,MLLM_STR_Nano-Banana2-fake_71,1,0.95625901222229,mllm::Nano_Banana_2,,models/v2/clip_lora_fold2_best_v1.pt,models/v2/v2_10b_h2_balanced_logreg_fold2_v1.joblib
2,resize_112,MLLM_STR_Nano-Banana2-fake_72,1,0.8614754676818848,mllm::Nano_Banana_2,,models/v2/clip_lora_fold2_best_v1.pt,models/v2/v2_10b_h2_balanced_logreg_fold2_v1.joblib
2,resize_112,MLLM_STR_Nano-Banana2-fake_73,1,0.9585162997245789,mllm::Nano_Banana_2,,models/v2/clip_lora_fold2_best_v1.pt,models/v2/v2_10b_h2_balanced_logreg_fold2_v1.joblib
2,resize_112,MLLM_STR_Nano-Banana2-fake_74,1,0.8322060108184814,mllm::Nano_Banana_2,,models/v2/clip_lora_fold2_best_v1.pt,models/v2/v2_10b_h2_balanced_logreg_fold2_v1.joblib
2,resize_112,MLLM_STR_Nano-Banana2-fake_75,1,0.8924808502197266,mllm::Nano_Banana_2,,models/v2/clip_lora_fold2_best_v1.pt,models/v2/v2_10b_h2_balanced_logreg_fold2_v1.joblib
2,resize_112,MLLM_STR_Nano-Banana2-fake_76,1,0.787815272808075,mllm::Nano_Banana_2,,models/v2/clip_lora_fold2_best_v1.pt,models/v2/v2_10b_h2_balanced_logreg_fold2_v1.joblib
2,resize_112,MLLM_STR_Nano-Banana2-fake_77,1,0.664054811000824,mllm::Nano_Banana_2,,models/v2/clip_lora_fold2_best_v1.pt,models/v2/v2_10b_h2_balanced_logreg_fold2_v1.joblib
2,resize_112,MLLM_STR_Nano-Banana2-fake_78,1,0.8342331647872925,mllm::Nano_Banana_2,,models/v2/clip_lora_fold2_best_v1.pt,models/v2/v2_10b_h2_balanced_logreg_fold2_v1.joblib
2,resize_112,MLLM_STR_Nano-Banana2-fake_79,1,0.902447521686554,mllm::Nano_Banana_2,,models/v2/clip_lora_fold2_best_v1.pt,models/v2/v2_10b_h2_balanced_logreg_fold2_v1.joblib
2,resize_112,MLLM_STR_Nano-Banana2-fake_8,1,0.6052701473236084,mllm::Nano_Banana_2,,models/v2/clip_lora_fold2_best_v1.pt,models/v2/v2_10b_h2_balanced_logreg_fold2_v1.joblib
2,resize_112,MLLM_STR_Nano-Banana2-fake_80,1,0.8863791227340698,mllm::Nano_Banana_2,,models/v2/clip_lora_fold2_best_v1.pt,models/v2/v2_10b_h2_balanced_logreg_fold2_v1.joblib
2,resize_112,MLLM_STR_Nano-Banana2-fake_81,1,0.8043550848960876,mllm::Nano_Banana_2,,models/v2/clip_lora_fold2_best_v1.pt,models/v2/v2_10b_h2_balanced_logreg_fold2_v1.joblib
2,resize_112,MLLM_STR_Nano-Banana2-fake_82,1,0.8615396022796631,mllm::Nano_Banana_2,,models/v2/clip_lora_fold2_best_v1.pt,models/v2/v2_10b_h2_balanced_logreg_fold2_v1.joblib
2,resize_112,MLLM_STR_Nano-Banana2-fake_83,1,0.7210227251052856,mllm::Nano_Banana_2,,models/v2/clip_lora_fold2_best_v1.pt,models/v2/v2_10b_h2_balanced_logreg_fold2_v1.joblib
2,resize_112,MLLM_STR_Nano-Banana2-fake_84,1,0.9136117100715637,mllm::Nano_Banana_2,,models/v2/clip_lora_fold2_best_v1.pt,models/v2/v2_10b_h2_balanced_logreg_fold2_v1.joblib
2,resize_112,MLLM_STR_Nano-Banana2-fake_85,1,0.7427221536636353,mllm::Nano_Banana_2,,models/v2/clip_lora_fold2_best_v1.pt,models/v2/v2_10b_h2_balanced_logreg_fold2_v1.joblib
2,resize_112,MLLM_STR_Nano-Banana2-fake_86,1,0.9332916140556335,mllm::Nano_Banana_2,,models/v2/clip_lora_fold2_best_v1.pt,models/v2/v2_10b_h2_balanced_logreg_fold2_v1.joblib
2,resize_112,MLLM_STR_Nano-Banana2-fake_87,1,0.9313311576843262,mllm::Nano_Banana_2,,models/v2/clip_lora_fold2_best_v1.pt,models/v2/v2_10b_h2_balanced_logreg_fold2_v1.joblib
2,resize_112,MLLM_STR_Nano-Banana2-fake_88,1,0.5080176591873169,mllm::Nano_Banana_2,,models/v2/clip_lora_fold2_best_v1.pt,models/v2/v2_10b_h2_balanced_logreg_fold2_v1.joblib
2,resize_112,MLLM_STR_Nano-Banana2-fake_89,1,0.8633977770805359,mllm::Nano_Banana_2,,models/v2/clip_lora_fold2_best_v1.pt,models/v2/v2_10b_h2_balanced_logreg_fold2_v1.joblib
2,resize_112,MLLM_STR_Nano-Banana2-fake_9,1,0.6670195460319519,mllm::Nano_Banana_2,,models/v2/clip_lora_fold2_best_v1.pt,models/v2/v2_10b_h2_balanced_logreg_fold2_v1.joblib
2,resize_112,MLLM_STR_Nano-Banana2-fake_90,1,0.8782395720481873,mllm::Nano_Banana_2,,models/v2/clip_lora_fold2_best_v1.pt,models/v2/v2_10b_h2_balanced_logreg_fold2_v1.joblib
2,resize_112,MLLM_STR_Nano-Banana2-fake_91,1,0.9761571884155273,mllm::Nano_Banana_2,,models/v2/clip_lora_fold2_best_v1.pt,models/v2/v2_10b_h2_balanced_logreg_fold2_v1.joblib
2,resize_112,MLLM_STR_Nano-Banana2-fake_92,1,0.9233261942863464,mllm::Nano_Banana_2,,models/v2/clip_lora_fold2_best_v1.pt,models/v2/v2_10b_h2_balanced_logreg_fold2_v1.joblib
2,resize_112,MLLM_STR_Nano-Banana2-fake_93,1,0.948172926902771,mllm::Nano_Banana_2,,models/v2/clip_lora_fold2_best_v1.pt,models/v2/v2_10b_h2_balanced_logreg_fold2_v1.joblib
2,resize_112,MLLM_STR_Nano-Banana2-fake_94,1,0.9358922243118286,mllm::Nano_Banana_2,,models/v2/clip_lora_fold2_best_v1.pt,models/v2/v2_10b_h2_balanced_logreg_fold2_v1.joblib
2,resize_112,MLLM_STR_Nano-Banana2-fake_95,1,0.6932492852210999,mllm::Nano_Banana_2,,models/v2/clip_lora_fold2_best_v1.pt,models/v2/v2_10b_h2_balanced_logreg_fold2_v1.joblib
2,resize_112,MLLM_STR_Nano-Banana2-fake_96,1,0.9590327739715576,mllm::Nano_Banana_2,,models/v2/clip_lora_fold2_best_v1.pt,models/v2/v2_10b_h2_balanced_logreg_fold2_v1.joblib
2,resize_112,MLLM_STR_Nano-Banana2-fake_97,1,0.7403984069824219,mllm::Nano_Banana_2,,models/v2/clip_lora_fold2_best_v1.pt,models/v2/v2_10b_h2_balanced_logreg_fold2_v1.joblib
2,resize_112,MLLM_STR_Nano-Banana2-fake_98,1,0.9557628035545349,mllm::Nano_Banana_2,,models/v2/clip_lora_fold2_best_v1.pt,models/v2/v2_10b_h2_balanced_logreg_fold2_v1.joblib
2,resize_112,MLLM_STR_Nano-Banana2-fake_99,1,0.8603423237800598,mllm::Nano_Banana_2,,models/v2/clip_lora_fold2_best_v1.pt,models/v2/v2_10b_h2_balanced_logreg_fold2_v1.joblib
2,resize_112,MLLM_STR_real_1,0,0.13760477304458618,real::MLLM,MLLM,models/v2/clip_lora_fold2_best_v1.pt,models/v2/v2_10b_h2_balanced_logreg_fold2_v1.joblib
2,resize_112,MLLM_STR_real_100,0,0.9380577802658081,real::MLLM,MLLM,models/v2/clip_lora_fold2_best_v1.pt,models/v2/v2_10b_h2_balanced_logreg_fold2_v1.joblib
2,resize_112,MLLM_STR_real_115,0,0.8277931809425354,real::MLLM,MLLM,models/v2/clip_lora_fold2_best_v1.pt,models/v2/v2_10b_h2_balanced_logreg_fold2_v1.joblib
2,resize_112,MLLM_STR_real_121,0,0.23979954421520233,real::MLLM,MLLM,models/v2/clip_lora_fold2_best_v1.pt,models/v2/v2_10b_h2_balanced_logreg_fold2_v1.joblib
2,resize_112,MLLM_STR_real_123,0,0.8405535221099854,real::MLLM,MLLM,models/v2/clip_lora_fold2_best_v1.pt,models/v2/v2_10b_h2_balanced_logreg_fold2_v1.joblib
2,resize_112,MLLM_STR_real_137,0,0.5232401490211487,real::MLLM,MLLM,models/v2/clip_lora_fold2_best_v1.pt,models/v2/v2_10b_h2_balanced_logreg_fold2_v1.joblib
2,resize_112,MLLM_STR_real_139,0,0.7299851179122925,real::MLLM,MLLM,models/v2/clip_lora_fold2_best_v1.pt,models/v2/v2_10b_h2_balanced_logreg_fold2_v1.joblib
2,resize_112,MLLM_STR_real_140,0,0.2814417779445648,real::MLLM,MLLM,models/v2/clip_lora_fold2_best_v1.pt,models/v2/v2_10b_h2_balanced_logreg_fold2_v1.joblib
2,resize_112,MLLM_STR_real_144,0,0.495041161775589,real::MLLM,MLLM,models/v2/clip_lora_fold2_best_v1.pt,models/v2/v2_10b_h2_balanced_logreg_fold2_v1.joblib
2,resize_112,MLLM_STR_real_153,0,0.5648825764656067,real::MLLM,MLLM,models/v2/clip_lora_fold2_best_v1.pt,models/v2/v2_10b_h2_balanced_logreg_fold2_v1.joblib
2,resize_112,MLLM_STR_real_154,0,0.987633466720581,real::MLLM,MLLM,models/v2/clip_lora_fold2_best_v1.pt,models/v2/v2_10b_h2_balanced_logreg_fold2_v1.joblib
2,resize_112,MLLM_STR_real_157,0,0.7700345516204834,real::MLLM,MLLM,models/v2/clip_lora_fold2_best_v1.pt,models/v2/v2_10b_h2_balanced_logreg_fold2_v1.joblib
2,resize_112,MLLM_STR_real_159,0,0.3746471107006073,real::MLLM,MLLM,models/v2/clip_lora_fold2_best_v1.pt,models/v2/v2_10b_h2_balanced_logreg_fold2_v1.joblib
2,resize_112,MLLM_STR_real_162,0,0.36288049817085266,real::MLLM,MLLM,models/v2/clip_lora_fold2_best_v1.pt,models/v2/v2_10b_h2_balanced_logreg_fold2_v1.joblib
2,resize_112,MLLM_STR_real_163,0,0.23368190228939056,real::MLLM,MLLM,models/v2/clip_lora_fold2_best_v1.pt,models/v2/v2_10b_h2_balanced_logreg_fold2_v1.joblib
2,resize_112,MLLM_STR_real_165,0,0.8429592847824097,real::MLLM,MLLM,models/v2/clip_lora_fold2_best_v1.pt,models/v2/v2_10b_h2_balanced_logreg_fold2_v1.joblib
2,resize_112,MLLM_STR_real_168,0,0.3315601646900177,real::MLLM,MLLM,models/v2/clip_lora_fold2_best_v1.pt,models/v2/v2_10b_h2_balanced_logreg_fold2_v1.joblib
2,resize_112,MLLM_STR_real_170,0,0.8341376781463623,real::MLLM,MLLM,models/v2/clip_lora_fold2_best_v1.pt,models/v2/v2_10b_h2_balanced_logreg_fold2_v1.joblib
2,resize_112,MLLM_STR_real_173,0,0.10363791882991791,real::MLLM,MLLM,models/v2/clip_lora_fold2_best_v1.pt,models/v2/v2_10b_h2_balanced_logreg_fold2_v1.joblib
2,resize_112,MLLM_STR_real_175,0,0.6161742806434631,real::MLLM,MLLM,models/v2/clip_lora_fold2_best_v1.pt,models/v2/v2_10b_h2_balanced_logreg_fold2_v1.joblib
2,resize_112,MLLM_STR_real_178,0,0.33464884757995605,real::MLLM,MLLM,models/v2/clip_lora_fold2_best_v1.pt,models/v2/v2_10b_h2_balanced_logreg_fold2_v1.joblib
2,resize_112,MLLM_STR_real_180,0,0.4748672544956207,real::MLLM,MLLM,models/v2/clip_lora_fold2_best_v1.pt,models/v2/v2_10b_h2_balanced_logreg_fold2_v1.joblib
2,resize_112,MLLM_STR_real_182,0,0.629607081413269,real::MLLM,MLLM,models/v2/clip_lora_fold2_best_v1.pt,models/v2/v2_10b_h2_balanced_logreg_fold2_v1.joblib
2,resize_112,MLLM_STR_real_183,0,0.26717686653137207,real::MLLM,MLLM,models/v2/clip_lora_fold2_best_v1.pt,models/v2/v2_10b_h2_balanced_logreg_fold2_v1.joblib
2,resize_112,MLLM_STR_real_186,0,0.4030594229698181,real::MLLM,MLLM,models/v2/clip_lora_fold2_best_v1.pt,models/v2/v2_10b_h2_balanced_logreg_fold2_v1.joblib
2,resize_112,MLLM_STR_real_2,0,0.37360137701034546,real::MLLM,MLLM,models/v2/clip_lora_fold2_best_v1.pt,models/v2/v2_10b_h2_balanced_logreg_fold2_v1.joblib
2,resize_112,MLLM_STR_real_20,0,0.07751809805631638,real::MLLM,MLLM,models/v2/clip_lora_fold2_best_v1.pt,models/v2/v2_10b_h2_balanced_logreg_fold2_v1.joblib
2,resize_112,MLLM_STR_real_21,0,0.2042074352502823,real::MLLM,MLLM,models/v2/clip_lora_fold2_best_v1.pt,models/v2/v2_10b_h2_balanced_logreg_fold2_v1.joblib
2,resize_112,MLLM_STR_real_212,0,0.899380087852478,real::MLLM,MLLM,models/v2/clip_lora_fold2_best_v1.pt,models/v2/v2_10b_h2_balanced_logreg_fold2_v1.joblib
2,resize_112,MLLM_STR_real_22,0,0.24907538294792175,real::MLLM,MLLM,models/v2/clip_lora_fold2_best_v1.pt,models/v2/v2_10b_h2_balanced_logreg_fold2_v1.joblib
2,resize_112,MLLM_STR_real_224,0,0.06443140655755997,real::MLLM,MLLM,models/v2/clip_lora_fold2_best_v1.pt,models/v2/v2_10b_h2_balanced_logreg_fold2_v1.joblib
2,resize_112,MLLM_STR_real_230,0,0.2121380865573883,real::MLLM,MLLM,models/v2/clip_lora_fold2_best_v1.pt,models/v2/v2_10b_h2_balanced_logreg_fold2_v1.joblib
2,resize_112,MLLM_STR_real_232,0,0.6537929177284241,real::MLLM,MLLM,models/v2/clip_lora_fold2_best_v1.pt,models/v2/v2_10b_h2_balanced_logreg_fold2_v1.joblib
2,resize_112,MLLM_STR_real_24,0,0.14122991263866425,real::MLLM,MLLM,models/v2/clip_lora_fold2_best_v1.pt,models/v2/v2_10b_h2_balanced_logreg_fold2_v1.joblib
2,resize_112,MLLM_STR_real_245,0,0.5909196734428406,real::MLLM,MLLM,models/v2/clip_lora_fold2_best_v1.pt,models/v2/v2_10b_h2_balanced_logreg_fold2_v1.joblib
2,resize_112,MLLM_STR_real_248,0,0.4775892198085785,real::MLLM,MLLM,models/v2/clip_lora_fold2_best_v1.pt,models/v2/v2_10b_h2_balanced_logreg_fold2_v1.joblib
2,resize_112,MLLM_STR_real_262,0,0.46182388067245483,real::MLLM,MLLM,models/v2/clip_lora_fold2_best_v1.pt,models/v2/v2_10b_h2_balanced_logreg_fold2_v1.joblib
2,resize_112,MLLM_STR_real_271,0,0.8330971598625183,real::MLLM,MLLM,models/v2/clip_lora_fold2_best_v1.pt,models/v2/v2_10b_h2_balanced_logreg_fold2_v1.joblib
2,resize_112,MLLM_STR_real_275,0,0.5644601583480835,real::MLLM,MLLM,models/v2/clip_lora_fold2_best_v1.pt,models/v2/v2_10b_h2_balanced_logreg_fold2_v1.joblib
2,resize_112,MLLM_STR_real_281,0,0.2210199534893036,real::MLLM,MLLM,models/v2/clip_lora_fold2_best_v1.pt,models/v2/v2_10b_h2_balanced_logreg_fold2_v1.joblib
2,resize_112,MLLM_STR_real_282,0,0.3864838182926178,real::MLLM,MLLM,models/v2/clip_lora_fold2_best_v1.pt,models/v2/v2_10b_h2_balanced_logreg_fold2_v1.joblib
2,resize_112,MLLM_STR_real_29,0,0.5290412306785583,real::MLLM,MLLM,models/v2/clip_lora_fold2_best_v1.pt,models/v2/v2_10b_h2_balanced_logreg_fold2_v1.joblib
2,resize_112,MLLM_STR_real_292,0,0.15802282094955444,real::MLLM,MLLM,models/v2/clip_lora_fold2_best_v1.pt,models/v2/v2_10b_h2_balanced_logreg_fold2_v1.joblib
2,resize_112,MLLM_STR_real_300,0,0.4851139485836029,real::MLLM,MLLM,models/v2/clip_lora_fold2_best_v1.pt,models/v2/v2_10b_h2_balanced_logreg_fold2_v1.joblib
2,resize_112,MLLM_STR_real_301,0,0.30533289909362793,real::MLLM,MLLM,models/v2/clip_lora_fold2_best_v1.pt,models/v2/v2_10b_h2_balanced_logreg_fold2_v1.joblib
2,resize_112,MLLM_STR_real_34,0,0.033865589648485184,real::MLLM,MLLM,models/v2/clip_lora_fold2_best_v1.pt,models/v2/v2_10b_h2_balanced_logreg_fold2_v1.joblib
2,resize_112,MLLM_STR_real_38,0,0.7347821593284607,real::MLLM,MLLM,models/v2/clip_lora_fold2_best_v1.pt,models/v2/v2_10b_h2_balanced_logreg_fold2_v1.joblib
2,resize_112,MLLM_STR_real_45,0,0.9117640852928162,real::MLLM,MLLM,models/v2/clip_lora_fold2_best_v1.pt,models/v2/v2_10b_h2_balanced_logreg_fold2_v1.joblib
2,resize_112,MLLM_STR_real_50,0,0.8682329654693604,real::MLLM,MLLM,models/v2/clip_lora_fold2_best_v1.pt,models/v2/v2_10b_h2_balanced_logreg_fold2_v1.joblib
2,resize_112,MLLM_STR_real_51,0,0.8155691027641296,real::MLLM,MLLM,models/v2/clip_lora_fold2_best_v1.pt,models/v2/v2_10b_h2_balanced_logreg_fold2_v1.joblib
2,resize_112,MLLM_STR_real_53,0,0.8499467372894287,real::MLLM,MLLM,models/v2/clip_lora_fold2_best_v1.pt,models/v2/v2_10b_h2_balanced_logreg_fold2_v1.joblib
2,resize_112,MLLM_STR_real_65,0,0.7795226573944092,real::MLLM,MLLM,models/v2/clip_lora_fold2_best_v1.pt,models/v2/v2_10b_h2_balanced_logreg_fold2_v1.joblib
2,resize_112,MLLM_STR_real_68,0,0.6228981614112854,real::MLLM,MLLM,models/v2/clip_lora_fold2_best_v1.pt,models/v2/v2_10b_h2_balanced_logreg_fold2_v1.joblib
2,resize_112,MLLM_STR_real_77,0,0.7123832106590271,real::MLLM,MLLM,models/v2/clip_lora_fold2_best_v1.pt,models/v2/v2_10b_h2_balanced_logreg_fold2_v1.joblib
2,resize_112,MLLM_STR_real_79,0,0.7871201038360596,real::MLLM,MLLM,models/v2/clip_lora_fold2_best_v1.pt,models/v2/v2_10b_h2_balanced_logreg_fold2_v1.joblib
2,resize_112,MLLM_STR_real_87,0,0.5598903894424438,real::MLLM,MLLM,models/v2/clip_lora_fold2_best_v1.pt,models/v2/v2_10b_h2_balanced_logreg_fold2_v1.joblib
2,resize_112,MLLM_STR_real_97,0,0.5689167976379395,real::MLLM,MLLM,models/v2/clip_lora_fold2_best_v1.pt,models/v2/v2_10b_h2_balanced_logreg_fold2_v1.joblib
2,resize_112,MLLM_TEX_Nano-Banana2-fake_1,1,0.9247064590454102,mllm::Nano_Banana_2,,models/v2/clip_lora_fold2_best_v1.pt,models/v2/v2_10b_h2_balanced_logreg_fold2_v1.joblib
2,resize_112,MLLM_TEX_Nano-Banana2-fake_10,1,0.8681572079658508,mllm::Nano_Banana_2,,models/v2/clip_lora_fold2_best_v1.pt,models/v2/v2_10b_h2_balanced_logreg_fold2_v1.joblib
2,resize_112,MLLM_TEX_Nano-Banana2-fake_100,1,0.7646955847740173,mllm::Nano_Banana_2,,models/v2/clip_lora_fold2_best_v1.pt,models/v2/v2_10b_h2_balanced_logreg_fold2_v1.joblib
2,resize_112,MLLM_TEX_Nano-Banana2-fake_101,1,0.8949030041694641,mllm::Nano_Banana_2,,models/v2/clip_lora_fold2_best_v1.pt,models/v2/v2_10b_h2_balanced_logreg_fold2_v1.joblib
2,resize_112,MLLM_TEX_Nano-Banana2-fake_102,1,0.8825874328613281,mllm::Nano_Banana_2,,models/v2/clip_lora_fold2_best_v1.pt,models/v2/v2_10b_h2_balanced_logreg_fold2_v1.joblib
2,resize_112,MLLM_TEX_Nano-Banana2-fake_103,1,0.2835589647293091,mllm::Nano_Banana_2,,models/v2/clip_lora_fold2_best_v1.pt,models/v2/v2_10b_h2_balanced_logreg_fold2_v1.joblib
2,resize_112,MLLM_TEX_Nano-Banana2-fake_104,1,0.2973950207233429,mllm::Nano_Banana_2,,models/v2/clip_lora_fold2_best_v1.pt,models/v2/v2_10b_h2_balanced_logreg_fold2_v1.joblib
2,resize_112,MLLM_TEX_Nano-Banana2-fake_105,1,0.6412986516952515,mllm::Nano_Banana_2,,models/v2/clip_lora_fold2_best_v1.pt,models/v2/v2_10b_h2_balanced_logreg_fold2_v1.joblib
2,resize_112,MLLM_TEX_Nano-Banana2-fake_106,1,0.5287660956382751,mllm::Nano_Banana_2,,models/v2/clip_lora_fold2_best_v1.pt,models/v2/v2_10b_h2_balanced_logreg_fold2_v1.joblib
2,resize_112,MLLM_TEX_Nano-Banana2-fake_107,1,0.8995052576065063,mllm::Nano_Banana_2,,models/v2/clip_lora_fold2_best_v1.pt,models/v2/v2_10b_h2_balanced_logreg_fold2_v1.joblib
2,resize_112,MLLM_TEX_Nano-Banana2-fake_108,1,0.19103682041168213,mllm::Nano_Banana_2,,models/v2/clip_lora_fold2_best_v1.pt,models/v2/v2_10b_h2_balanced_logreg_fold2_v1.joblib
2,resize_112,MLLM_TEX_Nano-Banana2-fake_109,1,0.5087854266166687,mllm::Nano_Banana_2,,models/v2/clip_lora_fold2_best_v1.pt,models/v2/v2_10b_h2_balanced_logreg_fold2_v1.joblib
2,resize_112,MLLM_TEX_Nano-Banana2-fake_11,1,0.4393235743045807,mllm::Nano_Banana_2,,models/v2/clip_lora_fold2_best_v1.pt,models/v2/v2_10b_h2_balanced_logreg_fold2_v1.joblib
2,resize_112,MLLM_TEX_Nano-Banana2-fake_110,1,0.6075800657272339,mllm::Nano_Banana_2,,models/v2/clip_lora_fold2_best_v1.pt,models/v2/v2_10b_h2_balanced_logreg_fold2_v1.joblib
2,resize_112,MLLM_TEX_Nano-Banana2-fake_111,1,0.9147888422012329,mllm::Nano_Banana_2,,models/v2/clip_lora_fold2_best_v1.pt,models/v2/v2_10b_h2_balanced_logreg_fold2_v1.joblib
2,resize_112,MLLM_TEX_Nano-Banana2-fake_112,1,0.29865238070487976,mllm::Nano_Banana_2,,models/v2/clip_lora_fold2_best_v1.pt,models/v2/v2_10b_h2_balanced_logreg_fold2_v1.joblib
2,resize_112,MLLM_TEX_Nano-Banana2-fake_113,1,0.5433974266052246,mllm::Nano_Banana_2,,models/v2/clip_lora_fold2_best_v1.pt,models/v2/v2_10b_h2_balanced_logreg_fold2_v1.joblib
2,resize_112,MLLM_TEX_Nano-Banana2-fake_114,1,0.31761664152145386,mllm::Nano_Banana_2,,models/v2/clip_lora_fold2_best_v1.pt,models/v2/v2_10b_h2_balanced_logreg_fold2_v1.joblib
2,resize_112,MLLM_TEX_Nano-Banana2-fake_115,1,0.7901844382286072,mllm::Nano_Banana_2,,models/v2/clip_lora_fold2_best_v1.pt,models/v2/v2_10b_h2_balanced_logreg_fold2_v1.joblib
2,resize_112,MLLM_TEX_Nano-Banana2-fake_116,1,0.8226856589317322,mllm::Nano_Banana_2,,models/v2/clip_lora_fold2_best_v1.pt,models/v2/v2_10b_h2_balanced_logreg_fold2_v1.joblib
2,resize_112,MLLM_TEX_Nano-Banana2-fake_117,1,0.6354444026947021,mllm::Nano_Banana_2,,models/v2/clip_lora_fold2_best_v1.pt,models/v2/v2_10b_h2_balanced_logreg_fold2_v1.joblib
2,resize_112,MLLM_TEX_Nano-Banana2-fake_118,1,0.7546008825302124,mllm::Nano_Banana_2,,models/v2/clip_lora_fold2_best_v1.pt,models/v2/v2_10b_h2_balanced_logreg_fold2_v1.joblib
2,resize_112,MLLM_TEX_Nano-Banana2-fake_119,1,0.9237637519836426,mllm::Nano_Banana_2,,models/v2/clip_lora_fold2_best_v1.pt,models/v2/v2_10b_h2_balanced_logreg_fold2_v1.joblib
2,resize_112,MLLM_TEX_Nano-Banana2-fake_12,1,0.9599709510803223,mllm::Nano_Banana_2,,models/v2/clip_lora_fold2_best_v1.pt,models/v2/v2_10b_h2_balanced_logreg_fold2_v1.joblib
2,resize_112,MLLM_TEX_Nano-Banana2-fake_120,1,0.6473180055618286,mllm::Nano_Banana_2,,models/v2/clip_lora_fold2_best_v1.pt,models/v2/v2_10b_h2_balanced_logreg_fold2_v1.joblib
2,resize_112,MLLM_TEX_Nano-Banana2-fake_121,1,0.573750913143158,mllm::Nano_Banana_2,,models/v2/clip_lora_fold2_best_v1.pt,models/v2/v2_10b_h2_balanced_logreg_fold2_v1.joblib
2,resize_112,MLLM_TEX_Nano-Banana2-fake_122,1,0.9101687669754028,mllm::Nano_Banana_2,,models/v2/clip_lora_fold2_best_v1.pt,models/v2/v2_10b_h2_balanced_logreg_fold2_v1.joblib
2,resize_112,MLLM_TEX_Nano-Banana2-fake_123,1,0.37084418535232544,mllm::Nano_Banana_2,,models/v2/clip_lora_fold2_best_v1.pt,models/v2/v2_10b_h2_balanced_logreg_fold2_v1.joblib
2,resize_112,MLLM_TEX_Nano-Banana2-fake_124,1,0.9502406120300293,mllm::Nano_Banana_2,,models/v2/clip_lora_fold2_best_v1.pt,models/v2/v2_10b_h2_balanced_logreg_fold2_v1.joblib
2,resize_112,MLLM_TEX_Nano-Banana2-fake_125,1,0.8171551823616028,mllm::Nano_Banana_2,,models/v2/clip_lora_fold2_best_v1.pt,models/v2/v2_10b_h2_balanced_logreg_fold2_v1.joblib
2,resize_112,MLLM_TEX_Nano-Banana2-fake_126,1,0.9494753479957581,mllm::Nano_Banana_2,,models/v2/clip_lora_fold2_best_v1.pt,models/v2/v2_10b_h2_balanced_logreg_fold2_v1.joblib
2,resize_112,MLLM_TEX_Nano-Banana2-fake_127,1,0.8383477926254272,mllm::Nano_Banana_2,,models/v2/clip_lora_fold2_best_v1.pt,models/v2/v2_10b_h2_balanced_logreg_fold2_v1.joblib
2,resize_112,MLLM_TEX_Nano-Banana2-fake_129,1,0.9230819940567017,mllm::Nano_Banana_2,,models/v2/clip_lora_fold2_best_v1.pt,models/v2/v2_10b_h2_balanced_logreg_fold2_v1.joblib
2,resize_112,MLLM_TEX_Nano-Banana2-fake_13,1,0.7904255986213684,mllm::Nano_Banana_2,,models/v2/clip_lora_fold2_best_v1.pt,models/v2/v2_10b_h2_balanced_logreg_fold2_v1.joblib
2,resize_112,MLLM_TEX_Nano-Banana2-fake_130,1,0.871667742729187,mllm::Nano_Banana_2,,models/v2/clip_lora_fold2_best_v1.pt,models/v2/v2_10b_h2_balanced_logreg_fold2_v1.joblib
2,resize_112,MLLM_TEX_Nano-Banana2-fake_131,1,0.9182621836662292,mllm::Nano_Banana_2,,models/v2/clip_lora_fold2_best_v1.pt,models/v2/v2_10b_h2_balanced_logreg_fold2_v1.joblib
2,resize_112,MLLM_TEX_Nano-Banana2-fake_132,1,0.5177536606788635,mllm::Nano_Banana_2,,models/v2/clip_lora_fold2_best_v1.pt,models/v2/v2_10b_h2_balanced_logreg_fold2_v1.joblib
2,resize_112,MLLM_TEX_Nano-Banana2-fake_133,1,0.8877946138381958,mllm::Nano_Banana_2,,models/v2/clip_lora_fold2_best_v1.pt,models/v2/v2_10b_h2_balanced_logreg_fold2_v1.joblib
2,resize_112,MLLM_TEX_Nano-Banana2-fake_134,1,0.6289498209953308,mllm::Nano_Banana_2,,models/v2/clip_lora_fold2_best_v1.pt,models/v2/v2_10b_h2_balanced_logreg_fold2_v1.joblib
2,resize_112,MLLM_TEX_Nano-Banana2-fake_135,1,0.8396389484405518,mllm::Nano_Banana_2,,models/v2/clip_lora_fold2_best_v1.pt,models/v2/v2_10b_h2_balanced_logreg_fold2_v1.joblib
2,resize_112,MLLM_TEX_Nano-Banana2-fake_136,1,0.8543300628662109,mllm::Nano_Banana_2,,models/v2/clip_lora_fold2_best_v1.pt,models/v2/v2_10b_h2_balanced_logreg_fold2_v1.joblib
2,resize_112,MLLM_TEX_Nano-Banana2-fake_137,1,0.6581577658653259,mllm::Nano_Banana_2,,models/v2/clip_lora_fold2_best_v1.pt,models/v2/v2_10b_h2_balanced_logreg_fold2_v1.joblib
2,resize_112,MLLM_TEX_Nano-Banana2-fake_138,1,0.8529258966445923,mllm::Nano_Banana_2,,models/v2/clip_lora_fold2_best_v1.pt,models/v2/v2_10b_h2_balanced_logreg_fold2_v1.joblib
2,resize_112,MLLM_TEX_Nano-Banana2-fake_139,1,0.46270692348480225,mllm::Nano_Banana_2,,models/v2/clip_lora_fold2_best_v1.pt,models/v2/v2_10b_h2_balanced_logreg_fold2_v1.joblib
2,resize_112,MLLM_TEX_Nano-Banana2-fake_14,1,0.48979687690734863,mllm::Nano_Banana_2,,models/v2/clip_lora_fold2_best_v1.pt,models/v2/v2_10b_h2_balanced_logreg_fold2_v1.joblib
2,resize_112,MLLM_TEX_Nano-Banana2-fake_140,1,0.5327042937278748,mllm::Nano_Banana_2,,models/v2/clip_lora_fold2_best_v1.pt,models/v2/v2_10b_h2_balanced_logreg_fold2_v1.joblib
2,resize_112,MLLM_TEX_Nano-Banana2-fake_141,1,0.9665959477424622,mllm::Nano_Banana_2,,models/v2/clip_lora_fold2_best_v1.pt,models/v2/v2_10b_h2_balanced_logreg_fold2_v1.joblib
2,resize_112,MLLM_TEX_Nano-Banana2-fake_142,1,0.862956166267395,mllm::Nano_Banana_2,,models/v2/clip_lora_fold2_best_v1.pt,models/v2/v2_10b_h2_balanced_logreg_fold2_v1.joblib
2,resize_112,MLLM_TEX_Nano-Banana2-fake_143,1,0.6844121813774109,mllm::Nano_Banana_2,,models/v2/clip_lora_fold2_best_v1.pt,models/v2/v2_10b_h2_balanced_logreg_fold2_v1.joblib
2,resize_112,MLLM_TEX_Nano-Banana2-fake_144,1,0.9158769845962524,mllm::Nano_Banana_2,,models/v2/clip_lora_fold2_best_v1.pt,models/v2/v2_10b_h2_balanced_logreg_fold2_v1.joblib
2,resize_112,MLLM_TEX_Nano-Banana2-fake_145,1,0.8233585953712463,mllm::Nano_Banana_2,,models/v2/clip_lora_fold2_best_v1.pt,models/v2/v2_10b_h2_balanced_logreg_fold2_v1.joblib
2,resize_112,MLLM_TEX_Nano-Banana2-fake_146,1,0.5798614621162415,mllm::Nano_Banana_2,,models/v2/clip_lora_fold2_best_v1.pt,models/v2/v2_10b_h2_balanced_logreg_fold2_v1.joblib
2,resize_112,MLLM_TEX_Nano-Banana2-fake_147,1,0.8438199162483215,mllm::Nano_Banana_2,,models/v2/clip_lora_fold2_best_v1.pt,models/v2/v2_10b_h2_balanced_logreg_fold2_v1.joblib
2,resize_112,MLLM_TEX_Nano-Banana2-fake_148,1,0.7264676690101624,mllm::Nano_Banana_2,,models/v2/clip_lora_fold2_best_v1.pt,models/v2/v2_10b_h2_balanced_logreg_fold2_v1.joblib
2,resize_112,MLLM_TEX_Nano-Banana2-fake_149,1,0.8814221024513245,mllm::Nano_Banana_2,,models/v2/clip_lora_fold2_best_v1.pt,models/v2/v2_10b_h2_balanced_logreg_fold2_v1.joblib
2,resize_112,MLLM_TEX_Nano-Banana2-fake_15,1,0.5070894956588745,mllm::Nano_Banana_2,,models/v2/clip_lora_fold2_best_v1.pt,models/v2/v2_10b_h2_balanced_logreg_fold2_v1.joblib
2,resize_112,MLLM_TEX_Nano-Banana2-fake_150,1,0.9120160937309265,mllm::Nano_Banana_2,,models/v2/clip_lora_fold2_best_v1.pt,models/v2/v2_10b_h2_balanced_logreg_fold2_v1.joblib
2,resize_112,MLLM_TEX_Nano-Banana2-fake_151,1,0.8970757126808167,mllm::Nano_Banana_2,,models/v2/clip_lora_fold2_best_v1.pt,models/v2/v2_10b_h2_balanced_logreg_fold2_v1.joblib
2,resize_112,MLLM_TEX_Nano-Banana2-fake_152,1,0.6930626630783081,mllm::Nano_Banana_2,,models/v2/clip_lora_fold2_best_v1.pt,models/v2/v2_10b_h2_balanced_logreg_fold2_v1.joblib
2,resize_112,MLLM_TEX_Nano-Banana2-fake_153,1,0.7302594780921936,mllm::Nano_Banana_2,,models/v2/clip_lora_fold2_best_v1.pt,models/v2/v2_10b_h2_balanced_logreg_fold2_v1.joblib
2,resize_112,MLLM_TEX_Nano-Banana2-fake_154,1,0.8953080773353577,mllm::Nano_Banana_2,,models/v2/clip_lora_fold2_best_v1.pt,models/v2/v2_10b_h2_balanced_logreg_fold2_v1.joblib
2,resize_112,MLLM_TEX_Nano-Banana2-fake_155,1,0.8520277738571167,mllm::Nano_Banana_2,,models/v2/clip_lora_fold2_best_v1.pt,models/v2/v2_10b_h2_balanced_logreg_fold2_v1.joblib
2,resize_112,MLLM_TEX_Nano-Banana2-fake_156,1,0.46148741245269775,mllm::Nano_Banana_2,,models/v2/clip_lora_fold2_best_v1.pt,models/v2/v2_10b_h2_balanced_logreg_fold2_v1.joblib
2,resize_112,MLLM_TEX_Nano-Banana2-fake_157,1,0.4665824770927429,mllm::Nano_Banana_2,,models/v2/clip_lora_fold2_best_v1.pt,models/v2/v2_10b_h2_balanced_logreg_fold2_v1.joblib
2,resize_112,MLLM_TEX_Nano-Banana2-fake_158,1,0.965347170829773,mllm::Nano_Banana_2,,models/v2/clip_lora_fold2_best_v1.pt,models/v2/v2_10b_h2_balanced_logreg_fold2_v1.joblib
2,resize_112,MLLM_TEX_Nano-Banana2-fake_159,1,0.7603448033332825,mllm::Nano_Banana_2,,models/v2/clip_lora_fold2_best_v1.pt,models/v2/v2_10b_h2_balanced_logreg_fold2_v1.joblib
2,resize_112,MLLM_TEX_Nano-Banana2-fake_16,1,0.8543160557746887,mllm::Nano_Banana_2,,models/v2/clip_lora_fold2_best_v1.pt,models/v2/v2_10b_h2_balanced_logreg_fold2_v1.joblib
2,resize_112,MLLM_TEX_Nano-Banana2-fake_160,1,0.926803708076477,mllm::Nano_Banana_2,,models/v2/clip_lora_fold2_best_v1.pt,models/v2/v2_10b_h2_balanced_logreg_fold2_v1.joblib
2,resize_112,MLLM_TEX_Nano-Banana2-fake_161,1,0.5605788826942444,mllm::Nano_Banana_2,,models/v2/clip_lora_fold2_best_v1.pt,models/v2/v2_10b_h2_balanced_logreg_fold2_v1.joblib
2,resize_112,MLLM_TEX_Nano-Banana2-fake_162,1,0.8095323443412781,mllm::Nano_Banana_2,,models/v2/clip_lora_fold2_best_v1.pt,models/v2/v2_10b_h2_balanced_logreg_fold2_v1.joblib
2,resize_112,MLLM_TEX_Nano-Banana2-fake_163,1,0.9606101512908936,mllm::Nano_Banana_2,,models/v2/clip_lora_fold2_best_v1.pt,models/v2/v2_10b_h2_balanced_logreg_fold2_v1.joblib
2,resize_112,MLLM_TEX_Nano-Banana2-fake_164,1,0.9625341296195984,mllm::Nano_Banana_2,,models/v2/clip_lora_fold2_best_v1.pt,models/v2/v2_10b_h2_balanced_logreg_fold2_v1.joblib
2,resize_112,MLLM_TEX_Nano-Banana2-fake_165,1,0.5583515167236328,mllm::Nano_Banana_2,,models/v2/clip_lora_fold2_best_v1.pt,models/v2/v2_10b_h2_balanced_logreg_fold2_v1.joblib
2,resize_112,MLLM_TEX_Nano-Banana2-fake_166,1,0.7709983587265015,mllm::Nano_Banana_2,,models/v2/clip_lora_fold2_best_v1.pt,models/v2/v2_10b_h2_balanced_logreg_fold2_v1.joblib
2,resize_112,MLLM_TEX_Nano-Banana2-fake_167,1,0.8011847138404846,mllm::Nano_Banana_2,,models/v2/clip_lora_fold2_best_v1.pt,models/v2/v2_10b_h2_balanced_logreg_fold2_v1.joblib
2,resize_112,MLLM_TEX_Nano-Banana2-fake_168,1,0.557034432888031,mllm::Nano_Banana_2,,models/v2/clip_lora_fold2_best_v1.pt,models/v2/v2_10b_h2_balanced_logreg_fold2_v1.joblib
2,resize_112,MLLM_TEX_Nano-Banana2-fake_169,1,0.5737020969390869,mllm::Nano_Banana_2,,models/v2/clip_lora_fold2_best_v1.pt,models/v2/v2_10b_h2_balanced_logreg_fold2_v1.joblib
2,resize_112,MLLM_TEX_Nano-Banana2-fake_17,1,0.8703160881996155,mllm::Nano_Banana_2,,models/v2/clip_lora_fold2_best_v1.pt,models/v2/v2_10b_h2_balanced_logreg_fold2_v1.joblib
2,resize_112,MLLM_TEX_Nano-Banana2-fake_170,1,0.7283701300621033,mllm::Nano_Banana_2,,models/v2/clip_lora_fold2_best_v1.pt,models/v2/v2_10b_h2_balanced_logreg_fold2_v1.joblib
2,resize_112,MLLM_TEX_Nano-Banana2-fake_171,1,0.4984271228313446,mllm::Nano_Banana_2,,models/v2/clip_lora_fold2_best_v1.pt,models/v2/v2_10b_h2_balanced_logreg_fold2_v1.joblib
2,resize_112,MLLM_TEX_Nano-Banana2-fake_172,1,0.8580148816108704,mllm::Nano_Banana_2,,models/v2/clip_lora_fold2_best_v1.pt,models/v2/v2_10b_h2_balanced_logreg_fold2_v1.joblib
2,resize_112,MLLM_TEX_Nano-Banana2-fake_173,1,0.8076834082603455,mllm::Nano_Banana_2,,models/v2/clip_lora_fold2_best_v1.pt,models/v2/v2_10b_h2_balanced_logreg_fold2_v1.joblib
2,resize_112,MLLM_TEX_Nano-Banana2-fake_174,1,0.7651777863502502,mllm::Nano_Banana_2,,models/v2/clip_lora_fold2_best_v1.pt,models/v2/v2_10b_h2_balanced_logreg_fold2_v1.joblib
2,resize_112,MLLM_TEX_Nano-Banana2-fake_175,1,0.8394330143928528,mllm::Nano_Banana_2,,models/v2/clip_lora_fold2_best_v1.pt,models/v2/v2_10b_h2_balanced_logreg_fold2_v1.joblib
2,resize_112,MLLM_TEX_Nano-Banana2-fake_176,1,0.8173069357872009,mllm::Nano_Banana_2,,models/v2/clip_lora_fold2_best_v1.pt,models/v2/v2_10b_h2_balanced_logreg_fold2_v1.joblib
2,resize_112,MLLM_TEX_Nano-Banana2-fake_177,1,0.7182300686836243,mllm::Nano_Banana_2,,models/v2/clip_lora_fold2_best_v1.pt,models/v2/v2_10b_h2_balanced_logreg_fold2_v1.joblib
2,resize_112,MLLM_TEX_Nano-Banana2-fake_178,1,0.5283137559890747,mllm::Nano_Banana_2,,models/v2/clip_lora_fold2_best_v1.pt,models/v2/v2_10b_h2_balanced_logreg_fold2_v1.joblib
2,resize_112,MLLM_TEX_Nano-Banana2-fake_179,1,0.8669691681861877,mllm::Nano_Banana_2,,models/v2/clip_lora_fold2_best_v1.pt,models/v2/v2_10b_h2_balanced_logreg_fold2_v1.joblib
2,resize_112,MLLM_TEX_Nano-Banana2-fake_18,1,0.8920999765396118,mllm::Nano_Banana_2,,models/v2/clip_lora_fold2_best_v1.pt,models/v2/v2_10b_h2_balanced_logreg_fold2_v1.joblib
2,resize_112,MLLM_TEX_Nano-Banana2-fake_180,1,0.43414199352264404,mllm::Nano_Banana_2,,models/v2/clip_lora_fold2_best_v1.pt,models/v2/v2_10b_h2_balanced_logreg_fold2_v1.joblib
2,resize_112,MLLM_TEX_Nano-Banana2-fake_181,1,0.6788490414619446,mllm::Nano_Banana_2,,models/v2/clip_lora_fold2_best_v1.pt,models/v2/v2_10b_h2_balanced_logreg_fold2_v1.joblib
2,resize_112,MLLM_TEX_Nano-Banana2-fake_182,1,0.9675899147987366,mllm::Nano_Banana_2,,models/v2/clip_lora_fold2_best_v1.pt,models/v2/v2_10b_h2_balanced_logreg_fold2_v1.joblib
2,resize_112,MLLM_TEX_Nano-Banana2-fake_183,1,0.5801358819007874,mllm::Nano_Banana_2,,models/v2/clip_lora_fold2_best_v1.pt,models/v2/v2_10b_h2_balanced_logreg_fold2_v1.joblib
2,resize_112,MLLM_TEX_Nano-Banana2-fake_184,1,0.7857264876365662,mllm::Nano_Banana_2,,models/v2/clip_lora_fold2_best_v1.pt,models/v2/v2_10b_h2_balanced_logreg_fold2_v1.joblib
2,resize_112,MLLM_TEX_Nano-Banana2-fake_185,1,0.8146709203720093,mllm::Nano_Banana_2,,models/v2/clip_lora_fold2_best_v1.pt,models/v2/v2_10b_h2_balanced_logreg_fold2_v1.joblib
2,resize_112,MLLM_TEX_Nano-Banana2-fake_186,1,0.869696319103241,mllm::Nano_Banana_2,,models/v2/clip_lora_fold2_best_v1.pt,models/v2/v2_10b_h2_balanced_logreg_fold2_v1.joblib
2,resize_112,MLLM_TEX_Nano-Banana2-fake_187,1,0.862752377986908,mllm::Nano_Banana_2,,models/v2/clip_lora_fold2_best_v1.pt,models/v2/v2_10b_h2_balanced_logreg_fold2_v1.joblib
2,resize_112,MLLM_TEX_Nano-Banana2-fake_188,1,0.8697847723960876,mllm::Nano_Banana_2,,models/v2/clip_lora_fold2_best_v1.pt,models/v2/v2_10b_h2_balanced_logreg_fold2_v1.joblib
2,resize_112,MLLM_TEX_Nano-Banana2-fake_189,1,0.7492917776107788,mllm::Nano_Banana_2,,models/v2/clip_lora_fold2_best_v1.pt,models/v2/v2_10b_h2_balanced_logreg_fold2_v1.joblib
2,resize_112,MLLM_TEX_Nano-Banana2-fake_19,1,0.8902159333229065,mllm::Nano_Banana_2,,models/v2/clip_lora_fold2_best_v1.pt,models/v2/v2_10b_h2_balanced_logreg_fold2_v1.joblib
2,resize_112,MLLM_TEX_Nano-Banana2-fake_190,1,0.8097773194313049,mllm::Nano_Banana_2,,models/v2/clip_lora_fold2_best_v1.pt,models/v2/v2_10b_h2_balanced_logreg_fold2_v1.joblib
2,resize_112,MLLM_TEX_Nano-Banana2-fake_191,1,0.27585136890411377,mllm::Nano_Banana_2,,models/v2/clip_lora_fold2_best_v1.pt,models/v2/v2_10b_h2_balanced_logreg_fold2_v1.joblib
2,resize_112,MLLM_TEX_Nano-Banana2-fake_192,1,0.783051609992981,mllm::Nano_Banana_2,,models/v2/clip_lora_fold2_best_v1.pt,models/v2/v2_10b_h2_balanced_logreg_fold2_v1.joblib
2,resize_112,MLLM_TEX_Nano-Banana2-fake_193,1,0.3855099081993103,mllm::Nano_Banana_2,,models/v2/clip_lora_fold2_best_v1.pt,models/v2/v2_10b_h2_balanced_logreg_fold2_v1.joblib
2,resize_112,MLLM_TEX_Nano-Banana2-fake_194,1,0.6688247323036194,mllm::Nano_Banana_2,,models/v2/clip_lora_fold2_best_v1.pt,models/v2/v2_10b_h2_balanced_logreg_fold2_v1.joblib
2,resize_112,MLLM_TEX_Nano-Banana2-fake_195,1,0.4842852056026459,mllm::Nano_Banana_2,,models/v2/clip_lora_fold2_best_v1.pt,models/v2/v2_10b_h2_balanced_logreg_fold2_v1.joblib
2,resize_112,MLLM_TEX_Nano-Banana2-fake_196,1,0.8245840072631836,mllm::Nano_Banana_2,,models/v2/clip_lora_fold2_best_v1.pt,models/v2/v2_10b_h2_balanced_logreg_fold2_v1.joblib
2,resize_112,MLLM_TEX_Nano-Banana2-fake_197,1,0.841305136680603,mllm::Nano_Banana_2,,models/v2/clip_lora_fold2_best_v1.pt,models/v2/v2_10b_h2_balanced_logreg_fold2_v1.joblib
2,resize_112,MLLM_TEX_Nano-Banana2-fake_198,1,0.2695220410823822,mllm::Nano_Banana_2,,models/v2/clip_lora_fold2_best_v1.pt,models/v2/v2_10b_h2_balanced_logreg_fold2_v1.joblib
2,resize_112,MLLM_TEX_Nano-Banana2-fake_199,1,0.8051397800445557,mllm::Nano_Banana_2,,models/v2/clip_lora_fold2_best_v1.pt,models/v2/v2_10b_h2_balanced_logreg_fold2_v1.joblib
2,resize_112,MLLM_TEX_Nano-Banana2-fake_2,1,0.8365378975868225,mllm::Nano_Banana_2,,models/v2/clip_lora_fold2_best_v1.pt,models/v2/v2_10b_h2_balanced_logreg_fold2_v1.joblib
2,resize_112,MLLM_TEX_Nano-Banana2-fake_20,1,0.5819113850593567,mllm::Nano_Banana_2,,models/v2/clip_lora_fold2_best_v1.pt,models/v2/v2_10b_h2_balanced_logreg_fold2_v1.joblib
2,resize_112,MLLM_TEX_Nano-Banana2-fake_200,1,0.8349257707595825,mllm::Nano_Banana_2,,models/v2/clip_lora_fold2_best_v1.pt,models/v2/v2_10b_h2_balanced_logreg_fold2_v1.joblib
2,resize_112,MLLM_TEX_Nano-Banana2-fake_201,1,0.9184920191764832,mllm::Nano_Banana_2,,models/v2/clip_lora_fold2_best_v1.pt,models/v2/v2_10b_h2_balanced_logreg_fold2_v1.joblib
2,resize_112,MLLM_TEX_Nano-Banana2-fake_202,1,0.4304554760456085,mllm::Nano_Banana_2,,models/v2/clip_lora_fold2_best_v1.pt,models/v2/v2_10b_h2_balanced_logreg_fold2_v1.joblib
2,resize_112,MLLM_TEX_Nano-Banana2-fake_203,1,0.6230915188789368,mllm::Nano_Banana_2,,models/v2/clip_lora_fold2_best_v1.pt,models/v2/v2_10b_h2_balanced_logreg_fold2_v1.joblib
2,resize_112,MLLM_TEX_Nano-Banana2-fake_204,1,0.9410554766654968,mllm::Nano_Banana_2,,models/v2/clip_lora_fold2_best_v1.pt,models/v2/v2_10b_h2_balanced_logreg_fold2_v1.joblib
2,resize_112,MLLM_TEX_Nano-Banana2-fake_205,1,0.540791928768158,mllm::Nano_Banana_2,,models/v2/clip_lora_fold2_best_v1.pt,models/v2/v2_10b_h2_balanced_logreg_fold2_v1.joblib
2,resize_112,MLLM_TEX_Nano-Banana2-fake_206,1,0.4596834182739258,mllm::Nano_Banana_2,,models/v2/clip_lora_fold2_best_v1.pt,models/v2/v2_10b_h2_balanced_logreg_fold2_v1.joblib
2,resize_112,MLLM_TEX_Nano-Banana2-fake_207,1,0.8533409833908081,mllm::Nano_Banana_2,,models/v2/clip_lora_fold2_best_v1.pt,models/v2/v2_10b_h2_balanced_logreg_fold2_v1.joblib
2,resize_112,MLLM_TEX_Nano-Banana2-fake_208,1,0.9824763536453247,mllm::Nano_Banana_2,,models/v2/clip_lora_fold2_best_v1.pt,models/v2/v2_10b_h2_balanced_logreg_fold2_v1.joblib
2,resize_112,MLLM_TEX_Nano-Banana2-fake_209,1,0.8392785787582397,mllm::Nano_Banana_2,,models/v2/clip_lora_fold2_best_v1.pt,models/v2/v2_10b_h2_balanced_logreg_fold2_v1.joblib
2,resize_112,MLLM_TEX_Nano-Banana2-fake_21,1,0.6764913201332092,mllm::Nano_Banana_2,,models/v2/clip_lora_fold2_best_v1.pt,models/v2/v2_10b_h2_balanced_logreg_fold2_v1.joblib
2,resize_112,MLLM_TEX_Nano-Banana2-fake_210,1,0.8770001530647278,mllm::Nano_Banana_2,,models/v2/clip_lora_fold2_best_v1.pt,models/v2/v2_10b_h2_balanced_logreg_fold2_v1.joblib
2,resize_112,MLLM_TEX_Nano-Banana2-fake_211,1,0.8323483467102051,mllm::Nano_Banana_2,,models/v2/clip_lora_fold2_best_v1.pt,models/v2/v2_10b_h2_balanced_logreg_fold2_v1.joblib
2,resize_112,MLLM_TEX_Nano-Banana2-fake_212,1,0.2770421802997589,mllm::Nano_Banana_2,,models/v2/clip_lora_fold2_best_v1.pt,models/v2/v2_10b_h2_balanced_logreg_fold2_v1.joblib
2,resize_112,MLLM_TEX_Nano-Banana2-fake_213,1,0.9665893912315369,mllm::Nano_Banana_2,,models/v2/clip_lora_fold2_best_v1.pt,models/v2/v2_10b_h2_balanced_logreg_fold2_v1.joblib
2,resize_112,MLLM_TEX_Nano-Banana2-fake_214,1,0.7367228865623474,mllm::Nano_Banana_2,,models/v2/clip_lora_fold2_best_v1.pt,models/v2/v2_10b_h2_balanced_logreg_fold2_v1.joblib
2,resize_112,MLLM_TEX_Nano-Banana2-fake_215,1,0.8480668067932129,mllm::Nano_Banana_2,,models/v2/clip_lora_fold2_best_v1.pt,models/v2/v2_10b_h2_balanced_logreg_fold2_v1.joblib
2,resize_112,MLLM_TEX_Nano-Banana2-fake_216,1,0.4223167598247528,mllm::Nano_Banana_2,,models/v2/clip_lora_fold2_best_v1.pt,models/v2/v2_10b_h2_balanced_logreg_fold2_v1.joblib
2,resize_112,MLLM_TEX_Nano-Banana2-fake_22,1,0.8571575284004211,mllm::Nano_Banana_2,,models/v2/clip_lora_fold2_best_v1.pt,models/v2/v2_10b_h2_balanced_logreg_fold2_v1.joblib
2,resize_112,MLLM_TEX_Nano-Banana2-fake_23,1,0.8856211304664612,mllm::Nano_Banana_2,,models/v2/clip_lora_fold2_best_v1.pt,models/v2/v2_10b_h2_balanced_logreg_fold2_v1.joblib
2,resize_112,MLLM_TEX_Nano-Banana2-fake_24,1,0.864776611328125,mllm::Nano_Banana_2,,models/v2/clip_lora_fold2_best_v1.pt,models/v2/v2_10b_h2_balanced_logreg_fold2_v1.joblib
2,resize_112,MLLM_TEX_Nano-Banana2-fake_25,1,0.9000101089477539,mllm::Nano_Banana_2,,models/v2/clip_lora_fold2_best_v1.pt,models/v2/v2_10b_h2_balanced_logreg_fold2_v1.joblib
2,resize_112,MLLM_TEX_Nano-Banana2-fake_26,1,0.8970270156860352,mllm::Nano_Banana_2,,models/v2/clip_lora_fold2_best_v1.pt,models/v2/v2_10b_h2_balanced_logreg_fold2_v1.joblib
2,resize_112,MLLM_TEX_Nano-Banana2-fake_27,1,0.9395357966423035,mllm::Nano_Banana_2,,models/v2/clip_lora_fold2_best_v1.pt,models/v2/v2_10b_h2_balanced_logreg_fold2_v1.joblib
2,resize_112,MLLM_TEX_Nano-Banana2-fake_28,1,0.9521241784095764,mllm::Nano_Banana_2,,models/v2/clip_lora_fold2_best_v1.pt,models/v2/v2_10b_h2_balanced_logreg_fold2_v1.joblib
2,resize_112,MLLM_TEX_Nano-Banana2-fake_29,1,0.9004172682762146,mllm::Nano_Banana_2,,models/v2/clip_lora_fold2_best_v1.pt,models/v2/v2_10b_h2_balanced_logreg_fold2_v1.joblib
2,resize_112,MLLM_TEX_Nano-Banana2-fake_3,1,0.5227598547935486,mllm::Nano_Banana_2,,models/v2/clip_lora_fold2_best_v1.pt,models/v2/v2_10b_h2_balanced_logreg_fold2_v1.joblib
2,resize_112,MLLM_TEX_Nano-Banana2-fake_30,1,0.9595063328742981,mllm::Nano_Banana_2,,models/v2/clip_lora_fold2_best_v1.pt,models/v2/v2_10b_h2_balanced_logreg_fold2_v1.joblib
2,resize_112,MLLM_TEX_Nano-Banana2-fake_31,1,0.6670428514480591,mllm::Nano_Banana_2,,models/v2/clip_lora_fold2_best_v1.pt,models/v2/v2_10b_h2_balanced_logreg_fold2_v1.joblib
2,resize_112,MLLM_TEX_Nano-Banana2-fake_32,1,0.5685753226280212,mllm::Nano_Banana_2,,models/v2/clip_lora_fold2_best_v1.pt,models/v2/v2_10b_h2_balanced_logreg_fold2_v1.joblib
2,resize_112,MLLM_TEX_Nano-Banana2-fake_33,1,0.6672490239143372,mllm::Nano_Banana_2,,models/v2/clip_lora_fold2_best_v1.pt,models/v2/v2_10b_h2_balanced_logreg_fold2_v1.joblib
2,resize_112,MLLM_TEX_Nano-Banana2-fake_34,1,0.8210711479187012,mllm::Nano_Banana_2,,models/v2/clip_lora_fold2_best_v1.pt,models/v2/v2_10b_h2_balanced_logreg_fold2_v1.joblib
2,resize_112,MLLM_TEX_Nano-Banana2-fake_35,1,0.5147081017494202,mllm::Nano_Banana_2,,models/v2/clip_lora_fold2_best_v1.pt,models/v2/v2_10b_h2_balanced_logreg_fold2_v1.joblib
2,resize_112,MLLM_TEX_Nano-Banana2-fake_36,1,0.8920307159423828,mllm::Nano_Banana_2,,models/v2/clip_lora_fold2_best_v1.pt,models/v2/v2_10b_h2_balanced_logreg_fold2_v1.joblib
2,resize_112,MLLM_TEX_Nano-Banana2-fake_37,1,0.5453847646713257,mllm::Nano_Banana_2,,models/v2/clip_lora_fold2_best_v1.pt,models/v2/v2_10b_h2_balanced_logreg_fold2_v1.joblib
2,resize_112,MLLM_TEX_Nano-Banana2-fake_38,1,0.7589111328125,mllm::Nano_Banana_2,,models/v2/clip_lora_fold2_best_v1.pt,models/v2/v2_10b_h2_balanced_logreg_fold2_v1.joblib
2,resize_112,MLLM_TEX_Nano-Banana2-fake_39,1,0.2905135452747345,mllm::Nano_Banana_2,,models/v2/clip_lora_fold2_best_v1.pt,models/v2/v2_10b_h2_balanced_logreg_fold2_v1.joblib
2,resize_112,MLLM_TEX_Nano-Banana2-fake_4,1,0.7703161239624023,mllm::Nano_Banana_2,,models/v2/clip_lora_fold2_best_v1.pt,models/v2/v2_10b_h2_balanced_logreg_fold2_v1.joblib
2,resize_112,MLLM_TEX_Nano-Banana2-fake_40,1,0.33405017852783203,mllm::Nano_Banana_2,,models/v2/clip_lora_fold2_best_v1.pt,models/v2/v2_10b_h2_balanced_logreg_fold2_v1.joblib
2,resize_112,MLLM_TEX_Nano-Banana2-fake_41,1,0.34744545817375183,mllm::Nano_Banana_2,,models/v2/clip_lora_fold2_best_v1.pt,models/v2/v2_10b_h2_balanced_logreg_fold2_v1.joblib
2,resize_112,MLLM_TEX_Nano-Banana2-fake_42,1,0.7147798538208008,mllm::Nano_Banana_2,,models/v2/clip_lora_fold2_best_v1.pt,models/v2/v2_10b_h2_balanced_logreg_fold2_v1.joblib
2,resize_112,MLLM_TEX_Nano-Banana2-fake_43,1,0.4606229364871979,mllm::Nano_Banana_2,,models/v2/clip_lora_fold2_best_v1.pt,models/v2/v2_10b_h2_balanced_logreg_fold2_v1.joblib
2,resize_112,MLLM_TEX_Nano-Banana2-fake_44,1,0.7280237674713135,mllm::Nano_Banana_2,,models/v2/clip_lora_fold2_best_v1.pt,models/v2/v2_10b_h2_balanced_logreg_fold2_v1.joblib
2,resize_112,MLLM_TEX_Nano-Banana2-fake_45,1,0.8271463513374329,mllm::Nano_Banana_2,,models/v2/clip_lora_fold2_best_v1.pt,models/v2/v2_10b_h2_balanced_logreg_fold2_v1.joblib
2,resize_112,MLLM_TEX_Nano-Banana2-fake_46,1,0.8364890217781067,mllm::Nano_Banana_2,,models/v2/clip_lora_fold2_best_v1.pt,models/v2/v2_10b_h2_balanced_logreg_fold2_v1.joblib
2,resize_112,MLLM_TEX_Nano-Banana2-fake_47,1,0.8856210708618164,mllm::Nano_Banana_2,,models/v2/clip_lora_fold2_best_v1.pt,models/v2/v2_10b_h2_balanced_logreg_fold2_v1.joblib
2,resize_112,MLLM_TEX_Nano-Banana2-fake_48,1,0.4838202893733978,mllm::Nano_Banana_2,,models/v2/clip_lora_fold2_best_v1.pt,models/v2/v2_10b_h2_balanced_logreg_fold2_v1.joblib
2,resize_112,MLLM_TEX_Nano-Banana2-fake_49,1,0.8671822547912598,mllm::Nano_Banana_2,,models/v2/clip_lora_fold2_best_v1.pt,models/v2/v2_10b_h2_balanced_logreg_fold2_v1.joblib
2,resize_112,MLLM_TEX_Nano-Banana2-fake_5,1,0.7761942148208618,mllm::Nano_Banana_2,,models/v2/clip_lora_fold2_best_v1.pt,models/v2/v2_10b_h2_balanced_logreg_fold2_v1.joblib
2,resize_112,MLLM_TEX_Nano-Banana2-fake_50,1,0.7487776279449463,mllm::Nano_Banana_2,,models/v2/clip_lora_fold2_best_v1.pt,models/v2/v2_10b_h2_balanced_logreg_fold2_v1.joblib
2,resize_112,MLLM_TEX_Nano-Banana2-fake_51,1,0.8879080414772034,mllm::Nano_Banana_2,,models/v2/clip_lora_fold2_best_v1.pt,models/v2/v2_10b_h2_balanced_logreg_fold2_v1.joblib
2,resize_112,MLLM_TEX_Nano-Banana2-fake_52,1,0.6711597442626953,mllm::Nano_Banana_2,,models/v2/clip_lora_fold2_best_v1.pt,models/v2/v2_10b_h2_balanced_logreg_fold2_v1.joblib
2,resize_112,MLLM_TEX_Nano-Banana2-fake_53,1,0.7841381430625916,mllm::Nano_Banana_2,,models/v2/clip_lora_fold2_best_v1.pt,models/v2/v2_10b_h2_balanced_logreg_fold2_v1.joblib
2,resize_112,MLLM_TEX_Nano-Banana2-fake_54,1,0.964117169380188,mllm::Nano_Banana_2,,models/v2/clip_lora_fold2_best_v1.pt,models/v2/v2_10b_h2_balanced_logreg_fold2_v1.joblib
2,resize_112,MLLM_TEX_Nano-Banana2-fake_55,1,0.869872510433197,mllm::Nano_Banana_2,,models/v2/clip_lora_fold2_best_v1.pt,models/v2/v2_10b_h2_balanced_logreg_fold2_v1.joblib
2,resize_112,MLLM_TEX_Nano-Banana2-fake_56,1,0.6196352243423462,mllm::Nano_Banana_2,,models/v2/clip_lora_fold2_best_v1.pt,models/v2/v2_10b_h2_balanced_logreg_fold2_v1.joblib
2,resize_112,MLLM_TEX_Nano-Banana2-fake_57,1,0.5359625816345215,mllm::Nano_Banana_2,,models/v2/clip_lora_fold2_best_v1.pt,models/v2/v2_10b_h2_balanced_logreg_fold2_v1.joblib
2,resize_112,MLLM_TEX_Nano-Banana2-fake_58,1,0.9372261762619019,mllm::Nano_Banana_2,,models/v2/clip_lora_fold2_best_v1.pt,models/v2/v2_10b_h2_balanced_logreg_fold2_v1.joblib
2,resize_112,MLLM_TEX_Nano-Banana2-fake_59,1,0.9419533610343933,mllm::Nano_Banana_2,,models/v2/clip_lora_fold2_best_v1.pt,models/v2/v2_10b_h2_balanced_logreg_fold2_v1.joblib
2,resize_112,MLLM_TEX_Nano-Banana2-fake_6,1,0.9446842074394226,mllm::Nano_Banana_2,,models/v2/clip_lora_fold2_best_v1.pt,models/v2/v2_10b_h2_balanced_logreg_fold2_v1.joblib
2,resize_112,MLLM_TEX_Nano-Banana2-fake_60,1,0.675631582736969,mllm::Nano_Banana_2,,models/v2/clip_lora_fold2_best_v1.pt,models/v2/v2_10b_h2_balanced_logreg_fold2_v1.joblib
2,resize_112,MLLM_TEX_Nano-Banana2-fake_61,1,0.4411412477493286,mllm::Nano_Banana_2,,models/v2/clip_lora_fold2_best_v1.pt,models/v2/v2_10b_h2_balanced_logreg_fold2_v1.joblib
2,resize_112,MLLM_TEX_Nano-Banana2-fake_62,1,0.6408425569534302,mllm::Nano_Banana_2,,models/v2/clip_lora_fold2_best_v1.pt,models/v2/v2_10b_h2_balanced_logreg_fold2_v1.joblib
2,resize_112,MLLM_TEX_Nano-Banana2-fake_63,1,0.5852130055427551,mllm::Nano_Banana_2,,models/v2/clip_lora_fold2_best_v1.pt,models/v2/v2_10b_h2_balanced_logreg_fold2_v1.joblib
2,resize_112,MLLM_TEX_Nano-Banana2-fake_64,1,0.9455337524414062,mllm::Nano_Banana_2,,models/v2/clip_lora_fold2_best_v1.pt,models/v2/v2_10b_h2_balanced_logreg_fold2_v1.joblib
2,resize_112,MLLM_TEX_Nano-Banana2-fake_65,1,0.6225558519363403,mllm::Nano_Banana_2,,models/v2/clip_lora_fold2_best_v1.pt,models/v2/v2_10b_h2_balanced_logreg_fold2_v1.joblib
2,resize_112,MLLM_TEX_Nano-Banana2-fake_66,1,0.6794800758361816,mllm::Nano_Banana_2,,models/v2/clip_lora_fold2_best_v1.pt,models/v2/v2_10b_h2_balanced_logreg_fold2_v1.joblib
2,resize_112,MLLM_TEX_Nano-Banana2-fake_67,1,0.41579583287239075,mllm::Nano_Banana_2,,models/v2/clip_lora_fold2_best_v1.pt,models/v2/v2_10b_h2_balanced_logreg_fold2_v1.joblib
2,resize_112,MLLM_TEX_Nano-Banana2-fake_68,1,0.8526945114135742,mllm::Nano_Banana_2,,models/v2/clip_lora_fold2_best_v1.pt,models/v2/v2_10b_h2_balanced_logreg_fold2_v1.joblib
2,resize_112,MLLM_TEX_Nano-Banana2-fake_69,1,0.9056035280227661,mllm::Nano_Banana_2,,models/v2/clip_lora_fold2_best_v1.pt,models/v2/v2_10b_h2_balanced_logreg_fold2_v1.joblib
2,resize_112,MLLM_TEX_Nano-Banana2-fake_7,1,0.7184356451034546,mllm::Nano_Banana_2,,models/v2/clip_lora_fold2_best_v1.pt,models/v2/v2_10b_h2_balanced_logreg_fold2_v1.joblib
2,resize_112,MLLM_TEX_Nano-Banana2-fake_70,1,0.8263896107673645,mllm::Nano_Banana_2,,models/v2/clip_lora_fold2_best_v1.pt,models/v2/v2_10b_h2_balanced_logreg_fold2_v1.joblib
2,resize_112,MLLM_TEX_Nano-Banana2-fake_71,1,0.8738580942153931,mllm::Nano_Banana_2,,models/v2/clip_lora_fold2_best_v1.pt,models/v2/v2_10b_h2_balanced_logreg_fold2_v1.joblib
2,resize_112,MLLM_TEX_Nano-Banana2-fake_72,1,0.8300751447677612,mllm::Nano_Banana_2,,models/v2/clip_lora_fold2_best_v1.pt,models/v2/v2_10b_h2_balanced_logreg_fold2_v1.joblib
2,resize_112,MLLM_TEX_Nano-Banana2-fake_73,1,0.7551302909851074,mllm::Nano_Banana_2,,models/v2/clip_lora_fold2_best_v1.pt,models/v2/v2_10b_h2_balanced_logreg_fold2_v1.joblib
2,resize_112,MLLM_TEX_Nano-Banana2-fake_74,1,0.4875844717025757,mllm::Nano_Banana_2,,models/v2/clip_lora_fold2_best_v1.pt,models/v2/v2_10b_h2_balanced_logreg_fold2_v1.joblib
2,resize_112,MLLM_TEX_Nano-Banana2-fake_75,1,0.5691274404525757,mllm::Nano_Banana_2,,models/v2/clip_lora_fold2_best_v1.pt,models/v2/v2_10b_h2_balanced_logreg_fold2_v1.joblib
2,resize_112,MLLM_TEX_Nano-Banana2-fake_76,1,0.6664702892303467,mllm::Nano_Banana_2,,models/v2/clip_lora_fold2_best_v1.pt,models/v2/v2_10b_h2_balanced_logreg_fold2_v1.joblib
2,resize_112,MLLM_TEX_Nano-Banana2-fake_77,1,0.9681993722915649,mllm::Nano_Banana_2,,models/v2/clip_lora_fold2_best_v1.pt,models/v2/v2_10b_h2_balanced_logreg_fold2_v1.joblib
2,resize_112,MLLM_TEX_Nano-Banana2-fake_78,1,0.5842947959899902,mllm::Nano_Banana_2,,models/v2/clip_lora_fold2_best_v1.pt,models/v2/v2_10b_h2_balanced_logreg_fold2_v1.joblib
2,resize_112,MLLM_TEX_Nano-Banana2-fake_79,1,0.5020233988761902,mllm::Nano_Banana_2,,models/v2/clip_lora_fold2_best_v1.pt,models/v2/v2_10b_h2_balanced_logreg_fold2_v1.joblib
2,resize_112,MLLM_TEX_Nano-Banana2-fake_8,1,0.7045037746429443,mllm::Nano_Banana_2,,models/v2/clip_lora_fold2_best_v1.pt,models/v2/v2_10b_h2_balanced_logreg_fold2_v1.joblib
2,resize_112,MLLM_TEX_Nano-Banana2-fake_80,1,0.8225680589675903,mllm::Nano_Banana_2,,models/v2/clip_lora_fold2_best_v1.pt,models/v2/v2_10b_h2_balanced_logreg_fold2_v1.joblib
2,resize_112,MLLM_TEX_Nano-Banana2-fake_81,1,0.8083250522613525,mllm::Nano_Banana_2,,models/v2/clip_lora_fold2_best_v1.pt,models/v2/v2_10b_h2_balanced_logreg_fold2_v1.joblib
2,resize_112,MLLM_TEX_Nano-Banana2-fake_82,1,0.8813993334770203,mllm::Nano_Banana_2,,models/v2/clip_lora_fold2_best_v1.pt,models/v2/v2_10b_h2_balanced_logreg_fold2_v1.joblib
2,resize_112,MLLM_TEX_Nano-Banana2-fake_83,1,0.859592080116272,mllm::Nano_Banana_2,,models/v2/clip_lora_fold2_best_v1.pt,models/v2/v2_10b_h2_balanced_logreg_fold2_v1.joblib
2,resize_112,MLLM_TEX_Nano-Banana2-fake_84,1,0.8669378161430359,mllm::Nano_Banana_2,,models/v2/clip_lora_fold2_best_v1.pt,models/v2/v2_10b_h2_balanced_logreg_fold2_v1.joblib
2,resize_112,MLLM_TEX_Nano-Banana2-fake_85,1,0.3712798058986664,mllm::Nano_Banana_2,,models/v2/clip_lora_fold2_best_v1.pt,models/v2/v2_10b_h2_balanced_logreg_fold2_v1.joblib
2,resize_112,MLLM_TEX_Nano-Banana2-fake_86,1,0.8664237260818481,mllm::Nano_Banana_2,,models/v2/clip_lora_fold2_best_v1.pt,models/v2/v2_10b_h2_balanced_logreg_fold2_v1.joblib
2,resize_112,MLLM_TEX_Nano-Banana2-fake_87,1,0.2694759964942932,mllm::Nano_Banana_2,,models/v2/clip_lora_fold2_best_v1.pt,models/v2/v2_10b_h2_balanced_logreg_fold2_v1.joblib
2,resize_112,MLLM_TEX_Nano-Banana2-fake_88,1,0.4213288128376007,mllm::Nano_Banana_2,,models/v2/clip_lora_fold2_best_v1.pt,models/v2/v2_10b_h2_balanced_logreg_fold2_v1.joblib
2,resize_112,MLLM_TEX_Nano-Banana2-fake_89,1,0.8572121858596802,mllm::Nano_Banana_2,,models/v2/clip_lora_fold2_best_v1.pt,models/v2/v2_10b_h2_balanced_logreg_fold2_v1.joblib
2,resize_112,MLLM_TEX_Nano-Banana2-fake_9,1,0.8165419101715088,mllm::Nano_Banana_2,,models/v2/clip_lora_fold2_best_v1.pt,models/v2/v2_10b_h2_balanced_logreg_fold2_v1.joblib
2,resize_112,MLLM_TEX_Nano-Banana2-fake_90,1,0.8657737374305725,mllm::Nano_Banana_2,,models/v2/clip_lora_fold2_best_v1.pt,models/v2/v2_10b_h2_balanced_logreg_fold2_v1.joblib
2,resize_112,MLLM_TEX_Nano-Banana2-fake_91,1,0.4902765452861786,mllm::Nano_Banana_2,,models/v2/clip_lora_fold2_best_v1.pt,models/v2/v2_10b_h2_balanced_logreg_fold2_v1.joblib
2,resize_112,MLLM_TEX_Nano-Banana2-fake_92,1,0.7931044697761536,mllm::Nano_Banana_2,,models/v2/clip_lora_fold2_best_v1.pt,models/v2/v2_10b_h2_balanced_logreg_fold2_v1.joblib
2,resize_112,MLLM_TEX_Nano-Banana2-fake_93,1,0.9483144879341125,mllm::Nano_Banana_2,,models/v2/clip_lora_fold2_best_v1.pt,models/v2/v2_10b_h2_balanced_logreg_fold2_v1.joblib
2,resize_112,MLLM_TEX_Nano-Banana2-fake_94,1,0.4084692895412445,mllm::Nano_Banana_2,,models/v2/clip_lora_fold2_best_v1.pt,models/v2/v2_10b_h2_balanced_logreg_fold2_v1.joblib
2,resize_112,MLLM_TEX_Nano-Banana2-fake_95,1,0.6038859486579895,mllm::Nano_Banana_2,,models/v2/clip_lora_fold2_best_v1.pt,models/v2/v2_10b_h2_balanced_logreg_fold2_v1.joblib
2,resize_112,MLLM_TEX_Nano-Banana2-fake_96,1,0.5991908311843872,mllm::Nano_Banana_2,,models/v2/clip_lora_fold2_best_v1.pt,models/v2/v2_10b_h2_balanced_logreg_fold2_v1.joblib
2,resize_112,MLLM_TEX_Nano-Banana2-fake_97,1,0.930217444896698,mllm::Nano_Banana_2,,models/v2/clip_lora_fold2_best_v1.pt,models/v2/v2_10b_h2_balanced_logreg_fold2_v1.joblib
2,resize_112,MLLM_TEX_Nano-Banana2-fake_98,1,0.7314028739929199,mllm::Nano_Banana_2,,models/v2/clip_lora_fold2_best_v1.pt,models/v2/v2_10b_h2_balanced_logreg_fold2_v1.joblib
2,resize_112,MLLM_TEX_Nano-Banana2-fake_99,1,0.8813892602920532,mllm::Nano_Banana_2,,models/v2/clip_lora_fold2_best_v1.pt,models/v2/v2_10b_h2_balanced_logreg_fold2_v1.joblib
2,resize_112,MLLM_TEX_real_105,0,0.6798569560050964,real::MLLM,MLLM,models/v2/clip_lora_fold2_best_v1.pt,models/v2/v2_10b_h2_balanced_logreg_fold2_v1.joblib
2,resize_112,MLLM_TEX_real_119,0,0.48760759830474854,real::MLLM,MLLM,models/v2/clip_lora_fold2_best_v1.pt,models/v2/v2_10b_h2_balanced_logreg_fold2_v1.joblib
2,resize_112,MLLM_TEX_real_126,0,0.2904874086380005,real::MLLM,MLLM,models/v2/clip_lora_fold2_best_v1.pt,models/v2/v2_10b_h2_balanced_logreg_fold2_v1.joblib
2,resize_112,MLLM_TEX_real_128,0,0.7382293343544006,real::MLLM,MLLM,models/v2/clip_lora_fold2_best_v1.pt,models/v2/v2_10b_h2_balanced_logreg_fold2_v1.joblib
2,resize_112,MLLM_TEX_real_129,0,0.5008800029754639,real::MLLM,MLLM,models/v2/clip_lora_fold2_best_v1.pt,models/v2/v2_10b_h2_balanced_logreg_fold2_v1.joblib
2,resize_112,MLLM_TEX_real_13,0,0.5872439742088318,real::MLLM,MLLM,models/v2/clip_lora_fold2_best_v1.pt,models/v2/v2_10b_h2_balanced_logreg_fold2_v1.joblib
2,resize_112,MLLM_TEX_real_130,0,0.5421237349510193,real::MLLM,MLLM,models/v2/clip_lora_fold2_best_v1.pt,models/v2/v2_10b_h2_balanced_logreg_fold2_v1.joblib
2,resize_112,MLLM_TEX_real_14,0,0.912749707698822,real::MLLM,MLLM,models/v2/clip_lora_fold2_best_v1.pt,models/v2/v2_10b_h2_balanced_logreg_fold2_v1.joblib
2,resize_112,MLLM_TEX_real_150,0,0.450297474861145,real::MLLM,MLLM,models/v2/clip_lora_fold2_best_v1.pt,models/v2/v2_10b_h2_balanced_logreg_fold2_v1.joblib
2,resize_112,MLLM_TEX_real_166,0,0.034160204231739044,real::MLLM,MLLM,models/v2/clip_lora_fold2_best_v1.pt,models/v2/v2_10b_h2_balanced_logreg_fold2_v1.joblib
2,resize_112,MLLM_TEX_real_17,0,0.7525649070739746,real::MLLM,MLLM,models/v2/clip_lora_fold2_best_v1.pt,models/v2/v2_10b_h2_balanced_logreg_fold2_v1.joblib
2,resize_112,MLLM_TEX_real_19,0,0.5821462273597717,real::MLLM,MLLM,models/v2/clip_lora_fold2_best_v1.pt,models/v2/v2_10b_h2_balanced_logreg_fold2_v1.joblib
2,resize_112,MLLM_TEX_real_2,0,0.8373066186904907,real::MLLM,MLLM,models/v2/clip_lora_fold2_best_v1.pt,models/v2/v2_10b_h2_balanced_logreg_fold2_v1.joblib
2,resize_112,MLLM_TEX_real_202,0,0.14393219351768494,real::MLLM,MLLM,models/v2/clip_lora_fold2_best_v1.pt,models/v2/v2_10b_h2_balanced_logreg_fold2_v1.joblib
2,resize_112,MLLM_TEX_real_24,0,0.9235808849334717,real::MLLM,MLLM,models/v2/clip_lora_fold2_best_v1.pt,models/v2/v2_10b_h2_balanced_logreg_fold2_v1.joblib
2,resize_112,MLLM_TEX_real_43,0,0.8335838913917542,real::MLLM,MLLM,models/v2/clip_lora_fold2_best_v1.pt,models/v2/v2_10b_h2_balanced_logreg_fold2_v1.joblib
2,resize_112,MLLM_TEX_real_59,0,0.24979233741760254,real::MLLM,MLLM,models/v2/clip_lora_fold2_best_v1.pt,models/v2/v2_10b_h2_balanced_logreg_fold2_v1.joblib
2,resize_112,MLLM_TEX_real_64,0,0.14094777405261993,real::MLLM,MLLM,models/v2/clip_lora_fold2_best_v1.pt,models/v2/v2_10b_h2_balanced_logreg_fold2_v1.joblib
2,resize_112,MLLM_TEX_real_70,0,0.6010782122612,real::MLLM,MLLM,models/v2/clip_lora_fold2_best_v1.pt,models/v2/v2_10b_h2_balanced_logreg_fold2_v1.joblib
2,resize_112,MLLM_TEX_real_81,0,0.6618185043334961,real::MLLM,MLLM,models/v2/clip_lora_fold2_best_v1.pt,models/v2/v2_10b_h2_balanced_logreg_fold2_v1.joblib
2,resize_112,MLLM_TEX_real_82,0,0.05103685334324837,real::MLLM,MLLM,models/v2/clip_lora_fold2_best_v1.pt,models/v2/v2_10b_h2_balanced_logreg_fold2_v1.joblib
2,resize_112,MLLM_TEX_real_83,0,0.6248888969421387,real::MLLM,MLLM,models/v2/clip_lora_fold2_best_v1.pt,models/v2/v2_10b_h2_balanced_logreg_fold2_v1.joblib
2,resize_112,MLLM_TEX_real_88,0,0.2135782539844513,real::MLLM,MLLM,models/v2/clip_lora_fold2_best_v1.pt,models/v2/v2_10b_h2_balanced_logreg_fold2_v1.joblib
2,resize_112,MLLM_TEX_real_94,0,0.6936298608779907,real::MLLM,MLLM,models/v2/clip_lora_fold2_best_v1.pt,models/v2/v2_10b_h2_balanced_logreg_fold2_v1.joblib
2,resize_112,MLLM_TEX_real_97,0,0.9375662803649902,real::MLLM,MLLM,models/v2/clip_lora_fold2_best_v1.pt,models/v2/v2_10b_h2_balanced_logreg_fold2_v1.joblib
2,resize_112,EXT_REAL_0003,0,0.5986829996109009,real::COCO,COCO,models/v2/clip_lora_fold2_best_v1.pt,models/v2/v2_10b_h2_balanced_logreg_fold2_v1.joblib
2,resize_112,EXT_REAL_0013,0,0.9325469136238098,real::COCO,COCO,models/v2/clip_lora_fold2_best_v1.pt,models/v2/v2_10b_h2_balanced_logreg_fold2_v1.joblib
2,resize_112,EXT_REAL_0018,0,0.3667994439601898,real::COCO,COCO,models/v2/clip_lora_fold2_best_v1.pt,models/v2/v2_10b_h2_balanced_logreg_fold2_v1.joblib
2,resize_112,EXT_REAL_0022,0,0.9149799942970276,real::COCO,COCO,models/v2/clip_lora_fold2_best_v1.pt,models/v2/v2_10b_h2_balanced_logreg_fold2_v1.joblib
2,resize_112,EXT_REAL_0025,0,0.8676161170005798,real::COCO,COCO,models/v2/clip_lora_fold2_best_v1.pt,models/v2/v2_10b_h2_balanced_logreg_fold2_v1.joblib
2,resize_112,EXT_REAL_0060,0,0.7377978563308716,real::COCO,COCO,models/v2/clip_lora_fold2_best_v1.pt,models/v2/v2_10b_h2_balanced_logreg_fold2_v1.joblib
2,resize_112,EXT_REAL_0063,0,0.8381785154342651,real::COCO,COCO,models/v2/clip_lora_fold2_best_v1.pt,models/v2/v2_10b_h2_balanced_logreg_fold2_v1.joblib
2,resize_112,EXT_REAL_0065,0,0.47476309537887573,real::COCO,COCO,models/v2/clip_lora_fold2_best_v1.pt,models/v2/v2_10b_h2_balanced_logreg_fold2_v1.joblib
2,resize_112,EXT_REAL_0075,0,0.8416039347648621,real::COCO,COCO,models/v2/clip_lora_fold2_best_v1.pt,models/v2/v2_10b_h2_balanced_logreg_fold2_v1.joblib
2,resize_112,EXT_REAL_0079,0,0.8409684300422668,real::COCO,COCO,models/v2/clip_lora_fold2_best_v1.pt,models/v2/v2_10b_h2_balanced_logreg_fold2_v1.joblib
2,resize_112,EXT_REAL_0080,0,0.7809655666351318,real::COCO,COCO,models/v2/clip_lora_fold2_best_v1.pt,models/v2/v2_10b_h2_balanced_logreg_fold2_v1.joblib
2,resize_112,EXT_REAL_0083,0,0.14437182247638702,real::COCO,COCO,models/v2/clip_lora_fold2_best_v1.pt,models/v2/v2_10b_h2_balanced_logreg_fold2_v1.joblib
2,resize_112,EXT_REAL_0084,0,0.6146292090415955,real::COCO,COCO,models/v2/clip_lora_fold2_best_v1.pt,models/v2/v2_10b_h2_balanced_logreg_fold2_v1.joblib
2,resize_112,EXT_REAL_0086,0,0.8229767084121704,real::COCO,COCO,models/v2/clip_lora_fold2_best_v1.pt,models/v2/v2_10b_h2_balanced_logreg_fold2_v1.joblib
2,resize_112,EXT_REAL_0090,0,0.6356448531150818,real::COCO,COCO,models/v2/clip_lora_fold2_best_v1.pt,models/v2/v2_10b_h2_balanced_logreg_fold2_v1.joblib
2,resize_112,EXT_REAL_0094,0,0.7289002537727356,real::COCO,COCO,models/v2/clip_lora_fold2_best_v1.pt,models/v2/v2_10b_h2_balanced_logreg_fold2_v1.joblib
2,resize_112,EXT_REAL_0095,0,0.8564104437828064,real::COCO,COCO,models/v2/clip_lora_fold2_best_v1.pt,models/v2/v2_10b_h2_balanced_logreg_fold2_v1.joblib
2,resize_112,EXT_REAL_0106,0,0.9315158724784851,real::COCO,COCO,models/v2/clip_lora_fold2_best_v1.pt,models/v2/v2_10b_h2_balanced_logreg_fold2_v1.joblib
2,resize_112,EXT_REAL_0117,0,0.20244000852108002,real::COCO,COCO,models/v2/clip_lora_fold2_best_v1.pt,models/v2/v2_10b_h2_balanced_logreg_fold2_v1.joblib
2,resize_112,EXT_REAL_0122,0,0.4450438618659973,real::COCO,COCO,models/v2/clip_lora_fold2_best_v1.pt,models/v2/v2_10b_h2_balanced_logreg_fold2_v1.joblib
2,resize_112,EXT_REAL_0134,0,0.7620378732681274,real::COCO,COCO,models/v2/clip_lora_fold2_best_v1.pt,models/v2/v2_10b_h2_balanced_logreg_fold2_v1.joblib
2,resize_112,EXT_REAL_0146,0,0.4494982361793518,real::COCO,COCO,models/v2/clip_lora_fold2_best_v1.pt,models/v2/v2_10b_h2_balanced_logreg_fold2_v1.joblib
2,resize_112,EXT_REAL_0147,0,0.973517656326294,real::COCO,COCO,models/v2/clip_lora_fold2_best_v1.pt,models/v2/v2_10b_h2_balanced_logreg_fold2_v1.joblib
2,resize_112,EXT_REAL_0149,0,0.504769504070282,real::COCO,COCO,models/v2/clip_lora_fold2_best_v1.pt,models/v2/v2_10b_h2_balanced_logreg_fold2_v1.joblib
2,resize_112,EXT_REAL_0152,0,0.6618449687957764,real::COCO,COCO,models/v2/clip_lora_fold2_best_v1.pt,models/v2/v2_10b_h2_balanced_logreg_fold2_v1.joblib
2,resize_112,EXT_REAL_0155,0,0.37282052636146545,real::COCO,COCO,models/v2/clip_lora_fold2_best_v1.pt,models/v2/v2_10b_h2_balanced_logreg_fold2_v1.joblib
2,resize_112,EXT_REAL_0163,0,0.9070567488670349,real::COCO,COCO,models/v2/clip_lora_fold2_best_v1.pt,models/v2/v2_10b_h2_balanced_logreg_fold2_v1.joblib
2,resize_112,EXT_REAL_0164,0,0.5131388902664185,real::COCO,COCO,models/v2/clip_lora_fold2_best_v1.pt,models/v2/v2_10b_h2_balanced_logreg_fold2_v1.joblib
2,resize_112,EXT_REAL_0170,0,0.9128412008285522,real::COCO,COCO,models/v2/clip_lora_fold2_best_v1.pt,models/v2/v2_10b_h2_balanced_logreg_fold2_v1.joblib
2,resize_112,EXT_REAL_0174,0,0.14399300515651703,real::COCO,COCO,models/v2/clip_lora_fold2_best_v1.pt,models/v2/v2_10b_h2_balanced_logreg_fold2_v1.joblib
2,resize_112,EXT_REAL_0177,0,0.3675268590450287,real::COCO,COCO,models/v2/clip_lora_fold2_best_v1.pt,models/v2/v2_10b_h2_balanced_logreg_fold2_v1.joblib
2,resize_112,EXT_REAL_0181,0,0.47727662324905396,real::COCO,COCO,models/v2/clip_lora_fold2_best_v1.pt,models/v2/v2_10b_h2_balanced_logreg_fold2_v1.joblib
2,resize_112,EXT_REAL_0190,0,0.4362391233444214,real::COCO,COCO,models/v2/clip_lora_fold2_best_v1.pt,models/v2/v2_10b_h2_balanced_logreg_fold2_v1.joblib
2,resize_112,EXT_REAL_0191,0,0.44912463426589966,real::COCO,COCO,models/v2/clip_lora_fold2_best_v1.pt,models/v2/v2_10b_h2_balanced_logreg_fold2_v1.joblib
2,resize_112,EXT_REAL_0208,0,0.7187088131904602,real::COCO,COCO,models/v2/clip_lora_fold2_best_v1.pt,models/v2/v2_10b_h2_balanced_logreg_fold2_v1.joblib
2,resize_112,EXT_REAL_0226,0,0.7670193314552307,real::COCO,COCO,models/v2/clip_lora_fold2_best_v1.pt,models/v2/v2_10b_h2_balanced_logreg_fold2_v1.joblib
2,resize_112,EXT_REAL_0227,0,0.8685077428817749,real::COCO,COCO,models/v2/clip_lora_fold2_best_v1.pt,models/v2/v2_10b_h2_balanced_logreg_fold2_v1.joblib
2,resize_112,EXT_REAL_0230,0,0.4870408773422241,real::COCO,COCO,models/v2/clip_lora_fold2_best_v1.pt,models/v2/v2_10b_h2_balanced_logreg_fold2_v1.joblib
2,resize_112,EXT_REAL_0234,0,0.8253020644187927,real::COCO,COCO,models/v2/clip_lora_fold2_best_v1.pt,models/v2/v2_10b_h2_balanced_logreg_fold2_v1.joblib
2,resize_112,EXT_REAL_0248,0,0.24252426624298096,real::COCO,COCO,models/v2/clip_lora_fold2_best_v1.pt,models/v2/v2_10b_h2_balanced_logreg_fold2_v1.joblib
2,resize_112,EXT_REAL_0256,0,0.45518597960472107,real::COCO,COCO,models/v2/clip_lora_fold2_best_v1.pt,models/v2/v2_10b_h2_balanced_logreg_fold2_v1.joblib
2,resize_112,EXT_REAL_0260,0,0.727004885673523,real::COCO,COCO,models/v2/clip_lora_fold2_best_v1.pt,models/v2/v2_10b_h2_balanced_logreg_fold2_v1.joblib
2,resize_112,EXT_REAL_0274,0,0.6251074075698853,real::COCO,COCO,models/v2/clip_lora_fold2_best_v1.pt,models/v2/v2_10b_h2_balanced_logreg_fold2_v1.joblib
2,resize_112,EXT_REAL_0275,0,0.3968251049518585,real::COCO,COCO,models/v2/clip_lora_fold2_best_v1.pt,models/v2/v2_10b_h2_balanced_logreg_fold2_v1.joblib
2,resize_112,EXT_REAL_0277,0,0.5640437602996826,real::COCO,COCO,models/v2/clip_lora_fold2_best_v1.pt,models/v2/v2_10b_h2_balanced_logreg_fold2_v1.joblib
2,resize_112,EXT_REAL_0280,0,0.7167079448699951,real::COCO,COCO,models/v2/clip_lora_fold2_best_v1.pt,models/v2/v2_10b_h2_balanced_logreg_fold2_v1.joblib
2,resize_112,EXT_REAL_0288,0,0.18989773094654083,real::COCO,COCO,models/v2/clip_lora_fold2_best_v1.pt,models/v2/v2_10b_h2_balanced_logreg_fold2_v1.joblib
2,resize_112,EXT_REAL_0295,0,0.4856513440608978,real::COCO,COCO,models/v2/clip_lora_fold2_best_v1.pt,models/v2/v2_10b_h2_balanced_logreg_fold2_v1.joblib
2,resize_112,EXT_REAL_0306,0,0.6653253436088562,real::COCO,COCO,models/v2/clip_lora_fold2_best_v1.pt,models/v2/v2_10b_h2_balanced_logreg_fold2_v1.joblib
2,resize_112,EXT_REAL_0317,0,0.5818395018577576,real::COCO,COCO,models/v2/clip_lora_fold2_best_v1.pt,models/v2/v2_10b_h2_balanced_logreg_fold2_v1.joblib
2,resize_112,EXT_REAL_0318,0,0.6735628247261047,real::COCO,COCO,models/v2/clip_lora_fold2_best_v1.pt,models/v2/v2_10b_h2_balanced_logreg_fold2_v1.joblib
2,resize_112,EXT_REAL_0328,0,0.8904804587364197,real::COCO,COCO,models/v2/clip_lora_fold2_best_v1.pt,models/v2/v2_10b_h2_balanced_logreg_fold2_v1.joblib
2,resize_112,EXT_REAL_0334,0,0.7886941432952881,real::COCO,COCO,models/v2/clip_lora_fold2_best_v1.pt,models/v2/v2_10b_h2_balanced_logreg_fold2_v1.joblib
2,resize_112,EXT_REAL_0337,0,0.5521114468574524,real::COCO,COCO,models/v2/clip_lora_fold2_best_v1.pt,models/v2/v2_10b_h2_balanced_logreg_fold2_v1.joblib
2,resize_112,EXT_REAL_0340,0,0.7629062533378601,real::COCO,COCO,models/v2/clip_lora_fold2_best_v1.pt,models/v2/v2_10b_h2_balanced_logreg_fold2_v1.joblib
2,resize_112,EXT_REAL_0346,0,0.955145001411438,real::COCO,COCO,models/v2/clip_lora_fold2_best_v1.pt,models/v2/v2_10b_h2_balanced_logreg_fold2_v1.joblib
2,resize_112,EXT_REAL_0372,0,0.7744484543800354,real::COCO,COCO,models/v2/clip_lora_fold2_best_v1.pt,models/v2/v2_10b_h2_balanced_logreg_fold2_v1.joblib
2,resize_112,EXT_REAL_0384,0,0.5784711241722107,real::COCO,COCO,models/v2/clip_lora_fold2_best_v1.pt,models/v2/v2_10b_h2_balanced_logreg_fold2_v1.joblib
2,resize_112,EXT_REAL_0386,0,0.7891610264778137,real::COCO,COCO,models/v2/clip_lora_fold2_best_v1.pt,models/v2/v2_10b_h2_balanced_logreg_fold2_v1.joblib
2,resize_112,EXT_REAL_0391,0,0.37619641423225403,real::COCO,COCO,models/v2/clip_lora_fold2_best_v1.pt,models/v2/v2_10b_h2_balanced_logreg_fold2_v1.joblib
2,resize_112,QWEN_0042_nano_banana_20,1,0.9399958848953247,qwen::nano-banana-2.0,,models/v2/clip_lora_fold2_best_v1.pt,models/v2/v2_10b_h2_balanced_logreg_fold2_v1.joblib
2,resize_112,QWEN_0042_nano_banana_pro,1,0.9246156811714172,qwen::nano-banana-pro,,models/v2/clip_lora_fold2_best_v1.pt,models/v2/v2_10b_h2_balanced_logreg_fold2_v1.joblib
2,resize_112,QWEN_0042_Seedream_40,1,0.9756224751472473,qwen::Seedream-4.0,,models/v2/clip_lora_fold2_best_v1.pt,models/v2/v2_10b_h2_balanced_logreg_fold2_v1.joblib
2,resize_112,QWEN_0042_GLM_Image,1,0.911472737789154,qwen::GLM-Image,,models/v2/clip_lora_fold2_best_v1.pt,models/v2/v2_10b_h2_balanced_logreg_fold2_v1.joblib
2,resize_112,QWEN_0060_nano_banana_20,1,0.4212106168270111,qwen::nano-banana-2.0,,models/v2/clip_lora_fold2_best_v1.pt,models/v2/v2_10b_h2_balanced_logreg_fold2_v1.joblib
2,resize_112,QWEN_0060_nano_banana_pro,1,0.6448440551757812,qwen::nano-banana-pro,,models/v2/clip_lora_fold2_best_v1.pt,models/v2/v2_10b_h2_balanced_logreg_fold2_v1.joblib
2,resize_112,QWEN_0060_Seedream_40,1,0.5892713665962219,qwen::Seedream-4.0,,models/v2/clip_lora_fold2_best_v1.pt,models/v2/v2_10b_h2_balanced_logreg_fold2_v1.joblib
2,resize_112,QWEN_0060_GLM_Image,1,0.8009491562843323,qwen::GLM-Image,,models/v2/clip_lora_fold2_best_v1.pt,models/v2/v2_10b_h2_balanced_logreg_fold2_v1.joblib
2,resize_112,QWEN_0065_nano_banana_20,1,0.8395656943321228,qwen::nano-banana-2.0,,models/v2/clip_lora_fold2_best_v1.pt,models/v2/v2_10b_h2_balanced_logreg_fold2_v1.joblib
2,resize_112,QWEN_0065_nano_banana_pro,1,0.8874682188034058,qwen::nano-banana-pro,,models/v2/clip_lora_fold2_best_v1.pt,models/v2/v2_10b_h2_balanced_logreg_fold2_v1.joblib
2,resize_112,QWEN_0065_Seedream_40,1,0.9433939456939697,qwen::Seedream-4.0,,models/v2/clip_lora_fold2_best_v1.pt,models/v2/v2_10b_h2_balanced_logreg_fold2_v1.joblib
2,resize_112,QWEN_0065_GLM_Image,1,0.9220271110534668,qwen::GLM-Image,,models/v2/clip_lora_fold2_best_v1.pt,models/v2/v2_10b_h2_balanced_logreg_fold2_v1.joblib
2,resize_112,QWEN_0074_nano_banana_20,1,0.8221367597579956,qwen::nano-banana-2.0,,models/v2/clip_lora_fold2_best_v1.pt,models/v2/v2_10b_h2_balanced_logreg_fold2_v1.joblib
2,resize_112,QWEN_0074_nano_banana_pro,1,0.8012339472770691,qwen::nano-banana-pro,,models/v2/clip_lora_fold2_best_v1.pt,models/v2/v2_10b_h2_balanced_logreg_fold2_v1.joblib
2,resize_112,QWEN_0074_Seedream_40,1,0.7596438527107239,qwen::Seedream-4.0,,models/v2/clip_lora_fold2_best_v1.pt,models/v2/v2_10b_h2_balanced_logreg_fold2_v1.joblib
2,resize_112,QWEN_0074_GLM_Image,1,0.9399950504302979,qwen::GLM-Image,,models/v2/clip_lora_fold2_best_v1.pt,models/v2/v2_10b_h2_balanced_logreg_fold2_v1.joblib
2,resize_112,QWEN_0078_nano_banana_20,1,0.4268001317977905,qwen::nano-banana-2.0,,models/v2/clip_lora_fold2_best_v1.pt,models/v2/v2_10b_h2_balanced_logreg_fold2_v1.joblib
2,resize_112,QWEN_0078_nano_banana_pro,1,0.5661121606826782,qwen::nano-banana-pro,,models/v2/clip_lora_fold2_best_v1.pt,models/v2/v2_10b_h2_balanced_logreg_fold2_v1.joblib
2,resize_112,QWEN_0078_Seedream_40,1,0.6046774387359619,qwen::Seedream-4.0,,models/v2/clip_lora_fold2_best_v1.pt,models/v2/v2_10b_h2_balanced_logreg_fold2_v1.joblib
2,resize_112,QWEN_0078_GLM_Image,1,0.29748860001564026,qwen::GLM-Image,,models/v2/clip_lora_fold2_best_v1.pt,models/v2/v2_10b_h2_balanced_logreg_fold2_v1.joblib
2,resize_112,QWEN_0081_nano_banana_20,1,0.806577205657959,qwen::nano-banana-2.0,,models/v2/clip_lora_fold2_best_v1.pt,models/v2/v2_10b_h2_balanced_logreg_fold2_v1.joblib
2,resize_112,QWEN_0081_nano_banana_pro,1,0.9031347036361694,qwen::nano-banana-pro,,models/v2/clip_lora_fold2_best_v1.pt,models/v2/v2_10b_h2_balanced_logreg_fold2_v1.joblib
2,resize_112,QWEN_0081_Seedream_40,1,0.7425808906555176,qwen::Seedream-4.0,,models/v2/clip_lora_fold2_best_v1.pt,models/v2/v2_10b_h2_balanced_logreg_fold2_v1.joblib
2,resize_112,QWEN_0081_GLM_Image,1,0.9396598935127258,qwen::GLM-Image,,models/v2/clip_lora_fold2_best_v1.pt,models/v2/v2_10b_h2_balanced_logreg_fold2_v1.joblib
2,resize_112,QWEN_0086_nano_banana_20,1,0.40121960639953613,qwen::nano-banana-2.0,,models/v2/clip_lora_fold2_best_v1.pt,models/v2/v2_10b_h2_balanced_logreg_fold2_v1.joblib
2,resize_112,QWEN_0086_nano_banana_pro,1,0.7978091239929199,qwen::nano-banana-pro,,models/v2/clip_lora_fold2_best_v1.pt,models/v2/v2_10b_h2_balanced_logreg_fold2_v1.joblib
2,resize_112,QWEN_0086_Seedream_40,1,0.658565878868103,qwen::Seedream-4.0,,models/v2/clip_lora_fold2_best_v1.pt,models/v2/v2_10b_h2_balanced_logreg_fold2_v1.joblib
2,resize_112,QWEN_0086_GLM_Image,1,0.8152316212654114,qwen::GLM-Image,,models/v2/clip_lora_fold2_best_v1.pt,models/v2/v2_10b_h2_balanced_logreg_fold2_v1.joblib
2,resize_112,QWEN_0096_nano_banana_20,1,0.7545245885848999,qwen::nano-banana-2.0,,models/v2/clip_lora_fold2_best_v1.pt,models/v2/v2_10b_h2_balanced_logreg_fold2_v1.joblib
2,resize_112,QWEN_0096_nano_banana_pro,1,0.9600388407707214,qwen::nano-banana-pro,,models/v2/clip_lora_fold2_best_v1.pt,models/v2/v2_10b_h2_balanced_logreg_fold2_v1.joblib
2,resize_112,QWEN_0096_Seedream_40,1,0.8369830250740051,qwen::Seedream-4.0,,models/v2/clip_lora_fold2_best_v1.pt,models/v2/v2_10b_h2_balanced_logreg_fold2_v1.joblib
2,resize_112,QWEN_0096_GLM_Image,1,0.877081573009491,qwen::GLM-Image,,models/v2/clip_lora_fold2_best_v1.pt,models/v2/v2_10b_h2_balanced_logreg_fold2_v1.joblib
2,resize_112,QWEN_0118_nano_banana_20,1,0.9481068849563599,qwen::nano-banana-2.0,,models/v2/clip_lora_fold2_best_v1.pt,models/v2/v2_10b_h2_balanced_logreg_fold2_v1.joblib
2,resize_112,QWEN_0118_nano_banana_pro,1,0.9572895765304565,qwen::nano-banana-pro,,models/v2/clip_lora_fold2_best_v1.pt,models/v2/v2_10b_h2_balanced_logreg_fold2_v1.joblib
2,resize_112,QWEN_0118_Seedream_40,1,0.8999079465866089,qwen::Seedream-4.0,,models/v2/clip_lora_fold2_best_v1.pt,models/v2/v2_10b_h2_balanced_logreg_fold2_v1.joblib
2,resize_112,QWEN_0118_GLM_Image,1,0.9778915643692017,qwen::GLM-Image,,models/v2/clip_lora_fold2_best_v1.pt,models/v2/v2_10b_h2_balanced_logreg_fold2_v1.joblib
2,resize_112,QWEN_0127_nano_banana_20,1,0.8049049377441406,qwen::nano-banana-2.0,,models/v2/clip_lora_fold2_best_v1.pt,models/v2/v2_10b_h2_balanced_logreg_fold2_v1.joblib
2,resize_112,QWEN_0127_nano_banana_pro,1,0.8141337633132935,qwen::nano-banana-pro,,models/v2/clip_lora_fold2_best_v1.pt,models/v2/v2_10b_h2_balanced_logreg_fold2_v1.joblib
2,resize_112,QWEN_0127_Seedream_40,1,0.9274126887321472,qwen::Seedream-4.0,,models/v2/clip_lora_fold2_best_v1.pt,models/v2/v2_10b_h2_balanced_logreg_fold2_v1.joblib
2,resize_112,QWEN_0127_GLM_Image,1,0.91904217004776,qwen::GLM-Image,,models/v2/clip_lora_fold2_best_v1.pt,models/v2/v2_10b_h2_balanced_logreg_fold2_v1.joblib
2,resize_112,QWEN_0140_nano_banana_20,1,0.5960252285003662,qwen::nano-banana-2.0,,models/v2/clip_lora_fold2_best_v1.pt,models/v2/v2_10b_h2_balanced_logreg_fold2_v1.joblib
2,resize_112,QWEN_0140_nano_banana_pro,1,0.5569424033164978,qwen::nano-banana-pro,,models/v2/clip_lora_fold2_best_v1.pt,models/v2/v2_10b_h2_balanced_logreg_fold2_v1.joblib
2,resize_112,QWEN_0140_Seedream_40,1,0.6332594156265259,qwen::Seedream-4.0,,models/v2/clip_lora_fold2_best_v1.pt,models/v2/v2_10b_h2_balanced_logreg_fold2_v1.joblib
2,resize_112,QWEN_0140_GLM_Image,1,0.888469934463501,qwen::GLM-Image,,models/v2/clip_lora_fold2_best_v1.pt,models/v2/v2_10b_h2_balanced_logreg_fold2_v1.joblib
2,resize_112,QWEN_0148_nano_banana_20,1,0.677374005317688,qwen::nano-banana-2.0,,models/v2/clip_lora_fold2_best_v1.pt,models/v2/v2_10b_h2_balanced_logreg_fold2_v1.joblib
2,resize_112,QWEN_0148_nano_banana_pro,1,0.9067517518997192,qwen::nano-banana-pro,,models/v2/clip_lora_fold2_best_v1.pt,models/v2/v2_10b_h2_balanced_logreg_fold2_v1.joblib
2,resize_112,QWEN_0148_Seedream_40,1,0.8734723329544067,qwen::Seedream-4.0,,models/v2/clip_lora_fold2_best_v1.pt,models/v2/v2_10b_h2_balanced_logreg_fold2_v1.joblib
2,resize_112,QWEN_0148_GLM_Image,1,0.8451712727546692,qwen::GLM-Image,,models/v2/clip_lora_fold2_best_v1.pt,models/v2/v2_10b_h2_balanced_logreg_fold2_v1.joblib
2,resize_112,QWEN_0156_nano_banana_20,1,0.34715715050697327,qwen::nano-banana-2.0,,models/v2/clip_lora_fold2_best_v1.pt,models/v2/v2_10b_h2_balanced_logreg_fold2_v1.joblib
2,resize_112,QWEN_0156_nano_banana_pro,1,0.6658642292022705,qwen::nano-banana-pro,,models/v2/clip_lora_fold2_best_v1.pt,models/v2/v2_10b_h2_balanced_logreg_fold2_v1.joblib
2,resize_112,QWEN_0156_Seedream_40,1,0.8785247802734375,qwen::Seedream-4.0,,models/v2/clip_lora_fold2_best_v1.pt,models/v2/v2_10b_h2_balanced_logreg_fold2_v1.joblib
2,resize_112,QWEN_0156_GLM_Image,1,0.8845133781433105,qwen::GLM-Image,,models/v2/clip_lora_fold2_best_v1.pt,models/v2/v2_10b_h2_balanced_logreg_fold2_v1.joblib
2,resize_112,QWEN_0158_nano_banana_20,1,0.6230676770210266,qwen::nano-banana-2.0,,models/v2/clip_lora_fold2_best_v1.pt,models/v2/v2_10b_h2_balanced_logreg_fold2_v1.joblib
2,resize_112,QWEN_0158_nano_banana_pro,1,0.7894678711891174,qwen::nano-banana-pro,,models/v2/clip_lora_fold2_best_v1.pt,models/v2/v2_10b_h2_balanced_logreg_fold2_v1.joblib
2,resize_112,QWEN_0158_Seedream_40,1,0.7773140072822571,qwen::Seedream-4.0,,models/v2/clip_lora_fold2_best_v1.pt,models/v2/v2_10b_h2_balanced_logreg_fold2_v1.joblib
2,resize_112,QWEN_0158_GLM_Image,1,0.7097452878952026,qwen::GLM-Image,,models/v2/clip_lora_fold2_best_v1.pt,models/v2/v2_10b_h2_balanced_logreg_fold2_v1.joblib
2,resize_112,QWEN_0169_nano_banana_20,1,0.5607332587242126,qwen::nano-banana-2.0,,models/v2/clip_lora_fold2_best_v1.pt,models/v2/v2_10b_h2_balanced_logreg_fold2_v1.joblib
2,resize_112,QWEN_0169_nano_banana_pro,1,0.888277530670166,qwen::nano-banana-pro,,models/v2/clip_lora_fold2_best_v1.pt,models/v2/v2_10b_h2_balanced_logreg_fold2_v1.joblib
2,resize_112,QWEN_0169_Seedream_40,1,0.80863356590271,qwen::Seedream-4.0,,models/v2/clip_lora_fold2_best_v1.pt,models/v2/v2_10b_h2_balanced_logreg_fold2_v1.joblib
2,resize_112,QWEN_0169_GLM_Image,1,0.9024358987808228,qwen::GLM-Image,,models/v2/clip_lora_fold2_best_v1.pt,models/v2/v2_10b_h2_balanced_logreg_fold2_v1.joblib
2,resize_112,QWEN_0184_nano_banana_20,1,0.9244827032089233,qwen::nano-banana-2.0,,models/v2/clip_lora_fold2_best_v1.pt,models/v2/v2_10b_h2_balanced_logreg_fold2_v1.joblib
2,resize_112,QWEN_0184_nano_banana_pro,1,0.8106338977813721,qwen::nano-banana-pro,,models/v2/clip_lora_fold2_best_v1.pt,models/v2/v2_10b_h2_balanced_logreg_fold2_v1.joblib
2,resize_112,QWEN_0184_Seedream_40,1,0.6573693752288818,qwen::Seedream-4.0,,models/v2/clip_lora_fold2_best_v1.pt,models/v2/v2_10b_h2_balanced_logreg_fold2_v1.joblib
2,resize_112,QWEN_0184_GLM_Image,1,0.8553837537765503,qwen::GLM-Image,,models/v2/clip_lora_fold2_best_v1.pt,models/v2/v2_10b_h2_balanced_logreg_fold2_v1.joblib
2,resize_112,QWEN_0185_nano_banana_20,1,0.22824077308177948,qwen::nano-banana-2.0,,models/v2/clip_lora_fold2_best_v1.pt,models/v2/v2_10b_h2_balanced_logreg_fold2_v1.joblib
2,resize_112,QWEN_0185_nano_banana_pro,1,0.8011488914489746,qwen::nano-banana-pro,,models/v2/clip_lora_fold2_best_v1.pt,models/v2/v2_10b_h2_balanced_logreg_fold2_v1.joblib
2,resize_112,QWEN_0185_Seedream_40,1,0.7833499312400818,qwen::Seedream-4.0,,models/v2/clip_lora_fold2_best_v1.pt,models/v2/v2_10b_h2_balanced_logreg_fold2_v1.joblib
2,resize_112,QWEN_0185_GLM_Image,1,0.9016451239585876,qwen::GLM-Image,,models/v2/clip_lora_fold2_best_v1.pt,models/v2/v2_10b_h2_balanced_logreg_fold2_v1.joblib
2,resize_112,QWEN_0186_nano_banana_20,1,0.5384572744369507,qwen::nano-banana-2.0,,models/v2/clip_lora_fold2_best_v1.pt,models/v2/v2_10b_h2_balanced_logreg_fold2_v1.joblib
2,resize_112,QWEN_0186_nano_banana_pro,1,0.7271746397018433,qwen::nano-banana-pro,,models/v2/clip_lora_fold2_best_v1.pt,models/v2/v2_10b_h2_balanced_logreg_fold2_v1.joblib
2,resize_112,QWEN_0186_Seedream_40,1,0.8744320869445801,qwen::Seedream-4.0,,models/v2/clip_lora_fold2_best_v1.pt,models/v2/v2_10b_h2_balanced_logreg_fold2_v1.joblib
2,resize_112,QWEN_0186_GLM_Image,1,0.7463483810424805,qwen::GLM-Image,,models/v2/clip_lora_fold2_best_v1.pt,models/v2/v2_10b_h2_balanced_logreg_fold2_v1.joblib
2,resize_112,QWEN_0212_nano_banana_20,1,0.5885497331619263,qwen::nano-banana-2.0,,models/v2/clip_lora_fold2_best_v1.pt,models/v2/v2_10b_h2_balanced_logreg_fold2_v1.joblib
2,resize_112,QWEN_0212_nano_banana_pro,1,0.30879831314086914,qwen::nano-banana-pro,,models/v2/clip_lora_fold2_best_v1.pt,models/v2/v2_10b_h2_balanced_logreg_fold2_v1.joblib
2,resize_112,QWEN_0212_Seedream_40,1,0.522051990032196,qwen::Seedream-4.0,,models/v2/clip_lora_fold2_best_v1.pt,models/v2/v2_10b_h2_balanced_logreg_fold2_v1.joblib
2,resize_112,QWEN_0212_GLM_Image,1,0.5583881735801697,qwen::GLM-Image,,models/v2/clip_lora_fold2_best_v1.pt,models/v2/v2_10b_h2_balanced_logreg_fold2_v1.joblib
2,resize_112,QWEN_0222_nano_banana_20,1,0.6355052590370178,qwen::nano-banana-2.0,,models/v2/clip_lora_fold2_best_v1.pt,models/v2/v2_10b_h2_balanced_logreg_fold2_v1.joblib
2,resize_112,QWEN_0222_nano_banana_pro,1,0.8570094108581543,qwen::nano-banana-pro,,models/v2/clip_lora_fold2_best_v1.pt,models/v2/v2_10b_h2_balanced_logreg_fold2_v1.joblib
2,resize_112,QWEN_0222_Seedream_40,1,0.8351746797561646,qwen::Seedream-4.0,,models/v2/clip_lora_fold2_best_v1.pt,models/v2/v2_10b_h2_balanced_logreg_fold2_v1.joblib
2,resize_112,QWEN_0222_GLM_Image,1,0.8847469687461853,qwen::GLM-Image,,models/v2/clip_lora_fold2_best_v1.pt,models/v2/v2_10b_h2_balanced_logreg_fold2_v1.joblib
2,resize_112,QWEN_0239_nano_banana_20,1,0.7935594320297241,qwen::nano-banana-2.0,,models/v2/clip_lora_fold2_best_v1.pt,models/v2/v2_10b_h2_balanced_logreg_fold2_v1.joblib
2,resize_112,QWEN_0239_nano_banana_pro,1,0.6952461004257202,qwen::nano-banana-pro,,models/v2/clip_lora_fold2_best_v1.pt,models/v2/v2_10b_h2_balanced_logreg_fold2_v1.joblib
2,resize_112,QWEN_0239_Seedream_40,1,0.8856726884841919,qwen::Seedream-4.0,,models/v2/clip_lora_fold2_best_v1.pt,models/v2/v2_10b_h2_balanced_logreg_fold2_v1.joblib
2,resize_112,QWEN_0239_GLM_Image,1,0.6324496269226074,qwen::GLM-Image,,models/v2/clip_lora_fold2_best_v1.pt,models/v2/v2_10b_h2_balanced_logreg_fold2_v1.joblib
2,resize_112,QWEN_0260_nano_banana_20,1,0.9238177537918091,qwen::nano-banana-2.0,,models/v2/clip_lora_fold2_best_v1.pt,models/v2/v2_10b_h2_balanced_logreg_fold2_v1.joblib
2,resize_112,QWEN_0260_nano_banana_pro,1,0.8918263912200928,qwen::nano-banana-pro,,models/v2/clip_lora_fold2_best_v1.pt,models/v2/v2_10b_h2_balanced_logreg_fold2_v1.joblib
2,resize_112,QWEN_0260_Seedream_40,1,0.9669352173805237,qwen::Seedream-4.0,,models/v2/clip_lora_fold2_best_v1.pt,models/v2/v2_10b_h2_balanced_logreg_fold2_v1.joblib
2,resize_112,QWEN_0260_GLM_Image,1,0.9228677749633789,qwen::GLM-Image,,models/v2/clip_lora_fold2_best_v1.pt,models/v2/v2_10b_h2_balanced_logreg_fold2_v1.joblib
2,resize_112,QWEN_0288_nano_banana_20,1,0.4055008292198181,qwen::nano-banana-2.0,,models/v2/clip_lora_fold2_best_v1.pt,models/v2/v2_10b_h2_balanced_logreg_fold2_v1.joblib
2,resize_112,QWEN_0288_nano_banana_pro,1,0.2807120978832245,qwen::nano-banana-pro,,models/v2/clip_lora_fold2_best_v1.pt,models/v2/v2_10b_h2_balanced_logreg_fold2_v1.joblib
2,resize_112,QWEN_0288_Seedream_40,1,0.664752185344696,qwen::Seedream-4.0,,models/v2/clip_lora_fold2_best_v1.pt,models/v2/v2_10b_h2_balanced_logreg_fold2_v1.joblib
2,resize_112,QWEN_0288_GLM_Image,1,0.723456859588623,qwen::GLM-Image,,models/v2/clip_lora_fold2_best_v1.pt,models/v2/v2_10b_h2_balanced_logreg_fold2_v1.joblib
2,resize_112,QWEN_0309_nano_banana_20,1,0.762060821056366,qwen::nano-banana-2.0,,models/v2/clip_lora_fold2_best_v1.pt,models/v2/v2_10b_h2_balanced_logreg_fold2_v1.joblib
2,resize_112,QWEN_0309_nano_banana_pro,1,0.9810470938682556,qwen::nano-banana-pro,,models/v2/clip_lora_fold2_best_v1.pt,models/v2/v2_10b_h2_balanced_logreg_fold2_v1.joblib
2,resize_112,QWEN_0309_Seedream_40,1,0.702423095703125,qwen::Seedream-4.0,,models/v2/clip_lora_fold2_best_v1.pt,models/v2/v2_10b_h2_balanced_logreg_fold2_v1.joblib
2,resize_112,QWEN_0309_GLM_Image,1,0.901187002658844,qwen::GLM-Image,,models/v2/clip_lora_fold2_best_v1.pt,models/v2/v2_10b_h2_balanced_logreg_fold2_v1.joblib
2,resize_112,QWEN_0315_nano_banana_20,1,0.7810371518135071,qwen::nano-banana-2.0,,models/v2/clip_lora_fold2_best_v1.pt,models/v2/v2_10b_h2_balanced_logreg_fold2_v1.joblib
2,resize_112,QWEN_0315_nano_banana_pro,1,0.9106959700584412,qwen::nano-banana-pro,,models/v2/clip_lora_fold2_best_v1.pt,models/v2/v2_10b_h2_balanced_logreg_fold2_v1.joblib
2,resize_112,QWEN_0315_Seedream_40,1,0.9766919612884521,qwen::Seedream-4.0,,models/v2/clip_lora_fold2_best_v1.pt,models/v2/v2_10b_h2_balanced_logreg_fold2_v1.joblib
2,resize_112,QWEN_0315_GLM_Image,1,0.9726061224937439,qwen::GLM-Image,,models/v2/clip_lora_fold2_best_v1.pt,models/v2/v2_10b_h2_balanced_logreg_fold2_v1.joblib
2,resize_112,QWEN_0323_nano_banana_20,1,0.7189544439315796,qwen::nano-banana-2.0,,models/v2/clip_lora_fold2_best_v1.pt,models/v2/v2_10b_h2_balanced_logreg_fold2_v1.joblib
2,resize_112,QWEN_0323_nano_banana_pro,1,0.7694432735443115,qwen::nano-banana-pro,,models/v2/clip_lora_fold2_best_v1.pt,models/v2/v2_10b_h2_balanced_logreg_fold2_v1.joblib
2,resize_112,QWEN_0323_Seedream_40,1,0.9022431373596191,qwen::Seedream-4.0,,models/v2/clip_lora_fold2_best_v1.pt,models/v2/v2_10b_h2_balanced_logreg_fold2_v1.joblib
2,resize_112,QWEN_0323_GLM_Image,1,0.9915231466293335,qwen::GLM-Image,,models/v2/clip_lora_fold2_best_v1.pt,models/v2/v2_10b_h2_balanced_logreg_fold2_v1.joblib
2,resize_112,QWEN_0335_nano_banana_20,1,0.6652668714523315,qwen::nano-banana-2.0,,models/v2/clip_lora_fold2_best_v1.pt,models/v2/v2_10b_h2_balanced_logreg_fold2_v1.joblib
2,resize_112,QWEN_0335_nano_banana_pro,1,0.6266481280326843,qwen::nano-banana-pro,,models/v2/clip_lora_fold2_best_v1.pt,models/v2/v2_10b_h2_balanced_logreg_fold2_v1.joblib
2,resize_112,QWEN_0335_Seedream_40,1,0.8503860831260681,qwen::Seedream-4.0,,models/v2/clip_lora_fold2_best_v1.pt,models/v2/v2_10b_h2_balanced_logreg_fold2_v1.joblib
2,resize_112,QWEN_0335_GLM_Image,1,0.9667060375213623,qwen::GLM-Image,,models/v2/clip_lora_fold2_best_v1.pt,models/v2/v2_10b_h2_balanced_logreg_fold2_v1.joblib
2,resize_112,QWEN_0342_nano_banana_20,1,0.7490020394325256,qwen::nano-banana-2.0,,models/v2/clip_lora_fold2_best_v1.pt,models/v2/v2_10b_h2_balanced_logreg_fold2_v1.joblib
2,resize_112,QWEN_0342_nano_banana_pro,1,0.6817465424537659,qwen::nano-banana-pro,,models/v2/clip_lora_fold2_best_v1.pt,models/v2/v2_10b_h2_balanced_logreg_fold2_v1.joblib
2,resize_112,QWEN_0342_Seedream_40,1,0.9230833649635315,qwen::Seedream-4.0,,models/v2/clip_lora_fold2_best_v1.pt,models/v2/v2_10b_h2_balanced_logreg_fold2_v1.joblib
2,resize_112,QWEN_0342_GLM_Image,1,0.9703843593597412,qwen::GLM-Image,,models/v2/clip_lora_fold2_best_v1.pt,models/v2/v2_10b_h2_balanced_logreg_fold2_v1.joblib
2,resize_112,QWEN_0347_nano_banana_20,1,0.7132550477981567,qwen::nano-banana-2.0,,models/v2/clip_lora_fold2_best_v1.pt,models/v2/v2_10b_h2_balanced_logreg_fold2_v1.joblib
2,resize_112,QWEN_0347_nano_banana_pro,1,0.4879406988620758,qwen::nano-banana-pro,,models/v2/clip_lora_fold2_best_v1.pt,models/v2/v2_10b_h2_balanced_logreg_fold2_v1.joblib
2,resize_112,QWEN_0347_Seedream_40,1,0.6049023270606995,qwen::Seedream-4.0,,models/v2/clip_lora_fold2_best_v1.pt,models/v2/v2_10b_h2_balanced_logreg_fold2_v1.joblib
2,resize_112,QWEN_0347_GLM_Image,1,0.6713412404060364,qwen::GLM-Image,,models/v2/clip_lora_fold2_best_v1.pt,models/v2/v2_10b_h2_balanced_logreg_fold2_v1.joblib
2,resize_112,QWEN_0354_nano_banana_20,1,0.7828413844108582,qwen::nano-banana-2.0,,models/v2/clip_lora_fold2_best_v1.pt,models/v2/v2_10b_h2_balanced_logreg_fold2_v1.joblib
2,resize_112,QWEN_0354_nano_banana_pro,1,0.8350558876991272,qwen::nano-banana-pro,,models/v2/clip_lora_fold2_best_v1.pt,models/v2/v2_10b_h2_balanced_logreg_fold2_v1.joblib
2,resize_112,QWEN_0354_Seedream_40,1,0.8833010196685791,qwen::Seedream-4.0,,models/v2/clip_lora_fold2_best_v1.pt,models/v2/v2_10b_h2_balanced_logreg_fold2_v1.joblib
2,resize_112,QWEN_0354_GLM_Image,1,0.8513975143432617,qwen::GLM-Image,,models/v2/clip_lora_fold2_best_v1.pt,models/v2/v2_10b_h2_balanced_logreg_fold2_v1.joblib
2,resize_112,QWEN_0359_nano_banana_20,1,0.8825687766075134,qwen::nano-banana-2.0,,models/v2/clip_lora_fold2_best_v1.pt,models/v2/v2_10b_h2_balanced_logreg_fold2_v1.joblib
2,resize_112,QWEN_0359_nano_banana_pro,1,0.6851477026939392,qwen::nano-banana-pro,,models/v2/clip_lora_fold2_best_v1.pt,models/v2/v2_10b_h2_balanced_logreg_fold2_v1.joblib
2,resize_112,QWEN_0359_Seedream_40,1,0.7977705001831055,qwen::Seedream-4.0,,models/v2/clip_lora_fold2_best_v1.pt,models/v2/v2_10b_h2_balanced_logreg_fold2_v1.joblib
2,resize_112,QWEN_0359_GLM_Image,1,0.6890889406204224,qwen::GLM-Image,,models/v2/clip_lora_fold2_best_v1.pt,models/v2/v2_10b_h2_balanced_logreg_fold2_v1.joblib
2,resize_112,QWEN_0374_nano_banana_20,1,0.6811673045158386,qwen::nano-banana-2.0,,models/v2/clip_lora_fold2_best_v1.pt,models/v2/v2_10b_h2_balanced_logreg_fold2_v1.joblib
2,resize_112,QWEN_0374_nano_banana_pro,1,0.4486583471298218,qwen::nano-banana-pro,,models/v2/clip_lora_fold2_best_v1.pt,models/v2/v2_10b_h2_balanced_logreg_fold2_v1.joblib
2,resize_112,QWEN_0374_Seedream_40,1,0.9009751081466675,qwen::Seedream-4.0,,models/v2/clip_lora_fold2_best_v1.pt,models/v2/v2_10b_h2_balanced_logreg_fold2_v1.joblib
2,resize_112,QWEN_0374_GLM_Image,1,0.9325540661811829,qwen::GLM-Image,,models/v2/clip_lora_fold2_best_v1.pt,models/v2/v2_10b_h2_balanced_logreg_fold2_v1.joblib
2,resize_112,QWEN_0386_nano_banana_20,1,0.7090215682983398,qwen::nano-banana-2.0,,models/v2/clip_lora_fold2_best_v1.pt,models/v2/v2_10b_h2_balanced_logreg_fold2_v1.joblib
2,resize_112,QWEN_0386_nano_banana_pro,1,0.6921176910400391,qwen::nano-banana-pro,,models/v2/clip_lora_fold2_best_v1.pt,models/v2/v2_10b_h2_balanced_logreg_fold2_v1.joblib
2,resize_112,QWEN_0386_Seedream_40,1,0.8011210560798645,qwen::Seedream-4.0,,models/v2/clip_lora_fold2_best_v1.pt,models/v2/v2_10b_h2_balanced_logreg_fold2_v1.joblib
2,resize_112,QWEN_0386_GLM_Image,1,0.8695802688598633,qwen::GLM-Image,,models/v2/clip_lora_fold2_best_v1.pt,models/v2/v2_10b_h2_balanced_logreg_fold2_v1.joblib
2,resize_112,QWEN_0392_nano_banana_20,1,0.8444026112556458,qwen::nano-banana-2.0,,models/v2/clip_lora_fold2_best_v1.pt,models/v2/v2_10b_h2_balanced_logreg_fold2_v1.joblib
2,resize_112,QWEN_0392_nano_banana_pro,1,0.5663169622421265,qwen::nano-banana-pro,,models/v2/clip_lora_fold2_best_v1.pt,models/v2/v2_10b_h2_balanced_logreg_fold2_v1.joblib
2,resize_112,QWEN_0392_Seedream_40,1,0.8362106680870056,qwen::Seedream-4.0,,models/v2/clip_lora_fold2_best_v1.pt,models/v2/v2_10b_h2_balanced_logreg_fold2_v1.joblib
2,resize_112,QWEN_0392_GLM_Image,1,0.8610534071922302,qwen::GLM-Image,,models/v2/clip_lora_fold2_best_v1.pt,models/v2/v2_10b_h2_balanced_logreg_fold2_v1.joblib
2,resize_112,QWEN_0397_nano_banana_20,1,0.4835147261619568,qwen::nano-banana-2.0,,models/v2/clip_lora_fold2_best_v1.pt,models/v2/v2_10b_h2_balanced_logreg_fold2_v1.joblib
2,resize_112,QWEN_0397_nano_banana_pro,1,0.7478753328323364,qwen::nano-banana-pro,,models/v2/clip_lora_fold2_best_v1.pt,models/v2/v2_10b_h2_balanced_logreg_fold2_v1.joblib
2,resize_112,QWEN_0397_Seedream_40,1,0.8790141940116882,qwen::Seedream-4.0,,models/v2/clip_lora_fold2_best_v1.pt,models/v2/v2_10b_h2_balanced_logreg_fold2_v1.joblib
2,resize_112,QWEN_0397_GLM_Image,1,0.9555388689041138,qwen::GLM-Image,,models/v2/clip_lora_fold2_best_v1.pt,models/v2/v2_10b_h2_balanced_logreg_fold2_v1.joblib
2,resize_112,QWEN_0413_nano_banana_20,1,0.5659043788909912,qwen::nano-banana-2.0,,models/v2/clip_lora_fold2_best_v1.pt,models/v2/v2_10b_h2_balanced_logreg_fold2_v1.joblib
2,resize_112,QWEN_0413_nano_banana_pro,1,0.8446400761604309,qwen::nano-banana-pro,,models/v2/clip_lora_fold2_best_v1.pt,models/v2/v2_10b_h2_balanced_logreg_fold2_v1.joblib
2,resize_112,QWEN_0413_Seedream_40,1,0.7628954648971558,qwen::Seedream-4.0,,models/v2/clip_lora_fold2_best_v1.pt,models/v2/v2_10b_h2_balanced_logreg_fold2_v1.joblib
2,resize_112,QWEN_0413_GLM_Image,1,0.7911918759346008,qwen::GLM-Image,,models/v2/clip_lora_fold2_best_v1.pt,models/v2/v2_10b_h2_balanced_logreg_fold2_v1.joblib
2,resize_112,QWEN_0415_nano_banana_20,1,0.6689213514328003,qwen::nano-banana-2.0,,models/v2/clip_lora_fold2_best_v1.pt,models/v2/v2_10b_h2_balanced_logreg_fold2_v1.joblib
2,resize_112,QWEN_0415_nano_banana_pro,1,0.8325386047363281,qwen::nano-banana-pro,,models/v2/clip_lora_fold2_best_v1.pt,models/v2/v2_10b_h2_balanced_logreg_fold2_v1.joblib
2,resize_112,QWEN_0415_Seedream_40,1,0.9130640625953674,qwen::Seedream-4.0,,models/v2/clip_lora_fold2_best_v1.pt,models/v2/v2_10b_h2_balanced_logreg_fold2_v1.joblib
2,resize_112,QWEN_0415_GLM_Image,1,0.859349250793457,qwen::GLM-Image,,models/v2/clip_lora_fold2_best_v1.pt,models/v2/v2_10b_h2_balanced_logreg_fold2_v1.joblib
2,resize_112,QWEN_0420_nano_banana_20,1,0.8102565407752991,qwen::nano-banana-2.0,,models/v2/clip_lora_fold2_best_v1.pt,models/v2/v2_10b_h2_balanced_logreg_fold2_v1.joblib
2,resize_112,QWEN_0420_nano_banana_pro,1,0.9032230973243713,qwen::nano-banana-pro,,models/v2/clip_lora_fold2_best_v1.pt,models/v2/v2_10b_h2_balanced_logreg_fold2_v1.joblib
2,resize_112,QWEN_0420_Seedream_40,1,0.8508337140083313,qwen::Seedream-4.0,,models/v2/clip_lora_fold2_best_v1.pt,models/v2/v2_10b_h2_balanced_logreg_fold2_v1.joblib
2,resize_112,QWEN_0420_GLM_Image,1,0.9591254591941833,qwen::GLM-Image,,models/v2/clip_lora_fold2_best_v1.pt,models/v2/v2_10b_h2_balanced_logreg_fold2_v1.joblib
2,resize_112,QWEN_0423_nano_banana_20,1,0.5715926289558411,qwen::nano-banana-2.0,,models/v2/clip_lora_fold2_best_v1.pt,models/v2/v2_10b_h2_balanced_logreg_fold2_v1.joblib
2,resize_112,QWEN_0423_nano_banana_pro,1,0.7756482362747192,qwen::nano-banana-pro,,models/v2/clip_lora_fold2_best_v1.pt,models/v2/v2_10b_h2_balanced_logreg_fold2_v1.joblib
2,resize_112,QWEN_0423_Seedream_40,1,0.7101787328720093,qwen::Seedream-4.0,,models/v2/clip_lora_fold2_best_v1.pt,models/v2/v2_10b_h2_balanced_logreg_fold2_v1.joblib
2,resize_112,QWEN_0423_GLM_Image,1,0.8532509803771973,qwen::GLM-Image,,models/v2/clip_lora_fold2_best_v1.pt,models/v2/v2_10b_h2_balanced_logreg_fold2_v1.joblib
2,resize_112,QWEN_0430_nano_banana_20,1,0.7706637382507324,qwen::nano-banana-2.0,,models/v2/clip_lora_fold2_best_v1.pt,models/v2/v2_10b_h2_balanced_logreg_fold2_v1.joblib
2,resize_112,QWEN_0430_nano_banana_pro,1,0.9140086770057678,qwen::nano-banana-pro,,models/v2/clip_lora_fold2_best_v1.pt,models/v2/v2_10b_h2_balanced_logreg_fold2_v1.joblib
2,resize_112,QWEN_0430_Seedream_40,1,0.8938488364219666,qwen::Seedream-4.0,,models/v2/clip_lora_fold2_best_v1.pt,models/v2/v2_10b_h2_balanced_logreg_fold2_v1.joblib
2,resize_112,QWEN_0430_GLM_Image,1,0.8903415203094482,qwen::GLM-Image,,models/v2/clip_lora_fold2_best_v1.pt,models/v2/v2_10b_h2_balanced_logreg_fold2_v1.joblib
2,resize_112,QWEN_0432_nano_banana_20,1,0.7178776860237122,qwen::nano-banana-2.0,,models/v2/clip_lora_fold2_best_v1.pt,models/v2/v2_10b_h2_balanced_logreg_fold2_v1.joblib
2,resize_112,QWEN_0432_nano_banana_pro,1,0.8175827264785767,qwen::nano-banana-pro,,models/v2/clip_lora_fold2_best_v1.pt,models/v2/v2_10b_h2_balanced_logreg_fold2_v1.joblib
2,resize_112,QWEN_0432_Seedream_40,1,0.8181785345077515,qwen::Seedream-4.0,,models/v2/clip_lora_fold2_best_v1.pt,models/v2/v2_10b_h2_balanced_logreg_fold2_v1.joblib
2,resize_112,QWEN_0432_GLM_Image,1,0.9586052894592285,qwen::GLM-Image,,models/v2/clip_lora_fold2_best_v1.pt,models/v2/v2_10b_h2_balanced_logreg_fold2_v1.joblib
2,resize_112,QWEN_0446_nano_banana_20,1,0.5203126072883606,qwen::nano-banana-2.0,,models/v2/clip_lora_fold2_best_v1.pt,models/v2/v2_10b_h2_balanced_logreg_fold2_v1.joblib
2,resize_112,QWEN_0446_nano_banana_pro,1,0.803104817867279,qwen::nano-banana-pro,,models/v2/clip_lora_fold2_best_v1.pt,models/v2/v2_10b_h2_balanced_logreg_fold2_v1.joblib
2,resize_112,QWEN_0446_Seedream_40,1,0.793786346912384,qwen::Seedream-4.0,,models/v2/clip_lora_fold2_best_v1.pt,models/v2/v2_10b_h2_balanced_logreg_fold2_v1.joblib
2,resize_112,QWEN_0446_GLM_Image,1,0.7527438998222351,qwen::GLM-Image,,models/v2/clip_lora_fold2_best_v1.pt,models/v2/v2_10b_h2_balanced_logreg_fold2_v1.joblib
2,resize_112,QWEN_0451_nano_banana_20,1,0.7769489884376526,qwen::nano-banana-2.0,,models/v2/clip_lora_fold2_best_v1.pt,models/v2/v2_10b_h2_balanced_logreg_fold2_v1.joblib
2,resize_112,QWEN_0451_nano_banana_pro,1,0.8704857230186462,qwen::nano-banana-pro,,models/v2/clip_lora_fold2_best_v1.pt,models/v2/v2_10b_h2_balanced_logreg_fold2_v1.joblib
2,resize_112,QWEN_0451_Seedream_40,1,0.8653609156608582,qwen::Seedream-4.0,,models/v2/clip_lora_fold2_best_v1.pt,models/v2/v2_10b_h2_balanced_logreg_fold2_v1.joblib
2,resize_112,QWEN_0451_GLM_Image,1,0.9851235747337341,qwen::GLM-Image,,models/v2/clip_lora_fold2_best_v1.pt,models/v2/v2_10b_h2_balanced_logreg_fold2_v1.joblib
2,resize_112,QWEN_0456_nano_banana_20,1,0.9516493082046509,qwen::nano-banana-2.0,,models/v2/clip_lora_fold2_best_v1.pt,models/v2/v2_10b_h2_balanced_logreg_fold2_v1.joblib
2,resize_112,QWEN_0456_nano_banana_pro,1,0.9342380166053772,qwen::nano-banana-pro,,models/v2/clip_lora_fold2_best_v1.pt,models/v2/v2_10b_h2_balanced_logreg_fold2_v1.joblib
2,resize_112,QWEN_0456_Seedream_40,1,0.9387927651405334,qwen::Seedream-4.0,,models/v2/clip_lora_fold2_best_v1.pt,models/v2/v2_10b_h2_balanced_logreg_fold2_v1.joblib
2,resize_112,QWEN_0456_GLM_Image,1,0.9581180214881897,qwen::GLM-Image,,models/v2/clip_lora_fold2_best_v1.pt,models/v2/v2_10b_h2_balanced_logreg_fold2_v1.joblib
2,resize_112,QWEN_0461_nano_banana_20,1,0.856784999370575,qwen::nano-banana-2.0,,models/v2/clip_lora_fold2_best_v1.pt,models/v2/v2_10b_h2_balanced_logreg_fold2_v1.joblib
2,resize_112,QWEN_0461_nano_banana_pro,1,0.8084235787391663,qwen::nano-banana-pro,,models/v2/clip_lora_fold2_best_v1.pt,models/v2/v2_10b_h2_balanced_logreg_fold2_v1.joblib
2,resize_112,QWEN_0461_Seedream_40,1,0.9148916006088257,qwen::Seedream-4.0,,models/v2/clip_lora_fold2_best_v1.pt,models/v2/v2_10b_h2_balanced_logreg_fold2_v1.joblib
2,resize_112,QWEN_0461_GLM_Image,1,0.9467757940292358,qwen::GLM-Image,,models/v2/clip_lora_fold2_best_v1.pt,models/v2/v2_10b_h2_balanced_logreg_fold2_v1.joblib
2,resize_112,QWEN_0465_nano_banana_20,1,0.8657985925674438,qwen::nano-banana-2.0,,models/v2/clip_lora_fold2_best_v1.pt,models/v2/v2_10b_h2_balanced_logreg_fold2_v1.joblib
2,resize_112,QWEN_0465_nano_banana_pro,1,0.8367921710014343,qwen::nano-banana-pro,,models/v2/clip_lora_fold2_best_v1.pt,models/v2/v2_10b_h2_balanced_logreg_fold2_v1.joblib
2,resize_112,QWEN_0465_Seedream_40,1,0.7921447157859802,qwen::Seedream-4.0,,models/v2/clip_lora_fold2_best_v1.pt,models/v2/v2_10b_h2_balanced_logreg_fold2_v1.joblib
2,resize_112,QWEN_0465_GLM_Image,1,0.8105765581130981,qwen::GLM-Image,,models/v2/clip_lora_fold2_best_v1.pt,models/v2/v2_10b_h2_balanced_logreg_fold2_v1.joblib
2,resize_112,QWEN_0471_nano_banana_20,1,0.3665248155593872,qwen::nano-banana-2.0,,models/v2/clip_lora_fold2_best_v1.pt,models/v2/v2_10b_h2_balanced_logreg_fold2_v1.joblib
2,resize_112,QWEN_0471_nano_banana_pro,1,0.5327742099761963,qwen::nano-banana-pro,,models/v2/clip_lora_fold2_best_v1.pt,models/v2/v2_10b_h2_balanced_logreg_fold2_v1.joblib
2,resize_112,QWEN_0471_Seedream_40,1,0.4893537759780884,qwen::Seedream-4.0,,models/v2/clip_lora_fold2_best_v1.pt,models/v2/v2_10b_h2_balanced_logreg_fold2_v1.joblib
2,resize_112,QWEN_0471_GLM_Image,1,0.7002768516540527,qwen::GLM-Image,,models/v2/clip_lora_fold2_best_v1.pt,models/v2/v2_10b_h2_balanced_logreg_fold2_v1.joblib
2,resize_112,QWEN_0476_nano_banana_20,1,0.9778931736946106,qwen::nano-banana-2.0,,models/v2/clip_lora_fold2_best_v1.pt,models/v2/v2_10b_h2_balanced_logreg_fold2_v1.joblib
2,resize_112,QWEN_0476_nano_banana_pro,1,0.6368668079376221,qwen::nano-banana-pro,,models/v2/clip_lora_fold2_best_v1.pt,models/v2/v2_10b_h2_balanced_logreg_fold2_v1.joblib
2,resize_112,QWEN_0476_Seedream_40,1,0.8060116171836853,qwen::Seedream-4.0,,models/v2/clip_lora_fold2_best_v1.pt,models/v2/v2_10b_h2_balanced_logreg_fold2_v1.joblib
2,resize_112,QWEN_0476_GLM_Image,1,0.8627966642379761,qwen::GLM-Image,,models/v2/clip_lora_fold2_best_v1.pt,models/v2/v2_10b_h2_balanced_logreg_fold2_v1.joblib
2,resize_112,QWEN_0480_nano_banana_20,1,0.39402493834495544,qwen::nano-banana-2.0,,models/v2/clip_lora_fold2_best_v1.pt,models/v2/v2_10b_h2_balanced_logreg_fold2_v1.joblib
2,resize_112,QWEN_0480_nano_banana_pro,1,0.6574939489364624,qwen::nano-banana-pro,,models/v2/clip_lora_fold2_best_v1.pt,models/v2/v2_10b_h2_balanced_logreg_fold2_v1.joblib
2,resize_112,QWEN_0480_Seedream_40,1,0.598979115486145,qwen::Seedream-4.0,,models/v2/clip_lora_fold2_best_v1.pt,models/v2/v2_10b_h2_balanced_logreg_fold2_v1.joblib
2,resize_112,QWEN_0480_GLM_Image,1,0.5980077981948853,qwen::GLM-Image,,models/v2/clip_lora_fold2_best_v1.pt,models/v2/v2_10b_h2_balanced_logreg_fold2_v1.joblib
2,resize_112,QWEN_0507_nano_banana_20,1,0.857475757598877,qwen::nano-banana-2.0,,models/v2/clip_lora_fold2_best_v1.pt,models/v2/v2_10b_h2_balanced_logreg_fold2_v1.joblib
2,resize_112,QWEN_0507_nano_banana_pro,1,0.7715571522712708,qwen::nano-banana-pro,,models/v2/clip_lora_fold2_best_v1.pt,models/v2/v2_10b_h2_balanced_logreg_fold2_v1.joblib
2,resize_112,QWEN_0507_Seedream_40,1,0.9510403871536255,qwen::Seedream-4.0,,models/v2/clip_lora_fold2_best_v1.pt,models/v2/v2_10b_h2_balanced_logreg_fold2_v1.joblib
2,resize_112,QWEN_0507_GLM_Image,1,0.8701875805854797,qwen::GLM-Image,,models/v2/clip_lora_fold2_best_v1.pt,models/v2/v2_10b_h2_balanced_logreg_fold2_v1.joblib
2,resize_112,QWEN_0518_nano_banana_20,1,0.7519395351409912,qwen::nano-banana-2.0,,models/v2/clip_lora_fold2_best_v1.pt,models/v2/v2_10b_h2_balanced_logreg_fold2_v1.joblib
2,resize_112,QWEN_0518_nano_banana_pro,1,0.7801761031150818,qwen::nano-banana-pro,,models/v2/clip_lora_fold2_best_v1.pt,models/v2/v2_10b_h2_balanced_logreg_fold2_v1.joblib
2,resize_112,QWEN_0518_Seedream_40,1,0.5550420880317688,qwen::Seedream-4.0,,models/v2/clip_lora_fold2_best_v1.pt,models/v2/v2_10b_h2_balanced_logreg_fold2_v1.joblib
2,resize_112,QWEN_0518_GLM_Image,1,0.8404315114021301,qwen::GLM-Image,,models/v2/clip_lora_fold2_best_v1.pt,models/v2/v2_10b_h2_balanced_logreg_fold2_v1.joblib
2,resize_112,QWEN_0524_nano_banana_20,1,0.7510581016540527,qwen::nano-banana-2.0,,models/v2/clip_lora_fold2_best_v1.pt,models/v2/v2_10b_h2_balanced_logreg_fold2_v1.joblib
2,resize_112,QWEN_0524_nano_banana_pro,1,0.7783488035202026,qwen::nano-banana-pro,,models/v2/clip_lora_fold2_best_v1.pt,models/v2/v2_10b_h2_balanced_logreg_fold2_v1.joblib
2,resize_112,QWEN_0524_Seedream_40,1,0.9388929009437561,qwen::Seedream-4.0,,models/v2/clip_lora_fold2_best_v1.pt,models/v2/v2_10b_h2_balanced_logreg_fold2_v1.joblib
2,resize_112,QWEN_0524_GLM_Image,1,0.9000393748283386,qwen::GLM-Image,,models/v2/clip_lora_fold2_best_v1.pt,models/v2/v2_10b_h2_balanced_logreg_fold2_v1.joblib
2,resize_112,QWEN_0553_nano_banana_20,1,0.4508350193500519,qwen::nano-banana-2.0,,models/v2/clip_lora_fold2_best_v1.pt,models/v2/v2_10b_h2_balanced_logreg_fold2_v1.joblib
2,resize_112,QWEN_0553_nano_banana_pro,1,0.9682470560073853,qwen::nano-banana-pro,,models/v2/clip_lora_fold2_best_v1.pt,models/v2/v2_10b_h2_balanced_logreg_fold2_v1.joblib
2,resize_112,QWEN_0553_Seedream_40,1,0.7884793281555176,qwen::Seedream-4.0,,models/v2/clip_lora_fold2_best_v1.pt,models/v2/v2_10b_h2_balanced_logreg_fold2_v1.joblib
2,resize_112,QWEN_0553_GLM_Image,1,0.8805710673332214,qwen::GLM-Image,,models/v2/clip_lora_fold2_best_v1.pt,models/v2/v2_10b_h2_balanced_logreg_fold2_v1.joblib
2,resize_112,QWEN_0592_nano_banana_20,1,0.48000502586364746,qwen::nano-banana-2.0,,models/v2/clip_lora_fold2_best_v1.pt,models/v2/v2_10b_h2_balanced_logreg_fold2_v1.joblib
2,resize_112,QWEN_0592_nano_banana_pro,1,0.6052525639533997,qwen::nano-banana-pro,,models/v2/clip_lora_fold2_best_v1.pt,models/v2/v2_10b_h2_balanced_logreg_fold2_v1.joblib
2,resize_112,QWEN_0592_Seedream_40,1,0.7926976680755615,qwen::Seedream-4.0,,models/v2/clip_lora_fold2_best_v1.pt,models/v2/v2_10b_h2_balanced_logreg_fold2_v1.joblib
2,resize_112,QWEN_0592_GLM_Image,1,0.9530578255653381,qwen::GLM-Image,,models/v2/clip_lora_fold2_best_v1.pt,models/v2/v2_10b_h2_balanced_logreg_fold2_v1.joblib
2,resize_112,QWEN_0594_nano_banana_20,1,0.7756717801094055,qwen::nano-banana-2.0,,models/v2/clip_lora_fold2_best_v1.pt,models/v2/v2_10b_h2_balanced_logreg_fold2_v1.joblib
2,resize_112,QWEN_0594_nano_banana_pro,1,0.7915966510772705,qwen::nano-banana-pro,,models/v2/clip_lora_fold2_best_v1.pt,models/v2/v2_10b_h2_balanced_logreg_fold2_v1.joblib
2,resize_112,QWEN_0594_Seedream_40,1,0.9465695023536682,qwen::Seedream-4.0,,models/v2/clip_lora_fold2_best_v1.pt,models/v2/v2_10b_h2_balanced_logreg_fold2_v1.joblib
2,resize_112,QWEN_0594_GLM_Image,1,0.9799307584762573,qwen::GLM-Image,,models/v2/clip_lora_fold2_best_v1.pt,models/v2/v2_10b_h2_balanced_logreg_fold2_v1.joblib
2,resize_112,QWEN_0597_nano_banana_20,1,0.8686167597770691,qwen::nano-banana-2.0,,models/v2/clip_lora_fold2_best_v1.pt,models/v2/v2_10b_h2_balanced_logreg_fold2_v1.joblib
2,resize_112,QWEN_0597_nano_banana_pro,1,0.609497606754303,qwen::nano-banana-pro,,models/v2/clip_lora_fold2_best_v1.pt,models/v2/v2_10b_h2_balanced_logreg_fold2_v1.joblib
2,resize_112,QWEN_0597_Seedream_40,1,0.6433900594711304,qwen::Seedream-4.0,,models/v2/clip_lora_fold2_best_v1.pt,models/v2/v2_10b_h2_balanced_logreg_fold2_v1.joblib
2,resize_112,QWEN_0597_GLM_Image,1,0.9514017105102539,qwen::GLM-Image,,models/v2/clip_lora_fold2_best_v1.pt,models/v2/v2_10b_h2_balanced_logreg_fold2_v1.joblib
2,resize_112,QWEN_0621_nano_banana_20,1,0.6021379828453064,qwen::nano-banana-2.0,,models/v2/clip_lora_fold2_best_v1.pt,models/v2/v2_10b_h2_balanced_logreg_fold2_v1.joblib
2,resize_112,QWEN_0621_nano_banana_pro,1,0.610338032245636,qwen::nano-banana-pro,,models/v2/clip_lora_fold2_best_v1.pt,models/v2/v2_10b_h2_balanced_logreg_fold2_v1.joblib
2,resize_112,QWEN_0621_Seedream_40,1,0.7891519665718079,qwen::Seedream-4.0,,models/v2/clip_lora_fold2_best_v1.pt,models/v2/v2_10b_h2_balanced_logreg_fold2_v1.joblib
2,resize_112,QWEN_0621_GLM_Image,1,0.8879532217979431,qwen::GLM-Image,,models/v2/clip_lora_fold2_best_v1.pt,models/v2/v2_10b_h2_balanced_logreg_fold2_v1.joblib
2,resize_112,QWEN_0634_nano_banana_20,1,0.9002856612205505,qwen::nano-banana-2.0,,models/v2/clip_lora_fold2_best_v1.pt,models/v2/v2_10b_h2_balanced_logreg_fold2_v1.joblib
2,resize_112,QWEN_0634_nano_banana_pro,1,0.9648407101631165,qwen::nano-banana-pro,,models/v2/clip_lora_fold2_best_v1.pt,models/v2/v2_10b_h2_balanced_logreg_fold2_v1.joblib
2,resize_112,QWEN_0634_Seedream_40,1,0.9748860597610474,qwen::Seedream-4.0,,models/v2/clip_lora_fold2_best_v1.pt,models/v2/v2_10b_h2_balanced_logreg_fold2_v1.joblib
2,resize_112,QWEN_0634_GLM_Image,1,0.9116657972335815,qwen::GLM-Image,,models/v2/clip_lora_fold2_best_v1.pt,models/v2/v2_10b_h2_balanced_logreg_fold2_v1.joblib
2,resize_112,QWEN_0637_nano_banana_20,1,0.9423345923423767,qwen::nano-banana-2.0,,models/v2/clip_lora_fold2_best_v1.pt,models/v2/v2_10b_h2_balanced_logreg_fold2_v1.joblib
2,resize_112,QWEN_0637_nano_banana_pro,1,0.9419041872024536,qwen::nano-banana-pro,,models/v2/clip_lora_fold2_best_v1.pt,models/v2/v2_10b_h2_balanced_logreg_fold2_v1.joblib
2,resize_112,QWEN_0637_Seedream_40,1,0.8807277679443359,qwen::Seedream-4.0,,models/v2/clip_lora_fold2_best_v1.pt,models/v2/v2_10b_h2_balanced_logreg_fold2_v1.joblib
2,resize_112,QWEN_0637_GLM_Image,1,0.9588285684585571,qwen::GLM-Image,,models/v2/clip_lora_fold2_best_v1.pt,models/v2/v2_10b_h2_balanced_logreg_fold2_v1.joblib
2,resize_112,QWEN_0644_nano_banana_20,1,0.7580004930496216,qwen::nano-banana-2.0,,models/v2/clip_lora_fold2_best_v1.pt,models/v2/v2_10b_h2_balanced_logreg_fold2_v1.joblib
2,resize_112,QWEN_0644_nano_banana_pro,1,0.703009307384491,qwen::nano-banana-pro,,models/v2/clip_lora_fold2_best_v1.pt,models/v2/v2_10b_h2_balanced_logreg_fold2_v1.joblib
2,resize_112,QWEN_0644_Seedream_40,1,0.8537268042564392,qwen::Seedream-4.0,,models/v2/clip_lora_fold2_best_v1.pt,models/v2/v2_10b_h2_balanced_logreg_fold2_v1.joblib
2,resize_112,QWEN_0644_GLM_Image,1,0.9658642411231995,qwen::GLM-Image,,models/v2/clip_lora_fold2_best_v1.pt,models/v2/v2_10b_h2_balanced_logreg_fold2_v1.joblib
2,resize_112,QWEN_0656_nano_banana_20,1,0.639799952507019,qwen::nano-banana-2.0,,models/v2/clip_lora_fold2_best_v1.pt,models/v2/v2_10b_h2_balanced_logreg_fold2_v1.joblib
2,resize_112,QWEN_0656_nano_banana_pro,1,0.8202143907546997,qwen::nano-banana-pro,,models/v2/clip_lora_fold2_best_v1.pt,models/v2/v2_10b_h2_balanced_logreg_fold2_v1.joblib
2,resize_112,QWEN_0656_Seedream_40,1,0.7651912569999695,qwen::Seedream-4.0,,models/v2/clip_lora_fold2_best_v1.pt,models/v2/v2_10b_h2_balanced_logreg_fold2_v1.joblib
2,resize_112,QWEN_0656_GLM_Image,1,0.9255797266960144,qwen::GLM-Image,,models/v2/clip_lora_fold2_best_v1.pt,models/v2/v2_10b_h2_balanced_logreg_fold2_v1.joblib
2,resize_112,QWEN_0657_nano_banana_20,1,0.9448543787002563,qwen::nano-banana-2.0,,models/v2/clip_lora_fold2_best_v1.pt,models/v2/v2_10b_h2_balanced_logreg_fold2_v1.joblib
2,resize_112,QWEN_0657_nano_banana_pro,1,0.8438523411750793,qwen::nano-banana-pro,,models/v2/clip_lora_fold2_best_v1.pt,models/v2/v2_10b_h2_balanced_logreg_fold2_v1.joblib
2,resize_112,QWEN_0657_Seedream_40,1,0.6021331548690796,qwen::Seedream-4.0,,models/v2/clip_lora_fold2_best_v1.pt,models/v2/v2_10b_h2_balanced_logreg_fold2_v1.joblib
2,resize_112,QWEN_0657_GLM_Image,1,0.8980382680892944,qwen::GLM-Image,,models/v2/clip_lora_fold2_best_v1.pt,models/v2/v2_10b_h2_balanced_logreg_fold2_v1.joblib
2,resize_112,QWEN_0661_nano_banana_20,1,0.7626910209655762,qwen::nano-banana-2.0,,models/v2/clip_lora_fold2_best_v1.pt,models/v2/v2_10b_h2_balanced_logreg_fold2_v1.joblib
2,resize_112,QWEN_0661_nano_banana_pro,1,0.5347665548324585,qwen::nano-banana-pro,,models/v2/clip_lora_fold2_best_v1.pt,models/v2/v2_10b_h2_balanced_logreg_fold2_v1.joblib
2,resize_112,QWEN_0661_Seedream_40,1,0.603103756904602,qwen::Seedream-4.0,,models/v2/clip_lora_fold2_best_v1.pt,models/v2/v2_10b_h2_balanced_logreg_fold2_v1.joblib
2,resize_112,QWEN_0661_GLM_Image,1,0.7712801694869995,qwen::GLM-Image,,models/v2/clip_lora_fold2_best_v1.pt,models/v2/v2_10b_h2_balanced_logreg_fold2_v1.joblib
2,resize_112,QWEN_0670_nano_banana_20,1,0.520387589931488,qwen::nano-banana-2.0,,models/v2/clip_lora_fold2_best_v1.pt,models/v2/v2_10b_h2_balanced_logreg_fold2_v1.joblib
2,resize_112,QWEN_0670_nano_banana_pro,1,0.8740984201431274,qwen::nano-banana-pro,,models/v2/clip_lora_fold2_best_v1.pt,models/v2/v2_10b_h2_balanced_logreg_fold2_v1.joblib
2,resize_112,QWEN_0670_Seedream_40,1,0.9326050281524658,qwen::Seedream-4.0,,models/v2/clip_lora_fold2_best_v1.pt,models/v2/v2_10b_h2_balanced_logreg_fold2_v1.joblib
2,resize_112,QWEN_0670_GLM_Image,1,0.8083632588386536,qwen::GLM-Image,,models/v2/clip_lora_fold2_best_v1.pt,models/v2/v2_10b_h2_balanced_logreg_fold2_v1.joblib
2,resize_112,QWEN_0672_nano_banana_20,1,0.7350074648857117,qwen::nano-banana-2.0,,models/v2/clip_lora_fold2_best_v1.pt,models/v2/v2_10b_h2_balanced_logreg_fold2_v1.joblib
2,resize_112,QWEN_0672_nano_banana_pro,1,0.8615550398826599,qwen::nano-banana-pro,,models/v2/clip_lora_fold2_best_v1.pt,models/v2/v2_10b_h2_balanced_logreg_fold2_v1.joblib
2,resize_112,QWEN_0672_Seedream_40,1,0.6781046390533447,qwen::Seedream-4.0,,models/v2/clip_lora_fold2_best_v1.pt,models/v2/v2_10b_h2_balanced_logreg_fold2_v1.joblib
2,resize_112,QWEN_0672_GLM_Image,1,0.9010976552963257,qwen::GLM-Image,,models/v2/clip_lora_fold2_best_v1.pt,models/v2/v2_10b_h2_balanced_logreg_fold2_v1.joblib
2,resize_112,QWEN_0682_nano_banana_20,1,0.8788580894470215,qwen::nano-banana-2.0,,models/v2/clip_lora_fold2_best_v1.pt,models/v2/v2_10b_h2_balanced_logreg_fold2_v1.joblib
2,resize_112,QWEN_0682_nano_banana_pro,1,0.9311343431472778,qwen::nano-banana-pro,,models/v2/clip_lora_fold2_best_v1.pt,models/v2/v2_10b_h2_balanced_logreg_fold2_v1.joblib
2,resize_112,QWEN_0682_Seedream_40,1,0.9744963645935059,qwen::Seedream-4.0,,models/v2/clip_lora_fold2_best_v1.pt,models/v2/v2_10b_h2_balanced_logreg_fold2_v1.joblib
2,resize_112,QWEN_0682_GLM_Image,1,0.9574615359306335,qwen::GLM-Image,,models/v2/clip_lora_fold2_best_v1.pt,models/v2/v2_10b_h2_balanced_logreg_fold2_v1.joblib
2,resize_112,QWEN_0691_nano_banana_20,1,0.824277937412262,qwen::nano-banana-2.0,,models/v2/clip_lora_fold2_best_v1.pt,models/v2/v2_10b_h2_balanced_logreg_fold2_v1.joblib
2,resize_112,QWEN_0691_nano_banana_pro,1,0.7100552320480347,qwen::nano-banana-pro,,models/v2/clip_lora_fold2_best_v1.pt,models/v2/v2_10b_h2_balanced_logreg_fold2_v1.joblib
2,resize_112,QWEN_0691_Seedream_40,1,0.8481910824775696,qwen::Seedream-4.0,,models/v2/clip_lora_fold2_best_v1.pt,models/v2/v2_10b_h2_balanced_logreg_fold2_v1.joblib
2,resize_112,QWEN_0691_GLM_Image,1,0.8874050378799438,qwen::GLM-Image,,models/v2/clip_lora_fold2_best_v1.pt,models/v2/v2_10b_h2_balanced_logreg_fold2_v1.joblib
2,resize_112,QWEN_0696_nano_banana_20,1,0.9413437843322754,qwen::nano-banana-2.0,,models/v2/clip_lora_fold2_best_v1.pt,models/v2/v2_10b_h2_balanced_logreg_fold2_v1.joblib
2,resize_112,QWEN_0696_nano_banana_pro,1,0.9172777533531189,qwen::nano-banana-pro,,models/v2/clip_lora_fold2_best_v1.pt,models/v2/v2_10b_h2_balanced_logreg_fold2_v1.joblib
2,resize_112,QWEN_0696_Seedream_40,1,0.9652259349822998,qwen::Seedream-4.0,,models/v2/clip_lora_fold2_best_v1.pt,models/v2/v2_10b_h2_balanced_logreg_fold2_v1.joblib
2,resize_112,QWEN_0696_GLM_Image,1,0.9490033388137817,qwen::GLM-Image,,models/v2/clip_lora_fold2_best_v1.pt,models/v2/v2_10b_h2_balanced_logreg_fold2_v1.joblib
2,resize_112,QWEN_0699_nano_banana_20,1,0.5649235248565674,qwen::nano-banana-2.0,,models/v2/clip_lora_fold2_best_v1.pt,models/v2/v2_10b_h2_balanced_logreg_fold2_v1.joblib
2,resize_112,QWEN_0699_nano_banana_pro,1,0.4911675751209259,qwen::nano-banana-pro,,models/v2/clip_lora_fold2_best_v1.pt,models/v2/v2_10b_h2_balanced_logreg_fold2_v1.joblib
2,resize_112,QWEN_0699_Seedream_40,1,0.4463145136833191,qwen::Seedream-4.0,,models/v2/clip_lora_fold2_best_v1.pt,models/v2/v2_10b_h2_balanced_logreg_fold2_v1.joblib
2,resize_112,QWEN_0699_GLM_Image,1,0.6309416890144348,qwen::GLM-Image,,models/v2/clip_lora_fold2_best_v1.pt,models/v2/v2_10b_h2_balanced_logreg_fold2_v1.joblib
2,resize_112,QWEN_0713_nano_banana_20,1,0.24607282876968384,qwen::nano-banana-2.0,,models/v2/clip_lora_fold2_best_v1.pt,models/v2/v2_10b_h2_balanced_logreg_fold2_v1.joblib
2,resize_112,QWEN_0713_nano_banana_pro,1,0.33766162395477295,qwen::nano-banana-pro,,models/v2/clip_lora_fold2_best_v1.pt,models/v2/v2_10b_h2_balanced_logreg_fold2_v1.joblib
2,resize_112,QWEN_0713_Seedream_40,1,0.6508525013923645,qwen::Seedream-4.0,,models/v2/clip_lora_fold2_best_v1.pt,models/v2/v2_10b_h2_balanced_logreg_fold2_v1.joblib
2,resize_112,QWEN_0713_GLM_Image,1,0.7686346769332886,qwen::GLM-Image,,models/v2/clip_lora_fold2_best_v1.pt,models/v2/v2_10b_h2_balanced_logreg_fold2_v1.joblib
2,resize_112,QWEN_0715_nano_banana_20,1,0.5602818727493286,qwen::nano-banana-2.0,,models/v2/clip_lora_fold2_best_v1.pt,models/v2/v2_10b_h2_balanced_logreg_fold2_v1.joblib
2,resize_112,QWEN_0715_nano_banana_pro,1,0.5893039107322693,qwen::nano-banana-pro,,models/v2/clip_lora_fold2_best_v1.pt,models/v2/v2_10b_h2_balanced_logreg_fold2_v1.joblib
2,resize_112,QWEN_0715_Seedream_40,1,0.5846514105796814,qwen::Seedream-4.0,,models/v2/clip_lora_fold2_best_v1.pt,models/v2/v2_10b_h2_balanced_logreg_fold2_v1.joblib
2,resize_112,QWEN_0715_GLM_Image,1,0.8950652480125427,qwen::GLM-Image,,models/v2/clip_lora_fold2_best_v1.pt,models/v2/v2_10b_h2_balanced_logreg_fold2_v1.joblib
2,resize_112,QWEN_0717_nano_banana_20,1,0.7954654693603516,qwen::nano-banana-2.0,,models/v2/clip_lora_fold2_best_v1.pt,models/v2/v2_10b_h2_balanced_logreg_fold2_v1.joblib
2,resize_112,QWEN_0717_nano_banana_pro,1,0.8959550857543945,qwen::nano-banana-pro,,models/v2/clip_lora_fold2_best_v1.pt,models/v2/v2_10b_h2_balanced_logreg_fold2_v1.joblib
2,resize_112,QWEN_0717_Seedream_40,1,0.9316787123680115,qwen::Seedream-4.0,,models/v2/clip_lora_fold2_best_v1.pt,models/v2/v2_10b_h2_balanced_logreg_fold2_v1.joblib
2,resize_112,QWEN_0717_GLM_Image,1,0.9305408596992493,qwen::GLM-Image,,models/v2/clip_lora_fold2_best_v1.pt,models/v2/v2_10b_h2_balanced_logreg_fold2_v1.joblib
2,resize_112,QWEN_0721_nano_banana_20,1,0.6573063731193542,qwen::nano-banana-2.0,,models/v2/clip_lora_fold2_best_v1.pt,models/v2/v2_10b_h2_balanced_logreg_fold2_v1.joblib
2,resize_112,QWEN_0721_nano_banana_pro,1,0.9691209197044373,qwen::nano-banana-pro,,models/v2/clip_lora_fold2_best_v1.pt,models/v2/v2_10b_h2_balanced_logreg_fold2_v1.joblib
2,resize_112,QWEN_0721_Seedream_40,1,0.9171391725540161,qwen::Seedream-4.0,,models/v2/clip_lora_fold2_best_v1.pt,models/v2/v2_10b_h2_balanced_logreg_fold2_v1.joblib
2,resize_112,QWEN_0721_GLM_Image,1,0.9348767399787903,qwen::GLM-Image,,models/v2/clip_lora_fold2_best_v1.pt,models/v2/v2_10b_h2_balanced_logreg_fold2_v1.joblib
2,resize_112,QWEN_0723_nano_banana_20,1,0.9204110503196716,qwen::nano-banana-2.0,,models/v2/clip_lora_fold2_best_v1.pt,models/v2/v2_10b_h2_balanced_logreg_fold2_v1.joblib
2,resize_112,QWEN_0723_nano_banana_pro,1,0.9318436980247498,qwen::nano-banana-pro,,models/v2/clip_lora_fold2_best_v1.pt,models/v2/v2_10b_h2_balanced_logreg_fold2_v1.joblib
2,resize_112,QWEN_0723_Seedream_40,1,0.9142897129058838,qwen::Seedream-4.0,,models/v2/clip_lora_fold2_best_v1.pt,models/v2/v2_10b_h2_balanced_logreg_fold2_v1.joblib
2,resize_112,QWEN_0723_GLM_Image,1,0.9192699790000916,qwen::GLM-Image,,models/v2/clip_lora_fold2_best_v1.pt,models/v2/v2_10b_h2_balanced_logreg_fold2_v1.joblib
2,resize_112,QWEN_0740_nano_banana_20,1,0.5416399836540222,qwen::nano-banana-2.0,,models/v2/clip_lora_fold2_best_v1.pt,models/v2/v2_10b_h2_balanced_logreg_fold2_v1.joblib
2,resize_112,QWEN_0740_nano_banana_pro,1,0.8818018436431885,qwen::nano-banana-pro,,models/v2/clip_lora_fold2_best_v1.pt,models/v2/v2_10b_h2_balanced_logreg_fold2_v1.joblib
2,resize_112,QWEN_0740_Seedream_40,1,0.826587975025177,qwen::Seedream-4.0,,models/v2/clip_lora_fold2_best_v1.pt,models/v2/v2_10b_h2_balanced_logreg_fold2_v1.joblib
2,resize_112,QWEN_0740_GLM_Image,1,0.8995509147644043,qwen::GLM-Image,,models/v2/clip_lora_fold2_best_v1.pt,models/v2/v2_10b_h2_balanced_logreg_fold2_v1.joblib
2,resize_112,QWEN_0760_nano_banana_20,1,0.7461811900138855,qwen::nano-banana-2.0,,models/v2/clip_lora_fold2_best_v1.pt,models/v2/v2_10b_h2_balanced_logreg_fold2_v1.joblib
2,resize_112,QWEN_0760_nano_banana_pro,1,0.936221182346344,qwen::nano-banana-pro,,models/v2/clip_lora_fold2_best_v1.pt,models/v2/v2_10b_h2_balanced_logreg_fold2_v1.joblib
2,resize_112,QWEN_0760_Seedream_40,1,0.8839761018753052,qwen::Seedream-4.0,,models/v2/clip_lora_fold2_best_v1.pt,models/v2/v2_10b_h2_balanced_logreg_fold2_v1.joblib
2,resize_112,QWEN_0760_GLM_Image,1,0.9668461680412292,qwen::GLM-Image,,models/v2/clip_lora_fold2_best_v1.pt,models/v2/v2_10b_h2_balanced_logreg_fold2_v1.joblib
2,resize_112,QWEN_0764_nano_banana_20,1,0.9415134191513062,qwen::nano-banana-2.0,,models/v2/clip_lora_fold2_best_v1.pt,models/v2/v2_10b_h2_balanced_logreg_fold2_v1.joblib
2,resize_112,QWEN_0764_nano_banana_pro,1,0.9092910289764404,qwen::nano-banana-pro,,models/v2/clip_lora_fold2_best_v1.pt,models/v2/v2_10b_h2_balanced_logreg_fold2_v1.joblib
2,resize_112,QWEN_0764_Seedream_40,1,0.8729499578475952,qwen::Seedream-4.0,,models/v2/clip_lora_fold2_best_v1.pt,models/v2/v2_10b_h2_balanced_logreg_fold2_v1.joblib
2,resize_112,QWEN_0764_GLM_Image,1,0.9187904000282288,qwen::GLM-Image,,models/v2/clip_lora_fold2_best_v1.pt,models/v2/v2_10b_h2_balanced_logreg_fold2_v1.joblib
2,resize_112,QWEN_0772_nano_banana_20,1,0.9505774974822998,qwen::nano-banana-2.0,,models/v2/clip_lora_fold2_best_v1.pt,models/v2/v2_10b_h2_balanced_logreg_fold2_v1.joblib
2,resize_112,QWEN_0772_nano_banana_pro,1,0.944495439529419,qwen::nano-banana-pro,,models/v2/clip_lora_fold2_best_v1.pt,models/v2/v2_10b_h2_balanced_logreg_fold2_v1.joblib
2,resize_112,QWEN_0772_Seedream_40,1,0.9583473801612854,qwen::Seedream-4.0,,models/v2/clip_lora_fold2_best_v1.pt,models/v2/v2_10b_h2_balanced_logreg_fold2_v1.joblib
2,resize_112,QWEN_0772_GLM_Image,1,0.935827910900116,qwen::GLM-Image,,models/v2/clip_lora_fold2_best_v1.pt,models/v2/v2_10b_h2_balanced_logreg_fold2_v1.joblib
2,resize_112,QWEN_0773_nano_banana_20,1,0.2855142056941986,qwen::nano-banana-2.0,,models/v2/clip_lora_fold2_best_v1.pt,models/v2/v2_10b_h2_balanced_logreg_fold2_v1.joblib
2,resize_112,QWEN_0773_nano_banana_pro,1,0.27268192172050476,qwen::nano-banana-pro,,models/v2/clip_lora_fold2_best_v1.pt,models/v2/v2_10b_h2_balanced_logreg_fold2_v1.joblib
2,resize_112,QWEN_0773_Seedream_40,1,0.2659985423088074,qwen::Seedream-4.0,,models/v2/clip_lora_fold2_best_v1.pt,models/v2/v2_10b_h2_balanced_logreg_fold2_v1.joblib
2,resize_112,QWEN_0773_GLM_Image,1,0.23968374729156494,qwen::GLM-Image,,models/v2/clip_lora_fold2_best_v1.pt,models/v2/v2_10b_h2_balanced_logreg_fold2_v1.joblib
2,resize_112,QWEN_0777_nano_banana_20,1,0.8302339315414429,qwen::nano-banana-2.0,,models/v2/clip_lora_fold2_best_v1.pt,models/v2/v2_10b_h2_balanced_logreg_fold2_v1.joblib
2,resize_112,QWEN_0777_nano_banana_pro,1,0.9077925682067871,qwen::nano-banana-pro,,models/v2/clip_lora_fold2_best_v1.pt,models/v2/v2_10b_h2_balanced_logreg_fold2_v1.joblib
2,resize_112,QWEN_0777_Seedream_40,1,0.7484278678894043,qwen::Seedream-4.0,,models/v2/clip_lora_fold2_best_v1.pt,models/v2/v2_10b_h2_balanced_logreg_fold2_v1.joblib
2,resize_112,QWEN_0777_GLM_Image,1,0.8567508459091187,qwen::GLM-Image,,models/v2/clip_lora_fold2_best_v1.pt,models/v2/v2_10b_h2_balanced_logreg_fold2_v1.joblib
2,resize_112,QWEN_0778_nano_banana_20,1,0.5943554043769836,qwen::nano-banana-2.0,,models/v2/clip_lora_fold2_best_v1.pt,models/v2/v2_10b_h2_balanced_logreg_fold2_v1.joblib
2,resize_112,QWEN_0778_nano_banana_pro,1,0.7412837147712708,qwen::nano-banana-pro,,models/v2/clip_lora_fold2_best_v1.pt,models/v2/v2_10b_h2_balanced_logreg_fold2_v1.joblib
2,resize_112,QWEN_0778_Seedream_40,1,0.5391823053359985,qwen::Seedream-4.0,,models/v2/clip_lora_fold2_best_v1.pt,models/v2/v2_10b_h2_balanced_logreg_fold2_v1.joblib
2,resize_112,QWEN_0778_GLM_Image,1,0.7882966995239258,qwen::GLM-Image,,models/v2/clip_lora_fold2_best_v1.pt,models/v2/v2_10b_h2_balanced_logreg_fold2_v1.joblib
2,resize_112,QWEN_0799_nano_banana_20,1,0.8165091872215271,qwen::nano-banana-2.0,,models/v2/clip_lora_fold2_best_v1.pt,models/v2/v2_10b_h2_balanced_logreg_fold2_v1.joblib
2,resize_112,QWEN_0799_nano_banana_pro,1,0.8797876238822937,qwen::nano-banana-pro,,models/v2/clip_lora_fold2_best_v1.pt,models/v2/v2_10b_h2_balanced_logreg_fold2_v1.joblib
2,resize_112,QWEN_0799_Seedream_40,1,0.6764569282531738,qwen::Seedream-4.0,,models/v2/clip_lora_fold2_best_v1.pt,models/v2/v2_10b_h2_balanced_logreg_fold2_v1.joblib
2,resize_112,QWEN_0799_GLM_Image,1,0.9140093922615051,qwen::GLM-Image,,models/v2/clip_lora_fold2_best_v1.pt,models/v2/v2_10b_h2_balanced_logreg_fold2_v1.joblib
2,resize_112,QWEN_0805_nano_banana_20,1,0.7452437877655029,qwen::nano-banana-2.0,,models/v2/clip_lora_fold2_best_v1.pt,models/v2/v2_10b_h2_balanced_logreg_fold2_v1.joblib
2,resize_112,QWEN_0805_nano_banana_pro,1,0.8947088122367859,qwen::nano-banana-pro,,models/v2/clip_lora_fold2_best_v1.pt,models/v2/v2_10b_h2_balanced_logreg_fold2_v1.joblib
2,resize_112,QWEN_0805_Seedream_40,1,0.8993366956710815,qwen::Seedream-4.0,,models/v2/clip_lora_fold2_best_v1.pt,models/v2/v2_10b_h2_balanced_logreg_fold2_v1.joblib
2,resize_112,QWEN_0805_GLM_Image,1,0.9301818609237671,qwen::GLM-Image,,models/v2/clip_lora_fold2_best_v1.pt,models/v2/v2_10b_h2_balanced_logreg_fold2_v1.joblib
2,resize_112,QWEN_0820_nano_banana_20,1,0.7303409576416016,qwen::nano-banana-2.0,,models/v2/clip_lora_fold2_best_v1.pt,models/v2/v2_10b_h2_balanced_logreg_fold2_v1.joblib
2,resize_112,QWEN_0820_nano_banana_pro,1,0.9632737636566162,qwen::nano-banana-pro,,models/v2/clip_lora_fold2_best_v1.pt,models/v2/v2_10b_h2_balanced_logreg_fold2_v1.joblib
2,resize_112,QWEN_0820_Seedream_40,1,0.9689155220985413,qwen::Seedream-4.0,,models/v2/clip_lora_fold2_best_v1.pt,models/v2/v2_10b_h2_balanced_logreg_fold2_v1.joblib
2,resize_112,QWEN_0820_GLM_Image,1,0.9211130738258362,qwen::GLM-Image,,models/v2/clip_lora_fold2_best_v1.pt,models/v2/v2_10b_h2_balanced_logreg_fold2_v1.joblib
2,resize_112,QWEN_0824_nano_banana_20,1,0.9046162962913513,qwen::nano-banana-2.0,,models/v2/clip_lora_fold2_best_v1.pt,models/v2/v2_10b_h2_balanced_logreg_fold2_v1.joblib
2,resize_112,QWEN_0824_nano_banana_pro,1,0.914463996887207,qwen::nano-banana-pro,,models/v2/clip_lora_fold2_best_v1.pt,models/v2/v2_10b_h2_balanced_logreg_fold2_v1.joblib
2,resize_112,QWEN_0824_Seedream_40,1,0.896299421787262,qwen::Seedream-4.0,,models/v2/clip_lora_fold2_best_v1.pt,models/v2/v2_10b_h2_balanced_logreg_fold2_v1.joblib
2,resize_112,QWEN_0824_GLM_Image,1,0.8996608853340149,qwen::GLM-Image,,models/v2/clip_lora_fold2_best_v1.pt,models/v2/v2_10b_h2_balanced_logreg_fold2_v1.joblib
2,resize_112,QWEN_0831_nano_banana_20,1,0.9225177764892578,qwen::nano-banana-2.0,,models/v2/clip_lora_fold2_best_v1.pt,models/v2/v2_10b_h2_balanced_logreg_fold2_v1.joblib
2,resize_112,QWEN_0831_nano_banana_pro,1,0.8682344555854797,qwen::nano-banana-pro,,models/v2/clip_lora_fold2_best_v1.pt,models/v2/v2_10b_h2_balanced_logreg_fold2_v1.joblib
2,resize_112,QWEN_0831_Seedream_40,1,0.8594677448272705,qwen::Seedream-4.0,,models/v2/clip_lora_fold2_best_v1.pt,models/v2/v2_10b_h2_balanced_logreg_fold2_v1.joblib
2,resize_112,QWEN_0831_GLM_Image,1,0.8511992692947388,qwen::GLM-Image,,models/v2/clip_lora_fold2_best_v1.pt,models/v2/v2_10b_h2_balanced_logreg_fold2_v1.joblib
2,resize_112,QWEN_0836_nano_banana_20,1,0.9489530324935913,qwen::nano-banana-2.0,,models/v2/clip_lora_fold2_best_v1.pt,models/v2/v2_10b_h2_balanced_logreg_fold2_v1.joblib
2,resize_112,QWEN_0836_nano_banana_pro,1,0.9714615941047668,qwen::nano-banana-pro,,models/v2/clip_lora_fold2_best_v1.pt,models/v2/v2_10b_h2_balanced_logreg_fold2_v1.joblib
2,resize_112,QWEN_0836_Seedream_40,1,0.9458310008049011,qwen::Seedream-4.0,,models/v2/clip_lora_fold2_best_v1.pt,models/v2/v2_10b_h2_balanced_logreg_fold2_v1.joblib
2,resize_112,QWEN_0836_GLM_Image,1,0.9472538232803345,qwen::GLM-Image,,models/v2/clip_lora_fold2_best_v1.pt,models/v2/v2_10b_h2_balanced_logreg_fold2_v1.joblib
2,resize_112,QWEN_0847_nano_banana_20,1,0.5771822929382324,qwen::nano-banana-2.0,,models/v2/clip_lora_fold2_best_v1.pt,models/v2/v2_10b_h2_balanced_logreg_fold2_v1.joblib
2,resize_112,QWEN_0847_nano_banana_pro,1,0.4083079397678375,qwen::nano-banana-pro,,models/v2/clip_lora_fold2_best_v1.pt,models/v2/v2_10b_h2_balanced_logreg_fold2_v1.joblib
2,resize_112,QWEN_0847_Seedream_40,1,0.6824748516082764,qwen::Seedream-4.0,,models/v2/clip_lora_fold2_best_v1.pt,models/v2/v2_10b_h2_balanced_logreg_fold2_v1.joblib
2,resize_112,QWEN_0847_GLM_Image,1,0.9362513422966003,qwen::GLM-Image,,models/v2/clip_lora_fold2_best_v1.pt,models/v2/v2_10b_h2_balanced_logreg_fold2_v1.joblib
2,resize_112,QWEN_0857_nano_banana_20,1,0.851848840713501,qwen::nano-banana-2.0,,models/v2/clip_lora_fold2_best_v1.pt,models/v2/v2_10b_h2_balanced_logreg_fold2_v1.joblib
2,resize_112,QWEN_0857_nano_banana_pro,1,0.926970362663269,qwen::nano-banana-pro,,models/v2/clip_lora_fold2_best_v1.pt,models/v2/v2_10b_h2_balanced_logreg_fold2_v1.joblib
2,resize_112,QWEN_0857_Seedream_40,1,0.8644030690193176,qwen::Seedream-4.0,,models/v2/clip_lora_fold2_best_v1.pt,models/v2/v2_10b_h2_balanced_logreg_fold2_v1.joblib
2,resize_112,QWEN_0857_GLM_Image,1,0.9394546151161194,qwen::GLM-Image,,models/v2/clip_lora_fold2_best_v1.pt,models/v2/v2_10b_h2_balanced_logreg_fold2_v1.joblib
2,resize_112,QWEN_0876_nano_banana_20,1,0.36241084337234497,qwen::nano-banana-2.0,,models/v2/clip_lora_fold2_best_v1.pt,models/v2/v2_10b_h2_balanced_logreg_fold2_v1.joblib
2,resize_112,QWEN_0876_nano_banana_pro,1,0.6158475279808044,qwen::nano-banana-pro,,models/v2/clip_lora_fold2_best_v1.pt,models/v2/v2_10b_h2_balanced_logreg_fold2_v1.joblib
2,resize_112,QWEN_0876_Seedream_40,1,0.8663233518600464,qwen::Seedream-4.0,,models/v2/clip_lora_fold2_best_v1.pt,models/v2/v2_10b_h2_balanced_logreg_fold2_v1.joblib
2,resize_112,QWEN_0876_GLM_Image,1,0.8499390482902527,qwen::GLM-Image,,models/v2/clip_lora_fold2_best_v1.pt,models/v2/v2_10b_h2_balanced_logreg_fold2_v1.joblib
2,resize_112,QWEN_0887_nano_banana_20,1,0.5936974883079529,qwen::nano-banana-2.0,,models/v2/clip_lora_fold2_best_v1.pt,models/v2/v2_10b_h2_balanced_logreg_fold2_v1.joblib
2,resize_112,QWEN_0887_nano_banana_pro,1,0.9291139245033264,qwen::nano-banana-pro,,models/v2/clip_lora_fold2_best_v1.pt,models/v2/v2_10b_h2_balanced_logreg_fold2_v1.joblib
2,resize_112,QWEN_0887_Seedream_40,1,0.9366312623023987,qwen::Seedream-4.0,,models/v2/clip_lora_fold2_best_v1.pt,models/v2/v2_10b_h2_balanced_logreg_fold2_v1.joblib
2,resize_112,QWEN_0887_GLM_Image,1,0.9148235321044922,qwen::GLM-Image,,models/v2/clip_lora_fold2_best_v1.pt,models/v2/v2_10b_h2_balanced_logreg_fold2_v1.joblib
2,resize_112,QWEN_0890_nano_banana_20,1,0.8628716468811035,qwen::nano-banana-2.0,,models/v2/clip_lora_fold2_best_v1.pt,models/v2/v2_10b_h2_balanced_logreg_fold2_v1.joblib
2,resize_112,QWEN_0890_nano_banana_pro,1,0.8806172013282776,qwen::nano-banana-pro,,models/v2/clip_lora_fold2_best_v1.pt,models/v2/v2_10b_h2_balanced_logreg_fold2_v1.joblib
2,resize_112,QWEN_0890_Seedream_40,1,0.9458364248275757,qwen::Seedream-4.0,,models/v2/clip_lora_fold2_best_v1.pt,models/v2/v2_10b_h2_balanced_logreg_fold2_v1.joblib
2,resize_112,QWEN_0890_GLM_Image,1,0.9219017624855042,qwen::GLM-Image,,models/v2/clip_lora_fold2_best_v1.pt,models/v2/v2_10b_h2_balanced_logreg_fold2_v1.joblib
2,resize_112,QWEN_0894_nano_banana_20,1,0.5918180346488953,qwen::nano-banana-2.0,,models/v2/clip_lora_fold2_best_v1.pt,models/v2/v2_10b_h2_balanced_logreg_fold2_v1.joblib
2,resize_112,QWEN_0894_nano_banana_pro,1,0.6212034225463867,qwen::nano-banana-pro,,models/v2/clip_lora_fold2_best_v1.pt,models/v2/v2_10b_h2_balanced_logreg_fold2_v1.joblib
2,resize_112,QWEN_0894_Seedream_40,1,0.6993876695632935,qwen::Seedream-4.0,,models/v2/clip_lora_fold2_best_v1.pt,models/v2/v2_10b_h2_balanced_logreg_fold2_v1.joblib
2,resize_112,QWEN_0894_GLM_Image,1,0.8427004218101501,qwen::GLM-Image,,models/v2/clip_lora_fold2_best_v1.pt,models/v2/v2_10b_h2_balanced_logreg_fold2_v1.joblib
2,resize_112,QWEN_0919_nano_banana_20,1,0.6162950992584229,qwen::nano-banana-2.0,,models/v2/clip_lora_fold2_best_v1.pt,models/v2/v2_10b_h2_balanced_logreg_fold2_v1.joblib
2,resize_112,QWEN_0919_nano_banana_pro,1,0.8092019557952881,qwen::nano-banana-pro,,models/v2/clip_lora_fold2_best_v1.pt,models/v2/v2_10b_h2_balanced_logreg_fold2_v1.joblib
2,resize_112,QWEN_0919_Seedream_40,1,0.8632887601852417,qwen::Seedream-4.0,,models/v2/clip_lora_fold2_best_v1.pt,models/v2/v2_10b_h2_balanced_logreg_fold2_v1.joblib
2,resize_112,QWEN_0919_GLM_Image,1,0.8819604516029358,qwen::GLM-Image,,models/v2/clip_lora_fold2_best_v1.pt,models/v2/v2_10b_h2_balanced_logreg_fold2_v1.joblib
2,resize_112,QWEN_0923_nano_banana_20,1,0.8740147948265076,qwen::nano-banana-2.0,,models/v2/clip_lora_fold2_best_v1.pt,models/v2/v2_10b_h2_balanced_logreg_fold2_v1.joblib
2,resize_112,QWEN_0923_nano_banana_pro,1,0.9765012860298157,qwen::nano-banana-pro,,models/v2/clip_lora_fold2_best_v1.pt,models/v2/v2_10b_h2_balanced_logreg_fold2_v1.joblib
2,resize_112,QWEN_0923_Seedream_40,1,0.8434054851531982,qwen::Seedream-4.0,,models/v2/clip_lora_fold2_best_v1.pt,models/v2/v2_10b_h2_balanced_logreg_fold2_v1.joblib
2,resize_112,QWEN_0923_GLM_Image,1,0.9566967487335205,qwen::GLM-Image,,models/v2/clip_lora_fold2_best_v1.pt,models/v2/v2_10b_h2_balanced_logreg_fold2_v1.joblib
2,resize_112,QWEN_0933_nano_banana_20,1,0.9105411767959595,qwen::nano-banana-2.0,,models/v2/clip_lora_fold2_best_v1.pt,models/v2/v2_10b_h2_balanced_logreg_fold2_v1.joblib
2,resize_112,QWEN_0933_nano_banana_pro,1,0.831506073474884,qwen::nano-banana-pro,,models/v2/clip_lora_fold2_best_v1.pt,models/v2/v2_10b_h2_balanced_logreg_fold2_v1.joblib
2,resize_112,QWEN_0933_Seedream_40,1,0.9663333296775818,qwen::Seedream-4.0,,models/v2/clip_lora_fold2_best_v1.pt,models/v2/v2_10b_h2_balanced_logreg_fold2_v1.joblib
2,resize_112,QWEN_0933_GLM_Image,1,0.9713466763496399,qwen::GLM-Image,,models/v2/clip_lora_fold2_best_v1.pt,models/v2/v2_10b_h2_balanced_logreg_fold2_v1.joblib
2,resize_112,QWEN_0951_nano_banana_20,1,0.8217461109161377,qwen::nano-banana-2.0,,models/v2/clip_lora_fold2_best_v1.pt,models/v2/v2_10b_h2_balanced_logreg_fold2_v1.joblib
2,resize_112,QWEN_0951_nano_banana_pro,1,0.880618691444397,qwen::nano-banana-pro,,models/v2/clip_lora_fold2_best_v1.pt,models/v2/v2_10b_h2_balanced_logreg_fold2_v1.joblib
2,resize_112,QWEN_0951_Seedream_40,1,0.8305941224098206,qwen::Seedream-4.0,,models/v2/clip_lora_fold2_best_v1.pt,models/v2/v2_10b_h2_balanced_logreg_fold2_v1.joblib
2,resize_112,QWEN_0951_GLM_Image,1,0.9241366982460022,qwen::GLM-Image,,models/v2/clip_lora_fold2_best_v1.pt,models/v2/v2_10b_h2_balanced_logreg_fold2_v1.joblib
2,resize_112,QWEN_0964_nano_banana_20,1,0.699005126953125,qwen::nano-banana-2.0,,models/v2/clip_lora_fold2_best_v1.pt,models/v2/v2_10b_h2_balanced_logreg_fold2_v1.joblib
2,resize_112,QWEN_0964_nano_banana_pro,1,0.5941254496574402,qwen::nano-banana-pro,,models/v2/clip_lora_fold2_best_v1.pt,models/v2/v2_10b_h2_balanced_logreg_fold2_v1.joblib
2,resize_112,QWEN_0964_Seedream_40,1,0.9370777010917664,qwen::Seedream-4.0,,models/v2/clip_lora_fold2_best_v1.pt,models/v2/v2_10b_h2_balanced_logreg_fold2_v1.joblib
2,resize_112,QWEN_0964_GLM_Image,1,0.9192931652069092,qwen::GLM-Image,,models/v2/clip_lora_fold2_best_v1.pt,models/v2/v2_10b_h2_balanced_logreg_fold2_v1.joblib
2,resize_112,QWEN_0965_nano_banana_20,1,0.9815488457679749,qwen::nano-banana-2.0,,models/v2/clip_lora_fold2_best_v1.pt,models/v2/v2_10b_h2_balanced_logreg_fold2_v1.joblib
2,resize_112,QWEN_0965_nano_banana_pro,1,0.7599292397499084,qwen::nano-banana-pro,,models/v2/clip_lora_fold2_best_v1.pt,models/v2/v2_10b_h2_balanced_logreg_fold2_v1.joblib
2,resize_112,QWEN_0965_Seedream_40,1,0.47131672501564026,qwen::Seedream-4.0,,models/v2/clip_lora_fold2_best_v1.pt,models/v2/v2_10b_h2_balanced_logreg_fold2_v1.joblib
2,resize_112,QWEN_0965_GLM_Image,1,0.6874715685844421,qwen::GLM-Image,,models/v2/clip_lora_fold2_best_v1.pt,models/v2/v2_10b_h2_balanced_logreg_fold2_v1.joblib
2,resize_112,QWEN_0980_nano_banana_20,1,0.08022648096084595,qwen::nano-banana-2.0,,models/v2/clip_lora_fold2_best_v1.pt,models/v2/v2_10b_h2_balanced_logreg_fold2_v1.joblib
2,resize_112,QWEN_0980_nano_banana_pro,1,0.4264427423477173,qwen::nano-banana-pro,,models/v2/clip_lora_fold2_best_v1.pt,models/v2/v2_10b_h2_balanced_logreg_fold2_v1.joblib
2,resize_112,QWEN_0980_Seedream_40,1,0.2698417901992798,qwen::Seedream-4.0,,models/v2/clip_lora_fold2_best_v1.pt,models/v2/v2_10b_h2_balanced_logreg_fold2_v1.joblib
2,resize_112,QWEN_0980_GLM_Image,1,0.6453138589859009,qwen::GLM-Image,,models/v2/clip_lora_fold2_best_v1.pt,models/v2/v2_10b_h2_balanced_logreg_fold2_v1.joblib
2,resize_112,SMARTPHONE_266094,0,0.20421460270881653,real::Smartphone,Smartphone,models/v2/clip_lora_fold2_best_v1.pt,models/v2/v2_10b_h2_balanced_logreg_fold2_v1.joblib
2,resize_112,SMARTPHONE_918488,0,0.20162779092788696,real::Smartphone,Smartphone,models/v2/clip_lora_fold2_best_v1.pt,models/v2/v2_10b_h2_balanced_logreg_fold2_v1.joblib
2,resize_112,SMARTPHONE_363988,0,0.37847164273262024,real::Smartphone,Smartphone,models/v2/clip_lora_fold2_best_v1.pt,models/v2/v2_10b_h2_balanced_logreg_fold2_v1.joblib
2,resize_112,SMARTPHONE_699009,0,0.18054915964603424,real::Smartphone,Smartphone,models/v2/clip_lora_fold2_best_v1.pt,models/v2/v2_10b_h2_balanced_logreg_fold2_v1.joblib
2,resize_112,SMARTPHONE_722548,0,0.3696417212486267,real::Smartphone,Smartphone,models/v2/clip_lora_fold2_best_v1.pt,models/v2/v2_10b_h2_balanced_logreg_fold2_v1.joblib
2,resize_112,SMARTPHONE_1014820,0,0.14395703375339508,real::Smartphone,Smartphone,models/v2/clip_lora_fold2_best_v1.pt,models/v2/v2_10b_h2_balanced_logreg_fold2_v1.joblib
2,resize_112,SMARTPHONE_869981,0,0.6903254985809326,real::Smartphone,Smartphone,models/v2/clip_lora_fold2_best_v1.pt,models/v2/v2_10b_h2_balanced_logreg_fold2_v1.joblib
2,resize_112,SMARTPHONE_549095,0,0.3280891478061676,real::Smartphone,Smartphone,models/v2/clip_lora_fold2_best_v1.pt,models/v2/v2_10b_h2_balanced_logreg_fold2_v1.joblib
2,resize_112,SMARTPHONE_836705,0,0.38776832818984985,real::Smartphone,Smartphone,models/v2/clip_lora_fold2_best_v1.pt,models/v2/v2_10b_h2_balanced_logreg_fold2_v1.joblib
2,resize_112,SMARTPHONE_289713,0,0.25571730732917786,real::Smartphone,Smartphone,models/v2/clip_lora_fold2_best_v1.pt,models/v2/v2_10b_h2_balanced_logreg_fold2_v1.joblib
2,resize_112,SMARTPHONE_260800,0,0.4022146761417389,real::Smartphone,Smartphone,models/v2/clip_lora_fold2_best_v1.pt,models/v2/v2_10b_h2_balanced_logreg_fold2_v1.joblib
2,resize_112,SMARTPHONE_422421,0,0.3656133711338043,real::Smartphone,Smartphone,models/v2/clip_lora_fold2_best_v1.pt,models/v2/v2_10b_h2_balanced_logreg_fold2_v1.joblib
2,resize_112,SMARTPHONE_351851,0,0.04780390113592148,real::Smartphone,Smartphone,models/v2/clip_lora_fold2_best_v1.pt,models/v2/v2_10b_h2_balanced_logreg_fold2_v1.joblib
2,resize_112,SMARTPHONE_192766,0,0.4296875,real::Smartphone,Smartphone,models/v2/clip_lora_fold2_best_v1.pt,models/v2/v2_10b_h2_balanced_logreg_fold2_v1.joblib
2,resize_112,SMARTPHONE_44895,0,0.03096572495996952,real::Smartphone,Smartphone,models/v2/clip_lora_fold2_best_v1.pt,models/v2/v2_10b_h2_balanced_logreg_fold2_v1.joblib
2,resize_112,SMARTPHONE_167869,0,0.26259845495224,real::Smartphone,Smartphone,models/v2/clip_lora_fold2_best_v1.pt,models/v2/v2_10b_h2_balanced_logreg_fold2_v1.joblib
2,resize_112,SMARTPHONE_272002,0,0.17493127286434174,real::Smartphone,Smartphone,models/v2/clip_lora_fold2_best_v1.pt,models/v2/v2_10b_h2_balanced_logreg_fold2_v1.joblib
2,resize_112,SMARTPHONE_271693,0,0.4064114987850189,real::Smartphone,Smartphone,models/v2/clip_lora_fold2_best_v1.pt,models/v2/v2_10b_h2_balanced_logreg_fold2_v1.joblib
2,resize_112,SMARTPHONE_246177,0,0.19307684898376465,real::Smartphone,Smartphone,models/v2/clip_lora_fold2_best_v1.pt,models/v2/v2_10b_h2_balanced_logreg_fold2_v1.joblib
2,resize_112,SMARTPHONE_266740,0,0.41550785303115845,real::Smartphone,Smartphone,models/v2/clip_lora_fold2_best_v1.pt,models/v2/v2_10b_h2_balanced_logreg_fold2_v1.joblib
2,resize_112,SMARTPHONE_668289,0,0.7503231167793274,real::Smartphone,Smartphone,models/v2/clip_lora_fold2_best_v1.pt,models/v2/v2_10b_h2_balanced_logreg_fold2_v1.joblib
2,resize_112,SMARTPHONE_332525,0,0.28017520904541016,real::Smartphone,Smartphone,models/v2/clip_lora_fold2_best_v1.pt,models/v2/v2_10b_h2_balanced_logreg_fold2_v1.joblib
2,resize_112,SMARTPHONE_426225,0,0.7099200487136841,real::Smartphone,Smartphone,models/v2/clip_lora_fold2_best_v1.pt,models/v2/v2_10b_h2_balanced_logreg_fold2_v1.joblib
2,resize_112,SMARTPHONE_378098,0,0.8541604280471802,real::Smartphone,Smartphone,models/v2/clip_lora_fold2_best_v1.pt,models/v2/v2_10b_h2_balanced_logreg_fold2_v1.joblib
2,resize_112,SMARTPHONE_517233,0,0.07091359794139862,real::Smartphone,Smartphone,models/v2/clip_lora_fold2_best_v1.pt,models/v2/v2_10b_h2_balanced_logreg_fold2_v1.joblib
2,resize_112,SMARTPHONE_174520,0,0.4931398630142212,real::Smartphone,Smartphone,models/v2/clip_lora_fold2_best_v1.pt,models/v2/v2_10b_h2_balanced_logreg_fold2_v1.joblib
2,resize_112,SMARTPHONE_359516,0,0.5449174642562866,real::Smartphone,Smartphone,models/v2/clip_lora_fold2_best_v1.pt,models/v2/v2_10b_h2_balanced_logreg_fold2_v1.joblib
2,resize_112,SMARTPHONE_326129,0,0.5080230236053467,real::Smartphone,Smartphone,models/v2/clip_lora_fold2_best_v1.pt,models/v2/v2_10b_h2_balanced_logreg_fold2_v1.joblib
2,resize_112,SMARTPHONE_334950,0,0.20761027932167053,real::Smartphone,Smartphone,models/v2/clip_lora_fold2_best_v1.pt,models/v2/v2_10b_h2_balanced_logreg_fold2_v1.joblib
2,resize_112,SMARTPHONE_769952,0,0.6622810363769531,real::Smartphone,Smartphone,models/v2/clip_lora_fold2_best_v1.pt,models/v2/v2_10b_h2_balanced_logreg_fold2_v1.joblib
2,resize_112,SMARTPHONE_192863,0,0.85805743932724,real::Smartphone,Smartphone,models/v2/clip_lora_fold2_best_v1.pt,models/v2/v2_10b_h2_balanced_logreg_fold2_v1.joblib
2,resize_112,SMARTPHONE_320452,0,0.28219830989837646,real::Smartphone,Smartphone,models/v2/clip_lora_fold2_best_v1.pt,models/v2/v2_10b_h2_balanced_logreg_fold2_v1.joblib
2,resize_112,SMARTPHONE_239140,0,0.14163433015346527,real::Smartphone,Smartphone,models/v2/clip_lora_fold2_best_v1.pt,models/v2/v2_10b_h2_balanced_logreg_fold2_v1.joblib
2,resize_112,SMARTPHONE_75765,0,0.5196199417114258,real::Smartphone,Smartphone,models/v2/clip_lora_fold2_best_v1.pt,models/v2/v2_10b_h2_balanced_logreg_fold2_v1.joblib
2,resize_112,SMARTPHONE_981307,0,0.413027822971344,real::Smartphone,Smartphone,models/v2/clip_lora_fold2_best_v1.pt,models/v2/v2_10b_h2_balanced_logreg_fold2_v1.joblib
2,resize_112,SMARTPHONE_870916,0,0.07930713146924973,real::Smartphone,Smartphone,models/v2/clip_lora_fold2_best_v1.pt,models/v2/v2_10b_h2_balanced_logreg_fold2_v1.joblib
2,resize_112,SMARTPHONE_942708,0,0.4173296391963959,real::Smartphone,Smartphone,models/v2/clip_lora_fold2_best_v1.pt,models/v2/v2_10b_h2_balanced_logreg_fold2_v1.joblib
2,resize_112,SMARTPHONE_318426,0,0.4458203911781311,real::Smartphone,Smartphone,models/v2/clip_lora_fold2_best_v1.pt,models/v2/v2_10b_h2_balanced_logreg_fold2_v1.joblib
2,resize_112,SMARTPHONE_742680,0,0.3840578496456146,real::Smartphone,Smartphone,models/v2/clip_lora_fold2_best_v1.pt,models/v2/v2_10b_h2_balanced_logreg_fold2_v1.joblib
2,resize_112,SMARTPHONE_27966,0,0.8226099014282227,real::Smartphone,Smartphone,models/v2/clip_lora_fold2_best_v1.pt,models/v2/v2_10b_h2_balanced_logreg_fold2_v1.joblib
2,resize_112,SMARTPHONE_323765,0,0.18618175387382507,real::Smartphone,Smartphone,models/v2/clip_lora_fold2_best_v1.pt,models/v2/v2_10b_h2_balanced_logreg_fold2_v1.joblib
2,resize_112,SMARTPHONE_820544,0,0.5204527974128723,real::Smartphone,Smartphone,models/v2/clip_lora_fold2_best_v1.pt,models/v2/v2_10b_h2_balanced_logreg_fold2_v1.joblib
2,resize_112,SMARTPHONE_859864,0,0.46756574511528015,real::Smartphone,Smartphone,models/v2/clip_lora_fold2_best_v1.pt,models/v2/v2_10b_h2_balanced_logreg_fold2_v1.joblib
2,resize_112,SMARTPHONE_270777,0,0.36981406807899475,real::Smartphone,Smartphone,models/v2/clip_lora_fold2_best_v1.pt,models/v2/v2_10b_h2_balanced_logreg_fold2_v1.joblib
2,resize_112,SMARTPHONE_625666,0,0.6771862506866455,real::Smartphone,Smartphone,models/v2/clip_lora_fold2_best_v1.pt,models/v2/v2_10b_h2_balanced_logreg_fold2_v1.joblib
2,resize_112,SMARTPHONE_579219,0,0.5547143816947937,real::Smartphone,Smartphone,models/v2/clip_lora_fold2_best_v1.pt,models/v2/v2_10b_h2_balanced_logreg_fold2_v1.joblib
2,resize_112,SMARTPHONE_490360,0,0.49919265508651733,real::Smartphone,Smartphone,models/v2/clip_lora_fold2_best_v1.pt,models/v2/v2_10b_h2_balanced_logreg_fold2_v1.joblib
2,resize_112,SMARTPHONE_119728,0,0.8760727643966675,real::Smartphone,Smartphone,models/v2/clip_lora_fold2_best_v1.pt,models/v2/v2_10b_h2_balanced_logreg_fold2_v1.joblib
2,resize_112,SMARTPHONE_475651,0,0.695736289024353,real::Smartphone,Smartphone,models/v2/clip_lora_fold2_best_v1.pt,models/v2/v2_10b_h2_balanced_logreg_fold2_v1.joblib
2,resize_112,SMARTPHONE_122407,0,0.7287603616714478,real::Smartphone,Smartphone,models/v2/clip_lora_fold2_best_v1.pt,models/v2/v2_10b_h2_balanced_logreg_fold2_v1.joblib
2,resize_112,SMARTPHONE_955778,0,0.28093111515045166,real::Smartphone,Smartphone,models/v2/clip_lora_fold2_best_v1.pt,models/v2/v2_10b_h2_balanced_logreg_fold2_v1.joblib
2,resize_112,SMARTPHONE_663145,0,0.3158058822154999,real::Smartphone,Smartphone,models/v2/clip_lora_fold2_best_v1.pt,models/v2/v2_10b_h2_balanced_logreg_fold2_v1.joblib
2,resize_112,SMARTPHONE_488390,0,0.24252451956272125,real::Smartphone,Smartphone,models/v2/clip_lora_fold2_best_v1.pt,models/v2/v2_10b_h2_balanced_logreg_fold2_v1.joblib
2,resize_112,SMARTPHONE_441390,0,0.23441973328590393,real::Smartphone,Smartphone,models/v2/clip_lora_fold2_best_v1.pt,models/v2/v2_10b_h2_balanced_logreg_fold2_v1.joblib
2,resize_112,SMARTPHONE_935640,0,0.4097914397716522,real::Smartphone,Smartphone,models/v2/clip_lora_fold2_best_v1.pt,models/v2/v2_10b_h2_balanced_logreg_fold2_v1.joblib
2,resize_112,SMARTPHONE_84216,0,0.30043280124664307,real::Smartphone,Smartphone,models/v2/clip_lora_fold2_best_v1.pt,models/v2/v2_10b_h2_balanced_logreg_fold2_v1.joblib
2,resize_112,SMARTPHONE_708116,0,0.08412149548530579,real::Smartphone,Smartphone,models/v2/clip_lora_fold2_best_v1.pt,models/v2/v2_10b_h2_balanced_logreg_fold2_v1.joblib
2,resize_112,SMARTPHONE_299168,0,0.2946358621120453,real::Smartphone,Smartphone,models/v2/clip_lora_fold2_best_v1.pt,models/v2/v2_10b_h2_balanced_logreg_fold2_v1.joblib
2,resize_112,SMARTPHONE_334534,0,0.05234777554869652,real::Smartphone,Smartphone,models/v2/clip_lora_fold2_best_v1.pt,models/v2/v2_10b_h2_balanced_logreg_fold2_v1.joblib
2,resize_112,SMARTPHONE_694587,0,0.6881073117256165,real::Smartphone,Smartphone,models/v2/clip_lora_fold2_best_v1.pt,models/v2/v2_10b_h2_balanced_logreg_fold2_v1.joblib
2,resize_112,SMARTPHONE_905447,0,0.6164331436157227,real::Smartphone,Smartphone,models/v2/clip_lora_fold2_best_v1.pt,models/v2/v2_10b_h2_balanced_logreg_fold2_v1.joblib
2,resize_112,SMARTPHONE_844676,0,0.07030830532312393,real::Smartphone,Smartphone,models/v2/clip_lora_fold2_best_v1.pt,models/v2/v2_10b_h2_balanced_logreg_fold2_v1.joblib
2,resize_112,SMARTPHONE_243727,0,0.657515287399292,real::Smartphone,Smartphone,models/v2/clip_lora_fold2_best_v1.pt,models/v2/v2_10b_h2_balanced_logreg_fold2_v1.joblib
2,resize_112,SMARTPHONE_989294,0,0.5187816023826599,real::Smartphone,Smartphone,models/v2/clip_lora_fold2_best_v1.pt,models/v2/v2_10b_h2_balanced_logreg_fold2_v1.joblib
2,resize_112,SMARTPHONE_848122,0,0.8730531334877014,real::Smartphone,Smartphone,models/v2/clip_lora_fold2_best_v1.pt,models/v2/v2_10b_h2_balanced_logreg_fold2_v1.joblib
2,resize_112,SMARTPHONE_149671,0,0.5189264416694641,real::Smartphone,Smartphone,models/v2/clip_lora_fold2_best_v1.pt,models/v2/v2_10b_h2_balanced_logreg_fold2_v1.joblib
2,resize_112,SMARTPHONE_868564,0,0.2454344779253006,real::Smartphone,Smartphone,models/v2/clip_lora_fold2_best_v1.pt,models/v2/v2_10b_h2_balanced_logreg_fold2_v1.joblib
2,resize_112,SMARTPHONE_66247,0,0.24548858404159546,real::Smartphone,Smartphone,models/v2/clip_lora_fold2_best_v1.pt,models/v2/v2_10b_h2_balanced_logreg_fold2_v1.joblib
2,resize_112,SMARTPHONE_983217,0,0.3170285224914551,real::Smartphone,Smartphone,models/v2/clip_lora_fold2_best_v1.pt,models/v2/v2_10b_h2_balanced_logreg_fold2_v1.joblib
2,resize_112,SMARTPHONE_98874,0,0.1386057734489441,real::Smartphone,Smartphone,models/v2/clip_lora_fold2_best_v1.pt,models/v2/v2_10b_h2_balanced_logreg_fold2_v1.joblib
2,resize_112,SMARTPHONE_583377,0,0.30374473333358765,real::Smartphone,Smartphone,models/v2/clip_lora_fold2_best_v1.pt,models/v2/v2_10b_h2_balanced_logreg_fold2_v1.joblib
2,resize_112,SMARTPHONE_507774,0,0.5101805925369263,real::Smartphone,Smartphone,models/v2/clip_lora_fold2_best_v1.pt,models/v2/v2_10b_h2_balanced_logreg_fold2_v1.joblib
2,resize_112,SMARTPHONE_691644,0,0.4046329855918884,real::Smartphone,Smartphone,models/v2/clip_lora_fold2_best_v1.pt,models/v2/v2_10b_h2_balanced_logreg_fold2_v1.joblib
2,resize_112,SMARTPHONE_577223,0,0.19703492522239685,real::Smartphone,Smartphone,models/v2/clip_lora_fold2_best_v1.pt,models/v2/v2_10b_h2_balanced_logreg_fold2_v1.joblib
2,resize_112,SMARTPHONE_570390,0,0.6495764255523682,real::Smartphone,Smartphone,models/v2/clip_lora_fold2_best_v1.pt,models/v2/v2_10b_h2_balanced_logreg_fold2_v1.joblib
2,resize_112,SMARTPHONE_428920,0,0.35739025473594666,real::Smartphone,Smartphone,models/v2/clip_lora_fold2_best_v1.pt,models/v2/v2_10b_h2_balanced_logreg_fold2_v1.joblib
2,resize_112,SMARTPHONE_238982,0,0.44605904817581177,real::Smartphone,Smartphone,models/v2/clip_lora_fold2_best_v1.pt,models/v2/v2_10b_h2_balanced_logreg_fold2_v1.joblib
2,resize_112,SMARTPHONE_696723,0,0.4643646478652954,real::Smartphone,Smartphone,models/v2/clip_lora_fold2_best_v1.pt,models/v2/v2_10b_h2_balanced_logreg_fold2_v1.joblib
2,resize_112,SMARTPHONE_806581,0,0.22695855796337128,real::Smartphone,Smartphone,models/v2/clip_lora_fold2_best_v1.pt,models/v2/v2_10b_h2_balanced_logreg_fold2_v1.joblib
2,resize_112,SMARTPHONE_299424,0,0.09896893054246902,real::Smartphone,Smartphone,models/v2/clip_lora_fold2_best_v1.pt,models/v2/v2_10b_h2_balanced_logreg_fold2_v1.joblib
2,resize_112,SMARTPHONE_476590,0,0.3769468367099762,real::Smartphone,Smartphone,models/v2/clip_lora_fold2_best_v1.pt,models/v2/v2_10b_h2_balanced_logreg_fold2_v1.joblib
2,resize_112,SMARTPHONE_510927,0,0.16566449403762817,real::Smartphone,Smartphone,models/v2/clip_lora_fold2_best_v1.pt,models/v2/v2_10b_h2_balanced_logreg_fold2_v1.joblib
2,resize_112,SMARTPHONE_883526,0,0.17538216710090637,real::Smartphone,Smartphone,models/v2/clip_lora_fold2_best_v1.pt,models/v2/v2_10b_h2_balanced_logreg_fold2_v1.joblib
2,resize_112,SMARTPHONE_215884,0,0.4782477021217346,real::Smartphone,Smartphone,models/v2/clip_lora_fold2_best_v1.pt,models/v2/v2_10b_h2_balanced_logreg_fold2_v1.joblib
2,resize_112,SMARTPHONE_933366,0,0.23800116777420044,real::Smartphone,Smartphone,models/v2/clip_lora_fold2_best_v1.pt,models/v2/v2_10b_h2_balanced_logreg_fold2_v1.joblib
2,resize_112,SMARTPHONE_963937,0,0.07935299724340439,real::Smartphone,Smartphone,models/v2/clip_lora_fold2_best_v1.pt,models/v2/v2_10b_h2_balanced_logreg_fold2_v1.joblib
2,resize_112,SMARTPHONE_950858,0,0.43438300490379333,real::Smartphone,Smartphone,models/v2/clip_lora_fold2_best_v1.pt,models/v2/v2_10b_h2_balanced_logreg_fold2_v1.joblib
2,resize_112,SMARTPHONE_404163,0,0.3875668942928314,real::Smartphone,Smartphone,models/v2/clip_lora_fold2_best_v1.pt,models/v2/v2_10b_h2_balanced_logreg_fold2_v1.joblib
2,resize_112,SMARTPHONE_948480,0,0.31094497442245483,real::Smartphone,Smartphone,models/v2/clip_lora_fold2_best_v1.pt,models/v2/v2_10b_h2_balanced_logreg_fold2_v1.joblib
2,resize_112,SMARTPHONE_102430,0,0.534320056438446,real::Smartphone,Smartphone,models/v2/clip_lora_fold2_best_v1.pt,models/v2/v2_10b_h2_balanced_logreg_fold2_v1.joblib
2,resize_112,SMARTPHONE_286376,0,0.20796357095241547,real::Smartphone,Smartphone,models/v2/clip_lora_fold2_best_v1.pt,models/v2/v2_10b_h2_balanced_logreg_fold2_v1.joblib
2,resize_112,SMARTPHONE_806603,0,0.11864285916090012,real::Smartphone,Smartphone,models/v2/clip_lora_fold2_best_v1.pt,models/v2/v2_10b_h2_balanced_logreg_fold2_v1.joblib
2,resize_112,SMARTPHONE_55372,0,0.49902307987213135,real::Smartphone,Smartphone,models/v2/clip_lora_fold2_best_v1.pt,models/v2/v2_10b_h2_balanced_logreg_fold2_v1.joblib
2,resize_112,SMARTPHONE_166817,0,0.24818745255470276,real::Smartphone,Smartphone,models/v2/clip_lora_fold2_best_v1.pt,models/v2/v2_10b_h2_balanced_logreg_fold2_v1.joblib
2,resize_112,SMARTPHONE_226584,0,0.11224602907896042,real::Smartphone,Smartphone,models/v2/clip_lora_fold2_best_v1.pt,models/v2/v2_10b_h2_balanced_logreg_fold2_v1.joblib
2,resize_112,SMARTPHONE_816382,0,0.26896628737449646,real::Smartphone,Smartphone,models/v2/clip_lora_fold2_best_v1.pt,models/v2/v2_10b_h2_balanced_logreg_fold2_v1.joblib
2,resize_112,SMARTPHONE_346922,0,0.06281068176031113,real::Smartphone,Smartphone,models/v2/clip_lora_fold2_best_v1.pt,models/v2/v2_10b_h2_balanced_logreg_fold2_v1.joblib
2,resize_112,SMARTPHONE_77346,0,0.37659862637519836,real::Smartphone,Smartphone,models/v2/clip_lora_fold2_best_v1.pt,models/v2/v2_10b_h2_balanced_logreg_fold2_v1.joblib
2,resize_112,SMARTPHONE_670061,0,0.3838425874710083,real::Smartphone,Smartphone,models/v2/clip_lora_fold2_best_v1.pt,models/v2/v2_10b_h2_balanced_logreg_fold2_v1.joblib
2,resize_112,SMARTPHONE_1015273,0,0.35538041591644287,real::Smartphone,Smartphone,models/v2/clip_lora_fold2_best_v1.pt,models/v2/v2_10b_h2_balanced_logreg_fold2_v1.joblib
2,resize_112,SMARTPHONE_24728,0,0.37612226605415344,real::Smartphone,Smartphone,models/v2/clip_lora_fold2_best_v1.pt,models/v2/v2_10b_h2_balanced_logreg_fold2_v1.joblib
2,resize_112,SMARTPHONE_39238,0,0.7256860733032227,real::Smartphone,Smartphone,models/v2/clip_lora_fold2_best_v1.pt,models/v2/v2_10b_h2_balanced_logreg_fold2_v1.joblib
2,resize_112,SMARTPHONE_342534,0,0.4656168520450592,real::Smartphone,Smartphone,models/v2/clip_lora_fold2_best_v1.pt,models/v2/v2_10b_h2_balanced_logreg_fold2_v1.joblib
2,resize_112,SMARTPHONE_104494,0,0.140189990401268,real::Smartphone,Smartphone,models/v2/clip_lora_fold2_best_v1.pt,models/v2/v2_10b_h2_balanced_logreg_fold2_v1.joblib
2,resize_112,SMARTPHONE_636591,0,0.7218730449676514,real::Smartphone,Smartphone,models/v2/clip_lora_fold2_best_v1.pt,models/v2/v2_10b_h2_balanced_logreg_fold2_v1.joblib
2,resize_112,SMARTPHONE_248008,0,0.11850046366453171,real::Smartphone,Smartphone,models/v2/clip_lora_fold2_best_v1.pt,models/v2/v2_10b_h2_balanced_logreg_fold2_v1.joblib
2,resize_112,SMARTPHONE_204711,0,0.17332834005355835,real::Smartphone,Smartphone,models/v2/clip_lora_fold2_best_v1.pt,models/v2/v2_10b_h2_balanced_logreg_fold2_v1.joblib
2,resize_112,SMARTPHONE_976959,0,0.1440124213695526,real::Smartphone,Smartphone,models/v2/clip_lora_fold2_best_v1.pt,models/v2/v2_10b_h2_balanced_logreg_fold2_v1.joblib
2,resize_112,SMARTPHONE_165101,0,0.32303497195243835,real::Smartphone,Smartphone,models/v2/clip_lora_fold2_best_v1.pt,models/v2/v2_10b_h2_balanced_logreg_fold2_v1.joblib
2,resize_112,SMARTPHONE_506356,0,0.19505761563777924,real::Smartphone,Smartphone,models/v2/clip_lora_fold2_best_v1.pt,models/v2/v2_10b_h2_balanced_logreg_fold2_v1.joblib
2,resize_112,SMARTPHONE_943065,0,0.35021960735321045,real::Smartphone,Smartphone,models/v2/clip_lora_fold2_best_v1.pt,models/v2/v2_10b_h2_balanced_logreg_fold2_v1.joblib
2,resize_112,SMARTPHONE_775115,0,0.5813859701156616,real::Smartphone,Smartphone,models/v2/clip_lora_fold2_best_v1.pt,models/v2/v2_10b_h2_balanced_logreg_fold2_v1.joblib
2,resize_112,SMARTPHONE_267126,0,0.2051292061805725,real::Smartphone,Smartphone,models/v2/clip_lora_fold2_best_v1.pt,models/v2/v2_10b_h2_balanced_logreg_fold2_v1.joblib
2,resize_112,SMARTPHONE_813990,0,0.09709975868463516,real::Smartphone,Smartphone,models/v2/clip_lora_fold2_best_v1.pt,models/v2/v2_10b_h2_balanced_logreg_fold2_v1.joblib
2,resize_112,SMARTPHONE_705719,0,0.1657036989927292,real::Smartphone,Smartphone,models/v2/clip_lora_fold2_best_v1.pt,models/v2/v2_10b_h2_balanced_logreg_fold2_v1.joblib
2,resize_112,SMARTPHONE_300398,0,0.46171173453330994,real::Smartphone,Smartphone,models/v2/clip_lora_fold2_best_v1.pt,models/v2/v2_10b_h2_balanced_logreg_fold2_v1.joblib
2,resize_112,SMARTPHONE_605242,0,0.31120043992996216,real::Smartphone,Smartphone,models/v2/clip_lora_fold2_best_v1.pt,models/v2/v2_10b_h2_balanced_logreg_fold2_v1.joblib
2,resize_112,SMARTPHONE_476852,0,0.06386423856019974,real::Smartphone,Smartphone,models/v2/clip_lora_fold2_best_v1.pt,models/v2/v2_10b_h2_balanced_logreg_fold2_v1.joblib
2,resize_112,SMARTPHONE_586003,0,0.33180519938468933,real::Smartphone,Smartphone,models/v2/clip_lora_fold2_best_v1.pt,models/v2/v2_10b_h2_balanced_logreg_fold2_v1.joblib
2,resize_112,SMARTPHONE_415955,0,0.3737522065639496,real::Smartphone,Smartphone,models/v2/clip_lora_fold2_best_v1.pt,models/v2/v2_10b_h2_balanced_logreg_fold2_v1.joblib
2,resize_112,SMARTPHONE_983469,0,0.1245618537068367,real::Smartphone,Smartphone,models/v2/clip_lora_fold2_best_v1.pt,models/v2/v2_10b_h2_balanced_logreg_fold2_v1.joblib
2,resize_112,SMARTPHONE_848429,0,0.18025390803813934,real::Smartphone,Smartphone,models/v2/clip_lora_fold2_best_v1.pt,models/v2/v2_10b_h2_balanced_logreg_fold2_v1.joblib
2,resize_112,SMARTPHONE_809215,0,0.23390792310237885,real::Smartphone,Smartphone,models/v2/clip_lora_fold2_best_v1.pt,models/v2/v2_10b_h2_balanced_logreg_fold2_v1.joblib
2,resize_112,SMARTPHONE_727593,0,0.3488556444644928,real::Smartphone,Smartphone,models/v2/clip_lora_fold2_best_v1.pt,models/v2/v2_10b_h2_balanced_logreg_fold2_v1.joblib
2,resize_112,SMARTPHONE_66762,0,0.15390482544898987,real::Smartphone,Smartphone,models/v2/clip_lora_fold2_best_v1.pt,models/v2/v2_10b_h2_balanced_logreg_fold2_v1.joblib
2,resize_112,SMARTPHONE_257072,0,0.40764084458351135,real::Smartphone,Smartphone,models/v2/clip_lora_fold2_best_v1.pt,models/v2/v2_10b_h2_balanced_logreg_fold2_v1.joblib
2,resize_112,SMARTPHONE_483456,0,0.4126547873020172,real::Smartphone,Smartphone,models/v2/clip_lora_fold2_best_v1.pt,models/v2/v2_10b_h2_balanced_logreg_fold2_v1.joblib
2,resize_112,SMARTPHONE_494712,0,0.20775531232357025,real::Smartphone,Smartphone,models/v2/clip_lora_fold2_best_v1.pt,models/v2/v2_10b_h2_balanced_logreg_fold2_v1.joblib
2,resize_112,SMARTPHONE_883000,0,0.05544859543442726,real::Smartphone,Smartphone,models/v2/clip_lora_fold2_best_v1.pt,models/v2/v2_10b_h2_balanced_logreg_fold2_v1.joblib
2,resize_112,SMARTPHONE_879126,0,0.44582653045654297,real::Smartphone,Smartphone,models/v2/clip_lora_fold2_best_v1.pt,models/v2/v2_10b_h2_balanced_logreg_fold2_v1.joblib
2,resize_112,SMARTPHONE_39837,0,0.7849092483520508,real::Smartphone,Smartphone,models/v2/clip_lora_fold2_best_v1.pt,models/v2/v2_10b_h2_balanced_logreg_fold2_v1.joblib
2,resize_112,SMARTPHONE_1033666,0,0.7250857353210449,real::Smartphone,Smartphone,models/v2/clip_lora_fold2_best_v1.pt,models/v2/v2_10b_h2_balanced_logreg_fold2_v1.joblib
2,resize_112,SMARTPHONE_1002811,0,0.5395824909210205,real::Smartphone,Smartphone,models/v2/clip_lora_fold2_best_v1.pt,models/v2/v2_10b_h2_balanced_logreg_fold2_v1.joblib
2,resize_112,SMARTPHONE_640187,0,0.666165828704834,real::Smartphone,Smartphone,models/v2/clip_lora_fold2_best_v1.pt,models/v2/v2_10b_h2_balanced_logreg_fold2_v1.joblib
2,resize_112,SMARTPHONE_624066,0,0.4624139964580536,real::Smartphone,Smartphone,models/v2/clip_lora_fold2_best_v1.pt,models/v2/v2_10b_h2_balanced_logreg_fold2_v1.joblib
2,resize_112,SMARTPHONE_809493,0,0.7104179859161377,real::Smartphone,Smartphone,models/v2/clip_lora_fold2_best_v1.pt,models/v2/v2_10b_h2_balanced_logreg_fold2_v1.joblib
2,resize_112,SMARTPHONE_686409,0,0.2747572362422943,real::Smartphone,Smartphone,models/v2/clip_lora_fold2_best_v1.pt,models/v2/v2_10b_h2_balanced_logreg_fold2_v1.joblib
2,resize_112,SMARTPHONE_543198,0,0.8695830702781677,real::Smartphone,Smartphone,models/v2/clip_lora_fold2_best_v1.pt,models/v2/v2_10b_h2_balanced_logreg_fold2_v1.joblib
2,resize_112,SMARTPHONE_661693,0,0.6522383093833923,real::Smartphone,Smartphone,models/v2/clip_lora_fold2_best_v1.pt,models/v2/v2_10b_h2_balanced_logreg_fold2_v1.joblib
2,resize_112,SMARTPHONE_230225,0,0.3503322899341583,real::Smartphone,Smartphone,models/v2/clip_lora_fold2_best_v1.pt,models/v2/v2_10b_h2_balanced_logreg_fold2_v1.joblib
2,resize_112,SMARTPHONE_1010126,0,0.42431631684303284,real::Smartphone,Smartphone,models/v2/clip_lora_fold2_best_v1.pt,models/v2/v2_10b_h2_balanced_logreg_fold2_v1.joblib
2,resize_112,SMARTPHONE_909011,0,0.12863431870937347,real::Smartphone,Smartphone,models/v2/clip_lora_fold2_best_v1.pt,models/v2/v2_10b_h2_balanced_logreg_fold2_v1.joblib
2,resize_112,SMARTPHONE_527623,0,0.10353055596351624,real::Smartphone,Smartphone,models/v2/clip_lora_fold2_best_v1.pt,models/v2/v2_10b_h2_balanced_logreg_fold2_v1.joblib
2,resize_112,SMARTPHONE_826493,0,0.3474539518356323,real::Smartphone,Smartphone,models/v2/clip_lora_fold2_best_v1.pt,models/v2/v2_10b_h2_balanced_logreg_fold2_v1.joblib
2,resize_112,SMARTPHONE_499885,0,0.8819859623908997,real::Smartphone,Smartphone,models/v2/clip_lora_fold2_best_v1.pt,models/v2/v2_10b_h2_balanced_logreg_fold2_v1.joblib
2,resize_112,SMARTPHONE_539735,0,0.35955435037612915,real::Smartphone,Smartphone,models/v2/clip_lora_fold2_best_v1.pt,models/v2/v2_10b_h2_balanced_logreg_fold2_v1.joblib
2,resize_112,SMARTPHONE_330547,0,0.48515424132347107,real::Smartphone,Smartphone,models/v2/clip_lora_fold2_best_v1.pt,models/v2/v2_10b_h2_balanced_logreg_fold2_v1.joblib
2,resize_112,SMARTPHONE_663961,0,0.8199920654296875,real::Smartphone,Smartphone,models/v2/clip_lora_fold2_best_v1.pt,models/v2/v2_10b_h2_balanced_logreg_fold2_v1.joblib
2,resize_112,SMARTPHONE_477639,0,0.7490412592887878,real::Smartphone,Smartphone,models/v2/clip_lora_fold2_best_v1.pt,models/v2/v2_10b_h2_balanced_logreg_fold2_v1.joblib
2,resize_112,SMARTPHONE_1001088,0,0.12798406183719635,real::Smartphone,Smartphone,models/v2/clip_lora_fold2_best_v1.pt,models/v2/v2_10b_h2_balanced_logreg_fold2_v1.joblib
2,resize_112,SMARTPHONE_8274,0,0.12867091596126556,real::Smartphone,Smartphone,models/v2/clip_lora_fold2_best_v1.pt,models/v2/v2_10b_h2_balanced_logreg_fold2_v1.joblib
2,resize_112,SMARTPHONE_808022,0,0.22322586178779602,real::Smartphone,Smartphone,models/v2/clip_lora_fold2_best_v1.pt,models/v2/v2_10b_h2_balanced_logreg_fold2_v1.joblib
2,resize_112,SMARTPHONE_475434,0,0.9482336640357971,real::Smartphone,Smartphone,models/v2/clip_lora_fold2_best_v1.pt,models/v2/v2_10b_h2_balanced_logreg_fold2_v1.joblib
2,resize_112,SMARTPHONE_455547,0,0.7555845975875854,real::Smartphone,Smartphone,models/v2/clip_lora_fold2_best_v1.pt,models/v2/v2_10b_h2_balanced_logreg_fold2_v1.joblib
2,resize_112,SMARTPHONE_365232,0,0.4517055153846741,real::Smartphone,Smartphone,models/v2/clip_lora_fold2_best_v1.pt,models/v2/v2_10b_h2_balanced_logreg_fold2_v1.joblib
2,resize_112,SMARTPHONE_914541,0,0.5442503690719604,real::Smartphone,Smartphone,models/v2/clip_lora_fold2_best_v1.pt,models/v2/v2_10b_h2_balanced_logreg_fold2_v1.joblib
2,resize_112,SMARTPHONE_67029,0,0.6171999573707581,real::Smartphone,Smartphone,models/v2/clip_lora_fold2_best_v1.pt,models/v2/v2_10b_h2_balanced_logreg_fold2_v1.joblib
2,resize_112,SMARTPHONE_258304,0,0.6346177458763123,real::Smartphone,Smartphone,models/v2/clip_lora_fold2_best_v1.pt,models/v2/v2_10b_h2_balanced_logreg_fold2_v1.joblib
2,resize_112,SMARTPHONE_146005,0,0.8482379913330078,real::Smartphone,Smartphone,models/v2/clip_lora_fold2_best_v1.pt,models/v2/v2_10b_h2_balanced_logreg_fold2_v1.joblib
2,resize_112,SMARTPHONE_643964,0,0.5781192183494568,real::Smartphone,Smartphone,models/v2/clip_lora_fold2_best_v1.pt,models/v2/v2_10b_h2_balanced_logreg_fold2_v1.joblib
2,resize_112,SMARTPHONE_192824,0,0.3715997636318207,real::Smartphone,Smartphone,models/v2/clip_lora_fold2_best_v1.pt,models/v2/v2_10b_h2_balanced_logreg_fold2_v1.joblib
2,resize_112,SMARTPHONE_264810,0,0.24370548129081726,real::Smartphone,Smartphone,models/v2/clip_lora_fold2_best_v1.pt,models/v2/v2_10b_h2_balanced_logreg_fold2_v1.joblib
2,resize_112,SMARTPHONE_735592,0,0.1738004982471466,real::Smartphone,Smartphone,models/v2/clip_lora_fold2_best_v1.pt,models/v2/v2_10b_h2_balanced_logreg_fold2_v1.joblib
2,resize_112,SMARTPHONE_473443,0,0.3977646231651306,real::Smartphone,Smartphone,models/v2/clip_lora_fold2_best_v1.pt,models/v2/v2_10b_h2_balanced_logreg_fold2_v1.joblib
2,resize_112,SMARTPHONE_902600,0,0.05842490866780281,real::Smartphone,Smartphone,models/v2/clip_lora_fold2_best_v1.pt,models/v2/v2_10b_h2_balanced_logreg_fold2_v1.joblib
2,resize_112,SMARTPHONE_166294,0,0.45104387402534485,real::Smartphone,Smartphone,models/v2/clip_lora_fold2_best_v1.pt,models/v2/v2_10b_h2_balanced_logreg_fold2_v1.joblib
2,resize_112,SMARTPHONE_870855,0,0.23595601320266724,real::Smartphone,Smartphone,models/v2/clip_lora_fold2_best_v1.pt,models/v2/v2_10b_h2_balanced_logreg_fold2_v1.joblib
2,resize_112,SMARTPHONE_994349,0,0.6289510726928711,real::Smartphone,Smartphone,models/v2/clip_lora_fold2_best_v1.pt,models/v2/v2_10b_h2_balanced_logreg_fold2_v1.joblib
2,resize_112,SMARTPHONE_413030,0,0.25893348455429077,real::Smartphone,Smartphone,models/v2/clip_lora_fold2_best_v1.pt,models/v2/v2_10b_h2_balanced_logreg_fold2_v1.joblib
2,resize_112,SMARTPHONE_554363,0,0.43134695291519165,real::Smartphone,Smartphone,models/v2/clip_lora_fold2_best_v1.pt,models/v2/v2_10b_h2_balanced_logreg_fold2_v1.joblib
2,resize_112,SMARTPHONE_67228,0,0.9631524682044983,real::Smartphone,Smartphone,models/v2/clip_lora_fold2_best_v1.pt,models/v2/v2_10b_h2_balanced_logreg_fold2_v1.joblib
2,resize_112,SMARTPHONE_800579,0,0.8361272215843201,real::Smartphone,Smartphone,models/v2/clip_lora_fold2_best_v1.pt,models/v2/v2_10b_h2_balanced_logreg_fold2_v1.joblib
2,resize_112,SMARTPHONE_569429,0,0.4331853687763214,real::Smartphone,Smartphone,models/v2/clip_lora_fold2_best_v1.pt,models/v2/v2_10b_h2_balanced_logreg_fold2_v1.joblib
2,resize_112,SMARTPHONE_85583,0,0.7145140767097473,real::Smartphone,Smartphone,models/v2/clip_lora_fold2_best_v1.pt,models/v2/v2_10b_h2_balanced_logreg_fold2_v1.joblib
2,resize_112,SMARTPHONE_234705,0,0.6000520586967468,real::Smartphone,Smartphone,models/v2/clip_lora_fold2_best_v1.pt,models/v2/v2_10b_h2_balanced_logreg_fold2_v1.joblib
2,resize_112,SMARTPHONE_591050,0,0.2637493312358856,real::Smartphone,Smartphone,models/v2/clip_lora_fold2_best_v1.pt,models/v2/v2_10b_h2_balanced_logreg_fold2_v1.joblib
2,resize_112,SMARTPHONE_507755,0,0.6426860094070435,real::Smartphone,Smartphone,models/v2/clip_lora_fold2_best_v1.pt,models/v2/v2_10b_h2_balanced_logreg_fold2_v1.joblib
2,resize_112,SMARTPHONE_598833,0,0.4462917149066925,real::Smartphone,Smartphone,models/v2/clip_lora_fold2_best_v1.pt,models/v2/v2_10b_h2_balanced_logreg_fold2_v1.joblib
2,resize_112,SMARTPHONE_280965,0,0.6931143403053284,real::Smartphone,Smartphone,models/v2/clip_lora_fold2_best_v1.pt,models/v2/v2_10b_h2_balanced_logreg_fold2_v1.joblib
2,resize_112,SMARTPHONE_77738,0,0.9334084391593933,real::Smartphone,Smartphone,models/v2/clip_lora_fold2_best_v1.pt,models/v2/v2_10b_h2_balanced_logreg_fold2_v1.joblib
2,resize_112,SMARTPHONE_812529,0,0.8774786591529846,real::Smartphone,Smartphone,models/v2/clip_lora_fold2_best_v1.pt,models/v2/v2_10b_h2_balanced_logreg_fold2_v1.joblib
2,resize_112,SMARTPHONE_78372,0,0.6478300094604492,real::Smartphone,Smartphone,models/v2/clip_lora_fold2_best_v1.pt,models/v2/v2_10b_h2_balanced_logreg_fold2_v1.joblib
2,resize_112,SMARTPHONE_596146,0,0.598351001739502,real::Smartphone,Smartphone,models/v2/clip_lora_fold2_best_v1.pt,models/v2/v2_10b_h2_balanced_logreg_fold2_v1.joblib
2,resize_112,SMARTPHONE_887107,0,0.7562329769134521,real::Smartphone,Smartphone,models/v2/clip_lora_fold2_best_v1.pt,models/v2/v2_10b_h2_balanced_logreg_fold2_v1.joblib
2,resize_112,SMARTPHONE_368939,0,0.3013007640838623,real::Smartphone,Smartphone,models/v2/clip_lora_fold2_best_v1.pt,models/v2/v2_10b_h2_balanced_logreg_fold2_v1.joblib
2,resize_112,SMARTPHONE_342674,0,0.7787764072418213,real::Smartphone,Smartphone,models/v2/clip_lora_fold2_best_v1.pt,models/v2/v2_10b_h2_balanced_logreg_fold2_v1.joblib
2,resize_112,SMARTPHONE_344016,0,0.4738238751888275,real::Smartphone,Smartphone,models/v2/clip_lora_fold2_best_v1.pt,models/v2/v2_10b_h2_balanced_logreg_fold2_v1.joblib
2,resize_112,SMARTPHONE_43238,0,0.14515039324760437,real::Smartphone,Smartphone,models/v2/clip_lora_fold2_best_v1.pt,models/v2/v2_10b_h2_balanced_logreg_fold2_v1.joblib
2,resize_112,SMARTPHONE_184074,0,0.6427921056747437,real::Smartphone,Smartphone,models/v2/clip_lora_fold2_best_v1.pt,models/v2/v2_10b_h2_balanced_logreg_fold2_v1.joblib
2,resize_112,SMARTPHONE_676931,0,0.5094789266586304,real::Smartphone,Smartphone,models/v2/clip_lora_fold2_best_v1.pt,models/v2/v2_10b_h2_balanced_logreg_fold2_v1.joblib
2,resize_112,SMARTPHONE_105321,0,0.46238821744918823,real::Smartphone,Smartphone,models/v2/clip_lora_fold2_best_v1.pt,models/v2/v2_10b_h2_balanced_logreg_fold2_v1.joblib
2,resize_112,SMARTPHONE_935417,0,0.34815332293510437,real::Smartphone,Smartphone,models/v2/clip_lora_fold2_best_v1.pt,models/v2/v2_10b_h2_balanced_logreg_fold2_v1.joblib
2,resize_112,SMARTPHONE_460128,0,0.8572806119918823,real::Smartphone,Smartphone,models/v2/clip_lora_fold2_best_v1.pt,models/v2/v2_10b_h2_balanced_logreg_fold2_v1.joblib
2,resize_112,SMARTPHONE_835331,0,0.7533996105194092,real::Smartphone,Smartphone,models/v2/clip_lora_fold2_best_v1.pt,models/v2/v2_10b_h2_balanced_logreg_fold2_v1.joblib
2,resize_112,SMARTPHONE_177160,0,0.49597397446632385,real::Smartphone,Smartphone,models/v2/clip_lora_fold2_best_v1.pt,models/v2/v2_10b_h2_balanced_logreg_fold2_v1.joblib
2,resize_112,SMARTPHONE_1021275,0,0.35416778922080994,real::Smartphone,Smartphone,models/v2/clip_lora_fold2_best_v1.pt,models/v2/v2_10b_h2_balanced_logreg_fold2_v1.joblib
2,resize_112,SMARTPHONE_204780,0,0.2746141850948334,real::Smartphone,Smartphone,models/v2/clip_lora_fold2_best_v1.pt,models/v2/v2_10b_h2_balanced_logreg_fold2_v1.joblib
2,resize_112,SMARTPHONE_773459,0,0.08139363676309586,real::Smartphone,Smartphone,models/v2/clip_lora_fold2_best_v1.pt,models/v2/v2_10b_h2_balanced_logreg_fold2_v1.joblib
2,resize_112,SMARTPHONE_540448,0,0.46267980337142944,real::Smartphone,Smartphone,models/v2/clip_lora_fold2_best_v1.pt,models/v2/v2_10b_h2_balanced_logreg_fold2_v1.joblib
2,resize_112,SMARTPHONE_240023,0,0.40654104948043823,real::Smartphone,Smartphone,models/v2/clip_lora_fold2_best_v1.pt,models/v2/v2_10b_h2_balanced_logreg_fold2_v1.joblib
2,resize_112,SMARTPHONE_174486,0,0.6864853501319885,real::Smartphone,Smartphone,models/v2/clip_lora_fold2_best_v1.pt,models/v2/v2_10b_h2_balanced_logreg_fold2_v1.joblib
2,resize_112,SMARTPHONE_70177,0,0.1310591697692871,real::Smartphone,Smartphone,models/v2/clip_lora_fold2_best_v1.pt,models/v2/v2_10b_h2_balanced_logreg_fold2_v1.joblib
2,resize_112,SMARTPHONE_693345,0,0.5518573522567749,real::Smartphone,Smartphone,models/v2/clip_lora_fold2_best_v1.pt,models/v2/v2_10b_h2_balanced_logreg_fold2_v1.joblib
2,resize_112,SMARTPHONE_640129,0,0.5642099976539612,real::Smartphone,Smartphone,models/v2/clip_lora_fold2_best_v1.pt,models/v2/v2_10b_h2_balanced_logreg_fold2_v1.joblib
2,resize_112,SMARTPHONE_553160,0,0.05421598628163338,real::Smartphone,Smartphone,models/v2/clip_lora_fold2_best_v1.pt,models/v2/v2_10b_h2_balanced_logreg_fold2_v1.joblib
2,resize_112,SMARTPHONE_886082,0,0.6809141039848328,real::Smartphone,Smartphone,models/v2/clip_lora_fold2_best_v1.pt,models/v2/v2_10b_h2_balanced_logreg_fold2_v1.joblib
2,resize_112,SMARTPHONE_490872,0,0.5874433517456055,real::Smartphone,Smartphone,models/v2/clip_lora_fold2_best_v1.pt,models/v2/v2_10b_h2_balanced_logreg_fold2_v1.joblib
2,resize_112,SMARTPHONE_47624,0,0.5047538876533508,real::Smartphone,Smartphone,models/v2/clip_lora_fold2_best_v1.pt,models/v2/v2_10b_h2_balanced_logreg_fold2_v1.joblib
2,resize_112,SMARTPHONE_184572,0,0.2553151547908783,real::Smartphone,Smartphone,models/v2/clip_lora_fold2_best_v1.pt,models/v2/v2_10b_h2_balanced_logreg_fold2_v1.joblib
2,resize_112,SMARTPHONE_444490,0,0.9215412139892578,real::Smartphone,Smartphone,models/v2/clip_lora_fold2_best_v1.pt,models/v2/v2_10b_h2_balanced_logreg_fold2_v1.joblib
2,resize_112,SMARTPHONE_611049,0,0.304121196269989,real::Smartphone,Smartphone,models/v2/clip_lora_fold2_best_v1.pt,models/v2/v2_10b_h2_balanced_logreg_fold2_v1.joblib
2,resize_112,SMARTPHONE_605763,0,0.5542851686477661,real::Smartphone,Smartphone,models/v2/clip_lora_fold2_best_v1.pt,models/v2/v2_10b_h2_balanced_logreg_fold2_v1.joblib
2,resize_112,SMARTPHONE_806085,0,0.5174859762191772,real::Smartphone,Smartphone,models/v2/clip_lora_fold2_best_v1.pt,models/v2/v2_10b_h2_balanced_logreg_fold2_v1.joblib
2,resize_112,SMARTPHONE_768411,0,0.5719568729400635,real::Smartphone,Smartphone,models/v2/clip_lora_fold2_best_v1.pt,models/v2/v2_10b_h2_balanced_logreg_fold2_v1.joblib
2,resize_112,SMARTPHONE_503393,0,0.42957934737205505,real::Smartphone,Smartphone,models/v2/clip_lora_fold2_best_v1.pt,models/v2/v2_10b_h2_balanced_logreg_fold2_v1.joblib
2,resize_112,SMARTPHONE_353968,0,0.5605147480964661,real::Smartphone,Smartphone,models/v2/clip_lora_fold2_best_v1.pt,models/v2/v2_10b_h2_balanced_logreg_fold2_v1.joblib
2,resize_112,SMARTPHONE_489482,0,0.5468859672546387,real::Smartphone,Smartphone,models/v2/clip_lora_fold2_best_v1.pt,models/v2/v2_10b_h2_balanced_logreg_fold2_v1.joblib
2,resize_112,SMARTPHONE_279081,0,0.8857739567756653,real::Smartphone,Smartphone,models/v2/clip_lora_fold2_best_v1.pt,models/v2/v2_10b_h2_balanced_logreg_fold2_v1.joblib
2,resize_112,SMARTPHONE_682499,0,0.40757185220718384,real::Smartphone,Smartphone,models/v2/clip_lora_fold2_best_v1.pt,models/v2/v2_10b_h2_balanced_logreg_fold2_v1.joblib
2,resize_112,SMARTPHONE_557416,0,0.6800267696380615,real::Smartphone,Smartphone,models/v2/clip_lora_fold2_best_v1.pt,models/v2/v2_10b_h2_balanced_logreg_fold2_v1.joblib
2,resize_112,SMARTPHONE_455613,0,0.32416149973869324,real::Smartphone,Smartphone,models/v2/clip_lora_fold2_best_v1.pt,models/v2/v2_10b_h2_balanced_logreg_fold2_v1.joblib
2,resize_112,SMARTPHONE_237870,0,0.8420522809028625,real::Smartphone,Smartphone,models/v2/clip_lora_fold2_best_v1.pt,models/v2/v2_10b_h2_balanced_logreg_fold2_v1.joblib
2,resize_112,SMARTPHONE_360566,0,0.8538369536399841,real::Smartphone,Smartphone,models/v2/clip_lora_fold2_best_v1.pt,models/v2/v2_10b_h2_balanced_logreg_fold2_v1.joblib
2,resize_112,SMARTPHONE_51501,0,0.3069796562194824,real::Smartphone,Smartphone,models/v2/clip_lora_fold2_best_v1.pt,models/v2/v2_10b_h2_balanced_logreg_fold2_v1.joblib
2,resize_112,SMARTPHONE_1005229,0,0.9605723023414612,real::Smartphone,Smartphone,models/v2/clip_lora_fold2_best_v1.pt,models/v2/v2_10b_h2_balanced_logreg_fold2_v1.joblib
2,resize_112,SMARTPHONE_54688,0,0.9398031830787659,real::Smartphone,Smartphone,models/v2/clip_lora_fold2_best_v1.pt,models/v2/v2_10b_h2_balanced_logreg_fold2_v1.joblib
2,resize_112,SMARTPHONE_514549,0,0.4712720215320587,real::Smartphone,Smartphone,models/v2/clip_lora_fold2_best_v1.pt,models/v2/v2_10b_h2_balanced_logreg_fold2_v1.joblib
2,resize_112,SMARTPHONE_668457,0,0.7845625877380371,real::Smartphone,Smartphone,models/v2/clip_lora_fold2_best_v1.pt,models/v2/v2_10b_h2_balanced_logreg_fold2_v1.joblib
2,resize_112,SMARTPHONE_903525,0,0.3701927959918976,real::Smartphone,Smartphone,models/v2/clip_lora_fold2_best_v1.pt,models/v2/v2_10b_h2_balanced_logreg_fold2_v1.joblib
2,resize_112,SMARTPHONE_954717,0,0.0718860924243927,real::Smartphone,Smartphone,models/v2/clip_lora_fold2_best_v1.pt,models/v2/v2_10b_h2_balanced_logreg_fold2_v1.joblib
2,resize_112,SMARTPHONE_868108,0,0.8837051391601562,real::Smartphone,Smartphone,models/v2/clip_lora_fold2_best_v1.pt,models/v2/v2_10b_h2_balanced_logreg_fold2_v1.joblib
2,resize_112,SMARTPHONE_676465,0,0.06212334707379341,real::Smartphone,Smartphone,models/v2/clip_lora_fold2_best_v1.pt,models/v2/v2_10b_h2_balanced_logreg_fold2_v1.joblib
2,resize_112,SMARTPHONE_287625,0,0.8378235101699829,real::Smartphone,Smartphone,models/v2/clip_lora_fold2_best_v1.pt,models/v2/v2_10b_h2_balanced_logreg_fold2_v1.joblib
2,resize_112,SMARTPHONE_84030,0,0.5467240810394287,real::Smartphone,Smartphone,models/v2/clip_lora_fold2_best_v1.pt,models/v2/v2_10b_h2_balanced_logreg_fold2_v1.joblib
2,resize_112,SMARTPHONE_710207,0,0.49944356083869934,real::Smartphone,Smartphone,models/v2/clip_lora_fold2_best_v1.pt,models/v2/v2_10b_h2_balanced_logreg_fold2_v1.joblib
2,resize_112,SMARTPHONE_331071,0,0.8834289908409119,real::Smartphone,Smartphone,models/v2/clip_lora_fold2_best_v1.pt,models/v2/v2_10b_h2_balanced_logreg_fold2_v1.joblib
2,resize_112,SMARTPHONE_573837,0,0.7819612622261047,real::Smartphone,Smartphone,models/v2/clip_lora_fold2_best_v1.pt,models/v2/v2_10b_h2_balanced_logreg_fold2_v1.joblib
2,resize_112,SMARTPHONE_1017010,0,0.6823030710220337,real::Smartphone,Smartphone,models/v2/clip_lora_fold2_best_v1.pt,models/v2/v2_10b_h2_balanced_logreg_fold2_v1.joblib
2,resize_112,SMARTPHONE_722709,0,0.25164994597435,real::Smartphone,Smartphone,models/v2/clip_lora_fold2_best_v1.pt,models/v2/v2_10b_h2_balanced_logreg_fold2_v1.joblib
2,resize_112,SMARTPHONE_1026164,0,0.681567907333374,real::Smartphone,Smartphone,models/v2/clip_lora_fold2_best_v1.pt,models/v2/v2_10b_h2_balanced_logreg_fold2_v1.joblib
2,resize_112,SMARTPHONE_851453,0,0.6051881313323975,real::Smartphone,Smartphone,models/v2/clip_lora_fold2_best_v1.pt,models/v2/v2_10b_h2_balanced_logreg_fold2_v1.joblib
2,resize_112,SMARTPHONE_210846,0,0.5145882964134216,real::Smartphone,Smartphone,models/v2/clip_lora_fold2_best_v1.pt,models/v2/v2_10b_h2_balanced_logreg_fold2_v1.joblib
2,resize_112,SMARTPHONE_335183,0,0.034151822328567505,real::Smartphone,Smartphone,models/v2/clip_lora_fold2_best_v1.pt,models/v2/v2_10b_h2_balanced_logreg_fold2_v1.joblib
2,resize_112,SMARTPHONE_157015,0,0.2697829604148865,real::Smartphone,Smartphone,models/v2/clip_lora_fold2_best_v1.pt,models/v2/v2_10b_h2_balanced_logreg_fold2_v1.joblib
2,resize_112,SMARTPHONE_230063,0,0.9096965193748474,real::Smartphone,Smartphone,models/v2/clip_lora_fold2_best_v1.pt,models/v2/v2_10b_h2_balanced_logreg_fold2_v1.joblib
2,resize_112,SMARTPHONE_611487,0,0.6164864897727966,real::Smartphone,Smartphone,models/v2/clip_lora_fold2_best_v1.pt,models/v2/v2_10b_h2_balanced_logreg_fold2_v1.joblib
2,resize_112,SMARTPHONE_1002186,0,0.4116284251213074,real::Smartphone,Smartphone,models/v2/clip_lora_fold2_best_v1.pt,models/v2/v2_10b_h2_balanced_logreg_fold2_v1.joblib
2,resize_112,SMARTPHONE_859563,0,0.563362181186676,real::Smartphone,Smartphone,models/v2/clip_lora_fold2_best_v1.pt,models/v2/v2_10b_h2_balanced_logreg_fold2_v1.joblib
2,resize_112,SMARTPHONE_1023840,0,0.6997634768486023,real::Smartphone,Smartphone,models/v2/clip_lora_fold2_best_v1.pt,models/v2/v2_10b_h2_balanced_logreg_fold2_v1.joblib
2,resize_112,SMARTPHONE_915040,0,0.46135473251342773,real::Smartphone,Smartphone,models/v2/clip_lora_fold2_best_v1.pt,models/v2/v2_10b_h2_balanced_logreg_fold2_v1.joblib
2,resize_112,SMARTPHONE_894996,0,0.5539284348487854,real::Smartphone,Smartphone,models/v2/clip_lora_fold2_best_v1.pt,models/v2/v2_10b_h2_balanced_logreg_fold2_v1.joblib
2,resize_112,SMARTPHONE_761561,0,0.7361076474189758,real::Smartphone,Smartphone,models/v2/clip_lora_fold2_best_v1.pt,models/v2/v2_10b_h2_balanced_logreg_fold2_v1.joblib
2,resize_112,SMARTPHONE_641647,0,0.3877803087234497,real::Smartphone,Smartphone,models/v2/clip_lora_fold2_best_v1.pt,models/v2/v2_10b_h2_balanced_logreg_fold2_v1.joblib
2,resize_112,SMARTPHONE_358445,0,0.3177637755870819,real::Smartphone,Smartphone,models/v2/clip_lora_fold2_best_v1.pt,models/v2/v2_10b_h2_balanced_logreg_fold2_v1.joblib
2,resize_112,SMARTPHONE_837760,0,0.5372568368911743,real::Smartphone,Smartphone,models/v2/clip_lora_fold2_best_v1.pt,models/v2/v2_10b_h2_balanced_logreg_fold2_v1.joblib
2,resize_112,SMARTPHONE_205205,0,0.2098306119441986,real::Smartphone,Smartphone,models/v2/clip_lora_fold2_best_v1.pt,models/v2/v2_10b_h2_balanced_logreg_fold2_v1.joblib
2,resize_112,SMARTPHONE_515628,0,0.7878128290176392,real::Smartphone,Smartphone,models/v2/clip_lora_fold2_best_v1.pt,models/v2/v2_10b_h2_balanced_logreg_fold2_v1.joblib
2,resize_112,SMARTPHONE_277701,0,0.44922176003456116,real::Smartphone,Smartphone,models/v2/clip_lora_fold2_best_v1.pt,models/v2/v2_10b_h2_balanced_logreg_fold2_v1.joblib
2,resize_112,SMARTPHONE_483125,0,0.720561146736145,real::Smartphone,Smartphone,models/v2/clip_lora_fold2_best_v1.pt,models/v2/v2_10b_h2_balanced_logreg_fold2_v1.joblib
2,resize_112,SMARTPHONE_602425,0,0.4143977165222168,real::Smartphone,Smartphone,models/v2/clip_lora_fold2_best_v1.pt,models/v2/v2_10b_h2_balanced_logreg_fold2_v1.joblib
2,resize_112,SMARTPHONE_1009781,0,0.8916099667549133,real::Smartphone,Smartphone,models/v2/clip_lora_fold2_best_v1.pt,models/v2/v2_10b_h2_balanced_logreg_fold2_v1.joblib
2,resize_112,SMARTPHONE_787244,0,0.6204492449760437,real::Smartphone,Smartphone,models/v2/clip_lora_fold2_best_v1.pt,models/v2/v2_10b_h2_balanced_logreg_fold2_v1.joblib
2,resize_112,SMARTPHONE_673708,0,0.7761680483818054,real::Smartphone,Smartphone,models/v2/clip_lora_fold2_best_v1.pt,models/v2/v2_10b_h2_balanced_logreg_fold2_v1.joblib
2,resize_112,SMARTPHONE_818200,0,0.23458968102931976,real::Smartphone,Smartphone,models/v2/clip_lora_fold2_best_v1.pt,models/v2/v2_10b_h2_balanced_logreg_fold2_v1.joblib
2,resize_112,SMARTPHONE_242024,0,0.591152548789978,real::Smartphone,Smartphone,models/v2/clip_lora_fold2_best_v1.pt,models/v2/v2_10b_h2_balanced_logreg_fold2_v1.joblib
2,resize_112,SMARTPHONE_182817,0,0.616528332233429,real::Smartphone,Smartphone,models/v2/clip_lora_fold2_best_v1.pt,models/v2/v2_10b_h2_balanced_logreg_fold2_v1.joblib
2,resize_112,SMARTPHONE_168294,0,0.06893674284219742,real::Smartphone,Smartphone,models/v2/clip_lora_fold2_best_v1.pt,models/v2/v2_10b_h2_balanced_logreg_fold2_v1.joblib
2,resize_112,SMARTPHONE_112112,0,0.6683589220046997,real::Smartphone,Smartphone,models/v2/clip_lora_fold2_best_v1.pt,models/v2/v2_10b_h2_balanced_logreg_fold2_v1.joblib
2,resize_112,SMARTPHONE_938929,0,0.31585967540740967,real::Smartphone,Smartphone,models/v2/clip_lora_fold2_best_v1.pt,models/v2/v2_10b_h2_balanced_logreg_fold2_v1.joblib
2,resize_112,SMARTPHONE_868813,0,0.45210498571395874,real::Smartphone,Smartphone,models/v2/clip_lora_fold2_best_v1.pt,models/v2/v2_10b_h2_balanced_logreg_fold2_v1.joblib
2,resize_112,SMARTPHONE_991776,0,0.3855888247489929,real::Smartphone,Smartphone,models/v2/clip_lora_fold2_best_v1.pt,models/v2/v2_10b_h2_balanced_logreg_fold2_v1.joblib
2,resize_112,SMARTPHONE_700062,0,0.554922878742218,real::Smartphone,Smartphone,models/v2/clip_lora_fold2_best_v1.pt,models/v2/v2_10b_h2_balanced_logreg_fold2_v1.joblib
2,resize_112,SMARTPHONE_746908,0,0.5023907423019409,real::Smartphone,Smartphone,models/v2/clip_lora_fold2_best_v1.pt,models/v2/v2_10b_h2_balanced_logreg_fold2_v1.joblib
2,resize_112,SMARTPHONE_361109,0,0.09960468858480453,real::Smartphone,Smartphone,models/v2/clip_lora_fold2_best_v1.pt,models/v2/v2_10b_h2_balanced_logreg_fold2_v1.joblib
2,resize_112,SMARTPHONE_125986,0,0.10784979909658432,real::Smartphone,Smartphone,models/v2/clip_lora_fold2_best_v1.pt,models/v2/v2_10b_h2_balanced_logreg_fold2_v1.joblib
2,resize_112,SMARTPHONE_241100,0,0.479231059551239,real::Smartphone,Smartphone,models/v2/clip_lora_fold2_best_v1.pt,models/v2/v2_10b_h2_balanced_logreg_fold2_v1.joblib
2,resize_112,SMARTPHONE_357393,0,0.5143792033195496,real::Smartphone,Smartphone,models/v2/clip_lora_fold2_best_v1.pt,models/v2/v2_10b_h2_balanced_logreg_fold2_v1.joblib
2,resize_112,SMARTPHONE_144417,0,0.6889522671699524,real::Smartphone,Smartphone,models/v2/clip_lora_fold2_best_v1.pt,models/v2/v2_10b_h2_balanced_logreg_fold2_v1.joblib
2,resize_112,SMARTPHONE_604378,0,0.41899457573890686,real::Smartphone,Smartphone,models/v2/clip_lora_fold2_best_v1.pt,models/v2/v2_10b_h2_balanced_logreg_fold2_v1.joblib
2,resize_112,SMARTPHONE_389148,0,0.3999069333076477,real::Smartphone,Smartphone,models/v2/clip_lora_fold2_best_v1.pt,models/v2/v2_10b_h2_balanced_logreg_fold2_v1.joblib
2,resize_112,SMARTPHONE_44975,0,0.5401326417922974,real::Smartphone,Smartphone,models/v2/clip_lora_fold2_best_v1.pt,models/v2/v2_10b_h2_balanced_logreg_fold2_v1.joblib
2,resize_112,SMARTPHONE_747043,0,0.716810405254364,real::Smartphone,Smartphone,models/v2/clip_lora_fold2_best_v1.pt,models/v2/v2_10b_h2_balanced_logreg_fold2_v1.joblib
2,resize_112,SMARTPHONE_701632,0,0.08227130025625229,real::Smartphone,Smartphone,models/v2/clip_lora_fold2_best_v1.pt,models/v2/v2_10b_h2_balanced_logreg_fold2_v1.joblib
2,resize_112,SMARTPHONE_631653,0,0.7020536661148071,real::Smartphone,Smartphone,models/v2/clip_lora_fold2_best_v1.pt,models/v2/v2_10b_h2_balanced_logreg_fold2_v1.joblib
2,resize_112,SMARTPHONE_948366,0,0.45109015703201294,real::Smartphone,Smartphone,models/v2/clip_lora_fold2_best_v1.pt,models/v2/v2_10b_h2_balanced_logreg_fold2_v1.joblib
2,resize_112,SMARTPHONE_76623,0,0.3987414538860321,real::Smartphone,Smartphone,models/v2/clip_lora_fold2_best_v1.pt,models/v2/v2_10b_h2_balanced_logreg_fold2_v1.joblib
2,resize_112,SMARTPHONE_610243,0,0.39461594820022583,real::Smartphone,Smartphone,models/v2/clip_lora_fold2_best_v1.pt,models/v2/v2_10b_h2_balanced_logreg_fold2_v1.joblib
2,resize_112,SMARTPHONE_742904,0,0.880435049533844,real::Smartphone,Smartphone,models/v2/clip_lora_fold2_best_v1.pt,models/v2/v2_10b_h2_balanced_logreg_fold2_v1.joblib
2,resize_112,SMARTPHONE_236825,0,0.2691630721092224,real::Smartphone,Smartphone,models/v2/clip_lora_fold2_best_v1.pt,models/v2/v2_10b_h2_balanced_logreg_fold2_v1.joblib
2,resize_112,SMARTPHONE_193357,0,0.5449621081352234,real::Smartphone,Smartphone,models/v2/clip_lora_fold2_best_v1.pt,models/v2/v2_10b_h2_balanced_logreg_fold2_v1.joblib
2,resize_112,SMARTPHONE_727660,0,0.19065584242343903,real::Smartphone,Smartphone,models/v2/clip_lora_fold2_best_v1.pt,models/v2/v2_10b_h2_balanced_logreg_fold2_v1.joblib
2,resize_112,SMARTPHONE_636430,0,0.3602418005466461,real::Smartphone,Smartphone,models/v2/clip_lora_fold2_best_v1.pt,models/v2/v2_10b_h2_balanced_logreg_fold2_v1.joblib
2,resize_112,SMARTPHONE_380800,0,0.04756389930844307,real::Smartphone,Smartphone,models/v2/clip_lora_fold2_best_v1.pt,models/v2/v2_10b_h2_balanced_logreg_fold2_v1.joblib
2,resize_112,SMARTPHONE_1661,0,0.0722576379776001,real::Smartphone,Smartphone,models/v2/clip_lora_fold2_best_v1.pt,models/v2/v2_10b_h2_balanced_logreg_fold2_v1.joblib
2,resize_112,SMARTPHONE_569540,0,0.3787939250469208,real::Smartphone,Smartphone,models/v2/clip_lora_fold2_best_v1.pt,models/v2/v2_10b_h2_balanced_logreg_fold2_v1.joblib
2,resize_112,SMARTPHONE_408086,0,0.3183709383010864,real::Smartphone,Smartphone,models/v2/clip_lora_fold2_best_v1.pt,models/v2/v2_10b_h2_balanced_logreg_fold2_v1.joblib
2,resize_112,SMARTPHONE_805523,0,0.5715259313583374,real::Smartphone,Smartphone,models/v2/clip_lora_fold2_best_v1.pt,models/v2/v2_10b_h2_balanced_logreg_fold2_v1.joblib
2,resize_112,SMARTPHONE_807082,0,0.5151073336601257,real::Smartphone,Smartphone,models/v2/clip_lora_fold2_best_v1.pt,models/v2/v2_10b_h2_balanced_logreg_fold2_v1.joblib
2,resize_112,SMARTPHONE_226070,0,0.20157910883426666,real::Smartphone,Smartphone,models/v2/clip_lora_fold2_best_v1.pt,models/v2/v2_10b_h2_balanced_logreg_fold2_v1.joblib
2,resize_112,SMARTPHONE_838917,0,0.7185214161872864,real::Smartphone,Smartphone,models/v2/clip_lora_fold2_best_v1.pt,models/v2/v2_10b_h2_balanced_logreg_fold2_v1.joblib
2,resize_112,SMARTPHONE_63616,0,0.4939686954021454,real::Smartphone,Smartphone,models/v2/clip_lora_fold2_best_v1.pt,models/v2/v2_10b_h2_balanced_logreg_fold2_v1.joblib
2,resize_112,SMARTPHONE_498450,0,0.3338630795478821,real::Smartphone,Smartphone,models/v2/clip_lora_fold2_best_v1.pt,models/v2/v2_10b_h2_balanced_logreg_fold2_v1.joblib
2,resize_112,SMARTPHONE_494157,0,0.44221797585487366,real::Smartphone,Smartphone,models/v2/clip_lora_fold2_best_v1.pt,models/v2/v2_10b_h2_balanced_logreg_fold2_v1.joblib
2,resize_112,SMARTPHONE_622535,0,0.6683870553970337,real::Smartphone,Smartphone,models/v2/clip_lora_fold2_best_v1.pt,models/v2/v2_10b_h2_balanced_logreg_fold2_v1.joblib
2,resize_112,SMARTPHONE_294094,0,0.8396264314651489,real::Smartphone,Smartphone,models/v2/clip_lora_fold2_best_v1.pt,models/v2/v2_10b_h2_balanced_logreg_fold2_v1.joblib
2,resize_112,SMARTPHONE_87244,0,0.25775250792503357,real::Smartphone,Smartphone,models/v2/clip_lora_fold2_best_v1.pt,models/v2/v2_10b_h2_balanced_logreg_fold2_v1.joblib
2,resize_112,SMARTPHONE_909617,0,0.5439035296440125,real::Smartphone,Smartphone,models/v2/clip_lora_fold2_best_v1.pt,models/v2/v2_10b_h2_balanced_logreg_fold2_v1.joblib
2,resize_112,SMARTPHONE_116559,0,0.39065927267074585,real::Smartphone,Smartphone,models/v2/clip_lora_fold2_best_v1.pt,models/v2/v2_10b_h2_balanced_logreg_fold2_v1.joblib
2,resize_112,SMARTPHONE_964906,0,0.8638919591903687,real::Smartphone,Smartphone,models/v2/clip_lora_fold2_best_v1.pt,models/v2/v2_10b_h2_balanced_logreg_fold2_v1.joblib
2,resize_112,SMARTPHONE_264393,0,0.6632945537567139,real::Smartphone,Smartphone,models/v2/clip_lora_fold2_best_v1.pt,models/v2/v2_10b_h2_balanced_logreg_fold2_v1.joblib
2,resize_112,SMARTPHONE_403503,0,0.7000460028648376,real::Smartphone,Smartphone,models/v2/clip_lora_fold2_best_v1.pt,models/v2/v2_10b_h2_balanced_logreg_fold2_v1.joblib
2,resize_112,SMARTPHONE_298004,0,0.5731938481330872,real::Smartphone,Smartphone,models/v2/clip_lora_fold2_best_v1.pt,models/v2/v2_10b_h2_balanced_logreg_fold2_v1.joblib
2,resize_112,SMARTPHONE_155723,0,0.2894342541694641,real::Smartphone,Smartphone,models/v2/clip_lora_fold2_best_v1.pt,models/v2/v2_10b_h2_balanced_logreg_fold2_v1.joblib
2,resize_112,SMARTPHONE_684718,0,0.4856325089931488,real::Smartphone,Smartphone,models/v2/clip_lora_fold2_best_v1.pt,models/v2/v2_10b_h2_balanced_logreg_fold2_v1.joblib
2,resize_112,SMARTPHONE_1032382,0,0.17871591448783875,real::Smartphone,Smartphone,models/v2/clip_lora_fold2_best_v1.pt,models/v2/v2_10b_h2_balanced_logreg_fold2_v1.joblib
2,resize_112,SMARTPHONE_275100,0,0.12145273387432098,real::Smartphone,Smartphone,models/v2/clip_lora_fold2_best_v1.pt,models/v2/v2_10b_h2_balanced_logreg_fold2_v1.joblib
2,resize_112,SMARTPHONE_749073,0,0.407939076423645,real::Smartphone,Smartphone,models/v2/clip_lora_fold2_best_v1.pt,models/v2/v2_10b_h2_balanced_logreg_fold2_v1.joblib
2,resize_112,SMARTPHONE_356407,0,0.07692290842533112,real::Smartphone,Smartphone,models/v2/clip_lora_fold2_best_v1.pt,models/v2/v2_10b_h2_balanced_logreg_fold2_v1.joblib
2,resize_112,SMARTPHONE_731954,0,0.5652905702590942,real::Smartphone,Smartphone,models/v2/clip_lora_fold2_best_v1.pt,models/v2/v2_10b_h2_balanced_logreg_fold2_v1.joblib
2,resize_112,SMARTPHONE_155864,0,0.731102466583252,real::Smartphone,Smartphone,models/v2/clip_lora_fold2_best_v1.pt,models/v2/v2_10b_h2_balanced_logreg_fold2_v1.joblib
2,resize_112,SMARTPHONE_693336,0,0.32858923077583313,real::Smartphone,Smartphone,models/v2/clip_lora_fold2_best_v1.pt,models/v2/v2_10b_h2_balanced_logreg_fold2_v1.joblib
2,resize_112,SMARTPHONE_709095,0,0.4922497868537903,real::Smartphone,Smartphone,models/v2/clip_lora_fold2_best_v1.pt,models/v2/v2_10b_h2_balanced_logreg_fold2_v1.joblib
2,resize_112,SMARTPHONE_782760,0,0.4130471348762512,real::Smartphone,Smartphone,models/v2/clip_lora_fold2_best_v1.pt,models/v2/v2_10b_h2_balanced_logreg_fold2_v1.joblib
2,resize_112,SMARTPHONE_451471,0,0.7616214752197266,real::Smartphone,Smartphone,models/v2/clip_lora_fold2_best_v1.pt,models/v2/v2_10b_h2_balanced_logreg_fold2_v1.joblib
2,resize_112,SMARTPHONE_101911,0,0.43743157386779785,real::Smartphone,Smartphone,models/v2/clip_lora_fold2_best_v1.pt,models/v2/v2_10b_h2_balanced_logreg_fold2_v1.joblib
2,resize_112,SMARTPHONE_939025,0,0.4940171539783478,real::Smartphone,Smartphone,models/v2/clip_lora_fold2_best_v1.pt,models/v2/v2_10b_h2_balanced_logreg_fold2_v1.joblib
2,resize_112,SMARTPHONE_764677,0,0.21100996434688568,real::Smartphone,Smartphone,models/v2/clip_lora_fold2_best_v1.pt,models/v2/v2_10b_h2_balanced_logreg_fold2_v1.joblib
2,resize_112,SMARTPHONE_178889,0,0.034974656999111176,real::Smartphone,Smartphone,models/v2/clip_lora_fold2_best_v1.pt,models/v2/v2_10b_h2_balanced_logreg_fold2_v1.joblib
2,resize_112,SMARTPHONE_544699,0,0.4741218090057373,real::Smartphone,Smartphone,models/v2/clip_lora_fold2_best_v1.pt,models/v2/v2_10b_h2_balanced_logreg_fold2_v1.joblib
2,resize_112,SMARTPHONE_979588,0,0.22302202880382538,real::Smartphone,Smartphone,models/v2/clip_lora_fold2_best_v1.pt,models/v2/v2_10b_h2_balanced_logreg_fold2_v1.joblib
2,resize_112,SMARTPHONE_204028,0,0.36033394932746887,real::Smartphone,Smartphone,models/v2/clip_lora_fold2_best_v1.pt,models/v2/v2_10b_h2_balanced_logreg_fold2_v1.joblib
2,resize_112,SMARTPHONE_432319,0,0.22091510891914368,real::Smartphone,Smartphone,models/v2/clip_lora_fold2_best_v1.pt,models/v2/v2_10b_h2_balanced_logreg_fold2_v1.joblib
2,resize_112,SMARTPHONE_619346,0,0.4953673481941223,real::Smartphone,Smartphone,models/v2/clip_lora_fold2_best_v1.pt,models/v2/v2_10b_h2_balanced_logreg_fold2_v1.joblib
2,resize_112,SMARTPHONE_207135,0,0.3196854293346405,real::Smartphone,Smartphone,models/v2/clip_lora_fold2_best_v1.pt,models/v2/v2_10b_h2_balanced_logreg_fold2_v1.joblib
2,resize_112,SMARTPHONE_118163,0,0.5868815779685974,real::Smartphone,Smartphone,models/v2/clip_lora_fold2_best_v1.pt,models/v2/v2_10b_h2_balanced_logreg_fold2_v1.joblib
2,resize_112,SMARTPHONE_643080,0,0.2661181688308716,real::Smartphone,Smartphone,models/v2/clip_lora_fold2_best_v1.pt,models/v2/v2_10b_h2_balanced_logreg_fold2_v1.joblib
2,resize_112,SMARTPHONE_609261,0,0.19786468148231506,real::Smartphone,Smartphone,models/v2/clip_lora_fold2_best_v1.pt,models/v2/v2_10b_h2_balanced_logreg_fold2_v1.joblib
2,resize_112,SMARTPHONE_203308,0,0.6328337788581848,real::Smartphone,Smartphone,models/v2/clip_lora_fold2_best_v1.pt,models/v2/v2_10b_h2_balanced_logreg_fold2_v1.joblib
2,resize_112,SMARTPHONE_28084,0,0.17857308685779572,real::Smartphone,Smartphone,models/v2/clip_lora_fold2_best_v1.pt,models/v2/v2_10b_h2_balanced_logreg_fold2_v1.joblib
2,resize_112,SMARTPHONE_195648,0,0.8678857684135437,real::Smartphone,Smartphone,models/v2/clip_lora_fold2_best_v1.pt,models/v2/v2_10b_h2_balanced_logreg_fold2_v1.joblib
2,resize_112,SMARTPHONE_570849,0,0.5251046419143677,real::Smartphone,Smartphone,models/v2/clip_lora_fold2_best_v1.pt,models/v2/v2_10b_h2_balanced_logreg_fold2_v1.joblib
2,resize_112,SMARTPHONE_422205,0,0.5891164541244507,real::Smartphone,Smartphone,models/v2/clip_lora_fold2_best_v1.pt,models/v2/v2_10b_h2_balanced_logreg_fold2_v1.joblib
2,resize_112,SMARTPHONE_371828,0,0.472368448972702,real::Smartphone,Smartphone,models/v2/clip_lora_fold2_best_v1.pt,models/v2/v2_10b_h2_balanced_logreg_fold2_v1.joblib
2,resize_112,SMARTPHONE_134304,0,0.14064325392246246,real::Smartphone,Smartphone,models/v2/clip_lora_fold2_best_v1.pt,models/v2/v2_10b_h2_balanced_logreg_fold2_v1.joblib
2,resize_112,SMARTPHONE_793760,0,0.5998018383979797,real::Smartphone,Smartphone,models/v2/clip_lora_fold2_best_v1.pt,models/v2/v2_10b_h2_balanced_logreg_fold2_v1.joblib
2,resize_112,SMARTPHONE_764140,0,0.528516411781311,real::Smartphone,Smartphone,models/v2/clip_lora_fold2_best_v1.pt,models/v2/v2_10b_h2_balanced_logreg_fold2_v1.joblib
2,resize_112,SMARTPHONE_757424,0,0.4553939998149872,real::Smartphone,Smartphone,models/v2/clip_lora_fold2_best_v1.pt,models/v2/v2_10b_h2_balanced_logreg_fold2_v1.joblib
2,resize_112,SMARTPHONE_297014,0,0.21970105171203613,real::Smartphone,Smartphone,models/v2/clip_lora_fold2_best_v1.pt,models/v2/v2_10b_h2_balanced_logreg_fold2_v1.joblib
2,resize_112,SMARTPHONE_38845,0,0.7264513373374939,real::Smartphone,Smartphone,models/v2/clip_lora_fold2_best_v1.pt,models/v2/v2_10b_h2_balanced_logreg_fold2_v1.joblib
2,resize_112,SMARTPHONE_119850,0,0.19663117825984955,real::Smartphone,Smartphone,models/v2/clip_lora_fold2_best_v1.pt,models/v2/v2_10b_h2_balanced_logreg_fold2_v1.joblib
2,resize_112,SMARTPHONE_856075,0,0.27586427330970764,real::Smartphone,Smartphone,models/v2/clip_lora_fold2_best_v1.pt,models/v2/v2_10b_h2_balanced_logreg_fold2_v1.joblib
2,resize_112,SMARTPHONE_766758,0,0.5922538042068481,real::Smartphone,Smartphone,models/v2/clip_lora_fold2_best_v1.pt,models/v2/v2_10b_h2_balanced_logreg_fold2_v1.joblib
2,resize_112,SMARTPHONE_855760,0,0.22832506895065308,real::Smartphone,Smartphone,models/v2/clip_lora_fold2_best_v1.pt,models/v2/v2_10b_h2_balanced_logreg_fold2_v1.joblib
2,resize_112,SMARTPHONE_701461,0,0.46505406498908997,real::Smartphone,Smartphone,models/v2/clip_lora_fold2_best_v1.pt,models/v2/v2_10b_h2_balanced_logreg_fold2_v1.joblib
2,resize_112,SMARTPHONE_345735,0,0.7865655422210693,real::Smartphone,Smartphone,models/v2/clip_lora_fold2_best_v1.pt,models/v2/v2_10b_h2_balanced_logreg_fold2_v1.joblib
2,resize_112,SMARTPHONE_817524,0,0.81252521276474,real::Smartphone,Smartphone,models/v2/clip_lora_fold2_best_v1.pt,models/v2/v2_10b_h2_balanced_logreg_fold2_v1.joblib
2,resize_112,SMARTPHONE_977592,0,0.18215526640415192,real::Smartphone,Smartphone,models/v2/clip_lora_fold2_best_v1.pt,models/v2/v2_10b_h2_balanced_logreg_fold2_v1.joblib
2,resize_112,SMARTPHONE_857077,0,0.7607518434524536,real::Smartphone,Smartphone,models/v2/clip_lora_fold2_best_v1.pt,models/v2/v2_10b_h2_balanced_logreg_fold2_v1.joblib
2,resize_112,SMARTPHONE_777686,0,0.4425080418586731,real::Smartphone,Smartphone,models/v2/clip_lora_fold2_best_v1.pt,models/v2/v2_10b_h2_balanced_logreg_fold2_v1.joblib
2,resize_112,SMARTPHONE_89355,0,0.6778973937034607,real::Smartphone,Smartphone,models/v2/clip_lora_fold2_best_v1.pt,models/v2/v2_10b_h2_balanced_logreg_fold2_v1.joblib
2,resize_112,SMARTPHONE_333593,0,0.08656402677297592,real::Smartphone,Smartphone,models/v2/clip_lora_fold2_best_v1.pt,models/v2/v2_10b_h2_balanced_logreg_fold2_v1.joblib
2,resize_112,SMARTPHONE_146693,0,0.6730428338050842,real::Smartphone,Smartphone,models/v2/clip_lora_fold2_best_v1.pt,models/v2/v2_10b_h2_balanced_logreg_fold2_v1.joblib
2,resize_112,SMARTPHONE_1008419,0,0.49626949429512024,real::Smartphone,Smartphone,models/v2/clip_lora_fold2_best_v1.pt,models/v2/v2_10b_h2_balanced_logreg_fold2_v1.joblib
2,resize_112,SMARTPHONE_431405,0,0.3077597916126251,real::Smartphone,Smartphone,models/v2/clip_lora_fold2_best_v1.pt,models/v2/v2_10b_h2_balanced_logreg_fold2_v1.joblib
2,resize_112,SMARTPHONE_749297,0,0.24161800742149353,real::Smartphone,Smartphone,models/v2/clip_lora_fold2_best_v1.pt,models/v2/v2_10b_h2_balanced_logreg_fold2_v1.joblib
2,resize_112,SMARTPHONE_884101,0,0.24171704053878784,real::Smartphone,Smartphone,models/v2/clip_lora_fold2_best_v1.pt,models/v2/v2_10b_h2_balanced_logreg_fold2_v1.joblib
2,resize_112,SMARTPHONE_511473,0,0.4475024938583374,real::Smartphone,Smartphone,models/v2/clip_lora_fold2_best_v1.pt,models/v2/v2_10b_h2_balanced_logreg_fold2_v1.joblib
2,resize_112,SMARTPHONE_361014,0,0.439228892326355,real::Smartphone,Smartphone,models/v2/clip_lora_fold2_best_v1.pt,models/v2/v2_10b_h2_balanced_logreg_fold2_v1.joblib
2,resize_112,SMARTPHONE_438932,0,0.3508331775665283,real::Smartphone,Smartphone,models/v2/clip_lora_fold2_best_v1.pt,models/v2/v2_10b_h2_balanced_logreg_fold2_v1.joblib
2,resize_112,SMARTPHONE_359642,0,0.22246114909648895,real::Smartphone,Smartphone,models/v2/clip_lora_fold2_best_v1.pt,models/v2/v2_10b_h2_balanced_logreg_fold2_v1.joblib
2,resize_112,SMARTPHONE_549558,0,0.93863844871521,real::Smartphone,Smartphone,models/v2/clip_lora_fold2_best_v1.pt,models/v2/v2_10b_h2_balanced_logreg_fold2_v1.joblib
2,resize_112,SMARTPHONE_757829,0,0.35836338996887207,real::Smartphone,Smartphone,models/v2/clip_lora_fold2_best_v1.pt,models/v2/v2_10b_h2_balanced_logreg_fold2_v1.joblib
2,resize_112,SMARTPHONE_66658,0,0.5410576462745667,real::Smartphone,Smartphone,models/v2/clip_lora_fold2_best_v1.pt,models/v2/v2_10b_h2_balanced_logreg_fold2_v1.joblib
2,resize_112,SMARTPHONE_389613,0,0.21334363520145416,real::Smartphone,Smartphone,models/v2/clip_lora_fold2_best_v1.pt,models/v2/v2_10b_h2_balanced_logreg_fold2_v1.joblib
2,resize_112,SMARTPHONE_355367,0,0.14824463427066803,real::Smartphone,Smartphone,models/v2/clip_lora_fold2_best_v1.pt,models/v2/v2_10b_h2_balanced_logreg_fold2_v1.joblib
2,resize_112,SMARTPHONE_56728,0,0.3793773949146271,real::Smartphone,Smartphone,models/v2/clip_lora_fold2_best_v1.pt,models/v2/v2_10b_h2_balanced_logreg_fold2_v1.joblib
2,resize_112,SMARTPHONE_138276,0,0.6284430027008057,real::Smartphone,Smartphone,models/v2/clip_lora_fold2_best_v1.pt,models/v2/v2_10b_h2_balanced_logreg_fold2_v1.joblib
2,resize_112,SMARTPHONE_314459,0,0.6913185715675354,real::Smartphone,Smartphone,models/v2/clip_lora_fold2_best_v1.pt,models/v2/v2_10b_h2_balanced_logreg_fold2_v1.joblib
2,resize_112,SMARTPHONE_319068,0,0.2515951991081238,real::Smartphone,Smartphone,models/v2/clip_lora_fold2_best_v1.pt,models/v2/v2_10b_h2_balanced_logreg_fold2_v1.joblib
2,resize_112,SMARTPHONE_967010,0,0.8879849314689636,real::Smartphone,Smartphone,models/v2/clip_lora_fold2_best_v1.pt,models/v2/v2_10b_h2_balanced_logreg_fold2_v1.joblib
2,resize_112,SMARTPHONE_777232,0,0.6289361119270325,real::Smartphone,Smartphone,models/v2/clip_lora_fold2_best_v1.pt,models/v2/v2_10b_h2_balanced_logreg_fold2_v1.joblib
2,resize_112,SMARTPHONE_910467,0,0.1793438047170639,real::Smartphone,Smartphone,models/v2/clip_lora_fold2_best_v1.pt,models/v2/v2_10b_h2_balanced_logreg_fold2_v1.joblib
2,resize_112,SMARTPHONE_113099,0,0.8251379132270813,real::Smartphone,Smartphone,models/v2/clip_lora_fold2_best_v1.pt,models/v2/v2_10b_h2_balanced_logreg_fold2_v1.joblib
2,resize_112,SMARTPHONE_172628,0,0.5464228987693787,real::Smartphone,Smartphone,models/v2/clip_lora_fold2_best_v1.pt,models/v2/v2_10b_h2_balanced_logreg_fold2_v1.joblib
2,resize_112,SMARTPHONE_195366,0,0.7599068284034729,real::Smartphone,Smartphone,models/v2/clip_lora_fold2_best_v1.pt,models/v2/v2_10b_h2_balanced_logreg_fold2_v1.joblib
2,resize_112,SMARTPHONE_67989,0,0.14714334905147552,real::Smartphone,Smartphone,models/v2/clip_lora_fold2_best_v1.pt,models/v2/v2_10b_h2_balanced_logreg_fold2_v1.joblib
2,resize_112,SMARTPHONE_271125,0,0.2037823647260666,real::Smartphone,Smartphone,models/v2/clip_lora_fold2_best_v1.pt,models/v2/v2_10b_h2_balanced_logreg_fold2_v1.joblib
2,resize_112,SMARTPHONE_830107,0,0.35302719473838806,real::Smartphone,Smartphone,models/v2/clip_lora_fold2_best_v1.pt,models/v2/v2_10b_h2_balanced_logreg_fold2_v1.joblib
2,resize_112,SMARTPHONE_901274,0,0.4700830280780792,real::Smartphone,Smartphone,models/v2/clip_lora_fold2_best_v1.pt,models/v2/v2_10b_h2_balanced_logreg_fold2_v1.joblib
2,resize_112,SMARTPHONE_847815,0,0.6795883178710938,real::Smartphone,Smartphone,models/v2/clip_lora_fold2_best_v1.pt,models/v2/v2_10b_h2_balanced_logreg_fold2_v1.joblib
2,resize_112,SMARTPHONE_653515,0,0.6093292832374573,real::Smartphone,Smartphone,models/v2/clip_lora_fold2_best_v1.pt,models/v2/v2_10b_h2_balanced_logreg_fold2_v1.joblib
2,resize_112,SMARTPHONE_796557,0,0.5160903334617615,real::Smartphone,Smartphone,models/v2/clip_lora_fold2_best_v1.pt,models/v2/v2_10b_h2_balanced_logreg_fold2_v1.joblib
2,resize_112,SMARTPHONE_930783,0,0.7428926825523376,real::Smartphone,Smartphone,models/v2/clip_lora_fold2_best_v1.pt,models/v2/v2_10b_h2_balanced_logreg_fold2_v1.joblib
2,resize_112,SMARTPHONE_570907,0,0.22552655637264252,real::Smartphone,Smartphone,models/v2/clip_lora_fold2_best_v1.pt,models/v2/v2_10b_h2_balanced_logreg_fold2_v1.joblib
2,resize_112,SMARTPHONE_533540,0,0.5795314908027649,real::Smartphone,Smartphone,models/v2/clip_lora_fold2_best_v1.pt,models/v2/v2_10b_h2_balanced_logreg_fold2_v1.joblib
2,resize_112,SMARTPHONE_562344,0,0.5735424160957336,real::Smartphone,Smartphone,models/v2/clip_lora_fold2_best_v1.pt,models/v2/v2_10b_h2_balanced_logreg_fold2_v1.joblib
2,resize_112,SMARTPHONE_32729,0,0.5811854004859924,real::Smartphone,Smartphone,models/v2/clip_lora_fold2_best_v1.pt,models/v2/v2_10b_h2_balanced_logreg_fold2_v1.joblib
2,resize_112,SMARTPHONE_806721,0,0.19310609996318817,real::Smartphone,Smartphone,models/v2/clip_lora_fold2_best_v1.pt,models/v2/v2_10b_h2_balanced_logreg_fold2_v1.joblib
2,resize_112,SMARTPHONE_95316,0,0.6725744605064392,real::Smartphone,Smartphone,models/v2/clip_lora_fold2_best_v1.pt,models/v2/v2_10b_h2_balanced_logreg_fold2_v1.joblib
2,resize_112,SMARTPHONE_141656,0,0.48155200481414795,real::Smartphone,Smartphone,models/v2/clip_lora_fold2_best_v1.pt,models/v2/v2_10b_h2_balanced_logreg_fold2_v1.joblib
2,resize_112,SMARTPHONE_592392,0,0.6250928044319153,real::Smartphone,Smartphone,models/v2/clip_lora_fold2_best_v1.pt,models/v2/v2_10b_h2_balanced_logreg_fold2_v1.joblib
2,resize_112,SMARTPHONE_397190,0,0.7210854291915894,real::Smartphone,Smartphone,models/v2/clip_lora_fold2_best_v1.pt,models/v2/v2_10b_h2_balanced_logreg_fold2_v1.joblib
2,resize_112,SMARTPHONE_684163,0,0.16163158416748047,real::Smartphone,Smartphone,models/v2/clip_lora_fold2_best_v1.pt,models/v2/v2_10b_h2_balanced_logreg_fold2_v1.joblib
2,resize_112,SMARTPHONE_87885,0,0.17451906204223633,real::Smartphone,Smartphone,models/v2/clip_lora_fold2_best_v1.pt,models/v2/v2_10b_h2_balanced_logreg_fold2_v1.joblib
2,resize_112,SMARTPHONE_42757,0,0.8025877475738525,real::Smartphone,Smartphone,models/v2/clip_lora_fold2_best_v1.pt,models/v2/v2_10b_h2_balanced_logreg_fold2_v1.joblib
2,resize_112,SMARTPHONE_660370,0,0.4097817540168762,real::Smartphone,Smartphone,models/v2/clip_lora_fold2_best_v1.pt,models/v2/v2_10b_h2_balanced_logreg_fold2_v1.joblib
2,resize_112,SMARTPHONE_642031,0,0.8695468306541443,real::Smartphone,Smartphone,models/v2/clip_lora_fold2_best_v1.pt,models/v2/v2_10b_h2_balanced_logreg_fold2_v1.joblib
2,resize_112,SMARTPHONE_305619,0,0.2295861393213272,real::Smartphone,Smartphone,models/v2/clip_lora_fold2_best_v1.pt,models/v2/v2_10b_h2_balanced_logreg_fold2_v1.joblib
2,resize_112,SMARTPHONE_1001464,0,0.523189127445221,real::Smartphone,Smartphone,models/v2/clip_lora_fold2_best_v1.pt,models/v2/v2_10b_h2_balanced_logreg_fold2_v1.joblib
2,resize_112,SMARTPHONE_876931,0,0.33449235558509827,real::Smartphone,Smartphone,models/v2/clip_lora_fold2_best_v1.pt,models/v2/v2_10b_h2_balanced_logreg_fold2_v1.joblib
2,resize_112,SMARTPHONE_497375,0,0.28092050552368164,real::Smartphone,Smartphone,models/v2/clip_lora_fold2_best_v1.pt,models/v2/v2_10b_h2_balanced_logreg_fold2_v1.joblib
2,resize_112,SMARTPHONE_137623,0,0.2964375913143158,real::Smartphone,Smartphone,models/v2/clip_lora_fold2_best_v1.pt,models/v2/v2_10b_h2_balanced_logreg_fold2_v1.joblib
2,resize_112,SMARTPHONE_584358,0,0.6264921426773071,real::Smartphone,Smartphone,models/v2/clip_lora_fold2_best_v1.pt,models/v2/v2_10b_h2_balanced_logreg_fold2_v1.joblib
2,resize_112,SMARTPHONE_31390,0,0.23076312243938446,real::Smartphone,Smartphone,models/v2/clip_lora_fold2_best_v1.pt,models/v2/v2_10b_h2_balanced_logreg_fold2_v1.joblib
2,resize_112,SMARTPHONE_158030,0,0.5509182214736938,real::Smartphone,Smartphone,models/v2/clip_lora_fold2_best_v1.pt,models/v2/v2_10b_h2_balanced_logreg_fold2_v1.joblib
2,resize_112,SMARTPHONE_76101,0,0.8961455821990967,real::Smartphone,Smartphone,models/v2/clip_lora_fold2_best_v1.pt,models/v2/v2_10b_h2_balanced_logreg_fold2_v1.joblib
2,resize_112,SMARTPHONE_669398,0,0.04856020212173462,real::Smartphone,Smartphone,models/v2/clip_lora_fold2_best_v1.pt,models/v2/v2_10b_h2_balanced_logreg_fold2_v1.joblib
2,resize_112,SMARTPHONE_524368,0,0.7644487619400024,real::Smartphone,Smartphone,models/v2/clip_lora_fold2_best_v1.pt,models/v2/v2_10b_h2_balanced_logreg_fold2_v1.joblib
2,resize_112,SMARTPHONE_838840,0,0.1082826778292656,real::Smartphone,Smartphone,models/v2/clip_lora_fold2_best_v1.pt,models/v2/v2_10b_h2_balanced_logreg_fold2_v1.joblib
2,resize_112,SMARTPHONE_472368,0,0.2649124264717102,real::Smartphone,Smartphone,models/v2/clip_lora_fold2_best_v1.pt,models/v2/v2_10b_h2_balanced_logreg_fold2_v1.joblib
2,resize_112,SMARTPHONE_327243,0,0.1554867923259735,real::Smartphone,Smartphone,models/v2/clip_lora_fold2_best_v1.pt,models/v2/v2_10b_h2_balanced_logreg_fold2_v1.joblib
2,resize_112,SMARTPHONE_569002,0,0.1510341316461563,real::Smartphone,Smartphone,models/v2/clip_lora_fold2_best_v1.pt,models/v2/v2_10b_h2_balanced_logreg_fold2_v1.joblib
2,resize_112,SMARTPHONE_1022177,0,0.36884844303131104,real::Smartphone,Smartphone,models/v2/clip_lora_fold2_best_v1.pt,models/v2/v2_10b_h2_balanced_logreg_fold2_v1.joblib
2,resize_112,SMARTPHONE_764468,0,0.18617486953735352,real::Smartphone,Smartphone,models/v2/clip_lora_fold2_best_v1.pt,models/v2/v2_10b_h2_balanced_logreg_fold2_v1.joblib
2,resize_112,SMARTPHONE_65295,0,0.269029825925827,real::Smartphone,Smartphone,models/v2/clip_lora_fold2_best_v1.pt,models/v2/v2_10b_h2_balanced_logreg_fold2_v1.joblib
2,resize_112,SMARTPHONE_683605,0,0.5679153800010681,real::Smartphone,Smartphone,models/v2/clip_lora_fold2_best_v1.pt,models/v2/v2_10b_h2_balanced_logreg_fold2_v1.joblib
2,resize_112,SMARTPHONE_908457,0,0.4394392967224121,real::Smartphone,Smartphone,models/v2/clip_lora_fold2_best_v1.pt,models/v2/v2_10b_h2_balanced_logreg_fold2_v1.joblib
2,resize_112,SMARTPHONE_393515,0,0.6784815788269043,real::Smartphone,Smartphone,models/v2/clip_lora_fold2_best_v1.pt,models/v2/v2_10b_h2_balanced_logreg_fold2_v1.joblib
2,resize_112,SMARTPHONE_234669,0,0.16801123321056366,real::Smartphone,Smartphone,models/v2/clip_lora_fold2_best_v1.pt,models/v2/v2_10b_h2_balanced_logreg_fold2_v1.joblib
2,resize_112,SMARTPHONE_857987,0,0.9458738565444946,real::Smartphone,Smartphone,models/v2/clip_lora_fold2_best_v1.pt,models/v2/v2_10b_h2_balanced_logreg_fold2_v1.joblib
2,resize_112,SMARTPHONE_61303,0,0.25760364532470703,real::Smartphone,Smartphone,models/v2/clip_lora_fold2_best_v1.pt,models/v2/v2_10b_h2_balanced_logreg_fold2_v1.joblib
2,resize_112,SMARTPHONE_183906,0,0.9281219244003296,real::Smartphone,Smartphone,models/v2/clip_lora_fold2_best_v1.pt,models/v2/v2_10b_h2_balanced_logreg_fold2_v1.joblib
2,resize_112,SMARTPHONE_979974,0,0.17652392387390137,real::Smartphone,Smartphone,models/v2/clip_lora_fold2_best_v1.pt,models/v2/v2_10b_h2_balanced_logreg_fold2_v1.joblib
2,resize_112,SMARTPHONE_710210,0,0.30837541818618774,real::Smartphone,Smartphone,models/v2/clip_lora_fold2_best_v1.pt,models/v2/v2_10b_h2_balanced_logreg_fold2_v1.joblib
2,resize_112,SMARTPHONE_26492,0,0.23431620001792908,real::Smartphone,Smartphone,models/v2/clip_lora_fold2_best_v1.pt,models/v2/v2_10b_h2_balanced_logreg_fold2_v1.joblib
2,resize_112,SMARTPHONE_46110,0,0.1943945735692978,real::Smartphone,Smartphone,models/v2/clip_lora_fold2_best_v1.pt,models/v2/v2_10b_h2_balanced_logreg_fold2_v1.joblib
2,resize_112,SMARTPHONE_291784,0,0.48044267296791077,real::Smartphone,Smartphone,models/v2/clip_lora_fold2_best_v1.pt,models/v2/v2_10b_h2_balanced_logreg_fold2_v1.joblib
2,resize_112,SMARTPHONE_237192,0,0.15874764323234558,real::Smartphone,Smartphone,models/v2/clip_lora_fold2_best_v1.pt,models/v2/v2_10b_h2_balanced_logreg_fold2_v1.joblib
2,resize_112,SMARTPHONE_250027,0,0.3352755308151245,real::Smartphone,Smartphone,models/v2/clip_lora_fold2_best_v1.pt,models/v2/v2_10b_h2_balanced_logreg_fold2_v1.joblib
2,resize_112,SMARTPHONE_348585,0,0.944197952747345,real::Smartphone,Smartphone,models/v2/clip_lora_fold2_best_v1.pt,models/v2/v2_10b_h2_balanced_logreg_fold2_v1.joblib
2,resize_112,SMARTPHONE_679693,0,0.047254737466573715,real::Smartphone,Smartphone,models/v2/clip_lora_fold2_best_v1.pt,models/v2/v2_10b_h2_balanced_logreg_fold2_v1.joblib
2,resize_112,SMARTPHONE_985140,0,0.40911421179771423,real::Smartphone,Smartphone,models/v2/clip_lora_fold2_best_v1.pt,models/v2/v2_10b_h2_balanced_logreg_fold2_v1.joblib
2,resize_112,SMARTPHONE_826775,0,0.18910180032253265,real::Smartphone,Smartphone,models/v2/clip_lora_fold2_best_v1.pt,models/v2/v2_10b_h2_balanced_logreg_fold2_v1.joblib
2,resize_112,SMARTPHONE_815484,0,0.24231639504432678,real::Smartphone,Smartphone,models/v2/clip_lora_fold2_best_v1.pt,models/v2/v2_10b_h2_balanced_logreg_fold2_v1.joblib
2,resize_112,SMARTPHONE_422200,0,0.3180088400840759,real::Smartphone,Smartphone,models/v2/clip_lora_fold2_best_v1.pt,models/v2/v2_10b_h2_balanced_logreg_fold2_v1.joblib
2,resize_112,SMARTPHONE_703104,0,0.438095360994339,real::Smartphone,Smartphone,models/v2/clip_lora_fold2_best_v1.pt,models/v2/v2_10b_h2_balanced_logreg_fold2_v1.joblib
2,resize_112,SMARTPHONE_322163,0,0.8816379904747009,real::Smartphone,Smartphone,models/v2/clip_lora_fold2_best_v1.pt,models/v2/v2_10b_h2_balanced_logreg_fold2_v1.joblib
2,resize_112,SMARTPHONE_342187,0,0.5409334897994995,real::Smartphone,Smartphone,models/v2/clip_lora_fold2_best_v1.pt,models/v2/v2_10b_h2_balanced_logreg_fold2_v1.joblib
2,resize_112,SMARTPHONE_446434,0,0.14794513583183289,real::Smartphone,Smartphone,models/v2/clip_lora_fold2_best_v1.pt,models/v2/v2_10b_h2_balanced_logreg_fold2_v1.joblib
2,resize_112,SMARTPHONE_279138,0,0.4083787798881531,real::Smartphone,Smartphone,models/v2/clip_lora_fold2_best_v1.pt,models/v2/v2_10b_h2_balanced_logreg_fold2_v1.joblib
2,resize_112,SMARTPHONE_85172,0,0.5362635850906372,real::Smartphone,Smartphone,models/v2/clip_lora_fold2_best_v1.pt,models/v2/v2_10b_h2_balanced_logreg_fold2_v1.joblib
2,resize_112,SMARTPHONE_771314,0,0.270928293466568,real::Smartphone,Smartphone,models/v2/clip_lora_fold2_best_v1.pt,models/v2/v2_10b_h2_balanced_logreg_fold2_v1.joblib
2,resize_112,SMARTPHONE_164175,0,0.8436222672462463,real::Smartphone,Smartphone,models/v2/clip_lora_fold2_best_v1.pt,models/v2/v2_10b_h2_balanced_logreg_fold2_v1.joblib
2,resize_112,SMARTPHONE_848798,0,0.18195292353630066,real::Smartphone,Smartphone,models/v2/clip_lora_fold2_best_v1.pt,models/v2/v2_10b_h2_balanced_logreg_fold2_v1.joblib
2,resize_112,SMARTPHONE_131027,0,0.13353726267814636,real::Smartphone,Smartphone,models/v2/clip_lora_fold2_best_v1.pt,models/v2/v2_10b_h2_balanced_logreg_fold2_v1.joblib
2,resize_112,SMARTPHONE_627787,0,0.6681262254714966,real::Smartphone,Smartphone,models/v2/clip_lora_fold2_best_v1.pt,models/v2/v2_10b_h2_balanced_logreg_fold2_v1.joblib
2,resize_112,SMARTPHONE_894385,0,0.9406362175941467,real::Smartphone,Smartphone,models/v2/clip_lora_fold2_best_v1.pt,models/v2/v2_10b_h2_balanced_logreg_fold2_v1.joblib
2,resize_112,SMARTPHONE_291694,0,0.6315969824790955,real::Smartphone,Smartphone,models/v2/clip_lora_fold2_best_v1.pt,models/v2/v2_10b_h2_balanced_logreg_fold2_v1.joblib
2,resize_112,SMARTPHONE_148778,0,0.28259530663490295,real::Smartphone,Smartphone,models/v2/clip_lora_fold2_best_v1.pt,models/v2/v2_10b_h2_balanced_logreg_fold2_v1.joblib
2,resize_112,SMARTPHONE_224522,0,0.6178281903266907,real::Smartphone,Smartphone,models/v2/clip_lora_fold2_best_v1.pt,models/v2/v2_10b_h2_balanced_logreg_fold2_v1.joblib
2,resize_112,SMARTPHONE_175464,0,0.7026422619819641,real::Smartphone,Smartphone,models/v2/clip_lora_fold2_best_v1.pt,models/v2/v2_10b_h2_balanced_logreg_fold2_v1.joblib
2,resize_112,SMARTPHONE_244736,0,0.31089672446250916,real::Smartphone,Smartphone,models/v2/clip_lora_fold2_best_v1.pt,models/v2/v2_10b_h2_balanced_logreg_fold2_v1.joblib
2,resize_112,SMARTPHONE_582569,0,0.036168888211250305,real::Smartphone,Smartphone,models/v2/clip_lora_fold2_best_v1.pt,models/v2/v2_10b_h2_balanced_logreg_fold2_v1.joblib
2,resize_112,SMARTPHONE_431450,0,0.40632423758506775,real::Smartphone,Smartphone,models/v2/clip_lora_fold2_best_v1.pt,models/v2/v2_10b_h2_balanced_logreg_fold2_v1.joblib
2,resize_112,SMARTPHONE_660705,0,0.06607887148857117,real::Smartphone,Smartphone,models/v2/clip_lora_fold2_best_v1.pt,models/v2/v2_10b_h2_balanced_logreg_fold2_v1.joblib
2,resize_112,SMARTPHONE_621214,0,0.9802786111831665,real::Smartphone,Smartphone,models/v2/clip_lora_fold2_best_v1.pt,models/v2/v2_10b_h2_balanced_logreg_fold2_v1.joblib
2,resize_112,SMARTPHONE_359386,0,0.5874494314193726,real::Smartphone,Smartphone,models/v2/clip_lora_fold2_best_v1.pt,models/v2/v2_10b_h2_balanced_logreg_fold2_v1.joblib
2,resize_112,SMARTPHONE_144764,0,0.35533246397972107,real::Smartphone,Smartphone,models/v2/clip_lora_fold2_best_v1.pt,models/v2/v2_10b_h2_balanced_logreg_fold2_v1.joblib
2,resize_112,SMARTPHONE_830594,0,0.408330500125885,real::Smartphone,Smartphone,models/v2/clip_lora_fold2_best_v1.pt,models/v2/v2_10b_h2_balanced_logreg_fold2_v1.joblib
2,resize_112,SMARTPHONE_565837,0,0.9412800669670105,real::Smartphone,Smartphone,models/v2/clip_lora_fold2_best_v1.pt,models/v2/v2_10b_h2_balanced_logreg_fold2_v1.joblib
2,resize_112,SMARTPHONE_661367,0,0.9612972736358643,real::Smartphone,Smartphone,models/v2/clip_lora_fold2_best_v1.pt,models/v2/v2_10b_h2_balanced_logreg_fold2_v1.joblib
2,resize_112,SMARTPHONE_196636,0,0.7862770557403564,real::Smartphone,Smartphone,models/v2/clip_lora_fold2_best_v1.pt,models/v2/v2_10b_h2_balanced_logreg_fold2_v1.joblib
2,resize_112,SMARTPHONE_10637,0,0.7380772233009338,real::Smartphone,Smartphone,models/v2/clip_lora_fold2_best_v1.pt,models/v2/v2_10b_h2_balanced_logreg_fold2_v1.joblib
2,resize_112,SMARTPHONE_304933,0,0.8743568658828735,real::Smartphone,Smartphone,models/v2/clip_lora_fold2_best_v1.pt,models/v2/v2_10b_h2_balanced_logreg_fold2_v1.joblib
2,resize_112,SMARTPHONE_350921,0,0.8935171365737915,real::Smartphone,Smartphone,models/v2/clip_lora_fold2_best_v1.pt,models/v2/v2_10b_h2_balanced_logreg_fold2_v1.joblib
2,resize_112,SMARTPHONE_647201,0,0.41340047121047974,real::Smartphone,Smartphone,models/v2/clip_lora_fold2_best_v1.pt,models/v2/v2_10b_h2_balanced_logreg_fold2_v1.joblib
2,resize_112,SMARTPHONE_657781,0,0.5615009665489197,real::Smartphone,Smartphone,models/v2/clip_lora_fold2_best_v1.pt,models/v2/v2_10b_h2_balanced_logreg_fold2_v1.joblib
2,resize_112,SMARTPHONE_927343,0,0.6317681074142456,real::Smartphone,Smartphone,models/v2/clip_lora_fold2_best_v1.pt,models/v2/v2_10b_h2_balanced_logreg_fold2_v1.joblib
2,resize_112,SMARTPHONE_263012,0,0.38846325874328613,real::Smartphone,Smartphone,models/v2/clip_lora_fold2_best_v1.pt,models/v2/v2_10b_h2_balanced_logreg_fold2_v1.joblib
2,resize_112,SMARTPHONE_26183,0,0.48752257227897644,real::Smartphone,Smartphone,models/v2/clip_lora_fold2_best_v1.pt,models/v2/v2_10b_h2_balanced_logreg_fold2_v1.joblib
2,resize_112,SMARTPHONE_896105,0,0.7593256831169128,real::Smartphone,Smartphone,models/v2/clip_lora_fold2_best_v1.pt,models/v2/v2_10b_h2_balanced_logreg_fold2_v1.joblib
2,resize_112,SMARTPHONE_495631,0,0.2731426954269409,real::Smartphone,Smartphone,models/v2/clip_lora_fold2_best_v1.pt,models/v2/v2_10b_h2_balanced_logreg_fold2_v1.joblib
2,resize_112,SMARTPHONE_67872,0,0.2288644164800644,real::Smartphone,Smartphone,models/v2/clip_lora_fold2_best_v1.pt,models/v2/v2_10b_h2_balanced_logreg_fold2_v1.joblib
2,resize_112,SMARTPHONE_582549,0,0.7306246161460876,real::Smartphone,Smartphone,models/v2/clip_lora_fold2_best_v1.pt,models/v2/v2_10b_h2_balanced_logreg_fold2_v1.joblib
2,resize_112,SMARTPHONE_111678,0,0.23589442670345306,real::Smartphone,Smartphone,models/v2/clip_lora_fold2_best_v1.pt,models/v2/v2_10b_h2_balanced_logreg_fold2_v1.joblib
2,resize_112,SMARTPHONE_473589,0,0.2269555628299713,real::Smartphone,Smartphone,models/v2/clip_lora_fold2_best_v1.pt,models/v2/v2_10b_h2_balanced_logreg_fold2_v1.joblib
2,resize_112,SMARTPHONE_379393,0,0.7911619544029236,real::Smartphone,Smartphone,models/v2/clip_lora_fold2_best_v1.pt,models/v2/v2_10b_h2_balanced_logreg_fold2_v1.joblib
2,resize_112,SMARTPHONE_150987,0,0.7694957852363586,real::Smartphone,Smartphone,models/v2/clip_lora_fold2_best_v1.pt,models/v2/v2_10b_h2_balanced_logreg_fold2_v1.joblib
2,resize_112,SMARTPHONE_360241,0,0.15334336459636688,real::Smartphone,Smartphone,models/v2/clip_lora_fold2_best_v1.pt,models/v2/v2_10b_h2_balanced_logreg_fold2_v1.joblib
2,resize_112,SMARTPHONE_962434,0,0.7527081370353699,real::Smartphone,Smartphone,models/v2/clip_lora_fold2_best_v1.pt,models/v2/v2_10b_h2_balanced_logreg_fold2_v1.joblib
2,resize_112,SMARTPHONE_442519,0,0.33483317494392395,real::Smartphone,Smartphone,models/v2/clip_lora_fold2_best_v1.pt,models/v2/v2_10b_h2_balanced_logreg_fold2_v1.joblib
2,resize_112,SMARTPHONE_582381,0,0.6844304800033569,real::Smartphone,Smartphone,models/v2/clip_lora_fold2_best_v1.pt,models/v2/v2_10b_h2_balanced_logreg_fold2_v1.joblib
2,resize_112,SMARTPHONE_784712,0,0.7528195381164551,real::Smartphone,Smartphone,models/v2/clip_lora_fold2_best_v1.pt,models/v2/v2_10b_h2_balanced_logreg_fold2_v1.joblib
2,resize_112,SMARTPHONE_382687,0,0.4906538128852844,real::Smartphone,Smartphone,models/v2/clip_lora_fold2_best_v1.pt,models/v2/v2_10b_h2_balanced_logreg_fold2_v1.joblib
2,resize_112,SMARTPHONE_369625,0,0.8522851467132568,real::Smartphone,Smartphone,models/v2/clip_lora_fold2_best_v1.pt,models/v2/v2_10b_h2_balanced_logreg_fold2_v1.joblib
2,resize_112,SMARTPHONE_255480,0,0.5626619458198547,real::Smartphone,Smartphone,models/v2/clip_lora_fold2_best_v1.pt,models/v2/v2_10b_h2_balanced_logreg_fold2_v1.joblib
2,resize_112,SMARTPHONE_429017,0,0.8234661817550659,real::Smartphone,Smartphone,models/v2/clip_lora_fold2_best_v1.pt,models/v2/v2_10b_h2_balanced_logreg_fold2_v1.joblib
2,resize_112,SMARTPHONE_384872,0,0.1729864925146103,real::Smartphone,Smartphone,models/v2/clip_lora_fold2_best_v1.pt,models/v2/v2_10b_h2_balanced_logreg_fold2_v1.joblib
2,resize_112,SMARTPHONE_907482,0,0.2459796965122223,real::Smartphone,Smartphone,models/v2/clip_lora_fold2_best_v1.pt,models/v2/v2_10b_h2_balanced_logreg_fold2_v1.joblib
2,resize_112,SMARTPHONE_389287,0,0.400491863489151,real::Smartphone,Smartphone,models/v2/clip_lora_fold2_best_v1.pt,models/v2/v2_10b_h2_balanced_logreg_fold2_v1.joblib
