fold,condition,image_id,y,p_h2,generator_id,real_domain,checkpoint,h2_head
1,blur_sigma2,pilot_000000,0,0.8269358277320862,real::Tiny-GenImage,Tiny,models/v2/clip_lora_fold1_best_v1.pt,models/v2/v2_10b_h2_balanced_logreg_fold1_v1.joblib
1,blur_sigma2,pilot_000001,1,0.8036662340164185,tiny::ADM,,models/v2/clip_lora_fold1_best_v1.pt,models/v2/v2_10b_h2_balanced_logreg_fold1_v1.joblib
1,blur_sigma2,pilot_000009,1,0.9703079462051392,tiny::SD15,,models/v2/clip_lora_fold1_best_v1.pt,models/v2/v2_10b_h2_balanced_logreg_fold1_v1.joblib
1,blur_sigma2,pilot_000015,1,0.9336855411529541,tiny::ADM,,models/v2/clip_lora_fold1_best_v1.pt,models/v2/v2_10b_h2_balanced_logreg_fold1_v1.joblib
1,blur_sigma2,pilot_000018,0,0.8188384175300598,real::Tiny-GenImage,Tiny,models/v2/clip_lora_fold1_best_v1.pt,models/v2/v2_10b_h2_balanced_logreg_fold1_v1.joblib
1,blur_sigma2,pilot_000020,0,0.94173264503479,real::Tiny-GenImage,Tiny,models/v2/clip_lora_fold1_best_v1.pt,models/v2/v2_10b_h2_balanced_logreg_fold1_v1.joblib
1,blur_sigma2,pilot_000022,0,0.9074420928955078,real::Tiny-GenImage,Tiny,models/v2/clip_lora_fold1_best_v1.pt,models/v2/v2_10b_h2_balanced_logreg_fold1_v1.joblib
1,blur_sigma2,pilot_000023,1,0.9609034061431885,tiny::SD15,,models/v2/clip_lora_fold1_best_v1.pt,models/v2/v2_10b_h2_balanced_logreg_fold1_v1.joblib
1,blur_sigma2,pilot_000028,0,0.9603663682937622,real::Tiny-GenImage,Tiny,models/v2/clip_lora_fold1_best_v1.pt,models/v2/v2_10b_h2_balanced_logreg_fold1_v1.joblib
1,blur_sigma2,pilot_000029,1,0.9323425889015198,tiny::ADM,,models/v2/clip_lora_fold1_best_v1.pt,models/v2/v2_10b_h2_balanced_logreg_fold1_v1.joblib
1,blur_sigma2,pilot_000037,1,0.9590743184089661,tiny::SD15,,models/v2/clip_lora_fold1_best_v1.pt,models/v2/v2_10b_h2_balanced_logreg_fold1_v1.joblib
1,blur_sigma2,pilot_000038,0,0.9577844738960266,real::Tiny-GenImage,Tiny,models/v2/clip_lora_fold1_best_v1.pt,models/v2/v2_10b_h2_balanced_logreg_fold1_v1.joblib
1,blur_sigma2,pilot_000043,1,0.8910033702850342,tiny::ADM,,models/v2/clip_lora_fold1_best_v1.pt,models/v2/v2_10b_h2_balanced_logreg_fold1_v1.joblib
1,blur_sigma2,pilot_000051,1,0.9729084968566895,tiny::SD15,,models/v2/clip_lora_fold1_best_v1.pt,models/v2/v2_10b_h2_balanced_logreg_fold1_v1.joblib
1,blur_sigma2,pilot_000057,1,0.9065462350845337,tiny::ADM,,models/v2/clip_lora_fold1_best_v1.pt,models/v2/v2_10b_h2_balanced_logreg_fold1_v1.joblib
1,blur_sigma2,pilot_000062,0,0.9582963585853577,real::Tiny-GenImage,Tiny,models/v2/clip_lora_fold1_best_v1.pt,models/v2/v2_10b_h2_balanced_logreg_fold1_v1.joblib
1,blur_sigma2,pilot_000065,1,0.9701359868049622,tiny::SD15,,models/v2/clip_lora_fold1_best_v1.pt,models/v2/v2_10b_h2_balanced_logreg_fold1_v1.joblib
1,blur_sigma2,pilot_000071,1,0.9512664079666138,tiny::ADM,,models/v2/clip_lora_fold1_best_v1.pt,models/v2/v2_10b_h2_balanced_logreg_fold1_v1.joblib
1,blur_sigma2,pilot_000079,1,0.9722270965576172,tiny::SD15,,models/v2/clip_lora_fold1_best_v1.pt,models/v2/v2_10b_h2_balanced_logreg_fold1_v1.joblib
1,blur_sigma2,pilot_000085,1,0.8742870092391968,tiny::ADM,,models/v2/clip_lora_fold1_best_v1.pt,models/v2/v2_10b_h2_balanced_logreg_fold1_v1.joblib
1,blur_sigma2,pilot_000093,1,0.9674627184867859,tiny::SD15,,models/v2/clip_lora_fold1_best_v1.pt,models/v2/v2_10b_h2_balanced_logreg_fold1_v1.joblib
1,blur_sigma2,pilot_000099,1,0.953967273235321,tiny::ADM,,models/v2/clip_lora_fold1_best_v1.pt,models/v2/v2_10b_h2_balanced_logreg_fold1_v1.joblib
1,blur_sigma2,pilot_000107,1,0.965573251247406,tiny::SD15,,models/v2/clip_lora_fold1_best_v1.pt,models/v2/v2_10b_h2_balanced_logreg_fold1_v1.joblib
1,blur_sigma2,pilot_000112,0,0.9634473323822021,real::Tiny-GenImage,Tiny,models/v2/clip_lora_fold1_best_v1.pt,models/v2/v2_10b_h2_balanced_logreg_fold1_v1.joblib
1,blur_sigma2,pilot_000113,1,0.9339859485626221,tiny::ADM,,models/v2/clip_lora_fold1_best_v1.pt,models/v2/v2_10b_h2_balanced_logreg_fold1_v1.joblib
1,blur_sigma2,pilot_000121,1,0.9598438143730164,tiny::SD15,,models/v2/clip_lora_fold1_best_v1.pt,models/v2/v2_10b_h2_balanced_logreg_fold1_v1.joblib
1,blur_sigma2,pilot_000127,1,0.9673328399658203,tiny::ADM,,models/v2/clip_lora_fold1_best_v1.pt,models/v2/v2_10b_h2_balanced_logreg_fold1_v1.joblib
1,blur_sigma2,pilot_000135,1,0.9487788081169128,tiny::SD15,,models/v2/clip_lora_fold1_best_v1.pt,models/v2/v2_10b_h2_balanced_logreg_fold1_v1.joblib
1,blur_sigma2,pilot_000136,0,0.9659771919250488,real::Tiny-GenImage,Tiny,models/v2/clip_lora_fold1_best_v1.pt,models/v2/v2_10b_h2_balanced_logreg_fold1_v1.joblib
1,blur_sigma2,pilot_000141,1,0.9666203856468201,tiny::ADM,,models/v2/clip_lora_fold1_best_v1.pt,models/v2/v2_10b_h2_balanced_logreg_fold1_v1.joblib
1,blur_sigma2,pilot_000146,0,0.8944373726844788,real::Tiny-GenImage,Tiny,models/v2/clip_lora_fold1_best_v1.pt,models/v2/v2_10b_h2_balanced_logreg_fold1_v1.joblib
1,blur_sigma2,pilot_000149,1,0.8712885975837708,tiny::SD15,,models/v2/clip_lora_fold1_best_v1.pt,models/v2/v2_10b_h2_balanced_logreg_fold1_v1.joblib
1,blur_sigma2,pilot_000154,0,0.9581970572471619,real::Tiny-GenImage,Tiny,models/v2/clip_lora_fold1_best_v1.pt,models/v2/v2_10b_h2_balanced_logreg_fold1_v1.joblib
1,blur_sigma2,pilot_000155,1,0.9512681365013123,tiny::ADM,,models/v2/clip_lora_fold1_best_v1.pt,models/v2/v2_10b_h2_balanced_logreg_fold1_v1.joblib
1,blur_sigma2,pilot_000163,1,0.969573438167572,tiny::SD15,,models/v2/clip_lora_fold1_best_v1.pt,models/v2/v2_10b_h2_balanced_logreg_fold1_v1.joblib
1,blur_sigma2,pilot_000169,1,0.9841958284378052,tiny::ADM,,models/v2/clip_lora_fold1_best_v1.pt,models/v2/v2_10b_h2_balanced_logreg_fold1_v1.joblib
1,blur_sigma2,pilot_000177,1,0.9740532636642456,tiny::SD15,,models/v2/clip_lora_fold1_best_v1.pt,models/v2/v2_10b_h2_balanced_logreg_fold1_v1.joblib
1,blur_sigma2,pilot_000183,1,0.9571170210838318,tiny::ADM,,models/v2/clip_lora_fold1_best_v1.pt,models/v2/v2_10b_h2_balanced_logreg_fold1_v1.joblib
1,blur_sigma2,pilot_000191,1,0.9679883122444153,tiny::SD15,,models/v2/clip_lora_fold1_best_v1.pt,models/v2/v2_10b_h2_balanced_logreg_fold1_v1.joblib
1,blur_sigma2,pilot_000197,1,0.9235351085662842,tiny::ADM,,models/v2/clip_lora_fold1_best_v1.pt,models/v2/v2_10b_h2_balanced_logreg_fold1_v1.joblib
1,blur_sigma2,pilot_000205,1,0.9778013825416565,tiny::SD15,,models/v2/clip_lora_fold1_best_v1.pt,models/v2/v2_10b_h2_balanced_logreg_fold1_v1.joblib
1,blur_sigma2,pilot_000211,1,0.8866900205612183,tiny::ADM,,models/v2/clip_lora_fold1_best_v1.pt,models/v2/v2_10b_h2_balanced_logreg_fold1_v1.joblib
1,blur_sigma2,pilot_000212,0,0.9617300033569336,real::Tiny-GenImage,Tiny,models/v2/clip_lora_fold1_best_v1.pt,models/v2/v2_10b_h2_balanced_logreg_fold1_v1.joblib
1,blur_sigma2,pilot_000219,1,0.9603701829910278,tiny::SD15,,models/v2/clip_lora_fold1_best_v1.pt,models/v2/v2_10b_h2_balanced_logreg_fold1_v1.joblib
1,blur_sigma2,pilot_000225,1,0.9205341935157776,tiny::ADM,,models/v2/clip_lora_fold1_best_v1.pt,models/v2/v2_10b_h2_balanced_logreg_fold1_v1.joblib
1,blur_sigma2,pilot_000233,1,0.9776108860969543,tiny::SD15,,models/v2/clip_lora_fold1_best_v1.pt,models/v2/v2_10b_h2_balanced_logreg_fold1_v1.joblib
1,blur_sigma2,pilot_000234,0,0.8817761540412903,real::Tiny-GenImage,Tiny,models/v2/clip_lora_fold1_best_v1.pt,models/v2/v2_10b_h2_balanced_logreg_fold1_v1.joblib
1,blur_sigma2,pilot_000239,1,0.9568256139755249,tiny::ADM,,models/v2/clip_lora_fold1_best_v1.pt,models/v2/v2_10b_h2_balanced_logreg_fold1_v1.joblib
1,blur_sigma2,pilot_000247,1,0.9842936396598816,tiny::SD15,,models/v2/clip_lora_fold1_best_v1.pt,models/v2/v2_10b_h2_balanced_logreg_fold1_v1.joblib
1,blur_sigma2,pilot_000253,1,0.955331027507782,tiny::ADM,,models/v2/clip_lora_fold1_best_v1.pt,models/v2/v2_10b_h2_balanced_logreg_fold1_v1.joblib
1,blur_sigma2,pilot_000261,1,0.9745180010795593,tiny::SD15,,models/v2/clip_lora_fold1_best_v1.pt,models/v2/v2_10b_h2_balanced_logreg_fold1_v1.joblib
1,blur_sigma2,pilot_000262,0,0.9725019335746765,real::Tiny-GenImage,Tiny,models/v2/clip_lora_fold1_best_v1.pt,models/v2/v2_10b_h2_balanced_logreg_fold1_v1.joblib
1,blur_sigma2,pilot_000267,1,0.9589633941650391,tiny::ADM,,models/v2/clip_lora_fold1_best_v1.pt,models/v2/v2_10b_h2_balanced_logreg_fold1_v1.joblib
1,blur_sigma2,pilot_000275,1,0.9678387641906738,tiny::SD15,,models/v2/clip_lora_fold1_best_v1.pt,models/v2/v2_10b_h2_balanced_logreg_fold1_v1.joblib
1,blur_sigma2,pilot_000276,0,0.935819685459137,real::Tiny-GenImage,Tiny,models/v2/clip_lora_fold1_best_v1.pt,models/v2/v2_10b_h2_balanced_logreg_fold1_v1.joblib
1,blur_sigma2,pilot_000281,1,0.9618810415267944,tiny::ADM,,models/v2/clip_lora_fold1_best_v1.pt,models/v2/v2_10b_h2_balanced_logreg_fold1_v1.joblib
1,blur_sigma2,pilot_000289,1,0.9755229949951172,tiny::SD15,,models/v2/clip_lora_fold1_best_v1.pt,models/v2/v2_10b_h2_balanced_logreg_fold1_v1.joblib
1,blur_sigma2,pilot_000295,1,0.9399988651275635,tiny::ADM,,models/v2/clip_lora_fold1_best_v1.pt,models/v2/v2_10b_h2_balanced_logreg_fold1_v1.joblib
1,blur_sigma2,pilot_000296,0,0.9671387076377869,real::Tiny-GenImage,Tiny,models/v2/clip_lora_fold1_best_v1.pt,models/v2/v2_10b_h2_balanced_logreg_fold1_v1.joblib
1,blur_sigma2,pilot_000303,1,0.9652517437934875,tiny::SD15,,models/v2/clip_lora_fold1_best_v1.pt,models/v2/v2_10b_h2_balanced_logreg_fold1_v1.joblib
1,blur_sigma2,pilot_000309,1,0.9437421560287476,tiny::ADM,,models/v2/clip_lora_fold1_best_v1.pt,models/v2/v2_10b_h2_balanced_logreg_fold1_v1.joblib
1,blur_sigma2,pilot_000310,0,0.9731025099754333,real::Tiny-GenImage,Tiny,models/v2/clip_lora_fold1_best_v1.pt,models/v2/v2_10b_h2_balanced_logreg_fold1_v1.joblib
1,blur_sigma2,pilot_000317,1,0.9727056622505188,tiny::SD15,,models/v2/clip_lora_fold1_best_v1.pt,models/v2/v2_10b_h2_balanced_logreg_fold1_v1.joblib
1,blur_sigma2,pilot_000323,1,0.9319968223571777,tiny::ADM,,models/v2/clip_lora_fold1_best_v1.pt,models/v2/v2_10b_h2_balanced_logreg_fold1_v1.joblib
1,blur_sigma2,pilot_000326,0,0.9732216596603394,real::Tiny-GenImage,Tiny,models/v2/clip_lora_fold1_best_v1.pt,models/v2/v2_10b_h2_balanced_logreg_fold1_v1.joblib
1,blur_sigma2,pilot_000331,1,0.9219727516174316,tiny::SD15,,models/v2/clip_lora_fold1_best_v1.pt,models/v2/v2_10b_h2_balanced_logreg_fold1_v1.joblib
1,blur_sigma2,pilot_000337,1,0.9436613917350769,tiny::ADM,,models/v2/clip_lora_fold1_best_v1.pt,models/v2/v2_10b_h2_balanced_logreg_fold1_v1.joblib
1,blur_sigma2,pilot_000342,0,0.9279953241348267,real::Tiny-GenImage,Tiny,models/v2/clip_lora_fold1_best_v1.pt,models/v2/v2_10b_h2_balanced_logreg_fold1_v1.joblib
1,blur_sigma2,pilot_000345,1,0.9662293195724487,tiny::SD15,,models/v2/clip_lora_fold1_best_v1.pt,models/v2/v2_10b_h2_balanced_logreg_fold1_v1.joblib
1,blur_sigma2,pilot_000351,1,0.9225728511810303,tiny::ADM,,models/v2/clip_lora_fold1_best_v1.pt,models/v2/v2_10b_h2_balanced_logreg_fold1_v1.joblib
1,blur_sigma2,pilot_000354,0,0.9724670648574829,real::Tiny-GenImage,Tiny,models/v2/clip_lora_fold1_best_v1.pt,models/v2/v2_10b_h2_balanced_logreg_fold1_v1.joblib
1,blur_sigma2,pilot_000359,1,0.9708033800125122,tiny::SD15,,models/v2/clip_lora_fold1_best_v1.pt,models/v2/v2_10b_h2_balanced_logreg_fold1_v1.joblib
1,blur_sigma2,pilot_000360,0,0.9545386433601379,real::Tiny-GenImage,Tiny,models/v2/clip_lora_fold1_best_v1.pt,models/v2/v2_10b_h2_balanced_logreg_fold1_v1.joblib
1,blur_sigma2,pilot_000365,1,0.9421723484992981,tiny::ADM,,models/v2/clip_lora_fold1_best_v1.pt,models/v2/v2_10b_h2_balanced_logreg_fold1_v1.joblib
1,blur_sigma2,pilot_000368,0,0.9704575538635254,real::Tiny-GenImage,Tiny,models/v2/clip_lora_fold1_best_v1.pt,models/v2/v2_10b_h2_balanced_logreg_fold1_v1.joblib
1,blur_sigma2,pilot_000372,0,0.9267669916152954,real::Tiny-GenImage,Tiny,models/v2/clip_lora_fold1_best_v1.pt,models/v2/v2_10b_h2_balanced_logreg_fold1_v1.joblib
1,blur_sigma2,pilot_000373,1,0.9643779397010803,tiny::SD15,,models/v2/clip_lora_fold1_best_v1.pt,models/v2/v2_10b_h2_balanced_logreg_fold1_v1.joblib
1,blur_sigma2,pilot_000379,1,0.9114088416099548,tiny::ADM,,models/v2/clip_lora_fold1_best_v1.pt,models/v2/v2_10b_h2_balanced_logreg_fold1_v1.joblib
1,blur_sigma2,pilot_000387,1,0.9722671508789062,tiny::SD15,,models/v2/clip_lora_fold1_best_v1.pt,models/v2/v2_10b_h2_balanced_logreg_fold1_v1.joblib
1,blur_sigma2,pilot_000393,1,0.8646355271339417,tiny::ADM,,models/v2/clip_lora_fold1_best_v1.pt,models/v2/v2_10b_h2_balanced_logreg_fold1_v1.joblib
1,blur_sigma2,pilot_000401,1,0.9667670726776123,tiny::SD15,,models/v2/clip_lora_fold1_best_v1.pt,models/v2/v2_10b_h2_balanced_logreg_fold1_v1.joblib
1,blur_sigma2,pilot_000407,1,0.9402777552604675,tiny::ADM,,models/v2/clip_lora_fold1_best_v1.pt,models/v2/v2_10b_h2_balanced_logreg_fold1_v1.joblib
1,blur_sigma2,pilot_000410,0,0.963892936706543,real::Tiny-GenImage,Tiny,models/v2/clip_lora_fold1_best_v1.pt,models/v2/v2_10b_h2_balanced_logreg_fold1_v1.joblib
1,blur_sigma2,pilot_000415,1,0.9364752173423767,tiny::SD15,,models/v2/clip_lora_fold1_best_v1.pt,models/v2/v2_10b_h2_balanced_logreg_fold1_v1.joblib
1,blur_sigma2,pilot_000421,1,0.8235594034194946,tiny::ADM,,models/v2/clip_lora_fold1_best_v1.pt,models/v2/v2_10b_h2_balanced_logreg_fold1_v1.joblib
1,blur_sigma2,pilot_000429,1,0.9772936701774597,tiny::SD15,,models/v2/clip_lora_fold1_best_v1.pt,models/v2/v2_10b_h2_balanced_logreg_fold1_v1.joblib
1,blur_sigma2,pilot_000435,1,0.833452582359314,tiny::ADM,,models/v2/clip_lora_fold1_best_v1.pt,models/v2/v2_10b_h2_balanced_logreg_fold1_v1.joblib
1,blur_sigma2,pilot_000436,0,0.9613303542137146,real::Tiny-GenImage,Tiny,models/v2/clip_lora_fold1_best_v1.pt,models/v2/v2_10b_h2_balanced_logreg_fold1_v1.joblib
1,blur_sigma2,pilot_000443,1,0.9739726185798645,tiny::SD15,,models/v2/clip_lora_fold1_best_v1.pt,models/v2/v2_10b_h2_balanced_logreg_fold1_v1.joblib
1,blur_sigma2,pilot_000449,1,0.9759240746498108,tiny::ADM,,models/v2/clip_lora_fold1_best_v1.pt,models/v2/v2_10b_h2_balanced_logreg_fold1_v1.joblib
1,blur_sigma2,pilot_000457,1,0.9777660369873047,tiny::SD15,,models/v2/clip_lora_fold1_best_v1.pt,models/v2/v2_10b_h2_balanced_logreg_fold1_v1.joblib
1,blur_sigma2,pilot_000463,1,0.9377337694168091,tiny::ADM,,models/v2/clip_lora_fold1_best_v1.pt,models/v2/v2_10b_h2_balanced_logreg_fold1_v1.joblib
1,blur_sigma2,pilot_000471,1,0.9741668105125427,tiny::SD15,,models/v2/clip_lora_fold1_best_v1.pt,models/v2/v2_10b_h2_balanced_logreg_fold1_v1.joblib
1,blur_sigma2,pilot_000476,0,0.9702674150466919,real::Tiny-GenImage,Tiny,models/v2/clip_lora_fold1_best_v1.pt,models/v2/v2_10b_h2_balanced_logreg_fold1_v1.joblib
1,blur_sigma2,pilot_000477,1,0.9590846300125122,tiny::ADM,,models/v2/clip_lora_fold1_best_v1.pt,models/v2/v2_10b_h2_balanced_logreg_fold1_v1.joblib
1,blur_sigma2,pilot_000478,0,0.9774129986763,real::Tiny-GenImage,Tiny,models/v2/clip_lora_fold1_best_v1.pt,models/v2/v2_10b_h2_balanced_logreg_fold1_v1.joblib
1,blur_sigma2,pilot_000482,0,0.9488123059272766,real::Tiny-GenImage,Tiny,models/v2/clip_lora_fold1_best_v1.pt,models/v2/v2_10b_h2_balanced_logreg_fold1_v1.joblib
1,blur_sigma2,pilot_000485,1,0.9673957824707031,tiny::SD15,,models/v2/clip_lora_fold1_best_v1.pt,models/v2/v2_10b_h2_balanced_logreg_fold1_v1.joblib
1,blur_sigma2,pilot_000486,0,0.9112749099731445,real::Tiny-GenImage,Tiny,models/v2/clip_lora_fold1_best_v1.pt,models/v2/v2_10b_h2_balanced_logreg_fold1_v1.joblib
1,blur_sigma2,pilot_000491,1,0.9244523048400879,tiny::ADM,,models/v2/clip_lora_fold1_best_v1.pt,models/v2/v2_10b_h2_balanced_logreg_fold1_v1.joblib
1,blur_sigma2,pilot_000499,1,0.973983108997345,tiny::SD15,,models/v2/clip_lora_fold1_best_v1.pt,models/v2/v2_10b_h2_balanced_logreg_fold1_v1.joblib
1,blur_sigma2,pilot_000505,1,0.9335594773292542,tiny::ADM,,models/v2/clip_lora_fold1_best_v1.pt,models/v2/v2_10b_h2_balanced_logreg_fold1_v1.joblib
1,blur_sigma2,pilot_000513,1,0.9690337181091309,tiny::SD15,,models/v2/clip_lora_fold1_best_v1.pt,models/v2/v2_10b_h2_balanced_logreg_fold1_v1.joblib
1,blur_sigma2,pilot_000519,1,0.8773523569107056,tiny::ADM,,models/v2/clip_lora_fold1_best_v1.pt,models/v2/v2_10b_h2_balanced_logreg_fold1_v1.joblib
1,blur_sigma2,pilot_000527,1,0.971803605556488,tiny::SD15,,models/v2/clip_lora_fold1_best_v1.pt,models/v2/v2_10b_h2_balanced_logreg_fold1_v1.joblib
1,blur_sigma2,pilot_000533,1,0.9380229711532593,tiny::ADM,,models/v2/clip_lora_fold1_best_v1.pt,models/v2/v2_10b_h2_balanced_logreg_fold1_v1.joblib
1,blur_sigma2,pilot_000541,1,0.9652109742164612,tiny::SD15,,models/v2/clip_lora_fold1_best_v1.pt,models/v2/v2_10b_h2_balanced_logreg_fold1_v1.joblib
1,blur_sigma2,pilot_000547,1,0.8687826991081238,tiny::ADM,,models/v2/clip_lora_fold1_best_v1.pt,models/v2/v2_10b_h2_balanced_logreg_fold1_v1.joblib
1,blur_sigma2,pilot_000548,0,0.9723994135856628,real::Tiny-GenImage,Tiny,models/v2/clip_lora_fold1_best_v1.pt,models/v2/v2_10b_h2_balanced_logreg_fold1_v1.joblib
1,blur_sigma2,pilot_000555,1,0.9584723114967346,tiny::SD15,,models/v2/clip_lora_fold1_best_v1.pt,models/v2/v2_10b_h2_balanced_logreg_fold1_v1.joblib
1,blur_sigma2,pilot_000561,1,0.8513270616531372,tiny::ADM,,models/v2/clip_lora_fold1_best_v1.pt,models/v2/v2_10b_h2_balanced_logreg_fold1_v1.joblib
1,blur_sigma2,pilot_000564,0,0.9600179195404053,real::Tiny-GenImage,Tiny,models/v2/clip_lora_fold1_best_v1.pt,models/v2/v2_10b_h2_balanced_logreg_fold1_v1.joblib
1,blur_sigma2,pilot_000569,1,0.9786348342895508,tiny::SD15,,models/v2/clip_lora_fold1_best_v1.pt,models/v2/v2_10b_h2_balanced_logreg_fold1_v1.joblib
1,blur_sigma2,pilot_000575,1,0.8984283208847046,tiny::ADM,,models/v2/clip_lora_fold1_best_v1.pt,models/v2/v2_10b_h2_balanced_logreg_fold1_v1.joblib
1,blur_sigma2,pilot_000583,1,0.957740068435669,tiny::SD15,,models/v2/clip_lora_fold1_best_v1.pt,models/v2/v2_10b_h2_balanced_logreg_fold1_v1.joblib
1,blur_sigma2,pilot_000589,1,0.9055069088935852,tiny::ADM,,models/v2/clip_lora_fold1_best_v1.pt,models/v2/v2_10b_h2_balanced_logreg_fold1_v1.joblib
1,blur_sigma2,pilot_000594,0,0.9350875616073608,real::Tiny-GenImage,Tiny,models/v2/clip_lora_fold1_best_v1.pt,models/v2/v2_10b_h2_balanced_logreg_fold1_v1.joblib
1,blur_sigma2,pilot_000597,1,0.9000738263130188,tiny::SD15,,models/v2/clip_lora_fold1_best_v1.pt,models/v2/v2_10b_h2_balanced_logreg_fold1_v1.joblib
1,blur_sigma2,pilot_000603,1,0.9405720233917236,tiny::ADM,,models/v2/clip_lora_fold1_best_v1.pt,models/v2/v2_10b_h2_balanced_logreg_fold1_v1.joblib
1,blur_sigma2,pilot_000611,1,0.9504162669181824,tiny::SD15,,models/v2/clip_lora_fold1_best_v1.pt,models/v2/v2_10b_h2_balanced_logreg_fold1_v1.joblib
1,blur_sigma2,pilot_000617,1,0.903539776802063,tiny::ADM,,models/v2/clip_lora_fold1_best_v1.pt,models/v2/v2_10b_h2_balanced_logreg_fold1_v1.joblib
1,blur_sigma2,pilot_000625,1,0.9748018980026245,tiny::SD15,,models/v2/clip_lora_fold1_best_v1.pt,models/v2/v2_10b_h2_balanced_logreg_fold1_v1.joblib
1,blur_sigma2,pilot_000631,1,0.878360390663147,tiny::ADM,,models/v2/clip_lora_fold1_best_v1.pt,models/v2/v2_10b_h2_balanced_logreg_fold1_v1.joblib
1,blur_sigma2,pilot_000632,0,0.8840184211730957,real::Tiny-GenImage,Tiny,models/v2/clip_lora_fold1_best_v1.pt,models/v2/v2_10b_h2_balanced_logreg_fold1_v1.joblib
1,blur_sigma2,pilot_000639,1,0.9669403433799744,tiny::SD15,,models/v2/clip_lora_fold1_best_v1.pt,models/v2/v2_10b_h2_balanced_logreg_fold1_v1.joblib
1,blur_sigma2,pilot_000645,1,0.8899345993995667,tiny::ADM,,models/v2/clip_lora_fold1_best_v1.pt,models/v2/v2_10b_h2_balanced_logreg_fold1_v1.joblib
1,blur_sigma2,pilot_000653,1,0.9789178967475891,tiny::SD15,,models/v2/clip_lora_fold1_best_v1.pt,models/v2/v2_10b_h2_balanced_logreg_fold1_v1.joblib
1,blur_sigma2,pilot_000659,1,0.8422636389732361,tiny::ADM,,models/v2/clip_lora_fold1_best_v1.pt,models/v2/v2_10b_h2_balanced_logreg_fold1_v1.joblib
1,blur_sigma2,pilot_000662,0,0.9717915654182434,real::Tiny-GenImage,Tiny,models/v2/clip_lora_fold1_best_v1.pt,models/v2/v2_10b_h2_balanced_logreg_fold1_v1.joblib
1,blur_sigma2,pilot_000667,1,0.9651769995689392,tiny::SD15,,models/v2/clip_lora_fold1_best_v1.pt,models/v2/v2_10b_h2_balanced_logreg_fold1_v1.joblib
1,blur_sigma2,pilot_000673,1,0.9273496270179749,tiny::ADM,,models/v2/clip_lora_fold1_best_v1.pt,models/v2/v2_10b_h2_balanced_logreg_fold1_v1.joblib
1,blur_sigma2,pilot_000681,1,0.9739199280738831,tiny::SD15,,models/v2/clip_lora_fold1_best_v1.pt,models/v2/v2_10b_h2_balanced_logreg_fold1_v1.joblib
1,blur_sigma2,pilot_000687,1,0.9226506948471069,tiny::ADM,,models/v2/clip_lora_fold1_best_v1.pt,models/v2/v2_10b_h2_balanced_logreg_fold1_v1.joblib
1,blur_sigma2,pilot_000694,0,0.9759830236434937,real::Tiny-GenImage,Tiny,models/v2/clip_lora_fold1_best_v1.pt,models/v2/v2_10b_h2_balanced_logreg_fold1_v1.joblib
1,blur_sigma2,pilot_000695,1,0.9817818403244019,tiny::SD15,,models/v2/clip_lora_fold1_best_v1.pt,models/v2/v2_10b_h2_balanced_logreg_fold1_v1.joblib
1,blur_sigma2,pilot_000701,1,0.9576711058616638,tiny::ADM,,models/v2/clip_lora_fold1_best_v1.pt,models/v2/v2_10b_h2_balanced_logreg_fold1_v1.joblib
1,blur_sigma2,pilot_000709,1,0.9546353220939636,tiny::SD15,,models/v2/clip_lora_fold1_best_v1.pt,models/v2/v2_10b_h2_balanced_logreg_fold1_v1.joblib
1,blur_sigma2,pilot_000715,1,0.934174656867981,tiny::ADM,,models/v2/clip_lora_fold1_best_v1.pt,models/v2/v2_10b_h2_balanced_logreg_fold1_v1.joblib
1,blur_sigma2,pilot_000716,0,0.7775101065635681,real::Tiny-GenImage,Tiny,models/v2/clip_lora_fold1_best_v1.pt,models/v2/v2_10b_h2_balanced_logreg_fold1_v1.joblib
1,blur_sigma2,pilot_000723,1,0.9317469596862793,tiny::SD15,,models/v2/clip_lora_fold1_best_v1.pt,models/v2/v2_10b_h2_balanced_logreg_fold1_v1.joblib
1,blur_sigma2,pilot_000729,1,0.9705815315246582,tiny::ADM,,models/v2/clip_lora_fold1_best_v1.pt,models/v2/v2_10b_h2_balanced_logreg_fold1_v1.joblib
1,blur_sigma2,pilot_000730,0,0.9629426002502441,real::Tiny-GenImage,Tiny,models/v2/clip_lora_fold1_best_v1.pt,models/v2/v2_10b_h2_balanced_logreg_fold1_v1.joblib
1,blur_sigma2,pilot_000737,1,0.9494909048080444,tiny::SD15,,models/v2/clip_lora_fold1_best_v1.pt,models/v2/v2_10b_h2_balanced_logreg_fold1_v1.joblib
1,blur_sigma2,pilot_000743,1,0.9416950345039368,tiny::ADM,,models/v2/clip_lora_fold1_best_v1.pt,models/v2/v2_10b_h2_balanced_logreg_fold1_v1.joblib
1,blur_sigma2,pilot_000748,0,0.8751119375228882,real::Tiny-GenImage,Tiny,models/v2/clip_lora_fold1_best_v1.pt,models/v2/v2_10b_h2_balanced_logreg_fold1_v1.joblib
1,blur_sigma2,pilot_000751,1,0.970738410949707,tiny::SD15,,models/v2/clip_lora_fold1_best_v1.pt,models/v2/v2_10b_h2_balanced_logreg_fold1_v1.joblib
1,blur_sigma2,pilot_000757,1,0.9498207569122314,tiny::ADM,,models/v2/clip_lora_fold1_best_v1.pt,models/v2/v2_10b_h2_balanced_logreg_fold1_v1.joblib
1,blur_sigma2,pilot_000765,1,0.9543285369873047,tiny::SD15,,models/v2/clip_lora_fold1_best_v1.pt,models/v2/v2_10b_h2_balanced_logreg_fold1_v1.joblib
1,blur_sigma2,pilot_000771,1,0.9177864789962769,tiny::ADM,,models/v2/clip_lora_fold1_best_v1.pt,models/v2/v2_10b_h2_balanced_logreg_fold1_v1.joblib
1,blur_sigma2,pilot_000774,0,0.9410582184791565,real::Tiny-GenImage,Tiny,models/v2/clip_lora_fold1_best_v1.pt,models/v2/v2_10b_h2_balanced_logreg_fold1_v1.joblib
1,blur_sigma2,pilot_000778,0,0.9638504385948181,real::Tiny-GenImage,Tiny,models/v2/clip_lora_fold1_best_v1.pt,models/v2/v2_10b_h2_balanced_logreg_fold1_v1.joblib
1,blur_sigma2,pilot_000779,1,0.986588180065155,tiny::SD15,,models/v2/clip_lora_fold1_best_v1.pt,models/v2/v2_10b_h2_balanced_logreg_fold1_v1.joblib
1,blur_sigma2,pilot_000785,1,0.9609464406967163,tiny::ADM,,models/v2/clip_lora_fold1_best_v1.pt,models/v2/v2_10b_h2_balanced_logreg_fold1_v1.joblib
1,blur_sigma2,pilot_000793,1,0.968979001045227,tiny::SD15,,models/v2/clip_lora_fold1_best_v1.pt,models/v2/v2_10b_h2_balanced_logreg_fold1_v1.joblib
1,blur_sigma2,pilot_000796,0,0.9467504024505615,real::Tiny-GenImage,Tiny,models/v2/clip_lora_fold1_best_v1.pt,models/v2/v2_10b_h2_balanced_logreg_fold1_v1.joblib
1,blur_sigma2,pilot_000799,1,0.9015167355537415,tiny::ADM,,models/v2/clip_lora_fold1_best_v1.pt,models/v2/v2_10b_h2_balanced_logreg_fold1_v1.joblib
1,blur_sigma2,pilot_000807,1,0.9654186964035034,tiny::SD15,,models/v2/clip_lora_fold1_best_v1.pt,models/v2/v2_10b_h2_balanced_logreg_fold1_v1.joblib
1,blur_sigma2,pilot_000813,1,0.9399178624153137,tiny::ADM,,models/v2/clip_lora_fold1_best_v1.pt,models/v2/v2_10b_h2_balanced_logreg_fold1_v1.joblib
1,blur_sigma2,pilot_000816,0,0.9621033668518066,real::Tiny-GenImage,Tiny,models/v2/clip_lora_fold1_best_v1.pt,models/v2/v2_10b_h2_balanced_logreg_fold1_v1.joblib
1,blur_sigma2,pilot_000820,0,0.9537993669509888,real::Tiny-GenImage,Tiny,models/v2/clip_lora_fold1_best_v1.pt,models/v2/v2_10b_h2_balanced_logreg_fold1_v1.joblib
1,blur_sigma2,pilot_000821,1,0.9776142835617065,tiny::SD15,,models/v2/clip_lora_fold1_best_v1.pt,models/v2/v2_10b_h2_balanced_logreg_fold1_v1.joblib
1,blur_sigma2,pilot_000826,0,0.9534383416175842,real::Tiny-GenImage,Tiny,models/v2/clip_lora_fold1_best_v1.pt,models/v2/v2_10b_h2_balanced_logreg_fold1_v1.joblib
1,blur_sigma2,pilot_000827,1,0.9021468758583069,tiny::ADM,,models/v2/clip_lora_fold1_best_v1.pt,models/v2/v2_10b_h2_balanced_logreg_fold1_v1.joblib
1,blur_sigma2,pilot_000830,0,0.9841549396514893,real::Tiny-GenImage,Tiny,models/v2/clip_lora_fold1_best_v1.pt,models/v2/v2_10b_h2_balanced_logreg_fold1_v1.joblib
1,blur_sigma2,pilot_000834,0,0.9763327240943909,real::Tiny-GenImage,Tiny,models/v2/clip_lora_fold1_best_v1.pt,models/v2/v2_10b_h2_balanced_logreg_fold1_v1.joblib
1,blur_sigma2,pilot_000835,1,0.9570239782333374,tiny::SD15,,models/v2/clip_lora_fold1_best_v1.pt,models/v2/v2_10b_h2_balanced_logreg_fold1_v1.joblib
1,blur_sigma2,pilot_000840,0,0.9559317827224731,real::Tiny-GenImage,Tiny,models/v2/clip_lora_fold1_best_v1.pt,models/v2/v2_10b_h2_balanced_logreg_fold1_v1.joblib
1,blur_sigma2,pilot_000841,1,0.9518332481384277,tiny::ADM,,models/v2/clip_lora_fold1_best_v1.pt,models/v2/v2_10b_h2_balanced_logreg_fold1_v1.joblib
1,blur_sigma2,pilot_000849,1,0.9694932103157043,tiny::SD15,,models/v2/clip_lora_fold1_best_v1.pt,models/v2/v2_10b_h2_balanced_logreg_fold1_v1.joblib
1,blur_sigma2,pilot_000855,1,0.9560790657997131,tiny::ADM,,models/v2/clip_lora_fold1_best_v1.pt,models/v2/v2_10b_h2_balanced_logreg_fold1_v1.joblib
1,blur_sigma2,pilot_000863,1,0.9595276117324829,tiny::SD15,,models/v2/clip_lora_fold1_best_v1.pt,models/v2/v2_10b_h2_balanced_logreg_fold1_v1.joblib
1,blur_sigma2,pilot_000869,1,0.864659309387207,tiny::ADM,,models/v2/clip_lora_fold1_best_v1.pt,models/v2/v2_10b_h2_balanced_logreg_fold1_v1.joblib
1,blur_sigma2,pilot_000877,1,0.9614385366439819,tiny::SD15,,models/v2/clip_lora_fold1_best_v1.pt,models/v2/v2_10b_h2_balanced_logreg_fold1_v1.joblib
1,blur_sigma2,pilot_000878,0,0.9497396945953369,real::Tiny-GenImage,Tiny,models/v2/clip_lora_fold1_best_v1.pt,models/v2/v2_10b_h2_balanced_logreg_fold1_v1.joblib
1,blur_sigma2,pilot_000883,1,0.9704015254974365,tiny::ADM,,models/v2/clip_lora_fold1_best_v1.pt,models/v2/v2_10b_h2_balanced_logreg_fold1_v1.joblib
1,blur_sigma2,pilot_000891,1,0.96523118019104,tiny::SD15,,models/v2/clip_lora_fold1_best_v1.pt,models/v2/v2_10b_h2_balanced_logreg_fold1_v1.joblib
1,blur_sigma2,pilot_000894,0,0.9760133028030396,real::Tiny-GenImage,Tiny,models/v2/clip_lora_fold1_best_v1.pt,models/v2/v2_10b_h2_balanced_logreg_fold1_v1.joblib
1,blur_sigma2,pilot_000897,1,0.9389190673828125,tiny::ADM,,models/v2/clip_lora_fold1_best_v1.pt,models/v2/v2_10b_h2_balanced_logreg_fold1_v1.joblib
1,blur_sigma2,pilot_000902,0,0.9625744223594666,real::Tiny-GenImage,Tiny,models/v2/clip_lora_fold1_best_v1.pt,models/v2/v2_10b_h2_balanced_logreg_fold1_v1.joblib
1,blur_sigma2,pilot_000905,1,0.9696322679519653,tiny::SD15,,models/v2/clip_lora_fold1_best_v1.pt,models/v2/v2_10b_h2_balanced_logreg_fold1_v1.joblib
1,blur_sigma2,pilot_000908,0,0.9515818357467651,real::Tiny-GenImage,Tiny,models/v2/clip_lora_fold1_best_v1.pt,models/v2/v2_10b_h2_balanced_logreg_fold1_v1.joblib
1,blur_sigma2,pilot_000911,1,0.535834789276123,tiny::ADM,,models/v2/clip_lora_fold1_best_v1.pt,models/v2/v2_10b_h2_balanced_logreg_fold1_v1.joblib
1,blur_sigma2,pilot_000919,1,0.9692102670669556,tiny::SD15,,models/v2/clip_lora_fold1_best_v1.pt,models/v2/v2_10b_h2_balanced_logreg_fold1_v1.joblib
1,blur_sigma2,pilot_000925,1,0.8351243138313293,tiny::ADM,,models/v2/clip_lora_fold1_best_v1.pt,models/v2/v2_10b_h2_balanced_logreg_fold1_v1.joblib
1,blur_sigma2,pilot_000926,0,0.956943929195404,real::Tiny-GenImage,Tiny,models/v2/clip_lora_fold1_best_v1.pt,models/v2/v2_10b_h2_balanced_logreg_fold1_v1.joblib
1,blur_sigma2,pilot_000933,1,0.9841614961624146,tiny::SD15,,models/v2/clip_lora_fold1_best_v1.pt,models/v2/v2_10b_h2_balanced_logreg_fold1_v1.joblib
1,blur_sigma2,pilot_000939,1,0.9516982436180115,tiny::ADM,,models/v2/clip_lora_fold1_best_v1.pt,models/v2/v2_10b_h2_balanced_logreg_fold1_v1.joblib
1,blur_sigma2,pilot_000947,1,0.9369109869003296,tiny::SD15,,models/v2/clip_lora_fold1_best_v1.pt,models/v2/v2_10b_h2_balanced_logreg_fold1_v1.joblib
1,blur_sigma2,pilot_000952,0,0.9751205444335938,real::Tiny-GenImage,Tiny,models/v2/clip_lora_fold1_best_v1.pt,models/v2/v2_10b_h2_balanced_logreg_fold1_v1.joblib
1,blur_sigma2,pilot_000953,1,0.9642879366874695,tiny::ADM,,models/v2/clip_lora_fold1_best_v1.pt,models/v2/v2_10b_h2_balanced_logreg_fold1_v1.joblib
1,blur_sigma2,pilot_000960,0,0.8943803310394287,real::Tiny-GenImage,Tiny,models/v2/clip_lora_fold1_best_v1.pt,models/v2/v2_10b_h2_balanced_logreg_fold1_v1.joblib
1,blur_sigma2,pilot_000961,1,0.9443447589874268,tiny::SD15,,models/v2/clip_lora_fold1_best_v1.pt,models/v2/v2_10b_h2_balanced_logreg_fold1_v1.joblib
1,blur_sigma2,pilot_000967,1,0.9456099271774292,tiny::ADM,,models/v2/clip_lora_fold1_best_v1.pt,models/v2/v2_10b_h2_balanced_logreg_fold1_v1.joblib
1,blur_sigma2,pilot_000975,1,0.9850518703460693,tiny::SD15,,models/v2/clip_lora_fold1_best_v1.pt,models/v2/v2_10b_h2_balanced_logreg_fold1_v1.joblib
1,blur_sigma2,pilot_000981,1,0.952110230922699,tiny::ADM,,models/v2/clip_lora_fold1_best_v1.pt,models/v2/v2_10b_h2_balanced_logreg_fold1_v1.joblib
1,blur_sigma2,pilot_000989,1,0.9808571338653564,tiny::SD15,,models/v2/clip_lora_fold1_best_v1.pt,models/v2/v2_10b_h2_balanced_logreg_fold1_v1.joblib
1,blur_sigma2,pilot_000990,0,0.9617489576339722,real::Tiny-GenImage,Tiny,models/v2/clip_lora_fold1_best_v1.pt,models/v2/v2_10b_h2_balanced_logreg_fold1_v1.joblib
1,blur_sigma2,pilot_000995,1,0.9671609997749329,tiny::ADM,,models/v2/clip_lora_fold1_best_v1.pt,models/v2/v2_10b_h2_balanced_logreg_fold1_v1.joblib
1,blur_sigma2,pilot_000996,0,0.9631051421165466,real::Tiny-GenImage,Tiny,models/v2/clip_lora_fold1_best_v1.pt,models/v2/v2_10b_h2_balanced_logreg_fold1_v1.joblib
1,blur_sigma2,pilot_001003,1,0.9819589257240295,tiny::SD15,,models/v2/clip_lora_fold1_best_v1.pt,models/v2/v2_10b_h2_balanced_logreg_fold1_v1.joblib
1,blur_sigma2,pilot_001009,1,0.9462096095085144,tiny::ADM,,models/v2/clip_lora_fold1_best_v1.pt,models/v2/v2_10b_h2_balanced_logreg_fold1_v1.joblib
1,blur_sigma2,pilot_001016,0,0.986156165599823,real::Tiny-GenImage,Tiny,models/v2/clip_lora_fold1_best_v1.pt,models/v2/v2_10b_h2_balanced_logreg_fold1_v1.joblib
1,blur_sigma2,pilot_001017,1,0.9849264621734619,tiny::SD15,,models/v2/clip_lora_fold1_best_v1.pt,models/v2/v2_10b_h2_balanced_logreg_fold1_v1.joblib
1,blur_sigma2,pilot_001022,0,0.9553642272949219,real::Tiny-GenImage,Tiny,models/v2/clip_lora_fold1_best_v1.pt,models/v2/v2_10b_h2_balanced_logreg_fold1_v1.joblib
1,blur_sigma2,pilot_001023,1,0.9476383328437805,tiny::ADM,,models/v2/clip_lora_fold1_best_v1.pt,models/v2/v2_10b_h2_balanced_logreg_fold1_v1.joblib
1,blur_sigma2,pilot_001024,0,0.9816238284111023,real::Tiny-GenImage,Tiny,models/v2/clip_lora_fold1_best_v1.pt,models/v2/v2_10b_h2_balanced_logreg_fold1_v1.joblib
1,blur_sigma2,pilot_001031,1,0.971396267414093,tiny::SD15,,models/v2/clip_lora_fold1_best_v1.pt,models/v2/v2_10b_h2_balanced_logreg_fold1_v1.joblib
1,blur_sigma2,pilot_001037,1,0.9372783899307251,tiny::ADM,,models/v2/clip_lora_fold1_best_v1.pt,models/v2/v2_10b_h2_balanced_logreg_fold1_v1.joblib
1,blur_sigma2,pilot_001038,0,0.7842591404914856,real::Tiny-GenImage,Tiny,models/v2/clip_lora_fold1_best_v1.pt,models/v2/v2_10b_h2_balanced_logreg_fold1_v1.joblib
1,blur_sigma2,pilot_001042,0,0.8543512225151062,real::Tiny-GenImage,Tiny,models/v2/clip_lora_fold1_best_v1.pt,models/v2/v2_10b_h2_balanced_logreg_fold1_v1.joblib
1,blur_sigma2,pilot_001045,1,0.9901872277259827,tiny::SD15,,models/v2/clip_lora_fold1_best_v1.pt,models/v2/v2_10b_h2_balanced_logreg_fold1_v1.joblib
1,blur_sigma2,pilot_001051,1,0.9796921610832214,tiny::ADM,,models/v2/clip_lora_fold1_best_v1.pt,models/v2/v2_10b_h2_balanced_logreg_fold1_v1.joblib
1,blur_sigma2,pilot_001054,0,0.9672616124153137,real::Tiny-GenImage,Tiny,models/v2/clip_lora_fold1_best_v1.pt,models/v2/v2_10b_h2_balanced_logreg_fold1_v1.joblib
1,blur_sigma2,pilot_001059,1,0.9832941293716431,tiny::SD15,,models/v2/clip_lora_fold1_best_v1.pt,models/v2/v2_10b_h2_balanced_logreg_fold1_v1.joblib
1,blur_sigma2,pilot_001065,1,0.9661692380905151,tiny::ADM,,models/v2/clip_lora_fold1_best_v1.pt,models/v2/v2_10b_h2_balanced_logreg_fold1_v1.joblib
1,blur_sigma2,pilot_001068,0,0.7863941788673401,real::Tiny-GenImage,Tiny,models/v2/clip_lora_fold1_best_v1.pt,models/v2/v2_10b_h2_balanced_logreg_fold1_v1.joblib
1,blur_sigma2,pilot_001070,0,0.8639182448387146,real::Tiny-GenImage,Tiny,models/v2/clip_lora_fold1_best_v1.pt,models/v2/v2_10b_h2_balanced_logreg_fold1_v1.joblib
1,blur_sigma2,pilot_001073,1,0.9780269861221313,tiny::SD15,,models/v2/clip_lora_fold1_best_v1.pt,models/v2/v2_10b_h2_balanced_logreg_fold1_v1.joblib
1,blur_sigma2,pilot_001076,0,0.9162670373916626,real::Tiny-GenImage,Tiny,models/v2/clip_lora_fold1_best_v1.pt,models/v2/v2_10b_h2_balanced_logreg_fold1_v1.joblib
1,blur_sigma2,pilot_001079,1,0.9040508270263672,tiny::ADM,,models/v2/clip_lora_fold1_best_v1.pt,models/v2/v2_10b_h2_balanced_logreg_fold1_v1.joblib
1,blur_sigma2,pilot_001086,0,0.9166596531867981,real::Tiny-GenImage,Tiny,models/v2/clip_lora_fold1_best_v1.pt,models/v2/v2_10b_h2_balanced_logreg_fold1_v1.joblib
1,blur_sigma2,pilot_001087,1,0.9592641592025757,tiny::SD15,,models/v2/clip_lora_fold1_best_v1.pt,models/v2/v2_10b_h2_balanced_logreg_fold1_v1.joblib
1,blur_sigma2,pilot_001093,1,0.9434114694595337,tiny::ADM,,models/v2/clip_lora_fold1_best_v1.pt,models/v2/v2_10b_h2_balanced_logreg_fold1_v1.joblib
1,blur_sigma2,pilot_001101,1,0.9639648199081421,tiny::SD15,,models/v2/clip_lora_fold1_best_v1.pt,models/v2/v2_10b_h2_balanced_logreg_fold1_v1.joblib
1,blur_sigma2,pilot_001102,0,0.9726302623748779,real::Tiny-GenImage,Tiny,models/v2/clip_lora_fold1_best_v1.pt,models/v2/v2_10b_h2_balanced_logreg_fold1_v1.joblib
1,blur_sigma2,pilot_001107,1,0.9683006405830383,tiny::ADM,,models/v2/clip_lora_fold1_best_v1.pt,models/v2/v2_10b_h2_balanced_logreg_fold1_v1.joblib
1,blur_sigma2,pilot_001115,1,0.9655698537826538,tiny::SD15,,models/v2/clip_lora_fold1_best_v1.pt,models/v2/v2_10b_h2_balanced_logreg_fold1_v1.joblib
1,blur_sigma2,pilot_001121,1,0.9586970806121826,tiny::ADM,,models/v2/clip_lora_fold1_best_v1.pt,models/v2/v2_10b_h2_balanced_logreg_fold1_v1.joblib
1,blur_sigma2,pilot_001128,0,0.9599583148956299,real::Tiny-GenImage,Tiny,models/v2/clip_lora_fold1_best_v1.pt,models/v2/v2_10b_h2_balanced_logreg_fold1_v1.joblib
1,blur_sigma2,pilot_001129,1,0.9409927725791931,tiny::SD15,,models/v2/clip_lora_fold1_best_v1.pt,models/v2/v2_10b_h2_balanced_logreg_fold1_v1.joblib
1,blur_sigma2,pilot_001130,0,0.9345139265060425,real::Tiny-GenImage,Tiny,models/v2/clip_lora_fold1_best_v1.pt,models/v2/v2_10b_h2_balanced_logreg_fold1_v1.joblib
1,blur_sigma2,pilot_001132,0,0.9013693332672119,real::Tiny-GenImage,Tiny,models/v2/clip_lora_fold1_best_v1.pt,models/v2/v2_10b_h2_balanced_logreg_fold1_v1.joblib
1,blur_sigma2,pilot_001135,1,0.8909585475921631,tiny::ADM,,models/v2/clip_lora_fold1_best_v1.pt,models/v2/v2_10b_h2_balanced_logreg_fold1_v1.joblib
1,blur_sigma2,pilot_001143,1,0.9395301342010498,tiny::SD15,,models/v2/clip_lora_fold1_best_v1.pt,models/v2/v2_10b_h2_balanced_logreg_fold1_v1.joblib
1,blur_sigma2,pilot_001149,1,0.9791575074195862,tiny::ADM,,models/v2/clip_lora_fold1_best_v1.pt,models/v2/v2_10b_h2_balanced_logreg_fold1_v1.joblib
1,blur_sigma2,pilot_001157,1,0.9155991077423096,tiny::SD15,,models/v2/clip_lora_fold1_best_v1.pt,models/v2/v2_10b_h2_balanced_logreg_fold1_v1.joblib
1,blur_sigma2,pilot_001163,1,0.9172690510749817,tiny::ADM,,models/v2/clip_lora_fold1_best_v1.pt,models/v2/v2_10b_h2_balanced_logreg_fold1_v1.joblib
1,blur_sigma2,pilot_001164,0,0.9422985315322876,real::Tiny-GenImage,Tiny,models/v2/clip_lora_fold1_best_v1.pt,models/v2/v2_10b_h2_balanced_logreg_fold1_v1.joblib
1,blur_sigma2,pilot_001170,0,0.943192720413208,real::Tiny-GenImage,Tiny,models/v2/clip_lora_fold1_best_v1.pt,models/v2/v2_10b_h2_balanced_logreg_fold1_v1.joblib
1,blur_sigma2,pilot_001171,1,0.9504693746566772,tiny::SD15,,models/v2/clip_lora_fold1_best_v1.pt,models/v2/v2_10b_h2_balanced_logreg_fold1_v1.joblib
1,blur_sigma2,pilot_001172,0,0.9551105499267578,real::Tiny-GenImage,Tiny,models/v2/clip_lora_fold1_best_v1.pt,models/v2/v2_10b_h2_balanced_logreg_fold1_v1.joblib
1,blur_sigma2,pilot_001176,0,0.9519644379615784,real::Tiny-GenImage,Tiny,models/v2/clip_lora_fold1_best_v1.pt,models/v2/v2_10b_h2_balanced_logreg_fold1_v1.joblib
1,blur_sigma2,pilot_001177,1,0.9251005053520203,tiny::ADM,,models/v2/clip_lora_fold1_best_v1.pt,models/v2/v2_10b_h2_balanced_logreg_fold1_v1.joblib
1,blur_sigma2,pilot_001185,1,0.9832705855369568,tiny::SD15,,models/v2/clip_lora_fold1_best_v1.pt,models/v2/v2_10b_h2_balanced_logreg_fold1_v1.joblib
1,blur_sigma2,pilot_001191,1,0.9716411828994751,tiny::ADM,,models/v2/clip_lora_fold1_best_v1.pt,models/v2/v2_10b_h2_balanced_logreg_fold1_v1.joblib
1,blur_sigma2,pilot_001199,1,0.9492185711860657,tiny::SD15,,models/v2/clip_lora_fold1_best_v1.pt,models/v2/v2_10b_h2_balanced_logreg_fold1_v1.joblib
1,blur_sigma2,pilot_001204,0,0.8494980335235596,real::Tiny-GenImage,Tiny,models/v2/clip_lora_fold1_best_v1.pt,models/v2/v2_10b_h2_balanced_logreg_fold1_v1.joblib
1,blur_sigma2,pilot_001205,1,0.955098032951355,tiny::ADM,,models/v2/clip_lora_fold1_best_v1.pt,models/v2/v2_10b_h2_balanced_logreg_fold1_v1.joblib
1,blur_sigma2,pilot_001213,1,0.9653863906860352,tiny::SD15,,models/v2/clip_lora_fold1_best_v1.pt,models/v2/v2_10b_h2_balanced_logreg_fold1_v1.joblib
1,blur_sigma2,pilot_001219,1,0.9271336793899536,tiny::ADM,,models/v2/clip_lora_fold1_best_v1.pt,models/v2/v2_10b_h2_balanced_logreg_fold1_v1.joblib
1,blur_sigma2,pilot_001227,1,0.9568316340446472,tiny::SD15,,models/v2/clip_lora_fold1_best_v1.pt,models/v2/v2_10b_h2_balanced_logreg_fold1_v1.joblib
1,blur_sigma2,pilot_001233,1,0.8812443614006042,tiny::ADM,,models/v2/clip_lora_fold1_best_v1.pt,models/v2/v2_10b_h2_balanced_logreg_fold1_v1.joblib
1,blur_sigma2,pilot_001241,1,0.9219385385513306,tiny::SD15,,models/v2/clip_lora_fold1_best_v1.pt,models/v2/v2_10b_h2_balanced_logreg_fold1_v1.joblib
1,blur_sigma2,pilot_001247,1,0.9599968791007996,tiny::ADM,,models/v2/clip_lora_fold1_best_v1.pt,models/v2/v2_10b_h2_balanced_logreg_fold1_v1.joblib
1,blur_sigma2,pilot_001255,1,0.9632877111434937,tiny::SD15,,models/v2/clip_lora_fold1_best_v1.pt,models/v2/v2_10b_h2_balanced_logreg_fold1_v1.joblib
1,blur_sigma2,pilot_001256,0,0.9685807824134827,real::Tiny-GenImage,Tiny,models/v2/clip_lora_fold1_best_v1.pt,models/v2/v2_10b_h2_balanced_logreg_fold1_v1.joblib
1,blur_sigma2,pilot_001261,1,0.9598517417907715,tiny::ADM,,models/v2/clip_lora_fold1_best_v1.pt,models/v2/v2_10b_h2_balanced_logreg_fold1_v1.joblib
1,blur_sigma2,pilot_001269,1,0.964922308921814,tiny::SD15,,models/v2/clip_lora_fold1_best_v1.pt,models/v2/v2_10b_h2_balanced_logreg_fold1_v1.joblib
1,blur_sigma2,pilot_001275,1,0.9567918181419373,tiny::ADM,,models/v2/clip_lora_fold1_best_v1.pt,models/v2/v2_10b_h2_balanced_logreg_fold1_v1.joblib
1,blur_sigma2,pilot_001283,1,0.9632079601287842,tiny::SD15,,models/v2/clip_lora_fold1_best_v1.pt,models/v2/v2_10b_h2_balanced_logreg_fold1_v1.joblib
1,blur_sigma2,pilot_001284,0,0.9564855694770813,real::Tiny-GenImage,Tiny,models/v2/clip_lora_fold1_best_v1.pt,models/v2/v2_10b_h2_balanced_logreg_fold1_v1.joblib
1,blur_sigma2,pilot_001289,1,0.9669626355171204,tiny::ADM,,models/v2/clip_lora_fold1_best_v1.pt,models/v2/v2_10b_h2_balanced_logreg_fold1_v1.joblib
1,blur_sigma2,pilot_001292,0,0.9328870177268982,real::Tiny-GenImage,Tiny,models/v2/clip_lora_fold1_best_v1.pt,models/v2/v2_10b_h2_balanced_logreg_fold1_v1.joblib
1,blur_sigma2,pilot_001297,1,0.966693639755249,tiny::SD15,,models/v2/clip_lora_fold1_best_v1.pt,models/v2/v2_10b_h2_balanced_logreg_fold1_v1.joblib
1,blur_sigma2,pilot_001303,1,0.9479184150695801,tiny::ADM,,models/v2/clip_lora_fold1_best_v1.pt,models/v2/v2_10b_h2_balanced_logreg_fold1_v1.joblib
1,blur_sigma2,pilot_001311,1,0.9552499651908875,tiny::SD15,,models/v2/clip_lora_fold1_best_v1.pt,models/v2/v2_10b_h2_balanced_logreg_fold1_v1.joblib
1,blur_sigma2,pilot_001317,1,0.9470312595367432,tiny::ADM,,models/v2/clip_lora_fold1_best_v1.pt,models/v2/v2_10b_h2_balanced_logreg_fold1_v1.joblib
1,blur_sigma2,pilot_001325,1,0.9545355439186096,tiny::SD15,,models/v2/clip_lora_fold1_best_v1.pt,models/v2/v2_10b_h2_balanced_logreg_fold1_v1.joblib
1,blur_sigma2,pilot_001331,1,0.9543153047561646,tiny::ADM,,models/v2/clip_lora_fold1_best_v1.pt,models/v2/v2_10b_h2_balanced_logreg_fold1_v1.joblib
1,blur_sigma2,pilot_001339,1,0.9705979228019714,tiny::SD15,,models/v2/clip_lora_fold1_best_v1.pt,models/v2/v2_10b_h2_balanced_logreg_fold1_v1.joblib
1,blur_sigma2,pilot_001345,1,0.9848979115486145,tiny::ADM,,models/v2/clip_lora_fold1_best_v1.pt,models/v2/v2_10b_h2_balanced_logreg_fold1_v1.joblib
1,blur_sigma2,pilot_001353,1,0.9553671479225159,tiny::SD15,,models/v2/clip_lora_fold1_best_v1.pt,models/v2/v2_10b_h2_balanced_logreg_fold1_v1.joblib
1,blur_sigma2,pilot_001359,1,0.9625552296638489,tiny::ADM,,models/v2/clip_lora_fold1_best_v1.pt,models/v2/v2_10b_h2_balanced_logreg_fold1_v1.joblib
1,blur_sigma2,pilot_001367,1,0.9740371108055115,tiny::SD15,,models/v2/clip_lora_fold1_best_v1.pt,models/v2/v2_10b_h2_balanced_logreg_fold1_v1.joblib
1,blur_sigma2,pilot_001373,1,0.9493969082832336,tiny::ADM,,models/v2/clip_lora_fold1_best_v1.pt,models/v2/v2_10b_h2_balanced_logreg_fold1_v1.joblib
1,blur_sigma2,pilot_001381,1,0.9654144644737244,tiny::SD15,,models/v2/clip_lora_fold1_best_v1.pt,models/v2/v2_10b_h2_balanced_logreg_fold1_v1.joblib
1,blur_sigma2,pilot_001386,0,0.9763556122779846,real::Tiny-GenImage,Tiny,models/v2/clip_lora_fold1_best_v1.pt,models/v2/v2_10b_h2_balanced_logreg_fold1_v1.joblib
1,blur_sigma2,pilot_001387,1,0.982353925704956,tiny::ADM,,models/v2/clip_lora_fold1_best_v1.pt,models/v2/v2_10b_h2_balanced_logreg_fold1_v1.joblib
1,blur_sigma2,pilot_001390,0,0.9770018458366394,real::Tiny-GenImage,Tiny,models/v2/clip_lora_fold1_best_v1.pt,models/v2/v2_10b_h2_balanced_logreg_fold1_v1.joblib
1,blur_sigma2,pilot_001392,0,0.9682362079620361,real::Tiny-GenImage,Tiny,models/v2/clip_lora_fold1_best_v1.pt,models/v2/v2_10b_h2_balanced_logreg_fold1_v1.joblib
1,blur_sigma2,pilot_001395,1,0.9606798887252808,tiny::SD15,,models/v2/clip_lora_fold1_best_v1.pt,models/v2/v2_10b_h2_balanced_logreg_fold1_v1.joblib
1,blur_sigma2,pilot_001400,0,0.9638903737068176,real::Tiny-GenImage,Tiny,models/v2/clip_lora_fold1_best_v1.pt,models/v2/v2_10b_h2_balanced_logreg_fold1_v1.joblib
1,blur_sigma2,pilot_001401,1,0.9887368083000183,tiny::ADM,,models/v2/clip_lora_fold1_best_v1.pt,models/v2/v2_10b_h2_balanced_logreg_fold1_v1.joblib
1,blur_sigma2,pilot_001409,1,0.9686276316642761,tiny::SD15,,models/v2/clip_lora_fold1_best_v1.pt,models/v2/v2_10b_h2_balanced_logreg_fold1_v1.joblib
1,blur_sigma2,pilot_001410,0,0.9598797559738159,real::Tiny-GenImage,Tiny,models/v2/clip_lora_fold1_best_v1.pt,models/v2/v2_10b_h2_balanced_logreg_fold1_v1.joblib
1,blur_sigma2,pilot_001415,1,0.9482943415641785,tiny::ADM,,models/v2/clip_lora_fold1_best_v1.pt,models/v2/v2_10b_h2_balanced_logreg_fold1_v1.joblib
1,blur_sigma2,pilot_001422,0,0.9564266800880432,real::Tiny-GenImage,Tiny,models/v2/clip_lora_fold1_best_v1.pt,models/v2/v2_10b_h2_balanced_logreg_fold1_v1.joblib
1,blur_sigma2,pilot_001423,1,0.9658544063568115,tiny::SD15,,models/v2/clip_lora_fold1_best_v1.pt,models/v2/v2_10b_h2_balanced_logreg_fold1_v1.joblib
1,blur_sigma2,pilot_001424,0,0.9094205498695374,real::Tiny-GenImage,Tiny,models/v2/clip_lora_fold1_best_v1.pt,models/v2/v2_10b_h2_balanced_logreg_fold1_v1.joblib
1,blur_sigma2,pilot_001429,1,0.9654742479324341,tiny::ADM,,models/v2/clip_lora_fold1_best_v1.pt,models/v2/v2_10b_h2_balanced_logreg_fold1_v1.joblib
1,blur_sigma2,pilot_001437,1,0.9439079165458679,tiny::SD15,,models/v2/clip_lora_fold1_best_v1.pt,models/v2/v2_10b_h2_balanced_logreg_fold1_v1.joblib
1,blur_sigma2,pilot_001443,1,0.9680935144424438,tiny::ADM,,models/v2/clip_lora_fold1_best_v1.pt,models/v2/v2_10b_h2_balanced_logreg_fold1_v1.joblib
1,blur_sigma2,pilot_001446,0,0.8886626958847046,real::Tiny-GenImage,Tiny,models/v2/clip_lora_fold1_best_v1.pt,models/v2/v2_10b_h2_balanced_logreg_fold1_v1.joblib
1,blur_sigma2,pilot_001448,0,0.9559189081192017,real::Tiny-GenImage,Tiny,models/v2/clip_lora_fold1_best_v1.pt,models/v2/v2_10b_h2_balanced_logreg_fold1_v1.joblib
1,blur_sigma2,pilot_001451,1,0.9840821027755737,tiny::SD15,,models/v2/clip_lora_fold1_best_v1.pt,models/v2/v2_10b_h2_balanced_logreg_fold1_v1.joblib
1,blur_sigma2,pilot_001457,1,0.9169793725013733,tiny::ADM,,models/v2/clip_lora_fold1_best_v1.pt,models/v2/v2_10b_h2_balanced_logreg_fold1_v1.joblib
1,blur_sigma2,pilot_001465,1,0.9566636085510254,tiny::SD15,,models/v2/clip_lora_fold1_best_v1.pt,models/v2/v2_10b_h2_balanced_logreg_fold1_v1.joblib
1,blur_sigma2,pilot_001471,1,0.9755402207374573,tiny::ADM,,models/v2/clip_lora_fold1_best_v1.pt,models/v2/v2_10b_h2_balanced_logreg_fold1_v1.joblib
1,blur_sigma2,pilot_001472,0,0.9569801688194275,real::Tiny-GenImage,Tiny,models/v2/clip_lora_fold1_best_v1.pt,models/v2/v2_10b_h2_balanced_logreg_fold1_v1.joblib
1,blur_sigma2,pilot_001479,1,0.967891275882721,tiny::SD15,,models/v2/clip_lora_fold1_best_v1.pt,models/v2/v2_10b_h2_balanced_logreg_fold1_v1.joblib
1,blur_sigma2,pilot_001485,1,0.9590877294540405,tiny::ADM,,models/v2/clip_lora_fold1_best_v1.pt,models/v2/v2_10b_h2_balanced_logreg_fold1_v1.joblib
1,blur_sigma2,pilot_001493,1,0.953416109085083,tiny::SD15,,models/v2/clip_lora_fold1_best_v1.pt,models/v2/v2_10b_h2_balanced_logreg_fold1_v1.joblib
1,blur_sigma2,pilot_001499,1,0.947152316570282,tiny::ADM,,models/v2/clip_lora_fold1_best_v1.pt,models/v2/v2_10b_h2_balanced_logreg_fold1_v1.joblib
1,blur_sigma2,pilot_001507,1,0.9322779178619385,tiny::SD15,,models/v2/clip_lora_fold1_best_v1.pt,models/v2/v2_10b_h2_balanced_logreg_fold1_v1.joblib
1,blur_sigma2,pilot_001513,1,0.9650737047195435,tiny::ADM,,models/v2/clip_lora_fold1_best_v1.pt,models/v2/v2_10b_h2_balanced_logreg_fold1_v1.joblib
1,blur_sigma2,pilot_001518,0,0.5195428729057312,real::Tiny-GenImage,Tiny,models/v2/clip_lora_fold1_best_v1.pt,models/v2/v2_10b_h2_balanced_logreg_fold1_v1.joblib
1,blur_sigma2,pilot_001521,1,0.9661341905593872,tiny::SD15,,models/v2/clip_lora_fold1_best_v1.pt,models/v2/v2_10b_h2_balanced_logreg_fold1_v1.joblib
1,blur_sigma2,pilot_001527,1,0.9813085198402405,tiny::ADM,,models/v2/clip_lora_fold1_best_v1.pt,models/v2/v2_10b_h2_balanced_logreg_fold1_v1.joblib
1,blur_sigma2,pilot_001535,1,0.9351440668106079,tiny::SD15,,models/v2/clip_lora_fold1_best_v1.pt,models/v2/v2_10b_h2_balanced_logreg_fold1_v1.joblib
1,blur_sigma2,pilot_001536,0,0.9607309699058533,real::Tiny-GenImage,Tiny,models/v2/clip_lora_fold1_best_v1.pt,models/v2/v2_10b_h2_balanced_logreg_fold1_v1.joblib
1,blur_sigma2,pilot_001541,1,0.9310726523399353,tiny::ADM,,models/v2/clip_lora_fold1_best_v1.pt,models/v2/v2_10b_h2_balanced_logreg_fold1_v1.joblib
1,blur_sigma2,pilot_001544,0,0.9525008201599121,real::Tiny-GenImage,Tiny,models/v2/clip_lora_fold1_best_v1.pt,models/v2/v2_10b_h2_balanced_logreg_fold1_v1.joblib
1,blur_sigma2,pilot_001549,1,0.9227245450019836,tiny::SD15,,models/v2/clip_lora_fold1_best_v1.pt,models/v2/v2_10b_h2_balanced_logreg_fold1_v1.joblib
1,blur_sigma2,pilot_001555,1,0.9766182899475098,tiny::ADM,,models/v2/clip_lora_fold1_best_v1.pt,models/v2/v2_10b_h2_balanced_logreg_fold1_v1.joblib
1,blur_sigma2,pilot_001563,1,0.9624114036560059,tiny::SD15,,models/v2/clip_lora_fold1_best_v1.pt,models/v2/v2_10b_h2_balanced_logreg_fold1_v1.joblib
1,blur_sigma2,pilot_001566,0,0.8982874751091003,real::Tiny-GenImage,Tiny,models/v2/clip_lora_fold1_best_v1.pt,models/v2/v2_10b_h2_balanced_logreg_fold1_v1.joblib
1,blur_sigma2,pilot_001569,1,0.9819715619087219,tiny::ADM,,models/v2/clip_lora_fold1_best_v1.pt,models/v2/v2_10b_h2_balanced_logreg_fold1_v1.joblib
1,blur_sigma2,pilot_001574,0,0.9544525146484375,real::Tiny-GenImage,Tiny,models/v2/clip_lora_fold1_best_v1.pt,models/v2/v2_10b_h2_balanced_logreg_fold1_v1.joblib
1,blur_sigma2,pilot_001577,1,0.9532122611999512,tiny::SD15,,models/v2/clip_lora_fold1_best_v1.pt,models/v2/v2_10b_h2_balanced_logreg_fold1_v1.joblib
1,blur_sigma2,pilot_001583,1,0.870841383934021,tiny::ADM,,models/v2/clip_lora_fold1_best_v1.pt,models/v2/v2_10b_h2_balanced_logreg_fold1_v1.joblib
1,blur_sigma2,pilot_001591,1,0.9711398482322693,tiny::SD15,,models/v2/clip_lora_fold1_best_v1.pt,models/v2/v2_10b_h2_balanced_logreg_fold1_v1.joblib
1,blur_sigma2,pilot_001592,0,0.9490196704864502,real::Tiny-GenImage,Tiny,models/v2/clip_lora_fold1_best_v1.pt,models/v2/v2_10b_h2_balanced_logreg_fold1_v1.joblib
1,blur_sigma2,pilot_001597,1,0.9551821947097778,tiny::ADM,,models/v2/clip_lora_fold1_best_v1.pt,models/v2/v2_10b_h2_balanced_logreg_fold1_v1.joblib
1,blur_sigma2,pilot_001605,1,0.9452829360961914,tiny::SD15,,models/v2/clip_lora_fold1_best_v1.pt,models/v2/v2_10b_h2_balanced_logreg_fold1_v1.joblib
1,blur_sigma2,pilot_001611,1,0.9163417220115662,tiny::ADM,,models/v2/clip_lora_fold1_best_v1.pt,models/v2/v2_10b_h2_balanced_logreg_fold1_v1.joblib
1,blur_sigma2,pilot_001618,0,0.9503087401390076,real::Tiny-GenImage,Tiny,models/v2/clip_lora_fold1_best_v1.pt,models/v2/v2_10b_h2_balanced_logreg_fold1_v1.joblib
1,blur_sigma2,pilot_001619,1,0.9551488161087036,tiny::SD15,,models/v2/clip_lora_fold1_best_v1.pt,models/v2/v2_10b_h2_balanced_logreg_fold1_v1.joblib
1,blur_sigma2,pilot_001625,1,0.9296422004699707,tiny::ADM,,models/v2/clip_lora_fold1_best_v1.pt,models/v2/v2_10b_h2_balanced_logreg_fold1_v1.joblib
1,blur_sigma2,pilot_001626,0,0.9200911521911621,real::Tiny-GenImage,Tiny,models/v2/clip_lora_fold1_best_v1.pt,models/v2/v2_10b_h2_balanced_logreg_fold1_v1.joblib
1,blur_sigma2,pilot_001630,0,0.9290522933006287,real::Tiny-GenImage,Tiny,models/v2/clip_lora_fold1_best_v1.pt,models/v2/v2_10b_h2_balanced_logreg_fold1_v1.joblib
1,blur_sigma2,pilot_001633,1,0.9161950945854187,tiny::SD15,,models/v2/clip_lora_fold1_best_v1.pt,models/v2/v2_10b_h2_balanced_logreg_fold1_v1.joblib
1,blur_sigma2,pilot_001634,0,0.9292539954185486,real::Tiny-GenImage,Tiny,models/v2/clip_lora_fold1_best_v1.pt,models/v2/v2_10b_h2_balanced_logreg_fold1_v1.joblib
1,blur_sigma2,pilot_001636,0,0.9296249151229858,real::Tiny-GenImage,Tiny,models/v2/clip_lora_fold1_best_v1.pt,models/v2/v2_10b_h2_balanced_logreg_fold1_v1.joblib
1,blur_sigma2,pilot_001639,1,0.9245480895042419,tiny::ADM,,models/v2/clip_lora_fold1_best_v1.pt,models/v2/v2_10b_h2_balanced_logreg_fold1_v1.joblib
1,blur_sigma2,pilot_001640,0,0.9518561959266663,real::Tiny-GenImage,Tiny,models/v2/clip_lora_fold1_best_v1.pt,models/v2/v2_10b_h2_balanced_logreg_fold1_v1.joblib
1,blur_sigma2,pilot_001647,1,0.954241156578064,tiny::SD15,,models/v2/clip_lora_fold1_best_v1.pt,models/v2/v2_10b_h2_balanced_logreg_fold1_v1.joblib
1,blur_sigma2,pilot_001653,1,0.9285308718681335,tiny::ADM,,models/v2/clip_lora_fold1_best_v1.pt,models/v2/v2_10b_h2_balanced_logreg_fold1_v1.joblib
1,blur_sigma2,pilot_001654,0,0.8925618529319763,real::Tiny-GenImage,Tiny,models/v2/clip_lora_fold1_best_v1.pt,models/v2/v2_10b_h2_balanced_logreg_fold1_v1.joblib
1,blur_sigma2,pilot_001661,1,0.961262047290802,tiny::SD15,,models/v2/clip_lora_fold1_best_v1.pt,models/v2/v2_10b_h2_balanced_logreg_fold1_v1.joblib
1,blur_sigma2,pilot_001666,0,0.9771082401275635,real::Tiny-GenImage,Tiny,models/v2/clip_lora_fold1_best_v1.pt,models/v2/v2_10b_h2_balanced_logreg_fold1_v1.joblib
1,blur_sigma2,pilot_001667,1,0.9244492650032043,tiny::ADM,,models/v2/clip_lora_fold1_best_v1.pt,models/v2/v2_10b_h2_balanced_logreg_fold1_v1.joblib
1,blur_sigma2,pilot_001672,0,0.739798367023468,real::Tiny-GenImage,Tiny,models/v2/clip_lora_fold1_best_v1.pt,models/v2/v2_10b_h2_balanced_logreg_fold1_v1.joblib
1,blur_sigma2,pilot_001674,0,0.9428467154502869,real::Tiny-GenImage,Tiny,models/v2/clip_lora_fold1_best_v1.pt,models/v2/v2_10b_h2_balanced_logreg_fold1_v1.joblib
1,blur_sigma2,pilot_001675,1,0.9435337781906128,tiny::SD15,,models/v2/clip_lora_fold1_best_v1.pt,models/v2/v2_10b_h2_balanced_logreg_fold1_v1.joblib
1,blur_sigma2,pilot_001681,1,0.9544801115989685,tiny::ADM,,models/v2/clip_lora_fold1_best_v1.pt,models/v2/v2_10b_h2_balanced_logreg_fold1_v1.joblib
1,blur_sigma2,pilot_001688,0,0.9293522834777832,real::Tiny-GenImage,Tiny,models/v2/clip_lora_fold1_best_v1.pt,models/v2/v2_10b_h2_balanced_logreg_fold1_v1.joblib
1,blur_sigma2,pilot_001689,1,0.9606955647468567,tiny::SD15,,models/v2/clip_lora_fold1_best_v1.pt,models/v2/v2_10b_h2_balanced_logreg_fold1_v1.joblib
1,blur_sigma2,pilot_001692,0,0.904338538646698,real::Tiny-GenImage,Tiny,models/v2/clip_lora_fold1_best_v1.pt,models/v2/v2_10b_h2_balanced_logreg_fold1_v1.joblib
1,blur_sigma2,pilot_001695,1,0.9114328026771545,tiny::ADM,,models/v2/clip_lora_fold1_best_v1.pt,models/v2/v2_10b_h2_balanced_logreg_fold1_v1.joblib
1,blur_sigma2,pilot_001703,1,0.9489301443099976,tiny::SD15,,models/v2/clip_lora_fold1_best_v1.pt,models/v2/v2_10b_h2_balanced_logreg_fold1_v1.joblib
1,blur_sigma2,pilot_001709,1,0.9605860710144043,tiny::ADM,,models/v2/clip_lora_fold1_best_v1.pt,models/v2/v2_10b_h2_balanced_logreg_fold1_v1.joblib
1,blur_sigma2,pilot_001717,1,0.9733876585960388,tiny::SD15,,models/v2/clip_lora_fold1_best_v1.pt,models/v2/v2_10b_h2_balanced_logreg_fold1_v1.joblib
1,blur_sigma2,pilot_001723,1,0.9712414145469666,tiny::ADM,,models/v2/clip_lora_fold1_best_v1.pt,models/v2/v2_10b_h2_balanced_logreg_fold1_v1.joblib
1,blur_sigma2,pilot_001731,1,0.9441199898719788,tiny::SD15,,models/v2/clip_lora_fold1_best_v1.pt,models/v2/v2_10b_h2_balanced_logreg_fold1_v1.joblib
1,blur_sigma2,pilot_001734,0,0.8856983184814453,real::Tiny-GenImage,Tiny,models/v2/clip_lora_fold1_best_v1.pt,models/v2/v2_10b_h2_balanced_logreg_fold1_v1.joblib
1,blur_sigma2,pilot_001737,1,0.9542347192764282,tiny::ADM,,models/v2/clip_lora_fold1_best_v1.pt,models/v2/v2_10b_h2_balanced_logreg_fold1_v1.joblib
1,blur_sigma2,pilot_001744,0,0.9461249709129333,real::Tiny-GenImage,Tiny,models/v2/clip_lora_fold1_best_v1.pt,models/v2/v2_10b_h2_balanced_logreg_fold1_v1.joblib
1,blur_sigma2,pilot_001745,1,0.9110404253005981,tiny::SD15,,models/v2/clip_lora_fold1_best_v1.pt,models/v2/v2_10b_h2_balanced_logreg_fold1_v1.joblib
1,blur_sigma2,pilot_001751,1,0.9279933571815491,tiny::ADM,,models/v2/clip_lora_fold1_best_v1.pt,models/v2/v2_10b_h2_balanced_logreg_fold1_v1.joblib
1,blur_sigma2,pilot_001759,1,0.9306033253669739,tiny::SD15,,models/v2/clip_lora_fold1_best_v1.pt,models/v2/v2_10b_h2_balanced_logreg_fold1_v1.joblib
1,blur_sigma2,pilot_001765,1,0.9506101608276367,tiny::ADM,,models/v2/clip_lora_fold1_best_v1.pt,models/v2/v2_10b_h2_balanced_logreg_fold1_v1.joblib
1,blur_sigma2,pilot_001773,1,0.9416359663009644,tiny::SD15,,models/v2/clip_lora_fold1_best_v1.pt,models/v2/v2_10b_h2_balanced_logreg_fold1_v1.joblib
1,blur_sigma2,pilot_001779,1,0.9541080594062805,tiny::ADM,,models/v2/clip_lora_fold1_best_v1.pt,models/v2/v2_10b_h2_balanced_logreg_fold1_v1.joblib
1,blur_sigma2,pilot_001782,0,0.9438790678977966,real::Tiny-GenImage,Tiny,models/v2/clip_lora_fold1_best_v1.pt,models/v2/v2_10b_h2_balanced_logreg_fold1_v1.joblib
1,blur_sigma2,pilot_001787,1,0.9490211606025696,tiny::SD15,,models/v2/clip_lora_fold1_best_v1.pt,models/v2/v2_10b_h2_balanced_logreg_fold1_v1.joblib
1,blur_sigma2,pilot_001793,1,0.9194627404212952,tiny::ADM,,models/v2/clip_lora_fold1_best_v1.pt,models/v2/v2_10b_h2_balanced_logreg_fold1_v1.joblib
1,blur_sigma2,pilot_001798,0,0.916269838809967,real::Tiny-GenImage,Tiny,models/v2/clip_lora_fold1_best_v1.pt,models/v2/v2_10b_h2_balanced_logreg_fold1_v1.joblib
1,blur_sigma2,pilot_001801,1,0.9513174891471863,tiny::SD15,,models/v2/clip_lora_fold1_best_v1.pt,models/v2/v2_10b_h2_balanced_logreg_fold1_v1.joblib
1,blur_sigma2,pilot_001807,1,0.9520561695098877,tiny::ADM,,models/v2/clip_lora_fold1_best_v1.pt,models/v2/v2_10b_h2_balanced_logreg_fold1_v1.joblib
1,blur_sigma2,pilot_001812,0,0.766562819480896,real::Tiny-GenImage,Tiny,models/v2/clip_lora_fold1_best_v1.pt,models/v2/v2_10b_h2_balanced_logreg_fold1_v1.joblib
1,blur_sigma2,pilot_001815,1,0.9698552489280701,tiny::SD15,,models/v2/clip_lora_fold1_best_v1.pt,models/v2/v2_10b_h2_balanced_logreg_fold1_v1.joblib
1,blur_sigma2,pilot_001821,1,0.8809129595756531,tiny::ADM,,models/v2/clip_lora_fold1_best_v1.pt,models/v2/v2_10b_h2_balanced_logreg_fold1_v1.joblib
1,blur_sigma2,pilot_001828,0,0.9086698889732361,real::Tiny-GenImage,Tiny,models/v2/clip_lora_fold1_best_v1.pt,models/v2/v2_10b_h2_balanced_logreg_fold1_v1.joblib
1,blur_sigma2,pilot_001829,1,0.9312586784362793,tiny::SD15,,models/v2/clip_lora_fold1_best_v1.pt,models/v2/v2_10b_h2_balanced_logreg_fold1_v1.joblib
1,blur_sigma2,pilot_001835,1,0.9295036792755127,tiny::ADM,,models/v2/clip_lora_fold1_best_v1.pt,models/v2/v2_10b_h2_balanced_logreg_fold1_v1.joblib
1,blur_sigma2,pilot_001843,1,0.9497383832931519,tiny::SD15,,models/v2/clip_lora_fold1_best_v1.pt,models/v2/v2_10b_h2_balanced_logreg_fold1_v1.joblib
1,blur_sigma2,pilot_001849,1,0.8767665028572083,tiny::ADM,,models/v2/clip_lora_fold1_best_v1.pt,models/v2/v2_10b_h2_balanced_logreg_fold1_v1.joblib
1,blur_sigma2,pilot_001857,1,0.9425845742225647,tiny::SD15,,models/v2/clip_lora_fold1_best_v1.pt,models/v2/v2_10b_h2_balanced_logreg_fold1_v1.joblib
1,blur_sigma2,pilot_001863,1,0.9245995879173279,tiny::ADM,,models/v2/clip_lora_fold1_best_v1.pt,models/v2/v2_10b_h2_balanced_logreg_fold1_v1.joblib
1,blur_sigma2,pilot_001871,1,0.888628363609314,tiny::SD15,,models/v2/clip_lora_fold1_best_v1.pt,models/v2/v2_10b_h2_balanced_logreg_fold1_v1.joblib
1,blur_sigma2,pilot_001877,1,0.8415484428405762,tiny::ADM,,models/v2/clip_lora_fold1_best_v1.pt,models/v2/v2_10b_h2_balanced_logreg_fold1_v1.joblib
1,blur_sigma2,pilot_001878,0,0.9454131126403809,real::Tiny-GenImage,Tiny,models/v2/clip_lora_fold1_best_v1.pt,models/v2/v2_10b_h2_balanced_logreg_fold1_v1.joblib
1,blur_sigma2,pilot_001885,1,0.9818295240402222,tiny::SD15,,models/v2/clip_lora_fold1_best_v1.pt,models/v2/v2_10b_h2_balanced_logreg_fold1_v1.joblib
1,blur_sigma2,pilot_001886,0,0.9495183229446411,real::Tiny-GenImage,Tiny,models/v2/clip_lora_fold1_best_v1.pt,models/v2/v2_10b_h2_balanced_logreg_fold1_v1.joblib
1,blur_sigma2,pilot_001891,1,0.7006383538246155,tiny::ADM,,models/v2/clip_lora_fold1_best_v1.pt,models/v2/v2_10b_h2_balanced_logreg_fold1_v1.joblib
1,blur_sigma2,pilot_001899,1,0.909644603729248,tiny::SD15,,models/v2/clip_lora_fold1_best_v1.pt,models/v2/v2_10b_h2_balanced_logreg_fold1_v1.joblib
1,blur_sigma2,pilot_001905,1,0.9485093355178833,tiny::ADM,,models/v2/clip_lora_fold1_best_v1.pt,models/v2/v2_10b_h2_balanced_logreg_fold1_v1.joblib
1,blur_sigma2,pilot_001913,1,0.9374842643737793,tiny::SD15,,models/v2/clip_lora_fold1_best_v1.pt,models/v2/v2_10b_h2_balanced_logreg_fold1_v1.joblib
1,blur_sigma2,pilot_001919,1,0.9051931500434875,tiny::ADM,,models/v2/clip_lora_fold1_best_v1.pt,models/v2/v2_10b_h2_balanced_logreg_fold1_v1.joblib
1,blur_sigma2,pilot_001927,1,0.9394884705543518,tiny::SD15,,models/v2/clip_lora_fold1_best_v1.pt,models/v2/v2_10b_h2_balanced_logreg_fold1_v1.joblib
1,blur_sigma2,pilot_001933,1,0.9487794637680054,tiny::ADM,,models/v2/clip_lora_fold1_best_v1.pt,models/v2/v2_10b_h2_balanced_logreg_fold1_v1.joblib
1,blur_sigma2,pilot_001941,1,0.8680191040039062,tiny::SD15,,models/v2/clip_lora_fold1_best_v1.pt,models/v2/v2_10b_h2_balanced_logreg_fold1_v1.joblib
1,blur_sigma2,pilot_001947,1,0.9263114333152771,tiny::ADM,,models/v2/clip_lora_fold1_best_v1.pt,models/v2/v2_10b_h2_balanced_logreg_fold1_v1.joblib
1,blur_sigma2,pilot_001950,0,0.9563987851142883,real::Tiny-GenImage,Tiny,models/v2/clip_lora_fold1_best_v1.pt,models/v2/v2_10b_h2_balanced_logreg_fold1_v1.joblib
1,blur_sigma2,pilot_001954,0,0.9705003499984741,real::Tiny-GenImage,Tiny,models/v2/clip_lora_fold1_best_v1.pt,models/v2/v2_10b_h2_balanced_logreg_fold1_v1.joblib
1,blur_sigma2,pilot_001955,1,0.9763432145118713,tiny::SD15,,models/v2/clip_lora_fold1_best_v1.pt,models/v2/v2_10b_h2_balanced_logreg_fold1_v1.joblib
1,blur_sigma2,pilot_001961,1,0.9395805597305298,tiny::ADM,,models/v2/clip_lora_fold1_best_v1.pt,models/v2/v2_10b_h2_balanced_logreg_fold1_v1.joblib
1,blur_sigma2,pilot_001969,1,0.9719775915145874,tiny::SD15,,models/v2/clip_lora_fold1_best_v1.pt,models/v2/v2_10b_h2_balanced_logreg_fold1_v1.joblib
1,blur_sigma2,pilot_001975,1,0.9061605334281921,tiny::ADM,,models/v2/clip_lora_fold1_best_v1.pt,models/v2/v2_10b_h2_balanced_logreg_fold1_v1.joblib
1,blur_sigma2,pilot_001976,0,0.9394616484642029,real::Tiny-GenImage,Tiny,models/v2/clip_lora_fold1_best_v1.pt,models/v2/v2_10b_h2_balanced_logreg_fold1_v1.joblib
1,blur_sigma2,pilot_001983,1,0.9362046718597412,tiny::SD15,,models/v2/clip_lora_fold1_best_v1.pt,models/v2/v2_10b_h2_balanced_logreg_fold1_v1.joblib
1,blur_sigma2,pilot_001989,1,0.9476174116134644,tiny::ADM,,models/v2/clip_lora_fold1_best_v1.pt,models/v2/v2_10b_h2_balanced_logreg_fold1_v1.joblib
1,blur_sigma2,pilot_001997,1,0.9695870280265808,tiny::SD15,,models/v2/clip_lora_fold1_best_v1.pt,models/v2/v2_10b_h2_balanced_logreg_fold1_v1.joblib
1,blur_sigma2,pilot_002003,1,0.9182586073875427,tiny::ADM,,models/v2/clip_lora_fold1_best_v1.pt,models/v2/v2_10b_h2_balanced_logreg_fold1_v1.joblib
1,blur_sigma2,pilot_002011,1,0.9800161719322205,tiny::SD15,,models/v2/clip_lora_fold1_best_v1.pt,models/v2/v2_10b_h2_balanced_logreg_fold1_v1.joblib
1,blur_sigma2,pilot_002017,1,0.853172779083252,tiny::ADM,,models/v2/clip_lora_fold1_best_v1.pt,models/v2/v2_10b_h2_balanced_logreg_fold1_v1.joblib
1,blur_sigma2,pilot_002024,0,0.7655487060546875,real::Tiny-GenImage,Tiny,models/v2/clip_lora_fold1_best_v1.pt,models/v2/v2_10b_h2_balanced_logreg_fold1_v1.joblib
1,blur_sigma2,pilot_002025,1,0.9267538785934448,tiny::SD15,,models/v2/clip_lora_fold1_best_v1.pt,models/v2/v2_10b_h2_balanced_logreg_fold1_v1.joblib
1,blur_sigma2,pilot_002031,1,0.9737961292266846,tiny::ADM,,models/v2/clip_lora_fold1_best_v1.pt,models/v2/v2_10b_h2_balanced_logreg_fold1_v1.joblib
1,blur_sigma2,pilot_002039,1,0.9614368081092834,tiny::SD15,,models/v2/clip_lora_fold1_best_v1.pt,models/v2/v2_10b_h2_balanced_logreg_fold1_v1.joblib
1,blur_sigma2,pilot_002042,0,0.9434067010879517,real::Tiny-GenImage,Tiny,models/v2/clip_lora_fold1_best_v1.pt,models/v2/v2_10b_h2_balanced_logreg_fold1_v1.joblib
1,blur_sigma2,pilot_002045,1,0.7873851656913757,tiny::ADM,,models/v2/clip_lora_fold1_best_v1.pt,models/v2/v2_10b_h2_balanced_logreg_fold1_v1.joblib
1,blur_sigma2,pilot_002053,1,0.9688142538070679,tiny::SD15,,models/v2/clip_lora_fold1_best_v1.pt,models/v2/v2_10b_h2_balanced_logreg_fold1_v1.joblib
1,blur_sigma2,pilot_002059,1,0.9273892641067505,tiny::ADM,,models/v2/clip_lora_fold1_best_v1.pt,models/v2/v2_10b_h2_balanced_logreg_fold1_v1.joblib
1,blur_sigma2,pilot_002067,1,0.9286671876907349,tiny::SD15,,models/v2/clip_lora_fold1_best_v1.pt,models/v2/v2_10b_h2_balanced_logreg_fold1_v1.joblib
1,blur_sigma2,pilot_002072,0,0.8382776379585266,real::Tiny-GenImage,Tiny,models/v2/clip_lora_fold1_best_v1.pt,models/v2/v2_10b_h2_balanced_logreg_fold1_v1.joblib
1,blur_sigma2,pilot_002073,1,0.8128565549850464,tiny::ADM,,models/v2/clip_lora_fold1_best_v1.pt,models/v2/v2_10b_h2_balanced_logreg_fold1_v1.joblib
1,blur_sigma2,pilot_002081,1,0.9525485038757324,tiny::SD15,,models/v2/clip_lora_fold1_best_v1.pt,models/v2/v2_10b_h2_balanced_logreg_fold1_v1.joblib
1,blur_sigma2,pilot_002082,0,0.9443094730377197,real::Tiny-GenImage,Tiny,models/v2/clip_lora_fold1_best_v1.pt,models/v2/v2_10b_h2_balanced_logreg_fold1_v1.joblib
1,blur_sigma2,pilot_002087,1,0.9365648627281189,tiny::ADM,,models/v2/clip_lora_fold1_best_v1.pt,models/v2/v2_10b_h2_balanced_logreg_fold1_v1.joblib
1,blur_sigma2,pilot_002090,0,0.9457674026489258,real::Tiny-GenImage,Tiny,models/v2/clip_lora_fold1_best_v1.pt,models/v2/v2_10b_h2_balanced_logreg_fold1_v1.joblib
1,blur_sigma2,pilot_002095,1,0.9658653140068054,tiny::SD15,,models/v2/clip_lora_fold1_best_v1.pt,models/v2/v2_10b_h2_balanced_logreg_fold1_v1.joblib
1,blur_sigma2,pilot_002101,1,0.7696980237960815,tiny::ADM,,models/v2/clip_lora_fold1_best_v1.pt,models/v2/v2_10b_h2_balanced_logreg_fold1_v1.joblib
1,blur_sigma2,pilot_002102,0,0.966057300567627,real::Tiny-GenImage,Tiny,models/v2/clip_lora_fold1_best_v1.pt,models/v2/v2_10b_h2_balanced_logreg_fold1_v1.joblib
1,blur_sigma2,pilot_002109,1,0.9684880971908569,tiny::SD15,,models/v2/clip_lora_fold1_best_v1.pt,models/v2/v2_10b_h2_balanced_logreg_fold1_v1.joblib
1,blur_sigma2,pilot_002112,0,0.8475115895271301,real::Tiny-GenImage,Tiny,models/v2/clip_lora_fold1_best_v1.pt,models/v2/v2_10b_h2_balanced_logreg_fold1_v1.joblib
1,blur_sigma2,pilot_002115,1,0.9465370774269104,tiny::ADM,,models/v2/clip_lora_fold1_best_v1.pt,models/v2/v2_10b_h2_balanced_logreg_fold1_v1.joblib
1,blur_sigma2,pilot_002122,0,0.9546518325805664,real::Tiny-GenImage,Tiny,models/v2/clip_lora_fold1_best_v1.pt,models/v2/v2_10b_h2_balanced_logreg_fold1_v1.joblib
1,blur_sigma2,pilot_002123,1,0.9481716156005859,tiny::SD15,,models/v2/clip_lora_fold1_best_v1.pt,models/v2/v2_10b_h2_balanced_logreg_fold1_v1.joblib
1,blur_sigma2,pilot_002128,0,0.9031115770339966,real::Tiny-GenImage,Tiny,models/v2/clip_lora_fold1_best_v1.pt,models/v2/v2_10b_h2_balanced_logreg_fold1_v1.joblib
1,blur_sigma2,pilot_002129,1,0.8577526211738586,tiny::ADM,,models/v2/clip_lora_fold1_best_v1.pt,models/v2/v2_10b_h2_balanced_logreg_fold1_v1.joblib
1,blur_sigma2,pilot_002137,1,0.9528789520263672,tiny::SD15,,models/v2/clip_lora_fold1_best_v1.pt,models/v2/v2_10b_h2_balanced_logreg_fold1_v1.joblib
1,blur_sigma2,pilot_002143,1,0.9197220206260681,tiny::ADM,,models/v2/clip_lora_fold1_best_v1.pt,models/v2/v2_10b_h2_balanced_logreg_fold1_v1.joblib
1,blur_sigma2,pilot_002151,1,0.9358924627304077,tiny::SD15,,models/v2/clip_lora_fold1_best_v1.pt,models/v2/v2_10b_h2_balanced_logreg_fold1_v1.joblib
1,blur_sigma2,pilot_002157,1,0.9136008620262146,tiny::ADM,,models/v2/clip_lora_fold1_best_v1.pt,models/v2/v2_10b_h2_balanced_logreg_fold1_v1.joblib
1,blur_sigma2,pilot_002165,1,0.9294419884681702,tiny::SD15,,models/v2/clip_lora_fold1_best_v1.pt,models/v2/v2_10b_h2_balanced_logreg_fold1_v1.joblib
1,blur_sigma2,pilot_002171,1,0.928570032119751,tiny::ADM,,models/v2/clip_lora_fold1_best_v1.pt,models/v2/v2_10b_h2_balanced_logreg_fold1_v1.joblib
1,blur_sigma2,pilot_002179,1,0.9473574757575989,tiny::SD15,,models/v2/clip_lora_fold1_best_v1.pt,models/v2/v2_10b_h2_balanced_logreg_fold1_v1.joblib
1,blur_sigma2,pilot_002185,1,0.9664204716682434,tiny::ADM,,models/v2/clip_lora_fold1_best_v1.pt,models/v2/v2_10b_h2_balanced_logreg_fold1_v1.joblib
1,blur_sigma2,pilot_002193,1,0.9464677572250366,tiny::SD15,,models/v2/clip_lora_fold1_best_v1.pt,models/v2/v2_10b_h2_balanced_logreg_fold1_v1.joblib
1,blur_sigma2,pilot_002194,0,0.9087989926338196,real::Tiny-GenImage,Tiny,models/v2/clip_lora_fold1_best_v1.pt,models/v2/v2_10b_h2_balanced_logreg_fold1_v1.joblib
1,blur_sigma2,pilot_002199,1,0.9540829062461853,tiny::ADM,,models/v2/clip_lora_fold1_best_v1.pt,models/v2/v2_10b_h2_balanced_logreg_fold1_v1.joblib
1,blur_sigma2,pilot_002202,0,0.9542618989944458,real::Tiny-GenImage,Tiny,models/v2/clip_lora_fold1_best_v1.pt,models/v2/v2_10b_h2_balanced_logreg_fold1_v1.joblib
1,blur_sigma2,pilot_002207,1,0.949664831161499,tiny::SD15,,models/v2/clip_lora_fold1_best_v1.pt,models/v2/v2_10b_h2_balanced_logreg_fold1_v1.joblib
1,blur_sigma2,pilot_002213,1,0.8837321996688843,tiny::ADM,,models/v2/clip_lora_fold1_best_v1.pt,models/v2/v2_10b_h2_balanced_logreg_fold1_v1.joblib
1,blur_sigma2,pilot_002221,1,0.9640695452690125,tiny::SD15,,models/v2/clip_lora_fold1_best_v1.pt,models/v2/v2_10b_h2_balanced_logreg_fold1_v1.joblib
1,blur_sigma2,pilot_002226,0,0.9443451762199402,real::Tiny-GenImage,Tiny,models/v2/clip_lora_fold1_best_v1.pt,models/v2/v2_10b_h2_balanced_logreg_fold1_v1.joblib
1,blur_sigma2,pilot_002227,1,0.9213675856590271,tiny::ADM,,models/v2/clip_lora_fold1_best_v1.pt,models/v2/v2_10b_h2_balanced_logreg_fold1_v1.joblib
1,blur_sigma2,pilot_002235,1,0.9702144265174866,tiny::SD15,,models/v2/clip_lora_fold1_best_v1.pt,models/v2/v2_10b_h2_balanced_logreg_fold1_v1.joblib
1,blur_sigma2,pilot_002241,1,0.9530891180038452,tiny::ADM,,models/v2/clip_lora_fold1_best_v1.pt,models/v2/v2_10b_h2_balanced_logreg_fold1_v1.joblib
1,blur_sigma2,pilot_002249,1,0.9572264552116394,tiny::SD15,,models/v2/clip_lora_fold1_best_v1.pt,models/v2/v2_10b_h2_balanced_logreg_fold1_v1.joblib
1,blur_sigma2,pilot_002250,0,0.9573481678962708,real::Tiny-GenImage,Tiny,models/v2/clip_lora_fold1_best_v1.pt,models/v2/v2_10b_h2_balanced_logreg_fold1_v1.joblib
1,blur_sigma2,pilot_002254,0,0.9774662852287292,real::Tiny-GenImage,Tiny,models/v2/clip_lora_fold1_best_v1.pt,models/v2/v2_10b_h2_balanced_logreg_fold1_v1.joblib
1,blur_sigma2,pilot_002255,1,0.9115496873855591,tiny::ADM,,models/v2/clip_lora_fold1_best_v1.pt,models/v2/v2_10b_h2_balanced_logreg_fold1_v1.joblib
1,blur_sigma2,pilot_002260,0,0.9171624183654785,real::Tiny-GenImage,Tiny,models/v2/clip_lora_fold1_best_v1.pt,models/v2/v2_10b_h2_balanced_logreg_fold1_v1.joblib
1,blur_sigma2,pilot_002263,1,0.9567055702209473,tiny::SD15,,models/v2/clip_lora_fold1_best_v1.pt,models/v2/v2_10b_h2_balanced_logreg_fold1_v1.joblib
1,blur_sigma2,pilot_002269,1,0.9575546979904175,tiny::ADM,,models/v2/clip_lora_fold1_best_v1.pt,models/v2/v2_10b_h2_balanced_logreg_fold1_v1.joblib
1,blur_sigma2,pilot_002270,0,0.8457916975021362,real::Tiny-GenImage,Tiny,models/v2/clip_lora_fold1_best_v1.pt,models/v2/v2_10b_h2_balanced_logreg_fold1_v1.joblib
1,blur_sigma2,pilot_002272,0,0.9109381437301636,real::Tiny-GenImage,Tiny,models/v2/clip_lora_fold1_best_v1.pt,models/v2/v2_10b_h2_balanced_logreg_fold1_v1.joblib
1,blur_sigma2,pilot_002277,1,0.9686875939369202,tiny::SD15,,models/v2/clip_lora_fold1_best_v1.pt,models/v2/v2_10b_h2_balanced_logreg_fold1_v1.joblib
1,blur_sigma2,pilot_002282,0,0.9438210725784302,real::Tiny-GenImage,Tiny,models/v2/clip_lora_fold1_best_v1.pt,models/v2/v2_10b_h2_balanced_logreg_fold1_v1.joblib
1,blur_sigma2,pilot_002283,1,0.9426833391189575,tiny::ADM,,models/v2/clip_lora_fold1_best_v1.pt,models/v2/v2_10b_h2_balanced_logreg_fold1_v1.joblib
1,blur_sigma2,pilot_002288,0,0.9672582149505615,real::Tiny-GenImage,Tiny,models/v2/clip_lora_fold1_best_v1.pt,models/v2/v2_10b_h2_balanced_logreg_fold1_v1.joblib
1,blur_sigma2,pilot_002290,0,0.8990053534507751,real::Tiny-GenImage,Tiny,models/v2/clip_lora_fold1_best_v1.pt,models/v2/v2_10b_h2_balanced_logreg_fold1_v1.joblib
1,blur_sigma2,pilot_002291,1,0.9760405421257019,tiny::SD15,,models/v2/clip_lora_fold1_best_v1.pt,models/v2/v2_10b_h2_balanced_logreg_fold1_v1.joblib
1,blur_sigma2,pilot_002297,1,0.9677754640579224,tiny::ADM,,models/v2/clip_lora_fold1_best_v1.pt,models/v2/v2_10b_h2_balanced_logreg_fold1_v1.joblib
1,blur_sigma2,pilot_002305,1,0.965710461139679,tiny::SD15,,models/v2/clip_lora_fold1_best_v1.pt,models/v2/v2_10b_h2_balanced_logreg_fold1_v1.joblib
1,blur_sigma2,pilot_002306,0,0.9716766476631165,real::Tiny-GenImage,Tiny,models/v2/clip_lora_fold1_best_v1.pt,models/v2/v2_10b_h2_balanced_logreg_fold1_v1.joblib
1,blur_sigma2,pilot_002311,1,0.9126517176628113,tiny::ADM,,models/v2/clip_lora_fold1_best_v1.pt,models/v2/v2_10b_h2_balanced_logreg_fold1_v1.joblib
1,blur_sigma2,pilot_002312,0,0.9644498229026794,real::Tiny-GenImage,Tiny,models/v2/clip_lora_fold1_best_v1.pt,models/v2/v2_10b_h2_balanced_logreg_fold1_v1.joblib
1,blur_sigma2,pilot_002319,1,0.9661039113998413,tiny::SD15,,models/v2/clip_lora_fold1_best_v1.pt,models/v2/v2_10b_h2_balanced_logreg_fold1_v1.joblib
1,blur_sigma2,pilot_002325,1,0.9265316128730774,tiny::ADM,,models/v2/clip_lora_fold1_best_v1.pt,models/v2/v2_10b_h2_balanced_logreg_fold1_v1.joblib
1,blur_sigma2,pilot_002333,1,0.8641571998596191,tiny::SD15,,models/v2/clip_lora_fold1_best_v1.pt,models/v2/v2_10b_h2_balanced_logreg_fold1_v1.joblib
1,blur_sigma2,pilot_002339,1,0.974138081073761,tiny::ADM,,models/v2/clip_lora_fold1_best_v1.pt,models/v2/v2_10b_h2_balanced_logreg_fold1_v1.joblib
1,blur_sigma2,pilot_002347,1,0.9860774278640747,tiny::SD15,,models/v2/clip_lora_fold1_best_v1.pt,models/v2/v2_10b_h2_balanced_logreg_fold1_v1.joblib
1,blur_sigma2,pilot_002353,1,0.9628750681877136,tiny::ADM,,models/v2/clip_lora_fold1_best_v1.pt,models/v2/v2_10b_h2_balanced_logreg_fold1_v1.joblib
1,blur_sigma2,pilot_002354,0,0.6684579253196716,real::Tiny-GenImage,Tiny,models/v2/clip_lora_fold1_best_v1.pt,models/v2/v2_10b_h2_balanced_logreg_fold1_v1.joblib
1,blur_sigma2,pilot_002361,1,0.9803609848022461,tiny::SD15,,models/v2/clip_lora_fold1_best_v1.pt,models/v2/v2_10b_h2_balanced_logreg_fold1_v1.joblib
1,blur_sigma2,pilot_002366,0,0.8581928014755249,real::Tiny-GenImage,Tiny,models/v2/clip_lora_fold1_best_v1.pt,models/v2/v2_10b_h2_balanced_logreg_fold1_v1.joblib
1,blur_sigma2,pilot_002367,1,0.9420242309570312,tiny::ADM,,models/v2/clip_lora_fold1_best_v1.pt,models/v2/v2_10b_h2_balanced_logreg_fold1_v1.joblib
1,blur_sigma2,pilot_002375,1,0.9678238034248352,tiny::SD15,,models/v2/clip_lora_fold1_best_v1.pt,models/v2/v2_10b_h2_balanced_logreg_fold1_v1.joblib
1,blur_sigma2,pilot_002381,1,0.9147103428840637,tiny::ADM,,models/v2/clip_lora_fold1_best_v1.pt,models/v2/v2_10b_h2_balanced_logreg_fold1_v1.joblib
1,blur_sigma2,pilot_002389,1,0.9564686417579651,tiny::SD15,,models/v2/clip_lora_fold1_best_v1.pt,models/v2/v2_10b_h2_balanced_logreg_fold1_v1.joblib
1,blur_sigma2,pilot_002395,1,0.94736647605896,tiny::ADM,,models/v2/clip_lora_fold1_best_v1.pt,models/v2/v2_10b_h2_balanced_logreg_fold1_v1.joblib
1,blur_sigma2,pilot_002396,0,0.9341882467269897,real::Tiny-GenImage,Tiny,models/v2/clip_lora_fold1_best_v1.pt,models/v2/v2_10b_h2_balanced_logreg_fold1_v1.joblib
1,blur_sigma2,pilot_002400,0,0.9695679545402527,real::Tiny-GenImage,Tiny,models/v2/clip_lora_fold1_best_v1.pt,models/v2/v2_10b_h2_balanced_logreg_fold1_v1.joblib
1,blur_sigma2,pilot_002402,0,0.9633774161338806,real::Tiny-GenImage,Tiny,models/v2/clip_lora_fold1_best_v1.pt,models/v2/v2_10b_h2_balanced_logreg_fold1_v1.joblib
1,blur_sigma2,pilot_002403,1,0.9692269563674927,tiny::SD15,,models/v2/clip_lora_fold1_best_v1.pt,models/v2/v2_10b_h2_balanced_logreg_fold1_v1.joblib
1,blur_sigma2,pilot_002409,1,0.91341233253479,tiny::ADM,,models/v2/clip_lora_fold1_best_v1.pt,models/v2/v2_10b_h2_balanced_logreg_fold1_v1.joblib
1,blur_sigma2,pilot_002417,1,0.9759817719459534,tiny::SD15,,models/v2/clip_lora_fold1_best_v1.pt,models/v2/v2_10b_h2_balanced_logreg_fold1_v1.joblib
1,blur_sigma2,pilot_002423,1,0.9428119659423828,tiny::ADM,,models/v2/clip_lora_fold1_best_v1.pt,models/v2/v2_10b_h2_balanced_logreg_fold1_v1.joblib
1,blur_sigma2,pilot_002431,1,0.9828405380249023,tiny::SD15,,models/v2/clip_lora_fold1_best_v1.pt,models/v2/v2_10b_h2_balanced_logreg_fold1_v1.joblib
1,blur_sigma2,pilot_002437,1,0.9352709650993347,tiny::ADM,,models/v2/clip_lora_fold1_best_v1.pt,models/v2/v2_10b_h2_balanced_logreg_fold1_v1.joblib
1,blur_sigma2,pilot_002445,1,0.9479449987411499,tiny::SD15,,models/v2/clip_lora_fold1_best_v1.pt,models/v2/v2_10b_h2_balanced_logreg_fold1_v1.joblib
1,blur_sigma2,pilot_002446,0,0.9074391722679138,real::Tiny-GenImage,Tiny,models/v2/clip_lora_fold1_best_v1.pt,models/v2/v2_10b_h2_balanced_logreg_fold1_v1.joblib
1,blur_sigma2,pilot_002450,0,0.957598090171814,real::Tiny-GenImage,Tiny,models/v2/clip_lora_fold1_best_v1.pt,models/v2/v2_10b_h2_balanced_logreg_fold1_v1.joblib
1,blur_sigma2,pilot_002451,1,0.9699249267578125,tiny::ADM,,models/v2/clip_lora_fold1_best_v1.pt,models/v2/v2_10b_h2_balanced_logreg_fold1_v1.joblib
1,blur_sigma2,pilot_002458,0,0.834995687007904,real::Tiny-GenImage,Tiny,models/v2/clip_lora_fold1_best_v1.pt,models/v2/v2_10b_h2_balanced_logreg_fold1_v1.joblib
1,blur_sigma2,pilot_002459,1,0.9774768948554993,tiny::SD15,,models/v2/clip_lora_fold1_best_v1.pt,models/v2/v2_10b_h2_balanced_logreg_fold1_v1.joblib
1,blur_sigma2,pilot_002465,1,0.9790265560150146,tiny::ADM,,models/v2/clip_lora_fold1_best_v1.pt,models/v2/v2_10b_h2_balanced_logreg_fold1_v1.joblib
1,blur_sigma2,pilot_002473,1,0.9632945656776428,tiny::SD15,,models/v2/clip_lora_fold1_best_v1.pt,models/v2/v2_10b_h2_balanced_logreg_fold1_v1.joblib
1,blur_sigma2,pilot_002479,1,0.9864332675933838,tiny::ADM,,models/v2/clip_lora_fold1_best_v1.pt,models/v2/v2_10b_h2_balanced_logreg_fold1_v1.joblib
1,blur_sigma2,pilot_002482,0,0.9810702800750732,real::Tiny-GenImage,Tiny,models/v2/clip_lora_fold1_best_v1.pt,models/v2/v2_10b_h2_balanced_logreg_fold1_v1.joblib
1,blur_sigma2,pilot_002487,1,0.9872469902038574,tiny::SD15,,models/v2/clip_lora_fold1_best_v1.pt,models/v2/v2_10b_h2_balanced_logreg_fold1_v1.joblib
1,blur_sigma2,pilot_002493,1,0.9435564279556274,tiny::ADM,,models/v2/clip_lora_fold1_best_v1.pt,models/v2/v2_10b_h2_balanced_logreg_fold1_v1.joblib
1,blur_sigma2,pilot_002494,0,0.9595988988876343,real::Tiny-GenImage,Tiny,models/v2/clip_lora_fold1_best_v1.pt,models/v2/v2_10b_h2_balanced_logreg_fold1_v1.joblib
1,blur_sigma2,pilot_002501,1,0.9684131741523743,tiny::SD15,,models/v2/clip_lora_fold1_best_v1.pt,models/v2/v2_10b_h2_balanced_logreg_fold1_v1.joblib
1,blur_sigma2,pilot_002506,0,0.8767126202583313,real::Tiny-GenImage,Tiny,models/v2/clip_lora_fold1_best_v1.pt,models/v2/v2_10b_h2_balanced_logreg_fold1_v1.joblib
1,blur_sigma2,pilot_002507,1,0.9004678130149841,tiny::ADM,,models/v2/clip_lora_fold1_best_v1.pt,models/v2/v2_10b_h2_balanced_logreg_fold1_v1.joblib
1,blur_sigma2,pilot_002515,1,0.9493899941444397,tiny::SD15,,models/v2/clip_lora_fold1_best_v1.pt,models/v2/v2_10b_h2_balanced_logreg_fold1_v1.joblib
1,blur_sigma2,pilot_002521,1,0.9093933701515198,tiny::ADM,,models/v2/clip_lora_fold1_best_v1.pt,models/v2/v2_10b_h2_balanced_logreg_fold1_v1.joblib
1,blur_sigma2,pilot_002529,1,0.9337536096572876,tiny::SD15,,models/v2/clip_lora_fold1_best_v1.pt,models/v2/v2_10b_h2_balanced_logreg_fold1_v1.joblib
1,blur_sigma2,pilot_002532,0,0.9704655408859253,real::Tiny-GenImage,Tiny,models/v2/clip_lora_fold1_best_v1.pt,models/v2/v2_10b_h2_balanced_logreg_fold1_v1.joblib
1,blur_sigma2,pilot_002535,1,0.8656853437423706,tiny::ADM,,models/v2/clip_lora_fold1_best_v1.pt,models/v2/v2_10b_h2_balanced_logreg_fold1_v1.joblib
1,blur_sigma2,pilot_002543,1,0.9333198666572571,tiny::SD15,,models/v2/clip_lora_fold1_best_v1.pt,models/v2/v2_10b_h2_balanced_logreg_fold1_v1.joblib
1,blur_sigma2,pilot_002549,1,0.9086735248565674,tiny::ADM,,models/v2/clip_lora_fold1_best_v1.pt,models/v2/v2_10b_h2_balanced_logreg_fold1_v1.joblib
1,blur_sigma2,pilot_002557,1,0.9065343141555786,tiny::SD15,,models/v2/clip_lora_fold1_best_v1.pt,models/v2/v2_10b_h2_balanced_logreg_fold1_v1.joblib
1,blur_sigma2,pilot_002563,1,0.8495112657546997,tiny::ADM,,models/v2/clip_lora_fold1_best_v1.pt,models/v2/v2_10b_h2_balanced_logreg_fold1_v1.joblib
1,blur_sigma2,pilot_002571,1,0.9517760872840881,tiny::SD15,,models/v2/clip_lora_fold1_best_v1.pt,models/v2/v2_10b_h2_balanced_logreg_fold1_v1.joblib
1,blur_sigma2,pilot_002577,1,0.9101912975311279,tiny::ADM,,models/v2/clip_lora_fold1_best_v1.pt,models/v2/v2_10b_h2_balanced_logreg_fold1_v1.joblib
1,blur_sigma2,pilot_002585,1,0.9316615462303162,tiny::SD15,,models/v2/clip_lora_fold1_best_v1.pt,models/v2/v2_10b_h2_balanced_logreg_fold1_v1.joblib
1,blur_sigma2,pilot_002591,1,0.910476803779602,tiny::ADM,,models/v2/clip_lora_fold1_best_v1.pt,models/v2/v2_10b_h2_balanced_logreg_fold1_v1.joblib
1,blur_sigma2,pilot_002599,1,0.9016619324684143,tiny::SD15,,models/v2/clip_lora_fold1_best_v1.pt,models/v2/v2_10b_h2_balanced_logreg_fold1_v1.joblib
1,blur_sigma2,pilot_002604,0,0.8915435075759888,real::Tiny-GenImage,Tiny,models/v2/clip_lora_fold1_best_v1.pt,models/v2/v2_10b_h2_balanced_logreg_fold1_v1.joblib
1,blur_sigma2,pilot_002605,1,0.9564126133918762,tiny::ADM,,models/v2/clip_lora_fold1_best_v1.pt,models/v2/v2_10b_h2_balanced_logreg_fold1_v1.joblib
1,blur_sigma2,pilot_002613,1,0.8619619011878967,tiny::SD15,,models/v2/clip_lora_fold1_best_v1.pt,models/v2/v2_10b_h2_balanced_logreg_fold1_v1.joblib
1,blur_sigma2,pilot_002619,1,0.8922243118286133,tiny::ADM,,models/v2/clip_lora_fold1_best_v1.pt,models/v2/v2_10b_h2_balanced_logreg_fold1_v1.joblib
1,blur_sigma2,pilot_002622,0,0.9769538044929504,real::Tiny-GenImage,Tiny,models/v2/clip_lora_fold1_best_v1.pt,models/v2/v2_10b_h2_balanced_logreg_fold1_v1.joblib
1,blur_sigma2,pilot_002627,1,0.9349900484085083,tiny::SD15,,models/v2/clip_lora_fold1_best_v1.pt,models/v2/v2_10b_h2_balanced_logreg_fold1_v1.joblib
1,blur_sigma2,pilot_002633,1,0.8944973945617676,tiny::ADM,,models/v2/clip_lora_fold1_best_v1.pt,models/v2/v2_10b_h2_balanced_logreg_fold1_v1.joblib
1,blur_sigma2,pilot_002641,1,0.9580046534538269,tiny::SD15,,models/v2/clip_lora_fold1_best_v1.pt,models/v2/v2_10b_h2_balanced_logreg_fold1_v1.joblib
1,blur_sigma2,pilot_002647,1,0.958258330821991,tiny::ADM,,models/v2/clip_lora_fold1_best_v1.pt,models/v2/v2_10b_h2_balanced_logreg_fold1_v1.joblib
1,blur_sigma2,pilot_002655,1,0.89881432056427,tiny::SD15,,models/v2/clip_lora_fold1_best_v1.pt,models/v2/v2_10b_h2_balanced_logreg_fold1_v1.joblib
1,blur_sigma2,pilot_002661,1,0.8529238104820251,tiny::ADM,,models/v2/clip_lora_fold1_best_v1.pt,models/v2/v2_10b_h2_balanced_logreg_fold1_v1.joblib
1,blur_sigma2,pilot_002668,0,0.9628207087516785,real::Tiny-GenImage,Tiny,models/v2/clip_lora_fold1_best_v1.pt,models/v2/v2_10b_h2_balanced_logreg_fold1_v1.joblib
1,blur_sigma2,pilot_002669,1,0.9612754583358765,tiny::SD15,,models/v2/clip_lora_fold1_best_v1.pt,models/v2/v2_10b_h2_balanced_logreg_fold1_v1.joblib
1,blur_sigma2,pilot_002675,1,0.9670782685279846,tiny::ADM,,models/v2/clip_lora_fold1_best_v1.pt,models/v2/v2_10b_h2_balanced_logreg_fold1_v1.joblib
1,blur_sigma2,pilot_002680,0,0.8561702370643616,real::Tiny-GenImage,Tiny,models/v2/clip_lora_fold1_best_v1.pt,models/v2/v2_10b_h2_balanced_logreg_fold1_v1.joblib
1,blur_sigma2,pilot_002682,0,0.9430909156799316,real::Tiny-GenImage,Tiny,models/v2/clip_lora_fold1_best_v1.pt,models/v2/v2_10b_h2_balanced_logreg_fold1_v1.joblib
1,blur_sigma2,pilot_002683,1,0.9173182249069214,tiny::SD15,,models/v2/clip_lora_fold1_best_v1.pt,models/v2/v2_10b_h2_balanced_logreg_fold1_v1.joblib
1,blur_sigma2,pilot_002686,0,0.9573396444320679,real::Tiny-GenImage,Tiny,models/v2/clip_lora_fold1_best_v1.pt,models/v2/v2_10b_h2_balanced_logreg_fold1_v1.joblib
1,blur_sigma2,pilot_002689,1,0.8576309680938721,tiny::ADM,,models/v2/clip_lora_fold1_best_v1.pt,models/v2/v2_10b_h2_balanced_logreg_fold1_v1.joblib
1,blur_sigma2,pilot_002690,0,0.9427151083946228,real::Tiny-GenImage,Tiny,models/v2/clip_lora_fold1_best_v1.pt,models/v2/v2_10b_h2_balanced_logreg_fold1_v1.joblib
1,blur_sigma2,pilot_002697,1,0.9199607968330383,tiny::SD15,,models/v2/clip_lora_fold1_best_v1.pt,models/v2/v2_10b_h2_balanced_logreg_fold1_v1.joblib
1,blur_sigma2,pilot_002703,1,0.9665921926498413,tiny::ADM,,models/v2/clip_lora_fold1_best_v1.pt,models/v2/v2_10b_h2_balanced_logreg_fold1_v1.joblib
1,blur_sigma2,pilot_002711,1,0.8920410871505737,tiny::SD15,,models/v2/clip_lora_fold1_best_v1.pt,models/v2/v2_10b_h2_balanced_logreg_fold1_v1.joblib
1,blur_sigma2,pilot_002717,1,0.9782100319862366,tiny::ADM,,models/v2/clip_lora_fold1_best_v1.pt,models/v2/v2_10b_h2_balanced_logreg_fold1_v1.joblib
1,blur_sigma2,pilot_002725,1,0.9597040414810181,tiny::SD15,,models/v2/clip_lora_fold1_best_v1.pt,models/v2/v2_10b_h2_balanced_logreg_fold1_v1.joblib
1,blur_sigma2,pilot_002731,1,0.8755635619163513,tiny::ADM,,models/v2/clip_lora_fold1_best_v1.pt,models/v2/v2_10b_h2_balanced_logreg_fold1_v1.joblib
1,blur_sigma2,pilot_002739,1,0.946843147277832,tiny::SD15,,models/v2/clip_lora_fold1_best_v1.pt,models/v2/v2_10b_h2_balanced_logreg_fold1_v1.joblib
1,blur_sigma2,pilot_002742,0,0.9638970494270325,real::Tiny-GenImage,Tiny,models/v2/clip_lora_fold1_best_v1.pt,models/v2/v2_10b_h2_balanced_logreg_fold1_v1.joblib
1,blur_sigma2,pilot_002745,1,0.9288395047187805,tiny::ADM,,models/v2/clip_lora_fold1_best_v1.pt,models/v2/v2_10b_h2_balanced_logreg_fold1_v1.joblib
1,blur_sigma2,pilot_002753,1,0.9497881531715393,tiny::SD15,,models/v2/clip_lora_fold1_best_v1.pt,models/v2/v2_10b_h2_balanced_logreg_fold1_v1.joblib
1,blur_sigma2,pilot_002758,0,0.8853757977485657,real::Tiny-GenImage,Tiny,models/v2/clip_lora_fold1_best_v1.pt,models/v2/v2_10b_h2_balanced_logreg_fold1_v1.joblib
1,blur_sigma2,pilot_002759,1,0.8663271069526672,tiny::ADM,,models/v2/clip_lora_fold1_best_v1.pt,models/v2/v2_10b_h2_balanced_logreg_fold1_v1.joblib
1,blur_sigma2,pilot_002760,0,0.8729380369186401,real::Tiny-GenImage,Tiny,models/v2/clip_lora_fold1_best_v1.pt,models/v2/v2_10b_h2_balanced_logreg_fold1_v1.joblib
1,blur_sigma2,pilot_002767,1,0.91847163438797,tiny::SD15,,models/v2/clip_lora_fold1_best_v1.pt,models/v2/v2_10b_h2_balanced_logreg_fold1_v1.joblib
1,blur_sigma2,pilot_002772,0,0.9516242742538452,real::Tiny-GenImage,Tiny,models/v2/clip_lora_fold1_best_v1.pt,models/v2/v2_10b_h2_balanced_logreg_fold1_v1.joblib
1,blur_sigma2,pilot_002773,1,0.9741477966308594,tiny::ADM,,models/v2/clip_lora_fold1_best_v1.pt,models/v2/v2_10b_h2_balanced_logreg_fold1_v1.joblib
1,blur_sigma2,pilot_002781,1,0.9439502954483032,tiny::SD15,,models/v2/clip_lora_fold1_best_v1.pt,models/v2/v2_10b_h2_balanced_logreg_fold1_v1.joblib
1,blur_sigma2,pilot_002786,0,0.9229950308799744,real::Tiny-GenImage,Tiny,models/v2/clip_lora_fold1_best_v1.pt,models/v2/v2_10b_h2_balanced_logreg_fold1_v1.joblib
1,blur_sigma2,pilot_002787,1,0.9728737473487854,tiny::ADM,,models/v2/clip_lora_fold1_best_v1.pt,models/v2/v2_10b_h2_balanced_logreg_fold1_v1.joblib
1,blur_sigma2,pilot_002790,0,0.8028926253318787,real::Tiny-GenImage,Tiny,models/v2/clip_lora_fold1_best_v1.pt,models/v2/v2_10b_h2_balanced_logreg_fold1_v1.joblib
1,blur_sigma2,pilot_002795,1,0.9287501573562622,tiny::SD15,,models/v2/clip_lora_fold1_best_v1.pt,models/v2/v2_10b_h2_balanced_logreg_fold1_v1.joblib
1,blur_sigma2,pilot_002798,0,0.9841753840446472,real::Tiny-GenImage,Tiny,models/v2/clip_lora_fold1_best_v1.pt,models/v2/v2_10b_h2_balanced_logreg_fold1_v1.joblib
1,blur_sigma2,pilot_002801,1,0.9724241495132446,tiny::ADM,,models/v2/clip_lora_fold1_best_v1.pt,models/v2/v2_10b_h2_balanced_logreg_fold1_v1.joblib
1,blur_sigma2,pilot_002809,1,0.9176391363143921,tiny::SD15,,models/v2/clip_lora_fold1_best_v1.pt,models/v2/v2_10b_h2_balanced_logreg_fold1_v1.joblib
1,blur_sigma2,pilot_002815,1,0.8760614395141602,tiny::ADM,,models/v2/clip_lora_fold1_best_v1.pt,models/v2/v2_10b_h2_balanced_logreg_fold1_v1.joblib
1,blur_sigma2,pilot_002816,0,0.9420833587646484,real::Tiny-GenImage,Tiny,models/v2/clip_lora_fold1_best_v1.pt,models/v2/v2_10b_h2_balanced_logreg_fold1_v1.joblib
1,blur_sigma2,pilot_002823,1,0.9327207803726196,tiny::SD15,,models/v2/clip_lora_fold1_best_v1.pt,models/v2/v2_10b_h2_balanced_logreg_fold1_v1.joblib
1,blur_sigma2,pilot_002829,1,0.8542690873146057,tiny::ADM,,models/v2/clip_lora_fold1_best_v1.pt,models/v2/v2_10b_h2_balanced_logreg_fold1_v1.joblib
1,blur_sigma2,pilot_002837,1,0.9163505434989929,tiny::SD15,,models/v2/clip_lora_fold1_best_v1.pt,models/v2/v2_10b_h2_balanced_logreg_fold1_v1.joblib
1,blur_sigma2,pilot_002842,0,0.8759562373161316,real::Tiny-GenImage,Tiny,models/v2/clip_lora_fold1_best_v1.pt,models/v2/v2_10b_h2_balanced_logreg_fold1_v1.joblib
1,blur_sigma2,pilot_002843,1,0.9781021475791931,tiny::ADM,,models/v2/clip_lora_fold1_best_v1.pt,models/v2/v2_10b_h2_balanced_logreg_fold1_v1.joblib
1,blur_sigma2,pilot_002851,1,0.9102596640586853,tiny::SD15,,models/v2/clip_lora_fold1_best_v1.pt,models/v2/v2_10b_h2_balanced_logreg_fold1_v1.joblib
1,blur_sigma2,pilot_002854,0,0.9464170336723328,real::Tiny-GenImage,Tiny,models/v2/clip_lora_fold1_best_v1.pt,models/v2/v2_10b_h2_balanced_logreg_fold1_v1.joblib
1,blur_sigma2,pilot_002857,1,0.9305513501167297,tiny::ADM,,models/v2/clip_lora_fold1_best_v1.pt,models/v2/v2_10b_h2_balanced_logreg_fold1_v1.joblib
1,blur_sigma2,pilot_002860,0,0.9716684222221375,real::Tiny-GenImage,Tiny,models/v2/clip_lora_fold1_best_v1.pt,models/v2/v2_10b_h2_balanced_logreg_fold1_v1.joblib
1,blur_sigma2,pilot_002864,0,0.9818620085716248,real::Tiny-GenImage,Tiny,models/v2/clip_lora_fold1_best_v1.pt,models/v2/v2_10b_h2_balanced_logreg_fold1_v1.joblib
1,blur_sigma2,pilot_002865,1,0.9539673328399658,tiny::SD15,,models/v2/clip_lora_fold1_best_v1.pt,models/v2/v2_10b_h2_balanced_logreg_fold1_v1.joblib
1,blur_sigma2,pilot_002870,0,0.9702437520027161,real::Tiny-GenImage,Tiny,models/v2/clip_lora_fold1_best_v1.pt,models/v2/v2_10b_h2_balanced_logreg_fold1_v1.joblib
1,blur_sigma2,pilot_002871,1,0.9218842387199402,tiny::ADM,,models/v2/clip_lora_fold1_best_v1.pt,models/v2/v2_10b_h2_balanced_logreg_fold1_v1.joblib
1,blur_sigma2,pilot_002872,0,0.928580105304718,real::Tiny-GenImage,Tiny,models/v2/clip_lora_fold1_best_v1.pt,models/v2/v2_10b_h2_balanced_logreg_fold1_v1.joblib
1,blur_sigma2,pilot_002879,1,0.940200924873352,tiny::SD15,,models/v2/clip_lora_fold1_best_v1.pt,models/v2/v2_10b_h2_balanced_logreg_fold1_v1.joblib
1,blur_sigma2,pilot_002885,1,0.9193586707115173,tiny::ADM,,models/v2/clip_lora_fold1_best_v1.pt,models/v2/v2_10b_h2_balanced_logreg_fold1_v1.joblib
1,blur_sigma2,pilot_002888,0,0.860852062702179,real::Tiny-GenImage,Tiny,models/v2/clip_lora_fold1_best_v1.pt,models/v2/v2_10b_h2_balanced_logreg_fold1_v1.joblib
1,blur_sigma2,pilot_002893,1,0.9755447506904602,tiny::SD15,,models/v2/clip_lora_fold1_best_v1.pt,models/v2/v2_10b_h2_balanced_logreg_fold1_v1.joblib
1,blur_sigma2,pilot_002894,0,0.8791157007217407,real::Tiny-GenImage,Tiny,models/v2/clip_lora_fold1_best_v1.pt,models/v2/v2_10b_h2_balanced_logreg_fold1_v1.joblib
1,blur_sigma2,pilot_002899,1,0.9417544603347778,tiny::ADM,,models/v2/clip_lora_fold1_best_v1.pt,models/v2/v2_10b_h2_balanced_logreg_fold1_v1.joblib
1,blur_sigma2,pilot_002904,0,0.740249514579773,real::Tiny-GenImage,Tiny,models/v2/clip_lora_fold1_best_v1.pt,models/v2/v2_10b_h2_balanced_logreg_fold1_v1.joblib
1,blur_sigma2,pilot_002907,1,0.9616032838821411,tiny::SD15,,models/v2/clip_lora_fold1_best_v1.pt,models/v2/v2_10b_h2_balanced_logreg_fold1_v1.joblib
1,blur_sigma2,pilot_002913,1,0.8425636887550354,tiny::ADM,,models/v2/clip_lora_fold1_best_v1.pt,models/v2/v2_10b_h2_balanced_logreg_fold1_v1.joblib
1,blur_sigma2,pilot_002914,0,0.9760074019432068,real::Tiny-GenImage,Tiny,models/v2/clip_lora_fold1_best_v1.pt,models/v2/v2_10b_h2_balanced_logreg_fold1_v1.joblib
1,blur_sigma2,pilot_002921,1,0.959761381149292,tiny::SD15,,models/v2/clip_lora_fold1_best_v1.pt,models/v2/v2_10b_h2_balanced_logreg_fold1_v1.joblib
1,blur_sigma2,pilot_002927,1,0.8916523456573486,tiny::ADM,,models/v2/clip_lora_fold1_best_v1.pt,models/v2/v2_10b_h2_balanced_logreg_fold1_v1.joblib
1,blur_sigma2,pilot_002935,1,0.956692636013031,tiny::SD15,,models/v2/clip_lora_fold1_best_v1.pt,models/v2/v2_10b_h2_balanced_logreg_fold1_v1.joblib
1,blur_sigma2,pilot_002941,1,0.9248014092445374,tiny::ADM,,models/v2/clip_lora_fold1_best_v1.pt,models/v2/v2_10b_h2_balanced_logreg_fold1_v1.joblib
1,blur_sigma2,pilot_002949,1,0.9480732679367065,tiny::SD15,,models/v2/clip_lora_fold1_best_v1.pt,models/v2/v2_10b_h2_balanced_logreg_fold1_v1.joblib
1,blur_sigma2,pilot_002955,1,0.8876897692680359,tiny::ADM,,models/v2/clip_lora_fold1_best_v1.pt,models/v2/v2_10b_h2_balanced_logreg_fold1_v1.joblib
1,blur_sigma2,pilot_002963,1,0.9770179986953735,tiny::SD15,,models/v2/clip_lora_fold1_best_v1.pt,models/v2/v2_10b_h2_balanced_logreg_fold1_v1.joblib
1,blur_sigma2,pilot_002969,1,0.9737070798873901,tiny::ADM,,models/v2/clip_lora_fold1_best_v1.pt,models/v2/v2_10b_h2_balanced_logreg_fold1_v1.joblib
1,blur_sigma2,pilot_002974,0,0.9189367890357971,real::Tiny-GenImage,Tiny,models/v2/clip_lora_fold1_best_v1.pt,models/v2/v2_10b_h2_balanced_logreg_fold1_v1.joblib
1,blur_sigma2,pilot_002977,1,0.9702394604682922,tiny::SD15,,models/v2/clip_lora_fold1_best_v1.pt,models/v2/v2_10b_h2_balanced_logreg_fold1_v1.joblib
1,blur_sigma2,pilot_002983,1,0.8933388590812683,tiny::ADM,,models/v2/clip_lora_fold1_best_v1.pt,models/v2/v2_10b_h2_balanced_logreg_fold1_v1.joblib
1,blur_sigma2,pilot_002991,1,0.9584351778030396,tiny::SD15,,models/v2/clip_lora_fold1_best_v1.pt,models/v2/v2_10b_h2_balanced_logreg_fold1_v1.joblib
1,blur_sigma2,pilot_002997,1,0.9291191697120667,tiny::ADM,,models/v2/clip_lora_fold1_best_v1.pt,models/v2/v2_10b_h2_balanced_logreg_fold1_v1.joblib
1,blur_sigma2,pilot_003005,1,0.9541171193122864,tiny::SD15,,models/v2/clip_lora_fold1_best_v1.pt,models/v2/v2_10b_h2_balanced_logreg_fold1_v1.joblib
1,blur_sigma2,pilot_003011,1,0.8005892038345337,tiny::ADM,,models/v2/clip_lora_fold1_best_v1.pt,models/v2/v2_10b_h2_balanced_logreg_fold1_v1.joblib
1,blur_sigma2,pilot_003012,0,0.9278932809829712,real::Tiny-GenImage,Tiny,models/v2/clip_lora_fold1_best_v1.pt,models/v2/v2_10b_h2_balanced_logreg_fold1_v1.joblib
1,blur_sigma2,pilot_003018,0,0.9384889006614685,real::Tiny-GenImage,Tiny,models/v2/clip_lora_fold1_best_v1.pt,models/v2/v2_10b_h2_balanced_logreg_fold1_v1.joblib
1,blur_sigma2,pilot_003019,1,0.977470874786377,tiny::SD15,,models/v2/clip_lora_fold1_best_v1.pt,models/v2/v2_10b_h2_balanced_logreg_fold1_v1.joblib
1,blur_sigma2,pilot_003025,1,0.9684714078903198,tiny::ADM,,models/v2/clip_lora_fold1_best_v1.pt,models/v2/v2_10b_h2_balanced_logreg_fold1_v1.joblib
1,blur_sigma2,pilot_003033,1,0.9340100884437561,tiny::SD15,,models/v2/clip_lora_fold1_best_v1.pt,models/v2/v2_10b_h2_balanced_logreg_fold1_v1.joblib
1,blur_sigma2,pilot_003039,1,0.9297417402267456,tiny::ADM,,models/v2/clip_lora_fold1_best_v1.pt,models/v2/v2_10b_h2_balanced_logreg_fold1_v1.joblib
1,blur_sigma2,pilot_003044,0,0.9183712601661682,real::Tiny-GenImage,Tiny,models/v2/clip_lora_fold1_best_v1.pt,models/v2/v2_10b_h2_balanced_logreg_fold1_v1.joblib
1,blur_sigma2,pilot_003047,1,0.9723958373069763,tiny::SD15,,models/v2/clip_lora_fold1_best_v1.pt,models/v2/v2_10b_h2_balanced_logreg_fold1_v1.joblib
1,blur_sigma2,pilot_003053,1,0.9334630966186523,tiny::ADM,,models/v2/clip_lora_fold1_best_v1.pt,models/v2/v2_10b_h2_balanced_logreg_fold1_v1.joblib
1,blur_sigma2,pilot_003061,1,0.9701886177062988,tiny::SD15,,models/v2/clip_lora_fold1_best_v1.pt,models/v2/v2_10b_h2_balanced_logreg_fold1_v1.joblib
1,blur_sigma2,pilot_003062,0,0.9493529796600342,real::Tiny-GenImage,Tiny,models/v2/clip_lora_fold1_best_v1.pt,models/v2/v2_10b_h2_balanced_logreg_fold1_v1.joblib
1,blur_sigma2,pilot_003067,1,0.9513745307922363,tiny::ADM,,models/v2/clip_lora_fold1_best_v1.pt,models/v2/v2_10b_h2_balanced_logreg_fold1_v1.joblib
1,blur_sigma2,pilot_003075,1,0.9759071469306946,tiny::SD15,,models/v2/clip_lora_fold1_best_v1.pt,models/v2/v2_10b_h2_balanced_logreg_fold1_v1.joblib
1,blur_sigma2,pilot_003081,1,0.947414219379425,tiny::ADM,,models/v2/clip_lora_fold1_best_v1.pt,models/v2/v2_10b_h2_balanced_logreg_fold1_v1.joblib
1,blur_sigma2,pilot_003089,1,0.9589823484420776,tiny::SD15,,models/v2/clip_lora_fold1_best_v1.pt,models/v2/v2_10b_h2_balanced_logreg_fold1_v1.joblib
1,blur_sigma2,pilot_003092,0,0.9690059423446655,real::Tiny-GenImage,Tiny,models/v2/clip_lora_fold1_best_v1.pt,models/v2/v2_10b_h2_balanced_logreg_fold1_v1.joblib
1,blur_sigma2,pilot_003095,1,0.9267693161964417,tiny::ADM,,models/v2/clip_lora_fold1_best_v1.pt,models/v2/v2_10b_h2_balanced_logreg_fold1_v1.joblib
1,blur_sigma2,pilot_003102,0,0.9343584775924683,real::Tiny-GenImage,Tiny,models/v2/clip_lora_fold1_best_v1.pt,models/v2/v2_10b_h2_balanced_logreg_fold1_v1.joblib
1,blur_sigma2,pilot_003103,1,0.9444417357444763,tiny::SD15,,models/v2/clip_lora_fold1_best_v1.pt,models/v2/v2_10b_h2_balanced_logreg_fold1_v1.joblib
1,blur_sigma2,pilot_003109,1,0.9036481976509094,tiny::ADM,,models/v2/clip_lora_fold1_best_v1.pt,models/v2/v2_10b_h2_balanced_logreg_fold1_v1.joblib
1,blur_sigma2,pilot_003117,1,0.963741660118103,tiny::SD15,,models/v2/clip_lora_fold1_best_v1.pt,models/v2/v2_10b_h2_balanced_logreg_fold1_v1.joblib
1,blur_sigma2,pilot_003123,1,0.8817204236984253,tiny::ADM,,models/v2/clip_lora_fold1_best_v1.pt,models/v2/v2_10b_h2_balanced_logreg_fold1_v1.joblib
1,blur_sigma2,pilot_003131,1,0.9721669554710388,tiny::SD15,,models/v2/clip_lora_fold1_best_v1.pt,models/v2/v2_10b_h2_balanced_logreg_fold1_v1.joblib
1,blur_sigma2,pilot_003136,0,0.9004591107368469,real::Tiny-GenImage,Tiny,models/v2/clip_lora_fold1_best_v1.pt,models/v2/v2_10b_h2_balanced_logreg_fold1_v1.joblib
1,blur_sigma2,pilot_003137,1,0.9313533902168274,tiny::ADM,,models/v2/clip_lora_fold1_best_v1.pt,models/v2/v2_10b_h2_balanced_logreg_fold1_v1.joblib
1,blur_sigma2,pilot_003145,1,0.9555615186691284,tiny::SD15,,models/v2/clip_lora_fold1_best_v1.pt,models/v2/v2_10b_h2_balanced_logreg_fold1_v1.joblib
1,blur_sigma2,pilot_003151,1,0.9116779565811157,tiny::ADM,,models/v2/clip_lora_fold1_best_v1.pt,models/v2/v2_10b_h2_balanced_logreg_fold1_v1.joblib
1,blur_sigma2,pilot_003156,0,0.90586918592453,real::Tiny-GenImage,Tiny,models/v2/clip_lora_fold1_best_v1.pt,models/v2/v2_10b_h2_balanced_logreg_fold1_v1.joblib
1,blur_sigma2,pilot_003159,1,0.9535064101219177,tiny::SD15,,models/v2/clip_lora_fold1_best_v1.pt,models/v2/v2_10b_h2_balanced_logreg_fold1_v1.joblib
1,blur_sigma2,pilot_003165,1,0.973896861076355,tiny::ADM,,models/v2/clip_lora_fold1_best_v1.pt,models/v2/v2_10b_h2_balanced_logreg_fold1_v1.joblib
1,blur_sigma2,pilot_003168,0,0.9142858386039734,real::Tiny-GenImage,Tiny,models/v2/clip_lora_fold1_best_v1.pt,models/v2/v2_10b_h2_balanced_logreg_fold1_v1.joblib
1,blur_sigma2,pilot_003170,0,0.9463086724281311,real::Tiny-GenImage,Tiny,models/v2/clip_lora_fold1_best_v1.pt,models/v2/v2_10b_h2_balanced_logreg_fold1_v1.joblib
1,blur_sigma2,pilot_003173,1,0.8850462436676025,tiny::SD15,,models/v2/clip_lora_fold1_best_v1.pt,models/v2/v2_10b_h2_balanced_logreg_fold1_v1.joblib
1,blur_sigma2,pilot_003179,1,0.9723637104034424,tiny::ADM,,models/v2/clip_lora_fold1_best_v1.pt,models/v2/v2_10b_h2_balanced_logreg_fold1_v1.joblib
1,blur_sigma2,pilot_003187,1,0.964005708694458,tiny::SD15,,models/v2/clip_lora_fold1_best_v1.pt,models/v2/v2_10b_h2_balanced_logreg_fold1_v1.joblib
1,blur_sigma2,pilot_003190,0,0.914697527885437,real::Tiny-GenImage,Tiny,models/v2/clip_lora_fold1_best_v1.pt,models/v2/v2_10b_h2_balanced_logreg_fold1_v1.joblib
1,blur_sigma2,pilot_003192,0,0.7241965532302856,real::Tiny-GenImage,Tiny,models/v2/clip_lora_fold1_best_v1.pt,models/v2/v2_10b_h2_balanced_logreg_fold1_v1.joblib
1,blur_sigma2,pilot_003193,1,0.9392886757850647,tiny::ADM,,models/v2/clip_lora_fold1_best_v1.pt,models/v2/v2_10b_h2_balanced_logreg_fold1_v1.joblib
1,blur_sigma2,pilot_003201,1,0.9827987551689148,tiny::SD15,,models/v2/clip_lora_fold1_best_v1.pt,models/v2/v2_10b_h2_balanced_logreg_fold1_v1.joblib
1,blur_sigma2,pilot_003206,0,0.7497014403343201,real::Tiny-GenImage,Tiny,models/v2/clip_lora_fold1_best_v1.pt,models/v2/v2_10b_h2_balanced_logreg_fold1_v1.joblib
1,blur_sigma2,pilot_003207,1,0.9311827421188354,tiny::ADM,,models/v2/clip_lora_fold1_best_v1.pt,models/v2/v2_10b_h2_balanced_logreg_fold1_v1.joblib
1,blur_sigma2,pilot_003215,1,0.9783304333686829,tiny::SD15,,models/v2/clip_lora_fold1_best_v1.pt,models/v2/v2_10b_h2_balanced_logreg_fold1_v1.joblib
1,blur_sigma2,pilot_003218,0,0.95614093542099,real::Tiny-GenImage,Tiny,models/v2/clip_lora_fold1_best_v1.pt,models/v2/v2_10b_h2_balanced_logreg_fold1_v1.joblib
1,blur_sigma2,pilot_003221,1,0.9754385948181152,tiny::ADM,,models/v2/clip_lora_fold1_best_v1.pt,models/v2/v2_10b_h2_balanced_logreg_fold1_v1.joblib
1,blur_sigma2,pilot_003229,1,0.9769558310508728,tiny::SD15,,models/v2/clip_lora_fold1_best_v1.pt,models/v2/v2_10b_h2_balanced_logreg_fold1_v1.joblib
1,blur_sigma2,pilot_003232,0,0.9639578461647034,real::Tiny-GenImage,Tiny,models/v2/clip_lora_fold1_best_v1.pt,models/v2/v2_10b_h2_balanced_logreg_fold1_v1.joblib
1,blur_sigma2,pilot_003235,1,0.8972939252853394,tiny::ADM,,models/v2/clip_lora_fold1_best_v1.pt,models/v2/v2_10b_h2_balanced_logreg_fold1_v1.joblib
1,blur_sigma2,pilot_003243,1,0.9628578424453735,tiny::SD15,,models/v2/clip_lora_fold1_best_v1.pt,models/v2/v2_10b_h2_balanced_logreg_fold1_v1.joblib
1,blur_sigma2,pilot_003248,0,0.90777587890625,real::Tiny-GenImage,Tiny,models/v2/clip_lora_fold1_best_v1.pt,models/v2/v2_10b_h2_balanced_logreg_fold1_v1.joblib
1,blur_sigma2,pilot_003249,1,0.9542640447616577,tiny::ADM,,models/v2/clip_lora_fold1_best_v1.pt,models/v2/v2_10b_h2_balanced_logreg_fold1_v1.joblib
1,blur_sigma2,pilot_003257,1,0.9451431632041931,tiny::SD15,,models/v2/clip_lora_fold1_best_v1.pt,models/v2/v2_10b_h2_balanced_logreg_fold1_v1.joblib
1,blur_sigma2,pilot_003263,1,0.9638699293136597,tiny::ADM,,models/v2/clip_lora_fold1_best_v1.pt,models/v2/v2_10b_h2_balanced_logreg_fold1_v1.joblib
1,blur_sigma2,pilot_003266,0,0.9484632015228271,real::Tiny-GenImage,Tiny,models/v2/clip_lora_fold1_best_v1.pt,models/v2/v2_10b_h2_balanced_logreg_fold1_v1.joblib
1,blur_sigma2,pilot_003271,1,0.959749162197113,tiny::SD15,,models/v2/clip_lora_fold1_best_v1.pt,models/v2/v2_10b_h2_balanced_logreg_fold1_v1.joblib
1,blur_sigma2,pilot_003277,1,0.9688723087310791,tiny::ADM,,models/v2/clip_lora_fold1_best_v1.pt,models/v2/v2_10b_h2_balanced_logreg_fold1_v1.joblib
1,blur_sigma2,pilot_003280,0,0.9561138153076172,real::Tiny-GenImage,Tiny,models/v2/clip_lora_fold1_best_v1.pt,models/v2/v2_10b_h2_balanced_logreg_fold1_v1.joblib
1,blur_sigma2,pilot_003285,1,0.9688363075256348,tiny::SD15,,models/v2/clip_lora_fold1_best_v1.pt,models/v2/v2_10b_h2_balanced_logreg_fold1_v1.joblib
1,blur_sigma2,pilot_003291,1,0.9670944213867188,tiny::ADM,,models/v2/clip_lora_fold1_best_v1.pt,models/v2/v2_10b_h2_balanced_logreg_fold1_v1.joblib
1,blur_sigma2,pilot_003299,1,0.9532825350761414,tiny::SD15,,models/v2/clip_lora_fold1_best_v1.pt,models/v2/v2_10b_h2_balanced_logreg_fold1_v1.joblib
1,blur_sigma2,pilot_003305,1,0.9752452373504639,tiny::ADM,,models/v2/clip_lora_fold1_best_v1.pt,models/v2/v2_10b_h2_balanced_logreg_fold1_v1.joblib
1,blur_sigma2,pilot_003313,1,0.9358921051025391,tiny::SD15,,models/v2/clip_lora_fold1_best_v1.pt,models/v2/v2_10b_h2_balanced_logreg_fold1_v1.joblib
1,blur_sigma2,pilot_003319,1,0.8782023191452026,tiny::ADM,,models/v2/clip_lora_fold1_best_v1.pt,models/v2/v2_10b_h2_balanced_logreg_fold1_v1.joblib
1,blur_sigma2,pilot_003327,1,0.9454514980316162,tiny::SD15,,models/v2/clip_lora_fold1_best_v1.pt,models/v2/v2_10b_h2_balanced_logreg_fold1_v1.joblib
1,blur_sigma2,pilot_003333,1,0.9307641983032227,tiny::ADM,,models/v2/clip_lora_fold1_best_v1.pt,models/v2/v2_10b_h2_balanced_logreg_fold1_v1.joblib
1,blur_sigma2,pilot_003334,0,0.9611936211585999,real::Tiny-GenImage,Tiny,models/v2/clip_lora_fold1_best_v1.pt,models/v2/v2_10b_h2_balanced_logreg_fold1_v1.joblib
1,blur_sigma2,pilot_003341,1,0.9665711522102356,tiny::SD15,,models/v2/clip_lora_fold1_best_v1.pt,models/v2/v2_10b_h2_balanced_logreg_fold1_v1.joblib
1,blur_sigma2,pilot_003344,0,0.7969790101051331,real::Tiny-GenImage,Tiny,models/v2/clip_lora_fold1_best_v1.pt,models/v2/v2_10b_h2_balanced_logreg_fold1_v1.joblib
1,blur_sigma2,pilot_003347,1,0.9530763030052185,tiny::ADM,,models/v2/clip_lora_fold1_best_v1.pt,models/v2/v2_10b_h2_balanced_logreg_fold1_v1.joblib
1,blur_sigma2,pilot_003355,1,0.9774031043052673,tiny::SD15,,models/v2/clip_lora_fold1_best_v1.pt,models/v2/v2_10b_h2_balanced_logreg_fold1_v1.joblib
1,blur_sigma2,pilot_003356,0,0.9717047810554504,real::Tiny-GenImage,Tiny,models/v2/clip_lora_fold1_best_v1.pt,models/v2/v2_10b_h2_balanced_logreg_fold1_v1.joblib
1,blur_sigma2,pilot_003361,1,0.9320530295372009,tiny::ADM,,models/v2/clip_lora_fold1_best_v1.pt,models/v2/v2_10b_h2_balanced_logreg_fold1_v1.joblib
1,blur_sigma2,pilot_003369,1,0.9713714122772217,tiny::SD15,,models/v2/clip_lora_fold1_best_v1.pt,models/v2/v2_10b_h2_balanced_logreg_fold1_v1.joblib
1,blur_sigma2,pilot_003370,0,0.9330359697341919,real::Tiny-GenImage,Tiny,models/v2/clip_lora_fold1_best_v1.pt,models/v2/v2_10b_h2_balanced_logreg_fold1_v1.joblib
1,blur_sigma2,pilot_003375,1,0.856547474861145,tiny::ADM,,models/v2/clip_lora_fold1_best_v1.pt,models/v2/v2_10b_h2_balanced_logreg_fold1_v1.joblib
1,blur_sigma2,pilot_003383,1,0.9763646721839905,tiny::SD15,,models/v2/clip_lora_fold1_best_v1.pt,models/v2/v2_10b_h2_balanced_logreg_fold1_v1.joblib
1,blur_sigma2,pilot_003386,0,0.9242979288101196,real::Tiny-GenImage,Tiny,models/v2/clip_lora_fold1_best_v1.pt,models/v2/v2_10b_h2_balanced_logreg_fold1_v1.joblib
1,blur_sigma2,pilot_003389,1,0.9425553679466248,tiny::ADM,,models/v2/clip_lora_fold1_best_v1.pt,models/v2/v2_10b_h2_balanced_logreg_fold1_v1.joblib
1,blur_sigma2,pilot_003390,0,0.8722057342529297,real::Tiny-GenImage,Tiny,models/v2/clip_lora_fold1_best_v1.pt,models/v2/v2_10b_h2_balanced_logreg_fold1_v1.joblib
1,blur_sigma2,pilot_003397,1,0.9703070521354675,tiny::SD15,,models/v2/clip_lora_fold1_best_v1.pt,models/v2/v2_10b_h2_balanced_logreg_fold1_v1.joblib
1,blur_sigma2,pilot_003403,1,0.9618601202964783,tiny::ADM,,models/v2/clip_lora_fold1_best_v1.pt,models/v2/v2_10b_h2_balanced_logreg_fold1_v1.joblib
1,blur_sigma2,pilot_003411,1,0.9871426820755005,tiny::SD15,,models/v2/clip_lora_fold1_best_v1.pt,models/v2/v2_10b_h2_balanced_logreg_fold1_v1.joblib
1,blur_sigma2,pilot_003417,1,0.9912944436073303,tiny::ADM,,models/v2/clip_lora_fold1_best_v1.pt,models/v2/v2_10b_h2_balanced_logreg_fold1_v1.joblib
1,blur_sigma2,pilot_003424,0,0.9638009071350098,real::Tiny-GenImage,Tiny,models/v2/clip_lora_fold1_best_v1.pt,models/v2/v2_10b_h2_balanced_logreg_fold1_v1.joblib
1,blur_sigma2,pilot_003425,1,0.9843207597732544,tiny::SD15,,models/v2/clip_lora_fold1_best_v1.pt,models/v2/v2_10b_h2_balanced_logreg_fold1_v1.joblib
1,blur_sigma2,pilot_003431,1,0.982541024684906,tiny::ADM,,models/v2/clip_lora_fold1_best_v1.pt,models/v2/v2_10b_h2_balanced_logreg_fold1_v1.joblib
1,blur_sigma2,pilot_003438,0,0.9590960741043091,real::Tiny-GenImage,Tiny,models/v2/clip_lora_fold1_best_v1.pt,models/v2/v2_10b_h2_balanced_logreg_fold1_v1.joblib
1,blur_sigma2,pilot_003439,1,0.9840036034584045,tiny::SD15,,models/v2/clip_lora_fold1_best_v1.pt,models/v2/v2_10b_h2_balanced_logreg_fold1_v1.joblib
1,blur_sigma2,pilot_003444,0,0.756799578666687,real::Tiny-GenImage,Tiny,models/v2/clip_lora_fold1_best_v1.pt,models/v2/v2_10b_h2_balanced_logreg_fold1_v1.joblib
1,blur_sigma2,pilot_003445,1,0.8476598262786865,tiny::ADM,,models/v2/clip_lora_fold1_best_v1.pt,models/v2/v2_10b_h2_balanced_logreg_fold1_v1.joblib
1,blur_sigma2,pilot_003446,0,0.9135029315948486,real::Tiny-GenImage,Tiny,models/v2/clip_lora_fold1_best_v1.pt,models/v2/v2_10b_h2_balanced_logreg_fold1_v1.joblib
1,blur_sigma2,pilot_003453,1,0.9856605529785156,tiny::SD15,,models/v2/clip_lora_fold1_best_v1.pt,models/v2/v2_10b_h2_balanced_logreg_fold1_v1.joblib
1,blur_sigma2,pilot_003459,1,0.9549106955528259,tiny::ADM,,models/v2/clip_lora_fold1_best_v1.pt,models/v2/v2_10b_h2_balanced_logreg_fold1_v1.joblib
1,blur_sigma2,pilot_003464,0,0.9740493893623352,real::Tiny-GenImage,Tiny,models/v2/clip_lora_fold1_best_v1.pt,models/v2/v2_10b_h2_balanced_logreg_fold1_v1.joblib
1,blur_sigma2,pilot_003466,0,0.9065233469009399,real::Tiny-GenImage,Tiny,models/v2/clip_lora_fold1_best_v1.pt,models/v2/v2_10b_h2_balanced_logreg_fold1_v1.joblib
1,blur_sigma2,pilot_003467,1,0.9601447582244873,tiny::SD15,,models/v2/clip_lora_fold1_best_v1.pt,models/v2/v2_10b_h2_balanced_logreg_fold1_v1.joblib
1,blur_sigma2,pilot_003473,1,0.9214288592338562,tiny::ADM,,models/v2/clip_lora_fold1_best_v1.pt,models/v2/v2_10b_h2_balanced_logreg_fold1_v1.joblib
1,blur_sigma2,pilot_003478,0,0.8099450469017029,real::Tiny-GenImage,Tiny,models/v2/clip_lora_fold1_best_v1.pt,models/v2/v2_10b_h2_balanced_logreg_fold1_v1.joblib
1,blur_sigma2,pilot_003481,1,0.9593387842178345,tiny::SD15,,models/v2/clip_lora_fold1_best_v1.pt,models/v2/v2_10b_h2_balanced_logreg_fold1_v1.joblib
1,blur_sigma2,pilot_003487,1,0.944763720035553,tiny::ADM,,models/v2/clip_lora_fold1_best_v1.pt,models/v2/v2_10b_h2_balanced_logreg_fold1_v1.joblib
1,blur_sigma2,pilot_003495,1,0.9463719725608826,tiny::SD15,,models/v2/clip_lora_fold1_best_v1.pt,models/v2/v2_10b_h2_balanced_logreg_fold1_v1.joblib
1,blur_sigma2,pilot_003501,1,0.9616172909736633,tiny::ADM,,models/v2/clip_lora_fold1_best_v1.pt,models/v2/v2_10b_h2_balanced_logreg_fold1_v1.joblib
1,blur_sigma2,pilot_003508,0,0.9201115369796753,real::Tiny-GenImage,Tiny,models/v2/clip_lora_fold1_best_v1.pt,models/v2/v2_10b_h2_balanced_logreg_fold1_v1.joblib
1,blur_sigma2,pilot_003509,1,0.9621382355690002,tiny::SD15,,models/v2/clip_lora_fold1_best_v1.pt,models/v2/v2_10b_h2_balanced_logreg_fold1_v1.joblib
1,blur_sigma2,pilot_003514,0,0.9284329414367676,real::Tiny-GenImage,Tiny,models/v2/clip_lora_fold1_best_v1.pt,models/v2/v2_10b_h2_balanced_logreg_fold1_v1.joblib
1,blur_sigma2,pilot_003515,1,0.9068708419799805,tiny::ADM,,models/v2/clip_lora_fold1_best_v1.pt,models/v2/v2_10b_h2_balanced_logreg_fold1_v1.joblib
1,blur_sigma2,pilot_003523,1,0.9651858806610107,tiny::SD15,,models/v2/clip_lora_fold1_best_v1.pt,models/v2/v2_10b_h2_balanced_logreg_fold1_v1.joblib
1,blur_sigma2,pilot_003526,0,0.9286253452301025,real::Tiny-GenImage,Tiny,models/v2/clip_lora_fold1_best_v1.pt,models/v2/v2_10b_h2_balanced_logreg_fold1_v1.joblib
1,blur_sigma2,pilot_003529,1,0.9269903302192688,tiny::ADM,,models/v2/clip_lora_fold1_best_v1.pt,models/v2/v2_10b_h2_balanced_logreg_fold1_v1.joblib
1,blur_sigma2,pilot_003530,0,0.9803498983383179,real::Tiny-GenImage,Tiny,models/v2/clip_lora_fold1_best_v1.pt,models/v2/v2_10b_h2_balanced_logreg_fold1_v1.joblib
1,blur_sigma2,pilot_003537,1,0.9677268862724304,tiny::SD15,,models/v2/clip_lora_fold1_best_v1.pt,models/v2/v2_10b_h2_balanced_logreg_fold1_v1.joblib
1,blur_sigma2,pilot_003540,0,0.9635215997695923,real::Tiny-GenImage,Tiny,models/v2/clip_lora_fold1_best_v1.pt,models/v2/v2_10b_h2_balanced_logreg_fold1_v1.joblib
1,blur_sigma2,pilot_003543,1,0.9616542458534241,tiny::ADM,,models/v2/clip_lora_fold1_best_v1.pt,models/v2/v2_10b_h2_balanced_logreg_fold1_v1.joblib
1,blur_sigma2,pilot_003551,1,0.9778719544410706,tiny::SD15,,models/v2/clip_lora_fold1_best_v1.pt,models/v2/v2_10b_h2_balanced_logreg_fold1_v1.joblib
1,blur_sigma2,pilot_003557,1,0.954043984413147,tiny::ADM,,models/v2/clip_lora_fold1_best_v1.pt,models/v2/v2_10b_h2_balanced_logreg_fold1_v1.joblib
1,blur_sigma2,pilot_003564,0,0.9592866897583008,real::Tiny-GenImage,Tiny,models/v2/clip_lora_fold1_best_v1.pt,models/v2/v2_10b_h2_balanced_logreg_fold1_v1.joblib
1,blur_sigma2,pilot_003565,1,0.9327935576438904,tiny::SD15,,models/v2/clip_lora_fold1_best_v1.pt,models/v2/v2_10b_h2_balanced_logreg_fold1_v1.joblib
1,blur_sigma2,pilot_003568,0,0.9532680511474609,real::Tiny-GenImage,Tiny,models/v2/clip_lora_fold1_best_v1.pt,models/v2/v2_10b_h2_balanced_logreg_fold1_v1.joblib
1,blur_sigma2,pilot_003571,1,0.8792845010757446,tiny::ADM,,models/v2/clip_lora_fold1_best_v1.pt,models/v2/v2_10b_h2_balanced_logreg_fold1_v1.joblib
1,blur_sigma2,pilot_003574,0,0.9787923693656921,real::Tiny-GenImage,Tiny,models/v2/clip_lora_fold1_best_v1.pt,models/v2/v2_10b_h2_balanced_logreg_fold1_v1.joblib
1,blur_sigma2,pilot_003578,0,0.9505634307861328,real::Tiny-GenImage,Tiny,models/v2/clip_lora_fold1_best_v1.pt,models/v2/v2_10b_h2_balanced_logreg_fold1_v1.joblib
1,blur_sigma2,pilot_003579,1,0.9548024535179138,tiny::SD15,,models/v2/clip_lora_fold1_best_v1.pt,models/v2/v2_10b_h2_balanced_logreg_fold1_v1.joblib
1,blur_sigma2,pilot_003584,0,0.9639075398445129,real::Tiny-GenImage,Tiny,models/v2/clip_lora_fold1_best_v1.pt,models/v2/v2_10b_h2_balanced_logreg_fold1_v1.joblib
1,blur_sigma2,pilot_003585,1,0.9513629078865051,tiny::ADM,,models/v2/clip_lora_fold1_best_v1.pt,models/v2/v2_10b_h2_balanced_logreg_fold1_v1.joblib
1,blur_sigma2,pilot_003593,1,0.9480187296867371,tiny::SD15,,models/v2/clip_lora_fold1_best_v1.pt,models/v2/v2_10b_h2_balanced_logreg_fold1_v1.joblib
1,blur_sigma2,pilot_003599,1,0.9578483700752258,tiny::ADM,,models/v2/clip_lora_fold1_best_v1.pt,models/v2/v2_10b_h2_balanced_logreg_fold1_v1.joblib
1,blur_sigma2,pilot_003600,0,0.9273926615715027,real::Tiny-GenImage,Tiny,models/v2/clip_lora_fold1_best_v1.pt,models/v2/v2_10b_h2_balanced_logreg_fold1_v1.joblib
1,blur_sigma2,pilot_003606,0,0.9151571989059448,real::Tiny-GenImage,Tiny,models/v2/clip_lora_fold1_best_v1.pt,models/v2/v2_10b_h2_balanced_logreg_fold1_v1.joblib
1,blur_sigma2,pilot_003607,1,0.9545965790748596,tiny::SD15,,models/v2/clip_lora_fold1_best_v1.pt,models/v2/v2_10b_h2_balanced_logreg_fold1_v1.joblib
1,blur_sigma2,pilot_003613,1,0.9469587206840515,tiny::ADM,,models/v2/clip_lora_fold1_best_v1.pt,models/v2/v2_10b_h2_balanced_logreg_fold1_v1.joblib
1,blur_sigma2,pilot_003620,0,0.8707057237625122,real::Tiny-GenImage,Tiny,models/v2/clip_lora_fold1_best_v1.pt,models/v2/v2_10b_h2_balanced_logreg_fold1_v1.joblib
1,blur_sigma2,pilot_003621,1,0.9735845327377319,tiny::SD15,,models/v2/clip_lora_fold1_best_v1.pt,models/v2/v2_10b_h2_balanced_logreg_fold1_v1.joblib
1,blur_sigma2,pilot_003622,0,0.9615805745124817,real::Tiny-GenImage,Tiny,models/v2/clip_lora_fold1_best_v1.pt,models/v2/v2_10b_h2_balanced_logreg_fold1_v1.joblib
1,blur_sigma2,pilot_003627,1,0.8317909240722656,tiny::ADM,,models/v2/clip_lora_fold1_best_v1.pt,models/v2/v2_10b_h2_balanced_logreg_fold1_v1.joblib
1,blur_sigma2,pilot_003634,0,0.9480887651443481,real::Tiny-GenImage,Tiny,models/v2/clip_lora_fold1_best_v1.pt,models/v2/v2_10b_h2_balanced_logreg_fold1_v1.joblib
1,blur_sigma2,pilot_003635,1,0.9616672396659851,tiny::SD15,,models/v2/clip_lora_fold1_best_v1.pt,models/v2/v2_10b_h2_balanced_logreg_fold1_v1.joblib
1,blur_sigma2,pilot_003641,1,0.9654495716094971,tiny::ADM,,models/v2/clip_lora_fold1_best_v1.pt,models/v2/v2_10b_h2_balanced_logreg_fold1_v1.joblib
1,blur_sigma2,pilot_003649,1,0.9781436920166016,tiny::SD15,,models/v2/clip_lora_fold1_best_v1.pt,models/v2/v2_10b_h2_balanced_logreg_fold1_v1.joblib
1,blur_sigma2,pilot_003650,0,0.943310558795929,real::Tiny-GenImage,Tiny,models/v2/clip_lora_fold1_best_v1.pt,models/v2/v2_10b_h2_balanced_logreg_fold1_v1.joblib
1,blur_sigma2,pilot_003652,0,0.95438152551651,real::Tiny-GenImage,Tiny,models/v2/clip_lora_fold1_best_v1.pt,models/v2/v2_10b_h2_balanced_logreg_fold1_v1.joblib
1,blur_sigma2,pilot_003655,1,0.7955524921417236,tiny::ADM,,models/v2/clip_lora_fold1_best_v1.pt,models/v2/v2_10b_h2_balanced_logreg_fold1_v1.joblib
1,blur_sigma2,pilot_003662,0,0.9503728747367859,real::Tiny-GenImage,Tiny,models/v2/clip_lora_fold1_best_v1.pt,models/v2/v2_10b_h2_balanced_logreg_fold1_v1.joblib
1,blur_sigma2,pilot_003663,1,0.9815599918365479,tiny::SD15,,models/v2/clip_lora_fold1_best_v1.pt,models/v2/v2_10b_h2_balanced_logreg_fold1_v1.joblib
1,blur_sigma2,pilot_003669,1,0.9172018766403198,tiny::ADM,,models/v2/clip_lora_fold1_best_v1.pt,models/v2/v2_10b_h2_balanced_logreg_fold1_v1.joblib
1,blur_sigma2,pilot_003672,0,0.9608984589576721,real::Tiny-GenImage,Tiny,models/v2/clip_lora_fold1_best_v1.pt,models/v2/v2_10b_h2_balanced_logreg_fold1_v1.joblib
1,blur_sigma2,pilot_003677,1,0.9744053483009338,tiny::SD15,,models/v2/clip_lora_fold1_best_v1.pt,models/v2/v2_10b_h2_balanced_logreg_fold1_v1.joblib
1,blur_sigma2,pilot_003682,0,0.9526904225349426,real::Tiny-GenImage,Tiny,models/v2/clip_lora_fold1_best_v1.pt,models/v2/v2_10b_h2_balanced_logreg_fold1_v1.joblib
1,blur_sigma2,pilot_003683,1,0.9476600289344788,tiny::ADM,,models/v2/clip_lora_fold1_best_v1.pt,models/v2/v2_10b_h2_balanced_logreg_fold1_v1.joblib
1,blur_sigma2,pilot_003691,1,0.9771155118942261,tiny::SD15,,models/v2/clip_lora_fold1_best_v1.pt,models/v2/v2_10b_h2_balanced_logreg_fold1_v1.joblib
1,blur_sigma2,pilot_003697,1,0.9220301508903503,tiny::ADM,,models/v2/clip_lora_fold1_best_v1.pt,models/v2/v2_10b_h2_balanced_logreg_fold1_v1.joblib
1,blur_sigma2,pilot_003700,0,0.9470693469047546,real::Tiny-GenImage,Tiny,models/v2/clip_lora_fold1_best_v1.pt,models/v2/v2_10b_h2_balanced_logreg_fold1_v1.joblib
1,blur_sigma2,pilot_003702,0,0.9590590000152588,real::Tiny-GenImage,Tiny,models/v2/clip_lora_fold1_best_v1.pt,models/v2/v2_10b_h2_balanced_logreg_fold1_v1.joblib
1,blur_sigma2,pilot_003705,1,0.908496618270874,tiny::SD15,,models/v2/clip_lora_fold1_best_v1.pt,models/v2/v2_10b_h2_balanced_logreg_fold1_v1.joblib
1,blur_sigma2,pilot_003708,0,0.943958044052124,real::Tiny-GenImage,Tiny,models/v2/clip_lora_fold1_best_v1.pt,models/v2/v2_10b_h2_balanced_logreg_fold1_v1.joblib
1,blur_sigma2,pilot_003711,1,0.8217885494232178,tiny::ADM,,models/v2/clip_lora_fold1_best_v1.pt,models/v2/v2_10b_h2_balanced_logreg_fold1_v1.joblib
1,blur_sigma2,pilot_003719,1,0.9628373980522156,tiny::SD15,,models/v2/clip_lora_fold1_best_v1.pt,models/v2/v2_10b_h2_balanced_logreg_fold1_v1.joblib
1,blur_sigma2,pilot_003725,1,0.9522784948348999,tiny::ADM,,models/v2/clip_lora_fold1_best_v1.pt,models/v2/v2_10b_h2_balanced_logreg_fold1_v1.joblib
1,blur_sigma2,pilot_003728,0,0.9714680314064026,real::Tiny-GenImage,Tiny,models/v2/clip_lora_fold1_best_v1.pt,models/v2/v2_10b_h2_balanced_logreg_fold1_v1.joblib
1,blur_sigma2,pilot_003732,0,0.9429160356521606,real::Tiny-GenImage,Tiny,models/v2/clip_lora_fold1_best_v1.pt,models/v2/v2_10b_h2_balanced_logreg_fold1_v1.joblib
1,blur_sigma2,pilot_003733,1,0.9496181607246399,tiny::SD15,,models/v2/clip_lora_fold1_best_v1.pt,models/v2/v2_10b_h2_balanced_logreg_fold1_v1.joblib
1,blur_sigma2,pilot_003739,1,0.9573376774787903,tiny::ADM,,models/v2/clip_lora_fold1_best_v1.pt,models/v2/v2_10b_h2_balanced_logreg_fold1_v1.joblib
1,blur_sigma2,pilot_003747,1,0.9682037234306335,tiny::SD15,,models/v2/clip_lora_fold1_best_v1.pt,models/v2/v2_10b_h2_balanced_logreg_fold1_v1.joblib
1,blur_sigma2,pilot_003753,1,0.8863806128501892,tiny::ADM,,models/v2/clip_lora_fold1_best_v1.pt,models/v2/v2_10b_h2_balanced_logreg_fold1_v1.joblib
1,blur_sigma2,pilot_003761,1,0.90349942445755,tiny::SD15,,models/v2/clip_lora_fold1_best_v1.pt,models/v2/v2_10b_h2_balanced_logreg_fold1_v1.joblib
1,blur_sigma2,pilot_003767,1,0.9532459378242493,tiny::ADM,,models/v2/clip_lora_fold1_best_v1.pt,models/v2/v2_10b_h2_balanced_logreg_fold1_v1.joblib
1,blur_sigma2,pilot_003775,1,0.9592007994651794,tiny::SD15,,models/v2/clip_lora_fold1_best_v1.pt,models/v2/v2_10b_h2_balanced_logreg_fold1_v1.joblib
1,blur_sigma2,pilot_003781,1,0.8315349817276001,tiny::ADM,,models/v2/clip_lora_fold1_best_v1.pt,models/v2/v2_10b_h2_balanced_logreg_fold1_v1.joblib
1,blur_sigma2,pilot_003784,0,0.941878080368042,real::Tiny-GenImage,Tiny,models/v2/clip_lora_fold1_best_v1.pt,models/v2/v2_10b_h2_balanced_logreg_fold1_v1.joblib
1,blur_sigma2,pilot_003786,0,0.9585146903991699,real::Tiny-GenImage,Tiny,models/v2/clip_lora_fold1_best_v1.pt,models/v2/v2_10b_h2_balanced_logreg_fold1_v1.joblib
1,blur_sigma2,pilot_003789,1,0.9364843368530273,tiny::SD15,,models/v2/clip_lora_fold1_best_v1.pt,models/v2/v2_10b_h2_balanced_logreg_fold1_v1.joblib
1,blur_sigma2,pilot_003795,1,0.6300677061080933,tiny::ADM,,models/v2/clip_lora_fold1_best_v1.pt,models/v2/v2_10b_h2_balanced_logreg_fold1_v1.joblib
1,blur_sigma2,pilot_003803,1,0.9751569032669067,tiny::SD15,,models/v2/clip_lora_fold1_best_v1.pt,models/v2/v2_10b_h2_balanced_logreg_fold1_v1.joblib
1,blur_sigma2,pilot_003809,1,0.9415604472160339,tiny::ADM,,models/v2/clip_lora_fold1_best_v1.pt,models/v2/v2_10b_h2_balanced_logreg_fold1_v1.joblib
1,blur_sigma2,pilot_003817,1,0.96357661485672,tiny::SD15,,models/v2/clip_lora_fold1_best_v1.pt,models/v2/v2_10b_h2_balanced_logreg_fold1_v1.joblib
1,blur_sigma2,pilot_003823,1,0.8838979601860046,tiny::ADM,,models/v2/clip_lora_fold1_best_v1.pt,models/v2/v2_10b_h2_balanced_logreg_fold1_v1.joblib
1,blur_sigma2,pilot_003831,1,0.9830922484397888,tiny::SD15,,models/v2/clip_lora_fold1_best_v1.pt,models/v2/v2_10b_h2_balanced_logreg_fold1_v1.joblib
1,blur_sigma2,pilot_003836,0,0.9318085312843323,real::Tiny-GenImage,Tiny,models/v2/clip_lora_fold1_best_v1.pt,models/v2/v2_10b_h2_balanced_logreg_fold1_v1.joblib
1,blur_sigma2,pilot_003837,1,0.9322934746742249,tiny::ADM,,models/v2/clip_lora_fold1_best_v1.pt,models/v2/v2_10b_h2_balanced_logreg_fold1_v1.joblib
1,blur_sigma2,pilot_003845,1,0.9758808016777039,tiny::SD15,,models/v2/clip_lora_fold1_best_v1.pt,models/v2/v2_10b_h2_balanced_logreg_fold1_v1.joblib
1,blur_sigma2,pilot_003851,1,0.889153242111206,tiny::ADM,,models/v2/clip_lora_fold1_best_v1.pt,models/v2/v2_10b_h2_balanced_logreg_fold1_v1.joblib
1,blur_sigma2,pilot_003858,0,0.9764178395271301,real::Tiny-GenImage,Tiny,models/v2/clip_lora_fold1_best_v1.pt,models/v2/v2_10b_h2_balanced_logreg_fold1_v1.joblib
1,blur_sigma2,pilot_003859,1,0.9811433553695679,tiny::SD15,,models/v2/clip_lora_fold1_best_v1.pt,models/v2/v2_10b_h2_balanced_logreg_fold1_v1.joblib
1,blur_sigma2,pilot_003865,1,0.9043996334075928,tiny::ADM,,models/v2/clip_lora_fold1_best_v1.pt,models/v2/v2_10b_h2_balanced_logreg_fold1_v1.joblib
1,blur_sigma2,pilot_003873,1,0.9515715837478638,tiny::SD15,,models/v2/clip_lora_fold1_best_v1.pt,models/v2/v2_10b_h2_balanced_logreg_fold1_v1.joblib
1,blur_sigma2,pilot_003874,0,0.8923060297966003,real::Tiny-GenImage,Tiny,models/v2/clip_lora_fold1_best_v1.pt,models/v2/v2_10b_h2_balanced_logreg_fold1_v1.joblib
1,blur_sigma2,pilot_003879,1,0.9082406759262085,tiny::ADM,,models/v2/clip_lora_fold1_best_v1.pt,models/v2/v2_10b_h2_balanced_logreg_fold1_v1.joblib
1,blur_sigma2,pilot_003886,0,0.9633974432945251,real::Tiny-GenImage,Tiny,models/v2/clip_lora_fold1_best_v1.pt,models/v2/v2_10b_h2_balanced_logreg_fold1_v1.joblib
1,blur_sigma2,pilot_003887,1,0.951688289642334,tiny::SD15,,models/v2/clip_lora_fold1_best_v1.pt,models/v2/v2_10b_h2_balanced_logreg_fold1_v1.joblib
1,blur_sigma2,pilot_003888,0,0.8822200894355774,real::Tiny-GenImage,Tiny,models/v2/clip_lora_fold1_best_v1.pt,models/v2/v2_10b_h2_balanced_logreg_fold1_v1.joblib
1,blur_sigma2,pilot_003893,1,0.9582503437995911,tiny::ADM,,models/v2/clip_lora_fold1_best_v1.pt,models/v2/v2_10b_h2_balanced_logreg_fold1_v1.joblib
1,blur_sigma2,pilot_003901,1,0.9795272946357727,tiny::SD15,,models/v2/clip_lora_fold1_best_v1.pt,models/v2/v2_10b_h2_balanced_logreg_fold1_v1.joblib
1,blur_sigma2,pilot_003902,0,0.8454451560974121,real::Tiny-GenImage,Tiny,models/v2/clip_lora_fold1_best_v1.pt,models/v2/v2_10b_h2_balanced_logreg_fold1_v1.joblib
1,blur_sigma2,pilot_003907,1,0.8879057765007019,tiny::ADM,,models/v2/clip_lora_fold1_best_v1.pt,models/v2/v2_10b_h2_balanced_logreg_fold1_v1.joblib
1,blur_sigma2,pilot_003915,1,0.9939569234848022,tiny::SD15,,models/v2/clip_lora_fold1_best_v1.pt,models/v2/v2_10b_h2_balanced_logreg_fold1_v1.joblib
1,blur_sigma2,pilot_003916,0,0.9663171768188477,real::Tiny-GenImage,Tiny,models/v2/clip_lora_fold1_best_v1.pt,models/v2/v2_10b_h2_balanced_logreg_fold1_v1.joblib
1,blur_sigma2,pilot_003918,0,0.9880669116973877,real::Tiny-GenImage,Tiny,models/v2/clip_lora_fold1_best_v1.pt,models/v2/v2_10b_h2_balanced_logreg_fold1_v1.joblib
1,blur_sigma2,pilot_003921,1,0.9836820960044861,tiny::ADM,,models/v2/clip_lora_fold1_best_v1.pt,models/v2/v2_10b_h2_balanced_logreg_fold1_v1.joblib
1,blur_sigma2,pilot_003929,1,0.9896342754364014,tiny::SD15,,models/v2/clip_lora_fold1_best_v1.pt,models/v2/v2_10b_h2_balanced_logreg_fold1_v1.joblib
1,blur_sigma2,pilot_003932,0,0.9914295077323914,real::Tiny-GenImage,Tiny,models/v2/clip_lora_fold1_best_v1.pt,models/v2/v2_10b_h2_balanced_logreg_fold1_v1.joblib
1,blur_sigma2,pilot_003935,1,0.9924142956733704,tiny::ADM,,models/v2/clip_lora_fold1_best_v1.pt,models/v2/v2_10b_h2_balanced_logreg_fold1_v1.joblib
1,blur_sigma2,pilot_003943,1,0.990820586681366,tiny::SD15,,models/v2/clip_lora_fold1_best_v1.pt,models/v2/v2_10b_h2_balanced_logreg_fold1_v1.joblib
1,blur_sigma2,pilot_003946,0,0.965217649936676,real::Tiny-GenImage,Tiny,models/v2/clip_lora_fold1_best_v1.pt,models/v2/v2_10b_h2_balanced_logreg_fold1_v1.joblib
1,blur_sigma2,pilot_003949,1,0.9916515946388245,tiny::ADM,,models/v2/clip_lora_fold1_best_v1.pt,models/v2/v2_10b_h2_balanced_logreg_fold1_v1.joblib
1,blur_sigma2,pilot_003957,1,0.9888958930969238,tiny::SD15,,models/v2/clip_lora_fold1_best_v1.pt,models/v2/v2_10b_h2_balanced_logreg_fold1_v1.joblib
1,blur_sigma2,pilot_003960,0,0.9860331416130066,real::Tiny-GenImage,Tiny,models/v2/clip_lora_fold1_best_v1.pt,models/v2/v2_10b_h2_balanced_logreg_fold1_v1.joblib
1,blur_sigma2,pilot_003963,1,0.9942336678504944,tiny::ADM,,models/v2/clip_lora_fold1_best_v1.pt,models/v2/v2_10b_h2_balanced_logreg_fold1_v1.joblib
1,blur_sigma2,pilot_003964,0,0.9900408387184143,real::Tiny-GenImage,Tiny,models/v2/clip_lora_fold1_best_v1.pt,models/v2/v2_10b_h2_balanced_logreg_fold1_v1.joblib
1,blur_sigma2,pilot_003971,1,0.9847699403762817,tiny::SD15,,models/v2/clip_lora_fold1_best_v1.pt,models/v2/v2_10b_h2_balanced_logreg_fold1_v1.joblib
1,blur_sigma2,pilot_003977,1,0.9921576976776123,tiny::ADM,,models/v2/clip_lora_fold1_best_v1.pt,models/v2/v2_10b_h2_balanced_logreg_fold1_v1.joblib
1,blur_sigma2,pilot_003980,0,0.99553382396698,real::Tiny-GenImage,Tiny,models/v2/clip_lora_fold1_best_v1.pt,models/v2/v2_10b_h2_balanced_logreg_fold1_v1.joblib
1,blur_sigma2,pilot_003985,1,0.9884308576583862,tiny::SD15,,models/v2/clip_lora_fold1_best_v1.pt,models/v2/v2_10b_h2_balanced_logreg_fold1_v1.joblib
1,blur_sigma2,pilot_003988,0,0.9579207897186279,real::Tiny-GenImage,Tiny,models/v2/clip_lora_fold1_best_v1.pt,models/v2/v2_10b_h2_balanced_logreg_fold1_v1.joblib
1,blur_sigma2,pilot_003991,1,0.9844467043876648,tiny::ADM,,models/v2/clip_lora_fold1_best_v1.pt,models/v2/v2_10b_h2_balanced_logreg_fold1_v1.joblib
1,blur_sigma2,pilot_003992,0,0.9930150508880615,real::Tiny-GenImage,Tiny,models/v2/clip_lora_fold1_best_v1.pt,models/v2/v2_10b_h2_balanced_logreg_fold1_v1.joblib
1,blur_sigma2,pilot_003999,1,0.9971369504928589,tiny::SD15,,models/v2/clip_lora_fold1_best_v1.pt,models/v2/v2_10b_h2_balanced_logreg_fold1_v1.joblib
1,blur_sigma2,MLLM_HYB_GPT-Image2-fake_1,1,0.9645586013793945,mllm::GPT_Image_2,,models/v2/clip_lora_fold1_best_v1.pt,models/v2/v2_10b_h2_balanced_logreg_fold1_v1.joblib
1,blur_sigma2,MLLM_HYB_GPT-Image2-fake_10,1,0.9503182172775269,mllm::GPT_Image_2,,models/v2/clip_lora_fold1_best_v1.pt,models/v2/v2_10b_h2_balanced_logreg_fold1_v1.joblib
1,blur_sigma2,MLLM_HYB_GPT-Image2-fake_100,1,0.9593010544776917,mllm::GPT_Image_2,,models/v2/clip_lora_fold1_best_v1.pt,models/v2/v2_10b_h2_balanced_logreg_fold1_v1.joblib
1,blur_sigma2,MLLM_HYB_GPT-Image2-fake_101,1,0.9588088393211365,mllm::GPT_Image_2,,models/v2/clip_lora_fold1_best_v1.pt,models/v2/v2_10b_h2_balanced_logreg_fold1_v1.joblib
1,blur_sigma2,MLLM_HYB_GPT-Image2-fake_102,1,0.9524510502815247,mllm::GPT_Image_2,,models/v2/clip_lora_fold1_best_v1.pt,models/v2/v2_10b_h2_balanced_logreg_fold1_v1.joblib
1,blur_sigma2,MLLM_HYB_GPT-Image2-fake_103,1,0.9655588269233704,mllm::GPT_Image_2,,models/v2/clip_lora_fold1_best_v1.pt,models/v2/v2_10b_h2_balanced_logreg_fold1_v1.joblib
1,blur_sigma2,MLLM_HYB_GPT-Image2-fake_104,1,0.971797525882721,mllm::GPT_Image_2,,models/v2/clip_lora_fold1_best_v1.pt,models/v2/v2_10b_h2_balanced_logreg_fold1_v1.joblib
1,blur_sigma2,MLLM_HYB_GPT-Image2-fake_105,1,0.974750816822052,mllm::GPT_Image_2,,models/v2/clip_lora_fold1_best_v1.pt,models/v2/v2_10b_h2_balanced_logreg_fold1_v1.joblib
1,blur_sigma2,MLLM_HYB_GPT-Image2-fake_106,1,0.9726153612136841,mllm::GPT_Image_2,,models/v2/clip_lora_fold1_best_v1.pt,models/v2/v2_10b_h2_balanced_logreg_fold1_v1.joblib
1,blur_sigma2,MLLM_HYB_GPT-Image2-fake_107,1,0.9757433533668518,mllm::GPT_Image_2,,models/v2/clip_lora_fold1_best_v1.pt,models/v2/v2_10b_h2_balanced_logreg_fold1_v1.joblib
1,blur_sigma2,MLLM_HYB_GPT-Image2-fake_108,1,0.9186702966690063,mllm::GPT_Image_2,,models/v2/clip_lora_fold1_best_v1.pt,models/v2/v2_10b_h2_balanced_logreg_fold1_v1.joblib
1,blur_sigma2,MLLM_HYB_GPT-Image2-fake_109,1,0.9324720501899719,mllm::GPT_Image_2,,models/v2/clip_lora_fold1_best_v1.pt,models/v2/v2_10b_h2_balanced_logreg_fold1_v1.joblib
1,blur_sigma2,MLLM_HYB_GPT-Image2-fake_11,1,0.9648948907852173,mllm::GPT_Image_2,,models/v2/clip_lora_fold1_best_v1.pt,models/v2/v2_10b_h2_balanced_logreg_fold1_v1.joblib
1,blur_sigma2,MLLM_HYB_GPT-Image2-fake_110,1,0.9130832552909851,mllm::GPT_Image_2,,models/v2/clip_lora_fold1_best_v1.pt,models/v2/v2_10b_h2_balanced_logreg_fold1_v1.joblib
1,blur_sigma2,MLLM_HYB_GPT-Image2-fake_111,1,0.9458212852478027,mllm::GPT_Image_2,,models/v2/clip_lora_fold1_best_v1.pt,models/v2/v2_10b_h2_balanced_logreg_fold1_v1.joblib
1,blur_sigma2,MLLM_HYB_GPT-Image2-fake_112,1,0.9061529636383057,mllm::GPT_Image_2,,models/v2/clip_lora_fold1_best_v1.pt,models/v2/v2_10b_h2_balanced_logreg_fold1_v1.joblib
1,blur_sigma2,MLLM_HYB_GPT-Image2-fake_113,1,0.9682790637016296,mllm::GPT_Image_2,,models/v2/clip_lora_fold1_best_v1.pt,models/v2/v2_10b_h2_balanced_logreg_fold1_v1.joblib
1,blur_sigma2,MLLM_HYB_GPT-Image2-fake_114,1,0.9637969136238098,mllm::GPT_Image_2,,models/v2/clip_lora_fold1_best_v1.pt,models/v2/v2_10b_h2_balanced_logreg_fold1_v1.joblib
1,blur_sigma2,MLLM_HYB_GPT-Image2-fake_115,1,0.9446337819099426,mllm::GPT_Image_2,,models/v2/clip_lora_fold1_best_v1.pt,models/v2/v2_10b_h2_balanced_logreg_fold1_v1.joblib
1,blur_sigma2,MLLM_HYB_GPT-Image2-fake_116,1,0.947162389755249,mllm::GPT_Image_2,,models/v2/clip_lora_fold1_best_v1.pt,models/v2/v2_10b_h2_balanced_logreg_fold1_v1.joblib
1,blur_sigma2,MLLM_HYB_GPT-Image2-fake_117,1,0.8989983797073364,mllm::GPT_Image_2,,models/v2/clip_lora_fold1_best_v1.pt,models/v2/v2_10b_h2_balanced_logreg_fold1_v1.joblib
1,blur_sigma2,MLLM_HYB_GPT-Image2-fake_118,1,0.9452239274978638,mllm::GPT_Image_2,,models/v2/clip_lora_fold1_best_v1.pt,models/v2/v2_10b_h2_balanced_logreg_fold1_v1.joblib
1,blur_sigma2,MLLM_HYB_GPT-Image2-fake_119,1,0.9286453127861023,mllm::GPT_Image_2,,models/v2/clip_lora_fold1_best_v1.pt,models/v2/v2_10b_h2_balanced_logreg_fold1_v1.joblib
1,blur_sigma2,MLLM_HYB_GPT-Image2-fake_12,1,0.929439902305603,mllm::GPT_Image_2,,models/v2/clip_lora_fold1_best_v1.pt,models/v2/v2_10b_h2_balanced_logreg_fold1_v1.joblib
1,blur_sigma2,MLLM_HYB_GPT-Image2-fake_120,1,0.963053822517395,mllm::GPT_Image_2,,models/v2/clip_lora_fold1_best_v1.pt,models/v2/v2_10b_h2_balanced_logreg_fold1_v1.joblib
1,blur_sigma2,MLLM_HYB_GPT-Image2-fake_121,1,0.9490734934806824,mllm::GPT_Image_2,,models/v2/clip_lora_fold1_best_v1.pt,models/v2/v2_10b_h2_balanced_logreg_fold1_v1.joblib
1,blur_sigma2,MLLM_HYB_GPT-Image2-fake_122,1,0.9560595750808716,mllm::GPT_Image_2,,models/v2/clip_lora_fold1_best_v1.pt,models/v2/v2_10b_h2_balanced_logreg_fold1_v1.joblib
1,blur_sigma2,MLLM_HYB_GPT-Image2-fake_123,1,0.9555689096450806,mllm::GPT_Image_2,,models/v2/clip_lora_fold1_best_v1.pt,models/v2/v2_10b_h2_balanced_logreg_fold1_v1.joblib
1,blur_sigma2,MLLM_HYB_GPT-Image2-fake_124,1,0.9709337949752808,mllm::GPT_Image_2,,models/v2/clip_lora_fold1_best_v1.pt,models/v2/v2_10b_h2_balanced_logreg_fold1_v1.joblib
1,blur_sigma2,MLLM_HYB_GPT-Image2-fake_125,1,0.9839531779289246,mllm::GPT_Image_2,,models/v2/clip_lora_fold1_best_v1.pt,models/v2/v2_10b_h2_balanced_logreg_fold1_v1.joblib
1,blur_sigma2,MLLM_HYB_GPT-Image2-fake_126,1,0.9838725924491882,mllm::GPT_Image_2,,models/v2/clip_lora_fold1_best_v1.pt,models/v2/v2_10b_h2_balanced_logreg_fold1_v1.joblib
1,blur_sigma2,MLLM_HYB_GPT-Image2-fake_127,1,0.9826127290725708,mllm::GPT_Image_2,,models/v2/clip_lora_fold1_best_v1.pt,models/v2/v2_10b_h2_balanced_logreg_fold1_v1.joblib
1,blur_sigma2,MLLM_HYB_GPT-Image2-fake_128,1,0.9735299944877625,mllm::GPT_Image_2,,models/v2/clip_lora_fold1_best_v1.pt,models/v2/v2_10b_h2_balanced_logreg_fold1_v1.joblib
1,blur_sigma2,MLLM_HYB_GPT-Image2-fake_129,1,0.9694660902023315,mllm::GPT_Image_2,,models/v2/clip_lora_fold1_best_v1.pt,models/v2/v2_10b_h2_balanced_logreg_fold1_v1.joblib
1,blur_sigma2,MLLM_HYB_GPT-Image2-fake_13,1,0.9506832957267761,mllm::GPT_Image_2,,models/v2/clip_lora_fold1_best_v1.pt,models/v2/v2_10b_h2_balanced_logreg_fold1_v1.joblib
1,blur_sigma2,MLLM_HYB_GPT-Image2-fake_130,1,0.9822825193405151,mllm::GPT_Image_2,,models/v2/clip_lora_fold1_best_v1.pt,models/v2/v2_10b_h2_balanced_logreg_fold1_v1.joblib
1,blur_sigma2,MLLM_HYB_GPT-Image2-fake_131,1,0.9752922058105469,mllm::GPT_Image_2,,models/v2/clip_lora_fold1_best_v1.pt,models/v2/v2_10b_h2_balanced_logreg_fold1_v1.joblib
1,blur_sigma2,MLLM_HYB_GPT-Image2-fake_132,1,0.8273614645004272,mllm::GPT_Image_2,,models/v2/clip_lora_fold1_best_v1.pt,models/v2/v2_10b_h2_balanced_logreg_fold1_v1.joblib
1,blur_sigma2,MLLM_HYB_GPT-Image2-fake_133,1,0.9813534021377563,mllm::GPT_Image_2,,models/v2/clip_lora_fold1_best_v1.pt,models/v2/v2_10b_h2_balanced_logreg_fold1_v1.joblib
1,blur_sigma2,MLLM_HYB_GPT-Image2-fake_134,1,0.8325512409210205,mllm::GPT_Image_2,,models/v2/clip_lora_fold1_best_v1.pt,models/v2/v2_10b_h2_balanced_logreg_fold1_v1.joblib
1,blur_sigma2,MLLM_HYB_GPT-Image2-fake_135,1,0.7855761647224426,mllm::GPT_Image_2,,models/v2/clip_lora_fold1_best_v1.pt,models/v2/v2_10b_h2_balanced_logreg_fold1_v1.joblib
1,blur_sigma2,MLLM_HYB_GPT-Image2-fake_136,1,0.9833058714866638,mllm::GPT_Image_2,,models/v2/clip_lora_fold1_best_v1.pt,models/v2/v2_10b_h2_balanced_logreg_fold1_v1.joblib
1,blur_sigma2,MLLM_HYB_GPT-Image2-fake_137,1,0.908906102180481,mllm::GPT_Image_2,,models/v2/clip_lora_fold1_best_v1.pt,models/v2/v2_10b_h2_balanced_logreg_fold1_v1.joblib
1,blur_sigma2,MLLM_HYB_GPT-Image2-fake_138,1,0.9854034185409546,mllm::GPT_Image_2,,models/v2/clip_lora_fold1_best_v1.pt,models/v2/v2_10b_h2_balanced_logreg_fold1_v1.joblib
1,blur_sigma2,MLLM_HYB_GPT-Image2-fake_139,1,0.9403148293495178,mllm::GPT_Image_2,,models/v2/clip_lora_fold1_best_v1.pt,models/v2/v2_10b_h2_balanced_logreg_fold1_v1.joblib
1,blur_sigma2,MLLM_HYB_GPT-Image2-fake_14,1,0.9658797979354858,mllm::GPT_Image_2,,models/v2/clip_lora_fold1_best_v1.pt,models/v2/v2_10b_h2_balanced_logreg_fold1_v1.joblib
1,blur_sigma2,MLLM_HYB_GPT-Image2-fake_140,1,0.9823625683784485,mllm::GPT_Image_2,,models/v2/clip_lora_fold1_best_v1.pt,models/v2/v2_10b_h2_balanced_logreg_fold1_v1.joblib
1,blur_sigma2,MLLM_HYB_GPT-Image2-fake_141,1,0.9853469133377075,mllm::GPT_Image_2,,models/v2/clip_lora_fold1_best_v1.pt,models/v2/v2_10b_h2_balanced_logreg_fold1_v1.joblib
1,blur_sigma2,MLLM_HYB_GPT-Image2-fake_142,1,0.9061407446861267,mllm::GPT_Image_2,,models/v2/clip_lora_fold1_best_v1.pt,models/v2/v2_10b_h2_balanced_logreg_fold1_v1.joblib
1,blur_sigma2,MLLM_HYB_GPT-Image2-fake_143,1,0.9799315333366394,mllm::GPT_Image_2,,models/v2/clip_lora_fold1_best_v1.pt,models/v2/v2_10b_h2_balanced_logreg_fold1_v1.joblib
1,blur_sigma2,MLLM_HYB_GPT-Image2-fake_144,1,0.9630070328712463,mllm::GPT_Image_2,,models/v2/clip_lora_fold1_best_v1.pt,models/v2/v2_10b_h2_balanced_logreg_fold1_v1.joblib
1,blur_sigma2,MLLM_HYB_GPT-Image2-fake_145,1,0.9633411169052124,mllm::GPT_Image_2,,models/v2/clip_lora_fold1_best_v1.pt,models/v2/v2_10b_h2_balanced_logreg_fold1_v1.joblib
1,blur_sigma2,MLLM_HYB_GPT-Image2-fake_146,1,0.9797202944755554,mllm::GPT_Image_2,,models/v2/clip_lora_fold1_best_v1.pt,models/v2/v2_10b_h2_balanced_logreg_fold1_v1.joblib
1,blur_sigma2,MLLM_HYB_GPT-Image2-fake_147,1,0.9635009169578552,mllm::GPT_Image_2,,models/v2/clip_lora_fold1_best_v1.pt,models/v2/v2_10b_h2_balanced_logreg_fold1_v1.joblib
1,blur_sigma2,MLLM_HYB_GPT-Image2-fake_148,1,0.9792013168334961,mllm::GPT_Image_2,,models/v2/clip_lora_fold1_best_v1.pt,models/v2/v2_10b_h2_balanced_logreg_fold1_v1.joblib
1,blur_sigma2,MLLM_HYB_GPT-Image2-fake_149,1,0.975985050201416,mllm::GPT_Image_2,,models/v2/clip_lora_fold1_best_v1.pt,models/v2/v2_10b_h2_balanced_logreg_fold1_v1.joblib
1,blur_sigma2,MLLM_HYB_GPT-Image2-fake_15,1,0.9756483435630798,mllm::GPT_Image_2,,models/v2/clip_lora_fold1_best_v1.pt,models/v2/v2_10b_h2_balanced_logreg_fold1_v1.joblib
1,blur_sigma2,MLLM_HYB_GPT-Image2-fake_150,1,0.9678499102592468,mllm::GPT_Image_2,,models/v2/clip_lora_fold1_best_v1.pt,models/v2/v2_10b_h2_balanced_logreg_fold1_v1.joblib
1,blur_sigma2,MLLM_HYB_GPT-Image2-fake_151,1,0.9597737789154053,mllm::GPT_Image_2,,models/v2/clip_lora_fold1_best_v1.pt,models/v2/v2_10b_h2_balanced_logreg_fold1_v1.joblib
1,blur_sigma2,MLLM_HYB_GPT-Image2-fake_152,1,0.9631561040878296,mllm::GPT_Image_2,,models/v2/clip_lora_fold1_best_v1.pt,models/v2/v2_10b_h2_balanced_logreg_fold1_v1.joblib
1,blur_sigma2,MLLM_HYB_GPT-Image2-fake_153,1,0.9783420562744141,mllm::GPT_Image_2,,models/v2/clip_lora_fold1_best_v1.pt,models/v2/v2_10b_h2_balanced_logreg_fold1_v1.joblib
1,blur_sigma2,MLLM_HYB_GPT-Image2-fake_154,1,0.9762169718742371,mllm::GPT_Image_2,,models/v2/clip_lora_fold1_best_v1.pt,models/v2/v2_10b_h2_balanced_logreg_fold1_v1.joblib
1,blur_sigma2,MLLM_HYB_GPT-Image2-fake_155,1,0.9580932259559631,mllm::GPT_Image_2,,models/v2/clip_lora_fold1_best_v1.pt,models/v2/v2_10b_h2_balanced_logreg_fold1_v1.joblib
1,blur_sigma2,MLLM_HYB_GPT-Image2-fake_156,1,0.9421811103820801,mllm::GPT_Image_2,,models/v2/clip_lora_fold1_best_v1.pt,models/v2/v2_10b_h2_balanced_logreg_fold1_v1.joblib
1,blur_sigma2,MLLM_HYB_GPT-Image2-fake_157,1,0.9848858714103699,mllm::GPT_Image_2,,models/v2/clip_lora_fold1_best_v1.pt,models/v2/v2_10b_h2_balanced_logreg_fold1_v1.joblib
1,blur_sigma2,MLLM_HYB_GPT-Image2-fake_158,1,0.9705803990364075,mllm::GPT_Image_2,,models/v2/clip_lora_fold1_best_v1.pt,models/v2/v2_10b_h2_balanced_logreg_fold1_v1.joblib
1,blur_sigma2,MLLM_HYB_GPT-Image2-fake_159,1,0.981769323348999,mllm::GPT_Image_2,,models/v2/clip_lora_fold1_best_v1.pt,models/v2/v2_10b_h2_balanced_logreg_fold1_v1.joblib
1,blur_sigma2,MLLM_HYB_GPT-Image2-fake_16,1,0.955366313457489,mllm::GPT_Image_2,,models/v2/clip_lora_fold1_best_v1.pt,models/v2/v2_10b_h2_balanced_logreg_fold1_v1.joblib
1,blur_sigma2,MLLM_HYB_GPT-Image2-fake_160,1,0.9614137411117554,mllm::GPT_Image_2,,models/v2/clip_lora_fold1_best_v1.pt,models/v2/v2_10b_h2_balanced_logreg_fold1_v1.joblib
1,blur_sigma2,MLLM_HYB_GPT-Image2-fake_161,1,0.9766589999198914,mllm::GPT_Image_2,,models/v2/clip_lora_fold1_best_v1.pt,models/v2/v2_10b_h2_balanced_logreg_fold1_v1.joblib
1,blur_sigma2,MLLM_HYB_GPT-Image2-fake_162,1,0.9117385149002075,mllm::GPT_Image_2,,models/v2/clip_lora_fold1_best_v1.pt,models/v2/v2_10b_h2_balanced_logreg_fold1_v1.joblib
1,blur_sigma2,MLLM_HYB_GPT-Image2-fake_163,1,0.9453307390213013,mllm::GPT_Image_2,,models/v2/clip_lora_fold1_best_v1.pt,models/v2/v2_10b_h2_balanced_logreg_fold1_v1.joblib
1,blur_sigma2,MLLM_HYB_GPT-Image2-fake_164,1,0.9100791215896606,mllm::GPT_Image_2,,models/v2/clip_lora_fold1_best_v1.pt,models/v2/v2_10b_h2_balanced_logreg_fold1_v1.joblib
1,blur_sigma2,MLLM_HYB_GPT-Image2-fake_165,1,0.880107581615448,mllm::GPT_Image_2,,models/v2/clip_lora_fold1_best_v1.pt,models/v2/v2_10b_h2_balanced_logreg_fold1_v1.joblib
1,blur_sigma2,MLLM_HYB_GPT-Image2-fake_166,1,0.919410765171051,mllm::GPT_Image_2,,models/v2/clip_lora_fold1_best_v1.pt,models/v2/v2_10b_h2_balanced_logreg_fold1_v1.joblib
1,blur_sigma2,MLLM_HYB_GPT-Image2-fake_167,1,0.8824009299278259,mllm::GPT_Image_2,,models/v2/clip_lora_fold1_best_v1.pt,models/v2/v2_10b_h2_balanced_logreg_fold1_v1.joblib
1,blur_sigma2,MLLM_HYB_GPT-Image2-fake_168,1,0.9081680774688721,mllm::GPT_Image_2,,models/v2/clip_lora_fold1_best_v1.pt,models/v2/v2_10b_h2_balanced_logreg_fold1_v1.joblib
1,blur_sigma2,MLLM_HYB_GPT-Image2-fake_169,1,0.9215695261955261,mllm::GPT_Image_2,,models/v2/clip_lora_fold1_best_v1.pt,models/v2/v2_10b_h2_balanced_logreg_fold1_v1.joblib
1,blur_sigma2,MLLM_HYB_GPT-Image2-fake_17,1,0.9267202019691467,mllm::GPT_Image_2,,models/v2/clip_lora_fold1_best_v1.pt,models/v2/v2_10b_h2_balanced_logreg_fold1_v1.joblib
1,blur_sigma2,MLLM_HYB_GPT-Image2-fake_170,1,0.9468990564346313,mllm::GPT_Image_2,,models/v2/clip_lora_fold1_best_v1.pt,models/v2/v2_10b_h2_balanced_logreg_fold1_v1.joblib
1,blur_sigma2,MLLM_HYB_GPT-Image2-fake_171,1,0.9177855849266052,mllm::GPT_Image_2,,models/v2/clip_lora_fold1_best_v1.pt,models/v2/v2_10b_h2_balanced_logreg_fold1_v1.joblib
1,blur_sigma2,MLLM_HYB_GPT-Image2-fake_172,1,0.9514638781547546,mllm::GPT_Image_2,,models/v2/clip_lora_fold1_best_v1.pt,models/v2/v2_10b_h2_balanced_logreg_fold1_v1.joblib
1,blur_sigma2,MLLM_HYB_GPT-Image2-fake_173,1,0.9284636974334717,mllm::GPT_Image_2,,models/v2/clip_lora_fold1_best_v1.pt,models/v2/v2_10b_h2_balanced_logreg_fold1_v1.joblib
1,blur_sigma2,MLLM_HYB_GPT-Image2-fake_174,1,0.9494042992591858,mllm::GPT_Image_2,,models/v2/clip_lora_fold1_best_v1.pt,models/v2/v2_10b_h2_balanced_logreg_fold1_v1.joblib
1,blur_sigma2,MLLM_HYB_GPT-Image2-fake_175,1,0.9357588291168213,mllm::GPT_Image_2,,models/v2/clip_lora_fold1_best_v1.pt,models/v2/v2_10b_h2_balanced_logreg_fold1_v1.joblib
1,blur_sigma2,MLLM_HYB_GPT-Image2-fake_176,1,0.9365996718406677,mllm::GPT_Image_2,,models/v2/clip_lora_fold1_best_v1.pt,models/v2/v2_10b_h2_balanced_logreg_fold1_v1.joblib
1,blur_sigma2,MLLM_HYB_GPT-Image2-fake_177,1,0.8887870907783508,mllm::GPT_Image_2,,models/v2/clip_lora_fold1_best_v1.pt,models/v2/v2_10b_h2_balanced_logreg_fold1_v1.joblib
1,blur_sigma2,MLLM_HYB_GPT-Image2-fake_178,1,0.9050577282905579,mllm::GPT_Image_2,,models/v2/clip_lora_fold1_best_v1.pt,models/v2/v2_10b_h2_balanced_logreg_fold1_v1.joblib
1,blur_sigma2,MLLM_HYB_GPT-Image2-fake_179,1,0.9452851414680481,mllm::GPT_Image_2,,models/v2/clip_lora_fold1_best_v1.pt,models/v2/v2_10b_h2_balanced_logreg_fold1_v1.joblib
1,blur_sigma2,MLLM_HYB_GPT-Image2-fake_18,1,0.911695122718811,mllm::GPT_Image_2,,models/v2/clip_lora_fold1_best_v1.pt,models/v2/v2_10b_h2_balanced_logreg_fold1_v1.joblib
1,blur_sigma2,MLLM_HYB_GPT-Image2-fake_180,1,0.9209920167922974,mllm::GPT_Image_2,,models/v2/clip_lora_fold1_best_v1.pt,models/v2/v2_10b_h2_balanced_logreg_fold1_v1.joblib
1,blur_sigma2,MLLM_HYB_GPT-Image2-fake_181,1,0.9035487174987793,mllm::GPT_Image_2,,models/v2/clip_lora_fold1_best_v1.pt,models/v2/v2_10b_h2_balanced_logreg_fold1_v1.joblib
1,blur_sigma2,MLLM_HYB_GPT-Image2-fake_182,1,0.8934733867645264,mllm::GPT_Image_2,,models/v2/clip_lora_fold1_best_v1.pt,models/v2/v2_10b_h2_balanced_logreg_fold1_v1.joblib
1,blur_sigma2,MLLM_HYB_GPT-Image2-fake_183,1,0.9257810115814209,mllm::GPT_Image_2,,models/v2/clip_lora_fold1_best_v1.pt,models/v2/v2_10b_h2_balanced_logreg_fold1_v1.joblib
1,blur_sigma2,MLLM_HYB_GPT-Image2-fake_184,1,0.956104040145874,mllm::GPT_Image_2,,models/v2/clip_lora_fold1_best_v1.pt,models/v2/v2_10b_h2_balanced_logreg_fold1_v1.joblib
1,blur_sigma2,MLLM_HYB_GPT-Image2-fake_185,1,0.9717268347740173,mllm::GPT_Image_2,,models/v2/clip_lora_fold1_best_v1.pt,models/v2/v2_10b_h2_balanced_logreg_fold1_v1.joblib
1,blur_sigma2,MLLM_HYB_GPT-Image2-fake_186,1,0.8805871605873108,mllm::GPT_Image_2,,models/v2/clip_lora_fold1_best_v1.pt,models/v2/v2_10b_h2_balanced_logreg_fold1_v1.joblib
1,blur_sigma2,MLLM_HYB_GPT-Image2-fake_187,1,0.896271288394928,mllm::GPT_Image_2,,models/v2/clip_lora_fold1_best_v1.pt,models/v2/v2_10b_h2_balanced_logreg_fold1_v1.joblib
1,blur_sigma2,MLLM_HYB_GPT-Image2-fake_188,1,0.9387969374656677,mllm::GPT_Image_2,,models/v2/clip_lora_fold1_best_v1.pt,models/v2/v2_10b_h2_balanced_logreg_fold1_v1.joblib
1,blur_sigma2,MLLM_HYB_GPT-Image2-fake_189,1,0.8865721225738525,mllm::GPT_Image_2,,models/v2/clip_lora_fold1_best_v1.pt,models/v2/v2_10b_h2_balanced_logreg_fold1_v1.joblib
1,blur_sigma2,MLLM_HYB_GPT-Image2-fake_19,1,0.8560861349105835,mllm::GPT_Image_2,,models/v2/clip_lora_fold1_best_v1.pt,models/v2/v2_10b_h2_balanced_logreg_fold1_v1.joblib
1,blur_sigma2,MLLM_HYB_GPT-Image2-fake_190,1,0.863434374332428,mllm::GPT_Image_2,,models/v2/clip_lora_fold1_best_v1.pt,models/v2/v2_10b_h2_balanced_logreg_fold1_v1.joblib
1,blur_sigma2,MLLM_HYB_GPT-Image2-fake_191,1,0.819771409034729,mllm::GPT_Image_2,,models/v2/clip_lora_fold1_best_v1.pt,models/v2/v2_10b_h2_balanced_logreg_fold1_v1.joblib
1,blur_sigma2,MLLM_HYB_GPT-Image2-fake_192,1,0.9234769344329834,mllm::GPT_Image_2,,models/v2/clip_lora_fold1_best_v1.pt,models/v2/v2_10b_h2_balanced_logreg_fold1_v1.joblib
1,blur_sigma2,MLLM_HYB_GPT-Image2-fake_193,1,0.8735836744308472,mllm::GPT_Image_2,,models/v2/clip_lora_fold1_best_v1.pt,models/v2/v2_10b_h2_balanced_logreg_fold1_v1.joblib
1,blur_sigma2,MLLM_HYB_GPT-Image2-fake_194,1,0.9200364351272583,mllm::GPT_Image_2,,models/v2/clip_lora_fold1_best_v1.pt,models/v2/v2_10b_h2_balanced_logreg_fold1_v1.joblib
1,blur_sigma2,MLLM_HYB_GPT-Image2-fake_195,1,0.9860572814941406,mllm::GPT_Image_2,,models/v2/clip_lora_fold1_best_v1.pt,models/v2/v2_10b_h2_balanced_logreg_fold1_v1.joblib
1,blur_sigma2,MLLM_HYB_GPT-Image2-fake_196,1,0.9478145241737366,mllm::GPT_Image_2,,models/v2/clip_lora_fold1_best_v1.pt,models/v2/v2_10b_h2_balanced_logreg_fold1_v1.joblib
1,blur_sigma2,MLLM_HYB_GPT-Image2-fake_197,1,0.9635663032531738,mllm::GPT_Image_2,,models/v2/clip_lora_fold1_best_v1.pt,models/v2/v2_10b_h2_balanced_logreg_fold1_v1.joblib
1,blur_sigma2,MLLM_HYB_GPT-Image2-fake_2,1,0.9840559959411621,mllm::GPT_Image_2,,models/v2/clip_lora_fold1_best_v1.pt,models/v2/v2_10b_h2_balanced_logreg_fold1_v1.joblib
1,blur_sigma2,MLLM_HYB_GPT-Image2-fake_20,1,0.9791633486747742,mllm::GPT_Image_2,,models/v2/clip_lora_fold1_best_v1.pt,models/v2/v2_10b_h2_balanced_logreg_fold1_v1.joblib
1,blur_sigma2,MLLM_HYB_GPT-Image2-fake_21,1,0.965914249420166,mllm::GPT_Image_2,,models/v2/clip_lora_fold1_best_v1.pt,models/v2/v2_10b_h2_balanced_logreg_fold1_v1.joblib
1,blur_sigma2,MLLM_HYB_GPT-Image2-fake_22,1,0.9805957078933716,mllm::GPT_Image_2,,models/v2/clip_lora_fold1_best_v1.pt,models/v2/v2_10b_h2_balanced_logreg_fold1_v1.joblib
1,blur_sigma2,MLLM_HYB_GPT-Image2-fake_23,1,0.9764877557754517,mllm::GPT_Image_2,,models/v2/clip_lora_fold1_best_v1.pt,models/v2/v2_10b_h2_balanced_logreg_fold1_v1.joblib
1,blur_sigma2,MLLM_HYB_GPT-Image2-fake_24,1,0.9889408946037292,mllm::GPT_Image_2,,models/v2/clip_lora_fold1_best_v1.pt,models/v2/v2_10b_h2_balanced_logreg_fold1_v1.joblib
1,blur_sigma2,MLLM_HYB_GPT-Image2-fake_25,1,0.9819042086601257,mllm::GPT_Image_2,,models/v2/clip_lora_fold1_best_v1.pt,models/v2/v2_10b_h2_balanced_logreg_fold1_v1.joblib
1,blur_sigma2,MLLM_HYB_GPT-Image2-fake_26,1,0.979474663734436,mllm::GPT_Image_2,,models/v2/clip_lora_fold1_best_v1.pt,models/v2/v2_10b_h2_balanced_logreg_fold1_v1.joblib
1,blur_sigma2,MLLM_HYB_GPT-Image2-fake_27,1,0.9814250469207764,mllm::GPT_Image_2,,models/v2/clip_lora_fold1_best_v1.pt,models/v2/v2_10b_h2_balanced_logreg_fold1_v1.joblib
1,blur_sigma2,MLLM_HYB_GPT-Image2-fake_28,1,0.9640551209449768,mllm::GPT_Image_2,,models/v2/clip_lora_fold1_best_v1.pt,models/v2/v2_10b_h2_balanced_logreg_fold1_v1.joblib
1,blur_sigma2,MLLM_HYB_GPT-Image2-fake_29,1,0.9813514351844788,mllm::GPT_Image_2,,models/v2/clip_lora_fold1_best_v1.pt,models/v2/v2_10b_h2_balanced_logreg_fold1_v1.joblib
1,blur_sigma2,MLLM_HYB_GPT-Image2-fake_3,1,0.9771161079406738,mllm::GPT_Image_2,,models/v2/clip_lora_fold1_best_v1.pt,models/v2/v2_10b_h2_balanced_logreg_fold1_v1.joblib
1,blur_sigma2,MLLM_HYB_GPT-Image2-fake_30,1,0.9715778231620789,mllm::GPT_Image_2,,models/v2/clip_lora_fold1_best_v1.pt,models/v2/v2_10b_h2_balanced_logreg_fold1_v1.joblib
1,blur_sigma2,MLLM_HYB_GPT-Image2-fake_31,1,0.9825403094291687,mllm::GPT_Image_2,,models/v2/clip_lora_fold1_best_v1.pt,models/v2/v2_10b_h2_balanced_logreg_fold1_v1.joblib
1,blur_sigma2,MLLM_HYB_GPT-Image2-fake_32,1,0.9710034728050232,mllm::GPT_Image_2,,models/v2/clip_lora_fold1_best_v1.pt,models/v2/v2_10b_h2_balanced_logreg_fold1_v1.joblib
1,blur_sigma2,MLLM_HYB_GPT-Image2-fake_33,1,0.9768310785293579,mllm::GPT_Image_2,,models/v2/clip_lora_fold1_best_v1.pt,models/v2/v2_10b_h2_balanced_logreg_fold1_v1.joblib
1,blur_sigma2,MLLM_HYB_GPT-Image2-fake_34,1,0.98189777135849,mllm::GPT_Image_2,,models/v2/clip_lora_fold1_best_v1.pt,models/v2/v2_10b_h2_balanced_logreg_fold1_v1.joblib
1,blur_sigma2,MLLM_HYB_GPT-Image2-fake_35,1,0.985044002532959,mllm::GPT_Image_2,,models/v2/clip_lora_fold1_best_v1.pt,models/v2/v2_10b_h2_balanced_logreg_fold1_v1.joblib
1,blur_sigma2,MLLM_HYB_GPT-Image2-fake_36,1,0.9800282716751099,mllm::GPT_Image_2,,models/v2/clip_lora_fold1_best_v1.pt,models/v2/v2_10b_h2_balanced_logreg_fold1_v1.joblib
1,blur_sigma2,MLLM_HYB_GPT-Image2-fake_37,1,0.9635627865791321,mllm::GPT_Image_2,,models/v2/clip_lora_fold1_best_v1.pt,models/v2/v2_10b_h2_balanced_logreg_fold1_v1.joblib
1,blur_sigma2,MLLM_HYB_GPT-Image2-fake_38,1,0.9805788397789001,mllm::GPT_Image_2,,models/v2/clip_lora_fold1_best_v1.pt,models/v2/v2_10b_h2_balanced_logreg_fold1_v1.joblib
1,blur_sigma2,MLLM_HYB_GPT-Image2-fake_39,1,0.9750105738639832,mllm::GPT_Image_2,,models/v2/clip_lora_fold1_best_v1.pt,models/v2/v2_10b_h2_balanced_logreg_fold1_v1.joblib
1,blur_sigma2,MLLM_HYB_GPT-Image2-fake_4,1,0.9751482009887695,mllm::GPT_Image_2,,models/v2/clip_lora_fold1_best_v1.pt,models/v2/v2_10b_h2_balanced_logreg_fold1_v1.joblib
1,blur_sigma2,MLLM_HYB_GPT-Image2-fake_40,1,0.9741215705871582,mllm::GPT_Image_2,,models/v2/clip_lora_fold1_best_v1.pt,models/v2/v2_10b_h2_balanced_logreg_fold1_v1.joblib
1,blur_sigma2,MLLM_HYB_GPT-Image2-fake_41,1,0.9782201051712036,mllm::GPT_Image_2,,models/v2/clip_lora_fold1_best_v1.pt,models/v2/v2_10b_h2_balanced_logreg_fold1_v1.joblib
1,blur_sigma2,MLLM_HYB_GPT-Image2-fake_42,1,0.9771203994750977,mllm::GPT_Image_2,,models/v2/clip_lora_fold1_best_v1.pt,models/v2/v2_10b_h2_balanced_logreg_fold1_v1.joblib
1,blur_sigma2,MLLM_HYB_GPT-Image2-fake_43,1,0.9678797721862793,mllm::GPT_Image_2,,models/v2/clip_lora_fold1_best_v1.pt,models/v2/v2_10b_h2_balanced_logreg_fold1_v1.joblib
1,blur_sigma2,MLLM_HYB_GPT-Image2-fake_44,1,0.9715365767478943,mllm::GPT_Image_2,,models/v2/clip_lora_fold1_best_v1.pt,models/v2/v2_10b_h2_balanced_logreg_fold1_v1.joblib
1,blur_sigma2,MLLM_HYB_GPT-Image2-fake_45,1,0.9730851650238037,mllm::GPT_Image_2,,models/v2/clip_lora_fold1_best_v1.pt,models/v2/v2_10b_h2_balanced_logreg_fold1_v1.joblib
1,blur_sigma2,MLLM_HYB_GPT-Image2-fake_46,1,0.9665771722793579,mllm::GPT_Image_2,,models/v2/clip_lora_fold1_best_v1.pt,models/v2/v2_10b_h2_balanced_logreg_fold1_v1.joblib
1,blur_sigma2,MLLM_HYB_GPT-Image2-fake_47,1,0.9444479942321777,mllm::GPT_Image_2,,models/v2/clip_lora_fold1_best_v1.pt,models/v2/v2_10b_h2_balanced_logreg_fold1_v1.joblib
1,blur_sigma2,MLLM_HYB_GPT-Image2-fake_48,1,0.9644926190376282,mllm::GPT_Image_2,,models/v2/clip_lora_fold1_best_v1.pt,models/v2/v2_10b_h2_balanced_logreg_fold1_v1.joblib
1,blur_sigma2,MLLM_HYB_GPT-Image2-fake_49,1,0.9655559062957764,mllm::GPT_Image_2,,models/v2/clip_lora_fold1_best_v1.pt,models/v2/v2_10b_h2_balanced_logreg_fold1_v1.joblib
1,blur_sigma2,MLLM_HYB_GPT-Image2-fake_5,1,0.9632591605186462,mllm::GPT_Image_2,,models/v2/clip_lora_fold1_best_v1.pt,models/v2/v2_10b_h2_balanced_logreg_fold1_v1.joblib
1,blur_sigma2,MLLM_HYB_GPT-Image2-fake_50,1,0.9585283994674683,mllm::GPT_Image_2,,models/v2/clip_lora_fold1_best_v1.pt,models/v2/v2_10b_h2_balanced_logreg_fold1_v1.joblib
1,blur_sigma2,MLLM_HYB_GPT-Image2-fake_51,1,0.9606461524963379,mllm::GPT_Image_2,,models/v2/clip_lora_fold1_best_v1.pt,models/v2/v2_10b_h2_balanced_logreg_fold1_v1.joblib
1,blur_sigma2,MLLM_HYB_GPT-Image2-fake_52,1,0.9750564098358154,mllm::GPT_Image_2,,models/v2/clip_lora_fold1_best_v1.pt,models/v2/v2_10b_h2_balanced_logreg_fold1_v1.joblib
1,blur_sigma2,MLLM_HYB_GPT-Image2-fake_53,1,0.9754902124404907,mllm::GPT_Image_2,,models/v2/clip_lora_fold1_best_v1.pt,models/v2/v2_10b_h2_balanced_logreg_fold1_v1.joblib
1,blur_sigma2,MLLM_HYB_GPT-Image2-fake_54,1,0.9702629446983337,mllm::GPT_Image_2,,models/v2/clip_lora_fold1_best_v1.pt,models/v2/v2_10b_h2_balanced_logreg_fold1_v1.joblib
1,blur_sigma2,MLLM_HYB_GPT-Image2-fake_55,1,0.9780514240264893,mllm::GPT_Image_2,,models/v2/clip_lora_fold1_best_v1.pt,models/v2/v2_10b_h2_balanced_logreg_fold1_v1.joblib
1,blur_sigma2,MLLM_HYB_GPT-Image2-fake_56,1,0.9772368669509888,mllm::GPT_Image_2,,models/v2/clip_lora_fold1_best_v1.pt,models/v2/v2_10b_h2_balanced_logreg_fold1_v1.joblib
1,blur_sigma2,MLLM_HYB_GPT-Image2-fake_57,1,0.9693566560745239,mllm::GPT_Image_2,,models/v2/clip_lora_fold1_best_v1.pt,models/v2/v2_10b_h2_balanced_logreg_fold1_v1.joblib
1,blur_sigma2,MLLM_HYB_GPT-Image2-fake_58,1,0.9768816828727722,mllm::GPT_Image_2,,models/v2/clip_lora_fold1_best_v1.pt,models/v2/v2_10b_h2_balanced_logreg_fold1_v1.joblib
1,blur_sigma2,MLLM_HYB_GPT-Image2-fake_59,1,0.9756510853767395,mllm::GPT_Image_2,,models/v2/clip_lora_fold1_best_v1.pt,models/v2/v2_10b_h2_balanced_logreg_fold1_v1.joblib
1,blur_sigma2,MLLM_HYB_GPT-Image2-fake_6,1,0.966305136680603,mllm::GPT_Image_2,,models/v2/clip_lora_fold1_best_v1.pt,models/v2/v2_10b_h2_balanced_logreg_fold1_v1.joblib
1,blur_sigma2,MLLM_HYB_GPT-Image2-fake_60,1,0.9755564332008362,mllm::GPT_Image_2,,models/v2/clip_lora_fold1_best_v1.pt,models/v2/v2_10b_h2_balanced_logreg_fold1_v1.joblib
1,blur_sigma2,MLLM_HYB_GPT-Image2-fake_61,1,0.9850115776062012,mllm::GPT_Image_2,,models/v2/clip_lora_fold1_best_v1.pt,models/v2/v2_10b_h2_balanced_logreg_fold1_v1.joblib
1,blur_sigma2,MLLM_HYB_GPT-Image2-fake_62,1,0.9845278859138489,mllm::GPT_Image_2,,models/v2/clip_lora_fold1_best_v1.pt,models/v2/v2_10b_h2_balanced_logreg_fold1_v1.joblib
1,blur_sigma2,MLLM_HYB_GPT-Image2-fake_63,1,0.9857252836227417,mllm::GPT_Image_2,,models/v2/clip_lora_fold1_best_v1.pt,models/v2/v2_10b_h2_balanced_logreg_fold1_v1.joblib
1,blur_sigma2,MLLM_HYB_GPT-Image2-fake_64,1,0.9747957587242126,mllm::GPT_Image_2,,models/v2/clip_lora_fold1_best_v1.pt,models/v2/v2_10b_h2_balanced_logreg_fold1_v1.joblib
1,blur_sigma2,MLLM_HYB_GPT-Image2-fake_65,1,0.9653425812721252,mllm::GPT_Image_2,,models/v2/clip_lora_fold1_best_v1.pt,models/v2/v2_10b_h2_balanced_logreg_fold1_v1.joblib
1,blur_sigma2,MLLM_HYB_GPT-Image2-fake_66,1,0.9839223623275757,mllm::GPT_Image_2,,models/v2/clip_lora_fold1_best_v1.pt,models/v2/v2_10b_h2_balanced_logreg_fold1_v1.joblib
1,blur_sigma2,MLLM_HYB_GPT-Image2-fake_67,1,0.9678688049316406,mllm::GPT_Image_2,,models/v2/clip_lora_fold1_best_v1.pt,models/v2/v2_10b_h2_balanced_logreg_fold1_v1.joblib
1,blur_sigma2,MLLM_HYB_GPT-Image2-fake_68,1,0.9427399039268494,mllm::GPT_Image_2,,models/v2/clip_lora_fold1_best_v1.pt,models/v2/v2_10b_h2_balanced_logreg_fold1_v1.joblib
1,blur_sigma2,MLLM_HYB_GPT-Image2-fake_69,1,0.9703443050384521,mllm::GPT_Image_2,,models/v2/clip_lora_fold1_best_v1.pt,models/v2/v2_10b_h2_balanced_logreg_fold1_v1.joblib
1,blur_sigma2,MLLM_HYB_GPT-Image2-fake_7,1,0.9597733616828918,mllm::GPT_Image_2,,models/v2/clip_lora_fold1_best_v1.pt,models/v2/v2_10b_h2_balanced_logreg_fold1_v1.joblib
1,blur_sigma2,MLLM_HYB_GPT-Image2-fake_70,1,0.9786145091056824,mllm::GPT_Image_2,,models/v2/clip_lora_fold1_best_v1.pt,models/v2/v2_10b_h2_balanced_logreg_fold1_v1.joblib
1,blur_sigma2,MLLM_HYB_GPT-Image2-fake_71,1,0.971632182598114,mllm::GPT_Image_2,,models/v2/clip_lora_fold1_best_v1.pt,models/v2/v2_10b_h2_balanced_logreg_fold1_v1.joblib
1,blur_sigma2,MLLM_HYB_GPT-Image2-fake_72,1,0.9786764979362488,mllm::GPT_Image_2,,models/v2/clip_lora_fold1_best_v1.pt,models/v2/v2_10b_h2_balanced_logreg_fold1_v1.joblib
1,blur_sigma2,MLLM_HYB_GPT-Image2-fake_73,1,0.938669741153717,mllm::GPT_Image_2,,models/v2/clip_lora_fold1_best_v1.pt,models/v2/v2_10b_h2_balanced_logreg_fold1_v1.joblib
1,blur_sigma2,MLLM_HYB_GPT-Image2-fake_74,1,0.9209056496620178,mllm::GPT_Image_2,,models/v2/clip_lora_fold1_best_v1.pt,models/v2/v2_10b_h2_balanced_logreg_fold1_v1.joblib
1,blur_sigma2,MLLM_HYB_GPT-Image2-fake_75,1,0.8987928628921509,mllm::GPT_Image_2,,models/v2/clip_lora_fold1_best_v1.pt,models/v2/v2_10b_h2_balanced_logreg_fold1_v1.joblib
1,blur_sigma2,MLLM_HYB_GPT-Image2-fake_76,1,0.9616609811782837,mllm::GPT_Image_2,,models/v2/clip_lora_fold1_best_v1.pt,models/v2/v2_10b_h2_balanced_logreg_fold1_v1.joblib
1,blur_sigma2,MLLM_HYB_GPT-Image2-fake_77,1,0.9171823859214783,mllm::GPT_Image_2,,models/v2/clip_lora_fold1_best_v1.pt,models/v2/v2_10b_h2_balanced_logreg_fold1_v1.joblib
1,blur_sigma2,MLLM_HYB_GPT-Image2-fake_78,1,0.9444532990455627,mllm::GPT_Image_2,,models/v2/clip_lora_fold1_best_v1.pt,models/v2/v2_10b_h2_balanced_logreg_fold1_v1.joblib
1,blur_sigma2,MLLM_HYB_GPT-Image2-fake_79,1,0.9057157635688782,mllm::GPT_Image_2,,models/v2/clip_lora_fold1_best_v1.pt,models/v2/v2_10b_h2_balanced_logreg_fold1_v1.joblib
1,blur_sigma2,MLLM_HYB_GPT-Image2-fake_8,1,0.9648724794387817,mllm::GPT_Image_2,,models/v2/clip_lora_fold1_best_v1.pt,models/v2/v2_10b_h2_balanced_logreg_fold1_v1.joblib
1,blur_sigma2,MLLM_HYB_GPT-Image2-fake_80,1,0.947736382484436,mllm::GPT_Image_2,,models/v2/clip_lora_fold1_best_v1.pt,models/v2/v2_10b_h2_balanced_logreg_fold1_v1.joblib
1,blur_sigma2,MLLM_HYB_GPT-Image2-fake_81,1,0.9565449953079224,mllm::GPT_Image_2,,models/v2/clip_lora_fold1_best_v1.pt,models/v2/v2_10b_h2_balanced_logreg_fold1_v1.joblib
1,blur_sigma2,MLLM_HYB_GPT-Image2-fake_82,1,0.9811567068099976,mllm::GPT_Image_2,,models/v2/clip_lora_fold1_best_v1.pt,models/v2/v2_10b_h2_balanced_logreg_fold1_v1.joblib
1,blur_sigma2,MLLM_HYB_GPT-Image2-fake_83,1,0.9739078283309937,mllm::GPT_Image_2,,models/v2/clip_lora_fold1_best_v1.pt,models/v2/v2_10b_h2_balanced_logreg_fold1_v1.joblib
1,blur_sigma2,MLLM_HYB_GPT-Image2-fake_84,1,0.9693605899810791,mllm::GPT_Image_2,,models/v2/clip_lora_fold1_best_v1.pt,models/v2/v2_10b_h2_balanced_logreg_fold1_v1.joblib
1,blur_sigma2,MLLM_HYB_GPT-Image2-fake_85,1,0.9494564533233643,mllm::GPT_Image_2,,models/v2/clip_lora_fold1_best_v1.pt,models/v2/v2_10b_h2_balanced_logreg_fold1_v1.joblib
1,blur_sigma2,MLLM_HYB_GPT-Image2-fake_86,1,0.8837772011756897,mllm::GPT_Image_2,,models/v2/clip_lora_fold1_best_v1.pt,models/v2/v2_10b_h2_balanced_logreg_fold1_v1.joblib
1,blur_sigma2,MLLM_HYB_GPT-Image2-fake_87,1,0.9451390504837036,mllm::GPT_Image_2,,models/v2/clip_lora_fold1_best_v1.pt,models/v2/v2_10b_h2_balanced_logreg_fold1_v1.joblib
1,blur_sigma2,MLLM_HYB_GPT-Image2-fake_88,1,0.9027813076972961,mllm::GPT_Image_2,,models/v2/clip_lora_fold1_best_v1.pt,models/v2/v2_10b_h2_balanced_logreg_fold1_v1.joblib
1,blur_sigma2,MLLM_HYB_GPT-Image2-fake_89,1,0.9202591180801392,mllm::GPT_Image_2,,models/v2/clip_lora_fold1_best_v1.pt,models/v2/v2_10b_h2_balanced_logreg_fold1_v1.joblib
1,blur_sigma2,MLLM_HYB_GPT-Image2-fake_9,1,0.9035171270370483,mllm::GPT_Image_2,,models/v2/clip_lora_fold1_best_v1.pt,models/v2/v2_10b_h2_balanced_logreg_fold1_v1.joblib
1,blur_sigma2,MLLM_HYB_GPT-Image2-fake_90,1,0.9021086096763611,mllm::GPT_Image_2,,models/v2/clip_lora_fold1_best_v1.pt,models/v2/v2_10b_h2_balanced_logreg_fold1_v1.joblib
1,blur_sigma2,MLLM_HYB_GPT-Image2-fake_91,1,0.9573174118995667,mllm::GPT_Image_2,,models/v2/clip_lora_fold1_best_v1.pt,models/v2/v2_10b_h2_balanced_logreg_fold1_v1.joblib
1,blur_sigma2,MLLM_HYB_GPT-Image2-fake_92,1,0.9642868638038635,mllm::GPT_Image_2,,models/v2/clip_lora_fold1_best_v1.pt,models/v2/v2_10b_h2_balanced_logreg_fold1_v1.joblib
1,blur_sigma2,MLLM_HYB_GPT-Image2-fake_93,1,0.9166408181190491,mllm::GPT_Image_2,,models/v2/clip_lora_fold1_best_v1.pt,models/v2/v2_10b_h2_balanced_logreg_fold1_v1.joblib
1,blur_sigma2,MLLM_HYB_GPT-Image2-fake_94,1,0.9268525838851929,mllm::GPT_Image_2,,models/v2/clip_lora_fold1_best_v1.pt,models/v2/v2_10b_h2_balanced_logreg_fold1_v1.joblib
1,blur_sigma2,MLLM_HYB_GPT-Image2-fake_95,1,0.9620049595832825,mllm::GPT_Image_2,,models/v2/clip_lora_fold1_best_v1.pt,models/v2/v2_10b_h2_balanced_logreg_fold1_v1.joblib
1,blur_sigma2,MLLM_HYB_GPT-Image2-fake_96,1,0.9505397081375122,mllm::GPT_Image_2,,models/v2/clip_lora_fold1_best_v1.pt,models/v2/v2_10b_h2_balanced_logreg_fold1_v1.joblib
1,blur_sigma2,MLLM_HYB_GPT-Image2-fake_97,1,0.9420138597488403,mllm::GPT_Image_2,,models/v2/clip_lora_fold1_best_v1.pt,models/v2/v2_10b_h2_balanced_logreg_fold1_v1.joblib
1,blur_sigma2,MLLM_HYB_GPT-Image2-fake_98,1,0.9548421502113342,mllm::GPT_Image_2,,models/v2/clip_lora_fold1_best_v1.pt,models/v2/v2_10b_h2_balanced_logreg_fold1_v1.joblib
1,blur_sigma2,MLLM_HYB_GPT-Image2-fake_99,1,0.9438598155975342,mllm::GPT_Image_2,,models/v2/clip_lora_fold1_best_v1.pt,models/v2/v2_10b_h2_balanced_logreg_fold1_v1.joblib
1,blur_sigma2,MLLM_HYB_real_106,0,0.9244136214256287,real::MLLM,MLLM,models/v2/clip_lora_fold1_best_v1.pt,models/v2/v2_10b_h2_balanced_logreg_fold1_v1.joblib
1,blur_sigma2,MLLM_HYB_real_108,0,0.9638327956199646,real::MLLM,MLLM,models/v2/clip_lora_fold1_best_v1.pt,models/v2/v2_10b_h2_balanced_logreg_fold1_v1.joblib
1,blur_sigma2,MLLM_HYB_real_11,0,0.9419540762901306,real::MLLM,MLLM,models/v2/clip_lora_fold1_best_v1.pt,models/v2/v2_10b_h2_balanced_logreg_fold1_v1.joblib
1,blur_sigma2,MLLM_HYB_real_111,0,0.8225883841514587,real::MLLM,MLLM,models/v2/clip_lora_fold1_best_v1.pt,models/v2/v2_10b_h2_balanced_logreg_fold1_v1.joblib
1,blur_sigma2,MLLM_HYB_real_120,0,0.9517523050308228,real::MLLM,MLLM,models/v2/clip_lora_fold1_best_v1.pt,models/v2/v2_10b_h2_balanced_logreg_fold1_v1.joblib
1,blur_sigma2,MLLM_HYB_real_123,0,0.9459614157676697,real::MLLM,MLLM,models/v2/clip_lora_fold1_best_v1.pt,models/v2/v2_10b_h2_balanced_logreg_fold1_v1.joblib
1,blur_sigma2,MLLM_HYB_real_129,0,0.7764478921890259,real::MLLM,MLLM,models/v2/clip_lora_fold1_best_v1.pt,models/v2/v2_10b_h2_balanced_logreg_fold1_v1.joblib
1,blur_sigma2,MLLM_HYB_real_137,0,0.7465876340866089,real::MLLM,MLLM,models/v2/clip_lora_fold1_best_v1.pt,models/v2/v2_10b_h2_balanced_logreg_fold1_v1.joblib
1,blur_sigma2,MLLM_HYB_real_139,0,0.8627576231956482,real::MLLM,MLLM,models/v2/clip_lora_fold1_best_v1.pt,models/v2/v2_10b_h2_balanced_logreg_fold1_v1.joblib
1,blur_sigma2,MLLM_HYB_real_147,0,0.9391362071037292,real::MLLM,MLLM,models/v2/clip_lora_fold1_best_v1.pt,models/v2/v2_10b_h2_balanced_logreg_fold1_v1.joblib
1,blur_sigma2,MLLM_HYB_real_149,0,0.8275722861289978,real::MLLM,MLLM,models/v2/clip_lora_fold1_best_v1.pt,models/v2/v2_10b_h2_balanced_logreg_fold1_v1.joblib
1,blur_sigma2,MLLM_HYB_real_151,0,0.8829482793807983,real::MLLM,MLLM,models/v2/clip_lora_fold1_best_v1.pt,models/v2/v2_10b_h2_balanced_logreg_fold1_v1.joblib
1,blur_sigma2,MLLM_HYB_real_159,0,0.8634522557258606,real::MLLM,MLLM,models/v2/clip_lora_fold1_best_v1.pt,models/v2/v2_10b_h2_balanced_logreg_fold1_v1.joblib
1,blur_sigma2,MLLM_HYB_real_161,0,0.7647276520729065,real::MLLM,MLLM,models/v2/clip_lora_fold1_best_v1.pt,models/v2/v2_10b_h2_balanced_logreg_fold1_v1.joblib
1,blur_sigma2,MLLM_HYB_real_17,0,0.8130398988723755,real::MLLM,MLLM,models/v2/clip_lora_fold1_best_v1.pt,models/v2/v2_10b_h2_balanced_logreg_fold1_v1.joblib
1,blur_sigma2,MLLM_HYB_real_175,0,0.9059101939201355,real::MLLM,MLLM,models/v2/clip_lora_fold1_best_v1.pt,models/v2/v2_10b_h2_balanced_logreg_fold1_v1.joblib
1,blur_sigma2,MLLM_HYB_real_184,0,0.9503124952316284,real::MLLM,MLLM,models/v2/clip_lora_fold1_best_v1.pt,models/v2/v2_10b_h2_balanced_logreg_fold1_v1.joblib
1,blur_sigma2,MLLM_HYB_real_189,0,0.9652581810951233,real::MLLM,MLLM,models/v2/clip_lora_fold1_best_v1.pt,models/v2/v2_10b_h2_balanced_logreg_fold1_v1.joblib
1,blur_sigma2,MLLM_HYB_real_19,0,0.9287028908729553,real::MLLM,MLLM,models/v2/clip_lora_fold1_best_v1.pt,models/v2/v2_10b_h2_balanced_logreg_fold1_v1.joblib
1,blur_sigma2,MLLM_HYB_real_195,0,0.8909893035888672,real::MLLM,MLLM,models/v2/clip_lora_fold1_best_v1.pt,models/v2/v2_10b_h2_balanced_logreg_fold1_v1.joblib
1,blur_sigma2,MLLM_HYB_real_24,0,0.9299996495246887,real::MLLM,MLLM,models/v2/clip_lora_fold1_best_v1.pt,models/v2/v2_10b_h2_balanced_logreg_fold1_v1.joblib
1,blur_sigma2,MLLM_HYB_real_28,0,0.833886981010437,real::MLLM,MLLM,models/v2/clip_lora_fold1_best_v1.pt,models/v2/v2_10b_h2_balanced_logreg_fold1_v1.joblib
1,blur_sigma2,MLLM_HYB_real_31,0,0.9233958721160889,real::MLLM,MLLM,models/v2/clip_lora_fold1_best_v1.pt,models/v2/v2_10b_h2_balanced_logreg_fold1_v1.joblib
1,blur_sigma2,MLLM_HYB_real_33,0,0.9456763863563538,real::MLLM,MLLM,models/v2/clip_lora_fold1_best_v1.pt,models/v2/v2_10b_h2_balanced_logreg_fold1_v1.joblib
1,blur_sigma2,MLLM_HYB_real_38,0,0.9160671234130859,real::MLLM,MLLM,models/v2/clip_lora_fold1_best_v1.pt,models/v2/v2_10b_h2_balanced_logreg_fold1_v1.joblib
1,blur_sigma2,MLLM_HYB_real_43,0,0.6368788480758667,real::MLLM,MLLM,models/v2/clip_lora_fold1_best_v1.pt,models/v2/v2_10b_h2_balanced_logreg_fold1_v1.joblib
1,blur_sigma2,MLLM_HYB_real_55,0,0.6083083152770996,real::MLLM,MLLM,models/v2/clip_lora_fold1_best_v1.pt,models/v2/v2_10b_h2_balanced_logreg_fold1_v1.joblib
1,blur_sigma2,MLLM_HYB_real_60,0,0.9028381705284119,real::MLLM,MLLM,models/v2/clip_lora_fold1_best_v1.pt,models/v2/v2_10b_h2_balanced_logreg_fold1_v1.joblib
1,blur_sigma2,MLLM_HYB_real_82,0,0.8260039687156677,real::MLLM,MLLM,models/v2/clip_lora_fold1_best_v1.pt,models/v2/v2_10b_h2_balanced_logreg_fold1_v1.joblib
1,blur_sigma2,MLLM_HYB_real_83,0,0.847999095916748,real::MLLM,MLLM,models/v2/clip_lora_fold1_best_v1.pt,models/v2/v2_10b_h2_balanced_logreg_fold1_v1.joblib
1,blur_sigma2,MLLM_HYB_real_89,0,0.9660962820053101,real::MLLM,MLLM,models/v2/clip_lora_fold1_best_v1.pt,models/v2/v2_10b_h2_balanced_logreg_fold1_v1.joblib
1,blur_sigma2,MLLM_STR_GPT-Image2-fake_1,1,0.9623275399208069,mllm::GPT_Image_2,,models/v2/clip_lora_fold1_best_v1.pt,models/v2/v2_10b_h2_balanced_logreg_fold1_v1.joblib
1,blur_sigma2,MLLM_STR_GPT-Image2-fake_10,1,0.928380012512207,mllm::GPT_Image_2,,models/v2/clip_lora_fold1_best_v1.pt,models/v2/v2_10b_h2_balanced_logreg_fold1_v1.joblib
1,blur_sigma2,MLLM_STR_GPT-Image2-fake_100,1,0.9708857536315918,mllm::GPT_Image_2,,models/v2/clip_lora_fold1_best_v1.pt,models/v2/v2_10b_h2_balanced_logreg_fold1_v1.joblib
1,blur_sigma2,MLLM_STR_GPT-Image2-fake_101,1,0.9653541445732117,mllm::GPT_Image_2,,models/v2/clip_lora_fold1_best_v1.pt,models/v2/v2_10b_h2_balanced_logreg_fold1_v1.joblib
1,blur_sigma2,MLLM_STR_GPT-Image2-fake_102,1,0.9067291021347046,mllm::GPT_Image_2,,models/v2/clip_lora_fold1_best_v1.pt,models/v2/v2_10b_h2_balanced_logreg_fold1_v1.joblib
1,blur_sigma2,MLLM_STR_GPT-Image2-fake_103,1,0.8769771456718445,mllm::GPT_Image_2,,models/v2/clip_lora_fold1_best_v1.pt,models/v2/v2_10b_h2_balanced_logreg_fold1_v1.joblib
1,blur_sigma2,MLLM_STR_GPT-Image2-fake_104,1,0.9361358880996704,mllm::GPT_Image_2,,models/v2/clip_lora_fold1_best_v1.pt,models/v2/v2_10b_h2_balanced_logreg_fold1_v1.joblib
1,blur_sigma2,MLLM_STR_GPT-Image2-fake_105,1,0.9455628395080566,mllm::GPT_Image_2,,models/v2/clip_lora_fold1_best_v1.pt,models/v2/v2_10b_h2_balanced_logreg_fold1_v1.joblib
1,blur_sigma2,MLLM_STR_GPT-Image2-fake_106,1,0.9601169228553772,mllm::GPT_Image_2,,models/v2/clip_lora_fold1_best_v1.pt,models/v2/v2_10b_h2_balanced_logreg_fold1_v1.joblib
1,blur_sigma2,MLLM_STR_GPT-Image2-fake_107,1,0.9229373335838318,mllm::GPT_Image_2,,models/v2/clip_lora_fold1_best_v1.pt,models/v2/v2_10b_h2_balanced_logreg_fold1_v1.joblib
1,blur_sigma2,MLLM_STR_GPT-Image2-fake_108,1,0.9502404928207397,mllm::GPT_Image_2,,models/v2/clip_lora_fold1_best_v1.pt,models/v2/v2_10b_h2_balanced_logreg_fold1_v1.joblib
1,blur_sigma2,MLLM_STR_GPT-Image2-fake_109,1,0.9522294402122498,mllm::GPT_Image_2,,models/v2/clip_lora_fold1_best_v1.pt,models/v2/v2_10b_h2_balanced_logreg_fold1_v1.joblib
1,blur_sigma2,MLLM_STR_GPT-Image2-fake_11,1,0.9140914678573608,mllm::GPT_Image_2,,models/v2/clip_lora_fold1_best_v1.pt,models/v2/v2_10b_h2_balanced_logreg_fold1_v1.joblib
1,blur_sigma2,MLLM_STR_GPT-Image2-fake_110,1,0.957114577293396,mllm::GPT_Image_2,,models/v2/clip_lora_fold1_best_v1.pt,models/v2/v2_10b_h2_balanced_logreg_fold1_v1.joblib
1,blur_sigma2,MLLM_STR_GPT-Image2-fake_111,1,0.8172494769096375,mllm::GPT_Image_2,,models/v2/clip_lora_fold1_best_v1.pt,models/v2/v2_10b_h2_balanced_logreg_fold1_v1.joblib
1,blur_sigma2,MLLM_STR_GPT-Image2-fake_112,1,0.8627728819847107,mllm::GPT_Image_2,,models/v2/clip_lora_fold1_best_v1.pt,models/v2/v2_10b_h2_balanced_logreg_fold1_v1.joblib
1,blur_sigma2,MLLM_STR_GPT-Image2-fake_113,1,0.8295012712478638,mllm::GPT_Image_2,,models/v2/clip_lora_fold1_best_v1.pt,models/v2/v2_10b_h2_balanced_logreg_fold1_v1.joblib
1,blur_sigma2,MLLM_STR_GPT-Image2-fake_114,1,0.9591318964958191,mllm::GPT_Image_2,,models/v2/clip_lora_fold1_best_v1.pt,models/v2/v2_10b_h2_balanced_logreg_fold1_v1.joblib
1,blur_sigma2,MLLM_STR_GPT-Image2-fake_115,1,0.9481948614120483,mllm::GPT_Image_2,,models/v2/clip_lora_fold1_best_v1.pt,models/v2/v2_10b_h2_balanced_logreg_fold1_v1.joblib
1,blur_sigma2,MLLM_STR_GPT-Image2-fake_116,1,0.9312894940376282,mllm::GPT_Image_2,,models/v2/clip_lora_fold1_best_v1.pt,models/v2/v2_10b_h2_balanced_logreg_fold1_v1.joblib
1,blur_sigma2,MLLM_STR_GPT-Image2-fake_117,1,0.9043824076652527,mllm::GPT_Image_2,,models/v2/clip_lora_fold1_best_v1.pt,models/v2/v2_10b_h2_balanced_logreg_fold1_v1.joblib
1,blur_sigma2,MLLM_STR_GPT-Image2-fake_118,1,0.9006147980690002,mllm::GPT_Image_2,,models/v2/clip_lora_fold1_best_v1.pt,models/v2/v2_10b_h2_balanced_logreg_fold1_v1.joblib
1,blur_sigma2,MLLM_STR_GPT-Image2-fake_119,1,0.893212616443634,mllm::GPT_Image_2,,models/v2/clip_lora_fold1_best_v1.pt,models/v2/v2_10b_h2_balanced_logreg_fold1_v1.joblib
1,blur_sigma2,MLLM_STR_GPT-Image2-fake_12,1,0.9133806824684143,mllm::GPT_Image_2,,models/v2/clip_lora_fold1_best_v1.pt,models/v2/v2_10b_h2_balanced_logreg_fold1_v1.joblib
1,blur_sigma2,MLLM_STR_GPT-Image2-fake_120,1,0.9310795664787292,mllm::GPT_Image_2,,models/v2/clip_lora_fold1_best_v1.pt,models/v2/v2_10b_h2_balanced_logreg_fold1_v1.joblib
1,blur_sigma2,MLLM_STR_GPT-Image2-fake_121,1,0.8516453504562378,mllm::GPT_Image_2,,models/v2/clip_lora_fold1_best_v1.pt,models/v2/v2_10b_h2_balanced_logreg_fold1_v1.joblib
1,blur_sigma2,MLLM_STR_GPT-Image2-fake_122,1,0.8705636858940125,mllm::GPT_Image_2,,models/v2/clip_lora_fold1_best_v1.pt,models/v2/v2_10b_h2_balanced_logreg_fold1_v1.joblib
1,blur_sigma2,MLLM_STR_GPT-Image2-fake_123,1,0.8779547214508057,mllm::GPT_Image_2,,models/v2/clip_lora_fold1_best_v1.pt,models/v2/v2_10b_h2_balanced_logreg_fold1_v1.joblib
1,blur_sigma2,MLLM_STR_GPT-Image2-fake_124,1,0.9049144983291626,mllm::GPT_Image_2,,models/v2/clip_lora_fold1_best_v1.pt,models/v2/v2_10b_h2_balanced_logreg_fold1_v1.joblib
1,blur_sigma2,MLLM_STR_GPT-Image2-fake_125,1,0.9193894863128662,mllm::GPT_Image_2,,models/v2/clip_lora_fold1_best_v1.pt,models/v2/v2_10b_h2_balanced_logreg_fold1_v1.joblib
1,blur_sigma2,MLLM_STR_GPT-Image2-fake_126,1,0.9110590219497681,mllm::GPT_Image_2,,models/v2/clip_lora_fold1_best_v1.pt,models/v2/v2_10b_h2_balanced_logreg_fold1_v1.joblib
1,blur_sigma2,MLLM_STR_GPT-Image2-fake_127,1,0.9262039661407471,mllm::GPT_Image_2,,models/v2/clip_lora_fold1_best_v1.pt,models/v2/v2_10b_h2_balanced_logreg_fold1_v1.joblib
1,blur_sigma2,MLLM_STR_GPT-Image2-fake_128,1,0.8829456567764282,mllm::GPT_Image_2,,models/v2/clip_lora_fold1_best_v1.pt,models/v2/v2_10b_h2_balanced_logreg_fold1_v1.joblib
1,blur_sigma2,MLLM_STR_GPT-Image2-fake_129,1,0.9253211617469788,mllm::GPT_Image_2,,models/v2/clip_lora_fold1_best_v1.pt,models/v2/v2_10b_h2_balanced_logreg_fold1_v1.joblib
1,blur_sigma2,MLLM_STR_GPT-Image2-fake_13,1,0.9477522373199463,mllm::GPT_Image_2,,models/v2/clip_lora_fold1_best_v1.pt,models/v2/v2_10b_h2_balanced_logreg_fold1_v1.joblib
1,blur_sigma2,MLLM_STR_GPT-Image2-fake_130,1,0.8955216407775879,mllm::GPT_Image_2,,models/v2/clip_lora_fold1_best_v1.pt,models/v2/v2_10b_h2_balanced_logreg_fold1_v1.joblib
1,blur_sigma2,MLLM_STR_GPT-Image2-fake_131,1,0.864169180393219,mllm::GPT_Image_2,,models/v2/clip_lora_fold1_best_v1.pt,models/v2/v2_10b_h2_balanced_logreg_fold1_v1.joblib
1,blur_sigma2,MLLM_STR_GPT-Image2-fake_132,1,0.921231210231781,mllm::GPT_Image_2,,models/v2/clip_lora_fold1_best_v1.pt,models/v2/v2_10b_h2_balanced_logreg_fold1_v1.joblib
1,blur_sigma2,MLLM_STR_GPT-Image2-fake_133,1,0.8632689714431763,mllm::GPT_Image_2,,models/v2/clip_lora_fold1_best_v1.pt,models/v2/v2_10b_h2_balanced_logreg_fold1_v1.joblib
1,blur_sigma2,MLLM_STR_GPT-Image2-fake_134,1,0.9200707674026489,mllm::GPT_Image_2,,models/v2/clip_lora_fold1_best_v1.pt,models/v2/v2_10b_h2_balanced_logreg_fold1_v1.joblib
1,blur_sigma2,MLLM_STR_GPT-Image2-fake_135,1,0.9110107421875,mllm::GPT_Image_2,,models/v2/clip_lora_fold1_best_v1.pt,models/v2/v2_10b_h2_balanced_logreg_fold1_v1.joblib
1,blur_sigma2,MLLM_STR_GPT-Image2-fake_136,1,0.9069163203239441,mllm::GPT_Image_2,,models/v2/clip_lora_fold1_best_v1.pt,models/v2/v2_10b_h2_balanced_logreg_fold1_v1.joblib
1,blur_sigma2,MLLM_STR_GPT-Image2-fake_137,1,0.8361560106277466,mllm::GPT_Image_2,,models/v2/clip_lora_fold1_best_v1.pt,models/v2/v2_10b_h2_balanced_logreg_fold1_v1.joblib
1,blur_sigma2,MLLM_STR_GPT-Image2-fake_138,1,0.9202672839164734,mllm::GPT_Image_2,,models/v2/clip_lora_fold1_best_v1.pt,models/v2/v2_10b_h2_balanced_logreg_fold1_v1.joblib
1,blur_sigma2,MLLM_STR_GPT-Image2-fake_139,1,0.934702455997467,mllm::GPT_Image_2,,models/v2/clip_lora_fold1_best_v1.pt,models/v2/v2_10b_h2_balanced_logreg_fold1_v1.joblib
1,blur_sigma2,MLLM_STR_GPT-Image2-fake_14,1,0.9270405173301697,mllm::GPT_Image_2,,models/v2/clip_lora_fold1_best_v1.pt,models/v2/v2_10b_h2_balanced_logreg_fold1_v1.joblib
1,blur_sigma2,MLLM_STR_GPT-Image2-fake_140,1,0.9108673334121704,mllm::GPT_Image_2,,models/v2/clip_lora_fold1_best_v1.pt,models/v2/v2_10b_h2_balanced_logreg_fold1_v1.joblib
1,blur_sigma2,MLLM_STR_GPT-Image2-fake_141,1,0.9159885048866272,mllm::GPT_Image_2,,models/v2/clip_lora_fold1_best_v1.pt,models/v2/v2_10b_h2_balanced_logreg_fold1_v1.joblib
1,blur_sigma2,MLLM_STR_GPT-Image2-fake_142,1,0.9424358010292053,mllm::GPT_Image_2,,models/v2/clip_lora_fold1_best_v1.pt,models/v2/v2_10b_h2_balanced_logreg_fold1_v1.joblib
1,blur_sigma2,MLLM_STR_GPT-Image2-fake_143,1,0.9449996948242188,mllm::GPT_Image_2,,models/v2/clip_lora_fold1_best_v1.pt,models/v2/v2_10b_h2_balanced_logreg_fold1_v1.joblib
1,blur_sigma2,MLLM_STR_GPT-Image2-fake_144,1,0.8938107490539551,mllm::GPT_Image_2,,models/v2/clip_lora_fold1_best_v1.pt,models/v2/v2_10b_h2_balanced_logreg_fold1_v1.joblib
1,blur_sigma2,MLLM_STR_GPT-Image2-fake_145,1,0.9015325307846069,mllm::GPT_Image_2,,models/v2/clip_lora_fold1_best_v1.pt,models/v2/v2_10b_h2_balanced_logreg_fold1_v1.joblib
1,blur_sigma2,MLLM_STR_GPT-Image2-fake_146,1,0.8924978971481323,mllm::GPT_Image_2,,models/v2/clip_lora_fold1_best_v1.pt,models/v2/v2_10b_h2_balanced_logreg_fold1_v1.joblib
1,blur_sigma2,MLLM_STR_GPT-Image2-fake_147,1,0.9412923455238342,mllm::GPT_Image_2,,models/v2/clip_lora_fold1_best_v1.pt,models/v2/v2_10b_h2_balanced_logreg_fold1_v1.joblib
1,blur_sigma2,MLLM_STR_GPT-Image2-fake_148,1,0.9439918398857117,mllm::GPT_Image_2,,models/v2/clip_lora_fold1_best_v1.pt,models/v2/v2_10b_h2_balanced_logreg_fold1_v1.joblib
1,blur_sigma2,MLLM_STR_GPT-Image2-fake_149,1,0.911151647567749,mllm::GPT_Image_2,,models/v2/clip_lora_fold1_best_v1.pt,models/v2/v2_10b_h2_balanced_logreg_fold1_v1.joblib
1,blur_sigma2,MLLM_STR_GPT-Image2-fake_15,1,0.9368029832839966,mllm::GPT_Image_2,,models/v2/clip_lora_fold1_best_v1.pt,models/v2/v2_10b_h2_balanced_logreg_fold1_v1.joblib
1,blur_sigma2,MLLM_STR_GPT-Image2-fake_150,1,0.8961470127105713,mllm::GPT_Image_2,,models/v2/clip_lora_fold1_best_v1.pt,models/v2/v2_10b_h2_balanced_logreg_fold1_v1.joblib
1,blur_sigma2,MLLM_STR_GPT-Image2-fake_151,1,0.8861818313598633,mllm::GPT_Image_2,,models/v2/clip_lora_fold1_best_v1.pt,models/v2/v2_10b_h2_balanced_logreg_fold1_v1.joblib
1,blur_sigma2,MLLM_STR_GPT-Image2-fake_152,1,0.8983502984046936,mllm::GPT_Image_2,,models/v2/clip_lora_fold1_best_v1.pt,models/v2/v2_10b_h2_balanced_logreg_fold1_v1.joblib
1,blur_sigma2,MLLM_STR_GPT-Image2-fake_153,1,0.9366844892501831,mllm::GPT_Image_2,,models/v2/clip_lora_fold1_best_v1.pt,models/v2/v2_10b_h2_balanced_logreg_fold1_v1.joblib
1,blur_sigma2,MLLM_STR_GPT-Image2-fake_154,1,0.9517562985420227,mllm::GPT_Image_2,,models/v2/clip_lora_fold1_best_v1.pt,models/v2/v2_10b_h2_balanced_logreg_fold1_v1.joblib
1,blur_sigma2,MLLM_STR_GPT-Image2-fake_155,1,0.9371253252029419,mllm::GPT_Image_2,,models/v2/clip_lora_fold1_best_v1.pt,models/v2/v2_10b_h2_balanced_logreg_fold1_v1.joblib
1,blur_sigma2,MLLM_STR_GPT-Image2-fake_156,1,0.9294756650924683,mllm::GPT_Image_2,,models/v2/clip_lora_fold1_best_v1.pt,models/v2/v2_10b_h2_balanced_logreg_fold1_v1.joblib
1,blur_sigma2,MLLM_STR_GPT-Image2-fake_157,1,0.8663226366043091,mllm::GPT_Image_2,,models/v2/clip_lora_fold1_best_v1.pt,models/v2/v2_10b_h2_balanced_logreg_fold1_v1.joblib
1,blur_sigma2,MLLM_STR_GPT-Image2-fake_158,1,0.9326180219650269,mllm::GPT_Image_2,,models/v2/clip_lora_fold1_best_v1.pt,models/v2/v2_10b_h2_balanced_logreg_fold1_v1.joblib
1,blur_sigma2,MLLM_STR_GPT-Image2-fake_159,1,0.9581901431083679,mllm::GPT_Image_2,,models/v2/clip_lora_fold1_best_v1.pt,models/v2/v2_10b_h2_balanced_logreg_fold1_v1.joblib
1,blur_sigma2,MLLM_STR_GPT-Image2-fake_16,1,0.9463766813278198,mllm::GPT_Image_2,,models/v2/clip_lora_fold1_best_v1.pt,models/v2/v2_10b_h2_balanced_logreg_fold1_v1.joblib
1,blur_sigma2,MLLM_STR_GPT-Image2-fake_160,1,0.9560055136680603,mllm::GPT_Image_2,,models/v2/clip_lora_fold1_best_v1.pt,models/v2/v2_10b_h2_balanced_logreg_fold1_v1.joblib
1,blur_sigma2,MLLM_STR_GPT-Image2-fake_161,1,0.9379703998565674,mllm::GPT_Image_2,,models/v2/clip_lora_fold1_best_v1.pt,models/v2/v2_10b_h2_balanced_logreg_fold1_v1.joblib
1,blur_sigma2,MLLM_STR_GPT-Image2-fake_162,1,0.9014978408813477,mllm::GPT_Image_2,,models/v2/clip_lora_fold1_best_v1.pt,models/v2/v2_10b_h2_balanced_logreg_fold1_v1.joblib
1,blur_sigma2,MLLM_STR_GPT-Image2-fake_163,1,0.915772020816803,mllm::GPT_Image_2,,models/v2/clip_lora_fold1_best_v1.pt,models/v2/v2_10b_h2_balanced_logreg_fold1_v1.joblib
1,blur_sigma2,MLLM_STR_GPT-Image2-fake_164,1,0.931429922580719,mllm::GPT_Image_2,,models/v2/clip_lora_fold1_best_v1.pt,models/v2/v2_10b_h2_balanced_logreg_fold1_v1.joblib
1,blur_sigma2,MLLM_STR_GPT-Image2-fake_165,1,0.9442827105522156,mllm::GPT_Image_2,,models/v2/clip_lora_fold1_best_v1.pt,models/v2/v2_10b_h2_balanced_logreg_fold1_v1.joblib
1,blur_sigma2,MLLM_STR_GPT-Image2-fake_166,1,0.9286073446273804,mllm::GPT_Image_2,,models/v2/clip_lora_fold1_best_v1.pt,models/v2/v2_10b_h2_balanced_logreg_fold1_v1.joblib
1,blur_sigma2,MLLM_STR_GPT-Image2-fake_167,1,0.9166452288627625,mllm::GPT_Image_2,,models/v2/clip_lora_fold1_best_v1.pt,models/v2/v2_10b_h2_balanced_logreg_fold1_v1.joblib
1,blur_sigma2,MLLM_STR_GPT-Image2-fake_168,1,0.8830453753471375,mllm::GPT_Image_2,,models/v2/clip_lora_fold1_best_v1.pt,models/v2/v2_10b_h2_balanced_logreg_fold1_v1.joblib
1,blur_sigma2,MLLM_STR_GPT-Image2-fake_169,1,0.9042778015136719,mllm::GPT_Image_2,,models/v2/clip_lora_fold1_best_v1.pt,models/v2/v2_10b_h2_balanced_logreg_fold1_v1.joblib
1,blur_sigma2,MLLM_STR_GPT-Image2-fake_17,1,0.9250839948654175,mllm::GPT_Image_2,,models/v2/clip_lora_fold1_best_v1.pt,models/v2/v2_10b_h2_balanced_logreg_fold1_v1.joblib
1,blur_sigma2,MLLM_STR_GPT-Image2-fake_170,1,0.8934708833694458,mllm::GPT_Image_2,,models/v2/clip_lora_fold1_best_v1.pt,models/v2/v2_10b_h2_balanced_logreg_fold1_v1.joblib
1,blur_sigma2,MLLM_STR_GPT-Image2-fake_171,1,0.9266188144683838,mllm::GPT_Image_2,,models/v2/clip_lora_fold1_best_v1.pt,models/v2/v2_10b_h2_balanced_logreg_fold1_v1.joblib
1,blur_sigma2,MLLM_STR_GPT-Image2-fake_172,1,0.9332495927810669,mllm::GPT_Image_2,,models/v2/clip_lora_fold1_best_v1.pt,models/v2/v2_10b_h2_balanced_logreg_fold1_v1.joblib
1,blur_sigma2,MLLM_STR_GPT-Image2-fake_173,1,0.9154382944107056,mllm::GPT_Image_2,,models/v2/clip_lora_fold1_best_v1.pt,models/v2/v2_10b_h2_balanced_logreg_fold1_v1.joblib
1,blur_sigma2,MLLM_STR_GPT-Image2-fake_174,1,0.9351537823677063,mllm::GPT_Image_2,,models/v2/clip_lora_fold1_best_v1.pt,models/v2/v2_10b_h2_balanced_logreg_fold1_v1.joblib
1,blur_sigma2,MLLM_STR_GPT-Image2-fake_175,1,0.9439204931259155,mllm::GPT_Image_2,,models/v2/clip_lora_fold1_best_v1.pt,models/v2/v2_10b_h2_balanced_logreg_fold1_v1.joblib
1,blur_sigma2,MLLM_STR_GPT-Image2-fake_176,1,0.9403734803199768,mllm::GPT_Image_2,,models/v2/clip_lora_fold1_best_v1.pt,models/v2/v2_10b_h2_balanced_logreg_fold1_v1.joblib
1,blur_sigma2,MLLM_STR_GPT-Image2-fake_177,1,0.9614480137825012,mllm::GPT_Image_2,,models/v2/clip_lora_fold1_best_v1.pt,models/v2/v2_10b_h2_balanced_logreg_fold1_v1.joblib
1,blur_sigma2,MLLM_STR_GPT-Image2-fake_178,1,0.9495271444320679,mllm::GPT_Image_2,,models/v2/clip_lora_fold1_best_v1.pt,models/v2/v2_10b_h2_balanced_logreg_fold1_v1.joblib
1,blur_sigma2,MLLM_STR_GPT-Image2-fake_179,1,0.9450656771659851,mllm::GPT_Image_2,,models/v2/clip_lora_fold1_best_v1.pt,models/v2/v2_10b_h2_balanced_logreg_fold1_v1.joblib
1,blur_sigma2,MLLM_STR_GPT-Image2-fake_18,1,0.9654775857925415,mllm::GPT_Image_2,,models/v2/clip_lora_fold1_best_v1.pt,models/v2/v2_10b_h2_balanced_logreg_fold1_v1.joblib
1,blur_sigma2,MLLM_STR_GPT-Image2-fake_180,1,0.9250335097312927,mllm::GPT_Image_2,,models/v2/clip_lora_fold1_best_v1.pt,models/v2/v2_10b_h2_balanced_logreg_fold1_v1.joblib
1,blur_sigma2,MLLM_STR_GPT-Image2-fake_181,1,0.9239606261253357,mllm::GPT_Image_2,,models/v2/clip_lora_fold1_best_v1.pt,models/v2/v2_10b_h2_balanced_logreg_fold1_v1.joblib
1,blur_sigma2,MLLM_STR_GPT-Image2-fake_182,1,0.8895195722579956,mllm::GPT_Image_2,,models/v2/clip_lora_fold1_best_v1.pt,models/v2/v2_10b_h2_balanced_logreg_fold1_v1.joblib
1,blur_sigma2,MLLM_STR_GPT-Image2-fake_183,1,0.970814049243927,mllm::GPT_Image_2,,models/v2/clip_lora_fold1_best_v1.pt,models/v2/v2_10b_h2_balanced_logreg_fold1_v1.joblib
1,blur_sigma2,MLLM_STR_GPT-Image2-fake_184,1,0.962368905544281,mllm::GPT_Image_2,,models/v2/clip_lora_fold1_best_v1.pt,models/v2/v2_10b_h2_balanced_logreg_fold1_v1.joblib
1,blur_sigma2,MLLM_STR_GPT-Image2-fake_185,1,0.945902943611145,mllm::GPT_Image_2,,models/v2/clip_lora_fold1_best_v1.pt,models/v2/v2_10b_h2_balanced_logreg_fold1_v1.joblib
1,blur_sigma2,MLLM_STR_GPT-Image2-fake_186,1,0.897649884223938,mllm::GPT_Image_2,,models/v2/clip_lora_fold1_best_v1.pt,models/v2/v2_10b_h2_balanced_logreg_fold1_v1.joblib
1,blur_sigma2,MLLM_STR_GPT-Image2-fake_187,1,0.9282688498497009,mllm::GPT_Image_2,,models/v2/clip_lora_fold1_best_v1.pt,models/v2/v2_10b_h2_balanced_logreg_fold1_v1.joblib
1,blur_sigma2,MLLM_STR_GPT-Image2-fake_188,1,0.9193679094314575,mllm::GPT_Image_2,,models/v2/clip_lora_fold1_best_v1.pt,models/v2/v2_10b_h2_balanced_logreg_fold1_v1.joblib
1,blur_sigma2,MLLM_STR_GPT-Image2-fake_189,1,0.9495540261268616,mllm::GPT_Image_2,,models/v2/clip_lora_fold1_best_v1.pt,models/v2/v2_10b_h2_balanced_logreg_fold1_v1.joblib
1,blur_sigma2,MLLM_STR_GPT-Image2-fake_19,1,0.9262915253639221,mllm::GPT_Image_2,,models/v2/clip_lora_fold1_best_v1.pt,models/v2/v2_10b_h2_balanced_logreg_fold1_v1.joblib
1,blur_sigma2,MLLM_STR_GPT-Image2-fake_190,1,0.9601956605911255,mllm::GPT_Image_2,,models/v2/clip_lora_fold1_best_v1.pt,models/v2/v2_10b_h2_balanced_logreg_fold1_v1.joblib
1,blur_sigma2,MLLM_STR_GPT-Image2-fake_191,1,0.9437023401260376,mllm::GPT_Image_2,,models/v2/clip_lora_fold1_best_v1.pt,models/v2/v2_10b_h2_balanced_logreg_fold1_v1.joblib
1,blur_sigma2,MLLM_STR_GPT-Image2-fake_192,1,0.9069469571113586,mllm::GPT_Image_2,,models/v2/clip_lora_fold1_best_v1.pt,models/v2/v2_10b_h2_balanced_logreg_fold1_v1.joblib
1,blur_sigma2,MLLM_STR_GPT-Image2-fake_193,1,0.951899528503418,mllm::GPT_Image_2,,models/v2/clip_lora_fold1_best_v1.pt,models/v2/v2_10b_h2_balanced_logreg_fold1_v1.joblib
1,blur_sigma2,MLLM_STR_GPT-Image2-fake_194,1,0.9500017762184143,mllm::GPT_Image_2,,models/v2/clip_lora_fold1_best_v1.pt,models/v2/v2_10b_h2_balanced_logreg_fold1_v1.joblib
1,blur_sigma2,MLLM_STR_GPT-Image2-fake_195,1,0.9090232849121094,mllm::GPT_Image_2,,models/v2/clip_lora_fold1_best_v1.pt,models/v2/v2_10b_h2_balanced_logreg_fold1_v1.joblib
1,blur_sigma2,MLLM_STR_GPT-Image2-fake_196,1,0.9352524280548096,mllm::GPT_Image_2,,models/v2/clip_lora_fold1_best_v1.pt,models/v2/v2_10b_h2_balanced_logreg_fold1_v1.joblib
1,blur_sigma2,MLLM_STR_GPT-Image2-fake_197,1,0.8801431059837341,mllm::GPT_Image_2,,models/v2/clip_lora_fold1_best_v1.pt,models/v2/v2_10b_h2_balanced_logreg_fold1_v1.joblib
1,blur_sigma2,MLLM_STR_GPT-Image2-fake_198,1,0.9597601294517517,mllm::GPT_Image_2,,models/v2/clip_lora_fold1_best_v1.pt,models/v2/v2_10b_h2_balanced_logreg_fold1_v1.joblib
1,blur_sigma2,MLLM_STR_GPT-Image2-fake_199,1,0.9609636068344116,mllm::GPT_Image_2,,models/v2/clip_lora_fold1_best_v1.pt,models/v2/v2_10b_h2_balanced_logreg_fold1_v1.joblib
1,blur_sigma2,MLLM_STR_GPT-Image2-fake_2,1,0.9438729882240295,mllm::GPT_Image_2,,models/v2/clip_lora_fold1_best_v1.pt,models/v2/v2_10b_h2_balanced_logreg_fold1_v1.joblib
1,blur_sigma2,MLLM_STR_GPT-Image2-fake_20,1,0.9103631973266602,mllm::GPT_Image_2,,models/v2/clip_lora_fold1_best_v1.pt,models/v2/v2_10b_h2_balanced_logreg_fold1_v1.joblib
1,blur_sigma2,MLLM_STR_GPT-Image2-fake_200,1,0.9529724717140198,mllm::GPT_Image_2,,models/v2/clip_lora_fold1_best_v1.pt,models/v2/v2_10b_h2_balanced_logreg_fold1_v1.joblib
1,blur_sigma2,MLLM_STR_GPT-Image2-fake_201,1,0.9737169146537781,mllm::GPT_Image_2,,models/v2/clip_lora_fold1_best_v1.pt,models/v2/v2_10b_h2_balanced_logreg_fold1_v1.joblib
1,blur_sigma2,MLLM_STR_GPT-Image2-fake_202,1,0.9393857717514038,mllm::GPT_Image_2,,models/v2/clip_lora_fold1_best_v1.pt,models/v2/v2_10b_h2_balanced_logreg_fold1_v1.joblib
1,blur_sigma2,MLLM_STR_GPT-Image2-fake_203,1,0.9583382606506348,mllm::GPT_Image_2,,models/v2/clip_lora_fold1_best_v1.pt,models/v2/v2_10b_h2_balanced_logreg_fold1_v1.joblib
1,blur_sigma2,MLLM_STR_GPT-Image2-fake_204,1,0.9381914734840393,mllm::GPT_Image_2,,models/v2/clip_lora_fold1_best_v1.pt,models/v2/v2_10b_h2_balanced_logreg_fold1_v1.joblib
1,blur_sigma2,MLLM_STR_GPT-Image2-fake_205,1,0.9508609771728516,mllm::GPT_Image_2,,models/v2/clip_lora_fold1_best_v1.pt,models/v2/v2_10b_h2_balanced_logreg_fold1_v1.joblib
1,blur_sigma2,MLLM_STR_GPT-Image2-fake_206,1,0.9550954103469849,mllm::GPT_Image_2,,models/v2/clip_lora_fold1_best_v1.pt,models/v2/v2_10b_h2_balanced_logreg_fold1_v1.joblib
1,blur_sigma2,MLLM_STR_GPT-Image2-fake_207,1,0.8889817595481873,mllm::GPT_Image_2,,models/v2/clip_lora_fold1_best_v1.pt,models/v2/v2_10b_h2_balanced_logreg_fold1_v1.joblib
1,blur_sigma2,MLLM_STR_GPT-Image2-fake_208,1,0.9237322807312012,mllm::GPT_Image_2,,models/v2/clip_lora_fold1_best_v1.pt,models/v2/v2_10b_h2_balanced_logreg_fold1_v1.joblib
1,blur_sigma2,MLLM_STR_GPT-Image2-fake_209,1,0.8950880765914917,mllm::GPT_Image_2,,models/v2/clip_lora_fold1_best_v1.pt,models/v2/v2_10b_h2_balanced_logreg_fold1_v1.joblib
1,blur_sigma2,MLLM_STR_GPT-Image2-fake_21,1,0.9298868775367737,mllm::GPT_Image_2,,models/v2/clip_lora_fold1_best_v1.pt,models/v2/v2_10b_h2_balanced_logreg_fold1_v1.joblib
1,blur_sigma2,MLLM_STR_GPT-Image2-fake_210,1,0.9546449184417725,mllm::GPT_Image_2,,models/v2/clip_lora_fold1_best_v1.pt,models/v2/v2_10b_h2_balanced_logreg_fold1_v1.joblib
1,blur_sigma2,MLLM_STR_GPT-Image2-fake_211,1,0.9495346546173096,mllm::GPT_Image_2,,models/v2/clip_lora_fold1_best_v1.pt,models/v2/v2_10b_h2_balanced_logreg_fold1_v1.joblib
1,blur_sigma2,MLLM_STR_GPT-Image2-fake_212,1,0.9476374387741089,mllm::GPT_Image_2,,models/v2/clip_lora_fold1_best_v1.pt,models/v2/v2_10b_h2_balanced_logreg_fold1_v1.joblib
1,blur_sigma2,MLLM_STR_GPT-Image2-fake_213,1,0.9543885588645935,mllm::GPT_Image_2,,models/v2/clip_lora_fold1_best_v1.pt,models/v2/v2_10b_h2_balanced_logreg_fold1_v1.joblib
1,blur_sigma2,MLLM_STR_GPT-Image2-fake_214,1,0.9654342532157898,mllm::GPT_Image_2,,models/v2/clip_lora_fold1_best_v1.pt,models/v2/v2_10b_h2_balanced_logreg_fold1_v1.joblib
1,blur_sigma2,MLLM_STR_GPT-Image2-fake_215,1,0.9697465300559998,mllm::GPT_Image_2,,models/v2/clip_lora_fold1_best_v1.pt,models/v2/v2_10b_h2_balanced_logreg_fold1_v1.joblib
1,blur_sigma2,MLLM_STR_GPT-Image2-fake_216,1,0.941917896270752,mllm::GPT_Image_2,,models/v2/clip_lora_fold1_best_v1.pt,models/v2/v2_10b_h2_balanced_logreg_fold1_v1.joblib
1,blur_sigma2,MLLM_STR_GPT-Image2-fake_217,1,0.9523932933807373,mllm::GPT_Image_2,,models/v2/clip_lora_fold1_best_v1.pt,models/v2/v2_10b_h2_balanced_logreg_fold1_v1.joblib
1,blur_sigma2,MLLM_STR_GPT-Image2-fake_218,1,0.9501066207885742,mllm::GPT_Image_2,,models/v2/clip_lora_fold1_best_v1.pt,models/v2/v2_10b_h2_balanced_logreg_fold1_v1.joblib
1,blur_sigma2,MLLM_STR_GPT-Image2-fake_219,1,0.9402365684509277,mllm::GPT_Image_2,,models/v2/clip_lora_fold1_best_v1.pt,models/v2/v2_10b_h2_balanced_logreg_fold1_v1.joblib
1,blur_sigma2,MLLM_STR_GPT-Image2-fake_22,1,0.6405372619628906,mllm::GPT_Image_2,,models/v2/clip_lora_fold1_best_v1.pt,models/v2/v2_10b_h2_balanced_logreg_fold1_v1.joblib
1,blur_sigma2,MLLM_STR_GPT-Image2-fake_220,1,0.9231106042861938,mllm::GPT_Image_2,,models/v2/clip_lora_fold1_best_v1.pt,models/v2/v2_10b_h2_balanced_logreg_fold1_v1.joblib
1,blur_sigma2,MLLM_STR_GPT-Image2-fake_221,1,0.8634160161018372,mllm::GPT_Image_2,,models/v2/clip_lora_fold1_best_v1.pt,models/v2/v2_10b_h2_balanced_logreg_fold1_v1.joblib
1,blur_sigma2,MLLM_STR_GPT-Image2-fake_222,1,0.8827845454216003,mllm::GPT_Image_2,,models/v2/clip_lora_fold1_best_v1.pt,models/v2/v2_10b_h2_balanced_logreg_fold1_v1.joblib
1,blur_sigma2,MLLM_STR_GPT-Image2-fake_223,1,0.9344787001609802,mllm::GPT_Image_2,,models/v2/clip_lora_fold1_best_v1.pt,models/v2/v2_10b_h2_balanced_logreg_fold1_v1.joblib
1,blur_sigma2,MLLM_STR_GPT-Image2-fake_224,1,0.8973659873008728,mllm::GPT_Image_2,,models/v2/clip_lora_fold1_best_v1.pt,models/v2/v2_10b_h2_balanced_logreg_fold1_v1.joblib
1,blur_sigma2,MLLM_STR_GPT-Image2-fake_225,1,0.9221672415733337,mllm::GPT_Image_2,,models/v2/clip_lora_fold1_best_v1.pt,models/v2/v2_10b_h2_balanced_logreg_fold1_v1.joblib
1,blur_sigma2,MLLM_STR_GPT-Image2-fake_226,1,0.7471036314964294,mllm::GPT_Image_2,,models/v2/clip_lora_fold1_best_v1.pt,models/v2/v2_10b_h2_balanced_logreg_fold1_v1.joblib
1,blur_sigma2,MLLM_STR_GPT-Image2-fake_227,1,0.8486314415931702,mllm::GPT_Image_2,,models/v2/clip_lora_fold1_best_v1.pt,models/v2/v2_10b_h2_balanced_logreg_fold1_v1.joblib
1,blur_sigma2,MLLM_STR_GPT-Image2-fake_228,1,0.8258054852485657,mllm::GPT_Image_2,,models/v2/clip_lora_fold1_best_v1.pt,models/v2/v2_10b_h2_balanced_logreg_fold1_v1.joblib
1,blur_sigma2,MLLM_STR_GPT-Image2-fake_229,1,0.8118777871131897,mllm::GPT_Image_2,,models/v2/clip_lora_fold1_best_v1.pt,models/v2/v2_10b_h2_balanced_logreg_fold1_v1.joblib
1,blur_sigma2,MLLM_STR_GPT-Image2-fake_23,1,0.6406723856925964,mllm::GPT_Image_2,,models/v2/clip_lora_fold1_best_v1.pt,models/v2/v2_10b_h2_balanced_logreg_fold1_v1.joblib
1,blur_sigma2,MLLM_STR_GPT-Image2-fake_230,1,0.8076361417770386,mllm::GPT_Image_2,,models/v2/clip_lora_fold1_best_v1.pt,models/v2/v2_10b_h2_balanced_logreg_fold1_v1.joblib
1,blur_sigma2,MLLM_STR_GPT-Image2-fake_231,1,0.9183475375175476,mllm::GPT_Image_2,,models/v2/clip_lora_fold1_best_v1.pt,models/v2/v2_10b_h2_balanced_logreg_fold1_v1.joblib
1,blur_sigma2,MLLM_STR_GPT-Image2-fake_232,1,0.9352364540100098,mllm::GPT_Image_2,,models/v2/clip_lora_fold1_best_v1.pt,models/v2/v2_10b_h2_balanced_logreg_fold1_v1.joblib
1,blur_sigma2,MLLM_STR_GPT-Image2-fake_233,1,0.8755855560302734,mllm::GPT_Image_2,,models/v2/clip_lora_fold1_best_v1.pt,models/v2/v2_10b_h2_balanced_logreg_fold1_v1.joblib
1,blur_sigma2,MLLM_STR_GPT-Image2-fake_234,1,0.9213762879371643,mllm::GPT_Image_2,,models/v2/clip_lora_fold1_best_v1.pt,models/v2/v2_10b_h2_balanced_logreg_fold1_v1.joblib
1,blur_sigma2,MLLM_STR_GPT-Image2-fake_235,1,0.8919151425361633,mllm::GPT_Image_2,,models/v2/clip_lora_fold1_best_v1.pt,models/v2/v2_10b_h2_balanced_logreg_fold1_v1.joblib
1,blur_sigma2,MLLM_STR_GPT-Image2-fake_236,1,0.914735734462738,mllm::GPT_Image_2,,models/v2/clip_lora_fold1_best_v1.pt,models/v2/v2_10b_h2_balanced_logreg_fold1_v1.joblib
1,blur_sigma2,MLLM_STR_GPT-Image2-fake_237,1,0.9418827891349792,mllm::GPT_Image_2,,models/v2/clip_lora_fold1_best_v1.pt,models/v2/v2_10b_h2_balanced_logreg_fold1_v1.joblib
1,blur_sigma2,MLLM_STR_GPT-Image2-fake_238,1,0.9190690517425537,mllm::GPT_Image_2,,models/v2/clip_lora_fold1_best_v1.pt,models/v2/v2_10b_h2_balanced_logreg_fold1_v1.joblib
1,blur_sigma2,MLLM_STR_GPT-Image2-fake_239,1,0.9398109912872314,mllm::GPT_Image_2,,models/v2/clip_lora_fold1_best_v1.pt,models/v2/v2_10b_h2_balanced_logreg_fold1_v1.joblib
1,blur_sigma2,MLLM_STR_GPT-Image2-fake_24,1,0.6624873876571655,mllm::GPT_Image_2,,models/v2/clip_lora_fold1_best_v1.pt,models/v2/v2_10b_h2_balanced_logreg_fold1_v1.joblib
1,blur_sigma2,MLLM_STR_GPT-Image2-fake_240,1,0.9131144285202026,mllm::GPT_Image_2,,models/v2/clip_lora_fold1_best_v1.pt,models/v2/v2_10b_h2_balanced_logreg_fold1_v1.joblib
1,blur_sigma2,MLLM_STR_GPT-Image2-fake_241,1,0.9195247292518616,mllm::GPT_Image_2,,models/v2/clip_lora_fold1_best_v1.pt,models/v2/v2_10b_h2_balanced_logreg_fold1_v1.joblib
1,blur_sigma2,MLLM_STR_GPT-Image2-fake_242,1,0.9418869614601135,mllm::GPT_Image_2,,models/v2/clip_lora_fold1_best_v1.pt,models/v2/v2_10b_h2_balanced_logreg_fold1_v1.joblib
1,blur_sigma2,MLLM_STR_GPT-Image2-fake_243,1,0.8500338792800903,mllm::GPT_Image_2,,models/v2/clip_lora_fold1_best_v1.pt,models/v2/v2_10b_h2_balanced_logreg_fold1_v1.joblib
1,blur_sigma2,MLLM_STR_GPT-Image2-fake_244,1,0.875922679901123,mllm::GPT_Image_2,,models/v2/clip_lora_fold1_best_v1.pt,models/v2/v2_10b_h2_balanced_logreg_fold1_v1.joblib
1,blur_sigma2,MLLM_STR_GPT-Image2-fake_245,1,0.7791001796722412,mllm::GPT_Image_2,,models/v2/clip_lora_fold1_best_v1.pt,models/v2/v2_10b_h2_balanced_logreg_fold1_v1.joblib
1,blur_sigma2,MLLM_STR_GPT-Image2-fake_246,1,0.8895505666732788,mllm::GPT_Image_2,,models/v2/clip_lora_fold1_best_v1.pt,models/v2/v2_10b_h2_balanced_logreg_fold1_v1.joblib
1,blur_sigma2,MLLM_STR_GPT-Image2-fake_247,1,0.7831191420555115,mllm::GPT_Image_2,,models/v2/clip_lora_fold1_best_v1.pt,models/v2/v2_10b_h2_balanced_logreg_fold1_v1.joblib
1,blur_sigma2,MLLM_STR_GPT-Image2-fake_248,1,0.7464349269866943,mllm::GPT_Image_2,,models/v2/clip_lora_fold1_best_v1.pt,models/v2/v2_10b_h2_balanced_logreg_fold1_v1.joblib
1,blur_sigma2,MLLM_STR_GPT-Image2-fake_249,1,0.8577814102172852,mllm::GPT_Image_2,,models/v2/clip_lora_fold1_best_v1.pt,models/v2/v2_10b_h2_balanced_logreg_fold1_v1.joblib
1,blur_sigma2,MLLM_STR_GPT-Image2-fake_25,1,0.8151376247406006,mllm::GPT_Image_2,,models/v2/clip_lora_fold1_best_v1.pt,models/v2/v2_10b_h2_balanced_logreg_fold1_v1.joblib
1,blur_sigma2,MLLM_STR_GPT-Image2-fake_250,1,0.8167285919189453,mllm::GPT_Image_2,,models/v2/clip_lora_fold1_best_v1.pt,models/v2/v2_10b_h2_balanced_logreg_fold1_v1.joblib
1,blur_sigma2,MLLM_STR_GPT-Image2-fake_251,1,0.9121695756912231,mllm::GPT_Image_2,,models/v2/clip_lora_fold1_best_v1.pt,models/v2/v2_10b_h2_balanced_logreg_fold1_v1.joblib
1,blur_sigma2,MLLM_STR_GPT-Image2-fake_252,1,0.8322137594223022,mllm::GPT_Image_2,,models/v2/clip_lora_fold1_best_v1.pt,models/v2/v2_10b_h2_balanced_logreg_fold1_v1.joblib
1,blur_sigma2,MLLM_STR_GPT-Image2-fake_253,1,0.8420594334602356,mllm::GPT_Image_2,,models/v2/clip_lora_fold1_best_v1.pt,models/v2/v2_10b_h2_balanced_logreg_fold1_v1.joblib
1,blur_sigma2,MLLM_STR_GPT-Image2-fake_254,1,0.8181318640708923,mllm::GPT_Image_2,,models/v2/clip_lora_fold1_best_v1.pt,models/v2/v2_10b_h2_balanced_logreg_fold1_v1.joblib
1,blur_sigma2,MLLM_STR_GPT-Image2-fake_255,1,0.8170053958892822,mllm::GPT_Image_2,,models/v2/clip_lora_fold1_best_v1.pt,models/v2/v2_10b_h2_balanced_logreg_fold1_v1.joblib
1,blur_sigma2,MLLM_STR_GPT-Image2-fake_256,1,0.8928982019424438,mllm::GPT_Image_2,,models/v2/clip_lora_fold1_best_v1.pt,models/v2/v2_10b_h2_balanced_logreg_fold1_v1.joblib
1,blur_sigma2,MLLM_STR_GPT-Image2-fake_257,1,0.8234642148017883,mllm::GPT_Image_2,,models/v2/clip_lora_fold1_best_v1.pt,models/v2/v2_10b_h2_balanced_logreg_fold1_v1.joblib
1,blur_sigma2,MLLM_STR_GPT-Image2-fake_258,1,0.9146629571914673,mllm::GPT_Image_2,,models/v2/clip_lora_fold1_best_v1.pt,models/v2/v2_10b_h2_balanced_logreg_fold1_v1.joblib
1,blur_sigma2,MLLM_STR_GPT-Image2-fake_259,1,0.8488690257072449,mllm::GPT_Image_2,,models/v2/clip_lora_fold1_best_v1.pt,models/v2/v2_10b_h2_balanced_logreg_fold1_v1.joblib
1,blur_sigma2,MLLM_STR_GPT-Image2-fake_26,1,0.9006221294403076,mllm::GPT_Image_2,,models/v2/clip_lora_fold1_best_v1.pt,models/v2/v2_10b_h2_balanced_logreg_fold1_v1.joblib
1,blur_sigma2,MLLM_STR_GPT-Image2-fake_260,1,0.8898813724517822,mllm::GPT_Image_2,,models/v2/clip_lora_fold1_best_v1.pt,models/v2/v2_10b_h2_balanced_logreg_fold1_v1.joblib
1,blur_sigma2,MLLM_STR_GPT-Image2-fake_261,1,0.9395076036453247,mllm::GPT_Image_2,,models/v2/clip_lora_fold1_best_v1.pt,models/v2/v2_10b_h2_balanced_logreg_fold1_v1.joblib
1,blur_sigma2,MLLM_STR_GPT-Image2-fake_262,1,0.8869675397872925,mllm::GPT_Image_2,,models/v2/clip_lora_fold1_best_v1.pt,models/v2/v2_10b_h2_balanced_logreg_fold1_v1.joblib
1,blur_sigma2,MLLM_STR_GPT-Image2-fake_263,1,0.8993830680847168,mllm::GPT_Image_2,,models/v2/clip_lora_fold1_best_v1.pt,models/v2/v2_10b_h2_balanced_logreg_fold1_v1.joblib
1,blur_sigma2,MLLM_STR_GPT-Image2-fake_264,1,0.8628679513931274,mllm::GPT_Image_2,,models/v2/clip_lora_fold1_best_v1.pt,models/v2/v2_10b_h2_balanced_logreg_fold1_v1.joblib
1,blur_sigma2,MLLM_STR_GPT-Image2-fake_265,1,0.860825777053833,mllm::GPT_Image_2,,models/v2/clip_lora_fold1_best_v1.pt,models/v2/v2_10b_h2_balanced_logreg_fold1_v1.joblib
1,blur_sigma2,MLLM_STR_GPT-Image2-fake_266,1,0.8939610719680786,mllm::GPT_Image_2,,models/v2/clip_lora_fold1_best_v1.pt,models/v2/v2_10b_h2_balanced_logreg_fold1_v1.joblib
1,blur_sigma2,MLLM_STR_GPT-Image2-fake_267,1,0.8247746229171753,mllm::GPT_Image_2,,models/v2/clip_lora_fold1_best_v1.pt,models/v2/v2_10b_h2_balanced_logreg_fold1_v1.joblib
1,blur_sigma2,MLLM_STR_GPT-Image2-fake_268,1,0.8776792287826538,mllm::GPT_Image_2,,models/v2/clip_lora_fold1_best_v1.pt,models/v2/v2_10b_h2_balanced_logreg_fold1_v1.joblib
1,blur_sigma2,MLLM_STR_GPT-Image2-fake_269,1,0.772284746170044,mllm::GPT_Image_2,,models/v2/clip_lora_fold1_best_v1.pt,models/v2/v2_10b_h2_balanced_logreg_fold1_v1.joblib
1,blur_sigma2,MLLM_STR_GPT-Image2-fake_27,1,0.8513033390045166,mllm::GPT_Image_2,,models/v2/clip_lora_fold1_best_v1.pt,models/v2/v2_10b_h2_balanced_logreg_fold1_v1.joblib
1,blur_sigma2,MLLM_STR_GPT-Image2-fake_270,1,0.8035363554954529,mllm::GPT_Image_2,,models/v2/clip_lora_fold1_best_v1.pt,models/v2/v2_10b_h2_balanced_logreg_fold1_v1.joblib
1,blur_sigma2,MLLM_STR_GPT-Image2-fake_271,1,0.7309716939926147,mllm::GPT_Image_2,,models/v2/clip_lora_fold1_best_v1.pt,models/v2/v2_10b_h2_balanced_logreg_fold1_v1.joblib
1,blur_sigma2,MLLM_STR_GPT-Image2-fake_272,1,0.7964363098144531,mllm::GPT_Image_2,,models/v2/clip_lora_fold1_best_v1.pt,models/v2/v2_10b_h2_balanced_logreg_fold1_v1.joblib
1,blur_sigma2,MLLM_STR_GPT-Image2-fake_273,1,0.7829645872116089,mllm::GPT_Image_2,,models/v2/clip_lora_fold1_best_v1.pt,models/v2/v2_10b_h2_balanced_logreg_fold1_v1.joblib
1,blur_sigma2,MLLM_STR_GPT-Image2-fake_274,1,0.832875669002533,mllm::GPT_Image_2,,models/v2/clip_lora_fold1_best_v1.pt,models/v2/v2_10b_h2_balanced_logreg_fold1_v1.joblib
1,blur_sigma2,MLLM_STR_GPT-Image2-fake_275,1,0.7358262538909912,mllm::GPT_Image_2,,models/v2/clip_lora_fold1_best_v1.pt,models/v2/v2_10b_h2_balanced_logreg_fold1_v1.joblib
1,blur_sigma2,MLLM_STR_GPT-Image2-fake_276,1,0.8699988126754761,mllm::GPT_Image_2,,models/v2/clip_lora_fold1_best_v1.pt,models/v2/v2_10b_h2_balanced_logreg_fold1_v1.joblib
1,blur_sigma2,MLLM_STR_GPT-Image2-fake_277,1,0.7847236394882202,mllm::GPT_Image_2,,models/v2/clip_lora_fold1_best_v1.pt,models/v2/v2_10b_h2_balanced_logreg_fold1_v1.joblib
1,blur_sigma2,MLLM_STR_GPT-Image2-fake_278,1,0.806007444858551,mllm::GPT_Image_2,,models/v2/clip_lora_fold1_best_v1.pt,models/v2/v2_10b_h2_balanced_logreg_fold1_v1.joblib
1,blur_sigma2,MLLM_STR_GPT-Image2-fake_279,1,0.8326607942581177,mllm::GPT_Image_2,,models/v2/clip_lora_fold1_best_v1.pt,models/v2/v2_10b_h2_balanced_logreg_fold1_v1.joblib
1,blur_sigma2,MLLM_STR_GPT-Image2-fake_28,1,0.8198052644729614,mllm::GPT_Image_2,,models/v2/clip_lora_fold1_best_v1.pt,models/v2/v2_10b_h2_balanced_logreg_fold1_v1.joblib
1,blur_sigma2,MLLM_STR_GPT-Image2-fake_280,1,0.62563157081604,mllm::GPT_Image_2,,models/v2/clip_lora_fold1_best_v1.pt,models/v2/v2_10b_h2_balanced_logreg_fold1_v1.joblib
1,blur_sigma2,MLLM_STR_GPT-Image2-fake_281,1,0.913673460483551,mllm::GPT_Image_2,,models/v2/clip_lora_fold1_best_v1.pt,models/v2/v2_10b_h2_balanced_logreg_fold1_v1.joblib
1,blur_sigma2,MLLM_STR_GPT-Image2-fake_282,1,0.8371825814247131,mllm::GPT_Image_2,,models/v2/clip_lora_fold1_best_v1.pt,models/v2/v2_10b_h2_balanced_logreg_fold1_v1.joblib
1,blur_sigma2,MLLM_STR_GPT-Image2-fake_283,1,0.911967396736145,mllm::GPT_Image_2,,models/v2/clip_lora_fold1_best_v1.pt,models/v2/v2_10b_h2_balanced_logreg_fold1_v1.joblib
1,blur_sigma2,MLLM_STR_GPT-Image2-fake_284,1,0.8973984718322754,mllm::GPT_Image_2,,models/v2/clip_lora_fold1_best_v1.pt,models/v2/v2_10b_h2_balanced_logreg_fold1_v1.joblib
1,blur_sigma2,MLLM_STR_GPT-Image2-fake_285,1,0.8785185217857361,mllm::GPT_Image_2,,models/v2/clip_lora_fold1_best_v1.pt,models/v2/v2_10b_h2_balanced_logreg_fold1_v1.joblib
1,blur_sigma2,MLLM_STR_GPT-Image2-fake_286,1,0.7343887686729431,mllm::GPT_Image_2,,models/v2/clip_lora_fold1_best_v1.pt,models/v2/v2_10b_h2_balanced_logreg_fold1_v1.joblib
1,blur_sigma2,MLLM_STR_GPT-Image2-fake_287,1,0.7274617552757263,mllm::GPT_Image_2,,models/v2/clip_lora_fold1_best_v1.pt,models/v2/v2_10b_h2_balanced_logreg_fold1_v1.joblib
1,blur_sigma2,MLLM_STR_GPT-Image2-fake_288,1,0.7995717525482178,mllm::GPT_Image_2,,models/v2/clip_lora_fold1_best_v1.pt,models/v2/v2_10b_h2_balanced_logreg_fold1_v1.joblib
1,blur_sigma2,MLLM_STR_GPT-Image2-fake_289,1,0.8933925628662109,mllm::GPT_Image_2,,models/v2/clip_lora_fold1_best_v1.pt,models/v2/v2_10b_h2_balanced_logreg_fold1_v1.joblib
1,blur_sigma2,MLLM_STR_GPT-Image2-fake_29,1,0.7926787734031677,mllm::GPT_Image_2,,models/v2/clip_lora_fold1_best_v1.pt,models/v2/v2_10b_h2_balanced_logreg_fold1_v1.joblib
1,blur_sigma2,MLLM_STR_GPT-Image2-fake_290,1,0.8328735828399658,mllm::GPT_Image_2,,models/v2/clip_lora_fold1_best_v1.pt,models/v2/v2_10b_h2_balanced_logreg_fold1_v1.joblib
1,blur_sigma2,MLLM_STR_GPT-Image2-fake_291,1,0.8420816659927368,mllm::GPT_Image_2,,models/v2/clip_lora_fold1_best_v1.pt,models/v2/v2_10b_h2_balanced_logreg_fold1_v1.joblib
1,blur_sigma2,MLLM_STR_GPT-Image2-fake_292,1,0.8484878540039062,mllm::GPT_Image_2,,models/v2/clip_lora_fold1_best_v1.pt,models/v2/v2_10b_h2_balanced_logreg_fold1_v1.joblib
1,blur_sigma2,MLLM_STR_GPT-Image2-fake_293,1,0.8394424319267273,mllm::GPT_Image_2,,models/v2/clip_lora_fold1_best_v1.pt,models/v2/v2_10b_h2_balanced_logreg_fold1_v1.joblib
1,blur_sigma2,MLLM_STR_GPT-Image2-fake_294,1,0.8065832853317261,mllm::GPT_Image_2,,models/v2/clip_lora_fold1_best_v1.pt,models/v2/v2_10b_h2_balanced_logreg_fold1_v1.joblib
1,blur_sigma2,MLLM_STR_GPT-Image2-fake_295,1,0.7341508865356445,mllm::GPT_Image_2,,models/v2/clip_lora_fold1_best_v1.pt,models/v2/v2_10b_h2_balanced_logreg_fold1_v1.joblib
1,blur_sigma2,MLLM_STR_GPT-Image2-fake_296,1,0.8450208306312561,mllm::GPT_Image_2,,models/v2/clip_lora_fold1_best_v1.pt,models/v2/v2_10b_h2_balanced_logreg_fold1_v1.joblib
1,blur_sigma2,MLLM_STR_GPT-Image2-fake_297,1,0.706131637096405,mllm::GPT_Image_2,,models/v2/clip_lora_fold1_best_v1.pt,models/v2/v2_10b_h2_balanced_logreg_fold1_v1.joblib
1,blur_sigma2,MLLM_STR_GPT-Image2-fake_298,1,0.87074875831604,mllm::GPT_Image_2,,models/v2/clip_lora_fold1_best_v1.pt,models/v2/v2_10b_h2_balanced_logreg_fold1_v1.joblib
1,blur_sigma2,MLLM_STR_GPT-Image2-fake_299,1,0.8544895052909851,mllm::GPT_Image_2,,models/v2/clip_lora_fold1_best_v1.pt,models/v2/v2_10b_h2_balanced_logreg_fold1_v1.joblib
1,blur_sigma2,MLLM_STR_GPT-Image2-fake_3,1,0.9249801635742188,mllm::GPT_Image_2,,models/v2/clip_lora_fold1_best_v1.pt,models/v2/v2_10b_h2_balanced_logreg_fold1_v1.joblib
1,blur_sigma2,MLLM_STR_GPT-Image2-fake_30,1,0.8096246719360352,mllm::GPT_Image_2,,models/v2/clip_lora_fold1_best_v1.pt,models/v2/v2_10b_h2_balanced_logreg_fold1_v1.joblib
1,blur_sigma2,MLLM_STR_GPT-Image2-fake_300,1,0.9282152652740479,mllm::GPT_Image_2,,models/v2/clip_lora_fold1_best_v1.pt,models/v2/v2_10b_h2_balanced_logreg_fold1_v1.joblib
1,blur_sigma2,MLLM_STR_GPT-Image2-fake_301,1,0.940835177898407,mllm::GPT_Image_2,,models/v2/clip_lora_fold1_best_v1.pt,models/v2/v2_10b_h2_balanced_logreg_fold1_v1.joblib
1,blur_sigma2,MLLM_STR_GPT-Image2-fake_302,1,0.8745311498641968,mllm::GPT_Image_2,,models/v2/clip_lora_fold1_best_v1.pt,models/v2/v2_10b_h2_balanced_logreg_fold1_v1.joblib
1,blur_sigma2,MLLM_STR_GPT-Image2-fake_303,1,0.8393194079399109,mllm::GPT_Image_2,,models/v2/clip_lora_fold1_best_v1.pt,models/v2/v2_10b_h2_balanced_logreg_fold1_v1.joblib
1,blur_sigma2,MLLM_STR_GPT-Image2-fake_304,1,0.816974937915802,mllm::GPT_Image_2,,models/v2/clip_lora_fold1_best_v1.pt,models/v2/v2_10b_h2_balanced_logreg_fold1_v1.joblib
1,blur_sigma2,MLLM_STR_GPT-Image2-fake_305,1,0.8931580185890198,mllm::GPT_Image_2,,models/v2/clip_lora_fold1_best_v1.pt,models/v2/v2_10b_h2_balanced_logreg_fold1_v1.joblib
1,blur_sigma2,MLLM_STR_GPT-Image2-fake_306,1,0.9228265881538391,mllm::GPT_Image_2,,models/v2/clip_lora_fold1_best_v1.pt,models/v2/v2_10b_h2_balanced_logreg_fold1_v1.joblib
1,blur_sigma2,MLLM_STR_GPT-Image2-fake_307,1,0.9122372269630432,mllm::GPT_Image_2,,models/v2/clip_lora_fold1_best_v1.pt,models/v2/v2_10b_h2_balanced_logreg_fold1_v1.joblib
1,blur_sigma2,MLLM_STR_GPT-Image2-fake_308,1,0.9375721216201782,mllm::GPT_Image_2,,models/v2/clip_lora_fold1_best_v1.pt,models/v2/v2_10b_h2_balanced_logreg_fold1_v1.joblib
1,blur_sigma2,MLLM_STR_GPT-Image2-fake_309,1,0.8600366115570068,mllm::GPT_Image_2,,models/v2/clip_lora_fold1_best_v1.pt,models/v2/v2_10b_h2_balanced_logreg_fold1_v1.joblib
1,blur_sigma2,MLLM_STR_GPT-Image2-fake_31,1,0.8746485114097595,mllm::GPT_Image_2,,models/v2/clip_lora_fold1_best_v1.pt,models/v2/v2_10b_h2_balanced_logreg_fold1_v1.joblib
1,blur_sigma2,MLLM_STR_GPT-Image2-fake_310,1,0.8774529099464417,mllm::GPT_Image_2,,models/v2/clip_lora_fold1_best_v1.pt,models/v2/v2_10b_h2_balanced_logreg_fold1_v1.joblib
1,blur_sigma2,MLLM_STR_GPT-Image2-fake_311,1,0.8966825604438782,mllm::GPT_Image_2,,models/v2/clip_lora_fold1_best_v1.pt,models/v2/v2_10b_h2_balanced_logreg_fold1_v1.joblib
1,blur_sigma2,MLLM_STR_GPT-Image2-fake_312,1,0.833422064781189,mllm::GPT_Image_2,,models/v2/clip_lora_fold1_best_v1.pt,models/v2/v2_10b_h2_balanced_logreg_fold1_v1.joblib
1,blur_sigma2,MLLM_STR_GPT-Image2-fake_313,1,0.9145393967628479,mllm::GPT_Image_2,,models/v2/clip_lora_fold1_best_v1.pt,models/v2/v2_10b_h2_balanced_logreg_fold1_v1.joblib
1,blur_sigma2,MLLM_STR_GPT-Image2-fake_32,1,0.9236641526222229,mllm::GPT_Image_2,,models/v2/clip_lora_fold1_best_v1.pt,models/v2/v2_10b_h2_balanced_logreg_fold1_v1.joblib
1,blur_sigma2,MLLM_STR_GPT-Image2-fake_33,1,0.8210877776145935,mllm::GPT_Image_2,,models/v2/clip_lora_fold1_best_v1.pt,models/v2/v2_10b_h2_balanced_logreg_fold1_v1.joblib
1,blur_sigma2,MLLM_STR_GPT-Image2-fake_34,1,0.8353001475334167,mllm::GPT_Image_2,,models/v2/clip_lora_fold1_best_v1.pt,models/v2/v2_10b_h2_balanced_logreg_fold1_v1.joblib
1,blur_sigma2,MLLM_STR_GPT-Image2-fake_35,1,0.8482253551483154,mllm::GPT_Image_2,,models/v2/clip_lora_fold1_best_v1.pt,models/v2/v2_10b_h2_balanced_logreg_fold1_v1.joblib
1,blur_sigma2,MLLM_STR_GPT-Image2-fake_36,1,0.8470515608787537,mllm::GPT_Image_2,,models/v2/clip_lora_fold1_best_v1.pt,models/v2/v2_10b_h2_balanced_logreg_fold1_v1.joblib
1,blur_sigma2,MLLM_STR_GPT-Image2-fake_37,1,0.9481889605522156,mllm::GPT_Image_2,,models/v2/clip_lora_fold1_best_v1.pt,models/v2/v2_10b_h2_balanced_logreg_fold1_v1.joblib
1,blur_sigma2,MLLM_STR_GPT-Image2-fake_38,1,0.9500812888145447,mllm::GPT_Image_2,,models/v2/clip_lora_fold1_best_v1.pt,models/v2/v2_10b_h2_balanced_logreg_fold1_v1.joblib
1,blur_sigma2,MLLM_STR_GPT-Image2-fake_39,1,0.9219869375228882,mllm::GPT_Image_2,,models/v2/clip_lora_fold1_best_v1.pt,models/v2/v2_10b_h2_balanced_logreg_fold1_v1.joblib
1,blur_sigma2,MLLM_STR_GPT-Image2-fake_4,1,0.8744694590568542,mllm::GPT_Image_2,,models/v2/clip_lora_fold1_best_v1.pt,models/v2/v2_10b_h2_balanced_logreg_fold1_v1.joblib
1,blur_sigma2,MLLM_STR_GPT-Image2-fake_40,1,0.8546152710914612,mllm::GPT_Image_2,,models/v2/clip_lora_fold1_best_v1.pt,models/v2/v2_10b_h2_balanced_logreg_fold1_v1.joblib
1,blur_sigma2,MLLM_STR_GPT-Image2-fake_41,1,0.9191675782203674,mllm::GPT_Image_2,,models/v2/clip_lora_fold1_best_v1.pt,models/v2/v2_10b_h2_balanced_logreg_fold1_v1.joblib
1,blur_sigma2,MLLM_STR_GPT-Image2-fake_42,1,0.9183046221733093,mllm::GPT_Image_2,,models/v2/clip_lora_fold1_best_v1.pt,models/v2/v2_10b_h2_balanced_logreg_fold1_v1.joblib
1,blur_sigma2,MLLM_STR_GPT-Image2-fake_43,1,0.8734050989151001,mllm::GPT_Image_2,,models/v2/clip_lora_fold1_best_v1.pt,models/v2/v2_10b_h2_balanced_logreg_fold1_v1.joblib
1,blur_sigma2,MLLM_STR_GPT-Image2-fake_44,1,0.9070706963539124,mllm::GPT_Image_2,,models/v2/clip_lora_fold1_best_v1.pt,models/v2/v2_10b_h2_balanced_logreg_fold1_v1.joblib
1,blur_sigma2,MLLM_STR_GPT-Image2-fake_45,1,0.9314435720443726,mllm::GPT_Image_2,,models/v2/clip_lora_fold1_best_v1.pt,models/v2/v2_10b_h2_balanced_logreg_fold1_v1.joblib
1,blur_sigma2,MLLM_STR_GPT-Image2-fake_46,1,0.9101865887641907,mllm::GPT_Image_2,,models/v2/clip_lora_fold1_best_v1.pt,models/v2/v2_10b_h2_balanced_logreg_fold1_v1.joblib
1,blur_sigma2,MLLM_STR_GPT-Image2-fake_47,1,0.8791581392288208,mllm::GPT_Image_2,,models/v2/clip_lora_fold1_best_v1.pt,models/v2/v2_10b_h2_balanced_logreg_fold1_v1.joblib
1,blur_sigma2,MLLM_STR_GPT-Image2-fake_48,1,0.9564628601074219,mllm::GPT_Image_2,,models/v2/clip_lora_fold1_best_v1.pt,models/v2/v2_10b_h2_balanced_logreg_fold1_v1.joblib
1,blur_sigma2,MLLM_STR_GPT-Image2-fake_49,1,0.9336189031600952,mllm::GPT_Image_2,,models/v2/clip_lora_fold1_best_v1.pt,models/v2/v2_10b_h2_balanced_logreg_fold1_v1.joblib
1,blur_sigma2,MLLM_STR_GPT-Image2-fake_5,1,0.8456916213035583,mllm::GPT_Image_2,,models/v2/clip_lora_fold1_best_v1.pt,models/v2/v2_10b_h2_balanced_logreg_fold1_v1.joblib
1,blur_sigma2,MLLM_STR_GPT-Image2-fake_50,1,0.9200106263160706,mllm::GPT_Image_2,,models/v2/clip_lora_fold1_best_v1.pt,models/v2/v2_10b_h2_balanced_logreg_fold1_v1.joblib
1,blur_sigma2,MLLM_STR_GPT-Image2-fake_51,1,0.9246247410774231,mllm::GPT_Image_2,,models/v2/clip_lora_fold1_best_v1.pt,models/v2/v2_10b_h2_balanced_logreg_fold1_v1.joblib
1,blur_sigma2,MLLM_STR_GPT-Image2-fake_52,1,0.9590539336204529,mllm::GPT_Image_2,,models/v2/clip_lora_fold1_best_v1.pt,models/v2/v2_10b_h2_balanced_logreg_fold1_v1.joblib
1,blur_sigma2,MLLM_STR_GPT-Image2-fake_53,1,0.9615207314491272,mllm::GPT_Image_2,,models/v2/clip_lora_fold1_best_v1.pt,models/v2/v2_10b_h2_balanced_logreg_fold1_v1.joblib
1,blur_sigma2,MLLM_STR_GPT-Image2-fake_54,1,0.9590983390808105,mllm::GPT_Image_2,,models/v2/clip_lora_fold1_best_v1.pt,models/v2/v2_10b_h2_balanced_logreg_fold1_v1.joblib
1,blur_sigma2,MLLM_STR_GPT-Image2-fake_55,1,0.9563321471214294,mllm::GPT_Image_2,,models/v2/clip_lora_fold1_best_v1.pt,models/v2/v2_10b_h2_balanced_logreg_fold1_v1.joblib
1,blur_sigma2,MLLM_STR_GPT-Image2-fake_56,1,0.9631518721580505,mllm::GPT_Image_2,,models/v2/clip_lora_fold1_best_v1.pt,models/v2/v2_10b_h2_balanced_logreg_fold1_v1.joblib
1,blur_sigma2,MLLM_STR_GPT-Image2-fake_57,1,0.9672583341598511,mllm::GPT_Image_2,,models/v2/clip_lora_fold1_best_v1.pt,models/v2/v2_10b_h2_balanced_logreg_fold1_v1.joblib
1,blur_sigma2,MLLM_STR_GPT-Image2-fake_58,1,0.9090986847877502,mllm::GPT_Image_2,,models/v2/clip_lora_fold1_best_v1.pt,models/v2/v2_10b_h2_balanced_logreg_fold1_v1.joblib
1,blur_sigma2,MLLM_STR_GPT-Image2-fake_59,1,0.9418501257896423,mllm::GPT_Image_2,,models/v2/clip_lora_fold1_best_v1.pt,models/v2/v2_10b_h2_balanced_logreg_fold1_v1.joblib
1,blur_sigma2,MLLM_STR_GPT-Image2-fake_6,1,0.8623127937316895,mllm::GPT_Image_2,,models/v2/clip_lora_fold1_best_v1.pt,models/v2/v2_10b_h2_balanced_logreg_fold1_v1.joblib
1,blur_sigma2,MLLM_STR_GPT-Image2-fake_60,1,0.9340367913246155,mllm::GPT_Image_2,,models/v2/clip_lora_fold1_best_v1.pt,models/v2/v2_10b_h2_balanced_logreg_fold1_v1.joblib
1,blur_sigma2,MLLM_STR_GPT-Image2-fake_61,1,0.9251405000686646,mllm::GPT_Image_2,,models/v2/clip_lora_fold1_best_v1.pt,models/v2/v2_10b_h2_balanced_logreg_fold1_v1.joblib
1,blur_sigma2,MLLM_STR_GPT-Image2-fake_62,1,0.9040087461471558,mllm::GPT_Image_2,,models/v2/clip_lora_fold1_best_v1.pt,models/v2/v2_10b_h2_balanced_logreg_fold1_v1.joblib
1,blur_sigma2,MLLM_STR_GPT-Image2-fake_63,1,0.8705466985702515,mllm::GPT_Image_2,,models/v2/clip_lora_fold1_best_v1.pt,models/v2/v2_10b_h2_balanced_logreg_fold1_v1.joblib
1,blur_sigma2,MLLM_STR_GPT-Image2-fake_64,1,0.9407656788825989,mllm::GPT_Image_2,,models/v2/clip_lora_fold1_best_v1.pt,models/v2/v2_10b_h2_balanced_logreg_fold1_v1.joblib
1,blur_sigma2,MLLM_STR_GPT-Image2-fake_65,1,0.9244232177734375,mllm::GPT_Image_2,,models/v2/clip_lora_fold1_best_v1.pt,models/v2/v2_10b_h2_balanced_logreg_fold1_v1.joblib
1,blur_sigma2,MLLM_STR_GPT-Image2-fake_66,1,0.940232515335083,mllm::GPT_Image_2,,models/v2/clip_lora_fold1_best_v1.pt,models/v2/v2_10b_h2_balanced_logreg_fold1_v1.joblib
1,blur_sigma2,MLLM_STR_GPT-Image2-fake_67,1,0.9216642379760742,mllm::GPT_Image_2,,models/v2/clip_lora_fold1_best_v1.pt,models/v2/v2_10b_h2_balanced_logreg_fold1_v1.joblib
1,blur_sigma2,MLLM_STR_GPT-Image2-fake_68,1,0.9004125595092773,mllm::GPT_Image_2,,models/v2/clip_lora_fold1_best_v1.pt,models/v2/v2_10b_h2_balanced_logreg_fold1_v1.joblib
1,blur_sigma2,MLLM_STR_GPT-Image2-fake_69,1,0.9212461113929749,mllm::GPT_Image_2,,models/v2/clip_lora_fold1_best_v1.pt,models/v2/v2_10b_h2_balanced_logreg_fold1_v1.joblib
1,blur_sigma2,MLLM_STR_GPT-Image2-fake_7,1,0.8951675295829773,mllm::GPT_Image_2,,models/v2/clip_lora_fold1_best_v1.pt,models/v2/v2_10b_h2_balanced_logreg_fold1_v1.joblib
1,blur_sigma2,MLLM_STR_GPT-Image2-fake_70,1,0.933497965335846,mllm::GPT_Image_2,,models/v2/clip_lora_fold1_best_v1.pt,models/v2/v2_10b_h2_balanced_logreg_fold1_v1.joblib
1,blur_sigma2,MLLM_STR_GPT-Image2-fake_71,1,0.9542326927185059,mllm::GPT_Image_2,,models/v2/clip_lora_fold1_best_v1.pt,models/v2/v2_10b_h2_balanced_logreg_fold1_v1.joblib
1,blur_sigma2,MLLM_STR_GPT-Image2-fake_72,1,0.9536709785461426,mllm::GPT_Image_2,,models/v2/clip_lora_fold1_best_v1.pt,models/v2/v2_10b_h2_balanced_logreg_fold1_v1.joblib
1,blur_sigma2,MLLM_STR_GPT-Image2-fake_73,1,0.9286705851554871,mllm::GPT_Image_2,,models/v2/clip_lora_fold1_best_v1.pt,models/v2/v2_10b_h2_balanced_logreg_fold1_v1.joblib
1,blur_sigma2,MLLM_STR_GPT-Image2-fake_74,1,0.9343629479408264,mllm::GPT_Image_2,,models/v2/clip_lora_fold1_best_v1.pt,models/v2/v2_10b_h2_balanced_logreg_fold1_v1.joblib
1,blur_sigma2,MLLM_STR_GPT-Image2-fake_75,1,0.9495865702629089,mllm::GPT_Image_2,,models/v2/clip_lora_fold1_best_v1.pt,models/v2/v2_10b_h2_balanced_logreg_fold1_v1.joblib
1,blur_sigma2,MLLM_STR_GPT-Image2-fake_76,1,0.9527422785758972,mllm::GPT_Image_2,,models/v2/clip_lora_fold1_best_v1.pt,models/v2/v2_10b_h2_balanced_logreg_fold1_v1.joblib
1,blur_sigma2,MLLM_STR_GPT-Image2-fake_77,1,0.8880978226661682,mllm::GPT_Image_2,,models/v2/clip_lora_fold1_best_v1.pt,models/v2/v2_10b_h2_balanced_logreg_fold1_v1.joblib
1,blur_sigma2,MLLM_STR_GPT-Image2-fake_78,1,0.9427868127822876,mllm::GPT_Image_2,,models/v2/clip_lora_fold1_best_v1.pt,models/v2/v2_10b_h2_balanced_logreg_fold1_v1.joblib
1,blur_sigma2,MLLM_STR_GPT-Image2-fake_79,1,0.9172442555427551,mllm::GPT_Image_2,,models/v2/clip_lora_fold1_best_v1.pt,models/v2/v2_10b_h2_balanced_logreg_fold1_v1.joblib
1,blur_sigma2,MLLM_STR_GPT-Image2-fake_8,1,0.8212147951126099,mllm::GPT_Image_2,,models/v2/clip_lora_fold1_best_v1.pt,models/v2/v2_10b_h2_balanced_logreg_fold1_v1.joblib
1,blur_sigma2,MLLM_STR_GPT-Image2-fake_80,1,0.926529586315155,mllm::GPT_Image_2,,models/v2/clip_lora_fold1_best_v1.pt,models/v2/v2_10b_h2_balanced_logreg_fold1_v1.joblib
1,blur_sigma2,MLLM_STR_GPT-Image2-fake_81,1,0.946673572063446,mllm::GPT_Image_2,,models/v2/clip_lora_fold1_best_v1.pt,models/v2/v2_10b_h2_balanced_logreg_fold1_v1.joblib
1,blur_sigma2,MLLM_STR_GPT-Image2-fake_82,1,0.9240538477897644,mllm::GPT_Image_2,,models/v2/clip_lora_fold1_best_v1.pt,models/v2/v2_10b_h2_balanced_logreg_fold1_v1.joblib
1,blur_sigma2,MLLM_STR_GPT-Image2-fake_83,1,0.9697133302688599,mllm::GPT_Image_2,,models/v2/clip_lora_fold1_best_v1.pt,models/v2/v2_10b_h2_balanced_logreg_fold1_v1.joblib
1,blur_sigma2,MLLM_STR_GPT-Image2-fake_84,1,0.9493350982666016,mllm::GPT_Image_2,,models/v2/clip_lora_fold1_best_v1.pt,models/v2/v2_10b_h2_balanced_logreg_fold1_v1.joblib
1,blur_sigma2,MLLM_STR_GPT-Image2-fake_85,1,0.9308070540428162,mllm::GPT_Image_2,,models/v2/clip_lora_fold1_best_v1.pt,models/v2/v2_10b_h2_balanced_logreg_fold1_v1.joblib
1,blur_sigma2,MLLM_STR_GPT-Image2-fake_86,1,0.9303810000419617,mllm::GPT_Image_2,,models/v2/clip_lora_fold1_best_v1.pt,models/v2/v2_10b_h2_balanced_logreg_fold1_v1.joblib
1,blur_sigma2,MLLM_STR_GPT-Image2-fake_87,1,0.9537533521652222,mllm::GPT_Image_2,,models/v2/clip_lora_fold1_best_v1.pt,models/v2/v2_10b_h2_balanced_logreg_fold1_v1.joblib
1,blur_sigma2,MLLM_STR_GPT-Image2-fake_88,1,0.9683837890625,mllm::GPT_Image_2,,models/v2/clip_lora_fold1_best_v1.pt,models/v2/v2_10b_h2_balanced_logreg_fold1_v1.joblib
1,blur_sigma2,MLLM_STR_GPT-Image2-fake_89,1,0.9299059510231018,mllm::GPT_Image_2,,models/v2/clip_lora_fold1_best_v1.pt,models/v2/v2_10b_h2_balanced_logreg_fold1_v1.joblib
1,blur_sigma2,MLLM_STR_GPT-Image2-fake_9,1,0.894335925579071,mllm::GPT_Image_2,,models/v2/clip_lora_fold1_best_v1.pt,models/v2/v2_10b_h2_balanced_logreg_fold1_v1.joblib
1,blur_sigma2,MLLM_STR_GPT-Image2-fake_90,1,0.9554667472839355,mllm::GPT_Image_2,,models/v2/clip_lora_fold1_best_v1.pt,models/v2/v2_10b_h2_balanced_logreg_fold1_v1.joblib
1,blur_sigma2,MLLM_STR_GPT-Image2-fake_91,1,0.9519597291946411,mllm::GPT_Image_2,,models/v2/clip_lora_fold1_best_v1.pt,models/v2/v2_10b_h2_balanced_logreg_fold1_v1.joblib
1,blur_sigma2,MLLM_STR_GPT-Image2-fake_92,1,0.9210045337677002,mllm::GPT_Image_2,,models/v2/clip_lora_fold1_best_v1.pt,models/v2/v2_10b_h2_balanced_logreg_fold1_v1.joblib
1,blur_sigma2,MLLM_STR_GPT-Image2-fake_93,1,0.9558850526809692,mllm::GPT_Image_2,,models/v2/clip_lora_fold1_best_v1.pt,models/v2/v2_10b_h2_balanced_logreg_fold1_v1.joblib
1,blur_sigma2,MLLM_STR_GPT-Image2-fake_94,1,0.9086582064628601,mllm::GPT_Image_2,,models/v2/clip_lora_fold1_best_v1.pt,models/v2/v2_10b_h2_balanced_logreg_fold1_v1.joblib
1,blur_sigma2,MLLM_STR_GPT-Image2-fake_95,1,0.9656205177307129,mllm::GPT_Image_2,,models/v2/clip_lora_fold1_best_v1.pt,models/v2/v2_10b_h2_balanced_logreg_fold1_v1.joblib
1,blur_sigma2,MLLM_STR_GPT-Image2-fake_96,1,0.9586179852485657,mllm::GPT_Image_2,,models/v2/clip_lora_fold1_best_v1.pt,models/v2/v2_10b_h2_balanced_logreg_fold1_v1.joblib
1,blur_sigma2,MLLM_STR_GPT-Image2-fake_97,1,0.9670882821083069,mllm::GPT_Image_2,,models/v2/clip_lora_fold1_best_v1.pt,models/v2/v2_10b_h2_balanced_logreg_fold1_v1.joblib
1,blur_sigma2,MLLM_STR_GPT-Image2-fake_98,1,0.9675756692886353,mllm::GPT_Image_2,,models/v2/clip_lora_fold1_best_v1.pt,models/v2/v2_10b_h2_balanced_logreg_fold1_v1.joblib
1,blur_sigma2,MLLM_STR_GPT-Image2-fake_99,1,0.9563546180725098,mllm::GPT_Image_2,,models/v2/clip_lora_fold1_best_v1.pt,models/v2/v2_10b_h2_balanced_logreg_fold1_v1.joblib
1,blur_sigma2,MLLM_STR_real_1,0,0.8216548562049866,real::MLLM,MLLM,models/v2/clip_lora_fold1_best_v1.pt,models/v2/v2_10b_h2_balanced_logreg_fold1_v1.joblib
1,blur_sigma2,MLLM_STR_real_100,0,0.9714432954788208,real::MLLM,MLLM,models/v2/clip_lora_fold1_best_v1.pt,models/v2/v2_10b_h2_balanced_logreg_fold1_v1.joblib
1,blur_sigma2,MLLM_STR_real_115,0,0.9003514647483826,real::MLLM,MLLM,models/v2/clip_lora_fold1_best_v1.pt,models/v2/v2_10b_h2_balanced_logreg_fold1_v1.joblib
1,blur_sigma2,MLLM_STR_real_121,0,0.8804548978805542,real::MLLM,MLLM,models/v2/clip_lora_fold1_best_v1.pt,models/v2/v2_10b_h2_balanced_logreg_fold1_v1.joblib
1,blur_sigma2,MLLM_STR_real_123,0,0.945432186126709,real::MLLM,MLLM,models/v2/clip_lora_fold1_best_v1.pt,models/v2/v2_10b_h2_balanced_logreg_fold1_v1.joblib
1,blur_sigma2,MLLM_STR_real_137,0,0.823678195476532,real::MLLM,MLLM,models/v2/clip_lora_fold1_best_v1.pt,models/v2/v2_10b_h2_balanced_logreg_fold1_v1.joblib
1,blur_sigma2,MLLM_STR_real_139,0,0.7897507548332214,real::MLLM,MLLM,models/v2/clip_lora_fold1_best_v1.pt,models/v2/v2_10b_h2_balanced_logreg_fold1_v1.joblib
1,blur_sigma2,MLLM_STR_real_140,0,0.9348862171173096,real::MLLM,MLLM,models/v2/clip_lora_fold1_best_v1.pt,models/v2/v2_10b_h2_balanced_logreg_fold1_v1.joblib
1,blur_sigma2,MLLM_STR_real_144,0,0.9341616630554199,real::MLLM,MLLM,models/v2/clip_lora_fold1_best_v1.pt,models/v2/v2_10b_h2_balanced_logreg_fold1_v1.joblib
1,blur_sigma2,MLLM_STR_real_153,0,0.49083346128463745,real::MLLM,MLLM,models/v2/clip_lora_fold1_best_v1.pt,models/v2/v2_10b_h2_balanced_logreg_fold1_v1.joblib
1,blur_sigma2,MLLM_STR_real_154,0,0.8873473405838013,real::MLLM,MLLM,models/v2/clip_lora_fold1_best_v1.pt,models/v2/v2_10b_h2_balanced_logreg_fold1_v1.joblib
1,blur_sigma2,MLLM_STR_real_157,0,0.9082722067832947,real::MLLM,MLLM,models/v2/clip_lora_fold1_best_v1.pt,models/v2/v2_10b_h2_balanced_logreg_fold1_v1.joblib
1,blur_sigma2,MLLM_STR_real_159,0,0.773561418056488,real::MLLM,MLLM,models/v2/clip_lora_fold1_best_v1.pt,models/v2/v2_10b_h2_balanced_logreg_fold1_v1.joblib
1,blur_sigma2,MLLM_STR_real_162,0,0.938542366027832,real::MLLM,MLLM,models/v2/clip_lora_fold1_best_v1.pt,models/v2/v2_10b_h2_balanced_logreg_fold1_v1.joblib
1,blur_sigma2,MLLM_STR_real_163,0,0.7691572308540344,real::MLLM,MLLM,models/v2/clip_lora_fold1_best_v1.pt,models/v2/v2_10b_h2_balanced_logreg_fold1_v1.joblib
1,blur_sigma2,MLLM_STR_real_165,0,0.9870915412902832,real::MLLM,MLLM,models/v2/clip_lora_fold1_best_v1.pt,models/v2/v2_10b_h2_balanced_logreg_fold1_v1.joblib
1,blur_sigma2,MLLM_STR_real_168,0,0.8907855153083801,real::MLLM,MLLM,models/v2/clip_lora_fold1_best_v1.pt,models/v2/v2_10b_h2_balanced_logreg_fold1_v1.joblib
1,blur_sigma2,MLLM_STR_real_170,0,0.9650201797485352,real::MLLM,MLLM,models/v2/clip_lora_fold1_best_v1.pt,models/v2/v2_10b_h2_balanced_logreg_fold1_v1.joblib
1,blur_sigma2,MLLM_STR_real_173,0,0.953041672706604,real::MLLM,MLLM,models/v2/clip_lora_fold1_best_v1.pt,models/v2/v2_10b_h2_balanced_logreg_fold1_v1.joblib
1,blur_sigma2,MLLM_STR_real_175,0,0.95159912109375,real::MLLM,MLLM,models/v2/clip_lora_fold1_best_v1.pt,models/v2/v2_10b_h2_balanced_logreg_fold1_v1.joblib
1,blur_sigma2,MLLM_STR_real_178,0,0.7373296618461609,real::MLLM,MLLM,models/v2/clip_lora_fold1_best_v1.pt,models/v2/v2_10b_h2_balanced_logreg_fold1_v1.joblib
1,blur_sigma2,MLLM_STR_real_180,0,0.9651467800140381,real::MLLM,MLLM,models/v2/clip_lora_fold1_best_v1.pt,models/v2/v2_10b_h2_balanced_logreg_fold1_v1.joblib
1,blur_sigma2,MLLM_STR_real_182,0,0.9635354280471802,real::MLLM,MLLM,models/v2/clip_lora_fold1_best_v1.pt,models/v2/v2_10b_h2_balanced_logreg_fold1_v1.joblib
1,blur_sigma2,MLLM_STR_real_183,0,0.8999788165092468,real::MLLM,MLLM,models/v2/clip_lora_fold1_best_v1.pt,models/v2/v2_10b_h2_balanced_logreg_fold1_v1.joblib
1,blur_sigma2,MLLM_STR_real_186,0,0.9554777145385742,real::MLLM,MLLM,models/v2/clip_lora_fold1_best_v1.pt,models/v2/v2_10b_h2_balanced_logreg_fold1_v1.joblib
1,blur_sigma2,MLLM_STR_real_2,0,0.9766049981117249,real::MLLM,MLLM,models/v2/clip_lora_fold1_best_v1.pt,models/v2/v2_10b_h2_balanced_logreg_fold1_v1.joblib
1,blur_sigma2,MLLM_STR_real_20,0,0.8085275888442993,real::MLLM,MLLM,models/v2/clip_lora_fold1_best_v1.pt,models/v2/v2_10b_h2_balanced_logreg_fold1_v1.joblib
1,blur_sigma2,MLLM_STR_real_21,0,0.8565413355827332,real::MLLM,MLLM,models/v2/clip_lora_fold1_best_v1.pt,models/v2/v2_10b_h2_balanced_logreg_fold1_v1.joblib
1,blur_sigma2,MLLM_STR_real_212,0,0.774540901184082,real::MLLM,MLLM,models/v2/clip_lora_fold1_best_v1.pt,models/v2/v2_10b_h2_balanced_logreg_fold1_v1.joblib
1,blur_sigma2,MLLM_STR_real_22,0,0.9533173441886902,real::MLLM,MLLM,models/v2/clip_lora_fold1_best_v1.pt,models/v2/v2_10b_h2_balanced_logreg_fold1_v1.joblib
1,blur_sigma2,MLLM_STR_real_224,0,0.9148954749107361,real::MLLM,MLLM,models/v2/clip_lora_fold1_best_v1.pt,models/v2/v2_10b_h2_balanced_logreg_fold1_v1.joblib
1,blur_sigma2,MLLM_STR_real_230,0,0.9597249031066895,real::MLLM,MLLM,models/v2/clip_lora_fold1_best_v1.pt,models/v2/v2_10b_h2_balanced_logreg_fold1_v1.joblib
1,blur_sigma2,MLLM_STR_real_232,0,0.9474912285804749,real::MLLM,MLLM,models/v2/clip_lora_fold1_best_v1.pt,models/v2/v2_10b_h2_balanced_logreg_fold1_v1.joblib
1,blur_sigma2,MLLM_STR_real_24,0,0.7735070586204529,real::MLLM,MLLM,models/v2/clip_lora_fold1_best_v1.pt,models/v2/v2_10b_h2_balanced_logreg_fold1_v1.joblib
1,blur_sigma2,MLLM_STR_real_245,0,0.9672083854675293,real::MLLM,MLLM,models/v2/clip_lora_fold1_best_v1.pt,models/v2/v2_10b_h2_balanced_logreg_fold1_v1.joblib
1,blur_sigma2,MLLM_STR_real_248,0,0.9486175775527954,real::MLLM,MLLM,models/v2/clip_lora_fold1_best_v1.pt,models/v2/v2_10b_h2_balanced_logreg_fold1_v1.joblib
1,blur_sigma2,MLLM_STR_real_262,0,0.9508624076843262,real::MLLM,MLLM,models/v2/clip_lora_fold1_best_v1.pt,models/v2/v2_10b_h2_balanced_logreg_fold1_v1.joblib
1,blur_sigma2,MLLM_STR_real_271,0,0.9506213665008545,real::MLLM,MLLM,models/v2/clip_lora_fold1_best_v1.pt,models/v2/v2_10b_h2_balanced_logreg_fold1_v1.joblib
1,blur_sigma2,MLLM_STR_real_275,0,0.9467098116874695,real::MLLM,MLLM,models/v2/clip_lora_fold1_best_v1.pt,models/v2/v2_10b_h2_balanced_logreg_fold1_v1.joblib
1,blur_sigma2,MLLM_STR_real_281,0,0.8736089468002319,real::MLLM,MLLM,models/v2/clip_lora_fold1_best_v1.pt,models/v2/v2_10b_h2_balanced_logreg_fold1_v1.joblib
1,blur_sigma2,MLLM_STR_real_282,0,0.9468356966972351,real::MLLM,MLLM,models/v2/clip_lora_fold1_best_v1.pt,models/v2/v2_10b_h2_balanced_logreg_fold1_v1.joblib
1,blur_sigma2,MLLM_STR_real_29,0,0.8332192301750183,real::MLLM,MLLM,models/v2/clip_lora_fold1_best_v1.pt,models/v2/v2_10b_h2_balanced_logreg_fold1_v1.joblib
1,blur_sigma2,MLLM_STR_real_292,0,0.931700587272644,real::MLLM,MLLM,models/v2/clip_lora_fold1_best_v1.pt,models/v2/v2_10b_h2_balanced_logreg_fold1_v1.joblib
1,blur_sigma2,MLLM_STR_real_300,0,0.942003607749939,real::MLLM,MLLM,models/v2/clip_lora_fold1_best_v1.pt,models/v2/v2_10b_h2_balanced_logreg_fold1_v1.joblib
1,blur_sigma2,MLLM_STR_real_301,0,0.9381941556930542,real::MLLM,MLLM,models/v2/clip_lora_fold1_best_v1.pt,models/v2/v2_10b_h2_balanced_logreg_fold1_v1.joblib
1,blur_sigma2,MLLM_STR_real_34,0,0.5044994354248047,real::MLLM,MLLM,models/v2/clip_lora_fold1_best_v1.pt,models/v2/v2_10b_h2_balanced_logreg_fold1_v1.joblib
1,blur_sigma2,MLLM_STR_real_38,0,0.9456859827041626,real::MLLM,MLLM,models/v2/clip_lora_fold1_best_v1.pt,models/v2/v2_10b_h2_balanced_logreg_fold1_v1.joblib
1,blur_sigma2,MLLM_STR_real_45,0,0.7976226806640625,real::MLLM,MLLM,models/v2/clip_lora_fold1_best_v1.pt,models/v2/v2_10b_h2_balanced_logreg_fold1_v1.joblib
1,blur_sigma2,MLLM_STR_real_50,0,0.9299660325050354,real::MLLM,MLLM,models/v2/clip_lora_fold1_best_v1.pt,models/v2/v2_10b_h2_balanced_logreg_fold1_v1.joblib
1,blur_sigma2,MLLM_STR_real_51,0,0.8688580393791199,real::MLLM,MLLM,models/v2/clip_lora_fold1_best_v1.pt,models/v2/v2_10b_h2_balanced_logreg_fold1_v1.joblib
1,blur_sigma2,MLLM_STR_real_53,0,0.7579181790351868,real::MLLM,MLLM,models/v2/clip_lora_fold1_best_v1.pt,models/v2/v2_10b_h2_balanced_logreg_fold1_v1.joblib
1,blur_sigma2,MLLM_STR_real_65,0,0.9203411936759949,real::MLLM,MLLM,models/v2/clip_lora_fold1_best_v1.pt,models/v2/v2_10b_h2_balanced_logreg_fold1_v1.joblib
1,blur_sigma2,MLLM_STR_real_68,0,0.9776474237442017,real::MLLM,MLLM,models/v2/clip_lora_fold1_best_v1.pt,models/v2/v2_10b_h2_balanced_logreg_fold1_v1.joblib
1,blur_sigma2,MLLM_STR_real_77,0,0.951185405254364,real::MLLM,MLLM,models/v2/clip_lora_fold1_best_v1.pt,models/v2/v2_10b_h2_balanced_logreg_fold1_v1.joblib
1,blur_sigma2,MLLM_STR_real_79,0,0.7762076258659363,real::MLLM,MLLM,models/v2/clip_lora_fold1_best_v1.pt,models/v2/v2_10b_h2_balanced_logreg_fold1_v1.joblib
1,blur_sigma2,MLLM_STR_real_87,0,0.923099160194397,real::MLLM,MLLM,models/v2/clip_lora_fold1_best_v1.pt,models/v2/v2_10b_h2_balanced_logreg_fold1_v1.joblib
1,blur_sigma2,MLLM_STR_real_97,0,0.8664624691009521,real::MLLM,MLLM,models/v2/clip_lora_fold1_best_v1.pt,models/v2/v2_10b_h2_balanced_logreg_fold1_v1.joblib
1,blur_sigma2,MLLM_TEX_GPT-Image2-fake_1,1,0.9335196018218994,mllm::GPT_Image_2,,models/v2/clip_lora_fold1_best_v1.pt,models/v2/v2_10b_h2_balanced_logreg_fold1_v1.joblib
1,blur_sigma2,MLLM_TEX_GPT-Image2-fake_10,1,0.9323902726173401,mllm::GPT_Image_2,,models/v2/clip_lora_fold1_best_v1.pt,models/v2/v2_10b_h2_balanced_logreg_fold1_v1.joblib
1,blur_sigma2,MLLM_TEX_GPT-Image2-fake_100,1,0.9760748744010925,mllm::GPT_Image_2,,models/v2/clip_lora_fold1_best_v1.pt,models/v2/v2_10b_h2_balanced_logreg_fold1_v1.joblib
1,blur_sigma2,MLLM_TEX_GPT-Image2-fake_101,1,0.9150672554969788,mllm::GPT_Image_2,,models/v2/clip_lora_fold1_best_v1.pt,models/v2/v2_10b_h2_balanced_logreg_fold1_v1.joblib
1,blur_sigma2,MLLM_TEX_GPT-Image2-fake_102,1,0.855553150177002,mllm::GPT_Image_2,,models/v2/clip_lora_fold1_best_v1.pt,models/v2/v2_10b_h2_balanced_logreg_fold1_v1.joblib
1,blur_sigma2,MLLM_TEX_GPT-Image2-fake_103,1,0.9207403063774109,mllm::GPT_Image_2,,models/v2/clip_lora_fold1_best_v1.pt,models/v2/v2_10b_h2_balanced_logreg_fold1_v1.joblib
1,blur_sigma2,MLLM_TEX_GPT-Image2-fake_104,1,0.9067248702049255,mllm::GPT_Image_2,,models/v2/clip_lora_fold1_best_v1.pt,models/v2/v2_10b_h2_balanced_logreg_fold1_v1.joblib
1,blur_sigma2,MLLM_TEX_GPT-Image2-fake_105,1,0.8739362359046936,mllm::GPT_Image_2,,models/v2/clip_lora_fold1_best_v1.pt,models/v2/v2_10b_h2_balanced_logreg_fold1_v1.joblib
1,blur_sigma2,MLLM_TEX_GPT-Image2-fake_106,1,0.8789787292480469,mllm::GPT_Image_2,,models/v2/clip_lora_fold1_best_v1.pt,models/v2/v2_10b_h2_balanced_logreg_fold1_v1.joblib
1,blur_sigma2,MLLM_TEX_GPT-Image2-fake_107,1,0.9076011776924133,mllm::GPT_Image_2,,models/v2/clip_lora_fold1_best_v1.pt,models/v2/v2_10b_h2_balanced_logreg_fold1_v1.joblib
1,blur_sigma2,MLLM_TEX_GPT-Image2-fake_108,1,0.823785126209259,mllm::GPT_Image_2,,models/v2/clip_lora_fold1_best_v1.pt,models/v2/v2_10b_h2_balanced_logreg_fold1_v1.joblib
1,blur_sigma2,MLLM_TEX_GPT-Image2-fake_109,1,0.8439596891403198,mllm::GPT_Image_2,,models/v2/clip_lora_fold1_best_v1.pt,models/v2/v2_10b_h2_balanced_logreg_fold1_v1.joblib
1,blur_sigma2,MLLM_TEX_GPT-Image2-fake_11,1,0.9258632659912109,mllm::GPT_Image_2,,models/v2/clip_lora_fold1_best_v1.pt,models/v2/v2_10b_h2_balanced_logreg_fold1_v1.joblib
1,blur_sigma2,MLLM_TEX_GPT-Image2-fake_110,1,0.8309491872787476,mllm::GPT_Image_2,,models/v2/clip_lora_fold1_best_v1.pt,models/v2/v2_10b_h2_balanced_logreg_fold1_v1.joblib
1,blur_sigma2,MLLM_TEX_GPT-Image2-fake_111,1,0.8199270367622375,mllm::GPT_Image_2,,models/v2/clip_lora_fold1_best_v1.pt,models/v2/v2_10b_h2_balanced_logreg_fold1_v1.joblib
1,blur_sigma2,MLLM_TEX_GPT-Image2-fake_112,1,0.9353804588317871,mllm::GPT_Image_2,,models/v2/clip_lora_fold1_best_v1.pt,models/v2/v2_10b_h2_balanced_logreg_fold1_v1.joblib
1,blur_sigma2,MLLM_TEX_GPT-Image2-fake_113,1,0.9486583471298218,mllm::GPT_Image_2,,models/v2/clip_lora_fold1_best_v1.pt,models/v2/v2_10b_h2_balanced_logreg_fold1_v1.joblib
1,blur_sigma2,MLLM_TEX_GPT-Image2-fake_114,1,0.8936900496482849,mllm::GPT_Image_2,,models/v2/clip_lora_fold1_best_v1.pt,models/v2/v2_10b_h2_balanced_logreg_fold1_v1.joblib
1,blur_sigma2,MLLM_TEX_GPT-Image2-fake_115,1,0.6909060478210449,mllm::GPT_Image_2,,models/v2/clip_lora_fold1_best_v1.pt,models/v2/v2_10b_h2_balanced_logreg_fold1_v1.joblib
1,blur_sigma2,MLLM_TEX_GPT-Image2-fake_116,1,0.8101181983947754,mllm::GPT_Image_2,,models/v2/clip_lora_fold1_best_v1.pt,models/v2/v2_10b_h2_balanced_logreg_fold1_v1.joblib
1,blur_sigma2,MLLM_TEX_GPT-Image2-fake_117,1,0.638909637928009,mllm::GPT_Image_2,,models/v2/clip_lora_fold1_best_v1.pt,models/v2/v2_10b_h2_balanced_logreg_fold1_v1.joblib
1,blur_sigma2,MLLM_TEX_GPT-Image2-fake_118,1,0.5254700183868408,mllm::GPT_Image_2,,models/v2/clip_lora_fold1_best_v1.pt,models/v2/v2_10b_h2_balanced_logreg_fold1_v1.joblib
1,blur_sigma2,MLLM_TEX_GPT-Image2-fake_119,1,0.5359327793121338,mllm::GPT_Image_2,,models/v2/clip_lora_fold1_best_v1.pt,models/v2/v2_10b_h2_balanced_logreg_fold1_v1.joblib
1,blur_sigma2,MLLM_TEX_GPT-Image2-fake_12,1,0.729043185710907,mllm::GPT_Image_2,,models/v2/clip_lora_fold1_best_v1.pt,models/v2/v2_10b_h2_balanced_logreg_fold1_v1.joblib
1,blur_sigma2,MLLM_TEX_GPT-Image2-fake_120,1,0.751419186592102,mllm::GPT_Image_2,,models/v2/clip_lora_fold1_best_v1.pt,models/v2/v2_10b_h2_balanced_logreg_fold1_v1.joblib
1,blur_sigma2,MLLM_TEX_GPT-Image2-fake_121,1,0.7119642496109009,mllm::GPT_Image_2,,models/v2/clip_lora_fold1_best_v1.pt,models/v2/v2_10b_h2_balanced_logreg_fold1_v1.joblib
1,blur_sigma2,MLLM_TEX_GPT-Image2-fake_122,1,0.6025099754333496,mllm::GPT_Image_2,,models/v2/clip_lora_fold1_best_v1.pt,models/v2/v2_10b_h2_balanced_logreg_fold1_v1.joblib
1,blur_sigma2,MLLM_TEX_GPT-Image2-fake_123,1,0.7822940349578857,mllm::GPT_Image_2,,models/v2/clip_lora_fold1_best_v1.pt,models/v2/v2_10b_h2_balanced_logreg_fold1_v1.joblib
1,blur_sigma2,MLLM_TEX_GPT-Image2-fake_124,1,0.8788642287254333,mllm::GPT_Image_2,,models/v2/clip_lora_fold1_best_v1.pt,models/v2/v2_10b_h2_balanced_logreg_fold1_v1.joblib
1,blur_sigma2,MLLM_TEX_GPT-Image2-fake_125,1,0.7247322797775269,mllm::GPT_Image_2,,models/v2/clip_lora_fold1_best_v1.pt,models/v2/v2_10b_h2_balanced_logreg_fold1_v1.joblib
1,blur_sigma2,MLLM_TEX_GPT-Image2-fake_126,1,0.8260907530784607,mllm::GPT_Image_2,,models/v2/clip_lora_fold1_best_v1.pt,models/v2/v2_10b_h2_balanced_logreg_fold1_v1.joblib
1,blur_sigma2,MLLM_TEX_GPT-Image2-fake_127,1,0.5275729894638062,mllm::GPT_Image_2,,models/v2/clip_lora_fold1_best_v1.pt,models/v2/v2_10b_h2_balanced_logreg_fold1_v1.joblib
1,blur_sigma2,MLLM_TEX_GPT-Image2-fake_128,1,0.5711241960525513,mllm::GPT_Image_2,,models/v2/clip_lora_fold1_best_v1.pt,models/v2/v2_10b_h2_balanced_logreg_fold1_v1.joblib
1,blur_sigma2,MLLM_TEX_GPT-Image2-fake_129,1,0.22488157451152802,mllm::GPT_Image_2,,models/v2/clip_lora_fold1_best_v1.pt,models/v2/v2_10b_h2_balanced_logreg_fold1_v1.joblib
1,blur_sigma2,MLLM_TEX_GPT-Image2-fake_13,1,0.5438976287841797,mllm::GPT_Image_2,,models/v2/clip_lora_fold1_best_v1.pt,models/v2/v2_10b_h2_balanced_logreg_fold1_v1.joblib
1,blur_sigma2,MLLM_TEX_GPT-Image2-fake_130,1,0.7601235508918762,mllm::GPT_Image_2,,models/v2/clip_lora_fold1_best_v1.pt,models/v2/v2_10b_h2_balanced_logreg_fold1_v1.joblib
1,blur_sigma2,MLLM_TEX_GPT-Image2-fake_131,1,0.5093843340873718,mllm::GPT_Image_2,,models/v2/clip_lora_fold1_best_v1.pt,models/v2/v2_10b_h2_balanced_logreg_fold1_v1.joblib
1,blur_sigma2,MLLM_TEX_GPT-Image2-fake_132,1,0.6140628457069397,mllm::GPT_Image_2,,models/v2/clip_lora_fold1_best_v1.pt,models/v2/v2_10b_h2_balanced_logreg_fold1_v1.joblib
1,blur_sigma2,MLLM_TEX_GPT-Image2-fake_133,1,0.8424403071403503,mllm::GPT_Image_2,,models/v2/clip_lora_fold1_best_v1.pt,models/v2/v2_10b_h2_balanced_logreg_fold1_v1.joblib
1,blur_sigma2,MLLM_TEX_GPT-Image2-fake_134,1,0.7738185524940491,mllm::GPT_Image_2,,models/v2/clip_lora_fold1_best_v1.pt,models/v2/v2_10b_h2_balanced_logreg_fold1_v1.joblib
1,blur_sigma2,MLLM_TEX_GPT-Image2-fake_135,1,0.6626490354537964,mllm::GPT_Image_2,,models/v2/clip_lora_fold1_best_v1.pt,models/v2/v2_10b_h2_balanced_logreg_fold1_v1.joblib
1,blur_sigma2,MLLM_TEX_GPT-Image2-fake_136,1,0.6894705295562744,mllm::GPT_Image_2,,models/v2/clip_lora_fold1_best_v1.pt,models/v2/v2_10b_h2_balanced_logreg_fold1_v1.joblib
1,blur_sigma2,MLLM_TEX_GPT-Image2-fake_137,1,0.6889806389808655,mllm::GPT_Image_2,,models/v2/clip_lora_fold1_best_v1.pt,models/v2/v2_10b_h2_balanced_logreg_fold1_v1.joblib
1,blur_sigma2,MLLM_TEX_GPT-Image2-fake_138,1,0.8273749351501465,mllm::GPT_Image_2,,models/v2/clip_lora_fold1_best_v1.pt,models/v2/v2_10b_h2_balanced_logreg_fold1_v1.joblib
1,blur_sigma2,MLLM_TEX_GPT-Image2-fake_139,1,0.7138092517852783,mllm::GPT_Image_2,,models/v2/clip_lora_fold1_best_v1.pt,models/v2/v2_10b_h2_balanced_logreg_fold1_v1.joblib
1,blur_sigma2,MLLM_TEX_GPT-Image2-fake_14,1,0.5189557075500488,mllm::GPT_Image_2,,models/v2/clip_lora_fold1_best_v1.pt,models/v2/v2_10b_h2_balanced_logreg_fold1_v1.joblib
1,blur_sigma2,MLLM_TEX_GPT-Image2-fake_140,1,0.645808219909668,mllm::GPT_Image_2,,models/v2/clip_lora_fold1_best_v1.pt,models/v2/v2_10b_h2_balanced_logreg_fold1_v1.joblib
1,blur_sigma2,MLLM_TEX_GPT-Image2-fake_141,1,0.7917261123657227,mllm::GPT_Image_2,,models/v2/clip_lora_fold1_best_v1.pt,models/v2/v2_10b_h2_balanced_logreg_fold1_v1.joblib
1,blur_sigma2,MLLM_TEX_GPT-Image2-fake_142,1,0.8590379953384399,mllm::GPT_Image_2,,models/v2/clip_lora_fold1_best_v1.pt,models/v2/v2_10b_h2_balanced_logreg_fold1_v1.joblib
1,blur_sigma2,MLLM_TEX_GPT-Image2-fake_143,1,0.566822350025177,mllm::GPT_Image_2,,models/v2/clip_lora_fold1_best_v1.pt,models/v2/v2_10b_h2_balanced_logreg_fold1_v1.joblib
1,blur_sigma2,MLLM_TEX_GPT-Image2-fake_144,1,0.7685427069664001,mllm::GPT_Image_2,,models/v2/clip_lora_fold1_best_v1.pt,models/v2/v2_10b_h2_balanced_logreg_fold1_v1.joblib
1,blur_sigma2,MLLM_TEX_GPT-Image2-fake_145,1,0.5954532027244568,mllm::GPT_Image_2,,models/v2/clip_lora_fold1_best_v1.pt,models/v2/v2_10b_h2_balanced_logreg_fold1_v1.joblib
1,blur_sigma2,MLLM_TEX_GPT-Image2-fake_146,1,0.8885762095451355,mllm::GPT_Image_2,,models/v2/clip_lora_fold1_best_v1.pt,models/v2/v2_10b_h2_balanced_logreg_fold1_v1.joblib
1,blur_sigma2,MLLM_TEX_GPT-Image2-fake_147,1,0.628986120223999,mllm::GPT_Image_2,,models/v2/clip_lora_fold1_best_v1.pt,models/v2/v2_10b_h2_balanced_logreg_fold1_v1.joblib
1,blur_sigma2,MLLM_TEX_GPT-Image2-fake_148,1,0.8447084426879883,mllm::GPT_Image_2,,models/v2/clip_lora_fold1_best_v1.pt,models/v2/v2_10b_h2_balanced_logreg_fold1_v1.joblib
1,blur_sigma2,MLLM_TEX_GPT-Image2-fake_149,1,0.9498676657676697,mllm::GPT_Image_2,,models/v2/clip_lora_fold1_best_v1.pt,models/v2/v2_10b_h2_balanced_logreg_fold1_v1.joblib
1,blur_sigma2,MLLM_TEX_GPT-Image2-fake_15,1,0.923795759677887,mllm::GPT_Image_2,,models/v2/clip_lora_fold1_best_v1.pt,models/v2/v2_10b_h2_balanced_logreg_fold1_v1.joblib
1,blur_sigma2,MLLM_TEX_GPT-Image2-fake_150,1,0.7992773652076721,mllm::GPT_Image_2,,models/v2/clip_lora_fold1_best_v1.pt,models/v2/v2_10b_h2_balanced_logreg_fold1_v1.joblib
1,blur_sigma2,MLLM_TEX_GPT-Image2-fake_151,1,0.9420355558395386,mllm::GPT_Image_2,,models/v2/clip_lora_fold1_best_v1.pt,models/v2/v2_10b_h2_balanced_logreg_fold1_v1.joblib
1,blur_sigma2,MLLM_TEX_GPT-Image2-fake_152,1,0.7626175880432129,mllm::GPT_Image_2,,models/v2/clip_lora_fold1_best_v1.pt,models/v2/v2_10b_h2_balanced_logreg_fold1_v1.joblib
1,blur_sigma2,MLLM_TEX_GPT-Image2-fake_153,1,0.9872685670852661,mllm::GPT_Image_2,,models/v2/clip_lora_fold1_best_v1.pt,models/v2/v2_10b_h2_balanced_logreg_fold1_v1.joblib
1,blur_sigma2,MLLM_TEX_GPT-Image2-fake_154,1,0.5480050444602966,mllm::GPT_Image_2,,models/v2/clip_lora_fold1_best_v1.pt,models/v2/v2_10b_h2_balanced_logreg_fold1_v1.joblib
1,blur_sigma2,MLLM_TEX_GPT-Image2-fake_155,1,0.8760056495666504,mllm::GPT_Image_2,,models/v2/clip_lora_fold1_best_v1.pt,models/v2/v2_10b_h2_balanced_logreg_fold1_v1.joblib
1,blur_sigma2,MLLM_TEX_GPT-Image2-fake_156,1,0.9013859629631042,mllm::GPT_Image_2,,models/v2/clip_lora_fold1_best_v1.pt,models/v2/v2_10b_h2_balanced_logreg_fold1_v1.joblib
1,blur_sigma2,MLLM_TEX_GPT-Image2-fake_157,1,0.5636273622512817,mllm::GPT_Image_2,,models/v2/clip_lora_fold1_best_v1.pt,models/v2/v2_10b_h2_balanced_logreg_fold1_v1.joblib
1,blur_sigma2,MLLM_TEX_GPT-Image2-fake_158,1,0.9614247679710388,mllm::GPT_Image_2,,models/v2/clip_lora_fold1_best_v1.pt,models/v2/v2_10b_h2_balanced_logreg_fold1_v1.joblib
1,blur_sigma2,MLLM_TEX_GPT-Image2-fake_159,1,0.9673632979393005,mllm::GPT_Image_2,,models/v2/clip_lora_fold1_best_v1.pt,models/v2/v2_10b_h2_balanced_logreg_fold1_v1.joblib
1,blur_sigma2,MLLM_TEX_GPT-Image2-fake_16,1,0.8406250476837158,mllm::GPT_Image_2,,models/v2/clip_lora_fold1_best_v1.pt,models/v2/v2_10b_h2_balanced_logreg_fold1_v1.joblib
1,blur_sigma2,MLLM_TEX_GPT-Image2-fake_160,1,0.9437972903251648,mllm::GPT_Image_2,,models/v2/clip_lora_fold1_best_v1.pt,models/v2/v2_10b_h2_balanced_logreg_fold1_v1.joblib
1,blur_sigma2,MLLM_TEX_GPT-Image2-fake_161,1,0.9297872185707092,mllm::GPT_Image_2,,models/v2/clip_lora_fold1_best_v1.pt,models/v2/v2_10b_h2_balanced_logreg_fold1_v1.joblib
1,blur_sigma2,MLLM_TEX_GPT-Image2-fake_162,1,0.9566531181335449,mllm::GPT_Image_2,,models/v2/clip_lora_fold1_best_v1.pt,models/v2/v2_10b_h2_balanced_logreg_fold1_v1.joblib
1,blur_sigma2,MLLM_TEX_GPT-Image2-fake_163,1,0.9057093858718872,mllm::GPT_Image_2,,models/v2/clip_lora_fold1_best_v1.pt,models/v2/v2_10b_h2_balanced_logreg_fold1_v1.joblib
1,blur_sigma2,MLLM_TEX_GPT-Image2-fake_164,1,0.9789890646934509,mllm::GPT_Image_2,,models/v2/clip_lora_fold1_best_v1.pt,models/v2/v2_10b_h2_balanced_logreg_fold1_v1.joblib
1,blur_sigma2,MLLM_TEX_GPT-Image2-fake_165,1,0.9534814953804016,mllm::GPT_Image_2,,models/v2/clip_lora_fold1_best_v1.pt,models/v2/v2_10b_h2_balanced_logreg_fold1_v1.joblib
1,blur_sigma2,MLLM_TEX_GPT-Image2-fake_166,1,0.9363014101982117,mllm::GPT_Image_2,,models/v2/clip_lora_fold1_best_v1.pt,models/v2/v2_10b_h2_balanced_logreg_fold1_v1.joblib
1,blur_sigma2,MLLM_TEX_GPT-Image2-fake_167,1,0.9773145318031311,mllm::GPT_Image_2,,models/v2/clip_lora_fold1_best_v1.pt,models/v2/v2_10b_h2_balanced_logreg_fold1_v1.joblib
1,blur_sigma2,MLLM_TEX_GPT-Image2-fake_168,1,0.9477335810661316,mllm::GPT_Image_2,,models/v2/clip_lora_fold1_best_v1.pt,models/v2/v2_10b_h2_balanced_logreg_fold1_v1.joblib
1,blur_sigma2,MLLM_TEX_GPT-Image2-fake_169,1,0.943375825881958,mllm::GPT_Image_2,,models/v2/clip_lora_fold1_best_v1.pt,models/v2/v2_10b_h2_balanced_logreg_fold1_v1.joblib
1,blur_sigma2,MLLM_TEX_GPT-Image2-fake_17,1,0.9177517294883728,mllm::GPT_Image_2,,models/v2/clip_lora_fold1_best_v1.pt,models/v2/v2_10b_h2_balanced_logreg_fold1_v1.joblib
1,blur_sigma2,MLLM_TEX_GPT-Image2-fake_170,1,0.8348392248153687,mllm::GPT_Image_2,,models/v2/clip_lora_fold1_best_v1.pt,models/v2/v2_10b_h2_balanced_logreg_fold1_v1.joblib
1,blur_sigma2,MLLM_TEX_GPT-Image2-fake_171,1,0.8838616609573364,mllm::GPT_Image_2,,models/v2/clip_lora_fold1_best_v1.pt,models/v2/v2_10b_h2_balanced_logreg_fold1_v1.joblib
1,blur_sigma2,MLLM_TEX_GPT-Image2-fake_172,1,0.9356033802032471,mllm::GPT_Image_2,,models/v2/clip_lora_fold1_best_v1.pt,models/v2/v2_10b_h2_balanced_logreg_fold1_v1.joblib
1,blur_sigma2,MLLM_TEX_GPT-Image2-fake_173,1,0.9000107049942017,mllm::GPT_Image_2,,models/v2/clip_lora_fold1_best_v1.pt,models/v2/v2_10b_h2_balanced_logreg_fold1_v1.joblib
1,blur_sigma2,MLLM_TEX_GPT-Image2-fake_174,1,0.8412795066833496,mllm::GPT_Image_2,,models/v2/clip_lora_fold1_best_v1.pt,models/v2/v2_10b_h2_balanced_logreg_fold1_v1.joblib
1,blur_sigma2,MLLM_TEX_GPT-Image2-fake_175,1,0.9116190075874329,mllm::GPT_Image_2,,models/v2/clip_lora_fold1_best_v1.pt,models/v2/v2_10b_h2_balanced_logreg_fold1_v1.joblib
1,blur_sigma2,MLLM_TEX_GPT-Image2-fake_176,1,0.9353548288345337,mllm::GPT_Image_2,,models/v2/clip_lora_fold1_best_v1.pt,models/v2/v2_10b_h2_balanced_logreg_fold1_v1.joblib
1,blur_sigma2,MLLM_TEX_GPT-Image2-fake_177,1,0.8692090511322021,mllm::GPT_Image_2,,models/v2/clip_lora_fold1_best_v1.pt,models/v2/v2_10b_h2_balanced_logreg_fold1_v1.joblib
1,blur_sigma2,MLLM_TEX_GPT-Image2-fake_178,1,0.853462278842926,mllm::GPT_Image_2,,models/v2/clip_lora_fold1_best_v1.pt,models/v2/v2_10b_h2_balanced_logreg_fold1_v1.joblib
1,blur_sigma2,MLLM_TEX_GPT-Image2-fake_179,1,0.9649360775947571,mllm::GPT_Image_2,,models/v2/clip_lora_fold1_best_v1.pt,models/v2/v2_10b_h2_balanced_logreg_fold1_v1.joblib
1,blur_sigma2,MLLM_TEX_GPT-Image2-fake_18,1,0.7229718565940857,mllm::GPT_Image_2,,models/v2/clip_lora_fold1_best_v1.pt,models/v2/v2_10b_h2_balanced_logreg_fold1_v1.joblib
1,blur_sigma2,MLLM_TEX_GPT-Image2-fake_180,1,0.8649169206619263,mllm::GPT_Image_2,,models/v2/clip_lora_fold1_best_v1.pt,models/v2/v2_10b_h2_balanced_logreg_fold1_v1.joblib
1,blur_sigma2,MLLM_TEX_GPT-Image2-fake_181,1,0.9111207127571106,mllm::GPT_Image_2,,models/v2/clip_lora_fold1_best_v1.pt,models/v2/v2_10b_h2_balanced_logreg_fold1_v1.joblib
1,blur_sigma2,MLLM_TEX_GPT-Image2-fake_182,1,0.9203343987464905,mllm::GPT_Image_2,,models/v2/clip_lora_fold1_best_v1.pt,models/v2/v2_10b_h2_balanced_logreg_fold1_v1.joblib
1,blur_sigma2,MLLM_TEX_GPT-Image2-fake_183,1,0.7660312056541443,mllm::GPT_Image_2,,models/v2/clip_lora_fold1_best_v1.pt,models/v2/v2_10b_h2_balanced_logreg_fold1_v1.joblib
1,blur_sigma2,MLLM_TEX_GPT-Image2-fake_184,1,0.9605157971382141,mllm::GPT_Image_2,,models/v2/clip_lora_fold1_best_v1.pt,models/v2/v2_10b_h2_balanced_logreg_fold1_v1.joblib
1,blur_sigma2,MLLM_TEX_GPT-Image2-fake_185,1,0.8182412981987,mllm::GPT_Image_2,,models/v2/clip_lora_fold1_best_v1.pt,models/v2/v2_10b_h2_balanced_logreg_fold1_v1.joblib
1,blur_sigma2,MLLM_TEX_GPT-Image2-fake_186,1,0.9235351085662842,mllm::GPT_Image_2,,models/v2/clip_lora_fold1_best_v1.pt,models/v2/v2_10b_h2_balanced_logreg_fold1_v1.joblib
1,blur_sigma2,MLLM_TEX_GPT-Image2-fake_187,1,0.8206033706665039,mllm::GPT_Image_2,,models/v2/clip_lora_fold1_best_v1.pt,models/v2/v2_10b_h2_balanced_logreg_fold1_v1.joblib
1,blur_sigma2,MLLM_TEX_GPT-Image2-fake_188,1,0.9579912424087524,mllm::GPT_Image_2,,models/v2/clip_lora_fold1_best_v1.pt,models/v2/v2_10b_h2_balanced_logreg_fold1_v1.joblib
1,blur_sigma2,MLLM_TEX_GPT-Image2-fake_189,1,0.7996417284011841,mllm::GPT_Image_2,,models/v2/clip_lora_fold1_best_v1.pt,models/v2/v2_10b_h2_balanced_logreg_fold1_v1.joblib
1,blur_sigma2,MLLM_TEX_GPT-Image2-fake_19,1,0.8175672888755798,mllm::GPT_Image_2,,models/v2/clip_lora_fold1_best_v1.pt,models/v2/v2_10b_h2_balanced_logreg_fold1_v1.joblib
1,blur_sigma2,MLLM_TEX_GPT-Image2-fake_190,1,0.8698474764823914,mllm::GPT_Image_2,,models/v2/clip_lora_fold1_best_v1.pt,models/v2/v2_10b_h2_balanced_logreg_fold1_v1.joblib
1,blur_sigma2,MLLM_TEX_GPT-Image2-fake_191,1,0.8536128401756287,mllm::GPT_Image_2,,models/v2/clip_lora_fold1_best_v1.pt,models/v2/v2_10b_h2_balanced_logreg_fold1_v1.joblib
1,blur_sigma2,MLLM_TEX_GPT-Image2-fake_192,1,0.8160737156867981,mllm::GPT_Image_2,,models/v2/clip_lora_fold1_best_v1.pt,models/v2/v2_10b_h2_balanced_logreg_fold1_v1.joblib
1,blur_sigma2,MLLM_TEX_GPT-Image2-fake_193,1,0.6675817966461182,mllm::GPT_Image_2,,models/v2/clip_lora_fold1_best_v1.pt,models/v2/v2_10b_h2_balanced_logreg_fold1_v1.joblib
1,blur_sigma2,MLLM_TEX_GPT-Image2-fake_194,1,0.9597908854484558,mllm::GPT_Image_2,,models/v2/clip_lora_fold1_best_v1.pt,models/v2/v2_10b_h2_balanced_logreg_fold1_v1.joblib
1,blur_sigma2,MLLM_TEX_GPT-Image2-fake_195,1,0.9393473863601685,mllm::GPT_Image_2,,models/v2/clip_lora_fold1_best_v1.pt,models/v2/v2_10b_h2_balanced_logreg_fold1_v1.joblib
1,blur_sigma2,MLLM_TEX_GPT-Image2-fake_196,1,0.8864779472351074,mllm::GPT_Image_2,,models/v2/clip_lora_fold1_best_v1.pt,models/v2/v2_10b_h2_balanced_logreg_fold1_v1.joblib
1,blur_sigma2,MLLM_TEX_GPT-Image2-fake_197,1,0.575258195400238,mllm::GPT_Image_2,,models/v2/clip_lora_fold1_best_v1.pt,models/v2/v2_10b_h2_balanced_logreg_fold1_v1.joblib
1,blur_sigma2,MLLM_TEX_GPT-Image2-fake_198,1,0.8642259836196899,mllm::GPT_Image_2,,models/v2/clip_lora_fold1_best_v1.pt,models/v2/v2_10b_h2_balanced_logreg_fold1_v1.joblib
1,blur_sigma2,MLLM_TEX_GPT-Image2-fake_199,1,0.8992948532104492,mllm::GPT_Image_2,,models/v2/clip_lora_fold1_best_v1.pt,models/v2/v2_10b_h2_balanced_logreg_fold1_v1.joblib
1,blur_sigma2,MLLM_TEX_GPT-Image2-fake_2,1,0.8465209007263184,mllm::GPT_Image_2,,models/v2/clip_lora_fold1_best_v1.pt,models/v2/v2_10b_h2_balanced_logreg_fold1_v1.joblib
1,blur_sigma2,MLLM_TEX_GPT-Image2-fake_20,1,0.8766724467277527,mllm::GPT_Image_2,,models/v2/clip_lora_fold1_best_v1.pt,models/v2/v2_10b_h2_balanced_logreg_fold1_v1.joblib
1,blur_sigma2,MLLM_TEX_GPT-Image2-fake_200,1,0.740393877029419,mllm::GPT_Image_2,,models/v2/clip_lora_fold1_best_v1.pt,models/v2/v2_10b_h2_balanced_logreg_fold1_v1.joblib
1,blur_sigma2,MLLM_TEX_GPT-Image2-fake_201,1,0.720582127571106,mllm::GPT_Image_2,,models/v2/clip_lora_fold1_best_v1.pt,models/v2/v2_10b_h2_balanced_logreg_fold1_v1.joblib
1,blur_sigma2,MLLM_TEX_GPT-Image2-fake_202,1,0.8376778960227966,mllm::GPT_Image_2,,models/v2/clip_lora_fold1_best_v1.pt,models/v2/v2_10b_h2_balanced_logreg_fold1_v1.joblib
1,blur_sigma2,MLLM_TEX_GPT-Image2-fake_203,1,0.778363049030304,mllm::GPT_Image_2,,models/v2/clip_lora_fold1_best_v1.pt,models/v2/v2_10b_h2_balanced_logreg_fold1_v1.joblib
1,blur_sigma2,MLLM_TEX_GPT-Image2-fake_204,1,0.6528767943382263,mllm::GPT_Image_2,,models/v2/clip_lora_fold1_best_v1.pt,models/v2/v2_10b_h2_balanced_logreg_fold1_v1.joblib
1,blur_sigma2,MLLM_TEX_GPT-Image2-fake_205,1,0.6851402521133423,mllm::GPT_Image_2,,models/v2/clip_lora_fold1_best_v1.pt,models/v2/v2_10b_h2_balanced_logreg_fold1_v1.joblib
1,blur_sigma2,MLLM_TEX_GPT-Image2-fake_206,1,0.5886526107788086,mllm::GPT_Image_2,,models/v2/clip_lora_fold1_best_v1.pt,models/v2/v2_10b_h2_balanced_logreg_fold1_v1.joblib
1,blur_sigma2,MLLM_TEX_GPT-Image2-fake_207,1,0.6289250254631042,mllm::GPT_Image_2,,models/v2/clip_lora_fold1_best_v1.pt,models/v2/v2_10b_h2_balanced_logreg_fold1_v1.joblib
1,blur_sigma2,MLLM_TEX_GPT-Image2-fake_208,1,0.6052876114845276,mllm::GPT_Image_2,,models/v2/clip_lora_fold1_best_v1.pt,models/v2/v2_10b_h2_balanced_logreg_fold1_v1.joblib
1,blur_sigma2,MLLM_TEX_GPT-Image2-fake_209,1,0.857397735118866,mllm::GPT_Image_2,,models/v2/clip_lora_fold1_best_v1.pt,models/v2/v2_10b_h2_balanced_logreg_fold1_v1.joblib
1,blur_sigma2,MLLM_TEX_GPT-Image2-fake_21,1,0.8580774664878845,mllm::GPT_Image_2,,models/v2/clip_lora_fold1_best_v1.pt,models/v2/v2_10b_h2_balanced_logreg_fold1_v1.joblib
1,blur_sigma2,MLLM_TEX_GPT-Image2-fake_210,1,0.5608012080192566,mllm::GPT_Image_2,,models/v2/clip_lora_fold1_best_v1.pt,models/v2/v2_10b_h2_balanced_logreg_fold1_v1.joblib
1,blur_sigma2,MLLM_TEX_GPT-Image2-fake_211,1,0.798925518989563,mllm::GPT_Image_2,,models/v2/clip_lora_fold1_best_v1.pt,models/v2/v2_10b_h2_balanced_logreg_fold1_v1.joblib
1,blur_sigma2,MLLM_TEX_GPT-Image2-fake_212,1,0.6830362677574158,mllm::GPT_Image_2,,models/v2/clip_lora_fold1_best_v1.pt,models/v2/v2_10b_h2_balanced_logreg_fold1_v1.joblib
1,blur_sigma2,MLLM_TEX_GPT-Image2-fake_213,1,0.542576014995575,mllm::GPT_Image_2,,models/v2/clip_lora_fold1_best_v1.pt,models/v2/v2_10b_h2_balanced_logreg_fold1_v1.joblib
1,blur_sigma2,MLLM_TEX_GPT-Image2-fake_214,1,0.7900494337081909,mllm::GPT_Image_2,,models/v2/clip_lora_fold1_best_v1.pt,models/v2/v2_10b_h2_balanced_logreg_fold1_v1.joblib
1,blur_sigma2,MLLM_TEX_GPT-Image2-fake_215,1,0.7934737205505371,mllm::GPT_Image_2,,models/v2/clip_lora_fold1_best_v1.pt,models/v2/v2_10b_h2_balanced_logreg_fold1_v1.joblib
1,blur_sigma2,MLLM_TEX_GPT-Image2-fake_216,1,0.750893771648407,mllm::GPT_Image_2,,models/v2/clip_lora_fold1_best_v1.pt,models/v2/v2_10b_h2_balanced_logreg_fold1_v1.joblib
1,blur_sigma2,MLLM_TEX_GPT-Image2-fake_22,1,0.7528351545333862,mllm::GPT_Image_2,,models/v2/clip_lora_fold1_best_v1.pt,models/v2/v2_10b_h2_balanced_logreg_fold1_v1.joblib
1,blur_sigma2,MLLM_TEX_GPT-Image2-fake_23,1,0.7154163122177124,mllm::GPT_Image_2,,models/v2/clip_lora_fold1_best_v1.pt,models/v2/v2_10b_h2_balanced_logreg_fold1_v1.joblib
1,blur_sigma2,MLLM_TEX_GPT-Image2-fake_24,1,0.8399584293365479,mllm::GPT_Image_2,,models/v2/clip_lora_fold1_best_v1.pt,models/v2/v2_10b_h2_balanced_logreg_fold1_v1.joblib
1,blur_sigma2,MLLM_TEX_GPT-Image2-fake_25,1,0.9192708730697632,mllm::GPT_Image_2,,models/v2/clip_lora_fold1_best_v1.pt,models/v2/v2_10b_h2_balanced_logreg_fold1_v1.joblib
1,blur_sigma2,MLLM_TEX_GPT-Image2-fake_26,1,0.8977750539779663,mllm::GPT_Image_2,,models/v2/clip_lora_fold1_best_v1.pt,models/v2/v2_10b_h2_balanced_logreg_fold1_v1.joblib
1,blur_sigma2,MLLM_TEX_GPT-Image2-fake_27,1,0.9237492084503174,mllm::GPT_Image_2,,models/v2/clip_lora_fold1_best_v1.pt,models/v2/v2_10b_h2_balanced_logreg_fold1_v1.joblib
1,blur_sigma2,MLLM_TEX_GPT-Image2-fake_28,1,0.9230843782424927,mllm::GPT_Image_2,,models/v2/clip_lora_fold1_best_v1.pt,models/v2/v2_10b_h2_balanced_logreg_fold1_v1.joblib
1,blur_sigma2,MLLM_TEX_GPT-Image2-fake_29,1,0.8203276991844177,mllm::GPT_Image_2,,models/v2/clip_lora_fold1_best_v1.pt,models/v2/v2_10b_h2_balanced_logreg_fold1_v1.joblib
1,blur_sigma2,MLLM_TEX_GPT-Image2-fake_3,1,0.8190293312072754,mllm::GPT_Image_2,,models/v2/clip_lora_fold1_best_v1.pt,models/v2/v2_10b_h2_balanced_logreg_fold1_v1.joblib
1,blur_sigma2,MLLM_TEX_GPT-Image2-fake_30,1,0.9487957954406738,mllm::GPT_Image_2,,models/v2/clip_lora_fold1_best_v1.pt,models/v2/v2_10b_h2_balanced_logreg_fold1_v1.joblib
1,blur_sigma2,MLLM_TEX_GPT-Image2-fake_31,1,0.8051496148109436,mllm::GPT_Image_2,,models/v2/clip_lora_fold1_best_v1.pt,models/v2/v2_10b_h2_balanced_logreg_fold1_v1.joblib
1,blur_sigma2,MLLM_TEX_GPT-Image2-fake_32,1,0.8609641790390015,mllm::GPT_Image_2,,models/v2/clip_lora_fold1_best_v1.pt,models/v2/v2_10b_h2_balanced_logreg_fold1_v1.joblib
1,blur_sigma2,MLLM_TEX_GPT-Image2-fake_33,1,0.8070917129516602,mllm::GPT_Image_2,,models/v2/clip_lora_fold1_best_v1.pt,models/v2/v2_10b_h2_balanced_logreg_fold1_v1.joblib
1,blur_sigma2,MLLM_TEX_GPT-Image2-fake_34,1,0.8011812567710876,mllm::GPT_Image_2,,models/v2/clip_lora_fold1_best_v1.pt,models/v2/v2_10b_h2_balanced_logreg_fold1_v1.joblib
1,blur_sigma2,MLLM_TEX_GPT-Image2-fake_35,1,0.7600376605987549,mllm::GPT_Image_2,,models/v2/clip_lora_fold1_best_v1.pt,models/v2/v2_10b_h2_balanced_logreg_fold1_v1.joblib
1,blur_sigma2,MLLM_TEX_GPT-Image2-fake_36,1,0.7423187494277954,mllm::GPT_Image_2,,models/v2/clip_lora_fold1_best_v1.pt,models/v2/v2_10b_h2_balanced_logreg_fold1_v1.joblib
1,blur_sigma2,MLLM_TEX_GPT-Image2-fake_37,1,0.8481399416923523,mllm::GPT_Image_2,,models/v2/clip_lora_fold1_best_v1.pt,models/v2/v2_10b_h2_balanced_logreg_fold1_v1.joblib
1,blur_sigma2,MLLM_TEX_GPT-Image2-fake_38,1,0.8728455901145935,mllm::GPT_Image_2,,models/v2/clip_lora_fold1_best_v1.pt,models/v2/v2_10b_h2_balanced_logreg_fold1_v1.joblib
1,blur_sigma2,MLLM_TEX_GPT-Image2-fake_39,1,0.7835642099380493,mllm::GPT_Image_2,,models/v2/clip_lora_fold1_best_v1.pt,models/v2/v2_10b_h2_balanced_logreg_fold1_v1.joblib
1,blur_sigma2,MLLM_TEX_GPT-Image2-fake_4,1,0.8856158256530762,mllm::GPT_Image_2,,models/v2/clip_lora_fold1_best_v1.pt,models/v2/v2_10b_h2_balanced_logreg_fold1_v1.joblib
1,blur_sigma2,MLLM_TEX_GPT-Image2-fake_40,1,0.7677304744720459,mllm::GPT_Image_2,,models/v2/clip_lora_fold1_best_v1.pt,models/v2/v2_10b_h2_balanced_logreg_fold1_v1.joblib
1,blur_sigma2,MLLM_TEX_GPT-Image2-fake_41,1,0.8437209725379944,mllm::GPT_Image_2,,models/v2/clip_lora_fold1_best_v1.pt,models/v2/v2_10b_h2_balanced_logreg_fold1_v1.joblib
1,blur_sigma2,MLLM_TEX_GPT-Image2-fake_42,1,0.9463942646980286,mllm::GPT_Image_2,,models/v2/clip_lora_fold1_best_v1.pt,models/v2/v2_10b_h2_balanced_logreg_fold1_v1.joblib
1,blur_sigma2,MLLM_TEX_GPT-Image2-fake_43,1,0.9005382061004639,mllm::GPT_Image_2,,models/v2/clip_lora_fold1_best_v1.pt,models/v2/v2_10b_h2_balanced_logreg_fold1_v1.joblib
1,blur_sigma2,MLLM_TEX_GPT-Image2-fake_44,1,0.9087406992912292,mllm::GPT_Image_2,,models/v2/clip_lora_fold1_best_v1.pt,models/v2/v2_10b_h2_balanced_logreg_fold1_v1.joblib
1,blur_sigma2,MLLM_TEX_GPT-Image2-fake_45,1,0.9527810215950012,mllm::GPT_Image_2,,models/v2/clip_lora_fold1_best_v1.pt,models/v2/v2_10b_h2_balanced_logreg_fold1_v1.joblib
1,blur_sigma2,MLLM_TEX_GPT-Image2-fake_46,1,0.8968890905380249,mllm::GPT_Image_2,,models/v2/clip_lora_fold1_best_v1.pt,models/v2/v2_10b_h2_balanced_logreg_fold1_v1.joblib
1,blur_sigma2,MLLM_TEX_GPT-Image2-fake_47,1,0.9138637185096741,mllm::GPT_Image_2,,models/v2/clip_lora_fold1_best_v1.pt,models/v2/v2_10b_h2_balanced_logreg_fold1_v1.joblib
1,blur_sigma2,MLLM_TEX_GPT-Image2-fake_48,1,0.8264579772949219,mllm::GPT_Image_2,,models/v2/clip_lora_fold1_best_v1.pt,models/v2/v2_10b_h2_balanced_logreg_fold1_v1.joblib
1,blur_sigma2,MLLM_TEX_GPT-Image2-fake_49,1,0.899002730846405,mllm::GPT_Image_2,,models/v2/clip_lora_fold1_best_v1.pt,models/v2/v2_10b_h2_balanced_logreg_fold1_v1.joblib
1,blur_sigma2,MLLM_TEX_GPT-Image2-fake_5,1,0.6609139442443848,mllm::GPT_Image_2,,models/v2/clip_lora_fold1_best_v1.pt,models/v2/v2_10b_h2_balanced_logreg_fold1_v1.joblib
1,blur_sigma2,MLLM_TEX_GPT-Image2-fake_50,1,0.9314345121383667,mllm::GPT_Image_2,,models/v2/clip_lora_fold1_best_v1.pt,models/v2/v2_10b_h2_balanced_logreg_fold1_v1.joblib
1,blur_sigma2,MLLM_TEX_GPT-Image2-fake_51,1,0.8891027569770813,mllm::GPT_Image_2,,models/v2/clip_lora_fold1_best_v1.pt,models/v2/v2_10b_h2_balanced_logreg_fold1_v1.joblib
1,blur_sigma2,MLLM_TEX_GPT-Image2-fake_52,1,0.8211663365364075,mllm::GPT_Image_2,,models/v2/clip_lora_fold1_best_v1.pt,models/v2/v2_10b_h2_balanced_logreg_fold1_v1.joblib
1,blur_sigma2,MLLM_TEX_GPT-Image2-fake_53,1,0.9478645324707031,mllm::GPT_Image_2,,models/v2/clip_lora_fold1_best_v1.pt,models/v2/v2_10b_h2_balanced_logreg_fold1_v1.joblib
1,blur_sigma2,MLLM_TEX_GPT-Image2-fake_54,1,0.8952582478523254,mllm::GPT_Image_2,,models/v2/clip_lora_fold1_best_v1.pt,models/v2/v2_10b_h2_balanced_logreg_fold1_v1.joblib
1,blur_sigma2,MLLM_TEX_GPT-Image2-fake_55,1,0.8152426481246948,mllm::GPT_Image_2,,models/v2/clip_lora_fold1_best_v1.pt,models/v2/v2_10b_h2_balanced_logreg_fold1_v1.joblib
1,blur_sigma2,MLLM_TEX_GPT-Image2-fake_56,1,0.8948098421096802,mllm::GPT_Image_2,,models/v2/clip_lora_fold1_best_v1.pt,models/v2/v2_10b_h2_balanced_logreg_fold1_v1.joblib
1,blur_sigma2,MLLM_TEX_GPT-Image2-fake_57,1,0.8309853672981262,mllm::GPT_Image_2,,models/v2/clip_lora_fold1_best_v1.pt,models/v2/v2_10b_h2_balanced_logreg_fold1_v1.joblib
1,blur_sigma2,MLLM_TEX_GPT-Image2-fake_58,1,0.7253307104110718,mllm::GPT_Image_2,,models/v2/clip_lora_fold1_best_v1.pt,models/v2/v2_10b_h2_balanced_logreg_fold1_v1.joblib
1,blur_sigma2,MLLM_TEX_GPT-Image2-fake_59,1,0.9036626219749451,mllm::GPT_Image_2,,models/v2/clip_lora_fold1_best_v1.pt,models/v2/v2_10b_h2_balanced_logreg_fold1_v1.joblib
1,blur_sigma2,MLLM_TEX_GPT-Image2-fake_6,1,0.9113764762878418,mllm::GPT_Image_2,,models/v2/clip_lora_fold1_best_v1.pt,models/v2/v2_10b_h2_balanced_logreg_fold1_v1.joblib
1,blur_sigma2,MLLM_TEX_GPT-Image2-fake_60,1,0.867379367351532,mllm::GPT_Image_2,,models/v2/clip_lora_fold1_best_v1.pt,models/v2/v2_10b_h2_balanced_logreg_fold1_v1.joblib
1,blur_sigma2,MLLM_TEX_GPT-Image2-fake_61,1,0.8410079479217529,mllm::GPT_Image_2,,models/v2/clip_lora_fold1_best_v1.pt,models/v2/v2_10b_h2_balanced_logreg_fold1_v1.joblib
1,blur_sigma2,MLLM_TEX_GPT-Image2-fake_62,1,0.810753345489502,mllm::GPT_Image_2,,models/v2/clip_lora_fold1_best_v1.pt,models/v2/v2_10b_h2_balanced_logreg_fold1_v1.joblib
1,blur_sigma2,MLLM_TEX_GPT-Image2-fake_63,1,0.7383702397346497,mllm::GPT_Image_2,,models/v2/clip_lora_fold1_best_v1.pt,models/v2/v2_10b_h2_balanced_logreg_fold1_v1.joblib
1,blur_sigma2,MLLM_TEX_GPT-Image2-fake_64,1,0.7947739958763123,mllm::GPT_Image_2,,models/v2/clip_lora_fold1_best_v1.pt,models/v2/v2_10b_h2_balanced_logreg_fold1_v1.joblib
1,blur_sigma2,MLLM_TEX_GPT-Image2-fake_65,1,0.786939263343811,mllm::GPT_Image_2,,models/v2/clip_lora_fold1_best_v1.pt,models/v2/v2_10b_h2_balanced_logreg_fold1_v1.joblib
1,blur_sigma2,MLLM_TEX_GPT-Image2-fake_66,1,0.8355650901794434,mllm::GPT_Image_2,,models/v2/clip_lora_fold1_best_v1.pt,models/v2/v2_10b_h2_balanced_logreg_fold1_v1.joblib
1,blur_sigma2,MLLM_TEX_GPT-Image2-fake_67,1,0.881721019744873,mllm::GPT_Image_2,,models/v2/clip_lora_fold1_best_v1.pt,models/v2/v2_10b_h2_balanced_logreg_fold1_v1.joblib
1,blur_sigma2,MLLM_TEX_GPT-Image2-fake_68,1,0.8227716088294983,mllm::GPT_Image_2,,models/v2/clip_lora_fold1_best_v1.pt,models/v2/v2_10b_h2_balanced_logreg_fold1_v1.joblib
1,blur_sigma2,MLLM_TEX_GPT-Image2-fake_69,1,0.8590406775474548,mllm::GPT_Image_2,,models/v2/clip_lora_fold1_best_v1.pt,models/v2/v2_10b_h2_balanced_logreg_fold1_v1.joblib
1,blur_sigma2,MLLM_TEX_GPT-Image2-fake_7,1,0.9658324122428894,mllm::GPT_Image_2,,models/v2/clip_lora_fold1_best_v1.pt,models/v2/v2_10b_h2_balanced_logreg_fold1_v1.joblib
1,blur_sigma2,MLLM_TEX_GPT-Image2-fake_70,1,0.9004870057106018,mllm::GPT_Image_2,,models/v2/clip_lora_fold1_best_v1.pt,models/v2/v2_10b_h2_balanced_logreg_fold1_v1.joblib
1,blur_sigma2,MLLM_TEX_GPT-Image2-fake_71,1,0.9441969990730286,mllm::GPT_Image_2,,models/v2/clip_lora_fold1_best_v1.pt,models/v2/v2_10b_h2_balanced_logreg_fold1_v1.joblib
1,blur_sigma2,MLLM_TEX_GPT-Image2-fake_72,1,0.9282158613204956,mllm::GPT_Image_2,,models/v2/clip_lora_fold1_best_v1.pt,models/v2/v2_10b_h2_balanced_logreg_fold1_v1.joblib
1,blur_sigma2,MLLM_TEX_GPT-Image2-fake_73,1,0.945641279220581,mllm::GPT_Image_2,,models/v2/clip_lora_fold1_best_v1.pt,models/v2/v2_10b_h2_balanced_logreg_fold1_v1.joblib
1,blur_sigma2,MLLM_TEX_GPT-Image2-fake_74,1,0.9184097647666931,mllm::GPT_Image_2,,models/v2/clip_lora_fold1_best_v1.pt,models/v2/v2_10b_h2_balanced_logreg_fold1_v1.joblib
1,blur_sigma2,MLLM_TEX_GPT-Image2-fake_75,1,0.9432104229927063,mllm::GPT_Image_2,,models/v2/clip_lora_fold1_best_v1.pt,models/v2/v2_10b_h2_balanced_logreg_fold1_v1.joblib
1,blur_sigma2,MLLM_TEX_GPT-Image2-fake_76,1,0.9052493572235107,mllm::GPT_Image_2,,models/v2/clip_lora_fold1_best_v1.pt,models/v2/v2_10b_h2_balanced_logreg_fold1_v1.joblib
1,blur_sigma2,MLLM_TEX_GPT-Image2-fake_77,1,0.8609387278556824,mllm::GPT_Image_2,,models/v2/clip_lora_fold1_best_v1.pt,models/v2/v2_10b_h2_balanced_logreg_fold1_v1.joblib
1,blur_sigma2,MLLM_TEX_GPT-Image2-fake_78,1,0.9574811458587646,mllm::GPT_Image_2,,models/v2/clip_lora_fold1_best_v1.pt,models/v2/v2_10b_h2_balanced_logreg_fold1_v1.joblib
1,blur_sigma2,MLLM_TEX_GPT-Image2-fake_79,1,0.8928856253623962,mllm::GPT_Image_2,,models/v2/clip_lora_fold1_best_v1.pt,models/v2/v2_10b_h2_balanced_logreg_fold1_v1.joblib
1,blur_sigma2,MLLM_TEX_GPT-Image2-fake_8,1,0.6894769072532654,mllm::GPT_Image_2,,models/v2/clip_lora_fold1_best_v1.pt,models/v2/v2_10b_h2_balanced_logreg_fold1_v1.joblib
1,blur_sigma2,MLLM_TEX_GPT-Image2-fake_80,1,0.8773288726806641,mllm::GPT_Image_2,,models/v2/clip_lora_fold1_best_v1.pt,models/v2/v2_10b_h2_balanced_logreg_fold1_v1.joblib
1,blur_sigma2,MLLM_TEX_GPT-Image2-fake_81,1,0.8209910988807678,mllm::GPT_Image_2,,models/v2/clip_lora_fold1_best_v1.pt,models/v2/v2_10b_h2_balanced_logreg_fold1_v1.joblib
1,blur_sigma2,MLLM_TEX_GPT-Image2-fake_82,1,0.7560093998908997,mllm::GPT_Image_2,,models/v2/clip_lora_fold1_best_v1.pt,models/v2/v2_10b_h2_balanced_logreg_fold1_v1.joblib
1,blur_sigma2,MLLM_TEX_GPT-Image2-fake_83,1,0.9501481652259827,mllm::GPT_Image_2,,models/v2/clip_lora_fold1_best_v1.pt,models/v2/v2_10b_h2_balanced_logreg_fold1_v1.joblib
1,blur_sigma2,MLLM_TEX_GPT-Image2-fake_84,1,0.7126005291938782,mllm::GPT_Image_2,,models/v2/clip_lora_fold1_best_v1.pt,models/v2/v2_10b_h2_balanced_logreg_fold1_v1.joblib
1,blur_sigma2,MLLM_TEX_GPT-Image2-fake_85,1,0.8876703381538391,mllm::GPT_Image_2,,models/v2/clip_lora_fold1_best_v1.pt,models/v2/v2_10b_h2_balanced_logreg_fold1_v1.joblib
1,blur_sigma2,MLLM_TEX_GPT-Image2-fake_86,1,0.7895460724830627,mllm::GPT_Image_2,,models/v2/clip_lora_fold1_best_v1.pt,models/v2/v2_10b_h2_balanced_logreg_fold1_v1.joblib
1,blur_sigma2,MLLM_TEX_GPT-Image2-fake_87,1,0.9372127652168274,mllm::GPT_Image_2,,models/v2/clip_lora_fold1_best_v1.pt,models/v2/v2_10b_h2_balanced_logreg_fold1_v1.joblib
1,blur_sigma2,MLLM_TEX_GPT-Image2-fake_88,1,0.9668253660202026,mllm::GPT_Image_2,,models/v2/clip_lora_fold1_best_v1.pt,models/v2/v2_10b_h2_balanced_logreg_fold1_v1.joblib
1,blur_sigma2,MLLM_TEX_GPT-Image2-fake_89,1,0.8106012940406799,mllm::GPT_Image_2,,models/v2/clip_lora_fold1_best_v1.pt,models/v2/v2_10b_h2_balanced_logreg_fold1_v1.joblib
1,blur_sigma2,MLLM_TEX_GPT-Image2-fake_9,1,0.9658456444740295,mllm::GPT_Image_2,,models/v2/clip_lora_fold1_best_v1.pt,models/v2/v2_10b_h2_balanced_logreg_fold1_v1.joblib
1,blur_sigma2,MLLM_TEX_GPT-Image2-fake_90,1,0.7593672275543213,mllm::GPT_Image_2,,models/v2/clip_lora_fold1_best_v1.pt,models/v2/v2_10b_h2_balanced_logreg_fold1_v1.joblib
1,blur_sigma2,MLLM_TEX_GPT-Image2-fake_91,1,0.9644764065742493,mllm::GPT_Image_2,,models/v2/clip_lora_fold1_best_v1.pt,models/v2/v2_10b_h2_balanced_logreg_fold1_v1.joblib
1,blur_sigma2,MLLM_TEX_GPT-Image2-fake_92,1,0.9374632835388184,mllm::GPT_Image_2,,models/v2/clip_lora_fold1_best_v1.pt,models/v2/v2_10b_h2_balanced_logreg_fold1_v1.joblib
1,blur_sigma2,MLLM_TEX_GPT-Image2-fake_93,1,0.8594439625740051,mllm::GPT_Image_2,,models/v2/clip_lora_fold1_best_v1.pt,models/v2/v2_10b_h2_balanced_logreg_fold1_v1.joblib
1,blur_sigma2,MLLM_TEX_GPT-Image2-fake_94,1,0.7983579635620117,mllm::GPT_Image_2,,models/v2/clip_lora_fold1_best_v1.pt,models/v2/v2_10b_h2_balanced_logreg_fold1_v1.joblib
1,blur_sigma2,MLLM_TEX_GPT-Image2-fake_95,1,0.9523715972900391,mllm::GPT_Image_2,,models/v2/clip_lora_fold1_best_v1.pt,models/v2/v2_10b_h2_balanced_logreg_fold1_v1.joblib
1,blur_sigma2,MLLM_TEX_GPT-Image2-fake_96,1,0.8626288175582886,mllm::GPT_Image_2,,models/v2/clip_lora_fold1_best_v1.pt,models/v2/v2_10b_h2_balanced_logreg_fold1_v1.joblib
1,blur_sigma2,MLLM_TEX_GPT-Image2-fake_97,1,0.5967602133750916,mllm::GPT_Image_2,,models/v2/clip_lora_fold1_best_v1.pt,models/v2/v2_10b_h2_balanced_logreg_fold1_v1.joblib
1,blur_sigma2,MLLM_TEX_GPT-Image2-fake_98,1,0.8941339254379272,mllm::GPT_Image_2,,models/v2/clip_lora_fold1_best_v1.pt,models/v2/v2_10b_h2_balanced_logreg_fold1_v1.joblib
1,blur_sigma2,MLLM_TEX_GPT-Image2-fake_99,1,0.8941729068756104,mllm::GPT_Image_2,,models/v2/clip_lora_fold1_best_v1.pt,models/v2/v2_10b_h2_balanced_logreg_fold1_v1.joblib
1,blur_sigma2,MLLM_TEX_real_105,0,0.9656489491462708,real::MLLM,MLLM,models/v2/clip_lora_fold1_best_v1.pt,models/v2/v2_10b_h2_balanced_logreg_fold1_v1.joblib
1,blur_sigma2,MLLM_TEX_real_119,0,0.9428895115852356,real::MLLM,MLLM,models/v2/clip_lora_fold1_best_v1.pt,models/v2/v2_10b_h2_balanced_logreg_fold1_v1.joblib
1,blur_sigma2,MLLM_TEX_real_126,0,0.9795779585838318,real::MLLM,MLLM,models/v2/clip_lora_fold1_best_v1.pt,models/v2/v2_10b_h2_balanced_logreg_fold1_v1.joblib
1,blur_sigma2,MLLM_TEX_real_128,0,0.9754525423049927,real::MLLM,MLLM,models/v2/clip_lora_fold1_best_v1.pt,models/v2/v2_10b_h2_balanced_logreg_fold1_v1.joblib
1,blur_sigma2,MLLM_TEX_real_129,0,0.9597154855728149,real::MLLM,MLLM,models/v2/clip_lora_fold1_best_v1.pt,models/v2/v2_10b_h2_balanced_logreg_fold1_v1.joblib
1,blur_sigma2,MLLM_TEX_real_13,0,0.9808140397071838,real::MLLM,MLLM,models/v2/clip_lora_fold1_best_v1.pt,models/v2/v2_10b_h2_balanced_logreg_fold1_v1.joblib
1,blur_sigma2,MLLM_TEX_real_130,0,0.9070678353309631,real::MLLM,MLLM,models/v2/clip_lora_fold1_best_v1.pt,models/v2/v2_10b_h2_balanced_logreg_fold1_v1.joblib
1,blur_sigma2,MLLM_TEX_real_14,0,0.9599257707595825,real::MLLM,MLLM,models/v2/clip_lora_fold1_best_v1.pt,models/v2/v2_10b_h2_balanced_logreg_fold1_v1.joblib
1,blur_sigma2,MLLM_TEX_real_150,0,0.9423633813858032,real::MLLM,MLLM,models/v2/clip_lora_fold1_best_v1.pt,models/v2/v2_10b_h2_balanced_logreg_fold1_v1.joblib
1,blur_sigma2,MLLM_TEX_real_166,0,0.9754915833473206,real::MLLM,MLLM,models/v2/clip_lora_fold1_best_v1.pt,models/v2/v2_10b_h2_balanced_logreg_fold1_v1.joblib
1,blur_sigma2,MLLM_TEX_real_17,0,0.9824661016464233,real::MLLM,MLLM,models/v2/clip_lora_fold1_best_v1.pt,models/v2/v2_10b_h2_balanced_logreg_fold1_v1.joblib
1,blur_sigma2,MLLM_TEX_real_19,0,0.9705016613006592,real::MLLM,MLLM,models/v2/clip_lora_fold1_best_v1.pt,models/v2/v2_10b_h2_balanced_logreg_fold1_v1.joblib
1,blur_sigma2,MLLM_TEX_real_2,0,0.9800176620483398,real::MLLM,MLLM,models/v2/clip_lora_fold1_best_v1.pt,models/v2/v2_10b_h2_balanced_logreg_fold1_v1.joblib
1,blur_sigma2,MLLM_TEX_real_202,0,0.9294486045837402,real::MLLM,MLLM,models/v2/clip_lora_fold1_best_v1.pt,models/v2/v2_10b_h2_balanced_logreg_fold1_v1.joblib
1,blur_sigma2,MLLM_TEX_real_24,0,0.9460296034812927,real::MLLM,MLLM,models/v2/clip_lora_fold1_best_v1.pt,models/v2/v2_10b_h2_balanced_logreg_fold1_v1.joblib
1,blur_sigma2,MLLM_TEX_real_43,0,0.9740668535232544,real::MLLM,MLLM,models/v2/clip_lora_fold1_best_v1.pt,models/v2/v2_10b_h2_balanced_logreg_fold1_v1.joblib
1,blur_sigma2,MLLM_TEX_real_59,0,0.7421515583992004,real::MLLM,MLLM,models/v2/clip_lora_fold1_best_v1.pt,models/v2/v2_10b_h2_balanced_logreg_fold1_v1.joblib
1,blur_sigma2,MLLM_TEX_real_64,0,0.9744283556938171,real::MLLM,MLLM,models/v2/clip_lora_fold1_best_v1.pt,models/v2/v2_10b_h2_balanced_logreg_fold1_v1.joblib
1,blur_sigma2,MLLM_TEX_real_70,0,0.9529913067817688,real::MLLM,MLLM,models/v2/clip_lora_fold1_best_v1.pt,models/v2/v2_10b_h2_balanced_logreg_fold1_v1.joblib
1,blur_sigma2,MLLM_TEX_real_81,0,0.9952002763748169,real::MLLM,MLLM,models/v2/clip_lora_fold1_best_v1.pt,models/v2/v2_10b_h2_balanced_logreg_fold1_v1.joblib
1,blur_sigma2,MLLM_TEX_real_82,0,0.5353715419769287,real::MLLM,MLLM,models/v2/clip_lora_fold1_best_v1.pt,models/v2/v2_10b_h2_balanced_logreg_fold1_v1.joblib
1,blur_sigma2,MLLM_TEX_real_83,0,0.5475430488586426,real::MLLM,MLLM,models/v2/clip_lora_fold1_best_v1.pt,models/v2/v2_10b_h2_balanced_logreg_fold1_v1.joblib
1,blur_sigma2,MLLM_TEX_real_88,0,0.9871335029602051,real::MLLM,MLLM,models/v2/clip_lora_fold1_best_v1.pt,models/v2/v2_10b_h2_balanced_logreg_fold1_v1.joblib
1,blur_sigma2,MLLM_TEX_real_94,0,0.9786584377288818,real::MLLM,MLLM,models/v2/clip_lora_fold1_best_v1.pt,models/v2/v2_10b_h2_balanced_logreg_fold1_v1.joblib
1,blur_sigma2,MLLM_TEX_real_97,0,0.8262458443641663,real::MLLM,MLLM,models/v2/clip_lora_fold1_best_v1.pt,models/v2/v2_10b_h2_balanced_logreg_fold1_v1.joblib
1,blur_sigma2,EXT_REAL_0003,0,0.9206801652908325,real::COCO,COCO,models/v2/clip_lora_fold1_best_v1.pt,models/v2/v2_10b_h2_balanced_logreg_fold1_v1.joblib
1,blur_sigma2,EXT_REAL_0013,0,0.9516766667366028,real::COCO,COCO,models/v2/clip_lora_fold1_best_v1.pt,models/v2/v2_10b_h2_balanced_logreg_fold1_v1.joblib
1,blur_sigma2,EXT_REAL_0018,0,0.9555025100708008,real::COCO,COCO,models/v2/clip_lora_fold1_best_v1.pt,models/v2/v2_10b_h2_balanced_logreg_fold1_v1.joblib
1,blur_sigma2,EXT_REAL_0022,0,0.935609757900238,real::COCO,COCO,models/v2/clip_lora_fold1_best_v1.pt,models/v2/v2_10b_h2_balanced_logreg_fold1_v1.joblib
1,blur_sigma2,EXT_REAL_0025,0,0.8557678461074829,real::COCO,COCO,models/v2/clip_lora_fold1_best_v1.pt,models/v2/v2_10b_h2_balanced_logreg_fold1_v1.joblib
1,blur_sigma2,EXT_REAL_0060,0,0.9359675049781799,real::COCO,COCO,models/v2/clip_lora_fold1_best_v1.pt,models/v2/v2_10b_h2_balanced_logreg_fold1_v1.joblib
1,blur_sigma2,EXT_REAL_0063,0,0.9638840556144714,real::COCO,COCO,models/v2/clip_lora_fold1_best_v1.pt,models/v2/v2_10b_h2_balanced_logreg_fold1_v1.joblib
1,blur_sigma2,EXT_REAL_0065,0,0.7616046667098999,real::COCO,COCO,models/v2/clip_lora_fold1_best_v1.pt,models/v2/v2_10b_h2_balanced_logreg_fold1_v1.joblib
1,blur_sigma2,EXT_REAL_0075,0,0.9432938098907471,real::COCO,COCO,models/v2/clip_lora_fold1_best_v1.pt,models/v2/v2_10b_h2_balanced_logreg_fold1_v1.joblib
1,blur_sigma2,EXT_REAL_0079,0,0.8254151344299316,real::COCO,COCO,models/v2/clip_lora_fold1_best_v1.pt,models/v2/v2_10b_h2_balanced_logreg_fold1_v1.joblib
1,blur_sigma2,EXT_REAL_0080,0,0.8130979537963867,real::COCO,COCO,models/v2/clip_lora_fold1_best_v1.pt,models/v2/v2_10b_h2_balanced_logreg_fold1_v1.joblib
1,blur_sigma2,EXT_REAL_0083,0,0.9266658425331116,real::COCO,COCO,models/v2/clip_lora_fold1_best_v1.pt,models/v2/v2_10b_h2_balanced_logreg_fold1_v1.joblib
1,blur_sigma2,EXT_REAL_0084,0,0.8966935873031616,real::COCO,COCO,models/v2/clip_lora_fold1_best_v1.pt,models/v2/v2_10b_h2_balanced_logreg_fold1_v1.joblib
1,blur_sigma2,EXT_REAL_0086,0,0.9409942626953125,real::COCO,COCO,models/v2/clip_lora_fold1_best_v1.pt,models/v2/v2_10b_h2_balanced_logreg_fold1_v1.joblib
1,blur_sigma2,EXT_REAL_0090,0,0.9286512732505798,real::COCO,COCO,models/v2/clip_lora_fold1_best_v1.pt,models/v2/v2_10b_h2_balanced_logreg_fold1_v1.joblib
1,blur_sigma2,EXT_REAL_0094,0,0.5721852779388428,real::COCO,COCO,models/v2/clip_lora_fold1_best_v1.pt,models/v2/v2_10b_h2_balanced_logreg_fold1_v1.joblib
1,blur_sigma2,EXT_REAL_0095,0,0.8125842809677124,real::COCO,COCO,models/v2/clip_lora_fold1_best_v1.pt,models/v2/v2_10b_h2_balanced_logreg_fold1_v1.joblib
1,blur_sigma2,EXT_REAL_0106,0,0.88747638463974,real::COCO,COCO,models/v2/clip_lora_fold1_best_v1.pt,models/v2/v2_10b_h2_balanced_logreg_fold1_v1.joblib
1,blur_sigma2,EXT_REAL_0117,0,0.9155075550079346,real::COCO,COCO,models/v2/clip_lora_fold1_best_v1.pt,models/v2/v2_10b_h2_balanced_logreg_fold1_v1.joblib
1,blur_sigma2,EXT_REAL_0122,0,0.8380128145217896,real::COCO,COCO,models/v2/clip_lora_fold1_best_v1.pt,models/v2/v2_10b_h2_balanced_logreg_fold1_v1.joblib
1,blur_sigma2,EXT_REAL_0134,0,0.8429735898971558,real::COCO,COCO,models/v2/clip_lora_fold1_best_v1.pt,models/v2/v2_10b_h2_balanced_logreg_fold1_v1.joblib
1,blur_sigma2,EXT_REAL_0146,0,0.9370586276054382,real::COCO,COCO,models/v2/clip_lora_fold1_best_v1.pt,models/v2/v2_10b_h2_balanced_logreg_fold1_v1.joblib
1,blur_sigma2,EXT_REAL_0147,0,0.9569142460823059,real::COCO,COCO,models/v2/clip_lora_fold1_best_v1.pt,models/v2/v2_10b_h2_balanced_logreg_fold1_v1.joblib
1,blur_sigma2,EXT_REAL_0149,0,0.9400230646133423,real::COCO,COCO,models/v2/clip_lora_fold1_best_v1.pt,models/v2/v2_10b_h2_balanced_logreg_fold1_v1.joblib
1,blur_sigma2,EXT_REAL_0152,0,0.7365759015083313,real::COCO,COCO,models/v2/clip_lora_fold1_best_v1.pt,models/v2/v2_10b_h2_balanced_logreg_fold1_v1.joblib
1,blur_sigma2,EXT_REAL_0155,0,0.9067471623420715,real::COCO,COCO,models/v2/clip_lora_fold1_best_v1.pt,models/v2/v2_10b_h2_balanced_logreg_fold1_v1.joblib
1,blur_sigma2,EXT_REAL_0163,0,0.8859564661979675,real::COCO,COCO,models/v2/clip_lora_fold1_best_v1.pt,models/v2/v2_10b_h2_balanced_logreg_fold1_v1.joblib
1,blur_sigma2,EXT_REAL_0164,0,0.8951942324638367,real::COCO,COCO,models/v2/clip_lora_fold1_best_v1.pt,models/v2/v2_10b_h2_balanced_logreg_fold1_v1.joblib
1,blur_sigma2,EXT_REAL_0170,0,0.934107780456543,real::COCO,COCO,models/v2/clip_lora_fold1_best_v1.pt,models/v2/v2_10b_h2_balanced_logreg_fold1_v1.joblib
1,blur_sigma2,EXT_REAL_0174,0,0.8103524446487427,real::COCO,COCO,models/v2/clip_lora_fold1_best_v1.pt,models/v2/v2_10b_h2_balanced_logreg_fold1_v1.joblib
1,blur_sigma2,EXT_REAL_0177,0,0.8908938765525818,real::COCO,COCO,models/v2/clip_lora_fold1_best_v1.pt,models/v2/v2_10b_h2_balanced_logreg_fold1_v1.joblib
1,blur_sigma2,EXT_REAL_0181,0,0.892534613609314,real::COCO,COCO,models/v2/clip_lora_fold1_best_v1.pt,models/v2/v2_10b_h2_balanced_logreg_fold1_v1.joblib
1,blur_sigma2,EXT_REAL_0190,0,0.9047854542732239,real::COCO,COCO,models/v2/clip_lora_fold1_best_v1.pt,models/v2/v2_10b_h2_balanced_logreg_fold1_v1.joblib
1,blur_sigma2,EXT_REAL_0191,0,0.9478018879890442,real::COCO,COCO,models/v2/clip_lora_fold1_best_v1.pt,models/v2/v2_10b_h2_balanced_logreg_fold1_v1.joblib
1,blur_sigma2,EXT_REAL_0208,0,0.8899689316749573,real::COCO,COCO,models/v2/clip_lora_fold1_best_v1.pt,models/v2/v2_10b_h2_balanced_logreg_fold1_v1.joblib
1,blur_sigma2,EXT_REAL_0226,0,0.9596710205078125,real::COCO,COCO,models/v2/clip_lora_fold1_best_v1.pt,models/v2/v2_10b_h2_balanced_logreg_fold1_v1.joblib
1,blur_sigma2,EXT_REAL_0227,0,0.9561961889266968,real::COCO,COCO,models/v2/clip_lora_fold1_best_v1.pt,models/v2/v2_10b_h2_balanced_logreg_fold1_v1.joblib
1,blur_sigma2,EXT_REAL_0230,0,0.9730222821235657,real::COCO,COCO,models/v2/clip_lora_fold1_best_v1.pt,models/v2/v2_10b_h2_balanced_logreg_fold1_v1.joblib
1,blur_sigma2,EXT_REAL_0234,0,0.9585259556770325,real::COCO,COCO,models/v2/clip_lora_fold1_best_v1.pt,models/v2/v2_10b_h2_balanced_logreg_fold1_v1.joblib
1,blur_sigma2,EXT_REAL_0248,0,0.9855121970176697,real::COCO,COCO,models/v2/clip_lora_fold1_best_v1.pt,models/v2/v2_10b_h2_balanced_logreg_fold1_v1.joblib
1,blur_sigma2,EXT_REAL_0256,0,0.9347811341285706,real::COCO,COCO,models/v2/clip_lora_fold1_best_v1.pt,models/v2/v2_10b_h2_balanced_logreg_fold1_v1.joblib
1,blur_sigma2,EXT_REAL_0260,0,0.9770988821983337,real::COCO,COCO,models/v2/clip_lora_fold1_best_v1.pt,models/v2/v2_10b_h2_balanced_logreg_fold1_v1.joblib
1,blur_sigma2,EXT_REAL_0274,0,0.9110301733016968,real::COCO,COCO,models/v2/clip_lora_fold1_best_v1.pt,models/v2/v2_10b_h2_balanced_logreg_fold1_v1.joblib
1,blur_sigma2,EXT_REAL_0275,0,0.9757530093193054,real::COCO,COCO,models/v2/clip_lora_fold1_best_v1.pt,models/v2/v2_10b_h2_balanced_logreg_fold1_v1.joblib
1,blur_sigma2,EXT_REAL_0277,0,0.9685032963752747,real::COCO,COCO,models/v2/clip_lora_fold1_best_v1.pt,models/v2/v2_10b_h2_balanced_logreg_fold1_v1.joblib
1,blur_sigma2,EXT_REAL_0280,0,0.9716413021087646,real::COCO,COCO,models/v2/clip_lora_fold1_best_v1.pt,models/v2/v2_10b_h2_balanced_logreg_fold1_v1.joblib
1,blur_sigma2,EXT_REAL_0288,0,0.9374241828918457,real::COCO,COCO,models/v2/clip_lora_fold1_best_v1.pt,models/v2/v2_10b_h2_balanced_logreg_fold1_v1.joblib
1,blur_sigma2,EXT_REAL_0295,0,0.9534507989883423,real::COCO,COCO,models/v2/clip_lora_fold1_best_v1.pt,models/v2/v2_10b_h2_balanced_logreg_fold1_v1.joblib
1,blur_sigma2,EXT_REAL_0306,0,0.9858320951461792,real::COCO,COCO,models/v2/clip_lora_fold1_best_v1.pt,models/v2/v2_10b_h2_balanced_logreg_fold1_v1.joblib
1,blur_sigma2,EXT_REAL_0317,0,0.9604707956314087,real::COCO,COCO,models/v2/clip_lora_fold1_best_v1.pt,models/v2/v2_10b_h2_balanced_logreg_fold1_v1.joblib
1,blur_sigma2,EXT_REAL_0318,0,0.9665042161941528,real::COCO,COCO,models/v2/clip_lora_fold1_best_v1.pt,models/v2/v2_10b_h2_balanced_logreg_fold1_v1.joblib
1,blur_sigma2,EXT_REAL_0328,0,0.9546955227851868,real::COCO,COCO,models/v2/clip_lora_fold1_best_v1.pt,models/v2/v2_10b_h2_balanced_logreg_fold1_v1.joblib
1,blur_sigma2,EXT_REAL_0334,0,0.8903457522392273,real::COCO,COCO,models/v2/clip_lora_fold1_best_v1.pt,models/v2/v2_10b_h2_balanced_logreg_fold1_v1.joblib
1,blur_sigma2,EXT_REAL_0337,0,0.9764118194580078,real::COCO,COCO,models/v2/clip_lora_fold1_best_v1.pt,models/v2/v2_10b_h2_balanced_logreg_fold1_v1.joblib
1,blur_sigma2,EXT_REAL_0340,0,0.9682164788246155,real::COCO,COCO,models/v2/clip_lora_fold1_best_v1.pt,models/v2/v2_10b_h2_balanced_logreg_fold1_v1.joblib
1,blur_sigma2,EXT_REAL_0346,0,0.9775751829147339,real::COCO,COCO,models/v2/clip_lora_fold1_best_v1.pt,models/v2/v2_10b_h2_balanced_logreg_fold1_v1.joblib
1,blur_sigma2,EXT_REAL_0372,0,0.9379506707191467,real::COCO,COCO,models/v2/clip_lora_fold1_best_v1.pt,models/v2/v2_10b_h2_balanced_logreg_fold1_v1.joblib
1,blur_sigma2,EXT_REAL_0384,0,0.9838224053382874,real::COCO,COCO,models/v2/clip_lora_fold1_best_v1.pt,models/v2/v2_10b_h2_balanced_logreg_fold1_v1.joblib
1,blur_sigma2,EXT_REAL_0386,0,0.9533588290214539,real::COCO,COCO,models/v2/clip_lora_fold1_best_v1.pt,models/v2/v2_10b_h2_balanced_logreg_fold1_v1.joblib
1,blur_sigma2,EXT_REAL_0391,0,0.9781736731529236,real::COCO,COCO,models/v2/clip_lora_fold1_best_v1.pt,models/v2/v2_10b_h2_balanced_logreg_fold1_v1.joblib
1,blur_sigma2,QWEN_0042_gpt_image_2,1,0.5842571258544922,qwen::gpt-image-2,,models/v2/clip_lora_fold1_best_v1.pt,models/v2/v2_10b_h2_balanced_logreg_fold1_v1.joblib
1,blur_sigma2,QWEN_0042_FLUX2_max,1,0.7231192588806152,qwen::FLUX.2_max,,models/v2/clip_lora_fold1_best_v1.pt,models/v2/v2_10b_h2_balanced_logreg_fold1_v1.joblib
1,blur_sigma2,QWEN_0042_kling_v2_1,1,0.9056965112686157,qwen::kling_v2_1,,models/v2/clip_lora_fold1_best_v1.pt,models/v2/v2_10b_h2_balanced_logreg_fold1_v1.joblib
1,blur_sigma2,QWEN_0042_Qwen_Image_2512,1,0.9025709629058838,qwen::Qwen-Image-2512,,models/v2/clip_lora_fold1_best_v1.pt,models/v2/v2_10b_h2_balanced_logreg_fold1_v1.joblib
1,blur_sigma2,QWEN_0042_GPT_Image_1,1,0.5814323425292969,qwen::GPT-Image-1,,models/v2/clip_lora_fold1_best_v1.pt,models/v2/v2_10b_h2_balanced_logreg_fold1_v1.joblib
1,blur_sigma2,QWEN_0042_GPT_Image_15,1,0.4612646996974945,qwen::GPT-Image-1.5,,models/v2/clip_lora_fold1_best_v1.pt,models/v2/v2_10b_h2_balanced_logreg_fold1_v1.joblib
1,blur_sigma2,QWEN_0060_gpt_image_2,1,0.7969832420349121,qwen::gpt-image-2,,models/v2/clip_lora_fold1_best_v1.pt,models/v2/v2_10b_h2_balanced_logreg_fold1_v1.joblib
1,blur_sigma2,QWEN_0060_FLUX2_max,1,0.7547580599784851,qwen::FLUX.2_max,,models/v2/clip_lora_fold1_best_v1.pt,models/v2/v2_10b_h2_balanced_logreg_fold1_v1.joblib
1,blur_sigma2,QWEN_0060_kling_v2_1,1,0.7576740384101868,qwen::kling_v2_1,,models/v2/clip_lora_fold1_best_v1.pt,models/v2/v2_10b_h2_balanced_logreg_fold1_v1.joblib
1,blur_sigma2,QWEN_0060_Qwen_Image_2512,1,0.8219867944717407,qwen::Qwen-Image-2512,,models/v2/clip_lora_fold1_best_v1.pt,models/v2/v2_10b_h2_balanced_logreg_fold1_v1.joblib
1,blur_sigma2,QWEN_0060_GPT_Image_1,1,0.9374799132347107,qwen::GPT-Image-1,,models/v2/clip_lora_fold1_best_v1.pt,models/v2/v2_10b_h2_balanced_logreg_fold1_v1.joblib
1,blur_sigma2,QWEN_0060_GPT_Image_15,1,0.8952128291130066,qwen::GPT-Image-1.5,,models/v2/clip_lora_fold1_best_v1.pt,models/v2/v2_10b_h2_balanced_logreg_fold1_v1.joblib
1,blur_sigma2,QWEN_0065_gpt_image_2,1,0.7341552972793579,qwen::gpt-image-2,,models/v2/clip_lora_fold1_best_v1.pt,models/v2/v2_10b_h2_balanced_logreg_fold1_v1.joblib
1,blur_sigma2,QWEN_0065_FLUX2_max,1,0.6687914133071899,qwen::FLUX.2_max,,models/v2/clip_lora_fold1_best_v1.pt,models/v2/v2_10b_h2_balanced_logreg_fold1_v1.joblib
1,blur_sigma2,QWEN_0065_kling_v2_1,1,0.7411168813705444,qwen::kling_v2_1,,models/v2/clip_lora_fold1_best_v1.pt,models/v2/v2_10b_h2_balanced_logreg_fold1_v1.joblib
1,blur_sigma2,QWEN_0065_Qwen_Image_2512,1,0.9540043473243713,qwen::Qwen-Image-2512,,models/v2/clip_lora_fold1_best_v1.pt,models/v2/v2_10b_h2_balanced_logreg_fold1_v1.joblib
1,blur_sigma2,QWEN_0065_GPT_Image_1,1,0.7489480972290039,qwen::GPT-Image-1,,models/v2/clip_lora_fold1_best_v1.pt,models/v2/v2_10b_h2_balanced_logreg_fold1_v1.joblib
1,blur_sigma2,QWEN_0065_GPT_Image_15,1,0.6299238204956055,qwen::GPT-Image-1.5,,models/v2/clip_lora_fold1_best_v1.pt,models/v2/v2_10b_h2_balanced_logreg_fold1_v1.joblib
1,blur_sigma2,QWEN_0074_gpt_image_2,1,0.8930982947349548,qwen::gpt-image-2,,models/v2/clip_lora_fold1_best_v1.pt,models/v2/v2_10b_h2_balanced_logreg_fold1_v1.joblib
1,blur_sigma2,QWEN_0074_FLUX2_max,1,0.9429314732551575,qwen::FLUX.2_max,,models/v2/clip_lora_fold1_best_v1.pt,models/v2/v2_10b_h2_balanced_logreg_fold1_v1.joblib
1,blur_sigma2,QWEN_0074_kling_v2_1,1,0.9305906295776367,qwen::kling_v2_1,,models/v2/clip_lora_fold1_best_v1.pt,models/v2/v2_10b_h2_balanced_logreg_fold1_v1.joblib
1,blur_sigma2,QWEN_0074_Qwen_Image_2512,1,0.8801984190940857,qwen::Qwen-Image-2512,,models/v2/clip_lora_fold1_best_v1.pt,models/v2/v2_10b_h2_balanced_logreg_fold1_v1.joblib
1,blur_sigma2,QWEN_0074_GPT_Image_1,1,0.9621750712394714,qwen::GPT-Image-1,,models/v2/clip_lora_fold1_best_v1.pt,models/v2/v2_10b_h2_balanced_logreg_fold1_v1.joblib
1,blur_sigma2,QWEN_0074_GPT_Image_15,1,0.790317177772522,qwen::GPT-Image-1.5,,models/v2/clip_lora_fold1_best_v1.pt,models/v2/v2_10b_h2_balanced_logreg_fold1_v1.joblib
1,blur_sigma2,QWEN_0078_gpt_image_2,1,0.5965229868888855,qwen::gpt-image-2,,models/v2/clip_lora_fold1_best_v1.pt,models/v2/v2_10b_h2_balanced_logreg_fold1_v1.joblib
1,blur_sigma2,QWEN_0078_FLUX2_max,1,0.4136451482772827,qwen::FLUX.2_max,,models/v2/clip_lora_fold1_best_v1.pt,models/v2/v2_10b_h2_balanced_logreg_fold1_v1.joblib
1,blur_sigma2,QWEN_0078_kling_v2_1,1,0.5957362055778503,qwen::kling_v2_1,,models/v2/clip_lora_fold1_best_v1.pt,models/v2/v2_10b_h2_balanced_logreg_fold1_v1.joblib
1,blur_sigma2,QWEN_0078_Qwen_Image_2512,1,0.5482649803161621,qwen::Qwen-Image-2512,,models/v2/clip_lora_fold1_best_v1.pt,models/v2/v2_10b_h2_balanced_logreg_fold1_v1.joblib
1,blur_sigma2,QWEN_0078_GPT_Image_1,1,0.7718563079833984,qwen::GPT-Image-1,,models/v2/clip_lora_fold1_best_v1.pt,models/v2/v2_10b_h2_balanced_logreg_fold1_v1.joblib
1,blur_sigma2,QWEN_0078_GPT_Image_15,1,0.23099389672279358,qwen::GPT-Image-1.5,,models/v2/clip_lora_fold1_best_v1.pt,models/v2/v2_10b_h2_balanced_logreg_fold1_v1.joblib
1,blur_sigma2,QWEN_0081_gpt_image_2,1,0.8656578660011292,qwen::gpt-image-2,,models/v2/clip_lora_fold1_best_v1.pt,models/v2/v2_10b_h2_balanced_logreg_fold1_v1.joblib
1,blur_sigma2,QWEN_0081_FLUX2_max,1,0.8787096738815308,qwen::FLUX.2_max,,models/v2/clip_lora_fold1_best_v1.pt,models/v2/v2_10b_h2_balanced_logreg_fold1_v1.joblib
1,blur_sigma2,QWEN_0081_kling_v2_1,1,0.7467367053031921,qwen::kling_v2_1,,models/v2/clip_lora_fold1_best_v1.pt,models/v2/v2_10b_h2_balanced_logreg_fold1_v1.joblib
1,blur_sigma2,QWEN_0081_Qwen_Image_2512,1,0.8293469548225403,qwen::Qwen-Image-2512,,models/v2/clip_lora_fold1_best_v1.pt,models/v2/v2_10b_h2_balanced_logreg_fold1_v1.joblib
1,blur_sigma2,QWEN_0081_GPT_Image_1,1,0.8417887091636658,qwen::GPT-Image-1,,models/v2/clip_lora_fold1_best_v1.pt,models/v2/v2_10b_h2_balanced_logreg_fold1_v1.joblib
1,blur_sigma2,QWEN_0081_GPT_Image_15,1,0.7868339419364929,qwen::GPT-Image-1.5,,models/v2/clip_lora_fold1_best_v1.pt,models/v2/v2_10b_h2_balanced_logreg_fold1_v1.joblib
1,blur_sigma2,QWEN_0086_gpt_image_2,1,0.5688426494598389,qwen::gpt-image-2,,models/v2/clip_lora_fold1_best_v1.pt,models/v2/v2_10b_h2_balanced_logreg_fold1_v1.joblib
1,blur_sigma2,QWEN_0086_FLUX2_max,1,0.5748176574707031,qwen::FLUX.2_max,,models/v2/clip_lora_fold1_best_v1.pt,models/v2/v2_10b_h2_balanced_logreg_fold1_v1.joblib
1,blur_sigma2,QWEN_0086_kling_v2_1,1,0.8238009810447693,qwen::kling_v2_1,,models/v2/clip_lora_fold1_best_v1.pt,models/v2/v2_10b_h2_balanced_logreg_fold1_v1.joblib
1,blur_sigma2,QWEN_0086_Qwen_Image_2512,1,0.7088810205459595,qwen::Qwen-Image-2512,,models/v2/clip_lora_fold1_best_v1.pt,models/v2/v2_10b_h2_balanced_logreg_fold1_v1.joblib
1,blur_sigma2,QWEN_0086_GPT_Image_1,1,0.8859027624130249,qwen::GPT-Image-1,,models/v2/clip_lora_fold1_best_v1.pt,models/v2/v2_10b_h2_balanced_logreg_fold1_v1.joblib
1,blur_sigma2,QWEN_0086_GPT_Image_15,1,0.7318452596664429,qwen::GPT-Image-1.5,,models/v2/clip_lora_fold1_best_v1.pt,models/v2/v2_10b_h2_balanced_logreg_fold1_v1.joblib
1,blur_sigma2,QWEN_0096_gpt_image_2,1,0.8824004530906677,qwen::gpt-image-2,,models/v2/clip_lora_fold1_best_v1.pt,models/v2/v2_10b_h2_balanced_logreg_fold1_v1.joblib
1,blur_sigma2,QWEN_0096_FLUX2_max,1,0.8401246070861816,qwen::FLUX.2_max,,models/v2/clip_lora_fold1_best_v1.pt,models/v2/v2_10b_h2_balanced_logreg_fold1_v1.joblib
1,blur_sigma2,QWEN_0096_kling_v2_1,1,0.8531112670898438,qwen::kling_v2_1,,models/v2/clip_lora_fold1_best_v1.pt,models/v2/v2_10b_h2_balanced_logreg_fold1_v1.joblib
1,blur_sigma2,QWEN_0096_Qwen_Image_2512,1,0.7861343026161194,qwen::Qwen-Image-2512,,models/v2/clip_lora_fold1_best_v1.pt,models/v2/v2_10b_h2_balanced_logreg_fold1_v1.joblib
1,blur_sigma2,QWEN_0096_GPT_Image_1,1,0.8481698036193848,qwen::GPT-Image-1,,models/v2/clip_lora_fold1_best_v1.pt,models/v2/v2_10b_h2_balanced_logreg_fold1_v1.joblib
1,blur_sigma2,QWEN_0096_GPT_Image_15,1,0.7206578850746155,qwen::GPT-Image-1.5,,models/v2/clip_lora_fold1_best_v1.pt,models/v2/v2_10b_h2_balanced_logreg_fold1_v1.joblib
1,blur_sigma2,QWEN_0118_gpt_image_2,1,0.8181407451629639,qwen::gpt-image-2,,models/v2/clip_lora_fold1_best_v1.pt,models/v2/v2_10b_h2_balanced_logreg_fold1_v1.joblib
1,blur_sigma2,QWEN_0118_FLUX2_max,1,0.8905187249183655,qwen::FLUX.2_max,,models/v2/clip_lora_fold1_best_v1.pt,models/v2/v2_10b_h2_balanced_logreg_fold1_v1.joblib
1,blur_sigma2,QWEN_0118_kling_v2_1,1,0.8614736199378967,qwen::kling_v2_1,,models/v2/clip_lora_fold1_best_v1.pt,models/v2/v2_10b_h2_balanced_logreg_fold1_v1.joblib
1,blur_sigma2,QWEN_0118_Qwen_Image_2512,1,0.9552703499794006,qwen::Qwen-Image-2512,,models/v2/clip_lora_fold1_best_v1.pt,models/v2/v2_10b_h2_balanced_logreg_fold1_v1.joblib
1,blur_sigma2,QWEN_0118_GPT_Image_1,1,0.7089408040046692,qwen::GPT-Image-1,,models/v2/clip_lora_fold1_best_v1.pt,models/v2/v2_10b_h2_balanced_logreg_fold1_v1.joblib
1,blur_sigma2,QWEN_0118_GPT_Image_15,1,0.8344501256942749,qwen::GPT-Image-1.5,,models/v2/clip_lora_fold1_best_v1.pt,models/v2/v2_10b_h2_balanced_logreg_fold1_v1.joblib
1,blur_sigma2,QWEN_0127_gpt_image_2,1,0.9314554929733276,qwen::gpt-image-2,,models/v2/clip_lora_fold1_best_v1.pt,models/v2/v2_10b_h2_balanced_logreg_fold1_v1.joblib
1,blur_sigma2,QWEN_0127_FLUX2_max,1,0.7339009046554565,qwen::FLUX.2_max,,models/v2/clip_lora_fold1_best_v1.pt,models/v2/v2_10b_h2_balanced_logreg_fold1_v1.joblib
1,blur_sigma2,QWEN_0127_kling_v2_1,1,0.9424933195114136,qwen::kling_v2_1,,models/v2/clip_lora_fold1_best_v1.pt,models/v2/v2_10b_h2_balanced_logreg_fold1_v1.joblib
1,blur_sigma2,QWEN_0127_Qwen_Image_2512,1,0.7381563186645508,qwen::Qwen-Image-2512,,models/v2/clip_lora_fold1_best_v1.pt,models/v2/v2_10b_h2_balanced_logreg_fold1_v1.joblib
1,blur_sigma2,QWEN_0127_GPT_Image_1,1,0.9125285744667053,qwen::GPT-Image-1,,models/v2/clip_lora_fold1_best_v1.pt,models/v2/v2_10b_h2_balanced_logreg_fold1_v1.joblib
1,blur_sigma2,QWEN_0127_GPT_Image_15,1,0.7279529571533203,qwen::GPT-Image-1.5,,models/v2/clip_lora_fold1_best_v1.pt,models/v2/v2_10b_h2_balanced_logreg_fold1_v1.joblib
1,blur_sigma2,QWEN_0140_gpt_image_2,1,0.8255389332771301,qwen::gpt-image-2,,models/v2/clip_lora_fold1_best_v1.pt,models/v2/v2_10b_h2_balanced_logreg_fold1_v1.joblib
1,blur_sigma2,QWEN_0140_FLUX2_max,1,0.9524964094161987,qwen::FLUX.2_max,,models/v2/clip_lora_fold1_best_v1.pt,models/v2/v2_10b_h2_balanced_logreg_fold1_v1.joblib
1,blur_sigma2,QWEN_0140_kling_v2_1,1,0.7155128717422485,qwen::kling_v2_1,,models/v2/clip_lora_fold1_best_v1.pt,models/v2/v2_10b_h2_balanced_logreg_fold1_v1.joblib
1,blur_sigma2,QWEN_0140_Qwen_Image_2512,1,0.930136501789093,qwen::Qwen-Image-2512,,models/v2/clip_lora_fold1_best_v1.pt,models/v2/v2_10b_h2_balanced_logreg_fold1_v1.joblib
1,blur_sigma2,QWEN_0140_GPT_Image_1,1,0.826987087726593,qwen::GPT-Image-1,,models/v2/clip_lora_fold1_best_v1.pt,models/v2/v2_10b_h2_balanced_logreg_fold1_v1.joblib
1,blur_sigma2,QWEN_0140_GPT_Image_15,1,0.8608121275901794,qwen::GPT-Image-1.5,,models/v2/clip_lora_fold1_best_v1.pt,models/v2/v2_10b_h2_balanced_logreg_fold1_v1.joblib
1,blur_sigma2,QWEN_0148_gpt_image_2,1,0.9122338891029358,qwen::gpt-image-2,,models/v2/clip_lora_fold1_best_v1.pt,models/v2/v2_10b_h2_balanced_logreg_fold1_v1.joblib
1,blur_sigma2,QWEN_0148_FLUX2_max,1,0.798014760017395,qwen::FLUX.2_max,,models/v2/clip_lora_fold1_best_v1.pt,models/v2/v2_10b_h2_balanced_logreg_fold1_v1.joblib
1,blur_sigma2,QWEN_0148_kling_v2_1,1,0.9146576523780823,qwen::kling_v2_1,,models/v2/clip_lora_fold1_best_v1.pt,models/v2/v2_10b_h2_balanced_logreg_fold1_v1.joblib
1,blur_sigma2,QWEN_0148_Qwen_Image_2512,1,0.8575912714004517,qwen::Qwen-Image-2512,,models/v2/clip_lora_fold1_best_v1.pt,models/v2/v2_10b_h2_balanced_logreg_fold1_v1.joblib
1,blur_sigma2,QWEN_0148_GPT_Image_1,1,0.9639600515365601,qwen::GPT-Image-1,,models/v2/clip_lora_fold1_best_v1.pt,models/v2/v2_10b_h2_balanced_logreg_fold1_v1.joblib
1,blur_sigma2,QWEN_0148_GPT_Image_15,1,0.863857090473175,qwen::GPT-Image-1.5,,models/v2/clip_lora_fold1_best_v1.pt,models/v2/v2_10b_h2_balanced_logreg_fold1_v1.joblib
1,blur_sigma2,QWEN_0156_gpt_image_2,1,0.8106814026832581,qwen::gpt-image-2,,models/v2/clip_lora_fold1_best_v1.pt,models/v2/v2_10b_h2_balanced_logreg_fold1_v1.joblib
1,blur_sigma2,QWEN_0156_FLUX2_max,1,0.6114160418510437,qwen::FLUX.2_max,,models/v2/clip_lora_fold1_best_v1.pt,models/v2/v2_10b_h2_balanced_logreg_fold1_v1.joblib
1,blur_sigma2,QWEN_0156_kling_v2_1,1,0.8360973596572876,qwen::kling_v2_1,,models/v2/clip_lora_fold1_best_v1.pt,models/v2/v2_10b_h2_balanced_logreg_fold1_v1.joblib
1,blur_sigma2,QWEN_0156_Qwen_Image_2512,1,0.4166924059391022,qwen::Qwen-Image-2512,,models/v2/clip_lora_fold1_best_v1.pt,models/v2/v2_10b_h2_balanced_logreg_fold1_v1.joblib
1,blur_sigma2,QWEN_0156_GPT_Image_1,1,0.837551474571228,qwen::GPT-Image-1,,models/v2/clip_lora_fold1_best_v1.pt,models/v2/v2_10b_h2_balanced_logreg_fold1_v1.joblib
1,blur_sigma2,QWEN_0156_GPT_Image_15,1,0.6441590785980225,qwen::GPT-Image-1.5,,models/v2/clip_lora_fold1_best_v1.pt,models/v2/v2_10b_h2_balanced_logreg_fold1_v1.joblib
1,blur_sigma2,QWEN_0158_gpt_image_2,1,0.926612913608551,qwen::gpt-image-2,,models/v2/clip_lora_fold1_best_v1.pt,models/v2/v2_10b_h2_balanced_logreg_fold1_v1.joblib
1,blur_sigma2,QWEN_0158_FLUX2_max,1,0.9226658940315247,qwen::FLUX.2_max,,models/v2/clip_lora_fold1_best_v1.pt,models/v2/v2_10b_h2_balanced_logreg_fold1_v1.joblib
1,blur_sigma2,QWEN_0158_kling_v2_1,1,0.9696213006973267,qwen::kling_v2_1,,models/v2/clip_lora_fold1_best_v1.pt,models/v2/v2_10b_h2_balanced_logreg_fold1_v1.joblib
1,blur_sigma2,QWEN_0158_Qwen_Image_2512,1,0.9365467429161072,qwen::Qwen-Image-2512,,models/v2/clip_lora_fold1_best_v1.pt,models/v2/v2_10b_h2_balanced_logreg_fold1_v1.joblib
1,blur_sigma2,QWEN_0158_GPT_Image_1,1,0.9648988842964172,qwen::GPT-Image-1,,models/v2/clip_lora_fold1_best_v1.pt,models/v2/v2_10b_h2_balanced_logreg_fold1_v1.joblib
1,blur_sigma2,QWEN_0158_GPT_Image_15,1,0.946193277835846,qwen::GPT-Image-1.5,,models/v2/clip_lora_fold1_best_v1.pt,models/v2/v2_10b_h2_balanced_logreg_fold1_v1.joblib
1,blur_sigma2,QWEN_0169_gpt_image_2,1,0.9591881632804871,qwen::gpt-image-2,,models/v2/clip_lora_fold1_best_v1.pt,models/v2/v2_10b_h2_balanced_logreg_fold1_v1.joblib
1,blur_sigma2,QWEN_0169_FLUX2_max,1,0.923925518989563,qwen::FLUX.2_max,,models/v2/clip_lora_fold1_best_v1.pt,models/v2/v2_10b_h2_balanced_logreg_fold1_v1.joblib
1,blur_sigma2,QWEN_0169_kling_v2_1,1,0.9182751774787903,qwen::kling_v2_1,,models/v2/clip_lora_fold1_best_v1.pt,models/v2/v2_10b_h2_balanced_logreg_fold1_v1.joblib
1,blur_sigma2,QWEN_0169_Qwen_Image_2512,1,0.8559185862541199,qwen::Qwen-Image-2512,,models/v2/clip_lora_fold1_best_v1.pt,models/v2/v2_10b_h2_balanced_logreg_fold1_v1.joblib
1,blur_sigma2,QWEN_0169_GPT_Image_1,1,0.9623322486877441,qwen::GPT-Image-1,,models/v2/clip_lora_fold1_best_v1.pt,models/v2/v2_10b_h2_balanced_logreg_fold1_v1.joblib
1,blur_sigma2,QWEN_0169_GPT_Image_15,1,0.9683114290237427,qwen::GPT-Image-1.5,,models/v2/clip_lora_fold1_best_v1.pt,models/v2/v2_10b_h2_balanced_logreg_fold1_v1.joblib
1,blur_sigma2,QWEN_0184_gpt_image_2,1,0.4949001371860504,qwen::gpt-image-2,,models/v2/clip_lora_fold1_best_v1.pt,models/v2/v2_10b_h2_balanced_logreg_fold1_v1.joblib
1,blur_sigma2,QWEN_0184_FLUX2_max,1,0.9239146113395691,qwen::FLUX.2_max,,models/v2/clip_lora_fold1_best_v1.pt,models/v2/v2_10b_h2_balanced_logreg_fold1_v1.joblib
1,blur_sigma2,QWEN_0184_kling_v2_1,1,0.6105707287788391,qwen::kling_v2_1,,models/v2/clip_lora_fold1_best_v1.pt,models/v2/v2_10b_h2_balanced_logreg_fold1_v1.joblib
1,blur_sigma2,QWEN_0184_Qwen_Image_2512,1,0.7850639820098877,qwen::Qwen-Image-2512,,models/v2/clip_lora_fold1_best_v1.pt,models/v2/v2_10b_h2_balanced_logreg_fold1_v1.joblib
1,blur_sigma2,QWEN_0184_GPT_Image_1,1,0.9404363036155701,qwen::GPT-Image-1,,models/v2/clip_lora_fold1_best_v1.pt,models/v2/v2_10b_h2_balanced_logreg_fold1_v1.joblib
1,blur_sigma2,QWEN_0184_GPT_Image_15,1,0.7113143801689148,qwen::GPT-Image-1.5,,models/v2/clip_lora_fold1_best_v1.pt,models/v2/v2_10b_h2_balanced_logreg_fold1_v1.joblib
1,blur_sigma2,QWEN_0185_gpt_image_2,1,0.6392778754234314,qwen::gpt-image-2,,models/v2/clip_lora_fold1_best_v1.pt,models/v2/v2_10b_h2_balanced_logreg_fold1_v1.joblib
1,blur_sigma2,QWEN_0185_FLUX2_max,1,0.894061803817749,qwen::FLUX.2_max,,models/v2/clip_lora_fold1_best_v1.pt,models/v2/v2_10b_h2_balanced_logreg_fold1_v1.joblib
1,blur_sigma2,QWEN_0185_kling_v2_1,1,0.6608652472496033,qwen::kling_v2_1,,models/v2/clip_lora_fold1_best_v1.pt,models/v2/v2_10b_h2_balanced_logreg_fold1_v1.joblib
1,blur_sigma2,QWEN_0185_Qwen_Image_2512,1,0.6698815822601318,qwen::Qwen-Image-2512,,models/v2/clip_lora_fold1_best_v1.pt,models/v2/v2_10b_h2_balanced_logreg_fold1_v1.joblib
1,blur_sigma2,QWEN_0185_GPT_Image_1,1,0.7635791897773743,qwen::GPT-Image-1,,models/v2/clip_lora_fold1_best_v1.pt,models/v2/v2_10b_h2_balanced_logreg_fold1_v1.joblib
1,blur_sigma2,QWEN_0185_GPT_Image_15,1,0.6143002510070801,qwen::GPT-Image-1.5,,models/v2/clip_lora_fold1_best_v1.pt,models/v2/v2_10b_h2_balanced_logreg_fold1_v1.joblib
1,blur_sigma2,QWEN_0186_gpt_image_2,1,0.7985354661941528,qwen::gpt-image-2,,models/v2/clip_lora_fold1_best_v1.pt,models/v2/v2_10b_h2_balanced_logreg_fold1_v1.joblib
1,blur_sigma2,QWEN_0186_FLUX2_max,1,0.9213276505470276,qwen::FLUX.2_max,,models/v2/clip_lora_fold1_best_v1.pt,models/v2/v2_10b_h2_balanced_logreg_fold1_v1.joblib
1,blur_sigma2,QWEN_0186_kling_v2_1,1,0.7937343716621399,qwen::kling_v2_1,,models/v2/clip_lora_fold1_best_v1.pt,models/v2/v2_10b_h2_balanced_logreg_fold1_v1.joblib
1,blur_sigma2,QWEN_0186_Qwen_Image_2512,1,0.6108787059783936,qwen::Qwen-Image-2512,,models/v2/clip_lora_fold1_best_v1.pt,models/v2/v2_10b_h2_balanced_logreg_fold1_v1.joblib
1,blur_sigma2,QWEN_0186_GPT_Image_1,1,0.7266203165054321,qwen::GPT-Image-1,,models/v2/clip_lora_fold1_best_v1.pt,models/v2/v2_10b_h2_balanced_logreg_fold1_v1.joblib
1,blur_sigma2,QWEN_0186_GPT_Image_15,1,0.7628952264785767,qwen::GPT-Image-1.5,,models/v2/clip_lora_fold1_best_v1.pt,models/v2/v2_10b_h2_balanced_logreg_fold1_v1.joblib
1,blur_sigma2,QWEN_0212_gpt_image_2,1,0.7064031362533569,qwen::gpt-image-2,,models/v2/clip_lora_fold1_best_v1.pt,models/v2/v2_10b_h2_balanced_logreg_fold1_v1.joblib
1,blur_sigma2,QWEN_0212_FLUX2_max,1,0.7793902158737183,qwen::FLUX.2_max,,models/v2/clip_lora_fold1_best_v1.pt,models/v2/v2_10b_h2_balanced_logreg_fold1_v1.joblib
1,blur_sigma2,QWEN_0212_kling_v2_1,1,0.875575065612793,qwen::kling_v2_1,,models/v2/clip_lora_fold1_best_v1.pt,models/v2/v2_10b_h2_balanced_logreg_fold1_v1.joblib
1,blur_sigma2,QWEN_0212_Qwen_Image_2512,1,0.6829349994659424,qwen::Qwen-Image-2512,,models/v2/clip_lora_fold1_best_v1.pt,models/v2/v2_10b_h2_balanced_logreg_fold1_v1.joblib
1,blur_sigma2,QWEN_0212_GPT_Image_1,1,0.788871169090271,qwen::GPT-Image-1,,models/v2/clip_lora_fold1_best_v1.pt,models/v2/v2_10b_h2_balanced_logreg_fold1_v1.joblib
1,blur_sigma2,QWEN_0212_GPT_Image_15,1,0.9225103259086609,qwen::GPT-Image-1.5,,models/v2/clip_lora_fold1_best_v1.pt,models/v2/v2_10b_h2_balanced_logreg_fold1_v1.joblib
1,blur_sigma2,QWEN_0222_gpt_image_2,1,0.7604705095291138,qwen::gpt-image-2,,models/v2/clip_lora_fold1_best_v1.pt,models/v2/v2_10b_h2_balanced_logreg_fold1_v1.joblib
1,blur_sigma2,QWEN_0222_FLUX2_max,1,0.8829604387283325,qwen::FLUX.2_max,,models/v2/clip_lora_fold1_best_v1.pt,models/v2/v2_10b_h2_balanced_logreg_fold1_v1.joblib
1,blur_sigma2,QWEN_0222_kling_v2_1,1,0.7693370580673218,qwen::kling_v2_1,,models/v2/clip_lora_fold1_best_v1.pt,models/v2/v2_10b_h2_balanced_logreg_fold1_v1.joblib
1,blur_sigma2,QWEN_0222_Qwen_Image_2512,1,0.9093934297561646,qwen::Qwen-Image-2512,,models/v2/clip_lora_fold1_best_v1.pt,models/v2/v2_10b_h2_balanced_logreg_fold1_v1.joblib
1,blur_sigma2,QWEN_0222_GPT_Image_1,1,0.8805566430091858,qwen::GPT-Image-1,,models/v2/clip_lora_fold1_best_v1.pt,models/v2/v2_10b_h2_balanced_logreg_fold1_v1.joblib
1,blur_sigma2,QWEN_0222_GPT_Image_15,1,0.9405578374862671,qwen::GPT-Image-1.5,,models/v2/clip_lora_fold1_best_v1.pt,models/v2/v2_10b_h2_balanced_logreg_fold1_v1.joblib
1,blur_sigma2,QWEN_0239_gpt_image_2,1,0.7635647654533386,qwen::gpt-image-2,,models/v2/clip_lora_fold1_best_v1.pt,models/v2/v2_10b_h2_balanced_logreg_fold1_v1.joblib
1,blur_sigma2,QWEN_0239_FLUX2_max,1,0.8909294605255127,qwen::FLUX.2_max,,models/v2/clip_lora_fold1_best_v1.pt,models/v2/v2_10b_h2_balanced_logreg_fold1_v1.joblib
1,blur_sigma2,QWEN_0239_kling_v2_1,1,0.8227500319480896,qwen::kling_v2_1,,models/v2/clip_lora_fold1_best_v1.pt,models/v2/v2_10b_h2_balanced_logreg_fold1_v1.joblib
1,blur_sigma2,QWEN_0239_Qwen_Image_2512,1,0.797492265701294,qwen::Qwen-Image-2512,,models/v2/clip_lora_fold1_best_v1.pt,models/v2/v2_10b_h2_balanced_logreg_fold1_v1.joblib
1,blur_sigma2,QWEN_0239_GPT_Image_1,1,0.8370937705039978,qwen::GPT-Image-1,,models/v2/clip_lora_fold1_best_v1.pt,models/v2/v2_10b_h2_balanced_logreg_fold1_v1.joblib
1,blur_sigma2,QWEN_0239_GPT_Image_15,1,0.7645389437675476,qwen::GPT-Image-1.5,,models/v2/clip_lora_fold1_best_v1.pt,models/v2/v2_10b_h2_balanced_logreg_fold1_v1.joblib
1,blur_sigma2,QWEN_0260_gpt_image_2,1,0.8101723790168762,qwen::gpt-image-2,,models/v2/clip_lora_fold1_best_v1.pt,models/v2/v2_10b_h2_balanced_logreg_fold1_v1.joblib
1,blur_sigma2,QWEN_0260_FLUX2_max,1,0.9433202147483826,qwen::FLUX.2_max,,models/v2/clip_lora_fold1_best_v1.pt,models/v2/v2_10b_h2_balanced_logreg_fold1_v1.joblib
1,blur_sigma2,QWEN_0260_kling_v2_1,1,0.9234217405319214,qwen::kling_v2_1,,models/v2/clip_lora_fold1_best_v1.pt,models/v2/v2_10b_h2_balanced_logreg_fold1_v1.joblib
1,blur_sigma2,QWEN_0260_Qwen_Image_2512,1,0.9353207945823669,qwen::Qwen-Image-2512,,models/v2/clip_lora_fold1_best_v1.pt,models/v2/v2_10b_h2_balanced_logreg_fold1_v1.joblib
1,blur_sigma2,QWEN_0260_GPT_Image_1,1,0.6456905007362366,qwen::GPT-Image-1,,models/v2/clip_lora_fold1_best_v1.pt,models/v2/v2_10b_h2_balanced_logreg_fold1_v1.joblib
1,blur_sigma2,QWEN_0260_GPT_Image_15,1,0.9263626933097839,qwen::GPT-Image-1.5,,models/v2/clip_lora_fold1_best_v1.pt,models/v2/v2_10b_h2_balanced_logreg_fold1_v1.joblib
1,blur_sigma2,QWEN_0288_gpt_image_2,1,0.6298978328704834,qwen::gpt-image-2,,models/v2/clip_lora_fold1_best_v1.pt,models/v2/v2_10b_h2_balanced_logreg_fold1_v1.joblib
1,blur_sigma2,QWEN_0288_FLUX2_max,1,0.7610995173454285,qwen::FLUX.2_max,,models/v2/clip_lora_fold1_best_v1.pt,models/v2/v2_10b_h2_balanced_logreg_fold1_v1.joblib
1,blur_sigma2,QWEN_0288_kling_v2_1,1,0.7253159284591675,qwen::kling_v2_1,,models/v2/clip_lora_fold1_best_v1.pt,models/v2/v2_10b_h2_balanced_logreg_fold1_v1.joblib
1,blur_sigma2,QWEN_0288_Qwen_Image_2512,1,0.24468281865119934,qwen::Qwen-Image-2512,,models/v2/clip_lora_fold1_best_v1.pt,models/v2/v2_10b_h2_balanced_logreg_fold1_v1.joblib
1,blur_sigma2,QWEN_0288_GPT_Image_1,1,0.33009567856788635,qwen::GPT-Image-1,,models/v2/clip_lora_fold1_best_v1.pt,models/v2/v2_10b_h2_balanced_logreg_fold1_v1.joblib
1,blur_sigma2,QWEN_0288_GPT_Image_15,1,0.47764360904693604,qwen::GPT-Image-1.5,,models/v2/clip_lora_fold1_best_v1.pt,models/v2/v2_10b_h2_balanced_logreg_fold1_v1.joblib
1,blur_sigma2,QWEN_0309_gpt_image_2,1,0.9025552868843079,qwen::gpt-image-2,,models/v2/clip_lora_fold1_best_v1.pt,models/v2/v2_10b_h2_balanced_logreg_fold1_v1.joblib
1,blur_sigma2,QWEN_0309_FLUX2_max,1,0.8023642897605896,qwen::FLUX.2_max,,models/v2/clip_lora_fold1_best_v1.pt,models/v2/v2_10b_h2_balanced_logreg_fold1_v1.joblib
1,blur_sigma2,QWEN_0309_kling_v2_1,1,0.8498959541320801,qwen::kling_v2_1,,models/v2/clip_lora_fold1_best_v1.pt,models/v2/v2_10b_h2_balanced_logreg_fold1_v1.joblib
1,blur_sigma2,QWEN_0309_Qwen_Image_2512,1,0.8660941123962402,qwen::Qwen-Image-2512,,models/v2/clip_lora_fold1_best_v1.pt,models/v2/v2_10b_h2_balanced_logreg_fold1_v1.joblib
1,blur_sigma2,QWEN_0309_GPT_Image_1,1,0.8323325514793396,qwen::GPT-Image-1,,models/v2/clip_lora_fold1_best_v1.pt,models/v2/v2_10b_h2_balanced_logreg_fold1_v1.joblib
1,blur_sigma2,QWEN_0309_GPT_Image_15,1,0.8989255428314209,qwen::GPT-Image-1.5,,models/v2/clip_lora_fold1_best_v1.pt,models/v2/v2_10b_h2_balanced_logreg_fold1_v1.joblib
1,blur_sigma2,QWEN_0315_gpt_image_2,1,0.8738015294075012,qwen::gpt-image-2,,models/v2/clip_lora_fold1_best_v1.pt,models/v2/v2_10b_h2_balanced_logreg_fold1_v1.joblib
1,blur_sigma2,QWEN_0315_FLUX2_max,1,0.3514503240585327,qwen::FLUX.2_max,,models/v2/clip_lora_fold1_best_v1.pt,models/v2/v2_10b_h2_balanced_logreg_fold1_v1.joblib
1,blur_sigma2,QWEN_0315_kling_v2_1,1,0.5862323045730591,qwen::kling_v2_1,,models/v2/clip_lora_fold1_best_v1.pt,models/v2/v2_10b_h2_balanced_logreg_fold1_v1.joblib
1,blur_sigma2,QWEN_0315_Qwen_Image_2512,1,0.7928133010864258,qwen::Qwen-Image-2512,,models/v2/clip_lora_fold1_best_v1.pt,models/v2/v2_10b_h2_balanced_logreg_fold1_v1.joblib
1,blur_sigma2,QWEN_0315_GPT_Image_1,1,0.6551395058631897,qwen::GPT-Image-1,,models/v2/clip_lora_fold1_best_v1.pt,models/v2/v2_10b_h2_balanced_logreg_fold1_v1.joblib
1,blur_sigma2,QWEN_0315_GPT_Image_15,1,0.5728172063827515,qwen::GPT-Image-1.5,,models/v2/clip_lora_fold1_best_v1.pt,models/v2/v2_10b_h2_balanced_logreg_fold1_v1.joblib
1,blur_sigma2,QWEN_0323_gpt_image_2,1,0.6302215456962585,qwen::gpt-image-2,,models/v2/clip_lora_fold1_best_v1.pt,models/v2/v2_10b_h2_balanced_logreg_fold1_v1.joblib
1,blur_sigma2,QWEN_0323_FLUX2_max,1,0.7671780586242676,qwen::FLUX.2_max,,models/v2/clip_lora_fold1_best_v1.pt,models/v2/v2_10b_h2_balanced_logreg_fold1_v1.joblib
1,blur_sigma2,QWEN_0323_kling_v2_1,1,0.7547368407249451,qwen::kling_v2_1,,models/v2/clip_lora_fold1_best_v1.pt,models/v2/v2_10b_h2_balanced_logreg_fold1_v1.joblib
1,blur_sigma2,QWEN_0323_Qwen_Image_2512,1,0.6571041941642761,qwen::Qwen-Image-2512,,models/v2/clip_lora_fold1_best_v1.pt,models/v2/v2_10b_h2_balanced_logreg_fold1_v1.joblib
1,blur_sigma2,QWEN_0323_GPT_Image_1,1,0.9170318841934204,qwen::GPT-Image-1,,models/v2/clip_lora_fold1_best_v1.pt,models/v2/v2_10b_h2_balanced_logreg_fold1_v1.joblib
1,blur_sigma2,QWEN_0323_GPT_Image_15,1,0.7286383509635925,qwen::GPT-Image-1.5,,models/v2/clip_lora_fold1_best_v1.pt,models/v2/v2_10b_h2_balanced_logreg_fold1_v1.joblib
1,blur_sigma2,QWEN_0335_gpt_image_2,1,0.8861309885978699,qwen::gpt-image-2,,models/v2/clip_lora_fold1_best_v1.pt,models/v2/v2_10b_h2_balanced_logreg_fold1_v1.joblib
1,blur_sigma2,QWEN_0335_FLUX2_max,1,0.8590254187583923,qwen::FLUX.2_max,,models/v2/clip_lora_fold1_best_v1.pt,models/v2/v2_10b_h2_balanced_logreg_fold1_v1.joblib
1,blur_sigma2,QWEN_0335_kling_v2_1,1,0.6382473111152649,qwen::kling_v2_1,,models/v2/clip_lora_fold1_best_v1.pt,models/v2/v2_10b_h2_balanced_logreg_fold1_v1.joblib
1,blur_sigma2,QWEN_0335_Qwen_Image_2512,1,0.9386718273162842,qwen::Qwen-Image-2512,,models/v2/clip_lora_fold1_best_v1.pt,models/v2/v2_10b_h2_balanced_logreg_fold1_v1.joblib
1,blur_sigma2,QWEN_0335_GPT_Image_1,1,0.9555696845054626,qwen::GPT-Image-1,,models/v2/clip_lora_fold1_best_v1.pt,models/v2/v2_10b_h2_balanced_logreg_fold1_v1.joblib
1,blur_sigma2,QWEN_0335_GPT_Image_15,1,0.9031787514686584,qwen::GPT-Image-1.5,,models/v2/clip_lora_fold1_best_v1.pt,models/v2/v2_10b_h2_balanced_logreg_fold1_v1.joblib
1,blur_sigma2,QWEN_0342_gpt_image_2,1,0.5636234879493713,qwen::gpt-image-2,,models/v2/clip_lora_fold1_best_v1.pt,models/v2/v2_10b_h2_balanced_logreg_fold1_v1.joblib
1,blur_sigma2,QWEN_0342_FLUX2_max,1,0.6111303567886353,qwen::FLUX.2_max,,models/v2/clip_lora_fold1_best_v1.pt,models/v2/v2_10b_h2_balanced_logreg_fold1_v1.joblib
1,blur_sigma2,QWEN_0342_kling_v2_1,1,0.6381246447563171,qwen::kling_v2_1,,models/v2/clip_lora_fold1_best_v1.pt,models/v2/v2_10b_h2_balanced_logreg_fold1_v1.joblib
1,blur_sigma2,QWEN_0342_Qwen_Image_2512,1,0.5531549453735352,qwen::Qwen-Image-2512,,models/v2/clip_lora_fold1_best_v1.pt,models/v2/v2_10b_h2_balanced_logreg_fold1_v1.joblib
1,blur_sigma2,QWEN_0342_GPT_Image_1,1,0.7076935768127441,qwen::GPT-Image-1,,models/v2/clip_lora_fold1_best_v1.pt,models/v2/v2_10b_h2_balanced_logreg_fold1_v1.joblib
1,blur_sigma2,QWEN_0342_GPT_Image_15,1,0.5601457953453064,qwen::GPT-Image-1.5,,models/v2/clip_lora_fold1_best_v1.pt,models/v2/v2_10b_h2_balanced_logreg_fold1_v1.joblib
1,blur_sigma2,QWEN_0347_gpt_image_2,1,0.5174450278282166,qwen::gpt-image-2,,models/v2/clip_lora_fold1_best_v1.pt,models/v2/v2_10b_h2_balanced_logreg_fold1_v1.joblib
1,blur_sigma2,QWEN_0347_FLUX2_max,1,0.7309721112251282,qwen::FLUX.2_max,,models/v2/clip_lora_fold1_best_v1.pt,models/v2/v2_10b_h2_balanced_logreg_fold1_v1.joblib
1,blur_sigma2,QWEN_0347_kling_v2_1,1,0.9701087474822998,qwen::kling_v2_1,,models/v2/clip_lora_fold1_best_v1.pt,models/v2/v2_10b_h2_balanced_logreg_fold1_v1.joblib
1,blur_sigma2,QWEN_0347_Qwen_Image_2512,1,0.9587884545326233,qwen::Qwen-Image-2512,,models/v2/clip_lora_fold1_best_v1.pt,models/v2/v2_10b_h2_balanced_logreg_fold1_v1.joblib
1,blur_sigma2,QWEN_0347_GPT_Image_1,1,0.9407059550285339,qwen::GPT-Image-1,,models/v2/clip_lora_fold1_best_v1.pt,models/v2/v2_10b_h2_balanced_logreg_fold1_v1.joblib
1,blur_sigma2,QWEN_0347_GPT_Image_15,1,0.4140525758266449,qwen::GPT-Image-1.5,,models/v2/clip_lora_fold1_best_v1.pt,models/v2/v2_10b_h2_balanced_logreg_fold1_v1.joblib
1,blur_sigma2,QWEN_0354_gpt_image_2,1,0.3156828284263611,qwen::gpt-image-2,,models/v2/clip_lora_fold1_best_v1.pt,models/v2/v2_10b_h2_balanced_logreg_fold1_v1.joblib
1,blur_sigma2,QWEN_0354_FLUX2_max,1,0.2252402901649475,qwen::FLUX.2_max,,models/v2/clip_lora_fold1_best_v1.pt,models/v2/v2_10b_h2_balanced_logreg_fold1_v1.joblib
1,blur_sigma2,QWEN_0354_kling_v2_1,1,0.5533465147018433,qwen::kling_v2_1,,models/v2/clip_lora_fold1_best_v1.pt,models/v2/v2_10b_h2_balanced_logreg_fold1_v1.joblib
1,blur_sigma2,QWEN_0354_Qwen_Image_2512,1,0.935613751411438,qwen::Qwen-Image-2512,,models/v2/clip_lora_fold1_best_v1.pt,models/v2/v2_10b_h2_balanced_logreg_fold1_v1.joblib
1,blur_sigma2,QWEN_0354_GPT_Image_1,1,0.7709450125694275,qwen::GPT-Image-1,,models/v2/clip_lora_fold1_best_v1.pt,models/v2/v2_10b_h2_balanced_logreg_fold1_v1.joblib
1,blur_sigma2,QWEN_0354_GPT_Image_15,1,0.18145263195037842,qwen::GPT-Image-1.5,,models/v2/clip_lora_fold1_best_v1.pt,models/v2/v2_10b_h2_balanced_logreg_fold1_v1.joblib
1,blur_sigma2,QWEN_0359_gpt_image_2,1,0.5522974729537964,qwen::gpt-image-2,,models/v2/clip_lora_fold1_best_v1.pt,models/v2/v2_10b_h2_balanced_logreg_fold1_v1.joblib
1,blur_sigma2,QWEN_0359_FLUX2_max,1,0.7101098299026489,qwen::FLUX.2_max,,models/v2/clip_lora_fold1_best_v1.pt,models/v2/v2_10b_h2_balanced_logreg_fold1_v1.joblib
1,blur_sigma2,QWEN_0359_kling_v2_1,1,0.9432762861251831,qwen::kling_v2_1,,models/v2/clip_lora_fold1_best_v1.pt,models/v2/v2_10b_h2_balanced_logreg_fold1_v1.joblib
1,blur_sigma2,QWEN_0359_Qwen_Image_2512,1,0.961717963218689,qwen::Qwen-Image-2512,,models/v2/clip_lora_fold1_best_v1.pt,models/v2/v2_10b_h2_balanced_logreg_fold1_v1.joblib
1,blur_sigma2,QWEN_0359_GPT_Image_1,1,0.9404297471046448,qwen::GPT-Image-1,,models/v2/clip_lora_fold1_best_v1.pt,models/v2/v2_10b_h2_balanced_logreg_fold1_v1.joblib
1,blur_sigma2,QWEN_0359_GPT_Image_15,1,0.8606711626052856,qwen::GPT-Image-1.5,,models/v2/clip_lora_fold1_best_v1.pt,models/v2/v2_10b_h2_balanced_logreg_fold1_v1.joblib
1,blur_sigma2,QWEN_0374_gpt_image_2,1,0.7990252375602722,qwen::gpt-image-2,,models/v2/clip_lora_fold1_best_v1.pt,models/v2/v2_10b_h2_balanced_logreg_fold1_v1.joblib
1,blur_sigma2,QWEN_0374_FLUX2_max,1,0.9289351105690002,qwen::FLUX.2_max,,models/v2/clip_lora_fold1_best_v1.pt,models/v2/v2_10b_h2_balanced_logreg_fold1_v1.joblib
1,blur_sigma2,QWEN_0374_kling_v2_1,1,0.7014833092689514,qwen::kling_v2_1,,models/v2/clip_lora_fold1_best_v1.pt,models/v2/v2_10b_h2_balanced_logreg_fold1_v1.joblib
1,blur_sigma2,QWEN_0374_Qwen_Image_2512,1,0.864528477191925,qwen::Qwen-Image-2512,,models/v2/clip_lora_fold1_best_v1.pt,models/v2/v2_10b_h2_balanced_logreg_fold1_v1.joblib
1,blur_sigma2,QWEN_0374_GPT_Image_1,1,0.9542551636695862,qwen::GPT-Image-1,,models/v2/clip_lora_fold1_best_v1.pt,models/v2/v2_10b_h2_balanced_logreg_fold1_v1.joblib
1,blur_sigma2,QWEN_0374_GPT_Image_15,1,0.826899528503418,qwen::GPT-Image-1.5,,models/v2/clip_lora_fold1_best_v1.pt,models/v2/v2_10b_h2_balanced_logreg_fold1_v1.joblib
1,blur_sigma2,QWEN_0386_gpt_image_2,1,0.5503968000411987,qwen::gpt-image-2,,models/v2/clip_lora_fold1_best_v1.pt,models/v2/v2_10b_h2_balanced_logreg_fold1_v1.joblib
1,blur_sigma2,QWEN_0386_FLUX2_max,1,0.6027767658233643,qwen::FLUX.2_max,,models/v2/clip_lora_fold1_best_v1.pt,models/v2/v2_10b_h2_balanced_logreg_fold1_v1.joblib
1,blur_sigma2,QWEN_0386_kling_v2_1,1,0.71563720703125,qwen::kling_v2_1,,models/v2/clip_lora_fold1_best_v1.pt,models/v2/v2_10b_h2_balanced_logreg_fold1_v1.joblib
1,blur_sigma2,QWEN_0386_Qwen_Image_2512,1,0.7852187156677246,qwen::Qwen-Image-2512,,models/v2/clip_lora_fold1_best_v1.pt,models/v2/v2_10b_h2_balanced_logreg_fold1_v1.joblib
1,blur_sigma2,QWEN_0386_GPT_Image_1,1,0.5765015482902527,qwen::GPT-Image-1,,models/v2/clip_lora_fold1_best_v1.pt,models/v2/v2_10b_h2_balanced_logreg_fold1_v1.joblib
1,blur_sigma2,QWEN_0386_GPT_Image_15,1,0.7558690309524536,qwen::GPT-Image-1.5,,models/v2/clip_lora_fold1_best_v1.pt,models/v2/v2_10b_h2_balanced_logreg_fold1_v1.joblib
1,blur_sigma2,QWEN_0392_gpt_image_2,1,0.5513226389884949,qwen::gpt-image-2,,models/v2/clip_lora_fold1_best_v1.pt,models/v2/v2_10b_h2_balanced_logreg_fold1_v1.joblib
1,blur_sigma2,QWEN_0392_FLUX2_max,1,0.6253981590270996,qwen::FLUX.2_max,,models/v2/clip_lora_fold1_best_v1.pt,models/v2/v2_10b_h2_balanced_logreg_fold1_v1.joblib
1,blur_sigma2,QWEN_0392_kling_v2_1,1,0.8277158737182617,qwen::kling_v2_1,,models/v2/clip_lora_fold1_best_v1.pt,models/v2/v2_10b_h2_balanced_logreg_fold1_v1.joblib
1,blur_sigma2,QWEN_0392_Qwen_Image_2512,1,0.6539918184280396,qwen::Qwen-Image-2512,,models/v2/clip_lora_fold1_best_v1.pt,models/v2/v2_10b_h2_balanced_logreg_fold1_v1.joblib
1,blur_sigma2,QWEN_0392_GPT_Image_1,1,0.804844081401825,qwen::GPT-Image-1,,models/v2/clip_lora_fold1_best_v1.pt,models/v2/v2_10b_h2_balanced_logreg_fold1_v1.joblib
1,blur_sigma2,QWEN_0392_GPT_Image_15,1,0.8152327537536621,qwen::GPT-Image-1.5,,models/v2/clip_lora_fold1_best_v1.pt,models/v2/v2_10b_h2_balanced_logreg_fold1_v1.joblib
1,blur_sigma2,QWEN_0397_gpt_image_2,1,0.8786904215812683,qwen::gpt-image-2,,models/v2/clip_lora_fold1_best_v1.pt,models/v2/v2_10b_h2_balanced_logreg_fold1_v1.joblib
1,blur_sigma2,QWEN_0397_FLUX2_max,1,0.8093023300170898,qwen::FLUX.2_max,,models/v2/clip_lora_fold1_best_v1.pt,models/v2/v2_10b_h2_balanced_logreg_fold1_v1.joblib
1,blur_sigma2,QWEN_0397_kling_v2_1,1,0.8809899091720581,qwen::kling_v2_1,,models/v2/clip_lora_fold1_best_v1.pt,models/v2/v2_10b_h2_balanced_logreg_fold1_v1.joblib
1,blur_sigma2,QWEN_0397_Qwen_Image_2512,1,0.7364839315414429,qwen::Qwen-Image-2512,,models/v2/clip_lora_fold1_best_v1.pt,models/v2/v2_10b_h2_balanced_logreg_fold1_v1.joblib
1,blur_sigma2,QWEN_0397_GPT_Image_1,1,0.6689872145652771,qwen::GPT-Image-1,,models/v2/clip_lora_fold1_best_v1.pt,models/v2/v2_10b_h2_balanced_logreg_fold1_v1.joblib
1,blur_sigma2,QWEN_0397_GPT_Image_15,1,0.8714429140090942,qwen::GPT-Image-1.5,,models/v2/clip_lora_fold1_best_v1.pt,models/v2/v2_10b_h2_balanced_logreg_fold1_v1.joblib
1,blur_sigma2,QWEN_0413_gpt_image_2,1,0.8640875816345215,qwen::gpt-image-2,,models/v2/clip_lora_fold1_best_v1.pt,models/v2/v2_10b_h2_balanced_logreg_fold1_v1.joblib
1,blur_sigma2,QWEN_0413_FLUX2_max,1,0.7112985253334045,qwen::FLUX.2_max,,models/v2/clip_lora_fold1_best_v1.pt,models/v2/v2_10b_h2_balanced_logreg_fold1_v1.joblib
1,blur_sigma2,QWEN_0413_kling_v2_1,1,0.6991697549819946,qwen::kling_v2_1,,models/v2/clip_lora_fold1_best_v1.pt,models/v2/v2_10b_h2_balanced_logreg_fold1_v1.joblib
1,blur_sigma2,QWEN_0413_Qwen_Image_2512,1,0.7148974537849426,qwen::Qwen-Image-2512,,models/v2/clip_lora_fold1_best_v1.pt,models/v2/v2_10b_h2_balanced_logreg_fold1_v1.joblib
1,blur_sigma2,QWEN_0413_GPT_Image_1,1,0.6886805891990662,qwen::GPT-Image-1,,models/v2/clip_lora_fold1_best_v1.pt,models/v2/v2_10b_h2_balanced_logreg_fold1_v1.joblib
1,blur_sigma2,QWEN_0413_GPT_Image_15,1,0.9089497327804565,qwen::GPT-Image-1.5,,models/v2/clip_lora_fold1_best_v1.pt,models/v2/v2_10b_h2_balanced_logreg_fold1_v1.joblib
1,blur_sigma2,QWEN_0415_gpt_image_2,1,0.8676031827926636,qwen::gpt-image-2,,models/v2/clip_lora_fold1_best_v1.pt,models/v2/v2_10b_h2_balanced_logreg_fold1_v1.joblib
1,blur_sigma2,QWEN_0415_FLUX2_max,1,0.9227163195610046,qwen::FLUX.2_max,,models/v2/clip_lora_fold1_best_v1.pt,models/v2/v2_10b_h2_balanced_logreg_fold1_v1.joblib
1,blur_sigma2,QWEN_0415_kling_v2_1,1,0.9305356740951538,qwen::kling_v2_1,,models/v2/clip_lora_fold1_best_v1.pt,models/v2/v2_10b_h2_balanced_logreg_fold1_v1.joblib
1,blur_sigma2,QWEN_0415_Qwen_Image_2512,1,0.9827454686164856,qwen::Qwen-Image-2512,,models/v2/clip_lora_fold1_best_v1.pt,models/v2/v2_10b_h2_balanced_logreg_fold1_v1.joblib
1,blur_sigma2,QWEN_0415_GPT_Image_1,1,0.9527257084846497,qwen::GPT-Image-1,,models/v2/clip_lora_fold1_best_v1.pt,models/v2/v2_10b_h2_balanced_logreg_fold1_v1.joblib
1,blur_sigma2,QWEN_0415_GPT_Image_15,1,0.9654721617698669,qwen::GPT-Image-1.5,,models/v2/clip_lora_fold1_best_v1.pt,models/v2/v2_10b_h2_balanced_logreg_fold1_v1.joblib
1,blur_sigma2,QWEN_0420_gpt_image_2,1,0.7154868245124817,qwen::gpt-image-2,,models/v2/clip_lora_fold1_best_v1.pt,models/v2/v2_10b_h2_balanced_logreg_fold1_v1.joblib
1,blur_sigma2,QWEN_0420_FLUX2_max,1,0.8883234262466431,qwen::FLUX.2_max,,models/v2/clip_lora_fold1_best_v1.pt,models/v2/v2_10b_h2_balanced_logreg_fold1_v1.joblib
1,blur_sigma2,QWEN_0420_kling_v2_1,1,0.835693359375,qwen::kling_v2_1,,models/v2/clip_lora_fold1_best_v1.pt,models/v2/v2_10b_h2_balanced_logreg_fold1_v1.joblib
1,blur_sigma2,QWEN_0420_Qwen_Image_2512,1,0.8487663865089417,qwen::Qwen-Image-2512,,models/v2/clip_lora_fold1_best_v1.pt,models/v2/v2_10b_h2_balanced_logreg_fold1_v1.joblib
1,blur_sigma2,QWEN_0420_GPT_Image_1,1,0.8954517245292664,qwen::GPT-Image-1,,models/v2/clip_lora_fold1_best_v1.pt,models/v2/v2_10b_h2_balanced_logreg_fold1_v1.joblib
1,blur_sigma2,QWEN_0420_GPT_Image_15,1,0.907936155796051,qwen::GPT-Image-1.5,,models/v2/clip_lora_fold1_best_v1.pt,models/v2/v2_10b_h2_balanced_logreg_fold1_v1.joblib
1,blur_sigma2,QWEN_0423_gpt_image_2,1,0.844310462474823,qwen::gpt-image-2,,models/v2/clip_lora_fold1_best_v1.pt,models/v2/v2_10b_h2_balanced_logreg_fold1_v1.joblib
1,blur_sigma2,QWEN_0423_FLUX2_max,1,0.8913953900337219,qwen::FLUX.2_max,,models/v2/clip_lora_fold1_best_v1.pt,models/v2/v2_10b_h2_balanced_logreg_fold1_v1.joblib
1,blur_sigma2,QWEN_0423_kling_v2_1,1,0.9653179049491882,qwen::kling_v2_1,,models/v2/clip_lora_fold1_best_v1.pt,models/v2/v2_10b_h2_balanced_logreg_fold1_v1.joblib
1,blur_sigma2,QWEN_0423_Qwen_Image_2512,1,0.9786179065704346,qwen::Qwen-Image-2512,,models/v2/clip_lora_fold1_best_v1.pt,models/v2/v2_10b_h2_balanced_logreg_fold1_v1.joblib
1,blur_sigma2,QWEN_0423_GPT_Image_1,1,0.9809112548828125,qwen::GPT-Image-1,,models/v2/clip_lora_fold1_best_v1.pt,models/v2/v2_10b_h2_balanced_logreg_fold1_v1.joblib
1,blur_sigma2,QWEN_0423_GPT_Image_15,1,0.9618512988090515,qwen::GPT-Image-1.5,,models/v2/clip_lora_fold1_best_v1.pt,models/v2/v2_10b_h2_balanced_logreg_fold1_v1.joblib
1,blur_sigma2,QWEN_0430_gpt_image_2,1,0.8201924562454224,qwen::gpt-image-2,,models/v2/clip_lora_fold1_best_v1.pt,models/v2/v2_10b_h2_balanced_logreg_fold1_v1.joblib
1,blur_sigma2,QWEN_0430_FLUX2_max,1,0.652874767780304,qwen::FLUX.2_max,,models/v2/clip_lora_fold1_best_v1.pt,models/v2/v2_10b_h2_balanced_logreg_fold1_v1.joblib
1,blur_sigma2,QWEN_0430_kling_v2_1,1,0.8420343995094299,qwen::kling_v2_1,,models/v2/clip_lora_fold1_best_v1.pt,models/v2/v2_10b_h2_balanced_logreg_fold1_v1.joblib
1,blur_sigma2,QWEN_0430_Qwen_Image_2512,1,0.8285648822784424,qwen::Qwen-Image-2512,,models/v2/clip_lora_fold1_best_v1.pt,models/v2/v2_10b_h2_balanced_logreg_fold1_v1.joblib
1,blur_sigma2,QWEN_0430_GPT_Image_1,1,0.9031371474266052,qwen::GPT-Image-1,,models/v2/clip_lora_fold1_best_v1.pt,models/v2/v2_10b_h2_balanced_logreg_fold1_v1.joblib
1,blur_sigma2,QWEN_0430_GPT_Image_15,1,0.9336188435554504,qwen::GPT-Image-1.5,,models/v2/clip_lora_fold1_best_v1.pt,models/v2/v2_10b_h2_balanced_logreg_fold1_v1.joblib
1,blur_sigma2,QWEN_0432_gpt_image_2,1,0.954166829586029,qwen::gpt-image-2,,models/v2/clip_lora_fold1_best_v1.pt,models/v2/v2_10b_h2_balanced_logreg_fold1_v1.joblib
1,blur_sigma2,QWEN_0432_FLUX2_max,1,0.9677361845970154,qwen::FLUX.2_max,,models/v2/clip_lora_fold1_best_v1.pt,models/v2/v2_10b_h2_balanced_logreg_fold1_v1.joblib
1,blur_sigma2,QWEN_0432_kling_v2_1,1,0.9358727335929871,qwen::kling_v2_1,,models/v2/clip_lora_fold1_best_v1.pt,models/v2/v2_10b_h2_balanced_logreg_fold1_v1.joblib
1,blur_sigma2,QWEN_0432_Qwen_Image_2512,1,0.9554745554924011,qwen::Qwen-Image-2512,,models/v2/clip_lora_fold1_best_v1.pt,models/v2/v2_10b_h2_balanced_logreg_fold1_v1.joblib
1,blur_sigma2,QWEN_0432_GPT_Image_1,1,0.9620988368988037,qwen::GPT-Image-1,,models/v2/clip_lora_fold1_best_v1.pt,models/v2/v2_10b_h2_balanced_logreg_fold1_v1.joblib
1,blur_sigma2,QWEN_0432_GPT_Image_15,1,0.9584938883781433,qwen::GPT-Image-1.5,,models/v2/clip_lora_fold1_best_v1.pt,models/v2/v2_10b_h2_balanced_logreg_fold1_v1.joblib
1,blur_sigma2,QWEN_0446_gpt_image_2,1,0.983867883682251,qwen::gpt-image-2,,models/v2/clip_lora_fold1_best_v1.pt,models/v2/v2_10b_h2_balanced_logreg_fold1_v1.joblib
1,blur_sigma2,QWEN_0446_FLUX2_max,1,0.9815289974212646,qwen::FLUX.2_max,,models/v2/clip_lora_fold1_best_v1.pt,models/v2/v2_10b_h2_balanced_logreg_fold1_v1.joblib
1,blur_sigma2,QWEN_0446_kling_v2_1,1,0.9851799011230469,qwen::kling_v2_1,,models/v2/clip_lora_fold1_best_v1.pt,models/v2/v2_10b_h2_balanced_logreg_fold1_v1.joblib
1,blur_sigma2,QWEN_0446_Qwen_Image_2512,1,0.9835644960403442,qwen::Qwen-Image-2512,,models/v2/clip_lora_fold1_best_v1.pt,models/v2/v2_10b_h2_balanced_logreg_fold1_v1.joblib
1,blur_sigma2,QWEN_0446_GPT_Image_1,1,0.9885199666023254,qwen::GPT-Image-1,,models/v2/clip_lora_fold1_best_v1.pt,models/v2/v2_10b_h2_balanced_logreg_fold1_v1.joblib
1,blur_sigma2,QWEN_0446_GPT_Image_15,1,0.965954065322876,qwen::GPT-Image-1.5,,models/v2/clip_lora_fold1_best_v1.pt,models/v2/v2_10b_h2_balanced_logreg_fold1_v1.joblib
1,blur_sigma2,QWEN_0451_gpt_image_2,1,0.9118854999542236,qwen::gpt-image-2,,models/v2/clip_lora_fold1_best_v1.pt,models/v2/v2_10b_h2_balanced_logreg_fold1_v1.joblib
1,blur_sigma2,QWEN_0451_FLUX2_max,1,0.9002078771591187,qwen::FLUX.2_max,,models/v2/clip_lora_fold1_best_v1.pt,models/v2/v2_10b_h2_balanced_logreg_fold1_v1.joblib
1,blur_sigma2,QWEN_0451_kling_v2_1,1,0.8668754696846008,qwen::kling_v2_1,,models/v2/clip_lora_fold1_best_v1.pt,models/v2/v2_10b_h2_balanced_logreg_fold1_v1.joblib
1,blur_sigma2,QWEN_0451_Qwen_Image_2512,1,0.9848288893699646,qwen::Qwen-Image-2512,,models/v2/clip_lora_fold1_best_v1.pt,models/v2/v2_10b_h2_balanced_logreg_fold1_v1.joblib
1,blur_sigma2,QWEN_0451_GPT_Image_1,1,0.9602776169776917,qwen::GPT-Image-1,,models/v2/clip_lora_fold1_best_v1.pt,models/v2/v2_10b_h2_balanced_logreg_fold1_v1.joblib
1,blur_sigma2,QWEN_0451_GPT_Image_15,1,0.9477623105049133,qwen::GPT-Image-1.5,,models/v2/clip_lora_fold1_best_v1.pt,models/v2/v2_10b_h2_balanced_logreg_fold1_v1.joblib
1,blur_sigma2,QWEN_0456_gpt_image_2,1,0.9715198874473572,qwen::gpt-image-2,,models/v2/clip_lora_fold1_best_v1.pt,models/v2/v2_10b_h2_balanced_logreg_fold1_v1.joblib
1,blur_sigma2,QWEN_0456_FLUX2_max,1,0.9259898662567139,qwen::FLUX.2_max,,models/v2/clip_lora_fold1_best_v1.pt,models/v2/v2_10b_h2_balanced_logreg_fold1_v1.joblib
1,blur_sigma2,QWEN_0456_kling_v2_1,1,0.9714995622634888,qwen::kling_v2_1,,models/v2/clip_lora_fold1_best_v1.pt,models/v2/v2_10b_h2_balanced_logreg_fold1_v1.joblib
1,blur_sigma2,QWEN_0456_Qwen_Image_2512,1,0.9462738633155823,qwen::Qwen-Image-2512,,models/v2/clip_lora_fold1_best_v1.pt,models/v2/v2_10b_h2_balanced_logreg_fold1_v1.joblib
1,blur_sigma2,QWEN_0456_GPT_Image_1,1,0.9762865900993347,qwen::GPT-Image-1,,models/v2/clip_lora_fold1_best_v1.pt,models/v2/v2_10b_h2_balanced_logreg_fold1_v1.joblib
1,blur_sigma2,QWEN_0456_GPT_Image_15,1,0.6676542162895203,qwen::GPT-Image-1.5,,models/v2/clip_lora_fold1_best_v1.pt,models/v2/v2_10b_h2_balanced_logreg_fold1_v1.joblib
1,blur_sigma2,QWEN_0461_gpt_image_2,1,0.75389164686203,qwen::gpt-image-2,,models/v2/clip_lora_fold1_best_v1.pt,models/v2/v2_10b_h2_balanced_logreg_fold1_v1.joblib
1,blur_sigma2,QWEN_0461_FLUX2_max,1,0.858265221118927,qwen::FLUX.2_max,,models/v2/clip_lora_fold1_best_v1.pt,models/v2/v2_10b_h2_balanced_logreg_fold1_v1.joblib
1,blur_sigma2,QWEN_0461_kling_v2_1,1,0.8326285481452942,qwen::kling_v2_1,,models/v2/clip_lora_fold1_best_v1.pt,models/v2/v2_10b_h2_balanced_logreg_fold1_v1.joblib
1,blur_sigma2,QWEN_0461_Qwen_Image_2512,1,0.8675428032875061,qwen::Qwen-Image-2512,,models/v2/clip_lora_fold1_best_v1.pt,models/v2/v2_10b_h2_balanced_logreg_fold1_v1.joblib
1,blur_sigma2,QWEN_0461_GPT_Image_1,1,0.8421481847763062,qwen::GPT-Image-1,,models/v2/clip_lora_fold1_best_v1.pt,models/v2/v2_10b_h2_balanced_logreg_fold1_v1.joblib
1,blur_sigma2,QWEN_0461_GPT_Image_15,1,0.9194104671478271,qwen::GPT-Image-1.5,,models/v2/clip_lora_fold1_best_v1.pt,models/v2/v2_10b_h2_balanced_logreg_fold1_v1.joblib
1,blur_sigma2,QWEN_0465_gpt_image_2,1,0.9050624966621399,qwen::gpt-image-2,,models/v2/clip_lora_fold1_best_v1.pt,models/v2/v2_10b_h2_balanced_logreg_fold1_v1.joblib
1,blur_sigma2,QWEN_0465_FLUX2_max,1,0.7972022294998169,qwen::FLUX.2_max,,models/v2/clip_lora_fold1_best_v1.pt,models/v2/v2_10b_h2_balanced_logreg_fold1_v1.joblib
1,blur_sigma2,QWEN_0465_kling_v2_1,1,0.8360212445259094,qwen::kling_v2_1,,models/v2/clip_lora_fold1_best_v1.pt,models/v2/v2_10b_h2_balanced_logreg_fold1_v1.joblib
1,blur_sigma2,QWEN_0465_Qwen_Image_2512,1,0.8112717270851135,qwen::Qwen-Image-2512,,models/v2/clip_lora_fold1_best_v1.pt,models/v2/v2_10b_h2_balanced_logreg_fold1_v1.joblib
1,blur_sigma2,QWEN_0465_GPT_Image_1,1,0.4709840416908264,qwen::GPT-Image-1,,models/v2/clip_lora_fold1_best_v1.pt,models/v2/v2_10b_h2_balanced_logreg_fold1_v1.joblib
1,blur_sigma2,QWEN_0465_GPT_Image_15,1,0.8607946038246155,qwen::GPT-Image-1.5,,models/v2/clip_lora_fold1_best_v1.pt,models/v2/v2_10b_h2_balanced_logreg_fold1_v1.joblib
1,blur_sigma2,QWEN_0471_gpt_image_2,1,0.8680160045623779,qwen::gpt-image-2,,models/v2/clip_lora_fold1_best_v1.pt,models/v2/v2_10b_h2_balanced_logreg_fold1_v1.joblib
1,blur_sigma2,QWEN_0471_FLUX2_max,1,0.7991998195648193,qwen::FLUX.2_max,,models/v2/clip_lora_fold1_best_v1.pt,models/v2/v2_10b_h2_balanced_logreg_fold1_v1.joblib
1,blur_sigma2,QWEN_0471_kling_v2_1,1,0.5778902173042297,qwen::kling_v2_1,,models/v2/clip_lora_fold1_best_v1.pt,models/v2/v2_10b_h2_balanced_logreg_fold1_v1.joblib
1,blur_sigma2,QWEN_0471_Qwen_Image_2512,1,0.5860176086425781,qwen::Qwen-Image-2512,,models/v2/clip_lora_fold1_best_v1.pt,models/v2/v2_10b_h2_balanced_logreg_fold1_v1.joblib
1,blur_sigma2,QWEN_0471_GPT_Image_1,1,0.758886992931366,qwen::GPT-Image-1,,models/v2/clip_lora_fold1_best_v1.pt,models/v2/v2_10b_h2_balanced_logreg_fold1_v1.joblib
1,blur_sigma2,QWEN_0471_GPT_Image_15,1,0.7943018674850464,qwen::GPT-Image-1.5,,models/v2/clip_lora_fold1_best_v1.pt,models/v2/v2_10b_h2_balanced_logreg_fold1_v1.joblib
1,blur_sigma2,QWEN_0476_gpt_image_2,1,0.8463209271430969,qwen::gpt-image-2,,models/v2/clip_lora_fold1_best_v1.pt,models/v2/v2_10b_h2_balanced_logreg_fold1_v1.joblib
1,blur_sigma2,QWEN_0476_FLUX2_max,1,0.786064863204956,qwen::FLUX.2_max,,models/v2/clip_lora_fold1_best_v1.pt,models/v2/v2_10b_h2_balanced_logreg_fold1_v1.joblib
1,blur_sigma2,QWEN_0476_kling_v2_1,1,0.6650243401527405,qwen::kling_v2_1,,models/v2/clip_lora_fold1_best_v1.pt,models/v2/v2_10b_h2_balanced_logreg_fold1_v1.joblib
1,blur_sigma2,QWEN_0476_Qwen_Image_2512,1,0.5707298517227173,qwen::Qwen-Image-2512,,models/v2/clip_lora_fold1_best_v1.pt,models/v2/v2_10b_h2_balanced_logreg_fold1_v1.joblib
1,blur_sigma2,QWEN_0476_GPT_Image_1,1,0.6785759925842285,qwen::GPT-Image-1,,models/v2/clip_lora_fold1_best_v1.pt,models/v2/v2_10b_h2_balanced_logreg_fold1_v1.joblib
1,blur_sigma2,QWEN_0476_GPT_Image_15,1,0.8573259115219116,qwen::GPT-Image-1.5,,models/v2/clip_lora_fold1_best_v1.pt,models/v2/v2_10b_h2_balanced_logreg_fold1_v1.joblib
1,blur_sigma2,QWEN_0480_gpt_image_2,1,0.551048219203949,qwen::gpt-image-2,,models/v2/clip_lora_fold1_best_v1.pt,models/v2/v2_10b_h2_balanced_logreg_fold1_v1.joblib
1,blur_sigma2,QWEN_0480_FLUX2_max,1,0.761275053024292,qwen::FLUX.2_max,,models/v2/clip_lora_fold1_best_v1.pt,models/v2/v2_10b_h2_balanced_logreg_fold1_v1.joblib
1,blur_sigma2,QWEN_0480_kling_v2_1,1,0.7600310444831848,qwen::kling_v2_1,,models/v2/clip_lora_fold1_best_v1.pt,models/v2/v2_10b_h2_balanced_logreg_fold1_v1.joblib
1,blur_sigma2,QWEN_0480_Qwen_Image_2512,1,0.7434744834899902,qwen::Qwen-Image-2512,,models/v2/clip_lora_fold1_best_v1.pt,models/v2/v2_10b_h2_balanced_logreg_fold1_v1.joblib
1,blur_sigma2,QWEN_0480_GPT_Image_1,1,0.8836004734039307,qwen::GPT-Image-1,,models/v2/clip_lora_fold1_best_v1.pt,models/v2/v2_10b_h2_balanced_logreg_fold1_v1.joblib
1,blur_sigma2,QWEN_0480_GPT_Image_15,1,0.7689890265464783,qwen::GPT-Image-1.5,,models/v2/clip_lora_fold1_best_v1.pt,models/v2/v2_10b_h2_balanced_logreg_fold1_v1.joblib
1,blur_sigma2,QWEN_0507_gpt_image_2,1,0.8166099190711975,qwen::gpt-image-2,,models/v2/clip_lora_fold1_best_v1.pt,models/v2/v2_10b_h2_balanced_logreg_fold1_v1.joblib
1,blur_sigma2,QWEN_0507_FLUX2_max,1,0.8185606002807617,qwen::FLUX.2_max,,models/v2/clip_lora_fold1_best_v1.pt,models/v2/v2_10b_h2_balanced_logreg_fold1_v1.joblib
1,blur_sigma2,QWEN_0507_kling_v2_1,1,0.800300657749176,qwen::kling_v2_1,,models/v2/clip_lora_fold1_best_v1.pt,models/v2/v2_10b_h2_balanced_logreg_fold1_v1.joblib
1,blur_sigma2,QWEN_0507_Qwen_Image_2512,1,0.8297138810157776,qwen::Qwen-Image-2512,,models/v2/clip_lora_fold1_best_v1.pt,models/v2/v2_10b_h2_balanced_logreg_fold1_v1.joblib
1,blur_sigma2,QWEN_0507_GPT_Image_1,1,0.7320832014083862,qwen::GPT-Image-1,,models/v2/clip_lora_fold1_best_v1.pt,models/v2/v2_10b_h2_balanced_logreg_fold1_v1.joblib
1,blur_sigma2,QWEN_0507_GPT_Image_15,1,0.8756020069122314,qwen::GPT-Image-1.5,,models/v2/clip_lora_fold1_best_v1.pt,models/v2/v2_10b_h2_balanced_logreg_fold1_v1.joblib
1,blur_sigma2,QWEN_0518_gpt_image_2,1,0.79388827085495,qwen::gpt-image-2,,models/v2/clip_lora_fold1_best_v1.pt,models/v2/v2_10b_h2_balanced_logreg_fold1_v1.joblib
1,blur_sigma2,QWEN_0518_FLUX2_max,1,0.9464448690414429,qwen::FLUX.2_max,,models/v2/clip_lora_fold1_best_v1.pt,models/v2/v2_10b_h2_balanced_logreg_fold1_v1.joblib
1,blur_sigma2,QWEN_0518_kling_v2_1,1,0.9312807321548462,qwen::kling_v2_1,,models/v2/clip_lora_fold1_best_v1.pt,models/v2/v2_10b_h2_balanced_logreg_fold1_v1.joblib
1,blur_sigma2,QWEN_0518_Qwen_Image_2512,1,0.6615545153617859,qwen::Qwen-Image-2512,,models/v2/clip_lora_fold1_best_v1.pt,models/v2/v2_10b_h2_balanced_logreg_fold1_v1.joblib
1,blur_sigma2,QWEN_0518_GPT_Image_1,1,0.9049587249755859,qwen::GPT-Image-1,,models/v2/clip_lora_fold1_best_v1.pt,models/v2/v2_10b_h2_balanced_logreg_fold1_v1.joblib
1,blur_sigma2,QWEN_0518_GPT_Image_15,1,0.9295133352279663,qwen::GPT-Image-1.5,,models/v2/clip_lora_fold1_best_v1.pt,models/v2/v2_10b_h2_balanced_logreg_fold1_v1.joblib
1,blur_sigma2,QWEN_0524_gpt_image_2,1,0.9166474938392639,qwen::gpt-image-2,,models/v2/clip_lora_fold1_best_v1.pt,models/v2/v2_10b_h2_balanced_logreg_fold1_v1.joblib
1,blur_sigma2,QWEN_0524_FLUX2_max,1,0.7759579420089722,qwen::FLUX.2_max,,models/v2/clip_lora_fold1_best_v1.pt,models/v2/v2_10b_h2_balanced_logreg_fold1_v1.joblib
1,blur_sigma2,QWEN_0524_kling_v2_1,1,0.8204257488250732,qwen::kling_v2_1,,models/v2/clip_lora_fold1_best_v1.pt,models/v2/v2_10b_h2_balanced_logreg_fold1_v1.joblib
1,blur_sigma2,QWEN_0524_Qwen_Image_2512,1,0.7187582850456238,qwen::Qwen-Image-2512,,models/v2/clip_lora_fold1_best_v1.pt,models/v2/v2_10b_h2_balanced_logreg_fold1_v1.joblib
1,blur_sigma2,QWEN_0524_GPT_Image_1,1,0.849432647228241,qwen::GPT-Image-1,,models/v2/clip_lora_fold1_best_v1.pt,models/v2/v2_10b_h2_balanced_logreg_fold1_v1.joblib
1,blur_sigma2,QWEN_0524_GPT_Image_15,1,0.9241000413894653,qwen::GPT-Image-1.5,,models/v2/clip_lora_fold1_best_v1.pt,models/v2/v2_10b_h2_balanced_logreg_fold1_v1.joblib
1,blur_sigma2,QWEN_0553_gpt_image_2,1,0.7133187055587769,qwen::gpt-image-2,,models/v2/clip_lora_fold1_best_v1.pt,models/v2/v2_10b_h2_balanced_logreg_fold1_v1.joblib
1,blur_sigma2,QWEN_0553_FLUX2_max,1,0.5994864702224731,qwen::FLUX.2_max,,models/v2/clip_lora_fold1_best_v1.pt,models/v2/v2_10b_h2_balanced_logreg_fold1_v1.joblib
1,blur_sigma2,QWEN_0553_kling_v2_1,1,0.9305517673492432,qwen::kling_v2_1,,models/v2/clip_lora_fold1_best_v1.pt,models/v2/v2_10b_h2_balanced_logreg_fold1_v1.joblib
1,blur_sigma2,QWEN_0553_Qwen_Image_2512,1,0.776114284992218,qwen::Qwen-Image-2512,,models/v2/clip_lora_fold1_best_v1.pt,models/v2/v2_10b_h2_balanced_logreg_fold1_v1.joblib
1,blur_sigma2,QWEN_0553_GPT_Image_1,1,0.7794890403747559,qwen::GPT-Image-1,,models/v2/clip_lora_fold1_best_v1.pt,models/v2/v2_10b_h2_balanced_logreg_fold1_v1.joblib
1,blur_sigma2,QWEN_0553_GPT_Image_15,1,0.609125554561615,qwen::GPT-Image-1.5,,models/v2/clip_lora_fold1_best_v1.pt,models/v2/v2_10b_h2_balanced_logreg_fold1_v1.joblib
1,blur_sigma2,QWEN_0592_gpt_image_2,1,0.6575874090194702,qwen::gpt-image-2,,models/v2/clip_lora_fold1_best_v1.pt,models/v2/v2_10b_h2_balanced_logreg_fold1_v1.joblib
1,blur_sigma2,QWEN_0592_FLUX2_max,1,0.8101541996002197,qwen::FLUX.2_max,,models/v2/clip_lora_fold1_best_v1.pt,models/v2/v2_10b_h2_balanced_logreg_fold1_v1.joblib
1,blur_sigma2,QWEN_0592_kling_v2_1,1,0.9368722438812256,qwen::kling_v2_1,,models/v2/clip_lora_fold1_best_v1.pt,models/v2/v2_10b_h2_balanced_logreg_fold1_v1.joblib
1,blur_sigma2,QWEN_0592_Qwen_Image_2512,1,0.5805848240852356,qwen::Qwen-Image-2512,,models/v2/clip_lora_fold1_best_v1.pt,models/v2/v2_10b_h2_balanced_logreg_fold1_v1.joblib
1,blur_sigma2,QWEN_0592_GPT_Image_1,1,0.9327889084815979,qwen::GPT-Image-1,,models/v2/clip_lora_fold1_best_v1.pt,models/v2/v2_10b_h2_balanced_logreg_fold1_v1.joblib
1,blur_sigma2,QWEN_0592_GPT_Image_15,1,0.833278238773346,qwen::GPT-Image-1.5,,models/v2/clip_lora_fold1_best_v1.pt,models/v2/v2_10b_h2_balanced_logreg_fold1_v1.joblib
1,blur_sigma2,QWEN_0594_gpt_image_2,1,0.7727987170219421,qwen::gpt-image-2,,models/v2/clip_lora_fold1_best_v1.pt,models/v2/v2_10b_h2_balanced_logreg_fold1_v1.joblib
1,blur_sigma2,QWEN_0594_FLUX2_max,1,0.7591884732246399,qwen::FLUX.2_max,,models/v2/clip_lora_fold1_best_v1.pt,models/v2/v2_10b_h2_balanced_logreg_fold1_v1.joblib
1,blur_sigma2,QWEN_0594_kling_v2_1,1,0.9610433578491211,qwen::kling_v2_1,,models/v2/clip_lora_fold1_best_v1.pt,models/v2/v2_10b_h2_balanced_logreg_fold1_v1.joblib
1,blur_sigma2,QWEN_0594_Qwen_Image_2512,1,0.7062268853187561,qwen::Qwen-Image-2512,,models/v2/clip_lora_fold1_best_v1.pt,models/v2/v2_10b_h2_balanced_logreg_fold1_v1.joblib
1,blur_sigma2,QWEN_0594_GPT_Image_1,1,0.7578676342964172,qwen::GPT-Image-1,,models/v2/clip_lora_fold1_best_v1.pt,models/v2/v2_10b_h2_balanced_logreg_fold1_v1.joblib
1,blur_sigma2,QWEN_0594_GPT_Image_15,1,0.7113734483718872,qwen::GPT-Image-1.5,,models/v2/clip_lora_fold1_best_v1.pt,models/v2/v2_10b_h2_balanced_logreg_fold1_v1.joblib
1,blur_sigma2,QWEN_0597_gpt_image_2,1,0.9216735363006592,qwen::gpt-image-2,,models/v2/clip_lora_fold1_best_v1.pt,models/v2/v2_10b_h2_balanced_logreg_fold1_v1.joblib
1,blur_sigma2,QWEN_0597_FLUX2_max,1,0.907037079334259,qwen::FLUX.2_max,,models/v2/clip_lora_fold1_best_v1.pt,models/v2/v2_10b_h2_balanced_logreg_fold1_v1.joblib
1,blur_sigma2,QWEN_0597_kling_v2_1,1,0.9303327798843384,qwen::kling_v2_1,,models/v2/clip_lora_fold1_best_v1.pt,models/v2/v2_10b_h2_balanced_logreg_fold1_v1.joblib
1,blur_sigma2,QWEN_0597_Qwen_Image_2512,1,0.8465481996536255,qwen::Qwen-Image-2512,,models/v2/clip_lora_fold1_best_v1.pt,models/v2/v2_10b_h2_balanced_logreg_fold1_v1.joblib
1,blur_sigma2,QWEN_0597_GPT_Image_1,1,0.9820601940155029,qwen::GPT-Image-1,,models/v2/clip_lora_fold1_best_v1.pt,models/v2/v2_10b_h2_balanced_logreg_fold1_v1.joblib
1,blur_sigma2,QWEN_0597_GPT_Image_15,1,0.926717221736908,qwen::GPT-Image-1.5,,models/v2/clip_lora_fold1_best_v1.pt,models/v2/v2_10b_h2_balanced_logreg_fold1_v1.joblib
1,blur_sigma2,QWEN_0621_gpt_image_2,1,0.7977345585823059,qwen::gpt-image-2,,models/v2/clip_lora_fold1_best_v1.pt,models/v2/v2_10b_h2_balanced_logreg_fold1_v1.joblib
1,blur_sigma2,QWEN_0621_FLUX2_max,1,0.8605290055274963,qwen::FLUX.2_max,,models/v2/clip_lora_fold1_best_v1.pt,models/v2/v2_10b_h2_balanced_logreg_fold1_v1.joblib
1,blur_sigma2,QWEN_0621_kling_v2_1,1,0.8700047731399536,qwen::kling_v2_1,,models/v2/clip_lora_fold1_best_v1.pt,models/v2/v2_10b_h2_balanced_logreg_fold1_v1.joblib
1,blur_sigma2,QWEN_0621_Qwen_Image_2512,1,0.5302899479866028,qwen::Qwen-Image-2512,,models/v2/clip_lora_fold1_best_v1.pt,models/v2/v2_10b_h2_balanced_logreg_fold1_v1.joblib
1,blur_sigma2,QWEN_0621_GPT_Image_1,1,0.9350679516792297,qwen::GPT-Image-1,,models/v2/clip_lora_fold1_best_v1.pt,models/v2/v2_10b_h2_balanced_logreg_fold1_v1.joblib
1,blur_sigma2,QWEN_0621_GPT_Image_15,1,0.8551724553108215,qwen::GPT-Image-1.5,,models/v2/clip_lora_fold1_best_v1.pt,models/v2/v2_10b_h2_balanced_logreg_fold1_v1.joblib
1,blur_sigma2,QWEN_0634_gpt_image_2,1,0.9535989761352539,qwen::gpt-image-2,,models/v2/clip_lora_fold1_best_v1.pt,models/v2/v2_10b_h2_balanced_logreg_fold1_v1.joblib
1,blur_sigma2,QWEN_0634_FLUX2_max,1,0.8434311747550964,qwen::FLUX.2_max,,models/v2/clip_lora_fold1_best_v1.pt,models/v2/v2_10b_h2_balanced_logreg_fold1_v1.joblib
1,blur_sigma2,QWEN_0634_kling_v2_1,1,0.928658664226532,qwen::kling_v2_1,,models/v2/clip_lora_fold1_best_v1.pt,models/v2/v2_10b_h2_balanced_logreg_fold1_v1.joblib
1,blur_sigma2,QWEN_0634_Qwen_Image_2512,1,0.916782557964325,qwen::Qwen-Image-2512,,models/v2/clip_lora_fold1_best_v1.pt,models/v2/v2_10b_h2_balanced_logreg_fold1_v1.joblib
1,blur_sigma2,QWEN_0634_GPT_Image_1,1,0.8021401762962341,qwen::GPT-Image-1,,models/v2/clip_lora_fold1_best_v1.pt,models/v2/v2_10b_h2_balanced_logreg_fold1_v1.joblib
1,blur_sigma2,QWEN_0634_GPT_Image_15,1,0.7526810765266418,qwen::GPT-Image-1.5,,models/v2/clip_lora_fold1_best_v1.pt,models/v2/v2_10b_h2_balanced_logreg_fold1_v1.joblib
1,blur_sigma2,QWEN_0637_gpt_image_2,1,0.8252466917037964,qwen::gpt-image-2,,models/v2/clip_lora_fold1_best_v1.pt,models/v2/v2_10b_h2_balanced_logreg_fold1_v1.joblib
1,blur_sigma2,QWEN_0637_FLUX2_max,1,0.9207245111465454,qwen::FLUX.2_max,,models/v2/clip_lora_fold1_best_v1.pt,models/v2/v2_10b_h2_balanced_logreg_fold1_v1.joblib
1,blur_sigma2,QWEN_0637_kling_v2_1,1,0.905309796333313,qwen::kling_v2_1,,models/v2/clip_lora_fold1_best_v1.pt,models/v2/v2_10b_h2_balanced_logreg_fold1_v1.joblib
1,blur_sigma2,QWEN_0637_Qwen_Image_2512,1,0.9774009585380554,qwen::Qwen-Image-2512,,models/v2/clip_lora_fold1_best_v1.pt,models/v2/v2_10b_h2_balanced_logreg_fold1_v1.joblib
1,blur_sigma2,QWEN_0637_GPT_Image_1,1,0.6721017360687256,qwen::GPT-Image-1,,models/v2/clip_lora_fold1_best_v1.pt,models/v2/v2_10b_h2_balanced_logreg_fold1_v1.joblib
1,blur_sigma2,QWEN_0637_GPT_Image_15,1,0.8145852088928223,qwen::GPT-Image-1.5,,models/v2/clip_lora_fold1_best_v1.pt,models/v2/v2_10b_h2_balanced_logreg_fold1_v1.joblib
1,blur_sigma2,QWEN_0644_gpt_image_2,1,0.8955761194229126,qwen::gpt-image-2,,models/v2/clip_lora_fold1_best_v1.pt,models/v2/v2_10b_h2_balanced_logreg_fold1_v1.joblib
1,blur_sigma2,QWEN_0644_FLUX2_max,1,0.9693337082862854,qwen::FLUX.2_max,,models/v2/clip_lora_fold1_best_v1.pt,models/v2/v2_10b_h2_balanced_logreg_fold1_v1.joblib
1,blur_sigma2,QWEN_0644_kling_v2_1,1,0.9875229001045227,qwen::kling_v2_1,,models/v2/clip_lora_fold1_best_v1.pt,models/v2/v2_10b_h2_balanced_logreg_fold1_v1.joblib
1,blur_sigma2,QWEN_0644_Qwen_Image_2512,1,0.9799312949180603,qwen::Qwen-Image-2512,,models/v2/clip_lora_fold1_best_v1.pt,models/v2/v2_10b_h2_balanced_logreg_fold1_v1.joblib
1,blur_sigma2,QWEN_0644_GPT_Image_1,1,0.9848352670669556,qwen::GPT-Image-1,,models/v2/clip_lora_fold1_best_v1.pt,models/v2/v2_10b_h2_balanced_logreg_fold1_v1.joblib
1,blur_sigma2,QWEN_0644_GPT_Image_15,1,0.9794347882270813,qwen::GPT-Image-1.5,,models/v2/clip_lora_fold1_best_v1.pt,models/v2/v2_10b_h2_balanced_logreg_fold1_v1.joblib
1,blur_sigma2,QWEN_0656_gpt_image_2,1,0.7186535000801086,qwen::gpt-image-2,,models/v2/clip_lora_fold1_best_v1.pt,models/v2/v2_10b_h2_balanced_logreg_fold1_v1.joblib
1,blur_sigma2,QWEN_0656_FLUX2_max,1,0.8839686512947083,qwen::FLUX.2_max,,models/v2/clip_lora_fold1_best_v1.pt,models/v2/v2_10b_h2_balanced_logreg_fold1_v1.joblib
1,blur_sigma2,QWEN_0656_kling_v2_1,1,0.9635975360870361,qwen::kling_v2_1,,models/v2/clip_lora_fold1_best_v1.pt,models/v2/v2_10b_h2_balanced_logreg_fold1_v1.joblib
1,blur_sigma2,QWEN_0656_Qwen_Image_2512,1,0.8916124105453491,qwen::Qwen-Image-2512,,models/v2/clip_lora_fold1_best_v1.pt,models/v2/v2_10b_h2_balanced_logreg_fold1_v1.joblib
1,blur_sigma2,QWEN_0656_GPT_Image_1,1,0.9714846611022949,qwen::GPT-Image-1,,models/v2/clip_lora_fold1_best_v1.pt,models/v2/v2_10b_h2_balanced_logreg_fold1_v1.joblib
1,blur_sigma2,QWEN_0656_GPT_Image_15,1,0.954339861869812,qwen::GPT-Image-1.5,,models/v2/clip_lora_fold1_best_v1.pt,models/v2/v2_10b_h2_balanced_logreg_fold1_v1.joblib
1,blur_sigma2,QWEN_0657_gpt_image_2,1,0.8212360739707947,qwen::gpt-image-2,,models/v2/clip_lora_fold1_best_v1.pt,models/v2/v2_10b_h2_balanced_logreg_fold1_v1.joblib
1,blur_sigma2,QWEN_0657_FLUX2_max,1,0.9397138953208923,qwen::FLUX.2_max,,models/v2/clip_lora_fold1_best_v1.pt,models/v2/v2_10b_h2_balanced_logreg_fold1_v1.joblib
1,blur_sigma2,QWEN_0657_kling_v2_1,1,0.9362890720367432,qwen::kling_v2_1,,models/v2/clip_lora_fold1_best_v1.pt,models/v2/v2_10b_h2_balanced_logreg_fold1_v1.joblib
1,blur_sigma2,QWEN_0657_Qwen_Image_2512,1,0.8248094320297241,qwen::Qwen-Image-2512,,models/v2/clip_lora_fold1_best_v1.pt,models/v2/v2_10b_h2_balanced_logreg_fold1_v1.joblib
1,blur_sigma2,QWEN_0657_GPT_Image_1,1,0.903278648853302,qwen::GPT-Image-1,,models/v2/clip_lora_fold1_best_v1.pt,models/v2/v2_10b_h2_balanced_logreg_fold1_v1.joblib
1,blur_sigma2,QWEN_0657_GPT_Image_15,1,0.869985044002533,qwen::GPT-Image-1.5,,models/v2/clip_lora_fold1_best_v1.pt,models/v2/v2_10b_h2_balanced_logreg_fold1_v1.joblib
1,blur_sigma2,QWEN_0661_gpt_image_2,1,0.7996206879615784,qwen::gpt-image-2,,models/v2/clip_lora_fold1_best_v1.pt,models/v2/v2_10b_h2_balanced_logreg_fold1_v1.joblib
1,blur_sigma2,QWEN_0661_FLUX2_max,1,0.7828624844551086,qwen::FLUX.2_max,,models/v2/clip_lora_fold1_best_v1.pt,models/v2/v2_10b_h2_balanced_logreg_fold1_v1.joblib
1,blur_sigma2,QWEN_0661_kling_v2_1,1,0.9415830969810486,qwen::kling_v2_1,,models/v2/clip_lora_fold1_best_v1.pt,models/v2/v2_10b_h2_balanced_logreg_fold1_v1.joblib
1,blur_sigma2,QWEN_0661_Qwen_Image_2512,1,0.8961236476898193,qwen::Qwen-Image-2512,,models/v2/clip_lora_fold1_best_v1.pt,models/v2/v2_10b_h2_balanced_logreg_fold1_v1.joblib
1,blur_sigma2,QWEN_0661_GPT_Image_1,1,0.9822131395339966,qwen::GPT-Image-1,,models/v2/clip_lora_fold1_best_v1.pt,models/v2/v2_10b_h2_balanced_logreg_fold1_v1.joblib
1,blur_sigma2,QWEN_0661_GPT_Image_15,1,0.771635890007019,qwen::GPT-Image-1.5,,models/v2/clip_lora_fold1_best_v1.pt,models/v2/v2_10b_h2_balanced_logreg_fold1_v1.joblib
1,blur_sigma2,QWEN_0670_gpt_image_2,1,0.7712951898574829,qwen::gpt-image-2,,models/v2/clip_lora_fold1_best_v1.pt,models/v2/v2_10b_h2_balanced_logreg_fold1_v1.joblib
1,blur_sigma2,QWEN_0670_FLUX2_max,1,0.9197616577148438,qwen::FLUX.2_max,,models/v2/clip_lora_fold1_best_v1.pt,models/v2/v2_10b_h2_balanced_logreg_fold1_v1.joblib
1,blur_sigma2,QWEN_0670_kling_v2_1,1,0.7916472554206848,qwen::kling_v2_1,,models/v2/clip_lora_fold1_best_v1.pt,models/v2/v2_10b_h2_balanced_logreg_fold1_v1.joblib
1,blur_sigma2,QWEN_0670_Qwen_Image_2512,1,0.8456137180328369,qwen::Qwen-Image-2512,,models/v2/clip_lora_fold1_best_v1.pt,models/v2/v2_10b_h2_balanced_logreg_fold1_v1.joblib
1,blur_sigma2,QWEN_0670_GPT_Image_1,1,0.69110506772995,qwen::GPT-Image-1,,models/v2/clip_lora_fold1_best_v1.pt,models/v2/v2_10b_h2_balanced_logreg_fold1_v1.joblib
1,blur_sigma2,QWEN_0670_GPT_Image_15,1,0.8804219961166382,qwen::GPT-Image-1.5,,models/v2/clip_lora_fold1_best_v1.pt,models/v2/v2_10b_h2_balanced_logreg_fold1_v1.joblib
1,blur_sigma2,QWEN_0672_gpt_image_2,1,0.6762961745262146,qwen::gpt-image-2,,models/v2/clip_lora_fold1_best_v1.pt,models/v2/v2_10b_h2_balanced_logreg_fold1_v1.joblib
1,blur_sigma2,QWEN_0672_FLUX2_max,1,0.7800605297088623,qwen::FLUX.2_max,,models/v2/clip_lora_fold1_best_v1.pt,models/v2/v2_10b_h2_balanced_logreg_fold1_v1.joblib
1,blur_sigma2,QWEN_0672_kling_v2_1,1,0.9069014191627502,qwen::kling_v2_1,,models/v2/clip_lora_fold1_best_v1.pt,models/v2/v2_10b_h2_balanced_logreg_fold1_v1.joblib
1,blur_sigma2,QWEN_0672_Qwen_Image_2512,1,0.7817591428756714,qwen::Qwen-Image-2512,,models/v2/clip_lora_fold1_best_v1.pt,models/v2/v2_10b_h2_balanced_logreg_fold1_v1.joblib
1,blur_sigma2,QWEN_0672_GPT_Image_1,1,0.9478418827056885,qwen::GPT-Image-1,,models/v2/clip_lora_fold1_best_v1.pt,models/v2/v2_10b_h2_balanced_logreg_fold1_v1.joblib
1,blur_sigma2,QWEN_0672_GPT_Image_15,1,0.904983401298523,qwen::GPT-Image-1.5,,models/v2/clip_lora_fold1_best_v1.pt,models/v2/v2_10b_h2_balanced_logreg_fold1_v1.joblib
1,blur_sigma2,QWEN_0682_gpt_image_2,1,0.7658729553222656,qwen::gpt-image-2,,models/v2/clip_lora_fold1_best_v1.pt,models/v2/v2_10b_h2_balanced_logreg_fold1_v1.joblib
1,blur_sigma2,QWEN_0682_FLUX2_max,1,0.8986214399337769,qwen::FLUX.2_max,,models/v2/clip_lora_fold1_best_v1.pt,models/v2/v2_10b_h2_balanced_logreg_fold1_v1.joblib
1,blur_sigma2,QWEN_0682_kling_v2_1,1,0.9512522220611572,qwen::kling_v2_1,,models/v2/clip_lora_fold1_best_v1.pt,models/v2/v2_10b_h2_balanced_logreg_fold1_v1.joblib
1,blur_sigma2,QWEN_0682_Qwen_Image_2512,1,0.8842901587486267,qwen::Qwen-Image-2512,,models/v2/clip_lora_fold1_best_v1.pt,models/v2/v2_10b_h2_balanced_logreg_fold1_v1.joblib
1,blur_sigma2,QWEN_0682_GPT_Image_1,1,0.7993630766868591,qwen::GPT-Image-1,,models/v2/clip_lora_fold1_best_v1.pt,models/v2/v2_10b_h2_balanced_logreg_fold1_v1.joblib
1,blur_sigma2,QWEN_0682_GPT_Image_15,1,0.8677135109901428,qwen::GPT-Image-1.5,,models/v2/clip_lora_fold1_best_v1.pt,models/v2/v2_10b_h2_balanced_logreg_fold1_v1.joblib
1,blur_sigma2,QWEN_0691_gpt_image_2,1,0.9128409028053284,qwen::gpt-image-2,,models/v2/clip_lora_fold1_best_v1.pt,models/v2/v2_10b_h2_balanced_logreg_fold1_v1.joblib
1,blur_sigma2,QWEN_0691_FLUX2_max,1,0.8730608820915222,qwen::FLUX.2_max,,models/v2/clip_lora_fold1_best_v1.pt,models/v2/v2_10b_h2_balanced_logreg_fold1_v1.joblib
1,blur_sigma2,QWEN_0691_kling_v2_1,1,0.7935597896575928,qwen::kling_v2_1,,models/v2/clip_lora_fold1_best_v1.pt,models/v2/v2_10b_h2_balanced_logreg_fold1_v1.joblib
1,blur_sigma2,QWEN_0691_Qwen_Image_2512,1,0.7340149879455566,qwen::Qwen-Image-2512,,models/v2/clip_lora_fold1_best_v1.pt,models/v2/v2_10b_h2_balanced_logreg_fold1_v1.joblib
1,blur_sigma2,QWEN_0691_GPT_Image_1,1,0.5467154383659363,qwen::GPT-Image-1,,models/v2/clip_lora_fold1_best_v1.pt,models/v2/v2_10b_h2_balanced_logreg_fold1_v1.joblib
1,blur_sigma2,QWEN_0691_GPT_Image_15,1,0.8601368069648743,qwen::GPT-Image-1.5,,models/v2/clip_lora_fold1_best_v1.pt,models/v2/v2_10b_h2_balanced_logreg_fold1_v1.joblib
1,blur_sigma2,QWEN_0696_gpt_image_2,1,0.8063246607780457,qwen::gpt-image-2,,models/v2/clip_lora_fold1_best_v1.pt,models/v2/v2_10b_h2_balanced_logreg_fold1_v1.joblib
1,blur_sigma2,QWEN_0696_FLUX2_max,1,0.9600624442100525,qwen::FLUX.2_max,,models/v2/clip_lora_fold1_best_v1.pt,models/v2/v2_10b_h2_balanced_logreg_fold1_v1.joblib
1,blur_sigma2,QWEN_0696_kling_v2_1,1,0.849321722984314,qwen::kling_v2_1,,models/v2/clip_lora_fold1_best_v1.pt,models/v2/v2_10b_h2_balanced_logreg_fold1_v1.joblib
1,blur_sigma2,QWEN_0696_Qwen_Image_2512,1,0.9052621126174927,qwen::Qwen-Image-2512,,models/v2/clip_lora_fold1_best_v1.pt,models/v2/v2_10b_h2_balanced_logreg_fold1_v1.joblib
1,blur_sigma2,QWEN_0696_GPT_Image_1,1,0.7543561458587646,qwen::GPT-Image-1,,models/v2/clip_lora_fold1_best_v1.pt,models/v2/v2_10b_h2_balanced_logreg_fold1_v1.joblib
1,blur_sigma2,QWEN_0696_GPT_Image_15,1,0.9351785778999329,qwen::GPT-Image-1.5,,models/v2/clip_lora_fold1_best_v1.pt,models/v2/v2_10b_h2_balanced_logreg_fold1_v1.joblib
1,blur_sigma2,QWEN_0699_gpt_image_2,1,0.6697956919670105,qwen::gpt-image-2,,models/v2/clip_lora_fold1_best_v1.pt,models/v2/v2_10b_h2_balanced_logreg_fold1_v1.joblib
1,blur_sigma2,QWEN_0699_FLUX2_max,1,0.8459689021110535,qwen::FLUX.2_max,,models/v2/clip_lora_fold1_best_v1.pt,models/v2/v2_10b_h2_balanced_logreg_fold1_v1.joblib
1,blur_sigma2,QWEN_0699_kling_v2_1,1,0.9676482081413269,qwen::kling_v2_1,,models/v2/clip_lora_fold1_best_v1.pt,models/v2/v2_10b_h2_balanced_logreg_fold1_v1.joblib
1,blur_sigma2,QWEN_0699_Qwen_Image_2512,1,0.8057705163955688,qwen::Qwen-Image-2512,,models/v2/clip_lora_fold1_best_v1.pt,models/v2/v2_10b_h2_balanced_logreg_fold1_v1.joblib
1,blur_sigma2,QWEN_0699_GPT_Image_1,1,0.9648616909980774,qwen::GPT-Image-1,,models/v2/clip_lora_fold1_best_v1.pt,models/v2/v2_10b_h2_balanced_logreg_fold1_v1.joblib
1,blur_sigma2,QWEN_0699_GPT_Image_15,1,0.8974429368972778,qwen::GPT-Image-1.5,,models/v2/clip_lora_fold1_best_v1.pt,models/v2/v2_10b_h2_balanced_logreg_fold1_v1.joblib
1,blur_sigma2,QWEN_0713_gpt_image_2,1,0.9132397174835205,qwen::gpt-image-2,,models/v2/clip_lora_fold1_best_v1.pt,models/v2/v2_10b_h2_balanced_logreg_fold1_v1.joblib
1,blur_sigma2,QWEN_0713_FLUX2_max,1,0.8395788669586182,qwen::FLUX.2_max,,models/v2/clip_lora_fold1_best_v1.pt,models/v2/v2_10b_h2_balanced_logreg_fold1_v1.joblib
1,blur_sigma2,QWEN_0713_kling_v2_1,1,0.9380857944488525,qwen::kling_v2_1,,models/v2/clip_lora_fold1_best_v1.pt,models/v2/v2_10b_h2_balanced_logreg_fold1_v1.joblib
1,blur_sigma2,QWEN_0713_Qwen_Image_2512,1,0.9352508187294006,qwen::Qwen-Image-2512,,models/v2/clip_lora_fold1_best_v1.pt,models/v2/v2_10b_h2_balanced_logreg_fold1_v1.joblib
1,blur_sigma2,QWEN_0713_GPT_Image_1,1,0.9543836116790771,qwen::GPT-Image-1,,models/v2/clip_lora_fold1_best_v1.pt,models/v2/v2_10b_h2_balanced_logreg_fold1_v1.joblib
1,blur_sigma2,QWEN_0713_GPT_Image_15,1,0.9569482207298279,qwen::GPT-Image-1.5,,models/v2/clip_lora_fold1_best_v1.pt,models/v2/v2_10b_h2_balanced_logreg_fold1_v1.joblib
1,blur_sigma2,QWEN_0715_gpt_image_2,1,0.8508352041244507,qwen::gpt-image-2,,models/v2/clip_lora_fold1_best_v1.pt,models/v2/v2_10b_h2_balanced_logreg_fold1_v1.joblib
1,blur_sigma2,QWEN_0715_FLUX2_max,1,0.811974823474884,qwen::FLUX.2_max,,models/v2/clip_lora_fold1_best_v1.pt,models/v2/v2_10b_h2_balanced_logreg_fold1_v1.joblib
1,blur_sigma2,QWEN_0715_kling_v2_1,1,0.9005593061447144,qwen::kling_v2_1,,models/v2/clip_lora_fold1_best_v1.pt,models/v2/v2_10b_h2_balanced_logreg_fold1_v1.joblib
1,blur_sigma2,QWEN_0715_Qwen_Image_2512,1,0.9421085715293884,qwen::Qwen-Image-2512,,models/v2/clip_lora_fold1_best_v1.pt,models/v2/v2_10b_h2_balanced_logreg_fold1_v1.joblib
1,blur_sigma2,QWEN_0715_GPT_Image_1,1,0.9129814505577087,qwen::GPT-Image-1,,models/v2/clip_lora_fold1_best_v1.pt,models/v2/v2_10b_h2_balanced_logreg_fold1_v1.joblib
1,blur_sigma2,QWEN_0715_GPT_Image_15,1,0.904478132724762,qwen::GPT-Image-1.5,,models/v2/clip_lora_fold1_best_v1.pt,models/v2/v2_10b_h2_balanced_logreg_fold1_v1.joblib
1,blur_sigma2,QWEN_0717_gpt_image_2,1,0.9099394679069519,qwen::gpt-image-2,,models/v2/clip_lora_fold1_best_v1.pt,models/v2/v2_10b_h2_balanced_logreg_fold1_v1.joblib
1,blur_sigma2,QWEN_0717_FLUX2_max,1,0.9523842334747314,qwen::FLUX.2_max,,models/v2/clip_lora_fold1_best_v1.pt,models/v2/v2_10b_h2_balanced_logreg_fold1_v1.joblib
1,blur_sigma2,QWEN_0717_kling_v2_1,1,0.938672661781311,qwen::kling_v2_1,,models/v2/clip_lora_fold1_best_v1.pt,models/v2/v2_10b_h2_balanced_logreg_fold1_v1.joblib
1,blur_sigma2,QWEN_0717_Qwen_Image_2512,1,0.9075713157653809,qwen::Qwen-Image-2512,,models/v2/clip_lora_fold1_best_v1.pt,models/v2/v2_10b_h2_balanced_logreg_fold1_v1.joblib
1,blur_sigma2,QWEN_0717_GPT_Image_1,1,0.8159246444702148,qwen::GPT-Image-1,,models/v2/clip_lora_fold1_best_v1.pt,models/v2/v2_10b_h2_balanced_logreg_fold1_v1.joblib
1,blur_sigma2,QWEN_0717_GPT_Image_15,1,0.9343612790107727,qwen::GPT-Image-1.5,,models/v2/clip_lora_fold1_best_v1.pt,models/v2/v2_10b_h2_balanced_logreg_fold1_v1.joblib
1,blur_sigma2,QWEN_0721_gpt_image_2,1,0.9483292698860168,qwen::gpt-image-2,,models/v2/clip_lora_fold1_best_v1.pt,models/v2/v2_10b_h2_balanced_logreg_fold1_v1.joblib
1,blur_sigma2,QWEN_0721_FLUX2_max,1,0.9491028785705566,qwen::FLUX.2_max,,models/v2/clip_lora_fold1_best_v1.pt,models/v2/v2_10b_h2_balanced_logreg_fold1_v1.joblib
1,blur_sigma2,QWEN_0721_kling_v2_1,1,0.9499320983886719,qwen::kling_v2_1,,models/v2/clip_lora_fold1_best_v1.pt,models/v2/v2_10b_h2_balanced_logreg_fold1_v1.joblib
1,blur_sigma2,QWEN_0721_Qwen_Image_2512,1,0.9117180109024048,qwen::Qwen-Image-2512,,models/v2/clip_lora_fold1_best_v1.pt,models/v2/v2_10b_h2_balanced_logreg_fold1_v1.joblib
1,blur_sigma2,QWEN_0721_GPT_Image_1,1,0.9458360075950623,qwen::GPT-Image-1,,models/v2/clip_lora_fold1_best_v1.pt,models/v2/v2_10b_h2_balanced_logreg_fold1_v1.joblib
1,blur_sigma2,QWEN_0721_GPT_Image_15,1,0.9556050896644592,qwen::GPT-Image-1.5,,models/v2/clip_lora_fold1_best_v1.pt,models/v2/v2_10b_h2_balanced_logreg_fold1_v1.joblib
1,blur_sigma2,QWEN_0723_gpt_image_2,1,0.7709140777587891,qwen::gpt-image-2,,models/v2/clip_lora_fold1_best_v1.pt,models/v2/v2_10b_h2_balanced_logreg_fold1_v1.joblib
1,blur_sigma2,QWEN_0723_FLUX2_max,1,0.7115318179130554,qwen::FLUX.2_max,,models/v2/clip_lora_fold1_best_v1.pt,models/v2/v2_10b_h2_balanced_logreg_fold1_v1.joblib
1,blur_sigma2,QWEN_0723_kling_v2_1,1,0.9591624140739441,qwen::kling_v2_1,,models/v2/clip_lora_fold1_best_v1.pt,models/v2/v2_10b_h2_balanced_logreg_fold1_v1.joblib
1,blur_sigma2,QWEN_0723_Qwen_Image_2512,1,0.835588812828064,qwen::Qwen-Image-2512,,models/v2/clip_lora_fold1_best_v1.pt,models/v2/v2_10b_h2_balanced_logreg_fold1_v1.joblib
1,blur_sigma2,QWEN_0723_GPT_Image_1,1,0.8688489198684692,qwen::GPT-Image-1,,models/v2/clip_lora_fold1_best_v1.pt,models/v2/v2_10b_h2_balanced_logreg_fold1_v1.joblib
1,blur_sigma2,QWEN_0723_GPT_Image_15,1,0.7748540043830872,qwen::GPT-Image-1.5,,models/v2/clip_lora_fold1_best_v1.pt,models/v2/v2_10b_h2_balanced_logreg_fold1_v1.joblib
1,blur_sigma2,QWEN_0740_gpt_image_2,1,0.9431511759757996,qwen::gpt-image-2,,models/v2/clip_lora_fold1_best_v1.pt,models/v2/v2_10b_h2_balanced_logreg_fold1_v1.joblib
1,blur_sigma2,QWEN_0740_FLUX2_max,1,0.8834052681922913,qwen::FLUX.2_max,,models/v2/clip_lora_fold1_best_v1.pt,models/v2/v2_10b_h2_balanced_logreg_fold1_v1.joblib
1,blur_sigma2,QWEN_0740_kling_v2_1,1,0.8349010944366455,qwen::kling_v2_1,,models/v2/clip_lora_fold1_best_v1.pt,models/v2/v2_10b_h2_balanced_logreg_fold1_v1.joblib
1,blur_sigma2,QWEN_0740_Qwen_Image_2512,1,0.8959465026855469,qwen::Qwen-Image-2512,,models/v2/clip_lora_fold1_best_v1.pt,models/v2/v2_10b_h2_balanced_logreg_fold1_v1.joblib
1,blur_sigma2,QWEN_0740_GPT_Image_1,1,0.8374475240707397,qwen::GPT-Image-1,,models/v2/clip_lora_fold1_best_v1.pt,models/v2/v2_10b_h2_balanced_logreg_fold1_v1.joblib
1,blur_sigma2,QWEN_0740_GPT_Image_15,1,0.9543699026107788,qwen::GPT-Image-1.5,,models/v2/clip_lora_fold1_best_v1.pt,models/v2/v2_10b_h2_balanced_logreg_fold1_v1.joblib
1,blur_sigma2,QWEN_0760_gpt_image_2,1,0.9388637542724609,qwen::gpt-image-2,,models/v2/clip_lora_fold1_best_v1.pt,models/v2/v2_10b_h2_balanced_logreg_fold1_v1.joblib
1,blur_sigma2,QWEN_0760_FLUX2_max,1,0.9176299571990967,qwen::FLUX.2_max,,models/v2/clip_lora_fold1_best_v1.pt,models/v2/v2_10b_h2_balanced_logreg_fold1_v1.joblib
1,blur_sigma2,QWEN_0760_kling_v2_1,1,0.9641538262367249,qwen::kling_v2_1,,models/v2/clip_lora_fold1_best_v1.pt,models/v2/v2_10b_h2_balanced_logreg_fold1_v1.joblib
1,blur_sigma2,QWEN_0760_Qwen_Image_2512,1,0.9315842986106873,qwen::Qwen-Image-2512,,models/v2/clip_lora_fold1_best_v1.pt,models/v2/v2_10b_h2_balanced_logreg_fold1_v1.joblib
1,blur_sigma2,QWEN_0760_GPT_Image_1,1,0.974376380443573,qwen::GPT-Image-1,,models/v2/clip_lora_fold1_best_v1.pt,models/v2/v2_10b_h2_balanced_logreg_fold1_v1.joblib
1,blur_sigma2,QWEN_0760_GPT_Image_15,1,0.9366365671157837,qwen::GPT-Image-1.5,,models/v2/clip_lora_fold1_best_v1.pt,models/v2/v2_10b_h2_balanced_logreg_fold1_v1.joblib
1,blur_sigma2,QWEN_0764_gpt_image_2,1,0.9906506538391113,qwen::gpt-image-2,,models/v2/clip_lora_fold1_best_v1.pt,models/v2/v2_10b_h2_balanced_logreg_fold1_v1.joblib
1,blur_sigma2,QWEN_0764_FLUX2_max,1,0.9843099117279053,qwen::FLUX.2_max,,models/v2/clip_lora_fold1_best_v1.pt,models/v2/v2_10b_h2_balanced_logreg_fold1_v1.joblib
1,blur_sigma2,QWEN_0764_kling_v2_1,1,0.9631627202033997,qwen::kling_v2_1,,models/v2/clip_lora_fold1_best_v1.pt,models/v2/v2_10b_h2_balanced_logreg_fold1_v1.joblib
1,blur_sigma2,QWEN_0764_Qwen_Image_2512,1,0.9704785346984863,qwen::Qwen-Image-2512,,models/v2/clip_lora_fold1_best_v1.pt,models/v2/v2_10b_h2_balanced_logreg_fold1_v1.joblib
1,blur_sigma2,QWEN_0764_GPT_Image_1,1,0.9760486483573914,qwen::GPT-Image-1,,models/v2/clip_lora_fold1_best_v1.pt,models/v2/v2_10b_h2_balanced_logreg_fold1_v1.joblib
1,blur_sigma2,QWEN_0764_GPT_Image_15,1,0.9821939468383789,qwen::GPT-Image-1.5,,models/v2/clip_lora_fold1_best_v1.pt,models/v2/v2_10b_h2_balanced_logreg_fold1_v1.joblib
1,blur_sigma2,QWEN_0772_gpt_image_2,1,0.9577686190605164,qwen::gpt-image-2,,models/v2/clip_lora_fold1_best_v1.pt,models/v2/v2_10b_h2_balanced_logreg_fold1_v1.joblib
1,blur_sigma2,QWEN_0772_FLUX2_max,1,0.7057408690452576,qwen::FLUX.2_max,,models/v2/clip_lora_fold1_best_v1.pt,models/v2/v2_10b_h2_balanced_logreg_fold1_v1.joblib
1,blur_sigma2,QWEN_0772_kling_v2_1,1,0.9680128693580627,qwen::kling_v2_1,,models/v2/clip_lora_fold1_best_v1.pt,models/v2/v2_10b_h2_balanced_logreg_fold1_v1.joblib
1,blur_sigma2,QWEN_0772_Qwen_Image_2512,1,0.909677267074585,qwen::Qwen-Image-2512,,models/v2/clip_lora_fold1_best_v1.pt,models/v2/v2_10b_h2_balanced_logreg_fold1_v1.joblib
1,blur_sigma2,QWEN_0772_GPT_Image_1,1,0.9835121035575867,qwen::GPT-Image-1,,models/v2/clip_lora_fold1_best_v1.pt,models/v2/v2_10b_h2_balanced_logreg_fold1_v1.joblib
1,blur_sigma2,QWEN_0772_GPT_Image_15,1,0.9454283714294434,qwen::GPT-Image-1.5,,models/v2/clip_lora_fold1_best_v1.pt,models/v2/v2_10b_h2_balanced_logreg_fold1_v1.joblib
1,blur_sigma2,QWEN_0773_gpt_image_2,1,0.5726708173751831,qwen::gpt-image-2,,models/v2/clip_lora_fold1_best_v1.pt,models/v2/v2_10b_h2_balanced_logreg_fold1_v1.joblib
1,blur_sigma2,QWEN_0773_FLUX2_max,1,0.4248077869415283,qwen::FLUX.2_max,,models/v2/clip_lora_fold1_best_v1.pt,models/v2/v2_10b_h2_balanced_logreg_fold1_v1.joblib
1,blur_sigma2,QWEN_0773_kling_v2_1,1,0.7179669737815857,qwen::kling_v2_1,,models/v2/clip_lora_fold1_best_v1.pt,models/v2/v2_10b_h2_balanced_logreg_fold1_v1.joblib
1,blur_sigma2,QWEN_0773_Qwen_Image_2512,1,0.8417186141014099,qwen::Qwen-Image-2512,,models/v2/clip_lora_fold1_best_v1.pt,models/v2/v2_10b_h2_balanced_logreg_fold1_v1.joblib
1,blur_sigma2,QWEN_0773_GPT_Image_1,1,0.795017421245575,qwen::GPT-Image-1,,models/v2/clip_lora_fold1_best_v1.pt,models/v2/v2_10b_h2_balanced_logreg_fold1_v1.joblib
1,blur_sigma2,QWEN_0773_GPT_Image_15,1,0.8468358516693115,qwen::GPT-Image-1.5,,models/v2/clip_lora_fold1_best_v1.pt,models/v2/v2_10b_h2_balanced_logreg_fold1_v1.joblib
1,blur_sigma2,QWEN_0777_gpt_image_2,1,0.9573968648910522,qwen::gpt-image-2,,models/v2/clip_lora_fold1_best_v1.pt,models/v2/v2_10b_h2_balanced_logreg_fold1_v1.joblib
1,blur_sigma2,QWEN_0777_FLUX2_max,1,0.5139508843421936,qwen::FLUX.2_max,,models/v2/clip_lora_fold1_best_v1.pt,models/v2/v2_10b_h2_balanced_logreg_fold1_v1.joblib
1,blur_sigma2,QWEN_0777_kling_v2_1,1,0.9644421935081482,qwen::kling_v2_1,,models/v2/clip_lora_fold1_best_v1.pt,models/v2/v2_10b_h2_balanced_logreg_fold1_v1.joblib
1,blur_sigma2,QWEN_0777_Qwen_Image_2512,1,0.9806211590766907,qwen::Qwen-Image-2512,,models/v2/clip_lora_fold1_best_v1.pt,models/v2/v2_10b_h2_balanced_logreg_fold1_v1.joblib
1,blur_sigma2,QWEN_0777_GPT_Image_1,1,0.9892728328704834,qwen::GPT-Image-1,,models/v2/clip_lora_fold1_best_v1.pt,models/v2/v2_10b_h2_balanced_logreg_fold1_v1.joblib
1,blur_sigma2,QWEN_0777_GPT_Image_15,1,0.9724694490432739,qwen::GPT-Image-1.5,,models/v2/clip_lora_fold1_best_v1.pt,models/v2/v2_10b_h2_balanced_logreg_fold1_v1.joblib
1,blur_sigma2,QWEN_0778_gpt_image_2,1,0.7892699241638184,qwen::gpt-image-2,,models/v2/clip_lora_fold1_best_v1.pt,models/v2/v2_10b_h2_balanced_logreg_fold1_v1.joblib
1,blur_sigma2,QWEN_0778_FLUX2_max,1,0.5788437128067017,qwen::FLUX.2_max,,models/v2/clip_lora_fold1_best_v1.pt,models/v2/v2_10b_h2_balanced_logreg_fold1_v1.joblib
1,blur_sigma2,QWEN_0778_kling_v2_1,1,0.9385503530502319,qwen::kling_v2_1,,models/v2/clip_lora_fold1_best_v1.pt,models/v2/v2_10b_h2_balanced_logreg_fold1_v1.joblib
1,blur_sigma2,QWEN_0778_Qwen_Image_2512,1,0.797917366027832,qwen::Qwen-Image-2512,,models/v2/clip_lora_fold1_best_v1.pt,models/v2/v2_10b_h2_balanced_logreg_fold1_v1.joblib
1,blur_sigma2,QWEN_0778_GPT_Image_1,1,0.7898170948028564,qwen::GPT-Image-1,,models/v2/clip_lora_fold1_best_v1.pt,models/v2/v2_10b_h2_balanced_logreg_fold1_v1.joblib
1,blur_sigma2,QWEN_0778_GPT_Image_15,1,0.8341091275215149,qwen::GPT-Image-1.5,,models/v2/clip_lora_fold1_best_v1.pt,models/v2/v2_10b_h2_balanced_logreg_fold1_v1.joblib
1,blur_sigma2,QWEN_0799_gpt_image_2,1,0.7486286759376526,qwen::gpt-image-2,,models/v2/clip_lora_fold1_best_v1.pt,models/v2/v2_10b_h2_balanced_logreg_fold1_v1.joblib
1,blur_sigma2,QWEN_0799_FLUX2_max,1,0.7868879437446594,qwen::FLUX.2_max,,models/v2/clip_lora_fold1_best_v1.pt,models/v2/v2_10b_h2_balanced_logreg_fold1_v1.joblib
1,blur_sigma2,QWEN_0799_kling_v2_1,1,0.8808634281158447,qwen::kling_v2_1,,models/v2/clip_lora_fold1_best_v1.pt,models/v2/v2_10b_h2_balanced_logreg_fold1_v1.joblib
1,blur_sigma2,QWEN_0799_Qwen_Image_2512,1,0.7411602139472961,qwen::Qwen-Image-2512,,models/v2/clip_lora_fold1_best_v1.pt,models/v2/v2_10b_h2_balanced_logreg_fold1_v1.joblib
1,blur_sigma2,QWEN_0799_GPT_Image_1,1,0.7380769848823547,qwen::GPT-Image-1,,models/v2/clip_lora_fold1_best_v1.pt,models/v2/v2_10b_h2_balanced_logreg_fold1_v1.joblib
1,blur_sigma2,QWEN_0799_GPT_Image_15,1,0.8408359289169312,qwen::GPT-Image-1.5,,models/v2/clip_lora_fold1_best_v1.pt,models/v2/v2_10b_h2_balanced_logreg_fold1_v1.joblib
1,blur_sigma2,QWEN_0805_gpt_image_2,1,0.7751249074935913,qwen::gpt-image-2,,models/v2/clip_lora_fold1_best_v1.pt,models/v2/v2_10b_h2_balanced_logreg_fold1_v1.joblib
1,blur_sigma2,QWEN_0805_FLUX2_max,1,0.693276047706604,qwen::FLUX.2_max,,models/v2/clip_lora_fold1_best_v1.pt,models/v2/v2_10b_h2_balanced_logreg_fold1_v1.joblib
1,blur_sigma2,QWEN_0805_kling_v2_1,1,0.8977721333503723,qwen::kling_v2_1,,models/v2/clip_lora_fold1_best_v1.pt,models/v2/v2_10b_h2_balanced_logreg_fold1_v1.joblib
1,blur_sigma2,QWEN_0805_Qwen_Image_2512,1,0.7507585287094116,qwen::Qwen-Image-2512,,models/v2/clip_lora_fold1_best_v1.pt,models/v2/v2_10b_h2_balanced_logreg_fold1_v1.joblib
1,blur_sigma2,QWEN_0805_GPT_Image_1,1,0.8909226655960083,qwen::GPT-Image-1,,models/v2/clip_lora_fold1_best_v1.pt,models/v2/v2_10b_h2_balanced_logreg_fold1_v1.joblib
1,blur_sigma2,QWEN_0805_GPT_Image_15,1,0.828620195388794,qwen::GPT-Image-1.5,,models/v2/clip_lora_fold1_best_v1.pt,models/v2/v2_10b_h2_balanced_logreg_fold1_v1.joblib
1,blur_sigma2,QWEN_0820_gpt_image_2,1,0.769828736782074,qwen::gpt-image-2,,models/v2/clip_lora_fold1_best_v1.pt,models/v2/v2_10b_h2_balanced_logreg_fold1_v1.joblib
1,blur_sigma2,QWEN_0820_FLUX2_max,1,0.8423776626586914,qwen::FLUX.2_max,,models/v2/clip_lora_fold1_best_v1.pt,models/v2/v2_10b_h2_balanced_logreg_fold1_v1.joblib
1,blur_sigma2,QWEN_0820_kling_v2_1,1,0.8175332546234131,qwen::kling_v2_1,,models/v2/clip_lora_fold1_best_v1.pt,models/v2/v2_10b_h2_balanced_logreg_fold1_v1.joblib
1,blur_sigma2,QWEN_0820_Qwen_Image_2512,1,0.73613041639328,qwen::Qwen-Image-2512,,models/v2/clip_lora_fold1_best_v1.pt,models/v2/v2_10b_h2_balanced_logreg_fold1_v1.joblib
1,blur_sigma2,QWEN_0820_GPT_Image_1,1,0.5876554846763611,qwen::GPT-Image-1,,models/v2/clip_lora_fold1_best_v1.pt,models/v2/v2_10b_h2_balanced_logreg_fold1_v1.joblib
1,blur_sigma2,QWEN_0820_GPT_Image_15,1,0.8247213363647461,qwen::GPT-Image-1.5,,models/v2/clip_lora_fold1_best_v1.pt,models/v2/v2_10b_h2_balanced_logreg_fold1_v1.joblib
1,blur_sigma2,QWEN_0824_gpt_image_2,1,0.8029119372367859,qwen::gpt-image-2,,models/v2/clip_lora_fold1_best_v1.pt,models/v2/v2_10b_h2_balanced_logreg_fold1_v1.joblib
1,blur_sigma2,QWEN_0824_FLUX2_max,1,0.870992124080658,qwen::FLUX.2_max,,models/v2/clip_lora_fold1_best_v1.pt,models/v2/v2_10b_h2_balanced_logreg_fold1_v1.joblib
1,blur_sigma2,QWEN_0824_kling_v2_1,1,0.8752242922782898,qwen::kling_v2_1,,models/v2/clip_lora_fold1_best_v1.pt,models/v2/v2_10b_h2_balanced_logreg_fold1_v1.joblib
1,blur_sigma2,QWEN_0824_Qwen_Image_2512,1,0.9534648060798645,qwen::Qwen-Image-2512,,models/v2/clip_lora_fold1_best_v1.pt,models/v2/v2_10b_h2_balanced_logreg_fold1_v1.joblib
1,blur_sigma2,QWEN_0824_GPT_Image_1,1,0.8936252593994141,qwen::GPT-Image-1,,models/v2/clip_lora_fold1_best_v1.pt,models/v2/v2_10b_h2_balanced_logreg_fold1_v1.joblib
1,blur_sigma2,QWEN_0824_GPT_Image_15,1,0.9295788407325745,qwen::GPT-Image-1.5,,models/v2/clip_lora_fold1_best_v1.pt,models/v2/v2_10b_h2_balanced_logreg_fold1_v1.joblib
1,blur_sigma2,QWEN_0831_gpt_image_2,1,0.8147413730621338,qwen::gpt-image-2,,models/v2/clip_lora_fold1_best_v1.pt,models/v2/v2_10b_h2_balanced_logreg_fold1_v1.joblib
1,blur_sigma2,QWEN_0831_FLUX2_max,1,0.9125377535820007,qwen::FLUX.2_max,,models/v2/clip_lora_fold1_best_v1.pt,models/v2/v2_10b_h2_balanced_logreg_fold1_v1.joblib
1,blur_sigma2,QWEN_0831_kling_v2_1,1,0.8242573738098145,qwen::kling_v2_1,,models/v2/clip_lora_fold1_best_v1.pt,models/v2/v2_10b_h2_balanced_logreg_fold1_v1.joblib
1,blur_sigma2,QWEN_0831_Qwen_Image_2512,1,0.5462998747825623,qwen::Qwen-Image-2512,,models/v2/clip_lora_fold1_best_v1.pt,models/v2/v2_10b_h2_balanced_logreg_fold1_v1.joblib
1,blur_sigma2,QWEN_0831_GPT_Image_1,1,0.8828646540641785,qwen::GPT-Image-1,,models/v2/clip_lora_fold1_best_v1.pt,models/v2/v2_10b_h2_balanced_logreg_fold1_v1.joblib
1,blur_sigma2,QWEN_0831_GPT_Image_15,1,0.8726643323898315,qwen::GPT-Image-1.5,,models/v2/clip_lora_fold1_best_v1.pt,models/v2/v2_10b_h2_balanced_logreg_fold1_v1.joblib
1,blur_sigma2,QWEN_0836_gpt_image_2,1,0.8395465612411499,qwen::gpt-image-2,,models/v2/clip_lora_fold1_best_v1.pt,models/v2/v2_10b_h2_balanced_logreg_fold1_v1.joblib
1,blur_sigma2,QWEN_0836_FLUX2_max,1,0.7755184769630432,qwen::FLUX.2_max,,models/v2/clip_lora_fold1_best_v1.pt,models/v2/v2_10b_h2_balanced_logreg_fold1_v1.joblib
1,blur_sigma2,QWEN_0836_kling_v2_1,1,0.8979237079620361,qwen::kling_v2_1,,models/v2/clip_lora_fold1_best_v1.pt,models/v2/v2_10b_h2_balanced_logreg_fold1_v1.joblib
1,blur_sigma2,QWEN_0836_Qwen_Image_2512,1,0.7958551645278931,qwen::Qwen-Image-2512,,models/v2/clip_lora_fold1_best_v1.pt,models/v2/v2_10b_h2_balanced_logreg_fold1_v1.joblib
1,blur_sigma2,QWEN_0836_GPT_Image_1,1,0.9056815505027771,qwen::GPT-Image-1,,models/v2/clip_lora_fold1_best_v1.pt,models/v2/v2_10b_h2_balanced_logreg_fold1_v1.joblib
1,blur_sigma2,QWEN_0836_GPT_Image_15,1,0.8447706699371338,qwen::GPT-Image-1.5,,models/v2/clip_lora_fold1_best_v1.pt,models/v2/v2_10b_h2_balanced_logreg_fold1_v1.joblib
1,blur_sigma2,QWEN_0847_gpt_image_2,1,0.8783507347106934,qwen::gpt-image-2,,models/v2/clip_lora_fold1_best_v1.pt,models/v2/v2_10b_h2_balanced_logreg_fold1_v1.joblib
1,blur_sigma2,QWEN_0847_FLUX2_max,1,0.930092453956604,qwen::FLUX.2_max,,models/v2/clip_lora_fold1_best_v1.pt,models/v2/v2_10b_h2_balanced_logreg_fold1_v1.joblib
1,blur_sigma2,QWEN_0847_kling_v2_1,1,0.9446842074394226,qwen::kling_v2_1,,models/v2/clip_lora_fold1_best_v1.pt,models/v2/v2_10b_h2_balanced_logreg_fold1_v1.joblib
1,blur_sigma2,QWEN_0847_Qwen_Image_2512,1,0.8807771801948547,qwen::Qwen-Image-2512,,models/v2/clip_lora_fold1_best_v1.pt,models/v2/v2_10b_h2_balanced_logreg_fold1_v1.joblib
1,blur_sigma2,QWEN_0847_GPT_Image_1,1,0.81513911485672,qwen::GPT-Image-1,,models/v2/clip_lora_fold1_best_v1.pt,models/v2/v2_10b_h2_balanced_logreg_fold1_v1.joblib
1,blur_sigma2,QWEN_0847_GPT_Image_15,1,0.7168847918510437,qwen::GPT-Image-1.5,,models/v2/clip_lora_fold1_best_v1.pt,models/v2/v2_10b_h2_balanced_logreg_fold1_v1.joblib
1,blur_sigma2,QWEN_0857_gpt_image_2,1,0.9046633839607239,qwen::gpt-image-2,,models/v2/clip_lora_fold1_best_v1.pt,models/v2/v2_10b_h2_balanced_logreg_fold1_v1.joblib
1,blur_sigma2,QWEN_0857_FLUX2_max,1,0.9185524582862854,qwen::FLUX.2_max,,models/v2/clip_lora_fold1_best_v1.pt,models/v2/v2_10b_h2_balanced_logreg_fold1_v1.joblib
1,blur_sigma2,QWEN_0857_kling_v2_1,1,0.8967220783233643,qwen::kling_v2_1,,models/v2/clip_lora_fold1_best_v1.pt,models/v2/v2_10b_h2_balanced_logreg_fold1_v1.joblib
1,blur_sigma2,QWEN_0857_Qwen_Image_2512,1,0.8853037357330322,qwen::Qwen-Image-2512,,models/v2/clip_lora_fold1_best_v1.pt,models/v2/v2_10b_h2_balanced_logreg_fold1_v1.joblib
1,blur_sigma2,QWEN_0857_GPT_Image_1,1,0.9267075657844543,qwen::GPT-Image-1,,models/v2/clip_lora_fold1_best_v1.pt,models/v2/v2_10b_h2_balanced_logreg_fold1_v1.joblib
1,blur_sigma2,QWEN_0857_GPT_Image_15,1,0.893643856048584,qwen::GPT-Image-1.5,,models/v2/clip_lora_fold1_best_v1.pt,models/v2/v2_10b_h2_balanced_logreg_fold1_v1.joblib
1,blur_sigma2,QWEN_0876_gpt_image_2,1,0.798724353313446,qwen::gpt-image-2,,models/v2/clip_lora_fold1_best_v1.pt,models/v2/v2_10b_h2_balanced_logreg_fold1_v1.joblib
1,blur_sigma2,QWEN_0876_FLUX2_max,1,0.8385448455810547,qwen::FLUX.2_max,,models/v2/clip_lora_fold1_best_v1.pt,models/v2/v2_10b_h2_balanced_logreg_fold1_v1.joblib
1,blur_sigma2,QWEN_0876_kling_v2_1,1,0.7126514911651611,qwen::kling_v2_1,,models/v2/clip_lora_fold1_best_v1.pt,models/v2/v2_10b_h2_balanced_logreg_fold1_v1.joblib
1,blur_sigma2,QWEN_0876_Qwen_Image_2512,1,0.5961141586303711,qwen::Qwen-Image-2512,,models/v2/clip_lora_fold1_best_v1.pt,models/v2/v2_10b_h2_balanced_logreg_fold1_v1.joblib
1,blur_sigma2,QWEN_0876_GPT_Image_1,1,0.8170366883277893,qwen::GPT-Image-1,,models/v2/clip_lora_fold1_best_v1.pt,models/v2/v2_10b_h2_balanced_logreg_fold1_v1.joblib
1,blur_sigma2,QWEN_0876_GPT_Image_15,1,0.719689130783081,qwen::GPT-Image-1.5,,models/v2/clip_lora_fold1_best_v1.pt,models/v2/v2_10b_h2_balanced_logreg_fold1_v1.joblib
1,blur_sigma2,QWEN_0887_gpt_image_2,1,0.6593657732009888,qwen::gpt-image-2,,models/v2/clip_lora_fold1_best_v1.pt,models/v2/v2_10b_h2_balanced_logreg_fold1_v1.joblib
1,blur_sigma2,QWEN_0887_FLUX2_max,1,0.4944593608379364,qwen::FLUX.2_max,,models/v2/clip_lora_fold1_best_v1.pt,models/v2/v2_10b_h2_balanced_logreg_fold1_v1.joblib
1,blur_sigma2,QWEN_0887_kling_v2_1,1,0.7474278211593628,qwen::kling_v2_1,,models/v2/clip_lora_fold1_best_v1.pt,models/v2/v2_10b_h2_balanced_logreg_fold1_v1.joblib
1,blur_sigma2,QWEN_0887_Qwen_Image_2512,1,0.4193653166294098,qwen::Qwen-Image-2512,,models/v2/clip_lora_fold1_best_v1.pt,models/v2/v2_10b_h2_balanced_logreg_fold1_v1.joblib
1,blur_sigma2,QWEN_0887_GPT_Image_1,1,0.7181786298751831,qwen::GPT-Image-1,,models/v2/clip_lora_fold1_best_v1.pt,models/v2/v2_10b_h2_balanced_logreg_fold1_v1.joblib
1,blur_sigma2,QWEN_0887_GPT_Image_15,1,0.7296482920646667,qwen::GPT-Image-1.5,,models/v2/clip_lora_fold1_best_v1.pt,models/v2/v2_10b_h2_balanced_logreg_fold1_v1.joblib
1,blur_sigma2,QWEN_0890_gpt_image_2,1,0.896263837814331,qwen::gpt-image-2,,models/v2/clip_lora_fold1_best_v1.pt,models/v2/v2_10b_h2_balanced_logreg_fold1_v1.joblib
1,blur_sigma2,QWEN_0890_FLUX2_max,1,0.771079957485199,qwen::FLUX.2_max,,models/v2/clip_lora_fold1_best_v1.pt,models/v2/v2_10b_h2_balanced_logreg_fold1_v1.joblib
1,blur_sigma2,QWEN_0890_kling_v2_1,1,0.8548818826675415,qwen::kling_v2_1,,models/v2/clip_lora_fold1_best_v1.pt,models/v2/v2_10b_h2_balanced_logreg_fold1_v1.joblib
1,blur_sigma2,QWEN_0890_Qwen_Image_2512,1,0.9035271406173706,qwen::Qwen-Image-2512,,models/v2/clip_lora_fold1_best_v1.pt,models/v2/v2_10b_h2_balanced_logreg_fold1_v1.joblib
1,blur_sigma2,QWEN_0890_GPT_Image_1,1,0.7920786738395691,qwen::GPT-Image-1,,models/v2/clip_lora_fold1_best_v1.pt,models/v2/v2_10b_h2_balanced_logreg_fold1_v1.joblib
1,blur_sigma2,QWEN_0890_GPT_Image_15,1,0.8476278781890869,qwen::GPT-Image-1.5,,models/v2/clip_lora_fold1_best_v1.pt,models/v2/v2_10b_h2_balanced_logreg_fold1_v1.joblib
1,blur_sigma2,QWEN_0894_gpt_image_2,1,0.8477217555046082,qwen::gpt-image-2,,models/v2/clip_lora_fold1_best_v1.pt,models/v2/v2_10b_h2_balanced_logreg_fold1_v1.joblib
1,blur_sigma2,QWEN_0894_FLUX2_max,1,0.8863659501075745,qwen::FLUX.2_max,,models/v2/clip_lora_fold1_best_v1.pt,models/v2/v2_10b_h2_balanced_logreg_fold1_v1.joblib
1,blur_sigma2,QWEN_0894_kling_v2_1,1,0.895713746547699,qwen::kling_v2_1,,models/v2/clip_lora_fold1_best_v1.pt,models/v2/v2_10b_h2_balanced_logreg_fold1_v1.joblib
1,blur_sigma2,QWEN_0894_Qwen_Image_2512,1,0.9075601100921631,qwen::Qwen-Image-2512,,models/v2/clip_lora_fold1_best_v1.pt,models/v2/v2_10b_h2_balanced_logreg_fold1_v1.joblib
1,blur_sigma2,QWEN_0894_GPT_Image_1,1,0.9222686290740967,qwen::GPT-Image-1,,models/v2/clip_lora_fold1_best_v1.pt,models/v2/v2_10b_h2_balanced_logreg_fold1_v1.joblib
1,blur_sigma2,QWEN_0894_GPT_Image_15,1,0.8815515041351318,qwen::GPT-Image-1.5,,models/v2/clip_lora_fold1_best_v1.pt,models/v2/v2_10b_h2_balanced_logreg_fold1_v1.joblib
1,blur_sigma2,QWEN_0919_gpt_image_2,1,0.89377760887146,qwen::gpt-image-2,,models/v2/clip_lora_fold1_best_v1.pt,models/v2/v2_10b_h2_balanced_logreg_fold1_v1.joblib
1,blur_sigma2,QWEN_0919_FLUX2_max,1,0.8154023885726929,qwen::FLUX.2_max,,models/v2/clip_lora_fold1_best_v1.pt,models/v2/v2_10b_h2_balanced_logreg_fold1_v1.joblib
1,blur_sigma2,QWEN_0919_kling_v2_1,1,0.8022633194923401,qwen::kling_v2_1,,models/v2/clip_lora_fold1_best_v1.pt,models/v2/v2_10b_h2_balanced_logreg_fold1_v1.joblib
1,blur_sigma2,QWEN_0919_Qwen_Image_2512,1,0.8933584094047546,qwen::Qwen-Image-2512,,models/v2/clip_lora_fold1_best_v1.pt,models/v2/v2_10b_h2_balanced_logreg_fold1_v1.joblib
1,blur_sigma2,QWEN_0919_GPT_Image_1,1,0.7982161641120911,qwen::GPT-Image-1,,models/v2/clip_lora_fold1_best_v1.pt,models/v2/v2_10b_h2_balanced_logreg_fold1_v1.joblib
1,blur_sigma2,QWEN_0919_GPT_Image_15,1,0.8000398278236389,qwen::GPT-Image-1.5,,models/v2/clip_lora_fold1_best_v1.pt,models/v2/v2_10b_h2_balanced_logreg_fold1_v1.joblib
1,blur_sigma2,QWEN_0923_gpt_image_2,1,0.9195507168769836,qwen::gpt-image-2,,models/v2/clip_lora_fold1_best_v1.pt,models/v2/v2_10b_h2_balanced_logreg_fold1_v1.joblib
1,blur_sigma2,QWEN_0923_FLUX2_max,1,0.8899428248405457,qwen::FLUX.2_max,,models/v2/clip_lora_fold1_best_v1.pt,models/v2/v2_10b_h2_balanced_logreg_fold1_v1.joblib
1,blur_sigma2,QWEN_0923_kling_v2_1,1,0.8853245973587036,qwen::kling_v2_1,,models/v2/clip_lora_fold1_best_v1.pt,models/v2/v2_10b_h2_balanced_logreg_fold1_v1.joblib
1,blur_sigma2,QWEN_0923_Qwen_Image_2512,1,0.9324206113815308,qwen::Qwen-Image-2512,,models/v2/clip_lora_fold1_best_v1.pt,models/v2/v2_10b_h2_balanced_logreg_fold1_v1.joblib
1,blur_sigma2,QWEN_0923_GPT_Image_1,1,0.9261159300804138,qwen::GPT-Image-1,,models/v2/clip_lora_fold1_best_v1.pt,models/v2/v2_10b_h2_balanced_logreg_fold1_v1.joblib
1,blur_sigma2,QWEN_0923_GPT_Image_15,1,0.8449122309684753,qwen::GPT-Image-1.5,,models/v2/clip_lora_fold1_best_v1.pt,models/v2/v2_10b_h2_balanced_logreg_fold1_v1.joblib
1,blur_sigma2,QWEN_0933_gpt_image_2,1,0.9400321245193481,qwen::gpt-image-2,,models/v2/clip_lora_fold1_best_v1.pt,models/v2/v2_10b_h2_balanced_logreg_fold1_v1.joblib
1,blur_sigma2,QWEN_0933_FLUX2_max,1,0.833676815032959,qwen::FLUX.2_max,,models/v2/clip_lora_fold1_best_v1.pt,models/v2/v2_10b_h2_balanced_logreg_fold1_v1.joblib
1,blur_sigma2,QWEN_0933_kling_v2_1,1,0.929149329662323,qwen::kling_v2_1,,models/v2/clip_lora_fold1_best_v1.pt,models/v2/v2_10b_h2_balanced_logreg_fold1_v1.joblib
1,blur_sigma2,QWEN_0933_Qwen_Image_2512,1,0.8852013349533081,qwen::Qwen-Image-2512,,models/v2/clip_lora_fold1_best_v1.pt,models/v2/v2_10b_h2_balanced_logreg_fold1_v1.joblib
1,blur_sigma2,QWEN_0933_GPT_Image_1,1,0.8137244582176208,qwen::GPT-Image-1,,models/v2/clip_lora_fold1_best_v1.pt,models/v2/v2_10b_h2_balanced_logreg_fold1_v1.joblib
1,blur_sigma2,QWEN_0933_GPT_Image_15,1,0.9180589914321899,qwen::GPT-Image-1.5,,models/v2/clip_lora_fold1_best_v1.pt,models/v2/v2_10b_h2_balanced_logreg_fold1_v1.joblib
1,blur_sigma2,QWEN_0951_gpt_image_2,1,0.8678677082061768,qwen::gpt-image-2,,models/v2/clip_lora_fold1_best_v1.pt,models/v2/v2_10b_h2_balanced_logreg_fold1_v1.joblib
1,blur_sigma2,QWEN_0951_FLUX2_max,1,0.8243190050125122,qwen::FLUX.2_max,,models/v2/clip_lora_fold1_best_v1.pt,models/v2/v2_10b_h2_balanced_logreg_fold1_v1.joblib
1,blur_sigma2,QWEN_0951_kling_v2_1,1,0.874087393283844,qwen::kling_v2_1,,models/v2/clip_lora_fold1_best_v1.pt,models/v2/v2_10b_h2_balanced_logreg_fold1_v1.joblib
1,blur_sigma2,QWEN_0951_Qwen_Image_2512,1,0.8716490864753723,qwen::Qwen-Image-2512,,models/v2/clip_lora_fold1_best_v1.pt,models/v2/v2_10b_h2_balanced_logreg_fold1_v1.joblib
1,blur_sigma2,QWEN_0951_GPT_Image_1,1,0.8213666081428528,qwen::GPT-Image-1,,models/v2/clip_lora_fold1_best_v1.pt,models/v2/v2_10b_h2_balanced_logreg_fold1_v1.joblib
1,blur_sigma2,QWEN_0951_GPT_Image_15,1,0.824305534362793,qwen::GPT-Image-1.5,,models/v2/clip_lora_fold1_best_v1.pt,models/v2/v2_10b_h2_balanced_logreg_fold1_v1.joblib
1,blur_sigma2,QWEN_0964_gpt_image_2,1,0.8510826826095581,qwen::gpt-image-2,,models/v2/clip_lora_fold1_best_v1.pt,models/v2/v2_10b_h2_balanced_logreg_fold1_v1.joblib
1,blur_sigma2,QWEN_0964_FLUX2_max,1,0.4828372001647949,qwen::FLUX.2_max,,models/v2/clip_lora_fold1_best_v1.pt,models/v2/v2_10b_h2_balanced_logreg_fold1_v1.joblib
1,blur_sigma2,QWEN_0964_kling_v2_1,1,0.5690072178840637,qwen::kling_v2_1,,models/v2/clip_lora_fold1_best_v1.pt,models/v2/v2_10b_h2_balanced_logreg_fold1_v1.joblib
1,blur_sigma2,QWEN_0964_Qwen_Image_2512,1,0.584813117980957,qwen::Qwen-Image-2512,,models/v2/clip_lora_fold1_best_v1.pt,models/v2/v2_10b_h2_balanced_logreg_fold1_v1.joblib
1,blur_sigma2,QWEN_0964_GPT_Image_1,1,0.44271355867385864,qwen::GPT-Image-1,,models/v2/clip_lora_fold1_best_v1.pt,models/v2/v2_10b_h2_balanced_logreg_fold1_v1.joblib
1,blur_sigma2,QWEN_0964_GPT_Image_15,1,0.47511276602745056,qwen::GPT-Image-1.5,,models/v2/clip_lora_fold1_best_v1.pt,models/v2/v2_10b_h2_balanced_logreg_fold1_v1.joblib
1,blur_sigma2,QWEN_0965_gpt_image_2,1,0.7610852122306824,qwen::gpt-image-2,,models/v2/clip_lora_fold1_best_v1.pt,models/v2/v2_10b_h2_balanced_logreg_fold1_v1.joblib
1,blur_sigma2,QWEN_0965_FLUX2_max,1,0.6663145422935486,qwen::FLUX.2_max,,models/v2/clip_lora_fold1_best_v1.pt,models/v2/v2_10b_h2_balanced_logreg_fold1_v1.joblib
1,blur_sigma2,QWEN_0965_kling_v2_1,1,0.5250428318977356,qwen::kling_v2_1,,models/v2/clip_lora_fold1_best_v1.pt,models/v2/v2_10b_h2_balanced_logreg_fold1_v1.joblib
1,blur_sigma2,QWEN_0965_Qwen_Image_2512,1,0.7525739073753357,qwen::Qwen-Image-2512,,models/v2/clip_lora_fold1_best_v1.pt,models/v2/v2_10b_h2_balanced_logreg_fold1_v1.joblib
1,blur_sigma2,QWEN_0965_GPT_Image_1,1,0.2351926863193512,qwen::GPT-Image-1,,models/v2/clip_lora_fold1_best_v1.pt,models/v2/v2_10b_h2_balanced_logreg_fold1_v1.joblib
1,blur_sigma2,QWEN_0965_GPT_Image_15,1,0.9171074032783508,qwen::GPT-Image-1.5,,models/v2/clip_lora_fold1_best_v1.pt,models/v2/v2_10b_h2_balanced_logreg_fold1_v1.joblib
1,blur_sigma2,QWEN_0980_gpt_image_2,1,0.45265403389930725,qwen::gpt-image-2,,models/v2/clip_lora_fold1_best_v1.pt,models/v2/v2_10b_h2_balanced_logreg_fold1_v1.joblib
1,blur_sigma2,QWEN_0980_FLUX2_max,1,0.7988976836204529,qwen::FLUX.2_max,,models/v2/clip_lora_fold1_best_v1.pt,models/v2/v2_10b_h2_balanced_logreg_fold1_v1.joblib
1,blur_sigma2,QWEN_0980_kling_v2_1,1,0.5005128383636475,qwen::kling_v2_1,,models/v2/clip_lora_fold1_best_v1.pt,models/v2/v2_10b_h2_balanced_logreg_fold1_v1.joblib
1,blur_sigma2,QWEN_0980_Qwen_Image_2512,1,0.37302762269973755,qwen::Qwen-Image-2512,,models/v2/clip_lora_fold1_best_v1.pt,models/v2/v2_10b_h2_balanced_logreg_fold1_v1.joblib
1,blur_sigma2,QWEN_0980_GPT_Image_1,1,0.5382096767425537,qwen::GPT-Image-1,,models/v2/clip_lora_fold1_best_v1.pt,models/v2/v2_10b_h2_balanced_logreg_fold1_v1.joblib
1,blur_sigma2,QWEN_0980_GPT_Image_15,1,0.2835150361061096,qwen::GPT-Image-1.5,,models/v2/clip_lora_fold1_best_v1.pt,models/v2/v2_10b_h2_balanced_logreg_fold1_v1.joblib
1,blur_sigma2,SMARTPHONE_266094,0,0.5734331011772156,real::Smartphone,Smartphone,models/v2/clip_lora_fold1_best_v1.pt,models/v2/v2_10b_h2_balanced_logreg_fold1_v1.joblib
1,blur_sigma2,SMARTPHONE_918488,0,0.3277672827243805,real::Smartphone,Smartphone,models/v2/clip_lora_fold1_best_v1.pt,models/v2/v2_10b_h2_balanced_logreg_fold1_v1.joblib
1,blur_sigma2,SMARTPHONE_363988,0,0.13507325947284698,real::Smartphone,Smartphone,models/v2/clip_lora_fold1_best_v1.pt,models/v2/v2_10b_h2_balanced_logreg_fold1_v1.joblib
1,blur_sigma2,SMARTPHONE_699009,0,0.07933662831783295,real::Smartphone,Smartphone,models/v2/clip_lora_fold1_best_v1.pt,models/v2/v2_10b_h2_balanced_logreg_fold1_v1.joblib
1,blur_sigma2,SMARTPHONE_722548,0,0.11646556854248047,real::Smartphone,Smartphone,models/v2/clip_lora_fold1_best_v1.pt,models/v2/v2_10b_h2_balanced_logreg_fold1_v1.joblib
1,blur_sigma2,SMARTPHONE_1014820,0,0.02059728279709816,real::Smartphone,Smartphone,models/v2/clip_lora_fold1_best_v1.pt,models/v2/v2_10b_h2_balanced_logreg_fold1_v1.joblib
1,blur_sigma2,SMARTPHONE_869981,0,0.3765912652015686,real::Smartphone,Smartphone,models/v2/clip_lora_fold1_best_v1.pt,models/v2/v2_10b_h2_balanced_logreg_fold1_v1.joblib
1,blur_sigma2,SMARTPHONE_549095,0,0.18218623101711273,real::Smartphone,Smartphone,models/v2/clip_lora_fold1_best_v1.pt,models/v2/v2_10b_h2_balanced_logreg_fold1_v1.joblib
1,blur_sigma2,SMARTPHONE_836705,0,0.183059960603714,real::Smartphone,Smartphone,models/v2/clip_lora_fold1_best_v1.pt,models/v2/v2_10b_h2_balanced_logreg_fold1_v1.joblib
1,blur_sigma2,SMARTPHONE_289713,0,0.04395242780447006,real::Smartphone,Smartphone,models/v2/clip_lora_fold1_best_v1.pt,models/v2/v2_10b_h2_balanced_logreg_fold1_v1.joblib
1,blur_sigma2,SMARTPHONE_260800,0,0.4921366572380066,real::Smartphone,Smartphone,models/v2/clip_lora_fold1_best_v1.pt,models/v2/v2_10b_h2_balanced_logreg_fold1_v1.joblib
1,blur_sigma2,SMARTPHONE_422421,0,0.2386656254529953,real::Smartphone,Smartphone,models/v2/clip_lora_fold1_best_v1.pt,models/v2/v2_10b_h2_balanced_logreg_fold1_v1.joblib
1,blur_sigma2,SMARTPHONE_351851,0,0.12581530213356018,real::Smartphone,Smartphone,models/v2/clip_lora_fold1_best_v1.pt,models/v2/v2_10b_h2_balanced_logreg_fold1_v1.joblib
1,blur_sigma2,SMARTPHONE_192766,0,0.07382043451070786,real::Smartphone,Smartphone,models/v2/clip_lora_fold1_best_v1.pt,models/v2/v2_10b_h2_balanced_logreg_fold1_v1.joblib
1,blur_sigma2,SMARTPHONE_44895,0,0.0251813642680645,real::Smartphone,Smartphone,models/v2/clip_lora_fold1_best_v1.pt,models/v2/v2_10b_h2_balanced_logreg_fold1_v1.joblib
1,blur_sigma2,SMARTPHONE_167869,0,0.09264257550239563,real::Smartphone,Smartphone,models/v2/clip_lora_fold1_best_v1.pt,models/v2/v2_10b_h2_balanced_logreg_fold1_v1.joblib
1,blur_sigma2,SMARTPHONE_272002,0,0.0985402911901474,real::Smartphone,Smartphone,models/v2/clip_lora_fold1_best_v1.pt,models/v2/v2_10b_h2_balanced_logreg_fold1_v1.joblib
1,blur_sigma2,SMARTPHONE_271693,0,0.15769365429878235,real::Smartphone,Smartphone,models/v2/clip_lora_fold1_best_v1.pt,models/v2/v2_10b_h2_balanced_logreg_fold1_v1.joblib
1,blur_sigma2,SMARTPHONE_246177,0,0.09779557585716248,real::Smartphone,Smartphone,models/v2/clip_lora_fold1_best_v1.pt,models/v2/v2_10b_h2_balanced_logreg_fold1_v1.joblib
1,blur_sigma2,SMARTPHONE_266740,0,0.31468117237091064,real::Smartphone,Smartphone,models/v2/clip_lora_fold1_best_v1.pt,models/v2/v2_10b_h2_balanced_logreg_fold1_v1.joblib
1,blur_sigma2,SMARTPHONE_668289,0,0.17170368134975433,real::Smartphone,Smartphone,models/v2/clip_lora_fold1_best_v1.pt,models/v2/v2_10b_h2_balanced_logreg_fold1_v1.joblib
1,blur_sigma2,SMARTPHONE_332525,0,0.23316600918769836,real::Smartphone,Smartphone,models/v2/clip_lora_fold1_best_v1.pt,models/v2/v2_10b_h2_balanced_logreg_fold1_v1.joblib
1,blur_sigma2,SMARTPHONE_426225,0,0.165251225233078,real::Smartphone,Smartphone,models/v2/clip_lora_fold1_best_v1.pt,models/v2/v2_10b_h2_balanced_logreg_fold1_v1.joblib
1,blur_sigma2,SMARTPHONE_378098,0,0.5499471426010132,real::Smartphone,Smartphone,models/v2/clip_lora_fold1_best_v1.pt,models/v2/v2_10b_h2_balanced_logreg_fold1_v1.joblib
1,blur_sigma2,SMARTPHONE_517233,0,0.08101359009742737,real::Smartphone,Smartphone,models/v2/clip_lora_fold1_best_v1.pt,models/v2/v2_10b_h2_balanced_logreg_fold1_v1.joblib
1,blur_sigma2,SMARTPHONE_174520,0,0.2625730335712433,real::Smartphone,Smartphone,models/v2/clip_lora_fold1_best_v1.pt,models/v2/v2_10b_h2_balanced_logreg_fold1_v1.joblib
1,blur_sigma2,SMARTPHONE_359516,0,0.04348086565732956,real::Smartphone,Smartphone,models/v2/clip_lora_fold1_best_v1.pt,models/v2/v2_10b_h2_balanced_logreg_fold1_v1.joblib
1,blur_sigma2,SMARTPHONE_326129,0,0.07993395626544952,real::Smartphone,Smartphone,models/v2/clip_lora_fold1_best_v1.pt,models/v2/v2_10b_h2_balanced_logreg_fold1_v1.joblib
1,blur_sigma2,SMARTPHONE_334950,0,0.06830859184265137,real::Smartphone,Smartphone,models/v2/clip_lora_fold1_best_v1.pt,models/v2/v2_10b_h2_balanced_logreg_fold1_v1.joblib
1,blur_sigma2,SMARTPHONE_769952,0,0.13525207340717316,real::Smartphone,Smartphone,models/v2/clip_lora_fold1_best_v1.pt,models/v2/v2_10b_h2_balanced_logreg_fold1_v1.joblib
1,blur_sigma2,SMARTPHONE_192863,0,0.3603620231151581,real::Smartphone,Smartphone,models/v2/clip_lora_fold1_best_v1.pt,models/v2/v2_10b_h2_balanced_logreg_fold1_v1.joblib
1,blur_sigma2,SMARTPHONE_320452,0,0.1428760141134262,real::Smartphone,Smartphone,models/v2/clip_lora_fold1_best_v1.pt,models/v2/v2_10b_h2_balanced_logreg_fold1_v1.joblib
1,blur_sigma2,SMARTPHONE_239140,0,0.028599347919225693,real::Smartphone,Smartphone,models/v2/clip_lora_fold1_best_v1.pt,models/v2/v2_10b_h2_balanced_logreg_fold1_v1.joblib
1,blur_sigma2,SMARTPHONE_75765,0,0.4266159236431122,real::Smartphone,Smartphone,models/v2/clip_lora_fold1_best_v1.pt,models/v2/v2_10b_h2_balanced_logreg_fold1_v1.joblib
1,blur_sigma2,SMARTPHONE_981307,0,0.12674959003925323,real::Smartphone,Smartphone,models/v2/clip_lora_fold1_best_v1.pt,models/v2/v2_10b_h2_balanced_logreg_fold1_v1.joblib
1,blur_sigma2,SMARTPHONE_870916,0,0.01557669136673212,real::Smartphone,Smartphone,models/v2/clip_lora_fold1_best_v1.pt,models/v2/v2_10b_h2_balanced_logreg_fold1_v1.joblib
1,blur_sigma2,SMARTPHONE_942708,0,0.19048811495304108,real::Smartphone,Smartphone,models/v2/clip_lora_fold1_best_v1.pt,models/v2/v2_10b_h2_balanced_logreg_fold1_v1.joblib
1,blur_sigma2,SMARTPHONE_318426,0,0.13538244366645813,real::Smartphone,Smartphone,models/v2/clip_lora_fold1_best_v1.pt,models/v2/v2_10b_h2_balanced_logreg_fold1_v1.joblib
1,blur_sigma2,SMARTPHONE_742680,0,0.10953380912542343,real::Smartphone,Smartphone,models/v2/clip_lora_fold1_best_v1.pt,models/v2/v2_10b_h2_balanced_logreg_fold1_v1.joblib
1,blur_sigma2,SMARTPHONE_27966,0,0.23901627957820892,real::Smartphone,Smartphone,models/v2/clip_lora_fold1_best_v1.pt,models/v2/v2_10b_h2_balanced_logreg_fold1_v1.joblib
1,blur_sigma2,SMARTPHONE_323765,0,0.09734714776277542,real::Smartphone,Smartphone,models/v2/clip_lora_fold1_best_v1.pt,models/v2/v2_10b_h2_balanced_logreg_fold1_v1.joblib
1,blur_sigma2,SMARTPHONE_820544,0,0.06359687447547913,real::Smartphone,Smartphone,models/v2/clip_lora_fold1_best_v1.pt,models/v2/v2_10b_h2_balanced_logreg_fold1_v1.joblib
1,blur_sigma2,SMARTPHONE_859864,0,0.22322794795036316,real::Smartphone,Smartphone,models/v2/clip_lora_fold1_best_v1.pt,models/v2/v2_10b_h2_balanced_logreg_fold1_v1.joblib
1,blur_sigma2,SMARTPHONE_270777,0,0.22650477290153503,real::Smartphone,Smartphone,models/v2/clip_lora_fold1_best_v1.pt,models/v2/v2_10b_h2_balanced_logreg_fold1_v1.joblib
1,blur_sigma2,SMARTPHONE_625666,0,0.29883503913879395,real::Smartphone,Smartphone,models/v2/clip_lora_fold1_best_v1.pt,models/v2/v2_10b_h2_balanced_logreg_fold1_v1.joblib
1,blur_sigma2,SMARTPHONE_579219,0,0.15481704473495483,real::Smartphone,Smartphone,models/v2/clip_lora_fold1_best_v1.pt,models/v2/v2_10b_h2_balanced_logreg_fold1_v1.joblib
1,blur_sigma2,SMARTPHONE_490360,0,0.07083047926425934,real::Smartphone,Smartphone,models/v2/clip_lora_fold1_best_v1.pt,models/v2/v2_10b_h2_balanced_logreg_fold1_v1.joblib
1,blur_sigma2,SMARTPHONE_119728,0,0.09589394181966782,real::Smartphone,Smartphone,models/v2/clip_lora_fold1_best_v1.pt,models/v2/v2_10b_h2_balanced_logreg_fold1_v1.joblib
1,blur_sigma2,SMARTPHONE_475651,0,0.11277686804533005,real::Smartphone,Smartphone,models/v2/clip_lora_fold1_best_v1.pt,models/v2/v2_10b_h2_balanced_logreg_fold1_v1.joblib
1,blur_sigma2,SMARTPHONE_122407,0,0.2586066424846649,real::Smartphone,Smartphone,models/v2/clip_lora_fold1_best_v1.pt,models/v2/v2_10b_h2_balanced_logreg_fold1_v1.joblib
1,blur_sigma2,SMARTPHONE_955778,0,0.0180728267878294,real::Smartphone,Smartphone,models/v2/clip_lora_fold1_best_v1.pt,models/v2/v2_10b_h2_balanced_logreg_fold1_v1.joblib
1,blur_sigma2,SMARTPHONE_663145,0,0.07482477277517319,real::Smartphone,Smartphone,models/v2/clip_lora_fold1_best_v1.pt,models/v2/v2_10b_h2_balanced_logreg_fold1_v1.joblib
1,blur_sigma2,SMARTPHONE_488390,0,0.05552639067173004,real::Smartphone,Smartphone,models/v2/clip_lora_fold1_best_v1.pt,models/v2/v2_10b_h2_balanced_logreg_fold1_v1.joblib
1,blur_sigma2,SMARTPHONE_441390,0,0.09370474517345428,real::Smartphone,Smartphone,models/v2/clip_lora_fold1_best_v1.pt,models/v2/v2_10b_h2_balanced_logreg_fold1_v1.joblib
1,blur_sigma2,SMARTPHONE_935640,0,0.03530466556549072,real::Smartphone,Smartphone,models/v2/clip_lora_fold1_best_v1.pt,models/v2/v2_10b_h2_balanced_logreg_fold1_v1.joblib
1,blur_sigma2,SMARTPHONE_84216,0,0.0780014842748642,real::Smartphone,Smartphone,models/v2/clip_lora_fold1_best_v1.pt,models/v2/v2_10b_h2_balanced_logreg_fold1_v1.joblib
1,blur_sigma2,SMARTPHONE_708116,0,0.01242467388510704,real::Smartphone,Smartphone,models/v2/clip_lora_fold1_best_v1.pt,models/v2/v2_10b_h2_balanced_logreg_fold1_v1.joblib
1,blur_sigma2,SMARTPHONE_299168,0,0.011413699947297573,real::Smartphone,Smartphone,models/v2/clip_lora_fold1_best_v1.pt,models/v2/v2_10b_h2_balanced_logreg_fold1_v1.joblib
1,blur_sigma2,SMARTPHONE_334534,0,0.05010854825377464,real::Smartphone,Smartphone,models/v2/clip_lora_fold1_best_v1.pt,models/v2/v2_10b_h2_balanced_logreg_fold1_v1.joblib
1,blur_sigma2,SMARTPHONE_694587,0,0.14381833374500275,real::Smartphone,Smartphone,models/v2/clip_lora_fold1_best_v1.pt,models/v2/v2_10b_h2_balanced_logreg_fold1_v1.joblib
1,blur_sigma2,SMARTPHONE_905447,0,0.025637399405241013,real::Smartphone,Smartphone,models/v2/clip_lora_fold1_best_v1.pt,models/v2/v2_10b_h2_balanced_logreg_fold1_v1.joblib
1,blur_sigma2,SMARTPHONE_844676,0,0.018909120932221413,real::Smartphone,Smartphone,models/v2/clip_lora_fold1_best_v1.pt,models/v2/v2_10b_h2_balanced_logreg_fold1_v1.joblib
1,blur_sigma2,SMARTPHONE_243727,0,0.0680188462138176,real::Smartphone,Smartphone,models/v2/clip_lora_fold1_best_v1.pt,models/v2/v2_10b_h2_balanced_logreg_fold1_v1.joblib
1,blur_sigma2,SMARTPHONE_989294,0,0.1037735715508461,real::Smartphone,Smartphone,models/v2/clip_lora_fold1_best_v1.pt,models/v2/v2_10b_h2_balanced_logreg_fold1_v1.joblib
1,blur_sigma2,SMARTPHONE_848122,0,0.48316481709480286,real::Smartphone,Smartphone,models/v2/clip_lora_fold1_best_v1.pt,models/v2/v2_10b_h2_balanced_logreg_fold1_v1.joblib
1,blur_sigma2,SMARTPHONE_149671,0,0.3937356173992157,real::Smartphone,Smartphone,models/v2/clip_lora_fold1_best_v1.pt,models/v2/v2_10b_h2_balanced_logreg_fold1_v1.joblib
1,blur_sigma2,SMARTPHONE_868564,0,0.10832562297582626,real::Smartphone,Smartphone,models/v2/clip_lora_fold1_best_v1.pt,models/v2/v2_10b_h2_balanced_logreg_fold1_v1.joblib
1,blur_sigma2,SMARTPHONE_66247,0,0.031184809282422066,real::Smartphone,Smartphone,models/v2/clip_lora_fold1_best_v1.pt,models/v2/v2_10b_h2_balanced_logreg_fold1_v1.joblib
1,blur_sigma2,SMARTPHONE_983217,0,0.11151890456676483,real::Smartphone,Smartphone,models/v2/clip_lora_fold1_best_v1.pt,models/v2/v2_10b_h2_balanced_logreg_fold1_v1.joblib
1,blur_sigma2,SMARTPHONE_98874,0,0.009152854792773724,real::Smartphone,Smartphone,models/v2/clip_lora_fold1_best_v1.pt,models/v2/v2_10b_h2_balanced_logreg_fold1_v1.joblib
1,blur_sigma2,SMARTPHONE_583377,0,0.06702309101819992,real::Smartphone,Smartphone,models/v2/clip_lora_fold1_best_v1.pt,models/v2/v2_10b_h2_balanced_logreg_fold1_v1.joblib
1,blur_sigma2,SMARTPHONE_507774,0,0.021239357069134712,real::Smartphone,Smartphone,models/v2/clip_lora_fold1_best_v1.pt,models/v2/v2_10b_h2_balanced_logreg_fold1_v1.joblib
1,blur_sigma2,SMARTPHONE_691644,0,0.07279311120510101,real::Smartphone,Smartphone,models/v2/clip_lora_fold1_best_v1.pt,models/v2/v2_10b_h2_balanced_logreg_fold1_v1.joblib
1,blur_sigma2,SMARTPHONE_577223,0,0.08504398167133331,real::Smartphone,Smartphone,models/v2/clip_lora_fold1_best_v1.pt,models/v2/v2_10b_h2_balanced_logreg_fold1_v1.joblib
1,blur_sigma2,SMARTPHONE_570390,0,0.17774918675422668,real::Smartphone,Smartphone,models/v2/clip_lora_fold1_best_v1.pt,models/v2/v2_10b_h2_balanced_logreg_fold1_v1.joblib
1,blur_sigma2,SMARTPHONE_428920,0,0.06048303470015526,real::Smartphone,Smartphone,models/v2/clip_lora_fold1_best_v1.pt,models/v2/v2_10b_h2_balanced_logreg_fold1_v1.joblib
1,blur_sigma2,SMARTPHONE_238982,0,0.07279717922210693,real::Smartphone,Smartphone,models/v2/clip_lora_fold1_best_v1.pt,models/v2/v2_10b_h2_balanced_logreg_fold1_v1.joblib
1,blur_sigma2,SMARTPHONE_696723,0,0.6969054341316223,real::Smartphone,Smartphone,models/v2/clip_lora_fold1_best_v1.pt,models/v2/v2_10b_h2_balanced_logreg_fold1_v1.joblib
1,blur_sigma2,SMARTPHONE_806581,0,0.20182116329669952,real::Smartphone,Smartphone,models/v2/clip_lora_fold1_best_v1.pt,models/v2/v2_10b_h2_balanced_logreg_fold1_v1.joblib
1,blur_sigma2,SMARTPHONE_299424,0,0.0880306139588356,real::Smartphone,Smartphone,models/v2/clip_lora_fold1_best_v1.pt,models/v2/v2_10b_h2_balanced_logreg_fold1_v1.joblib
1,blur_sigma2,SMARTPHONE_476590,0,0.19906772673130035,real::Smartphone,Smartphone,models/v2/clip_lora_fold1_best_v1.pt,models/v2/v2_10b_h2_balanced_logreg_fold1_v1.joblib
1,blur_sigma2,SMARTPHONE_510927,0,0.12476779520511627,real::Smartphone,Smartphone,models/v2/clip_lora_fold1_best_v1.pt,models/v2/v2_10b_h2_balanced_logreg_fold1_v1.joblib
1,blur_sigma2,SMARTPHONE_883526,0,0.19385582208633423,real::Smartphone,Smartphone,models/v2/clip_lora_fold1_best_v1.pt,models/v2/v2_10b_h2_balanced_logreg_fold1_v1.joblib
1,blur_sigma2,SMARTPHONE_215884,0,0.3311859369277954,real::Smartphone,Smartphone,models/v2/clip_lora_fold1_best_v1.pt,models/v2/v2_10b_h2_balanced_logreg_fold1_v1.joblib
1,blur_sigma2,SMARTPHONE_933366,0,0.06473978608846664,real::Smartphone,Smartphone,models/v2/clip_lora_fold1_best_v1.pt,models/v2/v2_10b_h2_balanced_logreg_fold1_v1.joblib
1,blur_sigma2,SMARTPHONE_963937,0,0.015596664510667324,real::Smartphone,Smartphone,models/v2/clip_lora_fold1_best_v1.pt,models/v2/v2_10b_h2_balanced_logreg_fold1_v1.joblib
1,blur_sigma2,SMARTPHONE_950858,0,0.1065136194229126,real::Smartphone,Smartphone,models/v2/clip_lora_fold1_best_v1.pt,models/v2/v2_10b_h2_balanced_logreg_fold1_v1.joblib
1,blur_sigma2,SMARTPHONE_404163,0,0.10360073298215866,real::Smartphone,Smartphone,models/v2/clip_lora_fold1_best_v1.pt,models/v2/v2_10b_h2_balanced_logreg_fold1_v1.joblib
1,blur_sigma2,SMARTPHONE_948480,0,0.099339060485363,real::Smartphone,Smartphone,models/v2/clip_lora_fold1_best_v1.pt,models/v2/v2_10b_h2_balanced_logreg_fold1_v1.joblib
1,blur_sigma2,SMARTPHONE_102430,0,0.12702462077140808,real::Smartphone,Smartphone,models/v2/clip_lora_fold1_best_v1.pt,models/v2/v2_10b_h2_balanced_logreg_fold1_v1.joblib
1,blur_sigma2,SMARTPHONE_286376,0,0.022515596821904182,real::Smartphone,Smartphone,models/v2/clip_lora_fold1_best_v1.pt,models/v2/v2_10b_h2_balanced_logreg_fold1_v1.joblib
1,blur_sigma2,SMARTPHONE_806603,0,0.19388216733932495,real::Smartphone,Smartphone,models/v2/clip_lora_fold1_best_v1.pt,models/v2/v2_10b_h2_balanced_logreg_fold1_v1.joblib
1,blur_sigma2,SMARTPHONE_55372,0,0.4670882523059845,real::Smartphone,Smartphone,models/v2/clip_lora_fold1_best_v1.pt,models/v2/v2_10b_h2_balanced_logreg_fold1_v1.joblib
1,blur_sigma2,SMARTPHONE_166817,0,0.1999107450246811,real::Smartphone,Smartphone,models/v2/clip_lora_fold1_best_v1.pt,models/v2/v2_10b_h2_balanced_logreg_fold1_v1.joblib
1,blur_sigma2,SMARTPHONE_226584,0,0.04257016256451607,real::Smartphone,Smartphone,models/v2/clip_lora_fold1_best_v1.pt,models/v2/v2_10b_h2_balanced_logreg_fold1_v1.joblib
1,blur_sigma2,SMARTPHONE_816382,0,0.2522353529930115,real::Smartphone,Smartphone,models/v2/clip_lora_fold1_best_v1.pt,models/v2/v2_10b_h2_balanced_logreg_fold1_v1.joblib
1,blur_sigma2,SMARTPHONE_346922,0,0.4000018239021301,real::Smartphone,Smartphone,models/v2/clip_lora_fold1_best_v1.pt,models/v2/v2_10b_h2_balanced_logreg_fold1_v1.joblib
1,blur_sigma2,SMARTPHONE_77346,0,0.0530477836728096,real::Smartphone,Smartphone,models/v2/clip_lora_fold1_best_v1.pt,models/v2/v2_10b_h2_balanced_logreg_fold1_v1.joblib
1,blur_sigma2,SMARTPHONE_670061,0,0.034707240760326385,real::Smartphone,Smartphone,models/v2/clip_lora_fold1_best_v1.pt,models/v2/v2_10b_h2_balanced_logreg_fold1_v1.joblib
1,blur_sigma2,SMARTPHONE_1015273,0,0.5398059487342834,real::Smartphone,Smartphone,models/v2/clip_lora_fold1_best_v1.pt,models/v2/v2_10b_h2_balanced_logreg_fold1_v1.joblib
1,blur_sigma2,SMARTPHONE_24728,0,0.05595014616847038,real::Smartphone,Smartphone,models/v2/clip_lora_fold1_best_v1.pt,models/v2/v2_10b_h2_balanced_logreg_fold1_v1.joblib
1,blur_sigma2,SMARTPHONE_39238,0,0.33205491304397583,real::Smartphone,Smartphone,models/v2/clip_lora_fold1_best_v1.pt,models/v2/v2_10b_h2_balanced_logreg_fold1_v1.joblib
1,blur_sigma2,SMARTPHONE_342534,0,0.1451321393251419,real::Smartphone,Smartphone,models/v2/clip_lora_fold1_best_v1.pt,models/v2/v2_10b_h2_balanced_logreg_fold1_v1.joblib
1,blur_sigma2,SMARTPHONE_104494,0,0.03239600732922554,real::Smartphone,Smartphone,models/v2/clip_lora_fold1_best_v1.pt,models/v2/v2_10b_h2_balanced_logreg_fold1_v1.joblib
1,blur_sigma2,SMARTPHONE_636591,0,0.4473370909690857,real::Smartphone,Smartphone,models/v2/clip_lora_fold1_best_v1.pt,models/v2/v2_10b_h2_balanced_logreg_fold1_v1.joblib
1,blur_sigma2,SMARTPHONE_248008,0,0.03923401981592178,real::Smartphone,Smartphone,models/v2/clip_lora_fold1_best_v1.pt,models/v2/v2_10b_h2_balanced_logreg_fold1_v1.joblib
1,blur_sigma2,SMARTPHONE_204711,0,0.3247453570365906,real::Smartphone,Smartphone,models/v2/clip_lora_fold1_best_v1.pt,models/v2/v2_10b_h2_balanced_logreg_fold1_v1.joblib
1,blur_sigma2,SMARTPHONE_976959,0,0.6611055731773376,real::Smartphone,Smartphone,models/v2/clip_lora_fold1_best_v1.pt,models/v2/v2_10b_h2_balanced_logreg_fold1_v1.joblib
1,blur_sigma2,SMARTPHONE_165101,0,0.06866215169429779,real::Smartphone,Smartphone,models/v2/clip_lora_fold1_best_v1.pt,models/v2/v2_10b_h2_balanced_logreg_fold1_v1.joblib
1,blur_sigma2,SMARTPHONE_506356,0,0.09216559678316116,real::Smartphone,Smartphone,models/v2/clip_lora_fold1_best_v1.pt,models/v2/v2_10b_h2_balanced_logreg_fold1_v1.joblib
1,blur_sigma2,SMARTPHONE_943065,0,0.11817210912704468,real::Smartphone,Smartphone,models/v2/clip_lora_fold1_best_v1.pt,models/v2/v2_10b_h2_balanced_logreg_fold1_v1.joblib
1,blur_sigma2,SMARTPHONE_775115,0,0.23360063135623932,real::Smartphone,Smartphone,models/v2/clip_lora_fold1_best_v1.pt,models/v2/v2_10b_h2_balanced_logreg_fold1_v1.joblib
1,blur_sigma2,SMARTPHONE_267126,0,0.08207166939973831,real::Smartphone,Smartphone,models/v2/clip_lora_fold1_best_v1.pt,models/v2/v2_10b_h2_balanced_logreg_fold1_v1.joblib
1,blur_sigma2,SMARTPHONE_813990,0,0.028062984347343445,real::Smartphone,Smartphone,models/v2/clip_lora_fold1_best_v1.pt,models/v2/v2_10b_h2_balanced_logreg_fold1_v1.joblib
1,blur_sigma2,SMARTPHONE_705719,0,0.10209222882986069,real::Smartphone,Smartphone,models/v2/clip_lora_fold1_best_v1.pt,models/v2/v2_10b_h2_balanced_logreg_fold1_v1.joblib
1,blur_sigma2,SMARTPHONE_300398,0,0.0583382286131382,real::Smartphone,Smartphone,models/v2/clip_lora_fold1_best_v1.pt,models/v2/v2_10b_h2_balanced_logreg_fold1_v1.joblib
1,blur_sigma2,SMARTPHONE_605242,0,0.06627282500267029,real::Smartphone,Smartphone,models/v2/clip_lora_fold1_best_v1.pt,models/v2/v2_10b_h2_balanced_logreg_fold1_v1.joblib
1,blur_sigma2,SMARTPHONE_476852,0,0.06572547554969788,real::Smartphone,Smartphone,models/v2/clip_lora_fold1_best_v1.pt,models/v2/v2_10b_h2_balanced_logreg_fold1_v1.joblib
1,blur_sigma2,SMARTPHONE_586003,0,0.07922334969043732,real::Smartphone,Smartphone,models/v2/clip_lora_fold1_best_v1.pt,models/v2/v2_10b_h2_balanced_logreg_fold1_v1.joblib
1,blur_sigma2,SMARTPHONE_415955,0,0.053198520094156265,real::Smartphone,Smartphone,models/v2/clip_lora_fold1_best_v1.pt,models/v2/v2_10b_h2_balanced_logreg_fold1_v1.joblib
1,blur_sigma2,SMARTPHONE_983469,0,0.19468790292739868,real::Smartphone,Smartphone,models/v2/clip_lora_fold1_best_v1.pt,models/v2/v2_10b_h2_balanced_logreg_fold1_v1.joblib
1,blur_sigma2,SMARTPHONE_848429,0,0.0346260666847229,real::Smartphone,Smartphone,models/v2/clip_lora_fold1_best_v1.pt,models/v2/v2_10b_h2_balanced_logreg_fold1_v1.joblib
1,blur_sigma2,SMARTPHONE_809215,0,0.06495258212089539,real::Smartphone,Smartphone,models/v2/clip_lora_fold1_best_v1.pt,models/v2/v2_10b_h2_balanced_logreg_fold1_v1.joblib
1,blur_sigma2,SMARTPHONE_727593,0,0.07332463562488556,real::Smartphone,Smartphone,models/v2/clip_lora_fold1_best_v1.pt,models/v2/v2_10b_h2_balanced_logreg_fold1_v1.joblib
1,blur_sigma2,SMARTPHONE_66762,0,0.04633532091975212,real::Smartphone,Smartphone,models/v2/clip_lora_fold1_best_v1.pt,models/v2/v2_10b_h2_balanced_logreg_fold1_v1.joblib
1,blur_sigma2,SMARTPHONE_257072,0,0.03929461911320686,real::Smartphone,Smartphone,models/v2/clip_lora_fold1_best_v1.pt,models/v2/v2_10b_h2_balanced_logreg_fold1_v1.joblib
1,blur_sigma2,SMARTPHONE_483456,0,0.031648844480514526,real::Smartphone,Smartphone,models/v2/clip_lora_fold1_best_v1.pt,models/v2/v2_10b_h2_balanced_logreg_fold1_v1.joblib
1,blur_sigma2,SMARTPHONE_494712,0,0.1258377879858017,real::Smartphone,Smartphone,models/v2/clip_lora_fold1_best_v1.pt,models/v2/v2_10b_h2_balanced_logreg_fold1_v1.joblib
1,blur_sigma2,SMARTPHONE_883000,0,0.21830429136753082,real::Smartphone,Smartphone,models/v2/clip_lora_fold1_best_v1.pt,models/v2/v2_10b_h2_balanced_logreg_fold1_v1.joblib
1,blur_sigma2,SMARTPHONE_879126,0,0.06581880897283554,real::Smartphone,Smartphone,models/v2/clip_lora_fold1_best_v1.pt,models/v2/v2_10b_h2_balanced_logreg_fold1_v1.joblib
1,blur_sigma2,SMARTPHONE_39837,0,0.2771359384059906,real::Smartphone,Smartphone,models/v2/clip_lora_fold1_best_v1.pt,models/v2/v2_10b_h2_balanced_logreg_fold1_v1.joblib
1,blur_sigma2,SMARTPHONE_1033666,0,0.08505477756261826,real::Smartphone,Smartphone,models/v2/clip_lora_fold1_best_v1.pt,models/v2/v2_10b_h2_balanced_logreg_fold1_v1.joblib
1,blur_sigma2,SMARTPHONE_1002811,0,0.10109210759401321,real::Smartphone,Smartphone,models/v2/clip_lora_fold1_best_v1.pt,models/v2/v2_10b_h2_balanced_logreg_fold1_v1.joblib
1,blur_sigma2,SMARTPHONE_640187,0,0.08774756640195847,real::Smartphone,Smartphone,models/v2/clip_lora_fold1_best_v1.pt,models/v2/v2_10b_h2_balanced_logreg_fold1_v1.joblib
1,blur_sigma2,SMARTPHONE_624066,0,0.1261623650789261,real::Smartphone,Smartphone,models/v2/clip_lora_fold1_best_v1.pt,models/v2/v2_10b_h2_balanced_logreg_fold1_v1.joblib
1,blur_sigma2,SMARTPHONE_809493,0,0.16383184492588043,real::Smartphone,Smartphone,models/v2/clip_lora_fold1_best_v1.pt,models/v2/v2_10b_h2_balanced_logreg_fold1_v1.joblib
1,blur_sigma2,SMARTPHONE_686409,0,0.06345529109239578,real::Smartphone,Smartphone,models/v2/clip_lora_fold1_best_v1.pt,models/v2/v2_10b_h2_balanced_logreg_fold1_v1.joblib
1,blur_sigma2,SMARTPHONE_543198,0,0.15974725782871246,real::Smartphone,Smartphone,models/v2/clip_lora_fold1_best_v1.pt,models/v2/v2_10b_h2_balanced_logreg_fold1_v1.joblib
1,blur_sigma2,SMARTPHONE_661693,0,0.09121642261743546,real::Smartphone,Smartphone,models/v2/clip_lora_fold1_best_v1.pt,models/v2/v2_10b_h2_balanced_logreg_fold1_v1.joblib
1,blur_sigma2,SMARTPHONE_230225,0,0.0572550967335701,real::Smartphone,Smartphone,models/v2/clip_lora_fold1_best_v1.pt,models/v2/v2_10b_h2_balanced_logreg_fold1_v1.joblib
1,blur_sigma2,SMARTPHONE_1010126,0,0.049863576889038086,real::Smartphone,Smartphone,models/v2/clip_lora_fold1_best_v1.pt,models/v2/v2_10b_h2_balanced_logreg_fold1_v1.joblib
1,blur_sigma2,SMARTPHONE_909011,0,0.03868047520518303,real::Smartphone,Smartphone,models/v2/clip_lora_fold1_best_v1.pt,models/v2/v2_10b_h2_balanced_logreg_fold1_v1.joblib
1,blur_sigma2,SMARTPHONE_527623,0,0.1186123937368393,real::Smartphone,Smartphone,models/v2/clip_lora_fold1_best_v1.pt,models/v2/v2_10b_h2_balanced_logreg_fold1_v1.joblib
1,blur_sigma2,SMARTPHONE_826493,0,0.03987354412674904,real::Smartphone,Smartphone,models/v2/clip_lora_fold1_best_v1.pt,models/v2/v2_10b_h2_balanced_logreg_fold1_v1.joblib
1,blur_sigma2,SMARTPHONE_499885,0,0.1695137470960617,real::Smartphone,Smartphone,models/v2/clip_lora_fold1_best_v1.pt,models/v2/v2_10b_h2_balanced_logreg_fold1_v1.joblib
1,blur_sigma2,SMARTPHONE_539735,0,0.03411736711859703,real::Smartphone,Smartphone,models/v2/clip_lora_fold1_best_v1.pt,models/v2/v2_10b_h2_balanced_logreg_fold1_v1.joblib
1,blur_sigma2,SMARTPHONE_330547,0,0.09118826687335968,real::Smartphone,Smartphone,models/v2/clip_lora_fold1_best_v1.pt,models/v2/v2_10b_h2_balanced_logreg_fold1_v1.joblib
1,blur_sigma2,SMARTPHONE_663961,0,0.3207198679447174,real::Smartphone,Smartphone,models/v2/clip_lora_fold1_best_v1.pt,models/v2/v2_10b_h2_balanced_logreg_fold1_v1.joblib
1,blur_sigma2,SMARTPHONE_477639,0,0.0710553377866745,real::Smartphone,Smartphone,models/v2/clip_lora_fold1_best_v1.pt,models/v2/v2_10b_h2_balanced_logreg_fold1_v1.joblib
1,blur_sigma2,SMARTPHONE_1001088,0,0.020565399900078773,real::Smartphone,Smartphone,models/v2/clip_lora_fold1_best_v1.pt,models/v2/v2_10b_h2_balanced_logreg_fold1_v1.joblib
1,blur_sigma2,SMARTPHONE_8274,0,0.014592668041586876,real::Smartphone,Smartphone,models/v2/clip_lora_fold1_best_v1.pt,models/v2/v2_10b_h2_balanced_logreg_fold1_v1.joblib
1,blur_sigma2,SMARTPHONE_808022,0,0.09134124964475632,real::Smartphone,Smartphone,models/v2/clip_lora_fold1_best_v1.pt,models/v2/v2_10b_h2_balanced_logreg_fold1_v1.joblib
1,blur_sigma2,SMARTPHONE_475434,0,0.12535680830478668,real::Smartphone,Smartphone,models/v2/clip_lora_fold1_best_v1.pt,models/v2/v2_10b_h2_balanced_logreg_fold1_v1.joblib
1,blur_sigma2,SMARTPHONE_455547,0,0.009963851422071457,real::Smartphone,Smartphone,models/v2/clip_lora_fold1_best_v1.pt,models/v2/v2_10b_h2_balanced_logreg_fold1_v1.joblib
1,blur_sigma2,SMARTPHONE_365232,0,0.012808148749172688,real::Smartphone,Smartphone,models/v2/clip_lora_fold1_best_v1.pt,models/v2/v2_10b_h2_balanced_logreg_fold1_v1.joblib
1,blur_sigma2,SMARTPHONE_914541,0,0.10522720962762833,real::Smartphone,Smartphone,models/v2/clip_lora_fold1_best_v1.pt,models/v2/v2_10b_h2_balanced_logreg_fold1_v1.joblib
1,blur_sigma2,SMARTPHONE_67029,0,0.00991108175367117,real::Smartphone,Smartphone,models/v2/clip_lora_fold1_best_v1.pt,models/v2/v2_10b_h2_balanced_logreg_fold1_v1.joblib
1,blur_sigma2,SMARTPHONE_258304,0,0.046271245926618576,real::Smartphone,Smartphone,models/v2/clip_lora_fold1_best_v1.pt,models/v2/v2_10b_h2_balanced_logreg_fold1_v1.joblib
1,blur_sigma2,SMARTPHONE_146005,0,0.09166193008422852,real::Smartphone,Smartphone,models/v2/clip_lora_fold1_best_v1.pt,models/v2/v2_10b_h2_balanced_logreg_fold1_v1.joblib
1,blur_sigma2,SMARTPHONE_643964,0,0.017318611964583397,real::Smartphone,Smartphone,models/v2/clip_lora_fold1_best_v1.pt,models/v2/v2_10b_h2_balanced_logreg_fold1_v1.joblib
1,blur_sigma2,SMARTPHONE_192824,0,0.01091296598315239,real::Smartphone,Smartphone,models/v2/clip_lora_fold1_best_v1.pt,models/v2/v2_10b_h2_balanced_logreg_fold1_v1.joblib
1,blur_sigma2,SMARTPHONE_264810,0,0.15704427659511566,real::Smartphone,Smartphone,models/v2/clip_lora_fold1_best_v1.pt,models/v2/v2_10b_h2_balanced_logreg_fold1_v1.joblib
1,blur_sigma2,SMARTPHONE_735592,0,0.03794784098863602,real::Smartphone,Smartphone,models/v2/clip_lora_fold1_best_v1.pt,models/v2/v2_10b_h2_balanced_logreg_fold1_v1.joblib
1,blur_sigma2,SMARTPHONE_473443,0,0.012252350337803364,real::Smartphone,Smartphone,models/v2/clip_lora_fold1_best_v1.pt,models/v2/v2_10b_h2_balanced_logreg_fold1_v1.joblib
1,blur_sigma2,SMARTPHONE_902600,0,0.006790237035602331,real::Smartphone,Smartphone,models/v2/clip_lora_fold1_best_v1.pt,models/v2/v2_10b_h2_balanced_logreg_fold1_v1.joblib
1,blur_sigma2,SMARTPHONE_166294,0,0.18479059636592865,real::Smartphone,Smartphone,models/v2/clip_lora_fold1_best_v1.pt,models/v2/v2_10b_h2_balanced_logreg_fold1_v1.joblib
1,blur_sigma2,SMARTPHONE_870855,0,0.01754140481352806,real::Smartphone,Smartphone,models/v2/clip_lora_fold1_best_v1.pt,models/v2/v2_10b_h2_balanced_logreg_fold1_v1.joblib
1,blur_sigma2,SMARTPHONE_994349,0,0.017908301204442978,real::Smartphone,Smartphone,models/v2/clip_lora_fold1_best_v1.pt,models/v2/v2_10b_h2_balanced_logreg_fold1_v1.joblib
1,blur_sigma2,SMARTPHONE_413030,0,0.08285323530435562,real::Smartphone,Smartphone,models/v2/clip_lora_fold1_best_v1.pt,models/v2/v2_10b_h2_balanced_logreg_fold1_v1.joblib
1,blur_sigma2,SMARTPHONE_554363,0,0.129692941904068,real::Smartphone,Smartphone,models/v2/clip_lora_fold1_best_v1.pt,models/v2/v2_10b_h2_balanced_logreg_fold1_v1.joblib
1,blur_sigma2,SMARTPHONE_67228,0,0.3201131820678711,real::Smartphone,Smartphone,models/v2/clip_lora_fold1_best_v1.pt,models/v2/v2_10b_h2_balanced_logreg_fold1_v1.joblib
1,blur_sigma2,SMARTPHONE_800579,0,0.035160236060619354,real::Smartphone,Smartphone,models/v2/clip_lora_fold1_best_v1.pt,models/v2/v2_10b_h2_balanced_logreg_fold1_v1.joblib
1,blur_sigma2,SMARTPHONE_569429,0,0.015470270067453384,real::Smartphone,Smartphone,models/v2/clip_lora_fold1_best_v1.pt,models/v2/v2_10b_h2_balanced_logreg_fold1_v1.joblib
1,blur_sigma2,SMARTPHONE_85583,0,0.025178244337439537,real::Smartphone,Smartphone,models/v2/clip_lora_fold1_best_v1.pt,models/v2/v2_10b_h2_balanced_logreg_fold1_v1.joblib
1,blur_sigma2,SMARTPHONE_234705,0,0.05662987753748894,real::Smartphone,Smartphone,models/v2/clip_lora_fold1_best_v1.pt,models/v2/v2_10b_h2_balanced_logreg_fold1_v1.joblib
1,blur_sigma2,SMARTPHONE_591050,0,0.005291129928082228,real::Smartphone,Smartphone,models/v2/clip_lora_fold1_best_v1.pt,models/v2/v2_10b_h2_balanced_logreg_fold1_v1.joblib
1,blur_sigma2,SMARTPHONE_507755,0,0.0471390001475811,real::Smartphone,Smartphone,models/v2/clip_lora_fold1_best_v1.pt,models/v2/v2_10b_h2_balanced_logreg_fold1_v1.joblib
1,blur_sigma2,SMARTPHONE_598833,0,0.05017394199967384,real::Smartphone,Smartphone,models/v2/clip_lora_fold1_best_v1.pt,models/v2/v2_10b_h2_balanced_logreg_fold1_v1.joblib
1,blur_sigma2,SMARTPHONE_280965,0,0.0966591089963913,real::Smartphone,Smartphone,models/v2/clip_lora_fold1_best_v1.pt,models/v2/v2_10b_h2_balanced_logreg_fold1_v1.joblib
1,blur_sigma2,SMARTPHONE_77738,0,0.10406385362148285,real::Smartphone,Smartphone,models/v2/clip_lora_fold1_best_v1.pt,models/v2/v2_10b_h2_balanced_logreg_fold1_v1.joblib
1,blur_sigma2,SMARTPHONE_812529,0,0.19090458750724792,real::Smartphone,Smartphone,models/v2/clip_lora_fold1_best_v1.pt,models/v2/v2_10b_h2_balanced_logreg_fold1_v1.joblib
1,blur_sigma2,SMARTPHONE_78372,0,0.0235911775380373,real::Smartphone,Smartphone,models/v2/clip_lora_fold1_best_v1.pt,models/v2/v2_10b_h2_balanced_logreg_fold1_v1.joblib
1,blur_sigma2,SMARTPHONE_596146,0,0.2968529462814331,real::Smartphone,Smartphone,models/v2/clip_lora_fold1_best_v1.pt,models/v2/v2_10b_h2_balanced_logreg_fold1_v1.joblib
1,blur_sigma2,SMARTPHONE_887107,0,0.15188074111938477,real::Smartphone,Smartphone,models/v2/clip_lora_fold1_best_v1.pt,models/v2/v2_10b_h2_balanced_logreg_fold1_v1.joblib
1,blur_sigma2,SMARTPHONE_368939,0,0.01690405234694481,real::Smartphone,Smartphone,models/v2/clip_lora_fold1_best_v1.pt,models/v2/v2_10b_h2_balanced_logreg_fold1_v1.joblib
1,blur_sigma2,SMARTPHONE_342674,0,0.01093139685690403,real::Smartphone,Smartphone,models/v2/clip_lora_fold1_best_v1.pt,models/v2/v2_10b_h2_balanced_logreg_fold1_v1.joblib
1,blur_sigma2,SMARTPHONE_344016,0,0.054272301495075226,real::Smartphone,Smartphone,models/v2/clip_lora_fold1_best_v1.pt,models/v2/v2_10b_h2_balanced_logreg_fold1_v1.joblib
1,blur_sigma2,SMARTPHONE_43238,0,0.019226105883717537,real::Smartphone,Smartphone,models/v2/clip_lora_fold1_best_v1.pt,models/v2/v2_10b_h2_balanced_logreg_fold1_v1.joblib
1,blur_sigma2,SMARTPHONE_184074,0,0.012719511054456234,real::Smartphone,Smartphone,models/v2/clip_lora_fold1_best_v1.pt,models/v2/v2_10b_h2_balanced_logreg_fold1_v1.joblib
1,blur_sigma2,SMARTPHONE_676931,0,0.01382693462073803,real::Smartphone,Smartphone,models/v2/clip_lora_fold1_best_v1.pt,models/v2/v2_10b_h2_balanced_logreg_fold1_v1.joblib
1,blur_sigma2,SMARTPHONE_105321,0,0.014906209893524647,real::Smartphone,Smartphone,models/v2/clip_lora_fold1_best_v1.pt,models/v2/v2_10b_h2_balanced_logreg_fold1_v1.joblib
1,blur_sigma2,SMARTPHONE_935417,0,0.04624486342072487,real::Smartphone,Smartphone,models/v2/clip_lora_fold1_best_v1.pt,models/v2/v2_10b_h2_balanced_logreg_fold1_v1.joblib
1,blur_sigma2,SMARTPHONE_460128,0,0.14020489156246185,real::Smartphone,Smartphone,models/v2/clip_lora_fold1_best_v1.pt,models/v2/v2_10b_h2_balanced_logreg_fold1_v1.joblib
1,blur_sigma2,SMARTPHONE_835331,0,0.15578173100948334,real::Smartphone,Smartphone,models/v2/clip_lora_fold1_best_v1.pt,models/v2/v2_10b_h2_balanced_logreg_fold1_v1.joblib
1,blur_sigma2,SMARTPHONE_177160,0,0.027005309239029884,real::Smartphone,Smartphone,models/v2/clip_lora_fold1_best_v1.pt,models/v2/v2_10b_h2_balanced_logreg_fold1_v1.joblib
1,blur_sigma2,SMARTPHONE_1021275,0,0.07942991703748703,real::Smartphone,Smartphone,models/v2/clip_lora_fold1_best_v1.pt,models/v2/v2_10b_h2_balanced_logreg_fold1_v1.joblib
1,blur_sigma2,SMARTPHONE_204780,0,0.019399745389819145,real::Smartphone,Smartphone,models/v2/clip_lora_fold1_best_v1.pt,models/v2/v2_10b_h2_balanced_logreg_fold1_v1.joblib
1,blur_sigma2,SMARTPHONE_773459,0,0.014683428220450878,real::Smartphone,Smartphone,models/v2/clip_lora_fold1_best_v1.pt,models/v2/v2_10b_h2_balanced_logreg_fold1_v1.joblib
1,blur_sigma2,SMARTPHONE_540448,0,0.1873069703578949,real::Smartphone,Smartphone,models/v2/clip_lora_fold1_best_v1.pt,models/v2/v2_10b_h2_balanced_logreg_fold1_v1.joblib
1,blur_sigma2,SMARTPHONE_240023,0,0.060655564069747925,real::Smartphone,Smartphone,models/v2/clip_lora_fold1_best_v1.pt,models/v2/v2_10b_h2_balanced_logreg_fold1_v1.joblib
1,blur_sigma2,SMARTPHONE_174486,0,0.18670618534088135,real::Smartphone,Smartphone,models/v2/clip_lora_fold1_best_v1.pt,models/v2/v2_10b_h2_balanced_logreg_fold1_v1.joblib
1,blur_sigma2,SMARTPHONE_70177,0,0.01665506511926651,real::Smartphone,Smartphone,models/v2/clip_lora_fold1_best_v1.pt,models/v2/v2_10b_h2_balanced_logreg_fold1_v1.joblib
1,blur_sigma2,SMARTPHONE_693345,0,0.008980640210211277,real::Smartphone,Smartphone,models/v2/clip_lora_fold1_best_v1.pt,models/v2/v2_10b_h2_balanced_logreg_fold1_v1.joblib
1,blur_sigma2,SMARTPHONE_640129,0,0.05167199298739433,real::Smartphone,Smartphone,models/v2/clip_lora_fold1_best_v1.pt,models/v2/v2_10b_h2_balanced_logreg_fold1_v1.joblib
1,blur_sigma2,SMARTPHONE_553160,0,0.011859606020152569,real::Smartphone,Smartphone,models/v2/clip_lora_fold1_best_v1.pt,models/v2/v2_10b_h2_balanced_logreg_fold1_v1.joblib
1,blur_sigma2,SMARTPHONE_886082,0,0.24103784561157227,real::Smartphone,Smartphone,models/v2/clip_lora_fold1_best_v1.pt,models/v2/v2_10b_h2_balanced_logreg_fold1_v1.joblib
1,blur_sigma2,SMARTPHONE_490872,0,0.09314577281475067,real::Smartphone,Smartphone,models/v2/clip_lora_fold1_best_v1.pt,models/v2/v2_10b_h2_balanced_logreg_fold1_v1.joblib
1,blur_sigma2,SMARTPHONE_47624,0,0.05214710161089897,real::Smartphone,Smartphone,models/v2/clip_lora_fold1_best_v1.pt,models/v2/v2_10b_h2_balanced_logreg_fold1_v1.joblib
1,blur_sigma2,SMARTPHONE_184572,0,0.007765304297208786,real::Smartphone,Smartphone,models/v2/clip_lora_fold1_best_v1.pt,models/v2/v2_10b_h2_balanced_logreg_fold1_v1.joblib
1,blur_sigma2,SMARTPHONE_444490,0,0.03305032476782799,real::Smartphone,Smartphone,models/v2/clip_lora_fold1_best_v1.pt,models/v2/v2_10b_h2_balanced_logreg_fold1_v1.joblib
1,blur_sigma2,SMARTPHONE_611049,0,0.029842285439372063,real::Smartphone,Smartphone,models/v2/clip_lora_fold1_best_v1.pt,models/v2/v2_10b_h2_balanced_logreg_fold1_v1.joblib
1,blur_sigma2,SMARTPHONE_605763,0,0.04755179211497307,real::Smartphone,Smartphone,models/v2/clip_lora_fold1_best_v1.pt,models/v2/v2_10b_h2_balanced_logreg_fold1_v1.joblib
1,blur_sigma2,SMARTPHONE_806085,0,0.014839950017631054,real::Smartphone,Smartphone,models/v2/clip_lora_fold1_best_v1.pt,models/v2/v2_10b_h2_balanced_logreg_fold1_v1.joblib
1,blur_sigma2,SMARTPHONE_768411,0,0.007404454052448273,real::Smartphone,Smartphone,models/v2/clip_lora_fold1_best_v1.pt,models/v2/v2_10b_h2_balanced_logreg_fold1_v1.joblib
1,blur_sigma2,SMARTPHONE_503393,0,0.024678772315382957,real::Smartphone,Smartphone,models/v2/clip_lora_fold1_best_v1.pt,models/v2/v2_10b_h2_balanced_logreg_fold1_v1.joblib
1,blur_sigma2,SMARTPHONE_353968,0,0.03151271492242813,real::Smartphone,Smartphone,models/v2/clip_lora_fold1_best_v1.pt,models/v2/v2_10b_h2_balanced_logreg_fold1_v1.joblib
1,blur_sigma2,SMARTPHONE_489482,0,0.013303529471158981,real::Smartphone,Smartphone,models/v2/clip_lora_fold1_best_v1.pt,models/v2/v2_10b_h2_balanced_logreg_fold1_v1.joblib
1,blur_sigma2,SMARTPHONE_279081,0,0.11519014090299606,real::Smartphone,Smartphone,models/v2/clip_lora_fold1_best_v1.pt,models/v2/v2_10b_h2_balanced_logreg_fold1_v1.joblib
1,blur_sigma2,SMARTPHONE_682499,0,0.03201916441321373,real::Smartphone,Smartphone,models/v2/clip_lora_fold1_best_v1.pt,models/v2/v2_10b_h2_balanced_logreg_fold1_v1.joblib
1,blur_sigma2,SMARTPHONE_557416,0,0.10775140672922134,real::Smartphone,Smartphone,models/v2/clip_lora_fold1_best_v1.pt,models/v2/v2_10b_h2_balanced_logreg_fold1_v1.joblib
1,blur_sigma2,SMARTPHONE_455613,0,0.05125539377331734,real::Smartphone,Smartphone,models/v2/clip_lora_fold1_best_v1.pt,models/v2/v2_10b_h2_balanced_logreg_fold1_v1.joblib
1,blur_sigma2,SMARTPHONE_237870,0,0.13480627536773682,real::Smartphone,Smartphone,models/v2/clip_lora_fold1_best_v1.pt,models/v2/v2_10b_h2_balanced_logreg_fold1_v1.joblib
1,blur_sigma2,SMARTPHONE_360566,0,0.0994405522942543,real::Smartphone,Smartphone,models/v2/clip_lora_fold1_best_v1.pt,models/v2/v2_10b_h2_balanced_logreg_fold1_v1.joblib
1,blur_sigma2,SMARTPHONE_51501,0,0.00493943365290761,real::Smartphone,Smartphone,models/v2/clip_lora_fold1_best_v1.pt,models/v2/v2_10b_h2_balanced_logreg_fold1_v1.joblib
1,blur_sigma2,SMARTPHONE_1005229,0,0.2020736038684845,real::Smartphone,Smartphone,models/v2/clip_lora_fold1_best_v1.pt,models/v2/v2_10b_h2_balanced_logreg_fold1_v1.joblib
1,blur_sigma2,SMARTPHONE_54688,0,0.030764222145080566,real::Smartphone,Smartphone,models/v2/clip_lora_fold1_best_v1.pt,models/v2/v2_10b_h2_balanced_logreg_fold1_v1.joblib
1,blur_sigma2,SMARTPHONE_514549,0,0.024375339969992638,real::Smartphone,Smartphone,models/v2/clip_lora_fold1_best_v1.pt,models/v2/v2_10b_h2_balanced_logreg_fold1_v1.joblib
1,blur_sigma2,SMARTPHONE_668457,0,0.025983821600675583,real::Smartphone,Smartphone,models/v2/clip_lora_fold1_best_v1.pt,models/v2/v2_10b_h2_balanced_logreg_fold1_v1.joblib
1,blur_sigma2,SMARTPHONE_903525,0,0.0173605028539896,real::Smartphone,Smartphone,models/v2/clip_lora_fold1_best_v1.pt,models/v2/v2_10b_h2_balanced_logreg_fold1_v1.joblib
1,blur_sigma2,SMARTPHONE_954717,0,0.012246960774064064,real::Smartphone,Smartphone,models/v2/clip_lora_fold1_best_v1.pt,models/v2/v2_10b_h2_balanced_logreg_fold1_v1.joblib
1,blur_sigma2,SMARTPHONE_868108,0,0.060042206197977066,real::Smartphone,Smartphone,models/v2/clip_lora_fold1_best_v1.pt,models/v2/v2_10b_h2_balanced_logreg_fold1_v1.joblib
1,blur_sigma2,SMARTPHONE_676465,0,0.04947972297668457,real::Smartphone,Smartphone,models/v2/clip_lora_fold1_best_v1.pt,models/v2/v2_10b_h2_balanced_logreg_fold1_v1.joblib
1,blur_sigma2,SMARTPHONE_287625,0,0.07960458099842072,real::Smartphone,Smartphone,models/v2/clip_lora_fold1_best_v1.pt,models/v2/v2_10b_h2_balanced_logreg_fold1_v1.joblib
1,blur_sigma2,SMARTPHONE_84030,0,0.018655503168702126,real::Smartphone,Smartphone,models/v2/clip_lora_fold1_best_v1.pt,models/v2/v2_10b_h2_balanced_logreg_fold1_v1.joblib
1,blur_sigma2,SMARTPHONE_710207,0,0.01564962789416313,real::Smartphone,Smartphone,models/v2/clip_lora_fold1_best_v1.pt,models/v2/v2_10b_h2_balanced_logreg_fold1_v1.joblib
1,blur_sigma2,SMARTPHONE_331071,0,0.11688272655010223,real::Smartphone,Smartphone,models/v2/clip_lora_fold1_best_v1.pt,models/v2/v2_10b_h2_balanced_logreg_fold1_v1.joblib
1,blur_sigma2,SMARTPHONE_573837,0,0.03343306854367256,real::Smartphone,Smartphone,models/v2/clip_lora_fold1_best_v1.pt,models/v2/v2_10b_h2_balanced_logreg_fold1_v1.joblib
1,blur_sigma2,SMARTPHONE_1017010,0,0.05911150202155113,real::Smartphone,Smartphone,models/v2/clip_lora_fold1_best_v1.pt,models/v2/v2_10b_h2_balanced_logreg_fold1_v1.joblib
1,blur_sigma2,SMARTPHONE_722709,0,0.027066465467214584,real::Smartphone,Smartphone,models/v2/clip_lora_fold1_best_v1.pt,models/v2/v2_10b_h2_balanced_logreg_fold1_v1.joblib
1,blur_sigma2,SMARTPHONE_1026164,0,0.02941303513944149,real::Smartphone,Smartphone,models/v2/clip_lora_fold1_best_v1.pt,models/v2/v2_10b_h2_balanced_logreg_fold1_v1.joblib
1,blur_sigma2,SMARTPHONE_851453,0,0.016792716458439827,real::Smartphone,Smartphone,models/v2/clip_lora_fold1_best_v1.pt,models/v2/v2_10b_h2_balanced_logreg_fold1_v1.joblib
1,blur_sigma2,SMARTPHONE_210846,0,0.028052812442183495,real::Smartphone,Smartphone,models/v2/clip_lora_fold1_best_v1.pt,models/v2/v2_10b_h2_balanced_logreg_fold1_v1.joblib
1,blur_sigma2,SMARTPHONE_335183,0,0.1247190311551094,real::Smartphone,Smartphone,models/v2/clip_lora_fold1_best_v1.pt,models/v2/v2_10b_h2_balanced_logreg_fold1_v1.joblib
1,blur_sigma2,SMARTPHONE_157015,0,0.012758864089846611,real::Smartphone,Smartphone,models/v2/clip_lora_fold1_best_v1.pt,models/v2/v2_10b_h2_balanced_logreg_fold1_v1.joblib
1,blur_sigma2,SMARTPHONE_230063,0,0.16423717141151428,real::Smartphone,Smartphone,models/v2/clip_lora_fold1_best_v1.pt,models/v2/v2_10b_h2_balanced_logreg_fold1_v1.joblib
1,blur_sigma2,SMARTPHONE_611487,0,0.033707570284605026,real::Smartphone,Smartphone,models/v2/clip_lora_fold1_best_v1.pt,models/v2/v2_10b_h2_balanced_logreg_fold1_v1.joblib
1,blur_sigma2,SMARTPHONE_1002186,0,0.0649101585149765,real::Smartphone,Smartphone,models/v2/clip_lora_fold1_best_v1.pt,models/v2/v2_10b_h2_balanced_logreg_fold1_v1.joblib
1,blur_sigma2,SMARTPHONE_859563,0,0.022305088117718697,real::Smartphone,Smartphone,models/v2/clip_lora_fold1_best_v1.pt,models/v2/v2_10b_h2_balanced_logreg_fold1_v1.joblib
1,blur_sigma2,SMARTPHONE_1023840,0,0.0503610298037529,real::Smartphone,Smartphone,models/v2/clip_lora_fold1_best_v1.pt,models/v2/v2_10b_h2_balanced_logreg_fold1_v1.joblib
1,blur_sigma2,SMARTPHONE_915040,0,0.1367778182029724,real::Smartphone,Smartphone,models/v2/clip_lora_fold1_best_v1.pt,models/v2/v2_10b_h2_balanced_logreg_fold1_v1.joblib
1,blur_sigma2,SMARTPHONE_894996,0,0.030098728835582733,real::Smartphone,Smartphone,models/v2/clip_lora_fold1_best_v1.pt,models/v2/v2_10b_h2_balanced_logreg_fold1_v1.joblib
1,blur_sigma2,SMARTPHONE_761561,0,0.5631409287452698,real::Smartphone,Smartphone,models/v2/clip_lora_fold1_best_v1.pt,models/v2/v2_10b_h2_balanced_logreg_fold1_v1.joblib
1,blur_sigma2,SMARTPHONE_641647,0,0.03339989110827446,real::Smartphone,Smartphone,models/v2/clip_lora_fold1_best_v1.pt,models/v2/v2_10b_h2_balanced_logreg_fold1_v1.joblib
1,blur_sigma2,SMARTPHONE_358445,0,0.03466322645545006,real::Smartphone,Smartphone,models/v2/clip_lora_fold1_best_v1.pt,models/v2/v2_10b_h2_balanced_logreg_fold1_v1.joblib
1,blur_sigma2,SMARTPHONE_837760,0,0.023041879758238792,real::Smartphone,Smartphone,models/v2/clip_lora_fold1_best_v1.pt,models/v2/v2_10b_h2_balanced_logreg_fold1_v1.joblib
1,blur_sigma2,SMARTPHONE_205205,0,0.08061812072992325,real::Smartphone,Smartphone,models/v2/clip_lora_fold1_best_v1.pt,models/v2/v2_10b_h2_balanced_logreg_fold1_v1.joblib
1,blur_sigma2,SMARTPHONE_515628,0,0.13431404531002045,real::Smartphone,Smartphone,models/v2/clip_lora_fold1_best_v1.pt,models/v2/v2_10b_h2_balanced_logreg_fold1_v1.joblib
1,blur_sigma2,SMARTPHONE_277701,0,0.048392221331596375,real::Smartphone,Smartphone,models/v2/clip_lora_fold1_best_v1.pt,models/v2/v2_10b_h2_balanced_logreg_fold1_v1.joblib
1,blur_sigma2,SMARTPHONE_483125,0,0.08807715028524399,real::Smartphone,Smartphone,models/v2/clip_lora_fold1_best_v1.pt,models/v2/v2_10b_h2_balanced_logreg_fold1_v1.joblib
1,blur_sigma2,SMARTPHONE_602425,0,0.0605587363243103,real::Smartphone,Smartphone,models/v2/clip_lora_fold1_best_v1.pt,models/v2/v2_10b_h2_balanced_logreg_fold1_v1.joblib
1,blur_sigma2,SMARTPHONE_1009781,0,0.42959997057914734,real::Smartphone,Smartphone,models/v2/clip_lora_fold1_best_v1.pt,models/v2/v2_10b_h2_balanced_logreg_fold1_v1.joblib
1,blur_sigma2,SMARTPHONE_787244,0,0.023816075176000595,real::Smartphone,Smartphone,models/v2/clip_lora_fold1_best_v1.pt,models/v2/v2_10b_h2_balanced_logreg_fold1_v1.joblib
1,blur_sigma2,SMARTPHONE_673708,0,0.15294773876667023,real::Smartphone,Smartphone,models/v2/clip_lora_fold1_best_v1.pt,models/v2/v2_10b_h2_balanced_logreg_fold1_v1.joblib
1,blur_sigma2,SMARTPHONE_818200,0,0.037249933928251266,real::Smartphone,Smartphone,models/v2/clip_lora_fold1_best_v1.pt,models/v2/v2_10b_h2_balanced_logreg_fold1_v1.joblib
1,blur_sigma2,SMARTPHONE_242024,0,0.14377065002918243,real::Smartphone,Smartphone,models/v2/clip_lora_fold1_best_v1.pt,models/v2/v2_10b_h2_balanced_logreg_fold1_v1.joblib
1,blur_sigma2,SMARTPHONE_182817,0,0.14370380342006683,real::Smartphone,Smartphone,models/v2/clip_lora_fold1_best_v1.pt,models/v2/v2_10b_h2_balanced_logreg_fold1_v1.joblib
1,blur_sigma2,SMARTPHONE_168294,0,0.0022120261564850807,real::Smartphone,Smartphone,models/v2/clip_lora_fold1_best_v1.pt,models/v2/v2_10b_h2_balanced_logreg_fold1_v1.joblib
1,blur_sigma2,SMARTPHONE_112112,0,0.11391473561525345,real::Smartphone,Smartphone,models/v2/clip_lora_fold1_best_v1.pt,models/v2/v2_10b_h2_balanced_logreg_fold1_v1.joblib
1,blur_sigma2,SMARTPHONE_938929,0,0.07883670181035995,real::Smartphone,Smartphone,models/v2/clip_lora_fold1_best_v1.pt,models/v2/v2_10b_h2_balanced_logreg_fold1_v1.joblib
1,blur_sigma2,SMARTPHONE_868813,0,0.28910812735557556,real::Smartphone,Smartphone,models/v2/clip_lora_fold1_best_v1.pt,models/v2/v2_10b_h2_balanced_logreg_fold1_v1.joblib
1,blur_sigma2,SMARTPHONE_991776,0,0.041519153863191605,real::Smartphone,Smartphone,models/v2/clip_lora_fold1_best_v1.pt,models/v2/v2_10b_h2_balanced_logreg_fold1_v1.joblib
1,blur_sigma2,SMARTPHONE_700062,0,0.05196651443839073,real::Smartphone,Smartphone,models/v2/clip_lora_fold1_best_v1.pt,models/v2/v2_10b_h2_balanced_logreg_fold1_v1.joblib
1,blur_sigma2,SMARTPHONE_746908,0,0.010140817612409592,real::Smartphone,Smartphone,models/v2/clip_lora_fold1_best_v1.pt,models/v2/v2_10b_h2_balanced_logreg_fold1_v1.joblib
1,blur_sigma2,SMARTPHONE_361109,0,0.005935304332524538,real::Smartphone,Smartphone,models/v2/clip_lora_fold1_best_v1.pt,models/v2/v2_10b_h2_balanced_logreg_fold1_v1.joblib
1,blur_sigma2,SMARTPHONE_125986,0,0.011913904920220375,real::Smartphone,Smartphone,models/v2/clip_lora_fold1_best_v1.pt,models/v2/v2_10b_h2_balanced_logreg_fold1_v1.joblib
1,blur_sigma2,SMARTPHONE_241100,0,0.008253092877566814,real::Smartphone,Smartphone,models/v2/clip_lora_fold1_best_v1.pt,models/v2/v2_10b_h2_balanced_logreg_fold1_v1.joblib
1,blur_sigma2,SMARTPHONE_357393,0,0.024697069078683853,real::Smartphone,Smartphone,models/v2/clip_lora_fold1_best_v1.pt,models/v2/v2_10b_h2_balanced_logreg_fold1_v1.joblib
1,blur_sigma2,SMARTPHONE_144417,0,0.02864113822579384,real::Smartphone,Smartphone,models/v2/clip_lora_fold1_best_v1.pt,models/v2/v2_10b_h2_balanced_logreg_fold1_v1.joblib
1,blur_sigma2,SMARTPHONE_604378,0,0.042836375534534454,real::Smartphone,Smartphone,models/v2/clip_lora_fold1_best_v1.pt,models/v2/v2_10b_h2_balanced_logreg_fold1_v1.joblib
1,blur_sigma2,SMARTPHONE_389148,0,0.023608408868312836,real::Smartphone,Smartphone,models/v2/clip_lora_fold1_best_v1.pt,models/v2/v2_10b_h2_balanced_logreg_fold1_v1.joblib
1,blur_sigma2,SMARTPHONE_44975,0,0.027720630168914795,real::Smartphone,Smartphone,models/v2/clip_lora_fold1_best_v1.pt,models/v2/v2_10b_h2_balanced_logreg_fold1_v1.joblib
1,blur_sigma2,SMARTPHONE_747043,0,0.024818237870931625,real::Smartphone,Smartphone,models/v2/clip_lora_fold1_best_v1.pt,models/v2/v2_10b_h2_balanced_logreg_fold1_v1.joblib
1,blur_sigma2,SMARTPHONE_701632,0,0.01632855087518692,real::Smartphone,Smartphone,models/v2/clip_lora_fold1_best_v1.pt,models/v2/v2_10b_h2_balanced_logreg_fold1_v1.joblib
1,blur_sigma2,SMARTPHONE_631653,0,0.03548670932650566,real::Smartphone,Smartphone,models/v2/clip_lora_fold1_best_v1.pt,models/v2/v2_10b_h2_balanced_logreg_fold1_v1.joblib
1,blur_sigma2,SMARTPHONE_948366,0,0.014541979879140854,real::Smartphone,Smartphone,models/v2/clip_lora_fold1_best_v1.pt,models/v2/v2_10b_h2_balanced_logreg_fold1_v1.joblib
1,blur_sigma2,SMARTPHONE_76623,0,0.04300437867641449,real::Smartphone,Smartphone,models/v2/clip_lora_fold1_best_v1.pt,models/v2/v2_10b_h2_balanced_logreg_fold1_v1.joblib
1,blur_sigma2,SMARTPHONE_610243,0,0.009759030304849148,real::Smartphone,Smartphone,models/v2/clip_lora_fold1_best_v1.pt,models/v2/v2_10b_h2_balanced_logreg_fold1_v1.joblib
1,blur_sigma2,SMARTPHONE_742904,0,0.06517940014600754,real::Smartphone,Smartphone,models/v2/clip_lora_fold1_best_v1.pt,models/v2/v2_10b_h2_balanced_logreg_fold1_v1.joblib
1,blur_sigma2,SMARTPHONE_236825,0,0.01740206964313984,real::Smartphone,Smartphone,models/v2/clip_lora_fold1_best_v1.pt,models/v2/v2_10b_h2_balanced_logreg_fold1_v1.joblib
1,blur_sigma2,SMARTPHONE_193357,0,0.016229761764407158,real::Smartphone,Smartphone,models/v2/clip_lora_fold1_best_v1.pt,models/v2/v2_10b_h2_balanced_logreg_fold1_v1.joblib
1,blur_sigma2,SMARTPHONE_727660,0,0.010665751062333584,real::Smartphone,Smartphone,models/v2/clip_lora_fold1_best_v1.pt,models/v2/v2_10b_h2_balanced_logreg_fold1_v1.joblib
1,blur_sigma2,SMARTPHONE_636430,0,0.03210192173719406,real::Smartphone,Smartphone,models/v2/clip_lora_fold1_best_v1.pt,models/v2/v2_10b_h2_balanced_logreg_fold1_v1.joblib
1,blur_sigma2,SMARTPHONE_380800,0,0.04079460725188255,real::Smartphone,Smartphone,models/v2/clip_lora_fold1_best_v1.pt,models/v2/v2_10b_h2_balanced_logreg_fold1_v1.joblib
1,blur_sigma2,SMARTPHONE_1661,0,0.003251576330512762,real::Smartphone,Smartphone,models/v2/clip_lora_fold1_best_v1.pt,models/v2/v2_10b_h2_balanced_logreg_fold1_v1.joblib
1,blur_sigma2,SMARTPHONE_569540,0,0.04161982238292694,real::Smartphone,Smartphone,models/v2/clip_lora_fold1_best_v1.pt,models/v2/v2_10b_h2_balanced_logreg_fold1_v1.joblib
1,blur_sigma2,SMARTPHONE_408086,0,0.011205635033547878,real::Smartphone,Smartphone,models/v2/clip_lora_fold1_best_v1.pt,models/v2/v2_10b_h2_balanced_logreg_fold1_v1.joblib
1,blur_sigma2,SMARTPHONE_805523,0,0.06850020587444305,real::Smartphone,Smartphone,models/v2/clip_lora_fold1_best_v1.pt,models/v2/v2_10b_h2_balanced_logreg_fold1_v1.joblib
1,blur_sigma2,SMARTPHONE_807082,0,0.021705694496631622,real::Smartphone,Smartphone,models/v2/clip_lora_fold1_best_v1.pt,models/v2/v2_10b_h2_balanced_logreg_fold1_v1.joblib
1,blur_sigma2,SMARTPHONE_226070,0,0.015351525507867336,real::Smartphone,Smartphone,models/v2/clip_lora_fold1_best_v1.pt,models/v2/v2_10b_h2_balanced_logreg_fold1_v1.joblib
1,blur_sigma2,SMARTPHONE_838917,0,0.028519123792648315,real::Smartphone,Smartphone,models/v2/clip_lora_fold1_best_v1.pt,models/v2/v2_10b_h2_balanced_logreg_fold1_v1.joblib
1,blur_sigma2,SMARTPHONE_63616,0,0.03199608996510506,real::Smartphone,Smartphone,models/v2/clip_lora_fold1_best_v1.pt,models/v2/v2_10b_h2_balanced_logreg_fold1_v1.joblib
1,blur_sigma2,SMARTPHONE_498450,0,0.04482244700193405,real::Smartphone,Smartphone,models/v2/clip_lora_fold1_best_v1.pt,models/v2/v2_10b_h2_balanced_logreg_fold1_v1.joblib
1,blur_sigma2,SMARTPHONE_494157,0,0.18005003035068512,real::Smartphone,Smartphone,models/v2/clip_lora_fold1_best_v1.pt,models/v2/v2_10b_h2_balanced_logreg_fold1_v1.joblib
1,blur_sigma2,SMARTPHONE_622535,0,0.044556666165590286,real::Smartphone,Smartphone,models/v2/clip_lora_fold1_best_v1.pt,models/v2/v2_10b_h2_balanced_logreg_fold1_v1.joblib
1,blur_sigma2,SMARTPHONE_294094,0,0.38019469380378723,real::Smartphone,Smartphone,models/v2/clip_lora_fold1_best_v1.pt,models/v2/v2_10b_h2_balanced_logreg_fold1_v1.joblib
1,blur_sigma2,SMARTPHONE_87244,0,0.06779652833938599,real::Smartphone,Smartphone,models/v2/clip_lora_fold1_best_v1.pt,models/v2/v2_10b_h2_balanced_logreg_fold1_v1.joblib
1,blur_sigma2,SMARTPHONE_909617,0,0.038412656635046005,real::Smartphone,Smartphone,models/v2/clip_lora_fold1_best_v1.pt,models/v2/v2_10b_h2_balanced_logreg_fold1_v1.joblib
1,blur_sigma2,SMARTPHONE_116559,0,0.05055134743452072,real::Smartphone,Smartphone,models/v2/clip_lora_fold1_best_v1.pt,models/v2/v2_10b_h2_balanced_logreg_fold1_v1.joblib
1,blur_sigma2,SMARTPHONE_964906,0,0.18904322385787964,real::Smartphone,Smartphone,models/v2/clip_lora_fold1_best_v1.pt,models/v2/v2_10b_h2_balanced_logreg_fold1_v1.joblib
1,blur_sigma2,SMARTPHONE_264393,0,0.029839783906936646,real::Smartphone,Smartphone,models/v2/clip_lora_fold1_best_v1.pt,models/v2/v2_10b_h2_balanced_logreg_fold1_v1.joblib
1,blur_sigma2,SMARTPHONE_403503,0,0.15699787437915802,real::Smartphone,Smartphone,models/v2/clip_lora_fold1_best_v1.pt,models/v2/v2_10b_h2_balanced_logreg_fold1_v1.joblib
1,blur_sigma2,SMARTPHONE_298004,0,0.15084834396839142,real::Smartphone,Smartphone,models/v2/clip_lora_fold1_best_v1.pt,models/v2/v2_10b_h2_balanced_logreg_fold1_v1.joblib
1,blur_sigma2,SMARTPHONE_155723,0,0.028559118509292603,real::Smartphone,Smartphone,models/v2/clip_lora_fold1_best_v1.pt,models/v2/v2_10b_h2_balanced_logreg_fold1_v1.joblib
1,blur_sigma2,SMARTPHONE_684718,0,0.0427948497235775,real::Smartphone,Smartphone,models/v2/clip_lora_fold1_best_v1.pt,models/v2/v2_10b_h2_balanced_logreg_fold1_v1.joblib
1,blur_sigma2,SMARTPHONE_1032382,0,0.028200868517160416,real::Smartphone,Smartphone,models/v2/clip_lora_fold1_best_v1.pt,models/v2/v2_10b_h2_balanced_logreg_fold1_v1.joblib
1,blur_sigma2,SMARTPHONE_275100,0,0.043049950152635574,real::Smartphone,Smartphone,models/v2/clip_lora_fold1_best_v1.pt,models/v2/v2_10b_h2_balanced_logreg_fold1_v1.joblib
1,blur_sigma2,SMARTPHONE_749073,0,0.045279111713171005,real::Smartphone,Smartphone,models/v2/clip_lora_fold1_best_v1.pt,models/v2/v2_10b_h2_balanced_logreg_fold1_v1.joblib
1,blur_sigma2,SMARTPHONE_356407,0,0.00875835306942463,real::Smartphone,Smartphone,models/v2/clip_lora_fold1_best_v1.pt,models/v2/v2_10b_h2_balanced_logreg_fold1_v1.joblib
1,blur_sigma2,SMARTPHONE_731954,0,0.021440068259835243,real::Smartphone,Smartphone,models/v2/clip_lora_fold1_best_v1.pt,models/v2/v2_10b_h2_balanced_logreg_fold1_v1.joblib
1,blur_sigma2,SMARTPHONE_155864,0,0.4193291664123535,real::Smartphone,Smartphone,models/v2/clip_lora_fold1_best_v1.pt,models/v2/v2_10b_h2_balanced_logreg_fold1_v1.joblib
1,blur_sigma2,SMARTPHONE_693336,0,0.09107164293527603,real::Smartphone,Smartphone,models/v2/clip_lora_fold1_best_v1.pt,models/v2/v2_10b_h2_balanced_logreg_fold1_v1.joblib
1,blur_sigma2,SMARTPHONE_709095,0,0.09873713552951813,real::Smartphone,Smartphone,models/v2/clip_lora_fold1_best_v1.pt,models/v2/v2_10b_h2_balanced_logreg_fold1_v1.joblib
1,blur_sigma2,SMARTPHONE_782760,0,0.025372885167598724,real::Smartphone,Smartphone,models/v2/clip_lora_fold1_best_v1.pt,models/v2/v2_10b_h2_balanced_logreg_fold1_v1.joblib
1,blur_sigma2,SMARTPHONE_451471,0,0.14996977150440216,real::Smartphone,Smartphone,models/v2/clip_lora_fold1_best_v1.pt,models/v2/v2_10b_h2_balanced_logreg_fold1_v1.joblib
1,blur_sigma2,SMARTPHONE_101911,0,0.020535234361886978,real::Smartphone,Smartphone,models/v2/clip_lora_fold1_best_v1.pt,models/v2/v2_10b_h2_balanced_logreg_fold1_v1.joblib
1,blur_sigma2,SMARTPHONE_939025,0,0.01767573319375515,real::Smartphone,Smartphone,models/v2/clip_lora_fold1_best_v1.pt,models/v2/v2_10b_h2_balanced_logreg_fold1_v1.joblib
1,blur_sigma2,SMARTPHONE_764677,0,0.04029710590839386,real::Smartphone,Smartphone,models/v2/clip_lora_fold1_best_v1.pt,models/v2/v2_10b_h2_balanced_logreg_fold1_v1.joblib
1,blur_sigma2,SMARTPHONE_178889,0,0.004096953198313713,real::Smartphone,Smartphone,models/v2/clip_lora_fold1_best_v1.pt,models/v2/v2_10b_h2_balanced_logreg_fold1_v1.joblib
1,blur_sigma2,SMARTPHONE_544699,0,0.06339634954929352,real::Smartphone,Smartphone,models/v2/clip_lora_fold1_best_v1.pt,models/v2/v2_10b_h2_balanced_logreg_fold1_v1.joblib
1,blur_sigma2,SMARTPHONE_979588,0,0.0941668227314949,real::Smartphone,Smartphone,models/v2/clip_lora_fold1_best_v1.pt,models/v2/v2_10b_h2_balanced_logreg_fold1_v1.joblib
1,blur_sigma2,SMARTPHONE_204028,0,0.12820051610469818,real::Smartphone,Smartphone,models/v2/clip_lora_fold1_best_v1.pt,models/v2/v2_10b_h2_balanced_logreg_fold1_v1.joblib
1,blur_sigma2,SMARTPHONE_432319,0,0.027743825688958168,real::Smartphone,Smartphone,models/v2/clip_lora_fold1_best_v1.pt,models/v2/v2_10b_h2_balanced_logreg_fold1_v1.joblib
1,blur_sigma2,SMARTPHONE_619346,0,0.0384322814643383,real::Smartphone,Smartphone,models/v2/clip_lora_fold1_best_v1.pt,models/v2/v2_10b_h2_balanced_logreg_fold1_v1.joblib
1,blur_sigma2,SMARTPHONE_207135,0,0.0236094668507576,real::Smartphone,Smartphone,models/v2/clip_lora_fold1_best_v1.pt,models/v2/v2_10b_h2_balanced_logreg_fold1_v1.joblib
1,blur_sigma2,SMARTPHONE_118163,0,0.027194015681743622,real::Smartphone,Smartphone,models/v2/clip_lora_fold1_best_v1.pt,models/v2/v2_10b_h2_balanced_logreg_fold1_v1.joblib
1,blur_sigma2,SMARTPHONE_643080,0,0.06300020217895508,real::Smartphone,Smartphone,models/v2/clip_lora_fold1_best_v1.pt,models/v2/v2_10b_h2_balanced_logreg_fold1_v1.joblib
1,blur_sigma2,SMARTPHONE_609261,0,0.022015204653143883,real::Smartphone,Smartphone,models/v2/clip_lora_fold1_best_v1.pt,models/v2/v2_10b_h2_balanced_logreg_fold1_v1.joblib
1,blur_sigma2,SMARTPHONE_203308,0,0.029163552448153496,real::Smartphone,Smartphone,models/v2/clip_lora_fold1_best_v1.pt,models/v2/v2_10b_h2_balanced_logreg_fold1_v1.joblib
1,blur_sigma2,SMARTPHONE_28084,0,0.01630573533475399,real::Smartphone,Smartphone,models/v2/clip_lora_fold1_best_v1.pt,models/v2/v2_10b_h2_balanced_logreg_fold1_v1.joblib
1,blur_sigma2,SMARTPHONE_195648,0,0.16037552058696747,real::Smartphone,Smartphone,models/v2/clip_lora_fold1_best_v1.pt,models/v2/v2_10b_h2_balanced_logreg_fold1_v1.joblib
1,blur_sigma2,SMARTPHONE_570849,0,0.02426319755613804,real::Smartphone,Smartphone,models/v2/clip_lora_fold1_best_v1.pt,models/v2/v2_10b_h2_balanced_logreg_fold1_v1.joblib
1,blur_sigma2,SMARTPHONE_422205,0,0.005896066315472126,real::Smartphone,Smartphone,models/v2/clip_lora_fold1_best_v1.pt,models/v2/v2_10b_h2_balanced_logreg_fold1_v1.joblib
1,blur_sigma2,SMARTPHONE_371828,0,0.07783255726099014,real::Smartphone,Smartphone,models/v2/clip_lora_fold1_best_v1.pt,models/v2/v2_10b_h2_balanced_logreg_fold1_v1.joblib
1,blur_sigma2,SMARTPHONE_134304,0,0.037539832293987274,real::Smartphone,Smartphone,models/v2/clip_lora_fold1_best_v1.pt,models/v2/v2_10b_h2_balanced_logreg_fold1_v1.joblib
1,blur_sigma2,SMARTPHONE_793760,0,0.01774790696799755,real::Smartphone,Smartphone,models/v2/clip_lora_fold1_best_v1.pt,models/v2/v2_10b_h2_balanced_logreg_fold1_v1.joblib
1,blur_sigma2,SMARTPHONE_764140,0,0.04029881954193115,real::Smartphone,Smartphone,models/v2/clip_lora_fold1_best_v1.pt,models/v2/v2_10b_h2_balanced_logreg_fold1_v1.joblib
1,blur_sigma2,SMARTPHONE_757424,0,0.0669807493686676,real::Smartphone,Smartphone,models/v2/clip_lora_fold1_best_v1.pt,models/v2/v2_10b_h2_balanced_logreg_fold1_v1.joblib
1,blur_sigma2,SMARTPHONE_297014,0,0.0033397767692804337,real::Smartphone,Smartphone,models/v2/clip_lora_fold1_best_v1.pt,models/v2/v2_10b_h2_balanced_logreg_fold1_v1.joblib
1,blur_sigma2,SMARTPHONE_38845,0,0.025775738060474396,real::Smartphone,Smartphone,models/v2/clip_lora_fold1_best_v1.pt,models/v2/v2_10b_h2_balanced_logreg_fold1_v1.joblib
1,blur_sigma2,SMARTPHONE_119850,0,0.024967001751065254,real::Smartphone,Smartphone,models/v2/clip_lora_fold1_best_v1.pt,models/v2/v2_10b_h2_balanced_logreg_fold1_v1.joblib
1,blur_sigma2,SMARTPHONE_856075,0,0.040031805634498596,real::Smartphone,Smartphone,models/v2/clip_lora_fold1_best_v1.pt,models/v2/v2_10b_h2_balanced_logreg_fold1_v1.joblib
1,blur_sigma2,SMARTPHONE_766758,0,0.11753286421298981,real::Smartphone,Smartphone,models/v2/clip_lora_fold1_best_v1.pt,models/v2/v2_10b_h2_balanced_logreg_fold1_v1.joblib
1,blur_sigma2,SMARTPHONE_855760,0,0.01985798217356205,real::Smartphone,Smartphone,models/v2/clip_lora_fold1_best_v1.pt,models/v2/v2_10b_h2_balanced_logreg_fold1_v1.joblib
1,blur_sigma2,SMARTPHONE_701461,0,0.08394038677215576,real::Smartphone,Smartphone,models/v2/clip_lora_fold1_best_v1.pt,models/v2/v2_10b_h2_balanced_logreg_fold1_v1.joblib
1,blur_sigma2,SMARTPHONE_345735,0,0.005214599426835775,real::Smartphone,Smartphone,models/v2/clip_lora_fold1_best_v1.pt,models/v2/v2_10b_h2_balanced_logreg_fold1_v1.joblib
1,blur_sigma2,SMARTPHONE_817524,0,0.04805925861001015,real::Smartphone,Smartphone,models/v2/clip_lora_fold1_best_v1.pt,models/v2/v2_10b_h2_balanced_logreg_fold1_v1.joblib
1,blur_sigma2,SMARTPHONE_977592,0,0.02074596658349037,real::Smartphone,Smartphone,models/v2/clip_lora_fold1_best_v1.pt,models/v2/v2_10b_h2_balanced_logreg_fold1_v1.joblib
1,blur_sigma2,SMARTPHONE_857077,0,0.14106141030788422,real::Smartphone,Smartphone,models/v2/clip_lora_fold1_best_v1.pt,models/v2/v2_10b_h2_balanced_logreg_fold1_v1.joblib
1,blur_sigma2,SMARTPHONE_777686,0,0.07867472618818283,real::Smartphone,Smartphone,models/v2/clip_lora_fold1_best_v1.pt,models/v2/v2_10b_h2_balanced_logreg_fold1_v1.joblib
1,blur_sigma2,SMARTPHONE_89355,0,0.11238942295312881,real::Smartphone,Smartphone,models/v2/clip_lora_fold1_best_v1.pt,models/v2/v2_10b_h2_balanced_logreg_fold1_v1.joblib
1,blur_sigma2,SMARTPHONE_333593,0,0.006494736764580011,real::Smartphone,Smartphone,models/v2/clip_lora_fold1_best_v1.pt,models/v2/v2_10b_h2_balanced_logreg_fold1_v1.joblib
1,blur_sigma2,SMARTPHONE_146693,0,0.17923127114772797,real::Smartphone,Smartphone,models/v2/clip_lora_fold1_best_v1.pt,models/v2/v2_10b_h2_balanced_logreg_fold1_v1.joblib
1,blur_sigma2,SMARTPHONE_1008419,0,0.04576077684760094,real::Smartphone,Smartphone,models/v2/clip_lora_fold1_best_v1.pt,models/v2/v2_10b_h2_balanced_logreg_fold1_v1.joblib
1,blur_sigma2,SMARTPHONE_431405,0,0.12054401636123657,real::Smartphone,Smartphone,models/v2/clip_lora_fold1_best_v1.pt,models/v2/v2_10b_h2_balanced_logreg_fold1_v1.joblib
1,blur_sigma2,SMARTPHONE_749297,0,0.025541165843605995,real::Smartphone,Smartphone,models/v2/clip_lora_fold1_best_v1.pt,models/v2/v2_10b_h2_balanced_logreg_fold1_v1.joblib
1,blur_sigma2,SMARTPHONE_884101,0,0.17487573623657227,real::Smartphone,Smartphone,models/v2/clip_lora_fold1_best_v1.pt,models/v2/v2_10b_h2_balanced_logreg_fold1_v1.joblib
1,blur_sigma2,SMARTPHONE_511473,0,0.13843025267124176,real::Smartphone,Smartphone,models/v2/clip_lora_fold1_best_v1.pt,models/v2/v2_10b_h2_balanced_logreg_fold1_v1.joblib
1,blur_sigma2,SMARTPHONE_361014,0,0.04386958107352257,real::Smartphone,Smartphone,models/v2/clip_lora_fold1_best_v1.pt,models/v2/v2_10b_h2_balanced_logreg_fold1_v1.joblib
1,blur_sigma2,SMARTPHONE_438932,0,0.05650438368320465,real::Smartphone,Smartphone,models/v2/clip_lora_fold1_best_v1.pt,models/v2/v2_10b_h2_balanced_logreg_fold1_v1.joblib
1,blur_sigma2,SMARTPHONE_359642,0,0.12050571292638779,real::Smartphone,Smartphone,models/v2/clip_lora_fold1_best_v1.pt,models/v2/v2_10b_h2_balanced_logreg_fold1_v1.joblib
1,blur_sigma2,SMARTPHONE_549558,0,0.06835523992776871,real::Smartphone,Smartphone,models/v2/clip_lora_fold1_best_v1.pt,models/v2/v2_10b_h2_balanced_logreg_fold1_v1.joblib
1,blur_sigma2,SMARTPHONE_757829,0,0.022291140630841255,real::Smartphone,Smartphone,models/v2/clip_lora_fold1_best_v1.pt,models/v2/v2_10b_h2_balanced_logreg_fold1_v1.joblib
1,blur_sigma2,SMARTPHONE_66658,0,0.05879216268658638,real::Smartphone,Smartphone,models/v2/clip_lora_fold1_best_v1.pt,models/v2/v2_10b_h2_balanced_logreg_fold1_v1.joblib
1,blur_sigma2,SMARTPHONE_389613,0,0.013006391003727913,real::Smartphone,Smartphone,models/v2/clip_lora_fold1_best_v1.pt,models/v2/v2_10b_h2_balanced_logreg_fold1_v1.joblib
1,blur_sigma2,SMARTPHONE_355367,0,0.023133020848035812,real::Smartphone,Smartphone,models/v2/clip_lora_fold1_best_v1.pt,models/v2/v2_10b_h2_balanced_logreg_fold1_v1.joblib
1,blur_sigma2,SMARTPHONE_56728,0,0.16380517184734344,real::Smartphone,Smartphone,models/v2/clip_lora_fold1_best_v1.pt,models/v2/v2_10b_h2_balanced_logreg_fold1_v1.joblib
1,blur_sigma2,SMARTPHONE_138276,0,0.18267351388931274,real::Smartphone,Smartphone,models/v2/clip_lora_fold1_best_v1.pt,models/v2/v2_10b_h2_balanced_logreg_fold1_v1.joblib
1,blur_sigma2,SMARTPHONE_314459,0,0.04353170469403267,real::Smartphone,Smartphone,models/v2/clip_lora_fold1_best_v1.pt,models/v2/v2_10b_h2_balanced_logreg_fold1_v1.joblib
1,blur_sigma2,SMARTPHONE_319068,0,0.03609008714556694,real::Smartphone,Smartphone,models/v2/clip_lora_fold1_best_v1.pt,models/v2/v2_10b_h2_balanced_logreg_fold1_v1.joblib
1,blur_sigma2,SMARTPHONE_967010,0,0.05210304260253906,real::Smartphone,Smartphone,models/v2/clip_lora_fold1_best_v1.pt,models/v2/v2_10b_h2_balanced_logreg_fold1_v1.joblib
1,blur_sigma2,SMARTPHONE_777232,0,0.005471876822412014,real::Smartphone,Smartphone,models/v2/clip_lora_fold1_best_v1.pt,models/v2/v2_10b_h2_balanced_logreg_fold1_v1.joblib
1,blur_sigma2,SMARTPHONE_910467,0,0.01115657389163971,real::Smartphone,Smartphone,models/v2/clip_lora_fold1_best_v1.pt,models/v2/v2_10b_h2_balanced_logreg_fold1_v1.joblib
1,blur_sigma2,SMARTPHONE_113099,0,0.03230655938386917,real::Smartphone,Smartphone,models/v2/clip_lora_fold1_best_v1.pt,models/v2/v2_10b_h2_balanced_logreg_fold1_v1.joblib
1,blur_sigma2,SMARTPHONE_172628,0,0.06682710349559784,real::Smartphone,Smartphone,models/v2/clip_lora_fold1_best_v1.pt,models/v2/v2_10b_h2_balanced_logreg_fold1_v1.joblib
1,blur_sigma2,SMARTPHONE_195366,0,0.06706850230693817,real::Smartphone,Smartphone,models/v2/clip_lora_fold1_best_v1.pt,models/v2/v2_10b_h2_balanced_logreg_fold1_v1.joblib
1,blur_sigma2,SMARTPHONE_67989,0,0.01664663851261139,real::Smartphone,Smartphone,models/v2/clip_lora_fold1_best_v1.pt,models/v2/v2_10b_h2_balanced_logreg_fold1_v1.joblib
1,blur_sigma2,SMARTPHONE_271125,0,0.010881368070840836,real::Smartphone,Smartphone,models/v2/clip_lora_fold1_best_v1.pt,models/v2/v2_10b_h2_balanced_logreg_fold1_v1.joblib
1,blur_sigma2,SMARTPHONE_830107,0,0.21182607114315033,real::Smartphone,Smartphone,models/v2/clip_lora_fold1_best_v1.pt,models/v2/v2_10b_h2_balanced_logreg_fold1_v1.joblib
1,blur_sigma2,SMARTPHONE_901274,0,0.031903766095638275,real::Smartphone,Smartphone,models/v2/clip_lora_fold1_best_v1.pt,models/v2/v2_10b_h2_balanced_logreg_fold1_v1.joblib
1,blur_sigma2,SMARTPHONE_847815,0,0.007658562157303095,real::Smartphone,Smartphone,models/v2/clip_lora_fold1_best_v1.pt,models/v2/v2_10b_h2_balanced_logreg_fold1_v1.joblib
1,blur_sigma2,SMARTPHONE_653515,0,0.05890123173594475,real::Smartphone,Smartphone,models/v2/clip_lora_fold1_best_v1.pt,models/v2/v2_10b_h2_balanced_logreg_fold1_v1.joblib
1,blur_sigma2,SMARTPHONE_796557,0,0.022920817136764526,real::Smartphone,Smartphone,models/v2/clip_lora_fold1_best_v1.pt,models/v2/v2_10b_h2_balanced_logreg_fold1_v1.joblib
1,blur_sigma2,SMARTPHONE_930783,0,0.05703280121088028,real::Smartphone,Smartphone,models/v2/clip_lora_fold1_best_v1.pt,models/v2/v2_10b_h2_balanced_logreg_fold1_v1.joblib
1,blur_sigma2,SMARTPHONE_570907,0,0.008595415391027927,real::Smartphone,Smartphone,models/v2/clip_lora_fold1_best_v1.pt,models/v2/v2_10b_h2_balanced_logreg_fold1_v1.joblib
1,blur_sigma2,SMARTPHONE_533540,0,0.3066447675228119,real::Smartphone,Smartphone,models/v2/clip_lora_fold1_best_v1.pt,models/v2/v2_10b_h2_balanced_logreg_fold1_v1.joblib
1,blur_sigma2,SMARTPHONE_562344,0,0.031025711447000504,real::Smartphone,Smartphone,models/v2/clip_lora_fold1_best_v1.pt,models/v2/v2_10b_h2_balanced_logreg_fold1_v1.joblib
1,blur_sigma2,SMARTPHONE_32729,0,0.0939851850271225,real::Smartphone,Smartphone,models/v2/clip_lora_fold1_best_v1.pt,models/v2/v2_10b_h2_balanced_logreg_fold1_v1.joblib
1,blur_sigma2,SMARTPHONE_806721,0,0.022534187883138657,real::Smartphone,Smartphone,models/v2/clip_lora_fold1_best_v1.pt,models/v2/v2_10b_h2_balanced_logreg_fold1_v1.joblib
1,blur_sigma2,SMARTPHONE_95316,0,0.004767548758536577,real::Smartphone,Smartphone,models/v2/clip_lora_fold1_best_v1.pt,models/v2/v2_10b_h2_balanced_logreg_fold1_v1.joblib
1,blur_sigma2,SMARTPHONE_141656,0,0.00487545458599925,real::Smartphone,Smartphone,models/v2/clip_lora_fold1_best_v1.pt,models/v2/v2_10b_h2_balanced_logreg_fold1_v1.joblib
1,blur_sigma2,SMARTPHONE_592392,0,0.022967379540205002,real::Smartphone,Smartphone,models/v2/clip_lora_fold1_best_v1.pt,models/v2/v2_10b_h2_balanced_logreg_fold1_v1.joblib
1,blur_sigma2,SMARTPHONE_397190,0,0.24844081699848175,real::Smartphone,Smartphone,models/v2/clip_lora_fold1_best_v1.pt,models/v2/v2_10b_h2_balanced_logreg_fold1_v1.joblib
1,blur_sigma2,SMARTPHONE_684163,0,0.03660134971141815,real::Smartphone,Smartphone,models/v2/clip_lora_fold1_best_v1.pt,models/v2/v2_10b_h2_balanced_logreg_fold1_v1.joblib
1,blur_sigma2,SMARTPHONE_87885,0,0.012138601392507553,real::Smartphone,Smartphone,models/v2/clip_lora_fold1_best_v1.pt,models/v2/v2_10b_h2_balanced_logreg_fold1_v1.joblib
1,blur_sigma2,SMARTPHONE_42757,0,0.15578295290470123,real::Smartphone,Smartphone,models/v2/clip_lora_fold1_best_v1.pt,models/v2/v2_10b_h2_balanced_logreg_fold1_v1.joblib
1,blur_sigma2,SMARTPHONE_660370,0,0.09688613563776016,real::Smartphone,Smartphone,models/v2/clip_lora_fold1_best_v1.pt,models/v2/v2_10b_h2_balanced_logreg_fold1_v1.joblib
1,blur_sigma2,SMARTPHONE_642031,0,0.07344657927751541,real::Smartphone,Smartphone,models/v2/clip_lora_fold1_best_v1.pt,models/v2/v2_10b_h2_balanced_logreg_fold1_v1.joblib
1,blur_sigma2,SMARTPHONE_305619,0,0.012344411574304104,real::Smartphone,Smartphone,models/v2/clip_lora_fold1_best_v1.pt,models/v2/v2_10b_h2_balanced_logreg_fold1_v1.joblib
1,blur_sigma2,SMARTPHONE_1001464,0,0.07442616671323776,real::Smartphone,Smartphone,models/v2/clip_lora_fold1_best_v1.pt,models/v2/v2_10b_h2_balanced_logreg_fold1_v1.joblib
1,blur_sigma2,SMARTPHONE_876931,0,0.11325062811374664,real::Smartphone,Smartphone,models/v2/clip_lora_fold1_best_v1.pt,models/v2/v2_10b_h2_balanced_logreg_fold1_v1.joblib
1,blur_sigma2,SMARTPHONE_497375,0,0.012277820147573948,real::Smartphone,Smartphone,models/v2/clip_lora_fold1_best_v1.pt,models/v2/v2_10b_h2_balanced_logreg_fold1_v1.joblib
1,blur_sigma2,SMARTPHONE_137623,0,0.03194408491253853,real::Smartphone,Smartphone,models/v2/clip_lora_fold1_best_v1.pt,models/v2/v2_10b_h2_balanced_logreg_fold1_v1.joblib
1,blur_sigma2,SMARTPHONE_584358,0,0.2628768980503082,real::Smartphone,Smartphone,models/v2/clip_lora_fold1_best_v1.pt,models/v2/v2_10b_h2_balanced_logreg_fold1_v1.joblib
1,blur_sigma2,SMARTPHONE_31390,0,0.06891793012619019,real::Smartphone,Smartphone,models/v2/clip_lora_fold1_best_v1.pt,models/v2/v2_10b_h2_balanced_logreg_fold1_v1.joblib
1,blur_sigma2,SMARTPHONE_158030,0,0.10175260901451111,real::Smartphone,Smartphone,models/v2/clip_lora_fold1_best_v1.pt,models/v2/v2_10b_h2_balanced_logreg_fold1_v1.joblib
1,blur_sigma2,SMARTPHONE_76101,0,0.19665688276290894,real::Smartphone,Smartphone,models/v2/clip_lora_fold1_best_v1.pt,models/v2/v2_10b_h2_balanced_logreg_fold1_v1.joblib
1,blur_sigma2,SMARTPHONE_669398,0,0.006761698517948389,real::Smartphone,Smartphone,models/v2/clip_lora_fold1_best_v1.pt,models/v2/v2_10b_h2_balanced_logreg_fold1_v1.joblib
1,blur_sigma2,SMARTPHONE_524368,0,0.16059646010398865,real::Smartphone,Smartphone,models/v2/clip_lora_fold1_best_v1.pt,models/v2/v2_10b_h2_balanced_logreg_fold1_v1.joblib
1,blur_sigma2,SMARTPHONE_838840,0,0.015300332568585873,real::Smartphone,Smartphone,models/v2/clip_lora_fold1_best_v1.pt,models/v2/v2_10b_h2_balanced_logreg_fold1_v1.joblib
1,blur_sigma2,SMARTPHONE_472368,0,0.302477091550827,real::Smartphone,Smartphone,models/v2/clip_lora_fold1_best_v1.pt,models/v2/v2_10b_h2_balanced_logreg_fold1_v1.joblib
1,blur_sigma2,SMARTPHONE_327243,0,0.08999858051538467,real::Smartphone,Smartphone,models/v2/clip_lora_fold1_best_v1.pt,models/v2/v2_10b_h2_balanced_logreg_fold1_v1.joblib
1,blur_sigma2,SMARTPHONE_569002,0,0.012835429050028324,real::Smartphone,Smartphone,models/v2/clip_lora_fold1_best_v1.pt,models/v2/v2_10b_h2_balanced_logreg_fold1_v1.joblib
1,blur_sigma2,SMARTPHONE_1022177,0,0.015404274687170982,real::Smartphone,Smartphone,models/v2/clip_lora_fold1_best_v1.pt,models/v2/v2_10b_h2_balanced_logreg_fold1_v1.joblib
1,blur_sigma2,SMARTPHONE_764468,0,0.00985151156783104,real::Smartphone,Smartphone,models/v2/clip_lora_fold1_best_v1.pt,models/v2/v2_10b_h2_balanced_logreg_fold1_v1.joblib
1,blur_sigma2,SMARTPHONE_65295,0,0.03875480219721794,real::Smartphone,Smartphone,models/v2/clip_lora_fold1_best_v1.pt,models/v2/v2_10b_h2_balanced_logreg_fold1_v1.joblib
1,blur_sigma2,SMARTPHONE_683605,0,0.0516616553068161,real::Smartphone,Smartphone,models/v2/clip_lora_fold1_best_v1.pt,models/v2/v2_10b_h2_balanced_logreg_fold1_v1.joblib
1,blur_sigma2,SMARTPHONE_908457,0,0.047189440578222275,real::Smartphone,Smartphone,models/v2/clip_lora_fold1_best_v1.pt,models/v2/v2_10b_h2_balanced_logreg_fold1_v1.joblib
1,blur_sigma2,SMARTPHONE_393515,0,0.16440056264400482,real::Smartphone,Smartphone,models/v2/clip_lora_fold1_best_v1.pt,models/v2/v2_10b_h2_balanced_logreg_fold1_v1.joblib
1,blur_sigma2,SMARTPHONE_234669,0,0.017098158597946167,real::Smartphone,Smartphone,models/v2/clip_lora_fold1_best_v1.pt,models/v2/v2_10b_h2_balanced_logreg_fold1_v1.joblib
1,blur_sigma2,SMARTPHONE_857987,0,0.508469820022583,real::Smartphone,Smartphone,models/v2/clip_lora_fold1_best_v1.pt,models/v2/v2_10b_h2_balanced_logreg_fold1_v1.joblib
1,blur_sigma2,SMARTPHONE_61303,0,0.27409806847572327,real::Smartphone,Smartphone,models/v2/clip_lora_fold1_best_v1.pt,models/v2/v2_10b_h2_balanced_logreg_fold1_v1.joblib
1,blur_sigma2,SMARTPHONE_183906,0,0.4315657615661621,real::Smartphone,Smartphone,models/v2/clip_lora_fold1_best_v1.pt,models/v2/v2_10b_h2_balanced_logreg_fold1_v1.joblib
1,blur_sigma2,SMARTPHONE_979974,0,0.0074415612034499645,real::Smartphone,Smartphone,models/v2/clip_lora_fold1_best_v1.pt,models/v2/v2_10b_h2_balanced_logreg_fold1_v1.joblib
1,blur_sigma2,SMARTPHONE_710210,0,0.12858115136623383,real::Smartphone,Smartphone,models/v2/clip_lora_fold1_best_v1.pt,models/v2/v2_10b_h2_balanced_logreg_fold1_v1.joblib
1,blur_sigma2,SMARTPHONE_26492,0,0.2193692922592163,real::Smartphone,Smartphone,models/v2/clip_lora_fold1_best_v1.pt,models/v2/v2_10b_h2_balanced_logreg_fold1_v1.joblib
1,blur_sigma2,SMARTPHONE_46110,0,0.04655594006180763,real::Smartphone,Smartphone,models/v2/clip_lora_fold1_best_v1.pt,models/v2/v2_10b_h2_balanced_logreg_fold1_v1.joblib
1,blur_sigma2,SMARTPHONE_291784,0,0.2990122139453888,real::Smartphone,Smartphone,models/v2/clip_lora_fold1_best_v1.pt,models/v2/v2_10b_h2_balanced_logreg_fold1_v1.joblib
1,blur_sigma2,SMARTPHONE_237192,0,0.012374031357467175,real::Smartphone,Smartphone,models/v2/clip_lora_fold1_best_v1.pt,models/v2/v2_10b_h2_balanced_logreg_fold1_v1.joblib
1,blur_sigma2,SMARTPHONE_250027,0,0.02441873401403427,real::Smartphone,Smartphone,models/v2/clip_lora_fold1_best_v1.pt,models/v2/v2_10b_h2_balanced_logreg_fold1_v1.joblib
1,blur_sigma2,SMARTPHONE_348585,0,0.12756052613258362,real::Smartphone,Smartphone,models/v2/clip_lora_fold1_best_v1.pt,models/v2/v2_10b_h2_balanced_logreg_fold1_v1.joblib
1,blur_sigma2,SMARTPHONE_679693,0,0.07071934640407562,real::Smartphone,Smartphone,models/v2/clip_lora_fold1_best_v1.pt,models/v2/v2_10b_h2_balanced_logreg_fold1_v1.joblib
1,blur_sigma2,SMARTPHONE_985140,0,0.010590041056275368,real::Smartphone,Smartphone,models/v2/clip_lora_fold1_best_v1.pt,models/v2/v2_10b_h2_balanced_logreg_fold1_v1.joblib
1,blur_sigma2,SMARTPHONE_826775,0,0.031582459807395935,real::Smartphone,Smartphone,models/v2/clip_lora_fold1_best_v1.pt,models/v2/v2_10b_h2_balanced_logreg_fold1_v1.joblib
1,blur_sigma2,SMARTPHONE_815484,0,0.1727329045534134,real::Smartphone,Smartphone,models/v2/clip_lora_fold1_best_v1.pt,models/v2/v2_10b_h2_balanced_logreg_fold1_v1.joblib
1,blur_sigma2,SMARTPHONE_422200,0,0.0286316629499197,real::Smartphone,Smartphone,models/v2/clip_lora_fold1_best_v1.pt,models/v2/v2_10b_h2_balanced_logreg_fold1_v1.joblib
1,blur_sigma2,SMARTPHONE_703104,0,0.0733492448925972,real::Smartphone,Smartphone,models/v2/clip_lora_fold1_best_v1.pt,models/v2/v2_10b_h2_balanced_logreg_fold1_v1.joblib
1,blur_sigma2,SMARTPHONE_322163,0,0.09916118532419205,real::Smartphone,Smartphone,models/v2/clip_lora_fold1_best_v1.pt,models/v2/v2_10b_h2_balanced_logreg_fold1_v1.joblib
1,blur_sigma2,SMARTPHONE_342187,0,0.26399293541908264,real::Smartphone,Smartphone,models/v2/clip_lora_fold1_best_v1.pt,models/v2/v2_10b_h2_balanced_logreg_fold1_v1.joblib
1,blur_sigma2,SMARTPHONE_446434,0,0.04466644302010536,real::Smartphone,Smartphone,models/v2/clip_lora_fold1_best_v1.pt,models/v2/v2_10b_h2_balanced_logreg_fold1_v1.joblib
1,blur_sigma2,SMARTPHONE_279138,0,0.08208326995372772,real::Smartphone,Smartphone,models/v2/clip_lora_fold1_best_v1.pt,models/v2/v2_10b_h2_balanced_logreg_fold1_v1.joblib
1,blur_sigma2,SMARTPHONE_85172,0,0.044800661504268646,real::Smartphone,Smartphone,models/v2/clip_lora_fold1_best_v1.pt,models/v2/v2_10b_h2_balanced_logreg_fold1_v1.joblib
1,blur_sigma2,SMARTPHONE_771314,0,0.024995068088173866,real::Smartphone,Smartphone,models/v2/clip_lora_fold1_best_v1.pt,models/v2/v2_10b_h2_balanced_logreg_fold1_v1.joblib
1,blur_sigma2,SMARTPHONE_164175,0,0.1739232987165451,real::Smartphone,Smartphone,models/v2/clip_lora_fold1_best_v1.pt,models/v2/v2_10b_h2_balanced_logreg_fold1_v1.joblib
1,blur_sigma2,SMARTPHONE_848798,0,0.012935947626829147,real::Smartphone,Smartphone,models/v2/clip_lora_fold1_best_v1.pt,models/v2/v2_10b_h2_balanced_logreg_fold1_v1.joblib
1,blur_sigma2,SMARTPHONE_131027,0,0.038837432861328125,real::Smartphone,Smartphone,models/v2/clip_lora_fold1_best_v1.pt,models/v2/v2_10b_h2_balanced_logreg_fold1_v1.joblib
1,blur_sigma2,SMARTPHONE_627787,0,0.5628541111946106,real::Smartphone,Smartphone,models/v2/clip_lora_fold1_best_v1.pt,models/v2/v2_10b_h2_balanced_logreg_fold1_v1.joblib
1,blur_sigma2,SMARTPHONE_894385,0,0.6181154251098633,real::Smartphone,Smartphone,models/v2/clip_lora_fold1_best_v1.pt,models/v2/v2_10b_h2_balanced_logreg_fold1_v1.joblib
1,blur_sigma2,SMARTPHONE_291694,0,0.33109670877456665,real::Smartphone,Smartphone,models/v2/clip_lora_fold1_best_v1.pt,models/v2/v2_10b_h2_balanced_logreg_fold1_v1.joblib
1,blur_sigma2,SMARTPHONE_148778,0,0.21035151183605194,real::Smartphone,Smartphone,models/v2/clip_lora_fold1_best_v1.pt,models/v2/v2_10b_h2_balanced_logreg_fold1_v1.joblib
1,blur_sigma2,SMARTPHONE_224522,0,0.08848187327384949,real::Smartphone,Smartphone,models/v2/clip_lora_fold1_best_v1.pt,models/v2/v2_10b_h2_balanced_logreg_fold1_v1.joblib
1,blur_sigma2,SMARTPHONE_175464,0,0.05518370866775513,real::Smartphone,Smartphone,models/v2/clip_lora_fold1_best_v1.pt,models/v2/v2_10b_h2_balanced_logreg_fold1_v1.joblib
1,blur_sigma2,SMARTPHONE_244736,0,0.06867866218090057,real::Smartphone,Smartphone,models/v2/clip_lora_fold1_best_v1.pt,models/v2/v2_10b_h2_balanced_logreg_fold1_v1.joblib
1,blur_sigma2,SMARTPHONE_582569,0,0.12041784822940826,real::Smartphone,Smartphone,models/v2/clip_lora_fold1_best_v1.pt,models/v2/v2_10b_h2_balanced_logreg_fold1_v1.joblib
1,blur_sigma2,SMARTPHONE_431450,0,0.12617193162441254,real::Smartphone,Smartphone,models/v2/clip_lora_fold1_best_v1.pt,models/v2/v2_10b_h2_balanced_logreg_fold1_v1.joblib
1,blur_sigma2,SMARTPHONE_660705,0,0.33265626430511475,real::Smartphone,Smartphone,models/v2/clip_lora_fold1_best_v1.pt,models/v2/v2_10b_h2_balanced_logreg_fold1_v1.joblib
1,blur_sigma2,SMARTPHONE_621214,0,0.8461683392524719,real::Smartphone,Smartphone,models/v2/clip_lora_fold1_best_v1.pt,models/v2/v2_10b_h2_balanced_logreg_fold1_v1.joblib
1,blur_sigma2,SMARTPHONE_359386,0,0.4602690637111664,real::Smartphone,Smartphone,models/v2/clip_lora_fold1_best_v1.pt,models/v2/v2_10b_h2_balanced_logreg_fold1_v1.joblib
1,blur_sigma2,SMARTPHONE_144764,0,0.01932508684694767,real::Smartphone,Smartphone,models/v2/clip_lora_fold1_best_v1.pt,models/v2/v2_10b_h2_balanced_logreg_fold1_v1.joblib
1,blur_sigma2,SMARTPHONE_830594,0,0.5208514928817749,real::Smartphone,Smartphone,models/v2/clip_lora_fold1_best_v1.pt,models/v2/v2_10b_h2_balanced_logreg_fold1_v1.joblib
1,blur_sigma2,SMARTPHONE_565837,0,0.0859859511256218,real::Smartphone,Smartphone,models/v2/clip_lora_fold1_best_v1.pt,models/v2/v2_10b_h2_balanced_logreg_fold1_v1.joblib
1,blur_sigma2,SMARTPHONE_661367,0,0.12098639458417892,real::Smartphone,Smartphone,models/v2/clip_lora_fold1_best_v1.pt,models/v2/v2_10b_h2_balanced_logreg_fold1_v1.joblib
1,blur_sigma2,SMARTPHONE_196636,0,0.1503518968820572,real::Smartphone,Smartphone,models/v2/clip_lora_fold1_best_v1.pt,models/v2/v2_10b_h2_balanced_logreg_fold1_v1.joblib
1,blur_sigma2,SMARTPHONE_10637,0,0.5552011728286743,real::Smartphone,Smartphone,models/v2/clip_lora_fold1_best_v1.pt,models/v2/v2_10b_h2_balanced_logreg_fold1_v1.joblib
1,blur_sigma2,SMARTPHONE_304933,0,0.31328439712524414,real::Smartphone,Smartphone,models/v2/clip_lora_fold1_best_v1.pt,models/v2/v2_10b_h2_balanced_logreg_fold1_v1.joblib
1,blur_sigma2,SMARTPHONE_350921,0,0.3798547387123108,real::Smartphone,Smartphone,models/v2/clip_lora_fold1_best_v1.pt,models/v2/v2_10b_h2_balanced_logreg_fold1_v1.joblib
1,blur_sigma2,SMARTPHONE_647201,0,0.8650020956993103,real::Smartphone,Smartphone,models/v2/clip_lora_fold1_best_v1.pt,models/v2/v2_10b_h2_balanced_logreg_fold1_v1.joblib
1,blur_sigma2,SMARTPHONE_657781,0,0.12701258063316345,real::Smartphone,Smartphone,models/v2/clip_lora_fold1_best_v1.pt,models/v2/v2_10b_h2_balanced_logreg_fold1_v1.joblib
1,blur_sigma2,SMARTPHONE_927343,0,0.3394562005996704,real::Smartphone,Smartphone,models/v2/clip_lora_fold1_best_v1.pt,models/v2/v2_10b_h2_balanced_logreg_fold1_v1.joblib
1,blur_sigma2,SMARTPHONE_263012,0,0.10555220395326614,real::Smartphone,Smartphone,models/v2/clip_lora_fold1_best_v1.pt,models/v2/v2_10b_h2_balanced_logreg_fold1_v1.joblib
1,blur_sigma2,SMARTPHONE_26183,0,0.045841116458177567,real::Smartphone,Smartphone,models/v2/clip_lora_fold1_best_v1.pt,models/v2/v2_10b_h2_balanced_logreg_fold1_v1.joblib
1,blur_sigma2,SMARTPHONE_896105,0,0.26423880457878113,real::Smartphone,Smartphone,models/v2/clip_lora_fold1_best_v1.pt,models/v2/v2_10b_h2_balanced_logreg_fold1_v1.joblib
1,blur_sigma2,SMARTPHONE_495631,0,0.04983803629875183,real::Smartphone,Smartphone,models/v2/clip_lora_fold1_best_v1.pt,models/v2/v2_10b_h2_balanced_logreg_fold1_v1.joblib
1,blur_sigma2,SMARTPHONE_67872,0,0.02355491742491722,real::Smartphone,Smartphone,models/v2/clip_lora_fold1_best_v1.pt,models/v2/v2_10b_h2_balanced_logreg_fold1_v1.joblib
1,blur_sigma2,SMARTPHONE_582549,0,0.14126114547252655,real::Smartphone,Smartphone,models/v2/clip_lora_fold1_best_v1.pt,models/v2/v2_10b_h2_balanced_logreg_fold1_v1.joblib
1,blur_sigma2,SMARTPHONE_111678,0,0.03180217742919922,real::Smartphone,Smartphone,models/v2/clip_lora_fold1_best_v1.pt,models/v2/v2_10b_h2_balanced_logreg_fold1_v1.joblib
1,blur_sigma2,SMARTPHONE_473589,0,0.037386391311883926,real::Smartphone,Smartphone,models/v2/clip_lora_fold1_best_v1.pt,models/v2/v2_10b_h2_balanced_logreg_fold1_v1.joblib
1,blur_sigma2,SMARTPHONE_379393,0,0.0687001496553421,real::Smartphone,Smartphone,models/v2/clip_lora_fold1_best_v1.pt,models/v2/v2_10b_h2_balanced_logreg_fold1_v1.joblib
1,blur_sigma2,SMARTPHONE_150987,0,0.01615607738494873,real::Smartphone,Smartphone,models/v2/clip_lora_fold1_best_v1.pt,models/v2/v2_10b_h2_balanced_logreg_fold1_v1.joblib
1,blur_sigma2,SMARTPHONE_360241,0,0.025721080601215363,real::Smartphone,Smartphone,models/v2/clip_lora_fold1_best_v1.pt,models/v2/v2_10b_h2_balanced_logreg_fold1_v1.joblib
1,blur_sigma2,SMARTPHONE_962434,0,0.06840186566114426,real::Smartphone,Smartphone,models/v2/clip_lora_fold1_best_v1.pt,models/v2/v2_10b_h2_balanced_logreg_fold1_v1.joblib
1,blur_sigma2,SMARTPHONE_442519,0,0.09217802435159683,real::Smartphone,Smartphone,models/v2/clip_lora_fold1_best_v1.pt,models/v2/v2_10b_h2_balanced_logreg_fold1_v1.joblib
1,blur_sigma2,SMARTPHONE_582381,0,0.03058742918074131,real::Smartphone,Smartphone,models/v2/clip_lora_fold1_best_v1.pt,models/v2/v2_10b_h2_balanced_logreg_fold1_v1.joblib
1,blur_sigma2,SMARTPHONE_784712,0,0.506650447845459,real::Smartphone,Smartphone,models/v2/clip_lora_fold1_best_v1.pt,models/v2/v2_10b_h2_balanced_logreg_fold1_v1.joblib
1,blur_sigma2,SMARTPHONE_382687,0,0.16275149583816528,real::Smartphone,Smartphone,models/v2/clip_lora_fold1_best_v1.pt,models/v2/v2_10b_h2_balanced_logreg_fold1_v1.joblib
1,blur_sigma2,SMARTPHONE_369625,0,0.16058653593063354,real::Smartphone,Smartphone,models/v2/clip_lora_fold1_best_v1.pt,models/v2/v2_10b_h2_balanced_logreg_fold1_v1.joblib
1,blur_sigma2,SMARTPHONE_255480,0,0.40335264801979065,real::Smartphone,Smartphone,models/v2/clip_lora_fold1_best_v1.pt,models/v2/v2_10b_h2_balanced_logreg_fold1_v1.joblib
1,blur_sigma2,SMARTPHONE_429017,0,0.14116829633712769,real::Smartphone,Smartphone,models/v2/clip_lora_fold1_best_v1.pt,models/v2/v2_10b_h2_balanced_logreg_fold1_v1.joblib
1,blur_sigma2,SMARTPHONE_384872,0,0.033506251871585846,real::Smartphone,Smartphone,models/v2/clip_lora_fold1_best_v1.pt,models/v2/v2_10b_h2_balanced_logreg_fold1_v1.joblib
1,blur_sigma2,SMARTPHONE_907482,0,0.19962504506111145,real::Smartphone,Smartphone,models/v2/clip_lora_fold1_best_v1.pt,models/v2/v2_10b_h2_balanced_logreg_fold1_v1.joblib
1,blur_sigma2,SMARTPHONE_389287,0,0.04728871211409569,real::Smartphone,Smartphone,models/v2/clip_lora_fold1_best_v1.pt,models/v2/v2_10b_h2_balanced_logreg_fold1_v1.joblib
