fold,condition,image_id,y,p_h2,generator_id,real_domain,checkpoint,h2_head
2,jpeg_q50,pilot_000000,0,0.043472032994031906,real::Tiny-GenImage,Tiny,models/v2/clip_lora_fold2_best_v1.pt,models/v2/v2_10b_h2_balanced_logreg_fold2_v1.joblib
2,jpeg_q50,pilot_000003,1,0.03741517663002014,tiny::BigGAN,,models/v2/clip_lora_fold2_best_v1.pt,models/v2/v2_10b_h2_balanced_logreg_fold2_v1.joblib
2,jpeg_q50,pilot_000011,1,0.087407685816288,tiny::VQDM,,models/v2/clip_lora_fold2_best_v1.pt,models/v2/v2_10b_h2_balanced_logreg_fold2_v1.joblib
2,jpeg_q50,pilot_000017,1,0.015254328958690166,tiny::BigGAN,,models/v2/clip_lora_fold2_best_v1.pt,models/v2/v2_10b_h2_balanced_logreg_fold2_v1.joblib
2,jpeg_q50,pilot_000018,0,0.023490052670240402,real::Tiny-GenImage,Tiny,models/v2/clip_lora_fold2_best_v1.pt,models/v2/v2_10b_h2_balanced_logreg_fold2_v1.joblib
2,jpeg_q50,pilot_000020,0,0.05556458607316017,real::Tiny-GenImage,Tiny,models/v2/clip_lora_fold2_best_v1.pt,models/v2/v2_10b_h2_balanced_logreg_fold2_v1.joblib
2,jpeg_q50,pilot_000022,0,0.035011306405067444,real::Tiny-GenImage,Tiny,models/v2/clip_lora_fold2_best_v1.pt,models/v2/v2_10b_h2_balanced_logreg_fold2_v1.joblib
2,jpeg_q50,pilot_000025,1,0.08337080478668213,tiny::VQDM,,models/v2/clip_lora_fold2_best_v1.pt,models/v2/v2_10b_h2_balanced_logreg_fold2_v1.joblib
2,jpeg_q50,pilot_000028,0,0.09929211437702179,real::Tiny-GenImage,Tiny,models/v2/clip_lora_fold2_best_v1.pt,models/v2/v2_10b_h2_balanced_logreg_fold2_v1.joblib
2,jpeg_q50,pilot_000031,1,0.09804879128932953,tiny::BigGAN,,models/v2/clip_lora_fold2_best_v1.pt,models/v2/v2_10b_h2_balanced_logreg_fold2_v1.joblib
2,jpeg_q50,pilot_000038,0,0.11552028357982635,real::Tiny-GenImage,Tiny,models/v2/clip_lora_fold2_best_v1.pt,models/v2/v2_10b_h2_balanced_logreg_fold2_v1.joblib
2,jpeg_q50,pilot_000039,1,0.07051859050989151,tiny::VQDM,,models/v2/clip_lora_fold2_best_v1.pt,models/v2/v2_10b_h2_balanced_logreg_fold2_v1.joblib
2,jpeg_q50,pilot_000045,1,0.15898838639259338,tiny::BigGAN,,models/v2/clip_lora_fold2_best_v1.pt,models/v2/v2_10b_h2_balanced_logreg_fold2_v1.joblib
2,jpeg_q50,pilot_000053,1,0.27075356245040894,tiny::VQDM,,models/v2/clip_lora_fold2_best_v1.pt,models/v2/v2_10b_h2_balanced_logreg_fold2_v1.joblib
2,jpeg_q50,pilot_000059,1,0.09953165054321289,tiny::BigGAN,,models/v2/clip_lora_fold2_best_v1.pt,models/v2/v2_10b_h2_balanced_logreg_fold2_v1.joblib
2,jpeg_q50,pilot_000062,0,0.129790261387825,real::Tiny-GenImage,Tiny,models/v2/clip_lora_fold2_best_v1.pt,models/v2/v2_10b_h2_balanced_logreg_fold2_v1.joblib
2,jpeg_q50,pilot_000067,1,0.21736712753772736,tiny::VQDM,,models/v2/clip_lora_fold2_best_v1.pt,models/v2/v2_10b_h2_balanced_logreg_fold2_v1.joblib
2,jpeg_q50,pilot_000073,1,0.054214730858802795,tiny::BigGAN,,models/v2/clip_lora_fold2_best_v1.pt,models/v2/v2_10b_h2_balanced_logreg_fold2_v1.joblib
2,jpeg_q50,pilot_000081,1,0.057136792689561844,tiny::VQDM,,models/v2/clip_lora_fold2_best_v1.pt,models/v2/v2_10b_h2_balanced_logreg_fold2_v1.joblib
2,jpeg_q50,pilot_000087,1,0.02486868016421795,tiny::BigGAN,,models/v2/clip_lora_fold2_best_v1.pt,models/v2/v2_10b_h2_balanced_logreg_fold2_v1.joblib
2,jpeg_q50,pilot_000095,1,0.14017261564731598,tiny::VQDM,,models/v2/clip_lora_fold2_best_v1.pt,models/v2/v2_10b_h2_balanced_logreg_fold2_v1.joblib
2,jpeg_q50,pilot_000101,1,0.10579501837491989,tiny::BigGAN,,models/v2/clip_lora_fold2_best_v1.pt,models/v2/v2_10b_h2_balanced_logreg_fold2_v1.joblib
2,jpeg_q50,pilot_000109,1,0.1337813436985016,tiny::VQDM,,models/v2/clip_lora_fold2_best_v1.pt,models/v2/v2_10b_h2_balanced_logreg_fold2_v1.joblib
2,jpeg_q50,pilot_000112,0,0.016965290531516075,real::Tiny-GenImage,Tiny,models/v2/clip_lora_fold2_best_v1.pt,models/v2/v2_10b_h2_balanced_logreg_fold2_v1.joblib
2,jpeg_q50,pilot_000115,1,0.08006761968135834,tiny::BigGAN,,models/v2/clip_lora_fold2_best_v1.pt,models/v2/v2_10b_h2_balanced_logreg_fold2_v1.joblib
2,jpeg_q50,pilot_000123,1,0.21181337535381317,tiny::VQDM,,models/v2/clip_lora_fold2_best_v1.pt,models/v2/v2_10b_h2_balanced_logreg_fold2_v1.joblib
2,jpeg_q50,pilot_000129,1,0.20014262199401855,tiny::BigGAN,,models/v2/clip_lora_fold2_best_v1.pt,models/v2/v2_10b_h2_balanced_logreg_fold2_v1.joblib
2,jpeg_q50,pilot_000136,0,0.014746477827429771,real::Tiny-GenImage,Tiny,models/v2/clip_lora_fold2_best_v1.pt,models/v2/v2_10b_h2_balanced_logreg_fold2_v1.joblib
2,jpeg_q50,pilot_000137,1,0.05863611400127411,tiny::VQDM,,models/v2/clip_lora_fold2_best_v1.pt,models/v2/v2_10b_h2_balanced_logreg_fold2_v1.joblib
2,jpeg_q50,pilot_000143,1,0.21586252748966217,tiny::BigGAN,,models/v2/clip_lora_fold2_best_v1.pt,models/v2/v2_10b_h2_balanced_logreg_fold2_v1.joblib
2,jpeg_q50,pilot_000146,0,0.005578335374593735,real::Tiny-GenImage,Tiny,models/v2/clip_lora_fold2_best_v1.pt,models/v2/v2_10b_h2_balanced_logreg_fold2_v1.joblib
2,jpeg_q50,pilot_000151,1,0.1288653165102005,tiny::VQDM,,models/v2/clip_lora_fold2_best_v1.pt,models/v2/v2_10b_h2_balanced_logreg_fold2_v1.joblib
2,jpeg_q50,pilot_000154,0,0.10420754551887512,real::Tiny-GenImage,Tiny,models/v2/clip_lora_fold2_best_v1.pt,models/v2/v2_10b_h2_balanced_logreg_fold2_v1.joblib
2,jpeg_q50,pilot_000157,1,0.5792426466941833,tiny::BigGAN,,models/v2/clip_lora_fold2_best_v1.pt,models/v2/v2_10b_h2_balanced_logreg_fold2_v1.joblib
2,jpeg_q50,pilot_000165,1,0.06040988862514496,tiny::VQDM,,models/v2/clip_lora_fold2_best_v1.pt,models/v2/v2_10b_h2_balanced_logreg_fold2_v1.joblib
2,jpeg_q50,pilot_000171,1,0.04079773277044296,tiny::BigGAN,,models/v2/clip_lora_fold2_best_v1.pt,models/v2/v2_10b_h2_balanced_logreg_fold2_v1.joblib
2,jpeg_q50,pilot_000179,1,0.1839447021484375,tiny::VQDM,,models/v2/clip_lora_fold2_best_v1.pt,models/v2/v2_10b_h2_balanced_logreg_fold2_v1.joblib
2,jpeg_q50,pilot_000185,1,0.09854412078857422,tiny::BigGAN,,models/v2/clip_lora_fold2_best_v1.pt,models/v2/v2_10b_h2_balanced_logreg_fold2_v1.joblib
2,jpeg_q50,pilot_000193,1,0.482339471578598,tiny::VQDM,,models/v2/clip_lora_fold2_best_v1.pt,models/v2/v2_10b_h2_balanced_logreg_fold2_v1.joblib
2,jpeg_q50,pilot_000199,1,0.011469926685094833,tiny::BigGAN,,models/v2/clip_lora_fold2_best_v1.pt,models/v2/v2_10b_h2_balanced_logreg_fold2_v1.joblib
2,jpeg_q50,pilot_000207,1,0.1477285474538803,tiny::VQDM,,models/v2/clip_lora_fold2_best_v1.pt,models/v2/v2_10b_h2_balanced_logreg_fold2_v1.joblib
2,jpeg_q50,pilot_000212,0,0.039700981229543686,real::Tiny-GenImage,Tiny,models/v2/clip_lora_fold2_best_v1.pt,models/v2/v2_10b_h2_balanced_logreg_fold2_v1.joblib
2,jpeg_q50,pilot_000213,1,0.03441274166107178,tiny::BigGAN,,models/v2/clip_lora_fold2_best_v1.pt,models/v2/v2_10b_h2_balanced_logreg_fold2_v1.joblib
2,jpeg_q50,pilot_000221,1,0.04966229200363159,tiny::VQDM,,models/v2/clip_lora_fold2_best_v1.pt,models/v2/v2_10b_h2_balanced_logreg_fold2_v1.joblib
2,jpeg_q50,pilot_000227,1,0.0706566572189331,tiny::BigGAN,,models/v2/clip_lora_fold2_best_v1.pt,models/v2/v2_10b_h2_balanced_logreg_fold2_v1.joblib
2,jpeg_q50,pilot_000234,0,0.054565589874982834,real::Tiny-GenImage,Tiny,models/v2/clip_lora_fold2_best_v1.pt,models/v2/v2_10b_h2_balanced_logreg_fold2_v1.joblib
2,jpeg_q50,pilot_000235,1,0.09515386074781418,tiny::VQDM,,models/v2/clip_lora_fold2_best_v1.pt,models/v2/v2_10b_h2_balanced_logreg_fold2_v1.joblib
2,jpeg_q50,pilot_000241,1,0.039862219244241714,tiny::BigGAN,,models/v2/clip_lora_fold2_best_v1.pt,models/v2/v2_10b_h2_balanced_logreg_fold2_v1.joblib
2,jpeg_q50,pilot_000249,1,0.1997176855802536,tiny::VQDM,,models/v2/clip_lora_fold2_best_v1.pt,models/v2/v2_10b_h2_balanced_logreg_fold2_v1.joblib
2,jpeg_q50,pilot_000255,1,0.14303220808506012,tiny::BigGAN,,models/v2/clip_lora_fold2_best_v1.pt,models/v2/v2_10b_h2_balanced_logreg_fold2_v1.joblib
2,jpeg_q50,pilot_000262,0,0.0053942520171403885,real::Tiny-GenImage,Tiny,models/v2/clip_lora_fold2_best_v1.pt,models/v2/v2_10b_h2_balanced_logreg_fold2_v1.joblib
2,jpeg_q50,pilot_000263,1,0.13870814442634583,tiny::VQDM,,models/v2/clip_lora_fold2_best_v1.pt,models/v2/v2_10b_h2_balanced_logreg_fold2_v1.joblib
2,jpeg_q50,pilot_000269,1,0.05239633470773697,tiny::BigGAN,,models/v2/clip_lora_fold2_best_v1.pt,models/v2/v2_10b_h2_balanced_logreg_fold2_v1.joblib
2,jpeg_q50,pilot_000276,0,0.03947637230157852,real::Tiny-GenImage,Tiny,models/v2/clip_lora_fold2_best_v1.pt,models/v2/v2_10b_h2_balanced_logreg_fold2_v1.joblib
2,jpeg_q50,pilot_000277,1,0.3532317280769348,tiny::VQDM,,models/v2/clip_lora_fold2_best_v1.pt,models/v2/v2_10b_h2_balanced_logreg_fold2_v1.joblib
2,jpeg_q50,pilot_000283,1,0.09169431030750275,tiny::BigGAN,,models/v2/clip_lora_fold2_best_v1.pt,models/v2/v2_10b_h2_balanced_logreg_fold2_v1.joblib
2,jpeg_q50,pilot_000291,1,0.24680843949317932,tiny::VQDM,,models/v2/clip_lora_fold2_best_v1.pt,models/v2/v2_10b_h2_balanced_logreg_fold2_v1.joblib
2,jpeg_q50,pilot_000296,0,0.17543692886829376,real::Tiny-GenImage,Tiny,models/v2/clip_lora_fold2_best_v1.pt,models/v2/v2_10b_h2_balanced_logreg_fold2_v1.joblib
2,jpeg_q50,pilot_000297,1,0.1117863655090332,tiny::BigGAN,,models/v2/clip_lora_fold2_best_v1.pt,models/v2/v2_10b_h2_balanced_logreg_fold2_v1.joblib
2,jpeg_q50,pilot_000305,1,0.32611018419265747,tiny::VQDM,,models/v2/clip_lora_fold2_best_v1.pt,models/v2/v2_10b_h2_balanced_logreg_fold2_v1.joblib
2,jpeg_q50,pilot_000310,0,0.022401118651032448,real::Tiny-GenImage,Tiny,models/v2/clip_lora_fold2_best_v1.pt,models/v2/v2_10b_h2_balanced_logreg_fold2_v1.joblib
2,jpeg_q50,pilot_000311,1,0.020994817838072777,tiny::BigGAN,,models/v2/clip_lora_fold2_best_v1.pt,models/v2/v2_10b_h2_balanced_logreg_fold2_v1.joblib
2,jpeg_q50,pilot_000319,1,0.26784536242485046,tiny::VQDM,,models/v2/clip_lora_fold2_best_v1.pt,models/v2/v2_10b_h2_balanced_logreg_fold2_v1.joblib
2,jpeg_q50,pilot_000325,1,0.10509583353996277,tiny::BigGAN,,models/v2/clip_lora_fold2_best_v1.pt,models/v2/v2_10b_h2_balanced_logreg_fold2_v1.joblib
2,jpeg_q50,pilot_000326,0,0.022177526727318764,real::Tiny-GenImage,Tiny,models/v2/clip_lora_fold2_best_v1.pt,models/v2/v2_10b_h2_balanced_logreg_fold2_v1.joblib
2,jpeg_q50,pilot_000333,1,0.26518645882606506,tiny::VQDM,,models/v2/clip_lora_fold2_best_v1.pt,models/v2/v2_10b_h2_balanced_logreg_fold2_v1.joblib
2,jpeg_q50,pilot_000339,1,0.07833844423294067,tiny::BigGAN,,models/v2/clip_lora_fold2_best_v1.pt,models/v2/v2_10b_h2_balanced_logreg_fold2_v1.joblib
2,jpeg_q50,pilot_000342,0,0.03960106521844864,real::Tiny-GenImage,Tiny,models/v2/clip_lora_fold2_best_v1.pt,models/v2/v2_10b_h2_balanced_logreg_fold2_v1.joblib
2,jpeg_q50,pilot_000347,1,0.11636841297149658,tiny::VQDM,,models/v2/clip_lora_fold2_best_v1.pt,models/v2/v2_10b_h2_balanced_logreg_fold2_v1.joblib
2,jpeg_q50,pilot_000353,1,0.05535205081105232,tiny::BigGAN,,models/v2/clip_lora_fold2_best_v1.pt,models/v2/v2_10b_h2_balanced_logreg_fold2_v1.joblib
2,jpeg_q50,pilot_000354,0,0.029983095824718475,real::Tiny-GenImage,Tiny,models/v2/clip_lora_fold2_best_v1.pt,models/v2/v2_10b_h2_balanced_logreg_fold2_v1.joblib
2,jpeg_q50,pilot_000360,0,0.41358667612075806,real::Tiny-GenImage,Tiny,models/v2/clip_lora_fold2_best_v1.pt,models/v2/v2_10b_h2_balanced_logreg_fold2_v1.joblib
2,jpeg_q50,pilot_000361,1,0.18960630893707275,tiny::VQDM,,models/v2/clip_lora_fold2_best_v1.pt,models/v2/v2_10b_h2_balanced_logreg_fold2_v1.joblib
2,jpeg_q50,pilot_000367,1,0.0523521862924099,tiny::BigGAN,,models/v2/clip_lora_fold2_best_v1.pt,models/v2/v2_10b_h2_balanced_logreg_fold2_v1.joblib
2,jpeg_q50,pilot_000368,0,0.04200007766485214,real::Tiny-GenImage,Tiny,models/v2/clip_lora_fold2_best_v1.pt,models/v2/v2_10b_h2_balanced_logreg_fold2_v1.joblib
2,jpeg_q50,pilot_000372,0,0.010047235526144505,real::Tiny-GenImage,Tiny,models/v2/clip_lora_fold2_best_v1.pt,models/v2/v2_10b_h2_balanced_logreg_fold2_v1.joblib
2,jpeg_q50,pilot_000375,1,0.19894319772720337,tiny::VQDM,,models/v2/clip_lora_fold2_best_v1.pt,models/v2/v2_10b_h2_balanced_logreg_fold2_v1.joblib
2,jpeg_q50,pilot_000381,1,0.05978389456868172,tiny::BigGAN,,models/v2/clip_lora_fold2_best_v1.pt,models/v2/v2_10b_h2_balanced_logreg_fold2_v1.joblib
2,jpeg_q50,pilot_000389,1,0.21868263185024261,tiny::VQDM,,models/v2/clip_lora_fold2_best_v1.pt,models/v2/v2_10b_h2_balanced_logreg_fold2_v1.joblib
2,jpeg_q50,pilot_000395,1,0.12577350437641144,tiny::BigGAN,,models/v2/clip_lora_fold2_best_v1.pt,models/v2/v2_10b_h2_balanced_logreg_fold2_v1.joblib
2,jpeg_q50,pilot_000403,1,0.17761185765266418,tiny::VQDM,,models/v2/clip_lora_fold2_best_v1.pt,models/v2/v2_10b_h2_balanced_logreg_fold2_v1.joblib
2,jpeg_q50,pilot_000409,1,0.056589484214782715,tiny::BigGAN,,models/v2/clip_lora_fold2_best_v1.pt,models/v2/v2_10b_h2_balanced_logreg_fold2_v1.joblib
2,jpeg_q50,pilot_000410,0,0.013764467090368271,real::Tiny-GenImage,Tiny,models/v2/clip_lora_fold2_best_v1.pt,models/v2/v2_10b_h2_balanced_logreg_fold2_v1.joblib
2,jpeg_q50,pilot_000417,1,0.27464577555656433,tiny::VQDM,,models/v2/clip_lora_fold2_best_v1.pt,models/v2/v2_10b_h2_balanced_logreg_fold2_v1.joblib
2,jpeg_q50,pilot_000423,1,0.06057741865515709,tiny::BigGAN,,models/v2/clip_lora_fold2_best_v1.pt,models/v2/v2_10b_h2_balanced_logreg_fold2_v1.joblib
2,jpeg_q50,pilot_000431,1,0.11343010514974594,tiny::VQDM,,models/v2/clip_lora_fold2_best_v1.pt,models/v2/v2_10b_h2_balanced_logreg_fold2_v1.joblib
2,jpeg_q50,pilot_000436,0,0.030195338651537895,real::Tiny-GenImage,Tiny,models/v2/clip_lora_fold2_best_v1.pt,models/v2/v2_10b_h2_balanced_logreg_fold2_v1.joblib
2,jpeg_q50,pilot_000437,1,0.03710532188415527,tiny::BigGAN,,models/v2/clip_lora_fold2_best_v1.pt,models/v2/v2_10b_h2_balanced_logreg_fold2_v1.joblib
2,jpeg_q50,pilot_000445,1,0.21448083221912384,tiny::VQDM,,models/v2/clip_lora_fold2_best_v1.pt,models/v2/v2_10b_h2_balanced_logreg_fold2_v1.joblib
2,jpeg_q50,pilot_000451,1,0.03863058611750603,tiny::BigGAN,,models/v2/clip_lora_fold2_best_v1.pt,models/v2/v2_10b_h2_balanced_logreg_fold2_v1.joblib
2,jpeg_q50,pilot_000459,1,0.238505020737648,tiny::VQDM,,models/v2/clip_lora_fold2_best_v1.pt,models/v2/v2_10b_h2_balanced_logreg_fold2_v1.joblib
2,jpeg_q50,pilot_000465,1,0.09986571222543716,tiny::BigGAN,,models/v2/clip_lora_fold2_best_v1.pt,models/v2/v2_10b_h2_balanced_logreg_fold2_v1.joblib
2,jpeg_q50,pilot_000473,1,0.35909196734428406,tiny::VQDM,,models/v2/clip_lora_fold2_best_v1.pt,models/v2/v2_10b_h2_balanced_logreg_fold2_v1.joblib
2,jpeg_q50,pilot_000476,0,0.062223102897405624,real::Tiny-GenImage,Tiny,models/v2/clip_lora_fold2_best_v1.pt,models/v2/v2_10b_h2_balanced_logreg_fold2_v1.joblib
2,jpeg_q50,pilot_000478,0,0.05180666595697403,real::Tiny-GenImage,Tiny,models/v2/clip_lora_fold2_best_v1.pt,models/v2/v2_10b_h2_balanced_logreg_fold2_v1.joblib
2,jpeg_q50,pilot_000479,1,0.05802839621901512,tiny::BigGAN,,models/v2/clip_lora_fold2_best_v1.pt,models/v2/v2_10b_h2_balanced_logreg_fold2_v1.joblib
2,jpeg_q50,pilot_000482,0,0.1781500279903412,real::Tiny-GenImage,Tiny,models/v2/clip_lora_fold2_best_v1.pt,models/v2/v2_10b_h2_balanced_logreg_fold2_v1.joblib
2,jpeg_q50,pilot_000486,0,0.025000322610139847,real::Tiny-GenImage,Tiny,models/v2/clip_lora_fold2_best_v1.pt,models/v2/v2_10b_h2_balanced_logreg_fold2_v1.joblib
2,jpeg_q50,pilot_000487,1,0.2253708392381668,tiny::VQDM,,models/v2/clip_lora_fold2_best_v1.pt,models/v2/v2_10b_h2_balanced_logreg_fold2_v1.joblib
2,jpeg_q50,pilot_000493,1,0.08093763142824173,tiny::BigGAN,,models/v2/clip_lora_fold2_best_v1.pt,models/v2/v2_10b_h2_balanced_logreg_fold2_v1.joblib
2,jpeg_q50,pilot_000501,1,0.0772004947066307,tiny::VQDM,,models/v2/clip_lora_fold2_best_v1.pt,models/v2/v2_10b_h2_balanced_logreg_fold2_v1.joblib
2,jpeg_q50,pilot_000507,1,0.04721710830926895,tiny::BigGAN,,models/v2/clip_lora_fold2_best_v1.pt,models/v2/v2_10b_h2_balanced_logreg_fold2_v1.joblib
2,jpeg_q50,pilot_000515,1,0.10120248794555664,tiny::VQDM,,models/v2/clip_lora_fold2_best_v1.pt,models/v2/v2_10b_h2_balanced_logreg_fold2_v1.joblib
2,jpeg_q50,pilot_000521,1,0.03080732561647892,tiny::BigGAN,,models/v2/clip_lora_fold2_best_v1.pt,models/v2/v2_10b_h2_balanced_logreg_fold2_v1.joblib
2,jpeg_q50,pilot_000529,1,0.13297875225543976,tiny::VQDM,,models/v2/clip_lora_fold2_best_v1.pt,models/v2/v2_10b_h2_balanced_logreg_fold2_v1.joblib
2,jpeg_q50,pilot_000535,1,0.05836978927254677,tiny::BigGAN,,models/v2/clip_lora_fold2_best_v1.pt,models/v2/v2_10b_h2_balanced_logreg_fold2_v1.joblib
2,jpeg_q50,pilot_000543,1,0.05459839105606079,tiny::VQDM,,models/v2/clip_lora_fold2_best_v1.pt,models/v2/v2_10b_h2_balanced_logreg_fold2_v1.joblib
2,jpeg_q50,pilot_000548,0,0.06464959681034088,real::Tiny-GenImage,Tiny,models/v2/clip_lora_fold2_best_v1.pt,models/v2/v2_10b_h2_balanced_logreg_fold2_v1.joblib
2,jpeg_q50,pilot_000549,1,0.08927328884601593,tiny::BigGAN,,models/v2/clip_lora_fold2_best_v1.pt,models/v2/v2_10b_h2_balanced_logreg_fold2_v1.joblib
2,jpeg_q50,pilot_000557,1,0.4268849194049835,tiny::VQDM,,models/v2/clip_lora_fold2_best_v1.pt,models/v2/v2_10b_h2_balanced_logreg_fold2_v1.joblib
2,jpeg_q50,pilot_000563,1,0.058459799736738205,tiny::BigGAN,,models/v2/clip_lora_fold2_best_v1.pt,models/v2/v2_10b_h2_balanced_logreg_fold2_v1.joblib
2,jpeg_q50,pilot_000564,0,0.12283093482255936,real::Tiny-GenImage,Tiny,models/v2/clip_lora_fold2_best_v1.pt,models/v2/v2_10b_h2_balanced_logreg_fold2_v1.joblib
2,jpeg_q50,pilot_000571,1,0.23238876461982727,tiny::VQDM,,models/v2/clip_lora_fold2_best_v1.pt,models/v2/v2_10b_h2_balanced_logreg_fold2_v1.joblib
2,jpeg_q50,pilot_000577,1,0.06313041597604752,tiny::BigGAN,,models/v2/clip_lora_fold2_best_v1.pt,models/v2/v2_10b_h2_balanced_logreg_fold2_v1.joblib
2,jpeg_q50,pilot_000585,1,0.18557040393352509,tiny::VQDM,,models/v2/clip_lora_fold2_best_v1.pt,models/v2/v2_10b_h2_balanced_logreg_fold2_v1.joblib
2,jpeg_q50,pilot_000591,1,0.10091773420572281,tiny::BigGAN,,models/v2/clip_lora_fold2_best_v1.pt,models/v2/v2_10b_h2_balanced_logreg_fold2_v1.joblib
2,jpeg_q50,pilot_000594,0,0.13267195224761963,real::Tiny-GenImage,Tiny,models/v2/clip_lora_fold2_best_v1.pt,models/v2/v2_10b_h2_balanced_logreg_fold2_v1.joblib
2,jpeg_q50,pilot_000599,1,0.45473286509513855,tiny::VQDM,,models/v2/clip_lora_fold2_best_v1.pt,models/v2/v2_10b_h2_balanced_logreg_fold2_v1.joblib
2,jpeg_q50,pilot_000605,1,0.028895262628793716,tiny::BigGAN,,models/v2/clip_lora_fold2_best_v1.pt,models/v2/v2_10b_h2_balanced_logreg_fold2_v1.joblib
2,jpeg_q50,pilot_000613,1,0.04794340953230858,tiny::VQDM,,models/v2/clip_lora_fold2_best_v1.pt,models/v2/v2_10b_h2_balanced_logreg_fold2_v1.joblib
2,jpeg_q50,pilot_000619,1,0.044710226356983185,tiny::BigGAN,,models/v2/clip_lora_fold2_best_v1.pt,models/v2/v2_10b_h2_balanced_logreg_fold2_v1.joblib
2,jpeg_q50,pilot_000627,1,0.12284286320209503,tiny::VQDM,,models/v2/clip_lora_fold2_best_v1.pt,models/v2/v2_10b_h2_balanced_logreg_fold2_v1.joblib
2,jpeg_q50,pilot_000632,0,0.6963393688201904,real::Tiny-GenImage,Tiny,models/v2/clip_lora_fold2_best_v1.pt,models/v2/v2_10b_h2_balanced_logreg_fold2_v1.joblib
2,jpeg_q50,pilot_000633,1,0.19810225069522858,tiny::BigGAN,,models/v2/clip_lora_fold2_best_v1.pt,models/v2/v2_10b_h2_balanced_logreg_fold2_v1.joblib
2,jpeg_q50,pilot_000641,1,0.24113820493221283,tiny::VQDM,,models/v2/clip_lora_fold2_best_v1.pt,models/v2/v2_10b_h2_balanced_logreg_fold2_v1.joblib
2,jpeg_q50,pilot_000647,1,0.018598278984427452,tiny::BigGAN,,models/v2/clip_lora_fold2_best_v1.pt,models/v2/v2_10b_h2_balanced_logreg_fold2_v1.joblib
2,jpeg_q50,pilot_000655,1,0.29343849420547485,tiny::VQDM,,models/v2/clip_lora_fold2_best_v1.pt,models/v2/v2_10b_h2_balanced_logreg_fold2_v1.joblib
2,jpeg_q50,pilot_000661,1,0.045102331787347794,tiny::BigGAN,,models/v2/clip_lora_fold2_best_v1.pt,models/v2/v2_10b_h2_balanced_logreg_fold2_v1.joblib
2,jpeg_q50,pilot_000662,0,0.012072913348674774,real::Tiny-GenImage,Tiny,models/v2/clip_lora_fold2_best_v1.pt,models/v2/v2_10b_h2_balanced_logreg_fold2_v1.joblib
2,jpeg_q50,pilot_000669,1,0.08109468966722488,tiny::VQDM,,models/v2/clip_lora_fold2_best_v1.pt,models/v2/v2_10b_h2_balanced_logreg_fold2_v1.joblib
2,jpeg_q50,pilot_000675,1,0.006745091639459133,tiny::BigGAN,,models/v2/clip_lora_fold2_best_v1.pt,models/v2/v2_10b_h2_balanced_logreg_fold2_v1.joblib
2,jpeg_q50,pilot_000683,1,0.13044728338718414,tiny::VQDM,,models/v2/clip_lora_fold2_best_v1.pt,models/v2/v2_10b_h2_balanced_logreg_fold2_v1.joblib
2,jpeg_q50,pilot_000689,1,0.035573963075876236,tiny::BigGAN,,models/v2/clip_lora_fold2_best_v1.pt,models/v2/v2_10b_h2_balanced_logreg_fold2_v1.joblib
2,jpeg_q50,pilot_000694,0,0.06603977829217911,real::Tiny-GenImage,Tiny,models/v2/clip_lora_fold2_best_v1.pt,models/v2/v2_10b_h2_balanced_logreg_fold2_v1.joblib
2,jpeg_q50,pilot_000697,1,0.09336354583501816,tiny::VQDM,,models/v2/clip_lora_fold2_best_v1.pt,models/v2/v2_10b_h2_balanced_logreg_fold2_v1.joblib
2,jpeg_q50,pilot_000703,1,0.03361586108803749,tiny::BigGAN,,models/v2/clip_lora_fold2_best_v1.pt,models/v2/v2_10b_h2_balanced_logreg_fold2_v1.joblib
2,jpeg_q50,pilot_000711,1,0.22735539078712463,tiny::VQDM,,models/v2/clip_lora_fold2_best_v1.pt,models/v2/v2_10b_h2_balanced_logreg_fold2_v1.joblib
2,jpeg_q50,pilot_000716,0,0.1566835343837738,real::Tiny-GenImage,Tiny,models/v2/clip_lora_fold2_best_v1.pt,models/v2/v2_10b_h2_balanced_logreg_fold2_v1.joblib
2,jpeg_q50,pilot_000717,1,0.11520491540431976,tiny::BigGAN,,models/v2/clip_lora_fold2_best_v1.pt,models/v2/v2_10b_h2_balanced_logreg_fold2_v1.joblib
2,jpeg_q50,pilot_000725,1,0.1447749137878418,tiny::VQDM,,models/v2/clip_lora_fold2_best_v1.pt,models/v2/v2_10b_h2_balanced_logreg_fold2_v1.joblib
2,jpeg_q50,pilot_000730,0,0.03814831003546715,real::Tiny-GenImage,Tiny,models/v2/clip_lora_fold2_best_v1.pt,models/v2/v2_10b_h2_balanced_logreg_fold2_v1.joblib
2,jpeg_q50,pilot_000731,1,0.026578769087791443,tiny::BigGAN,,models/v2/clip_lora_fold2_best_v1.pt,models/v2/v2_10b_h2_balanced_logreg_fold2_v1.joblib
2,jpeg_q50,pilot_000739,1,0.1707906574010849,tiny::VQDM,,models/v2/clip_lora_fold2_best_v1.pt,models/v2/v2_10b_h2_balanced_logreg_fold2_v1.joblib
2,jpeg_q50,pilot_000745,1,0.07046418637037277,tiny::BigGAN,,models/v2/clip_lora_fold2_best_v1.pt,models/v2/v2_10b_h2_balanced_logreg_fold2_v1.joblib
2,jpeg_q50,pilot_000748,0,0.021058853715658188,real::Tiny-GenImage,Tiny,models/v2/clip_lora_fold2_best_v1.pt,models/v2/v2_10b_h2_balanced_logreg_fold2_v1.joblib
2,jpeg_q50,pilot_000753,1,0.13779044151306152,tiny::VQDM,,models/v2/clip_lora_fold2_best_v1.pt,models/v2/v2_10b_h2_balanced_logreg_fold2_v1.joblib
2,jpeg_q50,pilot_000759,1,0.06801290810108185,tiny::BigGAN,,models/v2/clip_lora_fold2_best_v1.pt,models/v2/v2_10b_h2_balanced_logreg_fold2_v1.joblib
2,jpeg_q50,pilot_000767,1,0.10045205056667328,tiny::VQDM,,models/v2/clip_lora_fold2_best_v1.pt,models/v2/v2_10b_h2_balanced_logreg_fold2_v1.joblib
2,jpeg_q50,pilot_000773,1,0.06621310114860535,tiny::BigGAN,,models/v2/clip_lora_fold2_best_v1.pt,models/v2/v2_10b_h2_balanced_logreg_fold2_v1.joblib
2,jpeg_q50,pilot_000774,0,0.03117760270833969,real::Tiny-GenImage,Tiny,models/v2/clip_lora_fold2_best_v1.pt,models/v2/v2_10b_h2_balanced_logreg_fold2_v1.joblib
2,jpeg_q50,pilot_000778,0,0.009007041342556477,real::Tiny-GenImage,Tiny,models/v2/clip_lora_fold2_best_v1.pt,models/v2/v2_10b_h2_balanced_logreg_fold2_v1.joblib
2,jpeg_q50,pilot_000781,1,0.28949007391929626,tiny::VQDM,,models/v2/clip_lora_fold2_best_v1.pt,models/v2/v2_10b_h2_balanced_logreg_fold2_v1.joblib
2,jpeg_q50,pilot_000787,1,0.025646697729825974,tiny::BigGAN,,models/v2/clip_lora_fold2_best_v1.pt,models/v2/v2_10b_h2_balanced_logreg_fold2_v1.joblib
2,jpeg_q50,pilot_000795,1,0.22046595811843872,tiny::VQDM,,models/v2/clip_lora_fold2_best_v1.pt,models/v2/v2_10b_h2_balanced_logreg_fold2_v1.joblib
2,jpeg_q50,pilot_000796,0,0.045993417501449585,real::Tiny-GenImage,Tiny,models/v2/clip_lora_fold2_best_v1.pt,models/v2/v2_10b_h2_balanced_logreg_fold2_v1.joblib
2,jpeg_q50,pilot_000801,1,0.0377432256937027,tiny::BigGAN,,models/v2/clip_lora_fold2_best_v1.pt,models/v2/v2_10b_h2_balanced_logreg_fold2_v1.joblib
2,jpeg_q50,pilot_000809,1,0.07129034399986267,tiny::VQDM,,models/v2/clip_lora_fold2_best_v1.pt,models/v2/v2_10b_h2_balanced_logreg_fold2_v1.joblib
2,jpeg_q50,pilot_000815,1,0.02365174889564514,tiny::BigGAN,,models/v2/clip_lora_fold2_best_v1.pt,models/v2/v2_10b_h2_balanced_logreg_fold2_v1.joblib
2,jpeg_q50,pilot_000816,0,0.04474084824323654,real::Tiny-GenImage,Tiny,models/v2/clip_lora_fold2_best_v1.pt,models/v2/v2_10b_h2_balanced_logreg_fold2_v1.joblib
2,jpeg_q50,pilot_000820,0,0.1171494871377945,real::Tiny-GenImage,Tiny,models/v2/clip_lora_fold2_best_v1.pt,models/v2/v2_10b_h2_balanced_logreg_fold2_v1.joblib
2,jpeg_q50,pilot_000823,1,0.09527231007814407,tiny::VQDM,,models/v2/clip_lora_fold2_best_v1.pt,models/v2/v2_10b_h2_balanced_logreg_fold2_v1.joblib
2,jpeg_q50,pilot_000826,0,0.04454407840967178,real::Tiny-GenImage,Tiny,models/v2/clip_lora_fold2_best_v1.pt,models/v2/v2_10b_h2_balanced_logreg_fold2_v1.joblib
2,jpeg_q50,pilot_000829,1,0.02544383332133293,tiny::BigGAN,,models/v2/clip_lora_fold2_best_v1.pt,models/v2/v2_10b_h2_balanced_logreg_fold2_v1.joblib
2,jpeg_q50,pilot_000830,0,0.03709857538342476,real::Tiny-GenImage,Tiny,models/v2/clip_lora_fold2_best_v1.pt,models/v2/v2_10b_h2_balanced_logreg_fold2_v1.joblib
2,jpeg_q50,pilot_000834,0,0.0528700090944767,real::Tiny-GenImage,Tiny,models/v2/clip_lora_fold2_best_v1.pt,models/v2/v2_10b_h2_balanced_logreg_fold2_v1.joblib
2,jpeg_q50,pilot_000837,1,0.1364866942167282,tiny::VQDM,,models/v2/clip_lora_fold2_best_v1.pt,models/v2/v2_10b_h2_balanced_logreg_fold2_v1.joblib
2,jpeg_q50,pilot_000840,0,0.04057760909199715,real::Tiny-GenImage,Tiny,models/v2/clip_lora_fold2_best_v1.pt,models/v2/v2_10b_h2_balanced_logreg_fold2_v1.joblib
2,jpeg_q50,pilot_000843,1,0.011967693455517292,tiny::BigGAN,,models/v2/clip_lora_fold2_best_v1.pt,models/v2/v2_10b_h2_balanced_logreg_fold2_v1.joblib
2,jpeg_q50,pilot_000851,1,0.17091487348079681,tiny::VQDM,,models/v2/clip_lora_fold2_best_v1.pt,models/v2/v2_10b_h2_balanced_logreg_fold2_v1.joblib
2,jpeg_q50,pilot_000857,1,0.07241936028003693,tiny::BigGAN,,models/v2/clip_lora_fold2_best_v1.pt,models/v2/v2_10b_h2_balanced_logreg_fold2_v1.joblib
2,jpeg_q50,pilot_000865,1,0.04175484552979469,tiny::VQDM,,models/v2/clip_lora_fold2_best_v1.pt,models/v2/v2_10b_h2_balanced_logreg_fold2_v1.joblib
2,jpeg_q50,pilot_000871,1,0.0099037429317832,tiny::BigGAN,,models/v2/clip_lora_fold2_best_v1.pt,models/v2/v2_10b_h2_balanced_logreg_fold2_v1.joblib
2,jpeg_q50,pilot_000878,0,0.2616574764251709,real::Tiny-GenImage,Tiny,models/v2/clip_lora_fold2_best_v1.pt,models/v2/v2_10b_h2_balanced_logreg_fold2_v1.joblib
2,jpeg_q50,pilot_000879,1,0.06422845274209976,tiny::VQDM,,models/v2/clip_lora_fold2_best_v1.pt,models/v2/v2_10b_h2_balanced_logreg_fold2_v1.joblib
2,jpeg_q50,pilot_000885,1,0.008717715740203857,tiny::BigGAN,,models/v2/clip_lora_fold2_best_v1.pt,models/v2/v2_10b_h2_balanced_logreg_fold2_v1.joblib
2,jpeg_q50,pilot_000893,1,0.2945914566516876,tiny::VQDM,,models/v2/clip_lora_fold2_best_v1.pt,models/v2/v2_10b_h2_balanced_logreg_fold2_v1.joblib
2,jpeg_q50,pilot_000894,0,0.13443677127361298,real::Tiny-GenImage,Tiny,models/v2/clip_lora_fold2_best_v1.pt,models/v2/v2_10b_h2_balanced_logreg_fold2_v1.joblib
2,jpeg_q50,pilot_000899,1,0.0447954386472702,tiny::BigGAN,,models/v2/clip_lora_fold2_best_v1.pt,models/v2/v2_10b_h2_balanced_logreg_fold2_v1.joblib
2,jpeg_q50,pilot_000902,0,0.0315597765147686,real::Tiny-GenImage,Tiny,models/v2/clip_lora_fold2_best_v1.pt,models/v2/v2_10b_h2_balanced_logreg_fold2_v1.joblib
2,jpeg_q50,pilot_000907,1,0.42581212520599365,tiny::VQDM,,models/v2/clip_lora_fold2_best_v1.pt,models/v2/v2_10b_h2_balanced_logreg_fold2_v1.joblib
2,jpeg_q50,pilot_000908,0,0.021083246916532516,real::Tiny-GenImage,Tiny,models/v2/clip_lora_fold2_best_v1.pt,models/v2/v2_10b_h2_balanced_logreg_fold2_v1.joblib
2,jpeg_q50,pilot_000913,1,0.03873385488986969,tiny::BigGAN,,models/v2/clip_lora_fold2_best_v1.pt,models/v2/v2_10b_h2_balanced_logreg_fold2_v1.joblib
2,jpeg_q50,pilot_000921,1,0.2489251345396042,tiny::VQDM,,models/v2/clip_lora_fold2_best_v1.pt,models/v2/v2_10b_h2_balanced_logreg_fold2_v1.joblib
2,jpeg_q50,pilot_000926,0,0.011190898716449738,real::Tiny-GenImage,Tiny,models/v2/clip_lora_fold2_best_v1.pt,models/v2/v2_10b_h2_balanced_logreg_fold2_v1.joblib
2,jpeg_q50,pilot_000927,1,0.0683971717953682,tiny::BigGAN,,models/v2/clip_lora_fold2_best_v1.pt,models/v2/v2_10b_h2_balanced_logreg_fold2_v1.joblib
2,jpeg_q50,pilot_000935,1,0.19908396899700165,tiny::VQDM,,models/v2/clip_lora_fold2_best_v1.pt,models/v2/v2_10b_h2_balanced_logreg_fold2_v1.joblib
2,jpeg_q50,pilot_000941,1,0.04176555946469307,tiny::BigGAN,,models/v2/clip_lora_fold2_best_v1.pt,models/v2/v2_10b_h2_balanced_logreg_fold2_v1.joblib
2,jpeg_q50,pilot_000949,1,0.088299460709095,tiny::VQDM,,models/v2/clip_lora_fold2_best_v1.pt,models/v2/v2_10b_h2_balanced_logreg_fold2_v1.joblib
2,jpeg_q50,pilot_000952,0,0.06561904400587082,real::Tiny-GenImage,Tiny,models/v2/clip_lora_fold2_best_v1.pt,models/v2/v2_10b_h2_balanced_logreg_fold2_v1.joblib
2,jpeg_q50,pilot_000955,1,0.030212227255105972,tiny::BigGAN,,models/v2/clip_lora_fold2_best_v1.pt,models/v2/v2_10b_h2_balanced_logreg_fold2_v1.joblib
2,jpeg_q50,pilot_000960,0,0.013530525378882885,real::Tiny-GenImage,Tiny,models/v2/clip_lora_fold2_best_v1.pt,models/v2/v2_10b_h2_balanced_logreg_fold2_v1.joblib
2,jpeg_q50,pilot_000963,1,0.09309367090463638,tiny::VQDM,,models/v2/clip_lora_fold2_best_v1.pt,models/v2/v2_10b_h2_balanced_logreg_fold2_v1.joblib
2,jpeg_q50,pilot_000969,1,0.02513001300394535,tiny::BigGAN,,models/v2/clip_lora_fold2_best_v1.pt,models/v2/v2_10b_h2_balanced_logreg_fold2_v1.joblib
2,jpeg_q50,pilot_000977,1,0.11923850327730179,tiny::VQDM,,models/v2/clip_lora_fold2_best_v1.pt,models/v2/v2_10b_h2_balanced_logreg_fold2_v1.joblib
2,jpeg_q50,pilot_000983,1,0.041350096464157104,tiny::BigGAN,,models/v2/clip_lora_fold2_best_v1.pt,models/v2/v2_10b_h2_balanced_logreg_fold2_v1.joblib
2,jpeg_q50,pilot_000990,0,0.05300043523311615,real::Tiny-GenImage,Tiny,models/v2/clip_lora_fold2_best_v1.pt,models/v2/v2_10b_h2_balanced_logreg_fold2_v1.joblib
2,jpeg_q50,pilot_000991,1,0.06885954737663269,tiny::VQDM,,models/v2/clip_lora_fold2_best_v1.pt,models/v2/v2_10b_h2_balanced_logreg_fold2_v1.joblib
2,jpeg_q50,pilot_000996,0,0.09624633193016052,real::Tiny-GenImage,Tiny,models/v2/clip_lora_fold2_best_v1.pt,models/v2/v2_10b_h2_balanced_logreg_fold2_v1.joblib
2,jpeg_q50,pilot_000997,1,0.02874854952096939,tiny::BigGAN,,models/v2/clip_lora_fold2_best_v1.pt,models/v2/v2_10b_h2_balanced_logreg_fold2_v1.joblib
2,jpeg_q50,pilot_001005,1,0.1434922218322754,tiny::VQDM,,models/v2/clip_lora_fold2_best_v1.pt,models/v2/v2_10b_h2_balanced_logreg_fold2_v1.joblib
2,jpeg_q50,pilot_001011,1,0.11295456439256668,tiny::BigGAN,,models/v2/clip_lora_fold2_best_v1.pt,models/v2/v2_10b_h2_balanced_logreg_fold2_v1.joblib
2,jpeg_q50,pilot_001016,0,0.020899910479784012,real::Tiny-GenImage,Tiny,models/v2/clip_lora_fold2_best_v1.pt,models/v2/v2_10b_h2_balanced_logreg_fold2_v1.joblib
2,jpeg_q50,pilot_001019,1,0.08210022747516632,tiny::VQDM,,models/v2/clip_lora_fold2_best_v1.pt,models/v2/v2_10b_h2_balanced_logreg_fold2_v1.joblib
2,jpeg_q50,pilot_001022,0,0.015388437546789646,real::Tiny-GenImage,Tiny,models/v2/clip_lora_fold2_best_v1.pt,models/v2/v2_10b_h2_balanced_logreg_fold2_v1.joblib
2,jpeg_q50,pilot_001024,0,0.0435238741338253,real::Tiny-GenImage,Tiny,models/v2/clip_lora_fold2_best_v1.pt,models/v2/v2_10b_h2_balanced_logreg_fold2_v1.joblib
2,jpeg_q50,pilot_001025,1,0.1168665736913681,tiny::BigGAN,,models/v2/clip_lora_fold2_best_v1.pt,models/v2/v2_10b_h2_balanced_logreg_fold2_v1.joblib
2,jpeg_q50,pilot_001033,1,0.10381393879652023,tiny::VQDM,,models/v2/clip_lora_fold2_best_v1.pt,models/v2/v2_10b_h2_balanced_logreg_fold2_v1.joblib
2,jpeg_q50,pilot_001038,0,0.11957666277885437,real::Tiny-GenImage,Tiny,models/v2/clip_lora_fold2_best_v1.pt,models/v2/v2_10b_h2_balanced_logreg_fold2_v1.joblib
2,jpeg_q50,pilot_001039,1,0.04816976562142372,tiny::BigGAN,,models/v2/clip_lora_fold2_best_v1.pt,models/v2/v2_10b_h2_balanced_logreg_fold2_v1.joblib
2,jpeg_q50,pilot_001042,0,0.006388614885509014,real::Tiny-GenImage,Tiny,models/v2/clip_lora_fold2_best_v1.pt,models/v2/v2_10b_h2_balanced_logreg_fold2_v1.joblib
2,jpeg_q50,pilot_001047,1,0.283429354429245,tiny::VQDM,,models/v2/clip_lora_fold2_best_v1.pt,models/v2/v2_10b_h2_balanced_logreg_fold2_v1.joblib
2,jpeg_q50,pilot_001053,1,0.15233686566352844,tiny::BigGAN,,models/v2/clip_lora_fold2_best_v1.pt,models/v2/v2_10b_h2_balanced_logreg_fold2_v1.joblib
2,jpeg_q50,pilot_001054,0,0.25839078426361084,real::Tiny-GenImage,Tiny,models/v2/clip_lora_fold2_best_v1.pt,models/v2/v2_10b_h2_balanced_logreg_fold2_v1.joblib
2,jpeg_q50,pilot_001061,1,0.4282718896865845,tiny::VQDM,,models/v2/clip_lora_fold2_best_v1.pt,models/v2/v2_10b_h2_balanced_logreg_fold2_v1.joblib
2,jpeg_q50,pilot_001067,1,0.3303675949573517,tiny::BigGAN,,models/v2/clip_lora_fold2_best_v1.pt,models/v2/v2_10b_h2_balanced_logreg_fold2_v1.joblib
2,jpeg_q50,pilot_001068,0,0.04642295464873314,real::Tiny-GenImage,Tiny,models/v2/clip_lora_fold2_best_v1.pt,models/v2/v2_10b_h2_balanced_logreg_fold2_v1.joblib
2,jpeg_q50,pilot_001070,0,0.024783486500382423,real::Tiny-GenImage,Tiny,models/v2/clip_lora_fold2_best_v1.pt,models/v2/v2_10b_h2_balanced_logreg_fold2_v1.joblib
2,jpeg_q50,pilot_001075,1,0.25490057468414307,tiny::VQDM,,models/v2/clip_lora_fold2_best_v1.pt,models/v2/v2_10b_h2_balanced_logreg_fold2_v1.joblib
2,jpeg_q50,pilot_001076,0,0.019081328064203262,real::Tiny-GenImage,Tiny,models/v2/clip_lora_fold2_best_v1.pt,models/v2/v2_10b_h2_balanced_logreg_fold2_v1.joblib
2,jpeg_q50,pilot_001081,1,0.021542442962527275,tiny::BigGAN,,models/v2/clip_lora_fold2_best_v1.pt,models/v2/v2_10b_h2_balanced_logreg_fold2_v1.joblib
2,jpeg_q50,pilot_001086,0,0.02901497483253479,real::Tiny-GenImage,Tiny,models/v2/clip_lora_fold2_best_v1.pt,models/v2/v2_10b_h2_balanced_logreg_fold2_v1.joblib
2,jpeg_q50,pilot_001089,1,0.25684040784835815,tiny::VQDM,,models/v2/clip_lora_fold2_best_v1.pt,models/v2/v2_10b_h2_balanced_logreg_fold2_v1.joblib
2,jpeg_q50,pilot_001095,1,0.028996145352721214,tiny::BigGAN,,models/v2/clip_lora_fold2_best_v1.pt,models/v2/v2_10b_h2_balanced_logreg_fold2_v1.joblib
2,jpeg_q50,pilot_001102,0,0.07124308496713638,real::Tiny-GenImage,Tiny,models/v2/clip_lora_fold2_best_v1.pt,models/v2/v2_10b_h2_balanced_logreg_fold2_v1.joblib
2,jpeg_q50,pilot_001103,1,0.2013099640607834,tiny::VQDM,,models/v2/clip_lora_fold2_best_v1.pt,models/v2/v2_10b_h2_balanced_logreg_fold2_v1.joblib
2,jpeg_q50,pilot_001109,1,0.02431989274919033,tiny::BigGAN,,models/v2/clip_lora_fold2_best_v1.pt,models/v2/v2_10b_h2_balanced_logreg_fold2_v1.joblib
2,jpeg_q50,pilot_001117,1,0.06178960204124451,tiny::VQDM,,models/v2/clip_lora_fold2_best_v1.pt,models/v2/v2_10b_h2_balanced_logreg_fold2_v1.joblib
2,jpeg_q50,pilot_001123,1,0.032685793936252594,tiny::BigGAN,,models/v2/clip_lora_fold2_best_v1.pt,models/v2/v2_10b_h2_balanced_logreg_fold2_v1.joblib
2,jpeg_q50,pilot_001128,0,0.03542131930589676,real::Tiny-GenImage,Tiny,models/v2/clip_lora_fold2_best_v1.pt,models/v2/v2_10b_h2_balanced_logreg_fold2_v1.joblib
2,jpeg_q50,pilot_001130,0,0.05235281586647034,real::Tiny-GenImage,Tiny,models/v2/clip_lora_fold2_best_v1.pt,models/v2/v2_10b_h2_balanced_logreg_fold2_v1.joblib
2,jpeg_q50,pilot_001131,1,0.05825104936957359,tiny::VQDM,,models/v2/clip_lora_fold2_best_v1.pt,models/v2/v2_10b_h2_balanced_logreg_fold2_v1.joblib
2,jpeg_q50,pilot_001132,0,0.037935320287942886,real::Tiny-GenImage,Tiny,models/v2/clip_lora_fold2_best_v1.pt,models/v2/v2_10b_h2_balanced_logreg_fold2_v1.joblib
2,jpeg_q50,pilot_001137,1,0.02623378112912178,tiny::BigGAN,,models/v2/clip_lora_fold2_best_v1.pt,models/v2/v2_10b_h2_balanced_logreg_fold2_v1.joblib
2,jpeg_q50,pilot_001145,1,0.15996940433979034,tiny::VQDM,,models/v2/clip_lora_fold2_best_v1.pt,models/v2/v2_10b_h2_balanced_logreg_fold2_v1.joblib
2,jpeg_q50,pilot_001151,1,0.07318118214607239,tiny::BigGAN,,models/v2/clip_lora_fold2_best_v1.pt,models/v2/v2_10b_h2_balanced_logreg_fold2_v1.joblib
2,jpeg_q50,pilot_001159,1,0.1625024527311325,tiny::VQDM,,models/v2/clip_lora_fold2_best_v1.pt,models/v2/v2_10b_h2_balanced_logreg_fold2_v1.joblib
2,jpeg_q50,pilot_001164,0,0.08622168749570847,real::Tiny-GenImage,Tiny,models/v2/clip_lora_fold2_best_v1.pt,models/v2/v2_10b_h2_balanced_logreg_fold2_v1.joblib
2,jpeg_q50,pilot_001165,1,0.02196097932755947,tiny::BigGAN,,models/v2/clip_lora_fold2_best_v1.pt,models/v2/v2_10b_h2_balanced_logreg_fold2_v1.joblib
2,jpeg_q50,pilot_001170,0,0.11842522025108337,real::Tiny-GenImage,Tiny,models/v2/clip_lora_fold2_best_v1.pt,models/v2/v2_10b_h2_balanced_logreg_fold2_v1.joblib
2,jpeg_q50,pilot_001172,0,0.05810476467013359,real::Tiny-GenImage,Tiny,models/v2/clip_lora_fold2_best_v1.pt,models/v2/v2_10b_h2_balanced_logreg_fold2_v1.joblib
2,jpeg_q50,pilot_001173,1,0.13396959006786346,tiny::VQDM,,models/v2/clip_lora_fold2_best_v1.pt,models/v2/v2_10b_h2_balanced_logreg_fold2_v1.joblib
2,jpeg_q50,pilot_001176,0,0.04138375446200371,real::Tiny-GenImage,Tiny,models/v2/clip_lora_fold2_best_v1.pt,models/v2/v2_10b_h2_balanced_logreg_fold2_v1.joblib
2,jpeg_q50,pilot_001179,1,0.02260887622833252,tiny::BigGAN,,models/v2/clip_lora_fold2_best_v1.pt,models/v2/v2_10b_h2_balanced_logreg_fold2_v1.joblib
2,jpeg_q50,pilot_001187,1,0.1180521622300148,tiny::VQDM,,models/v2/clip_lora_fold2_best_v1.pt,models/v2/v2_10b_h2_balanced_logreg_fold2_v1.joblib
2,jpeg_q50,pilot_001193,1,0.028831172734498978,tiny::BigGAN,,models/v2/clip_lora_fold2_best_v1.pt,models/v2/v2_10b_h2_balanced_logreg_fold2_v1.joblib
2,jpeg_q50,pilot_001201,1,0.07666634768247604,tiny::VQDM,,models/v2/clip_lora_fold2_best_v1.pt,models/v2/v2_10b_h2_balanced_logreg_fold2_v1.joblib
2,jpeg_q50,pilot_001204,0,0.01597495935857296,real::Tiny-GenImage,Tiny,models/v2/clip_lora_fold2_best_v1.pt,models/v2/v2_10b_h2_balanced_logreg_fold2_v1.joblib
2,jpeg_q50,pilot_001207,1,0.03980511799454689,tiny::BigGAN,,models/v2/clip_lora_fold2_best_v1.pt,models/v2/v2_10b_h2_balanced_logreg_fold2_v1.joblib
2,jpeg_q50,pilot_001215,1,0.1358685940504074,tiny::VQDM,,models/v2/clip_lora_fold2_best_v1.pt,models/v2/v2_10b_h2_balanced_logreg_fold2_v1.joblib
2,jpeg_q50,pilot_001221,1,0.01452245656400919,tiny::BigGAN,,models/v2/clip_lora_fold2_best_v1.pt,models/v2/v2_10b_h2_balanced_logreg_fold2_v1.joblib
2,jpeg_q50,pilot_001229,1,0.2827449142932892,tiny::VQDM,,models/v2/clip_lora_fold2_best_v1.pt,models/v2/v2_10b_h2_balanced_logreg_fold2_v1.joblib
2,jpeg_q50,pilot_001235,1,0.03534524887800217,tiny::BigGAN,,models/v2/clip_lora_fold2_best_v1.pt,models/v2/v2_10b_h2_balanced_logreg_fold2_v1.joblib
2,jpeg_q50,pilot_001243,1,0.22136780619621277,tiny::VQDM,,models/v2/clip_lora_fold2_best_v1.pt,models/v2/v2_10b_h2_balanced_logreg_fold2_v1.joblib
2,jpeg_q50,pilot_001249,1,0.008786460384726524,tiny::BigGAN,,models/v2/clip_lora_fold2_best_v1.pt,models/v2/v2_10b_h2_balanced_logreg_fold2_v1.joblib
2,jpeg_q50,pilot_001256,0,0.01113196648657322,real::Tiny-GenImage,Tiny,models/v2/clip_lora_fold2_best_v1.pt,models/v2/v2_10b_h2_balanced_logreg_fold2_v1.joblib
2,jpeg_q50,pilot_001257,1,0.14477252960205078,tiny::VQDM,,models/v2/clip_lora_fold2_best_v1.pt,models/v2/v2_10b_h2_balanced_logreg_fold2_v1.joblib
2,jpeg_q50,pilot_001263,1,0.024490075185894966,tiny::BigGAN,,models/v2/clip_lora_fold2_best_v1.pt,models/v2/v2_10b_h2_balanced_logreg_fold2_v1.joblib
2,jpeg_q50,pilot_001271,1,0.22827371954917908,tiny::VQDM,,models/v2/clip_lora_fold2_best_v1.pt,models/v2/v2_10b_h2_balanced_logreg_fold2_v1.joblib
2,jpeg_q50,pilot_001277,1,0.04831499606370926,tiny::BigGAN,,models/v2/clip_lora_fold2_best_v1.pt,models/v2/v2_10b_h2_balanced_logreg_fold2_v1.joblib
2,jpeg_q50,pilot_001284,0,0.4150981903076172,real::Tiny-GenImage,Tiny,models/v2/clip_lora_fold2_best_v1.pt,models/v2/v2_10b_h2_balanced_logreg_fold2_v1.joblib
2,jpeg_q50,pilot_001285,1,0.3093515634536743,tiny::VQDM,,models/v2/clip_lora_fold2_best_v1.pt,models/v2/v2_10b_h2_balanced_logreg_fold2_v1.joblib
2,jpeg_q50,pilot_001291,1,0.054520703852176666,tiny::BigGAN,,models/v2/clip_lora_fold2_best_v1.pt,models/v2/v2_10b_h2_balanced_logreg_fold2_v1.joblib
2,jpeg_q50,pilot_001292,0,0.1963566690683365,real::Tiny-GenImage,Tiny,models/v2/clip_lora_fold2_best_v1.pt,models/v2/v2_10b_h2_balanced_logreg_fold2_v1.joblib
2,jpeg_q50,pilot_001299,1,0.1626376211643219,tiny::VQDM,,models/v2/clip_lora_fold2_best_v1.pt,models/v2/v2_10b_h2_balanced_logreg_fold2_v1.joblib
2,jpeg_q50,pilot_001305,1,0.033946871757507324,tiny::BigGAN,,models/v2/clip_lora_fold2_best_v1.pt,models/v2/v2_10b_h2_balanced_logreg_fold2_v1.joblib
2,jpeg_q50,pilot_001313,1,0.14545947313308716,tiny::VQDM,,models/v2/clip_lora_fold2_best_v1.pt,models/v2/v2_10b_h2_balanced_logreg_fold2_v1.joblib
2,jpeg_q50,pilot_001319,1,0.05949339643120766,tiny::BigGAN,,models/v2/clip_lora_fold2_best_v1.pt,models/v2/v2_10b_h2_balanced_logreg_fold2_v1.joblib
2,jpeg_q50,pilot_001327,1,0.121148020029068,tiny::VQDM,,models/v2/clip_lora_fold2_best_v1.pt,models/v2/v2_10b_h2_balanced_logreg_fold2_v1.joblib
2,jpeg_q50,pilot_001333,1,0.1820339858531952,tiny::BigGAN,,models/v2/clip_lora_fold2_best_v1.pt,models/v2/v2_10b_h2_balanced_logreg_fold2_v1.joblib
2,jpeg_q50,pilot_001341,1,0.26929232478141785,tiny::VQDM,,models/v2/clip_lora_fold2_best_v1.pt,models/v2/v2_10b_h2_balanced_logreg_fold2_v1.joblib
2,jpeg_q50,pilot_001347,1,0.04124665632843971,tiny::BigGAN,,models/v2/clip_lora_fold2_best_v1.pt,models/v2/v2_10b_h2_balanced_logreg_fold2_v1.joblib
2,jpeg_q50,pilot_001355,1,0.06534790247678757,tiny::VQDM,,models/v2/clip_lora_fold2_best_v1.pt,models/v2/v2_10b_h2_balanced_logreg_fold2_v1.joblib
2,jpeg_q50,pilot_001361,1,0.019307417795062065,tiny::BigGAN,,models/v2/clip_lora_fold2_best_v1.pt,models/v2/v2_10b_h2_balanced_logreg_fold2_v1.joblib
2,jpeg_q50,pilot_001369,1,0.12325185537338257,tiny::VQDM,,models/v2/clip_lora_fold2_best_v1.pt,models/v2/v2_10b_h2_balanced_logreg_fold2_v1.joblib
2,jpeg_q50,pilot_001375,1,0.012314420193433762,tiny::BigGAN,,models/v2/clip_lora_fold2_best_v1.pt,models/v2/v2_10b_h2_balanced_logreg_fold2_v1.joblib
2,jpeg_q50,pilot_001383,1,0.18861308693885803,tiny::VQDM,,models/v2/clip_lora_fold2_best_v1.pt,models/v2/v2_10b_h2_balanced_logreg_fold2_v1.joblib
2,jpeg_q50,pilot_001386,0,0.10676813125610352,real::Tiny-GenImage,Tiny,models/v2/clip_lora_fold2_best_v1.pt,models/v2/v2_10b_h2_balanced_logreg_fold2_v1.joblib
2,jpeg_q50,pilot_001389,1,0.0317341648042202,tiny::BigGAN,,models/v2/clip_lora_fold2_best_v1.pt,models/v2/v2_10b_h2_balanced_logreg_fold2_v1.joblib
2,jpeg_q50,pilot_001390,0,0.07199054956436157,real::Tiny-GenImage,Tiny,models/v2/clip_lora_fold2_best_v1.pt,models/v2/v2_10b_h2_balanced_logreg_fold2_v1.joblib
2,jpeg_q50,pilot_001392,0,0.012908078730106354,real::Tiny-GenImage,Tiny,models/v2/clip_lora_fold2_best_v1.pt,models/v2/v2_10b_h2_balanced_logreg_fold2_v1.joblib
2,jpeg_q50,pilot_001397,1,0.082481250166893,tiny::VQDM,,models/v2/clip_lora_fold2_best_v1.pt,models/v2/v2_10b_h2_balanced_logreg_fold2_v1.joblib
2,jpeg_q50,pilot_001400,0,0.04824279248714447,real::Tiny-GenImage,Tiny,models/v2/clip_lora_fold2_best_v1.pt,models/v2/v2_10b_h2_balanced_logreg_fold2_v1.joblib
2,jpeg_q50,pilot_001403,1,0.1229768916964531,tiny::BigGAN,,models/v2/clip_lora_fold2_best_v1.pt,models/v2/v2_10b_h2_balanced_logreg_fold2_v1.joblib
2,jpeg_q50,pilot_001410,0,0.06920972466468811,real::Tiny-GenImage,Tiny,models/v2/clip_lora_fold2_best_v1.pt,models/v2/v2_10b_h2_balanced_logreg_fold2_v1.joblib
2,jpeg_q50,pilot_001411,1,0.29693111777305603,tiny::VQDM,,models/v2/clip_lora_fold2_best_v1.pt,models/v2/v2_10b_h2_balanced_logreg_fold2_v1.joblib
2,jpeg_q50,pilot_001417,1,0.0126251932233572,tiny::BigGAN,,models/v2/clip_lora_fold2_best_v1.pt,models/v2/v2_10b_h2_balanced_logreg_fold2_v1.joblib
2,jpeg_q50,pilot_001422,0,0.06688529253005981,real::Tiny-GenImage,Tiny,models/v2/clip_lora_fold2_best_v1.pt,models/v2/v2_10b_h2_balanced_logreg_fold2_v1.joblib
2,jpeg_q50,pilot_001424,0,0.15170136094093323,real::Tiny-GenImage,Tiny,models/v2/clip_lora_fold2_best_v1.pt,models/v2/v2_10b_h2_balanced_logreg_fold2_v1.joblib
2,jpeg_q50,pilot_001425,1,0.3789147734642029,tiny::VQDM,,models/v2/clip_lora_fold2_best_v1.pt,models/v2/v2_10b_h2_balanced_logreg_fold2_v1.joblib
2,jpeg_q50,pilot_001431,1,0.02750295214354992,tiny::BigGAN,,models/v2/clip_lora_fold2_best_v1.pt,models/v2/v2_10b_h2_balanced_logreg_fold2_v1.joblib
2,jpeg_q50,pilot_001439,1,0.14660798013210297,tiny::VQDM,,models/v2/clip_lora_fold2_best_v1.pt,models/v2/v2_10b_h2_balanced_logreg_fold2_v1.joblib
2,jpeg_q50,pilot_001445,1,0.07993737608194351,tiny::BigGAN,,models/v2/clip_lora_fold2_best_v1.pt,models/v2/v2_10b_h2_balanced_logreg_fold2_v1.joblib
2,jpeg_q50,pilot_001446,0,0.02360459230840206,real::Tiny-GenImage,Tiny,models/v2/clip_lora_fold2_best_v1.pt,models/v2/v2_10b_h2_balanced_logreg_fold2_v1.joblib
2,jpeg_q50,pilot_001448,0,0.049554865807294846,real::Tiny-GenImage,Tiny,models/v2/clip_lora_fold2_best_v1.pt,models/v2/v2_10b_h2_balanced_logreg_fold2_v1.joblib
2,jpeg_q50,pilot_001453,1,0.048149194568395615,tiny::VQDM,,models/v2/clip_lora_fold2_best_v1.pt,models/v2/v2_10b_h2_balanced_logreg_fold2_v1.joblib
2,jpeg_q50,pilot_001459,1,0.03166479244828224,tiny::BigGAN,,models/v2/clip_lora_fold2_best_v1.pt,models/v2/v2_10b_h2_balanced_logreg_fold2_v1.joblib
2,jpeg_q50,pilot_001467,1,0.14463616907596588,tiny::VQDM,,models/v2/clip_lora_fold2_best_v1.pt,models/v2/v2_10b_h2_balanced_logreg_fold2_v1.joblib
2,jpeg_q50,pilot_001472,0,0.05727393925189972,real::Tiny-GenImage,Tiny,models/v2/clip_lora_fold2_best_v1.pt,models/v2/v2_10b_h2_balanced_logreg_fold2_v1.joblib
2,jpeg_q50,pilot_001473,1,0.08222441375255585,tiny::BigGAN,,models/v2/clip_lora_fold2_best_v1.pt,models/v2/v2_10b_h2_balanced_logreg_fold2_v1.joblib
2,jpeg_q50,pilot_001481,1,0.2047749161720276,tiny::VQDM,,models/v2/clip_lora_fold2_best_v1.pt,models/v2/v2_10b_h2_balanced_logreg_fold2_v1.joblib
2,jpeg_q50,pilot_001487,1,0.07529999315738678,tiny::BigGAN,,models/v2/clip_lora_fold2_best_v1.pt,models/v2/v2_10b_h2_balanced_logreg_fold2_v1.joblib
2,jpeg_q50,pilot_001495,1,0.22616738080978394,tiny::VQDM,,models/v2/clip_lora_fold2_best_v1.pt,models/v2/v2_10b_h2_balanced_logreg_fold2_v1.joblib
2,jpeg_q50,pilot_001501,1,0.024419918656349182,tiny::BigGAN,,models/v2/clip_lora_fold2_best_v1.pt,models/v2/v2_10b_h2_balanced_logreg_fold2_v1.joblib
2,jpeg_q50,pilot_001509,1,0.25785234570503235,tiny::VQDM,,models/v2/clip_lora_fold2_best_v1.pt,models/v2/v2_10b_h2_balanced_logreg_fold2_v1.joblib
2,jpeg_q50,pilot_001515,1,0.0649339035153389,tiny::BigGAN,,models/v2/clip_lora_fold2_best_v1.pt,models/v2/v2_10b_h2_balanced_logreg_fold2_v1.joblib
2,jpeg_q50,pilot_001518,0,0.15600909292697906,real::Tiny-GenImage,Tiny,models/v2/clip_lora_fold2_best_v1.pt,models/v2/v2_10b_h2_balanced_logreg_fold2_v1.joblib
2,jpeg_q50,pilot_001523,1,0.14212526381015778,tiny::VQDM,,models/v2/clip_lora_fold2_best_v1.pt,models/v2/v2_10b_h2_balanced_logreg_fold2_v1.joblib
2,jpeg_q50,pilot_001529,1,0.009446934796869755,tiny::BigGAN,,models/v2/clip_lora_fold2_best_v1.pt,models/v2/v2_10b_h2_balanced_logreg_fold2_v1.joblib
2,jpeg_q50,pilot_001536,0,0.04511183127760887,real::Tiny-GenImage,Tiny,models/v2/clip_lora_fold2_best_v1.pt,models/v2/v2_10b_h2_balanced_logreg_fold2_v1.joblib
2,jpeg_q50,pilot_001537,1,0.11548018455505371,tiny::VQDM,,models/v2/clip_lora_fold2_best_v1.pt,models/v2/v2_10b_h2_balanced_logreg_fold2_v1.joblib
2,jpeg_q50,pilot_001543,1,0.02733287215232849,tiny::BigGAN,,models/v2/clip_lora_fold2_best_v1.pt,models/v2/v2_10b_h2_balanced_logreg_fold2_v1.joblib
2,jpeg_q50,pilot_001544,0,0.009228778071701527,real::Tiny-GenImage,Tiny,models/v2/clip_lora_fold2_best_v1.pt,models/v2/v2_10b_h2_balanced_logreg_fold2_v1.joblib
2,jpeg_q50,pilot_001551,1,0.12745222449302673,tiny::VQDM,,models/v2/clip_lora_fold2_best_v1.pt,models/v2/v2_10b_h2_balanced_logreg_fold2_v1.joblib
2,jpeg_q50,pilot_001557,1,0.014618747867643833,tiny::BigGAN,,models/v2/clip_lora_fold2_best_v1.pt,models/v2/v2_10b_h2_balanced_logreg_fold2_v1.joblib
2,jpeg_q50,pilot_001565,1,0.07796736806631088,tiny::VQDM,,models/v2/clip_lora_fold2_best_v1.pt,models/v2/v2_10b_h2_balanced_logreg_fold2_v1.joblib
2,jpeg_q50,pilot_001566,0,0.07049161195755005,real::Tiny-GenImage,Tiny,models/v2/clip_lora_fold2_best_v1.pt,models/v2/v2_10b_h2_balanced_logreg_fold2_v1.joblib
2,jpeg_q50,pilot_001571,1,0.017321225255727768,tiny::BigGAN,,models/v2/clip_lora_fold2_best_v1.pt,models/v2/v2_10b_h2_balanced_logreg_fold2_v1.joblib
2,jpeg_q50,pilot_001574,0,0.033460743725299835,real::Tiny-GenImage,Tiny,models/v2/clip_lora_fold2_best_v1.pt,models/v2/v2_10b_h2_balanced_logreg_fold2_v1.joblib
2,jpeg_q50,pilot_001579,1,0.10990738123655319,tiny::VQDM,,models/v2/clip_lora_fold2_best_v1.pt,models/v2/v2_10b_h2_balanced_logreg_fold2_v1.joblib
2,jpeg_q50,pilot_001585,1,0.03110690228641033,tiny::BigGAN,,models/v2/clip_lora_fold2_best_v1.pt,models/v2/v2_10b_h2_balanced_logreg_fold2_v1.joblib
2,jpeg_q50,pilot_001592,0,0.06310340017080307,real::Tiny-GenImage,Tiny,models/v2/clip_lora_fold2_best_v1.pt,models/v2/v2_10b_h2_balanced_logreg_fold2_v1.joblib
2,jpeg_q50,pilot_001593,1,0.04183546081185341,tiny::VQDM,,models/v2/clip_lora_fold2_best_v1.pt,models/v2/v2_10b_h2_balanced_logreg_fold2_v1.joblib
2,jpeg_q50,pilot_001599,1,0.027064116671681404,tiny::BigGAN,,models/v2/clip_lora_fold2_best_v1.pt,models/v2/v2_10b_h2_balanced_logreg_fold2_v1.joblib
2,jpeg_q50,pilot_001607,1,0.06340339779853821,tiny::VQDM,,models/v2/clip_lora_fold2_best_v1.pt,models/v2/v2_10b_h2_balanced_logreg_fold2_v1.joblib
2,jpeg_q50,pilot_001613,1,0.03707190975546837,tiny::BigGAN,,models/v2/clip_lora_fold2_best_v1.pt,models/v2/v2_10b_h2_balanced_logreg_fold2_v1.joblib
2,jpeg_q50,pilot_001618,0,0.07518064975738525,real::Tiny-GenImage,Tiny,models/v2/clip_lora_fold2_best_v1.pt,models/v2/v2_10b_h2_balanced_logreg_fold2_v1.joblib
2,jpeg_q50,pilot_001621,1,0.08049596101045609,tiny::VQDM,,models/v2/clip_lora_fold2_best_v1.pt,models/v2/v2_10b_h2_balanced_logreg_fold2_v1.joblib
2,jpeg_q50,pilot_001626,0,0.07145332545042038,real::Tiny-GenImage,Tiny,models/v2/clip_lora_fold2_best_v1.pt,models/v2/v2_10b_h2_balanced_logreg_fold2_v1.joblib
2,jpeg_q50,pilot_001627,1,0.01851567253470421,tiny::BigGAN,,models/v2/clip_lora_fold2_best_v1.pt,models/v2/v2_10b_h2_balanced_logreg_fold2_v1.joblib
2,jpeg_q50,pilot_001630,0,0.5503981113433838,real::Tiny-GenImage,Tiny,models/v2/clip_lora_fold2_best_v1.pt,models/v2/v2_10b_h2_balanced_logreg_fold2_v1.joblib
2,jpeg_q50,pilot_001634,0,0.08727335929870605,real::Tiny-GenImage,Tiny,models/v2/clip_lora_fold2_best_v1.pt,models/v2/v2_10b_h2_balanced_logreg_fold2_v1.joblib
2,jpeg_q50,pilot_001635,1,0.10010167211294174,tiny::VQDM,,models/v2/clip_lora_fold2_best_v1.pt,models/v2/v2_10b_h2_balanced_logreg_fold2_v1.joblib
2,jpeg_q50,pilot_001636,0,0.017632829025387764,real::Tiny-GenImage,Tiny,models/v2/clip_lora_fold2_best_v1.pt,models/v2/v2_10b_h2_balanced_logreg_fold2_v1.joblib
2,jpeg_q50,pilot_001640,0,0.02730109542608261,real::Tiny-GenImage,Tiny,models/v2/clip_lora_fold2_best_v1.pt,models/v2/v2_10b_h2_balanced_logreg_fold2_v1.joblib
2,jpeg_q50,pilot_001641,1,0.0442080982029438,tiny::BigGAN,,models/v2/clip_lora_fold2_best_v1.pt,models/v2/v2_10b_h2_balanced_logreg_fold2_v1.joblib
2,jpeg_q50,pilot_001649,1,0.14649799466133118,tiny::VQDM,,models/v2/clip_lora_fold2_best_v1.pt,models/v2/v2_10b_h2_balanced_logreg_fold2_v1.joblib
2,jpeg_q50,pilot_001654,0,0.02267131768167019,real::Tiny-GenImage,Tiny,models/v2/clip_lora_fold2_best_v1.pt,models/v2/v2_10b_h2_balanced_logreg_fold2_v1.joblib
2,jpeg_q50,pilot_001655,1,0.019011765718460083,tiny::BigGAN,,models/v2/clip_lora_fold2_best_v1.pt,models/v2/v2_10b_h2_balanced_logreg_fold2_v1.joblib
2,jpeg_q50,pilot_001663,1,0.18567846715450287,tiny::VQDM,,models/v2/clip_lora_fold2_best_v1.pt,models/v2/v2_10b_h2_balanced_logreg_fold2_v1.joblib
2,jpeg_q50,pilot_001666,0,0.023278942331671715,real::Tiny-GenImage,Tiny,models/v2/clip_lora_fold2_best_v1.pt,models/v2/v2_10b_h2_balanced_logreg_fold2_v1.joblib
2,jpeg_q50,pilot_001669,1,0.041171595454216,tiny::BigGAN,,models/v2/clip_lora_fold2_best_v1.pt,models/v2/v2_10b_h2_balanced_logreg_fold2_v1.joblib
2,jpeg_q50,pilot_001672,0,0.031561002135276794,real::Tiny-GenImage,Tiny,models/v2/clip_lora_fold2_best_v1.pt,models/v2/v2_10b_h2_balanced_logreg_fold2_v1.joblib
2,jpeg_q50,pilot_001674,0,0.045561861246824265,real::Tiny-GenImage,Tiny,models/v2/clip_lora_fold2_best_v1.pt,models/v2/v2_10b_h2_balanced_logreg_fold2_v1.joblib
2,jpeg_q50,pilot_001677,1,0.15872927010059357,tiny::VQDM,,models/v2/clip_lora_fold2_best_v1.pt,models/v2/v2_10b_h2_balanced_logreg_fold2_v1.joblib
2,jpeg_q50,pilot_001683,1,0.0692945197224617,tiny::BigGAN,,models/v2/clip_lora_fold2_best_v1.pt,models/v2/v2_10b_h2_balanced_logreg_fold2_v1.joblib
2,jpeg_q50,pilot_001688,0,0.04405638948082924,real::Tiny-GenImage,Tiny,models/v2/clip_lora_fold2_best_v1.pt,models/v2/v2_10b_h2_balanced_logreg_fold2_v1.joblib
2,jpeg_q50,pilot_001691,1,0.08441250771284103,tiny::VQDM,,models/v2/clip_lora_fold2_best_v1.pt,models/v2/v2_10b_h2_balanced_logreg_fold2_v1.joblib
2,jpeg_q50,pilot_001692,0,0.00969205517321825,real::Tiny-GenImage,Tiny,models/v2/clip_lora_fold2_best_v1.pt,models/v2/v2_10b_h2_balanced_logreg_fold2_v1.joblib
2,jpeg_q50,pilot_001697,1,0.060708433389663696,tiny::BigGAN,,models/v2/clip_lora_fold2_best_v1.pt,models/v2/v2_10b_h2_balanced_logreg_fold2_v1.joblib
2,jpeg_q50,pilot_001705,1,0.06663161516189575,tiny::VQDM,,models/v2/clip_lora_fold2_best_v1.pt,models/v2/v2_10b_h2_balanced_logreg_fold2_v1.joblib
2,jpeg_q50,pilot_001711,1,0.014724510721862316,tiny::BigGAN,,models/v2/clip_lora_fold2_best_v1.pt,models/v2/v2_10b_h2_balanced_logreg_fold2_v1.joblib
2,jpeg_q50,pilot_001719,1,0.2043762058019638,tiny::VQDM,,models/v2/clip_lora_fold2_best_v1.pt,models/v2/v2_10b_h2_balanced_logreg_fold2_v1.joblib
2,jpeg_q50,pilot_001725,1,0.10398256778717041,tiny::BigGAN,,models/v2/clip_lora_fold2_best_v1.pt,models/v2/v2_10b_h2_balanced_logreg_fold2_v1.joblib
2,jpeg_q50,pilot_001733,1,0.13504071533679962,tiny::VQDM,,models/v2/clip_lora_fold2_best_v1.pt,models/v2/v2_10b_h2_balanced_logreg_fold2_v1.joblib
2,jpeg_q50,pilot_001734,0,0.022191375494003296,real::Tiny-GenImage,Tiny,models/v2/clip_lora_fold2_best_v1.pt,models/v2/v2_10b_h2_balanced_logreg_fold2_v1.joblib
2,jpeg_q50,pilot_001739,1,0.025332171469926834,tiny::BigGAN,,models/v2/clip_lora_fold2_best_v1.pt,models/v2/v2_10b_h2_balanced_logreg_fold2_v1.joblib
2,jpeg_q50,pilot_001744,0,0.17450019717216492,real::Tiny-GenImage,Tiny,models/v2/clip_lora_fold2_best_v1.pt,models/v2/v2_10b_h2_balanced_logreg_fold2_v1.joblib
2,jpeg_q50,pilot_001747,1,0.23568814992904663,tiny::VQDM,,models/v2/clip_lora_fold2_best_v1.pt,models/v2/v2_10b_h2_balanced_logreg_fold2_v1.joblib
2,jpeg_q50,pilot_001753,1,0.06758835911750793,tiny::BigGAN,,models/v2/clip_lora_fold2_best_v1.pt,models/v2/v2_10b_h2_balanced_logreg_fold2_v1.joblib
2,jpeg_q50,pilot_001761,1,0.2888394892215729,tiny::VQDM,,models/v2/clip_lora_fold2_best_v1.pt,models/v2/v2_10b_h2_balanced_logreg_fold2_v1.joblib
2,jpeg_q50,pilot_001767,1,0.0430256649851799,tiny::BigGAN,,models/v2/clip_lora_fold2_best_v1.pt,models/v2/v2_10b_h2_balanced_logreg_fold2_v1.joblib
2,jpeg_q50,pilot_001775,1,0.15764285624027252,tiny::VQDM,,models/v2/clip_lora_fold2_best_v1.pt,models/v2/v2_10b_h2_balanced_logreg_fold2_v1.joblib
2,jpeg_q50,pilot_001781,1,0.027875496074557304,tiny::BigGAN,,models/v2/clip_lora_fold2_best_v1.pt,models/v2/v2_10b_h2_balanced_logreg_fold2_v1.joblib
2,jpeg_q50,pilot_001782,0,0.12801280617713928,real::Tiny-GenImage,Tiny,models/v2/clip_lora_fold2_best_v1.pt,models/v2/v2_10b_h2_balanced_logreg_fold2_v1.joblib
2,jpeg_q50,pilot_001789,1,0.21815679967403412,tiny::VQDM,,models/v2/clip_lora_fold2_best_v1.pt,models/v2/v2_10b_h2_balanced_logreg_fold2_v1.joblib
2,jpeg_q50,pilot_001795,1,0.02888932265341282,tiny::BigGAN,,models/v2/clip_lora_fold2_best_v1.pt,models/v2/v2_10b_h2_balanced_logreg_fold2_v1.joblib
2,jpeg_q50,pilot_001798,0,0.051709141582250595,real::Tiny-GenImage,Tiny,models/v2/clip_lora_fold2_best_v1.pt,models/v2/v2_10b_h2_balanced_logreg_fold2_v1.joblib
2,jpeg_q50,pilot_001803,1,0.2484189122915268,tiny::VQDM,,models/v2/clip_lora_fold2_best_v1.pt,models/v2/v2_10b_h2_balanced_logreg_fold2_v1.joblib
2,jpeg_q50,pilot_001809,1,0.04875674471259117,tiny::BigGAN,,models/v2/clip_lora_fold2_best_v1.pt,models/v2/v2_10b_h2_balanced_logreg_fold2_v1.joblib
2,jpeg_q50,pilot_001812,0,0.08202236145734787,real::Tiny-GenImage,Tiny,models/v2/clip_lora_fold2_best_v1.pt,models/v2/v2_10b_h2_balanced_logreg_fold2_v1.joblib
2,jpeg_q50,pilot_001817,1,0.047510236501693726,tiny::VQDM,,models/v2/clip_lora_fold2_best_v1.pt,models/v2/v2_10b_h2_balanced_logreg_fold2_v1.joblib
2,jpeg_q50,pilot_001823,1,0.03849339857697487,tiny::BigGAN,,models/v2/clip_lora_fold2_best_v1.pt,models/v2/v2_10b_h2_balanced_logreg_fold2_v1.joblib
2,jpeg_q50,pilot_001828,0,0.1569555401802063,real::Tiny-GenImage,Tiny,models/v2/clip_lora_fold2_best_v1.pt,models/v2/v2_10b_h2_balanced_logreg_fold2_v1.joblib
2,jpeg_q50,pilot_001831,1,0.3655823767185211,tiny::VQDM,,models/v2/clip_lora_fold2_best_v1.pt,models/v2/v2_10b_h2_balanced_logreg_fold2_v1.joblib
2,jpeg_q50,pilot_001837,1,0.26746347546577454,tiny::BigGAN,,models/v2/clip_lora_fold2_best_v1.pt,models/v2/v2_10b_h2_balanced_logreg_fold2_v1.joblib
2,jpeg_q50,pilot_001845,1,0.09749146550893784,tiny::VQDM,,models/v2/clip_lora_fold2_best_v1.pt,models/v2/v2_10b_h2_balanced_logreg_fold2_v1.joblib
2,jpeg_q50,pilot_001851,1,0.04748441278934479,tiny::BigGAN,,models/v2/clip_lora_fold2_best_v1.pt,models/v2/v2_10b_h2_balanced_logreg_fold2_v1.joblib
2,jpeg_q50,pilot_001859,1,0.3310626447200775,tiny::VQDM,,models/v2/clip_lora_fold2_best_v1.pt,models/v2/v2_10b_h2_balanced_logreg_fold2_v1.joblib
2,jpeg_q50,pilot_001865,1,0.10282967239618301,tiny::BigGAN,,models/v2/clip_lora_fold2_best_v1.pt,models/v2/v2_10b_h2_balanced_logreg_fold2_v1.joblib
2,jpeg_q50,pilot_001873,1,0.11162080615758896,tiny::VQDM,,models/v2/clip_lora_fold2_best_v1.pt,models/v2/v2_10b_h2_balanced_logreg_fold2_v1.joblib
2,jpeg_q50,pilot_001878,0,0.007091830018907785,real::Tiny-GenImage,Tiny,models/v2/clip_lora_fold2_best_v1.pt,models/v2/v2_10b_h2_balanced_logreg_fold2_v1.joblib
2,jpeg_q50,pilot_001879,1,0.06523299962282181,tiny::BigGAN,,models/v2/clip_lora_fold2_best_v1.pt,models/v2/v2_10b_h2_balanced_logreg_fold2_v1.joblib
2,jpeg_q50,pilot_001886,0,0.10200857371091843,real::Tiny-GenImage,Tiny,models/v2/clip_lora_fold2_best_v1.pt,models/v2/v2_10b_h2_balanced_logreg_fold2_v1.joblib
2,jpeg_q50,pilot_001887,1,0.21248382329940796,tiny::VQDM,,models/v2/clip_lora_fold2_best_v1.pt,models/v2/v2_10b_h2_balanced_logreg_fold2_v1.joblib
2,jpeg_q50,pilot_001893,1,0.050825782120227814,tiny::BigGAN,,models/v2/clip_lora_fold2_best_v1.pt,models/v2/v2_10b_h2_balanced_logreg_fold2_v1.joblib
2,jpeg_q50,pilot_001901,1,0.13911445438861847,tiny::VQDM,,models/v2/clip_lora_fold2_best_v1.pt,models/v2/v2_10b_h2_balanced_logreg_fold2_v1.joblib
2,jpeg_q50,pilot_001907,1,0.049328744411468506,tiny::BigGAN,,models/v2/clip_lora_fold2_best_v1.pt,models/v2/v2_10b_h2_balanced_logreg_fold2_v1.joblib
2,jpeg_q50,pilot_001915,1,0.19085830450057983,tiny::VQDM,,models/v2/clip_lora_fold2_best_v1.pt,models/v2/v2_10b_h2_balanced_logreg_fold2_v1.joblib
2,jpeg_q50,pilot_001921,1,0.1406848132610321,tiny::BigGAN,,models/v2/clip_lora_fold2_best_v1.pt,models/v2/v2_10b_h2_balanced_logreg_fold2_v1.joblib
2,jpeg_q50,pilot_001929,1,0.2082143872976303,tiny::VQDM,,models/v2/clip_lora_fold2_best_v1.pt,models/v2/v2_10b_h2_balanced_logreg_fold2_v1.joblib
2,jpeg_q50,pilot_001935,1,0.10073348134756088,tiny::BigGAN,,models/v2/clip_lora_fold2_best_v1.pt,models/v2/v2_10b_h2_balanced_logreg_fold2_v1.joblib
2,jpeg_q50,pilot_001943,1,0.36188173294067383,tiny::VQDM,,models/v2/clip_lora_fold2_best_v1.pt,models/v2/v2_10b_h2_balanced_logreg_fold2_v1.joblib
2,jpeg_q50,pilot_001949,1,0.042276520282030106,tiny::BigGAN,,models/v2/clip_lora_fold2_best_v1.pt,models/v2/v2_10b_h2_balanced_logreg_fold2_v1.joblib
2,jpeg_q50,pilot_001950,0,0.02629387564957142,real::Tiny-GenImage,Tiny,models/v2/clip_lora_fold2_best_v1.pt,models/v2/v2_10b_h2_balanced_logreg_fold2_v1.joblib
2,jpeg_q50,pilot_001954,0,0.027869204059243202,real::Tiny-GenImage,Tiny,models/v2/clip_lora_fold2_best_v1.pt,models/v2/v2_10b_h2_balanced_logreg_fold2_v1.joblib
2,jpeg_q50,pilot_001957,1,0.29327329993247986,tiny::VQDM,,models/v2/clip_lora_fold2_best_v1.pt,models/v2/v2_10b_h2_balanced_logreg_fold2_v1.joblib
2,jpeg_q50,pilot_001963,1,0.05956542119383812,tiny::BigGAN,,models/v2/clip_lora_fold2_best_v1.pt,models/v2/v2_10b_h2_balanced_logreg_fold2_v1.joblib
2,jpeg_q50,pilot_001971,1,0.5036374926567078,tiny::VQDM,,models/v2/clip_lora_fold2_best_v1.pt,models/v2/v2_10b_h2_balanced_logreg_fold2_v1.joblib
2,jpeg_q50,pilot_001976,0,0.07707059383392334,real::Tiny-GenImage,Tiny,models/v2/clip_lora_fold2_best_v1.pt,models/v2/v2_10b_h2_balanced_logreg_fold2_v1.joblib
2,jpeg_q50,pilot_001977,1,0.042661942541599274,tiny::BigGAN,,models/v2/clip_lora_fold2_best_v1.pt,models/v2/v2_10b_h2_balanced_logreg_fold2_v1.joblib
2,jpeg_q50,pilot_001985,1,0.16334646940231323,tiny::VQDM,,models/v2/clip_lora_fold2_best_v1.pt,models/v2/v2_10b_h2_balanced_logreg_fold2_v1.joblib
2,jpeg_q50,pilot_001991,1,0.03136405348777771,tiny::BigGAN,,models/v2/clip_lora_fold2_best_v1.pt,models/v2/v2_10b_h2_balanced_logreg_fold2_v1.joblib
2,jpeg_q50,pilot_001999,1,0.17856593430042267,tiny::VQDM,,models/v2/clip_lora_fold2_best_v1.pt,models/v2/v2_10b_h2_balanced_logreg_fold2_v1.joblib
2,jpeg_q50,pilot_002005,1,0.10185208916664124,tiny::BigGAN,,models/v2/clip_lora_fold2_best_v1.pt,models/v2/v2_10b_h2_balanced_logreg_fold2_v1.joblib
2,jpeg_q50,pilot_002013,1,0.06647023558616638,tiny::VQDM,,models/v2/clip_lora_fold2_best_v1.pt,models/v2/v2_10b_h2_balanced_logreg_fold2_v1.joblib
2,jpeg_q50,pilot_002019,1,0.07054416090250015,tiny::BigGAN,,models/v2/clip_lora_fold2_best_v1.pt,models/v2/v2_10b_h2_balanced_logreg_fold2_v1.joblib
2,jpeg_q50,pilot_002024,0,0.047489386051893234,real::Tiny-GenImage,Tiny,models/v2/clip_lora_fold2_best_v1.pt,models/v2/v2_10b_h2_balanced_logreg_fold2_v1.joblib
2,jpeg_q50,pilot_002027,1,0.3303425908088684,tiny::VQDM,,models/v2/clip_lora_fold2_best_v1.pt,models/v2/v2_10b_h2_balanced_logreg_fold2_v1.joblib
2,jpeg_q50,pilot_002033,1,0.0834379643201828,tiny::BigGAN,,models/v2/clip_lora_fold2_best_v1.pt,models/v2/v2_10b_h2_balanced_logreg_fold2_v1.joblib
2,jpeg_q50,pilot_002041,1,0.21832415461540222,tiny::VQDM,,models/v2/clip_lora_fold2_best_v1.pt,models/v2/v2_10b_h2_balanced_logreg_fold2_v1.joblib
2,jpeg_q50,pilot_002042,0,0.01751037873327732,real::Tiny-GenImage,Tiny,models/v2/clip_lora_fold2_best_v1.pt,models/v2/v2_10b_h2_balanced_logreg_fold2_v1.joblib
2,jpeg_q50,pilot_002047,1,0.05101523920893669,tiny::BigGAN,,models/v2/clip_lora_fold2_best_v1.pt,models/v2/v2_10b_h2_balanced_logreg_fold2_v1.joblib
2,jpeg_q50,pilot_002055,1,0.4126320481300354,tiny::VQDM,,models/v2/clip_lora_fold2_best_v1.pt,models/v2/v2_10b_h2_balanced_logreg_fold2_v1.joblib
2,jpeg_q50,pilot_002061,1,0.1834028959274292,tiny::BigGAN,,models/v2/clip_lora_fold2_best_v1.pt,models/v2/v2_10b_h2_balanced_logreg_fold2_v1.joblib
2,jpeg_q50,pilot_002069,1,0.39502912759780884,tiny::VQDM,,models/v2/clip_lora_fold2_best_v1.pt,models/v2/v2_10b_h2_balanced_logreg_fold2_v1.joblib
2,jpeg_q50,pilot_002072,0,0.11849574744701385,real::Tiny-GenImage,Tiny,models/v2/clip_lora_fold2_best_v1.pt,models/v2/v2_10b_h2_balanced_logreg_fold2_v1.joblib
2,jpeg_q50,pilot_002075,1,0.14110317826271057,tiny::BigGAN,,models/v2/clip_lora_fold2_best_v1.pt,models/v2/v2_10b_h2_balanced_logreg_fold2_v1.joblib
2,jpeg_q50,pilot_002082,0,0.013317319564521313,real::Tiny-GenImage,Tiny,models/v2/clip_lora_fold2_best_v1.pt,models/v2/v2_10b_h2_balanced_logreg_fold2_v1.joblib
2,jpeg_q50,pilot_002083,1,0.3035258948802948,tiny::VQDM,,models/v2/clip_lora_fold2_best_v1.pt,models/v2/v2_10b_h2_balanced_logreg_fold2_v1.joblib
2,jpeg_q50,pilot_002089,1,0.10253387689590454,tiny::BigGAN,,models/v2/clip_lora_fold2_best_v1.pt,models/v2/v2_10b_h2_balanced_logreg_fold2_v1.joblib
2,jpeg_q50,pilot_002090,0,0.02972206100821495,real::Tiny-GenImage,Tiny,models/v2/clip_lora_fold2_best_v1.pt,models/v2/v2_10b_h2_balanced_logreg_fold2_v1.joblib
2,jpeg_q50,pilot_002097,1,0.07408424466848373,tiny::VQDM,,models/v2/clip_lora_fold2_best_v1.pt,models/v2/v2_10b_h2_balanced_logreg_fold2_v1.joblib
2,jpeg_q50,pilot_002102,0,0.1440626084804535,real::Tiny-GenImage,Tiny,models/v2/clip_lora_fold2_best_v1.pt,models/v2/v2_10b_h2_balanced_logreg_fold2_v1.joblib
2,jpeg_q50,pilot_002103,1,0.12528876960277557,tiny::BigGAN,,models/v2/clip_lora_fold2_best_v1.pt,models/v2/v2_10b_h2_balanced_logreg_fold2_v1.joblib
2,jpeg_q50,pilot_002111,1,0.0801316350698471,tiny::VQDM,,models/v2/clip_lora_fold2_best_v1.pt,models/v2/v2_10b_h2_balanced_logreg_fold2_v1.joblib
2,jpeg_q50,pilot_002112,0,0.07078251242637634,real::Tiny-GenImage,Tiny,models/v2/clip_lora_fold2_best_v1.pt,models/v2/v2_10b_h2_balanced_logreg_fold2_v1.joblib
2,jpeg_q50,pilot_002117,1,0.01667316071689129,tiny::BigGAN,,models/v2/clip_lora_fold2_best_v1.pt,models/v2/v2_10b_h2_balanced_logreg_fold2_v1.joblib
2,jpeg_q50,pilot_002122,0,0.026453897356987,real::Tiny-GenImage,Tiny,models/v2/clip_lora_fold2_best_v1.pt,models/v2/v2_10b_h2_balanced_logreg_fold2_v1.joblib
2,jpeg_q50,pilot_002125,1,0.12791484594345093,tiny::VQDM,,models/v2/clip_lora_fold2_best_v1.pt,models/v2/v2_10b_h2_balanced_logreg_fold2_v1.joblib
2,jpeg_q50,pilot_002128,0,0.17668180167675018,real::Tiny-GenImage,Tiny,models/v2/clip_lora_fold2_best_v1.pt,models/v2/v2_10b_h2_balanced_logreg_fold2_v1.joblib
2,jpeg_q50,pilot_002131,1,0.012208822183310986,tiny::BigGAN,,models/v2/clip_lora_fold2_best_v1.pt,models/v2/v2_10b_h2_balanced_logreg_fold2_v1.joblib
2,jpeg_q50,pilot_002139,1,0.1103137657046318,tiny::VQDM,,models/v2/clip_lora_fold2_best_v1.pt,models/v2/v2_10b_h2_balanced_logreg_fold2_v1.joblib
2,jpeg_q50,pilot_002145,1,0.08493843674659729,tiny::BigGAN,,models/v2/clip_lora_fold2_best_v1.pt,models/v2/v2_10b_h2_balanced_logreg_fold2_v1.joblib
2,jpeg_q50,pilot_002153,1,0.2582981586456299,tiny::VQDM,,models/v2/clip_lora_fold2_best_v1.pt,models/v2/v2_10b_h2_balanced_logreg_fold2_v1.joblib
2,jpeg_q50,pilot_002159,1,0.13190890848636627,tiny::BigGAN,,models/v2/clip_lora_fold2_best_v1.pt,models/v2/v2_10b_h2_balanced_logreg_fold2_v1.joblib
2,jpeg_q50,pilot_002167,1,0.06362428516149521,tiny::VQDM,,models/v2/clip_lora_fold2_best_v1.pt,models/v2/v2_10b_h2_balanced_logreg_fold2_v1.joblib
2,jpeg_q50,pilot_002173,1,0.08071080595254898,tiny::BigGAN,,models/v2/clip_lora_fold2_best_v1.pt,models/v2/v2_10b_h2_balanced_logreg_fold2_v1.joblib
2,jpeg_q50,pilot_002181,1,0.15937408804893494,tiny::VQDM,,models/v2/clip_lora_fold2_best_v1.pt,models/v2/v2_10b_h2_balanced_logreg_fold2_v1.joblib
2,jpeg_q50,pilot_002187,1,0.04935235157608986,tiny::BigGAN,,models/v2/clip_lora_fold2_best_v1.pt,models/v2/v2_10b_h2_balanced_logreg_fold2_v1.joblib
2,jpeg_q50,pilot_002194,0,0.0571436733007431,real::Tiny-GenImage,Tiny,models/v2/clip_lora_fold2_best_v1.pt,models/v2/v2_10b_h2_balanced_logreg_fold2_v1.joblib
2,jpeg_q50,pilot_002195,1,0.15177662670612335,tiny::VQDM,,models/v2/clip_lora_fold2_best_v1.pt,models/v2/v2_10b_h2_balanced_logreg_fold2_v1.joblib
2,jpeg_q50,pilot_002201,1,0.06433063000440598,tiny::BigGAN,,models/v2/clip_lora_fold2_best_v1.pt,models/v2/v2_10b_h2_balanced_logreg_fold2_v1.joblib
2,jpeg_q50,pilot_002202,0,0.13593153655529022,real::Tiny-GenImage,Tiny,models/v2/clip_lora_fold2_best_v1.pt,models/v2/v2_10b_h2_balanced_logreg_fold2_v1.joblib
2,jpeg_q50,pilot_002209,1,0.18846888840198517,tiny::VQDM,,models/v2/clip_lora_fold2_best_v1.pt,models/v2/v2_10b_h2_balanced_logreg_fold2_v1.joblib
2,jpeg_q50,pilot_002215,1,0.062266405671834946,tiny::BigGAN,,models/v2/clip_lora_fold2_best_v1.pt,models/v2/v2_10b_h2_balanced_logreg_fold2_v1.joblib
2,jpeg_q50,pilot_002223,1,0.20179149508476257,tiny::VQDM,,models/v2/clip_lora_fold2_best_v1.pt,models/v2/v2_10b_h2_balanced_logreg_fold2_v1.joblib
2,jpeg_q50,pilot_002226,0,0.03615592420101166,real::Tiny-GenImage,Tiny,models/v2/clip_lora_fold2_best_v1.pt,models/v2/v2_10b_h2_balanced_logreg_fold2_v1.joblib
2,jpeg_q50,pilot_002229,1,0.045474208891391754,tiny::BigGAN,,models/v2/clip_lora_fold2_best_v1.pt,models/v2/v2_10b_h2_balanced_logreg_fold2_v1.joblib
2,jpeg_q50,pilot_002237,1,0.46900928020477295,tiny::VQDM,,models/v2/clip_lora_fold2_best_v1.pt,models/v2/v2_10b_h2_balanced_logreg_fold2_v1.joblib
2,jpeg_q50,pilot_002243,1,0.02119751088321209,tiny::BigGAN,,models/v2/clip_lora_fold2_best_v1.pt,models/v2/v2_10b_h2_balanced_logreg_fold2_v1.joblib
2,jpeg_q50,pilot_002250,0,0.026291020214557648,real::Tiny-GenImage,Tiny,models/v2/clip_lora_fold2_best_v1.pt,models/v2/v2_10b_h2_balanced_logreg_fold2_v1.joblib
2,jpeg_q50,pilot_002251,1,0.13945560157299042,tiny::VQDM,,models/v2/clip_lora_fold2_best_v1.pt,models/v2/v2_10b_h2_balanced_logreg_fold2_v1.joblib
2,jpeg_q50,pilot_002254,0,0.06599985063076019,real::Tiny-GenImage,Tiny,models/v2/clip_lora_fold2_best_v1.pt,models/v2/v2_10b_h2_balanced_logreg_fold2_v1.joblib
2,jpeg_q50,pilot_002257,1,0.10173369199037552,tiny::BigGAN,,models/v2/clip_lora_fold2_best_v1.pt,models/v2/v2_10b_h2_balanced_logreg_fold2_v1.joblib
2,jpeg_q50,pilot_002260,0,0.03704829141497612,real::Tiny-GenImage,Tiny,models/v2/clip_lora_fold2_best_v1.pt,models/v2/v2_10b_h2_balanced_logreg_fold2_v1.joblib
2,jpeg_q50,pilot_002265,1,0.2335965782403946,tiny::VQDM,,models/v2/clip_lora_fold2_best_v1.pt,models/v2/v2_10b_h2_balanced_logreg_fold2_v1.joblib
2,jpeg_q50,pilot_002270,0,0.03443058580160141,real::Tiny-GenImage,Tiny,models/v2/clip_lora_fold2_best_v1.pt,models/v2/v2_10b_h2_balanced_logreg_fold2_v1.joblib
2,jpeg_q50,pilot_002271,1,0.0905943363904953,tiny::BigGAN,,models/v2/clip_lora_fold2_best_v1.pt,models/v2/v2_10b_h2_balanced_logreg_fold2_v1.joblib
2,jpeg_q50,pilot_002272,0,0.07056472450494766,real::Tiny-GenImage,Tiny,models/v2/clip_lora_fold2_best_v1.pt,models/v2/v2_10b_h2_balanced_logreg_fold2_v1.joblib
2,jpeg_q50,pilot_002279,1,0.32405704259872437,tiny::VQDM,,models/v2/clip_lora_fold2_best_v1.pt,models/v2/v2_10b_h2_balanced_logreg_fold2_v1.joblib
2,jpeg_q50,pilot_002282,0,0.028624771162867546,real::Tiny-GenImage,Tiny,models/v2/clip_lora_fold2_best_v1.pt,models/v2/v2_10b_h2_balanced_logreg_fold2_v1.joblib
2,jpeg_q50,pilot_002285,1,0.014820428565144539,tiny::BigGAN,,models/v2/clip_lora_fold2_best_v1.pt,models/v2/v2_10b_h2_balanced_logreg_fold2_v1.joblib
2,jpeg_q50,pilot_002288,0,0.015135910362005234,real::Tiny-GenImage,Tiny,models/v2/clip_lora_fold2_best_v1.pt,models/v2/v2_10b_h2_balanced_logreg_fold2_v1.joblib
2,jpeg_q50,pilot_002290,0,0.011112278327345848,real::Tiny-GenImage,Tiny,models/v2/clip_lora_fold2_best_v1.pt,models/v2/v2_10b_h2_balanced_logreg_fold2_v1.joblib
2,jpeg_q50,pilot_002293,1,0.20442436635494232,tiny::VQDM,,models/v2/clip_lora_fold2_best_v1.pt,models/v2/v2_10b_h2_balanced_logreg_fold2_v1.joblib
2,jpeg_q50,pilot_002299,1,0.0411527194082737,tiny::BigGAN,,models/v2/clip_lora_fold2_best_v1.pt,models/v2/v2_10b_h2_balanced_logreg_fold2_v1.joblib
2,jpeg_q50,pilot_002306,0,0.019394628703594208,real::Tiny-GenImage,Tiny,models/v2/clip_lora_fold2_best_v1.pt,models/v2/v2_10b_h2_balanced_logreg_fold2_v1.joblib
2,jpeg_q50,pilot_002307,1,0.1303938627243042,tiny::VQDM,,models/v2/clip_lora_fold2_best_v1.pt,models/v2/v2_10b_h2_balanced_logreg_fold2_v1.joblib
2,jpeg_q50,pilot_002312,0,0.04237061366438866,real::Tiny-GenImage,Tiny,models/v2/clip_lora_fold2_best_v1.pt,models/v2/v2_10b_h2_balanced_logreg_fold2_v1.joblib
2,jpeg_q50,pilot_002313,1,0.011127951554954052,tiny::BigGAN,,models/v2/clip_lora_fold2_best_v1.pt,models/v2/v2_10b_h2_balanced_logreg_fold2_v1.joblib
2,jpeg_q50,pilot_002321,1,0.1623018980026245,tiny::VQDM,,models/v2/clip_lora_fold2_best_v1.pt,models/v2/v2_10b_h2_balanced_logreg_fold2_v1.joblib
2,jpeg_q50,pilot_002327,1,0.05981335788965225,tiny::BigGAN,,models/v2/clip_lora_fold2_best_v1.pt,models/v2/v2_10b_h2_balanced_logreg_fold2_v1.joblib
2,jpeg_q50,pilot_002335,1,0.4206918776035309,tiny::VQDM,,models/v2/clip_lora_fold2_best_v1.pt,models/v2/v2_10b_h2_balanced_logreg_fold2_v1.joblib
2,jpeg_q50,pilot_002341,1,0.028570011258125305,tiny::BigGAN,,models/v2/clip_lora_fold2_best_v1.pt,models/v2/v2_10b_h2_balanced_logreg_fold2_v1.joblib
2,jpeg_q50,pilot_002349,1,0.2536539137363434,tiny::VQDM,,models/v2/clip_lora_fold2_best_v1.pt,models/v2/v2_10b_h2_balanced_logreg_fold2_v1.joblib
2,jpeg_q50,pilot_002354,0,0.009133229032158852,real::Tiny-GenImage,Tiny,models/v2/clip_lora_fold2_best_v1.pt,models/v2/v2_10b_h2_balanced_logreg_fold2_v1.joblib
2,jpeg_q50,pilot_002355,1,0.02485273778438568,tiny::BigGAN,,models/v2/clip_lora_fold2_best_v1.pt,models/v2/v2_10b_h2_balanced_logreg_fold2_v1.joblib
2,jpeg_q50,pilot_002363,1,0.0808243453502655,tiny::VQDM,,models/v2/clip_lora_fold2_best_v1.pt,models/v2/v2_10b_h2_balanced_logreg_fold2_v1.joblib
2,jpeg_q50,pilot_002366,0,0.03760449215769768,real::Tiny-GenImage,Tiny,models/v2/clip_lora_fold2_best_v1.pt,models/v2/v2_10b_h2_balanced_logreg_fold2_v1.joblib
2,jpeg_q50,pilot_002369,1,0.049963321536779404,tiny::BigGAN,,models/v2/clip_lora_fold2_best_v1.pt,models/v2/v2_10b_h2_balanced_logreg_fold2_v1.joblib
2,jpeg_q50,pilot_002377,1,0.0910445898771286,tiny::VQDM,,models/v2/clip_lora_fold2_best_v1.pt,models/v2/v2_10b_h2_balanced_logreg_fold2_v1.joblib
2,jpeg_q50,pilot_002383,1,0.02552432380616665,tiny::BigGAN,,models/v2/clip_lora_fold2_best_v1.pt,models/v2/v2_10b_h2_balanced_logreg_fold2_v1.joblib
2,jpeg_q50,pilot_002391,1,0.08818260580301285,tiny::VQDM,,models/v2/clip_lora_fold2_best_v1.pt,models/v2/v2_10b_h2_balanced_logreg_fold2_v1.joblib
2,jpeg_q50,pilot_002396,0,0.013340428471565247,real::Tiny-GenImage,Tiny,models/v2/clip_lora_fold2_best_v1.pt,models/v2/v2_10b_h2_balanced_logreg_fold2_v1.joblib
2,jpeg_q50,pilot_002397,1,0.026109915226697922,tiny::BigGAN,,models/v2/clip_lora_fold2_best_v1.pt,models/v2/v2_10b_h2_balanced_logreg_fold2_v1.joblib
2,jpeg_q50,pilot_002400,0,0.010322106070816517,real::Tiny-GenImage,Tiny,models/v2/clip_lora_fold2_best_v1.pt,models/v2/v2_10b_h2_balanced_logreg_fold2_v1.joblib
2,jpeg_q50,pilot_002402,0,0.03660408407449722,real::Tiny-GenImage,Tiny,models/v2/clip_lora_fold2_best_v1.pt,models/v2/v2_10b_h2_balanced_logreg_fold2_v1.joblib
2,jpeg_q50,pilot_002405,1,0.15900875627994537,tiny::VQDM,,models/v2/clip_lora_fold2_best_v1.pt,models/v2/v2_10b_h2_balanced_logreg_fold2_v1.joblib
2,jpeg_q50,pilot_002411,1,0.029270580038428307,tiny::BigGAN,,models/v2/clip_lora_fold2_best_v1.pt,models/v2/v2_10b_h2_balanced_logreg_fold2_v1.joblib
2,jpeg_q50,pilot_002419,1,0.14082573354244232,tiny::VQDM,,models/v2/clip_lora_fold2_best_v1.pt,models/v2/v2_10b_h2_balanced_logreg_fold2_v1.joblib
2,jpeg_q50,pilot_002425,1,0.024137457832694054,tiny::BigGAN,,models/v2/clip_lora_fold2_best_v1.pt,models/v2/v2_10b_h2_balanced_logreg_fold2_v1.joblib
2,jpeg_q50,pilot_002433,1,0.3084429204463959,tiny::VQDM,,models/v2/clip_lora_fold2_best_v1.pt,models/v2/v2_10b_h2_balanced_logreg_fold2_v1.joblib
2,jpeg_q50,pilot_002439,1,0.02902526780962944,tiny::BigGAN,,models/v2/clip_lora_fold2_best_v1.pt,models/v2/v2_10b_h2_balanced_logreg_fold2_v1.joblib
2,jpeg_q50,pilot_002446,0,0.16757537424564362,real::Tiny-GenImage,Tiny,models/v2/clip_lora_fold2_best_v1.pt,models/v2/v2_10b_h2_balanced_logreg_fold2_v1.joblib
2,jpeg_q50,pilot_002447,1,0.05156052112579346,tiny::VQDM,,models/v2/clip_lora_fold2_best_v1.pt,models/v2/v2_10b_h2_balanced_logreg_fold2_v1.joblib
2,jpeg_q50,pilot_002450,0,0.023594515398144722,real::Tiny-GenImage,Tiny,models/v2/clip_lora_fold2_best_v1.pt,models/v2/v2_10b_h2_balanced_logreg_fold2_v1.joblib
2,jpeg_q50,pilot_002453,1,0.04764801263809204,tiny::BigGAN,,models/v2/clip_lora_fold2_best_v1.pt,models/v2/v2_10b_h2_balanced_logreg_fold2_v1.joblib
2,jpeg_q50,pilot_002458,0,0.07172249257564545,real::Tiny-GenImage,Tiny,models/v2/clip_lora_fold2_best_v1.pt,models/v2/v2_10b_h2_balanced_logreg_fold2_v1.joblib
2,jpeg_q50,pilot_002461,1,0.6137911677360535,tiny::VQDM,,models/v2/clip_lora_fold2_best_v1.pt,models/v2/v2_10b_h2_balanced_logreg_fold2_v1.joblib
2,jpeg_q50,pilot_002467,1,0.12527000904083252,tiny::BigGAN,,models/v2/clip_lora_fold2_best_v1.pt,models/v2/v2_10b_h2_balanced_logreg_fold2_v1.joblib
2,jpeg_q50,pilot_002475,1,0.13880325853824615,tiny::VQDM,,models/v2/clip_lora_fold2_best_v1.pt,models/v2/v2_10b_h2_balanced_logreg_fold2_v1.joblib
2,jpeg_q50,pilot_002481,1,0.1265118569135666,tiny::BigGAN,,models/v2/clip_lora_fold2_best_v1.pt,models/v2/v2_10b_h2_balanced_logreg_fold2_v1.joblib
2,jpeg_q50,pilot_002482,0,0.24098077416419983,real::Tiny-GenImage,Tiny,models/v2/clip_lora_fold2_best_v1.pt,models/v2/v2_10b_h2_balanced_logreg_fold2_v1.joblib
2,jpeg_q50,pilot_002489,1,0.12838301062583923,tiny::VQDM,,models/v2/clip_lora_fold2_best_v1.pt,models/v2/v2_10b_h2_balanced_logreg_fold2_v1.joblib
2,jpeg_q50,pilot_002494,0,0.00987763050943613,real::Tiny-GenImage,Tiny,models/v2/clip_lora_fold2_best_v1.pt,models/v2/v2_10b_h2_balanced_logreg_fold2_v1.joblib
2,jpeg_q50,pilot_002495,1,0.017177585512399673,tiny::BigGAN,,models/v2/clip_lora_fold2_best_v1.pt,models/v2/v2_10b_h2_balanced_logreg_fold2_v1.joblib
2,jpeg_q50,pilot_002503,1,0.21705037355422974,tiny::VQDM,,models/v2/clip_lora_fold2_best_v1.pt,models/v2/v2_10b_h2_balanced_logreg_fold2_v1.joblib
2,jpeg_q50,pilot_002506,0,0.03688596934080124,real::Tiny-GenImage,Tiny,models/v2/clip_lora_fold2_best_v1.pt,models/v2/v2_10b_h2_balanced_logreg_fold2_v1.joblib
2,jpeg_q50,pilot_002509,1,0.008020855486392975,tiny::BigGAN,,models/v2/clip_lora_fold2_best_v1.pt,models/v2/v2_10b_h2_balanced_logreg_fold2_v1.joblib
2,jpeg_q50,pilot_002517,1,0.1879054456949234,tiny::VQDM,,models/v2/clip_lora_fold2_best_v1.pt,models/v2/v2_10b_h2_balanced_logreg_fold2_v1.joblib
2,jpeg_q50,pilot_002523,1,0.04341912269592285,tiny::BigGAN,,models/v2/clip_lora_fold2_best_v1.pt,models/v2/v2_10b_h2_balanced_logreg_fold2_v1.joblib
2,jpeg_q50,pilot_002531,1,0.08359574526548386,tiny::VQDM,,models/v2/clip_lora_fold2_best_v1.pt,models/v2/v2_10b_h2_balanced_logreg_fold2_v1.joblib
2,jpeg_q50,pilot_002532,0,0.09235779941082001,real::Tiny-GenImage,Tiny,models/v2/clip_lora_fold2_best_v1.pt,models/v2/v2_10b_h2_balanced_logreg_fold2_v1.joblib
2,jpeg_q50,pilot_002537,1,0.03591015189886093,tiny::BigGAN,,models/v2/clip_lora_fold2_best_v1.pt,models/v2/v2_10b_h2_balanced_logreg_fold2_v1.joblib
2,jpeg_q50,pilot_002545,1,0.1250554770231247,tiny::VQDM,,models/v2/clip_lora_fold2_best_v1.pt,models/v2/v2_10b_h2_balanced_logreg_fold2_v1.joblib
2,jpeg_q50,pilot_002551,1,0.03641665354371071,tiny::BigGAN,,models/v2/clip_lora_fold2_best_v1.pt,models/v2/v2_10b_h2_balanced_logreg_fold2_v1.joblib
2,jpeg_q50,pilot_002559,1,0.05993029847741127,tiny::VQDM,,models/v2/clip_lora_fold2_best_v1.pt,models/v2/v2_10b_h2_balanced_logreg_fold2_v1.joblib
2,jpeg_q50,pilot_002565,1,0.0781044289469719,tiny::BigGAN,,models/v2/clip_lora_fold2_best_v1.pt,models/v2/v2_10b_h2_balanced_logreg_fold2_v1.joblib
2,jpeg_q50,pilot_002573,1,0.5156599283218384,tiny::VQDM,,models/v2/clip_lora_fold2_best_v1.pt,models/v2/v2_10b_h2_balanced_logreg_fold2_v1.joblib
2,jpeg_q50,pilot_002579,1,0.029416322708129883,tiny::BigGAN,,models/v2/clip_lora_fold2_best_v1.pt,models/v2/v2_10b_h2_balanced_logreg_fold2_v1.joblib
2,jpeg_q50,pilot_002587,1,0.13008375465869904,tiny::VQDM,,models/v2/clip_lora_fold2_best_v1.pt,models/v2/v2_10b_h2_balanced_logreg_fold2_v1.joblib
2,jpeg_q50,pilot_002593,1,0.12125951051712036,tiny::BigGAN,,models/v2/clip_lora_fold2_best_v1.pt,models/v2/v2_10b_h2_balanced_logreg_fold2_v1.joblib
2,jpeg_q50,pilot_002601,1,0.11865660548210144,tiny::VQDM,,models/v2/clip_lora_fold2_best_v1.pt,models/v2/v2_10b_h2_balanced_logreg_fold2_v1.joblib
2,jpeg_q50,pilot_002604,0,0.026575906202197075,real::Tiny-GenImage,Tiny,models/v2/clip_lora_fold2_best_v1.pt,models/v2/v2_10b_h2_balanced_logreg_fold2_v1.joblib
2,jpeg_q50,pilot_002607,1,0.14774556457996368,tiny::BigGAN,,models/v2/clip_lora_fold2_best_v1.pt,models/v2/v2_10b_h2_balanced_logreg_fold2_v1.joblib
2,jpeg_q50,pilot_002615,1,0.2995210289955139,tiny::VQDM,,models/v2/clip_lora_fold2_best_v1.pt,models/v2/v2_10b_h2_balanced_logreg_fold2_v1.joblib
2,jpeg_q50,pilot_002621,1,0.06366457790136337,tiny::BigGAN,,models/v2/clip_lora_fold2_best_v1.pt,models/v2/v2_10b_h2_balanced_logreg_fold2_v1.joblib
2,jpeg_q50,pilot_002622,0,0.03351230546832085,real::Tiny-GenImage,Tiny,models/v2/clip_lora_fold2_best_v1.pt,models/v2/v2_10b_h2_balanced_logreg_fold2_v1.joblib
2,jpeg_q50,pilot_002629,1,0.053894925862550735,tiny::VQDM,,models/v2/clip_lora_fold2_best_v1.pt,models/v2/v2_10b_h2_balanced_logreg_fold2_v1.joblib
2,jpeg_q50,pilot_002635,1,0.015089067630469799,tiny::BigGAN,,models/v2/clip_lora_fold2_best_v1.pt,models/v2/v2_10b_h2_balanced_logreg_fold2_v1.joblib
2,jpeg_q50,pilot_002643,1,0.12144587934017181,tiny::VQDM,,models/v2/clip_lora_fold2_best_v1.pt,models/v2/v2_10b_h2_balanced_logreg_fold2_v1.joblib
2,jpeg_q50,pilot_002649,1,0.026382165029644966,tiny::BigGAN,,models/v2/clip_lora_fold2_best_v1.pt,models/v2/v2_10b_h2_balanced_logreg_fold2_v1.joblib
2,jpeg_q50,pilot_002657,1,0.19215743243694305,tiny::VQDM,,models/v2/clip_lora_fold2_best_v1.pt,models/v2/v2_10b_h2_balanced_logreg_fold2_v1.joblib
2,jpeg_q50,pilot_002663,1,0.0645570382475853,tiny::BigGAN,,models/v2/clip_lora_fold2_best_v1.pt,models/v2/v2_10b_h2_balanced_logreg_fold2_v1.joblib
2,jpeg_q50,pilot_002668,0,0.07205524295568466,real::Tiny-GenImage,Tiny,models/v2/clip_lora_fold2_best_v1.pt,models/v2/v2_10b_h2_balanced_logreg_fold2_v1.joblib
2,jpeg_q50,pilot_002671,1,0.10965436697006226,tiny::VQDM,,models/v2/clip_lora_fold2_best_v1.pt,models/v2/v2_10b_h2_balanced_logreg_fold2_v1.joblib
2,jpeg_q50,pilot_002677,1,0.05569588020443916,tiny::BigGAN,,models/v2/clip_lora_fold2_best_v1.pt,models/v2/v2_10b_h2_balanced_logreg_fold2_v1.joblib
2,jpeg_q50,pilot_002680,0,0.02810284122824669,real::Tiny-GenImage,Tiny,models/v2/clip_lora_fold2_best_v1.pt,models/v2/v2_10b_h2_balanced_logreg_fold2_v1.joblib
2,jpeg_q50,pilot_002682,0,0.10963217169046402,real::Tiny-GenImage,Tiny,models/v2/clip_lora_fold2_best_v1.pt,models/v2/v2_10b_h2_balanced_logreg_fold2_v1.joblib
2,jpeg_q50,pilot_002685,1,0.16502822935581207,tiny::VQDM,,models/v2/clip_lora_fold2_best_v1.pt,models/v2/v2_10b_h2_balanced_logreg_fold2_v1.joblib
2,jpeg_q50,pilot_002686,0,0.00797953549772501,real::Tiny-GenImage,Tiny,models/v2/clip_lora_fold2_best_v1.pt,models/v2/v2_10b_h2_balanced_logreg_fold2_v1.joblib
2,jpeg_q50,pilot_002690,0,0.07625424116849899,real::Tiny-GenImage,Tiny,models/v2/clip_lora_fold2_best_v1.pt,models/v2/v2_10b_h2_balanced_logreg_fold2_v1.joblib
2,jpeg_q50,pilot_002691,1,0.02346816472709179,tiny::BigGAN,,models/v2/clip_lora_fold2_best_v1.pt,models/v2/v2_10b_h2_balanced_logreg_fold2_v1.joblib
2,jpeg_q50,pilot_002699,1,0.14604130387306213,tiny::VQDM,,models/v2/clip_lora_fold2_best_v1.pt,models/v2/v2_10b_h2_balanced_logreg_fold2_v1.joblib
2,jpeg_q50,pilot_002705,1,0.08399103581905365,tiny::BigGAN,,models/v2/clip_lora_fold2_best_v1.pt,models/v2/v2_10b_h2_balanced_logreg_fold2_v1.joblib
2,jpeg_q50,pilot_002713,1,0.13756759464740753,tiny::VQDM,,models/v2/clip_lora_fold2_best_v1.pt,models/v2/v2_10b_h2_balanced_logreg_fold2_v1.joblib
2,jpeg_q50,pilot_002719,1,0.05375516414642334,tiny::BigGAN,,models/v2/clip_lora_fold2_best_v1.pt,models/v2/v2_10b_h2_balanced_logreg_fold2_v1.joblib
2,jpeg_q50,pilot_002727,1,0.1453114151954651,tiny::VQDM,,models/v2/clip_lora_fold2_best_v1.pt,models/v2/v2_10b_h2_balanced_logreg_fold2_v1.joblib
2,jpeg_q50,pilot_002733,1,0.05426875501871109,tiny::BigGAN,,models/v2/clip_lora_fold2_best_v1.pt,models/v2/v2_10b_h2_balanced_logreg_fold2_v1.joblib
2,jpeg_q50,pilot_002741,1,0.08583218604326248,tiny::VQDM,,models/v2/clip_lora_fold2_best_v1.pt,models/v2/v2_10b_h2_balanced_logreg_fold2_v1.joblib
2,jpeg_q50,pilot_002742,0,0.02093443088233471,real::Tiny-GenImage,Tiny,models/v2/clip_lora_fold2_best_v1.pt,models/v2/v2_10b_h2_balanced_logreg_fold2_v1.joblib
2,jpeg_q50,pilot_002747,1,0.018548404797911644,tiny::BigGAN,,models/v2/clip_lora_fold2_best_v1.pt,models/v2/v2_10b_h2_balanced_logreg_fold2_v1.joblib
2,jpeg_q50,pilot_002755,1,0.0711962953209877,tiny::VQDM,,models/v2/clip_lora_fold2_best_v1.pt,models/v2/v2_10b_h2_balanced_logreg_fold2_v1.joblib
2,jpeg_q50,pilot_002758,0,0.08806432038545609,real::Tiny-GenImage,Tiny,models/v2/clip_lora_fold2_best_v1.pt,models/v2/v2_10b_h2_balanced_logreg_fold2_v1.joblib
2,jpeg_q50,pilot_002760,0,0.035299152135849,real::Tiny-GenImage,Tiny,models/v2/clip_lora_fold2_best_v1.pt,models/v2/v2_10b_h2_balanced_logreg_fold2_v1.joblib
2,jpeg_q50,pilot_002761,1,0.041635412722826004,tiny::BigGAN,,models/v2/clip_lora_fold2_best_v1.pt,models/v2/v2_10b_h2_balanced_logreg_fold2_v1.joblib
2,jpeg_q50,pilot_002769,1,0.37692320346832275,tiny::VQDM,,models/v2/clip_lora_fold2_best_v1.pt,models/v2/v2_10b_h2_balanced_logreg_fold2_v1.joblib
2,jpeg_q50,pilot_002772,0,0.10442335903644562,real::Tiny-GenImage,Tiny,models/v2/clip_lora_fold2_best_v1.pt,models/v2/v2_10b_h2_balanced_logreg_fold2_v1.joblib
2,jpeg_q50,pilot_002775,1,0.10587888956069946,tiny::BigGAN,,models/v2/clip_lora_fold2_best_v1.pt,models/v2/v2_10b_h2_balanced_logreg_fold2_v1.joblib
2,jpeg_q50,pilot_002783,1,0.1709224432706833,tiny::VQDM,,models/v2/clip_lora_fold2_best_v1.pt,models/v2/v2_10b_h2_balanced_logreg_fold2_v1.joblib
2,jpeg_q50,pilot_002786,0,0.4155164957046509,real::Tiny-GenImage,Tiny,models/v2/clip_lora_fold2_best_v1.pt,models/v2/v2_10b_h2_balanced_logreg_fold2_v1.joblib
2,jpeg_q50,pilot_002789,1,0.26547539234161377,tiny::BigGAN,,models/v2/clip_lora_fold2_best_v1.pt,models/v2/v2_10b_h2_balanced_logreg_fold2_v1.joblib
2,jpeg_q50,pilot_002790,0,0.013266257010400295,real::Tiny-GenImage,Tiny,models/v2/clip_lora_fold2_best_v1.pt,models/v2/v2_10b_h2_balanced_logreg_fold2_v1.joblib
2,jpeg_q50,pilot_002797,1,0.11107856780290604,tiny::VQDM,,models/v2/clip_lora_fold2_best_v1.pt,models/v2/v2_10b_h2_balanced_logreg_fold2_v1.joblib
2,jpeg_q50,pilot_002798,0,0.1595926582813263,real::Tiny-GenImage,Tiny,models/v2/clip_lora_fold2_best_v1.pt,models/v2/v2_10b_h2_balanced_logreg_fold2_v1.joblib
2,jpeg_q50,pilot_002803,1,0.20885339379310608,tiny::BigGAN,,models/v2/clip_lora_fold2_best_v1.pt,models/v2/v2_10b_h2_balanced_logreg_fold2_v1.joblib
2,jpeg_q50,pilot_002811,1,0.07091089338064194,tiny::VQDM,,models/v2/clip_lora_fold2_best_v1.pt,models/v2/v2_10b_h2_balanced_logreg_fold2_v1.joblib
2,jpeg_q50,pilot_002816,0,0.037733908742666245,real::Tiny-GenImage,Tiny,models/v2/clip_lora_fold2_best_v1.pt,models/v2/v2_10b_h2_balanced_logreg_fold2_v1.joblib
2,jpeg_q50,pilot_002817,1,0.12056030333042145,tiny::BigGAN,,models/v2/clip_lora_fold2_best_v1.pt,models/v2/v2_10b_h2_balanced_logreg_fold2_v1.joblib
2,jpeg_q50,pilot_002825,1,0.0813770443201065,tiny::VQDM,,models/v2/clip_lora_fold2_best_v1.pt,models/v2/v2_10b_h2_balanced_logreg_fold2_v1.joblib
2,jpeg_q50,pilot_002831,1,0.028106866404414177,tiny::BigGAN,,models/v2/clip_lora_fold2_best_v1.pt,models/v2/v2_10b_h2_balanced_logreg_fold2_v1.joblib
2,jpeg_q50,pilot_002839,1,0.09546826034784317,tiny::VQDM,,models/v2/clip_lora_fold2_best_v1.pt,models/v2/v2_10b_h2_balanced_logreg_fold2_v1.joblib
2,jpeg_q50,pilot_002842,0,0.037580084055662155,real::Tiny-GenImage,Tiny,models/v2/clip_lora_fold2_best_v1.pt,models/v2/v2_10b_h2_balanced_logreg_fold2_v1.joblib
2,jpeg_q50,pilot_002845,1,0.09522710740566254,tiny::BigGAN,,models/v2/clip_lora_fold2_best_v1.pt,models/v2/v2_10b_h2_balanced_logreg_fold2_v1.joblib
2,jpeg_q50,pilot_002853,1,0.016079304739832878,tiny::VQDM,,models/v2/clip_lora_fold2_best_v1.pt,models/v2/v2_10b_h2_balanced_logreg_fold2_v1.joblib
2,jpeg_q50,pilot_002854,0,0.1446155160665512,real::Tiny-GenImage,Tiny,models/v2/clip_lora_fold2_best_v1.pt,models/v2/v2_10b_h2_balanced_logreg_fold2_v1.joblib
2,jpeg_q50,pilot_002859,1,0.02778986282646656,tiny::BigGAN,,models/v2/clip_lora_fold2_best_v1.pt,models/v2/v2_10b_h2_balanced_logreg_fold2_v1.joblib
2,jpeg_q50,pilot_002860,0,0.05472128838300705,real::Tiny-GenImage,Tiny,models/v2/clip_lora_fold2_best_v1.pt,models/v2/v2_10b_h2_balanced_logreg_fold2_v1.joblib
2,jpeg_q50,pilot_002864,0,0.066305972635746,real::Tiny-GenImage,Tiny,models/v2/clip_lora_fold2_best_v1.pt,models/v2/v2_10b_h2_balanced_logreg_fold2_v1.joblib
2,jpeg_q50,pilot_002867,1,0.09719565510749817,tiny::VQDM,,models/v2/clip_lora_fold2_best_v1.pt,models/v2/v2_10b_h2_balanced_logreg_fold2_v1.joblib
2,jpeg_q50,pilot_002870,0,0.015961211174726486,real::Tiny-GenImage,Tiny,models/v2/clip_lora_fold2_best_v1.pt,models/v2/v2_10b_h2_balanced_logreg_fold2_v1.joblib
2,jpeg_q50,pilot_002872,0,0.0663657858967781,real::Tiny-GenImage,Tiny,models/v2/clip_lora_fold2_best_v1.pt,models/v2/v2_10b_h2_balanced_logreg_fold2_v1.joblib
2,jpeg_q50,pilot_002873,1,0.019425850361585617,tiny::BigGAN,,models/v2/clip_lora_fold2_best_v1.pt,models/v2/v2_10b_h2_balanced_logreg_fold2_v1.joblib
2,jpeg_q50,pilot_002881,1,0.07991830259561539,tiny::VQDM,,models/v2/clip_lora_fold2_best_v1.pt,models/v2/v2_10b_h2_balanced_logreg_fold2_v1.joblib
2,jpeg_q50,pilot_002887,1,0.032337795943021774,tiny::BigGAN,,models/v2/clip_lora_fold2_best_v1.pt,models/v2/v2_10b_h2_balanced_logreg_fold2_v1.joblib
2,jpeg_q50,pilot_002888,0,0.029630517587065697,real::Tiny-GenImage,Tiny,models/v2/clip_lora_fold2_best_v1.pt,models/v2/v2_10b_h2_balanced_logreg_fold2_v1.joblib
2,jpeg_q50,pilot_002894,0,0.06608585268259048,real::Tiny-GenImage,Tiny,models/v2/clip_lora_fold2_best_v1.pt,models/v2/v2_10b_h2_balanced_logreg_fold2_v1.joblib
2,jpeg_q50,pilot_002895,1,0.42185258865356445,tiny::VQDM,,models/v2/clip_lora_fold2_best_v1.pt,models/v2/v2_10b_h2_balanced_logreg_fold2_v1.joblib
2,jpeg_q50,pilot_002901,1,0.03617706894874573,tiny::BigGAN,,models/v2/clip_lora_fold2_best_v1.pt,models/v2/v2_10b_h2_balanced_logreg_fold2_v1.joblib
2,jpeg_q50,pilot_002904,0,0.008575101383030415,real::Tiny-GenImage,Tiny,models/v2/clip_lora_fold2_best_v1.pt,models/v2/v2_10b_h2_balanced_logreg_fold2_v1.joblib
2,jpeg_q50,pilot_002909,1,0.5628373622894287,tiny::VQDM,,models/v2/clip_lora_fold2_best_v1.pt,models/v2/v2_10b_h2_balanced_logreg_fold2_v1.joblib
2,jpeg_q50,pilot_002914,0,0.16011598706245422,real::Tiny-GenImage,Tiny,models/v2/clip_lora_fold2_best_v1.pt,models/v2/v2_10b_h2_balanced_logreg_fold2_v1.joblib
2,jpeg_q50,pilot_002915,1,0.04295600205659866,tiny::BigGAN,,models/v2/clip_lora_fold2_best_v1.pt,models/v2/v2_10b_h2_balanced_logreg_fold2_v1.joblib
2,jpeg_q50,pilot_002923,1,0.12880833446979523,tiny::VQDM,,models/v2/clip_lora_fold2_best_v1.pt,models/v2/v2_10b_h2_balanced_logreg_fold2_v1.joblib
2,jpeg_q50,pilot_002929,1,0.02221999317407608,tiny::BigGAN,,models/v2/clip_lora_fold2_best_v1.pt,models/v2/v2_10b_h2_balanced_logreg_fold2_v1.joblib
2,jpeg_q50,pilot_002937,1,0.12714582681655884,tiny::VQDM,,models/v2/clip_lora_fold2_best_v1.pt,models/v2/v2_10b_h2_balanced_logreg_fold2_v1.joblib
2,jpeg_q50,pilot_002943,1,0.024881970137357712,tiny::BigGAN,,models/v2/clip_lora_fold2_best_v1.pt,models/v2/v2_10b_h2_balanced_logreg_fold2_v1.joblib
2,jpeg_q50,pilot_002951,1,0.20341840386390686,tiny::VQDM,,models/v2/clip_lora_fold2_best_v1.pt,models/v2/v2_10b_h2_balanced_logreg_fold2_v1.joblib
2,jpeg_q50,pilot_002957,1,0.024426918476819992,tiny::BigGAN,,models/v2/clip_lora_fold2_best_v1.pt,models/v2/v2_10b_h2_balanced_logreg_fold2_v1.joblib
2,jpeg_q50,pilot_002965,1,0.13127528131008148,tiny::VQDM,,models/v2/clip_lora_fold2_best_v1.pt,models/v2/v2_10b_h2_balanced_logreg_fold2_v1.joblib
2,jpeg_q50,pilot_002971,1,0.09228869527578354,tiny::BigGAN,,models/v2/clip_lora_fold2_best_v1.pt,models/v2/v2_10b_h2_balanced_logreg_fold2_v1.joblib
2,jpeg_q50,pilot_002974,0,0.09335581958293915,real::Tiny-GenImage,Tiny,models/v2/clip_lora_fold2_best_v1.pt,models/v2/v2_10b_h2_balanced_logreg_fold2_v1.joblib
2,jpeg_q50,pilot_002979,1,0.18785905838012695,tiny::VQDM,,models/v2/clip_lora_fold2_best_v1.pt,models/v2/v2_10b_h2_balanced_logreg_fold2_v1.joblib
2,jpeg_q50,pilot_002985,1,0.020366698503494263,tiny::BigGAN,,models/v2/clip_lora_fold2_best_v1.pt,models/v2/v2_10b_h2_balanced_logreg_fold2_v1.joblib
2,jpeg_q50,pilot_002993,1,0.03922148793935776,tiny::VQDM,,models/v2/clip_lora_fold2_best_v1.pt,models/v2/v2_10b_h2_balanced_logreg_fold2_v1.joblib
2,jpeg_q50,pilot_002999,1,0.026910943910479546,tiny::BigGAN,,models/v2/clip_lora_fold2_best_v1.pt,models/v2/v2_10b_h2_balanced_logreg_fold2_v1.joblib
2,jpeg_q50,pilot_003007,1,0.07105705142021179,tiny::VQDM,,models/v2/clip_lora_fold2_best_v1.pt,models/v2/v2_10b_h2_balanced_logreg_fold2_v1.joblib
2,jpeg_q50,pilot_003012,0,0.03904670849442482,real::Tiny-GenImage,Tiny,models/v2/clip_lora_fold2_best_v1.pt,models/v2/v2_10b_h2_balanced_logreg_fold2_v1.joblib
2,jpeg_q50,pilot_003013,1,0.0804690346121788,tiny::BigGAN,,models/v2/clip_lora_fold2_best_v1.pt,models/v2/v2_10b_h2_balanced_logreg_fold2_v1.joblib
2,jpeg_q50,pilot_003018,0,0.025016620755195618,real::Tiny-GenImage,Tiny,models/v2/clip_lora_fold2_best_v1.pt,models/v2/v2_10b_h2_balanced_logreg_fold2_v1.joblib
2,jpeg_q50,pilot_003021,1,0.18816350400447845,tiny::VQDM,,models/v2/clip_lora_fold2_best_v1.pt,models/v2/v2_10b_h2_balanced_logreg_fold2_v1.joblib
2,jpeg_q50,pilot_003027,1,0.023161359131336212,tiny::BigGAN,,models/v2/clip_lora_fold2_best_v1.pt,models/v2/v2_10b_h2_balanced_logreg_fold2_v1.joblib
2,jpeg_q50,pilot_003035,1,0.16912966966629028,tiny::VQDM,,models/v2/clip_lora_fold2_best_v1.pt,models/v2/v2_10b_h2_balanced_logreg_fold2_v1.joblib
2,jpeg_q50,pilot_003041,1,0.029883069917559624,tiny::BigGAN,,models/v2/clip_lora_fold2_best_v1.pt,models/v2/v2_10b_h2_balanced_logreg_fold2_v1.joblib
2,jpeg_q50,pilot_003044,0,0.03749275952577591,real::Tiny-GenImage,Tiny,models/v2/clip_lora_fold2_best_v1.pt,models/v2/v2_10b_h2_balanced_logreg_fold2_v1.joblib
2,jpeg_q50,pilot_003049,1,0.16584335267543793,tiny::VQDM,,models/v2/clip_lora_fold2_best_v1.pt,models/v2/v2_10b_h2_balanced_logreg_fold2_v1.joblib
2,jpeg_q50,pilot_003055,1,0.021182775497436523,tiny::BigGAN,,models/v2/clip_lora_fold2_best_v1.pt,models/v2/v2_10b_h2_balanced_logreg_fold2_v1.joblib
2,jpeg_q50,pilot_003062,0,0.1286688894033432,real::Tiny-GenImage,Tiny,models/v2/clip_lora_fold2_best_v1.pt,models/v2/v2_10b_h2_balanced_logreg_fold2_v1.joblib
2,jpeg_q50,pilot_003063,1,0.19836647808551788,tiny::VQDM,,models/v2/clip_lora_fold2_best_v1.pt,models/v2/v2_10b_h2_balanced_logreg_fold2_v1.joblib
2,jpeg_q50,pilot_003069,1,0.04728247970342636,tiny::BigGAN,,models/v2/clip_lora_fold2_best_v1.pt,models/v2/v2_10b_h2_balanced_logreg_fold2_v1.joblib
2,jpeg_q50,pilot_003077,1,0.219877690076828,tiny::VQDM,,models/v2/clip_lora_fold2_best_v1.pt,models/v2/v2_10b_h2_balanced_logreg_fold2_v1.joblib
2,jpeg_q50,pilot_003083,1,0.03167494013905525,tiny::BigGAN,,models/v2/clip_lora_fold2_best_v1.pt,models/v2/v2_10b_h2_balanced_logreg_fold2_v1.joblib
2,jpeg_q50,pilot_003091,1,0.17026494443416595,tiny::VQDM,,models/v2/clip_lora_fold2_best_v1.pt,models/v2/v2_10b_h2_balanced_logreg_fold2_v1.joblib
2,jpeg_q50,pilot_003092,0,0.0236780047416687,real::Tiny-GenImage,Tiny,models/v2/clip_lora_fold2_best_v1.pt,models/v2/v2_10b_h2_balanced_logreg_fold2_v1.joblib
2,jpeg_q50,pilot_003097,1,0.018045032396912575,tiny::BigGAN,,models/v2/clip_lora_fold2_best_v1.pt,models/v2/v2_10b_h2_balanced_logreg_fold2_v1.joblib
2,jpeg_q50,pilot_003102,0,0.06524521112442017,real::Tiny-GenImage,Tiny,models/v2/clip_lora_fold2_best_v1.pt,models/v2/v2_10b_h2_balanced_logreg_fold2_v1.joblib
2,jpeg_q50,pilot_003105,1,0.10720618814229965,tiny::VQDM,,models/v2/clip_lora_fold2_best_v1.pt,models/v2/v2_10b_h2_balanced_logreg_fold2_v1.joblib
2,jpeg_q50,pilot_003111,1,0.014227574691176414,tiny::BigGAN,,models/v2/clip_lora_fold2_best_v1.pt,models/v2/v2_10b_h2_balanced_logreg_fold2_v1.joblib
2,jpeg_q50,pilot_003119,1,0.08165431022644043,tiny::VQDM,,models/v2/clip_lora_fold2_best_v1.pt,models/v2/v2_10b_h2_balanced_logreg_fold2_v1.joblib
2,jpeg_q50,pilot_003125,1,0.05761626362800598,tiny::BigGAN,,models/v2/clip_lora_fold2_best_v1.pt,models/v2/v2_10b_h2_balanced_logreg_fold2_v1.joblib
2,jpeg_q50,pilot_003133,1,0.11148762702941895,tiny::VQDM,,models/v2/clip_lora_fold2_best_v1.pt,models/v2/v2_10b_h2_balanced_logreg_fold2_v1.joblib
2,jpeg_q50,pilot_003136,0,0.023050326853990555,real::Tiny-GenImage,Tiny,models/v2/clip_lora_fold2_best_v1.pt,models/v2/v2_10b_h2_balanced_logreg_fold2_v1.joblib
2,jpeg_q50,pilot_003139,1,0.02811804600059986,tiny::BigGAN,,models/v2/clip_lora_fold2_best_v1.pt,models/v2/v2_10b_h2_balanced_logreg_fold2_v1.joblib
2,jpeg_q50,pilot_003147,1,0.3298136591911316,tiny::VQDM,,models/v2/clip_lora_fold2_best_v1.pt,models/v2/v2_10b_h2_balanced_logreg_fold2_v1.joblib
2,jpeg_q50,pilot_003153,1,0.01676063984632492,tiny::BigGAN,,models/v2/clip_lora_fold2_best_v1.pt,models/v2/v2_10b_h2_balanced_logreg_fold2_v1.joblib
2,jpeg_q50,pilot_003156,0,0.01638687774538994,real::Tiny-GenImage,Tiny,models/v2/clip_lora_fold2_best_v1.pt,models/v2/v2_10b_h2_balanced_logreg_fold2_v1.joblib
2,jpeg_q50,pilot_003161,1,0.06747235357761383,tiny::VQDM,,models/v2/clip_lora_fold2_best_v1.pt,models/v2/v2_10b_h2_balanced_logreg_fold2_v1.joblib
2,jpeg_q50,pilot_003167,1,0.013609890826046467,tiny::BigGAN,,models/v2/clip_lora_fold2_best_v1.pt,models/v2/v2_10b_h2_balanced_logreg_fold2_v1.joblib
2,jpeg_q50,pilot_003168,0,0.03161348029971123,real::Tiny-GenImage,Tiny,models/v2/clip_lora_fold2_best_v1.pt,models/v2/v2_10b_h2_balanced_logreg_fold2_v1.joblib
2,jpeg_q50,pilot_003170,0,0.32564422488212585,real::Tiny-GenImage,Tiny,models/v2/clip_lora_fold2_best_v1.pt,models/v2/v2_10b_h2_balanced_logreg_fold2_v1.joblib
2,jpeg_q50,pilot_003175,1,0.11808838695287704,tiny::VQDM,,models/v2/clip_lora_fold2_best_v1.pt,models/v2/v2_10b_h2_balanced_logreg_fold2_v1.joblib
2,jpeg_q50,pilot_003181,1,0.05283255875110626,tiny::BigGAN,,models/v2/clip_lora_fold2_best_v1.pt,models/v2/v2_10b_h2_balanced_logreg_fold2_v1.joblib
2,jpeg_q50,pilot_003189,1,0.12348638474941254,tiny::VQDM,,models/v2/clip_lora_fold2_best_v1.pt,models/v2/v2_10b_h2_balanced_logreg_fold2_v1.joblib
2,jpeg_q50,pilot_003190,0,0.07034334540367126,real::Tiny-GenImage,Tiny,models/v2/clip_lora_fold2_best_v1.pt,models/v2/v2_10b_h2_balanced_logreg_fold2_v1.joblib
2,jpeg_q50,pilot_003192,0,0.07556463778018951,real::Tiny-GenImage,Tiny,models/v2/clip_lora_fold2_best_v1.pt,models/v2/v2_10b_h2_balanced_logreg_fold2_v1.joblib
2,jpeg_q50,pilot_003195,1,0.03292793780565262,tiny::BigGAN,,models/v2/clip_lora_fold2_best_v1.pt,models/v2/v2_10b_h2_balanced_logreg_fold2_v1.joblib
2,jpeg_q50,pilot_003203,1,0.1281866431236267,tiny::VQDM,,models/v2/clip_lora_fold2_best_v1.pt,models/v2/v2_10b_h2_balanced_logreg_fold2_v1.joblib
2,jpeg_q50,pilot_003206,0,0.01834818907082081,real::Tiny-GenImage,Tiny,models/v2/clip_lora_fold2_best_v1.pt,models/v2/v2_10b_h2_balanced_logreg_fold2_v1.joblib
2,jpeg_q50,pilot_003209,1,0.028109576553106308,tiny::BigGAN,,models/v2/clip_lora_fold2_best_v1.pt,models/v2/v2_10b_h2_balanced_logreg_fold2_v1.joblib
2,jpeg_q50,pilot_003217,1,0.1497812122106552,tiny::VQDM,,models/v2/clip_lora_fold2_best_v1.pt,models/v2/v2_10b_h2_balanced_logreg_fold2_v1.joblib
2,jpeg_q50,pilot_003218,0,0.31141865253448486,real::Tiny-GenImage,Tiny,models/v2/clip_lora_fold2_best_v1.pt,models/v2/v2_10b_h2_balanced_logreg_fold2_v1.joblib
2,jpeg_q50,pilot_003223,1,0.020558902993798256,tiny::BigGAN,,models/v2/clip_lora_fold2_best_v1.pt,models/v2/v2_10b_h2_balanced_logreg_fold2_v1.joblib
2,jpeg_q50,pilot_003231,1,0.06126783788204193,tiny::VQDM,,models/v2/clip_lora_fold2_best_v1.pt,models/v2/v2_10b_h2_balanced_logreg_fold2_v1.joblib
2,jpeg_q50,pilot_003232,0,0.07260546088218689,real::Tiny-GenImage,Tiny,models/v2/clip_lora_fold2_best_v1.pt,models/v2/v2_10b_h2_balanced_logreg_fold2_v1.joblib
2,jpeg_q50,pilot_003237,1,0.007939965464174747,tiny::BigGAN,,models/v2/clip_lora_fold2_best_v1.pt,models/v2/v2_10b_h2_balanced_logreg_fold2_v1.joblib
2,jpeg_q50,pilot_003245,1,0.11425351351499557,tiny::VQDM,,models/v2/clip_lora_fold2_best_v1.pt,models/v2/v2_10b_h2_balanced_logreg_fold2_v1.joblib
2,jpeg_q50,pilot_003248,0,0.06441619992256165,real::Tiny-GenImage,Tiny,models/v2/clip_lora_fold2_best_v1.pt,models/v2/v2_10b_h2_balanced_logreg_fold2_v1.joblib
2,jpeg_q50,pilot_003251,1,0.12151110917329788,tiny::BigGAN,,models/v2/clip_lora_fold2_best_v1.pt,models/v2/v2_10b_h2_balanced_logreg_fold2_v1.joblib
2,jpeg_q50,pilot_003259,1,0.056991685181856155,tiny::VQDM,,models/v2/clip_lora_fold2_best_v1.pt,models/v2/v2_10b_h2_balanced_logreg_fold2_v1.joblib
2,jpeg_q50,pilot_003265,1,0.13127093017101288,tiny::BigGAN,,models/v2/clip_lora_fold2_best_v1.pt,models/v2/v2_10b_h2_balanced_logreg_fold2_v1.joblib
2,jpeg_q50,pilot_003266,0,0.03436598554253578,real::Tiny-GenImage,Tiny,models/v2/clip_lora_fold2_best_v1.pt,models/v2/v2_10b_h2_balanced_logreg_fold2_v1.joblib
2,jpeg_q50,pilot_003273,1,0.2773471772670746,tiny::VQDM,,models/v2/clip_lora_fold2_best_v1.pt,models/v2/v2_10b_h2_balanced_logreg_fold2_v1.joblib
2,jpeg_q50,pilot_003279,1,0.04091702401638031,tiny::BigGAN,,models/v2/clip_lora_fold2_best_v1.pt,models/v2/v2_10b_h2_balanced_logreg_fold2_v1.joblib
2,jpeg_q50,pilot_003280,0,0.27219894528388977,real::Tiny-GenImage,Tiny,models/v2/clip_lora_fold2_best_v1.pt,models/v2/v2_10b_h2_balanced_logreg_fold2_v1.joblib
2,jpeg_q50,pilot_003287,1,0.08175107091665268,tiny::VQDM,,models/v2/clip_lora_fold2_best_v1.pt,models/v2/v2_10b_h2_balanced_logreg_fold2_v1.joblib
2,jpeg_q50,pilot_003293,1,0.07043102383613586,tiny::BigGAN,,models/v2/clip_lora_fold2_best_v1.pt,models/v2/v2_10b_h2_balanced_logreg_fold2_v1.joblib
2,jpeg_q50,pilot_003301,1,0.0839630514383316,tiny::VQDM,,models/v2/clip_lora_fold2_best_v1.pt,models/v2/v2_10b_h2_balanced_logreg_fold2_v1.joblib
2,jpeg_q50,pilot_003307,1,0.03950219973921776,tiny::BigGAN,,models/v2/clip_lora_fold2_best_v1.pt,models/v2/v2_10b_h2_balanced_logreg_fold2_v1.joblib
2,jpeg_q50,pilot_003315,1,0.1816251128911972,tiny::VQDM,,models/v2/clip_lora_fold2_best_v1.pt,models/v2/v2_10b_h2_balanced_logreg_fold2_v1.joblib
2,jpeg_q50,pilot_003321,1,0.11368148028850555,tiny::BigGAN,,models/v2/clip_lora_fold2_best_v1.pt,models/v2/v2_10b_h2_balanced_logreg_fold2_v1.joblib
2,jpeg_q50,pilot_003329,1,0.5501607060432434,tiny::VQDM,,models/v2/clip_lora_fold2_best_v1.pt,models/v2/v2_10b_h2_balanced_logreg_fold2_v1.joblib
2,jpeg_q50,pilot_003334,0,0.0032073731999844313,real::Tiny-GenImage,Tiny,models/v2/clip_lora_fold2_best_v1.pt,models/v2/v2_10b_h2_balanced_logreg_fold2_v1.joblib
2,jpeg_q50,pilot_003335,1,0.02467069961130619,tiny::BigGAN,,models/v2/clip_lora_fold2_best_v1.pt,models/v2/v2_10b_h2_balanced_logreg_fold2_v1.joblib
2,jpeg_q50,pilot_003343,1,0.14785996079444885,tiny::VQDM,,models/v2/clip_lora_fold2_best_v1.pt,models/v2/v2_10b_h2_balanced_logreg_fold2_v1.joblib
2,jpeg_q50,pilot_003344,0,0.06045166775584221,real::Tiny-GenImage,Tiny,models/v2/clip_lora_fold2_best_v1.pt,models/v2/v2_10b_h2_balanced_logreg_fold2_v1.joblib
2,jpeg_q50,pilot_003349,1,0.06626657396554947,tiny::BigGAN,,models/v2/clip_lora_fold2_best_v1.pt,models/v2/v2_10b_h2_balanced_logreg_fold2_v1.joblib
2,jpeg_q50,pilot_003356,0,0.1474044919013977,real::Tiny-GenImage,Tiny,models/v2/clip_lora_fold2_best_v1.pt,models/v2/v2_10b_h2_balanced_logreg_fold2_v1.joblib
2,jpeg_q50,pilot_003357,1,0.14453300833702087,tiny::VQDM,,models/v2/clip_lora_fold2_best_v1.pt,models/v2/v2_10b_h2_balanced_logreg_fold2_v1.joblib
2,jpeg_q50,pilot_003363,1,0.020800787955522537,tiny::BigGAN,,models/v2/clip_lora_fold2_best_v1.pt,models/v2/v2_10b_h2_balanced_logreg_fold2_v1.joblib
2,jpeg_q50,pilot_003370,0,0.060607559978961945,real::Tiny-GenImage,Tiny,models/v2/clip_lora_fold2_best_v1.pt,models/v2/v2_10b_h2_balanced_logreg_fold2_v1.joblib
2,jpeg_q50,pilot_003371,1,0.20281922817230225,tiny::VQDM,,models/v2/clip_lora_fold2_best_v1.pt,models/v2/v2_10b_h2_balanced_logreg_fold2_v1.joblib
2,jpeg_q50,pilot_003377,1,0.1342587023973465,tiny::BigGAN,,models/v2/clip_lora_fold2_best_v1.pt,models/v2/v2_10b_h2_balanced_logreg_fold2_v1.joblib
2,jpeg_q50,pilot_003385,1,0.19510720670223236,tiny::VQDM,,models/v2/clip_lora_fold2_best_v1.pt,models/v2/v2_10b_h2_balanced_logreg_fold2_v1.joblib
2,jpeg_q50,pilot_003386,0,0.0962860956788063,real::Tiny-GenImage,Tiny,models/v2/clip_lora_fold2_best_v1.pt,models/v2/v2_10b_h2_balanced_logreg_fold2_v1.joblib
2,jpeg_q50,pilot_003390,0,0.24443721771240234,real::Tiny-GenImage,Tiny,models/v2/clip_lora_fold2_best_v1.pt,models/v2/v2_10b_h2_balanced_logreg_fold2_v1.joblib
2,jpeg_q50,pilot_003391,1,0.03035852313041687,tiny::BigGAN,,models/v2/clip_lora_fold2_best_v1.pt,models/v2/v2_10b_h2_balanced_logreg_fold2_v1.joblib
2,jpeg_q50,pilot_003399,1,0.0946207270026207,tiny::VQDM,,models/v2/clip_lora_fold2_best_v1.pt,models/v2/v2_10b_h2_balanced_logreg_fold2_v1.joblib
2,jpeg_q50,pilot_003405,1,0.03277640417218208,tiny::BigGAN,,models/v2/clip_lora_fold2_best_v1.pt,models/v2/v2_10b_h2_balanced_logreg_fold2_v1.joblib
2,jpeg_q50,pilot_003413,1,0.07335368543863297,tiny::VQDM,,models/v2/clip_lora_fold2_best_v1.pt,models/v2/v2_10b_h2_balanced_logreg_fold2_v1.joblib
2,jpeg_q50,pilot_003419,1,0.04436535760760307,tiny::BigGAN,,models/v2/clip_lora_fold2_best_v1.pt,models/v2/v2_10b_h2_balanced_logreg_fold2_v1.joblib
2,jpeg_q50,pilot_003424,0,0.005812793038785458,real::Tiny-GenImage,Tiny,models/v2/clip_lora_fold2_best_v1.pt,models/v2/v2_10b_h2_balanced_logreg_fold2_v1.joblib
2,jpeg_q50,pilot_003427,1,0.2563740909099579,tiny::VQDM,,models/v2/clip_lora_fold2_best_v1.pt,models/v2/v2_10b_h2_balanced_logreg_fold2_v1.joblib
2,jpeg_q50,pilot_003433,1,0.007846161723136902,tiny::BigGAN,,models/v2/clip_lora_fold2_best_v1.pt,models/v2/v2_10b_h2_balanced_logreg_fold2_v1.joblib
2,jpeg_q50,pilot_003438,0,0.09130953997373581,real::Tiny-GenImage,Tiny,models/v2/clip_lora_fold2_best_v1.pt,models/v2/v2_10b_h2_balanced_logreg_fold2_v1.joblib
2,jpeg_q50,pilot_003441,1,0.0488591305911541,tiny::VQDM,,models/v2/clip_lora_fold2_best_v1.pt,models/v2/v2_10b_h2_balanced_logreg_fold2_v1.joblib
2,jpeg_q50,pilot_003444,0,0.17361167073249817,real::Tiny-GenImage,Tiny,models/v2/clip_lora_fold2_best_v1.pt,models/v2/v2_10b_h2_balanced_logreg_fold2_v1.joblib
2,jpeg_q50,pilot_003446,0,0.031331680715084076,real::Tiny-GenImage,Tiny,models/v2/clip_lora_fold2_best_v1.pt,models/v2/v2_10b_h2_balanced_logreg_fold2_v1.joblib
2,jpeg_q50,pilot_003447,1,0.021684518083930016,tiny::BigGAN,,models/v2/clip_lora_fold2_best_v1.pt,models/v2/v2_10b_h2_balanced_logreg_fold2_v1.joblib
2,jpeg_q50,pilot_003455,1,0.14637233316898346,tiny::VQDM,,models/v2/clip_lora_fold2_best_v1.pt,models/v2/v2_10b_h2_balanced_logreg_fold2_v1.joblib
2,jpeg_q50,pilot_003461,1,0.029626350849866867,tiny::BigGAN,,models/v2/clip_lora_fold2_best_v1.pt,models/v2/v2_10b_h2_balanced_logreg_fold2_v1.joblib
2,jpeg_q50,pilot_003464,0,0.0650566890835762,real::Tiny-GenImage,Tiny,models/v2/clip_lora_fold2_best_v1.pt,models/v2/v2_10b_h2_balanced_logreg_fold2_v1.joblib
2,jpeg_q50,pilot_003466,0,0.058609701693058014,real::Tiny-GenImage,Tiny,models/v2/clip_lora_fold2_best_v1.pt,models/v2/v2_10b_h2_balanced_logreg_fold2_v1.joblib
2,jpeg_q50,pilot_003469,1,0.301292359828949,tiny::VQDM,,models/v2/clip_lora_fold2_best_v1.pt,models/v2/v2_10b_h2_balanced_logreg_fold2_v1.joblib
2,jpeg_q50,pilot_003475,1,0.17227643728256226,tiny::BigGAN,,models/v2/clip_lora_fold2_best_v1.pt,models/v2/v2_10b_h2_balanced_logreg_fold2_v1.joblib
2,jpeg_q50,pilot_003478,0,0.051768600940704346,real::Tiny-GenImage,Tiny,models/v2/clip_lora_fold2_best_v1.pt,models/v2/v2_10b_h2_balanced_logreg_fold2_v1.joblib
2,jpeg_q50,pilot_003483,1,0.035352274775505066,tiny::VQDM,,models/v2/clip_lora_fold2_best_v1.pt,models/v2/v2_10b_h2_balanced_logreg_fold2_v1.joblib
2,jpeg_q50,pilot_003489,1,0.040074754506349564,tiny::BigGAN,,models/v2/clip_lora_fold2_best_v1.pt,models/v2/v2_10b_h2_balanced_logreg_fold2_v1.joblib
2,jpeg_q50,pilot_003497,1,0.16370975971221924,tiny::VQDM,,models/v2/clip_lora_fold2_best_v1.pt,models/v2/v2_10b_h2_balanced_logreg_fold2_v1.joblib
2,jpeg_q50,pilot_003503,1,0.1196107491850853,tiny::BigGAN,,models/v2/clip_lora_fold2_best_v1.pt,models/v2/v2_10b_h2_balanced_logreg_fold2_v1.joblib
2,jpeg_q50,pilot_003508,0,0.04660898447036743,real::Tiny-GenImage,Tiny,models/v2/clip_lora_fold2_best_v1.pt,models/v2/v2_10b_h2_balanced_logreg_fold2_v1.joblib
2,jpeg_q50,pilot_003511,1,0.10940057784318924,tiny::VQDM,,models/v2/clip_lora_fold2_best_v1.pt,models/v2/v2_10b_h2_balanced_logreg_fold2_v1.joblib
2,jpeg_q50,pilot_003514,0,0.15346872806549072,real::Tiny-GenImage,Tiny,models/v2/clip_lora_fold2_best_v1.pt,models/v2/v2_10b_h2_balanced_logreg_fold2_v1.joblib
2,jpeg_q50,pilot_003517,1,0.043706681579351425,tiny::BigGAN,,models/v2/clip_lora_fold2_best_v1.pt,models/v2/v2_10b_h2_balanced_logreg_fold2_v1.joblib
2,jpeg_q50,pilot_003525,1,0.05308647081255913,tiny::VQDM,,models/v2/clip_lora_fold2_best_v1.pt,models/v2/v2_10b_h2_balanced_logreg_fold2_v1.joblib
2,jpeg_q50,pilot_003526,0,0.23827552795410156,real::Tiny-GenImage,Tiny,models/v2/clip_lora_fold2_best_v1.pt,models/v2/v2_10b_h2_balanced_logreg_fold2_v1.joblib
2,jpeg_q50,pilot_003530,0,0.01141692791134119,real::Tiny-GenImage,Tiny,models/v2/clip_lora_fold2_best_v1.pt,models/v2/v2_10b_h2_balanced_logreg_fold2_v1.joblib
2,jpeg_q50,pilot_003531,1,0.12235596030950546,tiny::BigGAN,,models/v2/clip_lora_fold2_best_v1.pt,models/v2/v2_10b_h2_balanced_logreg_fold2_v1.joblib
2,jpeg_q50,pilot_003539,1,0.24950328469276428,tiny::VQDM,,models/v2/clip_lora_fold2_best_v1.pt,models/v2/v2_10b_h2_balanced_logreg_fold2_v1.joblib
2,jpeg_q50,pilot_003540,0,0.06733895093202591,real::Tiny-GenImage,Tiny,models/v2/clip_lora_fold2_best_v1.pt,models/v2/v2_10b_h2_balanced_logreg_fold2_v1.joblib
2,jpeg_q50,pilot_003545,1,0.027207432314753532,tiny::BigGAN,,models/v2/clip_lora_fold2_best_v1.pt,models/v2/v2_10b_h2_balanced_logreg_fold2_v1.joblib
2,jpeg_q50,pilot_003553,1,0.230878546833992,tiny::VQDM,,models/v2/clip_lora_fold2_best_v1.pt,models/v2/v2_10b_h2_balanced_logreg_fold2_v1.joblib
2,jpeg_q50,pilot_003559,1,0.01789896935224533,tiny::BigGAN,,models/v2/clip_lora_fold2_best_v1.pt,models/v2/v2_10b_h2_balanced_logreg_fold2_v1.joblib
2,jpeg_q50,pilot_003564,0,0.3489639461040497,real::Tiny-GenImage,Tiny,models/v2/clip_lora_fold2_best_v1.pt,models/v2/v2_10b_h2_balanced_logreg_fold2_v1.joblib
2,jpeg_q50,pilot_003567,1,0.12460579723119736,tiny::VQDM,,models/v2/clip_lora_fold2_best_v1.pt,models/v2/v2_10b_h2_balanced_logreg_fold2_v1.joblib
2,jpeg_q50,pilot_003568,0,0.01116518396884203,real::Tiny-GenImage,Tiny,models/v2/clip_lora_fold2_best_v1.pt,models/v2/v2_10b_h2_balanced_logreg_fold2_v1.joblib
2,jpeg_q50,pilot_003573,1,0.05819305405020714,tiny::BigGAN,,models/v2/clip_lora_fold2_best_v1.pt,models/v2/v2_10b_h2_balanced_logreg_fold2_v1.joblib
2,jpeg_q50,pilot_003574,0,0.010864322073757648,real::Tiny-GenImage,Tiny,models/v2/clip_lora_fold2_best_v1.pt,models/v2/v2_10b_h2_balanced_logreg_fold2_v1.joblib
2,jpeg_q50,pilot_003578,0,0.05970980226993561,real::Tiny-GenImage,Tiny,models/v2/clip_lora_fold2_best_v1.pt,models/v2/v2_10b_h2_balanced_logreg_fold2_v1.joblib
2,jpeg_q50,pilot_003581,1,0.6153300404548645,tiny::VQDM,,models/v2/clip_lora_fold2_best_v1.pt,models/v2/v2_10b_h2_balanced_logreg_fold2_v1.joblib
2,jpeg_q50,pilot_003584,0,0.052448175847530365,real::Tiny-GenImage,Tiny,models/v2/clip_lora_fold2_best_v1.pt,models/v2/v2_10b_h2_balanced_logreg_fold2_v1.joblib
2,jpeg_q50,pilot_003587,1,0.06502585858106613,tiny::BigGAN,,models/v2/clip_lora_fold2_best_v1.pt,models/v2/v2_10b_h2_balanced_logreg_fold2_v1.joblib
2,jpeg_q50,pilot_003595,1,0.06265165656805038,tiny::VQDM,,models/v2/clip_lora_fold2_best_v1.pt,models/v2/v2_10b_h2_balanced_logreg_fold2_v1.joblib
2,jpeg_q50,pilot_003600,0,0.020804304629564285,real::Tiny-GenImage,Tiny,models/v2/clip_lora_fold2_best_v1.pt,models/v2/v2_10b_h2_balanced_logreg_fold2_v1.joblib
2,jpeg_q50,pilot_003601,1,0.3443624675273895,tiny::BigGAN,,models/v2/clip_lora_fold2_best_v1.pt,models/v2/v2_10b_h2_balanced_logreg_fold2_v1.joblib
2,jpeg_q50,pilot_003606,0,0.03249041363596916,real::Tiny-GenImage,Tiny,models/v2/clip_lora_fold2_best_v1.pt,models/v2/v2_10b_h2_balanced_logreg_fold2_v1.joblib
2,jpeg_q50,pilot_003609,1,0.08762119710445404,tiny::VQDM,,models/v2/clip_lora_fold2_best_v1.pt,models/v2/v2_10b_h2_balanced_logreg_fold2_v1.joblib
2,jpeg_q50,pilot_003615,1,0.08167210966348648,tiny::BigGAN,,models/v2/clip_lora_fold2_best_v1.pt,models/v2/v2_10b_h2_balanced_logreg_fold2_v1.joblib
2,jpeg_q50,pilot_003620,0,0.18983511626720428,real::Tiny-GenImage,Tiny,models/v2/clip_lora_fold2_best_v1.pt,models/v2/v2_10b_h2_balanced_logreg_fold2_v1.joblib
2,jpeg_q50,pilot_003622,0,0.045196469873189926,real::Tiny-GenImage,Tiny,models/v2/clip_lora_fold2_best_v1.pt,models/v2/v2_10b_h2_balanced_logreg_fold2_v1.joblib
2,jpeg_q50,pilot_003623,1,0.2506203353404999,tiny::VQDM,,models/v2/clip_lora_fold2_best_v1.pt,models/v2/v2_10b_h2_balanced_logreg_fold2_v1.joblib
2,jpeg_q50,pilot_003629,1,0.04801589995622635,tiny::BigGAN,,models/v2/clip_lora_fold2_best_v1.pt,models/v2/v2_10b_h2_balanced_logreg_fold2_v1.joblib
2,jpeg_q50,pilot_003634,0,0.06308060139417648,real::Tiny-GenImage,Tiny,models/v2/clip_lora_fold2_best_v1.pt,models/v2/v2_10b_h2_balanced_logreg_fold2_v1.joblib
2,jpeg_q50,pilot_003637,1,0.11665130406618118,tiny::VQDM,,models/v2/clip_lora_fold2_best_v1.pt,models/v2/v2_10b_h2_balanced_logreg_fold2_v1.joblib
2,jpeg_q50,pilot_003643,1,0.028553539887070656,tiny::BigGAN,,models/v2/clip_lora_fold2_best_v1.pt,models/v2/v2_10b_h2_balanced_logreg_fold2_v1.joblib
2,jpeg_q50,pilot_003650,0,0.03599465638399124,real::Tiny-GenImage,Tiny,models/v2/clip_lora_fold2_best_v1.pt,models/v2/v2_10b_h2_balanced_logreg_fold2_v1.joblib
2,jpeg_q50,pilot_003651,1,0.05186600238084793,tiny::VQDM,,models/v2/clip_lora_fold2_best_v1.pt,models/v2/v2_10b_h2_balanced_logreg_fold2_v1.joblib
2,jpeg_q50,pilot_003652,0,0.007980664260685444,real::Tiny-GenImage,Tiny,models/v2/clip_lora_fold2_best_v1.pt,models/v2/v2_10b_h2_balanced_logreg_fold2_v1.joblib
2,jpeg_q50,pilot_003657,1,0.04151449352502823,tiny::BigGAN,,models/v2/clip_lora_fold2_best_v1.pt,models/v2/v2_10b_h2_balanced_logreg_fold2_v1.joblib
2,jpeg_q50,pilot_003662,0,0.018413567915558815,real::Tiny-GenImage,Tiny,models/v2/clip_lora_fold2_best_v1.pt,models/v2/v2_10b_h2_balanced_logreg_fold2_v1.joblib
2,jpeg_q50,pilot_003665,1,0.11900317668914795,tiny::VQDM,,models/v2/clip_lora_fold2_best_v1.pt,models/v2/v2_10b_h2_balanced_logreg_fold2_v1.joblib
2,jpeg_q50,pilot_003671,1,0.023922555148601532,tiny::BigGAN,,models/v2/clip_lora_fold2_best_v1.pt,models/v2/v2_10b_h2_balanced_logreg_fold2_v1.joblib
2,jpeg_q50,pilot_003672,0,0.04976409301161766,real::Tiny-GenImage,Tiny,models/v2/clip_lora_fold2_best_v1.pt,models/v2/v2_10b_h2_balanced_logreg_fold2_v1.joblib
2,jpeg_q50,pilot_003679,1,0.3978045582771301,tiny::VQDM,,models/v2/clip_lora_fold2_best_v1.pt,models/v2/v2_10b_h2_balanced_logreg_fold2_v1.joblib
2,jpeg_q50,pilot_003682,0,0.01284728292375803,real::Tiny-GenImage,Tiny,models/v2/clip_lora_fold2_best_v1.pt,models/v2/v2_10b_h2_balanced_logreg_fold2_v1.joblib
2,jpeg_q50,pilot_003685,1,0.022703997790813446,tiny::BigGAN,,models/v2/clip_lora_fold2_best_v1.pt,models/v2/v2_10b_h2_balanced_logreg_fold2_v1.joblib
2,jpeg_q50,pilot_003693,1,0.20925024151802063,tiny::VQDM,,models/v2/clip_lora_fold2_best_v1.pt,models/v2/v2_10b_h2_balanced_logreg_fold2_v1.joblib
2,jpeg_q50,pilot_003699,1,0.053716421127319336,tiny::BigGAN,,models/v2/clip_lora_fold2_best_v1.pt,models/v2/v2_10b_h2_balanced_logreg_fold2_v1.joblib
2,jpeg_q50,pilot_003700,0,0.03789668530225754,real::Tiny-GenImage,Tiny,models/v2/clip_lora_fold2_best_v1.pt,models/v2/v2_10b_h2_balanced_logreg_fold2_v1.joblib
2,jpeg_q50,pilot_003702,0,0.10305900126695633,real::Tiny-GenImage,Tiny,models/v2/clip_lora_fold2_best_v1.pt,models/v2/v2_10b_h2_balanced_logreg_fold2_v1.joblib
2,jpeg_q50,pilot_003707,1,0.0703464075922966,tiny::VQDM,,models/v2/clip_lora_fold2_best_v1.pt,models/v2/v2_10b_h2_balanced_logreg_fold2_v1.joblib
2,jpeg_q50,pilot_003708,0,0.033341988921165466,real::Tiny-GenImage,Tiny,models/v2/clip_lora_fold2_best_v1.pt,models/v2/v2_10b_h2_balanced_logreg_fold2_v1.joblib
2,jpeg_q50,pilot_003713,1,0.04671427607536316,tiny::BigGAN,,models/v2/clip_lora_fold2_best_v1.pt,models/v2/v2_10b_h2_balanced_logreg_fold2_v1.joblib
2,jpeg_q50,pilot_003721,1,0.09557217359542847,tiny::VQDM,,models/v2/clip_lora_fold2_best_v1.pt,models/v2/v2_10b_h2_balanced_logreg_fold2_v1.joblib
2,jpeg_q50,pilot_003727,1,0.04092037305235863,tiny::BigGAN,,models/v2/clip_lora_fold2_best_v1.pt,models/v2/v2_10b_h2_balanced_logreg_fold2_v1.joblib
2,jpeg_q50,pilot_003728,0,0.015787813812494278,real::Tiny-GenImage,Tiny,models/v2/clip_lora_fold2_best_v1.pt,models/v2/v2_10b_h2_balanced_logreg_fold2_v1.joblib
2,jpeg_q50,pilot_003732,0,0.06563267111778259,real::Tiny-GenImage,Tiny,models/v2/clip_lora_fold2_best_v1.pt,models/v2/v2_10b_h2_balanced_logreg_fold2_v1.joblib
2,jpeg_q50,pilot_003735,1,0.11971092224121094,tiny::VQDM,,models/v2/clip_lora_fold2_best_v1.pt,models/v2/v2_10b_h2_balanced_logreg_fold2_v1.joblib
2,jpeg_q50,pilot_003741,1,0.04195692762732506,tiny::BigGAN,,models/v2/clip_lora_fold2_best_v1.pt,models/v2/v2_10b_h2_balanced_logreg_fold2_v1.joblib
2,jpeg_q50,pilot_003749,1,0.19305112957954407,tiny::VQDM,,models/v2/clip_lora_fold2_best_v1.pt,models/v2/v2_10b_h2_balanced_logreg_fold2_v1.joblib
2,jpeg_q50,pilot_003755,1,0.09007149934768677,tiny::BigGAN,,models/v2/clip_lora_fold2_best_v1.pt,models/v2/v2_10b_h2_balanced_logreg_fold2_v1.joblib
2,jpeg_q50,pilot_003763,1,0.17579156160354614,tiny::VQDM,,models/v2/clip_lora_fold2_best_v1.pt,models/v2/v2_10b_h2_balanced_logreg_fold2_v1.joblib
2,jpeg_q50,pilot_003769,1,0.20810236036777496,tiny::BigGAN,,models/v2/clip_lora_fold2_best_v1.pt,models/v2/v2_10b_h2_balanced_logreg_fold2_v1.joblib
2,jpeg_q50,pilot_003777,1,0.1440417617559433,tiny::VQDM,,models/v2/clip_lora_fold2_best_v1.pt,models/v2/v2_10b_h2_balanced_logreg_fold2_v1.joblib
2,jpeg_q50,pilot_003783,1,0.08710827678442001,tiny::BigGAN,,models/v2/clip_lora_fold2_best_v1.pt,models/v2/v2_10b_h2_balanced_logreg_fold2_v1.joblib
2,jpeg_q50,pilot_003784,0,0.030612755566835403,real::Tiny-GenImage,Tiny,models/v2/clip_lora_fold2_best_v1.pt,models/v2/v2_10b_h2_balanced_logreg_fold2_v1.joblib
2,jpeg_q50,pilot_003786,0,0.014796489849686623,real::Tiny-GenImage,Tiny,models/v2/clip_lora_fold2_best_v1.pt,models/v2/v2_10b_h2_balanced_logreg_fold2_v1.joblib
2,jpeg_q50,pilot_003791,1,0.058581914752721786,tiny::VQDM,,models/v2/clip_lora_fold2_best_v1.pt,models/v2/v2_10b_h2_balanced_logreg_fold2_v1.joblib
2,jpeg_q50,pilot_003797,1,0.08342338353395462,tiny::BigGAN,,models/v2/clip_lora_fold2_best_v1.pt,models/v2/v2_10b_h2_balanced_logreg_fold2_v1.joblib
2,jpeg_q50,pilot_003805,1,0.4038207232952118,tiny::VQDM,,models/v2/clip_lora_fold2_best_v1.pt,models/v2/v2_10b_h2_balanced_logreg_fold2_v1.joblib
2,jpeg_q50,pilot_003811,1,0.07936973869800568,tiny::BigGAN,,models/v2/clip_lora_fold2_best_v1.pt,models/v2/v2_10b_h2_balanced_logreg_fold2_v1.joblib
2,jpeg_q50,pilot_003819,1,0.37945878505706787,tiny::VQDM,,models/v2/clip_lora_fold2_best_v1.pt,models/v2/v2_10b_h2_balanced_logreg_fold2_v1.joblib
2,jpeg_q50,pilot_003825,1,0.057920221239328384,tiny::BigGAN,,models/v2/clip_lora_fold2_best_v1.pt,models/v2/v2_10b_h2_balanced_logreg_fold2_v1.joblib
2,jpeg_q50,pilot_003833,1,0.1323796510696411,tiny::VQDM,,models/v2/clip_lora_fold2_best_v1.pt,models/v2/v2_10b_h2_balanced_logreg_fold2_v1.joblib
2,jpeg_q50,pilot_003836,0,0.008424066938459873,real::Tiny-GenImage,Tiny,models/v2/clip_lora_fold2_best_v1.pt,models/v2/v2_10b_h2_balanced_logreg_fold2_v1.joblib
2,jpeg_q50,pilot_003839,1,0.10772011429071426,tiny::BigGAN,,models/v2/clip_lora_fold2_best_v1.pt,models/v2/v2_10b_h2_balanced_logreg_fold2_v1.joblib
2,jpeg_q50,pilot_003847,1,0.17244355380535126,tiny::VQDM,,models/v2/clip_lora_fold2_best_v1.pt,models/v2/v2_10b_h2_balanced_logreg_fold2_v1.joblib
2,jpeg_q50,pilot_003853,1,0.07197289913892746,tiny::BigGAN,,models/v2/clip_lora_fold2_best_v1.pt,models/v2/v2_10b_h2_balanced_logreg_fold2_v1.joblib
2,jpeg_q50,pilot_003858,0,0.011164057068526745,real::Tiny-GenImage,Tiny,models/v2/clip_lora_fold2_best_v1.pt,models/v2/v2_10b_h2_balanced_logreg_fold2_v1.joblib
2,jpeg_q50,pilot_003861,1,0.29697638750076294,tiny::VQDM,,models/v2/clip_lora_fold2_best_v1.pt,models/v2/v2_10b_h2_balanced_logreg_fold2_v1.joblib
2,jpeg_q50,pilot_003867,1,0.31791672110557556,tiny::BigGAN,,models/v2/clip_lora_fold2_best_v1.pt,models/v2/v2_10b_h2_balanced_logreg_fold2_v1.joblib
2,jpeg_q50,pilot_003874,0,0.027281323447823524,real::Tiny-GenImage,Tiny,models/v2/clip_lora_fold2_best_v1.pt,models/v2/v2_10b_h2_balanced_logreg_fold2_v1.joblib
2,jpeg_q50,pilot_003875,1,0.16440975666046143,tiny::VQDM,,models/v2/clip_lora_fold2_best_v1.pt,models/v2/v2_10b_h2_balanced_logreg_fold2_v1.joblib
2,jpeg_q50,pilot_003881,1,0.09833671897649765,tiny::BigGAN,,models/v2/clip_lora_fold2_best_v1.pt,models/v2/v2_10b_h2_balanced_logreg_fold2_v1.joblib
2,jpeg_q50,pilot_003886,0,0.05073102191090584,real::Tiny-GenImage,Tiny,models/v2/clip_lora_fold2_best_v1.pt,models/v2/v2_10b_h2_balanced_logreg_fold2_v1.joblib
2,jpeg_q50,pilot_003888,0,0.08136586844921112,real::Tiny-GenImage,Tiny,models/v2/clip_lora_fold2_best_v1.pt,models/v2/v2_10b_h2_balanced_logreg_fold2_v1.joblib
2,jpeg_q50,pilot_003889,1,0.42835143208503723,tiny::VQDM,,models/v2/clip_lora_fold2_best_v1.pt,models/v2/v2_10b_h2_balanced_logreg_fold2_v1.joblib
2,jpeg_q50,pilot_003895,1,0.09361530840396881,tiny::BigGAN,,models/v2/clip_lora_fold2_best_v1.pt,models/v2/v2_10b_h2_balanced_logreg_fold2_v1.joblib
2,jpeg_q50,pilot_003902,0,0.1274133175611496,real::Tiny-GenImage,Tiny,models/v2/clip_lora_fold2_best_v1.pt,models/v2/v2_10b_h2_balanced_logreg_fold2_v1.joblib
2,jpeg_q50,pilot_003903,1,0.4217156767845154,tiny::VQDM,,models/v2/clip_lora_fold2_best_v1.pt,models/v2/v2_10b_h2_balanced_logreg_fold2_v1.joblib
2,jpeg_q50,pilot_003909,1,0.11029591411352158,tiny::BigGAN,,models/v2/clip_lora_fold2_best_v1.pt,models/v2/v2_10b_h2_balanced_logreg_fold2_v1.joblib
2,jpeg_q50,pilot_003916,0,0.006106947083026171,real::Tiny-GenImage,Tiny,models/v2/clip_lora_fold2_best_v1.pt,models/v2/v2_10b_h2_balanced_logreg_fold2_v1.joblib
2,jpeg_q50,pilot_003917,1,0.05058106407523155,tiny::VQDM,,models/v2/clip_lora_fold2_best_v1.pt,models/v2/v2_10b_h2_balanced_logreg_fold2_v1.joblib
2,jpeg_q50,pilot_003918,0,0.006471940781921148,real::Tiny-GenImage,Tiny,models/v2/clip_lora_fold2_best_v1.pt,models/v2/v2_10b_h2_balanced_logreg_fold2_v1.joblib
2,jpeg_q50,pilot_003923,1,0.041873518377542496,tiny::BigGAN,,models/v2/clip_lora_fold2_best_v1.pt,models/v2/v2_10b_h2_balanced_logreg_fold2_v1.joblib
2,jpeg_q50,pilot_003931,1,0.0961921438574791,tiny::VQDM,,models/v2/clip_lora_fold2_best_v1.pt,models/v2/v2_10b_h2_balanced_logreg_fold2_v1.joblib
2,jpeg_q50,pilot_003932,0,0.011961391195654869,real::Tiny-GenImage,Tiny,models/v2/clip_lora_fold2_best_v1.pt,models/v2/v2_10b_h2_balanced_logreg_fold2_v1.joblib
2,jpeg_q50,pilot_003937,1,0.009121960960328579,tiny::BigGAN,,models/v2/clip_lora_fold2_best_v1.pt,models/v2/v2_10b_h2_balanced_logreg_fold2_v1.joblib
2,jpeg_q50,pilot_003945,1,0.31973183155059814,tiny::VQDM,,models/v2/clip_lora_fold2_best_v1.pt,models/v2/v2_10b_h2_balanced_logreg_fold2_v1.joblib
2,jpeg_q50,pilot_003946,0,0.009218977764248848,real::Tiny-GenImage,Tiny,models/v2/clip_lora_fold2_best_v1.pt,models/v2/v2_10b_h2_balanced_logreg_fold2_v1.joblib
2,jpeg_q50,pilot_003951,1,0.02602425590157509,tiny::BigGAN,,models/v2/clip_lora_fold2_best_v1.pt,models/v2/v2_10b_h2_balanced_logreg_fold2_v1.joblib
2,jpeg_q50,pilot_003959,1,0.22301705181598663,tiny::VQDM,,models/v2/clip_lora_fold2_best_v1.pt,models/v2/v2_10b_h2_balanced_logreg_fold2_v1.joblib
2,jpeg_q50,pilot_003960,0,0.019463781267404556,real::Tiny-GenImage,Tiny,models/v2/clip_lora_fold2_best_v1.pt,models/v2/v2_10b_h2_balanced_logreg_fold2_v1.joblib
2,jpeg_q50,pilot_003964,0,0.004783307667821646,real::Tiny-GenImage,Tiny,models/v2/clip_lora_fold2_best_v1.pt,models/v2/v2_10b_h2_balanced_logreg_fold2_v1.joblib
2,jpeg_q50,pilot_003965,1,0.08929048478603363,tiny::BigGAN,,models/v2/clip_lora_fold2_best_v1.pt,models/v2/v2_10b_h2_balanced_logreg_fold2_v1.joblib
2,jpeg_q50,pilot_003973,1,0.09158121049404144,tiny::VQDM,,models/v2/clip_lora_fold2_best_v1.pt,models/v2/v2_10b_h2_balanced_logreg_fold2_v1.joblib
2,jpeg_q50,pilot_003979,1,0.015993116423487663,tiny::BigGAN,,models/v2/clip_lora_fold2_best_v1.pt,models/v2/v2_10b_h2_balanced_logreg_fold2_v1.joblib
2,jpeg_q50,pilot_003980,0,0.027688397094607353,real::Tiny-GenImage,Tiny,models/v2/clip_lora_fold2_best_v1.pt,models/v2/v2_10b_h2_balanced_logreg_fold2_v1.joblib
2,jpeg_q50,pilot_003987,1,0.08533620089292526,tiny::VQDM,,models/v2/clip_lora_fold2_best_v1.pt,models/v2/v2_10b_h2_balanced_logreg_fold2_v1.joblib
2,jpeg_q50,pilot_003988,0,0.02931356243789196,real::Tiny-GenImage,Tiny,models/v2/clip_lora_fold2_best_v1.pt,models/v2/v2_10b_h2_balanced_logreg_fold2_v1.joblib
2,jpeg_q50,pilot_003992,0,0.029772695153951645,real::Tiny-GenImage,Tiny,models/v2/clip_lora_fold2_best_v1.pt,models/v2/v2_10b_h2_balanced_logreg_fold2_v1.joblib
2,jpeg_q50,pilot_003993,1,0.005059916526079178,tiny::BigGAN,,models/v2/clip_lora_fold2_best_v1.pt,models/v2/v2_10b_h2_balanced_logreg_fold2_v1.joblib
2,jpeg_q50,MLLM_HYB_Nano-Banana2-fake_1,1,0.49976634979248047,mllm::Nano_Banana_2,,models/v2/clip_lora_fold2_best_v1.pt,models/v2/v2_10b_h2_balanced_logreg_fold2_v1.joblib
2,jpeg_q50,MLLM_HYB_Nano-Banana2-fake_10,1,0.2659825384616852,mllm::Nano_Banana_2,,models/v2/clip_lora_fold2_best_v1.pt,models/v2/v2_10b_h2_balanced_logreg_fold2_v1.joblib
2,jpeg_q50,MLLM_HYB_Nano-Banana2-fake_100,1,0.7179383635520935,mllm::Nano_Banana_2,,models/v2/clip_lora_fold2_best_v1.pt,models/v2/v2_10b_h2_balanced_logreg_fold2_v1.joblib
2,jpeg_q50,MLLM_HYB_Nano-Banana2-fake_101,1,0.3342001438140869,mllm::Nano_Banana_2,,models/v2/clip_lora_fold2_best_v1.pt,models/v2/v2_10b_h2_balanced_logreg_fold2_v1.joblib
2,jpeg_q50,MLLM_HYB_Nano-Banana2-fake_102,1,0.3253384828567505,mllm::Nano_Banana_2,,models/v2/clip_lora_fold2_best_v1.pt,models/v2/v2_10b_h2_balanced_logreg_fold2_v1.joblib
2,jpeg_q50,MLLM_HYB_Nano-Banana2-fake_103,1,0.47265228629112244,mllm::Nano_Banana_2,,models/v2/clip_lora_fold2_best_v1.pt,models/v2/v2_10b_h2_balanced_logreg_fold2_v1.joblib
2,jpeg_q50,MLLM_HYB_Nano-Banana2-fake_104,1,0.4316762685775757,mllm::Nano_Banana_2,,models/v2/clip_lora_fold2_best_v1.pt,models/v2/v2_10b_h2_balanced_logreg_fold2_v1.joblib
2,jpeg_q50,MLLM_HYB_Nano-Banana2-fake_105,1,0.4307412803173065,mllm::Nano_Banana_2,,models/v2/clip_lora_fold2_best_v1.pt,models/v2/v2_10b_h2_balanced_logreg_fold2_v1.joblib
2,jpeg_q50,MLLM_HYB_Nano-Banana2-fake_106,1,0.33283352851867676,mllm::Nano_Banana_2,,models/v2/clip_lora_fold2_best_v1.pt,models/v2/v2_10b_h2_balanced_logreg_fold2_v1.joblib
2,jpeg_q50,MLLM_HYB_Nano-Banana2-fake_107,1,0.44299593567848206,mllm::Nano_Banana_2,,models/v2/clip_lora_fold2_best_v1.pt,models/v2/v2_10b_h2_balanced_logreg_fold2_v1.joblib
2,jpeg_q50,MLLM_HYB_Nano-Banana2-fake_108,1,0.2477051466703415,mllm::Nano_Banana_2,,models/v2/clip_lora_fold2_best_v1.pt,models/v2/v2_10b_h2_balanced_logreg_fold2_v1.joblib
2,jpeg_q50,MLLM_HYB_Nano-Banana2-fake_109,1,0.42660248279571533,mllm::Nano_Banana_2,,models/v2/clip_lora_fold2_best_v1.pt,models/v2/v2_10b_h2_balanced_logreg_fold2_v1.joblib
2,jpeg_q50,MLLM_HYB_Nano-Banana2-fake_11,1,0.0788455381989479,mllm::Nano_Banana_2,,models/v2/clip_lora_fold2_best_v1.pt,models/v2/v2_10b_h2_balanced_logreg_fold2_v1.joblib
2,jpeg_q50,MLLM_HYB_Nano-Banana2-fake_110,1,0.36647939682006836,mllm::Nano_Banana_2,,models/v2/clip_lora_fold2_best_v1.pt,models/v2/v2_10b_h2_balanced_logreg_fold2_v1.joblib
2,jpeg_q50,MLLM_HYB_Nano-Banana2-fake_111,1,0.24404744803905487,mllm::Nano_Banana_2,,models/v2/clip_lora_fold2_best_v1.pt,models/v2/v2_10b_h2_balanced_logreg_fold2_v1.joblib
2,jpeg_q50,MLLM_HYB_Nano-Banana2-fake_112,1,0.0857401117682457,mllm::Nano_Banana_2,,models/v2/clip_lora_fold2_best_v1.pt,models/v2/v2_10b_h2_balanced_logreg_fold2_v1.joblib
2,jpeg_q50,MLLM_HYB_Nano-Banana2-fake_113,1,0.5391488075256348,mllm::Nano_Banana_2,,models/v2/clip_lora_fold2_best_v1.pt,models/v2/v2_10b_h2_balanced_logreg_fold2_v1.joblib
2,jpeg_q50,MLLM_HYB_Nano-Banana2-fake_114,1,0.5047947764396667,mllm::Nano_Banana_2,,models/v2/clip_lora_fold2_best_v1.pt,models/v2/v2_10b_h2_balanced_logreg_fold2_v1.joblib
2,jpeg_q50,MLLM_HYB_Nano-Banana2-fake_115,1,0.15864230692386627,mllm::Nano_Banana_2,,models/v2/clip_lora_fold2_best_v1.pt,models/v2/v2_10b_h2_balanced_logreg_fold2_v1.joblib
2,jpeg_q50,MLLM_HYB_Nano-Banana2-fake_116,1,0.30098485946655273,mllm::Nano_Banana_2,,models/v2/clip_lora_fold2_best_v1.pt,models/v2/v2_10b_h2_balanced_logreg_fold2_v1.joblib
2,jpeg_q50,MLLM_HYB_Nano-Banana2-fake_117,1,0.20066481828689575,mllm::Nano_Banana_2,,models/v2/clip_lora_fold2_best_v1.pt,models/v2/v2_10b_h2_balanced_logreg_fold2_v1.joblib
2,jpeg_q50,MLLM_HYB_Nano-Banana2-fake_118,1,0.08123529702425003,mllm::Nano_Banana_2,,models/v2/clip_lora_fold2_best_v1.pt,models/v2/v2_10b_h2_balanced_logreg_fold2_v1.joblib
2,jpeg_q50,MLLM_HYB_Nano-Banana2-fake_119,1,0.20148371160030365,mllm::Nano_Banana_2,,models/v2/clip_lora_fold2_best_v1.pt,models/v2/v2_10b_h2_balanced_logreg_fold2_v1.joblib
2,jpeg_q50,MLLM_HYB_Nano-Banana2-fake_12,1,0.07366844266653061,mllm::Nano_Banana_2,,models/v2/clip_lora_fold2_best_v1.pt,models/v2/v2_10b_h2_balanced_logreg_fold2_v1.joblib
2,jpeg_q50,MLLM_HYB_Nano-Banana2-fake_120,1,0.20208223164081573,mllm::Nano_Banana_2,,models/v2/clip_lora_fold2_best_v1.pt,models/v2/v2_10b_h2_balanced_logreg_fold2_v1.joblib
2,jpeg_q50,MLLM_HYB_Nano-Banana2-fake_121,1,0.20313388109207153,mllm::Nano_Banana_2,,models/v2/clip_lora_fold2_best_v1.pt,models/v2/v2_10b_h2_balanced_logreg_fold2_v1.joblib
2,jpeg_q50,MLLM_HYB_Nano-Banana2-fake_122,1,0.13226737082004547,mllm::Nano_Banana_2,,models/v2/clip_lora_fold2_best_v1.pt,models/v2/v2_10b_h2_balanced_logreg_fold2_v1.joblib
2,jpeg_q50,MLLM_HYB_Nano-Banana2-fake_123,1,0.04274243116378784,mllm::Nano_Banana_2,,models/v2/clip_lora_fold2_best_v1.pt,models/v2/v2_10b_h2_balanced_logreg_fold2_v1.joblib
2,jpeg_q50,MLLM_HYB_Nano-Banana2-fake_124,1,0.08489826321601868,mllm::Nano_Banana_2,,models/v2/clip_lora_fold2_best_v1.pt,models/v2/v2_10b_h2_balanced_logreg_fold2_v1.joblib
2,jpeg_q50,MLLM_HYB_Nano-Banana2-fake_125,1,0.055237818509340286,mllm::Nano_Banana_2,,models/v2/clip_lora_fold2_best_v1.pt,models/v2/v2_10b_h2_balanced_logreg_fold2_v1.joblib
2,jpeg_q50,MLLM_HYB_Nano-Banana2-fake_126,1,0.02300364337861538,mllm::Nano_Banana_2,,models/v2/clip_lora_fold2_best_v1.pt,models/v2/v2_10b_h2_balanced_logreg_fold2_v1.joblib
2,jpeg_q50,MLLM_HYB_Nano-Banana2-fake_127,1,0.04309525340795517,mllm::Nano_Banana_2,,models/v2/clip_lora_fold2_best_v1.pt,models/v2/v2_10b_h2_balanced_logreg_fold2_v1.joblib
2,jpeg_q50,MLLM_HYB_Nano-Banana2-fake_128,1,0.16167564690113068,mllm::Nano_Banana_2,,models/v2/clip_lora_fold2_best_v1.pt,models/v2/v2_10b_h2_balanced_logreg_fold2_v1.joblib
2,jpeg_q50,MLLM_HYB_Nano-Banana2-fake_129,1,0.03408513218164444,mllm::Nano_Banana_2,,models/v2/clip_lora_fold2_best_v1.pt,models/v2/v2_10b_h2_balanced_logreg_fold2_v1.joblib
2,jpeg_q50,MLLM_HYB_Nano-Banana2-fake_13,1,0.2654498219490051,mllm::Nano_Banana_2,,models/v2/clip_lora_fold2_best_v1.pt,models/v2/v2_10b_h2_balanced_logreg_fold2_v1.joblib
2,jpeg_q50,MLLM_HYB_Nano-Banana2-fake_130,1,0.09238238632678986,mllm::Nano_Banana_2,,models/v2/clip_lora_fold2_best_v1.pt,models/v2/v2_10b_h2_balanced_logreg_fold2_v1.joblib
2,jpeg_q50,MLLM_HYB_Nano-Banana2-fake_131,1,0.03680853173136711,mllm::Nano_Banana_2,,models/v2/clip_lora_fold2_best_v1.pt,models/v2/v2_10b_h2_balanced_logreg_fold2_v1.joblib
2,jpeg_q50,MLLM_HYB_Nano-Banana2-fake_132,1,0.17638273537158966,mllm::Nano_Banana_2,,models/v2/clip_lora_fold2_best_v1.pt,models/v2/v2_10b_h2_balanced_logreg_fold2_v1.joblib
2,jpeg_q50,MLLM_HYB_Nano-Banana2-fake_133,1,0.1789686679840088,mllm::Nano_Banana_2,,models/v2/clip_lora_fold2_best_v1.pt,models/v2/v2_10b_h2_balanced_logreg_fold2_v1.joblib
2,jpeg_q50,MLLM_HYB_Nano-Banana2-fake_134,1,0.31958234310150146,mllm::Nano_Banana_2,,models/v2/clip_lora_fold2_best_v1.pt,models/v2/v2_10b_h2_balanced_logreg_fold2_v1.joblib
2,jpeg_q50,MLLM_HYB_Nano-Banana2-fake_135,1,0.47552213072776794,mllm::Nano_Banana_2,,models/v2/clip_lora_fold2_best_v1.pt,models/v2/v2_10b_h2_balanced_logreg_fold2_v1.joblib
2,jpeg_q50,MLLM_HYB_Nano-Banana2-fake_136,1,0.24927116930484772,mllm::Nano_Banana_2,,models/v2/clip_lora_fold2_best_v1.pt,models/v2/v2_10b_h2_balanced_logreg_fold2_v1.joblib
2,jpeg_q50,MLLM_HYB_Nano-Banana2-fake_137,1,0.17663206160068512,mllm::Nano_Banana_2,,models/v2/clip_lora_fold2_best_v1.pt,models/v2/v2_10b_h2_balanced_logreg_fold2_v1.joblib
2,jpeg_q50,MLLM_HYB_Nano-Banana2-fake_138,1,0.4120239019393921,mllm::Nano_Banana_2,,models/v2/clip_lora_fold2_best_v1.pt,models/v2/v2_10b_h2_balanced_logreg_fold2_v1.joblib
2,jpeg_q50,MLLM_HYB_Nano-Banana2-fake_139,1,0.44320714473724365,mllm::Nano_Banana_2,,models/v2/clip_lora_fold2_best_v1.pt,models/v2/v2_10b_h2_balanced_logreg_fold2_v1.joblib
2,jpeg_q50,MLLM_HYB_Nano-Banana2-fake_14,1,0.223363995552063,mllm::Nano_Banana_2,,models/v2/clip_lora_fold2_best_v1.pt,models/v2/v2_10b_h2_balanced_logreg_fold2_v1.joblib
2,jpeg_q50,MLLM_HYB_Nano-Banana2-fake_140,1,0.18545354902744293,mllm::Nano_Banana_2,,models/v2/clip_lora_fold2_best_v1.pt,models/v2/v2_10b_h2_balanced_logreg_fold2_v1.joblib
2,jpeg_q50,MLLM_HYB_Nano-Banana2-fake_141,1,0.14165611565113068,mllm::Nano_Banana_2,,models/v2/clip_lora_fold2_best_v1.pt,models/v2/v2_10b_h2_balanced_logreg_fold2_v1.joblib
2,jpeg_q50,MLLM_HYB_Nano-Banana2-fake_142,1,0.0726153701543808,mllm::Nano_Banana_2,,models/v2/clip_lora_fold2_best_v1.pt,models/v2/v2_10b_h2_balanced_logreg_fold2_v1.joblib
2,jpeg_q50,MLLM_HYB_Nano-Banana2-fake_143,1,0.013257578015327454,mllm::Nano_Banana_2,,models/v2/clip_lora_fold2_best_v1.pt,models/v2/v2_10b_h2_balanced_logreg_fold2_v1.joblib
2,jpeg_q50,MLLM_HYB_Nano-Banana2-fake_144,1,0.03750535845756531,mllm::Nano_Banana_2,,models/v2/clip_lora_fold2_best_v1.pt,models/v2/v2_10b_h2_balanced_logreg_fold2_v1.joblib
2,jpeg_q50,MLLM_HYB_Nano-Banana2-fake_145,1,0.03750315681099892,mllm::Nano_Banana_2,,models/v2/clip_lora_fold2_best_v1.pt,models/v2/v2_10b_h2_balanced_logreg_fold2_v1.joblib
2,jpeg_q50,MLLM_HYB_Nano-Banana2-fake_146,1,0.04423060640692711,mllm::Nano_Banana_2,,models/v2/clip_lora_fold2_best_v1.pt,models/v2/v2_10b_h2_balanced_logreg_fold2_v1.joblib
2,jpeg_q50,MLLM_HYB_Nano-Banana2-fake_147,1,0.04817518591880798,mllm::Nano_Banana_2,,models/v2/clip_lora_fold2_best_v1.pt,models/v2/v2_10b_h2_balanced_logreg_fold2_v1.joblib
2,jpeg_q50,MLLM_HYB_Nano-Banana2-fake_148,1,0.26634714007377625,mllm::Nano_Banana_2,,models/v2/clip_lora_fold2_best_v1.pt,models/v2/v2_10b_h2_balanced_logreg_fold2_v1.joblib
2,jpeg_q50,MLLM_HYB_Nano-Banana2-fake_149,1,0.21341952681541443,mllm::Nano_Banana_2,,models/v2/clip_lora_fold2_best_v1.pt,models/v2/v2_10b_h2_balanced_logreg_fold2_v1.joblib
2,jpeg_q50,MLLM_HYB_Nano-Banana2-fake_15,1,0.026979567483067513,mllm::Nano_Banana_2,,models/v2/clip_lora_fold2_best_v1.pt,models/v2/v2_10b_h2_balanced_logreg_fold2_v1.joblib
2,jpeg_q50,MLLM_HYB_Nano-Banana2-fake_150,1,0.2544240355491638,mllm::Nano_Banana_2,,models/v2/clip_lora_fold2_best_v1.pt,models/v2/v2_10b_h2_balanced_logreg_fold2_v1.joblib
2,jpeg_q50,MLLM_HYB_Nano-Banana2-fake_151,1,0.10112211853265762,mllm::Nano_Banana_2,,models/v2/clip_lora_fold2_best_v1.pt,models/v2/v2_10b_h2_balanced_logreg_fold2_v1.joblib
2,jpeg_q50,MLLM_HYB_Nano-Banana2-fake_152,1,0.2835930585861206,mllm::Nano_Banana_2,,models/v2/clip_lora_fold2_best_v1.pt,models/v2/v2_10b_h2_balanced_logreg_fold2_v1.joblib
2,jpeg_q50,MLLM_HYB_Nano-Banana2-fake_153,1,0.32340869307518005,mllm::Nano_Banana_2,,models/v2/clip_lora_fold2_best_v1.pt,models/v2/v2_10b_h2_balanced_logreg_fold2_v1.joblib
2,jpeg_q50,MLLM_HYB_Nano-Banana2-fake_154,1,0.16940177977085114,mllm::Nano_Banana_2,,models/v2/clip_lora_fold2_best_v1.pt,models/v2/v2_10b_h2_balanced_logreg_fold2_v1.joblib
2,jpeg_q50,MLLM_HYB_Nano-Banana2-fake_155,1,0.17548708617687225,mllm::Nano_Banana_2,,models/v2/clip_lora_fold2_best_v1.pt,models/v2/v2_10b_h2_balanced_logreg_fold2_v1.joblib
2,jpeg_q50,MLLM_HYB_Nano-Banana2-fake_156,1,0.4797208607196808,mllm::Nano_Banana_2,,models/v2/clip_lora_fold2_best_v1.pt,models/v2/v2_10b_h2_balanced_logreg_fold2_v1.joblib
2,jpeg_q50,MLLM_HYB_Nano-Banana2-fake_157,1,0.42101940512657166,mllm::Nano_Banana_2,,models/v2/clip_lora_fold2_best_v1.pt,models/v2/v2_10b_h2_balanced_logreg_fold2_v1.joblib
2,jpeg_q50,MLLM_HYB_Nano-Banana2-fake_158,1,0.11974725872278214,mllm::Nano_Banana_2,,models/v2/clip_lora_fold2_best_v1.pt,models/v2/v2_10b_h2_balanced_logreg_fold2_v1.joblib
2,jpeg_q50,MLLM_HYB_Nano-Banana2-fake_159,1,0.09666560590267181,mllm::Nano_Banana_2,,models/v2/clip_lora_fold2_best_v1.pt,models/v2/v2_10b_h2_balanced_logreg_fold2_v1.joblib
2,jpeg_q50,MLLM_HYB_Nano-Banana2-fake_16,1,0.03952591493725777,mllm::Nano_Banana_2,,models/v2/clip_lora_fold2_best_v1.pt,models/v2/v2_10b_h2_balanced_logreg_fold2_v1.joblib
2,jpeg_q50,MLLM_HYB_Nano-Banana2-fake_160,1,0.13517750799655914,mllm::Nano_Banana_2,,models/v2/clip_lora_fold2_best_v1.pt,models/v2/v2_10b_h2_balanced_logreg_fold2_v1.joblib
2,jpeg_q50,MLLM_HYB_Nano-Banana2-fake_161,1,0.16245001554489136,mllm::Nano_Banana_2,,models/v2/clip_lora_fold2_best_v1.pt,models/v2/v2_10b_h2_balanced_logreg_fold2_v1.joblib
2,jpeg_q50,MLLM_HYB_Nano-Banana2-fake_162,1,0.3613266050815582,mllm::Nano_Banana_2,,models/v2/clip_lora_fold2_best_v1.pt,models/v2/v2_10b_h2_balanced_logreg_fold2_v1.joblib
2,jpeg_q50,MLLM_HYB_Nano-Banana2-fake_163,1,0.33130234479904175,mllm::Nano_Banana_2,,models/v2/clip_lora_fold2_best_v1.pt,models/v2/v2_10b_h2_balanced_logreg_fold2_v1.joblib
2,jpeg_q50,MLLM_HYB_Nano-Banana2-fake_164,1,0.08301516622304916,mllm::Nano_Banana_2,,models/v2/clip_lora_fold2_best_v1.pt,models/v2/v2_10b_h2_balanced_logreg_fold2_v1.joblib
2,jpeg_q50,MLLM_HYB_Nano-Banana2-fake_165,1,0.08583345264196396,mllm::Nano_Banana_2,,models/v2/clip_lora_fold2_best_v1.pt,models/v2/v2_10b_h2_balanced_logreg_fold2_v1.joblib
2,jpeg_q50,MLLM_HYB_Nano-Banana2-fake_166,1,0.4334546625614166,mllm::Nano_Banana_2,,models/v2/clip_lora_fold2_best_v1.pt,models/v2/v2_10b_h2_balanced_logreg_fold2_v1.joblib
2,jpeg_q50,MLLM_HYB_Nano-Banana2-fake_167,1,0.1531735509634018,mllm::Nano_Banana_2,,models/v2/clip_lora_fold2_best_v1.pt,models/v2/v2_10b_h2_balanced_logreg_fold2_v1.joblib
2,jpeg_q50,MLLM_HYB_Nano-Banana2-fake_168,1,0.3615264892578125,mllm::Nano_Banana_2,,models/v2/clip_lora_fold2_best_v1.pt,models/v2/v2_10b_h2_balanced_logreg_fold2_v1.joblib
2,jpeg_q50,MLLM_HYB_Nano-Banana2-fake_169,1,0.1888321042060852,mllm::Nano_Banana_2,,models/v2/clip_lora_fold2_best_v1.pt,models/v2/v2_10b_h2_balanced_logreg_fold2_v1.joblib
2,jpeg_q50,MLLM_HYB_Nano-Banana2-fake_17,1,0.027301982045173645,mllm::Nano_Banana_2,,models/v2/clip_lora_fold2_best_v1.pt,models/v2/v2_10b_h2_balanced_logreg_fold2_v1.joblib
2,jpeg_q50,MLLM_HYB_Nano-Banana2-fake_170,1,0.07410623133182526,mllm::Nano_Banana_2,,models/v2/clip_lora_fold2_best_v1.pt,models/v2/v2_10b_h2_balanced_logreg_fold2_v1.joblib
2,jpeg_q50,MLLM_HYB_Nano-Banana2-fake_171,1,0.07037341594696045,mllm::Nano_Banana_2,,models/v2/clip_lora_fold2_best_v1.pt,models/v2/v2_10b_h2_balanced_logreg_fold2_v1.joblib
2,jpeg_q50,MLLM_HYB_Nano-Banana2-fake_172,1,0.1356852501630783,mllm::Nano_Banana_2,,models/v2/clip_lora_fold2_best_v1.pt,models/v2/v2_10b_h2_balanced_logreg_fold2_v1.joblib
2,jpeg_q50,MLLM_HYB_Nano-Banana2-fake_173,1,0.0989590436220169,mllm::Nano_Banana_2,,models/v2/clip_lora_fold2_best_v1.pt,models/v2/v2_10b_h2_balanced_logreg_fold2_v1.joblib
2,jpeg_q50,MLLM_HYB_Nano-Banana2-fake_174,1,0.30194732546806335,mllm::Nano_Banana_2,,models/v2/clip_lora_fold2_best_v1.pt,models/v2/v2_10b_h2_balanced_logreg_fold2_v1.joblib
2,jpeg_q50,MLLM_HYB_Nano-Banana2-fake_175,1,0.09048386663198471,mllm::Nano_Banana_2,,models/v2/clip_lora_fold2_best_v1.pt,models/v2/v2_10b_h2_balanced_logreg_fold2_v1.joblib
2,jpeg_q50,MLLM_HYB_Nano-Banana2-fake_176,1,0.1884443759918213,mllm::Nano_Banana_2,,models/v2/clip_lora_fold2_best_v1.pt,models/v2/v2_10b_h2_balanced_logreg_fold2_v1.joblib
2,jpeg_q50,MLLM_HYB_Nano-Banana2-fake_177,1,0.02764483541250229,mllm::Nano_Banana_2,,models/v2/clip_lora_fold2_best_v1.pt,models/v2/v2_10b_h2_balanced_logreg_fold2_v1.joblib
2,jpeg_q50,MLLM_HYB_Nano-Banana2-fake_178,1,0.016762927174568176,mllm::Nano_Banana_2,,models/v2/clip_lora_fold2_best_v1.pt,models/v2/v2_10b_h2_balanced_logreg_fold2_v1.joblib
2,jpeg_q50,MLLM_HYB_Nano-Banana2-fake_179,1,0.11146732419729233,mllm::Nano_Banana_2,,models/v2/clip_lora_fold2_best_v1.pt,models/v2/v2_10b_h2_balanced_logreg_fold2_v1.joblib
2,jpeg_q50,MLLM_HYB_Nano-Banana2-fake_18,1,0.3395312428474426,mllm::Nano_Banana_2,,models/v2/clip_lora_fold2_best_v1.pt,models/v2/v2_10b_h2_balanced_logreg_fold2_v1.joblib
2,jpeg_q50,MLLM_HYB_Nano-Banana2-fake_180,1,0.030716944485902786,mllm::Nano_Banana_2,,models/v2/clip_lora_fold2_best_v1.pt,models/v2/v2_10b_h2_balanced_logreg_fold2_v1.joblib
2,jpeg_q50,MLLM_HYB_Nano-Banana2-fake_181,1,0.041120633482933044,mllm::Nano_Banana_2,,models/v2/clip_lora_fold2_best_v1.pt,models/v2/v2_10b_h2_balanced_logreg_fold2_v1.joblib
2,jpeg_q50,MLLM_HYB_Nano-Banana2-fake_182,1,0.25523024797439575,mllm::Nano_Banana_2,,models/v2/clip_lora_fold2_best_v1.pt,models/v2/v2_10b_h2_balanced_logreg_fold2_v1.joblib
2,jpeg_q50,MLLM_HYB_Nano-Banana2-fake_183,1,0.15809474885463715,mllm::Nano_Banana_2,,models/v2/clip_lora_fold2_best_v1.pt,models/v2/v2_10b_h2_balanced_logreg_fold2_v1.joblib
2,jpeg_q50,MLLM_HYB_Nano-Banana2-fake_184,1,0.041312213987112045,mllm::Nano_Banana_2,,models/v2/clip_lora_fold2_best_v1.pt,models/v2/v2_10b_h2_balanced_logreg_fold2_v1.joblib
2,jpeg_q50,MLLM_HYB_Nano-Banana2-fake_185,1,0.08564745634794235,mllm::Nano_Banana_2,,models/v2/clip_lora_fold2_best_v1.pt,models/v2/v2_10b_h2_balanced_logreg_fold2_v1.joblib
2,jpeg_q50,MLLM_HYB_Nano-Banana2-fake_186,1,0.13711005449295044,mllm::Nano_Banana_2,,models/v2/clip_lora_fold2_best_v1.pt,models/v2/v2_10b_h2_balanced_logreg_fold2_v1.joblib
2,jpeg_q50,MLLM_HYB_Nano-Banana2-fake_187,1,0.014631783589720726,mllm::Nano_Banana_2,,models/v2/clip_lora_fold2_best_v1.pt,models/v2/v2_10b_h2_balanced_logreg_fold2_v1.joblib
2,jpeg_q50,MLLM_HYB_Nano-Banana2-fake_188,1,0.3344922363758087,mllm::Nano_Banana_2,,models/v2/clip_lora_fold2_best_v1.pt,models/v2/v2_10b_h2_balanced_logreg_fold2_v1.joblib
2,jpeg_q50,MLLM_HYB_Nano-Banana2-fake_189,1,0.2255755066871643,mllm::Nano_Banana_2,,models/v2/clip_lora_fold2_best_v1.pt,models/v2/v2_10b_h2_balanced_logreg_fold2_v1.joblib
2,jpeg_q50,MLLM_HYB_Nano-Banana2-fake_19,1,0.032603923231363297,mllm::Nano_Banana_2,,models/v2/clip_lora_fold2_best_v1.pt,models/v2/v2_10b_h2_balanced_logreg_fold2_v1.joblib
2,jpeg_q50,MLLM_HYB_Nano-Banana2-fake_190,1,0.03314902260899544,mllm::Nano_Banana_2,,models/v2/clip_lora_fold2_best_v1.pt,models/v2/v2_10b_h2_balanced_logreg_fold2_v1.joblib
2,jpeg_q50,MLLM_HYB_Nano-Banana2-fake_191,1,0.1748615950345993,mllm::Nano_Banana_2,,models/v2/clip_lora_fold2_best_v1.pt,models/v2/v2_10b_h2_balanced_logreg_fold2_v1.joblib
2,jpeg_q50,MLLM_HYB_Nano-Banana2-fake_192,1,0.12188901752233505,mllm::Nano_Banana_2,,models/v2/clip_lora_fold2_best_v1.pt,models/v2/v2_10b_h2_balanced_logreg_fold2_v1.joblib
2,jpeg_q50,MLLM_HYB_Nano-Banana2-fake_193,1,0.023044778034090996,mllm::Nano_Banana_2,,models/v2/clip_lora_fold2_best_v1.pt,models/v2/v2_10b_h2_balanced_logreg_fold2_v1.joblib
2,jpeg_q50,MLLM_HYB_Nano-Banana2-fake_194,1,0.26017552614212036,mllm::Nano_Banana_2,,models/v2/clip_lora_fold2_best_v1.pt,models/v2/v2_10b_h2_balanced_logreg_fold2_v1.joblib
2,jpeg_q50,MLLM_HYB_Nano-Banana2-fake_195,1,0.11328990012407303,mllm::Nano_Banana_2,,models/v2/clip_lora_fold2_best_v1.pt,models/v2/v2_10b_h2_balanced_logreg_fold2_v1.joblib
2,jpeg_q50,MLLM_HYB_Nano-Banana2-fake_196,1,0.13337832689285278,mllm::Nano_Banana_2,,models/v2/clip_lora_fold2_best_v1.pt,models/v2/v2_10b_h2_balanced_logreg_fold2_v1.joblib
2,jpeg_q50,MLLM_HYB_Nano-Banana2-fake_197,1,0.026829758659005165,mllm::Nano_Banana_2,,models/v2/clip_lora_fold2_best_v1.pt,models/v2/v2_10b_h2_balanced_logreg_fold2_v1.joblib
2,jpeg_q50,MLLM_HYB_Nano-Banana2-fake_2,1,0.07411790639162064,mllm::Nano_Banana_2,,models/v2/clip_lora_fold2_best_v1.pt,models/v2/v2_10b_h2_balanced_logreg_fold2_v1.joblib
2,jpeg_q50,MLLM_HYB_Nano-Banana2-fake_20,1,0.02187902107834816,mllm::Nano_Banana_2,,models/v2/clip_lora_fold2_best_v1.pt,models/v2/v2_10b_h2_balanced_logreg_fold2_v1.joblib
2,jpeg_q50,MLLM_HYB_Nano-Banana2-fake_21,1,0.028220489621162415,mllm::Nano_Banana_2,,models/v2/clip_lora_fold2_best_v1.pt,models/v2/v2_10b_h2_balanced_logreg_fold2_v1.joblib
2,jpeg_q50,MLLM_HYB_Nano-Banana2-fake_22,1,0.08303923159837723,mllm::Nano_Banana_2,,models/v2/clip_lora_fold2_best_v1.pt,models/v2/v2_10b_h2_balanced_logreg_fold2_v1.joblib
2,jpeg_q50,MLLM_HYB_Nano-Banana2-fake_23,1,0.01096082292497158,mllm::Nano_Banana_2,,models/v2/clip_lora_fold2_best_v1.pt,models/v2/v2_10b_h2_balanced_logreg_fold2_v1.joblib
2,jpeg_q50,MLLM_HYB_Nano-Banana2-fake_24,1,0.07225936651229858,mllm::Nano_Banana_2,,models/v2/clip_lora_fold2_best_v1.pt,models/v2/v2_10b_h2_balanced_logreg_fold2_v1.joblib
2,jpeg_q50,MLLM_HYB_Nano-Banana2-fake_25,1,0.18256543576717377,mllm::Nano_Banana_2,,models/v2/clip_lora_fold2_best_v1.pt,models/v2/v2_10b_h2_balanced_logreg_fold2_v1.joblib
2,jpeg_q50,MLLM_HYB_Nano-Banana2-fake_26,1,0.0987149178981781,mllm::Nano_Banana_2,,models/v2/clip_lora_fold2_best_v1.pt,models/v2/v2_10b_h2_balanced_logreg_fold2_v1.joblib
2,jpeg_q50,MLLM_HYB_Nano-Banana2-fake_27,1,0.3049889802932739,mllm::Nano_Banana_2,,models/v2/clip_lora_fold2_best_v1.pt,models/v2/v2_10b_h2_balanced_logreg_fold2_v1.joblib
2,jpeg_q50,MLLM_HYB_Nano-Banana2-fake_28,1,0.45057547092437744,mllm::Nano_Banana_2,,models/v2/clip_lora_fold2_best_v1.pt,models/v2/v2_10b_h2_balanced_logreg_fold2_v1.joblib
2,jpeg_q50,MLLM_HYB_Nano-Banana2-fake_29,1,0.23599523305892944,mllm::Nano_Banana_2,,models/v2/clip_lora_fold2_best_v1.pt,models/v2/v2_10b_h2_balanced_logreg_fold2_v1.joblib
2,jpeg_q50,MLLM_HYB_Nano-Banana2-fake_3,1,0.2556019127368927,mllm::Nano_Banana_2,,models/v2/clip_lora_fold2_best_v1.pt,models/v2/v2_10b_h2_balanced_logreg_fold2_v1.joblib
2,jpeg_q50,MLLM_HYB_Nano-Banana2-fake_30,1,0.21678029000759125,mllm::Nano_Banana_2,,models/v2/clip_lora_fold2_best_v1.pt,models/v2/v2_10b_h2_balanced_logreg_fold2_v1.joblib
2,jpeg_q50,MLLM_HYB_Nano-Banana2-fake_31,1,0.23052074015140533,mllm::Nano_Banana_2,,models/v2/clip_lora_fold2_best_v1.pt,models/v2/v2_10b_h2_balanced_logreg_fold2_v1.joblib
2,jpeg_q50,MLLM_HYB_Nano-Banana2-fake_32,1,0.18837970495224,mllm::Nano_Banana_2,,models/v2/clip_lora_fold2_best_v1.pt,models/v2/v2_10b_h2_balanced_logreg_fold2_v1.joblib
2,jpeg_q50,MLLM_HYB_Nano-Banana2-fake_33,1,0.28148218989372253,mllm::Nano_Banana_2,,models/v2/clip_lora_fold2_best_v1.pt,models/v2/v2_10b_h2_balanced_logreg_fold2_v1.joblib
2,jpeg_q50,MLLM_HYB_Nano-Banana2-fake_34,1,0.6043731570243835,mllm::Nano_Banana_2,,models/v2/clip_lora_fold2_best_v1.pt,models/v2/v2_10b_h2_balanced_logreg_fold2_v1.joblib
2,jpeg_q50,MLLM_HYB_Nano-Banana2-fake_35,1,0.3975822329521179,mllm::Nano_Banana_2,,models/v2/clip_lora_fold2_best_v1.pt,models/v2/v2_10b_h2_balanced_logreg_fold2_v1.joblib
2,jpeg_q50,MLLM_HYB_Nano-Banana2-fake_36,1,0.20062242448329926,mllm::Nano_Banana_2,,models/v2/clip_lora_fold2_best_v1.pt,models/v2/v2_10b_h2_balanced_logreg_fold2_v1.joblib
2,jpeg_q50,MLLM_HYB_Nano-Banana2-fake_37,1,0.45031121373176575,mllm::Nano_Banana_2,,models/v2/clip_lora_fold2_best_v1.pt,models/v2/v2_10b_h2_balanced_logreg_fold2_v1.joblib
2,jpeg_q50,MLLM_HYB_Nano-Banana2-fake_38,1,0.1599215418100357,mllm::Nano_Banana_2,,models/v2/clip_lora_fold2_best_v1.pt,models/v2/v2_10b_h2_balanced_logreg_fold2_v1.joblib
2,jpeg_q50,MLLM_HYB_Nano-Banana2-fake_39,1,0.11169815063476562,mllm::Nano_Banana_2,,models/v2/clip_lora_fold2_best_v1.pt,models/v2/v2_10b_h2_balanced_logreg_fold2_v1.joblib
2,jpeg_q50,MLLM_HYB_Nano-Banana2-fake_4,1,0.15719185769557953,mllm::Nano_Banana_2,,models/v2/clip_lora_fold2_best_v1.pt,models/v2/v2_10b_h2_balanced_logreg_fold2_v1.joblib
2,jpeg_q50,MLLM_HYB_Nano-Banana2-fake_40,1,0.3006993234157562,mllm::Nano_Banana_2,,models/v2/clip_lora_fold2_best_v1.pt,models/v2/v2_10b_h2_balanced_logreg_fold2_v1.joblib
2,jpeg_q50,MLLM_HYB_Nano-Banana2-fake_41,1,0.055867891758680344,mllm::Nano_Banana_2,,models/v2/clip_lora_fold2_best_v1.pt,models/v2/v2_10b_h2_balanced_logreg_fold2_v1.joblib
2,jpeg_q50,MLLM_HYB_Nano-Banana2-fake_42,1,0.261064350605011,mllm::Nano_Banana_2,,models/v2/clip_lora_fold2_best_v1.pt,models/v2/v2_10b_h2_balanced_logreg_fold2_v1.joblib
2,jpeg_q50,MLLM_HYB_Nano-Banana2-fake_43,1,0.12650251388549805,mllm::Nano_Banana_2,,models/v2/clip_lora_fold2_best_v1.pt,models/v2/v2_10b_h2_balanced_logreg_fold2_v1.joblib
2,jpeg_q50,MLLM_HYB_Nano-Banana2-fake_44,1,0.0841083973646164,mllm::Nano_Banana_2,,models/v2/clip_lora_fold2_best_v1.pt,models/v2/v2_10b_h2_balanced_logreg_fold2_v1.joblib
2,jpeg_q50,MLLM_HYB_Nano-Banana2-fake_45,1,0.281379759311676,mllm::Nano_Banana_2,,models/v2/clip_lora_fold2_best_v1.pt,models/v2/v2_10b_h2_balanced_logreg_fold2_v1.joblib
2,jpeg_q50,MLLM_HYB_Nano-Banana2-fake_46,1,0.16102206707000732,mllm::Nano_Banana_2,,models/v2/clip_lora_fold2_best_v1.pt,models/v2/v2_10b_h2_balanced_logreg_fold2_v1.joblib
2,jpeg_q50,MLLM_HYB_Nano-Banana2-fake_47,1,0.06063951924443245,mllm::Nano_Banana_2,,models/v2/clip_lora_fold2_best_v1.pt,models/v2/v2_10b_h2_balanced_logreg_fold2_v1.joblib
2,jpeg_q50,MLLM_HYB_Nano-Banana2-fake_48,1,0.1128716841340065,mllm::Nano_Banana_2,,models/v2/clip_lora_fold2_best_v1.pt,models/v2/v2_10b_h2_balanced_logreg_fold2_v1.joblib
2,jpeg_q50,MLLM_HYB_Nano-Banana2-fake_49,1,0.05643086135387421,mllm::Nano_Banana_2,,models/v2/clip_lora_fold2_best_v1.pt,models/v2/v2_10b_h2_balanced_logreg_fold2_v1.joblib
2,jpeg_q50,MLLM_HYB_Nano-Banana2-fake_5,1,0.06308361142873764,mllm::Nano_Banana_2,,models/v2/clip_lora_fold2_best_v1.pt,models/v2/v2_10b_h2_balanced_logreg_fold2_v1.joblib
2,jpeg_q50,MLLM_HYB_Nano-Banana2-fake_50,1,0.10769926756620407,mllm::Nano_Banana_2,,models/v2/clip_lora_fold2_best_v1.pt,models/v2/v2_10b_h2_balanced_logreg_fold2_v1.joblib
2,jpeg_q50,MLLM_HYB_Nano-Banana2-fake_51,1,0.04708673432469368,mllm::Nano_Banana_2,,models/v2/clip_lora_fold2_best_v1.pt,models/v2/v2_10b_h2_balanced_logreg_fold2_v1.joblib
2,jpeg_q50,MLLM_HYB_Nano-Banana2-fake_52,1,0.12848111987113953,mllm::Nano_Banana_2,,models/v2/clip_lora_fold2_best_v1.pt,models/v2/v2_10b_h2_balanced_logreg_fold2_v1.joblib
2,jpeg_q50,MLLM_HYB_Nano-Banana2-fake_53,1,0.05480523779988289,mllm::Nano_Banana_2,,models/v2/clip_lora_fold2_best_v1.pt,models/v2/v2_10b_h2_balanced_logreg_fold2_v1.joblib
2,jpeg_q50,MLLM_HYB_Nano-Banana2-fake_54,1,0.05419726297259331,mllm::Nano_Banana_2,,models/v2/clip_lora_fold2_best_v1.pt,models/v2/v2_10b_h2_balanced_logreg_fold2_v1.joblib
2,jpeg_q50,MLLM_HYB_Nano-Banana2-fake_55,1,0.10539153218269348,mllm::Nano_Banana_2,,models/v2/clip_lora_fold2_best_v1.pt,models/v2/v2_10b_h2_balanced_logreg_fold2_v1.joblib
2,jpeg_q50,MLLM_HYB_Nano-Banana2-fake_56,1,0.10653486102819443,mllm::Nano_Banana_2,,models/v2/clip_lora_fold2_best_v1.pt,models/v2/v2_10b_h2_balanced_logreg_fold2_v1.joblib
2,jpeg_q50,MLLM_HYB_Nano-Banana2-fake_57,1,0.07639062404632568,mllm::Nano_Banana_2,,models/v2/clip_lora_fold2_best_v1.pt,models/v2/v2_10b_h2_balanced_logreg_fold2_v1.joblib
2,jpeg_q50,MLLM_HYB_Nano-Banana2-fake_58,1,0.13784503936767578,mllm::Nano_Banana_2,,models/v2/clip_lora_fold2_best_v1.pt,models/v2/v2_10b_h2_balanced_logreg_fold2_v1.joblib
2,jpeg_q50,MLLM_HYB_Nano-Banana2-fake_59,1,0.12893785536289215,mllm::Nano_Banana_2,,models/v2/clip_lora_fold2_best_v1.pt,models/v2/v2_10b_h2_balanced_logreg_fold2_v1.joblib
2,jpeg_q50,MLLM_HYB_Nano-Banana2-fake_6,1,0.07501412183046341,mllm::Nano_Banana_2,,models/v2/clip_lora_fold2_best_v1.pt,models/v2/v2_10b_h2_balanced_logreg_fold2_v1.joblib
2,jpeg_q50,MLLM_HYB_Nano-Banana2-fake_60,1,0.056809455156326294,mllm::Nano_Banana_2,,models/v2/clip_lora_fold2_best_v1.pt,models/v2/v2_10b_h2_balanced_logreg_fold2_v1.joblib
2,jpeg_q50,MLLM_HYB_Nano-Banana2-fake_61,1,0.1682189553976059,mllm::Nano_Banana_2,,models/v2/clip_lora_fold2_best_v1.pt,models/v2/v2_10b_h2_balanced_logreg_fold2_v1.joblib
2,jpeg_q50,MLLM_HYB_Nano-Banana2-fake_62,1,0.2664415240287781,mllm::Nano_Banana_2,,models/v2/clip_lora_fold2_best_v1.pt,models/v2/v2_10b_h2_balanced_logreg_fold2_v1.joblib
2,jpeg_q50,MLLM_HYB_Nano-Banana2-fake_63,1,0.019688310101628304,mllm::Nano_Banana_2,,models/v2/clip_lora_fold2_best_v1.pt,models/v2/v2_10b_h2_balanced_logreg_fold2_v1.joblib
2,jpeg_q50,MLLM_HYB_Nano-Banana2-fake_64,1,0.038980357348918915,mllm::Nano_Banana_2,,models/v2/clip_lora_fold2_best_v1.pt,models/v2/v2_10b_h2_balanced_logreg_fold2_v1.joblib
2,jpeg_q50,MLLM_HYB_Nano-Banana2-fake_65,1,0.22273844480514526,mllm::Nano_Banana_2,,models/v2/clip_lora_fold2_best_v1.pt,models/v2/v2_10b_h2_balanced_logreg_fold2_v1.joblib
2,jpeg_q50,MLLM_HYB_Nano-Banana2-fake_66,1,0.12161494791507721,mllm::Nano_Banana_2,,models/v2/clip_lora_fold2_best_v1.pt,models/v2/v2_10b_h2_balanced_logreg_fold2_v1.joblib
2,jpeg_q50,MLLM_HYB_Nano-Banana2-fake_67,1,0.5089505314826965,mllm::Nano_Banana_2,,models/v2/clip_lora_fold2_best_v1.pt,models/v2/v2_10b_h2_balanced_logreg_fold2_v1.joblib
2,jpeg_q50,MLLM_HYB_Nano-Banana2-fake_68,1,0.34697556495666504,mllm::Nano_Banana_2,,models/v2/clip_lora_fold2_best_v1.pt,models/v2/v2_10b_h2_balanced_logreg_fold2_v1.joblib
2,jpeg_q50,MLLM_HYB_Nano-Banana2-fake_69,1,0.05058866739273071,mllm::Nano_Banana_2,,models/v2/clip_lora_fold2_best_v1.pt,models/v2/v2_10b_h2_balanced_logreg_fold2_v1.joblib
2,jpeg_q50,MLLM_HYB_Nano-Banana2-fake_7,1,0.0850844755768776,mllm::Nano_Banana_2,,models/v2/clip_lora_fold2_best_v1.pt,models/v2/v2_10b_h2_balanced_logreg_fold2_v1.joblib
2,jpeg_q50,MLLM_HYB_Nano-Banana2-fake_70,1,0.06241095811128616,mllm::Nano_Banana_2,,models/v2/clip_lora_fold2_best_v1.pt,models/v2/v2_10b_h2_balanced_logreg_fold2_v1.joblib
2,jpeg_q50,MLLM_HYB_Nano-Banana2-fake_71,1,0.24765071272850037,mllm::Nano_Banana_2,,models/v2/clip_lora_fold2_best_v1.pt,models/v2/v2_10b_h2_balanced_logreg_fold2_v1.joblib
2,jpeg_q50,MLLM_HYB_Nano-Banana2-fake_72,1,0.009969920851290226,mllm::Nano_Banana_2,,models/v2/clip_lora_fold2_best_v1.pt,models/v2/v2_10b_h2_balanced_logreg_fold2_v1.joblib
2,jpeg_q50,MLLM_HYB_Nano-Banana2-fake_73,1,0.2914249002933502,mllm::Nano_Banana_2,,models/v2/clip_lora_fold2_best_v1.pt,models/v2/v2_10b_h2_balanced_logreg_fold2_v1.joblib
2,jpeg_q50,MLLM_HYB_Nano-Banana2-fake_74,1,0.3848951458930969,mllm::Nano_Banana_2,,models/v2/clip_lora_fold2_best_v1.pt,models/v2/v2_10b_h2_balanced_logreg_fold2_v1.joblib
2,jpeg_q50,MLLM_HYB_Nano-Banana2-fake_75,1,0.09209396690130234,mllm::Nano_Banana_2,,models/v2/clip_lora_fold2_best_v1.pt,models/v2/v2_10b_h2_balanced_logreg_fold2_v1.joblib
2,jpeg_q50,MLLM_HYB_Nano-Banana2-fake_76,1,0.375764399766922,mllm::Nano_Banana_2,,models/v2/clip_lora_fold2_best_v1.pt,models/v2/v2_10b_h2_balanced_logreg_fold2_v1.joblib
2,jpeg_q50,MLLM_HYB_Nano-Banana2-fake_77,1,0.3077777326107025,mllm::Nano_Banana_2,,models/v2/clip_lora_fold2_best_v1.pt,models/v2/v2_10b_h2_balanced_logreg_fold2_v1.joblib
2,jpeg_q50,MLLM_HYB_Nano-Banana2-fake_78,1,0.22526279091835022,mllm::Nano_Banana_2,,models/v2/clip_lora_fold2_best_v1.pt,models/v2/v2_10b_h2_balanced_logreg_fold2_v1.joblib
2,jpeg_q50,MLLM_HYB_Nano-Banana2-fake_79,1,0.21467708051204681,mllm::Nano_Banana_2,,models/v2/clip_lora_fold2_best_v1.pt,models/v2/v2_10b_h2_balanced_logreg_fold2_v1.joblib
2,jpeg_q50,MLLM_HYB_Nano-Banana2-fake_8,1,0.24726104736328125,mllm::Nano_Banana_2,,models/v2/clip_lora_fold2_best_v1.pt,models/v2/v2_10b_h2_balanced_logreg_fold2_v1.joblib
2,jpeg_q50,MLLM_HYB_Nano-Banana2-fake_80,1,0.3699479401111603,mllm::Nano_Banana_2,,models/v2/clip_lora_fold2_best_v1.pt,models/v2/v2_10b_h2_balanced_logreg_fold2_v1.joblib
2,jpeg_q50,MLLM_HYB_Nano-Banana2-fake_81,1,0.06277888268232346,mllm::Nano_Banana_2,,models/v2/clip_lora_fold2_best_v1.pt,models/v2/v2_10b_h2_balanced_logreg_fold2_v1.joblib
2,jpeg_q50,MLLM_HYB_Nano-Banana2-fake_82,1,0.07015887647867203,mllm::Nano_Banana_2,,models/v2/clip_lora_fold2_best_v1.pt,models/v2/v2_10b_h2_balanced_logreg_fold2_v1.joblib
2,jpeg_q50,MLLM_HYB_Nano-Banana2-fake_83,1,0.15997999906539917,mllm::Nano_Banana_2,,models/v2/clip_lora_fold2_best_v1.pt,models/v2/v2_10b_h2_balanced_logreg_fold2_v1.joblib
2,jpeg_q50,MLLM_HYB_Nano-Banana2-fake_84,1,0.061336491256952286,mllm::Nano_Banana_2,,models/v2/clip_lora_fold2_best_v1.pt,models/v2/v2_10b_h2_balanced_logreg_fold2_v1.joblib
2,jpeg_q50,MLLM_HYB_Nano-Banana2-fake_85,1,0.21617212891578674,mllm::Nano_Banana_2,,models/v2/clip_lora_fold2_best_v1.pt,models/v2/v2_10b_h2_balanced_logreg_fold2_v1.joblib
2,jpeg_q50,MLLM_HYB_Nano-Banana2-fake_86,1,0.23328207433223724,mllm::Nano_Banana_2,,models/v2/clip_lora_fold2_best_v1.pt,models/v2/v2_10b_h2_balanced_logreg_fold2_v1.joblib
2,jpeg_q50,MLLM_HYB_Nano-Banana2-fake_87,1,0.3818357586860657,mllm::Nano_Banana_2,,models/v2/clip_lora_fold2_best_v1.pt,models/v2/v2_10b_h2_balanced_logreg_fold2_v1.joblib
2,jpeg_q50,MLLM_HYB_Nano-Banana2-fake_88,1,0.3050631582736969,mllm::Nano_Banana_2,,models/v2/clip_lora_fold2_best_v1.pt,models/v2/v2_10b_h2_balanced_logreg_fold2_v1.joblib
2,jpeg_q50,MLLM_HYB_Nano-Banana2-fake_89,1,0.3087741732597351,mllm::Nano_Banana_2,,models/v2/clip_lora_fold2_best_v1.pt,models/v2/v2_10b_h2_balanced_logreg_fold2_v1.joblib
2,jpeg_q50,MLLM_HYB_Nano-Banana2-fake_9,1,0.07695941627025604,mllm::Nano_Banana_2,,models/v2/clip_lora_fold2_best_v1.pt,models/v2/v2_10b_h2_balanced_logreg_fold2_v1.joblib
2,jpeg_q50,MLLM_HYB_Nano-Banana2-fake_90,1,0.3321879506111145,mllm::Nano_Banana_2,,models/v2/clip_lora_fold2_best_v1.pt,models/v2/v2_10b_h2_balanced_logreg_fold2_v1.joblib
2,jpeg_q50,MLLM_HYB_Nano-Banana2-fake_91,1,0.2742328941822052,mllm::Nano_Banana_2,,models/v2/clip_lora_fold2_best_v1.pt,models/v2/v2_10b_h2_balanced_logreg_fold2_v1.joblib
2,jpeg_q50,MLLM_HYB_Nano-Banana2-fake_92,1,0.24619261920452118,mllm::Nano_Banana_2,,models/v2/clip_lora_fold2_best_v1.pt,models/v2/v2_10b_h2_balanced_logreg_fold2_v1.joblib
2,jpeg_q50,MLLM_HYB_Nano-Banana2-fake_93,1,0.21987777948379517,mllm::Nano_Banana_2,,models/v2/clip_lora_fold2_best_v1.pt,models/v2/v2_10b_h2_balanced_logreg_fold2_v1.joblib
2,jpeg_q50,MLLM_HYB_Nano-Banana2-fake_94,1,0.07426503300666809,mllm::Nano_Banana_2,,models/v2/clip_lora_fold2_best_v1.pt,models/v2/v2_10b_h2_balanced_logreg_fold2_v1.joblib
2,jpeg_q50,MLLM_HYB_Nano-Banana2-fake_95,1,0.014000775292515755,mllm::Nano_Banana_2,,models/v2/clip_lora_fold2_best_v1.pt,models/v2/v2_10b_h2_balanced_logreg_fold2_v1.joblib
2,jpeg_q50,MLLM_HYB_Nano-Banana2-fake_96,1,0.15626917779445648,mllm::Nano_Banana_2,,models/v2/clip_lora_fold2_best_v1.pt,models/v2/v2_10b_h2_balanced_logreg_fold2_v1.joblib
2,jpeg_q50,MLLM_HYB_Nano-Banana2-fake_97,1,0.5887866020202637,mllm::Nano_Banana_2,,models/v2/clip_lora_fold2_best_v1.pt,models/v2/v2_10b_h2_balanced_logreg_fold2_v1.joblib
2,jpeg_q50,MLLM_HYB_Nano-Banana2-fake_98,1,0.356171190738678,mllm::Nano_Banana_2,,models/v2/clip_lora_fold2_best_v1.pt,models/v2/v2_10b_h2_balanced_logreg_fold2_v1.joblib
2,jpeg_q50,MLLM_HYB_Nano-Banana2-fake_99,1,0.17164070904254913,mllm::Nano_Banana_2,,models/v2/clip_lora_fold2_best_v1.pt,models/v2/v2_10b_h2_balanced_logreg_fold2_v1.joblib
2,jpeg_q50,MLLM_HYB_real_106,0,0.06857231259346008,real::MLLM,MLLM,models/v2/clip_lora_fold2_best_v1.pt,models/v2/v2_10b_h2_balanced_logreg_fold2_v1.joblib
2,jpeg_q50,MLLM_HYB_real_108,0,0.0607524998486042,real::MLLM,MLLM,models/v2/clip_lora_fold2_best_v1.pt,models/v2/v2_10b_h2_balanced_logreg_fold2_v1.joblib
2,jpeg_q50,MLLM_HYB_real_11,0,0.01115968357771635,real::MLLM,MLLM,models/v2/clip_lora_fold2_best_v1.pt,models/v2/v2_10b_h2_balanced_logreg_fold2_v1.joblib
2,jpeg_q50,MLLM_HYB_real_111,0,0.0515364408493042,real::MLLM,MLLM,models/v2/clip_lora_fold2_best_v1.pt,models/v2/v2_10b_h2_balanced_logreg_fold2_v1.joblib
2,jpeg_q50,MLLM_HYB_real_120,0,0.16204962134361267,real::MLLM,MLLM,models/v2/clip_lora_fold2_best_v1.pt,models/v2/v2_10b_h2_balanced_logreg_fold2_v1.joblib
2,jpeg_q50,MLLM_HYB_real_123,0,0.14040802419185638,real::MLLM,MLLM,models/v2/clip_lora_fold2_best_v1.pt,models/v2/v2_10b_h2_balanced_logreg_fold2_v1.joblib
2,jpeg_q50,MLLM_HYB_real_129,0,0.02720329351723194,real::MLLM,MLLM,models/v2/clip_lora_fold2_best_v1.pt,models/v2/v2_10b_h2_balanced_logreg_fold2_v1.joblib
2,jpeg_q50,MLLM_HYB_real_137,0,0.08405324071645737,real::MLLM,MLLM,models/v2/clip_lora_fold2_best_v1.pt,models/v2/v2_10b_h2_balanced_logreg_fold2_v1.joblib
2,jpeg_q50,MLLM_HYB_real_139,0,0.06518349796533585,real::MLLM,MLLM,models/v2/clip_lora_fold2_best_v1.pt,models/v2/v2_10b_h2_balanced_logreg_fold2_v1.joblib
2,jpeg_q50,MLLM_HYB_real_147,0,0.006575957406312227,real::MLLM,MLLM,models/v2/clip_lora_fold2_best_v1.pt,models/v2/v2_10b_h2_balanced_logreg_fold2_v1.joblib
2,jpeg_q50,MLLM_HYB_real_149,0,0.12575796246528625,real::MLLM,MLLM,models/v2/clip_lora_fold2_best_v1.pt,models/v2/v2_10b_h2_balanced_logreg_fold2_v1.joblib
2,jpeg_q50,MLLM_HYB_real_151,0,0.03128144145011902,real::MLLM,MLLM,models/v2/clip_lora_fold2_best_v1.pt,models/v2/v2_10b_h2_balanced_logreg_fold2_v1.joblib
2,jpeg_q50,MLLM_HYB_real_159,0,0.06784708052873611,real::MLLM,MLLM,models/v2/clip_lora_fold2_best_v1.pt,models/v2/v2_10b_h2_balanced_logreg_fold2_v1.joblib
2,jpeg_q50,MLLM_HYB_real_161,0,0.042130231857299805,real::MLLM,MLLM,models/v2/clip_lora_fold2_best_v1.pt,models/v2/v2_10b_h2_balanced_logreg_fold2_v1.joblib
2,jpeg_q50,MLLM_HYB_real_17,0,0.07489965856075287,real::MLLM,MLLM,models/v2/clip_lora_fold2_best_v1.pt,models/v2/v2_10b_h2_balanced_logreg_fold2_v1.joblib
2,jpeg_q50,MLLM_HYB_real_175,0,0.05015913024544716,real::MLLM,MLLM,models/v2/clip_lora_fold2_best_v1.pt,models/v2/v2_10b_h2_balanced_logreg_fold2_v1.joblib
2,jpeg_q50,MLLM_HYB_real_184,0,0.11256013810634613,real::MLLM,MLLM,models/v2/clip_lora_fold2_best_v1.pt,models/v2/v2_10b_h2_balanced_logreg_fold2_v1.joblib
2,jpeg_q50,MLLM_HYB_real_189,0,0.016741860657930374,real::MLLM,MLLM,models/v2/clip_lora_fold2_best_v1.pt,models/v2/v2_10b_h2_balanced_logreg_fold2_v1.joblib
2,jpeg_q50,MLLM_HYB_real_19,0,0.32892388105392456,real::MLLM,MLLM,models/v2/clip_lora_fold2_best_v1.pt,models/v2/v2_10b_h2_balanced_logreg_fold2_v1.joblib
2,jpeg_q50,MLLM_HYB_real_195,0,0.05510225519537926,real::MLLM,MLLM,models/v2/clip_lora_fold2_best_v1.pt,models/v2/v2_10b_h2_balanced_logreg_fold2_v1.joblib
2,jpeg_q50,MLLM_HYB_real_24,0,0.013512424193322659,real::MLLM,MLLM,models/v2/clip_lora_fold2_best_v1.pt,models/v2/v2_10b_h2_balanced_logreg_fold2_v1.joblib
2,jpeg_q50,MLLM_HYB_real_28,0,0.02819482982158661,real::MLLM,MLLM,models/v2/clip_lora_fold2_best_v1.pt,models/v2/v2_10b_h2_balanced_logreg_fold2_v1.joblib
2,jpeg_q50,MLLM_HYB_real_31,0,0.11457332968711853,real::MLLM,MLLM,models/v2/clip_lora_fold2_best_v1.pt,models/v2/v2_10b_h2_balanced_logreg_fold2_v1.joblib
2,jpeg_q50,MLLM_HYB_real_33,0,0.6483927965164185,real::MLLM,MLLM,models/v2/clip_lora_fold2_best_v1.pt,models/v2/v2_10b_h2_balanced_logreg_fold2_v1.joblib
2,jpeg_q50,MLLM_HYB_real_38,0,0.37574195861816406,real::MLLM,MLLM,models/v2/clip_lora_fold2_best_v1.pt,models/v2/v2_10b_h2_balanced_logreg_fold2_v1.joblib
2,jpeg_q50,MLLM_HYB_real_43,0,0.042740825563669205,real::MLLM,MLLM,models/v2/clip_lora_fold2_best_v1.pt,models/v2/v2_10b_h2_balanced_logreg_fold2_v1.joblib
2,jpeg_q50,MLLM_HYB_real_55,0,0.02911921590566635,real::MLLM,MLLM,models/v2/clip_lora_fold2_best_v1.pt,models/v2/v2_10b_h2_balanced_logreg_fold2_v1.joblib
2,jpeg_q50,MLLM_HYB_real_60,0,0.02367139235138893,real::MLLM,MLLM,models/v2/clip_lora_fold2_best_v1.pt,models/v2/v2_10b_h2_balanced_logreg_fold2_v1.joblib
2,jpeg_q50,MLLM_HYB_real_82,0,0.037714313715696335,real::MLLM,MLLM,models/v2/clip_lora_fold2_best_v1.pt,models/v2/v2_10b_h2_balanced_logreg_fold2_v1.joblib
2,jpeg_q50,MLLM_HYB_real_83,0,0.1714475303888321,real::MLLM,MLLM,models/v2/clip_lora_fold2_best_v1.pt,models/v2/v2_10b_h2_balanced_logreg_fold2_v1.joblib
2,jpeg_q50,MLLM_HYB_real_89,0,0.11180105805397034,real::MLLM,MLLM,models/v2/clip_lora_fold2_best_v1.pt,models/v2/v2_10b_h2_balanced_logreg_fold2_v1.joblib
2,jpeg_q50,MLLM_STR_Nano-Banana2-fake_1,1,0.030630843713879585,mllm::Nano_Banana_2,,models/v2/clip_lora_fold2_best_v1.pt,models/v2/v2_10b_h2_balanced_logreg_fold2_v1.joblib
2,jpeg_q50,MLLM_STR_Nano-Banana2-fake_10,1,0.0024186898954212666,mllm::Nano_Banana_2,,models/v2/clip_lora_fold2_best_v1.pt,models/v2/v2_10b_h2_balanced_logreg_fold2_v1.joblib
2,jpeg_q50,MLLM_STR_Nano-Banana2-fake_100,1,0.023012230172753334,mllm::Nano_Banana_2,,models/v2/clip_lora_fold2_best_v1.pt,models/v2/v2_10b_h2_balanced_logreg_fold2_v1.joblib
2,jpeg_q50,MLLM_STR_Nano-Banana2-fake_101,1,0.009125016629695892,mllm::Nano_Banana_2,,models/v2/clip_lora_fold2_best_v1.pt,models/v2/v2_10b_h2_balanced_logreg_fold2_v1.joblib
2,jpeg_q50,MLLM_STR_Nano-Banana2-fake_102,1,0.005602415185421705,mllm::Nano_Banana_2,,models/v2/clip_lora_fold2_best_v1.pt,models/v2/v2_10b_h2_balanced_logreg_fold2_v1.joblib
2,jpeg_q50,MLLM_STR_Nano-Banana2-fake_103,1,0.004288454074412584,mllm::Nano_Banana_2,,models/v2/clip_lora_fold2_best_v1.pt,models/v2/v2_10b_h2_balanced_logreg_fold2_v1.joblib
2,jpeg_q50,MLLM_STR_Nano-Banana2-fake_104,1,0.03562823310494423,mllm::Nano_Banana_2,,models/v2/clip_lora_fold2_best_v1.pt,models/v2/v2_10b_h2_balanced_logreg_fold2_v1.joblib
2,jpeg_q50,MLLM_STR_Nano-Banana2-fake_105,1,0.023483654484152794,mllm::Nano_Banana_2,,models/v2/clip_lora_fold2_best_v1.pt,models/v2/v2_10b_h2_balanced_logreg_fold2_v1.joblib
2,jpeg_q50,MLLM_STR_Nano-Banana2-fake_106,1,0.02181762456893921,mllm::Nano_Banana_2,,models/v2/clip_lora_fold2_best_v1.pt,models/v2/v2_10b_h2_balanced_logreg_fold2_v1.joblib
2,jpeg_q50,MLLM_STR_Nano-Banana2-fake_107,1,0.020796069875359535,mllm::Nano_Banana_2,,models/v2/clip_lora_fold2_best_v1.pt,models/v2/v2_10b_h2_balanced_logreg_fold2_v1.joblib
2,jpeg_q50,MLLM_STR_Nano-Banana2-fake_108,1,0.017252065241336823,mllm::Nano_Banana_2,,models/v2/clip_lora_fold2_best_v1.pt,models/v2/v2_10b_h2_balanced_logreg_fold2_v1.joblib
2,jpeg_q50,MLLM_STR_Nano-Banana2-fake_109,1,0.007833331823348999,mllm::Nano_Banana_2,,models/v2/clip_lora_fold2_best_v1.pt,models/v2/v2_10b_h2_balanced_logreg_fold2_v1.joblib
2,jpeg_q50,MLLM_STR_Nano-Banana2-fake_11,1,0.004479663912206888,mllm::Nano_Banana_2,,models/v2/clip_lora_fold2_best_v1.pt,models/v2/v2_10b_h2_balanced_logreg_fold2_v1.joblib
2,jpeg_q50,MLLM_STR_Nano-Banana2-fake_110,1,0.008876895532011986,mllm::Nano_Banana_2,,models/v2/clip_lora_fold2_best_v1.pt,models/v2/v2_10b_h2_balanced_logreg_fold2_v1.joblib
2,jpeg_q50,MLLM_STR_Nano-Banana2-fake_111,1,0.0039061568677425385,mllm::Nano_Banana_2,,models/v2/clip_lora_fold2_best_v1.pt,models/v2/v2_10b_h2_balanced_logreg_fold2_v1.joblib
2,jpeg_q50,MLLM_STR_Nano-Banana2-fake_112,1,0.006850693840533495,mllm::Nano_Banana_2,,models/v2/clip_lora_fold2_best_v1.pt,models/v2/v2_10b_h2_balanced_logreg_fold2_v1.joblib
2,jpeg_q50,MLLM_STR_Nano-Banana2-fake_113,1,0.027771329507231712,mllm::Nano_Banana_2,,models/v2/clip_lora_fold2_best_v1.pt,models/v2/v2_10b_h2_balanced_logreg_fold2_v1.joblib
2,jpeg_q50,MLLM_STR_Nano-Banana2-fake_114,1,0.02645551785826683,mllm::Nano_Banana_2,,models/v2/clip_lora_fold2_best_v1.pt,models/v2/v2_10b_h2_balanced_logreg_fold2_v1.joblib
2,jpeg_q50,MLLM_STR_Nano-Banana2-fake_115,1,0.011740953661501408,mllm::Nano_Banana_2,,models/v2/clip_lora_fold2_best_v1.pt,models/v2/v2_10b_h2_balanced_logreg_fold2_v1.joblib
2,jpeg_q50,MLLM_STR_Nano-Banana2-fake_116,1,0.015978949144482613,mllm::Nano_Banana_2,,models/v2/clip_lora_fold2_best_v1.pt,models/v2/v2_10b_h2_balanced_logreg_fold2_v1.joblib
2,jpeg_q50,MLLM_STR_Nano-Banana2-fake_117,1,0.03368636593222618,mllm::Nano_Banana_2,,models/v2/clip_lora_fold2_best_v1.pt,models/v2/v2_10b_h2_balanced_logreg_fold2_v1.joblib
2,jpeg_q50,MLLM_STR_Nano-Banana2-fake_118,1,0.0018678174819797277,mllm::Nano_Banana_2,,models/v2/clip_lora_fold2_best_v1.pt,models/v2/v2_10b_h2_balanced_logreg_fold2_v1.joblib
2,jpeg_q50,MLLM_STR_Nano-Banana2-fake_119,1,0.009638375602662563,mllm::Nano_Banana_2,,models/v2/clip_lora_fold2_best_v1.pt,models/v2/v2_10b_h2_balanced_logreg_fold2_v1.joblib
2,jpeg_q50,MLLM_STR_Nano-Banana2-fake_12,1,0.005873031448572874,mllm::Nano_Banana_2,,models/v2/clip_lora_fold2_best_v1.pt,models/v2/v2_10b_h2_balanced_logreg_fold2_v1.joblib
2,jpeg_q50,MLLM_STR_Nano-Banana2-fake_120,1,0.011933455243706703,mllm::Nano_Banana_2,,models/v2/clip_lora_fold2_best_v1.pt,models/v2/v2_10b_h2_balanced_logreg_fold2_v1.joblib
2,jpeg_q50,MLLM_STR_Nano-Banana2-fake_121,1,0.036594852805137634,mllm::Nano_Banana_2,,models/v2/clip_lora_fold2_best_v1.pt,models/v2/v2_10b_h2_balanced_logreg_fold2_v1.joblib
2,jpeg_q50,MLLM_STR_Nano-Banana2-fake_122,1,0.011554048396646976,mllm::Nano_Banana_2,,models/v2/clip_lora_fold2_best_v1.pt,models/v2/v2_10b_h2_balanced_logreg_fold2_v1.joblib
2,jpeg_q50,MLLM_STR_Nano-Banana2-fake_123,1,0.01105482317507267,mllm::Nano_Banana_2,,models/v2/clip_lora_fold2_best_v1.pt,models/v2/v2_10b_h2_balanced_logreg_fold2_v1.joblib
2,jpeg_q50,MLLM_STR_Nano-Banana2-fake_124,1,0.013291624374687672,mllm::Nano_Banana_2,,models/v2/clip_lora_fold2_best_v1.pt,models/v2/v2_10b_h2_balanced_logreg_fold2_v1.joblib
2,jpeg_q50,MLLM_STR_Nano-Banana2-fake_125,1,0.008033416233956814,mllm::Nano_Banana_2,,models/v2/clip_lora_fold2_best_v1.pt,models/v2/v2_10b_h2_balanced_logreg_fold2_v1.joblib
2,jpeg_q50,MLLM_STR_Nano-Banana2-fake_126,1,0.016349926590919495,mllm::Nano_Banana_2,,models/v2/clip_lora_fold2_best_v1.pt,models/v2/v2_10b_h2_balanced_logreg_fold2_v1.joblib
2,jpeg_q50,MLLM_STR_Nano-Banana2-fake_127,1,0.04329288378357887,mllm::Nano_Banana_2,,models/v2/clip_lora_fold2_best_v1.pt,models/v2/v2_10b_h2_balanced_logreg_fold2_v1.joblib
2,jpeg_q50,MLLM_STR_Nano-Banana2-fake_128,1,0.01480245590209961,mllm::Nano_Banana_2,,models/v2/clip_lora_fold2_best_v1.pt,models/v2/v2_10b_h2_balanced_logreg_fold2_v1.joblib
2,jpeg_q50,MLLM_STR_Nano-Banana2-fake_129,1,0.0063652293756604195,mllm::Nano_Banana_2,,models/v2/clip_lora_fold2_best_v1.pt,models/v2/v2_10b_h2_balanced_logreg_fold2_v1.joblib
2,jpeg_q50,MLLM_STR_Nano-Banana2-fake_13,1,0.00469718175008893,mllm::Nano_Banana_2,,models/v2/clip_lora_fold2_best_v1.pt,models/v2/v2_10b_h2_balanced_logreg_fold2_v1.joblib
2,jpeg_q50,MLLM_STR_Nano-Banana2-fake_130,1,0.015462376177310944,mllm::Nano_Banana_2,,models/v2/clip_lora_fold2_best_v1.pt,models/v2/v2_10b_h2_balanced_logreg_fold2_v1.joblib
2,jpeg_q50,MLLM_STR_Nano-Banana2-fake_131,1,0.02026614360511303,mllm::Nano_Banana_2,,models/v2/clip_lora_fold2_best_v1.pt,models/v2/v2_10b_h2_balanced_logreg_fold2_v1.joblib
2,jpeg_q50,MLLM_STR_Nano-Banana2-fake_132,1,0.011391645297408104,mllm::Nano_Banana_2,,models/v2/clip_lora_fold2_best_v1.pt,models/v2/v2_10b_h2_balanced_logreg_fold2_v1.joblib
2,jpeg_q50,MLLM_STR_Nano-Banana2-fake_133,1,0.026765557006001472,mllm::Nano_Banana_2,,models/v2/clip_lora_fold2_best_v1.pt,models/v2/v2_10b_h2_balanced_logreg_fold2_v1.joblib
2,jpeg_q50,MLLM_STR_Nano-Banana2-fake_134,1,0.006877277046442032,mllm::Nano_Banana_2,,models/v2/clip_lora_fold2_best_v1.pt,models/v2/v2_10b_h2_balanced_logreg_fold2_v1.joblib
2,jpeg_q50,MLLM_STR_Nano-Banana2-fake_135,1,0.030299050733447075,mllm::Nano_Banana_2,,models/v2/clip_lora_fold2_best_v1.pt,models/v2/v2_10b_h2_balanced_logreg_fold2_v1.joblib
2,jpeg_q50,MLLM_STR_Nano-Banana2-fake_136,1,0.010660790838301182,mllm::Nano_Banana_2,,models/v2/clip_lora_fold2_best_v1.pt,models/v2/v2_10b_h2_balanced_logreg_fold2_v1.joblib
2,jpeg_q50,MLLM_STR_Nano-Banana2-fake_137,1,0.01002628542482853,mllm::Nano_Banana_2,,models/v2/clip_lora_fold2_best_v1.pt,models/v2/v2_10b_h2_balanced_logreg_fold2_v1.joblib
2,jpeg_q50,MLLM_STR_Nano-Banana2-fake_138,1,0.01597321406006813,mllm::Nano_Banana_2,,models/v2/clip_lora_fold2_best_v1.pt,models/v2/v2_10b_h2_balanced_logreg_fold2_v1.joblib
2,jpeg_q50,MLLM_STR_Nano-Banana2-fake_139,1,0.027291979640722275,mllm::Nano_Banana_2,,models/v2/clip_lora_fold2_best_v1.pt,models/v2/v2_10b_h2_balanced_logreg_fold2_v1.joblib
2,jpeg_q50,MLLM_STR_Nano-Banana2-fake_14,1,0.007054466288536787,mllm::Nano_Banana_2,,models/v2/clip_lora_fold2_best_v1.pt,models/v2/v2_10b_h2_balanced_logreg_fold2_v1.joblib
2,jpeg_q50,MLLM_STR_Nano-Banana2-fake_140,1,0.00918130949139595,mllm::Nano_Banana_2,,models/v2/clip_lora_fold2_best_v1.pt,models/v2/v2_10b_h2_balanced_logreg_fold2_v1.joblib
2,jpeg_q50,MLLM_STR_Nano-Banana2-fake_141,1,0.018527895212173462,mllm::Nano_Banana_2,,models/v2/clip_lora_fold2_best_v1.pt,models/v2/v2_10b_h2_balanced_logreg_fold2_v1.joblib
2,jpeg_q50,MLLM_STR_Nano-Banana2-fake_142,1,0.0014008244033902884,mllm::Nano_Banana_2,,models/v2/clip_lora_fold2_best_v1.pt,models/v2/v2_10b_h2_balanced_logreg_fold2_v1.joblib
2,jpeg_q50,MLLM_STR_Nano-Banana2-fake_143,1,0.017813673242926598,mllm::Nano_Banana_2,,models/v2/clip_lora_fold2_best_v1.pt,models/v2/v2_10b_h2_balanced_logreg_fold2_v1.joblib
2,jpeg_q50,MLLM_STR_Nano-Banana2-fake_144,1,0.006506442558020353,mllm::Nano_Banana_2,,models/v2/clip_lora_fold2_best_v1.pt,models/v2/v2_10b_h2_balanced_logreg_fold2_v1.joblib
2,jpeg_q50,MLLM_STR_Nano-Banana2-fake_145,1,0.003862061072140932,mllm::Nano_Banana_2,,models/v2/clip_lora_fold2_best_v1.pt,models/v2/v2_10b_h2_balanced_logreg_fold2_v1.joblib
2,jpeg_q50,MLLM_STR_Nano-Banana2-fake_146,1,0.017140818759799004,mllm::Nano_Banana_2,,models/v2/clip_lora_fold2_best_v1.pt,models/v2/v2_10b_h2_balanced_logreg_fold2_v1.joblib
2,jpeg_q50,MLLM_STR_Nano-Banana2-fake_147,1,0.014809418469667435,mllm::Nano_Banana_2,,models/v2/clip_lora_fold2_best_v1.pt,models/v2/v2_10b_h2_balanced_logreg_fold2_v1.joblib
2,jpeg_q50,MLLM_STR_Nano-Banana2-fake_148,1,0.02597782574594021,mllm::Nano_Banana_2,,models/v2/clip_lora_fold2_best_v1.pt,models/v2/v2_10b_h2_balanced_logreg_fold2_v1.joblib
2,jpeg_q50,MLLM_STR_Nano-Banana2-fake_149,1,0.05692720413208008,mllm::Nano_Banana_2,,models/v2/clip_lora_fold2_best_v1.pt,models/v2/v2_10b_h2_balanced_logreg_fold2_v1.joblib
2,jpeg_q50,MLLM_STR_Nano-Banana2-fake_15,1,0.003572847694158554,mllm::Nano_Banana_2,,models/v2/clip_lora_fold2_best_v1.pt,models/v2/v2_10b_h2_balanced_logreg_fold2_v1.joblib
2,jpeg_q50,MLLM_STR_Nano-Banana2-fake_150,1,0.012392360717058182,mllm::Nano_Banana_2,,models/v2/clip_lora_fold2_best_v1.pt,models/v2/v2_10b_h2_balanced_logreg_fold2_v1.joblib
2,jpeg_q50,MLLM_STR_Nano-Banana2-fake_151,1,0.023944498971104622,mllm::Nano_Banana_2,,models/v2/clip_lora_fold2_best_v1.pt,models/v2/v2_10b_h2_balanced_logreg_fold2_v1.joblib
2,jpeg_q50,MLLM_STR_Nano-Banana2-fake_152,1,0.011282258667051792,mllm::Nano_Banana_2,,models/v2/clip_lora_fold2_best_v1.pt,models/v2/v2_10b_h2_balanced_logreg_fold2_v1.joblib
2,jpeg_q50,MLLM_STR_Nano-Banana2-fake_153,1,0.0034370452631264925,mllm::Nano_Banana_2,,models/v2/clip_lora_fold2_best_v1.pt,models/v2/v2_10b_h2_balanced_logreg_fold2_v1.joblib
2,jpeg_q50,MLLM_STR_Nano-Banana2-fake_154,1,0.008641575463116169,mllm::Nano_Banana_2,,models/v2/clip_lora_fold2_best_v1.pt,models/v2/v2_10b_h2_balanced_logreg_fold2_v1.joblib
2,jpeg_q50,MLLM_STR_Nano-Banana2-fake_155,1,0.01812448352575302,mllm::Nano_Banana_2,,models/v2/clip_lora_fold2_best_v1.pt,models/v2/v2_10b_h2_balanced_logreg_fold2_v1.joblib
2,jpeg_q50,MLLM_STR_Nano-Banana2-fake_156,1,0.010874257422983646,mllm::Nano_Banana_2,,models/v2/clip_lora_fold2_best_v1.pt,models/v2/v2_10b_h2_balanced_logreg_fold2_v1.joblib
2,jpeg_q50,MLLM_STR_Nano-Banana2-fake_157,1,0.007078351452946663,mllm::Nano_Banana_2,,models/v2/clip_lora_fold2_best_v1.pt,models/v2/v2_10b_h2_balanced_logreg_fold2_v1.joblib
2,jpeg_q50,MLLM_STR_Nano-Banana2-fake_158,1,0.02548823319375515,mllm::Nano_Banana_2,,models/v2/clip_lora_fold2_best_v1.pt,models/v2/v2_10b_h2_balanced_logreg_fold2_v1.joblib
2,jpeg_q50,MLLM_STR_Nano-Banana2-fake_159,1,0.0058395760133862495,mllm::Nano_Banana_2,,models/v2/clip_lora_fold2_best_v1.pt,models/v2/v2_10b_h2_balanced_logreg_fold2_v1.joblib
2,jpeg_q50,MLLM_STR_Nano-Banana2-fake_16,1,0.010430492460727692,mllm::Nano_Banana_2,,models/v2/clip_lora_fold2_best_v1.pt,models/v2/v2_10b_h2_balanced_logreg_fold2_v1.joblib
2,jpeg_q50,MLLM_STR_Nano-Banana2-fake_160,1,0.010936059057712555,mllm::Nano_Banana_2,,models/v2/clip_lora_fold2_best_v1.pt,models/v2/v2_10b_h2_balanced_logreg_fold2_v1.joblib
2,jpeg_q50,MLLM_STR_Nano-Banana2-fake_161,1,0.030225109308958054,mllm::Nano_Banana_2,,models/v2/clip_lora_fold2_best_v1.pt,models/v2/v2_10b_h2_balanced_logreg_fold2_v1.joblib
2,jpeg_q50,MLLM_STR_Nano-Banana2-fake_162,1,0.01866372860968113,mllm::Nano_Banana_2,,models/v2/clip_lora_fold2_best_v1.pt,models/v2/v2_10b_h2_balanced_logreg_fold2_v1.joblib
2,jpeg_q50,MLLM_STR_Nano-Banana2-fake_163,1,0.06498429924249649,mllm::Nano_Banana_2,,models/v2/clip_lora_fold2_best_v1.pt,models/v2/v2_10b_h2_balanced_logreg_fold2_v1.joblib
2,jpeg_q50,MLLM_STR_Nano-Banana2-fake_164,1,0.02228143811225891,mllm::Nano_Banana_2,,models/v2/clip_lora_fold2_best_v1.pt,models/v2/v2_10b_h2_balanced_logreg_fold2_v1.joblib
2,jpeg_q50,MLLM_STR_Nano-Banana2-fake_165,1,0.02129855938255787,mllm::Nano_Banana_2,,models/v2/clip_lora_fold2_best_v1.pt,models/v2/v2_10b_h2_balanced_logreg_fold2_v1.joblib
2,jpeg_q50,MLLM_STR_Nano-Banana2-fake_166,1,0.049843937158584595,mllm::Nano_Banana_2,,models/v2/clip_lora_fold2_best_v1.pt,models/v2/v2_10b_h2_balanced_logreg_fold2_v1.joblib
2,jpeg_q50,MLLM_STR_Nano-Banana2-fake_167,1,0.015721894800662994,mllm::Nano_Banana_2,,models/v2/clip_lora_fold2_best_v1.pt,models/v2/v2_10b_h2_balanced_logreg_fold2_v1.joblib
2,jpeg_q50,MLLM_STR_Nano-Banana2-fake_168,1,0.0032399753108620644,mllm::Nano_Banana_2,,models/v2/clip_lora_fold2_best_v1.pt,models/v2/v2_10b_h2_balanced_logreg_fold2_v1.joblib
2,jpeg_q50,MLLM_STR_Nano-Banana2-fake_169,1,0.020218944177031517,mllm::Nano_Banana_2,,models/v2/clip_lora_fold2_best_v1.pt,models/v2/v2_10b_h2_balanced_logreg_fold2_v1.joblib
2,jpeg_q50,MLLM_STR_Nano-Banana2-fake_17,1,0.0012048549251630902,mllm::Nano_Banana_2,,models/v2/clip_lora_fold2_best_v1.pt,models/v2/v2_10b_h2_balanced_logreg_fold2_v1.joblib
2,jpeg_q50,MLLM_STR_Nano-Banana2-fake_170,1,0.0127298254519701,mllm::Nano_Banana_2,,models/v2/clip_lora_fold2_best_v1.pt,models/v2/v2_10b_h2_balanced_logreg_fold2_v1.joblib
2,jpeg_q50,MLLM_STR_Nano-Banana2-fake_171,1,0.011549153365194798,mllm::Nano_Banana_2,,models/v2/clip_lora_fold2_best_v1.pt,models/v2/v2_10b_h2_balanced_logreg_fold2_v1.joblib
2,jpeg_q50,MLLM_STR_Nano-Banana2-fake_172,1,0.0915578082203865,mllm::Nano_Banana_2,,models/v2/clip_lora_fold2_best_v1.pt,models/v2/v2_10b_h2_balanced_logreg_fold2_v1.joblib
2,jpeg_q50,MLLM_STR_Nano-Banana2-fake_173,1,0.009634839370846748,mllm::Nano_Banana_2,,models/v2/clip_lora_fold2_best_v1.pt,models/v2/v2_10b_h2_balanced_logreg_fold2_v1.joblib
2,jpeg_q50,MLLM_STR_Nano-Banana2-fake_174,1,0.026060478761792183,mllm::Nano_Banana_2,,models/v2/clip_lora_fold2_best_v1.pt,models/v2/v2_10b_h2_balanced_logreg_fold2_v1.joblib
2,jpeg_q50,MLLM_STR_Nano-Banana2-fake_175,1,0.022493720054626465,mllm::Nano_Banana_2,,models/v2/clip_lora_fold2_best_v1.pt,models/v2/v2_10b_h2_balanced_logreg_fold2_v1.joblib
2,jpeg_q50,MLLM_STR_Nano-Banana2-fake_176,1,0.00969226099550724,mllm::Nano_Banana_2,,models/v2/clip_lora_fold2_best_v1.pt,models/v2/v2_10b_h2_balanced_logreg_fold2_v1.joblib
2,jpeg_q50,MLLM_STR_Nano-Banana2-fake_177,1,0.021937701851129532,mllm::Nano_Banana_2,,models/v2/clip_lora_fold2_best_v1.pt,models/v2/v2_10b_h2_balanced_logreg_fold2_v1.joblib
2,jpeg_q50,MLLM_STR_Nano-Banana2-fake_178,1,0.014690161682665348,mllm::Nano_Banana_2,,models/v2/clip_lora_fold2_best_v1.pt,models/v2/v2_10b_h2_balanced_logreg_fold2_v1.joblib
2,jpeg_q50,MLLM_STR_Nano-Banana2-fake_179,1,0.012603526934981346,mllm::Nano_Banana_2,,models/v2/clip_lora_fold2_best_v1.pt,models/v2/v2_10b_h2_balanced_logreg_fold2_v1.joblib
2,jpeg_q50,MLLM_STR_Nano-Banana2-fake_18,1,0.0010396204888820648,mllm::Nano_Banana_2,,models/v2/clip_lora_fold2_best_v1.pt,models/v2/v2_10b_h2_balanced_logreg_fold2_v1.joblib
2,jpeg_q50,MLLM_STR_Nano-Banana2-fake_180,1,0.002412400208413601,mllm::Nano_Banana_2,,models/v2/clip_lora_fold2_best_v1.pt,models/v2/v2_10b_h2_balanced_logreg_fold2_v1.joblib
2,jpeg_q50,MLLM_STR_Nano-Banana2-fake_181,1,0.0038643237203359604,mllm::Nano_Banana_2,,models/v2/clip_lora_fold2_best_v1.pt,models/v2/v2_10b_h2_balanced_logreg_fold2_v1.joblib
2,jpeg_q50,MLLM_STR_Nano-Banana2-fake_182,1,0.0163851547986269,mllm::Nano_Banana_2,,models/v2/clip_lora_fold2_best_v1.pt,models/v2/v2_10b_h2_balanced_logreg_fold2_v1.joblib
2,jpeg_q50,MLLM_STR_Nano-Banana2-fake_183,1,0.02167299948632717,mllm::Nano_Banana_2,,models/v2/clip_lora_fold2_best_v1.pt,models/v2/v2_10b_h2_balanced_logreg_fold2_v1.joblib
2,jpeg_q50,MLLM_STR_Nano-Banana2-fake_184,1,0.02636904828250408,mllm::Nano_Banana_2,,models/v2/clip_lora_fold2_best_v1.pt,models/v2/v2_10b_h2_balanced_logreg_fold2_v1.joblib
2,jpeg_q50,MLLM_STR_Nano-Banana2-fake_185,1,0.010520733892917633,mllm::Nano_Banana_2,,models/v2/clip_lora_fold2_best_v1.pt,models/v2/v2_10b_h2_balanced_logreg_fold2_v1.joblib
2,jpeg_q50,MLLM_STR_Nano-Banana2-fake_186,1,0.028486797586083412,mllm::Nano_Banana_2,,models/v2/clip_lora_fold2_best_v1.pt,models/v2/v2_10b_h2_balanced_logreg_fold2_v1.joblib
2,jpeg_q50,MLLM_STR_Nano-Banana2-fake_187,1,0.007538588251918554,mllm::Nano_Banana_2,,models/v2/clip_lora_fold2_best_v1.pt,models/v2/v2_10b_h2_balanced_logreg_fold2_v1.joblib
2,jpeg_q50,MLLM_STR_Nano-Banana2-fake_188,1,0.005247974302619696,mllm::Nano_Banana_2,,models/v2/clip_lora_fold2_best_v1.pt,models/v2/v2_10b_h2_balanced_logreg_fold2_v1.joblib
2,jpeg_q50,MLLM_STR_Nano-Banana2-fake_189,1,0.015187165699899197,mllm::Nano_Banana_2,,models/v2/clip_lora_fold2_best_v1.pt,models/v2/v2_10b_h2_balanced_logreg_fold2_v1.joblib
2,jpeg_q50,MLLM_STR_Nano-Banana2-fake_19,1,0.004664730746299028,mllm::Nano_Banana_2,,models/v2/clip_lora_fold2_best_v1.pt,models/v2/v2_10b_h2_balanced_logreg_fold2_v1.joblib
2,jpeg_q50,MLLM_STR_Nano-Banana2-fake_190,1,0.002633981639519334,mllm::Nano_Banana_2,,models/v2/clip_lora_fold2_best_v1.pt,models/v2/v2_10b_h2_balanced_logreg_fold2_v1.joblib
2,jpeg_q50,MLLM_STR_Nano-Banana2-fake_191,1,0.019519753754138947,mllm::Nano_Banana_2,,models/v2/clip_lora_fold2_best_v1.pt,models/v2/v2_10b_h2_balanced_logreg_fold2_v1.joblib
2,jpeg_q50,MLLM_STR_Nano-Banana2-fake_192,1,0.006633956916630268,mllm::Nano_Banana_2,,models/v2/clip_lora_fold2_best_v1.pt,models/v2/v2_10b_h2_balanced_logreg_fold2_v1.joblib
2,jpeg_q50,MLLM_STR_Nano-Banana2-fake_193,1,0.01454766746610403,mllm::Nano_Banana_2,,models/v2/clip_lora_fold2_best_v1.pt,models/v2/v2_10b_h2_balanced_logreg_fold2_v1.joblib
2,jpeg_q50,MLLM_STR_Nano-Banana2-fake_194,1,0.030250178650021553,mllm::Nano_Banana_2,,models/v2/clip_lora_fold2_best_v1.pt,models/v2/v2_10b_h2_balanced_logreg_fold2_v1.joblib
2,jpeg_q50,MLLM_STR_Nano-Banana2-fake_195,1,0.007058305665850639,mllm::Nano_Banana_2,,models/v2/clip_lora_fold2_best_v1.pt,models/v2/v2_10b_h2_balanced_logreg_fold2_v1.joblib
2,jpeg_q50,MLLM_STR_Nano-Banana2-fake_196,1,0.039563678205013275,mllm::Nano_Banana_2,,models/v2/clip_lora_fold2_best_v1.pt,models/v2/v2_10b_h2_balanced_logreg_fold2_v1.joblib
2,jpeg_q50,MLLM_STR_Nano-Banana2-fake_197,1,0.020337283611297607,mllm::Nano_Banana_2,,models/v2/clip_lora_fold2_best_v1.pt,models/v2/v2_10b_h2_balanced_logreg_fold2_v1.joblib
2,jpeg_q50,MLLM_STR_Nano-Banana2-fake_198,1,0.00456907507032156,mllm::Nano_Banana_2,,models/v2/clip_lora_fold2_best_v1.pt,models/v2/v2_10b_h2_balanced_logreg_fold2_v1.joblib
2,jpeg_q50,MLLM_STR_Nano-Banana2-fake_199,1,0.01907641999423504,mllm::Nano_Banana_2,,models/v2/clip_lora_fold2_best_v1.pt,models/v2/v2_10b_h2_balanced_logreg_fold2_v1.joblib
2,jpeg_q50,MLLM_STR_Nano-Banana2-fake_2,1,0.0048413509503006935,mllm::Nano_Banana_2,,models/v2/clip_lora_fold2_best_v1.pt,models/v2/v2_10b_h2_balanced_logreg_fold2_v1.joblib
2,jpeg_q50,MLLM_STR_Nano-Banana2-fake_20,1,0.004974293056875467,mllm::Nano_Banana_2,,models/v2/clip_lora_fold2_best_v1.pt,models/v2/v2_10b_h2_balanced_logreg_fold2_v1.joblib
2,jpeg_q50,MLLM_STR_Nano-Banana2-fake_200,1,0.018341241404414177,mllm::Nano_Banana_2,,models/v2/clip_lora_fold2_best_v1.pt,models/v2/v2_10b_h2_balanced_logreg_fold2_v1.joblib
2,jpeg_q50,MLLM_STR_Nano-Banana2-fake_201,1,0.01743665151298046,mllm::Nano_Banana_2,,models/v2/clip_lora_fold2_best_v1.pt,models/v2/v2_10b_h2_balanced_logreg_fold2_v1.joblib
2,jpeg_q50,MLLM_STR_Nano-Banana2-fake_202,1,0.009029239416122437,mllm::Nano_Banana_2,,models/v2/clip_lora_fold2_best_v1.pt,models/v2/v2_10b_h2_balanced_logreg_fold2_v1.joblib
2,jpeg_q50,MLLM_STR_Nano-Banana2-fake_203,1,0.009939783252775669,mllm::Nano_Banana_2,,models/v2/clip_lora_fold2_best_v1.pt,models/v2/v2_10b_h2_balanced_logreg_fold2_v1.joblib
2,jpeg_q50,MLLM_STR_Nano-Banana2-fake_204,1,0.016041923314332962,mllm::Nano_Banana_2,,models/v2/clip_lora_fold2_best_v1.pt,models/v2/v2_10b_h2_balanced_logreg_fold2_v1.joblib
2,jpeg_q50,MLLM_STR_Nano-Banana2-fake_205,1,0.009026440791785717,mllm::Nano_Banana_2,,models/v2/clip_lora_fold2_best_v1.pt,models/v2/v2_10b_h2_balanced_logreg_fold2_v1.joblib
2,jpeg_q50,MLLM_STR_Nano-Banana2-fake_206,1,0.01739015430212021,mllm::Nano_Banana_2,,models/v2/clip_lora_fold2_best_v1.pt,models/v2/v2_10b_h2_balanced_logreg_fold2_v1.joblib
2,jpeg_q50,MLLM_STR_Nano-Banana2-fake_207,1,0.0012964339694008231,mllm::Nano_Banana_2,,models/v2/clip_lora_fold2_best_v1.pt,models/v2/v2_10b_h2_balanced_logreg_fold2_v1.joblib
2,jpeg_q50,MLLM_STR_Nano-Banana2-fake_208,1,0.018415195867419243,mllm::Nano_Banana_2,,models/v2/clip_lora_fold2_best_v1.pt,models/v2/v2_10b_h2_balanced_logreg_fold2_v1.joblib
2,jpeg_q50,MLLM_STR_Nano-Banana2-fake_209,1,0.010185226798057556,mllm::Nano_Banana_2,,models/v2/clip_lora_fold2_best_v1.pt,models/v2/v2_10b_h2_balanced_logreg_fold2_v1.joblib
2,jpeg_q50,MLLM_STR_Nano-Banana2-fake_21,1,0.0016127795679494739,mllm::Nano_Banana_2,,models/v2/clip_lora_fold2_best_v1.pt,models/v2/v2_10b_h2_balanced_logreg_fold2_v1.joblib
2,jpeg_q50,MLLM_STR_Nano-Banana2-fake_210,1,0.005780191160738468,mllm::Nano_Banana_2,,models/v2/clip_lora_fold2_best_v1.pt,models/v2/v2_10b_h2_balanced_logreg_fold2_v1.joblib
2,jpeg_q50,MLLM_STR_Nano-Banana2-fake_211,1,0.035488974303007126,mllm::Nano_Banana_2,,models/v2/clip_lora_fold2_best_v1.pt,models/v2/v2_10b_h2_balanced_logreg_fold2_v1.joblib
2,jpeg_q50,MLLM_STR_Nano-Banana2-fake_212,1,0.024840816855430603,mllm::Nano_Banana_2,,models/v2/clip_lora_fold2_best_v1.pt,models/v2/v2_10b_h2_balanced_logreg_fold2_v1.joblib
2,jpeg_q50,MLLM_STR_Nano-Banana2-fake_213,1,0.007013529073446989,mllm::Nano_Banana_2,,models/v2/clip_lora_fold2_best_v1.pt,models/v2/v2_10b_h2_balanced_logreg_fold2_v1.joblib
2,jpeg_q50,MLLM_STR_Nano-Banana2-fake_214,1,0.013955716975033283,mllm::Nano_Banana_2,,models/v2/clip_lora_fold2_best_v1.pt,models/v2/v2_10b_h2_balanced_logreg_fold2_v1.joblib
2,jpeg_q50,MLLM_STR_Nano-Banana2-fake_215,1,0.021424319595098495,mllm::Nano_Banana_2,,models/v2/clip_lora_fold2_best_v1.pt,models/v2/v2_10b_h2_balanced_logreg_fold2_v1.joblib
2,jpeg_q50,MLLM_STR_Nano-Banana2-fake_216,1,0.013475056737661362,mllm::Nano_Banana_2,,models/v2/clip_lora_fold2_best_v1.pt,models/v2/v2_10b_h2_balanced_logreg_fold2_v1.joblib
2,jpeg_q50,MLLM_STR_Nano-Banana2-fake_217,1,0.003362415125593543,mllm::Nano_Banana_2,,models/v2/clip_lora_fold2_best_v1.pt,models/v2/v2_10b_h2_balanced_logreg_fold2_v1.joblib
2,jpeg_q50,MLLM_STR_Nano-Banana2-fake_218,1,0.012356183491647243,mllm::Nano_Banana_2,,models/v2/clip_lora_fold2_best_v1.pt,models/v2/v2_10b_h2_balanced_logreg_fold2_v1.joblib
2,jpeg_q50,MLLM_STR_Nano-Banana2-fake_219,1,0.004108288325369358,mllm::Nano_Banana_2,,models/v2/clip_lora_fold2_best_v1.pt,models/v2/v2_10b_h2_balanced_logreg_fold2_v1.joblib
2,jpeg_q50,MLLM_STR_Nano-Banana2-fake_22,1,0.0021693860180675983,mllm::Nano_Banana_2,,models/v2/clip_lora_fold2_best_v1.pt,models/v2/v2_10b_h2_balanced_logreg_fold2_v1.joblib
2,jpeg_q50,MLLM_STR_Nano-Banana2-fake_220,1,0.03907325863838196,mllm::Nano_Banana_2,,models/v2/clip_lora_fold2_best_v1.pt,models/v2/v2_10b_h2_balanced_logreg_fold2_v1.joblib
2,jpeg_q50,MLLM_STR_Nano-Banana2-fake_221,1,0.00469522038474679,mllm::Nano_Banana_2,,models/v2/clip_lora_fold2_best_v1.pt,models/v2/v2_10b_h2_balanced_logreg_fold2_v1.joblib
2,jpeg_q50,MLLM_STR_Nano-Banana2-fake_222,1,0.04001782834529877,mllm::Nano_Banana_2,,models/v2/clip_lora_fold2_best_v1.pt,models/v2/v2_10b_h2_balanced_logreg_fold2_v1.joblib
2,jpeg_q50,MLLM_STR_Nano-Banana2-fake_223,1,0.018999362364411354,mllm::Nano_Banana_2,,models/v2/clip_lora_fold2_best_v1.pt,models/v2/v2_10b_h2_balanced_logreg_fold2_v1.joblib
2,jpeg_q50,MLLM_STR_Nano-Banana2-fake_224,1,0.013053222559392452,mllm::Nano_Banana_2,,models/v2/clip_lora_fold2_best_v1.pt,models/v2/v2_10b_h2_balanced_logreg_fold2_v1.joblib
2,jpeg_q50,MLLM_STR_Nano-Banana2-fake_225,1,0.0032738426234573126,mllm::Nano_Banana_2,,models/v2/clip_lora_fold2_best_v1.pt,models/v2/v2_10b_h2_balanced_logreg_fold2_v1.joblib
2,jpeg_q50,MLLM_STR_Nano-Banana2-fake_226,1,0.0036487628240138292,mllm::Nano_Banana_2,,models/v2/clip_lora_fold2_best_v1.pt,models/v2/v2_10b_h2_balanced_logreg_fold2_v1.joblib
2,jpeg_q50,MLLM_STR_Nano-Banana2-fake_227,1,0.019865477457642555,mllm::Nano_Banana_2,,models/v2/clip_lora_fold2_best_v1.pt,models/v2/v2_10b_h2_balanced_logreg_fold2_v1.joblib
2,jpeg_q50,MLLM_STR_Nano-Banana2-fake_228,1,0.01081112865358591,mllm::Nano_Banana_2,,models/v2/clip_lora_fold2_best_v1.pt,models/v2/v2_10b_h2_balanced_logreg_fold2_v1.joblib
2,jpeg_q50,MLLM_STR_Nano-Banana2-fake_229,1,0.026017101481556892,mllm::Nano_Banana_2,,models/v2/clip_lora_fold2_best_v1.pt,models/v2/v2_10b_h2_balanced_logreg_fold2_v1.joblib
2,jpeg_q50,MLLM_STR_Nano-Banana2-fake_23,1,0.0025467360392212868,mllm::Nano_Banana_2,,models/v2/clip_lora_fold2_best_v1.pt,models/v2/v2_10b_h2_balanced_logreg_fold2_v1.joblib
2,jpeg_q50,MLLM_STR_Nano-Banana2-fake_230,1,0.005152666475623846,mllm::Nano_Banana_2,,models/v2/clip_lora_fold2_best_v1.pt,models/v2/v2_10b_h2_balanced_logreg_fold2_v1.joblib
2,jpeg_q50,MLLM_STR_Nano-Banana2-fake_231,1,0.004801668226718903,mllm::Nano_Banana_2,,models/v2/clip_lora_fold2_best_v1.pt,models/v2/v2_10b_h2_balanced_logreg_fold2_v1.joblib
2,jpeg_q50,MLLM_STR_Nano-Banana2-fake_232,1,0.005179241299629211,mllm::Nano_Banana_2,,models/v2/clip_lora_fold2_best_v1.pt,models/v2/v2_10b_h2_balanced_logreg_fold2_v1.joblib
2,jpeg_q50,MLLM_STR_Nano-Banana2-fake_233,1,0.013394046574831009,mllm::Nano_Banana_2,,models/v2/clip_lora_fold2_best_v1.pt,models/v2/v2_10b_h2_balanced_logreg_fold2_v1.joblib
2,jpeg_q50,MLLM_STR_Nano-Banana2-fake_234,1,0.02304268442094326,mllm::Nano_Banana_2,,models/v2/clip_lora_fold2_best_v1.pt,models/v2/v2_10b_h2_balanced_logreg_fold2_v1.joblib
2,jpeg_q50,MLLM_STR_Nano-Banana2-fake_235,1,0.0023102862760424614,mllm::Nano_Banana_2,,models/v2/clip_lora_fold2_best_v1.pt,models/v2/v2_10b_h2_balanced_logreg_fold2_v1.joblib
2,jpeg_q50,MLLM_STR_Nano-Banana2-fake_236,1,0.02263161540031433,mllm::Nano_Banana_2,,models/v2/clip_lora_fold2_best_v1.pt,models/v2/v2_10b_h2_balanced_logreg_fold2_v1.joblib
2,jpeg_q50,MLLM_STR_Nano-Banana2-fake_237,1,0.009305347688496113,mllm::Nano_Banana_2,,models/v2/clip_lora_fold2_best_v1.pt,models/v2/v2_10b_h2_balanced_logreg_fold2_v1.joblib
2,jpeg_q50,MLLM_STR_Nano-Banana2-fake_238,1,0.06021517515182495,mllm::Nano_Banana_2,,models/v2/clip_lora_fold2_best_v1.pt,models/v2/v2_10b_h2_balanced_logreg_fold2_v1.joblib
2,jpeg_q50,MLLM_STR_Nano-Banana2-fake_239,1,0.00404380215331912,mllm::Nano_Banana_2,,models/v2/clip_lora_fold2_best_v1.pt,models/v2/v2_10b_h2_balanced_logreg_fold2_v1.joblib
2,jpeg_q50,MLLM_STR_Nano-Banana2-fake_24,1,0.0027390916366130114,mllm::Nano_Banana_2,,models/v2/clip_lora_fold2_best_v1.pt,models/v2/v2_10b_h2_balanced_logreg_fold2_v1.joblib
2,jpeg_q50,MLLM_STR_Nano-Banana2-fake_240,1,0.007205355446785688,mllm::Nano_Banana_2,,models/v2/clip_lora_fold2_best_v1.pt,models/v2/v2_10b_h2_balanced_logreg_fold2_v1.joblib
2,jpeg_q50,MLLM_STR_Nano-Banana2-fake_241,1,0.01221846416592598,mllm::Nano_Banana_2,,models/v2/clip_lora_fold2_best_v1.pt,models/v2/v2_10b_h2_balanced_logreg_fold2_v1.joblib
2,jpeg_q50,MLLM_STR_Nano-Banana2-fake_242,1,0.0029327855445444584,mllm::Nano_Banana_2,,models/v2/clip_lora_fold2_best_v1.pt,models/v2/v2_10b_h2_balanced_logreg_fold2_v1.joblib
2,jpeg_q50,MLLM_STR_Nano-Banana2-fake_243,1,0.0055984132923185825,mllm::Nano_Banana_2,,models/v2/clip_lora_fold2_best_v1.pt,models/v2/v2_10b_h2_balanced_logreg_fold2_v1.joblib
2,jpeg_q50,MLLM_STR_Nano-Banana2-fake_244,1,0.01650398038327694,mllm::Nano_Banana_2,,models/v2/clip_lora_fold2_best_v1.pt,models/v2/v2_10b_h2_balanced_logreg_fold2_v1.joblib
2,jpeg_q50,MLLM_STR_Nano-Banana2-fake_245,1,0.008510300889611244,mllm::Nano_Banana_2,,models/v2/clip_lora_fold2_best_v1.pt,models/v2/v2_10b_h2_balanced_logreg_fold2_v1.joblib
2,jpeg_q50,MLLM_STR_Nano-Banana2-fake_246,1,0.007106787525117397,mllm::Nano_Banana_2,,models/v2/clip_lora_fold2_best_v1.pt,models/v2/v2_10b_h2_balanced_logreg_fold2_v1.joblib
2,jpeg_q50,MLLM_STR_Nano-Banana2-fake_247,1,0.008340233936905861,mllm::Nano_Banana_2,,models/v2/clip_lora_fold2_best_v1.pt,models/v2/v2_10b_h2_balanced_logreg_fold2_v1.joblib
2,jpeg_q50,MLLM_STR_Nano-Banana2-fake_248,1,0.027986356988549232,mllm::Nano_Banana_2,,models/v2/clip_lora_fold2_best_v1.pt,models/v2/v2_10b_h2_balanced_logreg_fold2_v1.joblib
2,jpeg_q50,MLLM_STR_Nano-Banana2-fake_249,1,0.007450696546584368,mllm::Nano_Banana_2,,models/v2/clip_lora_fold2_best_v1.pt,models/v2/v2_10b_h2_balanced_logreg_fold2_v1.joblib
2,jpeg_q50,MLLM_STR_Nano-Banana2-fake_25,1,0.002032893942669034,mllm::Nano_Banana_2,,models/v2/clip_lora_fold2_best_v1.pt,models/v2/v2_10b_h2_balanced_logreg_fold2_v1.joblib
2,jpeg_q50,MLLM_STR_Nano-Banana2-fake_250,1,0.013358679600059986,mllm::Nano_Banana_2,,models/v2/clip_lora_fold2_best_v1.pt,models/v2/v2_10b_h2_balanced_logreg_fold2_v1.joblib
2,jpeg_q50,MLLM_STR_Nano-Banana2-fake_251,1,0.019134066998958588,mllm::Nano_Banana_2,,models/v2/clip_lora_fold2_best_v1.pt,models/v2/v2_10b_h2_balanced_logreg_fold2_v1.joblib
2,jpeg_q50,MLLM_STR_Nano-Banana2-fake_252,1,0.004120783414691687,mllm::Nano_Banana_2,,models/v2/clip_lora_fold2_best_v1.pt,models/v2/v2_10b_h2_balanced_logreg_fold2_v1.joblib
2,jpeg_q50,MLLM_STR_Nano-Banana2-fake_253,1,0.012784656137228012,mllm::Nano_Banana_2,,models/v2/clip_lora_fold2_best_v1.pt,models/v2/v2_10b_h2_balanced_logreg_fold2_v1.joblib
2,jpeg_q50,MLLM_STR_Nano-Banana2-fake_254,1,0.004825966898351908,mllm::Nano_Banana_2,,models/v2/clip_lora_fold2_best_v1.pt,models/v2/v2_10b_h2_balanced_logreg_fold2_v1.joblib
2,jpeg_q50,MLLM_STR_Nano-Banana2-fake_255,1,0.01810556836426258,mllm::Nano_Banana_2,,models/v2/clip_lora_fold2_best_v1.pt,models/v2/v2_10b_h2_balanced_logreg_fold2_v1.joblib
2,jpeg_q50,MLLM_STR_Nano-Banana2-fake_256,1,0.012191089801490307,mllm::Nano_Banana_2,,models/v2/clip_lora_fold2_best_v1.pt,models/v2/v2_10b_h2_balanced_logreg_fold2_v1.joblib
2,jpeg_q50,MLLM_STR_Nano-Banana2-fake_257,1,0.009144222363829613,mllm::Nano_Banana_2,,models/v2/clip_lora_fold2_best_v1.pt,models/v2/v2_10b_h2_balanced_logreg_fold2_v1.joblib
2,jpeg_q50,MLLM_STR_Nano-Banana2-fake_258,1,0.01088288240134716,mllm::Nano_Banana_2,,models/v2/clip_lora_fold2_best_v1.pt,models/v2/v2_10b_h2_balanced_logreg_fold2_v1.joblib
2,jpeg_q50,MLLM_STR_Nano-Banana2-fake_259,1,0.005059892777353525,mllm::Nano_Banana_2,,models/v2/clip_lora_fold2_best_v1.pt,models/v2/v2_10b_h2_balanced_logreg_fold2_v1.joblib
2,jpeg_q50,MLLM_STR_Nano-Banana2-fake_26,1,0.001860028482042253,mllm::Nano_Banana_2,,models/v2/clip_lora_fold2_best_v1.pt,models/v2/v2_10b_h2_balanced_logreg_fold2_v1.joblib
2,jpeg_q50,MLLM_STR_Nano-Banana2-fake_260,1,0.012374701909720898,mllm::Nano_Banana_2,,models/v2/clip_lora_fold2_best_v1.pt,models/v2/v2_10b_h2_balanced_logreg_fold2_v1.joblib
2,jpeg_q50,MLLM_STR_Nano-Banana2-fake_261,1,0.006567356642335653,mllm::Nano_Banana_2,,models/v2/clip_lora_fold2_best_v1.pt,models/v2/v2_10b_h2_balanced_logreg_fold2_v1.joblib
2,jpeg_q50,MLLM_STR_Nano-Banana2-fake_262,1,0.016327984631061554,mllm::Nano_Banana_2,,models/v2/clip_lora_fold2_best_v1.pt,models/v2/v2_10b_h2_balanced_logreg_fold2_v1.joblib
2,jpeg_q50,MLLM_STR_Nano-Banana2-fake_263,1,0.007090510334819555,mllm::Nano_Banana_2,,models/v2/clip_lora_fold2_best_v1.pt,models/v2/v2_10b_h2_balanced_logreg_fold2_v1.joblib
2,jpeg_q50,MLLM_STR_Nano-Banana2-fake_264,1,0.002951487433165312,mllm::Nano_Banana_2,,models/v2/clip_lora_fold2_best_v1.pt,models/v2/v2_10b_h2_balanced_logreg_fold2_v1.joblib
2,jpeg_q50,MLLM_STR_Nano-Banana2-fake_265,1,0.029867442324757576,mllm::Nano_Banana_2,,models/v2/clip_lora_fold2_best_v1.pt,models/v2/v2_10b_h2_balanced_logreg_fold2_v1.joblib
2,jpeg_q50,MLLM_STR_Nano-Banana2-fake_266,1,0.006183315999805927,mllm::Nano_Banana_2,,models/v2/clip_lora_fold2_best_v1.pt,models/v2/v2_10b_h2_balanced_logreg_fold2_v1.joblib
2,jpeg_q50,MLLM_STR_Nano-Banana2-fake_267,1,0.010531624779105186,mllm::Nano_Banana_2,,models/v2/clip_lora_fold2_best_v1.pt,models/v2/v2_10b_h2_balanced_logreg_fold2_v1.joblib
2,jpeg_q50,MLLM_STR_Nano-Banana2-fake_268,1,0.016026176512241364,mllm::Nano_Banana_2,,models/v2/clip_lora_fold2_best_v1.pt,models/v2/v2_10b_h2_balanced_logreg_fold2_v1.joblib
2,jpeg_q50,MLLM_STR_Nano-Banana2-fake_269,1,0.008669213391840458,mllm::Nano_Banana_2,,models/v2/clip_lora_fold2_best_v1.pt,models/v2/v2_10b_h2_balanced_logreg_fold2_v1.joblib
2,jpeg_q50,MLLM_STR_Nano-Banana2-fake_27,1,0.004868900403380394,mllm::Nano_Banana_2,,models/v2/clip_lora_fold2_best_v1.pt,models/v2/v2_10b_h2_balanced_logreg_fold2_v1.joblib
2,jpeg_q50,MLLM_STR_Nano-Banana2-fake_270,1,0.039672162383794785,mllm::Nano_Banana_2,,models/v2/clip_lora_fold2_best_v1.pt,models/v2/v2_10b_h2_balanced_logreg_fold2_v1.joblib
2,jpeg_q50,MLLM_STR_Nano-Banana2-fake_271,1,0.028055472299456596,mllm::Nano_Banana_2,,models/v2/clip_lora_fold2_best_v1.pt,models/v2/v2_10b_h2_balanced_logreg_fold2_v1.joblib
2,jpeg_q50,MLLM_STR_Nano-Banana2-fake_272,1,0.02525533363223076,mllm::Nano_Banana_2,,models/v2/clip_lora_fold2_best_v1.pt,models/v2/v2_10b_h2_balanced_logreg_fold2_v1.joblib
2,jpeg_q50,MLLM_STR_Nano-Banana2-fake_273,1,0.021503068506717682,mllm::Nano_Banana_2,,models/v2/clip_lora_fold2_best_v1.pt,models/v2/v2_10b_h2_balanced_logreg_fold2_v1.joblib
2,jpeg_q50,MLLM_STR_Nano-Banana2-fake_274,1,0.026055555790662766,mllm::Nano_Banana_2,,models/v2/clip_lora_fold2_best_v1.pt,models/v2/v2_10b_h2_balanced_logreg_fold2_v1.joblib
2,jpeg_q50,MLLM_STR_Nano-Banana2-fake_275,1,0.021441923454403877,mllm::Nano_Banana_2,,models/v2/clip_lora_fold2_best_v1.pt,models/v2/v2_10b_h2_balanced_logreg_fold2_v1.joblib
2,jpeg_q50,MLLM_STR_Nano-Banana2-fake_276,1,0.02212006412446499,mllm::Nano_Banana_2,,models/v2/clip_lora_fold2_best_v1.pt,models/v2/v2_10b_h2_balanced_logreg_fold2_v1.joblib
2,jpeg_q50,MLLM_STR_Nano-Banana2-fake_277,1,0.015985164791345596,mllm::Nano_Banana_2,,models/v2/clip_lora_fold2_best_v1.pt,models/v2/v2_10b_h2_balanced_logreg_fold2_v1.joblib
2,jpeg_q50,MLLM_STR_Nano-Banana2-fake_278,1,0.001386679126881063,mllm::Nano_Banana_2,,models/v2/clip_lora_fold2_best_v1.pt,models/v2/v2_10b_h2_balanced_logreg_fold2_v1.joblib
2,jpeg_q50,MLLM_STR_Nano-Banana2-fake_279,1,0.016154661774635315,mllm::Nano_Banana_2,,models/v2/clip_lora_fold2_best_v1.pt,models/v2/v2_10b_h2_balanced_logreg_fold2_v1.joblib
2,jpeg_q50,MLLM_STR_Nano-Banana2-fake_28,1,0.0024021915160119534,mllm::Nano_Banana_2,,models/v2/clip_lora_fold2_best_v1.pt,models/v2/v2_10b_h2_balanced_logreg_fold2_v1.joblib
2,jpeg_q50,MLLM_STR_Nano-Banana2-fake_280,1,0.016240814700722694,mllm::Nano_Banana_2,,models/v2/clip_lora_fold2_best_v1.pt,models/v2/v2_10b_h2_balanced_logreg_fold2_v1.joblib
2,jpeg_q50,MLLM_STR_Nano-Banana2-fake_281,1,0.01544180978089571,mllm::Nano_Banana_2,,models/v2/clip_lora_fold2_best_v1.pt,models/v2/v2_10b_h2_balanced_logreg_fold2_v1.joblib
2,jpeg_q50,MLLM_STR_Nano-Banana2-fake_282,1,0.02761209011077881,mllm::Nano_Banana_2,,models/v2/clip_lora_fold2_best_v1.pt,models/v2/v2_10b_h2_balanced_logreg_fold2_v1.joblib
2,jpeg_q50,MLLM_STR_Nano-Banana2-fake_283,1,0.007376906927675009,mllm::Nano_Banana_2,,models/v2/clip_lora_fold2_best_v1.pt,models/v2/v2_10b_h2_balanced_logreg_fold2_v1.joblib
2,jpeg_q50,MLLM_STR_Nano-Banana2-fake_284,1,0.01566421426832676,mllm::Nano_Banana_2,,models/v2/clip_lora_fold2_best_v1.pt,models/v2/v2_10b_h2_balanced_logreg_fold2_v1.joblib
2,jpeg_q50,MLLM_STR_Nano-Banana2-fake_285,1,0.01365969330072403,mllm::Nano_Banana_2,,models/v2/clip_lora_fold2_best_v1.pt,models/v2/v2_10b_h2_balanced_logreg_fold2_v1.joblib
2,jpeg_q50,MLLM_STR_Nano-Banana2-fake_286,1,0.03209520876407623,mllm::Nano_Banana_2,,models/v2/clip_lora_fold2_best_v1.pt,models/v2/v2_10b_h2_balanced_logreg_fold2_v1.joblib
2,jpeg_q50,MLLM_STR_Nano-Banana2-fake_287,1,0.003546924563124776,mllm::Nano_Banana_2,,models/v2/clip_lora_fold2_best_v1.pt,models/v2/v2_10b_h2_balanced_logreg_fold2_v1.joblib
2,jpeg_q50,MLLM_STR_Nano-Banana2-fake_288,1,0.01869313046336174,mllm::Nano_Banana_2,,models/v2/clip_lora_fold2_best_v1.pt,models/v2/v2_10b_h2_balanced_logreg_fold2_v1.joblib
2,jpeg_q50,MLLM_STR_Nano-Banana2-fake_289,1,0.008719339966773987,mllm::Nano_Banana_2,,models/v2/clip_lora_fold2_best_v1.pt,models/v2/v2_10b_h2_balanced_logreg_fold2_v1.joblib
2,jpeg_q50,MLLM_STR_Nano-Banana2-fake_29,1,0.0005459930398501456,mllm::Nano_Banana_2,,models/v2/clip_lora_fold2_best_v1.pt,models/v2/v2_10b_h2_balanced_logreg_fold2_v1.joblib
2,jpeg_q50,MLLM_STR_Nano-Banana2-fake_290,1,0.03785796836018562,mllm::Nano_Banana_2,,models/v2/clip_lora_fold2_best_v1.pt,models/v2/v2_10b_h2_balanced_logreg_fold2_v1.joblib
2,jpeg_q50,MLLM_STR_Nano-Banana2-fake_291,1,0.02028755284845829,mllm::Nano_Banana_2,,models/v2/clip_lora_fold2_best_v1.pt,models/v2/v2_10b_h2_balanced_logreg_fold2_v1.joblib
2,jpeg_q50,MLLM_STR_Nano-Banana2-fake_292,1,0.007149206940084696,mllm::Nano_Banana_2,,models/v2/clip_lora_fold2_best_v1.pt,models/v2/v2_10b_h2_balanced_logreg_fold2_v1.joblib
2,jpeg_q50,MLLM_STR_Nano-Banana2-fake_293,1,0.00725352531298995,mllm::Nano_Banana_2,,models/v2/clip_lora_fold2_best_v1.pt,models/v2/v2_10b_h2_balanced_logreg_fold2_v1.joblib
2,jpeg_q50,MLLM_STR_Nano-Banana2-fake_294,1,0.004713393747806549,mllm::Nano_Banana_2,,models/v2/clip_lora_fold2_best_v1.pt,models/v2/v2_10b_h2_balanced_logreg_fold2_v1.joblib
2,jpeg_q50,MLLM_STR_Nano-Banana2-fake_295,1,0.01750265061855316,mllm::Nano_Banana_2,,models/v2/clip_lora_fold2_best_v1.pt,models/v2/v2_10b_h2_balanced_logreg_fold2_v1.joblib
2,jpeg_q50,MLLM_STR_Nano-Banana2-fake_296,1,0.0029387539252638817,mllm::Nano_Banana_2,,models/v2/clip_lora_fold2_best_v1.pt,models/v2/v2_10b_h2_balanced_logreg_fold2_v1.joblib
2,jpeg_q50,MLLM_STR_Nano-Banana2-fake_297,1,0.023689383640885353,mllm::Nano_Banana_2,,models/v2/clip_lora_fold2_best_v1.pt,models/v2/v2_10b_h2_balanced_logreg_fold2_v1.joblib
2,jpeg_q50,MLLM_STR_Nano-Banana2-fake_298,1,0.008588992990553379,mllm::Nano_Banana_2,,models/v2/clip_lora_fold2_best_v1.pt,models/v2/v2_10b_h2_balanced_logreg_fold2_v1.joblib
2,jpeg_q50,MLLM_STR_Nano-Banana2-fake_299,1,0.006661559455096722,mllm::Nano_Banana_2,,models/v2/clip_lora_fold2_best_v1.pt,models/v2/v2_10b_h2_balanced_logreg_fold2_v1.joblib
2,jpeg_q50,MLLM_STR_Nano-Banana2-fake_3,1,0.005203460343182087,mllm::Nano_Banana_2,,models/v2/clip_lora_fold2_best_v1.pt,models/v2/v2_10b_h2_balanced_logreg_fold2_v1.joblib
2,jpeg_q50,MLLM_STR_Nano-Banana2-fake_30,1,0.0018079696455970407,mllm::Nano_Banana_2,,models/v2/clip_lora_fold2_best_v1.pt,models/v2/v2_10b_h2_balanced_logreg_fold2_v1.joblib
2,jpeg_q50,MLLM_STR_Nano-Banana2-fake_300,1,0.025958357378840446,mllm::Nano_Banana_2,,models/v2/clip_lora_fold2_best_v1.pt,models/v2/v2_10b_h2_balanced_logreg_fold2_v1.joblib
2,jpeg_q50,MLLM_STR_Nano-Banana2-fake_301,1,0.03556588292121887,mllm::Nano_Banana_2,,models/v2/clip_lora_fold2_best_v1.pt,models/v2/v2_10b_h2_balanced_logreg_fold2_v1.joblib
2,jpeg_q50,MLLM_STR_Nano-Banana2-fake_302,1,0.0046770633198320866,mllm::Nano_Banana_2,,models/v2/clip_lora_fold2_best_v1.pt,models/v2/v2_10b_h2_balanced_logreg_fold2_v1.joblib
2,jpeg_q50,MLLM_STR_Nano-Banana2-fake_303,1,0.012049084529280663,mllm::Nano_Banana_2,,models/v2/clip_lora_fold2_best_v1.pt,models/v2/v2_10b_h2_balanced_logreg_fold2_v1.joblib
2,jpeg_q50,MLLM_STR_Nano-Banana2-fake_304,1,0.01579456403851509,mllm::Nano_Banana_2,,models/v2/clip_lora_fold2_best_v1.pt,models/v2/v2_10b_h2_balanced_logreg_fold2_v1.joblib
2,jpeg_q50,MLLM_STR_Nano-Banana2-fake_305,1,0.011570123955607414,mllm::Nano_Banana_2,,models/v2/clip_lora_fold2_best_v1.pt,models/v2/v2_10b_h2_balanced_logreg_fold2_v1.joblib
2,jpeg_q50,MLLM_STR_Nano-Banana2-fake_306,1,0.03902069106698036,mllm::Nano_Banana_2,,models/v2/clip_lora_fold2_best_v1.pt,models/v2/v2_10b_h2_balanced_logreg_fold2_v1.joblib
2,jpeg_q50,MLLM_STR_Nano-Banana2-fake_307,1,0.02340610884130001,mllm::Nano_Banana_2,,models/v2/clip_lora_fold2_best_v1.pt,models/v2/v2_10b_h2_balanced_logreg_fold2_v1.joblib
2,jpeg_q50,MLLM_STR_Nano-Banana2-fake_308,1,0.0038266568444669247,mllm::Nano_Banana_2,,models/v2/clip_lora_fold2_best_v1.pt,models/v2/v2_10b_h2_balanced_logreg_fold2_v1.joblib
2,jpeg_q50,MLLM_STR_Nano-Banana2-fake_309,1,0.010724513791501522,mllm::Nano_Banana_2,,models/v2/clip_lora_fold2_best_v1.pt,models/v2/v2_10b_h2_balanced_logreg_fold2_v1.joblib
2,jpeg_q50,MLLM_STR_Nano-Banana2-fake_31,1,0.0027495420072227716,mllm::Nano_Banana_2,,models/v2/clip_lora_fold2_best_v1.pt,models/v2/v2_10b_h2_balanced_logreg_fold2_v1.joblib
2,jpeg_q50,MLLM_STR_Nano-Banana2-fake_310,1,0.002239937661215663,mllm::Nano_Banana_2,,models/v2/clip_lora_fold2_best_v1.pt,models/v2/v2_10b_h2_balanced_logreg_fold2_v1.joblib
2,jpeg_q50,MLLM_STR_Nano-Banana2-fake_311,1,0.02103510871529579,mllm::Nano_Banana_2,,models/v2/clip_lora_fold2_best_v1.pt,models/v2/v2_10b_h2_balanced_logreg_fold2_v1.joblib
2,jpeg_q50,MLLM_STR_Nano-Banana2-fake_312,1,0.00964062474668026,mllm::Nano_Banana_2,,models/v2/clip_lora_fold2_best_v1.pt,models/v2/v2_10b_h2_balanced_logreg_fold2_v1.joblib
2,jpeg_q50,MLLM_STR_Nano-Banana2-fake_313,1,0.011200198903679848,mllm::Nano_Banana_2,,models/v2/clip_lora_fold2_best_v1.pt,models/v2/v2_10b_h2_balanced_logreg_fold2_v1.joblib
2,jpeg_q50,MLLM_STR_Nano-Banana2-fake_32,1,0.002640764694660902,mllm::Nano_Banana_2,,models/v2/clip_lora_fold2_best_v1.pt,models/v2/v2_10b_h2_balanced_logreg_fold2_v1.joblib
2,jpeg_q50,MLLM_STR_Nano-Banana2-fake_33,1,0.004460303578525782,mllm::Nano_Banana_2,,models/v2/clip_lora_fold2_best_v1.pt,models/v2/v2_10b_h2_balanced_logreg_fold2_v1.joblib
2,jpeg_q50,MLLM_STR_Nano-Banana2-fake_34,1,0.002193000167608261,mllm::Nano_Banana_2,,models/v2/clip_lora_fold2_best_v1.pt,models/v2/v2_10b_h2_balanced_logreg_fold2_v1.joblib
2,jpeg_q50,MLLM_STR_Nano-Banana2-fake_35,1,0.008077148348093033,mllm::Nano_Banana_2,,models/v2/clip_lora_fold2_best_v1.pt,models/v2/v2_10b_h2_balanced_logreg_fold2_v1.joblib
2,jpeg_q50,MLLM_STR_Nano-Banana2-fake_36,1,0.006236023735255003,mllm::Nano_Banana_2,,models/v2/clip_lora_fold2_best_v1.pt,models/v2/v2_10b_h2_balanced_logreg_fold2_v1.joblib
2,jpeg_q50,MLLM_STR_Nano-Banana2-fake_37,1,0.07414890080690384,mllm::Nano_Banana_2,,models/v2/clip_lora_fold2_best_v1.pt,models/v2/v2_10b_h2_balanced_logreg_fold2_v1.joblib
2,jpeg_q50,MLLM_STR_Nano-Banana2-fake_38,1,0.006138906814157963,mllm::Nano_Banana_2,,models/v2/clip_lora_fold2_best_v1.pt,models/v2/v2_10b_h2_balanced_logreg_fold2_v1.joblib
2,jpeg_q50,MLLM_STR_Nano-Banana2-fake_39,1,0.006889102980494499,mllm::Nano_Banana_2,,models/v2/clip_lora_fold2_best_v1.pt,models/v2/v2_10b_h2_balanced_logreg_fold2_v1.joblib
2,jpeg_q50,MLLM_STR_Nano-Banana2-fake_4,1,0.003392898477613926,mllm::Nano_Banana_2,,models/v2/clip_lora_fold2_best_v1.pt,models/v2/v2_10b_h2_balanced_logreg_fold2_v1.joblib
2,jpeg_q50,MLLM_STR_Nano-Banana2-fake_40,1,0.001882758573628962,mllm::Nano_Banana_2,,models/v2/clip_lora_fold2_best_v1.pt,models/v2/v2_10b_h2_balanced_logreg_fold2_v1.joblib
2,jpeg_q50,MLLM_STR_Nano-Banana2-fake_41,1,0.004440010525286198,mllm::Nano_Banana_2,,models/v2/clip_lora_fold2_best_v1.pt,models/v2/v2_10b_h2_balanced_logreg_fold2_v1.joblib
2,jpeg_q50,MLLM_STR_Nano-Banana2-fake_42,1,0.007216245401650667,mllm::Nano_Banana_2,,models/v2/clip_lora_fold2_best_v1.pt,models/v2/v2_10b_h2_balanced_logreg_fold2_v1.joblib
2,jpeg_q50,MLLM_STR_Nano-Banana2-fake_43,1,0.018863914534449577,mllm::Nano_Banana_2,,models/v2/clip_lora_fold2_best_v1.pt,models/v2/v2_10b_h2_balanced_logreg_fold2_v1.joblib
2,jpeg_q50,MLLM_STR_Nano-Banana2-fake_44,1,0.015069019049406052,mllm::Nano_Banana_2,,models/v2/clip_lora_fold2_best_v1.pt,models/v2/v2_10b_h2_balanced_logreg_fold2_v1.joblib
2,jpeg_q50,MLLM_STR_Nano-Banana2-fake_45,1,0.03385119512677193,mllm::Nano_Banana_2,,models/v2/clip_lora_fold2_best_v1.pt,models/v2/v2_10b_h2_balanced_logreg_fold2_v1.joblib
2,jpeg_q50,MLLM_STR_Nano-Banana2-fake_46,1,0.003900965442880988,mllm::Nano_Banana_2,,models/v2/clip_lora_fold2_best_v1.pt,models/v2/v2_10b_h2_balanced_logreg_fold2_v1.joblib
2,jpeg_q50,MLLM_STR_Nano-Banana2-fake_47,1,0.02446109987795353,mllm::Nano_Banana_2,,models/v2/clip_lora_fold2_best_v1.pt,models/v2/v2_10b_h2_balanced_logreg_fold2_v1.joblib
2,jpeg_q50,MLLM_STR_Nano-Banana2-fake_48,1,0.0023201440926641226,mllm::Nano_Banana_2,,models/v2/clip_lora_fold2_best_v1.pt,models/v2/v2_10b_h2_balanced_logreg_fold2_v1.joblib
2,jpeg_q50,MLLM_STR_Nano-Banana2-fake_49,1,0.002833814825862646,mllm::Nano_Banana_2,,models/v2/clip_lora_fold2_best_v1.pt,models/v2/v2_10b_h2_balanced_logreg_fold2_v1.joblib
2,jpeg_q50,MLLM_STR_Nano-Banana2-fake_5,1,0.003423860529437661,mllm::Nano_Banana_2,,models/v2/clip_lora_fold2_best_v1.pt,models/v2/v2_10b_h2_balanced_logreg_fold2_v1.joblib
2,jpeg_q50,MLLM_STR_Nano-Banana2-fake_50,1,0.016307586804032326,mllm::Nano_Banana_2,,models/v2/clip_lora_fold2_best_v1.pt,models/v2/v2_10b_h2_balanced_logreg_fold2_v1.joblib
2,jpeg_q50,MLLM_STR_Nano-Banana2-fake_51,1,0.015795165672898293,mllm::Nano_Banana_2,,models/v2/clip_lora_fold2_best_v1.pt,models/v2/v2_10b_h2_balanced_logreg_fold2_v1.joblib
2,jpeg_q50,MLLM_STR_Nano-Banana2-fake_52,1,0.00784771703183651,mllm::Nano_Banana_2,,models/v2/clip_lora_fold2_best_v1.pt,models/v2/v2_10b_h2_balanced_logreg_fold2_v1.joblib
2,jpeg_q50,MLLM_STR_Nano-Banana2-fake_53,1,0.0046917228028178215,mllm::Nano_Banana_2,,models/v2/clip_lora_fold2_best_v1.pt,models/v2/v2_10b_h2_balanced_logreg_fold2_v1.joblib
2,jpeg_q50,MLLM_STR_Nano-Banana2-fake_54,1,0.029221991077065468,mllm::Nano_Banana_2,,models/v2/clip_lora_fold2_best_v1.pt,models/v2/v2_10b_h2_balanced_logreg_fold2_v1.joblib
2,jpeg_q50,MLLM_STR_Nano-Banana2-fake_55,1,0.023773619905114174,mllm::Nano_Banana_2,,models/v2/clip_lora_fold2_best_v1.pt,models/v2/v2_10b_h2_balanced_logreg_fold2_v1.joblib
2,jpeg_q50,MLLM_STR_Nano-Banana2-fake_56,1,0.01288151927292347,mllm::Nano_Banana_2,,models/v2/clip_lora_fold2_best_v1.pt,models/v2/v2_10b_h2_balanced_logreg_fold2_v1.joblib
2,jpeg_q50,MLLM_STR_Nano-Banana2-fake_57,1,0.014851469546556473,mllm::Nano_Banana_2,,models/v2/clip_lora_fold2_best_v1.pt,models/v2/v2_10b_h2_balanced_logreg_fold2_v1.joblib
2,jpeg_q50,MLLM_STR_Nano-Banana2-fake_58,1,0.01478603295981884,mllm::Nano_Banana_2,,models/v2/clip_lora_fold2_best_v1.pt,models/v2/v2_10b_h2_balanced_logreg_fold2_v1.joblib
2,jpeg_q50,MLLM_STR_Nano-Banana2-fake_59,1,0.015592560172080994,mllm::Nano_Banana_2,,models/v2/clip_lora_fold2_best_v1.pt,models/v2/v2_10b_h2_balanced_logreg_fold2_v1.joblib
2,jpeg_q50,MLLM_STR_Nano-Banana2-fake_6,1,0.009315872564911842,mllm::Nano_Banana_2,,models/v2/clip_lora_fold2_best_v1.pt,models/v2/v2_10b_h2_balanced_logreg_fold2_v1.joblib
2,jpeg_q50,MLLM_STR_Nano-Banana2-fake_60,1,0.023332562297582626,mllm::Nano_Banana_2,,models/v2/clip_lora_fold2_best_v1.pt,models/v2/v2_10b_h2_balanced_logreg_fold2_v1.joblib
2,jpeg_q50,MLLM_STR_Nano-Banana2-fake_61,1,0.007332128938287497,mllm::Nano_Banana_2,,models/v2/clip_lora_fold2_best_v1.pt,models/v2/v2_10b_h2_balanced_logreg_fold2_v1.joblib
2,jpeg_q50,MLLM_STR_Nano-Banana2-fake_62,1,0.013155064545571804,mllm::Nano_Banana_2,,models/v2/clip_lora_fold2_best_v1.pt,models/v2/v2_10b_h2_balanced_logreg_fold2_v1.joblib
2,jpeg_q50,MLLM_STR_Nano-Banana2-fake_63,1,0.006727952044457197,mllm::Nano_Banana_2,,models/v2/clip_lora_fold2_best_v1.pt,models/v2/v2_10b_h2_balanced_logreg_fold2_v1.joblib
2,jpeg_q50,MLLM_STR_Nano-Banana2-fake_64,1,0.02277963235974312,mllm::Nano_Banana_2,,models/v2/clip_lora_fold2_best_v1.pt,models/v2/v2_10b_h2_balanced_logreg_fold2_v1.joblib
2,jpeg_q50,MLLM_STR_Nano-Banana2-fake_65,1,0.0016271283384412527,mllm::Nano_Banana_2,,models/v2/clip_lora_fold2_best_v1.pt,models/v2/v2_10b_h2_balanced_logreg_fold2_v1.joblib
2,jpeg_q50,MLLM_STR_Nano-Banana2-fake_66,1,0.032598827034235,mllm::Nano_Banana_2,,models/v2/clip_lora_fold2_best_v1.pt,models/v2/v2_10b_h2_balanced_logreg_fold2_v1.joblib
2,jpeg_q50,MLLM_STR_Nano-Banana2-fake_67,1,0.0076578157022595406,mllm::Nano_Banana_2,,models/v2/clip_lora_fold2_best_v1.pt,models/v2/v2_10b_h2_balanced_logreg_fold2_v1.joblib
2,jpeg_q50,MLLM_STR_Nano-Banana2-fake_68,1,0.015167402103543282,mllm::Nano_Banana_2,,models/v2/clip_lora_fold2_best_v1.pt,models/v2/v2_10b_h2_balanced_logreg_fold2_v1.joblib
2,jpeg_q50,MLLM_STR_Nano-Banana2-fake_69,1,0.012962124310433865,mllm::Nano_Banana_2,,models/v2/clip_lora_fold2_best_v1.pt,models/v2/v2_10b_h2_balanced_logreg_fold2_v1.joblib
2,jpeg_q50,MLLM_STR_Nano-Banana2-fake_7,1,0.007400880102068186,mllm::Nano_Banana_2,,models/v2/clip_lora_fold2_best_v1.pt,models/v2/v2_10b_h2_balanced_logreg_fold2_v1.joblib
2,jpeg_q50,MLLM_STR_Nano-Banana2-fake_70,1,0.018946830183267593,mllm::Nano_Banana_2,,models/v2/clip_lora_fold2_best_v1.pt,models/v2/v2_10b_h2_balanced_logreg_fold2_v1.joblib
2,jpeg_q50,MLLM_STR_Nano-Banana2-fake_71,1,0.007238802500069141,mllm::Nano_Banana_2,,models/v2/clip_lora_fold2_best_v1.pt,models/v2/v2_10b_h2_balanced_logreg_fold2_v1.joblib
2,jpeg_q50,MLLM_STR_Nano-Banana2-fake_72,1,0.0030424469150602818,mllm::Nano_Banana_2,,models/v2/clip_lora_fold2_best_v1.pt,models/v2/v2_10b_h2_balanced_logreg_fold2_v1.joblib
2,jpeg_q50,MLLM_STR_Nano-Banana2-fake_73,1,0.020306268706917763,mllm::Nano_Banana_2,,models/v2/clip_lora_fold2_best_v1.pt,models/v2/v2_10b_h2_balanced_logreg_fold2_v1.joblib
2,jpeg_q50,MLLM_STR_Nano-Banana2-fake_74,1,0.013253728859126568,mllm::Nano_Banana_2,,models/v2/clip_lora_fold2_best_v1.pt,models/v2/v2_10b_h2_balanced_logreg_fold2_v1.joblib
2,jpeg_q50,MLLM_STR_Nano-Banana2-fake_75,1,0.016430482268333435,mllm::Nano_Banana_2,,models/v2/clip_lora_fold2_best_v1.pt,models/v2/v2_10b_h2_balanced_logreg_fold2_v1.joblib
2,jpeg_q50,MLLM_STR_Nano-Banana2-fake_76,1,0.006796971894800663,mllm::Nano_Banana_2,,models/v2/clip_lora_fold2_best_v1.pt,models/v2/v2_10b_h2_balanced_logreg_fold2_v1.joblib
2,jpeg_q50,MLLM_STR_Nano-Banana2-fake_77,1,0.017803773283958435,mllm::Nano_Banana_2,,models/v2/clip_lora_fold2_best_v1.pt,models/v2/v2_10b_h2_balanced_logreg_fold2_v1.joblib
2,jpeg_q50,MLLM_STR_Nano-Banana2-fake_78,1,0.00648511340841651,mllm::Nano_Banana_2,,models/v2/clip_lora_fold2_best_v1.pt,models/v2/v2_10b_h2_balanced_logreg_fold2_v1.joblib
2,jpeg_q50,MLLM_STR_Nano-Banana2-fake_79,1,0.013403097167611122,mllm::Nano_Banana_2,,models/v2/clip_lora_fold2_best_v1.pt,models/v2/v2_10b_h2_balanced_logreg_fold2_v1.joblib
2,jpeg_q50,MLLM_STR_Nano-Banana2-fake_8,1,0.007106289733201265,mllm::Nano_Banana_2,,models/v2/clip_lora_fold2_best_v1.pt,models/v2/v2_10b_h2_balanced_logreg_fold2_v1.joblib
2,jpeg_q50,MLLM_STR_Nano-Banana2-fake_80,1,0.010784653946757317,mllm::Nano_Banana_2,,models/v2/clip_lora_fold2_best_v1.pt,models/v2/v2_10b_h2_balanced_logreg_fold2_v1.joblib
2,jpeg_q50,MLLM_STR_Nano-Banana2-fake_81,1,0.013779323548078537,mllm::Nano_Banana_2,,models/v2/clip_lora_fold2_best_v1.pt,models/v2/v2_10b_h2_balanced_logreg_fold2_v1.joblib
2,jpeg_q50,MLLM_STR_Nano-Banana2-fake_82,1,0.051778730005025864,mllm::Nano_Banana_2,,models/v2/clip_lora_fold2_best_v1.pt,models/v2/v2_10b_h2_balanced_logreg_fold2_v1.joblib
2,jpeg_q50,MLLM_STR_Nano-Banana2-fake_83,1,0.009079020470380783,mllm::Nano_Banana_2,,models/v2/clip_lora_fold2_best_v1.pt,models/v2/v2_10b_h2_balanced_logreg_fold2_v1.joblib
2,jpeg_q50,MLLM_STR_Nano-Banana2-fake_84,1,0.039622124284505844,mllm::Nano_Banana_2,,models/v2/clip_lora_fold2_best_v1.pt,models/v2/v2_10b_h2_balanced_logreg_fold2_v1.joblib
2,jpeg_q50,MLLM_STR_Nano-Banana2-fake_85,1,0.0345836840569973,mllm::Nano_Banana_2,,models/v2/clip_lora_fold2_best_v1.pt,models/v2/v2_10b_h2_balanced_logreg_fold2_v1.joblib
2,jpeg_q50,MLLM_STR_Nano-Banana2-fake_86,1,0.0035525665152817965,mllm::Nano_Banana_2,,models/v2/clip_lora_fold2_best_v1.pt,models/v2/v2_10b_h2_balanced_logreg_fold2_v1.joblib
2,jpeg_q50,MLLM_STR_Nano-Banana2-fake_87,1,0.05786227434873581,mllm::Nano_Banana_2,,models/v2/clip_lora_fold2_best_v1.pt,models/v2/v2_10b_h2_balanced_logreg_fold2_v1.joblib
2,jpeg_q50,MLLM_STR_Nano-Banana2-fake_88,1,0.022563032805919647,mllm::Nano_Banana_2,,models/v2/clip_lora_fold2_best_v1.pt,models/v2/v2_10b_h2_balanced_logreg_fold2_v1.joblib
2,jpeg_q50,MLLM_STR_Nano-Banana2-fake_89,1,0.12489209324121475,mllm::Nano_Banana_2,,models/v2/clip_lora_fold2_best_v1.pt,models/v2/v2_10b_h2_balanced_logreg_fold2_v1.joblib
2,jpeg_q50,MLLM_STR_Nano-Banana2-fake_9,1,0.0015946612693369389,mllm::Nano_Banana_2,,models/v2/clip_lora_fold2_best_v1.pt,models/v2/v2_10b_h2_balanced_logreg_fold2_v1.joblib
2,jpeg_q50,MLLM_STR_Nano-Banana2-fake_90,1,0.03558589145541191,mllm::Nano_Banana_2,,models/v2/clip_lora_fold2_best_v1.pt,models/v2/v2_10b_h2_balanced_logreg_fold2_v1.joblib
2,jpeg_q50,MLLM_STR_Nano-Banana2-fake_91,1,0.03585267812013626,mllm::Nano_Banana_2,,models/v2/clip_lora_fold2_best_v1.pt,models/v2/v2_10b_h2_balanced_logreg_fold2_v1.joblib
2,jpeg_q50,MLLM_STR_Nano-Banana2-fake_92,1,0.019738392904400826,mllm::Nano_Banana_2,,models/v2/clip_lora_fold2_best_v1.pt,models/v2/v2_10b_h2_balanced_logreg_fold2_v1.joblib
2,jpeg_q50,MLLM_STR_Nano-Banana2-fake_93,1,0.06693732738494873,mllm::Nano_Banana_2,,models/v2/clip_lora_fold2_best_v1.pt,models/v2/v2_10b_h2_balanced_logreg_fold2_v1.joblib
2,jpeg_q50,MLLM_STR_Nano-Banana2-fake_94,1,0.03810688108205795,mllm::Nano_Banana_2,,models/v2/clip_lora_fold2_best_v1.pt,models/v2/v2_10b_h2_balanced_logreg_fold2_v1.joblib
2,jpeg_q50,MLLM_STR_Nano-Banana2-fake_95,1,0.03158028796315193,mllm::Nano_Banana_2,,models/v2/clip_lora_fold2_best_v1.pt,models/v2/v2_10b_h2_balanced_logreg_fold2_v1.joblib
2,jpeg_q50,MLLM_STR_Nano-Banana2-fake_96,1,0.030105406418442726,mllm::Nano_Banana_2,,models/v2/clip_lora_fold2_best_v1.pt,models/v2/v2_10b_h2_balanced_logreg_fold2_v1.joblib
2,jpeg_q50,MLLM_STR_Nano-Banana2-fake_97,1,0.011609245091676712,mllm::Nano_Banana_2,,models/v2/clip_lora_fold2_best_v1.pt,models/v2/v2_10b_h2_balanced_logreg_fold2_v1.joblib
2,jpeg_q50,MLLM_STR_Nano-Banana2-fake_98,1,0.055839378386735916,mllm::Nano_Banana_2,,models/v2/clip_lora_fold2_best_v1.pt,models/v2/v2_10b_h2_balanced_logreg_fold2_v1.joblib
2,jpeg_q50,MLLM_STR_Nano-Banana2-fake_99,1,0.07458662241697311,mllm::Nano_Banana_2,,models/v2/clip_lora_fold2_best_v1.pt,models/v2/v2_10b_h2_balanced_logreg_fold2_v1.joblib
2,jpeg_q50,MLLM_STR_real_1,0,0.0009580461774021387,real::MLLM,MLLM,models/v2/clip_lora_fold2_best_v1.pt,models/v2/v2_10b_h2_balanced_logreg_fold2_v1.joblib
2,jpeg_q50,MLLM_STR_real_100,0,0.03268882632255554,real::MLLM,MLLM,models/v2/clip_lora_fold2_best_v1.pt,models/v2/v2_10b_h2_balanced_logreg_fold2_v1.joblib
2,jpeg_q50,MLLM_STR_real_115,0,0.017748266458511353,real::MLLM,MLLM,models/v2/clip_lora_fold2_best_v1.pt,models/v2/v2_10b_h2_balanced_logreg_fold2_v1.joblib
2,jpeg_q50,MLLM_STR_real_121,0,0.002117261290550232,real::MLLM,MLLM,models/v2/clip_lora_fold2_best_v1.pt,models/v2/v2_10b_h2_balanced_logreg_fold2_v1.joblib
2,jpeg_q50,MLLM_STR_real_123,0,0.008935002610087395,real::MLLM,MLLM,models/v2/clip_lora_fold2_best_v1.pt,models/v2/v2_10b_h2_balanced_logreg_fold2_v1.joblib
2,jpeg_q50,MLLM_STR_real_137,0,0.02590395323932171,real::MLLM,MLLM,models/v2/clip_lora_fold2_best_v1.pt,models/v2/v2_10b_h2_balanced_logreg_fold2_v1.joblib
2,jpeg_q50,MLLM_STR_real_139,0,0.002477791626006365,real::MLLM,MLLM,models/v2/clip_lora_fold2_best_v1.pt,models/v2/v2_10b_h2_balanced_logreg_fold2_v1.joblib
2,jpeg_q50,MLLM_STR_real_140,0,0.0034103631041944027,real::MLLM,MLLM,models/v2/clip_lora_fold2_best_v1.pt,models/v2/v2_10b_h2_balanced_logreg_fold2_v1.joblib
2,jpeg_q50,MLLM_STR_real_144,0,0.003247616346925497,real::MLLM,MLLM,models/v2/clip_lora_fold2_best_v1.pt,models/v2/v2_10b_h2_balanced_logreg_fold2_v1.joblib
2,jpeg_q50,MLLM_STR_real_153,0,0.0009556522127240896,real::MLLM,MLLM,models/v2/clip_lora_fold2_best_v1.pt,models/v2/v2_10b_h2_balanced_logreg_fold2_v1.joblib
2,jpeg_q50,MLLM_STR_real_154,0,0.03465010225772858,real::MLLM,MLLM,models/v2/clip_lora_fold2_best_v1.pt,models/v2/v2_10b_h2_balanced_logreg_fold2_v1.joblib
2,jpeg_q50,MLLM_STR_real_157,0,0.009641134180128574,real::MLLM,MLLM,models/v2/clip_lora_fold2_best_v1.pt,models/v2/v2_10b_h2_balanced_logreg_fold2_v1.joblib
2,jpeg_q50,MLLM_STR_real_159,0,0.0048840404488146305,real::MLLM,MLLM,models/v2/clip_lora_fold2_best_v1.pt,models/v2/v2_10b_h2_balanced_logreg_fold2_v1.joblib
2,jpeg_q50,MLLM_STR_real_162,0,0.006414549425244331,real::MLLM,MLLM,models/v2/clip_lora_fold2_best_v1.pt,models/v2/v2_10b_h2_balanced_logreg_fold2_v1.joblib
2,jpeg_q50,MLLM_STR_real_163,0,0.14523306488990784,real::MLLM,MLLM,models/v2/clip_lora_fold2_best_v1.pt,models/v2/v2_10b_h2_balanced_logreg_fold2_v1.joblib
2,jpeg_q50,MLLM_STR_real_165,0,0.005564882420003414,real::MLLM,MLLM,models/v2/clip_lora_fold2_best_v1.pt,models/v2/v2_10b_h2_balanced_logreg_fold2_v1.joblib
2,jpeg_q50,MLLM_STR_real_168,0,0.07048767805099487,real::MLLM,MLLM,models/v2/clip_lora_fold2_best_v1.pt,models/v2/v2_10b_h2_balanced_logreg_fold2_v1.joblib
2,jpeg_q50,MLLM_STR_real_170,0,0.07600878179073334,real::MLLM,MLLM,models/v2/clip_lora_fold2_best_v1.pt,models/v2/v2_10b_h2_balanced_logreg_fold2_v1.joblib
2,jpeg_q50,MLLM_STR_real_173,0,0.0020152616780251265,real::MLLM,MLLM,models/v2/clip_lora_fold2_best_v1.pt,models/v2/v2_10b_h2_balanced_logreg_fold2_v1.joblib
2,jpeg_q50,MLLM_STR_real_175,0,0.2236006259918213,real::MLLM,MLLM,models/v2/clip_lora_fold2_best_v1.pt,models/v2/v2_10b_h2_balanced_logreg_fold2_v1.joblib
2,jpeg_q50,MLLM_STR_real_178,0,0.07254727184772491,real::MLLM,MLLM,models/v2/clip_lora_fold2_best_v1.pt,models/v2/v2_10b_h2_balanced_logreg_fold2_v1.joblib
2,jpeg_q50,MLLM_STR_real_180,0,0.009571131318807602,real::MLLM,MLLM,models/v2/clip_lora_fold2_best_v1.pt,models/v2/v2_10b_h2_balanced_logreg_fold2_v1.joblib
2,jpeg_q50,MLLM_STR_real_182,0,0.16870540380477905,real::MLLM,MLLM,models/v2/clip_lora_fold2_best_v1.pt,models/v2/v2_10b_h2_balanced_logreg_fold2_v1.joblib
2,jpeg_q50,MLLM_STR_real_183,0,0.006381414830684662,real::MLLM,MLLM,models/v2/clip_lora_fold2_best_v1.pt,models/v2/v2_10b_h2_balanced_logreg_fold2_v1.joblib
2,jpeg_q50,MLLM_STR_real_186,0,0.00384252006188035,real::MLLM,MLLM,models/v2/clip_lora_fold2_best_v1.pt,models/v2/v2_10b_h2_balanced_logreg_fold2_v1.joblib
2,jpeg_q50,MLLM_STR_real_2,0,0.0052991290576756,real::MLLM,MLLM,models/v2/clip_lora_fold2_best_v1.pt,models/v2/v2_10b_h2_balanced_logreg_fold2_v1.joblib
2,jpeg_q50,MLLM_STR_real_20,0,0.0015967603540048003,real::MLLM,MLLM,models/v2/clip_lora_fold2_best_v1.pt,models/v2/v2_10b_h2_balanced_logreg_fold2_v1.joblib
2,jpeg_q50,MLLM_STR_real_21,0,0.0012315025087445974,real::MLLM,MLLM,models/v2/clip_lora_fold2_best_v1.pt,models/v2/v2_10b_h2_balanced_logreg_fold2_v1.joblib
2,jpeg_q50,MLLM_STR_real_212,0,0.04193694144487381,real::MLLM,MLLM,models/v2/clip_lora_fold2_best_v1.pt,models/v2/v2_10b_h2_balanced_logreg_fold2_v1.joblib
2,jpeg_q50,MLLM_STR_real_22,0,0.002620474901050329,real::MLLM,MLLM,models/v2/clip_lora_fold2_best_v1.pt,models/v2/v2_10b_h2_balanced_logreg_fold2_v1.joblib
2,jpeg_q50,MLLM_STR_real_224,0,0.0028910557739436626,real::MLLM,MLLM,models/v2/clip_lora_fold2_best_v1.pt,models/v2/v2_10b_h2_balanced_logreg_fold2_v1.joblib
2,jpeg_q50,MLLM_STR_real_230,0,0.0037488327361643314,real::MLLM,MLLM,models/v2/clip_lora_fold2_best_v1.pt,models/v2/v2_10b_h2_balanced_logreg_fold2_v1.joblib
2,jpeg_q50,MLLM_STR_real_232,0,0.04678937420248985,real::MLLM,MLLM,models/v2/clip_lora_fold2_best_v1.pt,models/v2/v2_10b_h2_balanced_logreg_fold2_v1.joblib
2,jpeg_q50,MLLM_STR_real_24,0,0.0029636838007718325,real::MLLM,MLLM,models/v2/clip_lora_fold2_best_v1.pt,models/v2/v2_10b_h2_balanced_logreg_fold2_v1.joblib
2,jpeg_q50,MLLM_STR_real_245,0,0.025331689044833183,real::MLLM,MLLM,models/v2/clip_lora_fold2_best_v1.pt,models/v2/v2_10b_h2_balanced_logreg_fold2_v1.joblib
2,jpeg_q50,MLLM_STR_real_248,0,0.008672443218529224,real::MLLM,MLLM,models/v2/clip_lora_fold2_best_v1.pt,models/v2/v2_10b_h2_balanced_logreg_fold2_v1.joblib
2,jpeg_q50,MLLM_STR_real_262,0,0.00899298582226038,real::MLLM,MLLM,models/v2/clip_lora_fold2_best_v1.pt,models/v2/v2_10b_h2_balanced_logreg_fold2_v1.joblib
2,jpeg_q50,MLLM_STR_real_271,0,0.07469028234481812,real::MLLM,MLLM,models/v2/clip_lora_fold2_best_v1.pt,models/v2/v2_10b_h2_balanced_logreg_fold2_v1.joblib
2,jpeg_q50,MLLM_STR_real_275,0,0.005879273638129234,real::MLLM,MLLM,models/v2/clip_lora_fold2_best_v1.pt,models/v2/v2_10b_h2_balanced_logreg_fold2_v1.joblib
2,jpeg_q50,MLLM_STR_real_281,0,0.004225883167237043,real::MLLM,MLLM,models/v2/clip_lora_fold2_best_v1.pt,models/v2/v2_10b_h2_balanced_logreg_fold2_v1.joblib
2,jpeg_q50,MLLM_STR_real_282,0,0.020994052290916443,real::MLLM,MLLM,models/v2/clip_lora_fold2_best_v1.pt,models/v2/v2_10b_h2_balanced_logreg_fold2_v1.joblib
2,jpeg_q50,MLLM_STR_real_29,0,0.006276201456785202,real::MLLM,MLLM,models/v2/clip_lora_fold2_best_v1.pt,models/v2/v2_10b_h2_balanced_logreg_fold2_v1.joblib
2,jpeg_q50,MLLM_STR_real_292,0,0.004653579089790583,real::MLLM,MLLM,models/v2/clip_lora_fold2_best_v1.pt,models/v2/v2_10b_h2_balanced_logreg_fold2_v1.joblib
2,jpeg_q50,MLLM_STR_real_300,0,0.004020789638161659,real::MLLM,MLLM,models/v2/clip_lora_fold2_best_v1.pt,models/v2/v2_10b_h2_balanced_logreg_fold2_v1.joblib
2,jpeg_q50,MLLM_STR_real_301,0,0.01350863091647625,real::MLLM,MLLM,models/v2/clip_lora_fold2_best_v1.pt,models/v2/v2_10b_h2_balanced_logreg_fold2_v1.joblib
2,jpeg_q50,MLLM_STR_real_34,0,0.004088566638529301,real::MLLM,MLLM,models/v2/clip_lora_fold2_best_v1.pt,models/v2/v2_10b_h2_balanced_logreg_fold2_v1.joblib
2,jpeg_q50,MLLM_STR_real_38,0,0.008371898904442787,real::MLLM,MLLM,models/v2/clip_lora_fold2_best_v1.pt,models/v2/v2_10b_h2_balanced_logreg_fold2_v1.joblib
2,jpeg_q50,MLLM_STR_real_45,0,0.002939776750281453,real::MLLM,MLLM,models/v2/clip_lora_fold2_best_v1.pt,models/v2/v2_10b_h2_balanced_logreg_fold2_v1.joblib
2,jpeg_q50,MLLM_STR_real_50,0,0.0025881638284772635,real::MLLM,MLLM,models/v2/clip_lora_fold2_best_v1.pt,models/v2/v2_10b_h2_balanced_logreg_fold2_v1.joblib
2,jpeg_q50,MLLM_STR_real_51,0,0.0007794752600602806,real::MLLM,MLLM,models/v2/clip_lora_fold2_best_v1.pt,models/v2/v2_10b_h2_balanced_logreg_fold2_v1.joblib
2,jpeg_q50,MLLM_STR_real_53,0,0.011522059328854084,real::MLLM,MLLM,models/v2/clip_lora_fold2_best_v1.pt,models/v2/v2_10b_h2_balanced_logreg_fold2_v1.joblib
2,jpeg_q50,MLLM_STR_real_65,0,0.001169324154034257,real::MLLM,MLLM,models/v2/clip_lora_fold2_best_v1.pt,models/v2/v2_10b_h2_balanced_logreg_fold2_v1.joblib
2,jpeg_q50,MLLM_STR_real_68,0,0.0009892903035506606,real::MLLM,MLLM,models/v2/clip_lora_fold2_best_v1.pt,models/v2/v2_10b_h2_balanced_logreg_fold2_v1.joblib
2,jpeg_q50,MLLM_STR_real_77,0,0.012712356634438038,real::MLLM,MLLM,models/v2/clip_lora_fold2_best_v1.pt,models/v2/v2_10b_h2_balanced_logreg_fold2_v1.joblib
2,jpeg_q50,MLLM_STR_real_79,0,0.0060349865816533566,real::MLLM,MLLM,models/v2/clip_lora_fold2_best_v1.pt,models/v2/v2_10b_h2_balanced_logreg_fold2_v1.joblib
2,jpeg_q50,MLLM_STR_real_87,0,0.020189303904771805,real::MLLM,MLLM,models/v2/clip_lora_fold2_best_v1.pt,models/v2/v2_10b_h2_balanced_logreg_fold2_v1.joblib
2,jpeg_q50,MLLM_STR_real_97,0,0.0013524384703487158,real::MLLM,MLLM,models/v2/clip_lora_fold2_best_v1.pt,models/v2/v2_10b_h2_balanced_logreg_fold2_v1.joblib
2,jpeg_q50,MLLM_TEX_Nano-Banana2-fake_1,1,0.015668699517846107,mllm::Nano_Banana_2,,models/v2/clip_lora_fold2_best_v1.pt,models/v2/v2_10b_h2_balanced_logreg_fold2_v1.joblib
2,jpeg_q50,MLLM_TEX_Nano-Banana2-fake_10,1,0.15662606060504913,mllm::Nano_Banana_2,,models/v2/clip_lora_fold2_best_v1.pt,models/v2/v2_10b_h2_balanced_logreg_fold2_v1.joblib
2,jpeg_q50,MLLM_TEX_Nano-Banana2-fake_100,1,0.007268720772117376,mllm::Nano_Banana_2,,models/v2/clip_lora_fold2_best_v1.pt,models/v2/v2_10b_h2_balanced_logreg_fold2_v1.joblib
2,jpeg_q50,MLLM_TEX_Nano-Banana2-fake_101,1,0.14879724383354187,mllm::Nano_Banana_2,,models/v2/clip_lora_fold2_best_v1.pt,models/v2/v2_10b_h2_balanced_logreg_fold2_v1.joblib
2,jpeg_q50,MLLM_TEX_Nano-Banana2-fake_102,1,0.015076586976647377,mllm::Nano_Banana_2,,models/v2/clip_lora_fold2_best_v1.pt,models/v2/v2_10b_h2_balanced_logreg_fold2_v1.joblib
2,jpeg_q50,MLLM_TEX_Nano-Banana2-fake_103,1,0.07617755979299545,mllm::Nano_Banana_2,,models/v2/clip_lora_fold2_best_v1.pt,models/v2/v2_10b_h2_balanced_logreg_fold2_v1.joblib
2,jpeg_q50,MLLM_TEX_Nano-Banana2-fake_104,1,0.005658099893480539,mllm::Nano_Banana_2,,models/v2/clip_lora_fold2_best_v1.pt,models/v2/v2_10b_h2_balanced_logreg_fold2_v1.joblib
2,jpeg_q50,MLLM_TEX_Nano-Banana2-fake_105,1,0.0138660604134202,mllm::Nano_Banana_2,,models/v2/clip_lora_fold2_best_v1.pt,models/v2/v2_10b_h2_balanced_logreg_fold2_v1.joblib
2,jpeg_q50,MLLM_TEX_Nano-Banana2-fake_106,1,0.01242915727198124,mllm::Nano_Banana_2,,models/v2/clip_lora_fold2_best_v1.pt,models/v2/v2_10b_h2_balanced_logreg_fold2_v1.joblib
2,jpeg_q50,MLLM_TEX_Nano-Banana2-fake_107,1,0.08606935292482376,mllm::Nano_Banana_2,,models/v2/clip_lora_fold2_best_v1.pt,models/v2/v2_10b_h2_balanced_logreg_fold2_v1.joblib
2,jpeg_q50,MLLM_TEX_Nano-Banana2-fake_108,1,0.018035901710391045,mllm::Nano_Banana_2,,models/v2/clip_lora_fold2_best_v1.pt,models/v2/v2_10b_h2_balanced_logreg_fold2_v1.joblib
2,jpeg_q50,MLLM_TEX_Nano-Banana2-fake_109,1,0.04354600980877876,mllm::Nano_Banana_2,,models/v2/clip_lora_fold2_best_v1.pt,models/v2/v2_10b_h2_balanced_logreg_fold2_v1.joblib
2,jpeg_q50,MLLM_TEX_Nano-Banana2-fake_11,1,0.013587248511612415,mllm::Nano_Banana_2,,models/v2/clip_lora_fold2_best_v1.pt,models/v2/v2_10b_h2_balanced_logreg_fold2_v1.joblib
2,jpeg_q50,MLLM_TEX_Nano-Banana2-fake_110,1,0.0224908459931612,mllm::Nano_Banana_2,,models/v2/clip_lora_fold2_best_v1.pt,models/v2/v2_10b_h2_balanced_logreg_fold2_v1.joblib
2,jpeg_q50,MLLM_TEX_Nano-Banana2-fake_111,1,0.002413196489214897,mllm::Nano_Banana_2,,models/v2/clip_lora_fold2_best_v1.pt,models/v2/v2_10b_h2_balanced_logreg_fold2_v1.joblib
2,jpeg_q50,MLLM_TEX_Nano-Banana2-fake_112,1,0.08604100346565247,mllm::Nano_Banana_2,,models/v2/clip_lora_fold2_best_v1.pt,models/v2/v2_10b_h2_balanced_logreg_fold2_v1.joblib
2,jpeg_q50,MLLM_TEX_Nano-Banana2-fake_113,1,0.00942331925034523,mllm::Nano_Banana_2,,models/v2/clip_lora_fold2_best_v1.pt,models/v2/v2_10b_h2_balanced_logreg_fold2_v1.joblib
2,jpeg_q50,MLLM_TEX_Nano-Banana2-fake_114,1,0.04449684917926788,mllm::Nano_Banana_2,,models/v2/clip_lora_fold2_best_v1.pt,models/v2/v2_10b_h2_balanced_logreg_fold2_v1.joblib
2,jpeg_q50,MLLM_TEX_Nano-Banana2-fake_115,1,0.01627385802567005,mllm::Nano_Banana_2,,models/v2/clip_lora_fold2_best_v1.pt,models/v2/v2_10b_h2_balanced_logreg_fold2_v1.joblib
2,jpeg_q50,MLLM_TEX_Nano-Banana2-fake_116,1,0.038032177835702896,mllm::Nano_Banana_2,,models/v2/clip_lora_fold2_best_v1.pt,models/v2/v2_10b_h2_balanced_logreg_fold2_v1.joblib
2,jpeg_q50,MLLM_TEX_Nano-Banana2-fake_117,1,0.0008824793039821088,mllm::Nano_Banana_2,,models/v2/clip_lora_fold2_best_v1.pt,models/v2/v2_10b_h2_balanced_logreg_fold2_v1.joblib
2,jpeg_q50,MLLM_TEX_Nano-Banana2-fake_118,1,0.011772649362683296,mllm::Nano_Banana_2,,models/v2/clip_lora_fold2_best_v1.pt,models/v2/v2_10b_h2_balanced_logreg_fold2_v1.joblib
2,jpeg_q50,MLLM_TEX_Nano-Banana2-fake_119,1,0.034617580473423004,mllm::Nano_Banana_2,,models/v2/clip_lora_fold2_best_v1.pt,models/v2/v2_10b_h2_balanced_logreg_fold2_v1.joblib
2,jpeg_q50,MLLM_TEX_Nano-Banana2-fake_12,1,0.033659398555755615,mllm::Nano_Banana_2,,models/v2/clip_lora_fold2_best_v1.pt,models/v2/v2_10b_h2_balanced_logreg_fold2_v1.joblib
2,jpeg_q50,MLLM_TEX_Nano-Banana2-fake_120,1,0.028835700824856758,mllm::Nano_Banana_2,,models/v2/clip_lora_fold2_best_v1.pt,models/v2/v2_10b_h2_balanced_logreg_fold2_v1.joblib
2,jpeg_q50,MLLM_TEX_Nano-Banana2-fake_121,1,0.010566569864749908,mllm::Nano_Banana_2,,models/v2/clip_lora_fold2_best_v1.pt,models/v2/v2_10b_h2_balanced_logreg_fold2_v1.joblib
2,jpeg_q50,MLLM_TEX_Nano-Banana2-fake_122,1,0.007641501259058714,mllm::Nano_Banana_2,,models/v2/clip_lora_fold2_best_v1.pt,models/v2/v2_10b_h2_balanced_logreg_fold2_v1.joblib
2,jpeg_q50,MLLM_TEX_Nano-Banana2-fake_123,1,0.00958309881389141,mllm::Nano_Banana_2,,models/v2/clip_lora_fold2_best_v1.pt,models/v2/v2_10b_h2_balanced_logreg_fold2_v1.joblib
2,jpeg_q50,MLLM_TEX_Nano-Banana2-fake_124,1,0.022356977686285973,mllm::Nano_Banana_2,,models/v2/clip_lora_fold2_best_v1.pt,models/v2/v2_10b_h2_balanced_logreg_fold2_v1.joblib
2,jpeg_q50,MLLM_TEX_Nano-Banana2-fake_125,1,0.023772558197379112,mllm::Nano_Banana_2,,models/v2/clip_lora_fold2_best_v1.pt,models/v2/v2_10b_h2_balanced_logreg_fold2_v1.joblib
2,jpeg_q50,MLLM_TEX_Nano-Banana2-fake_126,1,0.058799270540475845,mllm::Nano_Banana_2,,models/v2/clip_lora_fold2_best_v1.pt,models/v2/v2_10b_h2_balanced_logreg_fold2_v1.joblib
2,jpeg_q50,MLLM_TEX_Nano-Banana2-fake_127,1,0.024966971948742867,mllm::Nano_Banana_2,,models/v2/clip_lora_fold2_best_v1.pt,models/v2/v2_10b_h2_balanced_logreg_fold2_v1.joblib
2,jpeg_q50,MLLM_TEX_Nano-Banana2-fake_129,1,0.045820511877536774,mllm::Nano_Banana_2,,models/v2/clip_lora_fold2_best_v1.pt,models/v2/v2_10b_h2_balanced_logreg_fold2_v1.joblib
2,jpeg_q50,MLLM_TEX_Nano-Banana2-fake_13,1,0.0930916965007782,mllm::Nano_Banana_2,,models/v2/clip_lora_fold2_best_v1.pt,models/v2/v2_10b_h2_balanced_logreg_fold2_v1.joblib
2,jpeg_q50,MLLM_TEX_Nano-Banana2-fake_130,1,0.00890472810715437,mllm::Nano_Banana_2,,models/v2/clip_lora_fold2_best_v1.pt,models/v2/v2_10b_h2_balanced_logreg_fold2_v1.joblib
2,jpeg_q50,MLLM_TEX_Nano-Banana2-fake_131,1,0.004333743825554848,mllm::Nano_Banana_2,,models/v2/clip_lora_fold2_best_v1.pt,models/v2/v2_10b_h2_balanced_logreg_fold2_v1.joblib
2,jpeg_q50,MLLM_TEX_Nano-Banana2-fake_132,1,0.002803651848807931,mllm::Nano_Banana_2,,models/v2/clip_lora_fold2_best_v1.pt,models/v2/v2_10b_h2_balanced_logreg_fold2_v1.joblib
2,jpeg_q50,MLLM_TEX_Nano-Banana2-fake_133,1,0.005863189697265625,mllm::Nano_Banana_2,,models/v2/clip_lora_fold2_best_v1.pt,models/v2/v2_10b_h2_balanced_logreg_fold2_v1.joblib
2,jpeg_q50,MLLM_TEX_Nano-Banana2-fake_134,1,0.0027278545312583447,mllm::Nano_Banana_2,,models/v2/clip_lora_fold2_best_v1.pt,models/v2/v2_10b_h2_balanced_logreg_fold2_v1.joblib
2,jpeg_q50,MLLM_TEX_Nano-Banana2-fake_135,1,0.04621833935379982,mllm::Nano_Banana_2,,models/v2/clip_lora_fold2_best_v1.pt,models/v2/v2_10b_h2_balanced_logreg_fold2_v1.joblib
2,jpeg_q50,MLLM_TEX_Nano-Banana2-fake_136,1,0.007606103550642729,mllm::Nano_Banana_2,,models/v2/clip_lora_fold2_best_v1.pt,models/v2/v2_10b_h2_balanced_logreg_fold2_v1.joblib
2,jpeg_q50,MLLM_TEX_Nano-Banana2-fake_137,1,0.013830258511006832,mllm::Nano_Banana_2,,models/v2/clip_lora_fold2_best_v1.pt,models/v2/v2_10b_h2_balanced_logreg_fold2_v1.joblib
2,jpeg_q50,MLLM_TEX_Nano-Banana2-fake_138,1,0.004628731869161129,mllm::Nano_Banana_2,,models/v2/clip_lora_fold2_best_v1.pt,models/v2/v2_10b_h2_balanced_logreg_fold2_v1.joblib
2,jpeg_q50,MLLM_TEX_Nano-Banana2-fake_139,1,0.0010574017651379108,mllm::Nano_Banana_2,,models/v2/clip_lora_fold2_best_v1.pt,models/v2/v2_10b_h2_balanced_logreg_fold2_v1.joblib
2,jpeg_q50,MLLM_TEX_Nano-Banana2-fake_14,1,0.00579857500270009,mllm::Nano_Banana_2,,models/v2/clip_lora_fold2_best_v1.pt,models/v2/v2_10b_h2_balanced_logreg_fold2_v1.joblib
2,jpeg_q50,MLLM_TEX_Nano-Banana2-fake_140,1,0.005721125286072493,mllm::Nano_Banana_2,,models/v2/clip_lora_fold2_best_v1.pt,models/v2/v2_10b_h2_balanced_logreg_fold2_v1.joblib
2,jpeg_q50,MLLM_TEX_Nano-Banana2-fake_141,1,0.007595572154968977,mllm::Nano_Banana_2,,models/v2/clip_lora_fold2_best_v1.pt,models/v2/v2_10b_h2_balanced_logreg_fold2_v1.joblib
2,jpeg_q50,MLLM_TEX_Nano-Banana2-fake_142,1,0.004330566618591547,mllm::Nano_Banana_2,,models/v2/clip_lora_fold2_best_v1.pt,models/v2/v2_10b_h2_balanced_logreg_fold2_v1.joblib
2,jpeg_q50,MLLM_TEX_Nano-Banana2-fake_143,1,0.012236179783940315,mllm::Nano_Banana_2,,models/v2/clip_lora_fold2_best_v1.pt,models/v2/v2_10b_h2_balanced_logreg_fold2_v1.joblib
2,jpeg_q50,MLLM_TEX_Nano-Banana2-fake_144,1,0.04331309348344803,mllm::Nano_Banana_2,,models/v2/clip_lora_fold2_best_v1.pt,models/v2/v2_10b_h2_balanced_logreg_fold2_v1.joblib
2,jpeg_q50,MLLM_TEX_Nano-Banana2-fake_145,1,0.028760002925992012,mllm::Nano_Banana_2,,models/v2/clip_lora_fold2_best_v1.pt,models/v2/v2_10b_h2_balanced_logreg_fold2_v1.joblib
2,jpeg_q50,MLLM_TEX_Nano-Banana2-fake_146,1,0.00559665123000741,mllm::Nano_Banana_2,,models/v2/clip_lora_fold2_best_v1.pt,models/v2/v2_10b_h2_balanced_logreg_fold2_v1.joblib
2,jpeg_q50,MLLM_TEX_Nano-Banana2-fake_147,1,0.004516534507274628,mllm::Nano_Banana_2,,models/v2/clip_lora_fold2_best_v1.pt,models/v2/v2_10b_h2_balanced_logreg_fold2_v1.joblib
2,jpeg_q50,MLLM_TEX_Nano-Banana2-fake_148,1,0.00689978851005435,mllm::Nano_Banana_2,,models/v2/clip_lora_fold2_best_v1.pt,models/v2/v2_10b_h2_balanced_logreg_fold2_v1.joblib
2,jpeg_q50,MLLM_TEX_Nano-Banana2-fake_149,1,0.06197337433695793,mllm::Nano_Banana_2,,models/v2/clip_lora_fold2_best_v1.pt,models/v2/v2_10b_h2_balanced_logreg_fold2_v1.joblib
2,jpeg_q50,MLLM_TEX_Nano-Banana2-fake_15,1,0.0027285381220281124,mllm::Nano_Banana_2,,models/v2/clip_lora_fold2_best_v1.pt,models/v2/v2_10b_h2_balanced_logreg_fold2_v1.joblib
2,jpeg_q50,MLLM_TEX_Nano-Banana2-fake_150,1,0.14390571415424347,mllm::Nano_Banana_2,,models/v2/clip_lora_fold2_best_v1.pt,models/v2/v2_10b_h2_balanced_logreg_fold2_v1.joblib
2,jpeg_q50,MLLM_TEX_Nano-Banana2-fake_151,1,0.29272693395614624,mllm::Nano_Banana_2,,models/v2/clip_lora_fold2_best_v1.pt,models/v2/v2_10b_h2_balanced_logreg_fold2_v1.joblib
2,jpeg_q50,MLLM_TEX_Nano-Banana2-fake_152,1,0.04481566324830055,mllm::Nano_Banana_2,,models/v2/clip_lora_fold2_best_v1.pt,models/v2/v2_10b_h2_balanced_logreg_fold2_v1.joblib
2,jpeg_q50,MLLM_TEX_Nano-Banana2-fake_153,1,0.013734663836658001,mllm::Nano_Banana_2,,models/v2/clip_lora_fold2_best_v1.pt,models/v2/v2_10b_h2_balanced_logreg_fold2_v1.joblib
2,jpeg_q50,MLLM_TEX_Nano-Banana2-fake_154,1,0.017357755452394485,mllm::Nano_Banana_2,,models/v2/clip_lora_fold2_best_v1.pt,models/v2/v2_10b_h2_balanced_logreg_fold2_v1.joblib
2,jpeg_q50,MLLM_TEX_Nano-Banana2-fake_155,1,0.000984353944659233,mllm::Nano_Banana_2,,models/v2/clip_lora_fold2_best_v1.pt,models/v2/v2_10b_h2_balanced_logreg_fold2_v1.joblib
2,jpeg_q50,MLLM_TEX_Nano-Banana2-fake_156,1,0.004180147312581539,mllm::Nano_Banana_2,,models/v2/clip_lora_fold2_best_v1.pt,models/v2/v2_10b_h2_balanced_logreg_fold2_v1.joblib
2,jpeg_q50,MLLM_TEX_Nano-Banana2-fake_157,1,0.010976377874612808,mllm::Nano_Banana_2,,models/v2/clip_lora_fold2_best_v1.pt,models/v2/v2_10b_h2_balanced_logreg_fold2_v1.joblib
2,jpeg_q50,MLLM_TEX_Nano-Banana2-fake_158,1,0.014535585418343544,mllm::Nano_Banana_2,,models/v2/clip_lora_fold2_best_v1.pt,models/v2/v2_10b_h2_balanced_logreg_fold2_v1.joblib
2,jpeg_q50,MLLM_TEX_Nano-Banana2-fake_159,1,0.2135847955942154,mllm::Nano_Banana_2,,models/v2/clip_lora_fold2_best_v1.pt,models/v2/v2_10b_h2_balanced_logreg_fold2_v1.joblib
2,jpeg_q50,MLLM_TEX_Nano-Banana2-fake_16,1,0.09646131843328476,mllm::Nano_Banana_2,,models/v2/clip_lora_fold2_best_v1.pt,models/v2/v2_10b_h2_balanced_logreg_fold2_v1.joblib
2,jpeg_q50,MLLM_TEX_Nano-Banana2-fake_160,1,0.18883275985717773,mllm::Nano_Banana_2,,models/v2/clip_lora_fold2_best_v1.pt,models/v2/v2_10b_h2_balanced_logreg_fold2_v1.joblib
2,jpeg_q50,MLLM_TEX_Nano-Banana2-fake_161,1,0.052378181368112564,mllm::Nano_Banana_2,,models/v2/clip_lora_fold2_best_v1.pt,models/v2/v2_10b_h2_balanced_logreg_fold2_v1.joblib
2,jpeg_q50,MLLM_TEX_Nano-Banana2-fake_162,1,0.002820368157699704,mllm::Nano_Banana_2,,models/v2/clip_lora_fold2_best_v1.pt,models/v2/v2_10b_h2_balanced_logreg_fold2_v1.joblib
2,jpeg_q50,MLLM_TEX_Nano-Banana2-fake_163,1,0.013987530022859573,mllm::Nano_Banana_2,,models/v2/clip_lora_fold2_best_v1.pt,models/v2/v2_10b_h2_balanced_logreg_fold2_v1.joblib
2,jpeg_q50,MLLM_TEX_Nano-Banana2-fake_164,1,0.10513383895158768,mllm::Nano_Banana_2,,models/v2/clip_lora_fold2_best_v1.pt,models/v2/v2_10b_h2_balanced_logreg_fold2_v1.joblib
2,jpeg_q50,MLLM_TEX_Nano-Banana2-fake_165,1,0.015589185059070587,mllm::Nano_Banana_2,,models/v2/clip_lora_fold2_best_v1.pt,models/v2/v2_10b_h2_balanced_logreg_fold2_v1.joblib
2,jpeg_q50,MLLM_TEX_Nano-Banana2-fake_166,1,0.015380621887743473,mllm::Nano_Banana_2,,models/v2/clip_lora_fold2_best_v1.pt,models/v2/v2_10b_h2_balanced_logreg_fold2_v1.joblib
2,jpeg_q50,MLLM_TEX_Nano-Banana2-fake_167,1,0.010169566608965397,mllm::Nano_Banana_2,,models/v2/clip_lora_fold2_best_v1.pt,models/v2/v2_10b_h2_balanced_logreg_fold2_v1.joblib
2,jpeg_q50,MLLM_TEX_Nano-Banana2-fake_168,1,0.0005842226673848927,mllm::Nano_Banana_2,,models/v2/clip_lora_fold2_best_v1.pt,models/v2/v2_10b_h2_balanced_logreg_fold2_v1.joblib
2,jpeg_q50,MLLM_TEX_Nano-Banana2-fake_169,1,0.007660131435841322,mllm::Nano_Banana_2,,models/v2/clip_lora_fold2_best_v1.pt,models/v2/v2_10b_h2_balanced_logreg_fold2_v1.joblib
2,jpeg_q50,MLLM_TEX_Nano-Banana2-fake_17,1,0.0412716306746006,mllm::Nano_Banana_2,,models/v2/clip_lora_fold2_best_v1.pt,models/v2/v2_10b_h2_balanced_logreg_fold2_v1.joblib
2,jpeg_q50,MLLM_TEX_Nano-Banana2-fake_170,1,0.0011935498332604766,mllm::Nano_Banana_2,,models/v2/clip_lora_fold2_best_v1.pt,models/v2/v2_10b_h2_balanced_logreg_fold2_v1.joblib
2,jpeg_q50,MLLM_TEX_Nano-Banana2-fake_171,1,0.001780349644832313,mllm::Nano_Banana_2,,models/v2/clip_lora_fold2_best_v1.pt,models/v2/v2_10b_h2_balanced_logreg_fold2_v1.joblib
2,jpeg_q50,MLLM_TEX_Nano-Banana2-fake_172,1,0.015037395991384983,mllm::Nano_Banana_2,,models/v2/clip_lora_fold2_best_v1.pt,models/v2/v2_10b_h2_balanced_logreg_fold2_v1.joblib
2,jpeg_q50,MLLM_TEX_Nano-Banana2-fake_173,1,0.005466489586979151,mllm::Nano_Banana_2,,models/v2/clip_lora_fold2_best_v1.pt,models/v2/v2_10b_h2_balanced_logreg_fold2_v1.joblib
2,jpeg_q50,MLLM_TEX_Nano-Banana2-fake_174,1,0.007290537003427744,mllm::Nano_Banana_2,,models/v2/clip_lora_fold2_best_v1.pt,models/v2/v2_10b_h2_balanced_logreg_fold2_v1.joblib
2,jpeg_q50,MLLM_TEX_Nano-Banana2-fake_175,1,0.027857540175318718,mllm::Nano_Banana_2,,models/v2/clip_lora_fold2_best_v1.pt,models/v2/v2_10b_h2_balanced_logreg_fold2_v1.joblib
2,jpeg_q50,MLLM_TEX_Nano-Banana2-fake_176,1,0.012027748860418797,mllm::Nano_Banana_2,,models/v2/clip_lora_fold2_best_v1.pt,models/v2/v2_10b_h2_balanced_logreg_fold2_v1.joblib
2,jpeg_q50,MLLM_TEX_Nano-Banana2-fake_177,1,0.004509523045271635,mllm::Nano_Banana_2,,models/v2/clip_lora_fold2_best_v1.pt,models/v2/v2_10b_h2_balanced_logreg_fold2_v1.joblib
2,jpeg_q50,MLLM_TEX_Nano-Banana2-fake_178,1,0.017930246889591217,mllm::Nano_Banana_2,,models/v2/clip_lora_fold2_best_v1.pt,models/v2/v2_10b_h2_balanced_logreg_fold2_v1.joblib
2,jpeg_q50,MLLM_TEX_Nano-Banana2-fake_179,1,0.025795478373765945,mllm::Nano_Banana_2,,models/v2/clip_lora_fold2_best_v1.pt,models/v2/v2_10b_h2_balanced_logreg_fold2_v1.joblib
2,jpeg_q50,MLLM_TEX_Nano-Banana2-fake_18,1,0.0037934391293674707,mllm::Nano_Banana_2,,models/v2/clip_lora_fold2_best_v1.pt,models/v2/v2_10b_h2_balanced_logreg_fold2_v1.joblib
2,jpeg_q50,MLLM_TEX_Nano-Banana2-fake_180,1,0.0017143330769613385,mllm::Nano_Banana_2,,models/v2/clip_lora_fold2_best_v1.pt,models/v2/v2_10b_h2_balanced_logreg_fold2_v1.joblib
2,jpeg_q50,MLLM_TEX_Nano-Banana2-fake_181,1,0.2243535816669464,mllm::Nano_Banana_2,,models/v2/clip_lora_fold2_best_v1.pt,models/v2/v2_10b_h2_balanced_logreg_fold2_v1.joblib
2,jpeg_q50,MLLM_TEX_Nano-Banana2-fake_182,1,0.06658592820167542,mllm::Nano_Banana_2,,models/v2/clip_lora_fold2_best_v1.pt,models/v2/v2_10b_h2_balanced_logreg_fold2_v1.joblib
2,jpeg_q50,MLLM_TEX_Nano-Banana2-fake_183,1,0.0010634971549734473,mllm::Nano_Banana_2,,models/v2/clip_lora_fold2_best_v1.pt,models/v2/v2_10b_h2_balanced_logreg_fold2_v1.joblib
2,jpeg_q50,MLLM_TEX_Nano-Banana2-fake_184,1,0.043738074600696564,mllm::Nano_Banana_2,,models/v2/clip_lora_fold2_best_v1.pt,models/v2/v2_10b_h2_balanced_logreg_fold2_v1.joblib
2,jpeg_q50,MLLM_TEX_Nano-Banana2-fake_185,1,0.03407467529177666,mllm::Nano_Banana_2,,models/v2/clip_lora_fold2_best_v1.pt,models/v2/v2_10b_h2_balanced_logreg_fold2_v1.joblib
2,jpeg_q50,MLLM_TEX_Nano-Banana2-fake_186,1,0.027535798028111458,mllm::Nano_Banana_2,,models/v2/clip_lora_fold2_best_v1.pt,models/v2/v2_10b_h2_balanced_logreg_fold2_v1.joblib
2,jpeg_q50,MLLM_TEX_Nano-Banana2-fake_187,1,0.26705309748649597,mllm::Nano_Banana_2,,models/v2/clip_lora_fold2_best_v1.pt,models/v2/v2_10b_h2_balanced_logreg_fold2_v1.joblib
2,jpeg_q50,MLLM_TEX_Nano-Banana2-fake_188,1,0.00820000097155571,mllm::Nano_Banana_2,,models/v2/clip_lora_fold2_best_v1.pt,models/v2/v2_10b_h2_balanced_logreg_fold2_v1.joblib
2,jpeg_q50,MLLM_TEX_Nano-Banana2-fake_189,1,0.014260917901992798,mllm::Nano_Banana_2,,models/v2/clip_lora_fold2_best_v1.pt,models/v2/v2_10b_h2_balanced_logreg_fold2_v1.joblib
2,jpeg_q50,MLLM_TEX_Nano-Banana2-fake_19,1,0.021136505529284477,mllm::Nano_Banana_2,,models/v2/clip_lora_fold2_best_v1.pt,models/v2/v2_10b_h2_balanced_logreg_fold2_v1.joblib
2,jpeg_q50,MLLM_TEX_Nano-Banana2-fake_190,1,0.030948905274271965,mllm::Nano_Banana_2,,models/v2/clip_lora_fold2_best_v1.pt,models/v2/v2_10b_h2_balanced_logreg_fold2_v1.joblib
2,jpeg_q50,MLLM_TEX_Nano-Banana2-fake_191,1,0.03279457986354828,mllm::Nano_Banana_2,,models/v2/clip_lora_fold2_best_v1.pt,models/v2/v2_10b_h2_balanced_logreg_fold2_v1.joblib
2,jpeg_q50,MLLM_TEX_Nano-Banana2-fake_192,1,0.0143319983035326,mllm::Nano_Banana_2,,models/v2/clip_lora_fold2_best_v1.pt,models/v2/v2_10b_h2_balanced_logreg_fold2_v1.joblib
2,jpeg_q50,MLLM_TEX_Nano-Banana2-fake_193,1,0.097962886095047,mllm::Nano_Banana_2,,models/v2/clip_lora_fold2_best_v1.pt,models/v2/v2_10b_h2_balanced_logreg_fold2_v1.joblib
2,jpeg_q50,MLLM_TEX_Nano-Banana2-fake_194,1,0.012797246687114239,mllm::Nano_Banana_2,,models/v2/clip_lora_fold2_best_v1.pt,models/v2/v2_10b_h2_balanced_logreg_fold2_v1.joblib
2,jpeg_q50,MLLM_TEX_Nano-Banana2-fake_195,1,0.005773555487394333,mllm::Nano_Banana_2,,models/v2/clip_lora_fold2_best_v1.pt,models/v2/v2_10b_h2_balanced_logreg_fold2_v1.joblib
2,jpeg_q50,MLLM_TEX_Nano-Banana2-fake_196,1,0.009110365062952042,mllm::Nano_Banana_2,,models/v2/clip_lora_fold2_best_v1.pt,models/v2/v2_10b_h2_balanced_logreg_fold2_v1.joblib
2,jpeg_q50,MLLM_TEX_Nano-Banana2-fake_197,1,0.016482848674058914,mllm::Nano_Banana_2,,models/v2/clip_lora_fold2_best_v1.pt,models/v2/v2_10b_h2_balanced_logreg_fold2_v1.joblib
2,jpeg_q50,MLLM_TEX_Nano-Banana2-fake_198,1,0.0021341058891266584,mllm::Nano_Banana_2,,models/v2/clip_lora_fold2_best_v1.pt,models/v2/v2_10b_h2_balanced_logreg_fold2_v1.joblib
2,jpeg_q50,MLLM_TEX_Nano-Banana2-fake_199,1,0.007568554487079382,mllm::Nano_Banana_2,,models/v2/clip_lora_fold2_best_v1.pt,models/v2/v2_10b_h2_balanced_logreg_fold2_v1.joblib
2,jpeg_q50,MLLM_TEX_Nano-Banana2-fake_2,1,0.07270606607198715,mllm::Nano_Banana_2,,models/v2/clip_lora_fold2_best_v1.pt,models/v2/v2_10b_h2_balanced_logreg_fold2_v1.joblib
2,jpeg_q50,MLLM_TEX_Nano-Banana2-fake_20,1,0.008351831696927547,mllm::Nano_Banana_2,,models/v2/clip_lora_fold2_best_v1.pt,models/v2/v2_10b_h2_balanced_logreg_fold2_v1.joblib
2,jpeg_q50,MLLM_TEX_Nano-Banana2-fake_200,1,0.022528711706399918,mllm::Nano_Banana_2,,models/v2/clip_lora_fold2_best_v1.pt,models/v2/v2_10b_h2_balanced_logreg_fold2_v1.joblib
2,jpeg_q50,MLLM_TEX_Nano-Banana2-fake_201,1,0.2166750133037567,mllm::Nano_Banana_2,,models/v2/clip_lora_fold2_best_v1.pt,models/v2/v2_10b_h2_balanced_logreg_fold2_v1.joblib
2,jpeg_q50,MLLM_TEX_Nano-Banana2-fake_202,1,0.0007086036494001746,mllm::Nano_Banana_2,,models/v2/clip_lora_fold2_best_v1.pt,models/v2/v2_10b_h2_balanced_logreg_fold2_v1.joblib
2,jpeg_q50,MLLM_TEX_Nano-Banana2-fake_203,1,0.002405213424935937,mllm::Nano_Banana_2,,models/v2/clip_lora_fold2_best_v1.pt,models/v2/v2_10b_h2_balanced_logreg_fold2_v1.joblib
2,jpeg_q50,MLLM_TEX_Nano-Banana2-fake_204,1,0.02519921399652958,mllm::Nano_Banana_2,,models/v2/clip_lora_fold2_best_v1.pt,models/v2/v2_10b_h2_balanced_logreg_fold2_v1.joblib
2,jpeg_q50,MLLM_TEX_Nano-Banana2-fake_205,1,0.008183179423213005,mllm::Nano_Banana_2,,models/v2/clip_lora_fold2_best_v1.pt,models/v2/v2_10b_h2_balanced_logreg_fold2_v1.joblib
2,jpeg_q50,MLLM_TEX_Nano-Banana2-fake_206,1,0.0004550173762254417,mllm::Nano_Banana_2,,models/v2/clip_lora_fold2_best_v1.pt,models/v2/v2_10b_h2_balanced_logreg_fold2_v1.joblib
2,jpeg_q50,MLLM_TEX_Nano-Banana2-fake_207,1,0.028253043070435524,mllm::Nano_Banana_2,,models/v2/clip_lora_fold2_best_v1.pt,models/v2/v2_10b_h2_balanced_logreg_fold2_v1.joblib
2,jpeg_q50,MLLM_TEX_Nano-Banana2-fake_208,1,0.14533665776252747,mllm::Nano_Banana_2,,models/v2/clip_lora_fold2_best_v1.pt,models/v2/v2_10b_h2_balanced_logreg_fold2_v1.joblib
2,jpeg_q50,MLLM_TEX_Nano-Banana2-fake_209,1,0.04085640236735344,mllm::Nano_Banana_2,,models/v2/clip_lora_fold2_best_v1.pt,models/v2/v2_10b_h2_balanced_logreg_fold2_v1.joblib
2,jpeg_q50,MLLM_TEX_Nano-Banana2-fake_21,1,0.0009924202458932996,mllm::Nano_Banana_2,,models/v2/clip_lora_fold2_best_v1.pt,models/v2/v2_10b_h2_balanced_logreg_fold2_v1.joblib
2,jpeg_q50,MLLM_TEX_Nano-Banana2-fake_210,1,0.03229890391230583,mllm::Nano_Banana_2,,models/v2/clip_lora_fold2_best_v1.pt,models/v2/v2_10b_h2_balanced_logreg_fold2_v1.joblib
2,jpeg_q50,MLLM_TEX_Nano-Banana2-fake_211,1,0.005505567882210016,mllm::Nano_Banana_2,,models/v2/clip_lora_fold2_best_v1.pt,models/v2/v2_10b_h2_balanced_logreg_fold2_v1.joblib
2,jpeg_q50,MLLM_TEX_Nano-Banana2-fake_212,1,0.0013827303191646934,mllm::Nano_Banana_2,,models/v2/clip_lora_fold2_best_v1.pt,models/v2/v2_10b_h2_balanced_logreg_fold2_v1.joblib
2,jpeg_q50,MLLM_TEX_Nano-Banana2-fake_213,1,0.10082600265741348,mllm::Nano_Banana_2,,models/v2/clip_lora_fold2_best_v1.pt,models/v2/v2_10b_h2_balanced_logreg_fold2_v1.joblib
2,jpeg_q50,MLLM_TEX_Nano-Banana2-fake_214,1,0.00983066763728857,mllm::Nano_Banana_2,,models/v2/clip_lora_fold2_best_v1.pt,models/v2/v2_10b_h2_balanced_logreg_fold2_v1.joblib
2,jpeg_q50,MLLM_TEX_Nano-Banana2-fake_215,1,0.03662283346056938,mllm::Nano_Banana_2,,models/v2/clip_lora_fold2_best_v1.pt,models/v2/v2_10b_h2_balanced_logreg_fold2_v1.joblib
2,jpeg_q50,MLLM_TEX_Nano-Banana2-fake_216,1,0.011891931295394897,mllm::Nano_Banana_2,,models/v2/clip_lora_fold2_best_v1.pt,models/v2/v2_10b_h2_balanced_logreg_fold2_v1.joblib
2,jpeg_q50,MLLM_TEX_Nano-Banana2-fake_22,1,0.02725830301642418,mllm::Nano_Banana_2,,models/v2/clip_lora_fold2_best_v1.pt,models/v2/v2_10b_h2_balanced_logreg_fold2_v1.joblib
2,jpeg_q50,MLLM_TEX_Nano-Banana2-fake_23,1,0.10306189209222794,mllm::Nano_Banana_2,,models/v2/clip_lora_fold2_best_v1.pt,models/v2/v2_10b_h2_balanced_logreg_fold2_v1.joblib
2,jpeg_q50,MLLM_TEX_Nano-Banana2-fake_24,1,0.0198360662907362,mllm::Nano_Banana_2,,models/v2/clip_lora_fold2_best_v1.pt,models/v2/v2_10b_h2_balanced_logreg_fold2_v1.joblib
2,jpeg_q50,MLLM_TEX_Nano-Banana2-fake_25,1,0.0050092292949557304,mllm::Nano_Banana_2,,models/v2/clip_lora_fold2_best_v1.pt,models/v2/v2_10b_h2_balanced_logreg_fold2_v1.joblib
2,jpeg_q50,MLLM_TEX_Nano-Banana2-fake_26,1,0.03935495764017105,mllm::Nano_Banana_2,,models/v2/clip_lora_fold2_best_v1.pt,models/v2/v2_10b_h2_balanced_logreg_fold2_v1.joblib
2,jpeg_q50,MLLM_TEX_Nano-Banana2-fake_27,1,0.01605347916483879,mllm::Nano_Banana_2,,models/v2/clip_lora_fold2_best_v1.pt,models/v2/v2_10b_h2_balanced_logreg_fold2_v1.joblib
2,jpeg_q50,MLLM_TEX_Nano-Banana2-fake_28,1,0.012250416912138462,mllm::Nano_Banana_2,,models/v2/clip_lora_fold2_best_v1.pt,models/v2/v2_10b_h2_balanced_logreg_fold2_v1.joblib
2,jpeg_q50,MLLM_TEX_Nano-Banana2-fake_29,1,0.020191794261336327,mllm::Nano_Banana_2,,models/v2/clip_lora_fold2_best_v1.pt,models/v2/v2_10b_h2_balanced_logreg_fold2_v1.joblib
2,jpeg_q50,MLLM_TEX_Nano-Banana2-fake_3,1,0.06356215476989746,mllm::Nano_Banana_2,,models/v2/clip_lora_fold2_best_v1.pt,models/v2/v2_10b_h2_balanced_logreg_fold2_v1.joblib
2,jpeg_q50,MLLM_TEX_Nano-Banana2-fake_30,1,0.0012481093872338533,mllm::Nano_Banana_2,,models/v2/clip_lora_fold2_best_v1.pt,models/v2/v2_10b_h2_balanced_logreg_fold2_v1.joblib
2,jpeg_q50,MLLM_TEX_Nano-Banana2-fake_31,1,0.013718635775148869,mllm::Nano_Banana_2,,models/v2/clip_lora_fold2_best_v1.pt,models/v2/v2_10b_h2_balanced_logreg_fold2_v1.joblib
2,jpeg_q50,MLLM_TEX_Nano-Banana2-fake_32,1,0.0009758026571944356,mllm::Nano_Banana_2,,models/v2/clip_lora_fold2_best_v1.pt,models/v2/v2_10b_h2_balanced_logreg_fold2_v1.joblib
2,jpeg_q50,MLLM_TEX_Nano-Banana2-fake_33,1,0.0046270620077848434,mllm::Nano_Banana_2,,models/v2/clip_lora_fold2_best_v1.pt,models/v2/v2_10b_h2_balanced_logreg_fold2_v1.joblib
2,jpeg_q50,MLLM_TEX_Nano-Banana2-fake_34,1,0.006580180022865534,mllm::Nano_Banana_2,,models/v2/clip_lora_fold2_best_v1.pt,models/v2/v2_10b_h2_balanced_logreg_fold2_v1.joblib
2,jpeg_q50,MLLM_TEX_Nano-Banana2-fake_35,1,0.0013672008644789457,mllm::Nano_Banana_2,,models/v2/clip_lora_fold2_best_v1.pt,models/v2/v2_10b_h2_balanced_logreg_fold2_v1.joblib
2,jpeg_q50,MLLM_TEX_Nano-Banana2-fake_36,1,0.04215346649289131,mllm::Nano_Banana_2,,models/v2/clip_lora_fold2_best_v1.pt,models/v2/v2_10b_h2_balanced_logreg_fold2_v1.joblib
2,jpeg_q50,MLLM_TEX_Nano-Banana2-fake_37,1,0.009137904271483421,mllm::Nano_Banana_2,,models/v2/clip_lora_fold2_best_v1.pt,models/v2/v2_10b_h2_balanced_logreg_fold2_v1.joblib
2,jpeg_q50,MLLM_TEX_Nano-Banana2-fake_38,1,0.018632225692272186,mllm::Nano_Banana_2,,models/v2/clip_lora_fold2_best_v1.pt,models/v2/v2_10b_h2_balanced_logreg_fold2_v1.joblib
2,jpeg_q50,MLLM_TEX_Nano-Banana2-fake_39,1,0.0009355404181405902,mllm::Nano_Banana_2,,models/v2/clip_lora_fold2_best_v1.pt,models/v2/v2_10b_h2_balanced_logreg_fold2_v1.joblib
2,jpeg_q50,MLLM_TEX_Nano-Banana2-fake_4,1,0.0018791479524224997,mllm::Nano_Banana_2,,models/v2/clip_lora_fold2_best_v1.pt,models/v2/v2_10b_h2_balanced_logreg_fold2_v1.joblib
2,jpeg_q50,MLLM_TEX_Nano-Banana2-fake_40,1,0.010316817089915276,mllm::Nano_Banana_2,,models/v2/clip_lora_fold2_best_v1.pt,models/v2/v2_10b_h2_balanced_logreg_fold2_v1.joblib
2,jpeg_q50,MLLM_TEX_Nano-Banana2-fake_41,1,0.010233580134809017,mllm::Nano_Banana_2,,models/v2/clip_lora_fold2_best_v1.pt,models/v2/v2_10b_h2_balanced_logreg_fold2_v1.joblib
2,jpeg_q50,MLLM_TEX_Nano-Banana2-fake_42,1,0.0451253280043602,mllm::Nano_Banana_2,,models/v2/clip_lora_fold2_best_v1.pt,models/v2/v2_10b_h2_balanced_logreg_fold2_v1.joblib
2,jpeg_q50,MLLM_TEX_Nano-Banana2-fake_43,1,0.008957862854003906,mllm::Nano_Banana_2,,models/v2/clip_lora_fold2_best_v1.pt,models/v2/v2_10b_h2_balanced_logreg_fold2_v1.joblib
2,jpeg_q50,MLLM_TEX_Nano-Banana2-fake_44,1,0.009309564717113972,mllm::Nano_Banana_2,,models/v2/clip_lora_fold2_best_v1.pt,models/v2/v2_10b_h2_balanced_logreg_fold2_v1.joblib
2,jpeg_q50,MLLM_TEX_Nano-Banana2-fake_45,1,0.008498568087816238,mllm::Nano_Banana_2,,models/v2/clip_lora_fold2_best_v1.pt,models/v2/v2_10b_h2_balanced_logreg_fold2_v1.joblib
2,jpeg_q50,MLLM_TEX_Nano-Banana2-fake_46,1,0.0024195874575525522,mllm::Nano_Banana_2,,models/v2/clip_lora_fold2_best_v1.pt,models/v2/v2_10b_h2_balanced_logreg_fold2_v1.joblib
2,jpeg_q50,MLLM_TEX_Nano-Banana2-fake_47,1,0.12436044961214066,mllm::Nano_Banana_2,,models/v2/clip_lora_fold2_best_v1.pt,models/v2/v2_10b_h2_balanced_logreg_fold2_v1.joblib
2,jpeg_q50,MLLM_TEX_Nano-Banana2-fake_48,1,0.0022357755806297064,mllm::Nano_Banana_2,,models/v2/clip_lora_fold2_best_v1.pt,models/v2/v2_10b_h2_balanced_logreg_fold2_v1.joblib
2,jpeg_q50,MLLM_TEX_Nano-Banana2-fake_49,1,0.013370783999562263,mllm::Nano_Banana_2,,models/v2/clip_lora_fold2_best_v1.pt,models/v2/v2_10b_h2_balanced_logreg_fold2_v1.joblib
2,jpeg_q50,MLLM_TEX_Nano-Banana2-fake_5,1,0.2120724767446518,mllm::Nano_Banana_2,,models/v2/clip_lora_fold2_best_v1.pt,models/v2/v2_10b_h2_balanced_logreg_fold2_v1.joblib
2,jpeg_q50,MLLM_TEX_Nano-Banana2-fake_50,1,0.0007742993184365332,mllm::Nano_Banana_2,,models/v2/clip_lora_fold2_best_v1.pt,models/v2/v2_10b_h2_balanced_logreg_fold2_v1.joblib
2,jpeg_q50,MLLM_TEX_Nano-Banana2-fake_51,1,0.007745309732854366,mllm::Nano_Banana_2,,models/v2/clip_lora_fold2_best_v1.pt,models/v2/v2_10b_h2_balanced_logreg_fold2_v1.joblib
2,jpeg_q50,MLLM_TEX_Nano-Banana2-fake_52,1,0.00896920170634985,mllm::Nano_Banana_2,,models/v2/clip_lora_fold2_best_v1.pt,models/v2/v2_10b_h2_balanced_logreg_fold2_v1.joblib
2,jpeg_q50,MLLM_TEX_Nano-Banana2-fake_53,1,0.014851323328912258,mllm::Nano_Banana_2,,models/v2/clip_lora_fold2_best_v1.pt,models/v2/v2_10b_h2_balanced_logreg_fold2_v1.joblib
2,jpeg_q50,MLLM_TEX_Nano-Banana2-fake_54,1,0.13511544466018677,mllm::Nano_Banana_2,,models/v2/clip_lora_fold2_best_v1.pt,models/v2/v2_10b_h2_balanced_logreg_fold2_v1.joblib
2,jpeg_q50,MLLM_TEX_Nano-Banana2-fake_55,1,0.10305891185998917,mllm::Nano_Banana_2,,models/v2/clip_lora_fold2_best_v1.pt,models/v2/v2_10b_h2_balanced_logreg_fold2_v1.joblib
2,jpeg_q50,MLLM_TEX_Nano-Banana2-fake_56,1,0.04076727107167244,mllm::Nano_Banana_2,,models/v2/clip_lora_fold2_best_v1.pt,models/v2/v2_10b_h2_balanced_logreg_fold2_v1.joblib
2,jpeg_q50,MLLM_TEX_Nano-Banana2-fake_57,1,0.003662540577352047,mllm::Nano_Banana_2,,models/v2/clip_lora_fold2_best_v1.pt,models/v2/v2_10b_h2_balanced_logreg_fold2_v1.joblib
2,jpeg_q50,MLLM_TEX_Nano-Banana2-fake_58,1,0.07694542407989502,mllm::Nano_Banana_2,,models/v2/clip_lora_fold2_best_v1.pt,models/v2/v2_10b_h2_balanced_logreg_fold2_v1.joblib
2,jpeg_q50,MLLM_TEX_Nano-Banana2-fake_59,1,0.015297573991119862,mllm::Nano_Banana_2,,models/v2/clip_lora_fold2_best_v1.pt,models/v2/v2_10b_h2_balanced_logreg_fold2_v1.joblib
2,jpeg_q50,MLLM_TEX_Nano-Banana2-fake_6,1,0.0043825386092066765,mllm::Nano_Banana_2,,models/v2/clip_lora_fold2_best_v1.pt,models/v2/v2_10b_h2_balanced_logreg_fold2_v1.joblib
2,jpeg_q50,MLLM_TEX_Nano-Banana2-fake_60,1,0.06449317187070847,mllm::Nano_Banana_2,,models/v2/clip_lora_fold2_best_v1.pt,models/v2/v2_10b_h2_balanced_logreg_fold2_v1.joblib
2,jpeg_q50,MLLM_TEX_Nano-Banana2-fake_61,1,0.00973135232925415,mllm::Nano_Banana_2,,models/v2/clip_lora_fold2_best_v1.pt,models/v2/v2_10b_h2_balanced_logreg_fold2_v1.joblib
2,jpeg_q50,MLLM_TEX_Nano-Banana2-fake_62,1,0.0374799408018589,mllm::Nano_Banana_2,,models/v2/clip_lora_fold2_best_v1.pt,models/v2/v2_10b_h2_balanced_logreg_fold2_v1.joblib
2,jpeg_q50,MLLM_TEX_Nano-Banana2-fake_63,1,0.03530438244342804,mllm::Nano_Banana_2,,models/v2/clip_lora_fold2_best_v1.pt,models/v2/v2_10b_h2_balanced_logreg_fold2_v1.joblib
2,jpeg_q50,MLLM_TEX_Nano-Banana2-fake_64,1,0.0003919390437658876,mllm::Nano_Banana_2,,models/v2/clip_lora_fold2_best_v1.pt,models/v2/v2_10b_h2_balanced_logreg_fold2_v1.joblib
2,jpeg_q50,MLLM_TEX_Nano-Banana2-fake_65,1,0.10502151399850845,mllm::Nano_Banana_2,,models/v2/clip_lora_fold2_best_v1.pt,models/v2/v2_10b_h2_balanced_logreg_fold2_v1.joblib
2,jpeg_q50,MLLM_TEX_Nano-Banana2-fake_66,1,0.02845926769077778,mllm::Nano_Banana_2,,models/v2/clip_lora_fold2_best_v1.pt,models/v2/v2_10b_h2_balanced_logreg_fold2_v1.joblib
2,jpeg_q50,MLLM_TEX_Nano-Banana2-fake_67,1,0.13536399602890015,mllm::Nano_Banana_2,,models/v2/clip_lora_fold2_best_v1.pt,models/v2/v2_10b_h2_balanced_logreg_fold2_v1.joblib
2,jpeg_q50,MLLM_TEX_Nano-Banana2-fake_68,1,0.005950352642685175,mllm::Nano_Banana_2,,models/v2/clip_lora_fold2_best_v1.pt,models/v2/v2_10b_h2_balanced_logreg_fold2_v1.joblib
2,jpeg_q50,MLLM_TEX_Nano-Banana2-fake_69,1,0.035476312041282654,mllm::Nano_Banana_2,,models/v2/clip_lora_fold2_best_v1.pt,models/v2/v2_10b_h2_balanced_logreg_fold2_v1.joblib
2,jpeg_q50,MLLM_TEX_Nano-Banana2-fake_7,1,0.002698589116334915,mllm::Nano_Banana_2,,models/v2/clip_lora_fold2_best_v1.pt,models/v2/v2_10b_h2_balanced_logreg_fold2_v1.joblib
2,jpeg_q50,MLLM_TEX_Nano-Banana2-fake_70,1,0.007735823281109333,mllm::Nano_Banana_2,,models/v2/clip_lora_fold2_best_v1.pt,models/v2/v2_10b_h2_balanced_logreg_fold2_v1.joblib
2,jpeg_q50,MLLM_TEX_Nano-Banana2-fake_71,1,0.018518047407269478,mllm::Nano_Banana_2,,models/v2/clip_lora_fold2_best_v1.pt,models/v2/v2_10b_h2_balanced_logreg_fold2_v1.joblib
2,jpeg_q50,MLLM_TEX_Nano-Banana2-fake_72,1,0.004448308143764734,mllm::Nano_Banana_2,,models/v2/clip_lora_fold2_best_v1.pt,models/v2/v2_10b_h2_balanced_logreg_fold2_v1.joblib
2,jpeg_q50,MLLM_TEX_Nano-Banana2-fake_73,1,0.09757816046476364,mllm::Nano_Banana_2,,models/v2/clip_lora_fold2_best_v1.pt,models/v2/v2_10b_h2_balanced_logreg_fold2_v1.joblib
2,jpeg_q50,MLLM_TEX_Nano-Banana2-fake_74,1,0.008181720040738583,mllm::Nano_Banana_2,,models/v2/clip_lora_fold2_best_v1.pt,models/v2/v2_10b_h2_balanced_logreg_fold2_v1.joblib
2,jpeg_q50,MLLM_TEX_Nano-Banana2-fake_75,1,0.029100727289915085,mllm::Nano_Banana_2,,models/v2/clip_lora_fold2_best_v1.pt,models/v2/v2_10b_h2_balanced_logreg_fold2_v1.joblib
2,jpeg_q50,MLLM_TEX_Nano-Banana2-fake_76,1,0.02692965418100357,mllm::Nano_Banana_2,,models/v2/clip_lora_fold2_best_v1.pt,models/v2/v2_10b_h2_balanced_logreg_fold2_v1.joblib
2,jpeg_q50,MLLM_TEX_Nano-Banana2-fake_77,1,0.015502315945923328,mllm::Nano_Banana_2,,models/v2/clip_lora_fold2_best_v1.pt,models/v2/v2_10b_h2_balanced_logreg_fold2_v1.joblib
2,jpeg_q50,MLLM_TEX_Nano-Banana2-fake_78,1,0.0357617549598217,mllm::Nano_Banana_2,,models/v2/clip_lora_fold2_best_v1.pt,models/v2/v2_10b_h2_balanced_logreg_fold2_v1.joblib
2,jpeg_q50,MLLM_TEX_Nano-Banana2-fake_79,1,0.0722159668803215,mllm::Nano_Banana_2,,models/v2/clip_lora_fold2_best_v1.pt,models/v2/v2_10b_h2_balanced_logreg_fold2_v1.joblib
2,jpeg_q50,MLLM_TEX_Nano-Banana2-fake_8,1,0.02773824706673622,mllm::Nano_Banana_2,,models/v2/clip_lora_fold2_best_v1.pt,models/v2/v2_10b_h2_balanced_logreg_fold2_v1.joblib
2,jpeg_q50,MLLM_TEX_Nano-Banana2-fake_80,1,0.022393696010112762,mllm::Nano_Banana_2,,models/v2/clip_lora_fold2_best_v1.pt,models/v2/v2_10b_h2_balanced_logreg_fold2_v1.joblib
2,jpeg_q50,MLLM_TEX_Nano-Banana2-fake_81,1,0.025909127667546272,mllm::Nano_Banana_2,,models/v2/clip_lora_fold2_best_v1.pt,models/v2/v2_10b_h2_balanced_logreg_fold2_v1.joblib
2,jpeg_q50,MLLM_TEX_Nano-Banana2-fake_82,1,0.0092848502099514,mllm::Nano_Banana_2,,models/v2/clip_lora_fold2_best_v1.pt,models/v2/v2_10b_h2_balanced_logreg_fold2_v1.joblib
2,jpeg_q50,MLLM_TEX_Nano-Banana2-fake_83,1,0.028269175440073013,mllm::Nano_Banana_2,,models/v2/clip_lora_fold2_best_v1.pt,models/v2/v2_10b_h2_balanced_logreg_fold2_v1.joblib
2,jpeg_q50,MLLM_TEX_Nano-Banana2-fake_84,1,0.01436386164277792,mllm::Nano_Banana_2,,models/v2/clip_lora_fold2_best_v1.pt,models/v2/v2_10b_h2_balanced_logreg_fold2_v1.joblib
2,jpeg_q50,MLLM_TEX_Nano-Banana2-fake_85,1,0.01559542864561081,mllm::Nano_Banana_2,,models/v2/clip_lora_fold2_best_v1.pt,models/v2/v2_10b_h2_balanced_logreg_fold2_v1.joblib
2,jpeg_q50,MLLM_TEX_Nano-Banana2-fake_86,1,0.025361184030771255,mllm::Nano_Banana_2,,models/v2/clip_lora_fold2_best_v1.pt,models/v2/v2_10b_h2_balanced_logreg_fold2_v1.joblib
2,jpeg_q50,MLLM_TEX_Nano-Banana2-fake_87,1,0.0027652557473629713,mllm::Nano_Banana_2,,models/v2/clip_lora_fold2_best_v1.pt,models/v2/v2_10b_h2_balanced_logreg_fold2_v1.joblib
2,jpeg_q50,MLLM_TEX_Nano-Banana2-fake_88,1,0.009311944246292114,mllm::Nano_Banana_2,,models/v2/clip_lora_fold2_best_v1.pt,models/v2/v2_10b_h2_balanced_logreg_fold2_v1.joblib
2,jpeg_q50,MLLM_TEX_Nano-Banana2-fake_89,1,0.028422165662050247,mllm::Nano_Banana_2,,models/v2/clip_lora_fold2_best_v1.pt,models/v2/v2_10b_h2_balanced_logreg_fold2_v1.joblib
2,jpeg_q50,MLLM_TEX_Nano-Banana2-fake_9,1,0.11183106154203415,mllm::Nano_Banana_2,,models/v2/clip_lora_fold2_best_v1.pt,models/v2/v2_10b_h2_balanced_logreg_fold2_v1.joblib
2,jpeg_q50,MLLM_TEX_Nano-Banana2-fake_90,1,0.017965730279684067,mllm::Nano_Banana_2,,models/v2/clip_lora_fold2_best_v1.pt,models/v2/v2_10b_h2_balanced_logreg_fold2_v1.joblib
2,jpeg_q50,MLLM_TEX_Nano-Banana2-fake_91,1,0.007907388731837273,mllm::Nano_Banana_2,,models/v2/clip_lora_fold2_best_v1.pt,models/v2/v2_10b_h2_balanced_logreg_fold2_v1.joblib
2,jpeg_q50,MLLM_TEX_Nano-Banana2-fake_92,1,0.0650455504655838,mllm::Nano_Banana_2,,models/v2/clip_lora_fold2_best_v1.pt,models/v2/v2_10b_h2_balanced_logreg_fold2_v1.joblib
2,jpeg_q50,MLLM_TEX_Nano-Banana2-fake_93,1,0.0077798147685825825,mllm::Nano_Banana_2,,models/v2/clip_lora_fold2_best_v1.pt,models/v2/v2_10b_h2_balanced_logreg_fold2_v1.joblib
2,jpeg_q50,MLLM_TEX_Nano-Banana2-fake_94,1,0.00478794751688838,mllm::Nano_Banana_2,,models/v2/clip_lora_fold2_best_v1.pt,models/v2/v2_10b_h2_balanced_logreg_fold2_v1.joblib
2,jpeg_q50,MLLM_TEX_Nano-Banana2-fake_95,1,0.0049618566408753395,mllm::Nano_Banana_2,,models/v2/clip_lora_fold2_best_v1.pt,models/v2/v2_10b_h2_balanced_logreg_fold2_v1.joblib
2,jpeg_q50,MLLM_TEX_Nano-Banana2-fake_96,1,0.030560864135622978,mllm::Nano_Banana_2,,models/v2/clip_lora_fold2_best_v1.pt,models/v2/v2_10b_h2_balanced_logreg_fold2_v1.joblib
2,jpeg_q50,MLLM_TEX_Nano-Banana2-fake_97,1,0.006143257487565279,mllm::Nano_Banana_2,,models/v2/clip_lora_fold2_best_v1.pt,models/v2/v2_10b_h2_balanced_logreg_fold2_v1.joblib
2,jpeg_q50,MLLM_TEX_Nano-Banana2-fake_98,1,0.11171666532754898,mllm::Nano_Banana_2,,models/v2/clip_lora_fold2_best_v1.pt,models/v2/v2_10b_h2_balanced_logreg_fold2_v1.joblib
2,jpeg_q50,MLLM_TEX_Nano-Banana2-fake_99,1,0.026415742933750153,mllm::Nano_Banana_2,,models/v2/clip_lora_fold2_best_v1.pt,models/v2/v2_10b_h2_balanced_logreg_fold2_v1.joblib
2,jpeg_q50,MLLM_TEX_real_105,0,0.008866594173014164,real::MLLM,MLLM,models/v2/clip_lora_fold2_best_v1.pt,models/v2/v2_10b_h2_balanced_logreg_fold2_v1.joblib
2,jpeg_q50,MLLM_TEX_real_119,0,0.001370288897305727,real::MLLM,MLLM,models/v2/clip_lora_fold2_best_v1.pt,models/v2/v2_10b_h2_balanced_logreg_fold2_v1.joblib
2,jpeg_q50,MLLM_TEX_real_126,0,0.0025573617313057184,real::MLLM,MLLM,models/v2/clip_lora_fold2_best_v1.pt,models/v2/v2_10b_h2_balanced_logreg_fold2_v1.joblib
2,jpeg_q50,MLLM_TEX_real_128,0,0.013786434195935726,real::MLLM,MLLM,models/v2/clip_lora_fold2_best_v1.pt,models/v2/v2_10b_h2_balanced_logreg_fold2_v1.joblib
2,jpeg_q50,MLLM_TEX_real_129,0,0.0032623533625155687,real::MLLM,MLLM,models/v2/clip_lora_fold2_best_v1.pt,models/v2/v2_10b_h2_balanced_logreg_fold2_v1.joblib
2,jpeg_q50,MLLM_TEX_real_13,0,0.00200475612655282,real::MLLM,MLLM,models/v2/clip_lora_fold2_best_v1.pt,models/v2/v2_10b_h2_balanced_logreg_fold2_v1.joblib
2,jpeg_q50,MLLM_TEX_real_130,0,0.002863179426640272,real::MLLM,MLLM,models/v2/clip_lora_fold2_best_v1.pt,models/v2/v2_10b_h2_balanced_logreg_fold2_v1.joblib
2,jpeg_q50,MLLM_TEX_real_14,0,0.0033491356298327446,real::MLLM,MLLM,models/v2/clip_lora_fold2_best_v1.pt,models/v2/v2_10b_h2_balanced_logreg_fold2_v1.joblib
2,jpeg_q50,MLLM_TEX_real_150,0,0.00732048787176609,real::MLLM,MLLM,models/v2/clip_lora_fold2_best_v1.pt,models/v2/v2_10b_h2_balanced_logreg_fold2_v1.joblib
2,jpeg_q50,MLLM_TEX_real_166,0,0.0004931624280288815,real::MLLM,MLLM,models/v2/clip_lora_fold2_best_v1.pt,models/v2/v2_10b_h2_balanced_logreg_fold2_v1.joblib
2,jpeg_q50,MLLM_TEX_real_17,0,0.004802326671779156,real::MLLM,MLLM,models/v2/clip_lora_fold2_best_v1.pt,models/v2/v2_10b_h2_balanced_logreg_fold2_v1.joblib
2,jpeg_q50,MLLM_TEX_real_19,0,0.00490962527692318,real::MLLM,MLLM,models/v2/clip_lora_fold2_best_v1.pt,models/v2/v2_10b_h2_balanced_logreg_fold2_v1.joblib
2,jpeg_q50,MLLM_TEX_real_2,0,0.0031482367776334286,real::MLLM,MLLM,models/v2/clip_lora_fold2_best_v1.pt,models/v2/v2_10b_h2_balanced_logreg_fold2_v1.joblib
2,jpeg_q50,MLLM_TEX_real_202,0,0.004595274571329355,real::MLLM,MLLM,models/v2/clip_lora_fold2_best_v1.pt,models/v2/v2_10b_h2_balanced_logreg_fold2_v1.joblib
2,jpeg_q50,MLLM_TEX_real_24,0,0.0206775963306427,real::MLLM,MLLM,models/v2/clip_lora_fold2_best_v1.pt,models/v2/v2_10b_h2_balanced_logreg_fold2_v1.joblib
2,jpeg_q50,MLLM_TEX_real_43,0,0.005412346683442593,real::MLLM,MLLM,models/v2/clip_lora_fold2_best_v1.pt,models/v2/v2_10b_h2_balanced_logreg_fold2_v1.joblib
2,jpeg_q50,MLLM_TEX_real_59,0,0.001065471675246954,real::MLLM,MLLM,models/v2/clip_lora_fold2_best_v1.pt,models/v2/v2_10b_h2_balanced_logreg_fold2_v1.joblib
2,jpeg_q50,MLLM_TEX_real_64,0,0.004923935513943434,real::MLLM,MLLM,models/v2/clip_lora_fold2_best_v1.pt,models/v2/v2_10b_h2_balanced_logreg_fold2_v1.joblib
2,jpeg_q50,MLLM_TEX_real_70,0,0.013690044172108173,real::MLLM,MLLM,models/v2/clip_lora_fold2_best_v1.pt,models/v2/v2_10b_h2_balanced_logreg_fold2_v1.joblib
2,jpeg_q50,MLLM_TEX_real_81,0,0.03320102393627167,real::MLLM,MLLM,models/v2/clip_lora_fold2_best_v1.pt,models/v2/v2_10b_h2_balanced_logreg_fold2_v1.joblib
2,jpeg_q50,MLLM_TEX_real_82,0,0.022186782211065292,real::MLLM,MLLM,models/v2/clip_lora_fold2_best_v1.pt,models/v2/v2_10b_h2_balanced_logreg_fold2_v1.joblib
2,jpeg_q50,MLLM_TEX_real_83,0,0.025321001186966896,real::MLLM,MLLM,models/v2/clip_lora_fold2_best_v1.pt,models/v2/v2_10b_h2_balanced_logreg_fold2_v1.joblib
2,jpeg_q50,MLLM_TEX_real_88,0,0.0025621317327022552,real::MLLM,MLLM,models/v2/clip_lora_fold2_best_v1.pt,models/v2/v2_10b_h2_balanced_logreg_fold2_v1.joblib
2,jpeg_q50,MLLM_TEX_real_94,0,0.0038717424031347036,real::MLLM,MLLM,models/v2/clip_lora_fold2_best_v1.pt,models/v2/v2_10b_h2_balanced_logreg_fold2_v1.joblib
2,jpeg_q50,MLLM_TEX_real_97,0,0.0068675135262310505,real::MLLM,MLLM,models/v2/clip_lora_fold2_best_v1.pt,models/v2/v2_10b_h2_balanced_logreg_fold2_v1.joblib
2,jpeg_q50,EXT_REAL_0003,0,0.02411656454205513,real::COCO,COCO,models/v2/clip_lora_fold2_best_v1.pt,models/v2/v2_10b_h2_balanced_logreg_fold2_v1.joblib
2,jpeg_q50,EXT_REAL_0013,0,0.004880317486822605,real::COCO,COCO,models/v2/clip_lora_fold2_best_v1.pt,models/v2/v2_10b_h2_balanced_logreg_fold2_v1.joblib
2,jpeg_q50,EXT_REAL_0018,0,0.004851697478443384,real::COCO,COCO,models/v2/clip_lora_fold2_best_v1.pt,models/v2/v2_10b_h2_balanced_logreg_fold2_v1.joblib
2,jpeg_q50,EXT_REAL_0022,0,0.01748342625796795,real::COCO,COCO,models/v2/clip_lora_fold2_best_v1.pt,models/v2/v2_10b_h2_balanced_logreg_fold2_v1.joblib
2,jpeg_q50,EXT_REAL_0025,0,0.002305400324985385,real::COCO,COCO,models/v2/clip_lora_fold2_best_v1.pt,models/v2/v2_10b_h2_balanced_logreg_fold2_v1.joblib
2,jpeg_q50,EXT_REAL_0060,0,0.010364806279540062,real::COCO,COCO,models/v2/clip_lora_fold2_best_v1.pt,models/v2/v2_10b_h2_balanced_logreg_fold2_v1.joblib
2,jpeg_q50,EXT_REAL_0063,0,0.003484525019302964,real::COCO,COCO,models/v2/clip_lora_fold2_best_v1.pt,models/v2/v2_10b_h2_balanced_logreg_fold2_v1.joblib
2,jpeg_q50,EXT_REAL_0065,0,0.0017611737130209804,real::COCO,COCO,models/v2/clip_lora_fold2_best_v1.pt,models/v2/v2_10b_h2_balanced_logreg_fold2_v1.joblib
2,jpeg_q50,EXT_REAL_0075,0,0.004007092677056789,real::COCO,COCO,models/v2/clip_lora_fold2_best_v1.pt,models/v2/v2_10b_h2_balanced_logreg_fold2_v1.joblib
2,jpeg_q50,EXT_REAL_0079,0,0.0019343282328918576,real::COCO,COCO,models/v2/clip_lora_fold2_best_v1.pt,models/v2/v2_10b_h2_balanced_logreg_fold2_v1.joblib
2,jpeg_q50,EXT_REAL_0080,0,0.000553308695089072,real::COCO,COCO,models/v2/clip_lora_fold2_best_v1.pt,models/v2/v2_10b_h2_balanced_logreg_fold2_v1.joblib
2,jpeg_q50,EXT_REAL_0083,0,0.00020505987049546093,real::COCO,COCO,models/v2/clip_lora_fold2_best_v1.pt,models/v2/v2_10b_h2_balanced_logreg_fold2_v1.joblib
2,jpeg_q50,EXT_REAL_0084,0,0.004933572839945555,real::COCO,COCO,models/v2/clip_lora_fold2_best_v1.pt,models/v2/v2_10b_h2_balanced_logreg_fold2_v1.joblib
2,jpeg_q50,EXT_REAL_0086,0,0.001835934235714376,real::COCO,COCO,models/v2/clip_lora_fold2_best_v1.pt,models/v2/v2_10b_h2_balanced_logreg_fold2_v1.joblib
2,jpeg_q50,EXT_REAL_0090,0,0.001179640763439238,real::COCO,COCO,models/v2/clip_lora_fold2_best_v1.pt,models/v2/v2_10b_h2_balanced_logreg_fold2_v1.joblib
2,jpeg_q50,EXT_REAL_0094,0,0.0004268292977940291,real::COCO,COCO,models/v2/clip_lora_fold2_best_v1.pt,models/v2/v2_10b_h2_balanced_logreg_fold2_v1.joblib
2,jpeg_q50,EXT_REAL_0095,0,0.03213794529438019,real::COCO,COCO,models/v2/clip_lora_fold2_best_v1.pt,models/v2/v2_10b_h2_balanced_logreg_fold2_v1.joblib
2,jpeg_q50,EXT_REAL_0106,0,0.007220157887786627,real::COCO,COCO,models/v2/clip_lora_fold2_best_v1.pt,models/v2/v2_10b_h2_balanced_logreg_fold2_v1.joblib
2,jpeg_q50,EXT_REAL_0117,0,0.0002581001608632505,real::COCO,COCO,models/v2/clip_lora_fold2_best_v1.pt,models/v2/v2_10b_h2_balanced_logreg_fold2_v1.joblib
2,jpeg_q50,EXT_REAL_0122,0,0.0005270135588943958,real::COCO,COCO,models/v2/clip_lora_fold2_best_v1.pt,models/v2/v2_10b_h2_balanced_logreg_fold2_v1.joblib
2,jpeg_q50,EXT_REAL_0134,0,0.004917778540402651,real::COCO,COCO,models/v2/clip_lora_fold2_best_v1.pt,models/v2/v2_10b_h2_balanced_logreg_fold2_v1.joblib
2,jpeg_q50,EXT_REAL_0146,0,0.00043139292392879725,real::COCO,COCO,models/v2/clip_lora_fold2_best_v1.pt,models/v2/v2_10b_h2_balanced_logreg_fold2_v1.joblib
2,jpeg_q50,EXT_REAL_0147,0,0.009533803910017014,real::COCO,COCO,models/v2/clip_lora_fold2_best_v1.pt,models/v2/v2_10b_h2_balanced_logreg_fold2_v1.joblib
2,jpeg_q50,EXT_REAL_0149,0,0.00031012020190246403,real::COCO,COCO,models/v2/clip_lora_fold2_best_v1.pt,models/v2/v2_10b_h2_balanced_logreg_fold2_v1.joblib
2,jpeg_q50,EXT_REAL_0152,0,0.0010552166495472193,real::COCO,COCO,models/v2/clip_lora_fold2_best_v1.pt,models/v2/v2_10b_h2_balanced_logreg_fold2_v1.joblib
2,jpeg_q50,EXT_REAL_0155,0,0.0008051191107369959,real::COCO,COCO,models/v2/clip_lora_fold2_best_v1.pt,models/v2/v2_10b_h2_balanced_logreg_fold2_v1.joblib
2,jpeg_q50,EXT_REAL_0163,0,0.0045389337465167046,real::COCO,COCO,models/v2/clip_lora_fold2_best_v1.pt,models/v2/v2_10b_h2_balanced_logreg_fold2_v1.joblib
2,jpeg_q50,EXT_REAL_0164,0,0.0014258383307605982,real::COCO,COCO,models/v2/clip_lora_fold2_best_v1.pt,models/v2/v2_10b_h2_balanced_logreg_fold2_v1.joblib
2,jpeg_q50,EXT_REAL_0170,0,0.006114687770605087,real::COCO,COCO,models/v2/clip_lora_fold2_best_v1.pt,models/v2/v2_10b_h2_balanced_logreg_fold2_v1.joblib
2,jpeg_q50,EXT_REAL_0174,0,0.0006558081950061023,real::COCO,COCO,models/v2/clip_lora_fold2_best_v1.pt,models/v2/v2_10b_h2_balanced_logreg_fold2_v1.joblib
2,jpeg_q50,EXT_REAL_0177,0,0.0004959936486557126,real::COCO,COCO,models/v2/clip_lora_fold2_best_v1.pt,models/v2/v2_10b_h2_balanced_logreg_fold2_v1.joblib
2,jpeg_q50,EXT_REAL_0181,0,0.0010651539778336883,real::COCO,COCO,models/v2/clip_lora_fold2_best_v1.pt,models/v2/v2_10b_h2_balanced_logreg_fold2_v1.joblib
2,jpeg_q50,EXT_REAL_0190,0,0.0012926377821713686,real::COCO,COCO,models/v2/clip_lora_fold2_best_v1.pt,models/v2/v2_10b_h2_balanced_logreg_fold2_v1.joblib
2,jpeg_q50,EXT_REAL_0191,0,0.00253916229121387,real::COCO,COCO,models/v2/clip_lora_fold2_best_v1.pt,models/v2/v2_10b_h2_balanced_logreg_fold2_v1.joblib
2,jpeg_q50,EXT_REAL_0208,0,0.008255126886069775,real::COCO,COCO,models/v2/clip_lora_fold2_best_v1.pt,models/v2/v2_10b_h2_balanced_logreg_fold2_v1.joblib
2,jpeg_q50,EXT_REAL_0226,0,0.0060484823770821095,real::COCO,COCO,models/v2/clip_lora_fold2_best_v1.pt,models/v2/v2_10b_h2_balanced_logreg_fold2_v1.joblib
2,jpeg_q50,EXT_REAL_0227,0,0.006442010868340731,real::COCO,COCO,models/v2/clip_lora_fold2_best_v1.pt,models/v2/v2_10b_h2_balanced_logreg_fold2_v1.joblib
2,jpeg_q50,EXT_REAL_0230,0,0.001004348392598331,real::COCO,COCO,models/v2/clip_lora_fold2_best_v1.pt,models/v2/v2_10b_h2_balanced_logreg_fold2_v1.joblib
2,jpeg_q50,EXT_REAL_0234,0,0.003002443816512823,real::COCO,COCO,models/v2/clip_lora_fold2_best_v1.pt,models/v2/v2_10b_h2_balanced_logreg_fold2_v1.joblib
2,jpeg_q50,EXT_REAL_0248,0,7.79472611611709e-05,real::COCO,COCO,models/v2/clip_lora_fold2_best_v1.pt,models/v2/v2_10b_h2_balanced_logreg_fold2_v1.joblib
2,jpeg_q50,EXT_REAL_0256,0,0.0007702568545937538,real::COCO,COCO,models/v2/clip_lora_fold2_best_v1.pt,models/v2/v2_10b_h2_balanced_logreg_fold2_v1.joblib
2,jpeg_q50,EXT_REAL_0260,0,0.0017788968980312347,real::COCO,COCO,models/v2/clip_lora_fold2_best_v1.pt,models/v2/v2_10b_h2_balanced_logreg_fold2_v1.joblib
2,jpeg_q50,EXT_REAL_0274,0,0.0006636394537054002,real::COCO,COCO,models/v2/clip_lora_fold2_best_v1.pt,models/v2/v2_10b_h2_balanced_logreg_fold2_v1.joblib
2,jpeg_q50,EXT_REAL_0275,0,0.00022846048523206264,real::COCO,COCO,models/v2/clip_lora_fold2_best_v1.pt,models/v2/v2_10b_h2_balanced_logreg_fold2_v1.joblib
2,jpeg_q50,EXT_REAL_0277,0,0.0014134072698652744,real::COCO,COCO,models/v2/clip_lora_fold2_best_v1.pt,models/v2/v2_10b_h2_balanced_logreg_fold2_v1.joblib
2,jpeg_q50,EXT_REAL_0280,0,0.0005382361705414951,real::COCO,COCO,models/v2/clip_lora_fold2_best_v1.pt,models/v2/v2_10b_h2_balanced_logreg_fold2_v1.joblib
2,jpeg_q50,EXT_REAL_0288,0,0.00017157464753836393,real::COCO,COCO,models/v2/clip_lora_fold2_best_v1.pt,models/v2/v2_10b_h2_balanced_logreg_fold2_v1.joblib
2,jpeg_q50,EXT_REAL_0295,0,0.002259340835735202,real::COCO,COCO,models/v2/clip_lora_fold2_best_v1.pt,models/v2/v2_10b_h2_balanced_logreg_fold2_v1.joblib
2,jpeg_q50,EXT_REAL_0306,0,0.009697823785245419,real::COCO,COCO,models/v2/clip_lora_fold2_best_v1.pt,models/v2/v2_10b_h2_balanced_logreg_fold2_v1.joblib
2,jpeg_q50,EXT_REAL_0317,0,0.001107587362639606,real::COCO,COCO,models/v2/clip_lora_fold2_best_v1.pt,models/v2/v2_10b_h2_balanced_logreg_fold2_v1.joblib
2,jpeg_q50,EXT_REAL_0318,0,0.0018318056827411056,real::COCO,COCO,models/v2/clip_lora_fold2_best_v1.pt,models/v2/v2_10b_h2_balanced_logreg_fold2_v1.joblib
2,jpeg_q50,EXT_REAL_0328,0,0.0001280025753658265,real::COCO,COCO,models/v2/clip_lora_fold2_best_v1.pt,models/v2/v2_10b_h2_balanced_logreg_fold2_v1.joblib
2,jpeg_q50,EXT_REAL_0334,0,0.008178587071597576,real::COCO,COCO,models/v2/clip_lora_fold2_best_v1.pt,models/v2/v2_10b_h2_balanced_logreg_fold2_v1.joblib
2,jpeg_q50,EXT_REAL_0337,0,0.0005433313781395555,real::COCO,COCO,models/v2/clip_lora_fold2_best_v1.pt,models/v2/v2_10b_h2_balanced_logreg_fold2_v1.joblib
2,jpeg_q50,EXT_REAL_0340,0,0.00594421848654747,real::COCO,COCO,models/v2/clip_lora_fold2_best_v1.pt,models/v2/v2_10b_h2_balanced_logreg_fold2_v1.joblib
2,jpeg_q50,EXT_REAL_0346,0,0.037482213228940964,real::COCO,COCO,models/v2/clip_lora_fold2_best_v1.pt,models/v2/v2_10b_h2_balanced_logreg_fold2_v1.joblib
2,jpeg_q50,EXT_REAL_0372,0,0.009625407867133617,real::COCO,COCO,models/v2/clip_lora_fold2_best_v1.pt,models/v2/v2_10b_h2_balanced_logreg_fold2_v1.joblib
2,jpeg_q50,EXT_REAL_0384,0,0.0015382562996819615,real::COCO,COCO,models/v2/clip_lora_fold2_best_v1.pt,models/v2/v2_10b_h2_balanced_logreg_fold2_v1.joblib
2,jpeg_q50,EXT_REAL_0386,0,0.0018838142277672887,real::COCO,COCO,models/v2/clip_lora_fold2_best_v1.pt,models/v2/v2_10b_h2_balanced_logreg_fold2_v1.joblib
2,jpeg_q50,EXT_REAL_0391,0,0.001020750729367137,real::COCO,COCO,models/v2/clip_lora_fold2_best_v1.pt,models/v2/v2_10b_h2_balanced_logreg_fold2_v1.joblib
2,jpeg_q50,QWEN_0042_nano_banana_20,1,0.0576845221221447,qwen::nano-banana-2.0,,models/v2/clip_lora_fold2_best_v1.pt,models/v2/v2_10b_h2_balanced_logreg_fold2_v1.joblib
2,jpeg_q50,QWEN_0042_nano_banana_pro,1,0.11865799874067307,qwen::nano-banana-pro,,models/v2/clip_lora_fold2_best_v1.pt,models/v2/v2_10b_h2_balanced_logreg_fold2_v1.joblib
2,jpeg_q50,QWEN_0042_Seedream_40,1,0.040911879390478134,qwen::Seedream-4.0,,models/v2/clip_lora_fold2_best_v1.pt,models/v2/v2_10b_h2_balanced_logreg_fold2_v1.joblib
2,jpeg_q50,QWEN_0042_GLM_Image,1,0.13187645375728607,qwen::GLM-Image,,models/v2/clip_lora_fold2_best_v1.pt,models/v2/v2_10b_h2_balanced_logreg_fold2_v1.joblib
2,jpeg_q50,QWEN_0060_nano_banana_20,1,0.002862493274733424,qwen::nano-banana-2.0,,models/v2/clip_lora_fold2_best_v1.pt,models/v2/v2_10b_h2_balanced_logreg_fold2_v1.joblib
2,jpeg_q50,QWEN_0060_nano_banana_pro,1,0.044146545231342316,qwen::nano-banana-pro,,models/v2/clip_lora_fold2_best_v1.pt,models/v2/v2_10b_h2_balanced_logreg_fold2_v1.joblib
2,jpeg_q50,QWEN_0060_Seedream_40,1,0.01776048168540001,qwen::Seedream-4.0,,models/v2/clip_lora_fold2_best_v1.pt,models/v2/v2_10b_h2_balanced_logreg_fold2_v1.joblib
2,jpeg_q50,QWEN_0060_GLM_Image,1,0.02300385758280754,qwen::GLM-Image,,models/v2/clip_lora_fold2_best_v1.pt,models/v2/v2_10b_h2_balanced_logreg_fold2_v1.joblib
2,jpeg_q50,QWEN_0065_nano_banana_20,1,0.0353008434176445,qwen::nano-banana-2.0,,models/v2/clip_lora_fold2_best_v1.pt,models/v2/v2_10b_h2_balanced_logreg_fold2_v1.joblib
2,jpeg_q50,QWEN_0065_nano_banana_pro,1,0.16475681960582733,qwen::nano-banana-pro,,models/v2/clip_lora_fold2_best_v1.pt,models/v2/v2_10b_h2_balanced_logreg_fold2_v1.joblib
2,jpeg_q50,QWEN_0065_Seedream_40,1,0.03589744120836258,qwen::Seedream-4.0,,models/v2/clip_lora_fold2_best_v1.pt,models/v2/v2_10b_h2_balanced_logreg_fold2_v1.joblib
2,jpeg_q50,QWEN_0065_GLM_Image,1,0.3483104705810547,qwen::GLM-Image,,models/v2/clip_lora_fold2_best_v1.pt,models/v2/v2_10b_h2_balanced_logreg_fold2_v1.joblib
2,jpeg_q50,QWEN_0074_nano_banana_20,1,0.15490776300430298,qwen::nano-banana-2.0,,models/v2/clip_lora_fold2_best_v1.pt,models/v2/v2_10b_h2_balanced_logreg_fold2_v1.joblib
2,jpeg_q50,QWEN_0074_nano_banana_pro,1,0.09789634495973587,qwen::nano-banana-pro,,models/v2/clip_lora_fold2_best_v1.pt,models/v2/v2_10b_h2_balanced_logreg_fold2_v1.joblib
2,jpeg_q50,QWEN_0074_Seedream_40,1,0.04185372591018677,qwen::Seedream-4.0,,models/v2/clip_lora_fold2_best_v1.pt,models/v2/v2_10b_h2_balanced_logreg_fold2_v1.joblib
2,jpeg_q50,QWEN_0074_GLM_Image,1,0.13411621749401093,qwen::GLM-Image,,models/v2/clip_lora_fold2_best_v1.pt,models/v2/v2_10b_h2_balanced_logreg_fold2_v1.joblib
2,jpeg_q50,QWEN_0078_nano_banana_20,1,0.0015585300279781222,qwen::nano-banana-2.0,,models/v2/clip_lora_fold2_best_v1.pt,models/v2/v2_10b_h2_balanced_logreg_fold2_v1.joblib
2,jpeg_q50,QWEN_0078_nano_banana_pro,1,0.009970612823963165,qwen::nano-banana-pro,,models/v2/clip_lora_fold2_best_v1.pt,models/v2/v2_10b_h2_balanced_logreg_fold2_v1.joblib
2,jpeg_q50,QWEN_0078_Seedream_40,1,0.069664366543293,qwen::Seedream-4.0,,models/v2/clip_lora_fold2_best_v1.pt,models/v2/v2_10b_h2_balanced_logreg_fold2_v1.joblib
2,jpeg_q50,QWEN_0078_GLM_Image,1,0.0019048035610467196,qwen::GLM-Image,,models/v2/clip_lora_fold2_best_v1.pt,models/v2/v2_10b_h2_balanced_logreg_fold2_v1.joblib
2,jpeg_q50,QWEN_0081_nano_banana_20,1,0.10592285543680191,qwen::nano-banana-2.0,,models/v2/clip_lora_fold2_best_v1.pt,models/v2/v2_10b_h2_balanced_logreg_fold2_v1.joblib
2,jpeg_q50,QWEN_0081_nano_banana_pro,1,0.2085781991481781,qwen::nano-banana-pro,,models/v2/clip_lora_fold2_best_v1.pt,models/v2/v2_10b_h2_balanced_logreg_fold2_v1.joblib
2,jpeg_q50,QWEN_0081_Seedream_40,1,0.03029758110642433,qwen::Seedream-4.0,,models/v2/clip_lora_fold2_best_v1.pt,models/v2/v2_10b_h2_balanced_logreg_fold2_v1.joblib
2,jpeg_q50,QWEN_0081_GLM_Image,1,0.10043556988239288,qwen::GLM-Image,,models/v2/clip_lora_fold2_best_v1.pt,models/v2/v2_10b_h2_balanced_logreg_fold2_v1.joblib
2,jpeg_q50,QWEN_0086_nano_banana_20,1,0.0019538092892616987,qwen::nano-banana-2.0,,models/v2/clip_lora_fold2_best_v1.pt,models/v2/v2_10b_h2_balanced_logreg_fold2_v1.joblib
2,jpeg_q50,QWEN_0086_nano_banana_pro,1,0.051985230296850204,qwen::nano-banana-pro,,models/v2/clip_lora_fold2_best_v1.pt,models/v2/v2_10b_h2_balanced_logreg_fold2_v1.joblib
2,jpeg_q50,QWEN_0086_Seedream_40,1,0.0029612304642796516,qwen::Seedream-4.0,,models/v2/clip_lora_fold2_best_v1.pt,models/v2/v2_10b_h2_balanced_logreg_fold2_v1.joblib
2,jpeg_q50,QWEN_0086_GLM_Image,1,0.006645814049988985,qwen::GLM-Image,,models/v2/clip_lora_fold2_best_v1.pt,models/v2/v2_10b_h2_balanced_logreg_fold2_v1.joblib
2,jpeg_q50,QWEN_0096_nano_banana_20,1,0.005155288148671389,qwen::nano-banana-2.0,,models/v2/clip_lora_fold2_best_v1.pt,models/v2/v2_10b_h2_balanced_logreg_fold2_v1.joblib
2,jpeg_q50,QWEN_0096_nano_banana_pro,1,0.042614370584487915,qwen::nano-banana-pro,,models/v2/clip_lora_fold2_best_v1.pt,models/v2/v2_10b_h2_balanced_logreg_fold2_v1.joblib
2,jpeg_q50,QWEN_0096_Seedream_40,1,0.019669553264975548,qwen::Seedream-4.0,,models/v2/clip_lora_fold2_best_v1.pt,models/v2/v2_10b_h2_balanced_logreg_fold2_v1.joblib
2,jpeg_q50,QWEN_0096_GLM_Image,1,0.09535324573516846,qwen::GLM-Image,,models/v2/clip_lora_fold2_best_v1.pt,models/v2/v2_10b_h2_balanced_logreg_fold2_v1.joblib
2,jpeg_q50,QWEN_0118_nano_banana_20,1,0.22998715937137604,qwen::nano-banana-2.0,,models/v2/clip_lora_fold2_best_v1.pt,models/v2/v2_10b_h2_balanced_logreg_fold2_v1.joblib
2,jpeg_q50,QWEN_0118_nano_banana_pro,1,0.047190673649311066,qwen::nano-banana-pro,,models/v2/clip_lora_fold2_best_v1.pt,models/v2/v2_10b_h2_balanced_logreg_fold2_v1.joblib
2,jpeg_q50,QWEN_0118_Seedream_40,1,0.1611463576555252,qwen::Seedream-4.0,,models/v2/clip_lora_fold2_best_v1.pt,models/v2/v2_10b_h2_balanced_logreg_fold2_v1.joblib
2,jpeg_q50,QWEN_0118_GLM_Image,1,0.2864261567592621,qwen::GLM-Image,,models/v2/clip_lora_fold2_best_v1.pt,models/v2/v2_10b_h2_balanced_logreg_fold2_v1.joblib
2,jpeg_q50,QWEN_0127_nano_banana_20,1,0.0432281494140625,qwen::nano-banana-2.0,,models/v2/clip_lora_fold2_best_v1.pt,models/v2/v2_10b_h2_balanced_logreg_fold2_v1.joblib
2,jpeg_q50,QWEN_0127_nano_banana_pro,1,0.03552785888314247,qwen::nano-banana-pro,,models/v2/clip_lora_fold2_best_v1.pt,models/v2/v2_10b_h2_balanced_logreg_fold2_v1.joblib
2,jpeg_q50,QWEN_0127_Seedream_40,1,0.018437817692756653,qwen::Seedream-4.0,,models/v2/clip_lora_fold2_best_v1.pt,models/v2/v2_10b_h2_balanced_logreg_fold2_v1.joblib
2,jpeg_q50,QWEN_0127_GLM_Image,1,0.06467759609222412,qwen::GLM-Image,,models/v2/clip_lora_fold2_best_v1.pt,models/v2/v2_10b_h2_balanced_logreg_fold2_v1.joblib
2,jpeg_q50,QWEN_0140_nano_banana_20,1,0.01984354853630066,qwen::nano-banana-2.0,,models/v2/clip_lora_fold2_best_v1.pt,models/v2/v2_10b_h2_balanced_logreg_fold2_v1.joblib
2,jpeg_q50,QWEN_0140_nano_banana_pro,1,0.013958953320980072,qwen::nano-banana-pro,,models/v2/clip_lora_fold2_best_v1.pt,models/v2/v2_10b_h2_balanced_logreg_fold2_v1.joblib
2,jpeg_q50,QWEN_0140_Seedream_40,1,0.008905481547117233,qwen::Seedream-4.0,,models/v2/clip_lora_fold2_best_v1.pt,models/v2/v2_10b_h2_balanced_logreg_fold2_v1.joblib
2,jpeg_q50,QWEN_0140_GLM_Image,1,0.0031969123519957066,qwen::GLM-Image,,models/v2/clip_lora_fold2_best_v1.pt,models/v2/v2_10b_h2_balanced_logreg_fold2_v1.joblib
2,jpeg_q50,QWEN_0148_nano_banana_20,1,0.009075731039047241,qwen::nano-banana-2.0,,models/v2/clip_lora_fold2_best_v1.pt,models/v2/v2_10b_h2_balanced_logreg_fold2_v1.joblib
2,jpeg_q50,QWEN_0148_nano_banana_pro,1,0.02328409254550934,qwen::nano-banana-pro,,models/v2/clip_lora_fold2_best_v1.pt,models/v2/v2_10b_h2_balanced_logreg_fold2_v1.joblib
2,jpeg_q50,QWEN_0148_Seedream_40,1,0.11720003187656403,qwen::Seedream-4.0,,models/v2/clip_lora_fold2_best_v1.pt,models/v2/v2_10b_h2_balanced_logreg_fold2_v1.joblib
2,jpeg_q50,QWEN_0148_GLM_Image,1,0.016980675980448723,qwen::GLM-Image,,models/v2/clip_lora_fold2_best_v1.pt,models/v2/v2_10b_h2_balanced_logreg_fold2_v1.joblib
2,jpeg_q50,QWEN_0156_nano_banana_20,1,0.005194897297769785,qwen::nano-banana-2.0,,models/v2/clip_lora_fold2_best_v1.pt,models/v2/v2_10b_h2_balanced_logreg_fold2_v1.joblib
2,jpeg_q50,QWEN_0156_nano_banana_pro,1,0.005808050278574228,qwen::nano-banana-pro,,models/v2/clip_lora_fold2_best_v1.pt,models/v2/v2_10b_h2_balanced_logreg_fold2_v1.joblib
2,jpeg_q50,QWEN_0156_Seedream_40,1,0.011131777428090572,qwen::Seedream-4.0,,models/v2/clip_lora_fold2_best_v1.pt,models/v2/v2_10b_h2_balanced_logreg_fold2_v1.joblib
2,jpeg_q50,QWEN_0156_GLM_Image,1,0.009013202041387558,qwen::GLM-Image,,models/v2/clip_lora_fold2_best_v1.pt,models/v2/v2_10b_h2_balanced_logreg_fold2_v1.joblib
2,jpeg_q50,QWEN_0158_nano_banana_20,1,0.01004751119762659,qwen::nano-banana-2.0,,models/v2/clip_lora_fold2_best_v1.pt,models/v2/v2_10b_h2_balanced_logreg_fold2_v1.joblib
2,jpeg_q50,QWEN_0158_nano_banana_pro,1,0.0830308124423027,qwen::nano-banana-pro,,models/v2/clip_lora_fold2_best_v1.pt,models/v2/v2_10b_h2_balanced_logreg_fold2_v1.joblib
2,jpeg_q50,QWEN_0158_Seedream_40,1,0.17175576090812683,qwen::Seedream-4.0,,models/v2/clip_lora_fold2_best_v1.pt,models/v2/v2_10b_h2_balanced_logreg_fold2_v1.joblib
2,jpeg_q50,QWEN_0158_GLM_Image,1,0.0498863086104393,qwen::GLM-Image,,models/v2/clip_lora_fold2_best_v1.pt,models/v2/v2_10b_h2_balanced_logreg_fold2_v1.joblib
2,jpeg_q50,QWEN_0169_nano_banana_20,1,0.033280305564403534,qwen::nano-banana-2.0,,models/v2/clip_lora_fold2_best_v1.pt,models/v2/v2_10b_h2_balanced_logreg_fold2_v1.joblib
2,jpeg_q50,QWEN_0169_nano_banana_pro,1,0.027695948258042336,qwen::nano-banana-pro,,models/v2/clip_lora_fold2_best_v1.pt,models/v2/v2_10b_h2_balanced_logreg_fold2_v1.joblib
2,jpeg_q50,QWEN_0169_Seedream_40,1,0.0141151649877429,qwen::Seedream-4.0,,models/v2/clip_lora_fold2_best_v1.pt,models/v2/v2_10b_h2_balanced_logreg_fold2_v1.joblib
2,jpeg_q50,QWEN_0169_GLM_Image,1,0.023071007803082466,qwen::GLM-Image,,models/v2/clip_lora_fold2_best_v1.pt,models/v2/v2_10b_h2_balanced_logreg_fold2_v1.joblib
2,jpeg_q50,QWEN_0184_nano_banana_20,1,0.06652576476335526,qwen::nano-banana-2.0,,models/v2/clip_lora_fold2_best_v1.pt,models/v2/v2_10b_h2_balanced_logreg_fold2_v1.joblib
2,jpeg_q50,QWEN_0184_nano_banana_pro,1,0.030533824115991592,qwen::nano-banana-pro,,models/v2/clip_lora_fold2_best_v1.pt,models/v2/v2_10b_h2_balanced_logreg_fold2_v1.joblib
2,jpeg_q50,QWEN_0184_Seedream_40,1,0.003109287703409791,qwen::Seedream-4.0,,models/v2/clip_lora_fold2_best_v1.pt,models/v2/v2_10b_h2_balanced_logreg_fold2_v1.joblib
2,jpeg_q50,QWEN_0184_GLM_Image,1,0.028788158670067787,qwen::GLM-Image,,models/v2/clip_lora_fold2_best_v1.pt,models/v2/v2_10b_h2_balanced_logreg_fold2_v1.joblib
2,jpeg_q50,QWEN_0185_nano_banana_20,1,0.020076638087630272,qwen::nano-banana-2.0,,models/v2/clip_lora_fold2_best_v1.pt,models/v2/v2_10b_h2_balanced_logreg_fold2_v1.joblib
2,jpeg_q50,QWEN_0185_nano_banana_pro,1,0.09094841778278351,qwen::nano-banana-pro,,models/v2/clip_lora_fold2_best_v1.pt,models/v2/v2_10b_h2_balanced_logreg_fold2_v1.joblib
2,jpeg_q50,QWEN_0185_Seedream_40,1,0.1005612388253212,qwen::Seedream-4.0,,models/v2/clip_lora_fold2_best_v1.pt,models/v2/v2_10b_h2_balanced_logreg_fold2_v1.joblib
2,jpeg_q50,QWEN_0185_GLM_Image,1,0.2652626931667328,qwen::GLM-Image,,models/v2/clip_lora_fold2_best_v1.pt,models/v2/v2_10b_h2_balanced_logreg_fold2_v1.joblib
2,jpeg_q50,QWEN_0186_nano_banana_20,1,0.004762141965329647,qwen::nano-banana-2.0,,models/v2/clip_lora_fold2_best_v1.pt,models/v2/v2_10b_h2_balanced_logreg_fold2_v1.joblib
2,jpeg_q50,QWEN_0186_nano_banana_pro,1,0.004719699267297983,qwen::nano-banana-pro,,models/v2/clip_lora_fold2_best_v1.pt,models/v2/v2_10b_h2_balanced_logreg_fold2_v1.joblib
2,jpeg_q50,QWEN_0186_Seedream_40,1,0.013634487986564636,qwen::Seedream-4.0,,models/v2/clip_lora_fold2_best_v1.pt,models/v2/v2_10b_h2_balanced_logreg_fold2_v1.joblib
2,jpeg_q50,QWEN_0186_GLM_Image,1,0.020324453711509705,qwen::GLM-Image,,models/v2/clip_lora_fold2_best_v1.pt,models/v2/v2_10b_h2_balanced_logreg_fold2_v1.joblib
2,jpeg_q50,QWEN_0212_nano_banana_20,1,0.0036245633382350206,qwen::nano-banana-2.0,,models/v2/clip_lora_fold2_best_v1.pt,models/v2/v2_10b_h2_balanced_logreg_fold2_v1.joblib
2,jpeg_q50,QWEN_0212_nano_banana_pro,1,0.009135287255048752,qwen::nano-banana-pro,,models/v2/clip_lora_fold2_best_v1.pt,models/v2/v2_10b_h2_balanced_logreg_fold2_v1.joblib
2,jpeg_q50,QWEN_0212_Seedream_40,1,0.0031511292327195406,qwen::Seedream-4.0,,models/v2/clip_lora_fold2_best_v1.pt,models/v2/v2_10b_h2_balanced_logreg_fold2_v1.joblib
2,jpeg_q50,QWEN_0212_GLM_Image,1,0.003008534898981452,qwen::GLM-Image,,models/v2/clip_lora_fold2_best_v1.pt,models/v2/v2_10b_h2_balanced_logreg_fold2_v1.joblib
2,jpeg_q50,QWEN_0222_nano_banana_20,1,0.004835704807192087,qwen::nano-banana-2.0,,models/v2/clip_lora_fold2_best_v1.pt,models/v2/v2_10b_h2_balanced_logreg_fold2_v1.joblib
2,jpeg_q50,QWEN_0222_nano_banana_pro,1,0.00971153937280178,qwen::nano-banana-pro,,models/v2/clip_lora_fold2_best_v1.pt,models/v2/v2_10b_h2_balanced_logreg_fold2_v1.joblib
2,jpeg_q50,QWEN_0222_Seedream_40,1,0.0021188054233789444,qwen::Seedream-4.0,,models/v2/clip_lora_fold2_best_v1.pt,models/v2/v2_10b_h2_balanced_logreg_fold2_v1.joblib
2,jpeg_q50,QWEN_0222_GLM_Image,1,0.006568881217390299,qwen::GLM-Image,,models/v2/clip_lora_fold2_best_v1.pt,models/v2/v2_10b_h2_balanced_logreg_fold2_v1.joblib
2,jpeg_q50,QWEN_0239_nano_banana_20,1,0.0018953884718939662,qwen::nano-banana-2.0,,models/v2/clip_lora_fold2_best_v1.pt,models/v2/v2_10b_h2_balanced_logreg_fold2_v1.joblib
2,jpeg_q50,QWEN_0239_nano_banana_pro,1,0.0049104406498372555,qwen::nano-banana-pro,,models/v2/clip_lora_fold2_best_v1.pt,models/v2/v2_10b_h2_balanced_logreg_fold2_v1.joblib
2,jpeg_q50,QWEN_0239_Seedream_40,1,0.03109692968428135,qwen::Seedream-4.0,,models/v2/clip_lora_fold2_best_v1.pt,models/v2/v2_10b_h2_balanced_logreg_fold2_v1.joblib
2,jpeg_q50,QWEN_0239_GLM_Image,1,0.06086576357483864,qwen::GLM-Image,,models/v2/clip_lora_fold2_best_v1.pt,models/v2/v2_10b_h2_balanced_logreg_fold2_v1.joblib
2,jpeg_q50,QWEN_0260_nano_banana_20,1,0.3047757148742676,qwen::nano-banana-2.0,,models/v2/clip_lora_fold2_best_v1.pt,models/v2/v2_10b_h2_balanced_logreg_fold2_v1.joblib
2,jpeg_q50,QWEN_0260_nano_banana_pro,1,0.1413075178861618,qwen::nano-banana-pro,,models/v2/clip_lora_fold2_best_v1.pt,models/v2/v2_10b_h2_balanced_logreg_fold2_v1.joblib
2,jpeg_q50,QWEN_0260_Seedream_40,1,0.067331463098526,qwen::Seedream-4.0,,models/v2/clip_lora_fold2_best_v1.pt,models/v2/v2_10b_h2_balanced_logreg_fold2_v1.joblib
2,jpeg_q50,QWEN_0260_GLM_Image,1,0.05797146260738373,qwen::GLM-Image,,models/v2/clip_lora_fold2_best_v1.pt,models/v2/v2_10b_h2_balanced_logreg_fold2_v1.joblib
2,jpeg_q50,QWEN_0288_nano_banana_20,1,0.001898601884022355,qwen::nano-banana-2.0,,models/v2/clip_lora_fold2_best_v1.pt,models/v2/v2_10b_h2_balanced_logreg_fold2_v1.joblib
2,jpeg_q50,QWEN_0288_nano_banana_pro,1,0.0003910796658601612,qwen::nano-banana-pro,,models/v2/clip_lora_fold2_best_v1.pt,models/v2/v2_10b_h2_balanced_logreg_fold2_v1.joblib
2,jpeg_q50,QWEN_0288_Seedream_40,1,0.0023239748552441597,qwen::Seedream-4.0,,models/v2/clip_lora_fold2_best_v1.pt,models/v2/v2_10b_h2_balanced_logreg_fold2_v1.joblib
2,jpeg_q50,QWEN_0288_GLM_Image,1,0.0026108005549758673,qwen::GLM-Image,,models/v2/clip_lora_fold2_best_v1.pt,models/v2/v2_10b_h2_balanced_logreg_fold2_v1.joblib
2,jpeg_q50,QWEN_0309_nano_banana_20,1,0.01142922230064869,qwen::nano-banana-2.0,,models/v2/clip_lora_fold2_best_v1.pt,models/v2/v2_10b_h2_balanced_logreg_fold2_v1.joblib
2,jpeg_q50,QWEN_0309_nano_banana_pro,1,0.30769771337509155,qwen::nano-banana-pro,,models/v2/clip_lora_fold2_best_v1.pt,models/v2/v2_10b_h2_balanced_logreg_fold2_v1.joblib
2,jpeg_q50,QWEN_0309_Seedream_40,1,0.011004158295691013,qwen::Seedream-4.0,,models/v2/clip_lora_fold2_best_v1.pt,models/v2/v2_10b_h2_balanced_logreg_fold2_v1.joblib
2,jpeg_q50,QWEN_0309_GLM_Image,1,0.027533845975995064,qwen::GLM-Image,,models/v2/clip_lora_fold2_best_v1.pt,models/v2/v2_10b_h2_balanced_logreg_fold2_v1.joblib
2,jpeg_q50,QWEN_0315_nano_banana_20,1,0.0010813319822773337,qwen::nano-banana-2.0,,models/v2/clip_lora_fold2_best_v1.pt,models/v2/v2_10b_h2_balanced_logreg_fold2_v1.joblib
2,jpeg_q50,QWEN_0315_nano_banana_pro,1,0.01902652531862259,qwen::nano-banana-pro,,models/v2/clip_lora_fold2_best_v1.pt,models/v2/v2_10b_h2_balanced_logreg_fold2_v1.joblib
2,jpeg_q50,QWEN_0315_Seedream_40,1,0.02181474305689335,qwen::Seedream-4.0,,models/v2/clip_lora_fold2_best_v1.pt,models/v2/v2_10b_h2_balanced_logreg_fold2_v1.joblib
2,jpeg_q50,QWEN_0315_GLM_Image,1,0.01444951631128788,qwen::GLM-Image,,models/v2/clip_lora_fold2_best_v1.pt,models/v2/v2_10b_h2_balanced_logreg_fold2_v1.joblib
2,jpeg_q50,QWEN_0323_nano_banana_20,1,0.010569530539214611,qwen::nano-banana-2.0,,models/v2/clip_lora_fold2_best_v1.pt,models/v2/v2_10b_h2_balanced_logreg_fold2_v1.joblib
2,jpeg_q50,QWEN_0323_nano_banana_pro,1,0.013630487024784088,qwen::nano-banana-pro,,models/v2/clip_lora_fold2_best_v1.pt,models/v2/v2_10b_h2_balanced_logreg_fold2_v1.joblib
2,jpeg_q50,QWEN_0323_Seedream_40,1,0.11043667048215866,qwen::Seedream-4.0,,models/v2/clip_lora_fold2_best_v1.pt,models/v2/v2_10b_h2_balanced_logreg_fold2_v1.joblib
2,jpeg_q50,QWEN_0323_GLM_Image,1,0.36967313289642334,qwen::GLM-Image,,models/v2/clip_lora_fold2_best_v1.pt,models/v2/v2_10b_h2_balanced_logreg_fold2_v1.joblib
2,jpeg_q50,QWEN_0335_nano_banana_20,1,0.008644296787679195,qwen::nano-banana-2.0,,models/v2/clip_lora_fold2_best_v1.pt,models/v2/v2_10b_h2_balanced_logreg_fold2_v1.joblib
2,jpeg_q50,QWEN_0335_nano_banana_pro,1,0.0031957714818418026,qwen::nano-banana-pro,,models/v2/clip_lora_fold2_best_v1.pt,models/v2/v2_10b_h2_balanced_logreg_fold2_v1.joblib
2,jpeg_q50,QWEN_0335_Seedream_40,1,0.004523490555584431,qwen::Seedream-4.0,,models/v2/clip_lora_fold2_best_v1.pt,models/v2/v2_10b_h2_balanced_logreg_fold2_v1.joblib
2,jpeg_q50,QWEN_0335_GLM_Image,1,0.03084385208785534,qwen::GLM-Image,,models/v2/clip_lora_fold2_best_v1.pt,models/v2/v2_10b_h2_balanced_logreg_fold2_v1.joblib
2,jpeg_q50,QWEN_0342_nano_banana_20,1,0.14273257553577423,qwen::nano-banana-2.0,,models/v2/clip_lora_fold2_best_v1.pt,models/v2/v2_10b_h2_balanced_logreg_fold2_v1.joblib
2,jpeg_q50,QWEN_0342_nano_banana_pro,1,0.01934691332280636,qwen::nano-banana-pro,,models/v2/clip_lora_fold2_best_v1.pt,models/v2/v2_10b_h2_balanced_logreg_fold2_v1.joblib
2,jpeg_q50,QWEN_0342_Seedream_40,1,0.018334178254008293,qwen::Seedream-4.0,,models/v2/clip_lora_fold2_best_v1.pt,models/v2/v2_10b_h2_balanced_logreg_fold2_v1.joblib
2,jpeg_q50,QWEN_0342_GLM_Image,1,0.04476245865225792,qwen::GLM-Image,,models/v2/clip_lora_fold2_best_v1.pt,models/v2/v2_10b_h2_balanced_logreg_fold2_v1.joblib
2,jpeg_q50,QWEN_0347_nano_banana_20,1,0.07967071235179901,qwen::nano-banana-2.0,,models/v2/clip_lora_fold2_best_v1.pt,models/v2/v2_10b_h2_balanced_logreg_fold2_v1.joblib
2,jpeg_q50,QWEN_0347_nano_banana_pro,1,0.01699971780180931,qwen::nano-banana-pro,,models/v2/clip_lora_fold2_best_v1.pt,models/v2/v2_10b_h2_balanced_logreg_fold2_v1.joblib
2,jpeg_q50,QWEN_0347_Seedream_40,1,0.0028247665613889694,qwen::Seedream-4.0,,models/v2/clip_lora_fold2_best_v1.pt,models/v2/v2_10b_h2_balanced_logreg_fold2_v1.joblib
2,jpeg_q50,QWEN_0347_GLM_Image,1,0.04621819406747818,qwen::GLM-Image,,models/v2/clip_lora_fold2_best_v1.pt,models/v2/v2_10b_h2_balanced_logreg_fold2_v1.joblib
2,jpeg_q50,QWEN_0354_nano_banana_20,1,0.005791413132101297,qwen::nano-banana-2.0,,models/v2/clip_lora_fold2_best_v1.pt,models/v2/v2_10b_h2_balanced_logreg_fold2_v1.joblib
2,jpeg_q50,QWEN_0354_nano_banana_pro,1,0.03159647807478905,qwen::nano-banana-pro,,models/v2/clip_lora_fold2_best_v1.pt,models/v2/v2_10b_h2_balanced_logreg_fold2_v1.joblib
2,jpeg_q50,QWEN_0354_Seedream_40,1,0.017361024394631386,qwen::Seedream-4.0,,models/v2/clip_lora_fold2_best_v1.pt,models/v2/v2_10b_h2_balanced_logreg_fold2_v1.joblib
2,jpeg_q50,QWEN_0354_GLM_Image,1,0.027614858001470566,qwen::GLM-Image,,models/v2/clip_lora_fold2_best_v1.pt,models/v2/v2_10b_h2_balanced_logreg_fold2_v1.joblib
2,jpeg_q50,QWEN_0359_nano_banana_20,1,0.058878544718027115,qwen::nano-banana-2.0,,models/v2/clip_lora_fold2_best_v1.pt,models/v2/v2_10b_h2_balanced_logreg_fold2_v1.joblib
2,jpeg_q50,QWEN_0359_nano_banana_pro,1,0.02065558359026909,qwen::nano-banana-pro,,models/v2/clip_lora_fold2_best_v1.pt,models/v2/v2_10b_h2_balanced_logreg_fold2_v1.joblib
2,jpeg_q50,QWEN_0359_Seedream_40,1,0.004433842841535807,qwen::Seedream-4.0,,models/v2/clip_lora_fold2_best_v1.pt,models/v2/v2_10b_h2_balanced_logreg_fold2_v1.joblib
2,jpeg_q50,QWEN_0359_GLM_Image,1,0.04952135682106018,qwen::GLM-Image,,models/v2/clip_lora_fold2_best_v1.pt,models/v2/v2_10b_h2_balanced_logreg_fold2_v1.joblib
2,jpeg_q50,QWEN_0374_nano_banana_20,1,0.008660526014864445,qwen::nano-banana-2.0,,models/v2/clip_lora_fold2_best_v1.pt,models/v2/v2_10b_h2_balanced_logreg_fold2_v1.joblib
2,jpeg_q50,QWEN_0374_nano_banana_pro,1,0.0024425338488072157,qwen::nano-banana-pro,,models/v2/clip_lora_fold2_best_v1.pt,models/v2/v2_10b_h2_balanced_logreg_fold2_v1.joblib
2,jpeg_q50,QWEN_0374_Seedream_40,1,0.025682684034109116,qwen::Seedream-4.0,,models/v2/clip_lora_fold2_best_v1.pt,models/v2/v2_10b_h2_balanced_logreg_fold2_v1.joblib
2,jpeg_q50,QWEN_0374_GLM_Image,1,0.06741330027580261,qwen::GLM-Image,,models/v2/clip_lora_fold2_best_v1.pt,models/v2/v2_10b_h2_balanced_logreg_fold2_v1.joblib
2,jpeg_q50,QWEN_0386_nano_banana_20,1,0.003662909846752882,qwen::nano-banana-2.0,,models/v2/clip_lora_fold2_best_v1.pt,models/v2/v2_10b_h2_balanced_logreg_fold2_v1.joblib
2,jpeg_q50,QWEN_0386_nano_banana_pro,1,0.004289301577955484,qwen::nano-banana-pro,,models/v2/clip_lora_fold2_best_v1.pt,models/v2/v2_10b_h2_balanced_logreg_fold2_v1.joblib
2,jpeg_q50,QWEN_0386_Seedream_40,1,0.005017832387238741,qwen::Seedream-4.0,,models/v2/clip_lora_fold2_best_v1.pt,models/v2/v2_10b_h2_balanced_logreg_fold2_v1.joblib
2,jpeg_q50,QWEN_0386_GLM_Image,1,0.011491025798022747,qwen::GLM-Image,,models/v2/clip_lora_fold2_best_v1.pt,models/v2/v2_10b_h2_balanced_logreg_fold2_v1.joblib
2,jpeg_q50,QWEN_0392_nano_banana_20,1,0.01792951487004757,qwen::nano-banana-2.0,,models/v2/clip_lora_fold2_best_v1.pt,models/v2/v2_10b_h2_balanced_logreg_fold2_v1.joblib
2,jpeg_q50,QWEN_0392_nano_banana_pro,1,0.00990509893745184,qwen::nano-banana-pro,,models/v2/clip_lora_fold2_best_v1.pt,models/v2/v2_10b_h2_balanced_logreg_fold2_v1.joblib
2,jpeg_q50,QWEN_0392_Seedream_40,1,0.006471789907664061,qwen::Seedream-4.0,,models/v2/clip_lora_fold2_best_v1.pt,models/v2/v2_10b_h2_balanced_logreg_fold2_v1.joblib
2,jpeg_q50,QWEN_0392_GLM_Image,1,0.02416827529668808,qwen::GLM-Image,,models/v2/clip_lora_fold2_best_v1.pt,models/v2/v2_10b_h2_balanced_logreg_fold2_v1.joblib
2,jpeg_q50,QWEN_0397_nano_banana_20,1,0.003338488284498453,qwen::nano-banana-2.0,,models/v2/clip_lora_fold2_best_v1.pt,models/v2/v2_10b_h2_balanced_logreg_fold2_v1.joblib
2,jpeg_q50,QWEN_0397_nano_banana_pro,1,0.005188843701034784,qwen::nano-banana-pro,,models/v2/clip_lora_fold2_best_v1.pt,models/v2/v2_10b_h2_balanced_logreg_fold2_v1.joblib
2,jpeg_q50,QWEN_0397_Seedream_40,1,0.020240945741534233,qwen::Seedream-4.0,,models/v2/clip_lora_fold2_best_v1.pt,models/v2/v2_10b_h2_balanced_logreg_fold2_v1.joblib
2,jpeg_q50,QWEN_0397_GLM_Image,1,0.0037598730996251106,qwen::GLM-Image,,models/v2/clip_lora_fold2_best_v1.pt,models/v2/v2_10b_h2_balanced_logreg_fold2_v1.joblib
2,jpeg_q50,QWEN_0413_nano_banana_20,1,0.0041094026528298855,qwen::nano-banana-2.0,,models/v2/clip_lora_fold2_best_v1.pt,models/v2/v2_10b_h2_balanced_logreg_fold2_v1.joblib
2,jpeg_q50,QWEN_0413_nano_banana_pro,1,0.03405020385980606,qwen::nano-banana-pro,,models/v2/clip_lora_fold2_best_v1.pt,models/v2/v2_10b_h2_balanced_logreg_fold2_v1.joblib
2,jpeg_q50,QWEN_0413_Seedream_40,1,0.02540023811161518,qwen::Seedream-4.0,,models/v2/clip_lora_fold2_best_v1.pt,models/v2/v2_10b_h2_balanced_logreg_fold2_v1.joblib
2,jpeg_q50,QWEN_0413_GLM_Image,1,0.007184191141277552,qwen::GLM-Image,,models/v2/clip_lora_fold2_best_v1.pt,models/v2/v2_10b_h2_balanced_logreg_fold2_v1.joblib
2,jpeg_q50,QWEN_0415_nano_banana_20,1,0.11004218459129333,qwen::nano-banana-2.0,,models/v2/clip_lora_fold2_best_v1.pt,models/v2/v2_10b_h2_balanced_logreg_fold2_v1.joblib
2,jpeg_q50,QWEN_0415_nano_banana_pro,1,0.050653308629989624,qwen::nano-banana-pro,,models/v2/clip_lora_fold2_best_v1.pt,models/v2/v2_10b_h2_balanced_logreg_fold2_v1.joblib
2,jpeg_q50,QWEN_0415_Seedream_40,1,0.10617917776107788,qwen::Seedream-4.0,,models/v2/clip_lora_fold2_best_v1.pt,models/v2/v2_10b_h2_balanced_logreg_fold2_v1.joblib
2,jpeg_q50,QWEN_0415_GLM_Image,1,0.028307462111115456,qwen::GLM-Image,,models/v2/clip_lora_fold2_best_v1.pt,models/v2/v2_10b_h2_balanced_logreg_fold2_v1.joblib
2,jpeg_q50,QWEN_0420_nano_banana_20,1,0.013284683227539062,qwen::nano-banana-2.0,,models/v2/clip_lora_fold2_best_v1.pt,models/v2/v2_10b_h2_balanced_logreg_fold2_v1.joblib
2,jpeg_q50,QWEN_0420_nano_banana_pro,1,0.07136662304401398,qwen::nano-banana-pro,,models/v2/clip_lora_fold2_best_v1.pt,models/v2/v2_10b_h2_balanced_logreg_fold2_v1.joblib
2,jpeg_q50,QWEN_0420_Seedream_40,1,0.05723322555422783,qwen::Seedream-4.0,,models/v2/clip_lora_fold2_best_v1.pt,models/v2/v2_10b_h2_balanced_logreg_fold2_v1.joblib
2,jpeg_q50,QWEN_0420_GLM_Image,1,0.12715335190296173,qwen::GLM-Image,,models/v2/clip_lora_fold2_best_v1.pt,models/v2/v2_10b_h2_balanced_logreg_fold2_v1.joblib
2,jpeg_q50,QWEN_0423_nano_banana_20,1,0.07774443924427032,qwen::nano-banana-2.0,,models/v2/clip_lora_fold2_best_v1.pt,models/v2/v2_10b_h2_balanced_logreg_fold2_v1.joblib
2,jpeg_q50,QWEN_0423_nano_banana_pro,1,0.022523852065205574,qwen::nano-banana-pro,,models/v2/clip_lora_fold2_best_v1.pt,models/v2/v2_10b_h2_balanced_logreg_fold2_v1.joblib
2,jpeg_q50,QWEN_0423_Seedream_40,1,0.08742652088403702,qwen::Seedream-4.0,,models/v2/clip_lora_fold2_best_v1.pt,models/v2/v2_10b_h2_balanced_logreg_fold2_v1.joblib
2,jpeg_q50,QWEN_0423_GLM_Image,1,0.08833128958940506,qwen::GLM-Image,,models/v2/clip_lora_fold2_best_v1.pt,models/v2/v2_10b_h2_balanced_logreg_fold2_v1.joblib
2,jpeg_q50,QWEN_0430_nano_banana_20,1,0.030643658712506294,qwen::nano-banana-2.0,,models/v2/clip_lora_fold2_best_v1.pt,models/v2/v2_10b_h2_balanced_logreg_fold2_v1.joblib
2,jpeg_q50,QWEN_0430_nano_banana_pro,1,0.06305060535669327,qwen::nano-banana-pro,,models/v2/clip_lora_fold2_best_v1.pt,models/v2/v2_10b_h2_balanced_logreg_fold2_v1.joblib
2,jpeg_q50,QWEN_0430_Seedream_40,1,0.08933946490287781,qwen::Seedream-4.0,,models/v2/clip_lora_fold2_best_v1.pt,models/v2/v2_10b_h2_balanced_logreg_fold2_v1.joblib
2,jpeg_q50,QWEN_0430_GLM_Image,1,0.08190353959798813,qwen::GLM-Image,,models/v2/clip_lora_fold2_best_v1.pt,models/v2/v2_10b_h2_balanced_logreg_fold2_v1.joblib
2,jpeg_q50,QWEN_0432_nano_banana_20,1,0.15230044722557068,qwen::nano-banana-2.0,,models/v2/clip_lora_fold2_best_v1.pt,models/v2/v2_10b_h2_balanced_logreg_fold2_v1.joblib
2,jpeg_q50,QWEN_0432_nano_banana_pro,1,0.05228535085916519,qwen::nano-banana-pro,,models/v2/clip_lora_fold2_best_v1.pt,models/v2/v2_10b_h2_balanced_logreg_fold2_v1.joblib
2,jpeg_q50,QWEN_0432_Seedream_40,1,0.021836692467331886,qwen::Seedream-4.0,,models/v2/clip_lora_fold2_best_v1.pt,models/v2/v2_10b_h2_balanced_logreg_fold2_v1.joblib
2,jpeg_q50,QWEN_0432_GLM_Image,1,0.025121988728642464,qwen::GLM-Image,,models/v2/clip_lora_fold2_best_v1.pt,models/v2/v2_10b_h2_balanced_logreg_fold2_v1.joblib
2,jpeg_q50,QWEN_0446_nano_banana_20,1,0.02002018503844738,qwen::nano-banana-2.0,,models/v2/clip_lora_fold2_best_v1.pt,models/v2/v2_10b_h2_balanced_logreg_fold2_v1.joblib
2,jpeg_q50,QWEN_0446_nano_banana_pro,1,0.04694252461194992,qwen::nano-banana-pro,,models/v2/clip_lora_fold2_best_v1.pt,models/v2/v2_10b_h2_balanced_logreg_fold2_v1.joblib
2,jpeg_q50,QWEN_0446_Seedream_40,1,0.050308600068092346,qwen::Seedream-4.0,,models/v2/clip_lora_fold2_best_v1.pt,models/v2/v2_10b_h2_balanced_logreg_fold2_v1.joblib
2,jpeg_q50,QWEN_0446_GLM_Image,1,0.010053844191133976,qwen::GLM-Image,,models/v2/clip_lora_fold2_best_v1.pt,models/v2/v2_10b_h2_balanced_logreg_fold2_v1.joblib
2,jpeg_q50,QWEN_0451_nano_banana_20,1,0.08579226583242416,qwen::nano-banana-2.0,,models/v2/clip_lora_fold2_best_v1.pt,models/v2/v2_10b_h2_balanced_logreg_fold2_v1.joblib
2,jpeg_q50,QWEN_0451_nano_banana_pro,1,0.04176006466150284,qwen::nano-banana-pro,,models/v2/clip_lora_fold2_best_v1.pt,models/v2/v2_10b_h2_balanced_logreg_fold2_v1.joblib
2,jpeg_q50,QWEN_0451_Seedream_40,1,0.01873498596251011,qwen::Seedream-4.0,,models/v2/clip_lora_fold2_best_v1.pt,models/v2/v2_10b_h2_balanced_logreg_fold2_v1.joblib
2,jpeg_q50,QWEN_0451_GLM_Image,1,0.4661053419113159,qwen::GLM-Image,,models/v2/clip_lora_fold2_best_v1.pt,models/v2/v2_10b_h2_balanced_logreg_fold2_v1.joblib
2,jpeg_q50,QWEN_0456_nano_banana_20,1,0.32298287749290466,qwen::nano-banana-2.0,,models/v2/clip_lora_fold2_best_v1.pt,models/v2/v2_10b_h2_balanced_logreg_fold2_v1.joblib
2,jpeg_q50,QWEN_0456_nano_banana_pro,1,0.025368917733430862,qwen::nano-banana-pro,,models/v2/clip_lora_fold2_best_v1.pt,models/v2/v2_10b_h2_balanced_logreg_fold2_v1.joblib
2,jpeg_q50,QWEN_0456_Seedream_40,1,0.060948751866817474,qwen::Seedream-4.0,,models/v2/clip_lora_fold2_best_v1.pt,models/v2/v2_10b_h2_balanced_logreg_fold2_v1.joblib
2,jpeg_q50,QWEN_0456_GLM_Image,1,0.014672648161649704,qwen::GLM-Image,,models/v2/clip_lora_fold2_best_v1.pt,models/v2/v2_10b_h2_balanced_logreg_fold2_v1.joblib
2,jpeg_q50,QWEN_0461_nano_banana_20,1,0.003261415520682931,qwen::nano-banana-2.0,,models/v2/clip_lora_fold2_best_v1.pt,models/v2/v2_10b_h2_balanced_logreg_fold2_v1.joblib
2,jpeg_q50,QWEN_0461_nano_banana_pro,1,0.003929635509848595,qwen::nano-banana-pro,,models/v2/clip_lora_fold2_best_v1.pt,models/v2/v2_10b_h2_balanced_logreg_fold2_v1.joblib
2,jpeg_q50,QWEN_0461_Seedream_40,1,0.013822436332702637,qwen::Seedream-4.0,,models/v2/clip_lora_fold2_best_v1.pt,models/v2/v2_10b_h2_balanced_logreg_fold2_v1.joblib
2,jpeg_q50,QWEN_0461_GLM_Image,1,0.026544470340013504,qwen::GLM-Image,,models/v2/clip_lora_fold2_best_v1.pt,models/v2/v2_10b_h2_balanced_logreg_fold2_v1.joblib
2,jpeg_q50,QWEN_0465_nano_banana_20,1,0.002143264515325427,qwen::nano-banana-2.0,,models/v2/clip_lora_fold2_best_v1.pt,models/v2/v2_10b_h2_balanced_logreg_fold2_v1.joblib
2,jpeg_q50,QWEN_0465_nano_banana_pro,1,0.0012578052701428533,qwen::nano-banana-pro,,models/v2/clip_lora_fold2_best_v1.pt,models/v2/v2_10b_h2_balanced_logreg_fold2_v1.joblib
2,jpeg_q50,QWEN_0465_Seedream_40,1,0.0025299678090959787,qwen::Seedream-4.0,,models/v2/clip_lora_fold2_best_v1.pt,models/v2/v2_10b_h2_balanced_logreg_fold2_v1.joblib
2,jpeg_q50,QWEN_0465_GLM_Image,1,0.0013360044686123729,qwen::GLM-Image,,models/v2/clip_lora_fold2_best_v1.pt,models/v2/v2_10b_h2_balanced_logreg_fold2_v1.joblib
2,jpeg_q50,QWEN_0471_nano_banana_20,1,0.002550937933847308,qwen::nano-banana-2.0,,models/v2/clip_lora_fold2_best_v1.pt,models/v2/v2_10b_h2_balanced_logreg_fold2_v1.joblib
2,jpeg_q50,QWEN_0471_nano_banana_pro,1,0.0012475810945034027,qwen::nano-banana-pro,,models/v2/clip_lora_fold2_best_v1.pt,models/v2/v2_10b_h2_balanced_logreg_fold2_v1.joblib
2,jpeg_q50,QWEN_0471_Seedream_40,1,0.0019792928360402584,qwen::Seedream-4.0,,models/v2/clip_lora_fold2_best_v1.pt,models/v2/v2_10b_h2_balanced_logreg_fold2_v1.joblib
2,jpeg_q50,QWEN_0471_GLM_Image,1,0.001142406603321433,qwen::GLM-Image,,models/v2/clip_lora_fold2_best_v1.pt,models/v2/v2_10b_h2_balanced_logreg_fold2_v1.joblib
2,jpeg_q50,QWEN_0476_nano_banana_20,1,0.15606623888015747,qwen::nano-banana-2.0,,models/v2/clip_lora_fold2_best_v1.pt,models/v2/v2_10b_h2_balanced_logreg_fold2_v1.joblib
2,jpeg_q50,QWEN_0476_nano_banana_pro,1,0.0011921762488782406,qwen::nano-banana-pro,,models/v2/clip_lora_fold2_best_v1.pt,models/v2/v2_10b_h2_balanced_logreg_fold2_v1.joblib
2,jpeg_q50,QWEN_0476_Seedream_40,1,0.003801540704444051,qwen::Seedream-4.0,,models/v2/clip_lora_fold2_best_v1.pt,models/v2/v2_10b_h2_balanced_logreg_fold2_v1.joblib
2,jpeg_q50,QWEN_0476_GLM_Image,1,0.008749051950871944,qwen::GLM-Image,,models/v2/clip_lora_fold2_best_v1.pt,models/v2/v2_10b_h2_balanced_logreg_fold2_v1.joblib
2,jpeg_q50,QWEN_0480_nano_banana_20,1,0.0025293889921158552,qwen::nano-banana-2.0,,models/v2/clip_lora_fold2_best_v1.pt,models/v2/v2_10b_h2_balanced_logreg_fold2_v1.joblib
2,jpeg_q50,QWEN_0480_nano_banana_pro,1,0.003710648277774453,qwen::nano-banana-pro,,models/v2/clip_lora_fold2_best_v1.pt,models/v2/v2_10b_h2_balanced_logreg_fold2_v1.joblib
2,jpeg_q50,QWEN_0480_Seedream_40,1,0.0031852349638938904,qwen::Seedream-4.0,,models/v2/clip_lora_fold2_best_v1.pt,models/v2/v2_10b_h2_balanced_logreg_fold2_v1.joblib
2,jpeg_q50,QWEN_0480_GLM_Image,1,0.003882652148604393,qwen::GLM-Image,,models/v2/clip_lora_fold2_best_v1.pt,models/v2/v2_10b_h2_balanced_logreg_fold2_v1.joblib
2,jpeg_q50,QWEN_0507_nano_banana_20,1,0.05563056096434593,qwen::nano-banana-2.0,,models/v2/clip_lora_fold2_best_v1.pt,models/v2/v2_10b_h2_balanced_logreg_fold2_v1.joblib
2,jpeg_q50,QWEN_0507_nano_banana_pro,1,0.0014537519309669733,qwen::nano-banana-pro,,models/v2/clip_lora_fold2_best_v1.pt,models/v2/v2_10b_h2_balanced_logreg_fold2_v1.joblib
2,jpeg_q50,QWEN_0507_Seedream_40,1,0.17704571783542633,qwen::Seedream-4.0,,models/v2/clip_lora_fold2_best_v1.pt,models/v2/v2_10b_h2_balanced_logreg_fold2_v1.joblib
2,jpeg_q50,QWEN_0507_GLM_Image,1,0.008818528614938259,qwen::GLM-Image,,models/v2/clip_lora_fold2_best_v1.pt,models/v2/v2_10b_h2_balanced_logreg_fold2_v1.joblib
2,jpeg_q50,QWEN_0518_nano_banana_20,1,0.012600827030837536,qwen::nano-banana-2.0,,models/v2/clip_lora_fold2_best_v1.pt,models/v2/v2_10b_h2_balanced_logreg_fold2_v1.joblib
2,jpeg_q50,QWEN_0518_nano_banana_pro,1,0.055087532848119736,qwen::nano-banana-pro,,models/v2/clip_lora_fold2_best_v1.pt,models/v2/v2_10b_h2_balanced_logreg_fold2_v1.joblib
2,jpeg_q50,QWEN_0518_Seedream_40,1,0.007427582051604986,qwen::Seedream-4.0,,models/v2/clip_lora_fold2_best_v1.pt,models/v2/v2_10b_h2_balanced_logreg_fold2_v1.joblib
2,jpeg_q50,QWEN_0518_GLM_Image,1,0.02489328756928444,qwen::GLM-Image,,models/v2/clip_lora_fold2_best_v1.pt,models/v2/v2_10b_h2_balanced_logreg_fold2_v1.joblib
2,jpeg_q50,QWEN_0524_nano_banana_20,1,0.012335908599197865,qwen::nano-banana-2.0,,models/v2/clip_lora_fold2_best_v1.pt,models/v2/v2_10b_h2_balanced_logreg_fold2_v1.joblib
2,jpeg_q50,QWEN_0524_nano_banana_pro,1,0.013817712664604187,qwen::nano-banana-pro,,models/v2/clip_lora_fold2_best_v1.pt,models/v2/v2_10b_h2_balanced_logreg_fold2_v1.joblib
2,jpeg_q50,QWEN_0524_Seedream_40,1,0.01117982342839241,qwen::Seedream-4.0,,models/v2/clip_lora_fold2_best_v1.pt,models/v2/v2_10b_h2_balanced_logreg_fold2_v1.joblib
2,jpeg_q50,QWEN_0524_GLM_Image,1,0.016582155600190163,qwen::GLM-Image,,models/v2/clip_lora_fold2_best_v1.pt,models/v2/v2_10b_h2_balanced_logreg_fold2_v1.joblib
2,jpeg_q50,QWEN_0553_nano_banana_20,1,0.009440047666430473,qwen::nano-banana-2.0,,models/v2/clip_lora_fold2_best_v1.pt,models/v2/v2_10b_h2_balanced_logreg_fold2_v1.joblib
2,jpeg_q50,QWEN_0553_nano_banana_pro,1,0.15428292751312256,qwen::nano-banana-pro,,models/v2/clip_lora_fold2_best_v1.pt,models/v2/v2_10b_h2_balanced_logreg_fold2_v1.joblib
2,jpeg_q50,QWEN_0553_Seedream_40,1,0.01449316181242466,qwen::Seedream-4.0,,models/v2/clip_lora_fold2_best_v1.pt,models/v2/v2_10b_h2_balanced_logreg_fold2_v1.joblib
2,jpeg_q50,QWEN_0553_GLM_Image,1,0.17927336692810059,qwen::GLM-Image,,models/v2/clip_lora_fold2_best_v1.pt,models/v2/v2_10b_h2_balanced_logreg_fold2_v1.joblib
2,jpeg_q50,QWEN_0592_nano_banana_20,1,0.007547909393906593,qwen::nano-banana-2.0,,models/v2/clip_lora_fold2_best_v1.pt,models/v2/v2_10b_h2_balanced_logreg_fold2_v1.joblib
2,jpeg_q50,QWEN_0592_nano_banana_pro,1,0.0021164496429264545,qwen::nano-banana-pro,,models/v2/clip_lora_fold2_best_v1.pt,models/v2/v2_10b_h2_balanced_logreg_fold2_v1.joblib
2,jpeg_q50,QWEN_0592_Seedream_40,1,0.007974550127983093,qwen::Seedream-4.0,,models/v2/clip_lora_fold2_best_v1.pt,models/v2/v2_10b_h2_balanced_logreg_fold2_v1.joblib
2,jpeg_q50,QWEN_0592_GLM_Image,1,0.012831726111471653,qwen::GLM-Image,,models/v2/clip_lora_fold2_best_v1.pt,models/v2/v2_10b_h2_balanced_logreg_fold2_v1.joblib
2,jpeg_q50,QWEN_0594_nano_banana_20,1,0.0239937175065279,qwen::nano-banana-2.0,,models/v2/clip_lora_fold2_best_v1.pt,models/v2/v2_10b_h2_balanced_logreg_fold2_v1.joblib
2,jpeg_q50,QWEN_0594_nano_banana_pro,1,0.018204575404524803,qwen::nano-banana-pro,,models/v2/clip_lora_fold2_best_v1.pt,models/v2/v2_10b_h2_balanced_logreg_fold2_v1.joblib
2,jpeg_q50,QWEN_0594_Seedream_40,1,0.023411711677908897,qwen::Seedream-4.0,,models/v2/clip_lora_fold2_best_v1.pt,models/v2/v2_10b_h2_balanced_logreg_fold2_v1.joblib
2,jpeg_q50,QWEN_0594_GLM_Image,1,0.029116949066519737,qwen::GLM-Image,,models/v2/clip_lora_fold2_best_v1.pt,models/v2/v2_10b_h2_balanced_logreg_fold2_v1.joblib
2,jpeg_q50,QWEN_0597_nano_banana_20,1,0.14341647922992706,qwen::nano-banana-2.0,,models/v2/clip_lora_fold2_best_v1.pt,models/v2/v2_10b_h2_balanced_logreg_fold2_v1.joblib
2,jpeg_q50,QWEN_0597_nano_banana_pro,1,0.001359826186671853,qwen::nano-banana-pro,,models/v2/clip_lora_fold2_best_v1.pt,models/v2/v2_10b_h2_balanced_logreg_fold2_v1.joblib
2,jpeg_q50,QWEN_0597_Seedream_40,1,0.007473461329936981,qwen::Seedream-4.0,,models/v2/clip_lora_fold2_best_v1.pt,models/v2/v2_10b_h2_balanced_logreg_fold2_v1.joblib
2,jpeg_q50,QWEN_0597_GLM_Image,1,0.039578527212142944,qwen::GLM-Image,,models/v2/clip_lora_fold2_best_v1.pt,models/v2/v2_10b_h2_balanced_logreg_fold2_v1.joblib
2,jpeg_q50,QWEN_0621_nano_banana_20,1,0.04556236043572426,qwen::nano-banana-2.0,,models/v2/clip_lora_fold2_best_v1.pt,models/v2/v2_10b_h2_balanced_logreg_fold2_v1.joblib
2,jpeg_q50,QWEN_0621_nano_banana_pro,1,0.005926266312599182,qwen::nano-banana-pro,,models/v2/clip_lora_fold2_best_v1.pt,models/v2/v2_10b_h2_balanced_logreg_fold2_v1.joblib
2,jpeg_q50,QWEN_0621_Seedream_40,1,0.00722101517021656,qwen::Seedream-4.0,,models/v2/clip_lora_fold2_best_v1.pt,models/v2/v2_10b_h2_balanced_logreg_fold2_v1.joblib
2,jpeg_q50,QWEN_0621_GLM_Image,1,0.03656838461756706,qwen::GLM-Image,,models/v2/clip_lora_fold2_best_v1.pt,models/v2/v2_10b_h2_balanced_logreg_fold2_v1.joblib
2,jpeg_q50,QWEN_0634_nano_banana_20,1,0.02959701605141163,qwen::nano-banana-2.0,,models/v2/clip_lora_fold2_best_v1.pt,models/v2/v2_10b_h2_balanced_logreg_fold2_v1.joblib
2,jpeg_q50,QWEN_0634_nano_banana_pro,1,0.013417873531579971,qwen::nano-banana-pro,,models/v2/clip_lora_fold2_best_v1.pt,models/v2/v2_10b_h2_balanced_logreg_fold2_v1.joblib
2,jpeg_q50,QWEN_0634_Seedream_40,1,0.22935478389263153,qwen::Seedream-4.0,,models/v2/clip_lora_fold2_best_v1.pt,models/v2/v2_10b_h2_balanced_logreg_fold2_v1.joblib
2,jpeg_q50,QWEN_0634_GLM_Image,1,0.04756138101220131,qwen::GLM-Image,,models/v2/clip_lora_fold2_best_v1.pt,models/v2/v2_10b_h2_balanced_logreg_fold2_v1.joblib
2,jpeg_q50,QWEN_0637_nano_banana_20,1,0.06132630258798599,qwen::nano-banana-2.0,,models/v2/clip_lora_fold2_best_v1.pt,models/v2/v2_10b_h2_balanced_logreg_fold2_v1.joblib
2,jpeg_q50,QWEN_0637_nano_banana_pro,1,0.2799829840660095,qwen::nano-banana-pro,,models/v2/clip_lora_fold2_best_v1.pt,models/v2/v2_10b_h2_balanced_logreg_fold2_v1.joblib
2,jpeg_q50,QWEN_0637_Seedream_40,1,0.17398911714553833,qwen::Seedream-4.0,,models/v2/clip_lora_fold2_best_v1.pt,models/v2/v2_10b_h2_balanced_logreg_fold2_v1.joblib
2,jpeg_q50,QWEN_0637_GLM_Image,1,0.054645322263240814,qwen::GLM-Image,,models/v2/clip_lora_fold2_best_v1.pt,models/v2/v2_10b_h2_balanced_logreg_fold2_v1.joblib
2,jpeg_q50,QWEN_0644_nano_banana_20,1,0.13668623566627502,qwen::nano-banana-2.0,,models/v2/clip_lora_fold2_best_v1.pt,models/v2/v2_10b_h2_balanced_logreg_fold2_v1.joblib
2,jpeg_q50,QWEN_0644_nano_banana_pro,1,0.20490947365760803,qwen::nano-banana-pro,,models/v2/clip_lora_fold2_best_v1.pt,models/v2/v2_10b_h2_balanced_logreg_fold2_v1.joblib
2,jpeg_q50,QWEN_0644_Seedream_40,1,0.1301911324262619,qwen::Seedream-4.0,,models/v2/clip_lora_fold2_best_v1.pt,models/v2/v2_10b_h2_balanced_logreg_fold2_v1.joblib
2,jpeg_q50,QWEN_0644_GLM_Image,1,0.4821661412715912,qwen::GLM-Image,,models/v2/clip_lora_fold2_best_v1.pt,models/v2/v2_10b_h2_balanced_logreg_fold2_v1.joblib
2,jpeg_q50,QWEN_0656_nano_banana_20,1,0.02812548540532589,qwen::nano-banana-2.0,,models/v2/clip_lora_fold2_best_v1.pt,models/v2/v2_10b_h2_balanced_logreg_fold2_v1.joblib
2,jpeg_q50,QWEN_0656_nano_banana_pro,1,0.02043544501066208,qwen::nano-banana-pro,,models/v2/clip_lora_fold2_best_v1.pt,models/v2/v2_10b_h2_balanced_logreg_fold2_v1.joblib
2,jpeg_q50,QWEN_0656_Seedream_40,1,0.02396034076809883,qwen::Seedream-4.0,,models/v2/clip_lora_fold2_best_v1.pt,models/v2/v2_10b_h2_balanced_logreg_fold2_v1.joblib
2,jpeg_q50,QWEN_0656_GLM_Image,1,0.023082338273525238,qwen::GLM-Image,,models/v2/clip_lora_fold2_best_v1.pt,models/v2/v2_10b_h2_balanced_logreg_fold2_v1.joblib
2,jpeg_q50,QWEN_0657_nano_banana_20,1,0.17061325907707214,qwen::nano-banana-2.0,,models/v2/clip_lora_fold2_best_v1.pt,models/v2/v2_10b_h2_balanced_logreg_fold2_v1.joblib
2,jpeg_q50,QWEN_0657_nano_banana_pro,1,0.10451848804950714,qwen::nano-banana-pro,,models/v2/clip_lora_fold2_best_v1.pt,models/v2/v2_10b_h2_balanced_logreg_fold2_v1.joblib
2,jpeg_q50,QWEN_0657_Seedream_40,1,0.07747136056423187,qwen::Seedream-4.0,,models/v2/clip_lora_fold2_best_v1.pt,models/v2/v2_10b_h2_balanced_logreg_fold2_v1.joblib
2,jpeg_q50,QWEN_0657_GLM_Image,1,0.11634901911020279,qwen::GLM-Image,,models/v2/clip_lora_fold2_best_v1.pt,models/v2/v2_10b_h2_balanced_logreg_fold2_v1.joblib
2,jpeg_q50,QWEN_0661_nano_banana_20,1,0.02105192467570305,qwen::nano-banana-2.0,,models/v2/clip_lora_fold2_best_v1.pt,models/v2/v2_10b_h2_balanced_logreg_fold2_v1.joblib
2,jpeg_q50,QWEN_0661_nano_banana_pro,1,0.020958466455340385,qwen::nano-banana-pro,,models/v2/clip_lora_fold2_best_v1.pt,models/v2/v2_10b_h2_balanced_logreg_fold2_v1.joblib
2,jpeg_q50,QWEN_0661_Seedream_40,1,0.03814012184739113,qwen::Seedream-4.0,,models/v2/clip_lora_fold2_best_v1.pt,models/v2/v2_10b_h2_balanced_logreg_fold2_v1.joblib
2,jpeg_q50,QWEN_0661_GLM_Image,1,0.06403803080320358,qwen::GLM-Image,,models/v2/clip_lora_fold2_best_v1.pt,models/v2/v2_10b_h2_balanced_logreg_fold2_v1.joblib
2,jpeg_q50,QWEN_0670_nano_banana_20,1,0.005099012982100248,qwen::nano-banana-2.0,,models/v2/clip_lora_fold2_best_v1.pt,models/v2/v2_10b_h2_balanced_logreg_fold2_v1.joblib
2,jpeg_q50,QWEN_0670_nano_banana_pro,1,0.19280460476875305,qwen::nano-banana-pro,,models/v2/clip_lora_fold2_best_v1.pt,models/v2/v2_10b_h2_balanced_logreg_fold2_v1.joblib
2,jpeg_q50,QWEN_0670_Seedream_40,1,0.061510391533374786,qwen::Seedream-4.0,,models/v2/clip_lora_fold2_best_v1.pt,models/v2/v2_10b_h2_balanced_logreg_fold2_v1.joblib
2,jpeg_q50,QWEN_0670_GLM_Image,1,0.016138307750225067,qwen::GLM-Image,,models/v2/clip_lora_fold2_best_v1.pt,models/v2/v2_10b_h2_balanced_logreg_fold2_v1.joblib
2,jpeg_q50,QWEN_0672_nano_banana_20,1,0.12606161832809448,qwen::nano-banana-2.0,,models/v2/clip_lora_fold2_best_v1.pt,models/v2/v2_10b_h2_balanced_logreg_fold2_v1.joblib
2,jpeg_q50,QWEN_0672_nano_banana_pro,1,0.08577222377061844,qwen::nano-banana-pro,,models/v2/clip_lora_fold2_best_v1.pt,models/v2/v2_10b_h2_balanced_logreg_fold2_v1.joblib
2,jpeg_q50,QWEN_0672_Seedream_40,1,0.05807507410645485,qwen::Seedream-4.0,,models/v2/clip_lora_fold2_best_v1.pt,models/v2/v2_10b_h2_balanced_logreg_fold2_v1.joblib
2,jpeg_q50,QWEN_0672_GLM_Image,1,0.08053869009017944,qwen::GLM-Image,,models/v2/clip_lora_fold2_best_v1.pt,models/v2/v2_10b_h2_balanced_logreg_fold2_v1.joblib
2,jpeg_q50,QWEN_0682_nano_banana_20,1,0.04573202133178711,qwen::nano-banana-2.0,,models/v2/clip_lora_fold2_best_v1.pt,models/v2/v2_10b_h2_balanced_logreg_fold2_v1.joblib
2,jpeg_q50,QWEN_0682_nano_banana_pro,1,0.6042752265930176,qwen::nano-banana-pro,,models/v2/clip_lora_fold2_best_v1.pt,models/v2/v2_10b_h2_balanced_logreg_fold2_v1.joblib
2,jpeg_q50,QWEN_0682_Seedream_40,1,0.0804460346698761,qwen::Seedream-4.0,,models/v2/clip_lora_fold2_best_v1.pt,models/v2/v2_10b_h2_balanced_logreg_fold2_v1.joblib
2,jpeg_q50,QWEN_0682_GLM_Image,1,0.1592211276292801,qwen::GLM-Image,,models/v2/clip_lora_fold2_best_v1.pt,models/v2/v2_10b_h2_balanced_logreg_fold2_v1.joblib
2,jpeg_q50,QWEN_0691_nano_banana_20,1,0.034859735518693924,qwen::nano-banana-2.0,,models/v2/clip_lora_fold2_best_v1.pt,models/v2/v2_10b_h2_balanced_logreg_fold2_v1.joblib
2,jpeg_q50,QWEN_0691_nano_banana_pro,1,0.014925393275916576,qwen::nano-banana-pro,,models/v2/clip_lora_fold2_best_v1.pt,models/v2/v2_10b_h2_balanced_logreg_fold2_v1.joblib
2,jpeg_q50,QWEN_0691_Seedream_40,1,0.013133334927260876,qwen::Seedream-4.0,,models/v2/clip_lora_fold2_best_v1.pt,models/v2/v2_10b_h2_balanced_logreg_fold2_v1.joblib
2,jpeg_q50,QWEN_0691_GLM_Image,1,0.045908328145742416,qwen::GLM-Image,,models/v2/clip_lora_fold2_best_v1.pt,models/v2/v2_10b_h2_balanced_logreg_fold2_v1.joblib
2,jpeg_q50,QWEN_0696_nano_banana_20,1,0.48004281520843506,qwen::nano-banana-2.0,,models/v2/clip_lora_fold2_best_v1.pt,models/v2/v2_10b_h2_balanced_logreg_fold2_v1.joblib
2,jpeg_q50,QWEN_0696_nano_banana_pro,1,0.35811904072761536,qwen::nano-banana-pro,,models/v2/clip_lora_fold2_best_v1.pt,models/v2/v2_10b_h2_balanced_logreg_fold2_v1.joblib
2,jpeg_q50,QWEN_0696_Seedream_40,1,0.5408986210823059,qwen::Seedream-4.0,,models/v2/clip_lora_fold2_best_v1.pt,models/v2/v2_10b_h2_balanced_logreg_fold2_v1.joblib
2,jpeg_q50,QWEN_0696_GLM_Image,1,0.4938429594039917,qwen::GLM-Image,,models/v2/clip_lora_fold2_best_v1.pt,models/v2/v2_10b_h2_balanced_logreg_fold2_v1.joblib
2,jpeg_q50,QWEN_0699_nano_banana_20,1,0.035058073699474335,qwen::nano-banana-2.0,,models/v2/clip_lora_fold2_best_v1.pt,models/v2/v2_10b_h2_balanced_logreg_fold2_v1.joblib
2,jpeg_q50,QWEN_0699_nano_banana_pro,1,0.024206021800637245,qwen::nano-banana-pro,,models/v2/clip_lora_fold2_best_v1.pt,models/v2/v2_10b_h2_balanced_logreg_fold2_v1.joblib
2,jpeg_q50,QWEN_0699_Seedream_40,1,0.023656517267227173,qwen::Seedream-4.0,,models/v2/clip_lora_fold2_best_v1.pt,models/v2/v2_10b_h2_balanced_logreg_fold2_v1.joblib
2,jpeg_q50,QWEN_0699_GLM_Image,1,0.006216238718479872,qwen::GLM-Image,,models/v2/clip_lora_fold2_best_v1.pt,models/v2/v2_10b_h2_balanced_logreg_fold2_v1.joblib
2,jpeg_q50,QWEN_0713_nano_banana_20,1,0.003185570938512683,qwen::nano-banana-2.0,,models/v2/clip_lora_fold2_best_v1.pt,models/v2/v2_10b_h2_balanced_logreg_fold2_v1.joblib
2,jpeg_q50,QWEN_0713_nano_banana_pro,1,0.007582374382764101,qwen::nano-banana-pro,,models/v2/clip_lora_fold2_best_v1.pt,models/v2/v2_10b_h2_balanced_logreg_fold2_v1.joblib
2,jpeg_q50,QWEN_0713_Seedream_40,1,0.029169000685214996,qwen::Seedream-4.0,,models/v2/clip_lora_fold2_best_v1.pt,models/v2/v2_10b_h2_balanced_logreg_fold2_v1.joblib
2,jpeg_q50,QWEN_0713_GLM_Image,1,0.008329678326845169,qwen::GLM-Image,,models/v2/clip_lora_fold2_best_v1.pt,models/v2/v2_10b_h2_balanced_logreg_fold2_v1.joblib
2,jpeg_q50,QWEN_0715_nano_banana_20,1,0.029706375673413277,qwen::nano-banana-2.0,,models/v2/clip_lora_fold2_best_v1.pt,models/v2/v2_10b_h2_balanced_logreg_fold2_v1.joblib
2,jpeg_q50,QWEN_0715_nano_banana_pro,1,0.023241350427269936,qwen::nano-banana-pro,,models/v2/clip_lora_fold2_best_v1.pt,models/v2/v2_10b_h2_balanced_logreg_fold2_v1.joblib
2,jpeg_q50,QWEN_0715_Seedream_40,1,0.07836848497390747,qwen::Seedream-4.0,,models/v2/clip_lora_fold2_best_v1.pt,models/v2/v2_10b_h2_balanced_logreg_fold2_v1.joblib
2,jpeg_q50,QWEN_0715_GLM_Image,1,0.017740745097398758,qwen::GLM-Image,,models/v2/clip_lora_fold2_best_v1.pt,models/v2/v2_10b_h2_balanced_logreg_fold2_v1.joblib
2,jpeg_q50,QWEN_0717_nano_banana_20,1,0.04605863615870476,qwen::nano-banana-2.0,,models/v2/clip_lora_fold2_best_v1.pt,models/v2/v2_10b_h2_balanced_logreg_fold2_v1.joblib
2,jpeg_q50,QWEN_0717_nano_banana_pro,1,0.03251545503735542,qwen::nano-banana-pro,,models/v2/clip_lora_fold2_best_v1.pt,models/v2/v2_10b_h2_balanced_logreg_fold2_v1.joblib
2,jpeg_q50,QWEN_0717_Seedream_40,1,0.11352907866239548,qwen::Seedream-4.0,,models/v2/clip_lora_fold2_best_v1.pt,models/v2/v2_10b_h2_balanced_logreg_fold2_v1.joblib
2,jpeg_q50,QWEN_0717_GLM_Image,1,0.06032668426632881,qwen::GLM-Image,,models/v2/clip_lora_fold2_best_v1.pt,models/v2/v2_10b_h2_balanced_logreg_fold2_v1.joblib
2,jpeg_q50,QWEN_0721_nano_banana_20,1,0.046659648418426514,qwen::nano-banana-2.0,,models/v2/clip_lora_fold2_best_v1.pt,models/v2/v2_10b_h2_balanced_logreg_fold2_v1.joblib
2,jpeg_q50,QWEN_0721_nano_banana_pro,1,0.027586854994297028,qwen::nano-banana-pro,,models/v2/clip_lora_fold2_best_v1.pt,models/v2/v2_10b_h2_balanced_logreg_fold2_v1.joblib
2,jpeg_q50,QWEN_0721_Seedream_40,1,0.14483729004859924,qwen::Seedream-4.0,,models/v2/clip_lora_fold2_best_v1.pt,models/v2/v2_10b_h2_balanced_logreg_fold2_v1.joblib
2,jpeg_q50,QWEN_0721_GLM_Image,1,0.40042388439178467,qwen::GLM-Image,,models/v2/clip_lora_fold2_best_v1.pt,models/v2/v2_10b_h2_balanced_logreg_fold2_v1.joblib
2,jpeg_q50,QWEN_0723_nano_banana_20,1,0.007618764881044626,qwen::nano-banana-2.0,,models/v2/clip_lora_fold2_best_v1.pt,models/v2/v2_10b_h2_balanced_logreg_fold2_v1.joblib
2,jpeg_q50,QWEN_0723_nano_banana_pro,1,0.0238143689930439,qwen::nano-banana-pro,,models/v2/clip_lora_fold2_best_v1.pt,models/v2/v2_10b_h2_balanced_logreg_fold2_v1.joblib
2,jpeg_q50,QWEN_0723_Seedream_40,1,0.050782449543476105,qwen::Seedream-4.0,,models/v2/clip_lora_fold2_best_v1.pt,models/v2/v2_10b_h2_balanced_logreg_fold2_v1.joblib
2,jpeg_q50,QWEN_0723_GLM_Image,1,0.008083045482635498,qwen::GLM-Image,,models/v2/clip_lora_fold2_best_v1.pt,models/v2/v2_10b_h2_balanced_logreg_fold2_v1.joblib
2,jpeg_q50,QWEN_0740_nano_banana_20,1,0.02292478270828724,qwen::nano-banana-2.0,,models/v2/clip_lora_fold2_best_v1.pt,models/v2/v2_10b_h2_balanced_logreg_fold2_v1.joblib
2,jpeg_q50,QWEN_0740_nano_banana_pro,1,0.2809905409812927,qwen::nano-banana-pro,,models/v2/clip_lora_fold2_best_v1.pt,models/v2/v2_10b_h2_balanced_logreg_fold2_v1.joblib
2,jpeg_q50,QWEN_0740_Seedream_40,1,0.1110905334353447,qwen::Seedream-4.0,,models/v2/clip_lora_fold2_best_v1.pt,models/v2/v2_10b_h2_balanced_logreg_fold2_v1.joblib
2,jpeg_q50,QWEN_0740_GLM_Image,1,0.34569576382637024,qwen::GLM-Image,,models/v2/clip_lora_fold2_best_v1.pt,models/v2/v2_10b_h2_balanced_logreg_fold2_v1.joblib
2,jpeg_q50,QWEN_0760_nano_banana_20,1,0.015292058698832989,qwen::nano-banana-2.0,,models/v2/clip_lora_fold2_best_v1.pt,models/v2/v2_10b_h2_balanced_logreg_fold2_v1.joblib
2,jpeg_q50,QWEN_0760_nano_banana_pro,1,0.021460480988025665,qwen::nano-banana-pro,,models/v2/clip_lora_fold2_best_v1.pt,models/v2/v2_10b_h2_balanced_logreg_fold2_v1.joblib
2,jpeg_q50,QWEN_0760_Seedream_40,1,0.016284340992569923,qwen::Seedream-4.0,,models/v2/clip_lora_fold2_best_v1.pt,models/v2/v2_10b_h2_balanced_logreg_fold2_v1.joblib
2,jpeg_q50,QWEN_0760_GLM_Image,1,0.32631421089172363,qwen::GLM-Image,,models/v2/clip_lora_fold2_best_v1.pt,models/v2/v2_10b_h2_balanced_logreg_fold2_v1.joblib
2,jpeg_q50,QWEN_0764_nano_banana_20,1,0.2687514126300812,qwen::nano-banana-2.0,,models/v2/clip_lora_fold2_best_v1.pt,models/v2/v2_10b_h2_balanced_logreg_fold2_v1.joblib
2,jpeg_q50,QWEN_0764_nano_banana_pro,1,0.3279445469379425,qwen::nano-banana-pro,,models/v2/clip_lora_fold2_best_v1.pt,models/v2/v2_10b_h2_balanced_logreg_fold2_v1.joblib
2,jpeg_q50,QWEN_0764_Seedream_40,1,0.10549941658973694,qwen::Seedream-4.0,,models/v2/clip_lora_fold2_best_v1.pt,models/v2/v2_10b_h2_balanced_logreg_fold2_v1.joblib
2,jpeg_q50,QWEN_0764_GLM_Image,1,0.05405591428279877,qwen::GLM-Image,,models/v2/clip_lora_fold2_best_v1.pt,models/v2/v2_10b_h2_balanced_logreg_fold2_v1.joblib
2,jpeg_q50,QWEN_0772_nano_banana_20,1,0.22286634147167206,qwen::nano-banana-2.0,,models/v2/clip_lora_fold2_best_v1.pt,models/v2/v2_10b_h2_balanced_logreg_fold2_v1.joblib
2,jpeg_q50,QWEN_0772_nano_banana_pro,1,0.23336216807365417,qwen::nano-banana-pro,,models/v2/clip_lora_fold2_best_v1.pt,models/v2/v2_10b_h2_balanced_logreg_fold2_v1.joblib
2,jpeg_q50,QWEN_0772_Seedream_40,1,0.18321208655834198,qwen::Seedream-4.0,,models/v2/clip_lora_fold2_best_v1.pt,models/v2/v2_10b_h2_balanced_logreg_fold2_v1.joblib
2,jpeg_q50,QWEN_0772_GLM_Image,1,0.6506682634353638,qwen::GLM-Image,,models/v2/clip_lora_fold2_best_v1.pt,models/v2/v2_10b_h2_balanced_logreg_fold2_v1.joblib
2,jpeg_q50,QWEN_0773_nano_banana_20,1,0.110784150660038,qwen::nano-banana-2.0,,models/v2/clip_lora_fold2_best_v1.pt,models/v2/v2_10b_h2_balanced_logreg_fold2_v1.joblib
2,jpeg_q50,QWEN_0773_nano_banana_pro,1,0.17720897495746613,qwen::nano-banana-pro,,models/v2/clip_lora_fold2_best_v1.pt,models/v2/v2_10b_h2_balanced_logreg_fold2_v1.joblib
2,jpeg_q50,QWEN_0773_Seedream_40,1,0.03802764415740967,qwen::Seedream-4.0,,models/v2/clip_lora_fold2_best_v1.pt,models/v2/v2_10b_h2_balanced_logreg_fold2_v1.joblib
2,jpeg_q50,QWEN_0773_GLM_Image,1,0.005392742808908224,qwen::GLM-Image,,models/v2/clip_lora_fold2_best_v1.pt,models/v2/v2_10b_h2_balanced_logreg_fold2_v1.joblib
2,jpeg_q50,QWEN_0777_nano_banana_20,1,0.31517234444618225,qwen::nano-banana-2.0,,models/v2/clip_lora_fold2_best_v1.pt,models/v2/v2_10b_h2_balanced_logreg_fold2_v1.joblib
2,jpeg_q50,QWEN_0777_nano_banana_pro,1,0.09562613815069199,qwen::nano-banana-pro,,models/v2/clip_lora_fold2_best_v1.pt,models/v2/v2_10b_h2_balanced_logreg_fold2_v1.joblib
2,jpeg_q50,QWEN_0777_Seedream_40,1,0.1029725968837738,qwen::Seedream-4.0,,models/v2/clip_lora_fold2_best_v1.pt,models/v2/v2_10b_h2_balanced_logreg_fold2_v1.joblib
2,jpeg_q50,QWEN_0777_GLM_Image,1,0.18065480887889862,qwen::GLM-Image,,models/v2/clip_lora_fold2_best_v1.pt,models/v2/v2_10b_h2_balanced_logreg_fold2_v1.joblib
2,jpeg_q50,QWEN_0778_nano_banana_20,1,0.11159494519233704,qwen::nano-banana-2.0,,models/v2/clip_lora_fold2_best_v1.pt,models/v2/v2_10b_h2_balanced_logreg_fold2_v1.joblib
2,jpeg_q50,QWEN_0778_nano_banana_pro,1,0.07702257484197617,qwen::nano-banana-pro,,models/v2/clip_lora_fold2_best_v1.pt,models/v2/v2_10b_h2_balanced_logreg_fold2_v1.joblib
2,jpeg_q50,QWEN_0778_Seedream_40,1,0.040963441133499146,qwen::Seedream-4.0,,models/v2/clip_lora_fold2_best_v1.pt,models/v2/v2_10b_h2_balanced_logreg_fold2_v1.joblib
2,jpeg_q50,QWEN_0778_GLM_Image,1,0.003891507163643837,qwen::GLM-Image,,models/v2/clip_lora_fold2_best_v1.pt,models/v2/v2_10b_h2_balanced_logreg_fold2_v1.joblib
2,jpeg_q50,QWEN_0799_nano_banana_20,1,0.014547818340361118,qwen::nano-banana-2.0,,models/v2/clip_lora_fold2_best_v1.pt,models/v2/v2_10b_h2_balanced_logreg_fold2_v1.joblib
2,jpeg_q50,QWEN_0799_nano_banana_pro,1,0.023562317714095116,qwen::nano-banana-pro,,models/v2/clip_lora_fold2_best_v1.pt,models/v2/v2_10b_h2_balanced_logreg_fold2_v1.joblib
2,jpeg_q50,QWEN_0799_Seedream_40,1,0.007645255420356989,qwen::Seedream-4.0,,models/v2/clip_lora_fold2_best_v1.pt,models/v2/v2_10b_h2_balanced_logreg_fold2_v1.joblib
2,jpeg_q50,QWEN_0799_GLM_Image,1,0.03500409051775932,qwen::GLM-Image,,models/v2/clip_lora_fold2_best_v1.pt,models/v2/v2_10b_h2_balanced_logreg_fold2_v1.joblib
2,jpeg_q50,QWEN_0805_nano_banana_20,1,0.140602245926857,qwen::nano-banana-2.0,,models/v2/clip_lora_fold2_best_v1.pt,models/v2/v2_10b_h2_balanced_logreg_fold2_v1.joblib
2,jpeg_q50,QWEN_0805_nano_banana_pro,1,0.00942249596118927,qwen::nano-banana-pro,,models/v2/clip_lora_fold2_best_v1.pt,models/v2/v2_10b_h2_balanced_logreg_fold2_v1.joblib
2,jpeg_q50,QWEN_0805_Seedream_40,1,0.01989961601793766,qwen::Seedream-4.0,,models/v2/clip_lora_fold2_best_v1.pt,models/v2/v2_10b_h2_balanced_logreg_fold2_v1.joblib
2,jpeg_q50,QWEN_0805_GLM_Image,1,0.003975091502070427,qwen::GLM-Image,,models/v2/clip_lora_fold2_best_v1.pt,models/v2/v2_10b_h2_balanced_logreg_fold2_v1.joblib
2,jpeg_q50,QWEN_0820_nano_banana_20,1,0.007263376377522945,qwen::nano-banana-2.0,,models/v2/clip_lora_fold2_best_v1.pt,models/v2/v2_10b_h2_balanced_logreg_fold2_v1.joblib
2,jpeg_q50,QWEN_0820_nano_banana_pro,1,0.06883784383535385,qwen::nano-banana-pro,,models/v2/clip_lora_fold2_best_v1.pt,models/v2/v2_10b_h2_balanced_logreg_fold2_v1.joblib
2,jpeg_q50,QWEN_0820_Seedream_40,1,0.08900158852338791,qwen::Seedream-4.0,,models/v2/clip_lora_fold2_best_v1.pt,models/v2/v2_10b_h2_balanced_logreg_fold2_v1.joblib
2,jpeg_q50,QWEN_0820_GLM_Image,1,0.010957028716802597,qwen::GLM-Image,,models/v2/clip_lora_fold2_best_v1.pt,models/v2/v2_10b_h2_balanced_logreg_fold2_v1.joblib
2,jpeg_q50,QWEN_0824_nano_banana_20,1,0.00806601531803608,qwen::nano-banana-2.0,,models/v2/clip_lora_fold2_best_v1.pt,models/v2/v2_10b_h2_balanced_logreg_fold2_v1.joblib
2,jpeg_q50,QWEN_0824_nano_banana_pro,1,0.0037888328079134226,qwen::nano-banana-pro,,models/v2/clip_lora_fold2_best_v1.pt,models/v2/v2_10b_h2_balanced_logreg_fold2_v1.joblib
2,jpeg_q50,QWEN_0824_Seedream_40,1,0.012942645698785782,qwen::Seedream-4.0,,models/v2/clip_lora_fold2_best_v1.pt,models/v2/v2_10b_h2_balanced_logreg_fold2_v1.joblib
2,jpeg_q50,QWEN_0824_GLM_Image,1,0.027897948399186134,qwen::GLM-Image,,models/v2/clip_lora_fold2_best_v1.pt,models/v2/v2_10b_h2_balanced_logreg_fold2_v1.joblib
2,jpeg_q50,QWEN_0831_nano_banana_20,1,0.010506277903914452,qwen::nano-banana-2.0,,models/v2/clip_lora_fold2_best_v1.pt,models/v2/v2_10b_h2_balanced_logreg_fold2_v1.joblib
2,jpeg_q50,QWEN_0831_nano_banana_pro,1,0.0315454825758934,qwen::nano-banana-pro,,models/v2/clip_lora_fold2_best_v1.pt,models/v2/v2_10b_h2_balanced_logreg_fold2_v1.joblib
2,jpeg_q50,QWEN_0831_Seedream_40,1,0.08252182602882385,qwen::Seedream-4.0,,models/v2/clip_lora_fold2_best_v1.pt,models/v2/v2_10b_h2_balanced_logreg_fold2_v1.joblib
2,jpeg_q50,QWEN_0831_GLM_Image,1,0.027711784467101097,qwen::GLM-Image,,models/v2/clip_lora_fold2_best_v1.pt,models/v2/v2_10b_h2_balanced_logreg_fold2_v1.joblib
2,jpeg_q50,QWEN_0836_nano_banana_20,1,0.09557295590639114,qwen::nano-banana-2.0,,models/v2/clip_lora_fold2_best_v1.pt,models/v2/v2_10b_h2_balanced_logreg_fold2_v1.joblib
2,jpeg_q50,QWEN_0836_nano_banana_pro,1,0.28470203280448914,qwen::nano-banana-pro,,models/v2/clip_lora_fold2_best_v1.pt,models/v2/v2_10b_h2_balanced_logreg_fold2_v1.joblib
2,jpeg_q50,QWEN_0836_Seedream_40,1,0.17196951806545258,qwen::Seedream-4.0,,models/v2/clip_lora_fold2_best_v1.pt,models/v2/v2_10b_h2_balanced_logreg_fold2_v1.joblib
2,jpeg_q50,QWEN_0836_GLM_Image,1,0.06458929926156998,qwen::GLM-Image,,models/v2/clip_lora_fold2_best_v1.pt,models/v2/v2_10b_h2_balanced_logreg_fold2_v1.joblib
2,jpeg_q50,QWEN_0847_nano_banana_20,1,0.03218977525830269,qwen::nano-banana-2.0,,models/v2/clip_lora_fold2_best_v1.pt,models/v2/v2_10b_h2_balanced_logreg_fold2_v1.joblib
2,jpeg_q50,QWEN_0847_nano_banana_pro,1,0.013191252015531063,qwen::nano-banana-pro,,models/v2/clip_lora_fold2_best_v1.pt,models/v2/v2_10b_h2_balanced_logreg_fold2_v1.joblib
2,jpeg_q50,QWEN_0847_Seedream_40,1,0.02032378874719143,qwen::Seedream-4.0,,models/v2/clip_lora_fold2_best_v1.pt,models/v2/v2_10b_h2_balanced_logreg_fold2_v1.joblib
2,jpeg_q50,QWEN_0847_GLM_Image,1,0.11130189150571823,qwen::GLM-Image,,models/v2/clip_lora_fold2_best_v1.pt,models/v2/v2_10b_h2_balanced_logreg_fold2_v1.joblib
2,jpeg_q50,QWEN_0857_nano_banana_20,1,0.06530158221721649,qwen::nano-banana-2.0,,models/v2/clip_lora_fold2_best_v1.pt,models/v2/v2_10b_h2_balanced_logreg_fold2_v1.joblib
2,jpeg_q50,QWEN_0857_nano_banana_pro,1,0.1339993178844452,qwen::nano-banana-pro,,models/v2/clip_lora_fold2_best_v1.pt,models/v2/v2_10b_h2_balanced_logreg_fold2_v1.joblib
2,jpeg_q50,QWEN_0857_Seedream_40,1,0.03169381245970726,qwen::Seedream-4.0,,models/v2/clip_lora_fold2_best_v1.pt,models/v2/v2_10b_h2_balanced_logreg_fold2_v1.joblib
2,jpeg_q50,QWEN_0857_GLM_Image,1,0.03298158198595047,qwen::GLM-Image,,models/v2/clip_lora_fold2_best_v1.pt,models/v2/v2_10b_h2_balanced_logreg_fold2_v1.joblib
2,jpeg_q50,QWEN_0876_nano_banana_20,1,0.0076203481294214725,qwen::nano-banana-2.0,,models/v2/clip_lora_fold2_best_v1.pt,models/v2/v2_10b_h2_balanced_logreg_fold2_v1.joblib
2,jpeg_q50,QWEN_0876_nano_banana_pro,1,0.01558638270944357,qwen::nano-banana-pro,,models/v2/clip_lora_fold2_best_v1.pt,models/v2/v2_10b_h2_balanced_logreg_fold2_v1.joblib
2,jpeg_q50,QWEN_0876_Seedream_40,1,0.009343625046312809,qwen::Seedream-4.0,,models/v2/clip_lora_fold2_best_v1.pt,models/v2/v2_10b_h2_balanced_logreg_fold2_v1.joblib
2,jpeg_q50,QWEN_0876_GLM_Image,1,0.06824692338705063,qwen::GLM-Image,,models/v2/clip_lora_fold2_best_v1.pt,models/v2/v2_10b_h2_balanced_logreg_fold2_v1.joblib
2,jpeg_q50,QWEN_0887_nano_banana_20,1,0.02284468524158001,qwen::nano-banana-2.0,,models/v2/clip_lora_fold2_best_v1.pt,models/v2/v2_10b_h2_balanced_logreg_fold2_v1.joblib
2,jpeg_q50,QWEN_0887_nano_banana_pro,1,0.04414398968219757,qwen::nano-banana-pro,,models/v2/clip_lora_fold2_best_v1.pt,models/v2/v2_10b_h2_balanced_logreg_fold2_v1.joblib
2,jpeg_q50,QWEN_0887_Seedream_40,1,0.013882879167795181,qwen::Seedream-4.0,,models/v2/clip_lora_fold2_best_v1.pt,models/v2/v2_10b_h2_balanced_logreg_fold2_v1.joblib
2,jpeg_q50,QWEN_0887_GLM_Image,1,0.03804364427924156,qwen::GLM-Image,,models/v2/clip_lora_fold2_best_v1.pt,models/v2/v2_10b_h2_balanced_logreg_fold2_v1.joblib
2,jpeg_q50,QWEN_0890_nano_banana_20,1,0.08694082498550415,qwen::nano-banana-2.0,,models/v2/clip_lora_fold2_best_v1.pt,models/v2/v2_10b_h2_balanced_logreg_fold2_v1.joblib
2,jpeg_q50,QWEN_0890_nano_banana_pro,1,0.024112984538078308,qwen::nano-banana-pro,,models/v2/clip_lora_fold2_best_v1.pt,models/v2/v2_10b_h2_balanced_logreg_fold2_v1.joblib
2,jpeg_q50,QWEN_0890_Seedream_40,1,0.07145348936319351,qwen::Seedream-4.0,,models/v2/clip_lora_fold2_best_v1.pt,models/v2/v2_10b_h2_balanced_logreg_fold2_v1.joblib
2,jpeg_q50,QWEN_0890_GLM_Image,1,0.018008103594183922,qwen::GLM-Image,,models/v2/clip_lora_fold2_best_v1.pt,models/v2/v2_10b_h2_balanced_logreg_fold2_v1.joblib
2,jpeg_q50,QWEN_0894_nano_banana_20,1,0.012284570373594761,qwen::nano-banana-2.0,,models/v2/clip_lora_fold2_best_v1.pt,models/v2/v2_10b_h2_balanced_logreg_fold2_v1.joblib
2,jpeg_q50,QWEN_0894_nano_banana_pro,1,0.008311061188578606,qwen::nano-banana-pro,,models/v2/clip_lora_fold2_best_v1.pt,models/v2/v2_10b_h2_balanced_logreg_fold2_v1.joblib
2,jpeg_q50,QWEN_0894_Seedream_40,1,0.00811048038303852,qwen::Seedream-4.0,,models/v2/clip_lora_fold2_best_v1.pt,models/v2/v2_10b_h2_balanced_logreg_fold2_v1.joblib
2,jpeg_q50,QWEN_0894_GLM_Image,1,0.032342031598091125,qwen::GLM-Image,,models/v2/clip_lora_fold2_best_v1.pt,models/v2/v2_10b_h2_balanced_logreg_fold2_v1.joblib
2,jpeg_q50,QWEN_0919_nano_banana_20,1,0.015378346666693687,qwen::nano-banana-2.0,,models/v2/clip_lora_fold2_best_v1.pt,models/v2/v2_10b_h2_balanced_logreg_fold2_v1.joblib
2,jpeg_q50,QWEN_0919_nano_banana_pro,1,0.043086305260658264,qwen::nano-banana-pro,,models/v2/clip_lora_fold2_best_v1.pt,models/v2/v2_10b_h2_balanced_logreg_fold2_v1.joblib
2,jpeg_q50,QWEN_0919_Seedream_40,1,0.09004344046115875,qwen::Seedream-4.0,,models/v2/clip_lora_fold2_best_v1.pt,models/v2/v2_10b_h2_balanced_logreg_fold2_v1.joblib
2,jpeg_q50,QWEN_0919_GLM_Image,1,0.07987093925476074,qwen::GLM-Image,,models/v2/clip_lora_fold2_best_v1.pt,models/v2/v2_10b_h2_balanced_logreg_fold2_v1.joblib
2,jpeg_q50,QWEN_0923_nano_banana_20,1,0.022069592028856277,qwen::nano-banana-2.0,,models/v2/clip_lora_fold2_best_v1.pt,models/v2/v2_10b_h2_balanced_logreg_fold2_v1.joblib
2,jpeg_q50,QWEN_0923_nano_banana_pro,1,0.03495681285858154,qwen::nano-banana-pro,,models/v2/clip_lora_fold2_best_v1.pt,models/v2/v2_10b_h2_balanced_logreg_fold2_v1.joblib
2,jpeg_q50,QWEN_0923_Seedream_40,1,0.02350977063179016,qwen::Seedream-4.0,,models/v2/clip_lora_fold2_best_v1.pt,models/v2/v2_10b_h2_balanced_logreg_fold2_v1.joblib
2,jpeg_q50,QWEN_0923_GLM_Image,1,0.014935723505914211,qwen::GLM-Image,,models/v2/clip_lora_fold2_best_v1.pt,models/v2/v2_10b_h2_balanced_logreg_fold2_v1.joblib
2,jpeg_q50,QWEN_0933_nano_banana_20,1,0.2001596987247467,qwen::nano-banana-2.0,,models/v2/clip_lora_fold2_best_v1.pt,models/v2/v2_10b_h2_balanced_logreg_fold2_v1.joblib
2,jpeg_q50,QWEN_0933_nano_banana_pro,1,0.0224048662930727,qwen::nano-banana-pro,,models/v2/clip_lora_fold2_best_v1.pt,models/v2/v2_10b_h2_balanced_logreg_fold2_v1.joblib
2,jpeg_q50,QWEN_0933_Seedream_40,1,0.4012064039707184,qwen::Seedream-4.0,,models/v2/clip_lora_fold2_best_v1.pt,models/v2/v2_10b_h2_balanced_logreg_fold2_v1.joblib
2,jpeg_q50,QWEN_0933_GLM_Image,1,0.045491818338632584,qwen::GLM-Image,,models/v2/clip_lora_fold2_best_v1.pt,models/v2/v2_10b_h2_balanced_logreg_fold2_v1.joblib
2,jpeg_q50,QWEN_0951_nano_banana_20,1,0.05348619073629379,qwen::nano-banana-2.0,,models/v2/clip_lora_fold2_best_v1.pt,models/v2/v2_10b_h2_balanced_logreg_fold2_v1.joblib
2,jpeg_q50,QWEN_0951_nano_banana_pro,1,0.03114182874560356,qwen::nano-banana-pro,,models/v2/clip_lora_fold2_best_v1.pt,models/v2/v2_10b_h2_balanced_logreg_fold2_v1.joblib
2,jpeg_q50,QWEN_0951_Seedream_40,1,0.04726330190896988,qwen::Seedream-4.0,,models/v2/clip_lora_fold2_best_v1.pt,models/v2/v2_10b_h2_balanced_logreg_fold2_v1.joblib
2,jpeg_q50,QWEN_0951_GLM_Image,1,0.17036786675453186,qwen::GLM-Image,,models/v2/clip_lora_fold2_best_v1.pt,models/v2/v2_10b_h2_balanced_logreg_fold2_v1.joblib
2,jpeg_q50,QWEN_0964_nano_banana_20,1,0.039129652082920074,qwen::nano-banana-2.0,,models/v2/clip_lora_fold2_best_v1.pt,models/v2/v2_10b_h2_balanced_logreg_fold2_v1.joblib
2,jpeg_q50,QWEN_0964_nano_banana_pro,1,0.018389742821455002,qwen::nano-banana-pro,,models/v2/clip_lora_fold2_best_v1.pt,models/v2/v2_10b_h2_balanced_logreg_fold2_v1.joblib
2,jpeg_q50,QWEN_0964_Seedream_40,1,0.10905721038579941,qwen::Seedream-4.0,,models/v2/clip_lora_fold2_best_v1.pt,models/v2/v2_10b_h2_balanced_logreg_fold2_v1.joblib
2,jpeg_q50,QWEN_0964_GLM_Image,1,0.03588571026921272,qwen::GLM-Image,,models/v2/clip_lora_fold2_best_v1.pt,models/v2/v2_10b_h2_balanced_logreg_fold2_v1.joblib
2,jpeg_q50,QWEN_0965_nano_banana_20,1,0.0551736056804657,qwen::nano-banana-2.0,,models/v2/clip_lora_fold2_best_v1.pt,models/v2/v2_10b_h2_balanced_logreg_fold2_v1.joblib
2,jpeg_q50,QWEN_0965_nano_banana_pro,1,0.011560721322894096,qwen::nano-banana-pro,,models/v2/clip_lora_fold2_best_v1.pt,models/v2/v2_10b_h2_balanced_logreg_fold2_v1.joblib
2,jpeg_q50,QWEN_0965_Seedream_40,1,0.0006688234279863536,qwen::Seedream-4.0,,models/v2/clip_lora_fold2_best_v1.pt,models/v2/v2_10b_h2_balanced_logreg_fold2_v1.joblib
2,jpeg_q50,QWEN_0965_GLM_Image,1,0.0028944939840584993,qwen::GLM-Image,,models/v2/clip_lora_fold2_best_v1.pt,models/v2/v2_10b_h2_balanced_logreg_fold2_v1.joblib
2,jpeg_q50,QWEN_0980_nano_banana_20,1,0.0009199462365359068,qwen::nano-banana-2.0,,models/v2/clip_lora_fold2_best_v1.pt,models/v2/v2_10b_h2_balanced_logreg_fold2_v1.joblib
2,jpeg_q50,QWEN_0980_nano_banana_pro,1,0.0002891523181460798,qwen::nano-banana-pro,,models/v2/clip_lora_fold2_best_v1.pt,models/v2/v2_10b_h2_balanced_logreg_fold2_v1.joblib
2,jpeg_q50,QWEN_0980_Seedream_40,1,0.0005979357520118356,qwen::Seedream-4.0,,models/v2/clip_lora_fold2_best_v1.pt,models/v2/v2_10b_h2_balanced_logreg_fold2_v1.joblib
2,jpeg_q50,QWEN_0980_GLM_Image,1,0.0011251813266426325,qwen::GLM-Image,,models/v2/clip_lora_fold2_best_v1.pt,models/v2/v2_10b_h2_balanced_logreg_fold2_v1.joblib
2,jpeg_q50,SMARTPHONE_266094,0,0.001350275008007884,real::Smartphone,Smartphone,models/v2/clip_lora_fold2_best_v1.pt,models/v2/v2_10b_h2_balanced_logreg_fold2_v1.joblib
2,jpeg_q50,SMARTPHONE_918488,0,0.000596523517742753,real::Smartphone,Smartphone,models/v2/clip_lora_fold2_best_v1.pt,models/v2/v2_10b_h2_balanced_logreg_fold2_v1.joblib
2,jpeg_q50,SMARTPHONE_363988,0,0.00023963135026860982,real::Smartphone,Smartphone,models/v2/clip_lora_fold2_best_v1.pt,models/v2/v2_10b_h2_balanced_logreg_fold2_v1.joblib
2,jpeg_q50,SMARTPHONE_699009,0,0.0002474092470947653,real::Smartphone,Smartphone,models/v2/clip_lora_fold2_best_v1.pt,models/v2/v2_10b_h2_balanced_logreg_fold2_v1.joblib
2,jpeg_q50,SMARTPHONE_722548,0,0.0005051107727922499,real::Smartphone,Smartphone,models/v2/clip_lora_fold2_best_v1.pt,models/v2/v2_10b_h2_balanced_logreg_fold2_v1.joblib
2,jpeg_q50,SMARTPHONE_1014820,0,0.0009413266670890152,real::Smartphone,Smartphone,models/v2/clip_lora_fold2_best_v1.pt,models/v2/v2_10b_h2_balanced_logreg_fold2_v1.joblib
2,jpeg_q50,SMARTPHONE_869981,0,0.004715143237262964,real::Smartphone,Smartphone,models/v2/clip_lora_fold2_best_v1.pt,models/v2/v2_10b_h2_balanced_logreg_fold2_v1.joblib
2,jpeg_q50,SMARTPHONE_549095,0,0.000613968528341502,real::Smartphone,Smartphone,models/v2/clip_lora_fold2_best_v1.pt,models/v2/v2_10b_h2_balanced_logreg_fold2_v1.joblib
2,jpeg_q50,SMARTPHONE_836705,0,0.00037775872624479234,real::Smartphone,Smartphone,models/v2/clip_lora_fold2_best_v1.pt,models/v2/v2_10b_h2_balanced_logreg_fold2_v1.joblib
2,jpeg_q50,SMARTPHONE_289713,0,8.638209692435339e-05,real::Smartphone,Smartphone,models/v2/clip_lora_fold2_best_v1.pt,models/v2/v2_10b_h2_balanced_logreg_fold2_v1.joblib
2,jpeg_q50,SMARTPHONE_260800,0,0.00027398174279369414,real::Smartphone,Smartphone,models/v2/clip_lora_fold2_best_v1.pt,models/v2/v2_10b_h2_balanced_logreg_fold2_v1.joblib
2,jpeg_q50,SMARTPHONE_422421,0,0.0001625002478249371,real::Smartphone,Smartphone,models/v2/clip_lora_fold2_best_v1.pt,models/v2/v2_10b_h2_balanced_logreg_fold2_v1.joblib
2,jpeg_q50,SMARTPHONE_351851,0,0.00012197565229143947,real::Smartphone,Smartphone,models/v2/clip_lora_fold2_best_v1.pt,models/v2/v2_10b_h2_balanced_logreg_fold2_v1.joblib
2,jpeg_q50,SMARTPHONE_192766,0,0.00010690907220123336,real::Smartphone,Smartphone,models/v2/clip_lora_fold2_best_v1.pt,models/v2/v2_10b_h2_balanced_logreg_fold2_v1.joblib
2,jpeg_q50,SMARTPHONE_44895,0,0.00027308930293656886,real::Smartphone,Smartphone,models/v2/clip_lora_fold2_best_v1.pt,models/v2/v2_10b_h2_balanced_logreg_fold2_v1.joblib
2,jpeg_q50,SMARTPHONE_167869,0,0.00013485935050994158,real::Smartphone,Smartphone,models/v2/clip_lora_fold2_best_v1.pt,models/v2/v2_10b_h2_balanced_logreg_fold2_v1.joblib
2,jpeg_q50,SMARTPHONE_272002,0,3.899215516867116e-05,real::Smartphone,Smartphone,models/v2/clip_lora_fold2_best_v1.pt,models/v2/v2_10b_h2_balanced_logreg_fold2_v1.joblib
2,jpeg_q50,SMARTPHONE_271693,0,0.00040317242383025587,real::Smartphone,Smartphone,models/v2/clip_lora_fold2_best_v1.pt,models/v2/v2_10b_h2_balanced_logreg_fold2_v1.joblib
2,jpeg_q50,SMARTPHONE_246177,0,0.00015474979591090232,real::Smartphone,Smartphone,models/v2/clip_lora_fold2_best_v1.pt,models/v2/v2_10b_h2_balanced_logreg_fold2_v1.joblib
2,jpeg_q50,SMARTPHONE_266740,0,0.0006567936507053673,real::Smartphone,Smartphone,models/v2/clip_lora_fold2_best_v1.pt,models/v2/v2_10b_h2_balanced_logreg_fold2_v1.joblib
2,jpeg_q50,SMARTPHONE_668289,0,0.0021877081599086523,real::Smartphone,Smartphone,models/v2/clip_lora_fold2_best_v1.pt,models/v2/v2_10b_h2_balanced_logreg_fold2_v1.joblib
2,jpeg_q50,SMARTPHONE_332525,0,0.0018409464973956347,real::Smartphone,Smartphone,models/v2/clip_lora_fold2_best_v1.pt,models/v2/v2_10b_h2_balanced_logreg_fold2_v1.joblib
2,jpeg_q50,SMARTPHONE_426225,0,0.0008322055218741298,real::Smartphone,Smartphone,models/v2/clip_lora_fold2_best_v1.pt,models/v2/v2_10b_h2_balanced_logreg_fold2_v1.joblib
2,jpeg_q50,SMARTPHONE_378098,0,0.0021330825984477997,real::Smartphone,Smartphone,models/v2/clip_lora_fold2_best_v1.pt,models/v2/v2_10b_h2_balanced_logreg_fold2_v1.joblib
2,jpeg_q50,SMARTPHONE_517233,0,3.511411705403589e-05,real::Smartphone,Smartphone,models/v2/clip_lora_fold2_best_v1.pt,models/v2/v2_10b_h2_balanced_logreg_fold2_v1.joblib
2,jpeg_q50,SMARTPHONE_174520,0,0.0004576848878059536,real::Smartphone,Smartphone,models/v2/clip_lora_fold2_best_v1.pt,models/v2/v2_10b_h2_balanced_logreg_fold2_v1.joblib
2,jpeg_q50,SMARTPHONE_359516,0,0.0002775460307020694,real::Smartphone,Smartphone,models/v2/clip_lora_fold2_best_v1.pt,models/v2/v2_10b_h2_balanced_logreg_fold2_v1.joblib
2,jpeg_q50,SMARTPHONE_326129,0,0.000913599506020546,real::Smartphone,Smartphone,models/v2/clip_lora_fold2_best_v1.pt,models/v2/v2_10b_h2_balanced_logreg_fold2_v1.joblib
2,jpeg_q50,SMARTPHONE_334950,0,0.0001955465559149161,real::Smartphone,Smartphone,models/v2/clip_lora_fold2_best_v1.pt,models/v2/v2_10b_h2_balanced_logreg_fold2_v1.joblib
2,jpeg_q50,SMARTPHONE_769952,0,0.0006088205263949931,real::Smartphone,Smartphone,models/v2/clip_lora_fold2_best_v1.pt,models/v2/v2_10b_h2_balanced_logreg_fold2_v1.joblib
2,jpeg_q50,SMARTPHONE_192863,0,0.005798759404569864,real::Smartphone,Smartphone,models/v2/clip_lora_fold2_best_v1.pt,models/v2/v2_10b_h2_balanced_logreg_fold2_v1.joblib
2,jpeg_q50,SMARTPHONE_320452,0,0.00041419724584557116,real::Smartphone,Smartphone,models/v2/clip_lora_fold2_best_v1.pt,models/v2/v2_10b_h2_balanced_logreg_fold2_v1.joblib
2,jpeg_q50,SMARTPHONE_239140,0,0.0003013906243722886,real::Smartphone,Smartphone,models/v2/clip_lora_fold2_best_v1.pt,models/v2/v2_10b_h2_balanced_logreg_fold2_v1.joblib
2,jpeg_q50,SMARTPHONE_75765,0,7.80315967858769e-05,real::Smartphone,Smartphone,models/v2/clip_lora_fold2_best_v1.pt,models/v2/v2_10b_h2_balanced_logreg_fold2_v1.joblib
2,jpeg_q50,SMARTPHONE_981307,0,0.004281764850020409,real::Smartphone,Smartphone,models/v2/clip_lora_fold2_best_v1.pt,models/v2/v2_10b_h2_balanced_logreg_fold2_v1.joblib
2,jpeg_q50,SMARTPHONE_870916,0,0.0005061899428255856,real::Smartphone,Smartphone,models/v2/clip_lora_fold2_best_v1.pt,models/v2/v2_10b_h2_balanced_logreg_fold2_v1.joblib
2,jpeg_q50,SMARTPHONE_942708,0,0.0010180881945416331,real::Smartphone,Smartphone,models/v2/clip_lora_fold2_best_v1.pt,models/v2/v2_10b_h2_balanced_logreg_fold2_v1.joblib
2,jpeg_q50,SMARTPHONE_318426,0,0.0007021319470368326,real::Smartphone,Smartphone,models/v2/clip_lora_fold2_best_v1.pt,models/v2/v2_10b_h2_balanced_logreg_fold2_v1.joblib
2,jpeg_q50,SMARTPHONE_742680,0,0.00014277029549703002,real::Smartphone,Smartphone,models/v2/clip_lora_fold2_best_v1.pt,models/v2/v2_10b_h2_balanced_logreg_fold2_v1.joblib
2,jpeg_q50,SMARTPHONE_27966,0,0.0015708220889791846,real::Smartphone,Smartphone,models/v2/clip_lora_fold2_best_v1.pt,models/v2/v2_10b_h2_balanced_logreg_fold2_v1.joblib
2,jpeg_q50,SMARTPHONE_323765,0,0.00041608294122852385,real::Smartphone,Smartphone,models/v2/clip_lora_fold2_best_v1.pt,models/v2/v2_10b_h2_balanced_logreg_fold2_v1.joblib
2,jpeg_q50,SMARTPHONE_820544,0,0.0002559891145210713,real::Smartphone,Smartphone,models/v2/clip_lora_fold2_best_v1.pt,models/v2/v2_10b_h2_balanced_logreg_fold2_v1.joblib
2,jpeg_q50,SMARTPHONE_859864,0,0.0005457198712974787,real::Smartphone,Smartphone,models/v2/clip_lora_fold2_best_v1.pt,models/v2/v2_10b_h2_balanced_logreg_fold2_v1.joblib
2,jpeg_q50,SMARTPHONE_270777,0,0.002681391080841422,real::Smartphone,Smartphone,models/v2/clip_lora_fold2_best_v1.pt,models/v2/v2_10b_h2_balanced_logreg_fold2_v1.joblib
2,jpeg_q50,SMARTPHONE_625666,0,0.002064200583845377,real::Smartphone,Smartphone,models/v2/clip_lora_fold2_best_v1.pt,models/v2/v2_10b_h2_balanced_logreg_fold2_v1.joblib
2,jpeg_q50,SMARTPHONE_579219,0,0.0016029883408918977,real::Smartphone,Smartphone,models/v2/clip_lora_fold2_best_v1.pt,models/v2/v2_10b_h2_balanced_logreg_fold2_v1.joblib
2,jpeg_q50,SMARTPHONE_490360,0,0.0018141278997063637,real::Smartphone,Smartphone,models/v2/clip_lora_fold2_best_v1.pt,models/v2/v2_10b_h2_balanced_logreg_fold2_v1.joblib
2,jpeg_q50,SMARTPHONE_119728,0,0.0004762416356243193,real::Smartphone,Smartphone,models/v2/clip_lora_fold2_best_v1.pt,models/v2/v2_10b_h2_balanced_logreg_fold2_v1.joblib
2,jpeg_q50,SMARTPHONE_475651,0,0.0006228089914657176,real::Smartphone,Smartphone,models/v2/clip_lora_fold2_best_v1.pt,models/v2/v2_10b_h2_balanced_logreg_fold2_v1.joblib
2,jpeg_q50,SMARTPHONE_122407,0,0.0053775133565068245,real::Smartphone,Smartphone,models/v2/clip_lora_fold2_best_v1.pt,models/v2/v2_10b_h2_balanced_logreg_fold2_v1.joblib
2,jpeg_q50,SMARTPHONE_955778,0,7.163400732679293e-05,real::Smartphone,Smartphone,models/v2/clip_lora_fold2_best_v1.pt,models/v2/v2_10b_h2_balanced_logreg_fold2_v1.joblib
2,jpeg_q50,SMARTPHONE_663145,0,0.00037152404547668993,real::Smartphone,Smartphone,models/v2/clip_lora_fold2_best_v1.pt,models/v2/v2_10b_h2_balanced_logreg_fold2_v1.joblib
2,jpeg_q50,SMARTPHONE_488390,0,0.003869348671287298,real::Smartphone,Smartphone,models/v2/clip_lora_fold2_best_v1.pt,models/v2/v2_10b_h2_balanced_logreg_fold2_v1.joblib
2,jpeg_q50,SMARTPHONE_441390,0,0.0003634083259385079,real::Smartphone,Smartphone,models/v2/clip_lora_fold2_best_v1.pt,models/v2/v2_10b_h2_balanced_logreg_fold2_v1.joblib
2,jpeg_q50,SMARTPHONE_935640,0,0.0013167716097086668,real::Smartphone,Smartphone,models/v2/clip_lora_fold2_best_v1.pt,models/v2/v2_10b_h2_balanced_logreg_fold2_v1.joblib
2,jpeg_q50,SMARTPHONE_84216,0,0.00013433033018372953,real::Smartphone,Smartphone,models/v2/clip_lora_fold2_best_v1.pt,models/v2/v2_10b_h2_balanced_logreg_fold2_v1.joblib
2,jpeg_q50,SMARTPHONE_708116,0,0.00038281013257801533,real::Smartphone,Smartphone,models/v2/clip_lora_fold2_best_v1.pt,models/v2/v2_10b_h2_balanced_logreg_fold2_v1.joblib
2,jpeg_q50,SMARTPHONE_299168,0,0.0005828589200973511,real::Smartphone,Smartphone,models/v2/clip_lora_fold2_best_v1.pt,models/v2/v2_10b_h2_balanced_logreg_fold2_v1.joblib
2,jpeg_q50,SMARTPHONE_334534,0,0.00028788999770767987,real::Smartphone,Smartphone,models/v2/clip_lora_fold2_best_v1.pt,models/v2/v2_10b_h2_balanced_logreg_fold2_v1.joblib
2,jpeg_q50,SMARTPHONE_694587,0,0.003585385624319315,real::Smartphone,Smartphone,models/v2/clip_lora_fold2_best_v1.pt,models/v2/v2_10b_h2_balanced_logreg_fold2_v1.joblib
2,jpeg_q50,SMARTPHONE_905447,0,0.0008658255101181567,real::Smartphone,Smartphone,models/v2/clip_lora_fold2_best_v1.pt,models/v2/v2_10b_h2_balanced_logreg_fold2_v1.joblib
2,jpeg_q50,SMARTPHONE_844676,0,9.963724733097479e-05,real::Smartphone,Smartphone,models/v2/clip_lora_fold2_best_v1.pt,models/v2/v2_10b_h2_balanced_logreg_fold2_v1.joblib
2,jpeg_q50,SMARTPHONE_243727,0,0.0025498485192656517,real::Smartphone,Smartphone,models/v2/clip_lora_fold2_best_v1.pt,models/v2/v2_10b_h2_balanced_logreg_fold2_v1.joblib
2,jpeg_q50,SMARTPHONE_989294,0,0.0011499280808493495,real::Smartphone,Smartphone,models/v2/clip_lora_fold2_best_v1.pt,models/v2/v2_10b_h2_balanced_logreg_fold2_v1.joblib
2,jpeg_q50,SMARTPHONE_848122,0,0.0011116443201899529,real::Smartphone,Smartphone,models/v2/clip_lora_fold2_best_v1.pt,models/v2/v2_10b_h2_balanced_logreg_fold2_v1.joblib
2,jpeg_q50,SMARTPHONE_149671,0,0.003914561588317156,real::Smartphone,Smartphone,models/v2/clip_lora_fold2_best_v1.pt,models/v2/v2_10b_h2_balanced_logreg_fold2_v1.joblib
2,jpeg_q50,SMARTPHONE_868564,0,0.00012929739023093134,real::Smartphone,Smartphone,models/v2/clip_lora_fold2_best_v1.pt,models/v2/v2_10b_h2_balanced_logreg_fold2_v1.joblib
2,jpeg_q50,SMARTPHONE_66247,0,0.0003602189535740763,real::Smartphone,Smartphone,models/v2/clip_lora_fold2_best_v1.pt,models/v2/v2_10b_h2_balanced_logreg_fold2_v1.joblib
2,jpeg_q50,SMARTPHONE_983217,0,0.00020650670921895653,real::Smartphone,Smartphone,models/v2/clip_lora_fold2_best_v1.pt,models/v2/v2_10b_h2_balanced_logreg_fold2_v1.joblib
2,jpeg_q50,SMARTPHONE_98874,0,8.667667862027884e-05,real::Smartphone,Smartphone,models/v2/clip_lora_fold2_best_v1.pt,models/v2/v2_10b_h2_balanced_logreg_fold2_v1.joblib
2,jpeg_q50,SMARTPHONE_583377,0,0.0002985222963616252,real::Smartphone,Smartphone,models/v2/clip_lora_fold2_best_v1.pt,models/v2/v2_10b_h2_balanced_logreg_fold2_v1.joblib
2,jpeg_q50,SMARTPHONE_507774,0,0.00119746383279562,real::Smartphone,Smartphone,models/v2/clip_lora_fold2_best_v1.pt,models/v2/v2_10b_h2_balanced_logreg_fold2_v1.joblib
2,jpeg_q50,SMARTPHONE_691644,0,0.00020383197988849133,real::Smartphone,Smartphone,models/v2/clip_lora_fold2_best_v1.pt,models/v2/v2_10b_h2_balanced_logreg_fold2_v1.joblib
2,jpeg_q50,SMARTPHONE_577223,0,0.0003690792655106634,real::Smartphone,Smartphone,models/v2/clip_lora_fold2_best_v1.pt,models/v2/v2_10b_h2_balanced_logreg_fold2_v1.joblib
2,jpeg_q50,SMARTPHONE_570390,0,0.0025840115267783403,real::Smartphone,Smartphone,models/v2/clip_lora_fold2_best_v1.pt,models/v2/v2_10b_h2_balanced_logreg_fold2_v1.joblib
2,jpeg_q50,SMARTPHONE_428920,0,0.0011334194568917155,real::Smartphone,Smartphone,models/v2/clip_lora_fold2_best_v1.pt,models/v2/v2_10b_h2_balanced_logreg_fold2_v1.joblib
2,jpeg_q50,SMARTPHONE_238982,0,0.0005408442812040448,real::Smartphone,Smartphone,models/v2/clip_lora_fold2_best_v1.pt,models/v2/v2_10b_h2_balanced_logreg_fold2_v1.joblib
2,jpeg_q50,SMARTPHONE_696723,0,0.0014738482423126698,real::Smartphone,Smartphone,models/v2/clip_lora_fold2_best_v1.pt,models/v2/v2_10b_h2_balanced_logreg_fold2_v1.joblib
2,jpeg_q50,SMARTPHONE_806581,0,0.0007526667905040085,real::Smartphone,Smartphone,models/v2/clip_lora_fold2_best_v1.pt,models/v2/v2_10b_h2_balanced_logreg_fold2_v1.joblib
2,jpeg_q50,SMARTPHONE_299424,0,0.0017103340942412615,real::Smartphone,Smartphone,models/v2/clip_lora_fold2_best_v1.pt,models/v2/v2_10b_h2_balanced_logreg_fold2_v1.joblib
2,jpeg_q50,SMARTPHONE_476590,0,0.008012153208255768,real::Smartphone,Smartphone,models/v2/clip_lora_fold2_best_v1.pt,models/v2/v2_10b_h2_balanced_logreg_fold2_v1.joblib
2,jpeg_q50,SMARTPHONE_510927,0,0.00025597860803827643,real::Smartphone,Smartphone,models/v2/clip_lora_fold2_best_v1.pt,models/v2/v2_10b_h2_balanced_logreg_fold2_v1.joblib
2,jpeg_q50,SMARTPHONE_883526,0,0.0004075319448020309,real::Smartphone,Smartphone,models/v2/clip_lora_fold2_best_v1.pt,models/v2/v2_10b_h2_balanced_logreg_fold2_v1.joblib
2,jpeg_q50,SMARTPHONE_215884,0,0.0016819550655782223,real::Smartphone,Smartphone,models/v2/clip_lora_fold2_best_v1.pt,models/v2/v2_10b_h2_balanced_logreg_fold2_v1.joblib
2,jpeg_q50,SMARTPHONE_933366,0,0.00020420683722477406,real::Smartphone,Smartphone,models/v2/clip_lora_fold2_best_v1.pt,models/v2/v2_10b_h2_balanced_logreg_fold2_v1.joblib
2,jpeg_q50,SMARTPHONE_963937,0,0.0005147404153831303,real::Smartphone,Smartphone,models/v2/clip_lora_fold2_best_v1.pt,models/v2/v2_10b_h2_balanced_logreg_fold2_v1.joblib
2,jpeg_q50,SMARTPHONE_950858,0,0.0023283271584659815,real::Smartphone,Smartphone,models/v2/clip_lora_fold2_best_v1.pt,models/v2/v2_10b_h2_balanced_logreg_fold2_v1.joblib
2,jpeg_q50,SMARTPHONE_404163,0,0.003920284565538168,real::Smartphone,Smartphone,models/v2/clip_lora_fold2_best_v1.pt,models/v2/v2_10b_h2_balanced_logreg_fold2_v1.joblib
2,jpeg_q50,SMARTPHONE_948480,0,0.0020748956594616175,real::Smartphone,Smartphone,models/v2/clip_lora_fold2_best_v1.pt,models/v2/v2_10b_h2_balanced_logreg_fold2_v1.joblib
2,jpeg_q50,SMARTPHONE_102430,0,0.0015431658830493689,real::Smartphone,Smartphone,models/v2/clip_lora_fold2_best_v1.pt,models/v2/v2_10b_h2_balanced_logreg_fold2_v1.joblib
2,jpeg_q50,SMARTPHONE_286376,0,0.0008705544169060886,real::Smartphone,Smartphone,models/v2/clip_lora_fold2_best_v1.pt,models/v2/v2_10b_h2_balanced_logreg_fold2_v1.joblib
2,jpeg_q50,SMARTPHONE_806603,0,0.0019571203738451004,real::Smartphone,Smartphone,models/v2/clip_lora_fold2_best_v1.pt,models/v2/v2_10b_h2_balanced_logreg_fold2_v1.joblib
2,jpeg_q50,SMARTPHONE_55372,0,0.00035489958827383816,real::Smartphone,Smartphone,models/v2/clip_lora_fold2_best_v1.pt,models/v2/v2_10b_h2_balanced_logreg_fold2_v1.joblib
2,jpeg_q50,SMARTPHONE_166817,0,0.001042523537762463,real::Smartphone,Smartphone,models/v2/clip_lora_fold2_best_v1.pt,models/v2/v2_10b_h2_balanced_logreg_fold2_v1.joblib
2,jpeg_q50,SMARTPHONE_226584,0,0.001434102887287736,real::Smartphone,Smartphone,models/v2/clip_lora_fold2_best_v1.pt,models/v2/v2_10b_h2_balanced_logreg_fold2_v1.joblib
2,jpeg_q50,SMARTPHONE_816382,0,0.0009315103525295854,real::Smartphone,Smartphone,models/v2/clip_lora_fold2_best_v1.pt,models/v2/v2_10b_h2_balanced_logreg_fold2_v1.joblib
2,jpeg_q50,SMARTPHONE_346922,0,0.0011429660953581333,real::Smartphone,Smartphone,models/v2/clip_lora_fold2_best_v1.pt,models/v2/v2_10b_h2_balanced_logreg_fold2_v1.joblib
2,jpeg_q50,SMARTPHONE_77346,0,0.0013314563548192382,real::Smartphone,Smartphone,models/v2/clip_lora_fold2_best_v1.pt,models/v2/v2_10b_h2_balanced_logreg_fold2_v1.joblib
2,jpeg_q50,SMARTPHONE_670061,0,0.0009365705773234367,real::Smartphone,Smartphone,models/v2/clip_lora_fold2_best_v1.pt,models/v2/v2_10b_h2_balanced_logreg_fold2_v1.joblib
2,jpeg_q50,SMARTPHONE_1015273,0,0.0012509515509009361,real::Smartphone,Smartphone,models/v2/clip_lora_fold2_best_v1.pt,models/v2/v2_10b_h2_balanced_logreg_fold2_v1.joblib
2,jpeg_q50,SMARTPHONE_24728,0,0.0004066420951858163,real::Smartphone,Smartphone,models/v2/clip_lora_fold2_best_v1.pt,models/v2/v2_10b_h2_balanced_logreg_fold2_v1.joblib
2,jpeg_q50,SMARTPHONE_39238,0,0.003732766257598996,real::Smartphone,Smartphone,models/v2/clip_lora_fold2_best_v1.pt,models/v2/v2_10b_h2_balanced_logreg_fold2_v1.joblib
2,jpeg_q50,SMARTPHONE_342534,0,0.0020292289555072784,real::Smartphone,Smartphone,models/v2/clip_lora_fold2_best_v1.pt,models/v2/v2_10b_h2_balanced_logreg_fold2_v1.joblib
2,jpeg_q50,SMARTPHONE_104494,0,0.00015693550813011825,real::Smartphone,Smartphone,models/v2/clip_lora_fold2_best_v1.pt,models/v2/v2_10b_h2_balanced_logreg_fold2_v1.joblib
2,jpeg_q50,SMARTPHONE_636591,0,0.04316512495279312,real::Smartphone,Smartphone,models/v2/clip_lora_fold2_best_v1.pt,models/v2/v2_10b_h2_balanced_logreg_fold2_v1.joblib
2,jpeg_q50,SMARTPHONE_248008,0,0.00021631456911563873,real::Smartphone,Smartphone,models/v2/clip_lora_fold2_best_v1.pt,models/v2/v2_10b_h2_balanced_logreg_fold2_v1.joblib
2,jpeg_q50,SMARTPHONE_204711,0,0.0003666841075755656,real::Smartphone,Smartphone,models/v2/clip_lora_fold2_best_v1.pt,models/v2/v2_10b_h2_balanced_logreg_fold2_v1.joblib
2,jpeg_q50,SMARTPHONE_976959,0,0.002550263423472643,real::Smartphone,Smartphone,models/v2/clip_lora_fold2_best_v1.pt,models/v2/v2_10b_h2_balanced_logreg_fold2_v1.joblib
2,jpeg_q50,SMARTPHONE_165101,0,8.138254634104669e-05,real::Smartphone,Smartphone,models/v2/clip_lora_fold2_best_v1.pt,models/v2/v2_10b_h2_balanced_logreg_fold2_v1.joblib
2,jpeg_q50,SMARTPHONE_506356,0,0.0012949913507327437,real::Smartphone,Smartphone,models/v2/clip_lora_fold2_best_v1.pt,models/v2/v2_10b_h2_balanced_logreg_fold2_v1.joblib
2,jpeg_q50,SMARTPHONE_943065,0,0.001585376332513988,real::Smartphone,Smartphone,models/v2/clip_lora_fold2_best_v1.pt,models/v2/v2_10b_h2_balanced_logreg_fold2_v1.joblib
2,jpeg_q50,SMARTPHONE_775115,0,0.0013312255032360554,real::Smartphone,Smartphone,models/v2/clip_lora_fold2_best_v1.pt,models/v2/v2_10b_h2_balanced_logreg_fold2_v1.joblib
2,jpeg_q50,SMARTPHONE_267126,0,0.0008818026981316507,real::Smartphone,Smartphone,models/v2/clip_lora_fold2_best_v1.pt,models/v2/v2_10b_h2_balanced_logreg_fold2_v1.joblib
2,jpeg_q50,SMARTPHONE_813990,0,0.000268444448010996,real::Smartphone,Smartphone,models/v2/clip_lora_fold2_best_v1.pt,models/v2/v2_10b_h2_balanced_logreg_fold2_v1.joblib
2,jpeg_q50,SMARTPHONE_705719,0,0.0005751624121330678,real::Smartphone,Smartphone,models/v2/clip_lora_fold2_best_v1.pt,models/v2/v2_10b_h2_balanced_logreg_fold2_v1.joblib
2,jpeg_q50,SMARTPHONE_300398,0,0.0010584272677078843,real::Smartphone,Smartphone,models/v2/clip_lora_fold2_best_v1.pt,models/v2/v2_10b_h2_balanced_logreg_fold2_v1.joblib
2,jpeg_q50,SMARTPHONE_605242,0,0.0008319200715050101,real::Smartphone,Smartphone,models/v2/clip_lora_fold2_best_v1.pt,models/v2/v2_10b_h2_balanced_logreg_fold2_v1.joblib
2,jpeg_q50,SMARTPHONE_476852,0,0.0008656939025968313,real::Smartphone,Smartphone,models/v2/clip_lora_fold2_best_v1.pt,models/v2/v2_10b_h2_balanced_logreg_fold2_v1.joblib
2,jpeg_q50,SMARTPHONE_586003,0,0.0017502992413938046,real::Smartphone,Smartphone,models/v2/clip_lora_fold2_best_v1.pt,models/v2/v2_10b_h2_balanced_logreg_fold2_v1.joblib
2,jpeg_q50,SMARTPHONE_415955,0,0.0005887700826860964,real::Smartphone,Smartphone,models/v2/clip_lora_fold2_best_v1.pt,models/v2/v2_10b_h2_balanced_logreg_fold2_v1.joblib
2,jpeg_q50,SMARTPHONE_983469,0,0.0003210628929082304,real::Smartphone,Smartphone,models/v2/clip_lora_fold2_best_v1.pt,models/v2/v2_10b_h2_balanced_logreg_fold2_v1.joblib
2,jpeg_q50,SMARTPHONE_848429,0,0.00035479030339047313,real::Smartphone,Smartphone,models/v2/clip_lora_fold2_best_v1.pt,models/v2/v2_10b_h2_balanced_logreg_fold2_v1.joblib
2,jpeg_q50,SMARTPHONE_809215,0,0.0003238107601646334,real::Smartphone,Smartphone,models/v2/clip_lora_fold2_best_v1.pt,models/v2/v2_10b_h2_balanced_logreg_fold2_v1.joblib
2,jpeg_q50,SMARTPHONE_727593,0,0.000966746942140162,real::Smartphone,Smartphone,models/v2/clip_lora_fold2_best_v1.pt,models/v2/v2_10b_h2_balanced_logreg_fold2_v1.joblib
2,jpeg_q50,SMARTPHONE_66762,0,0.0001677058171480894,real::Smartphone,Smartphone,models/v2/clip_lora_fold2_best_v1.pt,models/v2/v2_10b_h2_balanced_logreg_fold2_v1.joblib
2,jpeg_q50,SMARTPHONE_257072,0,0.00048246231744997203,real::Smartphone,Smartphone,models/v2/clip_lora_fold2_best_v1.pt,models/v2/v2_10b_h2_balanced_logreg_fold2_v1.joblib
2,jpeg_q50,SMARTPHONE_483456,0,0.0001768125657690689,real::Smartphone,Smartphone,models/v2/clip_lora_fold2_best_v1.pt,models/v2/v2_10b_h2_balanced_logreg_fold2_v1.joblib
2,jpeg_q50,SMARTPHONE_494712,0,0.00017558377294335514,real::Smartphone,Smartphone,models/v2/clip_lora_fold2_best_v1.pt,models/v2/v2_10b_h2_balanced_logreg_fold2_v1.joblib
2,jpeg_q50,SMARTPHONE_883000,0,0.00027335240156389773,real::Smartphone,Smartphone,models/v2/clip_lora_fold2_best_v1.pt,models/v2/v2_10b_h2_balanced_logreg_fold2_v1.joblib
2,jpeg_q50,SMARTPHONE_879126,0,0.0008075716905295849,real::Smartphone,Smartphone,models/v2/clip_lora_fold2_best_v1.pt,models/v2/v2_10b_h2_balanced_logreg_fold2_v1.joblib
2,jpeg_q50,SMARTPHONE_39837,0,0.0003806157037615776,real::Smartphone,Smartphone,models/v2/clip_lora_fold2_best_v1.pt,models/v2/v2_10b_h2_balanced_logreg_fold2_v1.joblib
2,jpeg_q50,SMARTPHONE_1033666,0,0.0024078120477497578,real::Smartphone,Smartphone,models/v2/clip_lora_fold2_best_v1.pt,models/v2/v2_10b_h2_balanced_logreg_fold2_v1.joblib
2,jpeg_q50,SMARTPHONE_1002811,0,0.0006093255942687392,real::Smartphone,Smartphone,models/v2/clip_lora_fold2_best_v1.pt,models/v2/v2_10b_h2_balanced_logreg_fold2_v1.joblib
2,jpeg_q50,SMARTPHONE_640187,0,0.00040094059659168124,real::Smartphone,Smartphone,models/v2/clip_lora_fold2_best_v1.pt,models/v2/v2_10b_h2_balanced_logreg_fold2_v1.joblib
2,jpeg_q50,SMARTPHONE_624066,0,0.004746085032820702,real::Smartphone,Smartphone,models/v2/clip_lora_fold2_best_v1.pt,models/v2/v2_10b_h2_balanced_logreg_fold2_v1.joblib
2,jpeg_q50,SMARTPHONE_809493,0,0.000603912805672735,real::Smartphone,Smartphone,models/v2/clip_lora_fold2_best_v1.pt,models/v2/v2_10b_h2_balanced_logreg_fold2_v1.joblib
2,jpeg_q50,SMARTPHONE_686409,0,7.544989784946665e-05,real::Smartphone,Smartphone,models/v2/clip_lora_fold2_best_v1.pt,models/v2/v2_10b_h2_balanced_logreg_fold2_v1.joblib
2,jpeg_q50,SMARTPHONE_543198,0,0.0012889500940218568,real::Smartphone,Smartphone,models/v2/clip_lora_fold2_best_v1.pt,models/v2/v2_10b_h2_balanced_logreg_fold2_v1.joblib
2,jpeg_q50,SMARTPHONE_661693,0,0.006052711978554726,real::Smartphone,Smartphone,models/v2/clip_lora_fold2_best_v1.pt,models/v2/v2_10b_h2_balanced_logreg_fold2_v1.joblib
2,jpeg_q50,SMARTPHONE_230225,0,0.0012993240961804986,real::Smartphone,Smartphone,models/v2/clip_lora_fold2_best_v1.pt,models/v2/v2_10b_h2_balanced_logreg_fold2_v1.joblib
2,jpeg_q50,SMARTPHONE_1010126,0,0.0005688212113454938,real::Smartphone,Smartphone,models/v2/clip_lora_fold2_best_v1.pt,models/v2/v2_10b_h2_balanced_logreg_fold2_v1.joblib
2,jpeg_q50,SMARTPHONE_909011,0,0.0002784750540740788,real::Smartphone,Smartphone,models/v2/clip_lora_fold2_best_v1.pt,models/v2/v2_10b_h2_balanced_logreg_fold2_v1.joblib
2,jpeg_q50,SMARTPHONE_527623,0,0.00044178683310747147,real::Smartphone,Smartphone,models/v2/clip_lora_fold2_best_v1.pt,models/v2/v2_10b_h2_balanced_logreg_fold2_v1.joblib
2,jpeg_q50,SMARTPHONE_826493,0,0.0007975313346832991,real::Smartphone,Smartphone,models/v2/clip_lora_fold2_best_v1.pt,models/v2/v2_10b_h2_balanced_logreg_fold2_v1.joblib
2,jpeg_q50,SMARTPHONE_499885,0,0.0019513468723744154,real::Smartphone,Smartphone,models/v2/clip_lora_fold2_best_v1.pt,models/v2/v2_10b_h2_balanced_logreg_fold2_v1.joblib
2,jpeg_q50,SMARTPHONE_539735,0,0.0010443883948028088,real::Smartphone,Smartphone,models/v2/clip_lora_fold2_best_v1.pt,models/v2/v2_10b_h2_balanced_logreg_fold2_v1.joblib
2,jpeg_q50,SMARTPHONE_330547,0,0.0025347834452986717,real::Smartphone,Smartphone,models/v2/clip_lora_fold2_best_v1.pt,models/v2/v2_10b_h2_balanced_logreg_fold2_v1.joblib
2,jpeg_q50,SMARTPHONE_663961,0,0.0021271188743412495,real::Smartphone,Smartphone,models/v2/clip_lora_fold2_best_v1.pt,models/v2/v2_10b_h2_balanced_logreg_fold2_v1.joblib
2,jpeg_q50,SMARTPHONE_477639,0,0.0004155040660407394,real::Smartphone,Smartphone,models/v2/clip_lora_fold2_best_v1.pt,models/v2/v2_10b_h2_balanced_logreg_fold2_v1.joblib
2,jpeg_q50,SMARTPHONE_1001088,0,0.004477119073271751,real::Smartphone,Smartphone,models/v2/clip_lora_fold2_best_v1.pt,models/v2/v2_10b_h2_balanced_logreg_fold2_v1.joblib
2,jpeg_q50,SMARTPHONE_8274,0,0.000681369099766016,real::Smartphone,Smartphone,models/v2/clip_lora_fold2_best_v1.pt,models/v2/v2_10b_h2_balanced_logreg_fold2_v1.joblib
2,jpeg_q50,SMARTPHONE_808022,0,0.0019458670867606997,real::Smartphone,Smartphone,models/v2/clip_lora_fold2_best_v1.pt,models/v2/v2_10b_h2_balanced_logreg_fold2_v1.joblib
2,jpeg_q50,SMARTPHONE_475434,0,0.0029944172129034996,real::Smartphone,Smartphone,models/v2/clip_lora_fold2_best_v1.pt,models/v2/v2_10b_h2_balanced_logreg_fold2_v1.joblib
2,jpeg_q50,SMARTPHONE_455547,0,0.0008105321903713048,real::Smartphone,Smartphone,models/v2/clip_lora_fold2_best_v1.pt,models/v2/v2_10b_h2_balanced_logreg_fold2_v1.joblib
2,jpeg_q50,SMARTPHONE_365232,0,0.0004787698562722653,real::Smartphone,Smartphone,models/v2/clip_lora_fold2_best_v1.pt,models/v2/v2_10b_h2_balanced_logreg_fold2_v1.joblib
2,jpeg_q50,SMARTPHONE_914541,0,0.0045722429640591145,real::Smartphone,Smartphone,models/v2/clip_lora_fold2_best_v1.pt,models/v2/v2_10b_h2_balanced_logreg_fold2_v1.joblib
2,jpeg_q50,SMARTPHONE_67029,0,0.0012665705289691687,real::Smartphone,Smartphone,models/v2/clip_lora_fold2_best_v1.pt,models/v2/v2_10b_h2_balanced_logreg_fold2_v1.joblib
2,jpeg_q50,SMARTPHONE_258304,0,0.0006177111645229161,real::Smartphone,Smartphone,models/v2/clip_lora_fold2_best_v1.pt,models/v2/v2_10b_h2_balanced_logreg_fold2_v1.joblib
2,jpeg_q50,SMARTPHONE_146005,0,0.0016255397349596024,real::Smartphone,Smartphone,models/v2/clip_lora_fold2_best_v1.pt,models/v2/v2_10b_h2_balanced_logreg_fold2_v1.joblib
2,jpeg_q50,SMARTPHONE_643964,0,0.0028463019989430904,real::Smartphone,Smartphone,models/v2/clip_lora_fold2_best_v1.pt,models/v2/v2_10b_h2_balanced_logreg_fold2_v1.joblib
2,jpeg_q50,SMARTPHONE_192824,0,0.00022500043269246817,real::Smartphone,Smartphone,models/v2/clip_lora_fold2_best_v1.pt,models/v2/v2_10b_h2_balanced_logreg_fold2_v1.joblib
2,jpeg_q50,SMARTPHONE_264810,0,0.00034167675767093897,real::Smartphone,Smartphone,models/v2/clip_lora_fold2_best_v1.pt,models/v2/v2_10b_h2_balanced_logreg_fold2_v1.joblib
2,jpeg_q50,SMARTPHONE_735592,0,0.00011438004003139213,real::Smartphone,Smartphone,models/v2/clip_lora_fold2_best_v1.pt,models/v2/v2_10b_h2_balanced_logreg_fold2_v1.joblib
2,jpeg_q50,SMARTPHONE_473443,0,0.0003383848525118083,real::Smartphone,Smartphone,models/v2/clip_lora_fold2_best_v1.pt,models/v2/v2_10b_h2_balanced_logreg_fold2_v1.joblib
2,jpeg_q50,SMARTPHONE_902600,0,0.00032999791437759995,real::Smartphone,Smartphone,models/v2/clip_lora_fold2_best_v1.pt,models/v2/v2_10b_h2_balanced_logreg_fold2_v1.joblib
2,jpeg_q50,SMARTPHONE_166294,0,0.001515149255283177,real::Smartphone,Smartphone,models/v2/clip_lora_fold2_best_v1.pt,models/v2/v2_10b_h2_balanced_logreg_fold2_v1.joblib
2,jpeg_q50,SMARTPHONE_870855,0,0.0011845292756333947,real::Smartphone,Smartphone,models/v2/clip_lora_fold2_best_v1.pt,models/v2/v2_10b_h2_balanced_logreg_fold2_v1.joblib
2,jpeg_q50,SMARTPHONE_994349,0,0.0010019843466579914,real::Smartphone,Smartphone,models/v2/clip_lora_fold2_best_v1.pt,models/v2/v2_10b_h2_balanced_logreg_fold2_v1.joblib
2,jpeg_q50,SMARTPHONE_413030,0,0.0053355018608272076,real::Smartphone,Smartphone,models/v2/clip_lora_fold2_best_v1.pt,models/v2/v2_10b_h2_balanced_logreg_fold2_v1.joblib
2,jpeg_q50,SMARTPHONE_554363,0,0.014307183213531971,real::Smartphone,Smartphone,models/v2/clip_lora_fold2_best_v1.pt,models/v2/v2_10b_h2_balanced_logreg_fold2_v1.joblib
2,jpeg_q50,SMARTPHONE_67228,0,0.00291561265476048,real::Smartphone,Smartphone,models/v2/clip_lora_fold2_best_v1.pt,models/v2/v2_10b_h2_balanced_logreg_fold2_v1.joblib
2,jpeg_q50,SMARTPHONE_800579,0,0.000997835653834045,real::Smartphone,Smartphone,models/v2/clip_lora_fold2_best_v1.pt,models/v2/v2_10b_h2_balanced_logreg_fold2_v1.joblib
2,jpeg_q50,SMARTPHONE_569429,0,0.0009419695124961436,real::Smartphone,Smartphone,models/v2/clip_lora_fold2_best_v1.pt,models/v2/v2_10b_h2_balanced_logreg_fold2_v1.joblib
2,jpeg_q50,SMARTPHONE_85583,0,0.0023806148674339056,real::Smartphone,Smartphone,models/v2/clip_lora_fold2_best_v1.pt,models/v2/v2_10b_h2_balanced_logreg_fold2_v1.joblib
2,jpeg_q50,SMARTPHONE_234705,0,0.0007034242153167725,real::Smartphone,Smartphone,models/v2/clip_lora_fold2_best_v1.pt,models/v2/v2_10b_h2_balanced_logreg_fold2_v1.joblib
2,jpeg_q50,SMARTPHONE_591050,0,0.0010138651123270392,real::Smartphone,Smartphone,models/v2/clip_lora_fold2_best_v1.pt,models/v2/v2_10b_h2_balanced_logreg_fold2_v1.joblib
2,jpeg_q50,SMARTPHONE_507755,0,0.0017337556928396225,real::Smartphone,Smartphone,models/v2/clip_lora_fold2_best_v1.pt,models/v2/v2_10b_h2_balanced_logreg_fold2_v1.joblib
2,jpeg_q50,SMARTPHONE_598833,0,0.0021530368831008673,real::Smartphone,Smartphone,models/v2/clip_lora_fold2_best_v1.pt,models/v2/v2_10b_h2_balanced_logreg_fold2_v1.joblib
2,jpeg_q50,SMARTPHONE_280965,0,0.0026049278676509857,real::Smartphone,Smartphone,models/v2/clip_lora_fold2_best_v1.pt,models/v2/v2_10b_h2_balanced_logreg_fold2_v1.joblib
2,jpeg_q50,SMARTPHONE_77738,0,0.009706336073577404,real::Smartphone,Smartphone,models/v2/clip_lora_fold2_best_v1.pt,models/v2/v2_10b_h2_balanced_logreg_fold2_v1.joblib
2,jpeg_q50,SMARTPHONE_812529,0,0.004942760337144136,real::Smartphone,Smartphone,models/v2/clip_lora_fold2_best_v1.pt,models/v2/v2_10b_h2_balanced_logreg_fold2_v1.joblib
2,jpeg_q50,SMARTPHONE_78372,0,0.003202133346349001,real::Smartphone,Smartphone,models/v2/clip_lora_fold2_best_v1.pt,models/v2/v2_10b_h2_balanced_logreg_fold2_v1.joblib
2,jpeg_q50,SMARTPHONE_596146,0,0.00410184171050787,real::Smartphone,Smartphone,models/v2/clip_lora_fold2_best_v1.pt,models/v2/v2_10b_h2_balanced_logreg_fold2_v1.joblib
2,jpeg_q50,SMARTPHONE_887107,0,0.002831794321537018,real::Smartphone,Smartphone,models/v2/clip_lora_fold2_best_v1.pt,models/v2/v2_10b_h2_balanced_logreg_fold2_v1.joblib
2,jpeg_q50,SMARTPHONE_368939,0,0.0005779063794761896,real::Smartphone,Smartphone,models/v2/clip_lora_fold2_best_v1.pt,models/v2/v2_10b_h2_balanced_logreg_fold2_v1.joblib
2,jpeg_q50,SMARTPHONE_342674,0,0.0024372683838009834,real::Smartphone,Smartphone,models/v2/clip_lora_fold2_best_v1.pt,models/v2/v2_10b_h2_balanced_logreg_fold2_v1.joblib
2,jpeg_q50,SMARTPHONE_344016,0,0.0014014275511726737,real::Smartphone,Smartphone,models/v2/clip_lora_fold2_best_v1.pt,models/v2/v2_10b_h2_balanced_logreg_fold2_v1.joblib
2,jpeg_q50,SMARTPHONE_43238,0,0.0015140121104195714,real::Smartphone,Smartphone,models/v2/clip_lora_fold2_best_v1.pt,models/v2/v2_10b_h2_balanced_logreg_fold2_v1.joblib
2,jpeg_q50,SMARTPHONE_184074,0,0.0007134980987757444,real::Smartphone,Smartphone,models/v2/clip_lora_fold2_best_v1.pt,models/v2/v2_10b_h2_balanced_logreg_fold2_v1.joblib
2,jpeg_q50,SMARTPHONE_676931,0,0.0019669788889586926,real::Smartphone,Smartphone,models/v2/clip_lora_fold2_best_v1.pt,models/v2/v2_10b_h2_balanced_logreg_fold2_v1.joblib
2,jpeg_q50,SMARTPHONE_105321,0,0.002190974773839116,real::Smartphone,Smartphone,models/v2/clip_lora_fold2_best_v1.pt,models/v2/v2_10b_h2_balanced_logreg_fold2_v1.joblib
2,jpeg_q50,SMARTPHONE_935417,0,0.002368207322433591,real::Smartphone,Smartphone,models/v2/clip_lora_fold2_best_v1.pt,models/v2/v2_10b_h2_balanced_logreg_fold2_v1.joblib
2,jpeg_q50,SMARTPHONE_460128,0,0.0006166388047859073,real::Smartphone,Smartphone,models/v2/clip_lora_fold2_best_v1.pt,models/v2/v2_10b_h2_balanced_logreg_fold2_v1.joblib
2,jpeg_q50,SMARTPHONE_835331,0,0.0007116018678061664,real::Smartphone,Smartphone,models/v2/clip_lora_fold2_best_v1.pt,models/v2/v2_10b_h2_balanced_logreg_fold2_v1.joblib
2,jpeg_q50,SMARTPHONE_177160,0,0.0013573258183896542,real::Smartphone,Smartphone,models/v2/clip_lora_fold2_best_v1.pt,models/v2/v2_10b_h2_balanced_logreg_fold2_v1.joblib
2,jpeg_q50,SMARTPHONE_1021275,0,0.0036402663681656122,real::Smartphone,Smartphone,models/v2/clip_lora_fold2_best_v1.pt,models/v2/v2_10b_h2_balanced_logreg_fold2_v1.joblib
2,jpeg_q50,SMARTPHONE_204780,0,0.00023180704738479108,real::Smartphone,Smartphone,models/v2/clip_lora_fold2_best_v1.pt,models/v2/v2_10b_h2_balanced_logreg_fold2_v1.joblib
2,jpeg_q50,SMARTPHONE_773459,0,0.00038570311153307557,real::Smartphone,Smartphone,models/v2/clip_lora_fold2_best_v1.pt,models/v2/v2_10b_h2_balanced_logreg_fold2_v1.joblib
2,jpeg_q50,SMARTPHONE_540448,0,0.001962542999535799,real::Smartphone,Smartphone,models/v2/clip_lora_fold2_best_v1.pt,models/v2/v2_10b_h2_balanced_logreg_fold2_v1.joblib
2,jpeg_q50,SMARTPHONE_240023,0,0.004494343884289265,real::Smartphone,Smartphone,models/v2/clip_lora_fold2_best_v1.pt,models/v2/v2_10b_h2_balanced_logreg_fold2_v1.joblib
2,jpeg_q50,SMARTPHONE_174486,0,0.0022736683022230864,real::Smartphone,Smartphone,models/v2/clip_lora_fold2_best_v1.pt,models/v2/v2_10b_h2_balanced_logreg_fold2_v1.joblib
2,jpeg_q50,SMARTPHONE_70177,0,0.00148151780012995,real::Smartphone,Smartphone,models/v2/clip_lora_fold2_best_v1.pt,models/v2/v2_10b_h2_balanced_logreg_fold2_v1.joblib
2,jpeg_q50,SMARTPHONE_693345,0,0.000512708502355963,real::Smartphone,Smartphone,models/v2/clip_lora_fold2_best_v1.pt,models/v2/v2_10b_h2_balanced_logreg_fold2_v1.joblib
2,jpeg_q50,SMARTPHONE_640129,0,0.0006756851216778159,real::Smartphone,Smartphone,models/v2/clip_lora_fold2_best_v1.pt,models/v2/v2_10b_h2_balanced_logreg_fold2_v1.joblib
2,jpeg_q50,SMARTPHONE_553160,0,0.001598936622031033,real::Smartphone,Smartphone,models/v2/clip_lora_fold2_best_v1.pt,models/v2/v2_10b_h2_balanced_logreg_fold2_v1.joblib
2,jpeg_q50,SMARTPHONE_886082,0,0.001789532252587378,real::Smartphone,Smartphone,models/v2/clip_lora_fold2_best_v1.pt,models/v2/v2_10b_h2_balanced_logreg_fold2_v1.joblib
2,jpeg_q50,SMARTPHONE_490872,0,0.002960022771731019,real::Smartphone,Smartphone,models/v2/clip_lora_fold2_best_v1.pt,models/v2/v2_10b_h2_balanced_logreg_fold2_v1.joblib
2,jpeg_q50,SMARTPHONE_47624,0,0.0008980390266515315,real::Smartphone,Smartphone,models/v2/clip_lora_fold2_best_v1.pt,models/v2/v2_10b_h2_balanced_logreg_fold2_v1.joblib
2,jpeg_q50,SMARTPHONE_184572,0,0.0005611245869658887,real::Smartphone,Smartphone,models/v2/clip_lora_fold2_best_v1.pt,models/v2/v2_10b_h2_balanced_logreg_fold2_v1.joblib
2,jpeg_q50,SMARTPHONE_444490,0,0.0023615146055817604,real::Smartphone,Smartphone,models/v2/clip_lora_fold2_best_v1.pt,models/v2/v2_10b_h2_balanced_logreg_fold2_v1.joblib
2,jpeg_q50,SMARTPHONE_611049,0,0.006765327882021666,real::Smartphone,Smartphone,models/v2/clip_lora_fold2_best_v1.pt,models/v2/v2_10b_h2_balanced_logreg_fold2_v1.joblib
2,jpeg_q50,SMARTPHONE_605763,0,0.0007986321579664946,real::Smartphone,Smartphone,models/v2/clip_lora_fold2_best_v1.pt,models/v2/v2_10b_h2_balanced_logreg_fold2_v1.joblib
2,jpeg_q50,SMARTPHONE_806085,0,0.0010328822536394,real::Smartphone,Smartphone,models/v2/clip_lora_fold2_best_v1.pt,models/v2/v2_10b_h2_balanced_logreg_fold2_v1.joblib
2,jpeg_q50,SMARTPHONE_768411,0,0.0006847662734799087,real::Smartphone,Smartphone,models/v2/clip_lora_fold2_best_v1.pt,models/v2/v2_10b_h2_balanced_logreg_fold2_v1.joblib
2,jpeg_q50,SMARTPHONE_503393,0,0.00045047016465105116,real::Smartphone,Smartphone,models/v2/clip_lora_fold2_best_v1.pt,models/v2/v2_10b_h2_balanced_logreg_fold2_v1.joblib
2,jpeg_q50,SMARTPHONE_353968,0,0.001534530078060925,real::Smartphone,Smartphone,models/v2/clip_lora_fold2_best_v1.pt,models/v2/v2_10b_h2_balanced_logreg_fold2_v1.joblib
2,jpeg_q50,SMARTPHONE_489482,0,0.0016931372229009867,real::Smartphone,Smartphone,models/v2/clip_lora_fold2_best_v1.pt,models/v2/v2_10b_h2_balanced_logreg_fold2_v1.joblib
2,jpeg_q50,SMARTPHONE_279081,0,0.0067955548875033855,real::Smartphone,Smartphone,models/v2/clip_lora_fold2_best_v1.pt,models/v2/v2_10b_h2_balanced_logreg_fold2_v1.joblib
2,jpeg_q50,SMARTPHONE_682499,0,0.0012298269430175424,real::Smartphone,Smartphone,models/v2/clip_lora_fold2_best_v1.pt,models/v2/v2_10b_h2_balanced_logreg_fold2_v1.joblib
2,jpeg_q50,SMARTPHONE_557416,0,0.0006372458883561194,real::Smartphone,Smartphone,models/v2/clip_lora_fold2_best_v1.pt,models/v2/v2_10b_h2_balanced_logreg_fold2_v1.joblib
2,jpeg_q50,SMARTPHONE_455613,0,0.0018830201588571072,real::Smartphone,Smartphone,models/v2/clip_lora_fold2_best_v1.pt,models/v2/v2_10b_h2_balanced_logreg_fold2_v1.joblib
2,jpeg_q50,SMARTPHONE_237870,0,0.0049301376566290855,real::Smartphone,Smartphone,models/v2/clip_lora_fold2_best_v1.pt,models/v2/v2_10b_h2_balanced_logreg_fold2_v1.joblib
2,jpeg_q50,SMARTPHONE_360566,0,0.0033133276738226414,real::Smartphone,Smartphone,models/v2/clip_lora_fold2_best_v1.pt,models/v2/v2_10b_h2_balanced_logreg_fold2_v1.joblib
2,jpeg_q50,SMARTPHONE_51501,0,0.0012836495880037546,real::Smartphone,Smartphone,models/v2/clip_lora_fold2_best_v1.pt,models/v2/v2_10b_h2_balanced_logreg_fold2_v1.joblib
2,jpeg_q50,SMARTPHONE_1005229,0,0.0025101222563534975,real::Smartphone,Smartphone,models/v2/clip_lora_fold2_best_v1.pt,models/v2/v2_10b_h2_balanced_logreg_fold2_v1.joblib
2,jpeg_q50,SMARTPHONE_54688,0,0.0038806165102869272,real::Smartphone,Smartphone,models/v2/clip_lora_fold2_best_v1.pt,models/v2/v2_10b_h2_balanced_logreg_fold2_v1.joblib
2,jpeg_q50,SMARTPHONE_514549,0,0.001636182307265699,real::Smartphone,Smartphone,models/v2/clip_lora_fold2_best_v1.pt,models/v2/v2_10b_h2_balanced_logreg_fold2_v1.joblib
2,jpeg_q50,SMARTPHONE_668457,0,0.002561112167313695,real::Smartphone,Smartphone,models/v2/clip_lora_fold2_best_v1.pt,models/v2/v2_10b_h2_balanced_logreg_fold2_v1.joblib
2,jpeg_q50,SMARTPHONE_903525,0,0.0008006136631593108,real::Smartphone,Smartphone,models/v2/clip_lora_fold2_best_v1.pt,models/v2/v2_10b_h2_balanced_logreg_fold2_v1.joblib
2,jpeg_q50,SMARTPHONE_954717,0,0.00022391580569092184,real::Smartphone,Smartphone,models/v2/clip_lora_fold2_best_v1.pt,models/v2/v2_10b_h2_balanced_logreg_fold2_v1.joblib
2,jpeg_q50,SMARTPHONE_868108,0,0.0005131236393935978,real::Smartphone,Smartphone,models/v2/clip_lora_fold2_best_v1.pt,models/v2/v2_10b_h2_balanced_logreg_fold2_v1.joblib
2,jpeg_q50,SMARTPHONE_676465,0,0.0004987112479284406,real::Smartphone,Smartphone,models/v2/clip_lora_fold2_best_v1.pt,models/v2/v2_10b_h2_balanced_logreg_fold2_v1.joblib
2,jpeg_q50,SMARTPHONE_287625,0,0.0027676313184201717,real::Smartphone,Smartphone,models/v2/clip_lora_fold2_best_v1.pt,models/v2/v2_10b_h2_balanced_logreg_fold2_v1.joblib
2,jpeg_q50,SMARTPHONE_84030,0,0.0004670227936003357,real::Smartphone,Smartphone,models/v2/clip_lora_fold2_best_v1.pt,models/v2/v2_10b_h2_balanced_logreg_fold2_v1.joblib
2,jpeg_q50,SMARTPHONE_710207,0,0.001769199618138373,real::Smartphone,Smartphone,models/v2/clip_lora_fold2_best_v1.pt,models/v2/v2_10b_h2_balanced_logreg_fold2_v1.joblib
2,jpeg_q50,SMARTPHONE_331071,0,0.0009076686692424119,real::Smartphone,Smartphone,models/v2/clip_lora_fold2_best_v1.pt,models/v2/v2_10b_h2_balanced_logreg_fold2_v1.joblib
2,jpeg_q50,SMARTPHONE_573837,0,0.0004366818175185472,real::Smartphone,Smartphone,models/v2/clip_lora_fold2_best_v1.pt,models/v2/v2_10b_h2_balanced_logreg_fold2_v1.joblib
2,jpeg_q50,SMARTPHONE_1017010,0,0.0011824065586552024,real::Smartphone,Smartphone,models/v2/clip_lora_fold2_best_v1.pt,models/v2/v2_10b_h2_balanced_logreg_fold2_v1.joblib
2,jpeg_q50,SMARTPHONE_722709,0,0.0023733307607471943,real::Smartphone,Smartphone,models/v2/clip_lora_fold2_best_v1.pt,models/v2/v2_10b_h2_balanced_logreg_fold2_v1.joblib
2,jpeg_q50,SMARTPHONE_1026164,0,0.002765021286904812,real::Smartphone,Smartphone,models/v2/clip_lora_fold2_best_v1.pt,models/v2/v2_10b_h2_balanced_logreg_fold2_v1.joblib
2,jpeg_q50,SMARTPHONE_851453,0,0.000595398829318583,real::Smartphone,Smartphone,models/v2/clip_lora_fold2_best_v1.pt,models/v2/v2_10b_h2_balanced_logreg_fold2_v1.joblib
2,jpeg_q50,SMARTPHONE_210846,0,0.00017630482034292072,real::Smartphone,Smartphone,models/v2/clip_lora_fold2_best_v1.pt,models/v2/v2_10b_h2_balanced_logreg_fold2_v1.joblib
2,jpeg_q50,SMARTPHONE_335183,0,0.007494120392948389,real::Smartphone,Smartphone,models/v2/clip_lora_fold2_best_v1.pt,models/v2/v2_10b_h2_balanced_logreg_fold2_v1.joblib
2,jpeg_q50,SMARTPHONE_157015,0,0.00024323332763742656,real::Smartphone,Smartphone,models/v2/clip_lora_fold2_best_v1.pt,models/v2/v2_10b_h2_balanced_logreg_fold2_v1.joblib
2,jpeg_q50,SMARTPHONE_230063,0,0.0006103363120928407,real::Smartphone,Smartphone,models/v2/clip_lora_fold2_best_v1.pt,models/v2/v2_10b_h2_balanced_logreg_fold2_v1.joblib
2,jpeg_q50,SMARTPHONE_611487,0,0.0030421188566833735,real::Smartphone,Smartphone,models/v2/clip_lora_fold2_best_v1.pt,models/v2/v2_10b_h2_balanced_logreg_fold2_v1.joblib
2,jpeg_q50,SMARTPHONE_1002186,0,0.004403694532811642,real::Smartphone,Smartphone,models/v2/clip_lora_fold2_best_v1.pt,models/v2/v2_10b_h2_balanced_logreg_fold2_v1.joblib
2,jpeg_q50,SMARTPHONE_859563,0,0.00948580726981163,real::Smartphone,Smartphone,models/v2/clip_lora_fold2_best_v1.pt,models/v2/v2_10b_h2_balanced_logreg_fold2_v1.joblib
2,jpeg_q50,SMARTPHONE_1023840,0,0.005640835966914892,real::Smartphone,Smartphone,models/v2/clip_lora_fold2_best_v1.pt,models/v2/v2_10b_h2_balanced_logreg_fold2_v1.joblib
2,jpeg_q50,SMARTPHONE_915040,0,0.0032997694797813892,real::Smartphone,Smartphone,models/v2/clip_lora_fold2_best_v1.pt,models/v2/v2_10b_h2_balanced_logreg_fold2_v1.joblib
2,jpeg_q50,SMARTPHONE_894996,0,0.0007093434687703848,real::Smartphone,Smartphone,models/v2/clip_lora_fold2_best_v1.pt,models/v2/v2_10b_h2_balanced_logreg_fold2_v1.joblib
2,jpeg_q50,SMARTPHONE_761561,0,0.016882259398698807,real::Smartphone,Smartphone,models/v2/clip_lora_fold2_best_v1.pt,models/v2/v2_10b_h2_balanced_logreg_fold2_v1.joblib
2,jpeg_q50,SMARTPHONE_641647,0,0.0005108451005071402,real::Smartphone,Smartphone,models/v2/clip_lora_fold2_best_v1.pt,models/v2/v2_10b_h2_balanced_logreg_fold2_v1.joblib
2,jpeg_q50,SMARTPHONE_358445,0,0.001937067019753158,real::Smartphone,Smartphone,models/v2/clip_lora_fold2_best_v1.pt,models/v2/v2_10b_h2_balanced_logreg_fold2_v1.joblib
2,jpeg_q50,SMARTPHONE_837760,0,0.0010004729265347123,real::Smartphone,Smartphone,models/v2/clip_lora_fold2_best_v1.pt,models/v2/v2_10b_h2_balanced_logreg_fold2_v1.joblib
2,jpeg_q50,SMARTPHONE_205205,0,0.00028036170988343656,real::Smartphone,Smartphone,models/v2/clip_lora_fold2_best_v1.pt,models/v2/v2_10b_h2_balanced_logreg_fold2_v1.joblib
2,jpeg_q50,SMARTPHONE_515628,0,0.00620278250426054,real::Smartphone,Smartphone,models/v2/clip_lora_fold2_best_v1.pt,models/v2/v2_10b_h2_balanced_logreg_fold2_v1.joblib
2,jpeg_q50,SMARTPHONE_277701,0,0.005472388118505478,real::Smartphone,Smartphone,models/v2/clip_lora_fold2_best_v1.pt,models/v2/v2_10b_h2_balanced_logreg_fold2_v1.joblib
2,jpeg_q50,SMARTPHONE_483125,0,0.0007835238939151168,real::Smartphone,Smartphone,models/v2/clip_lora_fold2_best_v1.pt,models/v2/v2_10b_h2_balanced_logreg_fold2_v1.joblib
2,jpeg_q50,SMARTPHONE_602425,0,0.0002932453353423625,real::Smartphone,Smartphone,models/v2/clip_lora_fold2_best_v1.pt,models/v2/v2_10b_h2_balanced_logreg_fold2_v1.joblib
2,jpeg_q50,SMARTPHONE_1009781,0,0.0016912202117964625,real::Smartphone,Smartphone,models/v2/clip_lora_fold2_best_v1.pt,models/v2/v2_10b_h2_balanced_logreg_fold2_v1.joblib
2,jpeg_q50,SMARTPHONE_787244,0,0.0007503764936700463,real::Smartphone,Smartphone,models/v2/clip_lora_fold2_best_v1.pt,models/v2/v2_10b_h2_balanced_logreg_fold2_v1.joblib
2,jpeg_q50,SMARTPHONE_673708,0,0.007014750968664885,real::Smartphone,Smartphone,models/v2/clip_lora_fold2_best_v1.pt,models/v2/v2_10b_h2_balanced_logreg_fold2_v1.joblib
2,jpeg_q50,SMARTPHONE_818200,0,0.000944766215980053,real::Smartphone,Smartphone,models/v2/clip_lora_fold2_best_v1.pt,models/v2/v2_10b_h2_balanced_logreg_fold2_v1.joblib
2,jpeg_q50,SMARTPHONE_242024,0,0.017843004316091537,real::Smartphone,Smartphone,models/v2/clip_lora_fold2_best_v1.pt,models/v2/v2_10b_h2_balanced_logreg_fold2_v1.joblib
2,jpeg_q50,SMARTPHONE_182817,0,0.00025990678113885224,real::Smartphone,Smartphone,models/v2/clip_lora_fold2_best_v1.pt,models/v2/v2_10b_h2_balanced_logreg_fold2_v1.joblib
2,jpeg_q50,SMARTPHONE_168294,0,0.00011481178808026016,real::Smartphone,Smartphone,models/v2/clip_lora_fold2_best_v1.pt,models/v2/v2_10b_h2_balanced_logreg_fold2_v1.joblib
2,jpeg_q50,SMARTPHONE_112112,0,0.009129639714956284,real::Smartphone,Smartphone,models/v2/clip_lora_fold2_best_v1.pt,models/v2/v2_10b_h2_balanced_logreg_fold2_v1.joblib
2,jpeg_q50,SMARTPHONE_938929,0,0.0019385517807677388,real::Smartphone,Smartphone,models/v2/clip_lora_fold2_best_v1.pt,models/v2/v2_10b_h2_balanced_logreg_fold2_v1.joblib
2,jpeg_q50,SMARTPHONE_868813,0,0.0005265132058411837,real::Smartphone,Smartphone,models/v2/clip_lora_fold2_best_v1.pt,models/v2/v2_10b_h2_balanced_logreg_fold2_v1.joblib
2,jpeg_q50,SMARTPHONE_991776,0,0.002220951020717621,real::Smartphone,Smartphone,models/v2/clip_lora_fold2_best_v1.pt,models/v2/v2_10b_h2_balanced_logreg_fold2_v1.joblib
2,jpeg_q50,SMARTPHONE_700062,0,0.00031575674074701965,real::Smartphone,Smartphone,models/v2/clip_lora_fold2_best_v1.pt,models/v2/v2_10b_h2_balanced_logreg_fold2_v1.joblib
2,jpeg_q50,SMARTPHONE_746908,0,0.0006314501515589654,real::Smartphone,Smartphone,models/v2/clip_lora_fold2_best_v1.pt,models/v2/v2_10b_h2_balanced_logreg_fold2_v1.joblib
2,jpeg_q50,SMARTPHONE_361109,0,0.0002588019415270537,real::Smartphone,Smartphone,models/v2/clip_lora_fold2_best_v1.pt,models/v2/v2_10b_h2_balanced_logreg_fold2_v1.joblib
2,jpeg_q50,SMARTPHONE_125986,0,0.0022152720484882593,real::Smartphone,Smartphone,models/v2/clip_lora_fold2_best_v1.pt,models/v2/v2_10b_h2_balanced_logreg_fold2_v1.joblib
2,jpeg_q50,SMARTPHONE_241100,0,0.000996739137917757,real::Smartphone,Smartphone,models/v2/clip_lora_fold2_best_v1.pt,models/v2/v2_10b_h2_balanced_logreg_fold2_v1.joblib
2,jpeg_q50,SMARTPHONE_357393,0,0.0026177444960922003,real::Smartphone,Smartphone,models/v2/clip_lora_fold2_best_v1.pt,models/v2/v2_10b_h2_balanced_logreg_fold2_v1.joblib
2,jpeg_q50,SMARTPHONE_144417,0,0.009627780877053738,real::Smartphone,Smartphone,models/v2/clip_lora_fold2_best_v1.pt,models/v2/v2_10b_h2_balanced_logreg_fold2_v1.joblib
2,jpeg_q50,SMARTPHONE_604378,0,0.005370346829295158,real::Smartphone,Smartphone,models/v2/clip_lora_fold2_best_v1.pt,models/v2/v2_10b_h2_balanced_logreg_fold2_v1.joblib
2,jpeg_q50,SMARTPHONE_389148,0,0.0004988774308003485,real::Smartphone,Smartphone,models/v2/clip_lora_fold2_best_v1.pt,models/v2/v2_10b_h2_balanced_logreg_fold2_v1.joblib
2,jpeg_q50,SMARTPHONE_44975,0,0.0018127443036064506,real::Smartphone,Smartphone,models/v2/clip_lora_fold2_best_v1.pt,models/v2/v2_10b_h2_balanced_logreg_fold2_v1.joblib
2,jpeg_q50,SMARTPHONE_747043,0,0.0030113670509308577,real::Smartphone,Smartphone,models/v2/clip_lora_fold2_best_v1.pt,models/v2/v2_10b_h2_balanced_logreg_fold2_v1.joblib
2,jpeg_q50,SMARTPHONE_701632,0,0.0007619155221618712,real::Smartphone,Smartphone,models/v2/clip_lora_fold2_best_v1.pt,models/v2/v2_10b_h2_balanced_logreg_fold2_v1.joblib
2,jpeg_q50,SMARTPHONE_631653,0,0.0021594215650111437,real::Smartphone,Smartphone,models/v2/clip_lora_fold2_best_v1.pt,models/v2/v2_10b_h2_balanced_logreg_fold2_v1.joblib
2,jpeg_q50,SMARTPHONE_948366,0,0.0011692033149302006,real::Smartphone,Smartphone,models/v2/clip_lora_fold2_best_v1.pt,models/v2/v2_10b_h2_balanced_logreg_fold2_v1.joblib
2,jpeg_q50,SMARTPHONE_76623,0,0.0030687558464705944,real::Smartphone,Smartphone,models/v2/clip_lora_fold2_best_v1.pt,models/v2/v2_10b_h2_balanced_logreg_fold2_v1.joblib
2,jpeg_q50,SMARTPHONE_610243,0,0.0009719515219330788,real::Smartphone,Smartphone,models/v2/clip_lora_fold2_best_v1.pt,models/v2/v2_10b_h2_balanced_logreg_fold2_v1.joblib
2,jpeg_q50,SMARTPHONE_742904,0,0.002850183518603444,real::Smartphone,Smartphone,models/v2/clip_lora_fold2_best_v1.pt,models/v2/v2_10b_h2_balanced_logreg_fold2_v1.joblib
2,jpeg_q50,SMARTPHONE_236825,0,0.001360788126476109,real::Smartphone,Smartphone,models/v2/clip_lora_fold2_best_v1.pt,models/v2/v2_10b_h2_balanced_logreg_fold2_v1.joblib
2,jpeg_q50,SMARTPHONE_193357,0,0.0024483371526002884,real::Smartphone,Smartphone,models/v2/clip_lora_fold2_best_v1.pt,models/v2/v2_10b_h2_balanced_logreg_fold2_v1.joblib
2,jpeg_q50,SMARTPHONE_727660,0,0.0011644090991467237,real::Smartphone,Smartphone,models/v2/clip_lora_fold2_best_v1.pt,models/v2/v2_10b_h2_balanced_logreg_fold2_v1.joblib
2,jpeg_q50,SMARTPHONE_636430,0,0.00014511040353681892,real::Smartphone,Smartphone,models/v2/clip_lora_fold2_best_v1.pt,models/v2/v2_10b_h2_balanced_logreg_fold2_v1.joblib
2,jpeg_q50,SMARTPHONE_380800,0,0.0023725959472358227,real::Smartphone,Smartphone,models/v2/clip_lora_fold2_best_v1.pt,models/v2/v2_10b_h2_balanced_logreg_fold2_v1.joblib
2,jpeg_q50,SMARTPHONE_1661,0,2.5937288228305988e-05,real::Smartphone,Smartphone,models/v2/clip_lora_fold2_best_v1.pt,models/v2/v2_10b_h2_balanced_logreg_fold2_v1.joblib
2,jpeg_q50,SMARTPHONE_569540,0,0.0028756011743098497,real::Smartphone,Smartphone,models/v2/clip_lora_fold2_best_v1.pt,models/v2/v2_10b_h2_balanced_logreg_fold2_v1.joblib
2,jpeg_q50,SMARTPHONE_408086,0,0.0031182945240288973,real::Smartphone,Smartphone,models/v2/clip_lora_fold2_best_v1.pt,models/v2/v2_10b_h2_balanced_logreg_fold2_v1.joblib
2,jpeg_q50,SMARTPHONE_805523,0,0.012438648380339146,real::Smartphone,Smartphone,models/v2/clip_lora_fold2_best_v1.pt,models/v2/v2_10b_h2_balanced_logreg_fold2_v1.joblib
2,jpeg_q50,SMARTPHONE_807082,0,0.002643361920490861,real::Smartphone,Smartphone,models/v2/clip_lora_fold2_best_v1.pt,models/v2/v2_10b_h2_balanced_logreg_fold2_v1.joblib
2,jpeg_q50,SMARTPHONE_226070,0,0.0018497435376048088,real::Smartphone,Smartphone,models/v2/clip_lora_fold2_best_v1.pt,models/v2/v2_10b_h2_balanced_logreg_fold2_v1.joblib
2,jpeg_q50,SMARTPHONE_838917,0,0.002573012374341488,real::Smartphone,Smartphone,models/v2/clip_lora_fold2_best_v1.pt,models/v2/v2_10b_h2_balanced_logreg_fold2_v1.joblib
2,jpeg_q50,SMARTPHONE_63616,0,0.0055842106230556965,real::Smartphone,Smartphone,models/v2/clip_lora_fold2_best_v1.pt,models/v2/v2_10b_h2_balanced_logreg_fold2_v1.joblib
2,jpeg_q50,SMARTPHONE_498450,0,0.0008224141784012318,real::Smartphone,Smartphone,models/v2/clip_lora_fold2_best_v1.pt,models/v2/v2_10b_h2_balanced_logreg_fold2_v1.joblib
2,jpeg_q50,SMARTPHONE_494157,0,0.011805757880210876,real::Smartphone,Smartphone,models/v2/clip_lora_fold2_best_v1.pt,models/v2/v2_10b_h2_balanced_logreg_fold2_v1.joblib
2,jpeg_q50,SMARTPHONE_622535,0,0.0010678834514692426,real::Smartphone,Smartphone,models/v2/clip_lora_fold2_best_v1.pt,models/v2/v2_10b_h2_balanced_logreg_fold2_v1.joblib
2,jpeg_q50,SMARTPHONE_294094,0,0.0018890459323301911,real::Smartphone,Smartphone,models/v2/clip_lora_fold2_best_v1.pt,models/v2/v2_10b_h2_balanced_logreg_fold2_v1.joblib
2,jpeg_q50,SMARTPHONE_87244,0,0.0024328504223376513,real::Smartphone,Smartphone,models/v2/clip_lora_fold2_best_v1.pt,models/v2/v2_10b_h2_balanced_logreg_fold2_v1.joblib
2,jpeg_q50,SMARTPHONE_909617,0,0.0030574765987694263,real::Smartphone,Smartphone,models/v2/clip_lora_fold2_best_v1.pt,models/v2/v2_10b_h2_balanced_logreg_fold2_v1.joblib
2,jpeg_q50,SMARTPHONE_116559,0,0.0023614170495420694,real::Smartphone,Smartphone,models/v2/clip_lora_fold2_best_v1.pt,models/v2/v2_10b_h2_balanced_logreg_fold2_v1.joblib
2,jpeg_q50,SMARTPHONE_964906,0,0.00040152945439331234,real::Smartphone,Smartphone,models/v2/clip_lora_fold2_best_v1.pt,models/v2/v2_10b_h2_balanced_logreg_fold2_v1.joblib
2,jpeg_q50,SMARTPHONE_264393,0,0.0021550508681684732,real::Smartphone,Smartphone,models/v2/clip_lora_fold2_best_v1.pt,models/v2/v2_10b_h2_balanced_logreg_fold2_v1.joblib
2,jpeg_q50,SMARTPHONE_403503,0,0.003819991834461689,real::Smartphone,Smartphone,models/v2/clip_lora_fold2_best_v1.pt,models/v2/v2_10b_h2_balanced_logreg_fold2_v1.joblib
2,jpeg_q50,SMARTPHONE_298004,0,0.0012047894997522235,real::Smartphone,Smartphone,models/v2/clip_lora_fold2_best_v1.pt,models/v2/v2_10b_h2_balanced_logreg_fold2_v1.joblib
2,jpeg_q50,SMARTPHONE_155723,0,0.00024175754515454173,real::Smartphone,Smartphone,models/v2/clip_lora_fold2_best_v1.pt,models/v2/v2_10b_h2_balanced_logreg_fold2_v1.joblib
2,jpeg_q50,SMARTPHONE_684718,0,0.0011464919662103057,real::Smartphone,Smartphone,models/v2/clip_lora_fold2_best_v1.pt,models/v2/v2_10b_h2_balanced_logreg_fold2_v1.joblib
2,jpeg_q50,SMARTPHONE_1032382,0,0.00033076232648454607,real::Smartphone,Smartphone,models/v2/clip_lora_fold2_best_v1.pt,models/v2/v2_10b_h2_balanced_logreg_fold2_v1.joblib
2,jpeg_q50,SMARTPHONE_275100,0,9.588473767507821e-05,real::Smartphone,Smartphone,models/v2/clip_lora_fold2_best_v1.pt,models/v2/v2_10b_h2_balanced_logreg_fold2_v1.joblib
2,jpeg_q50,SMARTPHONE_749073,0,0.0002306208189111203,real::Smartphone,Smartphone,models/v2/clip_lora_fold2_best_v1.pt,models/v2/v2_10b_h2_balanced_logreg_fold2_v1.joblib
2,jpeg_q50,SMARTPHONE_356407,0,0.00020367171964608133,real::Smartphone,Smartphone,models/v2/clip_lora_fold2_best_v1.pt,models/v2/v2_10b_h2_balanced_logreg_fold2_v1.joblib
2,jpeg_q50,SMARTPHONE_731954,0,0.004820220172405243,real::Smartphone,Smartphone,models/v2/clip_lora_fold2_best_v1.pt,models/v2/v2_10b_h2_balanced_logreg_fold2_v1.joblib
2,jpeg_q50,SMARTPHONE_155864,0,0.0017412861343473196,real::Smartphone,Smartphone,models/v2/clip_lora_fold2_best_v1.pt,models/v2/v2_10b_h2_balanced_logreg_fold2_v1.joblib
2,jpeg_q50,SMARTPHONE_693336,0,0.002793264575302601,real::Smartphone,Smartphone,models/v2/clip_lora_fold2_best_v1.pt,models/v2/v2_10b_h2_balanced_logreg_fold2_v1.joblib
2,jpeg_q50,SMARTPHONE_709095,0,0.000574859615880996,real::Smartphone,Smartphone,models/v2/clip_lora_fold2_best_v1.pt,models/v2/v2_10b_h2_balanced_logreg_fold2_v1.joblib
2,jpeg_q50,SMARTPHONE_782760,0,0.0015886153560131788,real::Smartphone,Smartphone,models/v2/clip_lora_fold2_best_v1.pt,models/v2/v2_10b_h2_balanced_logreg_fold2_v1.joblib
2,jpeg_q50,SMARTPHONE_451471,0,0.012952988035976887,real::Smartphone,Smartphone,models/v2/clip_lora_fold2_best_v1.pt,models/v2/v2_10b_h2_balanced_logreg_fold2_v1.joblib
2,jpeg_q50,SMARTPHONE_101911,0,0.00025146594271063805,real::Smartphone,Smartphone,models/v2/clip_lora_fold2_best_v1.pt,models/v2/v2_10b_h2_balanced_logreg_fold2_v1.joblib
2,jpeg_q50,SMARTPHONE_939025,0,0.00047086027916520834,real::Smartphone,Smartphone,models/v2/clip_lora_fold2_best_v1.pt,models/v2/v2_10b_h2_balanced_logreg_fold2_v1.joblib
2,jpeg_q50,SMARTPHONE_764677,0,0.0006360378465615213,real::Smartphone,Smartphone,models/v2/clip_lora_fold2_best_v1.pt,models/v2/v2_10b_h2_balanced_logreg_fold2_v1.joblib
2,jpeg_q50,SMARTPHONE_178889,0,0.00014185256441123784,real::Smartphone,Smartphone,models/v2/clip_lora_fold2_best_v1.pt,models/v2/v2_10b_h2_balanced_logreg_fold2_v1.joblib
2,jpeg_q50,SMARTPHONE_544699,0,0.0001398263411829248,real::Smartphone,Smartphone,models/v2/clip_lora_fold2_best_v1.pt,models/v2/v2_10b_h2_balanced_logreg_fold2_v1.joblib
2,jpeg_q50,SMARTPHONE_979588,0,0.00020269298693165183,real::Smartphone,Smartphone,models/v2/clip_lora_fold2_best_v1.pt,models/v2/v2_10b_h2_balanced_logreg_fold2_v1.joblib
2,jpeg_q50,SMARTPHONE_204028,0,0.002237891312688589,real::Smartphone,Smartphone,models/v2/clip_lora_fold2_best_v1.pt,models/v2/v2_10b_h2_balanced_logreg_fold2_v1.joblib
2,jpeg_q50,SMARTPHONE_432319,0,0.003348634345456958,real::Smartphone,Smartphone,models/v2/clip_lora_fold2_best_v1.pt,models/v2/v2_10b_h2_balanced_logreg_fold2_v1.joblib
2,jpeg_q50,SMARTPHONE_619346,0,0.0014217476127669215,real::Smartphone,Smartphone,models/v2/clip_lora_fold2_best_v1.pt,models/v2/v2_10b_h2_balanced_logreg_fold2_v1.joblib
2,jpeg_q50,SMARTPHONE_207135,0,0.0007974226027727127,real::Smartphone,Smartphone,models/v2/clip_lora_fold2_best_v1.pt,models/v2/v2_10b_h2_balanced_logreg_fold2_v1.joblib
2,jpeg_q50,SMARTPHONE_118163,0,0.0006222349475137889,real::Smartphone,Smartphone,models/v2/clip_lora_fold2_best_v1.pt,models/v2/v2_10b_h2_balanced_logreg_fold2_v1.joblib
2,jpeg_q50,SMARTPHONE_643080,0,0.0009360958938486874,real::Smartphone,Smartphone,models/v2/clip_lora_fold2_best_v1.pt,models/v2/v2_10b_h2_balanced_logreg_fold2_v1.joblib
2,jpeg_q50,SMARTPHONE_609261,0,0.0007075131870806217,real::Smartphone,Smartphone,models/v2/clip_lora_fold2_best_v1.pt,models/v2/v2_10b_h2_balanced_logreg_fold2_v1.joblib
2,jpeg_q50,SMARTPHONE_203308,0,0.0013268839102238417,real::Smartphone,Smartphone,models/v2/clip_lora_fold2_best_v1.pt,models/v2/v2_10b_h2_balanced_logreg_fold2_v1.joblib
2,jpeg_q50,SMARTPHONE_28084,0,0.0007022018544375896,real::Smartphone,Smartphone,models/v2/clip_lora_fold2_best_v1.pt,models/v2/v2_10b_h2_balanced_logreg_fold2_v1.joblib
2,jpeg_q50,SMARTPHONE_195648,0,0.00841345451772213,real::Smartphone,Smartphone,models/v2/clip_lora_fold2_best_v1.pt,models/v2/v2_10b_h2_balanced_logreg_fold2_v1.joblib
2,jpeg_q50,SMARTPHONE_570849,0,0.0034279434476047754,real::Smartphone,Smartphone,models/v2/clip_lora_fold2_best_v1.pt,models/v2/v2_10b_h2_balanced_logreg_fold2_v1.joblib
2,jpeg_q50,SMARTPHONE_422205,0,0.002140494529157877,real::Smartphone,Smartphone,models/v2/clip_lora_fold2_best_v1.pt,models/v2/v2_10b_h2_balanced_logreg_fold2_v1.joblib
2,jpeg_q50,SMARTPHONE_371828,0,0.00024330682936124504,real::Smartphone,Smartphone,models/v2/clip_lora_fold2_best_v1.pt,models/v2/v2_10b_h2_balanced_logreg_fold2_v1.joblib
2,jpeg_q50,SMARTPHONE_134304,0,0.0010340169537812471,real::Smartphone,Smartphone,models/v2/clip_lora_fold2_best_v1.pt,models/v2/v2_10b_h2_balanced_logreg_fold2_v1.joblib
2,jpeg_q50,SMARTPHONE_793760,0,0.0017427082639187574,real::Smartphone,Smartphone,models/v2/clip_lora_fold2_best_v1.pt,models/v2/v2_10b_h2_balanced_logreg_fold2_v1.joblib
2,jpeg_q50,SMARTPHONE_764140,0,0.00043208146234974265,real::Smartphone,Smartphone,models/v2/clip_lora_fold2_best_v1.pt,models/v2/v2_10b_h2_balanced_logreg_fold2_v1.joblib
2,jpeg_q50,SMARTPHONE_757424,0,0.004538246430456638,real::Smartphone,Smartphone,models/v2/clip_lora_fold2_best_v1.pt,models/v2/v2_10b_h2_balanced_logreg_fold2_v1.joblib
2,jpeg_q50,SMARTPHONE_297014,0,9.365788719151169e-05,real::Smartphone,Smartphone,models/v2/clip_lora_fold2_best_v1.pt,models/v2/v2_10b_h2_balanced_logreg_fold2_v1.joblib
2,jpeg_q50,SMARTPHONE_38845,0,0.0005184037727303803,real::Smartphone,Smartphone,models/v2/clip_lora_fold2_best_v1.pt,models/v2/v2_10b_h2_balanced_logreg_fold2_v1.joblib
2,jpeg_q50,SMARTPHONE_119850,0,0.00020886017591692507,real::Smartphone,Smartphone,models/v2/clip_lora_fold2_best_v1.pt,models/v2/v2_10b_h2_balanced_logreg_fold2_v1.joblib
2,jpeg_q50,SMARTPHONE_856075,0,0.0022794660180807114,real::Smartphone,Smartphone,models/v2/clip_lora_fold2_best_v1.pt,models/v2/v2_10b_h2_balanced_logreg_fold2_v1.joblib
2,jpeg_q50,SMARTPHONE_766758,0,0.0011161738075315952,real::Smartphone,Smartphone,models/v2/clip_lora_fold2_best_v1.pt,models/v2/v2_10b_h2_balanced_logreg_fold2_v1.joblib
2,jpeg_q50,SMARTPHONE_855760,0,0.002168221166357398,real::Smartphone,Smartphone,models/v2/clip_lora_fold2_best_v1.pt,models/v2/v2_10b_h2_balanced_logreg_fold2_v1.joblib
2,jpeg_q50,SMARTPHONE_701461,0,0.002757530426606536,real::Smartphone,Smartphone,models/v2/clip_lora_fold2_best_v1.pt,models/v2/v2_10b_h2_balanced_logreg_fold2_v1.joblib
2,jpeg_q50,SMARTPHONE_345735,0,0.002021258696913719,real::Smartphone,Smartphone,models/v2/clip_lora_fold2_best_v1.pt,models/v2/v2_10b_h2_balanced_logreg_fold2_v1.joblib
2,jpeg_q50,SMARTPHONE_817524,0,0.0006960436003282666,real::Smartphone,Smartphone,models/v2/clip_lora_fold2_best_v1.pt,models/v2/v2_10b_h2_balanced_logreg_fold2_v1.joblib
2,jpeg_q50,SMARTPHONE_977592,0,0.0014556540409103036,real::Smartphone,Smartphone,models/v2/clip_lora_fold2_best_v1.pt,models/v2/v2_10b_h2_balanced_logreg_fold2_v1.joblib
2,jpeg_q50,SMARTPHONE_857077,0,0.012534179724752903,real::Smartphone,Smartphone,models/v2/clip_lora_fold2_best_v1.pt,models/v2/v2_10b_h2_balanced_logreg_fold2_v1.joblib
2,jpeg_q50,SMARTPHONE_777686,0,0.0032461408991366625,real::Smartphone,Smartphone,models/v2/clip_lora_fold2_best_v1.pt,models/v2/v2_10b_h2_balanced_logreg_fold2_v1.joblib
2,jpeg_q50,SMARTPHONE_89355,0,0.017612027004361153,real::Smartphone,Smartphone,models/v2/clip_lora_fold2_best_v1.pt,models/v2/v2_10b_h2_balanced_logreg_fold2_v1.joblib
2,jpeg_q50,SMARTPHONE_333593,0,0.00028257074882276356,real::Smartphone,Smartphone,models/v2/clip_lora_fold2_best_v1.pt,models/v2/v2_10b_h2_balanced_logreg_fold2_v1.joblib
2,jpeg_q50,SMARTPHONE_146693,0,0.0020297919400036335,real::Smartphone,Smartphone,models/v2/clip_lora_fold2_best_v1.pt,models/v2/v2_10b_h2_balanced_logreg_fold2_v1.joblib
2,jpeg_q50,SMARTPHONE_1008419,0,0.006650461815297604,real::Smartphone,Smartphone,models/v2/clip_lora_fold2_best_v1.pt,models/v2/v2_10b_h2_balanced_logreg_fold2_v1.joblib
2,jpeg_q50,SMARTPHONE_431405,0,0.004700183402746916,real::Smartphone,Smartphone,models/v2/clip_lora_fold2_best_v1.pt,models/v2/v2_10b_h2_balanced_logreg_fold2_v1.joblib
2,jpeg_q50,SMARTPHONE_749297,0,0.0012743851402774453,real::Smartphone,Smartphone,models/v2/clip_lora_fold2_best_v1.pt,models/v2/v2_10b_h2_balanced_logreg_fold2_v1.joblib
2,jpeg_q50,SMARTPHONE_884101,0,0.015575206838548183,real::Smartphone,Smartphone,models/v2/clip_lora_fold2_best_v1.pt,models/v2/v2_10b_h2_balanced_logreg_fold2_v1.joblib
2,jpeg_q50,SMARTPHONE_511473,0,0.0017856700578704476,real::Smartphone,Smartphone,models/v2/clip_lora_fold2_best_v1.pt,models/v2/v2_10b_h2_balanced_logreg_fold2_v1.joblib
2,jpeg_q50,SMARTPHONE_361014,0,0.012223967351019382,real::Smartphone,Smartphone,models/v2/clip_lora_fold2_best_v1.pt,models/v2/v2_10b_h2_balanced_logreg_fold2_v1.joblib
2,jpeg_q50,SMARTPHONE_438932,0,0.0052862586453557014,real::Smartphone,Smartphone,models/v2/clip_lora_fold2_best_v1.pt,models/v2/v2_10b_h2_balanced_logreg_fold2_v1.joblib
2,jpeg_q50,SMARTPHONE_359642,0,0.00012733555922750384,real::Smartphone,Smartphone,models/v2/clip_lora_fold2_best_v1.pt,models/v2/v2_10b_h2_balanced_logreg_fold2_v1.joblib
2,jpeg_q50,SMARTPHONE_549558,0,0.002058506477624178,real::Smartphone,Smartphone,models/v2/clip_lora_fold2_best_v1.pt,models/v2/v2_10b_h2_balanced_logreg_fold2_v1.joblib
2,jpeg_q50,SMARTPHONE_757829,0,0.00044216305832378566,real::Smartphone,Smartphone,models/v2/clip_lora_fold2_best_v1.pt,models/v2/v2_10b_h2_balanced_logreg_fold2_v1.joblib
2,jpeg_q50,SMARTPHONE_66658,0,0.020512942224740982,real::Smartphone,Smartphone,models/v2/clip_lora_fold2_best_v1.pt,models/v2/v2_10b_h2_balanced_logreg_fold2_v1.joblib
2,jpeg_q50,SMARTPHONE_389613,0,0.00035462729283608496,real::Smartphone,Smartphone,models/v2/clip_lora_fold2_best_v1.pt,models/v2/v2_10b_h2_balanced_logreg_fold2_v1.joblib
2,jpeg_q50,SMARTPHONE_355367,0,0.002018442377448082,real::Smartphone,Smartphone,models/v2/clip_lora_fold2_best_v1.pt,models/v2/v2_10b_h2_balanced_logreg_fold2_v1.joblib
2,jpeg_q50,SMARTPHONE_56728,0,0.00018677988555282354,real::Smartphone,Smartphone,models/v2/clip_lora_fold2_best_v1.pt,models/v2/v2_10b_h2_balanced_logreg_fold2_v1.joblib
2,jpeg_q50,SMARTPHONE_138276,0,0.0100697698071599,real::Smartphone,Smartphone,models/v2/clip_lora_fold2_best_v1.pt,models/v2/v2_10b_h2_balanced_logreg_fold2_v1.joblib
2,jpeg_q50,SMARTPHONE_314459,0,0.005231501068919897,real::Smartphone,Smartphone,models/v2/clip_lora_fold2_best_v1.pt,models/v2/v2_10b_h2_balanced_logreg_fold2_v1.joblib
2,jpeg_q50,SMARTPHONE_319068,0,0.00038119289092719555,real::Smartphone,Smartphone,models/v2/clip_lora_fold2_best_v1.pt,models/v2/v2_10b_h2_balanced_logreg_fold2_v1.joblib
2,jpeg_q50,SMARTPHONE_967010,0,0.0014112861827015877,real::Smartphone,Smartphone,models/v2/clip_lora_fold2_best_v1.pt,models/v2/v2_10b_h2_balanced_logreg_fold2_v1.joblib
2,jpeg_q50,SMARTPHONE_777232,0,0.001298866351135075,real::Smartphone,Smartphone,models/v2/clip_lora_fold2_best_v1.pt,models/v2/v2_10b_h2_balanced_logreg_fold2_v1.joblib
2,jpeg_q50,SMARTPHONE_910467,0,0.0003363611176609993,real::Smartphone,Smartphone,models/v2/clip_lora_fold2_best_v1.pt,models/v2/v2_10b_h2_balanced_logreg_fold2_v1.joblib
2,jpeg_q50,SMARTPHONE_113099,0,0.002512291306629777,real::Smartphone,Smartphone,models/v2/clip_lora_fold2_best_v1.pt,models/v2/v2_10b_h2_balanced_logreg_fold2_v1.joblib
2,jpeg_q50,SMARTPHONE_172628,0,0.0015239320928230882,real::Smartphone,Smartphone,models/v2/clip_lora_fold2_best_v1.pt,models/v2/v2_10b_h2_balanced_logreg_fold2_v1.joblib
2,jpeg_q50,SMARTPHONE_195366,0,0.0015915569383651018,real::Smartphone,Smartphone,models/v2/clip_lora_fold2_best_v1.pt,models/v2/v2_10b_h2_balanced_logreg_fold2_v1.joblib
2,jpeg_q50,SMARTPHONE_67989,0,0.0023868607822805643,real::Smartphone,Smartphone,models/v2/clip_lora_fold2_best_v1.pt,models/v2/v2_10b_h2_balanced_logreg_fold2_v1.joblib
2,jpeg_q50,SMARTPHONE_271125,0,0.0006245818804018199,real::Smartphone,Smartphone,models/v2/clip_lora_fold2_best_v1.pt,models/v2/v2_10b_h2_balanced_logreg_fold2_v1.joblib
2,jpeg_q50,SMARTPHONE_830107,0,0.005577700212597847,real::Smartphone,Smartphone,models/v2/clip_lora_fold2_best_v1.pt,models/v2/v2_10b_h2_balanced_logreg_fold2_v1.joblib
2,jpeg_q50,SMARTPHONE_901274,0,0.0010986520210281014,real::Smartphone,Smartphone,models/v2/clip_lora_fold2_best_v1.pt,models/v2/v2_10b_h2_balanced_logreg_fold2_v1.joblib
2,jpeg_q50,SMARTPHONE_847815,0,0.00043615722097456455,real::Smartphone,Smartphone,models/v2/clip_lora_fold2_best_v1.pt,models/v2/v2_10b_h2_balanced_logreg_fold2_v1.joblib
2,jpeg_q50,SMARTPHONE_653515,0,0.0029451544396579266,real::Smartphone,Smartphone,models/v2/clip_lora_fold2_best_v1.pt,models/v2/v2_10b_h2_balanced_logreg_fold2_v1.joblib
2,jpeg_q50,SMARTPHONE_796557,0,0.0034639385994523764,real::Smartphone,Smartphone,models/v2/clip_lora_fold2_best_v1.pt,models/v2/v2_10b_h2_balanced_logreg_fold2_v1.joblib
2,jpeg_q50,SMARTPHONE_930783,0,0.002343603875488043,real::Smartphone,Smartphone,models/v2/clip_lora_fold2_best_v1.pt,models/v2/v2_10b_h2_balanced_logreg_fold2_v1.joblib
2,jpeg_q50,SMARTPHONE_570907,0,0.0002392069873167202,real::Smartphone,Smartphone,models/v2/clip_lora_fold2_best_v1.pt,models/v2/v2_10b_h2_balanced_logreg_fold2_v1.joblib
2,jpeg_q50,SMARTPHONE_533540,0,0.002250914229080081,real::Smartphone,Smartphone,models/v2/clip_lora_fold2_best_v1.pt,models/v2/v2_10b_h2_balanced_logreg_fold2_v1.joblib
2,jpeg_q50,SMARTPHONE_562344,0,0.00015186553355306387,real::Smartphone,Smartphone,models/v2/clip_lora_fold2_best_v1.pt,models/v2/v2_10b_h2_balanced_logreg_fold2_v1.joblib
2,jpeg_q50,SMARTPHONE_32729,0,0.001483687898144126,real::Smartphone,Smartphone,models/v2/clip_lora_fold2_best_v1.pt,models/v2/v2_10b_h2_balanced_logreg_fold2_v1.joblib
2,jpeg_q50,SMARTPHONE_806721,0,0.00017226905038114637,real::Smartphone,Smartphone,models/v2/clip_lora_fold2_best_v1.pt,models/v2/v2_10b_h2_balanced_logreg_fold2_v1.joblib
2,jpeg_q50,SMARTPHONE_95316,0,0.00033963448368012905,real::Smartphone,Smartphone,models/v2/clip_lora_fold2_best_v1.pt,models/v2/v2_10b_h2_balanced_logreg_fold2_v1.joblib
2,jpeg_q50,SMARTPHONE_141656,0,0.0006012371159158647,real::Smartphone,Smartphone,models/v2/clip_lora_fold2_best_v1.pt,models/v2/v2_10b_h2_balanced_logreg_fold2_v1.joblib
2,jpeg_q50,SMARTPHONE_592392,0,0.00041184748988598585,real::Smartphone,Smartphone,models/v2/clip_lora_fold2_best_v1.pt,models/v2/v2_10b_h2_balanced_logreg_fold2_v1.joblib
2,jpeg_q50,SMARTPHONE_397190,0,0.007420954294502735,real::Smartphone,Smartphone,models/v2/clip_lora_fold2_best_v1.pt,models/v2/v2_10b_h2_balanced_logreg_fold2_v1.joblib
2,jpeg_q50,SMARTPHONE_684163,0,0.00015384716971311718,real::Smartphone,Smartphone,models/v2/clip_lora_fold2_best_v1.pt,models/v2/v2_10b_h2_balanced_logreg_fold2_v1.joblib
2,jpeg_q50,SMARTPHONE_87885,0,0.00031772832153365016,real::Smartphone,Smartphone,models/v2/clip_lora_fold2_best_v1.pt,models/v2/v2_10b_h2_balanced_logreg_fold2_v1.joblib
2,jpeg_q50,SMARTPHONE_42757,0,0.0011637764982879162,real::Smartphone,Smartphone,models/v2/clip_lora_fold2_best_v1.pt,models/v2/v2_10b_h2_balanced_logreg_fold2_v1.joblib
2,jpeg_q50,SMARTPHONE_660370,0,0.001332677435129881,real::Smartphone,Smartphone,models/v2/clip_lora_fold2_best_v1.pt,models/v2/v2_10b_h2_balanced_logreg_fold2_v1.joblib
2,jpeg_q50,SMARTPHONE_642031,0,0.0020182367879897356,real::Smartphone,Smartphone,models/v2/clip_lora_fold2_best_v1.pt,models/v2/v2_10b_h2_balanced_logreg_fold2_v1.joblib
2,jpeg_q50,SMARTPHONE_305619,0,8.848743891576305e-05,real::Smartphone,Smartphone,models/v2/clip_lora_fold2_best_v1.pt,models/v2/v2_10b_h2_balanced_logreg_fold2_v1.joblib
2,jpeg_q50,SMARTPHONE_1001464,0,0.001369980862364173,real::Smartphone,Smartphone,models/v2/clip_lora_fold2_best_v1.pt,models/v2/v2_10b_h2_balanced_logreg_fold2_v1.joblib
2,jpeg_q50,SMARTPHONE_876931,0,0.0008398827631026506,real::Smartphone,Smartphone,models/v2/clip_lora_fold2_best_v1.pt,models/v2/v2_10b_h2_balanced_logreg_fold2_v1.joblib
2,jpeg_q50,SMARTPHONE_497375,0,0.001894199987873435,real::Smartphone,Smartphone,models/v2/clip_lora_fold2_best_v1.pt,models/v2/v2_10b_h2_balanced_logreg_fold2_v1.joblib
2,jpeg_q50,SMARTPHONE_137623,0,0.0008462184923700988,real::Smartphone,Smartphone,models/v2/clip_lora_fold2_best_v1.pt,models/v2/v2_10b_h2_balanced_logreg_fold2_v1.joblib
2,jpeg_q50,SMARTPHONE_584358,0,0.002148713218048215,real::Smartphone,Smartphone,models/v2/clip_lora_fold2_best_v1.pt,models/v2/v2_10b_h2_balanced_logreg_fold2_v1.joblib
2,jpeg_q50,SMARTPHONE_31390,0,0.0014168909983709455,real::Smartphone,Smartphone,models/v2/clip_lora_fold2_best_v1.pt,models/v2/v2_10b_h2_balanced_logreg_fold2_v1.joblib
2,jpeg_q50,SMARTPHONE_158030,0,0.001950183417648077,real::Smartphone,Smartphone,models/v2/clip_lora_fold2_best_v1.pt,models/v2/v2_10b_h2_balanced_logreg_fold2_v1.joblib
2,jpeg_q50,SMARTPHONE_76101,0,0.006233364809304476,real::Smartphone,Smartphone,models/v2/clip_lora_fold2_best_v1.pt,models/v2/v2_10b_h2_balanced_logreg_fold2_v1.joblib
2,jpeg_q50,SMARTPHONE_669398,0,0.0003181154024787247,real::Smartphone,Smartphone,models/v2/clip_lora_fold2_best_v1.pt,models/v2/v2_10b_h2_balanced_logreg_fold2_v1.joblib
2,jpeg_q50,SMARTPHONE_524368,0,0.015148118138313293,real::Smartphone,Smartphone,models/v2/clip_lora_fold2_best_v1.pt,models/v2/v2_10b_h2_balanced_logreg_fold2_v1.joblib
2,jpeg_q50,SMARTPHONE_838840,0,0.0008393167518079281,real::Smartphone,Smartphone,models/v2/clip_lora_fold2_best_v1.pt,models/v2/v2_10b_h2_balanced_logreg_fold2_v1.joblib
2,jpeg_q50,SMARTPHONE_472368,0,0.0019563939422369003,real::Smartphone,Smartphone,models/v2/clip_lora_fold2_best_v1.pt,models/v2/v2_10b_h2_balanced_logreg_fold2_v1.joblib
2,jpeg_q50,SMARTPHONE_327243,0,0.0007482871296815574,real::Smartphone,Smartphone,models/v2/clip_lora_fold2_best_v1.pt,models/v2/v2_10b_h2_balanced_logreg_fold2_v1.joblib
2,jpeg_q50,SMARTPHONE_569002,0,0.00026996235828846693,real::Smartphone,Smartphone,models/v2/clip_lora_fold2_best_v1.pt,models/v2/v2_10b_h2_balanced_logreg_fold2_v1.joblib
2,jpeg_q50,SMARTPHONE_1022177,0,0.0007231037016026676,real::Smartphone,Smartphone,models/v2/clip_lora_fold2_best_v1.pt,models/v2/v2_10b_h2_balanced_logreg_fold2_v1.joblib
2,jpeg_q50,SMARTPHONE_764468,0,0.0005517913377843797,real::Smartphone,Smartphone,models/v2/clip_lora_fold2_best_v1.pt,models/v2/v2_10b_h2_balanced_logreg_fold2_v1.joblib
2,jpeg_q50,SMARTPHONE_65295,0,0.003977378364652395,real::Smartphone,Smartphone,models/v2/clip_lora_fold2_best_v1.pt,models/v2/v2_10b_h2_balanced_logreg_fold2_v1.joblib
2,jpeg_q50,SMARTPHONE_683605,0,0.0009657720220275223,real::Smartphone,Smartphone,models/v2/clip_lora_fold2_best_v1.pt,models/v2/v2_10b_h2_balanced_logreg_fold2_v1.joblib
2,jpeg_q50,SMARTPHONE_908457,0,0.00047885795356705785,real::Smartphone,Smartphone,models/v2/clip_lora_fold2_best_v1.pt,models/v2/v2_10b_h2_balanced_logreg_fold2_v1.joblib
2,jpeg_q50,SMARTPHONE_393515,0,0.0003873950627166778,real::Smartphone,Smartphone,models/v2/clip_lora_fold2_best_v1.pt,models/v2/v2_10b_h2_balanced_logreg_fold2_v1.joblib
2,jpeg_q50,SMARTPHONE_234669,0,0.0008379885694012046,real::Smartphone,Smartphone,models/v2/clip_lora_fold2_best_v1.pt,models/v2/v2_10b_h2_balanced_logreg_fold2_v1.joblib
2,jpeg_q50,SMARTPHONE_857987,0,0.039154209196567535,real::Smartphone,Smartphone,models/v2/clip_lora_fold2_best_v1.pt,models/v2/v2_10b_h2_balanced_logreg_fold2_v1.joblib
2,jpeg_q50,SMARTPHONE_61303,0,0.0004427189123816788,real::Smartphone,Smartphone,models/v2/clip_lora_fold2_best_v1.pt,models/v2/v2_10b_h2_balanced_logreg_fold2_v1.joblib
2,jpeg_q50,SMARTPHONE_183906,0,0.025991063565015793,real::Smartphone,Smartphone,models/v2/clip_lora_fold2_best_v1.pt,models/v2/v2_10b_h2_balanced_logreg_fold2_v1.joblib
2,jpeg_q50,SMARTPHONE_979974,0,0.0008524171425960958,real::Smartphone,Smartphone,models/v2/clip_lora_fold2_best_v1.pt,models/v2/v2_10b_h2_balanced_logreg_fold2_v1.joblib
2,jpeg_q50,SMARTPHONE_710210,0,0.0012692260788753629,real::Smartphone,Smartphone,models/v2/clip_lora_fold2_best_v1.pt,models/v2/v2_10b_h2_balanced_logreg_fold2_v1.joblib
2,jpeg_q50,SMARTPHONE_26492,0,0.0008884705021046102,real::Smartphone,Smartphone,models/v2/clip_lora_fold2_best_v1.pt,models/v2/v2_10b_h2_balanced_logreg_fold2_v1.joblib
2,jpeg_q50,SMARTPHONE_46110,0,0.0006385557935573161,real::Smartphone,Smartphone,models/v2/clip_lora_fold2_best_v1.pt,models/v2/v2_10b_h2_balanced_logreg_fold2_v1.joblib
2,jpeg_q50,SMARTPHONE_291784,0,0.0023173950612545013,real::Smartphone,Smartphone,models/v2/clip_lora_fold2_best_v1.pt,models/v2/v2_10b_h2_balanced_logreg_fold2_v1.joblib
2,jpeg_q50,SMARTPHONE_237192,0,0.00016804388724267483,real::Smartphone,Smartphone,models/v2/clip_lora_fold2_best_v1.pt,models/v2/v2_10b_h2_balanced_logreg_fold2_v1.joblib
2,jpeg_q50,SMARTPHONE_250027,0,0.0014526228187605739,real::Smartphone,Smartphone,models/v2/clip_lora_fold2_best_v1.pt,models/v2/v2_10b_h2_balanced_logreg_fold2_v1.joblib
2,jpeg_q50,SMARTPHONE_348585,0,0.02832488715648651,real::Smartphone,Smartphone,models/v2/clip_lora_fold2_best_v1.pt,models/v2/v2_10b_h2_balanced_logreg_fold2_v1.joblib
2,jpeg_q50,SMARTPHONE_679693,0,0.0008526730234734714,real::Smartphone,Smartphone,models/v2/clip_lora_fold2_best_v1.pt,models/v2/v2_10b_h2_balanced_logreg_fold2_v1.joblib
2,jpeg_q50,SMARTPHONE_985140,0,0.0002288596733706072,real::Smartphone,Smartphone,models/v2/clip_lora_fold2_best_v1.pt,models/v2/v2_10b_h2_balanced_logreg_fold2_v1.joblib
2,jpeg_q50,SMARTPHONE_826775,0,0.0002140070719178766,real::Smartphone,Smartphone,models/v2/clip_lora_fold2_best_v1.pt,models/v2/v2_10b_h2_balanced_logreg_fold2_v1.joblib
2,jpeg_q50,SMARTPHONE_815484,0,0.0014930440811440349,real::Smartphone,Smartphone,models/v2/clip_lora_fold2_best_v1.pt,models/v2/v2_10b_h2_balanced_logreg_fold2_v1.joblib
2,jpeg_q50,SMARTPHONE_422200,0,8.661091123940423e-05,real::Smartphone,Smartphone,models/v2/clip_lora_fold2_best_v1.pt,models/v2/v2_10b_h2_balanced_logreg_fold2_v1.joblib
2,jpeg_q50,SMARTPHONE_703104,0,0.0020468137226998806,real::Smartphone,Smartphone,models/v2/clip_lora_fold2_best_v1.pt,models/v2/v2_10b_h2_balanced_logreg_fold2_v1.joblib
2,jpeg_q50,SMARTPHONE_322163,0,0.007106558419764042,real::Smartphone,Smartphone,models/v2/clip_lora_fold2_best_v1.pt,models/v2/v2_10b_h2_balanced_logreg_fold2_v1.joblib
2,jpeg_q50,SMARTPHONE_342187,0,0.0015054818941280246,real::Smartphone,Smartphone,models/v2/clip_lora_fold2_best_v1.pt,models/v2/v2_10b_h2_balanced_logreg_fold2_v1.joblib
2,jpeg_q50,SMARTPHONE_446434,0,0.0001919055648613721,real::Smartphone,Smartphone,models/v2/clip_lora_fold2_best_v1.pt,models/v2/v2_10b_h2_balanced_logreg_fold2_v1.joblib
2,jpeg_q50,SMARTPHONE_279138,0,0.0016891233390197158,real::Smartphone,Smartphone,models/v2/clip_lora_fold2_best_v1.pt,models/v2/v2_10b_h2_balanced_logreg_fold2_v1.joblib
2,jpeg_q50,SMARTPHONE_85172,0,0.0017333306604996324,real::Smartphone,Smartphone,models/v2/clip_lora_fold2_best_v1.pt,models/v2/v2_10b_h2_balanced_logreg_fold2_v1.joblib
2,jpeg_q50,SMARTPHONE_771314,0,0.0011047875741496682,real::Smartphone,Smartphone,models/v2/clip_lora_fold2_best_v1.pt,models/v2/v2_10b_h2_balanced_logreg_fold2_v1.joblib
2,jpeg_q50,SMARTPHONE_164175,0,0.0008740611374378204,real::Smartphone,Smartphone,models/v2/clip_lora_fold2_best_v1.pt,models/v2/v2_10b_h2_balanced_logreg_fold2_v1.joblib
2,jpeg_q50,SMARTPHONE_848798,0,0.00023139720724429935,real::Smartphone,Smartphone,models/v2/clip_lora_fold2_best_v1.pt,models/v2/v2_10b_h2_balanced_logreg_fold2_v1.joblib
2,jpeg_q50,SMARTPHONE_131027,0,0.005172795616090298,real::Smartphone,Smartphone,models/v2/clip_lora_fold2_best_v1.pt,models/v2/v2_10b_h2_balanced_logreg_fold2_v1.joblib
2,jpeg_q50,SMARTPHONE_627787,0,0.0010929347481578588,real::Smartphone,Smartphone,models/v2/clip_lora_fold2_best_v1.pt,models/v2/v2_10b_h2_balanced_logreg_fold2_v1.joblib
2,jpeg_q50,SMARTPHONE_894385,0,0.06579147279262543,real::Smartphone,Smartphone,models/v2/clip_lora_fold2_best_v1.pt,models/v2/v2_10b_h2_balanced_logreg_fold2_v1.joblib
2,jpeg_q50,SMARTPHONE_291694,0,0.005624579265713692,real::Smartphone,Smartphone,models/v2/clip_lora_fold2_best_v1.pt,models/v2/v2_10b_h2_balanced_logreg_fold2_v1.joblib
2,jpeg_q50,SMARTPHONE_148778,0,0.006120483390986919,real::Smartphone,Smartphone,models/v2/clip_lora_fold2_best_v1.pt,models/v2/v2_10b_h2_balanced_logreg_fold2_v1.joblib
2,jpeg_q50,SMARTPHONE_224522,0,0.0019370515365153551,real::Smartphone,Smartphone,models/v2/clip_lora_fold2_best_v1.pt,models/v2/v2_10b_h2_balanced_logreg_fold2_v1.joblib
2,jpeg_q50,SMARTPHONE_175464,0,0.016199246048927307,real::Smartphone,Smartphone,models/v2/clip_lora_fold2_best_v1.pt,models/v2/v2_10b_h2_balanced_logreg_fold2_v1.joblib
2,jpeg_q50,SMARTPHONE_244736,0,9.274372860090807e-05,real::Smartphone,Smartphone,models/v2/clip_lora_fold2_best_v1.pt,models/v2/v2_10b_h2_balanced_logreg_fold2_v1.joblib
2,jpeg_q50,SMARTPHONE_582569,0,0.00014504649152513593,real::Smartphone,Smartphone,models/v2/clip_lora_fold2_best_v1.pt,models/v2/v2_10b_h2_balanced_logreg_fold2_v1.joblib
2,jpeg_q50,SMARTPHONE_431450,0,0.0003168668190483004,real::Smartphone,Smartphone,models/v2/clip_lora_fold2_best_v1.pt,models/v2/v2_10b_h2_balanced_logreg_fold2_v1.joblib
2,jpeg_q50,SMARTPHONE_660705,0,0.00010943582310574129,real::Smartphone,Smartphone,models/v2/clip_lora_fold2_best_v1.pt,models/v2/v2_10b_h2_balanced_logreg_fold2_v1.joblib
2,jpeg_q50,SMARTPHONE_621214,0,0.0013612256152555346,real::Smartphone,Smartphone,models/v2/clip_lora_fold2_best_v1.pt,models/v2/v2_10b_h2_balanced_logreg_fold2_v1.joblib
2,jpeg_q50,SMARTPHONE_359386,0,0.09379713237285614,real::Smartphone,Smartphone,models/v2/clip_lora_fold2_best_v1.pt,models/v2/v2_10b_h2_balanced_logreg_fold2_v1.joblib
2,jpeg_q50,SMARTPHONE_144764,0,0.0008397815399803221,real::Smartphone,Smartphone,models/v2/clip_lora_fold2_best_v1.pt,models/v2/v2_10b_h2_balanced_logreg_fold2_v1.joblib
2,jpeg_q50,SMARTPHONE_830594,0,0.0031758800614625216,real::Smartphone,Smartphone,models/v2/clip_lora_fold2_best_v1.pt,models/v2/v2_10b_h2_balanced_logreg_fold2_v1.joblib
2,jpeg_q50,SMARTPHONE_565837,0,0.017545299604535103,real::Smartphone,Smartphone,models/v2/clip_lora_fold2_best_v1.pt,models/v2/v2_10b_h2_balanced_logreg_fold2_v1.joblib
2,jpeg_q50,SMARTPHONE_661367,0,0.006819167174398899,real::Smartphone,Smartphone,models/v2/clip_lora_fold2_best_v1.pt,models/v2/v2_10b_h2_balanced_logreg_fold2_v1.joblib
2,jpeg_q50,SMARTPHONE_196636,0,0.001207434106618166,real::Smartphone,Smartphone,models/v2/clip_lora_fold2_best_v1.pt,models/v2/v2_10b_h2_balanced_logreg_fold2_v1.joblib
2,jpeg_q50,SMARTPHONE_10637,0,0.002210015896707773,real::Smartphone,Smartphone,models/v2/clip_lora_fold2_best_v1.pt,models/v2/v2_10b_h2_balanced_logreg_fold2_v1.joblib
2,jpeg_q50,SMARTPHONE_304933,0,0.0014133562799543142,real::Smartphone,Smartphone,models/v2/clip_lora_fold2_best_v1.pt,models/v2/v2_10b_h2_balanced_logreg_fold2_v1.joblib
2,jpeg_q50,SMARTPHONE_350921,0,0.007613020949065685,real::Smartphone,Smartphone,models/v2/clip_lora_fold2_best_v1.pt,models/v2/v2_10b_h2_balanced_logreg_fold2_v1.joblib
2,jpeg_q50,SMARTPHONE_647201,0,0.005223667714744806,real::Smartphone,Smartphone,models/v2/clip_lora_fold2_best_v1.pt,models/v2/v2_10b_h2_balanced_logreg_fold2_v1.joblib
2,jpeg_q50,SMARTPHONE_657781,0,0.004077301360666752,real::Smartphone,Smartphone,models/v2/clip_lora_fold2_best_v1.pt,models/v2/v2_10b_h2_balanced_logreg_fold2_v1.joblib
2,jpeg_q50,SMARTPHONE_927343,0,0.0035690164659172297,real::Smartphone,Smartphone,models/v2/clip_lora_fold2_best_v1.pt,models/v2/v2_10b_h2_balanced_logreg_fold2_v1.joblib
2,jpeg_q50,SMARTPHONE_263012,0,0.0004205583536531776,real::Smartphone,Smartphone,models/v2/clip_lora_fold2_best_v1.pt,models/v2/v2_10b_h2_balanced_logreg_fold2_v1.joblib
2,jpeg_q50,SMARTPHONE_26183,0,0.0012416538083925843,real::Smartphone,Smartphone,models/v2/clip_lora_fold2_best_v1.pt,models/v2/v2_10b_h2_balanced_logreg_fold2_v1.joblib
2,jpeg_q50,SMARTPHONE_896105,0,0.006493106484413147,real::Smartphone,Smartphone,models/v2/clip_lora_fold2_best_v1.pt,models/v2/v2_10b_h2_balanced_logreg_fold2_v1.joblib
2,jpeg_q50,SMARTPHONE_495631,0,0.0011873517651110888,real::Smartphone,Smartphone,models/v2/clip_lora_fold2_best_v1.pt,models/v2/v2_10b_h2_balanced_logreg_fold2_v1.joblib
2,jpeg_q50,SMARTPHONE_67872,0,0.001300570904277265,real::Smartphone,Smartphone,models/v2/clip_lora_fold2_best_v1.pt,models/v2/v2_10b_h2_balanced_logreg_fold2_v1.joblib
2,jpeg_q50,SMARTPHONE_582549,0,6.0507671150844544e-05,real::Smartphone,Smartphone,models/v2/clip_lora_fold2_best_v1.pt,models/v2/v2_10b_h2_balanced_logreg_fold2_v1.joblib
2,jpeg_q50,SMARTPHONE_111678,0,0.00012995967699680477,real::Smartphone,Smartphone,models/v2/clip_lora_fold2_best_v1.pt,models/v2/v2_10b_h2_balanced_logreg_fold2_v1.joblib
2,jpeg_q50,SMARTPHONE_473589,0,0.0007498397026211023,real::Smartphone,Smartphone,models/v2/clip_lora_fold2_best_v1.pt,models/v2/v2_10b_h2_balanced_logreg_fold2_v1.joblib
2,jpeg_q50,SMARTPHONE_379393,0,0.0003808888141065836,real::Smartphone,Smartphone,models/v2/clip_lora_fold2_best_v1.pt,models/v2/v2_10b_h2_balanced_logreg_fold2_v1.joblib
2,jpeg_q50,SMARTPHONE_150987,0,0.13630704581737518,real::Smartphone,Smartphone,models/v2/clip_lora_fold2_best_v1.pt,models/v2/v2_10b_h2_balanced_logreg_fold2_v1.joblib
2,jpeg_q50,SMARTPHONE_360241,0,9.460757428314537e-05,real::Smartphone,Smartphone,models/v2/clip_lora_fold2_best_v1.pt,models/v2/v2_10b_h2_balanced_logreg_fold2_v1.joblib
2,jpeg_q50,SMARTPHONE_962434,0,0.0027795250061899424,real::Smartphone,Smartphone,models/v2/clip_lora_fold2_best_v1.pt,models/v2/v2_10b_h2_balanced_logreg_fold2_v1.joblib
2,jpeg_q50,SMARTPHONE_442519,0,0.0008460305980406702,real::Smartphone,Smartphone,models/v2/clip_lora_fold2_best_v1.pt,models/v2/v2_10b_h2_balanced_logreg_fold2_v1.joblib
2,jpeg_q50,SMARTPHONE_582381,0,0.00016677947132848203,real::Smartphone,Smartphone,models/v2/clip_lora_fold2_best_v1.pt,models/v2/v2_10b_h2_balanced_logreg_fold2_v1.joblib
2,jpeg_q50,SMARTPHONE_784712,0,0.0004488272243179381,real::Smartphone,Smartphone,models/v2/clip_lora_fold2_best_v1.pt,models/v2/v2_10b_h2_balanced_logreg_fold2_v1.joblib
2,jpeg_q50,SMARTPHONE_382687,0,0.00022262745187617838,real::Smartphone,Smartphone,models/v2/clip_lora_fold2_best_v1.pt,models/v2/v2_10b_h2_balanced_logreg_fold2_v1.joblib
2,jpeg_q50,SMARTPHONE_369625,0,0.004872660618275404,real::Smartphone,Smartphone,models/v2/clip_lora_fold2_best_v1.pt,models/v2/v2_10b_h2_balanced_logreg_fold2_v1.joblib
2,jpeg_q50,SMARTPHONE_255480,0,0.011920176446437836,real::Smartphone,Smartphone,models/v2/clip_lora_fold2_best_v1.pt,models/v2/v2_10b_h2_balanced_logreg_fold2_v1.joblib
2,jpeg_q50,SMARTPHONE_429017,0,0.022890042513608932,real::Smartphone,Smartphone,models/v2/clip_lora_fold2_best_v1.pt,models/v2/v2_10b_h2_balanced_logreg_fold2_v1.joblib
2,jpeg_q50,SMARTPHONE_384872,0,0.0025459222961217165,real::Smartphone,Smartphone,models/v2/clip_lora_fold2_best_v1.pt,models/v2/v2_10b_h2_balanced_logreg_fold2_v1.joblib
2,jpeg_q50,SMARTPHONE_907482,0,0.0009905791375786066,real::Smartphone,Smartphone,models/v2/clip_lora_fold2_best_v1.pt,models/v2/v2_10b_h2_balanced_logreg_fold2_v1.joblib
2,jpeg_q50,SMARTPHONE_389287,0,0.0004511033184826374,real::Smartphone,Smartphone,models/v2/clip_lora_fold2_best_v1.pt,models/v2/v2_10b_h2_balanced_logreg_fold2_v1.joblib
