fold,condition,image_id,y,p_h2,generator_id,real_domain,checkpoint,h2_head
4,jpeg_q50,pilot_000000,0,0.0031676888465881348,real::Tiny-GenImage,Tiny,models/v2/clip_lora_fold4_best_v1.pt,models/v2/v2_10b_h2_balanced_logreg_fold4_v1.joblib
4,jpeg_q50,pilot_000007,1,0.003485659370198846,tiny::Midjourney,,models/v2/clip_lora_fold4_best_v1.pt,models/v2/v2_10b_h2_balanced_logreg_fold4_v1.joblib
4,jpeg_q50,pilot_000018,0,0.009330718778073788,real::Tiny-GenImage,Tiny,models/v2/clip_lora_fold4_best_v1.pt,models/v2/v2_10b_h2_balanced_logreg_fold4_v1.joblib
4,jpeg_q50,pilot_000020,0,0.03395280987024307,real::Tiny-GenImage,Tiny,models/v2/clip_lora_fold4_best_v1.pt,models/v2/v2_10b_h2_balanced_logreg_fold4_v1.joblib
4,jpeg_q50,pilot_000021,1,0.004498655442148447,tiny::Midjourney,,models/v2/clip_lora_fold4_best_v1.pt,models/v2/v2_10b_h2_balanced_logreg_fold4_v1.joblib
4,jpeg_q50,pilot_000022,0,0.007047249469906092,real::Tiny-GenImage,Tiny,models/v2/clip_lora_fold4_best_v1.pt,models/v2/v2_10b_h2_balanced_logreg_fold4_v1.joblib
4,jpeg_q50,pilot_000028,0,0.0030537203419953585,real::Tiny-GenImage,Tiny,models/v2/clip_lora_fold4_best_v1.pt,models/v2/v2_10b_h2_balanced_logreg_fold4_v1.joblib
4,jpeg_q50,pilot_000035,1,0.023725422099232674,tiny::Midjourney,,models/v2/clip_lora_fold4_best_v1.pt,models/v2/v2_10b_h2_balanced_logreg_fold4_v1.joblib
4,jpeg_q50,pilot_000038,0,0.003784797852858901,real::Tiny-GenImage,Tiny,models/v2/clip_lora_fold4_best_v1.pt,models/v2/v2_10b_h2_balanced_logreg_fold4_v1.joblib
4,jpeg_q50,pilot_000049,1,0.05230971798300743,tiny::Midjourney,,models/v2/clip_lora_fold4_best_v1.pt,models/v2/v2_10b_h2_balanced_logreg_fold4_v1.joblib
4,jpeg_q50,pilot_000062,0,0.011585758067667484,real::Tiny-GenImage,Tiny,models/v2/clip_lora_fold4_best_v1.pt,models/v2/v2_10b_h2_balanced_logreg_fold4_v1.joblib
4,jpeg_q50,pilot_000063,1,0.015940388664603233,tiny::Midjourney,,models/v2/clip_lora_fold4_best_v1.pt,models/v2/v2_10b_h2_balanced_logreg_fold4_v1.joblib
4,jpeg_q50,pilot_000077,1,0.00348476180806756,tiny::Midjourney,,models/v2/clip_lora_fold4_best_v1.pt,models/v2/v2_10b_h2_balanced_logreg_fold4_v1.joblib
4,jpeg_q50,pilot_000091,1,0.019653456285595894,tiny::Midjourney,,models/v2/clip_lora_fold4_best_v1.pt,models/v2/v2_10b_h2_balanced_logreg_fold4_v1.joblib
4,jpeg_q50,pilot_000105,1,0.022510485723614693,tiny::Midjourney,,models/v2/clip_lora_fold4_best_v1.pt,models/v2/v2_10b_h2_balanced_logreg_fold4_v1.joblib
4,jpeg_q50,pilot_000112,0,0.013646132312715054,real::Tiny-GenImage,Tiny,models/v2/clip_lora_fold4_best_v1.pt,models/v2/v2_10b_h2_balanced_logreg_fold4_v1.joblib
4,jpeg_q50,pilot_000119,1,0.49493536353111267,tiny::Midjourney,,models/v2/clip_lora_fold4_best_v1.pt,models/v2/v2_10b_h2_balanced_logreg_fold4_v1.joblib
4,jpeg_q50,pilot_000133,1,0.04792105406522751,tiny::Midjourney,,models/v2/clip_lora_fold4_best_v1.pt,models/v2/v2_10b_h2_balanced_logreg_fold4_v1.joblib
4,jpeg_q50,pilot_000136,0,0.001009696046821773,real::Tiny-GenImage,Tiny,models/v2/clip_lora_fold4_best_v1.pt,models/v2/v2_10b_h2_balanced_logreg_fold4_v1.joblib
4,jpeg_q50,pilot_000146,0,0.0015968888765200973,real::Tiny-GenImage,Tiny,models/v2/clip_lora_fold4_best_v1.pt,models/v2/v2_10b_h2_balanced_logreg_fold4_v1.joblib
4,jpeg_q50,pilot_000147,1,0.007630480453372002,tiny::Midjourney,,models/v2/clip_lora_fold4_best_v1.pt,models/v2/v2_10b_h2_balanced_logreg_fold4_v1.joblib
4,jpeg_q50,pilot_000154,0,0.0068509927950799465,real::Tiny-GenImage,Tiny,models/v2/clip_lora_fold4_best_v1.pt,models/v2/v2_10b_h2_balanced_logreg_fold4_v1.joblib
4,jpeg_q50,pilot_000161,1,0.31022125482559204,tiny::Midjourney,,models/v2/clip_lora_fold4_best_v1.pt,models/v2/v2_10b_h2_balanced_logreg_fold4_v1.joblib
4,jpeg_q50,pilot_000175,1,0.0025527500547468662,tiny::Midjourney,,models/v2/clip_lora_fold4_best_v1.pt,models/v2/v2_10b_h2_balanced_logreg_fold4_v1.joblib
4,jpeg_q50,pilot_000189,1,0.019141539931297302,tiny::Midjourney,,models/v2/clip_lora_fold4_best_v1.pt,models/v2/v2_10b_h2_balanced_logreg_fold4_v1.joblib
4,jpeg_q50,pilot_000203,1,0.008202847093343735,tiny::Midjourney,,models/v2/clip_lora_fold4_best_v1.pt,models/v2/v2_10b_h2_balanced_logreg_fold4_v1.joblib
4,jpeg_q50,pilot_000212,0,0.06272519379854202,real::Tiny-GenImage,Tiny,models/v2/clip_lora_fold4_best_v1.pt,models/v2/v2_10b_h2_balanced_logreg_fold4_v1.joblib
4,jpeg_q50,pilot_000217,1,0.0837104320526123,tiny::Midjourney,,models/v2/clip_lora_fold4_best_v1.pt,models/v2/v2_10b_h2_balanced_logreg_fold4_v1.joblib
4,jpeg_q50,pilot_000231,1,0.03615935519337654,tiny::Midjourney,,models/v2/clip_lora_fold4_best_v1.pt,models/v2/v2_10b_h2_balanced_logreg_fold4_v1.joblib
4,jpeg_q50,pilot_000234,0,0.014568922109901905,real::Tiny-GenImage,Tiny,models/v2/clip_lora_fold4_best_v1.pt,models/v2/v2_10b_h2_balanced_logreg_fold4_v1.joblib
4,jpeg_q50,pilot_000245,1,0.08012889325618744,tiny::Midjourney,,models/v2/clip_lora_fold4_best_v1.pt,models/v2/v2_10b_h2_balanced_logreg_fold4_v1.joblib
4,jpeg_q50,pilot_000259,1,0.023526497185230255,tiny::Midjourney,,models/v2/clip_lora_fold4_best_v1.pt,models/v2/v2_10b_h2_balanced_logreg_fold4_v1.joblib
4,jpeg_q50,pilot_000262,0,0.006277307402342558,real::Tiny-GenImage,Tiny,models/v2/clip_lora_fold4_best_v1.pt,models/v2/v2_10b_h2_balanced_logreg_fold4_v1.joblib
4,jpeg_q50,pilot_000273,1,0.03663686290383339,tiny::Midjourney,,models/v2/clip_lora_fold4_best_v1.pt,models/v2/v2_10b_h2_balanced_logreg_fold4_v1.joblib
4,jpeg_q50,pilot_000276,0,0.003530592890456319,real::Tiny-GenImage,Tiny,models/v2/clip_lora_fold4_best_v1.pt,models/v2/v2_10b_h2_balanced_logreg_fold4_v1.joblib
4,jpeg_q50,pilot_000287,1,0.3574485778808594,tiny::Midjourney,,models/v2/clip_lora_fold4_best_v1.pt,models/v2/v2_10b_h2_balanced_logreg_fold4_v1.joblib
4,jpeg_q50,pilot_000296,0,0.007697985507547855,real::Tiny-GenImage,Tiny,models/v2/clip_lora_fold4_best_v1.pt,models/v2/v2_10b_h2_balanced_logreg_fold4_v1.joblib
4,jpeg_q50,pilot_000301,1,0.2402305006980896,tiny::Midjourney,,models/v2/clip_lora_fold4_best_v1.pt,models/v2/v2_10b_h2_balanced_logreg_fold4_v1.joblib
4,jpeg_q50,pilot_000310,0,0.006718017626553774,real::Tiny-GenImage,Tiny,models/v2/clip_lora_fold4_best_v1.pt,models/v2/v2_10b_h2_balanced_logreg_fold4_v1.joblib
4,jpeg_q50,pilot_000315,1,0.008912832476198673,tiny::Midjourney,,models/v2/clip_lora_fold4_best_v1.pt,models/v2/v2_10b_h2_balanced_logreg_fold4_v1.joblib
4,jpeg_q50,pilot_000326,0,0.0030862365383654833,real::Tiny-GenImage,Tiny,models/v2/clip_lora_fold4_best_v1.pt,models/v2/v2_10b_h2_balanced_logreg_fold4_v1.joblib
4,jpeg_q50,pilot_000329,1,0.024887043982744217,tiny::Midjourney,,models/v2/clip_lora_fold4_best_v1.pt,models/v2/v2_10b_h2_balanced_logreg_fold4_v1.joblib
4,jpeg_q50,pilot_000342,0,0.052078474313020706,real::Tiny-GenImage,Tiny,models/v2/clip_lora_fold4_best_v1.pt,models/v2/v2_10b_h2_balanced_logreg_fold4_v1.joblib
4,jpeg_q50,pilot_000343,1,0.022690940648317337,tiny::Midjourney,,models/v2/clip_lora_fold4_best_v1.pt,models/v2/v2_10b_h2_balanced_logreg_fold4_v1.joblib
4,jpeg_q50,pilot_000354,0,0.002422684570774436,real::Tiny-GenImage,Tiny,models/v2/clip_lora_fold4_best_v1.pt,models/v2/v2_10b_h2_balanced_logreg_fold4_v1.joblib
4,jpeg_q50,pilot_000357,1,0.08632127940654755,tiny::Midjourney,,models/v2/clip_lora_fold4_best_v1.pt,models/v2/v2_10b_h2_balanced_logreg_fold4_v1.joblib
4,jpeg_q50,pilot_000360,0,0.17922958731651306,real::Tiny-GenImage,Tiny,models/v2/clip_lora_fold4_best_v1.pt,models/v2/v2_10b_h2_balanced_logreg_fold4_v1.joblib
4,jpeg_q50,pilot_000368,0,0.005525660701096058,real::Tiny-GenImage,Tiny,models/v2/clip_lora_fold4_best_v1.pt,models/v2/v2_10b_h2_balanced_logreg_fold4_v1.joblib
4,jpeg_q50,pilot_000371,1,0.40369975566864014,tiny::Midjourney,,models/v2/clip_lora_fold4_best_v1.pt,models/v2/v2_10b_h2_balanced_logreg_fold4_v1.joblib
4,jpeg_q50,pilot_000372,0,0.0023527315352112055,real::Tiny-GenImage,Tiny,models/v2/clip_lora_fold4_best_v1.pt,models/v2/v2_10b_h2_balanced_logreg_fold4_v1.joblib
4,jpeg_q50,pilot_000385,1,0.10492580384016037,tiny::Midjourney,,models/v2/clip_lora_fold4_best_v1.pt,models/v2/v2_10b_h2_balanced_logreg_fold4_v1.joblib
4,jpeg_q50,pilot_000399,1,0.7605431079864502,tiny::Midjourney,,models/v2/clip_lora_fold4_best_v1.pt,models/v2/v2_10b_h2_balanced_logreg_fold4_v1.joblib
4,jpeg_q50,pilot_000410,0,0.00654428219422698,real::Tiny-GenImage,Tiny,models/v2/clip_lora_fold4_best_v1.pt,models/v2/v2_10b_h2_balanced_logreg_fold4_v1.joblib
4,jpeg_q50,pilot_000413,1,0.0971267893910408,tiny::Midjourney,,models/v2/clip_lora_fold4_best_v1.pt,models/v2/v2_10b_h2_balanced_logreg_fold4_v1.joblib
4,jpeg_q50,pilot_000427,1,0.15484941005706787,tiny::Midjourney,,models/v2/clip_lora_fold4_best_v1.pt,models/v2/v2_10b_h2_balanced_logreg_fold4_v1.joblib
4,jpeg_q50,pilot_000436,0,0.004150396212935448,real::Tiny-GenImage,Tiny,models/v2/clip_lora_fold4_best_v1.pt,models/v2/v2_10b_h2_balanced_logreg_fold4_v1.joblib
4,jpeg_q50,pilot_000441,1,0.030525052919983864,tiny::Midjourney,,models/v2/clip_lora_fold4_best_v1.pt,models/v2/v2_10b_h2_balanced_logreg_fold4_v1.joblib
4,jpeg_q50,pilot_000455,1,0.1971033215522766,tiny::Midjourney,,models/v2/clip_lora_fold4_best_v1.pt,models/v2/v2_10b_h2_balanced_logreg_fold4_v1.joblib
4,jpeg_q50,pilot_000469,1,0.005499949678778648,tiny::Midjourney,,models/v2/clip_lora_fold4_best_v1.pt,models/v2/v2_10b_h2_balanced_logreg_fold4_v1.joblib
4,jpeg_q50,pilot_000476,0,0.010661641135811806,real::Tiny-GenImage,Tiny,models/v2/clip_lora_fold4_best_v1.pt,models/v2/v2_10b_h2_balanced_logreg_fold4_v1.joblib
4,jpeg_q50,pilot_000478,0,0.030031843110919,real::Tiny-GenImage,Tiny,models/v2/clip_lora_fold4_best_v1.pt,models/v2/v2_10b_h2_balanced_logreg_fold4_v1.joblib
4,jpeg_q50,pilot_000482,0,0.023976733908057213,real::Tiny-GenImage,Tiny,models/v2/clip_lora_fold4_best_v1.pt,models/v2/v2_10b_h2_balanced_logreg_fold4_v1.joblib
4,jpeg_q50,pilot_000483,1,0.1512918472290039,tiny::Midjourney,,models/v2/clip_lora_fold4_best_v1.pt,models/v2/v2_10b_h2_balanced_logreg_fold4_v1.joblib
4,jpeg_q50,pilot_000486,0,0.006409126799553633,real::Tiny-GenImage,Tiny,models/v2/clip_lora_fold4_best_v1.pt,models/v2/v2_10b_h2_balanced_logreg_fold4_v1.joblib
4,jpeg_q50,pilot_000497,1,0.8639703989028931,tiny::Midjourney,,models/v2/clip_lora_fold4_best_v1.pt,models/v2/v2_10b_h2_balanced_logreg_fold4_v1.joblib
4,jpeg_q50,pilot_000511,1,0.005254263523966074,tiny::Midjourney,,models/v2/clip_lora_fold4_best_v1.pt,models/v2/v2_10b_h2_balanced_logreg_fold4_v1.joblib
4,jpeg_q50,pilot_000525,1,0.31484201550483704,tiny::Midjourney,,models/v2/clip_lora_fold4_best_v1.pt,models/v2/v2_10b_h2_balanced_logreg_fold4_v1.joblib
4,jpeg_q50,pilot_000539,1,0.006417902652174234,tiny::Midjourney,,models/v2/clip_lora_fold4_best_v1.pt,models/v2/v2_10b_h2_balanced_logreg_fold4_v1.joblib
4,jpeg_q50,pilot_000548,0,0.00351356971077621,real::Tiny-GenImage,Tiny,models/v2/clip_lora_fold4_best_v1.pt,models/v2/v2_10b_h2_balanced_logreg_fold4_v1.joblib
4,jpeg_q50,pilot_000553,1,0.010285742580890656,tiny::Midjourney,,models/v2/clip_lora_fold4_best_v1.pt,models/v2/v2_10b_h2_balanced_logreg_fold4_v1.joblib
4,jpeg_q50,pilot_000564,0,0.001784218125976622,real::Tiny-GenImage,Tiny,models/v2/clip_lora_fold4_best_v1.pt,models/v2/v2_10b_h2_balanced_logreg_fold4_v1.joblib
4,jpeg_q50,pilot_000567,1,0.04297063872218132,tiny::Midjourney,,models/v2/clip_lora_fold4_best_v1.pt,models/v2/v2_10b_h2_balanced_logreg_fold4_v1.joblib
4,jpeg_q50,pilot_000581,1,0.017255928367376328,tiny::Midjourney,,models/v2/clip_lora_fold4_best_v1.pt,models/v2/v2_10b_h2_balanced_logreg_fold4_v1.joblib
4,jpeg_q50,pilot_000594,0,0.006390887778252363,real::Tiny-GenImage,Tiny,models/v2/clip_lora_fold4_best_v1.pt,models/v2/v2_10b_h2_balanced_logreg_fold4_v1.joblib
4,jpeg_q50,pilot_000595,1,0.006770081352442503,tiny::Midjourney,,models/v2/clip_lora_fold4_best_v1.pt,models/v2/v2_10b_h2_balanced_logreg_fold4_v1.joblib
4,jpeg_q50,pilot_000609,1,0.02499118074774742,tiny::Midjourney,,models/v2/clip_lora_fold4_best_v1.pt,models/v2/v2_10b_h2_balanced_logreg_fold4_v1.joblib
4,jpeg_q50,pilot_000623,1,0.07176508754491806,tiny::Midjourney,,models/v2/clip_lora_fold4_best_v1.pt,models/v2/v2_10b_h2_balanced_logreg_fold4_v1.joblib
4,jpeg_q50,pilot_000632,0,0.1667407900094986,real::Tiny-GenImage,Tiny,models/v2/clip_lora_fold4_best_v1.pt,models/v2/v2_10b_h2_balanced_logreg_fold4_v1.joblib
4,jpeg_q50,pilot_000637,1,0.03733178600668907,tiny::Midjourney,,models/v2/clip_lora_fold4_best_v1.pt,models/v2/v2_10b_h2_balanced_logreg_fold4_v1.joblib
4,jpeg_q50,pilot_000651,1,0.01444268599152565,tiny::Midjourney,,models/v2/clip_lora_fold4_best_v1.pt,models/v2/v2_10b_h2_balanced_logreg_fold4_v1.joblib
4,jpeg_q50,pilot_000662,0,0.055451828986406326,real::Tiny-GenImage,Tiny,models/v2/clip_lora_fold4_best_v1.pt,models/v2/v2_10b_h2_balanced_logreg_fold4_v1.joblib
4,jpeg_q50,pilot_000665,1,0.8275029063224792,tiny::Midjourney,,models/v2/clip_lora_fold4_best_v1.pt,models/v2/v2_10b_h2_balanced_logreg_fold4_v1.joblib
4,jpeg_q50,pilot_000679,1,0.6932352185249329,tiny::Midjourney,,models/v2/clip_lora_fold4_best_v1.pt,models/v2/v2_10b_h2_balanced_logreg_fold4_v1.joblib
4,jpeg_q50,pilot_000693,1,0.015966499224305153,tiny::Midjourney,,models/v2/clip_lora_fold4_best_v1.pt,models/v2/v2_10b_h2_balanced_logreg_fold4_v1.joblib
4,jpeg_q50,pilot_000694,0,0.0029423062223941088,real::Tiny-GenImage,Tiny,models/v2/clip_lora_fold4_best_v1.pt,models/v2/v2_10b_h2_balanced_logreg_fold4_v1.joblib
4,jpeg_q50,pilot_000707,1,0.041717398911714554,tiny::Midjourney,,models/v2/clip_lora_fold4_best_v1.pt,models/v2/v2_10b_h2_balanced_logreg_fold4_v1.joblib
4,jpeg_q50,pilot_000716,0,0.008261328563094139,real::Tiny-GenImage,Tiny,models/v2/clip_lora_fold4_best_v1.pt,models/v2/v2_10b_h2_balanced_logreg_fold4_v1.joblib
4,jpeg_q50,pilot_000721,1,0.02987351454794407,tiny::Midjourney,,models/v2/clip_lora_fold4_best_v1.pt,models/v2/v2_10b_h2_balanced_logreg_fold4_v1.joblib
4,jpeg_q50,pilot_000730,0,0.0017438068753108382,real::Tiny-GenImage,Tiny,models/v2/clip_lora_fold4_best_v1.pt,models/v2/v2_10b_h2_balanced_logreg_fold4_v1.joblib
4,jpeg_q50,pilot_000735,1,0.006406586151570082,tiny::Midjourney,,models/v2/clip_lora_fold4_best_v1.pt,models/v2/v2_10b_h2_balanced_logreg_fold4_v1.joblib
4,jpeg_q50,pilot_000748,0,0.001006106729619205,real::Tiny-GenImage,Tiny,models/v2/clip_lora_fold4_best_v1.pt,models/v2/v2_10b_h2_balanced_logreg_fold4_v1.joblib
4,jpeg_q50,pilot_000749,1,0.01215850468724966,tiny::Midjourney,,models/v2/clip_lora_fold4_best_v1.pt,models/v2/v2_10b_h2_balanced_logreg_fold4_v1.joblib
4,jpeg_q50,pilot_000763,1,0.042250193655490875,tiny::Midjourney,,models/v2/clip_lora_fold4_best_v1.pt,models/v2/v2_10b_h2_balanced_logreg_fold4_v1.joblib
4,jpeg_q50,pilot_000774,0,0.006557965185493231,real::Tiny-GenImage,Tiny,models/v2/clip_lora_fold4_best_v1.pt,models/v2/v2_10b_h2_balanced_logreg_fold4_v1.joblib
4,jpeg_q50,pilot_000777,1,0.06089988350868225,tiny::Midjourney,,models/v2/clip_lora_fold4_best_v1.pt,models/v2/v2_10b_h2_balanced_logreg_fold4_v1.joblib
4,jpeg_q50,pilot_000778,0,0.04095715656876564,real::Tiny-GenImage,Tiny,models/v2/clip_lora_fold4_best_v1.pt,models/v2/v2_10b_h2_balanced_logreg_fold4_v1.joblib
4,jpeg_q50,pilot_000791,1,0.27126961946487427,tiny::Midjourney,,models/v2/clip_lora_fold4_best_v1.pt,models/v2/v2_10b_h2_balanced_logreg_fold4_v1.joblib
4,jpeg_q50,pilot_000796,0,0.008660980500280857,real::Tiny-GenImage,Tiny,models/v2/clip_lora_fold4_best_v1.pt,models/v2/v2_10b_h2_balanced_logreg_fold4_v1.joblib
4,jpeg_q50,pilot_000805,1,0.35762476921081543,tiny::Midjourney,,models/v2/clip_lora_fold4_best_v1.pt,models/v2/v2_10b_h2_balanced_logreg_fold4_v1.joblib
4,jpeg_q50,pilot_000816,0,0.030624879524111748,real::Tiny-GenImage,Tiny,models/v2/clip_lora_fold4_best_v1.pt,models/v2/v2_10b_h2_balanced_logreg_fold4_v1.joblib
4,jpeg_q50,pilot_000819,1,0.13679783046245575,tiny::Midjourney,,models/v2/clip_lora_fold4_best_v1.pt,models/v2/v2_10b_h2_balanced_logreg_fold4_v1.joblib
4,jpeg_q50,pilot_000820,0,0.008337228558957577,real::Tiny-GenImage,Tiny,models/v2/clip_lora_fold4_best_v1.pt,models/v2/v2_10b_h2_balanced_logreg_fold4_v1.joblib
4,jpeg_q50,pilot_000826,0,0.022311516106128693,real::Tiny-GenImage,Tiny,models/v2/clip_lora_fold4_best_v1.pt,models/v2/v2_10b_h2_balanced_logreg_fold4_v1.joblib
4,jpeg_q50,pilot_000830,0,0.014733541756868362,real::Tiny-GenImage,Tiny,models/v2/clip_lora_fold4_best_v1.pt,models/v2/v2_10b_h2_balanced_logreg_fold4_v1.joblib
4,jpeg_q50,pilot_000833,1,0.0724271908402443,tiny::Midjourney,,models/v2/clip_lora_fold4_best_v1.pt,models/v2/v2_10b_h2_balanced_logreg_fold4_v1.joblib
4,jpeg_q50,pilot_000834,0,0.009073878638446331,real::Tiny-GenImage,Tiny,models/v2/clip_lora_fold4_best_v1.pt,models/v2/v2_10b_h2_balanced_logreg_fold4_v1.joblib
4,jpeg_q50,pilot_000840,0,0.0033023690339177847,real::Tiny-GenImage,Tiny,models/v2/clip_lora_fold4_best_v1.pt,models/v2/v2_10b_h2_balanced_logreg_fold4_v1.joblib
4,jpeg_q50,pilot_000847,1,0.15425479412078857,tiny::Midjourney,,models/v2/clip_lora_fold4_best_v1.pt,models/v2/v2_10b_h2_balanced_logreg_fold4_v1.joblib
4,jpeg_q50,pilot_000861,1,0.015555297024548054,tiny::Midjourney,,models/v2/clip_lora_fold4_best_v1.pt,models/v2/v2_10b_h2_balanced_logreg_fold4_v1.joblib
4,jpeg_q50,pilot_000875,1,0.10299189388751984,tiny::Midjourney,,models/v2/clip_lora_fold4_best_v1.pt,models/v2/v2_10b_h2_balanced_logreg_fold4_v1.joblib
4,jpeg_q50,pilot_000878,0,0.09810233116149902,real::Tiny-GenImage,Tiny,models/v2/clip_lora_fold4_best_v1.pt,models/v2/v2_10b_h2_balanced_logreg_fold4_v1.joblib
4,jpeg_q50,pilot_000889,1,0.07440535724163055,tiny::Midjourney,,models/v2/clip_lora_fold4_best_v1.pt,models/v2/v2_10b_h2_balanced_logreg_fold4_v1.joblib
4,jpeg_q50,pilot_000894,0,0.027709387242794037,real::Tiny-GenImage,Tiny,models/v2/clip_lora_fold4_best_v1.pt,models/v2/v2_10b_h2_balanced_logreg_fold4_v1.joblib
4,jpeg_q50,pilot_000902,0,0.009418255649507046,real::Tiny-GenImage,Tiny,models/v2/clip_lora_fold4_best_v1.pt,models/v2/v2_10b_h2_balanced_logreg_fold4_v1.joblib
4,jpeg_q50,pilot_000903,1,0.1653534173965454,tiny::Midjourney,,models/v2/clip_lora_fold4_best_v1.pt,models/v2/v2_10b_h2_balanced_logreg_fold4_v1.joblib
4,jpeg_q50,pilot_000908,0,0.00457168510183692,real::Tiny-GenImage,Tiny,models/v2/clip_lora_fold4_best_v1.pt,models/v2/v2_10b_h2_balanced_logreg_fold4_v1.joblib
4,jpeg_q50,pilot_000917,1,0.028771264478564262,tiny::Midjourney,,models/v2/clip_lora_fold4_best_v1.pt,models/v2/v2_10b_h2_balanced_logreg_fold4_v1.joblib
4,jpeg_q50,pilot_000926,0,0.004610732197761536,real::Tiny-GenImage,Tiny,models/v2/clip_lora_fold4_best_v1.pt,models/v2/v2_10b_h2_balanced_logreg_fold4_v1.joblib
4,jpeg_q50,pilot_000931,1,0.08176685869693756,tiny::Midjourney,,models/v2/clip_lora_fold4_best_v1.pt,models/v2/v2_10b_h2_balanced_logreg_fold4_v1.joblib
4,jpeg_q50,pilot_000945,1,0.010829037055373192,tiny::Midjourney,,models/v2/clip_lora_fold4_best_v1.pt,models/v2/v2_10b_h2_balanced_logreg_fold4_v1.joblib
4,jpeg_q50,pilot_000952,0,0.004489891231060028,real::Tiny-GenImage,Tiny,models/v2/clip_lora_fold4_best_v1.pt,models/v2/v2_10b_h2_balanced_logreg_fold4_v1.joblib
4,jpeg_q50,pilot_000959,1,0.12563003599643707,tiny::Midjourney,,models/v2/clip_lora_fold4_best_v1.pt,models/v2/v2_10b_h2_balanced_logreg_fold4_v1.joblib
4,jpeg_q50,pilot_000960,0,0.024212857708334923,real::Tiny-GenImage,Tiny,models/v2/clip_lora_fold4_best_v1.pt,models/v2/v2_10b_h2_balanced_logreg_fold4_v1.joblib
4,jpeg_q50,pilot_000973,1,0.004972912836819887,tiny::Midjourney,,models/v2/clip_lora_fold4_best_v1.pt,models/v2/v2_10b_h2_balanced_logreg_fold4_v1.joblib
4,jpeg_q50,pilot_000987,1,0.0209282785654068,tiny::Midjourney,,models/v2/clip_lora_fold4_best_v1.pt,models/v2/v2_10b_h2_balanced_logreg_fold4_v1.joblib
4,jpeg_q50,pilot_000990,0,0.002669084817171097,real::Tiny-GenImage,Tiny,models/v2/clip_lora_fold4_best_v1.pt,models/v2/v2_10b_h2_balanced_logreg_fold4_v1.joblib
4,jpeg_q50,pilot_000996,0,0.009086638689041138,real::Tiny-GenImage,Tiny,models/v2/clip_lora_fold4_best_v1.pt,models/v2/v2_10b_h2_balanced_logreg_fold4_v1.joblib
4,jpeg_q50,pilot_001001,1,0.023544741794466972,tiny::Midjourney,,models/v2/clip_lora_fold4_best_v1.pt,models/v2/v2_10b_h2_balanced_logreg_fold4_v1.joblib
4,jpeg_q50,pilot_001015,1,0.02766028232872486,tiny::Midjourney,,models/v2/clip_lora_fold4_best_v1.pt,models/v2/v2_10b_h2_balanced_logreg_fold4_v1.joblib
4,jpeg_q50,pilot_001016,0,0.010280147194862366,real::Tiny-GenImage,Tiny,models/v2/clip_lora_fold4_best_v1.pt,models/v2/v2_10b_h2_balanced_logreg_fold4_v1.joblib
4,jpeg_q50,pilot_001022,0,0.006450522691011429,real::Tiny-GenImage,Tiny,models/v2/clip_lora_fold4_best_v1.pt,models/v2/v2_10b_h2_balanced_logreg_fold4_v1.joblib
4,jpeg_q50,pilot_001024,0,0.0033805796410888433,real::Tiny-GenImage,Tiny,models/v2/clip_lora_fold4_best_v1.pt,models/v2/v2_10b_h2_balanced_logreg_fold4_v1.joblib
4,jpeg_q50,pilot_001029,1,0.025965092703700066,tiny::Midjourney,,models/v2/clip_lora_fold4_best_v1.pt,models/v2/v2_10b_h2_balanced_logreg_fold4_v1.joblib
4,jpeg_q50,pilot_001038,0,0.009390908293426037,real::Tiny-GenImage,Tiny,models/v2/clip_lora_fold4_best_v1.pt,models/v2/v2_10b_h2_balanced_logreg_fold4_v1.joblib
4,jpeg_q50,pilot_001042,0,0.002975745592266321,real::Tiny-GenImage,Tiny,models/v2/clip_lora_fold4_best_v1.pt,models/v2/v2_10b_h2_balanced_logreg_fold4_v1.joblib
4,jpeg_q50,pilot_001043,1,0.043774448335170746,tiny::Midjourney,,models/v2/clip_lora_fold4_best_v1.pt,models/v2/v2_10b_h2_balanced_logreg_fold4_v1.joblib
4,jpeg_q50,pilot_001054,0,0.034241240471601486,real::Tiny-GenImage,Tiny,models/v2/clip_lora_fold4_best_v1.pt,models/v2/v2_10b_h2_balanced_logreg_fold4_v1.joblib
4,jpeg_q50,pilot_001057,1,0.006343211978673935,tiny::Midjourney,,models/v2/clip_lora_fold4_best_v1.pt,models/v2/v2_10b_h2_balanced_logreg_fold4_v1.joblib
4,jpeg_q50,pilot_001068,0,0.1083868071436882,real::Tiny-GenImage,Tiny,models/v2/clip_lora_fold4_best_v1.pt,models/v2/v2_10b_h2_balanced_logreg_fold4_v1.joblib
4,jpeg_q50,pilot_001070,0,0.02326999418437481,real::Tiny-GenImage,Tiny,models/v2/clip_lora_fold4_best_v1.pt,models/v2/v2_10b_h2_balanced_logreg_fold4_v1.joblib
4,jpeg_q50,pilot_001071,1,0.05277871713042259,tiny::Midjourney,,models/v2/clip_lora_fold4_best_v1.pt,models/v2/v2_10b_h2_balanced_logreg_fold4_v1.joblib
4,jpeg_q50,pilot_001076,0,0.0042132604867219925,real::Tiny-GenImage,Tiny,models/v2/clip_lora_fold4_best_v1.pt,models/v2/v2_10b_h2_balanced_logreg_fold4_v1.joblib
4,jpeg_q50,pilot_001085,1,0.21176427602767944,tiny::Midjourney,,models/v2/clip_lora_fold4_best_v1.pt,models/v2/v2_10b_h2_balanced_logreg_fold4_v1.joblib
4,jpeg_q50,pilot_001086,0,0.0007420194451697171,real::Tiny-GenImage,Tiny,models/v2/clip_lora_fold4_best_v1.pt,models/v2/v2_10b_h2_balanced_logreg_fold4_v1.joblib
4,jpeg_q50,pilot_001099,1,0.03197552263736725,tiny::Midjourney,,models/v2/clip_lora_fold4_best_v1.pt,models/v2/v2_10b_h2_balanced_logreg_fold4_v1.joblib
4,jpeg_q50,pilot_001102,0,0.00405134866014123,real::Tiny-GenImage,Tiny,models/v2/clip_lora_fold4_best_v1.pt,models/v2/v2_10b_h2_balanced_logreg_fold4_v1.joblib
4,jpeg_q50,pilot_001113,1,0.35620251297950745,tiny::Midjourney,,models/v2/clip_lora_fold4_best_v1.pt,models/v2/v2_10b_h2_balanced_logreg_fold4_v1.joblib
4,jpeg_q50,pilot_001127,1,0.06581949442625046,tiny::Midjourney,,models/v2/clip_lora_fold4_best_v1.pt,models/v2/v2_10b_h2_balanced_logreg_fold4_v1.joblib
4,jpeg_q50,pilot_001128,0,0.0067939432337880135,real::Tiny-GenImage,Tiny,models/v2/clip_lora_fold4_best_v1.pt,models/v2/v2_10b_h2_balanced_logreg_fold4_v1.joblib
4,jpeg_q50,pilot_001130,0,0.0036414479836821556,real::Tiny-GenImage,Tiny,models/v2/clip_lora_fold4_best_v1.pt,models/v2/v2_10b_h2_balanced_logreg_fold4_v1.joblib
4,jpeg_q50,pilot_001132,0,0.05659918487071991,real::Tiny-GenImage,Tiny,models/v2/clip_lora_fold4_best_v1.pt,models/v2/v2_10b_h2_balanced_logreg_fold4_v1.joblib
4,jpeg_q50,pilot_001141,1,0.8883557319641113,tiny::Midjourney,,models/v2/clip_lora_fold4_best_v1.pt,models/v2/v2_10b_h2_balanced_logreg_fold4_v1.joblib
4,jpeg_q50,pilot_001155,1,0.09291525930166245,tiny::Midjourney,,models/v2/clip_lora_fold4_best_v1.pt,models/v2/v2_10b_h2_balanced_logreg_fold4_v1.joblib
4,jpeg_q50,pilot_001164,0,0.004589043091982603,real::Tiny-GenImage,Tiny,models/v2/clip_lora_fold4_best_v1.pt,models/v2/v2_10b_h2_balanced_logreg_fold4_v1.joblib
4,jpeg_q50,pilot_001169,1,0.30243754386901855,tiny::Midjourney,,models/v2/clip_lora_fold4_best_v1.pt,models/v2/v2_10b_h2_balanced_logreg_fold4_v1.joblib
4,jpeg_q50,pilot_001170,0,0.08408955484628677,real::Tiny-GenImage,Tiny,models/v2/clip_lora_fold4_best_v1.pt,models/v2/v2_10b_h2_balanced_logreg_fold4_v1.joblib
4,jpeg_q50,pilot_001172,0,0.02231484279036522,real::Tiny-GenImage,Tiny,models/v2/clip_lora_fold4_best_v1.pt,models/v2/v2_10b_h2_balanced_logreg_fold4_v1.joblib
4,jpeg_q50,pilot_001176,0,0.030167223885655403,real::Tiny-GenImage,Tiny,models/v2/clip_lora_fold4_best_v1.pt,models/v2/v2_10b_h2_balanced_logreg_fold4_v1.joblib
4,jpeg_q50,pilot_001183,1,0.6264221668243408,tiny::Midjourney,,models/v2/clip_lora_fold4_best_v1.pt,models/v2/v2_10b_h2_balanced_logreg_fold4_v1.joblib
4,jpeg_q50,pilot_001197,1,0.2502824366092682,tiny::Midjourney,,models/v2/clip_lora_fold4_best_v1.pt,models/v2/v2_10b_h2_balanced_logreg_fold4_v1.joblib
4,jpeg_q50,pilot_001204,0,0.006284563336521387,real::Tiny-GenImage,Tiny,models/v2/clip_lora_fold4_best_v1.pt,models/v2/v2_10b_h2_balanced_logreg_fold4_v1.joblib
4,jpeg_q50,pilot_001211,1,0.07554024457931519,tiny::Midjourney,,models/v2/clip_lora_fold4_best_v1.pt,models/v2/v2_10b_h2_balanced_logreg_fold4_v1.joblib
4,jpeg_q50,pilot_001225,1,0.08669768273830414,tiny::Midjourney,,models/v2/clip_lora_fold4_best_v1.pt,models/v2/v2_10b_h2_balanced_logreg_fold4_v1.joblib
4,jpeg_q50,pilot_001239,1,0.24787700176239014,tiny::Midjourney,,models/v2/clip_lora_fold4_best_v1.pt,models/v2/v2_10b_h2_balanced_logreg_fold4_v1.joblib
4,jpeg_q50,pilot_001253,1,0.02040066197514534,tiny::Midjourney,,models/v2/clip_lora_fold4_best_v1.pt,models/v2/v2_10b_h2_balanced_logreg_fold4_v1.joblib
4,jpeg_q50,pilot_001256,0,0.0026623960584402084,real::Tiny-GenImage,Tiny,models/v2/clip_lora_fold4_best_v1.pt,models/v2/v2_10b_h2_balanced_logreg_fold4_v1.joblib
4,jpeg_q50,pilot_001267,1,0.10531868785619736,tiny::Midjourney,,models/v2/clip_lora_fold4_best_v1.pt,models/v2/v2_10b_h2_balanced_logreg_fold4_v1.joblib
4,jpeg_q50,pilot_001281,1,0.030923837795853615,tiny::Midjourney,,models/v2/clip_lora_fold4_best_v1.pt,models/v2/v2_10b_h2_balanced_logreg_fold4_v1.joblib
4,jpeg_q50,pilot_001284,0,0.02558388188481331,real::Tiny-GenImage,Tiny,models/v2/clip_lora_fold4_best_v1.pt,models/v2/v2_10b_h2_balanced_logreg_fold4_v1.joblib
4,jpeg_q50,pilot_001292,0,0.003038008464500308,real::Tiny-GenImage,Tiny,models/v2/clip_lora_fold4_best_v1.pt,models/v2/v2_10b_h2_balanced_logreg_fold4_v1.joblib
4,jpeg_q50,pilot_001295,1,0.1417086273431778,tiny::Midjourney,,models/v2/clip_lora_fold4_best_v1.pt,models/v2/v2_10b_h2_balanced_logreg_fold4_v1.joblib
4,jpeg_q50,pilot_001309,1,0.007114089094102383,tiny::Midjourney,,models/v2/clip_lora_fold4_best_v1.pt,models/v2/v2_10b_h2_balanced_logreg_fold4_v1.joblib
4,jpeg_q50,pilot_001323,1,0.430674284696579,tiny::Midjourney,,models/v2/clip_lora_fold4_best_v1.pt,models/v2/v2_10b_h2_balanced_logreg_fold4_v1.joblib
4,jpeg_q50,pilot_001337,1,0.02457534521818161,tiny::Midjourney,,models/v2/clip_lora_fold4_best_v1.pt,models/v2/v2_10b_h2_balanced_logreg_fold4_v1.joblib
4,jpeg_q50,pilot_001351,1,0.04758916050195694,tiny::Midjourney,,models/v2/clip_lora_fold4_best_v1.pt,models/v2/v2_10b_h2_balanced_logreg_fold4_v1.joblib
4,jpeg_q50,pilot_001365,1,0.01856449991464615,tiny::Midjourney,,models/v2/clip_lora_fold4_best_v1.pt,models/v2/v2_10b_h2_balanced_logreg_fold4_v1.joblib
4,jpeg_q50,pilot_001379,1,0.006565838120877743,tiny::Midjourney,,models/v2/clip_lora_fold4_best_v1.pt,models/v2/v2_10b_h2_balanced_logreg_fold4_v1.joblib
4,jpeg_q50,pilot_001386,0,0.005291900597512722,real::Tiny-GenImage,Tiny,models/v2/clip_lora_fold4_best_v1.pt,models/v2/v2_10b_h2_balanced_logreg_fold4_v1.joblib
4,jpeg_q50,pilot_001390,0,0.007315070368349552,real::Tiny-GenImage,Tiny,models/v2/clip_lora_fold4_best_v1.pt,models/v2/v2_10b_h2_balanced_logreg_fold4_v1.joblib
4,jpeg_q50,pilot_001392,0,0.009678042493760586,real::Tiny-GenImage,Tiny,models/v2/clip_lora_fold4_best_v1.pt,models/v2/v2_10b_h2_balanced_logreg_fold4_v1.joblib
4,jpeg_q50,pilot_001393,1,0.011179554276168346,tiny::Midjourney,,models/v2/clip_lora_fold4_best_v1.pt,models/v2/v2_10b_h2_balanced_logreg_fold4_v1.joblib
4,jpeg_q50,pilot_001400,0,0.012047660537064075,real::Tiny-GenImage,Tiny,models/v2/clip_lora_fold4_best_v1.pt,models/v2/v2_10b_h2_balanced_logreg_fold4_v1.joblib
4,jpeg_q50,pilot_001407,1,0.018113279715180397,tiny::Midjourney,,models/v2/clip_lora_fold4_best_v1.pt,models/v2/v2_10b_h2_balanced_logreg_fold4_v1.joblib
4,jpeg_q50,pilot_001410,0,0.015363739803433418,real::Tiny-GenImage,Tiny,models/v2/clip_lora_fold4_best_v1.pt,models/v2/v2_10b_h2_balanced_logreg_fold4_v1.joblib
4,jpeg_q50,pilot_001421,1,0.10756339877843857,tiny::Midjourney,,models/v2/clip_lora_fold4_best_v1.pt,models/v2/v2_10b_h2_balanced_logreg_fold4_v1.joblib
4,jpeg_q50,pilot_001422,0,0.016674060374498367,real::Tiny-GenImage,Tiny,models/v2/clip_lora_fold4_best_v1.pt,models/v2/v2_10b_h2_balanced_logreg_fold4_v1.joblib
4,jpeg_q50,pilot_001424,0,0.016362017020583153,real::Tiny-GenImage,Tiny,models/v2/clip_lora_fold4_best_v1.pt,models/v2/v2_10b_h2_balanced_logreg_fold4_v1.joblib
4,jpeg_q50,pilot_001435,1,0.08186608552932739,tiny::Midjourney,,models/v2/clip_lora_fold4_best_v1.pt,models/v2/v2_10b_h2_balanced_logreg_fold4_v1.joblib
4,jpeg_q50,pilot_001446,0,0.009530359879136086,real::Tiny-GenImage,Tiny,models/v2/clip_lora_fold4_best_v1.pt,models/v2/v2_10b_h2_balanced_logreg_fold4_v1.joblib
4,jpeg_q50,pilot_001448,0,0.0027865134179592133,real::Tiny-GenImage,Tiny,models/v2/clip_lora_fold4_best_v1.pt,models/v2/v2_10b_h2_balanced_logreg_fold4_v1.joblib
4,jpeg_q50,pilot_001449,1,0.021822616457939148,tiny::Midjourney,,models/v2/clip_lora_fold4_best_v1.pt,models/v2/v2_10b_h2_balanced_logreg_fold4_v1.joblib
4,jpeg_q50,pilot_001463,1,0.2704305350780487,tiny::Midjourney,,models/v2/clip_lora_fold4_best_v1.pt,models/v2/v2_10b_h2_balanced_logreg_fold4_v1.joblib
4,jpeg_q50,pilot_001472,0,0.012556793168187141,real::Tiny-GenImage,Tiny,models/v2/clip_lora_fold4_best_v1.pt,models/v2/v2_10b_h2_balanced_logreg_fold4_v1.joblib
4,jpeg_q50,pilot_001477,1,0.09499520063400269,tiny::Midjourney,,models/v2/clip_lora_fold4_best_v1.pt,models/v2/v2_10b_h2_balanced_logreg_fold4_v1.joblib
4,jpeg_q50,pilot_001491,1,0.034649185836315155,tiny::Midjourney,,models/v2/clip_lora_fold4_best_v1.pt,models/v2/v2_10b_h2_balanced_logreg_fold4_v1.joblib
4,jpeg_q50,pilot_001505,1,0.013371985405683517,tiny::Midjourney,,models/v2/clip_lora_fold4_best_v1.pt,models/v2/v2_10b_h2_balanced_logreg_fold4_v1.joblib
4,jpeg_q50,pilot_001518,0,0.011648645624518394,real::Tiny-GenImage,Tiny,models/v2/clip_lora_fold4_best_v1.pt,models/v2/v2_10b_h2_balanced_logreg_fold4_v1.joblib
4,jpeg_q50,pilot_001519,1,0.04050644859671593,tiny::Midjourney,,models/v2/clip_lora_fold4_best_v1.pt,models/v2/v2_10b_h2_balanced_logreg_fold4_v1.joblib
4,jpeg_q50,pilot_001533,1,0.2631097435951233,tiny::Midjourney,,models/v2/clip_lora_fold4_best_v1.pt,models/v2/v2_10b_h2_balanced_logreg_fold4_v1.joblib
4,jpeg_q50,pilot_001536,0,0.019822770729660988,real::Tiny-GenImage,Tiny,models/v2/clip_lora_fold4_best_v1.pt,models/v2/v2_10b_h2_balanced_logreg_fold4_v1.joblib
4,jpeg_q50,pilot_001544,0,0.0070149702951312065,real::Tiny-GenImage,Tiny,models/v2/clip_lora_fold4_best_v1.pt,models/v2/v2_10b_h2_balanced_logreg_fold4_v1.joblib
4,jpeg_q50,pilot_001547,1,0.01897328346967697,tiny::Midjourney,,models/v2/clip_lora_fold4_best_v1.pt,models/v2/v2_10b_h2_balanced_logreg_fold4_v1.joblib
4,jpeg_q50,pilot_001561,1,0.13344311714172363,tiny::Midjourney,,models/v2/clip_lora_fold4_best_v1.pt,models/v2/v2_10b_h2_balanced_logreg_fold4_v1.joblib
4,jpeg_q50,pilot_001566,0,0.0009404132724739611,real::Tiny-GenImage,Tiny,models/v2/clip_lora_fold4_best_v1.pt,models/v2/v2_10b_h2_balanced_logreg_fold4_v1.joblib
4,jpeg_q50,pilot_001574,0,0.0012824537698179483,real::Tiny-GenImage,Tiny,models/v2/clip_lora_fold4_best_v1.pt,models/v2/v2_10b_h2_balanced_logreg_fold4_v1.joblib
4,jpeg_q50,pilot_001575,1,0.015758128836750984,tiny::Midjourney,,models/v2/clip_lora_fold4_best_v1.pt,models/v2/v2_10b_h2_balanced_logreg_fold4_v1.joblib
4,jpeg_q50,pilot_001589,1,0.007243413478136063,tiny::Midjourney,,models/v2/clip_lora_fold4_best_v1.pt,models/v2/v2_10b_h2_balanced_logreg_fold4_v1.joblib
4,jpeg_q50,pilot_001592,0,0.005574406124651432,real::Tiny-GenImage,Tiny,models/v2/clip_lora_fold4_best_v1.pt,models/v2/v2_10b_h2_balanced_logreg_fold4_v1.joblib
4,jpeg_q50,pilot_001603,1,0.04389740154147148,tiny::Midjourney,,models/v2/clip_lora_fold4_best_v1.pt,models/v2/v2_10b_h2_balanced_logreg_fold4_v1.joblib
4,jpeg_q50,pilot_001617,1,0.0738845095038414,tiny::Midjourney,,models/v2/clip_lora_fold4_best_v1.pt,models/v2/v2_10b_h2_balanced_logreg_fold4_v1.joblib
4,jpeg_q50,pilot_001618,0,0.011505600064992905,real::Tiny-GenImage,Tiny,models/v2/clip_lora_fold4_best_v1.pt,models/v2/v2_10b_h2_balanced_logreg_fold4_v1.joblib
4,jpeg_q50,pilot_001626,0,0.001248189713805914,real::Tiny-GenImage,Tiny,models/v2/clip_lora_fold4_best_v1.pt,models/v2/v2_10b_h2_balanced_logreg_fold4_v1.joblib
4,jpeg_q50,pilot_001630,0,0.14868615567684174,real::Tiny-GenImage,Tiny,models/v2/clip_lora_fold4_best_v1.pt,models/v2/v2_10b_h2_balanced_logreg_fold4_v1.joblib
4,jpeg_q50,pilot_001631,1,0.06800170987844467,tiny::Midjourney,,models/v2/clip_lora_fold4_best_v1.pt,models/v2/v2_10b_h2_balanced_logreg_fold4_v1.joblib
4,jpeg_q50,pilot_001634,0,0.004165349993854761,real::Tiny-GenImage,Tiny,models/v2/clip_lora_fold4_best_v1.pt,models/v2/v2_10b_h2_balanced_logreg_fold4_v1.joblib
4,jpeg_q50,pilot_001636,0,0.0028932748828083277,real::Tiny-GenImage,Tiny,models/v2/clip_lora_fold4_best_v1.pt,models/v2/v2_10b_h2_balanced_logreg_fold4_v1.joblib
4,jpeg_q50,pilot_001640,0,0.005098821595311165,real::Tiny-GenImage,Tiny,models/v2/clip_lora_fold4_best_v1.pt,models/v2/v2_10b_h2_balanced_logreg_fold4_v1.joblib
4,jpeg_q50,pilot_001645,1,0.7618245482444763,tiny::Midjourney,,models/v2/clip_lora_fold4_best_v1.pt,models/v2/v2_10b_h2_balanced_logreg_fold4_v1.joblib
4,jpeg_q50,pilot_001654,0,0.0009479002910666168,real::Tiny-GenImage,Tiny,models/v2/clip_lora_fold4_best_v1.pt,models/v2/v2_10b_h2_balanced_logreg_fold4_v1.joblib
4,jpeg_q50,pilot_001659,1,0.1120162308216095,tiny::Midjourney,,models/v2/clip_lora_fold4_best_v1.pt,models/v2/v2_10b_h2_balanced_logreg_fold4_v1.joblib
4,jpeg_q50,pilot_001666,0,0.0071640233509242535,real::Tiny-GenImage,Tiny,models/v2/clip_lora_fold4_best_v1.pt,models/v2/v2_10b_h2_balanced_logreg_fold4_v1.joblib
4,jpeg_q50,pilot_001672,0,0.004470790270715952,real::Tiny-GenImage,Tiny,models/v2/clip_lora_fold4_best_v1.pt,models/v2/v2_10b_h2_balanced_logreg_fold4_v1.joblib
4,jpeg_q50,pilot_001673,1,0.03511333838105202,tiny::Midjourney,,models/v2/clip_lora_fold4_best_v1.pt,models/v2/v2_10b_h2_balanced_logreg_fold4_v1.joblib
4,jpeg_q50,pilot_001674,0,0.01849970407783985,real::Tiny-GenImage,Tiny,models/v2/clip_lora_fold4_best_v1.pt,models/v2/v2_10b_h2_balanced_logreg_fold4_v1.joblib
4,jpeg_q50,pilot_001687,1,0.032938599586486816,tiny::Midjourney,,models/v2/clip_lora_fold4_best_v1.pt,models/v2/v2_10b_h2_balanced_logreg_fold4_v1.joblib
4,jpeg_q50,pilot_001688,0,0.00653402553871274,real::Tiny-GenImage,Tiny,models/v2/clip_lora_fold4_best_v1.pt,models/v2/v2_10b_h2_balanced_logreg_fold4_v1.joblib
4,jpeg_q50,pilot_001692,0,0.003738175379112363,real::Tiny-GenImage,Tiny,models/v2/clip_lora_fold4_best_v1.pt,models/v2/v2_10b_h2_balanced_logreg_fold4_v1.joblib
4,jpeg_q50,pilot_001701,1,0.22712454199790955,tiny::Midjourney,,models/v2/clip_lora_fold4_best_v1.pt,models/v2/v2_10b_h2_balanced_logreg_fold4_v1.joblib
4,jpeg_q50,pilot_001715,1,0.4098062515258789,tiny::Midjourney,,models/v2/clip_lora_fold4_best_v1.pt,models/v2/v2_10b_h2_balanced_logreg_fold4_v1.joblib
4,jpeg_q50,pilot_001729,1,0.861820638179779,tiny::Midjourney,,models/v2/clip_lora_fold4_best_v1.pt,models/v2/v2_10b_h2_balanced_logreg_fold4_v1.joblib
4,jpeg_q50,pilot_001734,0,0.0012210046406835318,real::Tiny-GenImage,Tiny,models/v2/clip_lora_fold4_best_v1.pt,models/v2/v2_10b_h2_balanced_logreg_fold4_v1.joblib
4,jpeg_q50,pilot_001743,1,0.01766367442905903,tiny::Midjourney,,models/v2/clip_lora_fold4_best_v1.pt,models/v2/v2_10b_h2_balanced_logreg_fold4_v1.joblib
4,jpeg_q50,pilot_001744,0,0.014871177263557911,real::Tiny-GenImage,Tiny,models/v2/clip_lora_fold4_best_v1.pt,models/v2/v2_10b_h2_balanced_logreg_fold4_v1.joblib
4,jpeg_q50,pilot_001757,1,0.49555686116218567,tiny::Midjourney,,models/v2/clip_lora_fold4_best_v1.pt,models/v2/v2_10b_h2_balanced_logreg_fold4_v1.joblib
4,jpeg_q50,pilot_001771,1,0.0558832511305809,tiny::Midjourney,,models/v2/clip_lora_fold4_best_v1.pt,models/v2/v2_10b_h2_balanced_logreg_fold4_v1.joblib
4,jpeg_q50,pilot_001782,0,0.00426096934825182,real::Tiny-GenImage,Tiny,models/v2/clip_lora_fold4_best_v1.pt,models/v2/v2_10b_h2_balanced_logreg_fold4_v1.joblib
4,jpeg_q50,pilot_001785,1,0.12195295095443726,tiny::Midjourney,,models/v2/clip_lora_fold4_best_v1.pt,models/v2/v2_10b_h2_balanced_logreg_fold4_v1.joblib
4,jpeg_q50,pilot_001798,0,0.003479843959212303,real::Tiny-GenImage,Tiny,models/v2/clip_lora_fold4_best_v1.pt,models/v2/v2_10b_h2_balanced_logreg_fold4_v1.joblib
4,jpeg_q50,pilot_001799,1,0.2033943384885788,tiny::Midjourney,,models/v2/clip_lora_fold4_best_v1.pt,models/v2/v2_10b_h2_balanced_logreg_fold4_v1.joblib
4,jpeg_q50,pilot_001812,0,0.0037275338545441628,real::Tiny-GenImage,Tiny,models/v2/clip_lora_fold4_best_v1.pt,models/v2/v2_10b_h2_balanced_logreg_fold4_v1.joblib
4,jpeg_q50,pilot_001813,1,0.06294245272874832,tiny::Midjourney,,models/v2/clip_lora_fold4_best_v1.pt,models/v2/v2_10b_h2_balanced_logreg_fold4_v1.joblib
4,jpeg_q50,pilot_001827,1,0.007469726726412773,tiny::Midjourney,,models/v2/clip_lora_fold4_best_v1.pt,models/v2/v2_10b_h2_balanced_logreg_fold4_v1.joblib
4,jpeg_q50,pilot_001828,0,0.0024805276188999414,real::Tiny-GenImage,Tiny,models/v2/clip_lora_fold4_best_v1.pt,models/v2/v2_10b_h2_balanced_logreg_fold4_v1.joblib
4,jpeg_q50,pilot_001841,1,0.0680084079504013,tiny::Midjourney,,models/v2/clip_lora_fold4_best_v1.pt,models/v2/v2_10b_h2_balanced_logreg_fold4_v1.joblib
4,jpeg_q50,pilot_001855,1,0.1093285009264946,tiny::Midjourney,,models/v2/clip_lora_fold4_best_v1.pt,models/v2/v2_10b_h2_balanced_logreg_fold4_v1.joblib
4,jpeg_q50,pilot_001869,1,0.007027982268482447,tiny::Midjourney,,models/v2/clip_lora_fold4_best_v1.pt,models/v2/v2_10b_h2_balanced_logreg_fold4_v1.joblib
4,jpeg_q50,pilot_001878,0,0.014887910336256027,real::Tiny-GenImage,Tiny,models/v2/clip_lora_fold4_best_v1.pt,models/v2/v2_10b_h2_balanced_logreg_fold4_v1.joblib
4,jpeg_q50,pilot_001883,1,0.00542689673602581,tiny::Midjourney,,models/v2/clip_lora_fold4_best_v1.pt,models/v2/v2_10b_h2_balanced_logreg_fold4_v1.joblib
4,jpeg_q50,pilot_001886,0,0.016162946820259094,real::Tiny-GenImage,Tiny,models/v2/clip_lora_fold4_best_v1.pt,models/v2/v2_10b_h2_balanced_logreg_fold4_v1.joblib
4,jpeg_q50,pilot_001897,1,0.02537568099796772,tiny::Midjourney,,models/v2/clip_lora_fold4_best_v1.pt,models/v2/v2_10b_h2_balanced_logreg_fold4_v1.joblib
4,jpeg_q50,pilot_001911,1,0.019879059866070747,tiny::Midjourney,,models/v2/clip_lora_fold4_best_v1.pt,models/v2/v2_10b_h2_balanced_logreg_fold4_v1.joblib
4,jpeg_q50,pilot_001925,1,0.029049068689346313,tiny::Midjourney,,models/v2/clip_lora_fold4_best_v1.pt,models/v2/v2_10b_h2_balanced_logreg_fold4_v1.joblib
4,jpeg_q50,pilot_001939,1,0.05535011738538742,tiny::Midjourney,,models/v2/clip_lora_fold4_best_v1.pt,models/v2/v2_10b_h2_balanced_logreg_fold4_v1.joblib
4,jpeg_q50,pilot_001950,0,0.009286140091717243,real::Tiny-GenImage,Tiny,models/v2/clip_lora_fold4_best_v1.pt,models/v2/v2_10b_h2_balanced_logreg_fold4_v1.joblib
4,jpeg_q50,pilot_001953,1,0.21322791278362274,tiny::Midjourney,,models/v2/clip_lora_fold4_best_v1.pt,models/v2/v2_10b_h2_balanced_logreg_fold4_v1.joblib
4,jpeg_q50,pilot_001954,0,0.0010036233579739928,real::Tiny-GenImage,Tiny,models/v2/clip_lora_fold4_best_v1.pt,models/v2/v2_10b_h2_balanced_logreg_fold4_v1.joblib
4,jpeg_q50,pilot_001967,1,0.31371966004371643,tiny::Midjourney,,models/v2/clip_lora_fold4_best_v1.pt,models/v2/v2_10b_h2_balanced_logreg_fold4_v1.joblib
4,jpeg_q50,pilot_001976,0,0.07212048768997192,real::Tiny-GenImage,Tiny,models/v2/clip_lora_fold4_best_v1.pt,models/v2/v2_10b_h2_balanced_logreg_fold4_v1.joblib
4,jpeg_q50,pilot_001981,1,0.015117482282221317,tiny::Midjourney,,models/v2/clip_lora_fold4_best_v1.pt,models/v2/v2_10b_h2_balanced_logreg_fold4_v1.joblib
4,jpeg_q50,pilot_001995,1,0.14280375838279724,tiny::Midjourney,,models/v2/clip_lora_fold4_best_v1.pt,models/v2/v2_10b_h2_balanced_logreg_fold4_v1.joblib
4,jpeg_q50,pilot_002009,1,0.10269714146852493,tiny::Midjourney,,models/v2/clip_lora_fold4_best_v1.pt,models/v2/v2_10b_h2_balanced_logreg_fold4_v1.joblib
4,jpeg_q50,pilot_002023,1,0.43022263050079346,tiny::Midjourney,,models/v2/clip_lora_fold4_best_v1.pt,models/v2/v2_10b_h2_balanced_logreg_fold4_v1.joblib
4,jpeg_q50,pilot_002024,0,0.03266816958785057,real::Tiny-GenImage,Tiny,models/v2/clip_lora_fold4_best_v1.pt,models/v2/v2_10b_h2_balanced_logreg_fold4_v1.joblib
4,jpeg_q50,pilot_002037,1,0.838036835193634,tiny::Midjourney,,models/v2/clip_lora_fold4_best_v1.pt,models/v2/v2_10b_h2_balanced_logreg_fold4_v1.joblib
4,jpeg_q50,pilot_002042,0,0.0015778494998812675,real::Tiny-GenImage,Tiny,models/v2/clip_lora_fold4_best_v1.pt,models/v2/v2_10b_h2_balanced_logreg_fold4_v1.joblib
4,jpeg_q50,pilot_002051,1,0.15132230520248413,tiny::Midjourney,,models/v2/clip_lora_fold4_best_v1.pt,models/v2/v2_10b_h2_balanced_logreg_fold4_v1.joblib
4,jpeg_q50,pilot_002065,1,0.21297886967658997,tiny::Midjourney,,models/v2/clip_lora_fold4_best_v1.pt,models/v2/v2_10b_h2_balanced_logreg_fold4_v1.joblib
4,jpeg_q50,pilot_002072,0,0.004590773023664951,real::Tiny-GenImage,Tiny,models/v2/clip_lora_fold4_best_v1.pt,models/v2/v2_10b_h2_balanced_logreg_fold4_v1.joblib
4,jpeg_q50,pilot_002079,1,0.08430621027946472,tiny::Midjourney,,models/v2/clip_lora_fold4_best_v1.pt,models/v2/v2_10b_h2_balanced_logreg_fold4_v1.joblib
4,jpeg_q50,pilot_002082,0,0.009479491971433163,real::Tiny-GenImage,Tiny,models/v2/clip_lora_fold4_best_v1.pt,models/v2/v2_10b_h2_balanced_logreg_fold4_v1.joblib
4,jpeg_q50,pilot_002090,0,0.007787076756358147,real::Tiny-GenImage,Tiny,models/v2/clip_lora_fold4_best_v1.pt,models/v2/v2_10b_h2_balanced_logreg_fold4_v1.joblib
4,jpeg_q50,pilot_002093,1,0.04650529474020004,tiny::Midjourney,,models/v2/clip_lora_fold4_best_v1.pt,models/v2/v2_10b_h2_balanced_logreg_fold4_v1.joblib
4,jpeg_q50,pilot_002102,0,0.024370206519961357,real::Tiny-GenImage,Tiny,models/v2/clip_lora_fold4_best_v1.pt,models/v2/v2_10b_h2_balanced_logreg_fold4_v1.joblib
4,jpeg_q50,pilot_002107,1,0.5069237351417542,tiny::Midjourney,,models/v2/clip_lora_fold4_best_v1.pt,models/v2/v2_10b_h2_balanced_logreg_fold4_v1.joblib
4,jpeg_q50,pilot_002112,0,0.001711962278932333,real::Tiny-GenImage,Tiny,models/v2/clip_lora_fold4_best_v1.pt,models/v2/v2_10b_h2_balanced_logreg_fold4_v1.joblib
4,jpeg_q50,pilot_002121,1,0.05293375998735428,tiny::Midjourney,,models/v2/clip_lora_fold4_best_v1.pt,models/v2/v2_10b_h2_balanced_logreg_fold4_v1.joblib
4,jpeg_q50,pilot_002122,0,0.007782472763210535,real::Tiny-GenImage,Tiny,models/v2/clip_lora_fold4_best_v1.pt,models/v2/v2_10b_h2_balanced_logreg_fold4_v1.joblib
4,jpeg_q50,pilot_002128,0,0.008850730024278164,real::Tiny-GenImage,Tiny,models/v2/clip_lora_fold4_best_v1.pt,models/v2/v2_10b_h2_balanced_logreg_fold4_v1.joblib
4,jpeg_q50,pilot_002135,1,0.050947368144989014,tiny::Midjourney,,models/v2/clip_lora_fold4_best_v1.pt,models/v2/v2_10b_h2_balanced_logreg_fold4_v1.joblib
4,jpeg_q50,pilot_002149,1,0.024431118741631508,tiny::Midjourney,,models/v2/clip_lora_fold4_best_v1.pt,models/v2/v2_10b_h2_balanced_logreg_fold4_v1.joblib
4,jpeg_q50,pilot_002163,1,0.088436558842659,tiny::Midjourney,,models/v2/clip_lora_fold4_best_v1.pt,models/v2/v2_10b_h2_balanced_logreg_fold4_v1.joblib
4,jpeg_q50,pilot_002177,1,0.12440887838602066,tiny::Midjourney,,models/v2/clip_lora_fold4_best_v1.pt,models/v2/v2_10b_h2_balanced_logreg_fold4_v1.joblib
4,jpeg_q50,pilot_002191,1,0.10912594199180603,tiny::Midjourney,,models/v2/clip_lora_fold4_best_v1.pt,models/v2/v2_10b_h2_balanced_logreg_fold4_v1.joblib
4,jpeg_q50,pilot_002194,0,0.0067760697565972805,real::Tiny-GenImage,Tiny,models/v2/clip_lora_fold4_best_v1.pt,models/v2/v2_10b_h2_balanced_logreg_fold4_v1.joblib
4,jpeg_q50,pilot_002202,0,0.005227251909673214,real::Tiny-GenImage,Tiny,models/v2/clip_lora_fold4_best_v1.pt,models/v2/v2_10b_h2_balanced_logreg_fold4_v1.joblib
4,jpeg_q50,pilot_002205,1,0.003330531530082226,tiny::Midjourney,,models/v2/clip_lora_fold4_best_v1.pt,models/v2/v2_10b_h2_balanced_logreg_fold4_v1.joblib
4,jpeg_q50,pilot_002219,1,0.015762440860271454,tiny::Midjourney,,models/v2/clip_lora_fold4_best_v1.pt,models/v2/v2_10b_h2_balanced_logreg_fold4_v1.joblib
4,jpeg_q50,pilot_002226,0,0.00036204466596245766,real::Tiny-GenImage,Tiny,models/v2/clip_lora_fold4_best_v1.pt,models/v2/v2_10b_h2_balanced_logreg_fold4_v1.joblib
4,jpeg_q50,pilot_002233,1,0.1364148110151291,tiny::Midjourney,,models/v2/clip_lora_fold4_best_v1.pt,models/v2/v2_10b_h2_balanced_logreg_fold4_v1.joblib
4,jpeg_q50,pilot_002247,1,0.1532059758901596,tiny::Midjourney,,models/v2/clip_lora_fold4_best_v1.pt,models/v2/v2_10b_h2_balanced_logreg_fold4_v1.joblib
4,jpeg_q50,pilot_002250,0,0.006910242605954409,real::Tiny-GenImage,Tiny,models/v2/clip_lora_fold4_best_v1.pt,models/v2/v2_10b_h2_balanced_logreg_fold4_v1.joblib
4,jpeg_q50,pilot_002254,0,0.01526318583637476,real::Tiny-GenImage,Tiny,models/v2/clip_lora_fold4_best_v1.pt,models/v2/v2_10b_h2_balanced_logreg_fold4_v1.joblib
4,jpeg_q50,pilot_002260,0,0.014622882008552551,real::Tiny-GenImage,Tiny,models/v2/clip_lora_fold4_best_v1.pt,models/v2/v2_10b_h2_balanced_logreg_fold4_v1.joblib
4,jpeg_q50,pilot_002261,1,0.40981483459472656,tiny::Midjourney,,models/v2/clip_lora_fold4_best_v1.pt,models/v2/v2_10b_h2_balanced_logreg_fold4_v1.joblib
4,jpeg_q50,pilot_002270,0,0.004220058210194111,real::Tiny-GenImage,Tiny,models/v2/clip_lora_fold4_best_v1.pt,models/v2/v2_10b_h2_balanced_logreg_fold4_v1.joblib
4,jpeg_q50,pilot_002272,0,0.004328073002398014,real::Tiny-GenImage,Tiny,models/v2/clip_lora_fold4_best_v1.pt,models/v2/v2_10b_h2_balanced_logreg_fold4_v1.joblib
4,jpeg_q50,pilot_002275,1,0.08185923844575882,tiny::Midjourney,,models/v2/clip_lora_fold4_best_v1.pt,models/v2/v2_10b_h2_balanced_logreg_fold4_v1.joblib
4,jpeg_q50,pilot_002282,0,0.0020530743058770895,real::Tiny-GenImage,Tiny,models/v2/clip_lora_fold4_best_v1.pt,models/v2/v2_10b_h2_balanced_logreg_fold4_v1.joblib
4,jpeg_q50,pilot_002288,0,0.020389752462506294,real::Tiny-GenImage,Tiny,models/v2/clip_lora_fold4_best_v1.pt,models/v2/v2_10b_h2_balanced_logreg_fold4_v1.joblib
4,jpeg_q50,pilot_002289,1,0.046551305800676346,tiny::Midjourney,,models/v2/clip_lora_fold4_best_v1.pt,models/v2/v2_10b_h2_balanced_logreg_fold4_v1.joblib
4,jpeg_q50,pilot_002290,0,0.009056971408426762,real::Tiny-GenImage,Tiny,models/v2/clip_lora_fold4_best_v1.pt,models/v2/v2_10b_h2_balanced_logreg_fold4_v1.joblib
4,jpeg_q50,pilot_002303,1,0.14425063133239746,tiny::Midjourney,,models/v2/clip_lora_fold4_best_v1.pt,models/v2/v2_10b_h2_balanced_logreg_fold4_v1.joblib
4,jpeg_q50,pilot_002306,0,0.011098997667431831,real::Tiny-GenImage,Tiny,models/v2/clip_lora_fold4_best_v1.pt,models/v2/v2_10b_h2_balanced_logreg_fold4_v1.joblib
4,jpeg_q50,pilot_002312,0,0.0023560109548270702,real::Tiny-GenImage,Tiny,models/v2/clip_lora_fold4_best_v1.pt,models/v2/v2_10b_h2_balanced_logreg_fold4_v1.joblib
4,jpeg_q50,pilot_002317,1,0.341238796710968,tiny::Midjourney,,models/v2/clip_lora_fold4_best_v1.pt,models/v2/v2_10b_h2_balanced_logreg_fold4_v1.joblib
4,jpeg_q50,pilot_002331,1,0.03997310250997543,tiny::Midjourney,,models/v2/clip_lora_fold4_best_v1.pt,models/v2/v2_10b_h2_balanced_logreg_fold4_v1.joblib
4,jpeg_q50,pilot_002345,1,0.1572769731283188,tiny::Midjourney,,models/v2/clip_lora_fold4_best_v1.pt,models/v2/v2_10b_h2_balanced_logreg_fold4_v1.joblib
4,jpeg_q50,pilot_002354,0,0.001725397421978414,real::Tiny-GenImage,Tiny,models/v2/clip_lora_fold4_best_v1.pt,models/v2/v2_10b_h2_balanced_logreg_fold4_v1.joblib
4,jpeg_q50,pilot_002359,1,0.47529640793800354,tiny::Midjourney,,models/v2/clip_lora_fold4_best_v1.pt,models/v2/v2_10b_h2_balanced_logreg_fold4_v1.joblib
4,jpeg_q50,pilot_002366,0,0.03527158498764038,real::Tiny-GenImage,Tiny,models/v2/clip_lora_fold4_best_v1.pt,models/v2/v2_10b_h2_balanced_logreg_fold4_v1.joblib
4,jpeg_q50,pilot_002373,1,0.05738365650177002,tiny::Midjourney,,models/v2/clip_lora_fold4_best_v1.pt,models/v2/v2_10b_h2_balanced_logreg_fold4_v1.joblib
4,jpeg_q50,pilot_002387,1,0.023899918422102928,tiny::Midjourney,,models/v2/clip_lora_fold4_best_v1.pt,models/v2/v2_10b_h2_balanced_logreg_fold4_v1.joblib
4,jpeg_q50,pilot_002396,0,0.0021519185975193977,real::Tiny-GenImage,Tiny,models/v2/clip_lora_fold4_best_v1.pt,models/v2/v2_10b_h2_balanced_logreg_fold4_v1.joblib
4,jpeg_q50,pilot_002400,0,0.014973999932408333,real::Tiny-GenImage,Tiny,models/v2/clip_lora_fold4_best_v1.pt,models/v2/v2_10b_h2_balanced_logreg_fold4_v1.joblib
4,jpeg_q50,pilot_002401,1,0.08858668804168701,tiny::Midjourney,,models/v2/clip_lora_fold4_best_v1.pt,models/v2/v2_10b_h2_balanced_logreg_fold4_v1.joblib
4,jpeg_q50,pilot_002402,0,0.0007940593641251326,real::Tiny-GenImage,Tiny,models/v2/clip_lora_fold4_best_v1.pt,models/v2/v2_10b_h2_balanced_logreg_fold4_v1.joblib
4,jpeg_q50,pilot_002415,1,0.0676664263010025,tiny::Midjourney,,models/v2/clip_lora_fold4_best_v1.pt,models/v2/v2_10b_h2_balanced_logreg_fold4_v1.joblib
4,jpeg_q50,pilot_002429,1,0.05288425460457802,tiny::Midjourney,,models/v2/clip_lora_fold4_best_v1.pt,models/v2/v2_10b_h2_balanced_logreg_fold4_v1.joblib
4,jpeg_q50,pilot_002443,1,0.02428235113620758,tiny::Midjourney,,models/v2/clip_lora_fold4_best_v1.pt,models/v2/v2_10b_h2_balanced_logreg_fold4_v1.joblib
4,jpeg_q50,pilot_002446,0,0.043563440442085266,real::Tiny-GenImage,Tiny,models/v2/clip_lora_fold4_best_v1.pt,models/v2/v2_10b_h2_balanced_logreg_fold4_v1.joblib
4,jpeg_q50,pilot_002450,0,0.0003885655023623258,real::Tiny-GenImage,Tiny,models/v2/clip_lora_fold4_best_v1.pt,models/v2/v2_10b_h2_balanced_logreg_fold4_v1.joblib
4,jpeg_q50,pilot_002457,1,0.293714702129364,tiny::Midjourney,,models/v2/clip_lora_fold4_best_v1.pt,models/v2/v2_10b_h2_balanced_logreg_fold4_v1.joblib
4,jpeg_q50,pilot_002458,0,0.0025399462319910526,real::Tiny-GenImage,Tiny,models/v2/clip_lora_fold4_best_v1.pt,models/v2/v2_10b_h2_balanced_logreg_fold4_v1.joblib
4,jpeg_q50,pilot_002471,1,0.04759551212191582,tiny::Midjourney,,models/v2/clip_lora_fold4_best_v1.pt,models/v2/v2_10b_h2_balanced_logreg_fold4_v1.joblib
4,jpeg_q50,pilot_002482,0,0.016532517969608307,real::Tiny-GenImage,Tiny,models/v2/clip_lora_fold4_best_v1.pt,models/v2/v2_10b_h2_balanced_logreg_fold4_v1.joblib
4,jpeg_q50,pilot_002485,1,0.20335717499256134,tiny::Midjourney,,models/v2/clip_lora_fold4_best_v1.pt,models/v2/v2_10b_h2_balanced_logreg_fold4_v1.joblib
4,jpeg_q50,pilot_002494,0,0.0020456071943044662,real::Tiny-GenImage,Tiny,models/v2/clip_lora_fold4_best_v1.pt,models/v2/v2_10b_h2_balanced_logreg_fold4_v1.joblib
4,jpeg_q50,pilot_002499,1,0.6078215837478638,tiny::Midjourney,,models/v2/clip_lora_fold4_best_v1.pt,models/v2/v2_10b_h2_balanced_logreg_fold4_v1.joblib
4,jpeg_q50,pilot_002506,0,0.006215228233486414,real::Tiny-GenImage,Tiny,models/v2/clip_lora_fold4_best_v1.pt,models/v2/v2_10b_h2_balanced_logreg_fold4_v1.joblib
4,jpeg_q50,pilot_002513,1,0.07791190594434738,tiny::Midjourney,,models/v2/clip_lora_fold4_best_v1.pt,models/v2/v2_10b_h2_balanced_logreg_fold4_v1.joblib
4,jpeg_q50,pilot_002527,1,0.13935402035713196,tiny::Midjourney,,models/v2/clip_lora_fold4_best_v1.pt,models/v2/v2_10b_h2_balanced_logreg_fold4_v1.joblib
4,jpeg_q50,pilot_002532,0,0.2163093090057373,real::Tiny-GenImage,Tiny,models/v2/clip_lora_fold4_best_v1.pt,models/v2/v2_10b_h2_balanced_logreg_fold4_v1.joblib
4,jpeg_q50,pilot_002541,1,0.01191761065274477,tiny::Midjourney,,models/v2/clip_lora_fold4_best_v1.pt,models/v2/v2_10b_h2_balanced_logreg_fold4_v1.joblib
4,jpeg_q50,pilot_002555,1,0.7372774481773376,tiny::Midjourney,,models/v2/clip_lora_fold4_best_v1.pt,models/v2/v2_10b_h2_balanced_logreg_fold4_v1.joblib
4,jpeg_q50,pilot_002569,1,0.019013406708836555,tiny::Midjourney,,models/v2/clip_lora_fold4_best_v1.pt,models/v2/v2_10b_h2_balanced_logreg_fold4_v1.joblib
4,jpeg_q50,pilot_002583,1,0.024228839203715324,tiny::Midjourney,,models/v2/clip_lora_fold4_best_v1.pt,models/v2/v2_10b_h2_balanced_logreg_fold4_v1.joblib
4,jpeg_q50,pilot_002597,1,0.021146191284060478,tiny::Midjourney,,models/v2/clip_lora_fold4_best_v1.pt,models/v2/v2_10b_h2_balanced_logreg_fold4_v1.joblib
4,jpeg_q50,pilot_002604,0,0.0032909202855080366,real::Tiny-GenImage,Tiny,models/v2/clip_lora_fold4_best_v1.pt,models/v2/v2_10b_h2_balanced_logreg_fold4_v1.joblib
4,jpeg_q50,pilot_002611,1,0.15705548226833344,tiny::Midjourney,,models/v2/clip_lora_fold4_best_v1.pt,models/v2/v2_10b_h2_balanced_logreg_fold4_v1.joblib
4,jpeg_q50,pilot_002622,0,0.012069370597600937,real::Tiny-GenImage,Tiny,models/v2/clip_lora_fold4_best_v1.pt,models/v2/v2_10b_h2_balanced_logreg_fold4_v1.joblib
4,jpeg_q50,pilot_002625,1,0.20801103115081787,tiny::Midjourney,,models/v2/clip_lora_fold4_best_v1.pt,models/v2/v2_10b_h2_balanced_logreg_fold4_v1.joblib
4,jpeg_q50,pilot_002639,1,0.05479694902896881,tiny::Midjourney,,models/v2/clip_lora_fold4_best_v1.pt,models/v2/v2_10b_h2_balanced_logreg_fold4_v1.joblib
4,jpeg_q50,pilot_002653,1,0.0029251070227473974,tiny::Midjourney,,models/v2/clip_lora_fold4_best_v1.pt,models/v2/v2_10b_h2_balanced_logreg_fold4_v1.joblib
4,jpeg_q50,pilot_002667,1,0.2239936739206314,tiny::Midjourney,,models/v2/clip_lora_fold4_best_v1.pt,models/v2/v2_10b_h2_balanced_logreg_fold4_v1.joblib
4,jpeg_q50,pilot_002668,0,0.015395432710647583,real::Tiny-GenImage,Tiny,models/v2/clip_lora_fold4_best_v1.pt,models/v2/v2_10b_h2_balanced_logreg_fold4_v1.joblib
4,jpeg_q50,pilot_002680,0,0.015035339631140232,real::Tiny-GenImage,Tiny,models/v2/clip_lora_fold4_best_v1.pt,models/v2/v2_10b_h2_balanced_logreg_fold4_v1.joblib
4,jpeg_q50,pilot_002681,1,0.15955881774425507,tiny::Midjourney,,models/v2/clip_lora_fold4_best_v1.pt,models/v2/v2_10b_h2_balanced_logreg_fold4_v1.joblib
4,jpeg_q50,pilot_002682,0,0.0028289465699344873,real::Tiny-GenImage,Tiny,models/v2/clip_lora_fold4_best_v1.pt,models/v2/v2_10b_h2_balanced_logreg_fold4_v1.joblib
4,jpeg_q50,pilot_002686,0,0.005097186658531427,real::Tiny-GenImage,Tiny,models/v2/clip_lora_fold4_best_v1.pt,models/v2/v2_10b_h2_balanced_logreg_fold4_v1.joblib
4,jpeg_q50,pilot_002690,0,0.0023888282012194395,real::Tiny-GenImage,Tiny,models/v2/clip_lora_fold4_best_v1.pt,models/v2/v2_10b_h2_balanced_logreg_fold4_v1.joblib
4,jpeg_q50,pilot_002695,1,0.04534425213932991,tiny::Midjourney,,models/v2/clip_lora_fold4_best_v1.pt,models/v2/v2_10b_h2_balanced_logreg_fold4_v1.joblib
4,jpeg_q50,pilot_002709,1,0.0317489393055439,tiny::Midjourney,,models/v2/clip_lora_fold4_best_v1.pt,models/v2/v2_10b_h2_balanced_logreg_fold4_v1.joblib
4,jpeg_q50,pilot_002723,1,0.6296097636222839,tiny::Midjourney,,models/v2/clip_lora_fold4_best_v1.pt,models/v2/v2_10b_h2_balanced_logreg_fold4_v1.joblib
4,jpeg_q50,pilot_002737,1,0.051959820091724396,tiny::Midjourney,,models/v2/clip_lora_fold4_best_v1.pt,models/v2/v2_10b_h2_balanced_logreg_fold4_v1.joblib
4,jpeg_q50,pilot_002742,0,0.006468547508120537,real::Tiny-GenImage,Tiny,models/v2/clip_lora_fold4_best_v1.pt,models/v2/v2_10b_h2_balanced_logreg_fold4_v1.joblib
4,jpeg_q50,pilot_002751,1,0.04281805828213692,tiny::Midjourney,,models/v2/clip_lora_fold4_best_v1.pt,models/v2/v2_10b_h2_balanced_logreg_fold4_v1.joblib
4,jpeg_q50,pilot_002758,0,0.0037284528370946646,real::Tiny-GenImage,Tiny,models/v2/clip_lora_fold4_best_v1.pt,models/v2/v2_10b_h2_balanced_logreg_fold4_v1.joblib
4,jpeg_q50,pilot_002760,0,0.004229394253343344,real::Tiny-GenImage,Tiny,models/v2/clip_lora_fold4_best_v1.pt,models/v2/v2_10b_h2_balanced_logreg_fold4_v1.joblib
4,jpeg_q50,pilot_002765,1,0.22633741796016693,tiny::Midjourney,,models/v2/clip_lora_fold4_best_v1.pt,models/v2/v2_10b_h2_balanced_logreg_fold4_v1.joblib
4,jpeg_q50,pilot_002772,0,0.05134299769997597,real::Tiny-GenImage,Tiny,models/v2/clip_lora_fold4_best_v1.pt,models/v2/v2_10b_h2_balanced_logreg_fold4_v1.joblib
4,jpeg_q50,pilot_002779,1,0.8595029711723328,tiny::Midjourney,,models/v2/clip_lora_fold4_best_v1.pt,models/v2/v2_10b_h2_balanced_logreg_fold4_v1.joblib
4,jpeg_q50,pilot_002786,0,0.043075986206531525,real::Tiny-GenImage,Tiny,models/v2/clip_lora_fold4_best_v1.pt,models/v2/v2_10b_h2_balanced_logreg_fold4_v1.joblib
4,jpeg_q50,pilot_002790,0,0.17406922578811646,real::Tiny-GenImage,Tiny,models/v2/clip_lora_fold4_best_v1.pt,models/v2/v2_10b_h2_balanced_logreg_fold4_v1.joblib
4,jpeg_q50,pilot_002793,1,0.0799371674656868,tiny::Midjourney,,models/v2/clip_lora_fold4_best_v1.pt,models/v2/v2_10b_h2_balanced_logreg_fold4_v1.joblib
4,jpeg_q50,pilot_002798,0,0.016500938683748245,real::Tiny-GenImage,Tiny,models/v2/clip_lora_fold4_best_v1.pt,models/v2/v2_10b_h2_balanced_logreg_fold4_v1.joblib
4,jpeg_q50,pilot_002807,1,0.07492072135210037,tiny::Midjourney,,models/v2/clip_lora_fold4_best_v1.pt,models/v2/v2_10b_h2_balanced_logreg_fold4_v1.joblib
4,jpeg_q50,pilot_002816,0,0.007129454519599676,real::Tiny-GenImage,Tiny,models/v2/clip_lora_fold4_best_v1.pt,models/v2/v2_10b_h2_balanced_logreg_fold4_v1.joblib
4,jpeg_q50,pilot_002821,1,0.013831201009452343,tiny::Midjourney,,models/v2/clip_lora_fold4_best_v1.pt,models/v2/v2_10b_h2_balanced_logreg_fold4_v1.joblib
4,jpeg_q50,pilot_002835,1,0.03950287029147148,tiny::Midjourney,,models/v2/clip_lora_fold4_best_v1.pt,models/v2/v2_10b_h2_balanced_logreg_fold4_v1.joblib
4,jpeg_q50,pilot_002842,0,0.02790280431509018,real::Tiny-GenImage,Tiny,models/v2/clip_lora_fold4_best_v1.pt,models/v2/v2_10b_h2_balanced_logreg_fold4_v1.joblib
4,jpeg_q50,pilot_002849,1,0.04689466580748558,tiny::Midjourney,,models/v2/clip_lora_fold4_best_v1.pt,models/v2/v2_10b_h2_balanced_logreg_fold4_v1.joblib
4,jpeg_q50,pilot_002854,0,0.03615690395236015,real::Tiny-GenImage,Tiny,models/v2/clip_lora_fold4_best_v1.pt,models/v2/v2_10b_h2_balanced_logreg_fold4_v1.joblib
4,jpeg_q50,pilot_002860,0,0.015084956772625446,real::Tiny-GenImage,Tiny,models/v2/clip_lora_fold4_best_v1.pt,models/v2/v2_10b_h2_balanced_logreg_fold4_v1.joblib
4,jpeg_q50,pilot_002863,1,0.8672442436218262,tiny::Midjourney,,models/v2/clip_lora_fold4_best_v1.pt,models/v2/v2_10b_h2_balanced_logreg_fold4_v1.joblib
4,jpeg_q50,pilot_002864,0,0.018048662692308426,real::Tiny-GenImage,Tiny,models/v2/clip_lora_fold4_best_v1.pt,models/v2/v2_10b_h2_balanced_logreg_fold4_v1.joblib
4,jpeg_q50,pilot_002870,0,0.00826268084347248,real::Tiny-GenImage,Tiny,models/v2/clip_lora_fold4_best_v1.pt,models/v2/v2_10b_h2_balanced_logreg_fold4_v1.joblib
4,jpeg_q50,pilot_002872,0,0.00215716939419508,real::Tiny-GenImage,Tiny,models/v2/clip_lora_fold4_best_v1.pt,models/v2/v2_10b_h2_balanced_logreg_fold4_v1.joblib
4,jpeg_q50,pilot_002877,1,0.016791172325611115,tiny::Midjourney,,models/v2/clip_lora_fold4_best_v1.pt,models/v2/v2_10b_h2_balanced_logreg_fold4_v1.joblib
4,jpeg_q50,pilot_002888,0,0.040055252611637115,real::Tiny-GenImage,Tiny,models/v2/clip_lora_fold4_best_v1.pt,models/v2/v2_10b_h2_balanced_logreg_fold4_v1.joblib
4,jpeg_q50,pilot_002891,1,0.854509174823761,tiny::Midjourney,,models/v2/clip_lora_fold4_best_v1.pt,models/v2/v2_10b_h2_balanced_logreg_fold4_v1.joblib
4,jpeg_q50,pilot_002894,0,0.02063179202377796,real::Tiny-GenImage,Tiny,models/v2/clip_lora_fold4_best_v1.pt,models/v2/v2_10b_h2_balanced_logreg_fold4_v1.joblib
4,jpeg_q50,pilot_002904,0,0.07923251390457153,real::Tiny-GenImage,Tiny,models/v2/clip_lora_fold4_best_v1.pt,models/v2/v2_10b_h2_balanced_logreg_fold4_v1.joblib
4,jpeg_q50,pilot_002905,1,0.1656823307275772,tiny::Midjourney,,models/v2/clip_lora_fold4_best_v1.pt,models/v2/v2_10b_h2_balanced_logreg_fold4_v1.joblib
4,jpeg_q50,pilot_002914,0,0.025094283744692802,real::Tiny-GenImage,Tiny,models/v2/clip_lora_fold4_best_v1.pt,models/v2/v2_10b_h2_balanced_logreg_fold4_v1.joblib
4,jpeg_q50,pilot_002919,1,0.04083128646016121,tiny::Midjourney,,models/v2/clip_lora_fold4_best_v1.pt,models/v2/v2_10b_h2_balanced_logreg_fold4_v1.joblib
4,jpeg_q50,pilot_002933,1,0.2072235494852066,tiny::Midjourney,,models/v2/clip_lora_fold4_best_v1.pt,models/v2/v2_10b_h2_balanced_logreg_fold4_v1.joblib
4,jpeg_q50,pilot_002947,1,0.11234284937381744,tiny::Midjourney,,models/v2/clip_lora_fold4_best_v1.pt,models/v2/v2_10b_h2_balanced_logreg_fold4_v1.joblib
4,jpeg_q50,pilot_002961,1,0.03815680369734764,tiny::Midjourney,,models/v2/clip_lora_fold4_best_v1.pt,models/v2/v2_10b_h2_balanced_logreg_fold4_v1.joblib
4,jpeg_q50,pilot_002974,0,0.005778500810265541,real::Tiny-GenImage,Tiny,models/v2/clip_lora_fold4_best_v1.pt,models/v2/v2_10b_h2_balanced_logreg_fold4_v1.joblib
4,jpeg_q50,pilot_002975,1,0.010335393249988556,tiny::Midjourney,,models/v2/clip_lora_fold4_best_v1.pt,models/v2/v2_10b_h2_balanced_logreg_fold4_v1.joblib
4,jpeg_q50,pilot_002989,1,0.047843337059020996,tiny::Midjourney,,models/v2/clip_lora_fold4_best_v1.pt,models/v2/v2_10b_h2_balanced_logreg_fold4_v1.joblib
4,jpeg_q50,pilot_003003,1,0.16805481910705566,tiny::Midjourney,,models/v2/clip_lora_fold4_best_v1.pt,models/v2/v2_10b_h2_balanced_logreg_fold4_v1.joblib
4,jpeg_q50,pilot_003012,0,0.0018739498918876052,real::Tiny-GenImage,Tiny,models/v2/clip_lora_fold4_best_v1.pt,models/v2/v2_10b_h2_balanced_logreg_fold4_v1.joblib
4,jpeg_q50,pilot_003017,1,0.058902397751808167,tiny::Midjourney,,models/v2/clip_lora_fold4_best_v1.pt,models/v2/v2_10b_h2_balanced_logreg_fold4_v1.joblib
4,jpeg_q50,pilot_003018,0,0.0034005935303866863,real::Tiny-GenImage,Tiny,models/v2/clip_lora_fold4_best_v1.pt,models/v2/v2_10b_h2_balanced_logreg_fold4_v1.joblib
4,jpeg_q50,pilot_003031,1,0.058715201914310455,tiny::Midjourney,,models/v2/clip_lora_fold4_best_v1.pt,models/v2/v2_10b_h2_balanced_logreg_fold4_v1.joblib
4,jpeg_q50,pilot_003044,0,0.003892170963808894,real::Tiny-GenImage,Tiny,models/v2/clip_lora_fold4_best_v1.pt,models/v2/v2_10b_h2_balanced_logreg_fold4_v1.joblib
4,jpeg_q50,pilot_003045,1,0.08821606636047363,tiny::Midjourney,,models/v2/clip_lora_fold4_best_v1.pt,models/v2/v2_10b_h2_balanced_logreg_fold4_v1.joblib
4,jpeg_q50,pilot_003059,1,0.1303933560848236,tiny::Midjourney,,models/v2/clip_lora_fold4_best_v1.pt,models/v2/v2_10b_h2_balanced_logreg_fold4_v1.joblib
4,jpeg_q50,pilot_003062,0,0.004505192395299673,real::Tiny-GenImage,Tiny,models/v2/clip_lora_fold4_best_v1.pt,models/v2/v2_10b_h2_balanced_logreg_fold4_v1.joblib
4,jpeg_q50,pilot_003073,1,0.18036557734012604,tiny::Midjourney,,models/v2/clip_lora_fold4_best_v1.pt,models/v2/v2_10b_h2_balanced_logreg_fold4_v1.joblib
4,jpeg_q50,pilot_003087,1,0.34278202056884766,tiny::Midjourney,,models/v2/clip_lora_fold4_best_v1.pt,models/v2/v2_10b_h2_balanced_logreg_fold4_v1.joblib
4,jpeg_q50,pilot_003092,0,0.005543351639062166,real::Tiny-GenImage,Tiny,models/v2/clip_lora_fold4_best_v1.pt,models/v2/v2_10b_h2_balanced_logreg_fold4_v1.joblib
4,jpeg_q50,pilot_003101,1,0.19263780117034912,tiny::Midjourney,,models/v2/clip_lora_fold4_best_v1.pt,models/v2/v2_10b_h2_balanced_logreg_fold4_v1.joblib
4,jpeg_q50,pilot_003102,0,0.0011714474530890584,real::Tiny-GenImage,Tiny,models/v2/clip_lora_fold4_best_v1.pt,models/v2/v2_10b_h2_balanced_logreg_fold4_v1.joblib
4,jpeg_q50,pilot_003115,1,0.09374232590198517,tiny::Midjourney,,models/v2/clip_lora_fold4_best_v1.pt,models/v2/v2_10b_h2_balanced_logreg_fold4_v1.joblib
4,jpeg_q50,pilot_003129,1,0.02202899567782879,tiny::Midjourney,,models/v2/clip_lora_fold4_best_v1.pt,models/v2/v2_10b_h2_balanced_logreg_fold4_v1.joblib
4,jpeg_q50,pilot_003136,0,0.06423259526491165,real::Tiny-GenImage,Tiny,models/v2/clip_lora_fold4_best_v1.pt,models/v2/v2_10b_h2_balanced_logreg_fold4_v1.joblib
4,jpeg_q50,pilot_003143,1,0.32150885462760925,tiny::Midjourney,,models/v2/clip_lora_fold4_best_v1.pt,models/v2/v2_10b_h2_balanced_logreg_fold4_v1.joblib
4,jpeg_q50,pilot_003156,0,0.0023860037326812744,real::Tiny-GenImage,Tiny,models/v2/clip_lora_fold4_best_v1.pt,models/v2/v2_10b_h2_balanced_logreg_fold4_v1.joblib
4,jpeg_q50,pilot_003157,1,0.27209824323654175,tiny::Midjourney,,models/v2/clip_lora_fold4_best_v1.pt,models/v2/v2_10b_h2_balanced_logreg_fold4_v1.joblib
4,jpeg_q50,pilot_003168,0,0.0017036524368450046,real::Tiny-GenImage,Tiny,models/v2/clip_lora_fold4_best_v1.pt,models/v2/v2_10b_h2_balanced_logreg_fold4_v1.joblib
4,jpeg_q50,pilot_003170,0,0.05577916279435158,real::Tiny-GenImage,Tiny,models/v2/clip_lora_fold4_best_v1.pt,models/v2/v2_10b_h2_balanced_logreg_fold4_v1.joblib
4,jpeg_q50,pilot_003171,1,0.028637897223234177,tiny::Midjourney,,models/v2/clip_lora_fold4_best_v1.pt,models/v2/v2_10b_h2_balanced_logreg_fold4_v1.joblib
4,jpeg_q50,pilot_003185,1,0.02562050148844719,tiny::Midjourney,,models/v2/clip_lora_fold4_best_v1.pt,models/v2/v2_10b_h2_balanced_logreg_fold4_v1.joblib
4,jpeg_q50,pilot_003190,0,0.003166775219142437,real::Tiny-GenImage,Tiny,models/v2/clip_lora_fold4_best_v1.pt,models/v2/v2_10b_h2_balanced_logreg_fold4_v1.joblib
4,jpeg_q50,pilot_003192,0,0.038163866847753525,real::Tiny-GenImage,Tiny,models/v2/clip_lora_fold4_best_v1.pt,models/v2/v2_10b_h2_balanced_logreg_fold4_v1.joblib
4,jpeg_q50,pilot_003199,1,0.016277208924293518,tiny::Midjourney,,models/v2/clip_lora_fold4_best_v1.pt,models/v2/v2_10b_h2_balanced_logreg_fold4_v1.joblib
4,jpeg_q50,pilot_003206,0,0.002338902559131384,real::Tiny-GenImage,Tiny,models/v2/clip_lora_fold4_best_v1.pt,models/v2/v2_10b_h2_balanced_logreg_fold4_v1.joblib
4,jpeg_q50,pilot_003213,1,0.02067292109131813,tiny::Midjourney,,models/v2/clip_lora_fold4_best_v1.pt,models/v2/v2_10b_h2_balanced_logreg_fold4_v1.joblib
4,jpeg_q50,pilot_003218,0,0.0077602132223546505,real::Tiny-GenImage,Tiny,models/v2/clip_lora_fold4_best_v1.pt,models/v2/v2_10b_h2_balanced_logreg_fold4_v1.joblib
4,jpeg_q50,pilot_003227,1,0.4080008566379547,tiny::Midjourney,,models/v2/clip_lora_fold4_best_v1.pt,models/v2/v2_10b_h2_balanced_logreg_fold4_v1.joblib
4,jpeg_q50,pilot_003232,0,0.012831333093345165,real::Tiny-GenImage,Tiny,models/v2/clip_lora_fold4_best_v1.pt,models/v2/v2_10b_h2_balanced_logreg_fold4_v1.joblib
4,jpeg_q50,pilot_003241,1,0.24582791328430176,tiny::Midjourney,,models/v2/clip_lora_fold4_best_v1.pt,models/v2/v2_10b_h2_balanced_logreg_fold4_v1.joblib
4,jpeg_q50,pilot_003248,0,0.0006091862451285124,real::Tiny-GenImage,Tiny,models/v2/clip_lora_fold4_best_v1.pt,models/v2/v2_10b_h2_balanced_logreg_fold4_v1.joblib
4,jpeg_q50,pilot_003255,1,0.19535884261131287,tiny::Midjourney,,models/v2/clip_lora_fold4_best_v1.pt,models/v2/v2_10b_h2_balanced_logreg_fold4_v1.joblib
4,jpeg_q50,pilot_003266,0,0.0006555292056873441,real::Tiny-GenImage,Tiny,models/v2/clip_lora_fold4_best_v1.pt,models/v2/v2_10b_h2_balanced_logreg_fold4_v1.joblib
4,jpeg_q50,pilot_003269,1,0.008422346785664558,tiny::Midjourney,,models/v2/clip_lora_fold4_best_v1.pt,models/v2/v2_10b_h2_balanced_logreg_fold4_v1.joblib
4,jpeg_q50,pilot_003280,0,0.012535248883068562,real::Tiny-GenImage,Tiny,models/v2/clip_lora_fold4_best_v1.pt,models/v2/v2_10b_h2_balanced_logreg_fold4_v1.joblib
4,jpeg_q50,pilot_003283,1,0.07381339371204376,tiny::Midjourney,,models/v2/clip_lora_fold4_best_v1.pt,models/v2/v2_10b_h2_balanced_logreg_fold4_v1.joblib
4,jpeg_q50,pilot_003297,1,0.01812530681490898,tiny::Midjourney,,models/v2/clip_lora_fold4_best_v1.pt,models/v2/v2_10b_h2_balanced_logreg_fold4_v1.joblib
4,jpeg_q50,pilot_003311,1,0.09544067084789276,tiny::Midjourney,,models/v2/clip_lora_fold4_best_v1.pt,models/v2/v2_10b_h2_balanced_logreg_fold4_v1.joblib
4,jpeg_q50,pilot_003325,1,0.030010197311639786,tiny::Midjourney,,models/v2/clip_lora_fold4_best_v1.pt,models/v2/v2_10b_h2_balanced_logreg_fold4_v1.joblib
4,jpeg_q50,pilot_003334,0,0.005240959115326405,real::Tiny-GenImage,Tiny,models/v2/clip_lora_fold4_best_v1.pt,models/v2/v2_10b_h2_balanced_logreg_fold4_v1.joblib
4,jpeg_q50,pilot_003339,1,0.08707813173532486,tiny::Midjourney,,models/v2/clip_lora_fold4_best_v1.pt,models/v2/v2_10b_h2_balanced_logreg_fold4_v1.joblib
4,jpeg_q50,pilot_003344,0,0.2842548191547394,real::Tiny-GenImage,Tiny,models/v2/clip_lora_fold4_best_v1.pt,models/v2/v2_10b_h2_balanced_logreg_fold4_v1.joblib
4,jpeg_q50,pilot_003353,1,0.026582008227705956,tiny::Midjourney,,models/v2/clip_lora_fold4_best_v1.pt,models/v2/v2_10b_h2_balanced_logreg_fold4_v1.joblib
4,jpeg_q50,pilot_003356,0,0.016396017745137215,real::Tiny-GenImage,Tiny,models/v2/clip_lora_fold4_best_v1.pt,models/v2/v2_10b_h2_balanced_logreg_fold4_v1.joblib
4,jpeg_q50,pilot_003367,1,0.03450215980410576,tiny::Midjourney,,models/v2/clip_lora_fold4_best_v1.pt,models/v2/v2_10b_h2_balanced_logreg_fold4_v1.joblib
4,jpeg_q50,pilot_003370,0,0.004428384359925985,real::Tiny-GenImage,Tiny,models/v2/clip_lora_fold4_best_v1.pt,models/v2/v2_10b_h2_balanced_logreg_fold4_v1.joblib
4,jpeg_q50,pilot_003381,1,0.051672495901584625,tiny::Midjourney,,models/v2/clip_lora_fold4_best_v1.pt,models/v2/v2_10b_h2_balanced_logreg_fold4_v1.joblib
4,jpeg_q50,pilot_003386,0,0.0024853921495378017,real::Tiny-GenImage,Tiny,models/v2/clip_lora_fold4_best_v1.pt,models/v2/v2_10b_h2_balanced_logreg_fold4_v1.joblib
4,jpeg_q50,pilot_003390,0,0.039757151156663895,real::Tiny-GenImage,Tiny,models/v2/clip_lora_fold4_best_v1.pt,models/v2/v2_10b_h2_balanced_logreg_fold4_v1.joblib
4,jpeg_q50,pilot_003395,1,0.009763487614691257,tiny::Midjourney,,models/v2/clip_lora_fold4_best_v1.pt,models/v2/v2_10b_h2_balanced_logreg_fold4_v1.joblib
4,jpeg_q50,pilot_003409,1,0.024453619495034218,tiny::Midjourney,,models/v2/clip_lora_fold4_best_v1.pt,models/v2/v2_10b_h2_balanced_logreg_fold4_v1.joblib
4,jpeg_q50,pilot_003423,1,0.510999321937561,tiny::Midjourney,,models/v2/clip_lora_fold4_best_v1.pt,models/v2/v2_10b_h2_balanced_logreg_fold4_v1.joblib
4,jpeg_q50,pilot_003424,0,0.0029992086347192526,real::Tiny-GenImage,Tiny,models/v2/clip_lora_fold4_best_v1.pt,models/v2/v2_10b_h2_balanced_logreg_fold4_v1.joblib
4,jpeg_q50,pilot_003437,1,0.024456225335597992,tiny::Midjourney,,models/v2/clip_lora_fold4_best_v1.pt,models/v2/v2_10b_h2_balanced_logreg_fold4_v1.joblib
4,jpeg_q50,pilot_003438,0,0.013450749218463898,real::Tiny-GenImage,Tiny,models/v2/clip_lora_fold4_best_v1.pt,models/v2/v2_10b_h2_balanced_logreg_fold4_v1.joblib
4,jpeg_q50,pilot_003444,0,0.02952609397470951,real::Tiny-GenImage,Tiny,models/v2/clip_lora_fold4_best_v1.pt,models/v2/v2_10b_h2_balanced_logreg_fold4_v1.joblib
4,jpeg_q50,pilot_003446,0,0.01448123436421156,real::Tiny-GenImage,Tiny,models/v2/clip_lora_fold4_best_v1.pt,models/v2/v2_10b_h2_balanced_logreg_fold4_v1.joblib
4,jpeg_q50,pilot_003451,1,0.560581624507904,tiny::Midjourney,,models/v2/clip_lora_fold4_best_v1.pt,models/v2/v2_10b_h2_balanced_logreg_fold4_v1.joblib
4,jpeg_q50,pilot_003464,0,0.005784777458757162,real::Tiny-GenImage,Tiny,models/v2/clip_lora_fold4_best_v1.pt,models/v2/v2_10b_h2_balanced_logreg_fold4_v1.joblib
4,jpeg_q50,pilot_003465,1,0.5457310676574707,tiny::Midjourney,,models/v2/clip_lora_fold4_best_v1.pt,models/v2/v2_10b_h2_balanced_logreg_fold4_v1.joblib
4,jpeg_q50,pilot_003466,0,0.004492314998060465,real::Tiny-GenImage,Tiny,models/v2/clip_lora_fold4_best_v1.pt,models/v2/v2_10b_h2_balanced_logreg_fold4_v1.joblib
4,jpeg_q50,pilot_003478,0,0.007879811339080334,real::Tiny-GenImage,Tiny,models/v2/clip_lora_fold4_best_v1.pt,models/v2/v2_10b_h2_balanced_logreg_fold4_v1.joblib
4,jpeg_q50,pilot_003479,1,0.19208525121212006,tiny::Midjourney,,models/v2/clip_lora_fold4_best_v1.pt,models/v2/v2_10b_h2_balanced_logreg_fold4_v1.joblib
4,jpeg_q50,pilot_003493,1,0.20388680696487427,tiny::Midjourney,,models/v2/clip_lora_fold4_best_v1.pt,models/v2/v2_10b_h2_balanced_logreg_fold4_v1.joblib
4,jpeg_q50,pilot_003507,1,0.028918731957674026,tiny::Midjourney,,models/v2/clip_lora_fold4_best_v1.pt,models/v2/v2_10b_h2_balanced_logreg_fold4_v1.joblib
4,jpeg_q50,pilot_003508,0,0.005022841971367598,real::Tiny-GenImage,Tiny,models/v2/clip_lora_fold4_best_v1.pt,models/v2/v2_10b_h2_balanced_logreg_fold4_v1.joblib
4,jpeg_q50,pilot_003514,0,0.03047242760658264,real::Tiny-GenImage,Tiny,models/v2/clip_lora_fold4_best_v1.pt,models/v2/v2_10b_h2_balanced_logreg_fold4_v1.joblib
4,jpeg_q50,pilot_003521,1,0.16082261502742767,tiny::Midjourney,,models/v2/clip_lora_fold4_best_v1.pt,models/v2/v2_10b_h2_balanced_logreg_fold4_v1.joblib
4,jpeg_q50,pilot_003526,0,0.008001355454325676,real::Tiny-GenImage,Tiny,models/v2/clip_lora_fold4_best_v1.pt,models/v2/v2_10b_h2_balanced_logreg_fold4_v1.joblib
4,jpeg_q50,pilot_003530,0,0.009473082609474659,real::Tiny-GenImage,Tiny,models/v2/clip_lora_fold4_best_v1.pt,models/v2/v2_10b_h2_balanced_logreg_fold4_v1.joblib
4,jpeg_q50,pilot_003535,1,0.23405353724956512,tiny::Midjourney,,models/v2/clip_lora_fold4_best_v1.pt,models/v2/v2_10b_h2_balanced_logreg_fold4_v1.joblib
4,jpeg_q50,pilot_003540,0,0.02086491324007511,real::Tiny-GenImage,Tiny,models/v2/clip_lora_fold4_best_v1.pt,models/v2/v2_10b_h2_balanced_logreg_fold4_v1.joblib
4,jpeg_q50,pilot_003549,1,0.2432226687669754,tiny::Midjourney,,models/v2/clip_lora_fold4_best_v1.pt,models/v2/v2_10b_h2_balanced_logreg_fold4_v1.joblib
4,jpeg_q50,pilot_003563,1,0.16347390413284302,tiny::Midjourney,,models/v2/clip_lora_fold4_best_v1.pt,models/v2/v2_10b_h2_balanced_logreg_fold4_v1.joblib
4,jpeg_q50,pilot_003564,0,0.18018008768558502,real::Tiny-GenImage,Tiny,models/v2/clip_lora_fold4_best_v1.pt,models/v2/v2_10b_h2_balanced_logreg_fold4_v1.joblib
4,jpeg_q50,pilot_003568,0,0.0011989469639956951,real::Tiny-GenImage,Tiny,models/v2/clip_lora_fold4_best_v1.pt,models/v2/v2_10b_h2_balanced_logreg_fold4_v1.joblib
4,jpeg_q50,pilot_003574,0,0.004744114354252815,real::Tiny-GenImage,Tiny,models/v2/clip_lora_fold4_best_v1.pt,models/v2/v2_10b_h2_balanced_logreg_fold4_v1.joblib
4,jpeg_q50,pilot_003577,1,0.05822763219475746,tiny::Midjourney,,models/v2/clip_lora_fold4_best_v1.pt,models/v2/v2_10b_h2_balanced_logreg_fold4_v1.joblib
4,jpeg_q50,pilot_003578,0,0.0030299576465040445,real::Tiny-GenImage,Tiny,models/v2/clip_lora_fold4_best_v1.pt,models/v2/v2_10b_h2_balanced_logreg_fold4_v1.joblib
4,jpeg_q50,pilot_003584,0,0.14564839005470276,real::Tiny-GenImage,Tiny,models/v2/clip_lora_fold4_best_v1.pt,models/v2/v2_10b_h2_balanced_logreg_fold4_v1.joblib
4,jpeg_q50,pilot_003591,1,0.5171221494674683,tiny::Midjourney,,models/v2/clip_lora_fold4_best_v1.pt,models/v2/v2_10b_h2_balanced_logreg_fold4_v1.joblib
4,jpeg_q50,pilot_003600,0,0.014803032390773296,real::Tiny-GenImage,Tiny,models/v2/clip_lora_fold4_best_v1.pt,models/v2/v2_10b_h2_balanced_logreg_fold4_v1.joblib
4,jpeg_q50,pilot_003605,1,0.11934974789619446,tiny::Midjourney,,models/v2/clip_lora_fold4_best_v1.pt,models/v2/v2_10b_h2_balanced_logreg_fold4_v1.joblib
4,jpeg_q50,pilot_003606,0,0.011724067851901054,real::Tiny-GenImage,Tiny,models/v2/clip_lora_fold4_best_v1.pt,models/v2/v2_10b_h2_balanced_logreg_fold4_v1.joblib
4,jpeg_q50,pilot_003619,1,0.00852053053677082,tiny::Midjourney,,models/v2/clip_lora_fold4_best_v1.pt,models/v2/v2_10b_h2_balanced_logreg_fold4_v1.joblib
4,jpeg_q50,pilot_003620,0,0.01480791624635458,real::Tiny-GenImage,Tiny,models/v2/clip_lora_fold4_best_v1.pt,models/v2/v2_10b_h2_balanced_logreg_fold4_v1.joblib
4,jpeg_q50,pilot_003622,0,0.006433290895074606,real::Tiny-GenImage,Tiny,models/v2/clip_lora_fold4_best_v1.pt,models/v2/v2_10b_h2_balanced_logreg_fold4_v1.joblib
4,jpeg_q50,pilot_003633,1,0.01796935684978962,tiny::Midjourney,,models/v2/clip_lora_fold4_best_v1.pt,models/v2/v2_10b_h2_balanced_logreg_fold4_v1.joblib
4,jpeg_q50,pilot_003634,0,0.0031205276027321815,real::Tiny-GenImage,Tiny,models/v2/clip_lora_fold4_best_v1.pt,models/v2/v2_10b_h2_balanced_logreg_fold4_v1.joblib
4,jpeg_q50,pilot_003647,1,0.02173730358481407,tiny::Midjourney,,models/v2/clip_lora_fold4_best_v1.pt,models/v2/v2_10b_h2_balanced_logreg_fold4_v1.joblib
4,jpeg_q50,pilot_003650,0,0.0023758600000292063,real::Tiny-GenImage,Tiny,models/v2/clip_lora_fold4_best_v1.pt,models/v2/v2_10b_h2_balanced_logreg_fold4_v1.joblib
4,jpeg_q50,pilot_003652,0,0.004453843925148249,real::Tiny-GenImage,Tiny,models/v2/clip_lora_fold4_best_v1.pt,models/v2/v2_10b_h2_balanced_logreg_fold4_v1.joblib
4,jpeg_q50,pilot_003661,1,0.700339674949646,tiny::Midjourney,,models/v2/clip_lora_fold4_best_v1.pt,models/v2/v2_10b_h2_balanced_logreg_fold4_v1.joblib
4,jpeg_q50,pilot_003662,0,0.008462723344564438,real::Tiny-GenImage,Tiny,models/v2/clip_lora_fold4_best_v1.pt,models/v2/v2_10b_h2_balanced_logreg_fold4_v1.joblib
4,jpeg_q50,pilot_003672,0,0.009446966461837292,real::Tiny-GenImage,Tiny,models/v2/clip_lora_fold4_best_v1.pt,models/v2/v2_10b_h2_balanced_logreg_fold4_v1.joblib
4,jpeg_q50,pilot_003675,1,0.04780379682779312,tiny::Midjourney,,models/v2/clip_lora_fold4_best_v1.pt,models/v2/v2_10b_h2_balanced_logreg_fold4_v1.joblib
4,jpeg_q50,pilot_003682,0,0.005537133663892746,real::Tiny-GenImage,Tiny,models/v2/clip_lora_fold4_best_v1.pt,models/v2/v2_10b_h2_balanced_logreg_fold4_v1.joblib
4,jpeg_q50,pilot_003689,1,0.013574045151472092,tiny::Midjourney,,models/v2/clip_lora_fold4_best_v1.pt,models/v2/v2_10b_h2_balanced_logreg_fold4_v1.joblib
4,jpeg_q50,pilot_003700,0,0.0014012106694281101,real::Tiny-GenImage,Tiny,models/v2/clip_lora_fold4_best_v1.pt,models/v2/v2_10b_h2_balanced_logreg_fold4_v1.joblib
4,jpeg_q50,pilot_003702,0,0.048086315393447876,real::Tiny-GenImage,Tiny,models/v2/clip_lora_fold4_best_v1.pt,models/v2/v2_10b_h2_balanced_logreg_fold4_v1.joblib
4,jpeg_q50,pilot_003703,1,0.4811278283596039,tiny::Midjourney,,models/v2/clip_lora_fold4_best_v1.pt,models/v2/v2_10b_h2_balanced_logreg_fold4_v1.joblib
4,jpeg_q50,pilot_003708,0,0.0018107090145349503,real::Tiny-GenImage,Tiny,models/v2/clip_lora_fold4_best_v1.pt,models/v2/v2_10b_h2_balanced_logreg_fold4_v1.joblib
4,jpeg_q50,pilot_003717,1,0.08084574341773987,tiny::Midjourney,,models/v2/clip_lora_fold4_best_v1.pt,models/v2/v2_10b_h2_balanced_logreg_fold4_v1.joblib
4,jpeg_q50,pilot_003728,0,0.0030745177064090967,real::Tiny-GenImage,Tiny,models/v2/clip_lora_fold4_best_v1.pt,models/v2/v2_10b_h2_balanced_logreg_fold4_v1.joblib
4,jpeg_q50,pilot_003731,1,0.26310375332832336,tiny::Midjourney,,models/v2/clip_lora_fold4_best_v1.pt,models/v2/v2_10b_h2_balanced_logreg_fold4_v1.joblib
4,jpeg_q50,pilot_003732,0,0.0017424412071704865,real::Tiny-GenImage,Tiny,models/v2/clip_lora_fold4_best_v1.pt,models/v2/v2_10b_h2_balanced_logreg_fold4_v1.joblib
4,jpeg_q50,pilot_003745,1,0.031226547434926033,tiny::Midjourney,,models/v2/clip_lora_fold4_best_v1.pt,models/v2/v2_10b_h2_balanced_logreg_fold4_v1.joblib
4,jpeg_q50,pilot_003759,1,0.20532076060771942,tiny::Midjourney,,models/v2/clip_lora_fold4_best_v1.pt,models/v2/v2_10b_h2_balanced_logreg_fold4_v1.joblib
4,jpeg_q50,pilot_003773,1,0.38969630002975464,tiny::Midjourney,,models/v2/clip_lora_fold4_best_v1.pt,models/v2/v2_10b_h2_balanced_logreg_fold4_v1.joblib
4,jpeg_q50,pilot_003784,0,0.09806002676486969,real::Tiny-GenImage,Tiny,models/v2/clip_lora_fold4_best_v1.pt,models/v2/v2_10b_h2_balanced_logreg_fold4_v1.joblib
4,jpeg_q50,pilot_003786,0,0.003525568637996912,real::Tiny-GenImage,Tiny,models/v2/clip_lora_fold4_best_v1.pt,models/v2/v2_10b_h2_balanced_logreg_fold4_v1.joblib
4,jpeg_q50,pilot_003787,1,0.01498767826706171,tiny::Midjourney,,models/v2/clip_lora_fold4_best_v1.pt,models/v2/v2_10b_h2_balanced_logreg_fold4_v1.joblib
4,jpeg_q50,pilot_003801,1,0.03225896507501602,tiny::Midjourney,,models/v2/clip_lora_fold4_best_v1.pt,models/v2/v2_10b_h2_balanced_logreg_fold4_v1.joblib
4,jpeg_q50,pilot_003815,1,0.6144020557403564,tiny::Midjourney,,models/v2/clip_lora_fold4_best_v1.pt,models/v2/v2_10b_h2_balanced_logreg_fold4_v1.joblib
4,jpeg_q50,pilot_003829,1,0.3519475758075714,tiny::Midjourney,,models/v2/clip_lora_fold4_best_v1.pt,models/v2/v2_10b_h2_balanced_logreg_fold4_v1.joblib
4,jpeg_q50,pilot_003836,0,0.005759165156632662,real::Tiny-GenImage,Tiny,models/v2/clip_lora_fold4_best_v1.pt,models/v2/v2_10b_h2_balanced_logreg_fold4_v1.joblib
4,jpeg_q50,pilot_003843,1,0.0448550321161747,tiny::Midjourney,,models/v2/clip_lora_fold4_best_v1.pt,models/v2/v2_10b_h2_balanced_logreg_fold4_v1.joblib
4,jpeg_q50,pilot_003857,1,0.035281553864479065,tiny::Midjourney,,models/v2/clip_lora_fold4_best_v1.pt,models/v2/v2_10b_h2_balanced_logreg_fold4_v1.joblib
4,jpeg_q50,pilot_003858,0,0.09384321421384811,real::Tiny-GenImage,Tiny,models/v2/clip_lora_fold4_best_v1.pt,models/v2/v2_10b_h2_balanced_logreg_fold4_v1.joblib
4,jpeg_q50,pilot_003871,1,0.03046657331287861,tiny::Midjourney,,models/v2/clip_lora_fold4_best_v1.pt,models/v2/v2_10b_h2_balanced_logreg_fold4_v1.joblib
4,jpeg_q50,pilot_003874,0,0.0009225229150615633,real::Tiny-GenImage,Tiny,models/v2/clip_lora_fold4_best_v1.pt,models/v2/v2_10b_h2_balanced_logreg_fold4_v1.joblib
4,jpeg_q50,pilot_003885,1,0.01036924310028553,tiny::Midjourney,,models/v2/clip_lora_fold4_best_v1.pt,models/v2/v2_10b_h2_balanced_logreg_fold4_v1.joblib
4,jpeg_q50,pilot_003886,0,0.0017369474517181516,real::Tiny-GenImage,Tiny,models/v2/clip_lora_fold4_best_v1.pt,models/v2/v2_10b_h2_balanced_logreg_fold4_v1.joblib
4,jpeg_q50,pilot_003888,0,0.07395219057798386,real::Tiny-GenImage,Tiny,models/v2/clip_lora_fold4_best_v1.pt,models/v2/v2_10b_h2_balanced_logreg_fold4_v1.joblib
4,jpeg_q50,pilot_003899,1,0.06215175986289978,tiny::Midjourney,,models/v2/clip_lora_fold4_best_v1.pt,models/v2/v2_10b_h2_balanced_logreg_fold4_v1.joblib
4,jpeg_q50,pilot_003902,0,0.01616610959172249,real::Tiny-GenImage,Tiny,models/v2/clip_lora_fold4_best_v1.pt,models/v2/v2_10b_h2_balanced_logreg_fold4_v1.joblib
4,jpeg_q50,pilot_003913,1,0.03425639122724533,tiny::Midjourney,,models/v2/clip_lora_fold4_best_v1.pt,models/v2/v2_10b_h2_balanced_logreg_fold4_v1.joblib
4,jpeg_q50,pilot_003916,0,0.001722018700093031,real::Tiny-GenImage,Tiny,models/v2/clip_lora_fold4_best_v1.pt,models/v2/v2_10b_h2_balanced_logreg_fold4_v1.joblib
4,jpeg_q50,pilot_003918,0,0.0018301488598808646,real::Tiny-GenImage,Tiny,models/v2/clip_lora_fold4_best_v1.pt,models/v2/v2_10b_h2_balanced_logreg_fold4_v1.joblib
4,jpeg_q50,pilot_003927,1,0.3057756721973419,tiny::Midjourney,,models/v2/clip_lora_fold4_best_v1.pt,models/v2/v2_10b_h2_balanced_logreg_fold4_v1.joblib
4,jpeg_q50,pilot_003932,0,0.00124784791842103,real::Tiny-GenImage,Tiny,models/v2/clip_lora_fold4_best_v1.pt,models/v2/v2_10b_h2_balanced_logreg_fold4_v1.joblib
4,jpeg_q50,pilot_003941,1,0.0033614407293498516,tiny::Midjourney,,models/v2/clip_lora_fold4_best_v1.pt,models/v2/v2_10b_h2_balanced_logreg_fold4_v1.joblib
4,jpeg_q50,pilot_003946,0,0.001538204262033105,real::Tiny-GenImage,Tiny,models/v2/clip_lora_fold4_best_v1.pt,models/v2/v2_10b_h2_balanced_logreg_fold4_v1.joblib
4,jpeg_q50,pilot_003955,1,0.06397189944982529,tiny::Midjourney,,models/v2/clip_lora_fold4_best_v1.pt,models/v2/v2_10b_h2_balanced_logreg_fold4_v1.joblib
4,jpeg_q50,pilot_003960,0,0.008882464841008186,real::Tiny-GenImage,Tiny,models/v2/clip_lora_fold4_best_v1.pt,models/v2/v2_10b_h2_balanced_logreg_fold4_v1.joblib
4,jpeg_q50,pilot_003964,0,0.000689926790073514,real::Tiny-GenImage,Tiny,models/v2/clip_lora_fold4_best_v1.pt,models/v2/v2_10b_h2_balanced_logreg_fold4_v1.joblib
4,jpeg_q50,pilot_003969,1,0.026379181072115898,tiny::Midjourney,,models/v2/clip_lora_fold4_best_v1.pt,models/v2/v2_10b_h2_balanced_logreg_fold4_v1.joblib
4,jpeg_q50,pilot_003980,0,0.006670558359473944,real::Tiny-GenImage,Tiny,models/v2/clip_lora_fold4_best_v1.pt,models/v2/v2_10b_h2_balanced_logreg_fold4_v1.joblib
4,jpeg_q50,pilot_003983,1,0.2583540081977844,tiny::Midjourney,,models/v2/clip_lora_fold4_best_v1.pt,models/v2/v2_10b_h2_balanced_logreg_fold4_v1.joblib
4,jpeg_q50,pilot_003988,0,0.006495835725218058,real::Tiny-GenImage,Tiny,models/v2/clip_lora_fold4_best_v1.pt,models/v2/v2_10b_h2_balanced_logreg_fold4_v1.joblib
4,jpeg_q50,pilot_003992,0,0.062417853623628616,real::Tiny-GenImage,Tiny,models/v2/clip_lora_fold4_best_v1.pt,models/v2/v2_10b_h2_balanced_logreg_fold4_v1.joblib
4,jpeg_q50,pilot_003997,1,0.0851949006319046,tiny::Midjourney,,models/v2/clip_lora_fold4_best_v1.pt,models/v2/v2_10b_h2_balanced_logreg_fold4_v1.joblib
4,jpeg_q50,MLLM_HYB_real_106,0,0.17754653096199036,real::MLLM,MLLM,models/v2/clip_lora_fold4_best_v1.pt,models/v2/v2_10b_h2_balanced_logreg_fold4_v1.joblib
4,jpeg_q50,MLLM_HYB_real_108,0,0.35740819573402405,real::MLLM,MLLM,models/v2/clip_lora_fold4_best_v1.pt,models/v2/v2_10b_h2_balanced_logreg_fold4_v1.joblib
4,jpeg_q50,MLLM_HYB_real_11,0,0.06799956411123276,real::MLLM,MLLM,models/v2/clip_lora_fold4_best_v1.pt,models/v2/v2_10b_h2_balanced_logreg_fold4_v1.joblib
4,jpeg_q50,MLLM_HYB_real_111,0,0.2732069790363312,real::MLLM,MLLM,models/v2/clip_lora_fold4_best_v1.pt,models/v2/v2_10b_h2_balanced_logreg_fold4_v1.joblib
4,jpeg_q50,MLLM_HYB_real_120,0,0.2852382957935333,real::MLLM,MLLM,models/v2/clip_lora_fold4_best_v1.pt,models/v2/v2_10b_h2_balanced_logreg_fold4_v1.joblib
4,jpeg_q50,MLLM_HYB_real_123,0,0.4982929229736328,real::MLLM,MLLM,models/v2/clip_lora_fold4_best_v1.pt,models/v2/v2_10b_h2_balanced_logreg_fold4_v1.joblib
4,jpeg_q50,MLLM_HYB_real_129,0,0.03673712909221649,real::MLLM,MLLM,models/v2/clip_lora_fold4_best_v1.pt,models/v2/v2_10b_h2_balanced_logreg_fold4_v1.joblib
4,jpeg_q50,MLLM_HYB_real_137,0,0.4662773907184601,real::MLLM,MLLM,models/v2/clip_lora_fold4_best_v1.pt,models/v2/v2_10b_h2_balanced_logreg_fold4_v1.joblib
4,jpeg_q50,MLLM_HYB_real_139,0,0.09057661890983582,real::MLLM,MLLM,models/v2/clip_lora_fold4_best_v1.pt,models/v2/v2_10b_h2_balanced_logreg_fold4_v1.joblib
4,jpeg_q50,MLLM_HYB_real_147,0,0.056798532605171204,real::MLLM,MLLM,models/v2/clip_lora_fold4_best_v1.pt,models/v2/v2_10b_h2_balanced_logreg_fold4_v1.joblib
4,jpeg_q50,MLLM_HYB_real_149,0,0.17670877277851105,real::MLLM,MLLM,models/v2/clip_lora_fold4_best_v1.pt,models/v2/v2_10b_h2_balanced_logreg_fold4_v1.joblib
4,jpeg_q50,MLLM_HYB_real_151,0,0.03142039105296135,real::MLLM,MLLM,models/v2/clip_lora_fold4_best_v1.pt,models/v2/v2_10b_h2_balanced_logreg_fold4_v1.joblib
4,jpeg_q50,MLLM_HYB_real_159,0,0.1659589260816574,real::MLLM,MLLM,models/v2/clip_lora_fold4_best_v1.pt,models/v2/v2_10b_h2_balanced_logreg_fold4_v1.joblib
4,jpeg_q50,MLLM_HYB_real_161,0,0.05237142741680145,real::MLLM,MLLM,models/v2/clip_lora_fold4_best_v1.pt,models/v2/v2_10b_h2_balanced_logreg_fold4_v1.joblib
4,jpeg_q50,MLLM_HYB_real_17,0,0.17702068388462067,real::MLLM,MLLM,models/v2/clip_lora_fold4_best_v1.pt,models/v2/v2_10b_h2_balanced_logreg_fold4_v1.joblib
4,jpeg_q50,MLLM_HYB_real_175,0,0.07086766511201859,real::MLLM,MLLM,models/v2/clip_lora_fold4_best_v1.pt,models/v2/v2_10b_h2_balanced_logreg_fold4_v1.joblib
4,jpeg_q50,MLLM_HYB_real_184,0,0.07591206580400467,real::MLLM,MLLM,models/v2/clip_lora_fold4_best_v1.pt,models/v2/v2_10b_h2_balanced_logreg_fold4_v1.joblib
4,jpeg_q50,MLLM_HYB_real_189,0,0.037094853818416595,real::MLLM,MLLM,models/v2/clip_lora_fold4_best_v1.pt,models/v2/v2_10b_h2_balanced_logreg_fold4_v1.joblib
4,jpeg_q50,MLLM_HYB_real_19,0,0.09459188580513,real::MLLM,MLLM,models/v2/clip_lora_fold4_best_v1.pt,models/v2/v2_10b_h2_balanced_logreg_fold4_v1.joblib
4,jpeg_q50,MLLM_HYB_real_195,0,0.28712034225463867,real::MLLM,MLLM,models/v2/clip_lora_fold4_best_v1.pt,models/v2/v2_10b_h2_balanced_logreg_fold4_v1.joblib
4,jpeg_q50,MLLM_HYB_real_24,0,0.03385249525308609,real::MLLM,MLLM,models/v2/clip_lora_fold4_best_v1.pt,models/v2/v2_10b_h2_balanced_logreg_fold4_v1.joblib
4,jpeg_q50,MLLM_HYB_real_28,0,0.06053826957941055,real::MLLM,MLLM,models/v2/clip_lora_fold4_best_v1.pt,models/v2/v2_10b_h2_balanced_logreg_fold4_v1.joblib
4,jpeg_q50,MLLM_HYB_real_31,0,0.04708755388855934,real::MLLM,MLLM,models/v2/clip_lora_fold4_best_v1.pt,models/v2/v2_10b_h2_balanced_logreg_fold4_v1.joblib
4,jpeg_q50,MLLM_HYB_real_33,0,0.2954525947570801,real::MLLM,MLLM,models/v2/clip_lora_fold4_best_v1.pt,models/v2/v2_10b_h2_balanced_logreg_fold4_v1.joblib
4,jpeg_q50,MLLM_HYB_real_38,0,0.20335814356803894,real::MLLM,MLLM,models/v2/clip_lora_fold4_best_v1.pt,models/v2/v2_10b_h2_balanced_logreg_fold4_v1.joblib
4,jpeg_q50,MLLM_HYB_real_43,0,0.0677143782377243,real::MLLM,MLLM,models/v2/clip_lora_fold4_best_v1.pt,models/v2/v2_10b_h2_balanced_logreg_fold4_v1.joblib
4,jpeg_q50,MLLM_HYB_real_55,0,0.051290225237607956,real::MLLM,MLLM,models/v2/clip_lora_fold4_best_v1.pt,models/v2/v2_10b_h2_balanced_logreg_fold4_v1.joblib
4,jpeg_q50,MLLM_HYB_real_60,0,0.02880595065653324,real::MLLM,MLLM,models/v2/clip_lora_fold4_best_v1.pt,models/v2/v2_10b_h2_balanced_logreg_fold4_v1.joblib
4,jpeg_q50,MLLM_HYB_real_82,0,0.07046196609735489,real::MLLM,MLLM,models/v2/clip_lora_fold4_best_v1.pt,models/v2/v2_10b_h2_balanced_logreg_fold4_v1.joblib
4,jpeg_q50,MLLM_HYB_real_83,0,0.18693691492080688,real::MLLM,MLLM,models/v2/clip_lora_fold4_best_v1.pt,models/v2/v2_10b_h2_balanced_logreg_fold4_v1.joblib
4,jpeg_q50,MLLM_HYB_real_89,0,0.41473862528800964,real::MLLM,MLLM,models/v2/clip_lora_fold4_best_v1.pt,models/v2/v2_10b_h2_balanced_logreg_fold4_v1.joblib
4,jpeg_q50,MLLM_STR_real_1,0,0.006308646406978369,real::MLLM,MLLM,models/v2/clip_lora_fold4_best_v1.pt,models/v2/v2_10b_h2_balanced_logreg_fold4_v1.joblib
4,jpeg_q50,MLLM_STR_real_100,0,0.02852112054824829,real::MLLM,MLLM,models/v2/clip_lora_fold4_best_v1.pt,models/v2/v2_10b_h2_balanced_logreg_fold4_v1.joblib
4,jpeg_q50,MLLM_STR_real_115,0,0.018683182075619698,real::MLLM,MLLM,models/v2/clip_lora_fold4_best_v1.pt,models/v2/v2_10b_h2_balanced_logreg_fold4_v1.joblib
4,jpeg_q50,MLLM_STR_real_121,0,0.00875885784626007,real::MLLM,MLLM,models/v2/clip_lora_fold4_best_v1.pt,models/v2/v2_10b_h2_balanced_logreg_fold4_v1.joblib
4,jpeg_q50,MLLM_STR_real_123,0,0.05239994823932648,real::MLLM,MLLM,models/v2/clip_lora_fold4_best_v1.pt,models/v2/v2_10b_h2_balanced_logreg_fold4_v1.joblib
4,jpeg_q50,MLLM_STR_real_137,0,0.011760079301893711,real::MLLM,MLLM,models/v2/clip_lora_fold4_best_v1.pt,models/v2/v2_10b_h2_balanced_logreg_fold4_v1.joblib
4,jpeg_q50,MLLM_STR_real_139,0,0.01249960158020258,real::MLLM,MLLM,models/v2/clip_lora_fold4_best_v1.pt,models/v2/v2_10b_h2_balanced_logreg_fold4_v1.joblib
4,jpeg_q50,MLLM_STR_real_140,0,0.005754465237259865,real::MLLM,MLLM,models/v2/clip_lora_fold4_best_v1.pt,models/v2/v2_10b_h2_balanced_logreg_fold4_v1.joblib
4,jpeg_q50,MLLM_STR_real_144,0,0.012223253026604652,real::MLLM,MLLM,models/v2/clip_lora_fold4_best_v1.pt,models/v2/v2_10b_h2_balanced_logreg_fold4_v1.joblib
4,jpeg_q50,MLLM_STR_real_153,0,0.01145102921873331,real::MLLM,MLLM,models/v2/clip_lora_fold4_best_v1.pt,models/v2/v2_10b_h2_balanced_logreg_fold4_v1.joblib
4,jpeg_q50,MLLM_STR_real_154,0,0.048995692282915115,real::MLLM,MLLM,models/v2/clip_lora_fold4_best_v1.pt,models/v2/v2_10b_h2_balanced_logreg_fold4_v1.joblib
4,jpeg_q50,MLLM_STR_real_157,0,0.014219972304999828,real::MLLM,MLLM,models/v2/clip_lora_fold4_best_v1.pt,models/v2/v2_10b_h2_balanced_logreg_fold4_v1.joblib
4,jpeg_q50,MLLM_STR_real_159,0,0.0176288653165102,real::MLLM,MLLM,models/v2/clip_lora_fold4_best_v1.pt,models/v2/v2_10b_h2_balanced_logreg_fold4_v1.joblib
4,jpeg_q50,MLLM_STR_real_162,0,0.011875778436660767,real::MLLM,MLLM,models/v2/clip_lora_fold4_best_v1.pt,models/v2/v2_10b_h2_balanced_logreg_fold4_v1.joblib
4,jpeg_q50,MLLM_STR_real_163,0,0.16125760972499847,real::MLLM,MLLM,models/v2/clip_lora_fold4_best_v1.pt,models/v2/v2_10b_h2_balanced_logreg_fold4_v1.joblib
4,jpeg_q50,MLLM_STR_real_165,0,0.01780644990503788,real::MLLM,MLLM,models/v2/clip_lora_fold4_best_v1.pt,models/v2/v2_10b_h2_balanced_logreg_fold4_v1.joblib
4,jpeg_q50,MLLM_STR_real_168,0,0.07389716804027557,real::MLLM,MLLM,models/v2/clip_lora_fold4_best_v1.pt,models/v2/v2_10b_h2_balanced_logreg_fold4_v1.joblib
4,jpeg_q50,MLLM_STR_real_170,0,0.011552343145012856,real::MLLM,MLLM,models/v2/clip_lora_fold4_best_v1.pt,models/v2/v2_10b_h2_balanced_logreg_fold4_v1.joblib
4,jpeg_q50,MLLM_STR_real_173,0,0.0071264030411839485,real::MLLM,MLLM,models/v2/clip_lora_fold4_best_v1.pt,models/v2/v2_10b_h2_balanced_logreg_fold4_v1.joblib
4,jpeg_q50,MLLM_STR_real_175,0,0.17892763018608093,real::MLLM,MLLM,models/v2/clip_lora_fold4_best_v1.pt,models/v2/v2_10b_h2_balanced_logreg_fold4_v1.joblib
4,jpeg_q50,MLLM_STR_real_178,0,0.0347302220761776,real::MLLM,MLLM,models/v2/clip_lora_fold4_best_v1.pt,models/v2/v2_10b_h2_balanced_logreg_fold4_v1.joblib
4,jpeg_q50,MLLM_STR_real_180,0,0.010741058737039566,real::MLLM,MLLM,models/v2/clip_lora_fold4_best_v1.pt,models/v2/v2_10b_h2_balanced_logreg_fold4_v1.joblib
4,jpeg_q50,MLLM_STR_real_182,0,0.053615398705005646,real::MLLM,MLLM,models/v2/clip_lora_fold4_best_v1.pt,models/v2/v2_10b_h2_balanced_logreg_fold4_v1.joblib
4,jpeg_q50,MLLM_STR_real_183,0,0.01058790273964405,real::MLLM,MLLM,models/v2/clip_lora_fold4_best_v1.pt,models/v2/v2_10b_h2_balanced_logreg_fold4_v1.joblib
4,jpeg_q50,MLLM_STR_real_186,0,0.010092658922076225,real::MLLM,MLLM,models/v2/clip_lora_fold4_best_v1.pt,models/v2/v2_10b_h2_balanced_logreg_fold4_v1.joblib
4,jpeg_q50,MLLM_STR_real_2,0,0.004086976870894432,real::MLLM,MLLM,models/v2/clip_lora_fold4_best_v1.pt,models/v2/v2_10b_h2_balanced_logreg_fold4_v1.joblib
4,jpeg_q50,MLLM_STR_real_20,0,0.003400783985853195,real::MLLM,MLLM,models/v2/clip_lora_fold4_best_v1.pt,models/v2/v2_10b_h2_balanced_logreg_fold4_v1.joblib
4,jpeg_q50,MLLM_STR_real_21,0,0.0027472078800201416,real::MLLM,MLLM,models/v2/clip_lora_fold4_best_v1.pt,models/v2/v2_10b_h2_balanced_logreg_fold4_v1.joblib
4,jpeg_q50,MLLM_STR_real_212,0,0.02218738943338394,real::MLLM,MLLM,models/v2/clip_lora_fold4_best_v1.pt,models/v2/v2_10b_h2_balanced_logreg_fold4_v1.joblib
4,jpeg_q50,MLLM_STR_real_22,0,0.017027342692017555,real::MLLM,MLLM,models/v2/clip_lora_fold4_best_v1.pt,models/v2/v2_10b_h2_balanced_logreg_fold4_v1.joblib
4,jpeg_q50,MLLM_STR_real_224,0,0.005359957460314035,real::MLLM,MLLM,models/v2/clip_lora_fold4_best_v1.pt,models/v2/v2_10b_h2_balanced_logreg_fold4_v1.joblib
4,jpeg_q50,MLLM_STR_real_230,0,0.007942929863929749,real::MLLM,MLLM,models/v2/clip_lora_fold4_best_v1.pt,models/v2/v2_10b_h2_balanced_logreg_fold4_v1.joblib
4,jpeg_q50,MLLM_STR_real_232,0,0.04550422355532646,real::MLLM,MLLM,models/v2/clip_lora_fold4_best_v1.pt,models/v2/v2_10b_h2_balanced_logreg_fold4_v1.joblib
4,jpeg_q50,MLLM_STR_real_24,0,0.004890888929367065,real::MLLM,MLLM,models/v2/clip_lora_fold4_best_v1.pt,models/v2/v2_10b_h2_balanced_logreg_fold4_v1.joblib
4,jpeg_q50,MLLM_STR_real_245,0,0.017707545310258865,real::MLLM,MLLM,models/v2/clip_lora_fold4_best_v1.pt,models/v2/v2_10b_h2_balanced_logreg_fold4_v1.joblib
4,jpeg_q50,MLLM_STR_real_248,0,0.010346577502787113,real::MLLM,MLLM,models/v2/clip_lora_fold4_best_v1.pt,models/v2/v2_10b_h2_balanced_logreg_fold4_v1.joblib
4,jpeg_q50,MLLM_STR_real_262,0,0.010662833228707314,real::MLLM,MLLM,models/v2/clip_lora_fold4_best_v1.pt,models/v2/v2_10b_h2_balanced_logreg_fold4_v1.joblib
4,jpeg_q50,MLLM_STR_real_271,0,0.07473615556955338,real::MLLM,MLLM,models/v2/clip_lora_fold4_best_v1.pt,models/v2/v2_10b_h2_balanced_logreg_fold4_v1.joblib
4,jpeg_q50,MLLM_STR_real_275,0,0.009507646784186363,real::MLLM,MLLM,models/v2/clip_lora_fold4_best_v1.pt,models/v2/v2_10b_h2_balanced_logreg_fold4_v1.joblib
4,jpeg_q50,MLLM_STR_real_281,0,0.0030567776411771774,real::MLLM,MLLM,models/v2/clip_lora_fold4_best_v1.pt,models/v2/v2_10b_h2_balanced_logreg_fold4_v1.joblib
4,jpeg_q50,MLLM_STR_real_282,0,0.02375129424035549,real::MLLM,MLLM,models/v2/clip_lora_fold4_best_v1.pt,models/v2/v2_10b_h2_balanced_logreg_fold4_v1.joblib
4,jpeg_q50,MLLM_STR_real_29,0,0.012865492142736912,real::MLLM,MLLM,models/v2/clip_lora_fold4_best_v1.pt,models/v2/v2_10b_h2_balanced_logreg_fold4_v1.joblib
4,jpeg_q50,MLLM_STR_real_292,0,0.0037093968130648136,real::MLLM,MLLM,models/v2/clip_lora_fold4_best_v1.pt,models/v2/v2_10b_h2_balanced_logreg_fold4_v1.joblib
4,jpeg_q50,MLLM_STR_real_300,0,0.003913507331162691,real::MLLM,MLLM,models/v2/clip_lora_fold4_best_v1.pt,models/v2/v2_10b_h2_balanced_logreg_fold4_v1.joblib
4,jpeg_q50,MLLM_STR_real_301,0,0.058216698467731476,real::MLLM,MLLM,models/v2/clip_lora_fold4_best_v1.pt,models/v2/v2_10b_h2_balanced_logreg_fold4_v1.joblib
4,jpeg_q50,MLLM_STR_real_34,0,0.011737850494682789,real::MLLM,MLLM,models/v2/clip_lora_fold4_best_v1.pt,models/v2/v2_10b_h2_balanced_logreg_fold4_v1.joblib
4,jpeg_q50,MLLM_STR_real_38,0,0.01915143057703972,real::MLLM,MLLM,models/v2/clip_lora_fold4_best_v1.pt,models/v2/v2_10b_h2_balanced_logreg_fold4_v1.joblib
4,jpeg_q50,MLLM_STR_real_45,0,0.006121861282736063,real::MLLM,MLLM,models/v2/clip_lora_fold4_best_v1.pt,models/v2/v2_10b_h2_balanced_logreg_fold4_v1.joblib
4,jpeg_q50,MLLM_STR_real_50,0,0.0077727981843054295,real::MLLM,MLLM,models/v2/clip_lora_fold4_best_v1.pt,models/v2/v2_10b_h2_balanced_logreg_fold4_v1.joblib
4,jpeg_q50,MLLM_STR_real_51,0,0.03395155817270279,real::MLLM,MLLM,models/v2/clip_lora_fold4_best_v1.pt,models/v2/v2_10b_h2_balanced_logreg_fold4_v1.joblib
4,jpeg_q50,MLLM_STR_real_53,0,0.06104324012994766,real::MLLM,MLLM,models/v2/clip_lora_fold4_best_v1.pt,models/v2/v2_10b_h2_balanced_logreg_fold4_v1.joblib
4,jpeg_q50,MLLM_STR_real_65,0,0.007604437414556742,real::MLLM,MLLM,models/v2/clip_lora_fold4_best_v1.pt,models/v2/v2_10b_h2_balanced_logreg_fold4_v1.joblib
4,jpeg_q50,MLLM_STR_real_68,0,0.00546485697850585,real::MLLM,MLLM,models/v2/clip_lora_fold4_best_v1.pt,models/v2/v2_10b_h2_balanced_logreg_fold4_v1.joblib
4,jpeg_q50,MLLM_STR_real_77,0,0.0429701954126358,real::MLLM,MLLM,models/v2/clip_lora_fold4_best_v1.pt,models/v2/v2_10b_h2_balanced_logreg_fold4_v1.joblib
4,jpeg_q50,MLLM_STR_real_79,0,0.024616682901978493,real::MLLM,MLLM,models/v2/clip_lora_fold4_best_v1.pt,models/v2/v2_10b_h2_balanced_logreg_fold4_v1.joblib
4,jpeg_q50,MLLM_STR_real_87,0,0.02883089892566204,real::MLLM,MLLM,models/v2/clip_lora_fold4_best_v1.pt,models/v2/v2_10b_h2_balanced_logreg_fold4_v1.joblib
4,jpeg_q50,MLLM_STR_real_97,0,0.006321106106042862,real::MLLM,MLLM,models/v2/clip_lora_fold4_best_v1.pt,models/v2/v2_10b_h2_balanced_logreg_fold4_v1.joblib
4,jpeg_q50,MLLM_TEX_real_105,0,0.0055015357211232185,real::MLLM,MLLM,models/v2/clip_lora_fold4_best_v1.pt,models/v2/v2_10b_h2_balanced_logreg_fold4_v1.joblib
4,jpeg_q50,MLLM_TEX_real_119,0,0.0027509795036166906,real::MLLM,MLLM,models/v2/clip_lora_fold4_best_v1.pt,models/v2/v2_10b_h2_balanced_logreg_fold4_v1.joblib
4,jpeg_q50,MLLM_TEX_real_126,0,0.0057408190332353115,real::MLLM,MLLM,models/v2/clip_lora_fold4_best_v1.pt,models/v2/v2_10b_h2_balanced_logreg_fold4_v1.joblib
4,jpeg_q50,MLLM_TEX_real_128,0,0.005106543656438589,real::MLLM,MLLM,models/v2/clip_lora_fold4_best_v1.pt,models/v2/v2_10b_h2_balanced_logreg_fold4_v1.joblib
4,jpeg_q50,MLLM_TEX_real_129,0,0.006721667945384979,real::MLLM,MLLM,models/v2/clip_lora_fold4_best_v1.pt,models/v2/v2_10b_h2_balanced_logreg_fold4_v1.joblib
4,jpeg_q50,MLLM_TEX_real_13,0,0.002983851358294487,real::MLLM,MLLM,models/v2/clip_lora_fold4_best_v1.pt,models/v2/v2_10b_h2_balanced_logreg_fold4_v1.joblib
4,jpeg_q50,MLLM_TEX_real_130,0,0.0008074063225649297,real::MLLM,MLLM,models/v2/clip_lora_fold4_best_v1.pt,models/v2/v2_10b_h2_balanced_logreg_fold4_v1.joblib
4,jpeg_q50,MLLM_TEX_real_14,0,0.007318848744034767,real::MLLM,MLLM,models/v2/clip_lora_fold4_best_v1.pt,models/v2/v2_10b_h2_balanced_logreg_fold4_v1.joblib
4,jpeg_q50,MLLM_TEX_real_150,0,0.0020509660243988037,real::MLLM,MLLM,models/v2/clip_lora_fold4_best_v1.pt,models/v2/v2_10b_h2_balanced_logreg_fold4_v1.joblib
4,jpeg_q50,MLLM_TEX_real_166,0,0.003012624103575945,real::MLLM,MLLM,models/v2/clip_lora_fold4_best_v1.pt,models/v2/v2_10b_h2_balanced_logreg_fold4_v1.joblib
4,jpeg_q50,MLLM_TEX_real_17,0,0.012338285334408283,real::MLLM,MLLM,models/v2/clip_lora_fold4_best_v1.pt,models/v2/v2_10b_h2_balanced_logreg_fold4_v1.joblib
4,jpeg_q50,MLLM_TEX_real_19,0,0.011921013705432415,real::MLLM,MLLM,models/v2/clip_lora_fold4_best_v1.pt,models/v2/v2_10b_h2_balanced_logreg_fold4_v1.joblib
4,jpeg_q50,MLLM_TEX_real_2,0,0.003881846321746707,real::MLLM,MLLM,models/v2/clip_lora_fold4_best_v1.pt,models/v2/v2_10b_h2_balanced_logreg_fold4_v1.joblib
4,jpeg_q50,MLLM_TEX_real_202,0,0.0019115046598017216,real::MLLM,MLLM,models/v2/clip_lora_fold4_best_v1.pt,models/v2/v2_10b_h2_balanced_logreg_fold4_v1.joblib
4,jpeg_q50,MLLM_TEX_real_24,0,0.029308492317795753,real::MLLM,MLLM,models/v2/clip_lora_fold4_best_v1.pt,models/v2/v2_10b_h2_balanced_logreg_fold4_v1.joblib
4,jpeg_q50,MLLM_TEX_real_43,0,0.0022175784688442945,real::MLLM,MLLM,models/v2/clip_lora_fold4_best_v1.pt,models/v2/v2_10b_h2_balanced_logreg_fold4_v1.joblib
4,jpeg_q50,MLLM_TEX_real_59,0,0.004704372026026249,real::MLLM,MLLM,models/v2/clip_lora_fold4_best_v1.pt,models/v2/v2_10b_h2_balanced_logreg_fold4_v1.joblib
4,jpeg_q50,MLLM_TEX_real_64,0,0.016238199546933174,real::MLLM,MLLM,models/v2/clip_lora_fold4_best_v1.pt,models/v2/v2_10b_h2_balanced_logreg_fold4_v1.joblib
4,jpeg_q50,MLLM_TEX_real_70,0,0.013389536179602146,real::MLLM,MLLM,models/v2/clip_lora_fold4_best_v1.pt,models/v2/v2_10b_h2_balanced_logreg_fold4_v1.joblib
4,jpeg_q50,MLLM_TEX_real_81,0,0.03563151881098747,real::MLLM,MLLM,models/v2/clip_lora_fold4_best_v1.pt,models/v2/v2_10b_h2_balanced_logreg_fold4_v1.joblib
4,jpeg_q50,MLLM_TEX_real_82,0,0.020131191238760948,real::MLLM,MLLM,models/v2/clip_lora_fold4_best_v1.pt,models/v2/v2_10b_h2_balanced_logreg_fold4_v1.joblib
4,jpeg_q50,MLLM_TEX_real_83,0,0.011930165812373161,real::MLLM,MLLM,models/v2/clip_lora_fold4_best_v1.pt,models/v2/v2_10b_h2_balanced_logreg_fold4_v1.joblib
4,jpeg_q50,MLLM_TEX_real_88,0,0.0035035167820751667,real::MLLM,MLLM,models/v2/clip_lora_fold4_best_v1.pt,models/v2/v2_10b_h2_balanced_logreg_fold4_v1.joblib
4,jpeg_q50,MLLM_TEX_real_94,0,0.0034654680639505386,real::MLLM,MLLM,models/v2/clip_lora_fold4_best_v1.pt,models/v2/v2_10b_h2_balanced_logreg_fold4_v1.joblib
4,jpeg_q50,MLLM_TEX_real_97,0,0.002111571840941906,real::MLLM,MLLM,models/v2/clip_lora_fold4_best_v1.pt,models/v2/v2_10b_h2_balanced_logreg_fold4_v1.joblib
4,jpeg_q50,EXT_REAL_0003,0,0.00981450080871582,real::COCO,COCO,models/v2/clip_lora_fold4_best_v1.pt,models/v2/v2_10b_h2_balanced_logreg_fold4_v1.joblib
4,jpeg_q50,EXT_REAL_0013,0,0.006390966475009918,real::COCO,COCO,models/v2/clip_lora_fold4_best_v1.pt,models/v2/v2_10b_h2_balanced_logreg_fold4_v1.joblib
4,jpeg_q50,EXT_REAL_0018,0,0.00053870037663728,real::COCO,COCO,models/v2/clip_lora_fold4_best_v1.pt,models/v2/v2_10b_h2_balanced_logreg_fold4_v1.joblib
4,jpeg_q50,EXT_REAL_0022,0,0.010779907926917076,real::COCO,COCO,models/v2/clip_lora_fold4_best_v1.pt,models/v2/v2_10b_h2_balanced_logreg_fold4_v1.joblib
4,jpeg_q50,EXT_REAL_0025,0,0.005625133868306875,real::COCO,COCO,models/v2/clip_lora_fold4_best_v1.pt,models/v2/v2_10b_h2_balanced_logreg_fold4_v1.joblib
4,jpeg_q50,EXT_REAL_0060,0,0.010203264653682709,real::COCO,COCO,models/v2/clip_lora_fold4_best_v1.pt,models/v2/v2_10b_h2_balanced_logreg_fold4_v1.joblib
4,jpeg_q50,EXT_REAL_0063,0,0.006145420949906111,real::COCO,COCO,models/v2/clip_lora_fold4_best_v1.pt,models/v2/v2_10b_h2_balanced_logreg_fold4_v1.joblib
4,jpeg_q50,EXT_REAL_0065,0,0.006510173436254263,real::COCO,COCO,models/v2/clip_lora_fold4_best_v1.pt,models/v2/v2_10b_h2_balanced_logreg_fold4_v1.joblib
4,jpeg_q50,EXT_REAL_0075,0,0.01798844523727894,real::COCO,COCO,models/v2/clip_lora_fold4_best_v1.pt,models/v2/v2_10b_h2_balanced_logreg_fold4_v1.joblib
4,jpeg_q50,EXT_REAL_0079,0,0.018549051135778427,real::COCO,COCO,models/v2/clip_lora_fold4_best_v1.pt,models/v2/v2_10b_h2_balanced_logreg_fold4_v1.joblib
4,jpeg_q50,EXT_REAL_0080,0,0.0057906657457351685,real::COCO,COCO,models/v2/clip_lora_fold4_best_v1.pt,models/v2/v2_10b_h2_balanced_logreg_fold4_v1.joblib
4,jpeg_q50,EXT_REAL_0083,0,0.004532003775238991,real::COCO,COCO,models/v2/clip_lora_fold4_best_v1.pt,models/v2/v2_10b_h2_balanced_logreg_fold4_v1.joblib
4,jpeg_q50,EXT_REAL_0084,0,0.012797492556273937,real::COCO,COCO,models/v2/clip_lora_fold4_best_v1.pt,models/v2/v2_10b_h2_balanced_logreg_fold4_v1.joblib
4,jpeg_q50,EXT_REAL_0086,0,0.009227356873452663,real::COCO,COCO,models/v2/clip_lora_fold4_best_v1.pt,models/v2/v2_10b_h2_balanced_logreg_fold4_v1.joblib
4,jpeg_q50,EXT_REAL_0090,0,0.0039150952361524105,real::COCO,COCO,models/v2/clip_lora_fold4_best_v1.pt,models/v2/v2_10b_h2_balanced_logreg_fold4_v1.joblib
4,jpeg_q50,EXT_REAL_0094,0,0.012398092076182365,real::COCO,COCO,models/v2/clip_lora_fold4_best_v1.pt,models/v2/v2_10b_h2_balanced_logreg_fold4_v1.joblib
4,jpeg_q50,EXT_REAL_0095,0,0.008730907924473286,real::COCO,COCO,models/v2/clip_lora_fold4_best_v1.pt,models/v2/v2_10b_h2_balanced_logreg_fold4_v1.joblib
4,jpeg_q50,EXT_REAL_0106,0,0.012922948226332664,real::COCO,COCO,models/v2/clip_lora_fold4_best_v1.pt,models/v2/v2_10b_h2_balanced_logreg_fold4_v1.joblib
4,jpeg_q50,EXT_REAL_0117,0,0.001901090145111084,real::COCO,COCO,models/v2/clip_lora_fold4_best_v1.pt,models/v2/v2_10b_h2_balanced_logreg_fold4_v1.joblib
4,jpeg_q50,EXT_REAL_0122,0,0.008171062916517258,real::COCO,COCO,models/v2/clip_lora_fold4_best_v1.pt,models/v2/v2_10b_h2_balanced_logreg_fold4_v1.joblib
4,jpeg_q50,EXT_REAL_0134,0,0.028374293819069862,real::COCO,COCO,models/v2/clip_lora_fold4_best_v1.pt,models/v2/v2_10b_h2_balanced_logreg_fold4_v1.joblib
4,jpeg_q50,EXT_REAL_0146,0,0.006313622929155827,real::COCO,COCO,models/v2/clip_lora_fold4_best_v1.pt,models/v2/v2_10b_h2_balanced_logreg_fold4_v1.joblib
4,jpeg_q50,EXT_REAL_0147,0,0.00909169390797615,real::COCO,COCO,models/v2/clip_lora_fold4_best_v1.pt,models/v2/v2_10b_h2_balanced_logreg_fold4_v1.joblib
4,jpeg_q50,EXT_REAL_0149,0,0.001136792590841651,real::COCO,COCO,models/v2/clip_lora_fold4_best_v1.pt,models/v2/v2_10b_h2_balanced_logreg_fold4_v1.joblib
4,jpeg_q50,EXT_REAL_0152,0,0.0022553394082933664,real::COCO,COCO,models/v2/clip_lora_fold4_best_v1.pt,models/v2/v2_10b_h2_balanced_logreg_fold4_v1.joblib
4,jpeg_q50,EXT_REAL_0155,0,0.006025220733135939,real::COCO,COCO,models/v2/clip_lora_fold4_best_v1.pt,models/v2/v2_10b_h2_balanced_logreg_fold4_v1.joblib
4,jpeg_q50,EXT_REAL_0163,0,0.004086227621883154,real::COCO,COCO,models/v2/clip_lora_fold4_best_v1.pt,models/v2/v2_10b_h2_balanced_logreg_fold4_v1.joblib
4,jpeg_q50,EXT_REAL_0164,0,0.002280190587043762,real::COCO,COCO,models/v2/clip_lora_fold4_best_v1.pt,models/v2/v2_10b_h2_balanced_logreg_fold4_v1.joblib
4,jpeg_q50,EXT_REAL_0170,0,0.002365018939599395,real::COCO,COCO,models/v2/clip_lora_fold4_best_v1.pt,models/v2/v2_10b_h2_balanced_logreg_fold4_v1.joblib
4,jpeg_q50,EXT_REAL_0174,0,0.0015481181908398867,real::COCO,COCO,models/v2/clip_lora_fold4_best_v1.pt,models/v2/v2_10b_h2_balanced_logreg_fold4_v1.joblib
4,jpeg_q50,EXT_REAL_0177,0,0.0011188217904418707,real::COCO,COCO,models/v2/clip_lora_fold4_best_v1.pt,models/v2/v2_10b_h2_balanced_logreg_fold4_v1.joblib
4,jpeg_q50,EXT_REAL_0181,0,0.0018670869758352637,real::COCO,COCO,models/v2/clip_lora_fold4_best_v1.pt,models/v2/v2_10b_h2_balanced_logreg_fold4_v1.joblib
4,jpeg_q50,EXT_REAL_0190,0,0.005396097432821989,real::COCO,COCO,models/v2/clip_lora_fold4_best_v1.pt,models/v2/v2_10b_h2_balanced_logreg_fold4_v1.joblib
4,jpeg_q50,EXT_REAL_0191,0,0.006425037048757076,real::COCO,COCO,models/v2/clip_lora_fold4_best_v1.pt,models/v2/v2_10b_h2_balanced_logreg_fold4_v1.joblib
4,jpeg_q50,EXT_REAL_0208,0,0.004529156256467104,real::COCO,COCO,models/v2/clip_lora_fold4_best_v1.pt,models/v2/v2_10b_h2_balanced_logreg_fold4_v1.joblib
4,jpeg_q50,EXT_REAL_0226,0,0.004583200439810753,real::COCO,COCO,models/v2/clip_lora_fold4_best_v1.pt,models/v2/v2_10b_h2_balanced_logreg_fold4_v1.joblib
4,jpeg_q50,EXT_REAL_0227,0,0.00596182607114315,real::COCO,COCO,models/v2/clip_lora_fold4_best_v1.pt,models/v2/v2_10b_h2_balanced_logreg_fold4_v1.joblib
4,jpeg_q50,EXT_REAL_0230,0,0.004027383401989937,real::COCO,COCO,models/v2/clip_lora_fold4_best_v1.pt,models/v2/v2_10b_h2_balanced_logreg_fold4_v1.joblib
4,jpeg_q50,EXT_REAL_0234,0,0.008887973614037037,real::COCO,COCO,models/v2/clip_lora_fold4_best_v1.pt,models/v2/v2_10b_h2_balanced_logreg_fold4_v1.joblib
4,jpeg_q50,EXT_REAL_0248,0,0.00047398125752806664,real::COCO,COCO,models/v2/clip_lora_fold4_best_v1.pt,models/v2/v2_10b_h2_balanced_logreg_fold4_v1.joblib
4,jpeg_q50,EXT_REAL_0256,0,0.0013294087257236242,real::COCO,COCO,models/v2/clip_lora_fold4_best_v1.pt,models/v2/v2_10b_h2_balanced_logreg_fold4_v1.joblib
4,jpeg_q50,EXT_REAL_0260,0,0.005361447110772133,real::COCO,COCO,models/v2/clip_lora_fold4_best_v1.pt,models/v2/v2_10b_h2_balanced_logreg_fold4_v1.joblib
4,jpeg_q50,EXT_REAL_0274,0,0.0009590170229785144,real::COCO,COCO,models/v2/clip_lora_fold4_best_v1.pt,models/v2/v2_10b_h2_balanced_logreg_fold4_v1.joblib
4,jpeg_q50,EXT_REAL_0275,0,0.006706375163048506,real::COCO,COCO,models/v2/clip_lora_fold4_best_v1.pt,models/v2/v2_10b_h2_balanced_logreg_fold4_v1.joblib
4,jpeg_q50,EXT_REAL_0277,0,0.03254904970526695,real::COCO,COCO,models/v2/clip_lora_fold4_best_v1.pt,models/v2/v2_10b_h2_balanced_logreg_fold4_v1.joblib
4,jpeg_q50,EXT_REAL_0280,0,0.024883778765797615,real::COCO,COCO,models/v2/clip_lora_fold4_best_v1.pt,models/v2/v2_10b_h2_balanced_logreg_fold4_v1.joblib
4,jpeg_q50,EXT_REAL_0288,0,0.0014672246761620045,real::COCO,COCO,models/v2/clip_lora_fold4_best_v1.pt,models/v2/v2_10b_h2_balanced_logreg_fold4_v1.joblib
4,jpeg_q50,EXT_REAL_0295,0,0.002712902380153537,real::COCO,COCO,models/v2/clip_lora_fold4_best_v1.pt,models/v2/v2_10b_h2_balanced_logreg_fold4_v1.joblib
4,jpeg_q50,EXT_REAL_0306,0,0.006141091696918011,real::COCO,COCO,models/v2/clip_lora_fold4_best_v1.pt,models/v2/v2_10b_h2_balanced_logreg_fold4_v1.joblib
4,jpeg_q50,EXT_REAL_0317,0,0.002145039616152644,real::COCO,COCO,models/v2/clip_lora_fold4_best_v1.pt,models/v2/v2_10b_h2_balanced_logreg_fold4_v1.joblib
4,jpeg_q50,EXT_REAL_0318,0,0.008690138347446918,real::COCO,COCO,models/v2/clip_lora_fold4_best_v1.pt,models/v2/v2_10b_h2_balanced_logreg_fold4_v1.joblib
4,jpeg_q50,EXT_REAL_0328,0,0.0009833017829805613,real::COCO,COCO,models/v2/clip_lora_fold4_best_v1.pt,models/v2/v2_10b_h2_balanced_logreg_fold4_v1.joblib
4,jpeg_q50,EXT_REAL_0334,0,0.005366593599319458,real::COCO,COCO,models/v2/clip_lora_fold4_best_v1.pt,models/v2/v2_10b_h2_balanced_logreg_fold4_v1.joblib
4,jpeg_q50,EXT_REAL_0337,0,0.002495011081919074,real::COCO,COCO,models/v2/clip_lora_fold4_best_v1.pt,models/v2/v2_10b_h2_balanced_logreg_fold4_v1.joblib
4,jpeg_q50,EXT_REAL_0340,0,0.0040016938000917435,real::COCO,COCO,models/v2/clip_lora_fold4_best_v1.pt,models/v2/v2_10b_h2_balanced_logreg_fold4_v1.joblib
4,jpeg_q50,EXT_REAL_0346,0,0.005891375709325075,real::COCO,COCO,models/v2/clip_lora_fold4_best_v1.pt,models/v2/v2_10b_h2_balanced_logreg_fold4_v1.joblib
4,jpeg_q50,EXT_REAL_0372,0,0.011892290785908699,real::COCO,COCO,models/v2/clip_lora_fold4_best_v1.pt,models/v2/v2_10b_h2_balanced_logreg_fold4_v1.joblib
4,jpeg_q50,EXT_REAL_0384,0,0.004224156029522419,real::COCO,COCO,models/v2/clip_lora_fold4_best_v1.pt,models/v2/v2_10b_h2_balanced_logreg_fold4_v1.joblib
4,jpeg_q50,EXT_REAL_0386,0,0.0013886463129892945,real::COCO,COCO,models/v2/clip_lora_fold4_best_v1.pt,models/v2/v2_10b_h2_balanced_logreg_fold4_v1.joblib
4,jpeg_q50,EXT_REAL_0391,0,0.0016102039953693748,real::COCO,COCO,models/v2/clip_lora_fold4_best_v1.pt,models/v2/v2_10b_h2_balanced_logreg_fold4_v1.joblib
4,jpeg_q50,QWEN_0042_Qwen_Image_20_pro,1,0.2525894045829773,qwen::Qwen-Image-2.0-pro,,models/v2/clip_lora_fold4_best_v1.pt,models/v2/v2_10b_h2_balanced_logreg_fold4_v1.joblib
4,jpeg_q50,QWEN_0042_Seedream_50,1,0.05237003043293953,qwen::Seedream-5.0,,models/v2/clip_lora_fold4_best_v1.pt,models/v2/v2_10b_h2_balanced_logreg_fold4_v1.joblib
4,jpeg_q50,QWEN_0042_Qwen_Image,1,0.1897394359111786,qwen::Qwen-Image,,models/v2/clip_lora_fold4_best_v1.pt,models/v2/v2_10b_h2_balanced_logreg_fold4_v1.joblib
4,jpeg_q50,QWEN_0042_Imagen_40,1,0.03897539898753166,qwen::Imagen-4.0,,models/v2/clip_lora_fold4_best_v1.pt,models/v2/v2_10b_h2_balanced_logreg_fold4_v1.joblib
4,jpeg_q50,QWEN_0042_Imagen_40_Ultra,1,0.2067241668701172,qwen::Imagen-4.0-Ultra,,models/v2/clip_lora_fold4_best_v1.pt,models/v2/v2_10b_h2_balanced_logreg_fold4_v1.joblib
4,jpeg_q50,QWEN_0060_Qwen_Image_20_pro,1,0.0371808186173439,qwen::Qwen-Image-2.0-pro,,models/v2/clip_lora_fold4_best_v1.pt,models/v2/v2_10b_h2_balanced_logreg_fold4_v1.joblib
4,jpeg_q50,QWEN_0060_Seedream_50,1,0.011849680915474892,qwen::Seedream-5.0,,models/v2/clip_lora_fold4_best_v1.pt,models/v2/v2_10b_h2_balanced_logreg_fold4_v1.joblib
4,jpeg_q50,QWEN_0060_Qwen_Image,1,0.01589914597570896,qwen::Qwen-Image,,models/v2/clip_lora_fold4_best_v1.pt,models/v2/v2_10b_h2_balanced_logreg_fold4_v1.joblib
4,jpeg_q50,QWEN_0060_Imagen_40,1,0.4420774579048157,qwen::Imagen-4.0,,models/v2/clip_lora_fold4_best_v1.pt,models/v2/v2_10b_h2_balanced_logreg_fold4_v1.joblib
4,jpeg_q50,QWEN_0060_Imagen_40_Ultra,1,0.019255008548498154,qwen::Imagen-4.0-Ultra,,models/v2/clip_lora_fold4_best_v1.pt,models/v2/v2_10b_h2_balanced_logreg_fold4_v1.joblib
4,jpeg_q50,QWEN_0065_Qwen_Image_20_pro,1,0.1112779825925827,qwen::Qwen-Image-2.0-pro,,models/v2/clip_lora_fold4_best_v1.pt,models/v2/v2_10b_h2_balanced_logreg_fold4_v1.joblib
4,jpeg_q50,QWEN_0065_Seedream_50,1,0.0179691631346941,qwen::Seedream-5.0,,models/v2/clip_lora_fold4_best_v1.pt,models/v2/v2_10b_h2_balanced_logreg_fold4_v1.joblib
4,jpeg_q50,QWEN_0065_Qwen_Image,1,0.14642433822155,qwen::Qwen-Image,,models/v2/clip_lora_fold4_best_v1.pt,models/v2/v2_10b_h2_balanced_logreg_fold4_v1.joblib
4,jpeg_q50,QWEN_0065_Imagen_40,1,0.08945877850055695,qwen::Imagen-4.0,,models/v2/clip_lora_fold4_best_v1.pt,models/v2/v2_10b_h2_balanced_logreg_fold4_v1.joblib
4,jpeg_q50,QWEN_0065_Imagen_40_Ultra,1,0.3548395335674286,qwen::Imagen-4.0-Ultra,,models/v2/clip_lora_fold4_best_v1.pt,models/v2/v2_10b_h2_balanced_logreg_fold4_v1.joblib
4,jpeg_q50,QWEN_0074_Qwen_Image_20_pro,1,0.03059854358434677,qwen::Qwen-Image-2.0-pro,,models/v2/clip_lora_fold4_best_v1.pt,models/v2/v2_10b_h2_balanced_logreg_fold4_v1.joblib
4,jpeg_q50,QWEN_0074_Seedream_50,1,0.007988440804183483,qwen::Seedream-5.0,,models/v2/clip_lora_fold4_best_v1.pt,models/v2/v2_10b_h2_balanced_logreg_fold4_v1.joblib
4,jpeg_q50,QWEN_0074_Qwen_Image,1,0.009808353148400784,qwen::Qwen-Image,,models/v2/clip_lora_fold4_best_v1.pt,models/v2/v2_10b_h2_balanced_logreg_fold4_v1.joblib
4,jpeg_q50,QWEN_0074_Imagen_40,1,0.01698479987680912,qwen::Imagen-4.0,,models/v2/clip_lora_fold4_best_v1.pt,models/v2/v2_10b_h2_balanced_logreg_fold4_v1.joblib
4,jpeg_q50,QWEN_0074_Imagen_40_Ultra,1,0.020555229857563972,qwen::Imagen-4.0-Ultra,,models/v2/clip_lora_fold4_best_v1.pt,models/v2/v2_10b_h2_balanced_logreg_fold4_v1.joblib
4,jpeg_q50,QWEN_0078_Qwen_Image_20_pro,1,0.015658201649785042,qwen::Qwen-Image-2.0-pro,,models/v2/clip_lora_fold4_best_v1.pt,models/v2/v2_10b_h2_balanced_logreg_fold4_v1.joblib
4,jpeg_q50,QWEN_0078_Seedream_50,1,0.02955126017332077,qwen::Seedream-5.0,,models/v2/clip_lora_fold4_best_v1.pt,models/v2/v2_10b_h2_balanced_logreg_fold4_v1.joblib
4,jpeg_q50,QWEN_0078_Qwen_Image,1,0.019062964245676994,qwen::Qwen-Image,,models/v2/clip_lora_fold4_best_v1.pt,models/v2/v2_10b_h2_balanced_logreg_fold4_v1.joblib
4,jpeg_q50,QWEN_0078_Imagen_40,1,0.03531000390648842,qwen::Imagen-4.0,,models/v2/clip_lora_fold4_best_v1.pt,models/v2/v2_10b_h2_balanced_logreg_fold4_v1.joblib
4,jpeg_q50,QWEN_0078_Imagen_40_Ultra,1,0.02380359172821045,qwen::Imagen-4.0-Ultra,,models/v2/clip_lora_fold4_best_v1.pt,models/v2/v2_10b_h2_balanced_logreg_fold4_v1.joblib
4,jpeg_q50,QWEN_0081_Qwen_Image_20_pro,1,0.005596661474555731,qwen::Qwen-Image-2.0-pro,,models/v2/clip_lora_fold4_best_v1.pt,models/v2/v2_10b_h2_balanced_logreg_fold4_v1.joblib
4,jpeg_q50,QWEN_0081_Seedream_50,1,0.015299154445528984,qwen::Seedream-5.0,,models/v2/clip_lora_fold4_best_v1.pt,models/v2/v2_10b_h2_balanced_logreg_fold4_v1.joblib
4,jpeg_q50,QWEN_0081_Qwen_Image,1,0.03571881726384163,qwen::Qwen-Image,,models/v2/clip_lora_fold4_best_v1.pt,models/v2/v2_10b_h2_balanced_logreg_fold4_v1.joblib
4,jpeg_q50,QWEN_0081_Imagen_40,1,0.02938733994960785,qwen::Imagen-4.0,,models/v2/clip_lora_fold4_best_v1.pt,models/v2/v2_10b_h2_balanced_logreg_fold4_v1.joblib
4,jpeg_q50,QWEN_0081_Imagen_40_Ultra,1,0.006488045211881399,qwen::Imagen-4.0-Ultra,,models/v2/clip_lora_fold4_best_v1.pt,models/v2/v2_10b_h2_balanced_logreg_fold4_v1.joblib
4,jpeg_q50,QWEN_0086_Qwen_Image_20_pro,1,0.032473668456077576,qwen::Qwen-Image-2.0-pro,,models/v2/clip_lora_fold4_best_v1.pt,models/v2/v2_10b_h2_balanced_logreg_fold4_v1.joblib
4,jpeg_q50,QWEN_0086_Seedream_50,1,0.013227961957454681,qwen::Seedream-5.0,,models/v2/clip_lora_fold4_best_v1.pt,models/v2/v2_10b_h2_balanced_logreg_fold4_v1.joblib
4,jpeg_q50,QWEN_0086_Qwen_Image,1,0.030859654769301414,qwen::Qwen-Image,,models/v2/clip_lora_fold4_best_v1.pt,models/v2/v2_10b_h2_balanced_logreg_fold4_v1.joblib
4,jpeg_q50,QWEN_0086_Imagen_40,1,0.03056173399090767,qwen::Imagen-4.0,,models/v2/clip_lora_fold4_best_v1.pt,models/v2/v2_10b_h2_balanced_logreg_fold4_v1.joblib
4,jpeg_q50,QWEN_0086_Imagen_40_Ultra,1,0.00638038944453001,qwen::Imagen-4.0-Ultra,,models/v2/clip_lora_fold4_best_v1.pt,models/v2/v2_10b_h2_balanced_logreg_fold4_v1.joblib
4,jpeg_q50,QWEN_0096_Qwen_Image_20_pro,1,0.005183291621506214,qwen::Qwen-Image-2.0-pro,,models/v2/clip_lora_fold4_best_v1.pt,models/v2/v2_10b_h2_balanced_logreg_fold4_v1.joblib
4,jpeg_q50,QWEN_0096_Seedream_50,1,0.07450244575738907,qwen::Seedream-5.0,,models/v2/clip_lora_fold4_best_v1.pt,models/v2/v2_10b_h2_balanced_logreg_fold4_v1.joblib
4,jpeg_q50,QWEN_0096_Qwen_Image,1,0.02984984964132309,qwen::Qwen-Image,,models/v2/clip_lora_fold4_best_v1.pt,models/v2/v2_10b_h2_balanced_logreg_fold4_v1.joblib
4,jpeg_q50,QWEN_0096_Imagen_40,1,0.01033869106322527,qwen::Imagen-4.0,,models/v2/clip_lora_fold4_best_v1.pt,models/v2/v2_10b_h2_balanced_logreg_fold4_v1.joblib
4,jpeg_q50,QWEN_0096_Imagen_40_Ultra,1,0.009595013223588467,qwen::Imagen-4.0-Ultra,,models/v2/clip_lora_fold4_best_v1.pt,models/v2/v2_10b_h2_balanced_logreg_fold4_v1.joblib
4,jpeg_q50,QWEN_0118_Qwen_Image_20_pro,1,0.04416617751121521,qwen::Qwen-Image-2.0-pro,,models/v2/clip_lora_fold4_best_v1.pt,models/v2/v2_10b_h2_balanced_logreg_fold4_v1.joblib
4,jpeg_q50,QWEN_0118_Seedream_50,1,0.18764783442020416,qwen::Seedream-5.0,,models/v2/clip_lora_fold4_best_v1.pt,models/v2/v2_10b_h2_balanced_logreg_fold4_v1.joblib
4,jpeg_q50,QWEN_0118_Qwen_Image,1,0.24062016606330872,qwen::Qwen-Image,,models/v2/clip_lora_fold4_best_v1.pt,models/v2/v2_10b_h2_balanced_logreg_fold4_v1.joblib
4,jpeg_q50,QWEN_0118_Imagen_40,1,0.3100818693637848,qwen::Imagen-4.0,,models/v2/clip_lora_fold4_best_v1.pt,models/v2/v2_10b_h2_balanced_logreg_fold4_v1.joblib
4,jpeg_q50,QWEN_0118_Imagen_40_Ultra,1,0.22119013965129852,qwen::Imagen-4.0-Ultra,,models/v2/clip_lora_fold4_best_v1.pt,models/v2/v2_10b_h2_balanced_logreg_fold4_v1.joblib
4,jpeg_q50,QWEN_0127_Qwen_Image_20_pro,1,0.01181087177246809,qwen::Qwen-Image-2.0-pro,,models/v2/clip_lora_fold4_best_v1.pt,models/v2/v2_10b_h2_balanced_logreg_fold4_v1.joblib
4,jpeg_q50,QWEN_0127_Seedream_50,1,0.03504553064703941,qwen::Seedream-5.0,,models/v2/clip_lora_fold4_best_v1.pt,models/v2/v2_10b_h2_balanced_logreg_fold4_v1.joblib
4,jpeg_q50,QWEN_0127_Qwen_Image,1,0.016580967232584953,qwen::Qwen-Image,,models/v2/clip_lora_fold4_best_v1.pt,models/v2/v2_10b_h2_balanced_logreg_fold4_v1.joblib
4,jpeg_q50,QWEN_0127_Imagen_40,1,0.009920388460159302,qwen::Imagen-4.0,,models/v2/clip_lora_fold4_best_v1.pt,models/v2/v2_10b_h2_balanced_logreg_fold4_v1.joblib
4,jpeg_q50,QWEN_0127_Imagen_40_Ultra,1,0.011350381188094616,qwen::Imagen-4.0-Ultra,,models/v2/clip_lora_fold4_best_v1.pt,models/v2/v2_10b_h2_balanced_logreg_fold4_v1.joblib
4,jpeg_q50,QWEN_0140_Qwen_Image_20_pro,1,0.007148492615669966,qwen::Qwen-Image-2.0-pro,,models/v2/clip_lora_fold4_best_v1.pt,models/v2/v2_10b_h2_balanced_logreg_fold4_v1.joblib
4,jpeg_q50,QWEN_0140_Seedream_50,1,0.005752834025770426,qwen::Seedream-5.0,,models/v2/clip_lora_fold4_best_v1.pt,models/v2/v2_10b_h2_balanced_logreg_fold4_v1.joblib
4,jpeg_q50,QWEN_0140_Qwen_Image,1,0.019390299916267395,qwen::Qwen-Image,,models/v2/clip_lora_fold4_best_v1.pt,models/v2/v2_10b_h2_balanced_logreg_fold4_v1.joblib
4,jpeg_q50,QWEN_0140_Imagen_40,1,0.018018942326307297,qwen::Imagen-4.0,,models/v2/clip_lora_fold4_best_v1.pt,models/v2/v2_10b_h2_balanced_logreg_fold4_v1.joblib
4,jpeg_q50,QWEN_0140_Imagen_40_Ultra,1,0.005497269332408905,qwen::Imagen-4.0-Ultra,,models/v2/clip_lora_fold4_best_v1.pt,models/v2/v2_10b_h2_balanced_logreg_fold4_v1.joblib
4,jpeg_q50,QWEN_0148_Qwen_Image_20_pro,1,0.030199412256479263,qwen::Qwen-Image-2.0-pro,,models/v2/clip_lora_fold4_best_v1.pt,models/v2/v2_10b_h2_balanced_logreg_fold4_v1.joblib
4,jpeg_q50,QWEN_0148_Seedream_50,1,0.06031787022948265,qwen::Seedream-5.0,,models/v2/clip_lora_fold4_best_v1.pt,models/v2/v2_10b_h2_balanced_logreg_fold4_v1.joblib
4,jpeg_q50,QWEN_0148_Qwen_Image,1,0.0228557325899601,qwen::Qwen-Image,,models/v2/clip_lora_fold4_best_v1.pt,models/v2/v2_10b_h2_balanced_logreg_fold4_v1.joblib
4,jpeg_q50,QWEN_0148_Imagen_40,1,0.04758954793214798,qwen::Imagen-4.0,,models/v2/clip_lora_fold4_best_v1.pt,models/v2/v2_10b_h2_balanced_logreg_fold4_v1.joblib
4,jpeg_q50,QWEN_0148_Imagen_40_Ultra,1,0.019995125010609627,qwen::Imagen-4.0-Ultra,,models/v2/clip_lora_fold4_best_v1.pt,models/v2/v2_10b_h2_balanced_logreg_fold4_v1.joblib
4,jpeg_q50,QWEN_0156_Qwen_Image_20_pro,1,0.004754574969410896,qwen::Qwen-Image-2.0-pro,,models/v2/clip_lora_fold4_best_v1.pt,models/v2/v2_10b_h2_balanced_logreg_fold4_v1.joblib
4,jpeg_q50,QWEN_0156_Seedream_50,1,0.014435283839702606,qwen::Seedream-5.0,,models/v2/clip_lora_fold4_best_v1.pt,models/v2/v2_10b_h2_balanced_logreg_fold4_v1.joblib
4,jpeg_q50,QWEN_0156_Qwen_Image,1,0.031146112829446793,qwen::Qwen-Image,,models/v2/clip_lora_fold4_best_v1.pt,models/v2/v2_10b_h2_balanced_logreg_fold4_v1.joblib
4,jpeg_q50,QWEN_0156_Imagen_40,1,0.05051077529788017,qwen::Imagen-4.0,,models/v2/clip_lora_fold4_best_v1.pt,models/v2/v2_10b_h2_balanced_logreg_fold4_v1.joblib
4,jpeg_q50,QWEN_0156_Imagen_40_Ultra,1,0.0066466135904192924,qwen::Imagen-4.0-Ultra,,models/v2/clip_lora_fold4_best_v1.pt,models/v2/v2_10b_h2_balanced_logreg_fold4_v1.joblib
4,jpeg_q50,QWEN_0158_Qwen_Image_20_pro,1,0.06843970715999603,qwen::Qwen-Image-2.0-pro,,models/v2/clip_lora_fold4_best_v1.pt,models/v2/v2_10b_h2_balanced_logreg_fold4_v1.joblib
4,jpeg_q50,QWEN_0158_Seedream_50,1,0.026213031262159348,qwen::Seedream-5.0,,models/v2/clip_lora_fold4_best_v1.pt,models/v2/v2_10b_h2_balanced_logreg_fold4_v1.joblib
4,jpeg_q50,QWEN_0158_Qwen_Image,1,0.010990368202328682,qwen::Qwen-Image,,models/v2/clip_lora_fold4_best_v1.pt,models/v2/v2_10b_h2_balanced_logreg_fold4_v1.joblib
4,jpeg_q50,QWEN_0158_Imagen_40,1,0.04102091118693352,qwen::Imagen-4.0,,models/v2/clip_lora_fold4_best_v1.pt,models/v2/v2_10b_h2_balanced_logreg_fold4_v1.joblib
4,jpeg_q50,QWEN_0158_Imagen_40_Ultra,1,0.010052748024463654,qwen::Imagen-4.0-Ultra,,models/v2/clip_lora_fold4_best_v1.pt,models/v2/v2_10b_h2_balanced_logreg_fold4_v1.joblib
4,jpeg_q50,QWEN_0169_Qwen_Image_20_pro,1,0.017414607107639313,qwen::Qwen-Image-2.0-pro,,models/v2/clip_lora_fold4_best_v1.pt,models/v2/v2_10b_h2_balanced_logreg_fold4_v1.joblib
4,jpeg_q50,QWEN_0169_Seedream_50,1,0.08095329254865646,qwen::Seedream-5.0,,models/v2/clip_lora_fold4_best_v1.pt,models/v2/v2_10b_h2_balanced_logreg_fold4_v1.joblib
4,jpeg_q50,QWEN_0169_Qwen_Image,1,0.015690263360738754,qwen::Qwen-Image,,models/v2/clip_lora_fold4_best_v1.pt,models/v2/v2_10b_h2_balanced_logreg_fold4_v1.joblib
4,jpeg_q50,QWEN_0169_Imagen_40,1,0.08179985731840134,qwen::Imagen-4.0,,models/v2/clip_lora_fold4_best_v1.pt,models/v2/v2_10b_h2_balanced_logreg_fold4_v1.joblib
4,jpeg_q50,QWEN_0169_Imagen_40_Ultra,1,0.029814301058650017,qwen::Imagen-4.0-Ultra,,models/v2/clip_lora_fold4_best_v1.pt,models/v2/v2_10b_h2_balanced_logreg_fold4_v1.joblib
4,jpeg_q50,QWEN_0184_Qwen_Image_20_pro,1,0.0047708009369671345,qwen::Qwen-Image-2.0-pro,,models/v2/clip_lora_fold4_best_v1.pt,models/v2/v2_10b_h2_balanced_logreg_fold4_v1.joblib
4,jpeg_q50,QWEN_0184_Seedream_50,1,0.0066546909511089325,qwen::Seedream-5.0,,models/v2/clip_lora_fold4_best_v1.pt,models/v2/v2_10b_h2_balanced_logreg_fold4_v1.joblib
4,jpeg_q50,QWEN_0184_Qwen_Image,1,0.015486742369830608,qwen::Qwen-Image,,models/v2/clip_lora_fold4_best_v1.pt,models/v2/v2_10b_h2_balanced_logreg_fold4_v1.joblib
4,jpeg_q50,QWEN_0184_Imagen_40,1,0.020345555618405342,qwen::Imagen-4.0,,models/v2/clip_lora_fold4_best_v1.pt,models/v2/v2_10b_h2_balanced_logreg_fold4_v1.joblib
4,jpeg_q50,QWEN_0184_Imagen_40_Ultra,1,0.0665544793009758,qwen::Imagen-4.0-Ultra,,models/v2/clip_lora_fold4_best_v1.pt,models/v2/v2_10b_h2_balanced_logreg_fold4_v1.joblib
4,jpeg_q50,QWEN_0185_Qwen_Image_20_pro,1,0.10005850344896317,qwen::Qwen-Image-2.0-pro,,models/v2/clip_lora_fold4_best_v1.pt,models/v2/v2_10b_h2_balanced_logreg_fold4_v1.joblib
4,jpeg_q50,QWEN_0185_Seedream_50,1,0.06715528666973114,qwen::Seedream-5.0,,models/v2/clip_lora_fold4_best_v1.pt,models/v2/v2_10b_h2_balanced_logreg_fold4_v1.joblib
4,jpeg_q50,QWEN_0185_Qwen_Image,1,0.021854309365153313,qwen::Qwen-Image,,models/v2/clip_lora_fold4_best_v1.pt,models/v2/v2_10b_h2_balanced_logreg_fold4_v1.joblib
4,jpeg_q50,QWEN_0185_Imagen_40,1,0.0433313250541687,qwen::Imagen-4.0,,models/v2/clip_lora_fold4_best_v1.pt,models/v2/v2_10b_h2_balanced_logreg_fold4_v1.joblib
4,jpeg_q50,QWEN_0185_Imagen_40_Ultra,1,0.018925460055470467,qwen::Imagen-4.0-Ultra,,models/v2/clip_lora_fold4_best_v1.pt,models/v2/v2_10b_h2_balanced_logreg_fold4_v1.joblib
4,jpeg_q50,QWEN_0186_Qwen_Image_20_pro,1,0.0035009407438337803,qwen::Qwen-Image-2.0-pro,,models/v2/clip_lora_fold4_best_v1.pt,models/v2/v2_10b_h2_balanced_logreg_fold4_v1.joblib
4,jpeg_q50,QWEN_0186_Seedream_50,1,0.014369235374033451,qwen::Seedream-5.0,,models/v2/clip_lora_fold4_best_v1.pt,models/v2/v2_10b_h2_balanced_logreg_fold4_v1.joblib
4,jpeg_q50,QWEN_0186_Qwen_Image,1,0.13337405025959015,qwen::Qwen-Image,,models/v2/clip_lora_fold4_best_v1.pt,models/v2/v2_10b_h2_balanced_logreg_fold4_v1.joblib
4,jpeg_q50,QWEN_0186_Imagen_40,1,0.024677522480487823,qwen::Imagen-4.0,,models/v2/clip_lora_fold4_best_v1.pt,models/v2/v2_10b_h2_balanced_logreg_fold4_v1.joblib
4,jpeg_q50,QWEN_0186_Imagen_40_Ultra,1,0.007494308985769749,qwen::Imagen-4.0-Ultra,,models/v2/clip_lora_fold4_best_v1.pt,models/v2/v2_10b_h2_balanced_logreg_fold4_v1.joblib
4,jpeg_q50,QWEN_0212_Qwen_Image_20_pro,1,0.007043533492833376,qwen::Qwen-Image-2.0-pro,,models/v2/clip_lora_fold4_best_v1.pt,models/v2/v2_10b_h2_balanced_logreg_fold4_v1.joblib
4,jpeg_q50,QWEN_0212_Seedream_50,1,0.016499994322657585,qwen::Seedream-5.0,,models/v2/clip_lora_fold4_best_v1.pt,models/v2/v2_10b_h2_balanced_logreg_fold4_v1.joblib
4,jpeg_q50,QWEN_0212_Qwen_Image,1,0.0058260769583284855,qwen::Qwen-Image,,models/v2/clip_lora_fold4_best_v1.pt,models/v2/v2_10b_h2_balanced_logreg_fold4_v1.joblib
4,jpeg_q50,QWEN_0212_Imagen_40,1,0.015173007734119892,qwen::Imagen-4.0,,models/v2/clip_lora_fold4_best_v1.pt,models/v2/v2_10b_h2_balanced_logreg_fold4_v1.joblib
4,jpeg_q50,QWEN_0212_Imagen_40_Ultra,1,0.0077058421447873116,qwen::Imagen-4.0-Ultra,,models/v2/clip_lora_fold4_best_v1.pt,models/v2/v2_10b_h2_balanced_logreg_fold4_v1.joblib
4,jpeg_q50,QWEN_0222_Qwen_Image_20_pro,1,0.006225763354450464,qwen::Qwen-Image-2.0-pro,,models/v2/clip_lora_fold4_best_v1.pt,models/v2/v2_10b_h2_balanced_logreg_fold4_v1.joblib
4,jpeg_q50,QWEN_0222_Seedream_50,1,0.01044825091958046,qwen::Seedream-5.0,,models/v2/clip_lora_fold4_best_v1.pt,models/v2/v2_10b_h2_balanced_logreg_fold4_v1.joblib
4,jpeg_q50,QWEN_0222_Qwen_Image,1,0.003673315281048417,qwen::Qwen-Image,,models/v2/clip_lora_fold4_best_v1.pt,models/v2/v2_10b_h2_balanced_logreg_fold4_v1.joblib
4,jpeg_q50,QWEN_0222_Imagen_40,1,0.013134591281414032,qwen::Imagen-4.0,,models/v2/clip_lora_fold4_best_v1.pt,models/v2/v2_10b_h2_balanced_logreg_fold4_v1.joblib
4,jpeg_q50,QWEN_0222_Imagen_40_Ultra,1,0.0031764341983944178,qwen::Imagen-4.0-Ultra,,models/v2/clip_lora_fold4_best_v1.pt,models/v2/v2_10b_h2_balanced_logreg_fold4_v1.joblib
4,jpeg_q50,QWEN_0239_Qwen_Image_20_pro,1,0.004205926787108183,qwen::Qwen-Image-2.0-pro,,models/v2/clip_lora_fold4_best_v1.pt,models/v2/v2_10b_h2_balanced_logreg_fold4_v1.joblib
4,jpeg_q50,QWEN_0239_Seedream_50,1,0.0492478683590889,qwen::Seedream-5.0,,models/v2/clip_lora_fold4_best_v1.pt,models/v2/v2_10b_h2_balanced_logreg_fold4_v1.joblib
4,jpeg_q50,QWEN_0239_Qwen_Image,1,0.09229056537151337,qwen::Qwen-Image,,models/v2/clip_lora_fold4_best_v1.pt,models/v2/v2_10b_h2_balanced_logreg_fold4_v1.joblib
4,jpeg_q50,QWEN_0239_Imagen_40,1,0.15369723737239838,qwen::Imagen-4.0,,models/v2/clip_lora_fold4_best_v1.pt,models/v2/v2_10b_h2_balanced_logreg_fold4_v1.joblib
4,jpeg_q50,QWEN_0239_Imagen_40_Ultra,1,0.04214438796043396,qwen::Imagen-4.0-Ultra,,models/v2/clip_lora_fold4_best_v1.pt,models/v2/v2_10b_h2_balanced_logreg_fold4_v1.joblib
4,jpeg_q50,QWEN_0260_Qwen_Image_20_pro,1,0.020284192636609077,qwen::Qwen-Image-2.0-pro,,models/v2/clip_lora_fold4_best_v1.pt,models/v2/v2_10b_h2_balanced_logreg_fold4_v1.joblib
4,jpeg_q50,QWEN_0260_Seedream_50,1,0.02317545935511589,qwen::Seedream-5.0,,models/v2/clip_lora_fold4_best_v1.pt,models/v2/v2_10b_h2_balanced_logreg_fold4_v1.joblib
4,jpeg_q50,QWEN_0260_Qwen_Image,1,0.015267593786120415,qwen::Qwen-Image,,models/v2/clip_lora_fold4_best_v1.pt,models/v2/v2_10b_h2_balanced_logreg_fold4_v1.joblib
4,jpeg_q50,QWEN_0260_Imagen_40,1,0.02326400764286518,qwen::Imagen-4.0,,models/v2/clip_lora_fold4_best_v1.pt,models/v2/v2_10b_h2_balanced_logreg_fold4_v1.joblib
4,jpeg_q50,QWEN_0260_Imagen_40_Ultra,1,0.23227660357952118,qwen::Imagen-4.0-Ultra,,models/v2/clip_lora_fold4_best_v1.pt,models/v2/v2_10b_h2_balanced_logreg_fold4_v1.joblib
4,jpeg_q50,QWEN_0288_Qwen_Image_20_pro,1,0.003165778936818242,qwen::Qwen-Image-2.0-pro,,models/v2/clip_lora_fold4_best_v1.pt,models/v2/v2_10b_h2_balanced_logreg_fold4_v1.joblib
4,jpeg_q50,QWEN_0288_Seedream_50,1,0.0018352571642026305,qwen::Seedream-5.0,,models/v2/clip_lora_fold4_best_v1.pt,models/v2/v2_10b_h2_balanced_logreg_fold4_v1.joblib
4,jpeg_q50,QWEN_0288_Qwen_Image,1,0.0039447154849767685,qwen::Qwen-Image,,models/v2/clip_lora_fold4_best_v1.pt,models/v2/v2_10b_h2_balanced_logreg_fold4_v1.joblib
4,jpeg_q50,QWEN_0288_Imagen_40,1,0.004143131896853447,qwen::Imagen-4.0,,models/v2/clip_lora_fold4_best_v1.pt,models/v2/v2_10b_h2_balanced_logreg_fold4_v1.joblib
4,jpeg_q50,QWEN_0288_Imagen_40_Ultra,1,0.0016204703133553267,qwen::Imagen-4.0-Ultra,,models/v2/clip_lora_fold4_best_v1.pt,models/v2/v2_10b_h2_balanced_logreg_fold4_v1.joblib
4,jpeg_q50,QWEN_0309_Qwen_Image_20_pro,1,0.011186867952346802,qwen::Qwen-Image-2.0-pro,,models/v2/clip_lora_fold4_best_v1.pt,models/v2/v2_10b_h2_balanced_logreg_fold4_v1.joblib
4,jpeg_q50,QWEN_0309_Seedream_50,1,0.020072244107723236,qwen::Seedream-5.0,,models/v2/clip_lora_fold4_best_v1.pt,models/v2/v2_10b_h2_balanced_logreg_fold4_v1.joblib
4,jpeg_q50,QWEN_0309_Qwen_Image,1,0.00705127464607358,qwen::Qwen-Image,,models/v2/clip_lora_fold4_best_v1.pt,models/v2/v2_10b_h2_balanced_logreg_fold4_v1.joblib
4,jpeg_q50,QWEN_0309_Imagen_40,1,0.005852165631949902,qwen::Imagen-4.0,,models/v2/clip_lora_fold4_best_v1.pt,models/v2/v2_10b_h2_balanced_logreg_fold4_v1.joblib
4,jpeg_q50,QWEN_0309_Imagen_40_Ultra,1,0.005030995700508356,qwen::Imagen-4.0-Ultra,,models/v2/clip_lora_fold4_best_v1.pt,models/v2/v2_10b_h2_balanced_logreg_fold4_v1.joblib
4,jpeg_q50,QWEN_0315_Qwen_Image_20_pro,1,0.005153190344572067,qwen::Qwen-Image-2.0-pro,,models/v2/clip_lora_fold4_best_v1.pt,models/v2/v2_10b_h2_balanced_logreg_fold4_v1.joblib
4,jpeg_q50,QWEN_0315_Seedream_50,1,0.008458662778139114,qwen::Seedream-5.0,,models/v2/clip_lora_fold4_best_v1.pt,models/v2/v2_10b_h2_balanced_logreg_fold4_v1.joblib
4,jpeg_q50,QWEN_0315_Qwen_Image,1,0.02374943345785141,qwen::Qwen-Image,,models/v2/clip_lora_fold4_best_v1.pt,models/v2/v2_10b_h2_balanced_logreg_fold4_v1.joblib
4,jpeg_q50,QWEN_0315_Imagen_40,1,0.008056426420807838,qwen::Imagen-4.0,,models/v2/clip_lora_fold4_best_v1.pt,models/v2/v2_10b_h2_balanced_logreg_fold4_v1.joblib
4,jpeg_q50,QWEN_0315_Imagen_40_Ultra,1,0.012125561013817787,qwen::Imagen-4.0-Ultra,,models/v2/clip_lora_fold4_best_v1.pt,models/v2/v2_10b_h2_balanced_logreg_fold4_v1.joblib
4,jpeg_q50,QWEN_0323_Qwen_Image_20_pro,1,0.00737537769600749,qwen::Qwen-Image-2.0-pro,,models/v2/clip_lora_fold4_best_v1.pt,models/v2/v2_10b_h2_balanced_logreg_fold4_v1.joblib
4,jpeg_q50,QWEN_0323_Seedream_50,1,0.059980884194374084,qwen::Seedream-5.0,,models/v2/clip_lora_fold4_best_v1.pt,models/v2/v2_10b_h2_balanced_logreg_fold4_v1.joblib
4,jpeg_q50,QWEN_0323_Qwen_Image,1,0.02889322116971016,qwen::Qwen-Image,,models/v2/clip_lora_fold4_best_v1.pt,models/v2/v2_10b_h2_balanced_logreg_fold4_v1.joblib
4,jpeg_q50,QWEN_0323_Imagen_40,1,0.047505803406238556,qwen::Imagen-4.0,,models/v2/clip_lora_fold4_best_v1.pt,models/v2/v2_10b_h2_balanced_logreg_fold4_v1.joblib
4,jpeg_q50,QWEN_0323_Imagen_40_Ultra,1,0.01623619720339775,qwen::Imagen-4.0-Ultra,,models/v2/clip_lora_fold4_best_v1.pt,models/v2/v2_10b_h2_balanced_logreg_fold4_v1.joblib
4,jpeg_q50,QWEN_0335_Qwen_Image_20_pro,1,0.02753695659339428,qwen::Qwen-Image-2.0-pro,,models/v2/clip_lora_fold4_best_v1.pt,models/v2/v2_10b_h2_balanced_logreg_fold4_v1.joblib
4,jpeg_q50,QWEN_0335_Seedream_50,1,0.24777919054031372,qwen::Seedream-5.0,,models/v2/clip_lora_fold4_best_v1.pt,models/v2/v2_10b_h2_balanced_logreg_fold4_v1.joblib
4,jpeg_q50,QWEN_0335_Qwen_Image,1,0.20018866658210754,qwen::Qwen-Image,,models/v2/clip_lora_fold4_best_v1.pt,models/v2/v2_10b_h2_balanced_logreg_fold4_v1.joblib
4,jpeg_q50,QWEN_0335_Imagen_40,1,0.061631519347429276,qwen::Imagen-4.0,,models/v2/clip_lora_fold4_best_v1.pt,models/v2/v2_10b_h2_balanced_logreg_fold4_v1.joblib
4,jpeg_q50,QWEN_0335_Imagen_40_Ultra,1,0.02787706069648266,qwen::Imagen-4.0-Ultra,,models/v2/clip_lora_fold4_best_v1.pt,models/v2/v2_10b_h2_balanced_logreg_fold4_v1.joblib
4,jpeg_q50,QWEN_0342_Qwen_Image_20_pro,1,0.017478691413998604,qwen::Qwen-Image-2.0-pro,,models/v2/clip_lora_fold4_best_v1.pt,models/v2/v2_10b_h2_balanced_logreg_fold4_v1.joblib
4,jpeg_q50,QWEN_0342_Seedream_50,1,0.03359901160001755,qwen::Seedream-5.0,,models/v2/clip_lora_fold4_best_v1.pt,models/v2/v2_10b_h2_balanced_logreg_fold4_v1.joblib
4,jpeg_q50,QWEN_0342_Qwen_Image,1,0.019391659647226334,qwen::Qwen-Image,,models/v2/clip_lora_fold4_best_v1.pt,models/v2/v2_10b_h2_balanced_logreg_fold4_v1.joblib
4,jpeg_q50,QWEN_0342_Imagen_40,1,0.057073820382356644,qwen::Imagen-4.0,,models/v2/clip_lora_fold4_best_v1.pt,models/v2/v2_10b_h2_balanced_logreg_fold4_v1.joblib
4,jpeg_q50,QWEN_0342_Imagen_40_Ultra,1,0.037631139159202576,qwen::Imagen-4.0-Ultra,,models/v2/clip_lora_fold4_best_v1.pt,models/v2/v2_10b_h2_balanced_logreg_fold4_v1.joblib
4,jpeg_q50,QWEN_0347_Qwen_Image_20_pro,1,0.07786440849304199,qwen::Qwen-Image-2.0-pro,,models/v2/clip_lora_fold4_best_v1.pt,models/v2/v2_10b_h2_balanced_logreg_fold4_v1.joblib
4,jpeg_q50,QWEN_0347_Seedream_50,1,0.02804495021700859,qwen::Seedream-5.0,,models/v2/clip_lora_fold4_best_v1.pt,models/v2/v2_10b_h2_balanced_logreg_fold4_v1.joblib
4,jpeg_q50,QWEN_0347_Qwen_Image,1,0.10287107527256012,qwen::Qwen-Image,,models/v2/clip_lora_fold4_best_v1.pt,models/v2/v2_10b_h2_balanced_logreg_fold4_v1.joblib
4,jpeg_q50,QWEN_0347_Imagen_40,1,0.15359869599342346,qwen::Imagen-4.0,,models/v2/clip_lora_fold4_best_v1.pt,models/v2/v2_10b_h2_balanced_logreg_fold4_v1.joblib
4,jpeg_q50,QWEN_0347_Imagen_40_Ultra,1,0.3027264177799225,qwen::Imagen-4.0-Ultra,,models/v2/clip_lora_fold4_best_v1.pt,models/v2/v2_10b_h2_balanced_logreg_fold4_v1.joblib
4,jpeg_q50,QWEN_0354_Qwen_Image_20_pro,1,0.03007379360496998,qwen::Qwen-Image-2.0-pro,,models/v2/clip_lora_fold4_best_v1.pt,models/v2/v2_10b_h2_balanced_logreg_fold4_v1.joblib
4,jpeg_q50,QWEN_0354_Seedream_50,1,0.025458481162786484,qwen::Seedream-5.0,,models/v2/clip_lora_fold4_best_v1.pt,models/v2/v2_10b_h2_balanced_logreg_fold4_v1.joblib
4,jpeg_q50,QWEN_0354_Qwen_Image,1,0.12445725500583649,qwen::Qwen-Image,,models/v2/clip_lora_fold4_best_v1.pt,models/v2/v2_10b_h2_balanced_logreg_fold4_v1.joblib
4,jpeg_q50,QWEN_0354_Imagen_40,1,0.04922116547822952,qwen::Imagen-4.0,,models/v2/clip_lora_fold4_best_v1.pt,models/v2/v2_10b_h2_balanced_logreg_fold4_v1.joblib
4,jpeg_q50,QWEN_0354_Imagen_40_Ultra,1,0.12792503833770752,qwen::Imagen-4.0-Ultra,,models/v2/clip_lora_fold4_best_v1.pt,models/v2/v2_10b_h2_balanced_logreg_fold4_v1.joblib
4,jpeg_q50,QWEN_0359_Qwen_Image_20_pro,1,0.016496697440743446,qwen::Qwen-Image-2.0-pro,,models/v2/clip_lora_fold4_best_v1.pt,models/v2/v2_10b_h2_balanced_logreg_fold4_v1.joblib
4,jpeg_q50,QWEN_0359_Seedream_50,1,0.1802288293838501,qwen::Seedream-5.0,,models/v2/clip_lora_fold4_best_v1.pt,models/v2/v2_10b_h2_balanced_logreg_fold4_v1.joblib
4,jpeg_q50,QWEN_0359_Qwen_Image,1,0.009813899174332619,qwen::Qwen-Image,,models/v2/clip_lora_fold4_best_v1.pt,models/v2/v2_10b_h2_balanced_logreg_fold4_v1.joblib
4,jpeg_q50,QWEN_0359_Imagen_40,1,0.04406941309571266,qwen::Imagen-4.0,,models/v2/clip_lora_fold4_best_v1.pt,models/v2/v2_10b_h2_balanced_logreg_fold4_v1.joblib
4,jpeg_q50,QWEN_0359_Imagen_40_Ultra,1,0.025652173906564713,qwen::Imagen-4.0-Ultra,,models/v2/clip_lora_fold4_best_v1.pt,models/v2/v2_10b_h2_balanced_logreg_fold4_v1.joblib
4,jpeg_q50,QWEN_0374_Qwen_Image_20_pro,1,0.050043247640132904,qwen::Qwen-Image-2.0-pro,,models/v2/clip_lora_fold4_best_v1.pt,models/v2/v2_10b_h2_balanced_logreg_fold4_v1.joblib
4,jpeg_q50,QWEN_0374_Seedream_50,1,0.018420230597257614,qwen::Seedream-5.0,,models/v2/clip_lora_fold4_best_v1.pt,models/v2/v2_10b_h2_balanced_logreg_fold4_v1.joblib
4,jpeg_q50,QWEN_0374_Qwen_Image,1,0.024976463988423347,qwen::Qwen-Image,,models/v2/clip_lora_fold4_best_v1.pt,models/v2/v2_10b_h2_balanced_logreg_fold4_v1.joblib
4,jpeg_q50,QWEN_0374_Imagen_40,1,0.010911503806710243,qwen::Imagen-4.0,,models/v2/clip_lora_fold4_best_v1.pt,models/v2/v2_10b_h2_balanced_logreg_fold4_v1.joblib
4,jpeg_q50,QWEN_0374_Imagen_40_Ultra,1,0.011658382602036,qwen::Imagen-4.0-Ultra,,models/v2/clip_lora_fold4_best_v1.pt,models/v2/v2_10b_h2_balanced_logreg_fold4_v1.joblib
4,jpeg_q50,QWEN_0386_Qwen_Image_20_pro,1,0.024046869948506355,qwen::Qwen-Image-2.0-pro,,models/v2/clip_lora_fold4_best_v1.pt,models/v2/v2_10b_h2_balanced_logreg_fold4_v1.joblib
4,jpeg_q50,QWEN_0386_Seedream_50,1,0.022243153303861618,qwen::Seedream-5.0,,models/v2/clip_lora_fold4_best_v1.pt,models/v2/v2_10b_h2_balanced_logreg_fold4_v1.joblib
4,jpeg_q50,QWEN_0386_Qwen_Image,1,0.010918314568698406,qwen::Qwen-Image,,models/v2/clip_lora_fold4_best_v1.pt,models/v2/v2_10b_h2_balanced_logreg_fold4_v1.joblib
4,jpeg_q50,QWEN_0386_Imagen_40,1,0.018907960504293442,qwen::Imagen-4.0,,models/v2/clip_lora_fold4_best_v1.pt,models/v2/v2_10b_h2_balanced_logreg_fold4_v1.joblib
4,jpeg_q50,QWEN_0386_Imagen_40_Ultra,1,0.009018353186547756,qwen::Imagen-4.0-Ultra,,models/v2/clip_lora_fold4_best_v1.pt,models/v2/v2_10b_h2_balanced_logreg_fold4_v1.joblib
4,jpeg_q50,QWEN_0392_Qwen_Image_20_pro,1,0.02003134973347187,qwen::Qwen-Image-2.0-pro,,models/v2/clip_lora_fold4_best_v1.pt,models/v2/v2_10b_h2_balanced_logreg_fold4_v1.joblib
4,jpeg_q50,QWEN_0392_Seedream_50,1,0.009062334895133972,qwen::Seedream-5.0,,models/v2/clip_lora_fold4_best_v1.pt,models/v2/v2_10b_h2_balanced_logreg_fold4_v1.joblib
4,jpeg_q50,QWEN_0392_Qwen_Image,1,0.005000936798751354,qwen::Qwen-Image,,models/v2/clip_lora_fold4_best_v1.pt,models/v2/v2_10b_h2_balanced_logreg_fold4_v1.joblib
4,jpeg_q50,QWEN_0392_Imagen_40,1,0.008240625262260437,qwen::Imagen-4.0,,models/v2/clip_lora_fold4_best_v1.pt,models/v2/v2_10b_h2_balanced_logreg_fold4_v1.joblib
4,jpeg_q50,QWEN_0392_Imagen_40_Ultra,1,0.04779408499598503,qwen::Imagen-4.0-Ultra,,models/v2/clip_lora_fold4_best_v1.pt,models/v2/v2_10b_h2_balanced_logreg_fold4_v1.joblib
4,jpeg_q50,QWEN_0397_Qwen_Image_20_pro,1,0.004259547218680382,qwen::Qwen-Image-2.0-pro,,models/v2/clip_lora_fold4_best_v1.pt,models/v2/v2_10b_h2_balanced_logreg_fold4_v1.joblib
4,jpeg_q50,QWEN_0397_Seedream_50,1,0.00885479710996151,qwen::Seedream-5.0,,models/v2/clip_lora_fold4_best_v1.pt,models/v2/v2_10b_h2_balanced_logreg_fold4_v1.joblib
4,jpeg_q50,QWEN_0397_Qwen_Image,1,0.01079916674643755,qwen::Qwen-Image,,models/v2/clip_lora_fold4_best_v1.pt,models/v2/v2_10b_h2_balanced_logreg_fold4_v1.joblib
4,jpeg_q50,QWEN_0397_Imagen_40,1,0.010340900160372257,qwen::Imagen-4.0,,models/v2/clip_lora_fold4_best_v1.pt,models/v2/v2_10b_h2_balanced_logreg_fold4_v1.joblib
4,jpeg_q50,QWEN_0397_Imagen_40_Ultra,1,0.0029594851657748222,qwen::Imagen-4.0-Ultra,,models/v2/clip_lora_fold4_best_v1.pt,models/v2/v2_10b_h2_balanced_logreg_fold4_v1.joblib
4,jpeg_q50,QWEN_0413_Qwen_Image_20_pro,1,0.0038683947641402483,qwen::Qwen-Image-2.0-pro,,models/v2/clip_lora_fold4_best_v1.pt,models/v2/v2_10b_h2_balanced_logreg_fold4_v1.joblib
4,jpeg_q50,QWEN_0413_Seedream_50,1,0.006566289346665144,qwen::Seedream-5.0,,models/v2/clip_lora_fold4_best_v1.pt,models/v2/v2_10b_h2_balanced_logreg_fold4_v1.joblib
4,jpeg_q50,QWEN_0413_Qwen_Image,1,0.010162288323044777,qwen::Qwen-Image,,models/v2/clip_lora_fold4_best_v1.pt,models/v2/v2_10b_h2_balanced_logreg_fold4_v1.joblib
4,jpeg_q50,QWEN_0413_Imagen_40,1,0.0046131242997944355,qwen::Imagen-4.0,,models/v2/clip_lora_fold4_best_v1.pt,models/v2/v2_10b_h2_balanced_logreg_fold4_v1.joblib
4,jpeg_q50,QWEN_0413_Imagen_40_Ultra,1,0.012332743033766747,qwen::Imagen-4.0-Ultra,,models/v2/clip_lora_fold4_best_v1.pt,models/v2/v2_10b_h2_balanced_logreg_fold4_v1.joblib
4,jpeg_q50,QWEN_0415_Qwen_Image_20_pro,1,0.07460984587669373,qwen::Qwen-Image-2.0-pro,,models/v2/clip_lora_fold4_best_v1.pt,models/v2/v2_10b_h2_balanced_logreg_fold4_v1.joblib
4,jpeg_q50,QWEN_0415_Seedream_50,1,0.043285071849823,qwen::Seedream-5.0,,models/v2/clip_lora_fold4_best_v1.pt,models/v2/v2_10b_h2_balanced_logreg_fold4_v1.joblib
4,jpeg_q50,QWEN_0415_Qwen_Image,1,0.009602402336895466,qwen::Qwen-Image,,models/v2/clip_lora_fold4_best_v1.pt,models/v2/v2_10b_h2_balanced_logreg_fold4_v1.joblib
4,jpeg_q50,QWEN_0415_Imagen_40,1,0.030235309153795242,qwen::Imagen-4.0,,models/v2/clip_lora_fold4_best_v1.pt,models/v2/v2_10b_h2_balanced_logreg_fold4_v1.joblib
4,jpeg_q50,QWEN_0415_Imagen_40_Ultra,1,0.08968664705753326,qwen::Imagen-4.0-Ultra,,models/v2/clip_lora_fold4_best_v1.pt,models/v2/v2_10b_h2_balanced_logreg_fold4_v1.joblib
4,jpeg_q50,QWEN_0420_Qwen_Image_20_pro,1,0.017632143571972847,qwen::Qwen-Image-2.0-pro,,models/v2/clip_lora_fold4_best_v1.pt,models/v2/v2_10b_h2_balanced_logreg_fold4_v1.joblib
4,jpeg_q50,QWEN_0420_Seedream_50,1,0.042728397995233536,qwen::Seedream-5.0,,models/v2/clip_lora_fold4_best_v1.pt,models/v2/v2_10b_h2_balanced_logreg_fold4_v1.joblib
4,jpeg_q50,QWEN_0420_Qwen_Image,1,0.1322246491909027,qwen::Qwen-Image,,models/v2/clip_lora_fold4_best_v1.pt,models/v2/v2_10b_h2_balanced_logreg_fold4_v1.joblib
4,jpeg_q50,QWEN_0420_Imagen_40,1,0.04079132154583931,qwen::Imagen-4.0,,models/v2/clip_lora_fold4_best_v1.pt,models/v2/v2_10b_h2_balanced_logreg_fold4_v1.joblib
4,jpeg_q50,QWEN_0420_Imagen_40_Ultra,1,0.0399831086397171,qwen::Imagen-4.0-Ultra,,models/v2/clip_lora_fold4_best_v1.pt,models/v2/v2_10b_h2_balanced_logreg_fold4_v1.joblib
4,jpeg_q50,QWEN_0423_Qwen_Image_20_pro,1,0.32731109857559204,qwen::Qwen-Image-2.0-pro,,models/v2/clip_lora_fold4_best_v1.pt,models/v2/v2_10b_h2_balanced_logreg_fold4_v1.joblib
4,jpeg_q50,QWEN_0423_Seedream_50,1,0.3075030446052551,qwen::Seedream-5.0,,models/v2/clip_lora_fold4_best_v1.pt,models/v2/v2_10b_h2_balanced_logreg_fold4_v1.joblib
4,jpeg_q50,QWEN_0423_Qwen_Image,1,0.05676005035638809,qwen::Qwen-Image,,models/v2/clip_lora_fold4_best_v1.pt,models/v2/v2_10b_h2_balanced_logreg_fold4_v1.joblib
4,jpeg_q50,QWEN_0423_Imagen_40,1,0.02003289945423603,qwen::Imagen-4.0,,models/v2/clip_lora_fold4_best_v1.pt,models/v2/v2_10b_h2_balanced_logreg_fold4_v1.joblib
4,jpeg_q50,QWEN_0423_Imagen_40_Ultra,1,0.20595689117908478,qwen::Imagen-4.0-Ultra,,models/v2/clip_lora_fold4_best_v1.pt,models/v2/v2_10b_h2_balanced_logreg_fold4_v1.joblib
4,jpeg_q50,QWEN_0430_Qwen_Image_20_pro,1,0.01835577003657818,qwen::Qwen-Image-2.0-pro,,models/v2/clip_lora_fold4_best_v1.pt,models/v2/v2_10b_h2_balanced_logreg_fold4_v1.joblib
4,jpeg_q50,QWEN_0430_Seedream_50,1,0.19299514591693878,qwen::Seedream-5.0,,models/v2/clip_lora_fold4_best_v1.pt,models/v2/v2_10b_h2_balanced_logreg_fold4_v1.joblib
4,jpeg_q50,QWEN_0430_Qwen_Image,1,0.06163656339049339,qwen::Qwen-Image,,models/v2/clip_lora_fold4_best_v1.pt,models/v2/v2_10b_h2_balanced_logreg_fold4_v1.joblib
4,jpeg_q50,QWEN_0430_Imagen_40,1,0.00974323321133852,qwen::Imagen-4.0,,models/v2/clip_lora_fold4_best_v1.pt,models/v2/v2_10b_h2_balanced_logreg_fold4_v1.joblib
4,jpeg_q50,QWEN_0430_Imagen_40_Ultra,1,0.21189111471176147,qwen::Imagen-4.0-Ultra,,models/v2/clip_lora_fold4_best_v1.pt,models/v2/v2_10b_h2_balanced_logreg_fold4_v1.joblib
4,jpeg_q50,QWEN_0432_Qwen_Image_20_pro,1,0.036312226206064224,qwen::Qwen-Image-2.0-pro,,models/v2/clip_lora_fold4_best_v1.pt,models/v2/v2_10b_h2_balanced_logreg_fold4_v1.joblib
4,jpeg_q50,QWEN_0432_Seedream_50,1,0.11280786991119385,qwen::Seedream-5.0,,models/v2/clip_lora_fold4_best_v1.pt,models/v2/v2_10b_h2_balanced_logreg_fold4_v1.joblib
4,jpeg_q50,QWEN_0432_Qwen_Image,1,0.09927503764629364,qwen::Qwen-Image,,models/v2/clip_lora_fold4_best_v1.pt,models/v2/v2_10b_h2_balanced_logreg_fold4_v1.joblib
4,jpeg_q50,QWEN_0432_Imagen_40,1,0.017530856654047966,qwen::Imagen-4.0,,models/v2/clip_lora_fold4_best_v1.pt,models/v2/v2_10b_h2_balanced_logreg_fold4_v1.joblib
4,jpeg_q50,QWEN_0432_Imagen_40_Ultra,1,0.04269733279943466,qwen::Imagen-4.0-Ultra,,models/v2/clip_lora_fold4_best_v1.pt,models/v2/v2_10b_h2_balanced_logreg_fold4_v1.joblib
4,jpeg_q50,QWEN_0446_Qwen_Image_20_pro,1,0.07709286361932755,qwen::Qwen-Image-2.0-pro,,models/v2/clip_lora_fold4_best_v1.pt,models/v2/v2_10b_h2_balanced_logreg_fold4_v1.joblib
4,jpeg_q50,QWEN_0446_Seedream_50,1,0.25574061274528503,qwen::Seedream-5.0,,models/v2/clip_lora_fold4_best_v1.pt,models/v2/v2_10b_h2_balanced_logreg_fold4_v1.joblib
4,jpeg_q50,QWEN_0446_Qwen_Image,1,0.04163658991456032,qwen::Qwen-Image,,models/v2/clip_lora_fold4_best_v1.pt,models/v2/v2_10b_h2_balanced_logreg_fold4_v1.joblib
4,jpeg_q50,QWEN_0446_Imagen_40,1,0.03301617503166199,qwen::Imagen-4.0,,models/v2/clip_lora_fold4_best_v1.pt,models/v2/v2_10b_h2_balanced_logreg_fold4_v1.joblib
4,jpeg_q50,QWEN_0446_Imagen_40_Ultra,1,0.0348183773458004,qwen::Imagen-4.0-Ultra,,models/v2/clip_lora_fold4_best_v1.pt,models/v2/v2_10b_h2_balanced_logreg_fold4_v1.joblib
4,jpeg_q50,QWEN_0451_Qwen_Image_20_pro,1,0.048735927790403366,qwen::Qwen-Image-2.0-pro,,models/v2/clip_lora_fold4_best_v1.pt,models/v2/v2_10b_h2_balanced_logreg_fold4_v1.joblib
4,jpeg_q50,QWEN_0451_Seedream_50,1,0.1345270276069641,qwen::Seedream-5.0,,models/v2/clip_lora_fold4_best_v1.pt,models/v2/v2_10b_h2_balanced_logreg_fold4_v1.joblib
4,jpeg_q50,QWEN_0451_Qwen_Image,1,0.00947645679116249,qwen::Qwen-Image,,models/v2/clip_lora_fold4_best_v1.pt,models/v2/v2_10b_h2_balanced_logreg_fold4_v1.joblib
4,jpeg_q50,QWEN_0451_Imagen_40,1,0.28884559869766235,qwen::Imagen-4.0,,models/v2/clip_lora_fold4_best_v1.pt,models/v2/v2_10b_h2_balanced_logreg_fold4_v1.joblib
4,jpeg_q50,QWEN_0451_Imagen_40_Ultra,1,0.04138724505901337,qwen::Imagen-4.0-Ultra,,models/v2/clip_lora_fold4_best_v1.pt,models/v2/v2_10b_h2_balanced_logreg_fold4_v1.joblib
4,jpeg_q50,QWEN_0456_Qwen_Image_20_pro,1,0.20044124126434326,qwen::Qwen-Image-2.0-pro,,models/v2/clip_lora_fold4_best_v1.pt,models/v2/v2_10b_h2_balanced_logreg_fold4_v1.joblib
4,jpeg_q50,QWEN_0456_Seedream_50,1,0.22453610599040985,qwen::Seedream-5.0,,models/v2/clip_lora_fold4_best_v1.pt,models/v2/v2_10b_h2_balanced_logreg_fold4_v1.joblib
4,jpeg_q50,QWEN_0456_Qwen_Image,1,0.024955345317721367,qwen::Qwen-Image,,models/v2/clip_lora_fold4_best_v1.pt,models/v2/v2_10b_h2_balanced_logreg_fold4_v1.joblib
4,jpeg_q50,QWEN_0456_Imagen_40,1,0.17088891565799713,qwen::Imagen-4.0,,models/v2/clip_lora_fold4_best_v1.pt,models/v2/v2_10b_h2_balanced_logreg_fold4_v1.joblib
4,jpeg_q50,QWEN_0456_Imagen_40_Ultra,1,0.016622498631477356,qwen::Imagen-4.0-Ultra,,models/v2/clip_lora_fold4_best_v1.pt,models/v2/v2_10b_h2_balanced_logreg_fold4_v1.joblib
4,jpeg_q50,QWEN_0461_Qwen_Image_20_pro,1,0.002148902276530862,qwen::Qwen-Image-2.0-pro,,models/v2/clip_lora_fold4_best_v1.pt,models/v2/v2_10b_h2_balanced_logreg_fold4_v1.joblib
4,jpeg_q50,QWEN_0461_Seedream_50,1,0.006387561094015837,qwen::Seedream-5.0,,models/v2/clip_lora_fold4_best_v1.pt,models/v2/v2_10b_h2_balanced_logreg_fold4_v1.joblib
4,jpeg_q50,QWEN_0461_Qwen_Image,1,0.01962348073720932,qwen::Qwen-Image,,models/v2/clip_lora_fold4_best_v1.pt,models/v2/v2_10b_h2_balanced_logreg_fold4_v1.joblib
4,jpeg_q50,QWEN_0461_Imagen_40,1,0.005499626509845257,qwen::Imagen-4.0,,models/v2/clip_lora_fold4_best_v1.pt,models/v2/v2_10b_h2_balanced_logreg_fold4_v1.joblib
4,jpeg_q50,QWEN_0461_Imagen_40_Ultra,1,0.005669351667165756,qwen::Imagen-4.0-Ultra,,models/v2/clip_lora_fold4_best_v1.pt,models/v2/v2_10b_h2_balanced_logreg_fold4_v1.joblib
4,jpeg_q50,QWEN_0465_Qwen_Image_20_pro,1,0.004319639876484871,qwen::Qwen-Image-2.0-pro,,models/v2/clip_lora_fold4_best_v1.pt,models/v2/v2_10b_h2_balanced_logreg_fold4_v1.joblib
4,jpeg_q50,QWEN_0465_Seedream_50,1,0.0026906083803623915,qwen::Seedream-5.0,,models/v2/clip_lora_fold4_best_v1.pt,models/v2/v2_10b_h2_balanced_logreg_fold4_v1.joblib
4,jpeg_q50,QWEN_0465_Qwen_Image,1,0.002626321278512478,qwen::Qwen-Image,,models/v2/clip_lora_fold4_best_v1.pt,models/v2/v2_10b_h2_balanced_logreg_fold4_v1.joblib
4,jpeg_q50,QWEN_0465_Imagen_40,1,0.008067972958087921,qwen::Imagen-4.0,,models/v2/clip_lora_fold4_best_v1.pt,models/v2/v2_10b_h2_balanced_logreg_fold4_v1.joblib
4,jpeg_q50,QWEN_0465_Imagen_40_Ultra,1,0.009190740995109081,qwen::Imagen-4.0-Ultra,,models/v2/clip_lora_fold4_best_v1.pt,models/v2/v2_10b_h2_balanced_logreg_fold4_v1.joblib
4,jpeg_q50,QWEN_0471_Qwen_Image_20_pro,1,0.000809510936960578,qwen::Qwen-Image-2.0-pro,,models/v2/clip_lora_fold4_best_v1.pt,models/v2/v2_10b_h2_balanced_logreg_fold4_v1.joblib
4,jpeg_q50,QWEN_0471_Seedream_50,1,0.0022622556425631046,qwen::Seedream-5.0,,models/v2/clip_lora_fold4_best_v1.pt,models/v2/v2_10b_h2_balanced_logreg_fold4_v1.joblib
4,jpeg_q50,QWEN_0471_Qwen_Image,1,0.0010119543876498938,qwen::Qwen-Image,,models/v2/clip_lora_fold4_best_v1.pt,models/v2/v2_10b_h2_balanced_logreg_fold4_v1.joblib
4,jpeg_q50,QWEN_0471_Imagen_40,1,0.0013031542766839266,qwen::Imagen-4.0,,models/v2/clip_lora_fold4_best_v1.pt,models/v2/v2_10b_h2_balanced_logreg_fold4_v1.joblib
4,jpeg_q50,QWEN_0471_Imagen_40_Ultra,1,0.001791244139894843,qwen::Imagen-4.0-Ultra,,models/v2/clip_lora_fold4_best_v1.pt,models/v2/v2_10b_h2_balanced_logreg_fold4_v1.joblib
4,jpeg_q50,QWEN_0476_Qwen_Image_20_pro,1,0.001580636017024517,qwen::Qwen-Image-2.0-pro,,models/v2/clip_lora_fold4_best_v1.pt,models/v2/v2_10b_h2_balanced_logreg_fold4_v1.joblib
4,jpeg_q50,QWEN_0476_Seedream_50,1,0.007586734835058451,qwen::Seedream-5.0,,models/v2/clip_lora_fold4_best_v1.pt,models/v2/v2_10b_h2_balanced_logreg_fold4_v1.joblib
4,jpeg_q50,QWEN_0476_Qwen_Image,1,0.0012432661605998874,qwen::Qwen-Image,,models/v2/clip_lora_fold4_best_v1.pt,models/v2/v2_10b_h2_balanced_logreg_fold4_v1.joblib
4,jpeg_q50,QWEN_0476_Imagen_40,1,0.004076699260622263,qwen::Imagen-4.0,,models/v2/clip_lora_fold4_best_v1.pt,models/v2/v2_10b_h2_balanced_logreg_fold4_v1.joblib
4,jpeg_q50,QWEN_0476_Imagen_40_Ultra,1,0.0038280149456113577,qwen::Imagen-4.0-Ultra,,models/v2/clip_lora_fold4_best_v1.pt,models/v2/v2_10b_h2_balanced_logreg_fold4_v1.joblib
4,jpeg_q50,QWEN_0480_Qwen_Image_20_pro,1,0.001440997701138258,qwen::Qwen-Image-2.0-pro,,models/v2/clip_lora_fold4_best_v1.pt,models/v2/v2_10b_h2_balanced_logreg_fold4_v1.joblib
4,jpeg_q50,QWEN_0480_Seedream_50,1,0.0022153870668262243,qwen::Seedream-5.0,,models/v2/clip_lora_fold4_best_v1.pt,models/v2/v2_10b_h2_balanced_logreg_fold4_v1.joblib
4,jpeg_q50,QWEN_0480_Qwen_Image,1,0.0016969408607110381,qwen::Qwen-Image,,models/v2/clip_lora_fold4_best_v1.pt,models/v2/v2_10b_h2_balanced_logreg_fold4_v1.joblib
4,jpeg_q50,QWEN_0480_Imagen_40,1,0.0011148677440360188,qwen::Imagen-4.0,,models/v2/clip_lora_fold4_best_v1.pt,models/v2/v2_10b_h2_balanced_logreg_fold4_v1.joblib
4,jpeg_q50,QWEN_0480_Imagen_40_Ultra,1,0.002208883874118328,qwen::Imagen-4.0-Ultra,,models/v2/clip_lora_fold4_best_v1.pt,models/v2/v2_10b_h2_balanced_logreg_fold4_v1.joblib
4,jpeg_q50,QWEN_0507_Qwen_Image_20_pro,1,0.005029561463743448,qwen::Qwen-Image-2.0-pro,,models/v2/clip_lora_fold4_best_v1.pt,models/v2/v2_10b_h2_balanced_logreg_fold4_v1.joblib
4,jpeg_q50,QWEN_0507_Seedream_50,1,0.0036832846235483885,qwen::Seedream-5.0,,models/v2/clip_lora_fold4_best_v1.pt,models/v2/v2_10b_h2_balanced_logreg_fold4_v1.joblib
4,jpeg_q50,QWEN_0507_Qwen_Image,1,0.004110411275178194,qwen::Qwen-Image,,models/v2/clip_lora_fold4_best_v1.pt,models/v2/v2_10b_h2_balanced_logreg_fold4_v1.joblib
4,jpeg_q50,QWEN_0507_Imagen_40,1,0.08648882061243057,qwen::Imagen-4.0,,models/v2/clip_lora_fold4_best_v1.pt,models/v2/v2_10b_h2_balanced_logreg_fold4_v1.joblib
4,jpeg_q50,QWEN_0507_Imagen_40_Ultra,1,0.030528299510478973,qwen::Imagen-4.0-Ultra,,models/v2/clip_lora_fold4_best_v1.pt,models/v2/v2_10b_h2_balanced_logreg_fold4_v1.joblib
4,jpeg_q50,QWEN_0518_Qwen_Image_20_pro,1,0.008030440658330917,qwen::Qwen-Image-2.0-pro,,models/v2/clip_lora_fold4_best_v1.pt,models/v2/v2_10b_h2_balanced_logreg_fold4_v1.joblib
4,jpeg_q50,QWEN_0518_Seedream_50,1,0.05336730554699898,qwen::Seedream-5.0,,models/v2/clip_lora_fold4_best_v1.pt,models/v2/v2_10b_h2_balanced_logreg_fold4_v1.joblib
4,jpeg_q50,QWEN_0518_Qwen_Image,1,0.010033207014203072,qwen::Qwen-Image,,models/v2/clip_lora_fold4_best_v1.pt,models/v2/v2_10b_h2_balanced_logreg_fold4_v1.joblib
4,jpeg_q50,QWEN_0518_Imagen_40,1,0.14237725734710693,qwen::Imagen-4.0,,models/v2/clip_lora_fold4_best_v1.pt,models/v2/v2_10b_h2_balanced_logreg_fold4_v1.joblib
4,jpeg_q50,QWEN_0518_Imagen_40_Ultra,1,0.07430436462163925,qwen::Imagen-4.0-Ultra,,models/v2/clip_lora_fold4_best_v1.pt,models/v2/v2_10b_h2_balanced_logreg_fold4_v1.joblib
4,jpeg_q50,QWEN_0524_Qwen_Image_20_pro,1,0.05275603011250496,qwen::Qwen-Image-2.0-pro,,models/v2/clip_lora_fold4_best_v1.pt,models/v2/v2_10b_h2_balanced_logreg_fold4_v1.joblib
4,jpeg_q50,QWEN_0524_Seedream_50,1,0.06852938234806061,qwen::Seedream-5.0,,models/v2/clip_lora_fold4_best_v1.pt,models/v2/v2_10b_h2_balanced_logreg_fold4_v1.joblib
4,jpeg_q50,QWEN_0524_Qwen_Image,1,0.032673779875040054,qwen::Qwen-Image,,models/v2/clip_lora_fold4_best_v1.pt,models/v2/v2_10b_h2_balanced_logreg_fold4_v1.joblib
4,jpeg_q50,QWEN_0524_Imagen_40,1,0.02306916005909443,qwen::Imagen-4.0,,models/v2/clip_lora_fold4_best_v1.pt,models/v2/v2_10b_h2_balanced_logreg_fold4_v1.joblib
4,jpeg_q50,QWEN_0524_Imagen_40_Ultra,1,0.0021080400329083204,qwen::Imagen-4.0-Ultra,,models/v2/clip_lora_fold4_best_v1.pt,models/v2/v2_10b_h2_balanced_logreg_fold4_v1.joblib
4,jpeg_q50,QWEN_0553_Qwen_Image_20_pro,1,0.013176077976822853,qwen::Qwen-Image-2.0-pro,,models/v2/clip_lora_fold4_best_v1.pt,models/v2/v2_10b_h2_balanced_logreg_fold4_v1.joblib
4,jpeg_q50,QWEN_0553_Seedream_50,1,0.06310567259788513,qwen::Seedream-5.0,,models/v2/clip_lora_fold4_best_v1.pt,models/v2/v2_10b_h2_balanced_logreg_fold4_v1.joblib
4,jpeg_q50,QWEN_0553_Qwen_Image,1,0.00993269495666027,qwen::Qwen-Image,,models/v2/clip_lora_fold4_best_v1.pt,models/v2/v2_10b_h2_balanced_logreg_fold4_v1.joblib
4,jpeg_q50,QWEN_0553_Imagen_40,1,0.009247016161680222,qwen::Imagen-4.0,,models/v2/clip_lora_fold4_best_v1.pt,models/v2/v2_10b_h2_balanced_logreg_fold4_v1.joblib
4,jpeg_q50,QWEN_0553_Imagen_40_Ultra,1,0.018311135470867157,qwen::Imagen-4.0-Ultra,,models/v2/clip_lora_fold4_best_v1.pt,models/v2/v2_10b_h2_balanced_logreg_fold4_v1.joblib
4,jpeg_q50,QWEN_0592_Qwen_Image_20_pro,1,0.002131708897650242,qwen::Qwen-Image-2.0-pro,,models/v2/clip_lora_fold4_best_v1.pt,models/v2/v2_10b_h2_balanced_logreg_fold4_v1.joblib
4,jpeg_q50,QWEN_0592_Seedream_50,1,0.010532137006521225,qwen::Seedream-5.0,,models/v2/clip_lora_fold4_best_v1.pt,models/v2/v2_10b_h2_balanced_logreg_fold4_v1.joblib
4,jpeg_q50,QWEN_0592_Qwen_Image,1,0.006020955741405487,qwen::Qwen-Image,,models/v2/clip_lora_fold4_best_v1.pt,models/v2/v2_10b_h2_balanced_logreg_fold4_v1.joblib
4,jpeg_q50,QWEN_0592_Imagen_40,1,0.01125133316963911,qwen::Imagen-4.0,,models/v2/clip_lora_fold4_best_v1.pt,models/v2/v2_10b_h2_balanced_logreg_fold4_v1.joblib
4,jpeg_q50,QWEN_0592_Imagen_40_Ultra,1,0.01898912712931633,qwen::Imagen-4.0-Ultra,,models/v2/clip_lora_fold4_best_v1.pt,models/v2/v2_10b_h2_balanced_logreg_fold4_v1.joblib
4,jpeg_q50,QWEN_0594_Qwen_Image_20_pro,1,0.0021880215499550104,qwen::Qwen-Image-2.0-pro,,models/v2/clip_lora_fold4_best_v1.pt,models/v2/v2_10b_h2_balanced_logreg_fold4_v1.joblib
4,jpeg_q50,QWEN_0594_Seedream_50,1,0.004410094581544399,qwen::Seedream-5.0,,models/v2/clip_lora_fold4_best_v1.pt,models/v2/v2_10b_h2_balanced_logreg_fold4_v1.joblib
4,jpeg_q50,QWEN_0594_Qwen_Image,1,0.017218997702002525,qwen::Qwen-Image,,models/v2/clip_lora_fold4_best_v1.pt,models/v2/v2_10b_h2_balanced_logreg_fold4_v1.joblib
4,jpeg_q50,QWEN_0594_Imagen_40,1,0.0038234011735767126,qwen::Imagen-4.0,,models/v2/clip_lora_fold4_best_v1.pt,models/v2/v2_10b_h2_balanced_logreg_fold4_v1.joblib
4,jpeg_q50,QWEN_0594_Imagen_40_Ultra,1,0.007220171391963959,qwen::Imagen-4.0-Ultra,,models/v2/clip_lora_fold4_best_v1.pt,models/v2/v2_10b_h2_balanced_logreg_fold4_v1.joblib
4,jpeg_q50,QWEN_0597_Qwen_Image_20_pro,1,0.017718877643346786,qwen::Qwen-Image-2.0-pro,,models/v2/clip_lora_fold4_best_v1.pt,models/v2/v2_10b_h2_balanced_logreg_fold4_v1.joblib
4,jpeg_q50,QWEN_0597_Seedream_50,1,0.00930497795343399,qwen::Seedream-5.0,,models/v2/clip_lora_fold4_best_v1.pt,models/v2/v2_10b_h2_balanced_logreg_fold4_v1.joblib
4,jpeg_q50,QWEN_0597_Qwen_Image,1,0.0035955323837697506,qwen::Qwen-Image,,models/v2/clip_lora_fold4_best_v1.pt,models/v2/v2_10b_h2_balanced_logreg_fold4_v1.joblib
4,jpeg_q50,QWEN_0597_Imagen_40,1,0.009883503429591656,qwen::Imagen-4.0,,models/v2/clip_lora_fold4_best_v1.pt,models/v2/v2_10b_h2_balanced_logreg_fold4_v1.joblib
4,jpeg_q50,QWEN_0597_Imagen_40_Ultra,1,0.018253665417432785,qwen::Imagen-4.0-Ultra,,models/v2/clip_lora_fold4_best_v1.pt,models/v2/v2_10b_h2_balanced_logreg_fold4_v1.joblib
4,jpeg_q50,QWEN_0621_Qwen_Image_20_pro,1,0.01925918646156788,qwen::Qwen-Image-2.0-pro,,models/v2/clip_lora_fold4_best_v1.pt,models/v2/v2_10b_h2_balanced_logreg_fold4_v1.joblib
4,jpeg_q50,QWEN_0621_Seedream_50,1,0.07677776366472244,qwen::Seedream-5.0,,models/v2/clip_lora_fold4_best_v1.pt,models/v2/v2_10b_h2_balanced_logreg_fold4_v1.joblib
4,jpeg_q50,QWEN_0621_Qwen_Image,1,0.011466499418020248,qwen::Qwen-Image,,models/v2/clip_lora_fold4_best_v1.pt,models/v2/v2_10b_h2_balanced_logreg_fold4_v1.joblib
4,jpeg_q50,QWEN_0621_Imagen_40,1,0.009511136449873447,qwen::Imagen-4.0,,models/v2/clip_lora_fold4_best_v1.pt,models/v2/v2_10b_h2_balanced_logreg_fold4_v1.joblib
4,jpeg_q50,QWEN_0621_Imagen_40_Ultra,1,0.06282910704612732,qwen::Imagen-4.0-Ultra,,models/v2/clip_lora_fold4_best_v1.pt,models/v2/v2_10b_h2_balanced_logreg_fold4_v1.joblib
4,jpeg_q50,QWEN_0634_Qwen_Image_20_pro,1,0.012521226890385151,qwen::Qwen-Image-2.0-pro,,models/v2/clip_lora_fold4_best_v1.pt,models/v2/v2_10b_h2_balanced_logreg_fold4_v1.joblib
4,jpeg_q50,QWEN_0634_Seedream_50,1,0.19961993396282196,qwen::Seedream-5.0,,models/v2/clip_lora_fold4_best_v1.pt,models/v2/v2_10b_h2_balanced_logreg_fold4_v1.joblib
4,jpeg_q50,QWEN_0634_Qwen_Image,1,0.19947180151939392,qwen::Qwen-Image,,models/v2/clip_lora_fold4_best_v1.pt,models/v2/v2_10b_h2_balanced_logreg_fold4_v1.joblib
4,jpeg_q50,QWEN_0634_Imagen_40,1,0.18656259775161743,qwen::Imagen-4.0,,models/v2/clip_lora_fold4_best_v1.pt,models/v2/v2_10b_h2_balanced_logreg_fold4_v1.joblib
4,jpeg_q50,QWEN_0634_Imagen_40_Ultra,1,0.05241059139370918,qwen::Imagen-4.0-Ultra,,models/v2/clip_lora_fold4_best_v1.pt,models/v2/v2_10b_h2_balanced_logreg_fold4_v1.joblib
4,jpeg_q50,QWEN_0637_Qwen_Image_20_pro,1,0.21625469624996185,qwen::Qwen-Image-2.0-pro,,models/v2/clip_lora_fold4_best_v1.pt,models/v2/v2_10b_h2_balanced_logreg_fold4_v1.joblib
4,jpeg_q50,QWEN_0637_Seedream_50,1,0.17364566028118134,qwen::Seedream-5.0,,models/v2/clip_lora_fold4_best_v1.pt,models/v2/v2_10b_h2_balanced_logreg_fold4_v1.joblib
4,jpeg_q50,QWEN_0637_Qwen_Image,1,0.09289028495550156,qwen::Qwen-Image,,models/v2/clip_lora_fold4_best_v1.pt,models/v2/v2_10b_h2_balanced_logreg_fold4_v1.joblib
4,jpeg_q50,QWEN_0637_Imagen_40,1,0.4625052809715271,qwen::Imagen-4.0,,models/v2/clip_lora_fold4_best_v1.pt,models/v2/v2_10b_h2_balanced_logreg_fold4_v1.joblib
4,jpeg_q50,QWEN_0637_Imagen_40_Ultra,1,0.6021762490272522,qwen::Imagen-4.0-Ultra,,models/v2/clip_lora_fold4_best_v1.pt,models/v2/v2_10b_h2_balanced_logreg_fold4_v1.joblib
4,jpeg_q50,QWEN_0644_Qwen_Image_20_pro,1,0.2640921473503113,qwen::Qwen-Image-2.0-pro,,models/v2/clip_lora_fold4_best_v1.pt,models/v2/v2_10b_h2_balanced_logreg_fold4_v1.joblib
4,jpeg_q50,QWEN_0644_Seedream_50,1,0.13940434157848358,qwen::Seedream-5.0,,models/v2/clip_lora_fold4_best_v1.pt,models/v2/v2_10b_h2_balanced_logreg_fold4_v1.joblib
4,jpeg_q50,QWEN_0644_Qwen_Image,1,0.09940172731876373,qwen::Qwen-Image,,models/v2/clip_lora_fold4_best_v1.pt,models/v2/v2_10b_h2_balanced_logreg_fold4_v1.joblib
4,jpeg_q50,QWEN_0644_Imagen_40,1,0.05736343190073967,qwen::Imagen-4.0,,models/v2/clip_lora_fold4_best_v1.pt,models/v2/v2_10b_h2_balanced_logreg_fold4_v1.joblib
4,jpeg_q50,QWEN_0644_Imagen_40_Ultra,1,0.09094405174255371,qwen::Imagen-4.0-Ultra,,models/v2/clip_lora_fold4_best_v1.pt,models/v2/v2_10b_h2_balanced_logreg_fold4_v1.joblib
4,jpeg_q50,QWEN_0656_Qwen_Image_20_pro,1,0.04503196105360985,qwen::Qwen-Image-2.0-pro,,models/v2/clip_lora_fold4_best_v1.pt,models/v2/v2_10b_h2_balanced_logreg_fold4_v1.joblib
4,jpeg_q50,QWEN_0656_Seedream_50,1,0.02227764204144478,qwen::Seedream-5.0,,models/v2/clip_lora_fold4_best_v1.pt,models/v2/v2_10b_h2_balanced_logreg_fold4_v1.joblib
4,jpeg_q50,QWEN_0656_Qwen_Image,1,0.020291291177272797,qwen::Qwen-Image,,models/v2/clip_lora_fold4_best_v1.pt,models/v2/v2_10b_h2_balanced_logreg_fold4_v1.joblib
4,jpeg_q50,QWEN_0656_Imagen_40,1,0.010616088286042213,qwen::Imagen-4.0,,models/v2/clip_lora_fold4_best_v1.pt,models/v2/v2_10b_h2_balanced_logreg_fold4_v1.joblib
4,jpeg_q50,QWEN_0656_Imagen_40_Ultra,1,0.03377916291356087,qwen::Imagen-4.0-Ultra,,models/v2/clip_lora_fold4_best_v1.pt,models/v2/v2_10b_h2_balanced_logreg_fold4_v1.joblib
4,jpeg_q50,QWEN_0657_Qwen_Image_20_pro,1,0.022504903376102448,qwen::Qwen-Image-2.0-pro,,models/v2/clip_lora_fold4_best_v1.pt,models/v2/v2_10b_h2_balanced_logreg_fold4_v1.joblib
4,jpeg_q50,QWEN_0657_Seedream_50,1,0.017858436331152916,qwen::Seedream-5.0,,models/v2/clip_lora_fold4_best_v1.pt,models/v2/v2_10b_h2_balanced_logreg_fold4_v1.joblib
4,jpeg_q50,QWEN_0657_Qwen_Image,1,0.03385484963655472,qwen::Qwen-Image,,models/v2/clip_lora_fold4_best_v1.pt,models/v2/v2_10b_h2_balanced_logreg_fold4_v1.joblib
4,jpeg_q50,QWEN_0657_Imagen_40,1,0.08637390285730362,qwen::Imagen-4.0,,models/v2/clip_lora_fold4_best_v1.pt,models/v2/v2_10b_h2_balanced_logreg_fold4_v1.joblib
4,jpeg_q50,QWEN_0657_Imagen_40_Ultra,1,0.08119845390319824,qwen::Imagen-4.0-Ultra,,models/v2/clip_lora_fold4_best_v1.pt,models/v2/v2_10b_h2_balanced_logreg_fold4_v1.joblib
4,jpeg_q50,QWEN_0661_Qwen_Image_20_pro,1,0.2520015239715576,qwen::Qwen-Image-2.0-pro,,models/v2/clip_lora_fold4_best_v1.pt,models/v2/v2_10b_h2_balanced_logreg_fold4_v1.joblib
4,jpeg_q50,QWEN_0661_Seedream_50,1,0.32606300711631775,qwen::Seedream-5.0,,models/v2/clip_lora_fold4_best_v1.pt,models/v2/v2_10b_h2_balanced_logreg_fold4_v1.joblib
4,jpeg_q50,QWEN_0661_Qwen_Image,1,0.014554264955222607,qwen::Qwen-Image,,models/v2/clip_lora_fold4_best_v1.pt,models/v2/v2_10b_h2_balanced_logreg_fold4_v1.joblib
4,jpeg_q50,QWEN_0661_Imagen_40,1,0.18817394971847534,qwen::Imagen-4.0,,models/v2/clip_lora_fold4_best_v1.pt,models/v2/v2_10b_h2_balanced_logreg_fold4_v1.joblib
4,jpeg_q50,QWEN_0661_Imagen_40_Ultra,1,0.20692113041877747,qwen::Imagen-4.0-Ultra,,models/v2/clip_lora_fold4_best_v1.pt,models/v2/v2_10b_h2_balanced_logreg_fold4_v1.joblib
4,jpeg_q50,QWEN_0670_Qwen_Image_20_pro,1,0.005039990413933992,qwen::Qwen-Image-2.0-pro,,models/v2/clip_lora_fold4_best_v1.pt,models/v2/v2_10b_h2_balanced_logreg_fold4_v1.joblib
4,jpeg_q50,QWEN_0670_Seedream_50,1,0.018041949719190598,qwen::Seedream-5.0,,models/v2/clip_lora_fold4_best_v1.pt,models/v2/v2_10b_h2_balanced_logreg_fold4_v1.joblib
4,jpeg_q50,QWEN_0670_Qwen_Image,1,0.00800259318202734,qwen::Qwen-Image,,models/v2/clip_lora_fold4_best_v1.pt,models/v2/v2_10b_h2_balanced_logreg_fold4_v1.joblib
4,jpeg_q50,QWEN_0670_Imagen_40,1,0.05358315631747246,qwen::Imagen-4.0,,models/v2/clip_lora_fold4_best_v1.pt,models/v2/v2_10b_h2_balanced_logreg_fold4_v1.joblib
4,jpeg_q50,QWEN_0670_Imagen_40_Ultra,1,0.0077919671311974525,qwen::Imagen-4.0-Ultra,,models/v2/clip_lora_fold4_best_v1.pt,models/v2/v2_10b_h2_balanced_logreg_fold4_v1.joblib
4,jpeg_q50,QWEN_0672_Qwen_Image_20_pro,1,0.00882975198328495,qwen::Qwen-Image-2.0-pro,,models/v2/clip_lora_fold4_best_v1.pt,models/v2/v2_10b_h2_balanced_logreg_fold4_v1.joblib
4,jpeg_q50,QWEN_0672_Seedream_50,1,0.012958877719938755,qwen::Seedream-5.0,,models/v2/clip_lora_fold4_best_v1.pt,models/v2/v2_10b_h2_balanced_logreg_fold4_v1.joblib
4,jpeg_q50,QWEN_0672_Qwen_Image,1,0.00873252097517252,qwen::Qwen-Image,,models/v2/clip_lora_fold4_best_v1.pt,models/v2/v2_10b_h2_balanced_logreg_fold4_v1.joblib
4,jpeg_q50,QWEN_0672_Imagen_40,1,0.004309856332838535,qwen::Imagen-4.0,,models/v2/clip_lora_fold4_best_v1.pt,models/v2/v2_10b_h2_balanced_logreg_fold4_v1.joblib
4,jpeg_q50,QWEN_0672_Imagen_40_Ultra,1,0.05398509278893471,qwen::Imagen-4.0-Ultra,,models/v2/clip_lora_fold4_best_v1.pt,models/v2/v2_10b_h2_balanced_logreg_fold4_v1.joblib
4,jpeg_q50,QWEN_0682_Qwen_Image_20_pro,1,0.020207224413752556,qwen::Qwen-Image-2.0-pro,,models/v2/clip_lora_fold4_best_v1.pt,models/v2/v2_10b_h2_balanced_logreg_fold4_v1.joblib
4,jpeg_q50,QWEN_0682_Seedream_50,1,0.019153496250510216,qwen::Seedream-5.0,,models/v2/clip_lora_fold4_best_v1.pt,models/v2/v2_10b_h2_balanced_logreg_fold4_v1.joblib
4,jpeg_q50,QWEN_0682_Qwen_Image,1,0.0014367691474035382,qwen::Qwen-Image,,models/v2/clip_lora_fold4_best_v1.pt,models/v2/v2_10b_h2_balanced_logreg_fold4_v1.joblib
4,jpeg_q50,QWEN_0682_Imagen_40,1,0.014931702986359596,qwen::Imagen-4.0,,models/v2/clip_lora_fold4_best_v1.pt,models/v2/v2_10b_h2_balanced_logreg_fold4_v1.joblib
4,jpeg_q50,QWEN_0682_Imagen_40_Ultra,1,0.009331420063972473,qwen::Imagen-4.0-Ultra,,models/v2/clip_lora_fold4_best_v1.pt,models/v2/v2_10b_h2_balanced_logreg_fold4_v1.joblib
4,jpeg_q50,QWEN_0691_Qwen_Image_20_pro,1,0.006232286803424358,qwen::Qwen-Image-2.0-pro,,models/v2/clip_lora_fold4_best_v1.pt,models/v2/v2_10b_h2_balanced_logreg_fold4_v1.joblib
4,jpeg_q50,QWEN_0691_Seedream_50,1,0.0033152448013424873,qwen::Seedream-5.0,,models/v2/clip_lora_fold4_best_v1.pt,models/v2/v2_10b_h2_balanced_logreg_fold4_v1.joblib
4,jpeg_q50,QWEN_0691_Qwen_Image,1,0.005706656724214554,qwen::Qwen-Image,,models/v2/clip_lora_fold4_best_v1.pt,models/v2/v2_10b_h2_balanced_logreg_fold4_v1.joblib
4,jpeg_q50,QWEN_0691_Imagen_40,1,0.015193771570920944,qwen::Imagen-4.0,,models/v2/clip_lora_fold4_best_v1.pt,models/v2/v2_10b_h2_balanced_logreg_fold4_v1.joblib
4,jpeg_q50,QWEN_0691_Imagen_40_Ultra,1,0.028026003390550613,qwen::Imagen-4.0-Ultra,,models/v2/clip_lora_fold4_best_v1.pt,models/v2/v2_10b_h2_balanced_logreg_fold4_v1.joblib
4,jpeg_q50,QWEN_0696_Qwen_Image_20_pro,1,0.051188401877880096,qwen::Qwen-Image-2.0-pro,,models/v2/clip_lora_fold4_best_v1.pt,models/v2/v2_10b_h2_balanced_logreg_fold4_v1.joblib
4,jpeg_q50,QWEN_0696_Seedream_50,1,0.014994409866631031,qwen::Seedream-5.0,,models/v2/clip_lora_fold4_best_v1.pt,models/v2/v2_10b_h2_balanced_logreg_fold4_v1.joblib
4,jpeg_q50,QWEN_0696_Qwen_Image,1,0.05985105410218239,qwen::Qwen-Image,,models/v2/clip_lora_fold4_best_v1.pt,models/v2/v2_10b_h2_balanced_logreg_fold4_v1.joblib
4,jpeg_q50,QWEN_0696_Imagen_40,1,0.13712888956069946,qwen::Imagen-4.0,,models/v2/clip_lora_fold4_best_v1.pt,models/v2/v2_10b_h2_balanced_logreg_fold4_v1.joblib
4,jpeg_q50,QWEN_0696_Imagen_40_Ultra,1,0.049774542450904846,qwen::Imagen-4.0-Ultra,,models/v2/clip_lora_fold4_best_v1.pt,models/v2/v2_10b_h2_balanced_logreg_fold4_v1.joblib
4,jpeg_q50,QWEN_0699_Qwen_Image_20_pro,1,0.0063057453371584415,qwen::Qwen-Image-2.0-pro,,models/v2/clip_lora_fold4_best_v1.pt,models/v2/v2_10b_h2_balanced_logreg_fold4_v1.joblib
4,jpeg_q50,QWEN_0699_Seedream_50,1,0.007446829229593277,qwen::Seedream-5.0,,models/v2/clip_lora_fold4_best_v1.pt,models/v2/v2_10b_h2_balanced_logreg_fold4_v1.joblib
4,jpeg_q50,QWEN_0699_Qwen_Image,1,0.0031373894307762384,qwen::Qwen-Image,,models/v2/clip_lora_fold4_best_v1.pt,models/v2/v2_10b_h2_balanced_logreg_fold4_v1.joblib
4,jpeg_q50,QWEN_0699_Imagen_40,1,0.03217998147010803,qwen::Imagen-4.0,,models/v2/clip_lora_fold4_best_v1.pt,models/v2/v2_10b_h2_balanced_logreg_fold4_v1.joblib
4,jpeg_q50,QWEN_0699_Imagen_40_Ultra,1,0.031196914613246918,qwen::Imagen-4.0-Ultra,,models/v2/clip_lora_fold4_best_v1.pt,models/v2/v2_10b_h2_balanced_logreg_fold4_v1.joblib
4,jpeg_q50,QWEN_0713_Qwen_Image_20_pro,1,0.009495408274233341,qwen::Qwen-Image-2.0-pro,,models/v2/clip_lora_fold4_best_v1.pt,models/v2/v2_10b_h2_balanced_logreg_fold4_v1.joblib
4,jpeg_q50,QWEN_0713_Seedream_50,1,0.021836310625076294,qwen::Seedream-5.0,,models/v2/clip_lora_fold4_best_v1.pt,models/v2/v2_10b_h2_balanced_logreg_fold4_v1.joblib
4,jpeg_q50,QWEN_0713_Qwen_Image,1,0.004477671813219786,qwen::Qwen-Image,,models/v2/clip_lora_fold4_best_v1.pt,models/v2/v2_10b_h2_balanced_logreg_fold4_v1.joblib
4,jpeg_q50,QWEN_0713_Imagen_40,1,0.008498234674334526,qwen::Imagen-4.0,,models/v2/clip_lora_fold4_best_v1.pt,models/v2/v2_10b_h2_balanced_logreg_fold4_v1.joblib
4,jpeg_q50,QWEN_0713_Imagen_40_Ultra,1,0.014796712435781956,qwen::Imagen-4.0-Ultra,,models/v2/clip_lora_fold4_best_v1.pt,models/v2/v2_10b_h2_balanced_logreg_fold4_v1.joblib
4,jpeg_q50,QWEN_0715_Qwen_Image_20_pro,1,0.24077072739601135,qwen::Qwen-Image-2.0-pro,,models/v2/clip_lora_fold4_best_v1.pt,models/v2/v2_10b_h2_balanced_logreg_fold4_v1.joblib
4,jpeg_q50,QWEN_0715_Seedream_50,1,0.08393365889787674,qwen::Seedream-5.0,,models/v2/clip_lora_fold4_best_v1.pt,models/v2/v2_10b_h2_balanced_logreg_fold4_v1.joblib
4,jpeg_q50,QWEN_0715_Qwen_Image,1,0.21338282525539398,qwen::Qwen-Image,,models/v2/clip_lora_fold4_best_v1.pt,models/v2/v2_10b_h2_balanced_logreg_fold4_v1.joblib
4,jpeg_q50,QWEN_0715_Imagen_40,1,0.18084758520126343,qwen::Imagen-4.0,,models/v2/clip_lora_fold4_best_v1.pt,models/v2/v2_10b_h2_balanced_logreg_fold4_v1.joblib
4,jpeg_q50,QWEN_0715_Imagen_40_Ultra,1,0.10908839851617813,qwen::Imagen-4.0-Ultra,,models/v2/clip_lora_fold4_best_v1.pt,models/v2/v2_10b_h2_balanced_logreg_fold4_v1.joblib
4,jpeg_q50,QWEN_0717_Qwen_Image_20_pro,1,0.039778366684913635,qwen::Qwen-Image-2.0-pro,,models/v2/clip_lora_fold4_best_v1.pt,models/v2/v2_10b_h2_balanced_logreg_fold4_v1.joblib
4,jpeg_q50,QWEN_0717_Seedream_50,1,0.21302661299705505,qwen::Seedream-5.0,,models/v2/clip_lora_fold4_best_v1.pt,models/v2/v2_10b_h2_balanced_logreg_fold4_v1.joblib
4,jpeg_q50,QWEN_0717_Qwen_Image,1,0.24824891984462738,qwen::Qwen-Image,,models/v2/clip_lora_fold4_best_v1.pt,models/v2/v2_10b_h2_balanced_logreg_fold4_v1.joblib
4,jpeg_q50,QWEN_0717_Imagen_40,1,0.12254177778959274,qwen::Imagen-4.0,,models/v2/clip_lora_fold4_best_v1.pt,models/v2/v2_10b_h2_balanced_logreg_fold4_v1.joblib
4,jpeg_q50,QWEN_0717_Imagen_40_Ultra,1,0.2408357560634613,qwen::Imagen-4.0-Ultra,,models/v2/clip_lora_fold4_best_v1.pt,models/v2/v2_10b_h2_balanced_logreg_fold4_v1.joblib
4,jpeg_q50,QWEN_0721_Qwen_Image_20_pro,1,0.002903007436543703,qwen::Qwen-Image-2.0-pro,,models/v2/clip_lora_fold4_best_v1.pt,models/v2/v2_10b_h2_balanced_logreg_fold4_v1.joblib
4,jpeg_q50,QWEN_0721_Seedream_50,1,0.058904774487018585,qwen::Seedream-5.0,,models/v2/clip_lora_fold4_best_v1.pt,models/v2/v2_10b_h2_balanced_logreg_fold4_v1.joblib
4,jpeg_q50,QWEN_0721_Qwen_Image,1,0.010676327161490917,qwen::Qwen-Image,,models/v2/clip_lora_fold4_best_v1.pt,models/v2/v2_10b_h2_balanced_logreg_fold4_v1.joblib
4,jpeg_q50,QWEN_0721_Imagen_40,1,0.005957780871540308,qwen::Imagen-4.0,,models/v2/clip_lora_fold4_best_v1.pt,models/v2/v2_10b_h2_balanced_logreg_fold4_v1.joblib
4,jpeg_q50,QWEN_0721_Imagen_40_Ultra,1,0.025236980989575386,qwen::Imagen-4.0-Ultra,,models/v2/clip_lora_fold4_best_v1.pt,models/v2/v2_10b_h2_balanced_logreg_fold4_v1.joblib
4,jpeg_q50,QWEN_0723_Qwen_Image_20_pro,1,0.0035292492248117924,qwen::Qwen-Image-2.0-pro,,models/v2/clip_lora_fold4_best_v1.pt,models/v2/v2_10b_h2_balanced_logreg_fold4_v1.joblib
4,jpeg_q50,QWEN_0723_Seedream_50,1,0.022627344354987144,qwen::Seedream-5.0,,models/v2/clip_lora_fold4_best_v1.pt,models/v2/v2_10b_h2_balanced_logreg_fold4_v1.joblib
4,jpeg_q50,QWEN_0723_Qwen_Image,1,0.011545991525053978,qwen::Qwen-Image,,models/v2/clip_lora_fold4_best_v1.pt,models/v2/v2_10b_h2_balanced_logreg_fold4_v1.joblib
4,jpeg_q50,QWEN_0723_Imagen_40,1,0.012644805945456028,qwen::Imagen-4.0,,models/v2/clip_lora_fold4_best_v1.pt,models/v2/v2_10b_h2_balanced_logreg_fold4_v1.joblib
4,jpeg_q50,QWEN_0723_Imagen_40_Ultra,1,0.0047013480216264725,qwen::Imagen-4.0-Ultra,,models/v2/clip_lora_fold4_best_v1.pt,models/v2/v2_10b_h2_balanced_logreg_fold4_v1.joblib
4,jpeg_q50,QWEN_0740_Qwen_Image_20_pro,1,0.01459339540451765,qwen::Qwen-Image-2.0-pro,,models/v2/clip_lora_fold4_best_v1.pt,models/v2/v2_10b_h2_balanced_logreg_fold4_v1.joblib
4,jpeg_q50,QWEN_0740_Seedream_50,1,0.038469258695840836,qwen::Seedream-5.0,,models/v2/clip_lora_fold4_best_v1.pt,models/v2/v2_10b_h2_balanced_logreg_fold4_v1.joblib
4,jpeg_q50,QWEN_0740_Qwen_Image,1,0.025381742045283318,qwen::Qwen-Image,,models/v2/clip_lora_fold4_best_v1.pt,models/v2/v2_10b_h2_balanced_logreg_fold4_v1.joblib
4,jpeg_q50,QWEN_0740_Imagen_40,1,0.0513850674033165,qwen::Imagen-4.0,,models/v2/clip_lora_fold4_best_v1.pt,models/v2/v2_10b_h2_balanced_logreg_fold4_v1.joblib
4,jpeg_q50,QWEN_0740_Imagen_40_Ultra,1,0.10115088522434235,qwen::Imagen-4.0-Ultra,,models/v2/clip_lora_fold4_best_v1.pt,models/v2/v2_10b_h2_balanced_logreg_fold4_v1.joblib
4,jpeg_q50,QWEN_0760_Qwen_Image_20_pro,1,0.0016658185049891472,qwen::Qwen-Image-2.0-pro,,models/v2/clip_lora_fold4_best_v1.pt,models/v2/v2_10b_h2_balanced_logreg_fold4_v1.joblib
4,jpeg_q50,QWEN_0760_Seedream_50,1,0.00399461854249239,qwen::Seedream-5.0,,models/v2/clip_lora_fold4_best_v1.pt,models/v2/v2_10b_h2_balanced_logreg_fold4_v1.joblib
4,jpeg_q50,QWEN_0760_Qwen_Image,1,0.04340459778904915,qwen::Qwen-Image,,models/v2/clip_lora_fold4_best_v1.pt,models/v2/v2_10b_h2_balanced_logreg_fold4_v1.joblib
4,jpeg_q50,QWEN_0760_Imagen_40,1,0.0020570699125528336,qwen::Imagen-4.0,,models/v2/clip_lora_fold4_best_v1.pt,models/v2/v2_10b_h2_balanced_logreg_fold4_v1.joblib
4,jpeg_q50,QWEN_0760_Imagen_40_Ultra,1,0.004563244991004467,qwen::Imagen-4.0-Ultra,,models/v2/clip_lora_fold4_best_v1.pt,models/v2/v2_10b_h2_balanced_logreg_fold4_v1.joblib
4,jpeg_q50,QWEN_0764_Qwen_Image_20_pro,1,0.16074427962303162,qwen::Qwen-Image-2.0-pro,,models/v2/clip_lora_fold4_best_v1.pt,models/v2/v2_10b_h2_balanced_logreg_fold4_v1.joblib
4,jpeg_q50,QWEN_0764_Seedream_50,1,0.043954744935035706,qwen::Seedream-5.0,,models/v2/clip_lora_fold4_best_v1.pt,models/v2/v2_10b_h2_balanced_logreg_fold4_v1.joblib
4,jpeg_q50,QWEN_0764_Qwen_Image,1,0.1019374206662178,qwen::Qwen-Image,,models/v2/clip_lora_fold4_best_v1.pt,models/v2/v2_10b_h2_balanced_logreg_fold4_v1.joblib
4,jpeg_q50,QWEN_0764_Imagen_40,1,0.06696784496307373,qwen::Imagen-4.0,,models/v2/clip_lora_fold4_best_v1.pt,models/v2/v2_10b_h2_balanced_logreg_fold4_v1.joblib
4,jpeg_q50,QWEN_0764_Imagen_40_Ultra,1,0.020247338339686394,qwen::Imagen-4.0-Ultra,,models/v2/clip_lora_fold4_best_v1.pt,models/v2/v2_10b_h2_balanced_logreg_fold4_v1.joblib
4,jpeg_q50,QWEN_0772_Qwen_Image_20_pro,1,0.07210508733987808,qwen::Qwen-Image-2.0-pro,,models/v2/clip_lora_fold4_best_v1.pt,models/v2/v2_10b_h2_balanced_logreg_fold4_v1.joblib
4,jpeg_q50,QWEN_0772_Seedream_50,1,0.3037031292915344,qwen::Seedream-5.0,,models/v2/clip_lora_fold4_best_v1.pt,models/v2/v2_10b_h2_balanced_logreg_fold4_v1.joblib
4,jpeg_q50,QWEN_0772_Qwen_Image,1,0.10670708864927292,qwen::Qwen-Image,,models/v2/clip_lora_fold4_best_v1.pt,models/v2/v2_10b_h2_balanced_logreg_fold4_v1.joblib
4,jpeg_q50,QWEN_0772_Imagen_40,1,0.8426464796066284,qwen::Imagen-4.0,,models/v2/clip_lora_fold4_best_v1.pt,models/v2/v2_10b_h2_balanced_logreg_fold4_v1.joblib
4,jpeg_q50,QWEN_0772_Imagen_40_Ultra,1,0.10527966916561127,qwen::Imagen-4.0-Ultra,,models/v2/clip_lora_fold4_best_v1.pt,models/v2/v2_10b_h2_balanced_logreg_fold4_v1.joblib
4,jpeg_q50,QWEN_0773_Qwen_Image_20_pro,1,0.09842147678136826,qwen::Qwen-Image-2.0-pro,,models/v2/clip_lora_fold4_best_v1.pt,models/v2/v2_10b_h2_balanced_logreg_fold4_v1.joblib
4,jpeg_q50,QWEN_0773_Seedream_50,1,0.08272212743759155,qwen::Seedream-5.0,,models/v2/clip_lora_fold4_best_v1.pt,models/v2/v2_10b_h2_balanced_logreg_fold4_v1.joblib
4,jpeg_q50,QWEN_0773_Qwen_Image,1,0.006335928104817867,qwen::Qwen-Image,,models/v2/clip_lora_fold4_best_v1.pt,models/v2/v2_10b_h2_balanced_logreg_fold4_v1.joblib
4,jpeg_q50,QWEN_0773_Imagen_40,1,0.04445869103074074,qwen::Imagen-4.0,,models/v2/clip_lora_fold4_best_v1.pt,models/v2/v2_10b_h2_balanced_logreg_fold4_v1.joblib
4,jpeg_q50,QWEN_0773_Imagen_40_Ultra,1,0.18506555259227753,qwen::Imagen-4.0-Ultra,,models/v2/clip_lora_fold4_best_v1.pt,models/v2/v2_10b_h2_balanced_logreg_fold4_v1.joblib
4,jpeg_q50,QWEN_0777_Qwen_Image_20_pro,1,0.24411921203136444,qwen::Qwen-Image-2.0-pro,,models/v2/clip_lora_fold4_best_v1.pt,models/v2/v2_10b_h2_balanced_logreg_fold4_v1.joblib
4,jpeg_q50,QWEN_0777_Seedream_50,1,0.0806707963347435,qwen::Seedream-5.0,,models/v2/clip_lora_fold4_best_v1.pt,models/v2/v2_10b_h2_balanced_logreg_fold4_v1.joblib
4,jpeg_q50,QWEN_0777_Qwen_Image,1,0.04827810078859329,qwen::Qwen-Image,,models/v2/clip_lora_fold4_best_v1.pt,models/v2/v2_10b_h2_balanced_logreg_fold4_v1.joblib
4,jpeg_q50,QWEN_0777_Imagen_40,1,0.03264357149600983,qwen::Imagen-4.0,,models/v2/clip_lora_fold4_best_v1.pt,models/v2/v2_10b_h2_balanced_logreg_fold4_v1.joblib
4,jpeg_q50,QWEN_0777_Imagen_40_Ultra,1,0.2680245637893677,qwen::Imagen-4.0-Ultra,,models/v2/clip_lora_fold4_best_v1.pt,models/v2/v2_10b_h2_balanced_logreg_fold4_v1.joblib
4,jpeg_q50,QWEN_0778_Qwen_Image_20_pro,1,0.03709688037633896,qwen::Qwen-Image-2.0-pro,,models/v2/clip_lora_fold4_best_v1.pt,models/v2/v2_10b_h2_balanced_logreg_fold4_v1.joblib
4,jpeg_q50,QWEN_0778_Seedream_50,1,0.0013186560245230794,qwen::Seedream-5.0,,models/v2/clip_lora_fold4_best_v1.pt,models/v2/v2_10b_h2_balanced_logreg_fold4_v1.joblib
4,jpeg_q50,QWEN_0778_Qwen_Image,1,0.007247645407915115,qwen::Qwen-Image,,models/v2/clip_lora_fold4_best_v1.pt,models/v2/v2_10b_h2_balanced_logreg_fold4_v1.joblib
4,jpeg_q50,QWEN_0778_Imagen_40,1,0.03047153167426586,qwen::Imagen-4.0,,models/v2/clip_lora_fold4_best_v1.pt,models/v2/v2_10b_h2_balanced_logreg_fold4_v1.joblib
4,jpeg_q50,QWEN_0778_Imagen_40_Ultra,1,0.014477104879915714,qwen::Imagen-4.0-Ultra,,models/v2/clip_lora_fold4_best_v1.pt,models/v2/v2_10b_h2_balanced_logreg_fold4_v1.joblib
4,jpeg_q50,QWEN_0799_Qwen_Image_20_pro,1,0.001291607040911913,qwen::Qwen-Image-2.0-pro,,models/v2/clip_lora_fold4_best_v1.pt,models/v2/v2_10b_h2_balanced_logreg_fold4_v1.joblib
4,jpeg_q50,QWEN_0799_Seedream_50,1,0.01122477650642395,qwen::Seedream-5.0,,models/v2/clip_lora_fold4_best_v1.pt,models/v2/v2_10b_h2_balanced_logreg_fold4_v1.joblib
4,jpeg_q50,QWEN_0799_Qwen_Image,1,0.034653570502996445,qwen::Qwen-Image,,models/v2/clip_lora_fold4_best_v1.pt,models/v2/v2_10b_h2_balanced_logreg_fold4_v1.joblib
4,jpeg_q50,QWEN_0799_Imagen_40,1,0.030263379216194153,qwen::Imagen-4.0,,models/v2/clip_lora_fold4_best_v1.pt,models/v2/v2_10b_h2_balanced_logreg_fold4_v1.joblib
4,jpeg_q50,QWEN_0799_Imagen_40_Ultra,1,0.003104910021647811,qwen::Imagen-4.0-Ultra,,models/v2/clip_lora_fold4_best_v1.pt,models/v2/v2_10b_h2_balanced_logreg_fold4_v1.joblib
4,jpeg_q50,QWEN_0805_Qwen_Image_20_pro,1,0.009329419583082199,qwen::Qwen-Image-2.0-pro,,models/v2/clip_lora_fold4_best_v1.pt,models/v2/v2_10b_h2_balanced_logreg_fold4_v1.joblib
4,jpeg_q50,QWEN_0805_Seedream_50,1,0.01791563257575035,qwen::Seedream-5.0,,models/v2/clip_lora_fold4_best_v1.pt,models/v2/v2_10b_h2_balanced_logreg_fold4_v1.joblib
4,jpeg_q50,QWEN_0805_Qwen_Image,1,0.006004150491207838,qwen::Qwen-Image,,models/v2/clip_lora_fold4_best_v1.pt,models/v2/v2_10b_h2_balanced_logreg_fold4_v1.joblib
4,jpeg_q50,QWEN_0805_Imagen_40,1,0.0030882046557962894,qwen::Imagen-4.0,,models/v2/clip_lora_fold4_best_v1.pt,models/v2/v2_10b_h2_balanced_logreg_fold4_v1.joblib
4,jpeg_q50,QWEN_0805_Imagen_40_Ultra,1,0.021608158946037292,qwen::Imagen-4.0-Ultra,,models/v2/clip_lora_fold4_best_v1.pt,models/v2/v2_10b_h2_balanced_logreg_fold4_v1.joblib
4,jpeg_q50,QWEN_0820_Qwen_Image_20_pro,1,0.015695491805672646,qwen::Qwen-Image-2.0-pro,,models/v2/clip_lora_fold4_best_v1.pt,models/v2/v2_10b_h2_balanced_logreg_fold4_v1.joblib
4,jpeg_q50,QWEN_0820_Seedream_50,1,0.01323737669736147,qwen::Seedream-5.0,,models/v2/clip_lora_fold4_best_v1.pt,models/v2/v2_10b_h2_balanced_logreg_fold4_v1.joblib
4,jpeg_q50,QWEN_0820_Qwen_Image,1,0.10233063995838165,qwen::Qwen-Image,,models/v2/clip_lora_fold4_best_v1.pt,models/v2/v2_10b_h2_balanced_logreg_fold4_v1.joblib
4,jpeg_q50,QWEN_0820_Imagen_40,1,0.03671761974692345,qwen::Imagen-4.0,,models/v2/clip_lora_fold4_best_v1.pt,models/v2/v2_10b_h2_balanced_logreg_fold4_v1.joblib
4,jpeg_q50,QWEN_0820_Imagen_40_Ultra,1,0.06872016936540604,qwen::Imagen-4.0-Ultra,,models/v2/clip_lora_fold4_best_v1.pt,models/v2/v2_10b_h2_balanced_logreg_fold4_v1.joblib
4,jpeg_q50,QWEN_0824_Qwen_Image_20_pro,1,0.021945076063275337,qwen::Qwen-Image-2.0-pro,,models/v2/clip_lora_fold4_best_v1.pt,models/v2/v2_10b_h2_balanced_logreg_fold4_v1.joblib
4,jpeg_q50,QWEN_0824_Seedream_50,1,0.1670418679714203,qwen::Seedream-5.0,,models/v2/clip_lora_fold4_best_v1.pt,models/v2/v2_10b_h2_balanced_logreg_fold4_v1.joblib
4,jpeg_q50,QWEN_0824_Qwen_Image,1,0.0036611787509173155,qwen::Qwen-Image,,models/v2/clip_lora_fold4_best_v1.pt,models/v2/v2_10b_h2_balanced_logreg_fold4_v1.joblib
4,jpeg_q50,QWEN_0824_Imagen_40,1,0.01659022830426693,qwen::Imagen-4.0,,models/v2/clip_lora_fold4_best_v1.pt,models/v2/v2_10b_h2_balanced_logreg_fold4_v1.joblib
4,jpeg_q50,QWEN_0824_Imagen_40_Ultra,1,0.0645451620221138,qwen::Imagen-4.0-Ultra,,models/v2/clip_lora_fold4_best_v1.pt,models/v2/v2_10b_h2_balanced_logreg_fold4_v1.joblib
4,jpeg_q50,QWEN_0831_Qwen_Image_20_pro,1,0.012801295146346092,qwen::Qwen-Image-2.0-pro,,models/v2/clip_lora_fold4_best_v1.pt,models/v2/v2_10b_h2_balanced_logreg_fold4_v1.joblib
4,jpeg_q50,QWEN_0831_Seedream_50,1,0.0279128048568964,qwen::Seedream-5.0,,models/v2/clip_lora_fold4_best_v1.pt,models/v2/v2_10b_h2_balanced_logreg_fold4_v1.joblib
4,jpeg_q50,QWEN_0831_Qwen_Image,1,0.008223713375627995,qwen::Qwen-Image,,models/v2/clip_lora_fold4_best_v1.pt,models/v2/v2_10b_h2_balanced_logreg_fold4_v1.joblib
4,jpeg_q50,QWEN_0831_Imagen_40,1,0.009242094121873379,qwen::Imagen-4.0,,models/v2/clip_lora_fold4_best_v1.pt,models/v2/v2_10b_h2_balanced_logreg_fold4_v1.joblib
4,jpeg_q50,QWEN_0831_Imagen_40_Ultra,1,0.018154326826334,qwen::Imagen-4.0-Ultra,,models/v2/clip_lora_fold4_best_v1.pt,models/v2/v2_10b_h2_balanced_logreg_fold4_v1.joblib
4,jpeg_q50,QWEN_0836_Qwen_Image_20_pro,1,0.030828433111310005,qwen::Qwen-Image-2.0-pro,,models/v2/clip_lora_fold4_best_v1.pt,models/v2/v2_10b_h2_balanced_logreg_fold4_v1.joblib
4,jpeg_q50,QWEN_0836_Seedream_50,1,0.055514611303806305,qwen::Seedream-5.0,,models/v2/clip_lora_fold4_best_v1.pt,models/v2/v2_10b_h2_balanced_logreg_fold4_v1.joblib
4,jpeg_q50,QWEN_0836_Qwen_Image,1,0.00816508661955595,qwen::Qwen-Image,,models/v2/clip_lora_fold4_best_v1.pt,models/v2/v2_10b_h2_balanced_logreg_fold4_v1.joblib
4,jpeg_q50,QWEN_0836_Imagen_40,1,0.010294221341609955,qwen::Imagen-4.0,,models/v2/clip_lora_fold4_best_v1.pt,models/v2/v2_10b_h2_balanced_logreg_fold4_v1.joblib
4,jpeg_q50,QWEN_0836_Imagen_40_Ultra,1,0.13760557770729065,qwen::Imagen-4.0-Ultra,,models/v2/clip_lora_fold4_best_v1.pt,models/v2/v2_10b_h2_balanced_logreg_fold4_v1.joblib
4,jpeg_q50,QWEN_0847_Qwen_Image_20_pro,1,0.037274833768606186,qwen::Qwen-Image-2.0-pro,,models/v2/clip_lora_fold4_best_v1.pt,models/v2/v2_10b_h2_balanced_logreg_fold4_v1.joblib
4,jpeg_q50,QWEN_0847_Seedream_50,1,0.04859786108136177,qwen::Seedream-5.0,,models/v2/clip_lora_fold4_best_v1.pt,models/v2/v2_10b_h2_balanced_logreg_fold4_v1.joblib
4,jpeg_q50,QWEN_0847_Qwen_Image,1,0.03344370052218437,qwen::Qwen-Image,,models/v2/clip_lora_fold4_best_v1.pt,models/v2/v2_10b_h2_balanced_logreg_fold4_v1.joblib
4,jpeg_q50,QWEN_0847_Imagen_40,1,0.03003748320043087,qwen::Imagen-4.0,,models/v2/clip_lora_fold4_best_v1.pt,models/v2/v2_10b_h2_balanced_logreg_fold4_v1.joblib
4,jpeg_q50,QWEN_0847_Imagen_40_Ultra,1,0.055478062480688095,qwen::Imagen-4.0-Ultra,,models/v2/clip_lora_fold4_best_v1.pt,models/v2/v2_10b_h2_balanced_logreg_fold4_v1.joblib
4,jpeg_q50,QWEN_0857_Qwen_Image_20_pro,1,0.08168838173151016,qwen::Qwen-Image-2.0-pro,,models/v2/clip_lora_fold4_best_v1.pt,models/v2/v2_10b_h2_balanced_logreg_fold4_v1.joblib
4,jpeg_q50,QWEN_0857_Seedream_50,1,0.03581370413303375,qwen::Seedream-5.0,,models/v2/clip_lora_fold4_best_v1.pt,models/v2/v2_10b_h2_balanced_logreg_fold4_v1.joblib
4,jpeg_q50,QWEN_0857_Qwen_Image,1,0.09531835466623306,qwen::Qwen-Image,,models/v2/clip_lora_fold4_best_v1.pt,models/v2/v2_10b_h2_balanced_logreg_fold4_v1.joblib
4,jpeg_q50,QWEN_0857_Imagen_40,1,0.021695425733923912,qwen::Imagen-4.0,,models/v2/clip_lora_fold4_best_v1.pt,models/v2/v2_10b_h2_balanced_logreg_fold4_v1.joblib
4,jpeg_q50,QWEN_0857_Imagen_40_Ultra,1,0.01098632626235485,qwen::Imagen-4.0-Ultra,,models/v2/clip_lora_fold4_best_v1.pt,models/v2/v2_10b_h2_balanced_logreg_fold4_v1.joblib
4,jpeg_q50,QWEN_0876_Qwen_Image_20_pro,1,0.006912814918905497,qwen::Qwen-Image-2.0-pro,,models/v2/clip_lora_fold4_best_v1.pt,models/v2/v2_10b_h2_balanced_logreg_fold4_v1.joblib
4,jpeg_q50,QWEN_0876_Seedream_50,1,0.014040927402675152,qwen::Seedream-5.0,,models/v2/clip_lora_fold4_best_v1.pt,models/v2/v2_10b_h2_balanced_logreg_fold4_v1.joblib
4,jpeg_q50,QWEN_0876_Qwen_Image,1,0.014168635942041874,qwen::Qwen-Image,,models/v2/clip_lora_fold4_best_v1.pt,models/v2/v2_10b_h2_balanced_logreg_fold4_v1.joblib
4,jpeg_q50,QWEN_0876_Imagen_40,1,0.004986611660569906,qwen::Imagen-4.0,,models/v2/clip_lora_fold4_best_v1.pt,models/v2/v2_10b_h2_balanced_logreg_fold4_v1.joblib
4,jpeg_q50,QWEN_0876_Imagen_40_Ultra,1,0.0026827852707356215,qwen::Imagen-4.0-Ultra,,models/v2/clip_lora_fold4_best_v1.pt,models/v2/v2_10b_h2_balanced_logreg_fold4_v1.joblib
4,jpeg_q50,QWEN_0887_Qwen_Image_20_pro,1,0.014650032855570316,qwen::Qwen-Image-2.0-pro,,models/v2/clip_lora_fold4_best_v1.pt,models/v2/v2_10b_h2_balanced_logreg_fold4_v1.joblib
4,jpeg_q50,QWEN_0887_Seedream_50,1,0.01977333053946495,qwen::Seedream-5.0,,models/v2/clip_lora_fold4_best_v1.pt,models/v2/v2_10b_h2_balanced_logreg_fold4_v1.joblib
4,jpeg_q50,QWEN_0887_Qwen_Image,1,0.00562076922506094,qwen::Qwen-Image,,models/v2/clip_lora_fold4_best_v1.pt,models/v2/v2_10b_h2_balanced_logreg_fold4_v1.joblib
4,jpeg_q50,QWEN_0887_Imagen_40,1,0.013816801831126213,qwen::Imagen-4.0,,models/v2/clip_lora_fold4_best_v1.pt,models/v2/v2_10b_h2_balanced_logreg_fold4_v1.joblib
4,jpeg_q50,QWEN_0887_Imagen_40_Ultra,1,0.009358462877571583,qwen::Imagen-4.0-Ultra,,models/v2/clip_lora_fold4_best_v1.pt,models/v2/v2_10b_h2_balanced_logreg_fold4_v1.joblib
4,jpeg_q50,QWEN_0890_Qwen_Image_20_pro,1,0.006698736920952797,qwen::Qwen-Image-2.0-pro,,models/v2/clip_lora_fold4_best_v1.pt,models/v2/v2_10b_h2_balanced_logreg_fold4_v1.joblib
4,jpeg_q50,QWEN_0890_Seedream_50,1,0.003228715155273676,qwen::Seedream-5.0,,models/v2/clip_lora_fold4_best_v1.pt,models/v2/v2_10b_h2_balanced_logreg_fold4_v1.joblib
4,jpeg_q50,QWEN_0890_Qwen_Image,1,0.004679922945797443,qwen::Qwen-Image,,models/v2/clip_lora_fold4_best_v1.pt,models/v2/v2_10b_h2_balanced_logreg_fold4_v1.joblib
4,jpeg_q50,QWEN_0890_Imagen_40,1,0.012433922849595547,qwen::Imagen-4.0,,models/v2/clip_lora_fold4_best_v1.pt,models/v2/v2_10b_h2_balanced_logreg_fold4_v1.joblib
4,jpeg_q50,QWEN_0890_Imagen_40_Ultra,1,0.045538529753685,qwen::Imagen-4.0-Ultra,,models/v2/clip_lora_fold4_best_v1.pt,models/v2/v2_10b_h2_balanced_logreg_fold4_v1.joblib
4,jpeg_q50,QWEN_0894_Qwen_Image_20_pro,1,0.0076845199801027775,qwen::Qwen-Image-2.0-pro,,models/v2/clip_lora_fold4_best_v1.pt,models/v2/v2_10b_h2_balanced_logreg_fold4_v1.joblib
4,jpeg_q50,QWEN_0894_Seedream_50,1,0.0037929618265479803,qwen::Seedream-5.0,,models/v2/clip_lora_fold4_best_v1.pt,models/v2/v2_10b_h2_balanced_logreg_fold4_v1.joblib
4,jpeg_q50,QWEN_0894_Qwen_Image,1,0.006328633986413479,qwen::Qwen-Image,,models/v2/clip_lora_fold4_best_v1.pt,models/v2/v2_10b_h2_balanced_logreg_fold4_v1.joblib
4,jpeg_q50,QWEN_0894_Imagen_40,1,0.00727083021774888,qwen::Imagen-4.0,,models/v2/clip_lora_fold4_best_v1.pt,models/v2/v2_10b_h2_balanced_logreg_fold4_v1.joblib
4,jpeg_q50,QWEN_0894_Imagen_40_Ultra,1,0.00817364826798439,qwen::Imagen-4.0-Ultra,,models/v2/clip_lora_fold4_best_v1.pt,models/v2/v2_10b_h2_balanced_logreg_fold4_v1.joblib
4,jpeg_q50,QWEN_0919_Qwen_Image_20_pro,1,0.011670416221022606,qwen::Qwen-Image-2.0-pro,,models/v2/clip_lora_fold4_best_v1.pt,models/v2/v2_10b_h2_balanced_logreg_fold4_v1.joblib
4,jpeg_q50,QWEN_0919_Seedream_50,1,0.05920109897851944,qwen::Seedream-5.0,,models/v2/clip_lora_fold4_best_v1.pt,models/v2/v2_10b_h2_balanced_logreg_fold4_v1.joblib
4,jpeg_q50,QWEN_0919_Qwen_Image,1,0.09196782857179642,qwen::Qwen-Image,,models/v2/clip_lora_fold4_best_v1.pt,models/v2/v2_10b_h2_balanced_logreg_fold4_v1.joblib
4,jpeg_q50,QWEN_0919_Imagen_40,1,0.10750705003738403,qwen::Imagen-4.0,,models/v2/clip_lora_fold4_best_v1.pt,models/v2/v2_10b_h2_balanced_logreg_fold4_v1.joblib
4,jpeg_q50,QWEN_0919_Imagen_40_Ultra,1,0.023095669224858284,qwen::Imagen-4.0-Ultra,,models/v2/clip_lora_fold4_best_v1.pt,models/v2/v2_10b_h2_balanced_logreg_fold4_v1.joblib
4,jpeg_q50,QWEN_0923_Qwen_Image_20_pro,1,0.041125163435935974,qwen::Qwen-Image-2.0-pro,,models/v2/clip_lora_fold4_best_v1.pt,models/v2/v2_10b_h2_balanced_logreg_fold4_v1.joblib
4,jpeg_q50,QWEN_0923_Seedream_50,1,0.023021215572953224,qwen::Seedream-5.0,,models/v2/clip_lora_fold4_best_v1.pt,models/v2/v2_10b_h2_balanced_logreg_fold4_v1.joblib
4,jpeg_q50,QWEN_0923_Qwen_Image,1,0.009175234474241734,qwen::Qwen-Image,,models/v2/clip_lora_fold4_best_v1.pt,models/v2/v2_10b_h2_balanced_logreg_fold4_v1.joblib
4,jpeg_q50,QWEN_0923_Imagen_40,1,0.0032894192263484,qwen::Imagen-4.0,,models/v2/clip_lora_fold4_best_v1.pt,models/v2/v2_10b_h2_balanced_logreg_fold4_v1.joblib
4,jpeg_q50,QWEN_0923_Imagen_40_Ultra,1,0.007822288200259209,qwen::Imagen-4.0-Ultra,,models/v2/clip_lora_fold4_best_v1.pt,models/v2/v2_10b_h2_balanced_logreg_fold4_v1.joblib
4,jpeg_q50,QWEN_0933_Qwen_Image_20_pro,1,0.011937666684389114,qwen::Qwen-Image-2.0-pro,,models/v2/clip_lora_fold4_best_v1.pt,models/v2/v2_10b_h2_balanced_logreg_fold4_v1.joblib
4,jpeg_q50,QWEN_0933_Seedream_50,1,0.010711747221648693,qwen::Seedream-5.0,,models/v2/clip_lora_fold4_best_v1.pt,models/v2/v2_10b_h2_balanced_logreg_fold4_v1.joblib
4,jpeg_q50,QWEN_0933_Qwen_Image,1,0.016935478895902634,qwen::Qwen-Image,,models/v2/clip_lora_fold4_best_v1.pt,models/v2/v2_10b_h2_balanced_logreg_fold4_v1.joblib
4,jpeg_q50,QWEN_0933_Imagen_40,1,0.009773431345820427,qwen::Imagen-4.0,,models/v2/clip_lora_fold4_best_v1.pt,models/v2/v2_10b_h2_balanced_logreg_fold4_v1.joblib
4,jpeg_q50,QWEN_0933_Imagen_40_Ultra,1,0.2787240445613861,qwen::Imagen-4.0-Ultra,,models/v2/clip_lora_fold4_best_v1.pt,models/v2/v2_10b_h2_balanced_logreg_fold4_v1.joblib
4,jpeg_q50,QWEN_0951_Qwen_Image_20_pro,1,0.010409227572381496,qwen::Qwen-Image-2.0-pro,,models/v2/clip_lora_fold4_best_v1.pt,models/v2/v2_10b_h2_balanced_logreg_fold4_v1.joblib
4,jpeg_q50,QWEN_0951_Seedream_50,1,0.011966216377913952,qwen::Seedream-5.0,,models/v2/clip_lora_fold4_best_v1.pt,models/v2/v2_10b_h2_balanced_logreg_fold4_v1.joblib
4,jpeg_q50,QWEN_0951_Qwen_Image,1,0.014707150869071484,qwen::Qwen-Image,,models/v2/clip_lora_fold4_best_v1.pt,models/v2/v2_10b_h2_balanced_logreg_fold4_v1.joblib
4,jpeg_q50,QWEN_0951_Imagen_40,1,0.04952298104763031,qwen::Imagen-4.0,,models/v2/clip_lora_fold4_best_v1.pt,models/v2/v2_10b_h2_balanced_logreg_fold4_v1.joblib
4,jpeg_q50,QWEN_0951_Imagen_40_Ultra,1,0.02337632328271866,qwen::Imagen-4.0-Ultra,,models/v2/clip_lora_fold4_best_v1.pt,models/v2/v2_10b_h2_balanced_logreg_fold4_v1.joblib
4,jpeg_q50,QWEN_0964_Qwen_Image_20_pro,1,0.014470724388957024,qwen::Qwen-Image-2.0-pro,,models/v2/clip_lora_fold4_best_v1.pt,models/v2/v2_10b_h2_balanced_logreg_fold4_v1.joblib
4,jpeg_q50,QWEN_0964_Seedream_50,1,0.00693662092089653,qwen::Seedream-5.0,,models/v2/clip_lora_fold4_best_v1.pt,models/v2/v2_10b_h2_balanced_logreg_fold4_v1.joblib
4,jpeg_q50,QWEN_0964_Qwen_Image,1,0.010237913578748703,qwen::Qwen-Image,,models/v2/clip_lora_fold4_best_v1.pt,models/v2/v2_10b_h2_balanced_logreg_fold4_v1.joblib
4,jpeg_q50,QWEN_0964_Imagen_40,1,0.006414844188839197,qwen::Imagen-4.0,,models/v2/clip_lora_fold4_best_v1.pt,models/v2/v2_10b_h2_balanced_logreg_fold4_v1.joblib
4,jpeg_q50,QWEN_0964_Imagen_40_Ultra,1,0.005599671974778175,qwen::Imagen-4.0-Ultra,,models/v2/clip_lora_fold4_best_v1.pt,models/v2/v2_10b_h2_balanced_logreg_fold4_v1.joblib
4,jpeg_q50,QWEN_0965_Qwen_Image_20_pro,1,0.008304987102746964,qwen::Qwen-Image-2.0-pro,,models/v2/clip_lora_fold4_best_v1.pt,models/v2/v2_10b_h2_balanced_logreg_fold4_v1.joblib
4,jpeg_q50,QWEN_0965_Seedream_50,1,0.021932562813162804,qwen::Seedream-5.0,,models/v2/clip_lora_fold4_best_v1.pt,models/v2/v2_10b_h2_balanced_logreg_fold4_v1.joblib
4,jpeg_q50,QWEN_0965_Qwen_Image,1,0.042861055582761765,qwen::Qwen-Image,,models/v2/clip_lora_fold4_best_v1.pt,models/v2/v2_10b_h2_balanced_logreg_fold4_v1.joblib
4,jpeg_q50,QWEN_0965_Imagen_40,1,0.06805670261383057,qwen::Imagen-4.0,,models/v2/clip_lora_fold4_best_v1.pt,models/v2/v2_10b_h2_balanced_logreg_fold4_v1.joblib
4,jpeg_q50,QWEN_0965_Imagen_40_Ultra,1,0.01565711386501789,qwen::Imagen-4.0-Ultra,,models/v2/clip_lora_fold4_best_v1.pt,models/v2/v2_10b_h2_balanced_logreg_fold4_v1.joblib
4,jpeg_q50,QWEN_0980_Qwen_Image_20_pro,1,0.0025020227767527103,qwen::Qwen-Image-2.0-pro,,models/v2/clip_lora_fold4_best_v1.pt,models/v2/v2_10b_h2_balanced_logreg_fold4_v1.joblib
4,jpeg_q50,QWEN_0980_Seedream_50,1,0.0009691750747151673,qwen::Seedream-5.0,,models/v2/clip_lora_fold4_best_v1.pt,models/v2/v2_10b_h2_balanced_logreg_fold4_v1.joblib
4,jpeg_q50,QWEN_0980_Qwen_Image,1,0.029800716787576675,qwen::Qwen-Image,,models/v2/clip_lora_fold4_best_v1.pt,models/v2/v2_10b_h2_balanced_logreg_fold4_v1.joblib
4,jpeg_q50,QWEN_0980_Imagen_40,1,0.0009927554056048393,qwen::Imagen-4.0,,models/v2/clip_lora_fold4_best_v1.pt,models/v2/v2_10b_h2_balanced_logreg_fold4_v1.joblib
4,jpeg_q50,QWEN_0980_Imagen_40_Ultra,1,0.012856768444180489,qwen::Imagen-4.0-Ultra,,models/v2/clip_lora_fold4_best_v1.pt,models/v2/v2_10b_h2_balanced_logreg_fold4_v1.joblib
4,jpeg_q50,SMARTPHONE_266094,0,0.022332733497023582,real::Smartphone,Smartphone,models/v2/clip_lora_fold4_best_v1.pt,models/v2/v2_10b_h2_balanced_logreg_fold4_v1.joblib
4,jpeg_q50,SMARTPHONE_918488,0,0.03574274480342865,real::Smartphone,Smartphone,models/v2/clip_lora_fold4_best_v1.pt,models/v2/v2_10b_h2_balanced_logreg_fold4_v1.joblib
4,jpeg_q50,SMARTPHONE_363988,0,0.004377936478704214,real::Smartphone,Smartphone,models/v2/clip_lora_fold4_best_v1.pt,models/v2/v2_10b_h2_balanced_logreg_fold4_v1.joblib
4,jpeg_q50,SMARTPHONE_699009,0,0.002506018616259098,real::Smartphone,Smartphone,models/v2/clip_lora_fold4_best_v1.pt,models/v2/v2_10b_h2_balanced_logreg_fold4_v1.joblib
4,jpeg_q50,SMARTPHONE_722548,0,0.0039057452231645584,real::Smartphone,Smartphone,models/v2/clip_lora_fold4_best_v1.pt,models/v2/v2_10b_h2_balanced_logreg_fold4_v1.joblib
4,jpeg_q50,SMARTPHONE_1014820,0,0.006191878113895655,real::Smartphone,Smartphone,models/v2/clip_lora_fold4_best_v1.pt,models/v2/v2_10b_h2_balanced_logreg_fold4_v1.joblib
4,jpeg_q50,SMARTPHONE_869981,0,0.04416883364319801,real::Smartphone,Smartphone,models/v2/clip_lora_fold4_best_v1.pt,models/v2/v2_10b_h2_balanced_logreg_fold4_v1.joblib
4,jpeg_q50,SMARTPHONE_549095,0,0.0010707612382248044,real::Smartphone,Smartphone,models/v2/clip_lora_fold4_best_v1.pt,models/v2/v2_10b_h2_balanced_logreg_fold4_v1.joblib
4,jpeg_q50,SMARTPHONE_836705,0,0.00030902642174623907,real::Smartphone,Smartphone,models/v2/clip_lora_fold4_best_v1.pt,models/v2/v2_10b_h2_balanced_logreg_fold4_v1.joblib
4,jpeg_q50,SMARTPHONE_289713,0,0.0005162329180166125,real::Smartphone,Smartphone,models/v2/clip_lora_fold4_best_v1.pt,models/v2/v2_10b_h2_balanced_logreg_fold4_v1.joblib
4,jpeg_q50,SMARTPHONE_260800,0,0.0005136181134730577,real::Smartphone,Smartphone,models/v2/clip_lora_fold4_best_v1.pt,models/v2/v2_10b_h2_balanced_logreg_fold4_v1.joblib
4,jpeg_q50,SMARTPHONE_422421,0,0.000371172180166468,real::Smartphone,Smartphone,models/v2/clip_lora_fold4_best_v1.pt,models/v2/v2_10b_h2_balanced_logreg_fold4_v1.joblib
4,jpeg_q50,SMARTPHONE_351851,0,0.0003795462835114449,real::Smartphone,Smartphone,models/v2/clip_lora_fold4_best_v1.pt,models/v2/v2_10b_h2_balanced_logreg_fold4_v1.joblib
4,jpeg_q50,SMARTPHONE_192766,0,8.651168900541961e-05,real::Smartphone,Smartphone,models/v2/clip_lora_fold4_best_v1.pt,models/v2/v2_10b_h2_balanced_logreg_fold4_v1.joblib
4,jpeg_q50,SMARTPHONE_44895,0,0.0002556737163104117,real::Smartphone,Smartphone,models/v2/clip_lora_fold4_best_v1.pt,models/v2/v2_10b_h2_balanced_logreg_fold4_v1.joblib
4,jpeg_q50,SMARTPHONE_167869,0,0.0003821507270913571,real::Smartphone,Smartphone,models/v2/clip_lora_fold4_best_v1.pt,models/v2/v2_10b_h2_balanced_logreg_fold4_v1.joblib
4,jpeg_q50,SMARTPHONE_272002,0,0.00029996331431902945,real::Smartphone,Smartphone,models/v2/clip_lora_fold4_best_v1.pt,models/v2/v2_10b_h2_balanced_logreg_fold4_v1.joblib
4,jpeg_q50,SMARTPHONE_271693,0,0.0002533881925046444,real::Smartphone,Smartphone,models/v2/clip_lora_fold4_best_v1.pt,models/v2/v2_10b_h2_balanced_logreg_fold4_v1.joblib
4,jpeg_q50,SMARTPHONE_246177,0,0.000597804959397763,real::Smartphone,Smartphone,models/v2/clip_lora_fold4_best_v1.pt,models/v2/v2_10b_h2_balanced_logreg_fold4_v1.joblib
4,jpeg_q50,SMARTPHONE_266740,0,0.001822137855924666,real::Smartphone,Smartphone,models/v2/clip_lora_fold4_best_v1.pt,models/v2/v2_10b_h2_balanced_logreg_fold4_v1.joblib
4,jpeg_q50,SMARTPHONE_668289,0,0.005166606046259403,real::Smartphone,Smartphone,models/v2/clip_lora_fold4_best_v1.pt,models/v2/v2_10b_h2_balanced_logreg_fold4_v1.joblib
4,jpeg_q50,SMARTPHONE_332525,0,0.0028100209310650826,real::Smartphone,Smartphone,models/v2/clip_lora_fold4_best_v1.pt,models/v2/v2_10b_h2_balanced_logreg_fold4_v1.joblib
4,jpeg_q50,SMARTPHONE_426225,0,0.0015393676003441215,real::Smartphone,Smartphone,models/v2/clip_lora_fold4_best_v1.pt,models/v2/v2_10b_h2_balanced_logreg_fold4_v1.joblib
4,jpeg_q50,SMARTPHONE_378098,0,0.0009410312632098794,real::Smartphone,Smartphone,models/v2/clip_lora_fold4_best_v1.pt,models/v2/v2_10b_h2_balanced_logreg_fold4_v1.joblib
4,jpeg_q50,SMARTPHONE_517233,0,0.0004219324910081923,real::Smartphone,Smartphone,models/v2/clip_lora_fold4_best_v1.pt,models/v2/v2_10b_h2_balanced_logreg_fold4_v1.joblib
4,jpeg_q50,SMARTPHONE_174520,0,0.000388837099308148,real::Smartphone,Smartphone,models/v2/clip_lora_fold4_best_v1.pt,models/v2/v2_10b_h2_balanced_logreg_fold4_v1.joblib
4,jpeg_q50,SMARTPHONE_359516,0,0.0003040918963961303,real::Smartphone,Smartphone,models/v2/clip_lora_fold4_best_v1.pt,models/v2/v2_10b_h2_balanced_logreg_fold4_v1.joblib
4,jpeg_q50,SMARTPHONE_326129,0,0.0010306735057383776,real::Smartphone,Smartphone,models/v2/clip_lora_fold4_best_v1.pt,models/v2/v2_10b_h2_balanced_logreg_fold4_v1.joblib
4,jpeg_q50,SMARTPHONE_334950,0,9.837791003519669e-05,real::Smartphone,Smartphone,models/v2/clip_lora_fold4_best_v1.pt,models/v2/v2_10b_h2_balanced_logreg_fold4_v1.joblib
4,jpeg_q50,SMARTPHONE_769952,0,0.00013827663497067988,real::Smartphone,Smartphone,models/v2/clip_lora_fold4_best_v1.pt,models/v2/v2_10b_h2_balanced_logreg_fold4_v1.joblib
4,jpeg_q50,SMARTPHONE_192863,0,0.0033625238575041294,real::Smartphone,Smartphone,models/v2/clip_lora_fold4_best_v1.pt,models/v2/v2_10b_h2_balanced_logreg_fold4_v1.joblib
4,jpeg_q50,SMARTPHONE_320452,0,0.0032550941687077284,real::Smartphone,Smartphone,models/v2/clip_lora_fold4_best_v1.pt,models/v2/v2_10b_h2_balanced_logreg_fold4_v1.joblib
4,jpeg_q50,SMARTPHONE_239140,0,0.0005401333328336477,real::Smartphone,Smartphone,models/v2/clip_lora_fold4_best_v1.pt,models/v2/v2_10b_h2_balanced_logreg_fold4_v1.joblib
4,jpeg_q50,SMARTPHONE_75765,0,0.00020394007151480764,real::Smartphone,Smartphone,models/v2/clip_lora_fold4_best_v1.pt,models/v2/v2_10b_h2_balanced_logreg_fold4_v1.joblib
4,jpeg_q50,SMARTPHONE_981307,0,0.0035845711827278137,real::Smartphone,Smartphone,models/v2/clip_lora_fold4_best_v1.pt,models/v2/v2_10b_h2_balanced_logreg_fold4_v1.joblib
4,jpeg_q50,SMARTPHONE_870916,0,0.0008840030059218407,real::Smartphone,Smartphone,models/v2/clip_lora_fold4_best_v1.pt,models/v2/v2_10b_h2_balanced_logreg_fold4_v1.joblib
4,jpeg_q50,SMARTPHONE_942708,0,0.0003658854984678328,real::Smartphone,Smartphone,models/v2/clip_lora_fold4_best_v1.pt,models/v2/v2_10b_h2_balanced_logreg_fold4_v1.joblib
4,jpeg_q50,SMARTPHONE_318426,0,0.00029481289675459266,real::Smartphone,Smartphone,models/v2/clip_lora_fold4_best_v1.pt,models/v2/v2_10b_h2_balanced_logreg_fold4_v1.joblib
4,jpeg_q50,SMARTPHONE_742680,0,0.00020687151118181646,real::Smartphone,Smartphone,models/v2/clip_lora_fold4_best_v1.pt,models/v2/v2_10b_h2_balanced_logreg_fold4_v1.joblib
4,jpeg_q50,SMARTPHONE_27966,0,0.0018787741428241134,real::Smartphone,Smartphone,models/v2/clip_lora_fold4_best_v1.pt,models/v2/v2_10b_h2_balanced_logreg_fold4_v1.joblib
4,jpeg_q50,SMARTPHONE_323765,0,0.0004670741909649223,real::Smartphone,Smartphone,models/v2/clip_lora_fold4_best_v1.pt,models/v2/v2_10b_h2_balanced_logreg_fold4_v1.joblib
4,jpeg_q50,SMARTPHONE_820544,0,0.0004134471237193793,real::Smartphone,Smartphone,models/v2/clip_lora_fold4_best_v1.pt,models/v2/v2_10b_h2_balanced_logreg_fold4_v1.joblib
4,jpeg_q50,SMARTPHONE_859864,0,0.00046134256990626454,real::Smartphone,Smartphone,models/v2/clip_lora_fold4_best_v1.pt,models/v2/v2_10b_h2_balanced_logreg_fold4_v1.joblib
4,jpeg_q50,SMARTPHONE_270777,0,0.0007751206867396832,real::Smartphone,Smartphone,models/v2/clip_lora_fold4_best_v1.pt,models/v2/v2_10b_h2_balanced_logreg_fold4_v1.joblib
4,jpeg_q50,SMARTPHONE_625666,0,0.0012439164565876126,real::Smartphone,Smartphone,models/v2/clip_lora_fold4_best_v1.pt,models/v2/v2_10b_h2_balanced_logreg_fold4_v1.joblib
4,jpeg_q50,SMARTPHONE_579219,0,0.0017376288305968046,real::Smartphone,Smartphone,models/v2/clip_lora_fold4_best_v1.pt,models/v2/v2_10b_h2_balanced_logreg_fold4_v1.joblib
4,jpeg_q50,SMARTPHONE_490360,0,0.0018292772583663464,real::Smartphone,Smartphone,models/v2/clip_lora_fold4_best_v1.pt,models/v2/v2_10b_h2_balanced_logreg_fold4_v1.joblib
4,jpeg_q50,SMARTPHONE_119728,0,0.0006238623172976077,real::Smartphone,Smartphone,models/v2/clip_lora_fold4_best_v1.pt,models/v2/v2_10b_h2_balanced_logreg_fold4_v1.joblib
4,jpeg_q50,SMARTPHONE_475651,0,0.0006038445862941444,real::Smartphone,Smartphone,models/v2/clip_lora_fold4_best_v1.pt,models/v2/v2_10b_h2_balanced_logreg_fold4_v1.joblib
4,jpeg_q50,SMARTPHONE_122407,0,0.005544640123844147,real::Smartphone,Smartphone,models/v2/clip_lora_fold4_best_v1.pt,models/v2/v2_10b_h2_balanced_logreg_fold4_v1.joblib
4,jpeg_q50,SMARTPHONE_955778,0,9.446784679312259e-05,real::Smartphone,Smartphone,models/v2/clip_lora_fold4_best_v1.pt,models/v2/v2_10b_h2_balanced_logreg_fold4_v1.joblib
4,jpeg_q50,SMARTPHONE_663145,0,0.0002161840529879555,real::Smartphone,Smartphone,models/v2/clip_lora_fold4_best_v1.pt,models/v2/v2_10b_h2_balanced_logreg_fold4_v1.joblib
4,jpeg_q50,SMARTPHONE_488390,0,0.0013563953107222915,real::Smartphone,Smartphone,models/v2/clip_lora_fold4_best_v1.pt,models/v2/v2_10b_h2_balanced_logreg_fold4_v1.joblib
4,jpeg_q50,SMARTPHONE_441390,0,0.00017319401376880705,real::Smartphone,Smartphone,models/v2/clip_lora_fold4_best_v1.pt,models/v2/v2_10b_h2_balanced_logreg_fold4_v1.joblib
4,jpeg_q50,SMARTPHONE_935640,0,0.00019249126489739865,real::Smartphone,Smartphone,models/v2/clip_lora_fold4_best_v1.pt,models/v2/v2_10b_h2_balanced_logreg_fold4_v1.joblib
4,jpeg_q50,SMARTPHONE_84216,0,0.00034404045436531305,real::Smartphone,Smartphone,models/v2/clip_lora_fold4_best_v1.pt,models/v2/v2_10b_h2_balanced_logreg_fold4_v1.joblib
4,jpeg_q50,SMARTPHONE_708116,0,0.00026143647846765816,real::Smartphone,Smartphone,models/v2/clip_lora_fold4_best_v1.pt,models/v2/v2_10b_h2_balanced_logreg_fold4_v1.joblib
4,jpeg_q50,SMARTPHONE_299168,0,0.0003990432305727154,real::Smartphone,Smartphone,models/v2/clip_lora_fold4_best_v1.pt,models/v2/v2_10b_h2_balanced_logreg_fold4_v1.joblib
4,jpeg_q50,SMARTPHONE_334534,0,0.0003734423080459237,real::Smartphone,Smartphone,models/v2/clip_lora_fold4_best_v1.pt,models/v2/v2_10b_h2_balanced_logreg_fold4_v1.joblib
4,jpeg_q50,SMARTPHONE_694587,0,0.0025134580209851265,real::Smartphone,Smartphone,models/v2/clip_lora_fold4_best_v1.pt,models/v2/v2_10b_h2_balanced_logreg_fold4_v1.joblib
4,jpeg_q50,SMARTPHONE_905447,0,0.0004220216069370508,real::Smartphone,Smartphone,models/v2/clip_lora_fold4_best_v1.pt,models/v2/v2_10b_h2_balanced_logreg_fold4_v1.joblib
4,jpeg_q50,SMARTPHONE_844676,0,5.142877489561215e-05,real::Smartphone,Smartphone,models/v2/clip_lora_fold4_best_v1.pt,models/v2/v2_10b_h2_balanced_logreg_fold4_v1.joblib
4,jpeg_q50,SMARTPHONE_243727,0,0.0013483916409313679,real::Smartphone,Smartphone,models/v2/clip_lora_fold4_best_v1.pt,models/v2/v2_10b_h2_balanced_logreg_fold4_v1.joblib
4,jpeg_q50,SMARTPHONE_989294,0,0.001223329920321703,real::Smartphone,Smartphone,models/v2/clip_lora_fold4_best_v1.pt,models/v2/v2_10b_h2_balanced_logreg_fold4_v1.joblib
4,jpeg_q50,SMARTPHONE_848122,0,0.001488871406763792,real::Smartphone,Smartphone,models/v2/clip_lora_fold4_best_v1.pt,models/v2/v2_10b_h2_balanced_logreg_fold4_v1.joblib
4,jpeg_q50,SMARTPHONE_149671,0,0.004468637052923441,real::Smartphone,Smartphone,models/v2/clip_lora_fold4_best_v1.pt,models/v2/v2_10b_h2_balanced_logreg_fold4_v1.joblib
4,jpeg_q50,SMARTPHONE_868564,0,0.00020252703689038754,real::Smartphone,Smartphone,models/v2/clip_lora_fold4_best_v1.pt,models/v2/v2_10b_h2_balanced_logreg_fold4_v1.joblib
4,jpeg_q50,SMARTPHONE_66247,0,0.0006726524443365633,real::Smartphone,Smartphone,models/v2/clip_lora_fold4_best_v1.pt,models/v2/v2_10b_h2_balanced_logreg_fold4_v1.joblib
4,jpeg_q50,SMARTPHONE_983217,0,0.00036376185016706586,real::Smartphone,Smartphone,models/v2/clip_lora_fold4_best_v1.pt,models/v2/v2_10b_h2_balanced_logreg_fold4_v1.joblib
4,jpeg_q50,SMARTPHONE_98874,0,0.00019844893540721387,real::Smartphone,Smartphone,models/v2/clip_lora_fold4_best_v1.pt,models/v2/v2_10b_h2_balanced_logreg_fold4_v1.joblib
4,jpeg_q50,SMARTPHONE_583377,0,0.00017604377353563905,real::Smartphone,Smartphone,models/v2/clip_lora_fold4_best_v1.pt,models/v2/v2_10b_h2_balanced_logreg_fold4_v1.joblib
4,jpeg_q50,SMARTPHONE_507774,0,0.0003825500316452235,real::Smartphone,Smartphone,models/v2/clip_lora_fold4_best_v1.pt,models/v2/v2_10b_h2_balanced_logreg_fold4_v1.joblib
4,jpeg_q50,SMARTPHONE_691644,0,0.0001000238407868892,real::Smartphone,Smartphone,models/v2/clip_lora_fold4_best_v1.pt,models/v2/v2_10b_h2_balanced_logreg_fold4_v1.joblib
4,jpeg_q50,SMARTPHONE_577223,0,0.000516787520609796,real::Smartphone,Smartphone,models/v2/clip_lora_fold4_best_v1.pt,models/v2/v2_10b_h2_balanced_logreg_fold4_v1.joblib
4,jpeg_q50,SMARTPHONE_570390,0,0.007702506612986326,real::Smartphone,Smartphone,models/v2/clip_lora_fold4_best_v1.pt,models/v2/v2_10b_h2_balanced_logreg_fold4_v1.joblib
4,jpeg_q50,SMARTPHONE_428920,0,0.00109940639231354,real::Smartphone,Smartphone,models/v2/clip_lora_fold4_best_v1.pt,models/v2/v2_10b_h2_balanced_logreg_fold4_v1.joblib
4,jpeg_q50,SMARTPHONE_238982,0,0.000107974985439796,real::Smartphone,Smartphone,models/v2/clip_lora_fold4_best_v1.pt,models/v2/v2_10b_h2_balanced_logreg_fold4_v1.joblib
4,jpeg_q50,SMARTPHONE_696723,0,0.0020661032758653164,real::Smartphone,Smartphone,models/v2/clip_lora_fold4_best_v1.pt,models/v2/v2_10b_h2_balanced_logreg_fold4_v1.joblib
4,jpeg_q50,SMARTPHONE_806581,0,0.0011286137159913778,real::Smartphone,Smartphone,models/v2/clip_lora_fold4_best_v1.pt,models/v2/v2_10b_h2_balanced_logreg_fold4_v1.joblib
4,jpeg_q50,SMARTPHONE_299424,0,0.0018477715784683824,real::Smartphone,Smartphone,models/v2/clip_lora_fold4_best_v1.pt,models/v2/v2_10b_h2_balanced_logreg_fold4_v1.joblib
4,jpeg_q50,SMARTPHONE_476590,0,0.007969757542014122,real::Smartphone,Smartphone,models/v2/clip_lora_fold4_best_v1.pt,models/v2/v2_10b_h2_balanced_logreg_fold4_v1.joblib
4,jpeg_q50,SMARTPHONE_510927,0,0.000916945980861783,real::Smartphone,Smartphone,models/v2/clip_lora_fold4_best_v1.pt,models/v2/v2_10b_h2_balanced_logreg_fold4_v1.joblib
4,jpeg_q50,SMARTPHONE_883526,0,0.0007214008364826441,real::Smartphone,Smartphone,models/v2/clip_lora_fold4_best_v1.pt,models/v2/v2_10b_h2_balanced_logreg_fold4_v1.joblib
4,jpeg_q50,SMARTPHONE_215884,0,0.0022969215642660856,real::Smartphone,Smartphone,models/v2/clip_lora_fold4_best_v1.pt,models/v2/v2_10b_h2_balanced_logreg_fold4_v1.joblib
4,jpeg_q50,SMARTPHONE_933366,0,0.0001425458467565477,real::Smartphone,Smartphone,models/v2/clip_lora_fold4_best_v1.pt,models/v2/v2_10b_h2_balanced_logreg_fold4_v1.joblib
4,jpeg_q50,SMARTPHONE_963937,0,0.0004246268654242158,real::Smartphone,Smartphone,models/v2/clip_lora_fold4_best_v1.pt,models/v2/v2_10b_h2_balanced_logreg_fold4_v1.joblib
4,jpeg_q50,SMARTPHONE_950858,0,0.0012621935456991196,real::Smartphone,Smartphone,models/v2/clip_lora_fold4_best_v1.pt,models/v2/v2_10b_h2_balanced_logreg_fold4_v1.joblib
4,jpeg_q50,SMARTPHONE_404163,0,0.005284731741994619,real::Smartphone,Smartphone,models/v2/clip_lora_fold4_best_v1.pt,models/v2/v2_10b_h2_balanced_logreg_fold4_v1.joblib
4,jpeg_q50,SMARTPHONE_948480,0,0.0007668870966881514,real::Smartphone,Smartphone,models/v2/clip_lora_fold4_best_v1.pt,models/v2/v2_10b_h2_balanced_logreg_fold4_v1.joblib
4,jpeg_q50,SMARTPHONE_102430,0,0.003816121257841587,real::Smartphone,Smartphone,models/v2/clip_lora_fold4_best_v1.pt,models/v2/v2_10b_h2_balanced_logreg_fold4_v1.joblib
4,jpeg_q50,SMARTPHONE_286376,0,0.00012135438737459481,real::Smartphone,Smartphone,models/v2/clip_lora_fold4_best_v1.pt,models/v2/v2_10b_h2_balanced_logreg_fold4_v1.joblib
4,jpeg_q50,SMARTPHONE_806603,0,0.002531443489715457,real::Smartphone,Smartphone,models/v2/clip_lora_fold4_best_v1.pt,models/v2/v2_10b_h2_balanced_logreg_fold4_v1.joblib
4,jpeg_q50,SMARTPHONE_55372,0,0.0022259748075157404,real::Smartphone,Smartphone,models/v2/clip_lora_fold4_best_v1.pt,models/v2/v2_10b_h2_balanced_logreg_fold4_v1.joblib
4,jpeg_q50,SMARTPHONE_166817,0,0.00019802384485956281,real::Smartphone,Smartphone,models/v2/clip_lora_fold4_best_v1.pt,models/v2/v2_10b_h2_balanced_logreg_fold4_v1.joblib
4,jpeg_q50,SMARTPHONE_226584,0,0.0015423946315422654,real::Smartphone,Smartphone,models/v2/clip_lora_fold4_best_v1.pt,models/v2/v2_10b_h2_balanced_logreg_fold4_v1.joblib
4,jpeg_q50,SMARTPHONE_816382,0,0.0003909497754648328,real::Smartphone,Smartphone,models/v2/clip_lora_fold4_best_v1.pt,models/v2/v2_10b_h2_balanced_logreg_fold4_v1.joblib
4,jpeg_q50,SMARTPHONE_346922,0,0.0002332881704205647,real::Smartphone,Smartphone,models/v2/clip_lora_fold4_best_v1.pt,models/v2/v2_10b_h2_balanced_logreg_fold4_v1.joblib
4,jpeg_q50,SMARTPHONE_77346,0,0.0005214702687226236,real::Smartphone,Smartphone,models/v2/clip_lora_fold4_best_v1.pt,models/v2/v2_10b_h2_balanced_logreg_fold4_v1.joblib
4,jpeg_q50,SMARTPHONE_670061,0,0.0005610449006780982,real::Smartphone,Smartphone,models/v2/clip_lora_fold4_best_v1.pt,models/v2/v2_10b_h2_balanced_logreg_fold4_v1.joblib
4,jpeg_q50,SMARTPHONE_1015273,0,0.00024351663887500763,real::Smartphone,Smartphone,models/v2/clip_lora_fold4_best_v1.pt,models/v2/v2_10b_h2_balanced_logreg_fold4_v1.joblib
4,jpeg_q50,SMARTPHONE_24728,0,8.50456563057378e-05,real::Smartphone,Smartphone,models/v2/clip_lora_fold4_best_v1.pt,models/v2/v2_10b_h2_balanced_logreg_fold4_v1.joblib
4,jpeg_q50,SMARTPHONE_39238,0,0.00844027753919363,real::Smartphone,Smartphone,models/v2/clip_lora_fold4_best_v1.pt,models/v2/v2_10b_h2_balanced_logreg_fold4_v1.joblib
4,jpeg_q50,SMARTPHONE_342534,0,0.0012094059493392706,real::Smartphone,Smartphone,models/v2/clip_lora_fold4_best_v1.pt,models/v2/v2_10b_h2_balanced_logreg_fold4_v1.joblib
4,jpeg_q50,SMARTPHONE_104494,0,9.2141650384292e-05,real::Smartphone,Smartphone,models/v2/clip_lora_fold4_best_v1.pt,models/v2/v2_10b_h2_balanced_logreg_fold4_v1.joblib
4,jpeg_q50,SMARTPHONE_636591,0,0.02657555416226387,real::Smartphone,Smartphone,models/v2/clip_lora_fold4_best_v1.pt,models/v2/v2_10b_h2_balanced_logreg_fold4_v1.joblib
4,jpeg_q50,SMARTPHONE_248008,0,0.0003641152288764715,real::Smartphone,Smartphone,models/v2/clip_lora_fold4_best_v1.pt,models/v2/v2_10b_h2_balanced_logreg_fold4_v1.joblib
4,jpeg_q50,SMARTPHONE_204711,0,0.0012704397086054087,real::Smartphone,Smartphone,models/v2/clip_lora_fold4_best_v1.pt,models/v2/v2_10b_h2_balanced_logreg_fold4_v1.joblib
4,jpeg_q50,SMARTPHONE_976959,0,0.0006149212713353336,real::Smartphone,Smartphone,models/v2/clip_lora_fold4_best_v1.pt,models/v2/v2_10b_h2_balanced_logreg_fold4_v1.joblib
4,jpeg_q50,SMARTPHONE_165101,0,0.0004877113678958267,real::Smartphone,Smartphone,models/v2/clip_lora_fold4_best_v1.pt,models/v2/v2_10b_h2_balanced_logreg_fold4_v1.joblib
4,jpeg_q50,SMARTPHONE_506356,0,0.0006950654787942767,real::Smartphone,Smartphone,models/v2/clip_lora_fold4_best_v1.pt,models/v2/v2_10b_h2_balanced_logreg_fold4_v1.joblib
4,jpeg_q50,SMARTPHONE_943065,0,0.000830740958917886,real::Smartphone,Smartphone,models/v2/clip_lora_fold4_best_v1.pt,models/v2/v2_10b_h2_balanced_logreg_fold4_v1.joblib
4,jpeg_q50,SMARTPHONE_775115,0,0.0004000338667538017,real::Smartphone,Smartphone,models/v2/clip_lora_fold4_best_v1.pt,models/v2/v2_10b_h2_balanced_logreg_fold4_v1.joblib
4,jpeg_q50,SMARTPHONE_267126,0,0.0009964994387701154,real::Smartphone,Smartphone,models/v2/clip_lora_fold4_best_v1.pt,models/v2/v2_10b_h2_balanced_logreg_fold4_v1.joblib
4,jpeg_q50,SMARTPHONE_813990,0,8.674968557897955e-05,real::Smartphone,Smartphone,models/v2/clip_lora_fold4_best_v1.pt,models/v2/v2_10b_h2_balanced_logreg_fold4_v1.joblib
4,jpeg_q50,SMARTPHONE_705719,0,0.00045941254938952625,real::Smartphone,Smartphone,models/v2/clip_lora_fold4_best_v1.pt,models/v2/v2_10b_h2_balanced_logreg_fold4_v1.joblib
4,jpeg_q50,SMARTPHONE_300398,0,0.000569986121263355,real::Smartphone,Smartphone,models/v2/clip_lora_fold4_best_v1.pt,models/v2/v2_10b_h2_balanced_logreg_fold4_v1.joblib
4,jpeg_q50,SMARTPHONE_605242,0,0.001106270938180387,real::Smartphone,Smartphone,models/v2/clip_lora_fold4_best_v1.pt,models/v2/v2_10b_h2_balanced_logreg_fold4_v1.joblib
4,jpeg_q50,SMARTPHONE_476852,0,0.002370494185015559,real::Smartphone,Smartphone,models/v2/clip_lora_fold4_best_v1.pt,models/v2/v2_10b_h2_balanced_logreg_fold4_v1.joblib
4,jpeg_q50,SMARTPHONE_586003,0,0.000582460721489042,real::Smartphone,Smartphone,models/v2/clip_lora_fold4_best_v1.pt,models/v2/v2_10b_h2_balanced_logreg_fold4_v1.joblib
4,jpeg_q50,SMARTPHONE_415955,0,0.00018072644888889045,real::Smartphone,Smartphone,models/v2/clip_lora_fold4_best_v1.pt,models/v2/v2_10b_h2_balanced_logreg_fold4_v1.joblib
4,jpeg_q50,SMARTPHONE_983469,0,0.0005715869483537972,real::Smartphone,Smartphone,models/v2/clip_lora_fold4_best_v1.pt,models/v2/v2_10b_h2_balanced_logreg_fold4_v1.joblib
4,jpeg_q50,SMARTPHONE_848429,0,0.00018747251306194812,real::Smartphone,Smartphone,models/v2/clip_lora_fold4_best_v1.pt,models/v2/v2_10b_h2_balanced_logreg_fold4_v1.joblib
4,jpeg_q50,SMARTPHONE_809215,0,0.00019892481213901192,real::Smartphone,Smartphone,models/v2/clip_lora_fold4_best_v1.pt,models/v2/v2_10b_h2_balanced_logreg_fold4_v1.joblib
4,jpeg_q50,SMARTPHONE_727593,0,0.0006354383076541126,real::Smartphone,Smartphone,models/v2/clip_lora_fold4_best_v1.pt,models/v2/v2_10b_h2_balanced_logreg_fold4_v1.joblib
4,jpeg_q50,SMARTPHONE_66762,0,0.00018248453852720559,real::Smartphone,Smartphone,models/v2/clip_lora_fold4_best_v1.pt,models/v2/v2_10b_h2_balanced_logreg_fold4_v1.joblib
4,jpeg_q50,SMARTPHONE_257072,0,0.00048055025399662554,real::Smartphone,Smartphone,models/v2/clip_lora_fold4_best_v1.pt,models/v2/v2_10b_h2_balanced_logreg_fold4_v1.joblib
4,jpeg_q50,SMARTPHONE_483456,0,0.0002462666598148644,real::Smartphone,Smartphone,models/v2/clip_lora_fold4_best_v1.pt,models/v2/v2_10b_h2_balanced_logreg_fold4_v1.joblib
4,jpeg_q50,SMARTPHONE_494712,0,0.000853683624882251,real::Smartphone,Smartphone,models/v2/clip_lora_fold4_best_v1.pt,models/v2/v2_10b_h2_balanced_logreg_fold4_v1.joblib
4,jpeg_q50,SMARTPHONE_883000,0,0.0005796898622065783,real::Smartphone,Smartphone,models/v2/clip_lora_fold4_best_v1.pt,models/v2/v2_10b_h2_balanced_logreg_fold4_v1.joblib
4,jpeg_q50,SMARTPHONE_879126,0,0.0004642491403501481,real::Smartphone,Smartphone,models/v2/clip_lora_fold4_best_v1.pt,models/v2/v2_10b_h2_balanced_logreg_fold4_v1.joblib
4,jpeg_q50,SMARTPHONE_39837,0,0.0003714576596394181,real::Smartphone,Smartphone,models/v2/clip_lora_fold4_best_v1.pt,models/v2/v2_10b_h2_balanced_logreg_fold4_v1.joblib
4,jpeg_q50,SMARTPHONE_1033666,0,0.004461769014596939,real::Smartphone,Smartphone,models/v2/clip_lora_fold4_best_v1.pt,models/v2/v2_10b_h2_balanced_logreg_fold4_v1.joblib
4,jpeg_q50,SMARTPHONE_1002811,0,0.0004184171848464757,real::Smartphone,Smartphone,models/v2/clip_lora_fold4_best_v1.pt,models/v2/v2_10b_h2_balanced_logreg_fold4_v1.joblib
4,jpeg_q50,SMARTPHONE_640187,0,0.0007552580209448934,real::Smartphone,Smartphone,models/v2/clip_lora_fold4_best_v1.pt,models/v2/v2_10b_h2_balanced_logreg_fold4_v1.joblib
4,jpeg_q50,SMARTPHONE_624066,0,0.00587850995361805,real::Smartphone,Smartphone,models/v2/clip_lora_fold4_best_v1.pt,models/v2/v2_10b_h2_balanced_logreg_fold4_v1.joblib
4,jpeg_q50,SMARTPHONE_809493,0,0.002575053134933114,real::Smartphone,Smartphone,models/v2/clip_lora_fold4_best_v1.pt,models/v2/v2_10b_h2_balanced_logreg_fold4_v1.joblib
4,jpeg_q50,SMARTPHONE_686409,0,0.00014949304750189185,real::Smartphone,Smartphone,models/v2/clip_lora_fold4_best_v1.pt,models/v2/v2_10b_h2_balanced_logreg_fold4_v1.joblib
4,jpeg_q50,SMARTPHONE_543198,0,0.002090743975713849,real::Smartphone,Smartphone,models/v2/clip_lora_fold4_best_v1.pt,models/v2/v2_10b_h2_balanced_logreg_fold4_v1.joblib
4,jpeg_q50,SMARTPHONE_661693,0,0.002172202803194523,real::Smartphone,Smartphone,models/v2/clip_lora_fold4_best_v1.pt,models/v2/v2_10b_h2_balanced_logreg_fold4_v1.joblib
4,jpeg_q50,SMARTPHONE_230225,0,0.0010816287249326706,real::Smartphone,Smartphone,models/v2/clip_lora_fold4_best_v1.pt,models/v2/v2_10b_h2_balanced_logreg_fold4_v1.joblib
4,jpeg_q50,SMARTPHONE_1010126,0,0.00040241196984425187,real::Smartphone,Smartphone,models/v2/clip_lora_fold4_best_v1.pt,models/v2/v2_10b_h2_balanced_logreg_fold4_v1.joblib
4,jpeg_q50,SMARTPHONE_909011,0,0.0006734189228154719,real::Smartphone,Smartphone,models/v2/clip_lora_fold4_best_v1.pt,models/v2/v2_10b_h2_balanced_logreg_fold4_v1.joblib
4,jpeg_q50,SMARTPHONE_527623,0,8.982671715784818e-05,real::Smartphone,Smartphone,models/v2/clip_lora_fold4_best_v1.pt,models/v2/v2_10b_h2_balanced_logreg_fold4_v1.joblib
4,jpeg_q50,SMARTPHONE_826493,0,0.0014907433651387691,real::Smartphone,Smartphone,models/v2/clip_lora_fold4_best_v1.pt,models/v2/v2_10b_h2_balanced_logreg_fold4_v1.joblib
4,jpeg_q50,SMARTPHONE_499885,0,0.0008132209768518806,real::Smartphone,Smartphone,models/v2/clip_lora_fold4_best_v1.pt,models/v2/v2_10b_h2_balanced_logreg_fold4_v1.joblib
4,jpeg_q50,SMARTPHONE_539735,0,0.0009638338815420866,real::Smartphone,Smartphone,models/v2/clip_lora_fold4_best_v1.pt,models/v2/v2_10b_h2_balanced_logreg_fold4_v1.joblib
4,jpeg_q50,SMARTPHONE_330547,0,0.005796348676085472,real::Smartphone,Smartphone,models/v2/clip_lora_fold4_best_v1.pt,models/v2/v2_10b_h2_balanced_logreg_fold4_v1.joblib
4,jpeg_q50,SMARTPHONE_663961,0,0.0015272138407453895,real::Smartphone,Smartphone,models/v2/clip_lora_fold4_best_v1.pt,models/v2/v2_10b_h2_balanced_logreg_fold4_v1.joblib
4,jpeg_q50,SMARTPHONE_477639,0,0.0005699250032193959,real::Smartphone,Smartphone,models/v2/clip_lora_fold4_best_v1.pt,models/v2/v2_10b_h2_balanced_logreg_fold4_v1.joblib
4,jpeg_q50,SMARTPHONE_1001088,0,0.0017895287601277232,real::Smartphone,Smartphone,models/v2/clip_lora_fold4_best_v1.pt,models/v2/v2_10b_h2_balanced_logreg_fold4_v1.joblib
4,jpeg_q50,SMARTPHONE_8274,0,0.00021673117589671165,real::Smartphone,Smartphone,models/v2/clip_lora_fold4_best_v1.pt,models/v2/v2_10b_h2_balanced_logreg_fold4_v1.joblib
4,jpeg_q50,SMARTPHONE_808022,0,0.000501801201608032,real::Smartphone,Smartphone,models/v2/clip_lora_fold4_best_v1.pt,models/v2/v2_10b_h2_balanced_logreg_fold4_v1.joblib
4,jpeg_q50,SMARTPHONE_475434,0,0.002108028158545494,real::Smartphone,Smartphone,models/v2/clip_lora_fold4_best_v1.pt,models/v2/v2_10b_h2_balanced_logreg_fold4_v1.joblib
4,jpeg_q50,SMARTPHONE_455547,0,0.00022482522763311863,real::Smartphone,Smartphone,models/v2/clip_lora_fold4_best_v1.pt,models/v2/v2_10b_h2_balanced_logreg_fold4_v1.joblib
4,jpeg_q50,SMARTPHONE_365232,0,0.00030571100069209933,real::Smartphone,Smartphone,models/v2/clip_lora_fold4_best_v1.pt,models/v2/v2_10b_h2_balanced_logreg_fold4_v1.joblib
4,jpeg_q50,SMARTPHONE_914541,0,0.0018288821447640657,real::Smartphone,Smartphone,models/v2/clip_lora_fold4_best_v1.pt,models/v2/v2_10b_h2_balanced_logreg_fold4_v1.joblib
4,jpeg_q50,SMARTPHONE_67029,0,0.0003850025241263211,real::Smartphone,Smartphone,models/v2/clip_lora_fold4_best_v1.pt,models/v2/v2_10b_h2_balanced_logreg_fold4_v1.joblib
4,jpeg_q50,SMARTPHONE_258304,0,0.0005449388991110027,real::Smartphone,Smartphone,models/v2/clip_lora_fold4_best_v1.pt,models/v2/v2_10b_h2_balanced_logreg_fold4_v1.joblib
4,jpeg_q50,SMARTPHONE_146005,0,0.002935754368081689,real::Smartphone,Smartphone,models/v2/clip_lora_fold4_best_v1.pt,models/v2/v2_10b_h2_balanced_logreg_fold4_v1.joblib
4,jpeg_q50,SMARTPHONE_643964,0,0.002968242857605219,real::Smartphone,Smartphone,models/v2/clip_lora_fold4_best_v1.pt,models/v2/v2_10b_h2_balanced_logreg_fold4_v1.joblib
4,jpeg_q50,SMARTPHONE_192824,0,0.00039014671347104013,real::Smartphone,Smartphone,models/v2/clip_lora_fold4_best_v1.pt,models/v2/v2_10b_h2_balanced_logreg_fold4_v1.joblib
4,jpeg_q50,SMARTPHONE_264810,0,0.0004221948329359293,real::Smartphone,Smartphone,models/v2/clip_lora_fold4_best_v1.pt,models/v2/v2_10b_h2_balanced_logreg_fold4_v1.joblib
4,jpeg_q50,SMARTPHONE_735592,0,0.0001203962237923406,real::Smartphone,Smartphone,models/v2/clip_lora_fold4_best_v1.pt,models/v2/v2_10b_h2_balanced_logreg_fold4_v1.joblib
4,jpeg_q50,SMARTPHONE_473443,0,0.0003506745561026037,real::Smartphone,Smartphone,models/v2/clip_lora_fold4_best_v1.pt,models/v2/v2_10b_h2_balanced_logreg_fold4_v1.joblib
4,jpeg_q50,SMARTPHONE_902600,0,0.00033474003430455923,real::Smartphone,Smartphone,models/v2/clip_lora_fold4_best_v1.pt,models/v2/v2_10b_h2_balanced_logreg_fold4_v1.joblib
4,jpeg_q50,SMARTPHONE_166294,0,0.00035544997081160545,real::Smartphone,Smartphone,models/v2/clip_lora_fold4_best_v1.pt,models/v2/v2_10b_h2_balanced_logreg_fold4_v1.joblib
4,jpeg_q50,SMARTPHONE_870855,0,0.0002861515386030078,real::Smartphone,Smartphone,models/v2/clip_lora_fold4_best_v1.pt,models/v2/v2_10b_h2_balanced_logreg_fold4_v1.joblib
4,jpeg_q50,SMARTPHONE_994349,0,0.00024917881819419563,real::Smartphone,Smartphone,models/v2/clip_lora_fold4_best_v1.pt,models/v2/v2_10b_h2_balanced_logreg_fold4_v1.joblib
4,jpeg_q50,SMARTPHONE_413030,0,0.014903402887284756,real::Smartphone,Smartphone,models/v2/clip_lora_fold4_best_v1.pt,models/v2/v2_10b_h2_balanced_logreg_fold4_v1.joblib
4,jpeg_q50,SMARTPHONE_554363,0,0.003134877420961857,real::Smartphone,Smartphone,models/v2/clip_lora_fold4_best_v1.pt,models/v2/v2_10b_h2_balanced_logreg_fold4_v1.joblib
4,jpeg_q50,SMARTPHONE_67228,0,0.0009431284852325916,real::Smartphone,Smartphone,models/v2/clip_lora_fold4_best_v1.pt,models/v2/v2_10b_h2_balanced_logreg_fold4_v1.joblib
4,jpeg_q50,SMARTPHONE_800579,0,0.00025622572866268456,real::Smartphone,Smartphone,models/v2/clip_lora_fold4_best_v1.pt,models/v2/v2_10b_h2_balanced_logreg_fold4_v1.joblib
4,jpeg_q50,SMARTPHONE_569429,0,0.00044798816088587046,real::Smartphone,Smartphone,models/v2/clip_lora_fold4_best_v1.pt,models/v2/v2_10b_h2_balanced_logreg_fold4_v1.joblib
4,jpeg_q50,SMARTPHONE_85583,0,0.0013956984039396048,real::Smartphone,Smartphone,models/v2/clip_lora_fold4_best_v1.pt,models/v2/v2_10b_h2_balanced_logreg_fold4_v1.joblib
4,jpeg_q50,SMARTPHONE_234705,0,0.00033229272230528295,real::Smartphone,Smartphone,models/v2/clip_lora_fold4_best_v1.pt,models/v2/v2_10b_h2_balanced_logreg_fold4_v1.joblib
4,jpeg_q50,SMARTPHONE_591050,0,0.0019257481908425689,real::Smartphone,Smartphone,models/v2/clip_lora_fold4_best_v1.pt,models/v2/v2_10b_h2_balanced_logreg_fold4_v1.joblib
4,jpeg_q50,SMARTPHONE_507755,0,0.001107637071982026,real::Smartphone,Smartphone,models/v2/clip_lora_fold4_best_v1.pt,models/v2/v2_10b_h2_balanced_logreg_fold4_v1.joblib
4,jpeg_q50,SMARTPHONE_598833,0,0.0004292485537007451,real::Smartphone,Smartphone,models/v2/clip_lora_fold4_best_v1.pt,models/v2/v2_10b_h2_balanced_logreg_fold4_v1.joblib
4,jpeg_q50,SMARTPHONE_280965,0,0.002106510102748871,real::Smartphone,Smartphone,models/v2/clip_lora_fold4_best_v1.pt,models/v2/v2_10b_h2_balanced_logreg_fold4_v1.joblib
4,jpeg_q50,SMARTPHONE_77738,0,0.00523347919806838,real::Smartphone,Smartphone,models/v2/clip_lora_fold4_best_v1.pt,models/v2/v2_10b_h2_balanced_logreg_fold4_v1.joblib
4,jpeg_q50,SMARTPHONE_812529,0,0.004328311420977116,real::Smartphone,Smartphone,models/v2/clip_lora_fold4_best_v1.pt,models/v2/v2_10b_h2_balanced_logreg_fold4_v1.joblib
4,jpeg_q50,SMARTPHONE_78372,0,0.0006198055925779045,real::Smartphone,Smartphone,models/v2/clip_lora_fold4_best_v1.pt,models/v2/v2_10b_h2_balanced_logreg_fold4_v1.joblib
4,jpeg_q50,SMARTPHONE_596146,0,0.0009116077562794089,real::Smartphone,Smartphone,models/v2/clip_lora_fold4_best_v1.pt,models/v2/v2_10b_h2_balanced_logreg_fold4_v1.joblib
4,jpeg_q50,SMARTPHONE_887107,0,0.003004965605214238,real::Smartphone,Smartphone,models/v2/clip_lora_fold4_best_v1.pt,models/v2/v2_10b_h2_balanced_logreg_fold4_v1.joblib
4,jpeg_q50,SMARTPHONE_368939,0,0.0007252728100866079,real::Smartphone,Smartphone,models/v2/clip_lora_fold4_best_v1.pt,models/v2/v2_10b_h2_balanced_logreg_fold4_v1.joblib
4,jpeg_q50,SMARTPHONE_342674,0,0.0007464041118510067,real::Smartphone,Smartphone,models/v2/clip_lora_fold4_best_v1.pt,models/v2/v2_10b_h2_balanced_logreg_fold4_v1.joblib
4,jpeg_q50,SMARTPHONE_344016,0,0.0002846403222065419,real::Smartphone,Smartphone,models/v2/clip_lora_fold4_best_v1.pt,models/v2/v2_10b_h2_balanced_logreg_fold4_v1.joblib
4,jpeg_q50,SMARTPHONE_43238,0,0.00024002599820960313,real::Smartphone,Smartphone,models/v2/clip_lora_fold4_best_v1.pt,models/v2/v2_10b_h2_balanced_logreg_fold4_v1.joblib
4,jpeg_q50,SMARTPHONE_184074,0,0.0004353113181423396,real::Smartphone,Smartphone,models/v2/clip_lora_fold4_best_v1.pt,models/v2/v2_10b_h2_balanced_logreg_fold4_v1.joblib
4,jpeg_q50,SMARTPHONE_676931,0,0.0006671948940493166,real::Smartphone,Smartphone,models/v2/clip_lora_fold4_best_v1.pt,models/v2/v2_10b_h2_balanced_logreg_fold4_v1.joblib
4,jpeg_q50,SMARTPHONE_105321,0,0.0007131276652216911,real::Smartphone,Smartphone,models/v2/clip_lora_fold4_best_v1.pt,models/v2/v2_10b_h2_balanced_logreg_fold4_v1.joblib
4,jpeg_q50,SMARTPHONE_935417,0,0.00048096838872879744,real::Smartphone,Smartphone,models/v2/clip_lora_fold4_best_v1.pt,models/v2/v2_10b_h2_balanced_logreg_fold4_v1.joblib
4,jpeg_q50,SMARTPHONE_460128,0,0.0006386236054822803,real::Smartphone,Smartphone,models/v2/clip_lora_fold4_best_v1.pt,models/v2/v2_10b_h2_balanced_logreg_fold4_v1.joblib
4,jpeg_q50,SMARTPHONE_835331,0,0.00047263543820008636,real::Smartphone,Smartphone,models/v2/clip_lora_fold4_best_v1.pt,models/v2/v2_10b_h2_balanced_logreg_fold4_v1.joblib
4,jpeg_q50,SMARTPHONE_177160,0,0.0006687998538836837,real::Smartphone,Smartphone,models/v2/clip_lora_fold4_best_v1.pt,models/v2/v2_10b_h2_balanced_logreg_fold4_v1.joblib
4,jpeg_q50,SMARTPHONE_1021275,0,0.0017929699970409274,real::Smartphone,Smartphone,models/v2/clip_lora_fold4_best_v1.pt,models/v2/v2_10b_h2_balanced_logreg_fold4_v1.joblib
4,jpeg_q50,SMARTPHONE_204780,0,0.0002241931069875136,real::Smartphone,Smartphone,models/v2/clip_lora_fold4_best_v1.pt,models/v2/v2_10b_h2_balanced_logreg_fold4_v1.joblib
4,jpeg_q50,SMARTPHONE_773459,0,0.0004442924982868135,real::Smartphone,Smartphone,models/v2/clip_lora_fold4_best_v1.pt,models/v2/v2_10b_h2_balanced_logreg_fold4_v1.joblib
4,jpeg_q50,SMARTPHONE_540448,0,0.013562391512095928,real::Smartphone,Smartphone,models/v2/clip_lora_fold4_best_v1.pt,models/v2/v2_10b_h2_balanced_logreg_fold4_v1.joblib
4,jpeg_q50,SMARTPHONE_240023,0,0.0034462185576558113,real::Smartphone,Smartphone,models/v2/clip_lora_fold4_best_v1.pt,models/v2/v2_10b_h2_balanced_logreg_fold4_v1.joblib
4,jpeg_q50,SMARTPHONE_174486,0,0.003122745780274272,real::Smartphone,Smartphone,models/v2/clip_lora_fold4_best_v1.pt,models/v2/v2_10b_h2_balanced_logreg_fold4_v1.joblib
4,jpeg_q50,SMARTPHONE_70177,0,0.0023111007176339626,real::Smartphone,Smartphone,models/v2/clip_lora_fold4_best_v1.pt,models/v2/v2_10b_h2_balanced_logreg_fold4_v1.joblib
4,jpeg_q50,SMARTPHONE_693345,0,0.00026169855846092105,real::Smartphone,Smartphone,models/v2/clip_lora_fold4_best_v1.pt,models/v2/v2_10b_h2_balanced_logreg_fold4_v1.joblib
4,jpeg_q50,SMARTPHONE_640129,0,0.0007263684528879821,real::Smartphone,Smartphone,models/v2/clip_lora_fold4_best_v1.pt,models/v2/v2_10b_h2_balanced_logreg_fold4_v1.joblib
4,jpeg_q50,SMARTPHONE_553160,0,0.0007644672296009958,real::Smartphone,Smartphone,models/v2/clip_lora_fold4_best_v1.pt,models/v2/v2_10b_h2_balanced_logreg_fold4_v1.joblib
4,jpeg_q50,SMARTPHONE_886082,0,0.0009627278777770698,real::Smartphone,Smartphone,models/v2/clip_lora_fold4_best_v1.pt,models/v2/v2_10b_h2_balanced_logreg_fold4_v1.joblib
4,jpeg_q50,SMARTPHONE_490872,0,0.0023181294091045856,real::Smartphone,Smartphone,models/v2/clip_lora_fold4_best_v1.pt,models/v2/v2_10b_h2_balanced_logreg_fold4_v1.joblib
4,jpeg_q50,SMARTPHONE_47624,0,0.001966825220733881,real::Smartphone,Smartphone,models/v2/clip_lora_fold4_best_v1.pt,models/v2/v2_10b_h2_balanced_logreg_fold4_v1.joblib
4,jpeg_q50,SMARTPHONE_184572,0,0.0005111551145091653,real::Smartphone,Smartphone,models/v2/clip_lora_fold4_best_v1.pt,models/v2/v2_10b_h2_balanced_logreg_fold4_v1.joblib
4,jpeg_q50,SMARTPHONE_444490,0,0.0006519569433294237,real::Smartphone,Smartphone,models/v2/clip_lora_fold4_best_v1.pt,models/v2/v2_10b_h2_balanced_logreg_fold4_v1.joblib
4,jpeg_q50,SMARTPHONE_611049,0,0.00470378715544939,real::Smartphone,Smartphone,models/v2/clip_lora_fold4_best_v1.pt,models/v2/v2_10b_h2_balanced_logreg_fold4_v1.joblib
4,jpeg_q50,SMARTPHONE_605763,0,0.0003017488634213805,real::Smartphone,Smartphone,models/v2/clip_lora_fold4_best_v1.pt,models/v2/v2_10b_h2_balanced_logreg_fold4_v1.joblib
4,jpeg_q50,SMARTPHONE_806085,0,0.0003467712667770684,real::Smartphone,Smartphone,models/v2/clip_lora_fold4_best_v1.pt,models/v2/v2_10b_h2_balanced_logreg_fold4_v1.joblib
4,jpeg_q50,SMARTPHONE_768411,0,0.001761406078003347,real::Smartphone,Smartphone,models/v2/clip_lora_fold4_best_v1.pt,models/v2/v2_10b_h2_balanced_logreg_fold4_v1.joblib
4,jpeg_q50,SMARTPHONE_503393,0,0.000675475166644901,real::Smartphone,Smartphone,models/v2/clip_lora_fold4_best_v1.pt,models/v2/v2_10b_h2_balanced_logreg_fold4_v1.joblib
4,jpeg_q50,SMARTPHONE_353968,0,0.0002419281518086791,real::Smartphone,Smartphone,models/v2/clip_lora_fold4_best_v1.pt,models/v2/v2_10b_h2_balanced_logreg_fold4_v1.joblib
4,jpeg_q50,SMARTPHONE_489482,0,0.001876272028312087,real::Smartphone,Smartphone,models/v2/clip_lora_fold4_best_v1.pt,models/v2/v2_10b_h2_balanced_logreg_fold4_v1.joblib
4,jpeg_q50,SMARTPHONE_279081,0,0.0028876252472400665,real::Smartphone,Smartphone,models/v2/clip_lora_fold4_best_v1.pt,models/v2/v2_10b_h2_balanced_logreg_fold4_v1.joblib
4,jpeg_q50,SMARTPHONE_682499,0,0.0004362189501989633,real::Smartphone,Smartphone,models/v2/clip_lora_fold4_best_v1.pt,models/v2/v2_10b_h2_balanced_logreg_fold4_v1.joblib
4,jpeg_q50,SMARTPHONE_557416,0,0.0026705919299274683,real::Smartphone,Smartphone,models/v2/clip_lora_fold4_best_v1.pt,models/v2/v2_10b_h2_balanced_logreg_fold4_v1.joblib
4,jpeg_q50,SMARTPHONE_455613,0,0.0011196795385330915,real::Smartphone,Smartphone,models/v2/clip_lora_fold4_best_v1.pt,models/v2/v2_10b_h2_balanced_logreg_fold4_v1.joblib
4,jpeg_q50,SMARTPHONE_237870,0,0.0009788861498236656,real::Smartphone,Smartphone,models/v2/clip_lora_fold4_best_v1.pt,models/v2/v2_10b_h2_balanced_logreg_fold4_v1.joblib
4,jpeg_q50,SMARTPHONE_360566,0,0.006943755783140659,real::Smartphone,Smartphone,models/v2/clip_lora_fold4_best_v1.pt,models/v2/v2_10b_h2_balanced_logreg_fold4_v1.joblib
4,jpeg_q50,SMARTPHONE_51501,0,0.0005685596261173487,real::Smartphone,Smartphone,models/v2/clip_lora_fold4_best_v1.pt,models/v2/v2_10b_h2_balanced_logreg_fold4_v1.joblib
4,jpeg_q50,SMARTPHONE_1005229,0,0.0009708604193292558,real::Smartphone,Smartphone,models/v2/clip_lora_fold4_best_v1.pt,models/v2/v2_10b_h2_balanced_logreg_fold4_v1.joblib
4,jpeg_q50,SMARTPHONE_54688,0,0.002007463714107871,real::Smartphone,Smartphone,models/v2/clip_lora_fold4_best_v1.pt,models/v2/v2_10b_h2_balanced_logreg_fold4_v1.joblib
4,jpeg_q50,SMARTPHONE_514549,0,0.0011512021301314235,real::Smartphone,Smartphone,models/v2/clip_lora_fold4_best_v1.pt,models/v2/v2_10b_h2_balanced_logreg_fold4_v1.joblib
4,jpeg_q50,SMARTPHONE_668457,0,0.002331953262910247,real::Smartphone,Smartphone,models/v2/clip_lora_fold4_best_v1.pt,models/v2/v2_10b_h2_balanced_logreg_fold4_v1.joblib
4,jpeg_q50,SMARTPHONE_903525,0,0.00014504608407150954,real::Smartphone,Smartphone,models/v2/clip_lora_fold4_best_v1.pt,models/v2/v2_10b_h2_balanced_logreg_fold4_v1.joblib
4,jpeg_q50,SMARTPHONE_954717,0,0.0003069858648814261,real::Smartphone,Smartphone,models/v2/clip_lora_fold4_best_v1.pt,models/v2/v2_10b_h2_balanced_logreg_fold4_v1.joblib
4,jpeg_q50,SMARTPHONE_868108,0,0.002025615656748414,real::Smartphone,Smartphone,models/v2/clip_lora_fold4_best_v1.pt,models/v2/v2_10b_h2_balanced_logreg_fold4_v1.joblib
4,jpeg_q50,SMARTPHONE_676465,0,0.0007618549279868603,real::Smartphone,Smartphone,models/v2/clip_lora_fold4_best_v1.pt,models/v2/v2_10b_h2_balanced_logreg_fold4_v1.joblib
4,jpeg_q50,SMARTPHONE_287625,0,0.01994331367313862,real::Smartphone,Smartphone,models/v2/clip_lora_fold4_best_v1.pt,models/v2/v2_10b_h2_balanced_logreg_fold4_v1.joblib
4,jpeg_q50,SMARTPHONE_84030,0,0.000372821930795908,real::Smartphone,Smartphone,models/v2/clip_lora_fold4_best_v1.pt,models/v2/v2_10b_h2_balanced_logreg_fold4_v1.joblib
4,jpeg_q50,SMARTPHONE_710207,0,0.003147801151499152,real::Smartphone,Smartphone,models/v2/clip_lora_fold4_best_v1.pt,models/v2/v2_10b_h2_balanced_logreg_fold4_v1.joblib
4,jpeg_q50,SMARTPHONE_331071,0,0.0005369897116906941,real::Smartphone,Smartphone,models/v2/clip_lora_fold4_best_v1.pt,models/v2/v2_10b_h2_balanced_logreg_fold4_v1.joblib
4,jpeg_q50,SMARTPHONE_573837,0,0.00044085431727580726,real::Smartphone,Smartphone,models/v2/clip_lora_fold4_best_v1.pt,models/v2/v2_10b_h2_balanced_logreg_fold4_v1.joblib
4,jpeg_q50,SMARTPHONE_1017010,0,0.0008601376321166754,real::Smartphone,Smartphone,models/v2/clip_lora_fold4_best_v1.pt,models/v2/v2_10b_h2_balanced_logreg_fold4_v1.joblib
4,jpeg_q50,SMARTPHONE_722709,0,0.0002604756155051291,real::Smartphone,Smartphone,models/v2/clip_lora_fold4_best_v1.pt,models/v2/v2_10b_h2_balanced_logreg_fold4_v1.joblib
4,jpeg_q50,SMARTPHONE_1026164,0,0.0049649677239358425,real::Smartphone,Smartphone,models/v2/clip_lora_fold4_best_v1.pt,models/v2/v2_10b_h2_balanced_logreg_fold4_v1.joblib
4,jpeg_q50,SMARTPHONE_851453,0,0.001792186638340354,real::Smartphone,Smartphone,models/v2/clip_lora_fold4_best_v1.pt,models/v2/v2_10b_h2_balanced_logreg_fold4_v1.joblib
4,jpeg_q50,SMARTPHONE_210846,0,0.0012677550548687577,real::Smartphone,Smartphone,models/v2/clip_lora_fold4_best_v1.pt,models/v2/v2_10b_h2_balanced_logreg_fold4_v1.joblib
4,jpeg_q50,SMARTPHONE_335183,0,0.0023613160010427237,real::Smartphone,Smartphone,models/v2/clip_lora_fold4_best_v1.pt,models/v2/v2_10b_h2_balanced_logreg_fold4_v1.joblib
4,jpeg_q50,SMARTPHONE_157015,0,0.00014015658234711736,real::Smartphone,Smartphone,models/v2/clip_lora_fold4_best_v1.pt,models/v2/v2_10b_h2_balanced_logreg_fold4_v1.joblib
4,jpeg_q50,SMARTPHONE_230063,0,0.0009567723609507084,real::Smartphone,Smartphone,models/v2/clip_lora_fold4_best_v1.pt,models/v2/v2_10b_h2_balanced_logreg_fold4_v1.joblib
4,jpeg_q50,SMARTPHONE_611487,0,0.0007580665987916291,real::Smartphone,Smartphone,models/v2/clip_lora_fold4_best_v1.pt,models/v2/v2_10b_h2_balanced_logreg_fold4_v1.joblib
4,jpeg_q50,SMARTPHONE_1002186,0,0.004574304912239313,real::Smartphone,Smartphone,models/v2/clip_lora_fold4_best_v1.pt,models/v2/v2_10b_h2_balanced_logreg_fold4_v1.joblib
4,jpeg_q50,SMARTPHONE_859563,0,0.0037916649598628283,real::Smartphone,Smartphone,models/v2/clip_lora_fold4_best_v1.pt,models/v2/v2_10b_h2_balanced_logreg_fold4_v1.joblib
4,jpeg_q50,SMARTPHONE_1023840,0,0.0029073222540318966,real::Smartphone,Smartphone,models/v2/clip_lora_fold4_best_v1.pt,models/v2/v2_10b_h2_balanced_logreg_fold4_v1.joblib
4,jpeg_q50,SMARTPHONE_915040,0,0.001799887279048562,real::Smartphone,Smartphone,models/v2/clip_lora_fold4_best_v1.pt,models/v2/v2_10b_h2_balanced_logreg_fold4_v1.joblib
4,jpeg_q50,SMARTPHONE_894996,0,0.000262995483353734,real::Smartphone,Smartphone,models/v2/clip_lora_fold4_best_v1.pt,models/v2/v2_10b_h2_balanced_logreg_fold4_v1.joblib
4,jpeg_q50,SMARTPHONE_761561,0,0.017227916046977043,real::Smartphone,Smartphone,models/v2/clip_lora_fold4_best_v1.pt,models/v2/v2_10b_h2_balanced_logreg_fold4_v1.joblib
4,jpeg_q50,SMARTPHONE_641647,0,0.00016982592933345586,real::Smartphone,Smartphone,models/v2/clip_lora_fold4_best_v1.pt,models/v2/v2_10b_h2_balanced_logreg_fold4_v1.joblib
4,jpeg_q50,SMARTPHONE_358445,0,0.005129062104970217,real::Smartphone,Smartphone,models/v2/clip_lora_fold4_best_v1.pt,models/v2/v2_10b_h2_balanced_logreg_fold4_v1.joblib
4,jpeg_q50,SMARTPHONE_837760,0,0.001538443029858172,real::Smartphone,Smartphone,models/v2/clip_lora_fold4_best_v1.pt,models/v2/v2_10b_h2_balanced_logreg_fold4_v1.joblib
4,jpeg_q50,SMARTPHONE_205205,0,0.0005172892124392092,real::Smartphone,Smartphone,models/v2/clip_lora_fold4_best_v1.pt,models/v2/v2_10b_h2_balanced_logreg_fold4_v1.joblib
4,jpeg_q50,SMARTPHONE_515628,0,0.02064673975110054,real::Smartphone,Smartphone,models/v2/clip_lora_fold4_best_v1.pt,models/v2/v2_10b_h2_balanced_logreg_fold4_v1.joblib
4,jpeg_q50,SMARTPHONE_277701,0,0.004238947760313749,real::Smartphone,Smartphone,models/v2/clip_lora_fold4_best_v1.pt,models/v2/v2_10b_h2_balanced_logreg_fold4_v1.joblib
4,jpeg_q50,SMARTPHONE_483125,0,0.0002924819418694824,real::Smartphone,Smartphone,models/v2/clip_lora_fold4_best_v1.pt,models/v2/v2_10b_h2_balanced_logreg_fold4_v1.joblib
4,jpeg_q50,SMARTPHONE_602425,0,0.0034621499944478273,real::Smartphone,Smartphone,models/v2/clip_lora_fold4_best_v1.pt,models/v2/v2_10b_h2_balanced_logreg_fold4_v1.joblib
4,jpeg_q50,SMARTPHONE_1009781,0,0.002956367563456297,real::Smartphone,Smartphone,models/v2/clip_lora_fold4_best_v1.pt,models/v2/v2_10b_h2_balanced_logreg_fold4_v1.joblib
4,jpeg_q50,SMARTPHONE_787244,0,0.0009051855886355042,real::Smartphone,Smartphone,models/v2/clip_lora_fold4_best_v1.pt,models/v2/v2_10b_h2_balanced_logreg_fold4_v1.joblib
4,jpeg_q50,SMARTPHONE_673708,0,0.012626446783542633,real::Smartphone,Smartphone,models/v2/clip_lora_fold4_best_v1.pt,models/v2/v2_10b_h2_balanced_logreg_fold4_v1.joblib
4,jpeg_q50,SMARTPHONE_818200,0,0.00107005110476166,real::Smartphone,Smartphone,models/v2/clip_lora_fold4_best_v1.pt,models/v2/v2_10b_h2_balanced_logreg_fold4_v1.joblib
4,jpeg_q50,SMARTPHONE_242024,0,0.01262774970382452,real::Smartphone,Smartphone,models/v2/clip_lora_fold4_best_v1.pt,models/v2/v2_10b_h2_balanced_logreg_fold4_v1.joblib
4,jpeg_q50,SMARTPHONE_182817,0,0.0001217055250890553,real::Smartphone,Smartphone,models/v2/clip_lora_fold4_best_v1.pt,models/v2/v2_10b_h2_balanced_logreg_fold4_v1.joblib
4,jpeg_q50,SMARTPHONE_168294,0,5.5434029491152614e-05,real::Smartphone,Smartphone,models/v2/clip_lora_fold4_best_v1.pt,models/v2/v2_10b_h2_balanced_logreg_fold4_v1.joblib
4,jpeg_q50,SMARTPHONE_112112,0,0.013912063091993332,real::Smartphone,Smartphone,models/v2/clip_lora_fold4_best_v1.pt,models/v2/v2_10b_h2_balanced_logreg_fold4_v1.joblib
4,jpeg_q50,SMARTPHONE_938929,0,0.00023059311206452549,real::Smartphone,Smartphone,models/v2/clip_lora_fold4_best_v1.pt,models/v2/v2_10b_h2_balanced_logreg_fold4_v1.joblib
4,jpeg_q50,SMARTPHONE_868813,0,0.0017855969490483403,real::Smartphone,Smartphone,models/v2/clip_lora_fold4_best_v1.pt,models/v2/v2_10b_h2_balanced_logreg_fold4_v1.joblib
4,jpeg_q50,SMARTPHONE_991776,0,0.0074175274930894375,real::Smartphone,Smartphone,models/v2/clip_lora_fold4_best_v1.pt,models/v2/v2_10b_h2_balanced_logreg_fold4_v1.joblib
4,jpeg_q50,SMARTPHONE_700062,0,0.000299767212709412,real::Smartphone,Smartphone,models/v2/clip_lora_fold4_best_v1.pt,models/v2/v2_10b_h2_balanced_logreg_fold4_v1.joblib
4,jpeg_q50,SMARTPHONE_746908,0,0.00020769843831658363,real::Smartphone,Smartphone,models/v2/clip_lora_fold4_best_v1.pt,models/v2/v2_10b_h2_balanced_logreg_fold4_v1.joblib
4,jpeg_q50,SMARTPHONE_361109,0,0.00027492817025631666,real::Smartphone,Smartphone,models/v2/clip_lora_fold4_best_v1.pt,models/v2/v2_10b_h2_balanced_logreg_fold4_v1.joblib
4,jpeg_q50,SMARTPHONE_125986,0,0.0023172462824732065,real::Smartphone,Smartphone,models/v2/clip_lora_fold4_best_v1.pt,models/v2/v2_10b_h2_balanced_logreg_fold4_v1.joblib
4,jpeg_q50,SMARTPHONE_241100,0,0.0005131030920892954,real::Smartphone,Smartphone,models/v2/clip_lora_fold4_best_v1.pt,models/v2/v2_10b_h2_balanced_logreg_fold4_v1.joblib
4,jpeg_q50,SMARTPHONE_357393,0,0.005051404237747192,real::Smartphone,Smartphone,models/v2/clip_lora_fold4_best_v1.pt,models/v2/v2_10b_h2_balanced_logreg_fold4_v1.joblib
4,jpeg_q50,SMARTPHONE_144417,0,0.000706929829902947,real::Smartphone,Smartphone,models/v2/clip_lora_fold4_best_v1.pt,models/v2/v2_10b_h2_balanced_logreg_fold4_v1.joblib
4,jpeg_q50,SMARTPHONE_604378,0,0.001558882649987936,real::Smartphone,Smartphone,models/v2/clip_lora_fold4_best_v1.pt,models/v2/v2_10b_h2_balanced_logreg_fold4_v1.joblib
4,jpeg_q50,SMARTPHONE_389148,0,0.00025791124789975584,real::Smartphone,Smartphone,models/v2/clip_lora_fold4_best_v1.pt,models/v2/v2_10b_h2_balanced_logreg_fold4_v1.joblib
4,jpeg_q50,SMARTPHONE_44975,0,0.0007295543910004199,real::Smartphone,Smartphone,models/v2/clip_lora_fold4_best_v1.pt,models/v2/v2_10b_h2_balanced_logreg_fold4_v1.joblib
4,jpeg_q50,SMARTPHONE_747043,0,0.00031090647098608315,real::Smartphone,Smartphone,models/v2/clip_lora_fold4_best_v1.pt,models/v2/v2_10b_h2_balanced_logreg_fold4_v1.joblib
4,jpeg_q50,SMARTPHONE_701632,0,0.0004950001020915806,real::Smartphone,Smartphone,models/v2/clip_lora_fold4_best_v1.pt,models/v2/v2_10b_h2_balanced_logreg_fold4_v1.joblib
4,jpeg_q50,SMARTPHONE_631653,0,0.0006190174608491361,real::Smartphone,Smartphone,models/v2/clip_lora_fold4_best_v1.pt,models/v2/v2_10b_h2_balanced_logreg_fold4_v1.joblib
4,jpeg_q50,SMARTPHONE_948366,0,0.0003976338484790176,real::Smartphone,Smartphone,models/v2/clip_lora_fold4_best_v1.pt,models/v2/v2_10b_h2_balanced_logreg_fold4_v1.joblib
4,jpeg_q50,SMARTPHONE_76623,0,0.0005592477973550558,real::Smartphone,Smartphone,models/v2/clip_lora_fold4_best_v1.pt,models/v2/v2_10b_h2_balanced_logreg_fold4_v1.joblib
4,jpeg_q50,SMARTPHONE_610243,0,0.00023556350788567215,real::Smartphone,Smartphone,models/v2/clip_lora_fold4_best_v1.pt,models/v2/v2_10b_h2_balanced_logreg_fold4_v1.joblib
4,jpeg_q50,SMARTPHONE_742904,0,0.0013336900155991316,real::Smartphone,Smartphone,models/v2/clip_lora_fold4_best_v1.pt,models/v2/v2_10b_h2_balanced_logreg_fold4_v1.joblib
4,jpeg_q50,SMARTPHONE_236825,0,0.0024576985742896795,real::Smartphone,Smartphone,models/v2/clip_lora_fold4_best_v1.pt,models/v2/v2_10b_h2_balanced_logreg_fold4_v1.joblib
4,jpeg_q50,SMARTPHONE_193357,0,0.0007308149361051619,real::Smartphone,Smartphone,models/v2/clip_lora_fold4_best_v1.pt,models/v2/v2_10b_h2_balanced_logreg_fold4_v1.joblib
4,jpeg_q50,SMARTPHONE_727660,0,0.0012792416382580996,real::Smartphone,Smartphone,models/v2/clip_lora_fold4_best_v1.pt,models/v2/v2_10b_h2_balanced_logreg_fold4_v1.joblib
4,jpeg_q50,SMARTPHONE_636430,0,0.0002523418515920639,real::Smartphone,Smartphone,models/v2/clip_lora_fold4_best_v1.pt,models/v2/v2_10b_h2_balanced_logreg_fold4_v1.joblib
4,jpeg_q50,SMARTPHONE_380800,0,0.0049449373036623,real::Smartphone,Smartphone,models/v2/clip_lora_fold4_best_v1.pt,models/v2/v2_10b_h2_balanced_logreg_fold4_v1.joblib
4,jpeg_q50,SMARTPHONE_1661,0,2.245495852548629e-05,real::Smartphone,Smartphone,models/v2/clip_lora_fold4_best_v1.pt,models/v2/v2_10b_h2_balanced_logreg_fold4_v1.joblib
4,jpeg_q50,SMARTPHONE_569540,0,0.0012660120846703649,real::Smartphone,Smartphone,models/v2/clip_lora_fold4_best_v1.pt,models/v2/v2_10b_h2_balanced_logreg_fold4_v1.joblib
4,jpeg_q50,SMARTPHONE_408086,0,0.0005824263207614422,real::Smartphone,Smartphone,models/v2/clip_lora_fold4_best_v1.pt,models/v2/v2_10b_h2_balanced_logreg_fold4_v1.joblib
4,jpeg_q50,SMARTPHONE_805523,0,0.01217140257358551,real::Smartphone,Smartphone,models/v2/clip_lora_fold4_best_v1.pt,models/v2/v2_10b_h2_balanced_logreg_fold4_v1.joblib
4,jpeg_q50,SMARTPHONE_807082,0,0.003611811902374029,real::Smartphone,Smartphone,models/v2/clip_lora_fold4_best_v1.pt,models/v2/v2_10b_h2_balanced_logreg_fold4_v1.joblib
4,jpeg_q50,SMARTPHONE_226070,0,0.0009231031872332096,real::Smartphone,Smartphone,models/v2/clip_lora_fold4_best_v1.pt,models/v2/v2_10b_h2_balanced_logreg_fold4_v1.joblib
4,jpeg_q50,SMARTPHONE_838917,0,0.0006937816506251693,real::Smartphone,Smartphone,models/v2/clip_lora_fold4_best_v1.pt,models/v2/v2_10b_h2_balanced_logreg_fold4_v1.joblib
4,jpeg_q50,SMARTPHONE_63616,0,0.0010691721690818667,real::Smartphone,Smartphone,models/v2/clip_lora_fold4_best_v1.pt,models/v2/v2_10b_h2_balanced_logreg_fold4_v1.joblib
4,jpeg_q50,SMARTPHONE_498450,0,0.00024483876768499613,real::Smartphone,Smartphone,models/v2/clip_lora_fold4_best_v1.pt,models/v2/v2_10b_h2_balanced_logreg_fold4_v1.joblib
4,jpeg_q50,SMARTPHONE_494157,0,0.00406103627756238,real::Smartphone,Smartphone,models/v2/clip_lora_fold4_best_v1.pt,models/v2/v2_10b_h2_balanced_logreg_fold4_v1.joblib
4,jpeg_q50,SMARTPHONE_622535,0,0.0006664316751994193,real::Smartphone,Smartphone,models/v2/clip_lora_fold4_best_v1.pt,models/v2/v2_10b_h2_balanced_logreg_fold4_v1.joblib
4,jpeg_q50,SMARTPHONE_294094,0,0.0008499766117893159,real::Smartphone,Smartphone,models/v2/clip_lora_fold4_best_v1.pt,models/v2/v2_10b_h2_balanced_logreg_fold4_v1.joblib
4,jpeg_q50,SMARTPHONE_87244,0,0.00026553214411251247,real::Smartphone,Smartphone,models/v2/clip_lora_fold4_best_v1.pt,models/v2/v2_10b_h2_balanced_logreg_fold4_v1.joblib
4,jpeg_q50,SMARTPHONE_909617,0,0.0016152621246874332,real::Smartphone,Smartphone,models/v2/clip_lora_fold4_best_v1.pt,models/v2/v2_10b_h2_balanced_logreg_fold4_v1.joblib
4,jpeg_q50,SMARTPHONE_116559,0,0.0006729064043611288,real::Smartphone,Smartphone,models/v2/clip_lora_fold4_best_v1.pt,models/v2/v2_10b_h2_balanced_logreg_fold4_v1.joblib
4,jpeg_q50,SMARTPHONE_964906,0,0.00031685622525401413,real::Smartphone,Smartphone,models/v2/clip_lora_fold4_best_v1.pt,models/v2/v2_10b_h2_balanced_logreg_fold4_v1.joblib
4,jpeg_q50,SMARTPHONE_264393,0,0.002645881148055196,real::Smartphone,Smartphone,models/v2/clip_lora_fold4_best_v1.pt,models/v2/v2_10b_h2_balanced_logreg_fold4_v1.joblib
4,jpeg_q50,SMARTPHONE_403503,0,0.007666534744203091,real::Smartphone,Smartphone,models/v2/clip_lora_fold4_best_v1.pt,models/v2/v2_10b_h2_balanced_logreg_fold4_v1.joblib
4,jpeg_q50,SMARTPHONE_298004,0,0.000630258466117084,real::Smartphone,Smartphone,models/v2/clip_lora_fold4_best_v1.pt,models/v2/v2_10b_h2_balanced_logreg_fold4_v1.joblib
4,jpeg_q50,SMARTPHONE_155723,0,4.290511424187571e-05,real::Smartphone,Smartphone,models/v2/clip_lora_fold4_best_v1.pt,models/v2/v2_10b_h2_balanced_logreg_fold4_v1.joblib
4,jpeg_q50,SMARTPHONE_684718,0,0.0042921025305986404,real::Smartphone,Smartphone,models/v2/clip_lora_fold4_best_v1.pt,models/v2/v2_10b_h2_balanced_logreg_fold4_v1.joblib
4,jpeg_q50,SMARTPHONE_1032382,0,0.00043800531420856714,real::Smartphone,Smartphone,models/v2/clip_lora_fold4_best_v1.pt,models/v2/v2_10b_h2_balanced_logreg_fold4_v1.joblib
4,jpeg_q50,SMARTPHONE_275100,0,0.00020139974367339164,real::Smartphone,Smartphone,models/v2/clip_lora_fold4_best_v1.pt,models/v2/v2_10b_h2_balanced_logreg_fold4_v1.joblib
4,jpeg_q50,SMARTPHONE_749073,0,0.0006018760614097118,real::Smartphone,Smartphone,models/v2/clip_lora_fold4_best_v1.pt,models/v2/v2_10b_h2_balanced_logreg_fold4_v1.joblib
4,jpeg_q50,SMARTPHONE_356407,0,0.00019114148744847625,real::Smartphone,Smartphone,models/v2/clip_lora_fold4_best_v1.pt,models/v2/v2_10b_h2_balanced_logreg_fold4_v1.joblib
4,jpeg_q50,SMARTPHONE_731954,0,0.0016961575020104647,real::Smartphone,Smartphone,models/v2/clip_lora_fold4_best_v1.pt,models/v2/v2_10b_h2_balanced_logreg_fold4_v1.joblib
4,jpeg_q50,SMARTPHONE_155864,0,0.0038042520172894,real::Smartphone,Smartphone,models/v2/clip_lora_fold4_best_v1.pt,models/v2/v2_10b_h2_balanced_logreg_fold4_v1.joblib
4,jpeg_q50,SMARTPHONE_693336,0,0.0002571478544268757,real::Smartphone,Smartphone,models/v2/clip_lora_fold4_best_v1.pt,models/v2/v2_10b_h2_balanced_logreg_fold4_v1.joblib
4,jpeg_q50,SMARTPHONE_709095,0,0.001661511603742838,real::Smartphone,Smartphone,models/v2/clip_lora_fold4_best_v1.pt,models/v2/v2_10b_h2_balanced_logreg_fold4_v1.joblib
4,jpeg_q50,SMARTPHONE_782760,0,0.00038863977533765137,real::Smartphone,Smartphone,models/v2/clip_lora_fold4_best_v1.pt,models/v2/v2_10b_h2_balanced_logreg_fold4_v1.joblib
4,jpeg_q50,SMARTPHONE_451471,0,0.002451300621032715,real::Smartphone,Smartphone,models/v2/clip_lora_fold4_best_v1.pt,models/v2/v2_10b_h2_balanced_logreg_fold4_v1.joblib
4,jpeg_q50,SMARTPHONE_101911,0,0.0001320286246482283,real::Smartphone,Smartphone,models/v2/clip_lora_fold4_best_v1.pt,models/v2/v2_10b_h2_balanced_logreg_fold4_v1.joblib
4,jpeg_q50,SMARTPHONE_939025,0,0.0005243646446615458,real::Smartphone,Smartphone,models/v2/clip_lora_fold4_best_v1.pt,models/v2/v2_10b_h2_balanced_logreg_fold4_v1.joblib
4,jpeg_q50,SMARTPHONE_764677,0,0.0003346615412738174,real::Smartphone,Smartphone,models/v2/clip_lora_fold4_best_v1.pt,models/v2/v2_10b_h2_balanced_logreg_fold4_v1.joblib
4,jpeg_q50,SMARTPHONE_178889,0,9.223395318258554e-05,real::Smartphone,Smartphone,models/v2/clip_lora_fold4_best_v1.pt,models/v2/v2_10b_h2_balanced_logreg_fold4_v1.joblib
4,jpeg_q50,SMARTPHONE_544699,0,0.00108192244078964,real::Smartphone,Smartphone,models/v2/clip_lora_fold4_best_v1.pt,models/v2/v2_10b_h2_balanced_logreg_fold4_v1.joblib
4,jpeg_q50,SMARTPHONE_979588,0,0.0008769417181611061,real::Smartphone,Smartphone,models/v2/clip_lora_fold4_best_v1.pt,models/v2/v2_10b_h2_balanced_logreg_fold4_v1.joblib
4,jpeg_q50,SMARTPHONE_204028,0,0.000764601631090045,real::Smartphone,Smartphone,models/v2/clip_lora_fold4_best_v1.pt,models/v2/v2_10b_h2_balanced_logreg_fold4_v1.joblib
4,jpeg_q50,SMARTPHONE_432319,0,0.0002858052612282336,real::Smartphone,Smartphone,models/v2/clip_lora_fold4_best_v1.pt,models/v2/v2_10b_h2_balanced_logreg_fold4_v1.joblib
4,jpeg_q50,SMARTPHONE_619346,0,0.0016663450514897704,real::Smartphone,Smartphone,models/v2/clip_lora_fold4_best_v1.pt,models/v2/v2_10b_h2_balanced_logreg_fold4_v1.joblib
4,jpeg_q50,SMARTPHONE_207135,0,0.000449578306870535,real::Smartphone,Smartphone,models/v2/clip_lora_fold4_best_v1.pt,models/v2/v2_10b_h2_balanced_logreg_fold4_v1.joblib
4,jpeg_q50,SMARTPHONE_118163,0,0.000304857618175447,real::Smartphone,Smartphone,models/v2/clip_lora_fold4_best_v1.pt,models/v2/v2_10b_h2_balanced_logreg_fold4_v1.joblib
4,jpeg_q50,SMARTPHONE_643080,0,0.0016193906776607037,real::Smartphone,Smartphone,models/v2/clip_lora_fold4_best_v1.pt,models/v2/v2_10b_h2_balanced_logreg_fold4_v1.joblib
4,jpeg_q50,SMARTPHONE_609261,0,0.00033733947202563286,real::Smartphone,Smartphone,models/v2/clip_lora_fold4_best_v1.pt,models/v2/v2_10b_h2_balanced_logreg_fold4_v1.joblib
4,jpeg_q50,SMARTPHONE_203308,0,0.0003140323387924582,real::Smartphone,Smartphone,models/v2/clip_lora_fold4_best_v1.pt,models/v2/v2_10b_h2_balanced_logreg_fold4_v1.joblib
4,jpeg_q50,SMARTPHONE_28084,0,0.0001936970220413059,real::Smartphone,Smartphone,models/v2/clip_lora_fold4_best_v1.pt,models/v2/v2_10b_h2_balanced_logreg_fold4_v1.joblib
4,jpeg_q50,SMARTPHONE_195648,0,0.002465388737618923,real::Smartphone,Smartphone,models/v2/clip_lora_fold4_best_v1.pt,models/v2/v2_10b_h2_balanced_logreg_fold4_v1.joblib
4,jpeg_q50,SMARTPHONE_570849,0,0.0010458475444465876,real::Smartphone,Smartphone,models/v2/clip_lora_fold4_best_v1.pt,models/v2/v2_10b_h2_balanced_logreg_fold4_v1.joblib
4,jpeg_q50,SMARTPHONE_422205,0,0.0020267535001039505,real::Smartphone,Smartphone,models/v2/clip_lora_fold4_best_v1.pt,models/v2/v2_10b_h2_balanced_logreg_fold4_v1.joblib
4,jpeg_q50,SMARTPHONE_371828,0,0.00014310763799585402,real::Smartphone,Smartphone,models/v2/clip_lora_fold4_best_v1.pt,models/v2/v2_10b_h2_balanced_logreg_fold4_v1.joblib
4,jpeg_q50,SMARTPHONE_134304,0,0.0003130408003926277,real::Smartphone,Smartphone,models/v2/clip_lora_fold4_best_v1.pt,models/v2/v2_10b_h2_balanced_logreg_fold4_v1.joblib
4,jpeg_q50,SMARTPHONE_793760,0,0.0027355055790394545,real::Smartphone,Smartphone,models/v2/clip_lora_fold4_best_v1.pt,models/v2/v2_10b_h2_balanced_logreg_fold4_v1.joblib
4,jpeg_q50,SMARTPHONE_764140,0,0.00026256180717609823,real::Smartphone,Smartphone,models/v2/clip_lora_fold4_best_v1.pt,models/v2/v2_10b_h2_balanced_logreg_fold4_v1.joblib
4,jpeg_q50,SMARTPHONE_757424,0,0.000937070872168988,real::Smartphone,Smartphone,models/v2/clip_lora_fold4_best_v1.pt,models/v2/v2_10b_h2_balanced_logreg_fold4_v1.joblib
4,jpeg_q50,SMARTPHONE_297014,0,3.427711999393068e-05,real::Smartphone,Smartphone,models/v2/clip_lora_fold4_best_v1.pt,models/v2/v2_10b_h2_balanced_logreg_fold4_v1.joblib
4,jpeg_q50,SMARTPHONE_38845,0,0.0005892402841709554,real::Smartphone,Smartphone,models/v2/clip_lora_fold4_best_v1.pt,models/v2/v2_10b_h2_balanced_logreg_fold4_v1.joblib
4,jpeg_q50,SMARTPHONE_119850,0,0.00029554375214502215,real::Smartphone,Smartphone,models/v2/clip_lora_fold4_best_v1.pt,models/v2/v2_10b_h2_balanced_logreg_fold4_v1.joblib
4,jpeg_q50,SMARTPHONE_856075,0,0.0005535006639547646,real::Smartphone,Smartphone,models/v2/clip_lora_fold4_best_v1.pt,models/v2/v2_10b_h2_balanced_logreg_fold4_v1.joblib
4,jpeg_q50,SMARTPHONE_766758,0,0.0038230521604418755,real::Smartphone,Smartphone,models/v2/clip_lora_fold4_best_v1.pt,models/v2/v2_10b_h2_balanced_logreg_fold4_v1.joblib
4,jpeg_q50,SMARTPHONE_855760,0,0.000792246893979609,real::Smartphone,Smartphone,models/v2/clip_lora_fold4_best_v1.pt,models/v2/v2_10b_h2_balanced_logreg_fold4_v1.joblib
4,jpeg_q50,SMARTPHONE_701461,0,0.0018576231086626649,real::Smartphone,Smartphone,models/v2/clip_lora_fold4_best_v1.pt,models/v2/v2_10b_h2_balanced_logreg_fold4_v1.joblib
4,jpeg_q50,SMARTPHONE_345735,0,0.0008204158511944115,real::Smartphone,Smartphone,models/v2/clip_lora_fold4_best_v1.pt,models/v2/v2_10b_h2_balanced_logreg_fold4_v1.joblib
4,jpeg_q50,SMARTPHONE_817524,0,0.000909275549929589,real::Smartphone,Smartphone,models/v2/clip_lora_fold4_best_v1.pt,models/v2/v2_10b_h2_balanced_logreg_fold4_v1.joblib
4,jpeg_q50,SMARTPHONE_977592,0,0.00038218277040869,real::Smartphone,Smartphone,models/v2/clip_lora_fold4_best_v1.pt,models/v2/v2_10b_h2_balanced_logreg_fold4_v1.joblib
4,jpeg_q50,SMARTPHONE_857077,0,0.0029773302376270294,real::Smartphone,Smartphone,models/v2/clip_lora_fold4_best_v1.pt,models/v2/v2_10b_h2_balanced_logreg_fold4_v1.joblib
4,jpeg_q50,SMARTPHONE_777686,0,0.0005308618419803679,real::Smartphone,Smartphone,models/v2/clip_lora_fold4_best_v1.pt,models/v2/v2_10b_h2_balanced_logreg_fold4_v1.joblib
4,jpeg_q50,SMARTPHONE_89355,0,0.005273098591715097,real::Smartphone,Smartphone,models/v2/clip_lora_fold4_best_v1.pt,models/v2/v2_10b_h2_balanced_logreg_fold4_v1.joblib
4,jpeg_q50,SMARTPHONE_333593,0,0.0016346486518159509,real::Smartphone,Smartphone,models/v2/clip_lora_fold4_best_v1.pt,models/v2/v2_10b_h2_balanced_logreg_fold4_v1.joblib
4,jpeg_q50,SMARTPHONE_146693,0,0.0035985815338790417,real::Smartphone,Smartphone,models/v2/clip_lora_fold4_best_v1.pt,models/v2/v2_10b_h2_balanced_logreg_fold4_v1.joblib
4,jpeg_q50,SMARTPHONE_1008419,0,0.0035989610478281975,real::Smartphone,Smartphone,models/v2/clip_lora_fold4_best_v1.pt,models/v2/v2_10b_h2_balanced_logreg_fold4_v1.joblib
4,jpeg_q50,SMARTPHONE_431405,0,0.0035579113755375147,real::Smartphone,Smartphone,models/v2/clip_lora_fold4_best_v1.pt,models/v2/v2_10b_h2_balanced_logreg_fold4_v1.joblib
4,jpeg_q50,SMARTPHONE_749297,0,0.00041326467180624604,real::Smartphone,Smartphone,models/v2/clip_lora_fold4_best_v1.pt,models/v2/v2_10b_h2_balanced_logreg_fold4_v1.joblib
4,jpeg_q50,SMARTPHONE_884101,0,0.028249161317944527,real::Smartphone,Smartphone,models/v2/clip_lora_fold4_best_v1.pt,models/v2/v2_10b_h2_balanced_logreg_fold4_v1.joblib
4,jpeg_q50,SMARTPHONE_511473,0,0.007029932923614979,real::Smartphone,Smartphone,models/v2/clip_lora_fold4_best_v1.pt,models/v2/v2_10b_h2_balanced_logreg_fold4_v1.joblib
4,jpeg_q50,SMARTPHONE_361014,0,0.016634725034236908,real::Smartphone,Smartphone,models/v2/clip_lora_fold4_best_v1.pt,models/v2/v2_10b_h2_balanced_logreg_fold4_v1.joblib
4,jpeg_q50,SMARTPHONE_438932,0,0.0022633515764027834,real::Smartphone,Smartphone,models/v2/clip_lora_fold4_best_v1.pt,models/v2/v2_10b_h2_balanced_logreg_fold4_v1.joblib
4,jpeg_q50,SMARTPHONE_359642,0,0.0006731202593073249,real::Smartphone,Smartphone,models/v2/clip_lora_fold4_best_v1.pt,models/v2/v2_10b_h2_balanced_logreg_fold4_v1.joblib
4,jpeg_q50,SMARTPHONE_549558,0,0.010024960152804852,real::Smartphone,Smartphone,models/v2/clip_lora_fold4_best_v1.pt,models/v2/v2_10b_h2_balanced_logreg_fold4_v1.joblib
4,jpeg_q50,SMARTPHONE_757829,0,0.0006687810528092086,real::Smartphone,Smartphone,models/v2/clip_lora_fold4_best_v1.pt,models/v2/v2_10b_h2_balanced_logreg_fold4_v1.joblib
4,jpeg_q50,SMARTPHONE_66658,0,0.018903780728578568,real::Smartphone,Smartphone,models/v2/clip_lora_fold4_best_v1.pt,models/v2/v2_10b_h2_balanced_logreg_fold4_v1.joblib
4,jpeg_q50,SMARTPHONE_389613,0,0.00023004213289823383,real::Smartphone,Smartphone,models/v2/clip_lora_fold4_best_v1.pt,models/v2/v2_10b_h2_balanced_logreg_fold4_v1.joblib
4,jpeg_q50,SMARTPHONE_355367,0,0.004448578227311373,real::Smartphone,Smartphone,models/v2/clip_lora_fold4_best_v1.pt,models/v2/v2_10b_h2_balanced_logreg_fold4_v1.joblib
4,jpeg_q50,SMARTPHONE_56728,0,0.000579250801820308,real::Smartphone,Smartphone,models/v2/clip_lora_fold4_best_v1.pt,models/v2/v2_10b_h2_balanced_logreg_fold4_v1.joblib
4,jpeg_q50,SMARTPHONE_138276,0,0.026103897020220757,real::Smartphone,Smartphone,models/v2/clip_lora_fold4_best_v1.pt,models/v2/v2_10b_h2_balanced_logreg_fold4_v1.joblib
4,jpeg_q50,SMARTPHONE_314459,0,0.0032952402252703905,real::Smartphone,Smartphone,models/v2/clip_lora_fold4_best_v1.pt,models/v2/v2_10b_h2_balanced_logreg_fold4_v1.joblib
4,jpeg_q50,SMARTPHONE_319068,0,0.0011024771956726909,real::Smartphone,Smartphone,models/v2/clip_lora_fold4_best_v1.pt,models/v2/v2_10b_h2_balanced_logreg_fold4_v1.joblib
4,jpeg_q50,SMARTPHONE_967010,0,0.0007911726133897901,real::Smartphone,Smartphone,models/v2/clip_lora_fold4_best_v1.pt,models/v2/v2_10b_h2_balanced_logreg_fold4_v1.joblib
4,jpeg_q50,SMARTPHONE_777232,0,0.0013354320544749498,real::Smartphone,Smartphone,models/v2/clip_lora_fold4_best_v1.pt,models/v2/v2_10b_h2_balanced_logreg_fold4_v1.joblib
4,jpeg_q50,SMARTPHONE_910467,0,0.0007912517758086324,real::Smartphone,Smartphone,models/v2/clip_lora_fold4_best_v1.pt,models/v2/v2_10b_h2_balanced_logreg_fold4_v1.joblib
4,jpeg_q50,SMARTPHONE_113099,0,0.0041027553379535675,real::Smartphone,Smartphone,models/v2/clip_lora_fold4_best_v1.pt,models/v2/v2_10b_h2_balanced_logreg_fold4_v1.joblib
4,jpeg_q50,SMARTPHONE_172628,0,0.0037735470104962587,real::Smartphone,Smartphone,models/v2/clip_lora_fold4_best_v1.pt,models/v2/v2_10b_h2_balanced_logreg_fold4_v1.joblib
4,jpeg_q50,SMARTPHONE_195366,0,0.01561049371957779,real::Smartphone,Smartphone,models/v2/clip_lora_fold4_best_v1.pt,models/v2/v2_10b_h2_balanced_logreg_fold4_v1.joblib
4,jpeg_q50,SMARTPHONE_67989,0,0.0030496015679091215,real::Smartphone,Smartphone,models/v2/clip_lora_fold4_best_v1.pt,models/v2/v2_10b_h2_balanced_logreg_fold4_v1.joblib
4,jpeg_q50,SMARTPHONE_271125,0,0.0006003063172101974,real::Smartphone,Smartphone,models/v2/clip_lora_fold4_best_v1.pt,models/v2/v2_10b_h2_balanced_logreg_fold4_v1.joblib
4,jpeg_q50,SMARTPHONE_830107,0,0.004812074825167656,real::Smartphone,Smartphone,models/v2/clip_lora_fold4_best_v1.pt,models/v2/v2_10b_h2_balanced_logreg_fold4_v1.joblib
4,jpeg_q50,SMARTPHONE_901274,0,0.0037353828083723783,real::Smartphone,Smartphone,models/v2/clip_lora_fold4_best_v1.pt,models/v2/v2_10b_h2_balanced_logreg_fold4_v1.joblib
4,jpeg_q50,SMARTPHONE_847815,0,0.0010387393413111567,real::Smartphone,Smartphone,models/v2/clip_lora_fold4_best_v1.pt,models/v2/v2_10b_h2_balanced_logreg_fold4_v1.joblib
4,jpeg_q50,SMARTPHONE_653515,0,0.01743883267045021,real::Smartphone,Smartphone,models/v2/clip_lora_fold4_best_v1.pt,models/v2/v2_10b_h2_balanced_logreg_fold4_v1.joblib
4,jpeg_q50,SMARTPHONE_796557,0,0.001775453332811594,real::Smartphone,Smartphone,models/v2/clip_lora_fold4_best_v1.pt,models/v2/v2_10b_h2_balanced_logreg_fold4_v1.joblib
4,jpeg_q50,SMARTPHONE_930783,0,0.0014471097383648157,real::Smartphone,Smartphone,models/v2/clip_lora_fold4_best_v1.pt,models/v2/v2_10b_h2_balanced_logreg_fold4_v1.joblib
4,jpeg_q50,SMARTPHONE_570907,0,0.0007040036143735051,real::Smartphone,Smartphone,models/v2/clip_lora_fold4_best_v1.pt,models/v2/v2_10b_h2_balanced_logreg_fold4_v1.joblib
4,jpeg_q50,SMARTPHONE_533540,0,0.0012053146492689848,real::Smartphone,Smartphone,models/v2/clip_lora_fold4_best_v1.pt,models/v2/v2_10b_h2_balanced_logreg_fold4_v1.joblib
4,jpeg_q50,SMARTPHONE_562344,0,0.00032419778290204704,real::Smartphone,Smartphone,models/v2/clip_lora_fold4_best_v1.pt,models/v2/v2_10b_h2_balanced_logreg_fold4_v1.joblib
4,jpeg_q50,SMARTPHONE_32729,0,0.0009731802856549621,real::Smartphone,Smartphone,models/v2/clip_lora_fold4_best_v1.pt,models/v2/v2_10b_h2_balanced_logreg_fold4_v1.joblib
4,jpeg_q50,SMARTPHONE_806721,0,0.00030461474671028554,real::Smartphone,Smartphone,models/v2/clip_lora_fold4_best_v1.pt,models/v2/v2_10b_h2_balanced_logreg_fold4_v1.joblib
4,jpeg_q50,SMARTPHONE_95316,0,0.00036196340806782246,real::Smartphone,Smartphone,models/v2/clip_lora_fold4_best_v1.pt,models/v2/v2_10b_h2_balanced_logreg_fold4_v1.joblib
4,jpeg_q50,SMARTPHONE_141656,0,0.0007799470331519842,real::Smartphone,Smartphone,models/v2/clip_lora_fold4_best_v1.pt,models/v2/v2_10b_h2_balanced_logreg_fold4_v1.joblib
4,jpeg_q50,SMARTPHONE_592392,0,0.0002676343428902328,real::Smartphone,Smartphone,models/v2/clip_lora_fold4_best_v1.pt,models/v2/v2_10b_h2_balanced_logreg_fold4_v1.joblib
4,jpeg_q50,SMARTPHONE_397190,0,0.0025622390676289797,real::Smartphone,Smartphone,models/v2/clip_lora_fold4_best_v1.pt,models/v2/v2_10b_h2_balanced_logreg_fold4_v1.joblib
4,jpeg_q50,SMARTPHONE_684163,0,0.0001753261312842369,real::Smartphone,Smartphone,models/v2/clip_lora_fold4_best_v1.pt,models/v2/v2_10b_h2_balanced_logreg_fold4_v1.joblib
4,jpeg_q50,SMARTPHONE_87885,0,0.0004947322304360569,real::Smartphone,Smartphone,models/v2/clip_lora_fold4_best_v1.pt,models/v2/v2_10b_h2_balanced_logreg_fold4_v1.joblib
4,jpeg_q50,SMARTPHONE_42757,0,0.0003020977310370654,real::Smartphone,Smartphone,models/v2/clip_lora_fold4_best_v1.pt,models/v2/v2_10b_h2_balanced_logreg_fold4_v1.joblib
4,jpeg_q50,SMARTPHONE_660370,0,0.00027669183327816427,real::Smartphone,Smartphone,models/v2/clip_lora_fold4_best_v1.pt,models/v2/v2_10b_h2_balanced_logreg_fold4_v1.joblib
4,jpeg_q50,SMARTPHONE_642031,0,0.0018268739804625511,real::Smartphone,Smartphone,models/v2/clip_lora_fold4_best_v1.pt,models/v2/v2_10b_h2_balanced_logreg_fold4_v1.joblib
4,jpeg_q50,SMARTPHONE_305619,0,0.00017130673222709447,real::Smartphone,Smartphone,models/v2/clip_lora_fold4_best_v1.pt,models/v2/v2_10b_h2_balanced_logreg_fold4_v1.joblib
4,jpeg_q50,SMARTPHONE_1001464,0,0.0005692252307198942,real::Smartphone,Smartphone,models/v2/clip_lora_fold4_best_v1.pt,models/v2/v2_10b_h2_balanced_logreg_fold4_v1.joblib
4,jpeg_q50,SMARTPHONE_876931,0,0.00026762846391648054,real::Smartphone,Smartphone,models/v2/clip_lora_fold4_best_v1.pt,models/v2/v2_10b_h2_balanced_logreg_fold4_v1.joblib
4,jpeg_q50,SMARTPHONE_497375,0,0.0008648121147416532,real::Smartphone,Smartphone,models/v2/clip_lora_fold4_best_v1.pt,models/v2/v2_10b_h2_balanced_logreg_fold4_v1.joblib
4,jpeg_q50,SMARTPHONE_137623,0,0.000683060847222805,real::Smartphone,Smartphone,models/v2/clip_lora_fold4_best_v1.pt,models/v2/v2_10b_h2_balanced_logreg_fold4_v1.joblib
4,jpeg_q50,SMARTPHONE_584358,0,0.005630743224173784,real::Smartphone,Smartphone,models/v2/clip_lora_fold4_best_v1.pt,models/v2/v2_10b_h2_balanced_logreg_fold4_v1.joblib
4,jpeg_q50,SMARTPHONE_31390,0,0.004911361262202263,real::Smartphone,Smartphone,models/v2/clip_lora_fold4_best_v1.pt,models/v2/v2_10b_h2_balanced_logreg_fold4_v1.joblib
4,jpeg_q50,SMARTPHONE_158030,0,0.0037904924247413874,real::Smartphone,Smartphone,models/v2/clip_lora_fold4_best_v1.pt,models/v2/v2_10b_h2_balanced_logreg_fold4_v1.joblib
4,jpeg_q50,SMARTPHONE_76101,0,0.016775837168097496,real::Smartphone,Smartphone,models/v2/clip_lora_fold4_best_v1.pt,models/v2/v2_10b_h2_balanced_logreg_fold4_v1.joblib
4,jpeg_q50,SMARTPHONE_669398,0,0.00022945727687329054,real::Smartphone,Smartphone,models/v2/clip_lora_fold4_best_v1.pt,models/v2/v2_10b_h2_balanced_logreg_fold4_v1.joblib
4,jpeg_q50,SMARTPHONE_524368,0,0.007233855780214071,real::Smartphone,Smartphone,models/v2/clip_lora_fold4_best_v1.pt,models/v2/v2_10b_h2_balanced_logreg_fold4_v1.joblib
4,jpeg_q50,SMARTPHONE_838840,0,0.0008049104362726212,real::Smartphone,Smartphone,models/v2/clip_lora_fold4_best_v1.pt,models/v2/v2_10b_h2_balanced_logreg_fold4_v1.joblib
4,jpeg_q50,SMARTPHONE_472368,0,0.0005055271903984249,real::Smartphone,Smartphone,models/v2/clip_lora_fold4_best_v1.pt,models/v2/v2_10b_h2_balanced_logreg_fold4_v1.joblib
4,jpeg_q50,SMARTPHONE_327243,0,0.0009189011179842055,real::Smartphone,Smartphone,models/v2/clip_lora_fold4_best_v1.pt,models/v2/v2_10b_h2_balanced_logreg_fold4_v1.joblib
4,jpeg_q50,SMARTPHONE_569002,0,0.00019935051386710256,real::Smartphone,Smartphone,models/v2/clip_lora_fold4_best_v1.pt,models/v2/v2_10b_h2_balanced_logreg_fold4_v1.joblib
4,jpeg_q50,SMARTPHONE_1022177,0,0.001138626248575747,real::Smartphone,Smartphone,models/v2/clip_lora_fold4_best_v1.pt,models/v2/v2_10b_h2_balanced_logreg_fold4_v1.joblib
4,jpeg_q50,SMARTPHONE_764468,0,0.0009041412849910557,real::Smartphone,Smartphone,models/v2/clip_lora_fold4_best_v1.pt,models/v2/v2_10b_h2_balanced_logreg_fold4_v1.joblib
4,jpeg_q50,SMARTPHONE_65295,0,0.0014814388705417514,real::Smartphone,Smartphone,models/v2/clip_lora_fold4_best_v1.pt,models/v2/v2_10b_h2_balanced_logreg_fold4_v1.joblib
4,jpeg_q50,SMARTPHONE_683605,0,0.0008748786058276892,real::Smartphone,Smartphone,models/v2/clip_lora_fold4_best_v1.pt,models/v2/v2_10b_h2_balanced_logreg_fold4_v1.joblib
4,jpeg_q50,SMARTPHONE_908457,0,0.00018318815273232758,real::Smartphone,Smartphone,models/v2/clip_lora_fold4_best_v1.pt,models/v2/v2_10b_h2_balanced_logreg_fold4_v1.joblib
4,jpeg_q50,SMARTPHONE_393515,0,0.0006787843885831535,real::Smartphone,Smartphone,models/v2/clip_lora_fold4_best_v1.pt,models/v2/v2_10b_h2_balanced_logreg_fold4_v1.joblib
4,jpeg_q50,SMARTPHONE_234669,0,0.00043652369640767574,real::Smartphone,Smartphone,models/v2/clip_lora_fold4_best_v1.pt,models/v2/v2_10b_h2_balanced_logreg_fold4_v1.joblib
4,jpeg_q50,SMARTPHONE_857987,0,0.04585152119398117,real::Smartphone,Smartphone,models/v2/clip_lora_fold4_best_v1.pt,models/v2/v2_10b_h2_balanced_logreg_fold4_v1.joblib
4,jpeg_q50,SMARTPHONE_61303,0,0.00021298641513567418,real::Smartphone,Smartphone,models/v2/clip_lora_fold4_best_v1.pt,models/v2/v2_10b_h2_balanced_logreg_fold4_v1.joblib
4,jpeg_q50,SMARTPHONE_183906,0,0.030081862583756447,real::Smartphone,Smartphone,models/v2/clip_lora_fold4_best_v1.pt,models/v2/v2_10b_h2_balanced_logreg_fold4_v1.joblib
4,jpeg_q50,SMARTPHONE_979974,0,0.0017516952939331532,real::Smartphone,Smartphone,models/v2/clip_lora_fold4_best_v1.pt,models/v2/v2_10b_h2_balanced_logreg_fold4_v1.joblib
4,jpeg_q50,SMARTPHONE_710210,0,0.0026424231473356485,real::Smartphone,Smartphone,models/v2/clip_lora_fold4_best_v1.pt,models/v2/v2_10b_h2_balanced_logreg_fold4_v1.joblib
4,jpeg_q50,SMARTPHONE_26492,0,0.0003998953034169972,real::Smartphone,Smartphone,models/v2/clip_lora_fold4_best_v1.pt,models/v2/v2_10b_h2_balanced_logreg_fold4_v1.joblib
4,jpeg_q50,SMARTPHONE_46110,0,0.0007954520988278091,real::Smartphone,Smartphone,models/v2/clip_lora_fold4_best_v1.pt,models/v2/v2_10b_h2_balanced_logreg_fold4_v1.joblib
4,jpeg_q50,SMARTPHONE_291784,0,0.004924767185002565,real::Smartphone,Smartphone,models/v2/clip_lora_fold4_best_v1.pt,models/v2/v2_10b_h2_balanced_logreg_fold4_v1.joblib
4,jpeg_q50,SMARTPHONE_237192,0,0.00039821708924137056,real::Smartphone,Smartphone,models/v2/clip_lora_fold4_best_v1.pt,models/v2/v2_10b_h2_balanced_logreg_fold4_v1.joblib
4,jpeg_q50,SMARTPHONE_250027,0,0.0007492157747037709,real::Smartphone,Smartphone,models/v2/clip_lora_fold4_best_v1.pt,models/v2/v2_10b_h2_balanced_logreg_fold4_v1.joblib
4,jpeg_q50,SMARTPHONE_348585,0,0.032553963363170624,real::Smartphone,Smartphone,models/v2/clip_lora_fold4_best_v1.pt,models/v2/v2_10b_h2_balanced_logreg_fold4_v1.joblib
4,jpeg_q50,SMARTPHONE_679693,0,0.0005142713198438287,real::Smartphone,Smartphone,models/v2/clip_lora_fold4_best_v1.pt,models/v2/v2_10b_h2_balanced_logreg_fold4_v1.joblib
4,jpeg_q50,SMARTPHONE_985140,0,0.00024917098926380277,real::Smartphone,Smartphone,models/v2/clip_lora_fold4_best_v1.pt,models/v2/v2_10b_h2_balanced_logreg_fold4_v1.joblib
4,jpeg_q50,SMARTPHONE_826775,0,0.0001259751879842952,real::Smartphone,Smartphone,models/v2/clip_lora_fold4_best_v1.pt,models/v2/v2_10b_h2_balanced_logreg_fold4_v1.joblib
4,jpeg_q50,SMARTPHONE_815484,0,0.0030404068529605865,real::Smartphone,Smartphone,models/v2/clip_lora_fold4_best_v1.pt,models/v2/v2_10b_h2_balanced_logreg_fold4_v1.joblib
4,jpeg_q50,SMARTPHONE_422200,0,0.0005027484148740768,real::Smartphone,Smartphone,models/v2/clip_lora_fold4_best_v1.pt,models/v2/v2_10b_h2_balanced_logreg_fold4_v1.joblib
4,jpeg_q50,SMARTPHONE_703104,0,0.0007370428647845984,real::Smartphone,Smartphone,models/v2/clip_lora_fold4_best_v1.pt,models/v2/v2_10b_h2_balanced_logreg_fold4_v1.joblib
4,jpeg_q50,SMARTPHONE_322163,0,0.0024836361408233643,real::Smartphone,Smartphone,models/v2/clip_lora_fold4_best_v1.pt,models/v2/v2_10b_h2_balanced_logreg_fold4_v1.joblib
4,jpeg_q50,SMARTPHONE_342187,0,0.0007678286056034267,real::Smartphone,Smartphone,models/v2/clip_lora_fold4_best_v1.pt,models/v2/v2_10b_h2_balanced_logreg_fold4_v1.joblib
4,jpeg_q50,SMARTPHONE_446434,0,0.00020178283739369363,real::Smartphone,Smartphone,models/v2/clip_lora_fold4_best_v1.pt,models/v2/v2_10b_h2_balanced_logreg_fold4_v1.joblib
4,jpeg_q50,SMARTPHONE_279138,0,0.0007593213813379407,real::Smartphone,Smartphone,models/v2/clip_lora_fold4_best_v1.pt,models/v2/v2_10b_h2_balanced_logreg_fold4_v1.joblib
4,jpeg_q50,SMARTPHONE_85172,0,0.0012880315771326423,real::Smartphone,Smartphone,models/v2/clip_lora_fold4_best_v1.pt,models/v2/v2_10b_h2_balanced_logreg_fold4_v1.joblib
4,jpeg_q50,SMARTPHONE_771314,0,0.0006365854642353952,real::Smartphone,Smartphone,models/v2/clip_lora_fold4_best_v1.pt,models/v2/v2_10b_h2_balanced_logreg_fold4_v1.joblib
4,jpeg_q50,SMARTPHONE_164175,0,0.0014706846559420228,real::Smartphone,Smartphone,models/v2/clip_lora_fold4_best_v1.pt,models/v2/v2_10b_h2_balanced_logreg_fold4_v1.joblib
4,jpeg_q50,SMARTPHONE_848798,0,0.0002344165841350332,real::Smartphone,Smartphone,models/v2/clip_lora_fold4_best_v1.pt,models/v2/v2_10b_h2_balanced_logreg_fold4_v1.joblib
4,jpeg_q50,SMARTPHONE_131027,0,0.00189304375089705,real::Smartphone,Smartphone,models/v2/clip_lora_fold4_best_v1.pt,models/v2/v2_10b_h2_balanced_logreg_fold4_v1.joblib
4,jpeg_q50,SMARTPHONE_627787,0,0.0009415114764124155,real::Smartphone,Smartphone,models/v2/clip_lora_fold4_best_v1.pt,models/v2/v2_10b_h2_balanced_logreg_fold4_v1.joblib
4,jpeg_q50,SMARTPHONE_894385,0,0.08455421030521393,real::Smartphone,Smartphone,models/v2/clip_lora_fold4_best_v1.pt,models/v2/v2_10b_h2_balanced_logreg_fold4_v1.joblib
4,jpeg_q50,SMARTPHONE_291694,0,0.08286575227975845,real::Smartphone,Smartphone,models/v2/clip_lora_fold4_best_v1.pt,models/v2/v2_10b_h2_balanced_logreg_fold4_v1.joblib
4,jpeg_q50,SMARTPHONE_148778,0,0.006236638408154249,real::Smartphone,Smartphone,models/v2/clip_lora_fold4_best_v1.pt,models/v2/v2_10b_h2_balanced_logreg_fold4_v1.joblib
4,jpeg_q50,SMARTPHONE_224522,0,0.004226073622703552,real::Smartphone,Smartphone,models/v2/clip_lora_fold4_best_v1.pt,models/v2/v2_10b_h2_balanced_logreg_fold4_v1.joblib
4,jpeg_q50,SMARTPHONE_175464,0,0.009371454827487469,real::Smartphone,Smartphone,models/v2/clip_lora_fold4_best_v1.pt,models/v2/v2_10b_h2_balanced_logreg_fold4_v1.joblib
4,jpeg_q50,SMARTPHONE_244736,0,0.0004711696819867939,real::Smartphone,Smartphone,models/v2/clip_lora_fold4_best_v1.pt,models/v2/v2_10b_h2_balanced_logreg_fold4_v1.joblib
4,jpeg_q50,SMARTPHONE_582569,0,0.00027360633248463273,real::Smartphone,Smartphone,models/v2/clip_lora_fold4_best_v1.pt,models/v2/v2_10b_h2_balanced_logreg_fold4_v1.joblib
4,jpeg_q50,SMARTPHONE_431450,0,0.0003919124719686806,real::Smartphone,Smartphone,models/v2/clip_lora_fold4_best_v1.pt,models/v2/v2_10b_h2_balanced_logreg_fold4_v1.joblib
4,jpeg_q50,SMARTPHONE_660705,0,0.00031731996568851173,real::Smartphone,Smartphone,models/v2/clip_lora_fold4_best_v1.pt,models/v2/v2_10b_h2_balanced_logreg_fold4_v1.joblib
4,jpeg_q50,SMARTPHONE_621214,0,0.0037610605359077454,real::Smartphone,Smartphone,models/v2/clip_lora_fold4_best_v1.pt,models/v2/v2_10b_h2_balanced_logreg_fold4_v1.joblib
4,jpeg_q50,SMARTPHONE_359386,0,0.14152215421199799,real::Smartphone,Smartphone,models/v2/clip_lora_fold4_best_v1.pt,models/v2/v2_10b_h2_balanced_logreg_fold4_v1.joblib
4,jpeg_q50,SMARTPHONE_144764,0,0.00031674234196543694,real::Smartphone,Smartphone,models/v2/clip_lora_fold4_best_v1.pt,models/v2/v2_10b_h2_balanced_logreg_fold4_v1.joblib
4,jpeg_q50,SMARTPHONE_830594,0,0.0065635088831186295,real::Smartphone,Smartphone,models/v2/clip_lora_fold4_best_v1.pt,models/v2/v2_10b_h2_balanced_logreg_fold4_v1.joblib
4,jpeg_q50,SMARTPHONE_565837,0,0.016902834177017212,real::Smartphone,Smartphone,models/v2/clip_lora_fold4_best_v1.pt,models/v2/v2_10b_h2_balanced_logreg_fold4_v1.joblib
4,jpeg_q50,SMARTPHONE_661367,0,0.056917205452919006,real::Smartphone,Smartphone,models/v2/clip_lora_fold4_best_v1.pt,models/v2/v2_10b_h2_balanced_logreg_fold4_v1.joblib
4,jpeg_q50,SMARTPHONE_196636,0,0.0016726483590900898,real::Smartphone,Smartphone,models/v2/clip_lora_fold4_best_v1.pt,models/v2/v2_10b_h2_balanced_logreg_fold4_v1.joblib
4,jpeg_q50,SMARTPHONE_10637,0,0.010360585525631905,real::Smartphone,Smartphone,models/v2/clip_lora_fold4_best_v1.pt,models/v2/v2_10b_h2_balanced_logreg_fold4_v1.joblib
4,jpeg_q50,SMARTPHONE_304933,0,0.0007923836237750947,real::Smartphone,Smartphone,models/v2/clip_lora_fold4_best_v1.pt,models/v2/v2_10b_h2_balanced_logreg_fold4_v1.joblib
4,jpeg_q50,SMARTPHONE_350921,0,0.03490658849477768,real::Smartphone,Smartphone,models/v2/clip_lora_fold4_best_v1.pt,models/v2/v2_10b_h2_balanced_logreg_fold4_v1.joblib
4,jpeg_q50,SMARTPHONE_647201,0,0.0037117889150977135,real::Smartphone,Smartphone,models/v2/clip_lora_fold4_best_v1.pt,models/v2/v2_10b_h2_balanced_logreg_fold4_v1.joblib
4,jpeg_q50,SMARTPHONE_657781,0,0.007292411755770445,real::Smartphone,Smartphone,models/v2/clip_lora_fold4_best_v1.pt,models/v2/v2_10b_h2_balanced_logreg_fold4_v1.joblib
4,jpeg_q50,SMARTPHONE_927343,0,0.03369472548365593,real::Smartphone,Smartphone,models/v2/clip_lora_fold4_best_v1.pt,models/v2/v2_10b_h2_balanced_logreg_fold4_v1.joblib
4,jpeg_q50,SMARTPHONE_263012,0,0.0005723804351873696,real::Smartphone,Smartphone,models/v2/clip_lora_fold4_best_v1.pt,models/v2/v2_10b_h2_balanced_logreg_fold4_v1.joblib
4,jpeg_q50,SMARTPHONE_26183,0,0.0028857653960585594,real::Smartphone,Smartphone,models/v2/clip_lora_fold4_best_v1.pt,models/v2/v2_10b_h2_balanced_logreg_fold4_v1.joblib
4,jpeg_q50,SMARTPHONE_896105,0,0.007120161317288876,real::Smartphone,Smartphone,models/v2/clip_lora_fold4_best_v1.pt,models/v2/v2_10b_h2_balanced_logreg_fold4_v1.joblib
4,jpeg_q50,SMARTPHONE_495631,0,0.002341562183573842,real::Smartphone,Smartphone,models/v2/clip_lora_fold4_best_v1.pt,models/v2/v2_10b_h2_balanced_logreg_fold4_v1.joblib
4,jpeg_q50,SMARTPHONE_67872,0,0.0010199910029768944,real::Smartphone,Smartphone,models/v2/clip_lora_fold4_best_v1.pt,models/v2/v2_10b_h2_balanced_logreg_fold4_v1.joblib
4,jpeg_q50,SMARTPHONE_582549,0,0.00019727398466784507,real::Smartphone,Smartphone,models/v2/clip_lora_fold4_best_v1.pt,models/v2/v2_10b_h2_balanced_logreg_fold4_v1.joblib
4,jpeg_q50,SMARTPHONE_111678,0,0.0005438217776827514,real::Smartphone,Smartphone,models/v2/clip_lora_fold4_best_v1.pt,models/v2/v2_10b_h2_balanced_logreg_fold4_v1.joblib
4,jpeg_q50,SMARTPHONE_473589,0,0.00209296983666718,real::Smartphone,Smartphone,models/v2/clip_lora_fold4_best_v1.pt,models/v2/v2_10b_h2_balanced_logreg_fold4_v1.joblib
4,jpeg_q50,SMARTPHONE_379393,0,0.000578943348955363,real::Smartphone,Smartphone,models/v2/clip_lora_fold4_best_v1.pt,models/v2/v2_10b_h2_balanced_logreg_fold4_v1.joblib
4,jpeg_q50,SMARTPHONE_150987,0,0.009047386236488819,real::Smartphone,Smartphone,models/v2/clip_lora_fold4_best_v1.pt,models/v2/v2_10b_h2_balanced_logreg_fold4_v1.joblib
4,jpeg_q50,SMARTPHONE_360241,0,0.00020117136591579765,real::Smartphone,Smartphone,models/v2/clip_lora_fold4_best_v1.pt,models/v2/v2_10b_h2_balanced_logreg_fold4_v1.joblib
4,jpeg_q50,SMARTPHONE_962434,0,0.0009291353053413332,real::Smartphone,Smartphone,models/v2/clip_lora_fold4_best_v1.pt,models/v2/v2_10b_h2_balanced_logreg_fold4_v1.joblib
4,jpeg_q50,SMARTPHONE_442519,0,0.003569564316421747,real::Smartphone,Smartphone,models/v2/clip_lora_fold4_best_v1.pt,models/v2/v2_10b_h2_balanced_logreg_fold4_v1.joblib
4,jpeg_q50,SMARTPHONE_582381,0,0.00020874293113593012,real::Smartphone,Smartphone,models/v2/clip_lora_fold4_best_v1.pt,models/v2/v2_10b_h2_balanced_logreg_fold4_v1.joblib
4,jpeg_q50,SMARTPHONE_784712,0,0.0010036726016551256,real::Smartphone,Smartphone,models/v2/clip_lora_fold4_best_v1.pt,models/v2/v2_10b_h2_balanced_logreg_fold4_v1.joblib
4,jpeg_q50,SMARTPHONE_382687,0,0.0002441562246531248,real::Smartphone,Smartphone,models/v2/clip_lora_fold4_best_v1.pt,models/v2/v2_10b_h2_balanced_logreg_fold4_v1.joblib
4,jpeg_q50,SMARTPHONE_369625,0,0.0014447873691096902,real::Smartphone,Smartphone,models/v2/clip_lora_fold4_best_v1.pt,models/v2/v2_10b_h2_balanced_logreg_fold4_v1.joblib
4,jpeg_q50,SMARTPHONE_255480,0,0.00586642324924469,real::Smartphone,Smartphone,models/v2/clip_lora_fold4_best_v1.pt,models/v2/v2_10b_h2_balanced_logreg_fold4_v1.joblib
4,jpeg_q50,SMARTPHONE_429017,0,0.010419105179607868,real::Smartphone,Smartphone,models/v2/clip_lora_fold4_best_v1.pt,models/v2/v2_10b_h2_balanced_logreg_fold4_v1.joblib
4,jpeg_q50,SMARTPHONE_384872,0,0.001989144366234541,real::Smartphone,Smartphone,models/v2/clip_lora_fold4_best_v1.pt,models/v2/v2_10b_h2_balanced_logreg_fold4_v1.joblib
4,jpeg_q50,SMARTPHONE_907482,0,0.0036435469519346952,real::Smartphone,Smartphone,models/v2/clip_lora_fold4_best_v1.pt,models/v2/v2_10b_h2_balanced_logreg_fold4_v1.joblib
4,jpeg_q50,SMARTPHONE_389287,0,0.00012819006224162877,real::Smartphone,Smartphone,models/v2/clip_lora_fold4_best_v1.pt,models/v2/v2_10b_h2_balanced_logreg_fold4_v1.joblib
