image_id,dataset,generator,ai_era,calibrated_probability,raw_probability,group,selective_prediction
pilot_000099,Tiny-GenImage,ADM,legacy,0.838989567828975,0.958642840385437,CORRECT_CONFIDENT_AI,AI-GENERATED
pilot_000113,Tiny-GenImage,ADM,legacy,0.9771471580985958,0.9992166757583618,CORRECT_CONFIDENT_AI,AI-GENERATED
pilot_000183,Tiny-GenImage,ADM,legacy,0.6978954004001461,0.8312281370162964,UNCERTAIN_AI,UNCERTAIN
pilot_000239,Tiny-GenImage,ADM,legacy,0.819678267664597,0.9470117092132568,CORRECT_CONFIDENT_AI,AI-GENERATED
pilot_000281,Tiny-GenImage,ADM,legacy,0.075804349039131,0.0084769185632467,FALSE_REAL_AI,REAL
pilot_000295,Tiny-GenImage,ADM,legacy,0.2896106846947612,0.1533495485782623,UNCERTAIN_AI,UNCERTAIN
pilot_000477,Tiny-GenImage,ADM,legacy,0.7937853820931896,0.9286826252937316,CORRECT_CONFIDENT_AI,AI-GENERATED
pilot_000673,Tiny-GenImage,ADM,legacy,0.2213825108104221,0.0835745930671691,FALSE_REAL_AI,REAL
pilot_000701,Tiny-GenImage,ADM,legacy,0.9630772550168364,0.9979950189590454,CORRECT_CONFIDENT_AI,AI-GENERATED
pilot_000729,Tiny-GenImage,ADM,legacy,0.5717351832359507,0.6341775059700012,UNCERTAIN_AI,UNCERTAIN
pilot_000757,Tiny-GenImage,ADM,legacy,0.8342673321529467,0.9559543132781982,CORRECT_CONFIDENT_AI,AI-GENERATED
pilot_000813,Tiny-GenImage,ADM,legacy,0.6420769987559701,0.7526471018791199,UNCERTAIN_AI,UNCERTAIN
pilot_000827,Tiny-GenImage,ADM,legacy,0.061542959025303,0.0055525917559862,FALSE_REAL_AI,REAL
pilot_000995,Tiny-GenImage,ADM,legacy,0.8798880289883174,0.9779450297355652,CORRECT_CONFIDENT_AI,AI-GENERATED
pilot_001009,Tiny-GenImage,ADM,legacy,0.8184820150646811,0.9462350010871888,CORRECT_CONFIDENT_AI,AI-GENERATED
pilot_001121,Tiny-GenImage,ADM,legacy,0.8767344311646491,0.9767000079154968,CORRECT_CONFIDENT_AI,AI-GENERATED
pilot_001163,Tiny-GenImage,ADM,legacy,0.0217981807343929,0.0007144636474549,FALSE_REAL_AI,REAL
pilot_001219,Tiny-GenImage,ADM,legacy,0.0648923329336148,0.0061802049167454,FALSE_REAL_AI,REAL
pilot_001233,Tiny-GenImage,ADM,legacy,0.0594712025146306,0.0051822168752551,FALSE_REAL_AI,REAL
pilot_001247,Tiny-GenImage,ADM,legacy,0.8827228023621948,0.9790310263633728,CORRECT_CONFIDENT_AI,AI-GENERATED
pilot_001275,Tiny-GenImage,ADM,legacy,0.2753536486017994,0.1367523372173309,UNCERTAIN_AI,UNCERTAIN
pilot_001387,Tiny-GenImage,ADM,legacy,0.908920073248615,0.9876367449760436,CORRECT_CONFIDENT_AI,AI-GENERATED
pilot_001429,Tiny-GenImage,ADM,legacy,0.7128260907773849,0.8495630025863647,UNCERTAIN_AI,UNCERTAIN
pilot_001485,Tiny-GenImage,ADM,legacy,0.9864594519728008,0.9997158646583556,CORRECT_CONFIDENT_AI,AI-GENERATED
pilot_001541,Tiny-GenImage,ADM,legacy,0.1150055254784174,0.0201211422681808,FALSE_REAL_AI,REAL
pilot_001695,Tiny-GenImage,ADM,legacy,0.9987035134726348,0.999996781349182,CORRECT_CONFIDENT_AI,AI-GENERATED
pilot_001807,Tiny-GenImage,ADM,legacy,0.999940984096666,1.0,CORRECT_CONFIDENT_AI,AI-GENERATED
pilot_001821,Tiny-GenImage,ADM,legacy,0.996362779448454,0.9999772310256958,CORRECT_CONFIDENT_AI,AI-GENERATED
pilot_001835,Tiny-GenImage,ADM,legacy,0.9478314599232074,0.9960162043571472,CORRECT_CONFIDENT_AI,AI-GENERATED
pilot_001877,Tiny-GenImage,ADM,legacy,0.3782230799011676,0.2795773446559906,UNCERTAIN_AI,UNCERTAIN
pilot_002087,Tiny-GenImage,ADM,legacy,0.992906433662408,0.9999181032180786,CORRECT_CONFIDENT_AI,AI-GENERATED
pilot_002115,Tiny-GenImage,ADM,legacy,0.99942403301711,0.9999992847442628,CORRECT_CONFIDENT_AI,AI-GENERATED
pilot_002241,Tiny-GenImage,ADM,legacy,0.9998418239875724,1.0,CORRECT_CONFIDENT_AI,AI-GENERATED
pilot_002325,Tiny-GenImage,ADM,legacy,0.9209546511978122,0.99076509475708,CORRECT_CONFIDENT_AI,AI-GENERATED
pilot_002367,Tiny-GenImage,ADM,legacy,0.9985715021970109,0.9999961853027344,CORRECT_CONFIDENT_AI,AI-GENERATED
pilot_002395,Tiny-GenImage,ADM,legacy,0.9964781805439136,0.9999785423278807,CORRECT_CONFIDENT_AI,AI-GENERATED
pilot_002437,Tiny-GenImage,ADM,legacy,0.9736870797197374,0.9989688396453856,CORRECT_CONFIDENT_AI,AI-GENERATED
pilot_002619,Tiny-GenImage,ADM,legacy,0.8448054164398029,0.9618187546730042,CORRECT_CONFIDENT_AI,AI-GENERATED
pilot_002633,Tiny-GenImage,ADM,legacy,0.997720531435057,0.999990701675415,CORRECT_CONFIDENT_AI,AI-GENERATED
pilot_002647,Tiny-GenImage,ADM,legacy,0.9998600539846668,1.0,CORRECT_CONFIDENT_AI,AI-GENERATED
pilot_002675,Tiny-GenImage,ADM,legacy,0.9951546810483264,0.9999605417251588,CORRECT_CONFIDENT_AI,AI-GENERATED
pilot_002773,Tiny-GenImage,ADM,legacy,0.997140782916306,0.9999855756759644,CORRECT_CONFIDENT_AI,AI-GENERATED
pilot_002871,Tiny-GenImage,ADM,legacy,0.8924885618481908,0.982536554336548,CORRECT_CONFIDENT_AI,AI-GENERATED
pilot_002997,Tiny-GenImage,ADM,legacy,0.8588464321984325,0.9688846468925476,CORRECT_CONFIDENT_AI,AI-GENERATED
pilot_003193,Tiny-GenImage,ADM,legacy,0.992566862163245,0.9999103546142578,CORRECT_CONFIDENT_AI,AI-GENERATED
pilot_003291,Tiny-GenImage,ADM,legacy,0.8076934050231159,0.9389267563819884,CORRECT_CONFIDENT_AI,AI-GENERATED
pilot_003375,Tiny-GenImage,ADM,legacy,0.989989356404159,0.9998412132263184,CORRECT_CONFIDENT_AI,AI-GENERATED
pilot_003403,Tiny-GenImage,ADM,legacy,0.7021917988595663,0.8366236090660095,UNCERTAIN_AI,UNCERTAIN
pilot_003529,Tiny-GenImage,ADM,legacy,0.900780852893854,0.9852328896522522,CORRECT_CONFIDENT_AI,AI-GENERATED
pilot_003599,Tiny-GenImage,ADM,legacy,0.3354766544932649,0.2139066606760025,UNCERTAIN_AI,UNCERTAIN
pilot_003627,Tiny-GenImage,ADM,legacy,0.9950674983160116,0.999959111213684,CORRECT_CONFIDENT_AI,AI-GENERATED
pilot_003641,Tiny-GenImage,ADM,legacy,0.9096406405941156,0.9878382682800292,CORRECT_CONFIDENT_AI,AI-GENERATED
pilot_003669,Tiny-GenImage,ADM,legacy,0.9092788423177476,0.9877372980117798,CORRECT_CONFIDENT_AI,AI-GENERATED
pilot_003781,Tiny-GenImage,ADM,legacy,0.9936553137212248,0.9999338388442992,CORRECT_CONFIDENT_AI,AI-GENERATED
pilot_003823,Tiny-GenImage,ADM,legacy,0.9990909943409232,0.9999983310699464,CORRECT_CONFIDENT_AI,AI-GENERATED
pilot_003921,Tiny-GenImage,ADM,legacy,0.9987874787282184,0.9999971389770508,CORRECT_CONFIDENT_AI,AI-GENERATED
pilot_003991,Tiny-GenImage,ADM,legacy,0.9723026640172944,0.9988601207733154,CORRECT_CONFIDENT_AI,AI-GENERATED
pilot_000101,Tiny-GenImage,BigGAN,legacy,0.4982810500875589,0.4967268705368042,UNCERTAIN_AI,UNCERTAIN
pilot_000115,Tiny-GenImage,BigGAN,legacy,0.9912835274613208,0.9998782873153688,CORRECT_CONFIDENT_AI,AI-GENERATED
pilot_000185,Tiny-GenImage,BigGAN,legacy,0.9978019859510314,0.9999912977218628,CORRECT_CONFIDENT_AI,AI-GENERATED
pilot_000241,Tiny-GenImage,BigGAN,legacy,0.9894994901746738,0.9998260140419006,CORRECT_CONFIDENT_AI,AI-GENERATED
pilot_000283,Tiny-GenImage,BigGAN,legacy,0.9060120106362916,0.9868050813674928,CORRECT_CONFIDENT_AI,AI-GENERATED
pilot_000297,Tiny-GenImage,BigGAN,legacy,0.768444886663788,0.9075559973716736,CORRECT_CONFIDENT_AI,AI-GENERATED
pilot_000479,Tiny-GenImage,BigGAN,legacy,0.9801801518284106,0.999406099319458,CORRECT_CONFIDENT_AI,AI-GENERATED
pilot_000675,Tiny-GenImage,BigGAN,legacy,0.9924634008748388,0.9999079704284668,CORRECT_CONFIDENT_AI,AI-GENERATED
pilot_000703,Tiny-GenImage,BigGAN,legacy,0.8812331655464937,0.978464126586914,CORRECT_CONFIDENT_AI,AI-GENERATED
pilot_000731,Tiny-GenImage,BigGAN,legacy,0.2840463987126717,0.1467445641756057,UNCERTAIN_AI,UNCERTAIN
pilot_000759,Tiny-GenImage,BigGAN,legacy,0.9952608504964322,0.9999620914459229,CORRECT_CONFIDENT_AI,AI-GENERATED
pilot_000815,Tiny-GenImage,BigGAN,legacy,0.9325836739985168,0.993323028087616,CORRECT_CONFIDENT_AI,AI-GENERATED
pilot_000829,Tiny-GenImage,BigGAN,legacy,0.9358983949054908,0.9939711689949036,CORRECT_CONFIDENT_AI,AI-GENERATED
pilot_000997,Tiny-GenImage,BigGAN,legacy,0.3165618834925659,0.1876299083232879,UNCERTAIN_AI,UNCERTAIN
pilot_001011,Tiny-GenImage,BigGAN,legacy,0.675260421087755,0.8012295961380005,UNCERTAIN_AI,UNCERTAIN
pilot_001123,Tiny-GenImage,BigGAN,legacy,0.985849651534283,0.9996907711029052,CORRECT_CONFIDENT_AI,AI-GENERATED
pilot_001165,Tiny-GenImage,BigGAN,legacy,0.966990632098442,0.9983919262886048,CORRECT_CONFIDENT_AI,AI-GENERATED
pilot_001221,Tiny-GenImage,BigGAN,legacy,0.9040195941683392,0.9862177968025208,CORRECT_CONFIDENT_AI,AI-GENERATED
pilot_001235,Tiny-GenImage,BigGAN,legacy,0.9354520431629164,0.9938859343528748,CORRECT_CONFIDENT_AI,AI-GENERATED
pilot_001249,Tiny-GenImage,BigGAN,legacy,0.8872639531132333,0.9807060956954956,CORRECT_CONFIDENT_AI,AI-GENERATED
pilot_001277,Tiny-GenImage,BigGAN,legacy,0.4606007347738651,0.4253826141357422,UNCERTAIN_AI,UNCERTAIN
pilot_001389,Tiny-GenImage,BigGAN,legacy,0.8844583880344309,0.979680597782135,CORRECT_CONFIDENT_AI,AI-GENERATED
pilot_001431,Tiny-GenImage,BigGAN,legacy,0.4226236216112968,0.3556888401508331,UNCERTAIN_AI,UNCERTAIN
pilot_001487,Tiny-GenImage,BigGAN,legacy,0.7027205637720785,0.8372809886932373,UNCERTAIN_AI,UNCERTAIN
pilot_001543,Tiny-GenImage,BigGAN,legacy,0.8141127095529073,0.9433414340019226,CORRECT_CONFIDENT_AI,AI-GENERATED
pilot_001697,Tiny-GenImage,BigGAN,legacy,0.735987765463344,0.875685453414917,UNCERTAIN_AI,UNCERTAIN
pilot_001809,Tiny-GenImage,BigGAN,legacy,0.9081833566945524,0.9874288439750672,CORRECT_CONFIDENT_AI,AI-GENERATED
pilot_001823,Tiny-GenImage,BigGAN,legacy,0.7521813874882228,0.892272412776947,CORRECT_CONFIDENT_AI,AI-GENERATED
pilot_001837,Tiny-GenImage,BigGAN,legacy,0.984526082089774,0.9996323585510254,CORRECT_CONFIDENT_AI,AI-GENERATED
pilot_001879,Tiny-GenImage,BigGAN,legacy,0.3491370819045225,0.2339778691530227,UNCERTAIN_AI,UNCERTAIN
pilot_002089,Tiny-GenImage,BigGAN,legacy,0.5631512085749028,0.618594229221344,UNCERTAIN_AI,UNCERTAIN
pilot_002117,Tiny-GenImage,BigGAN,legacy,0.942183397396128,0.9951038360595704,CORRECT_CONFIDENT_AI,AI-GENERATED
pilot_002243,Tiny-GenImage,BigGAN,legacy,0.5218612205658377,0.541558027267456,UNCERTAIN_AI,UNCERTAIN
pilot_002327,Tiny-GenImage,BigGAN,legacy,0.9721182890685192,0.9988452196121216,CORRECT_CONFIDENT_AI,AI-GENERATED
pilot_002369,Tiny-GenImage,BigGAN,legacy,0.960046580310808,0.9976567029953004,CORRECT_CONFIDENT_AI,AI-GENERATED
pilot_002397,Tiny-GenImage,BigGAN,legacy,0.9122461400768612,0.9885514974594116,CORRECT_CONFIDENT_AI,AI-GENERATED
pilot_002439,Tiny-GenImage,BigGAN,legacy,0.9703659953506092,0.9986988306045532,CORRECT_CONFIDENT_AI,AI-GENERATED
pilot_002621,Tiny-GenImage,BigGAN,legacy,0.98883812988575,0.9998041987419128,CORRECT_CONFIDENT_AI,AI-GENERATED
pilot_002635,Tiny-GenImage,BigGAN,legacy,0.9337962120779096,0.9935641884803772,CORRECT_CONFIDENT_AI,AI-GENERATED
pilot_002649,Tiny-GenImage,BigGAN,legacy,0.9088434861538626,0.9876152276992798,CORRECT_CONFIDENT_AI,AI-GENERATED
pilot_002677,Tiny-GenImage,BigGAN,legacy,0.9664978964604496,0.9983444213867188,CORRECT_CONFIDENT_AI,AI-GENERATED
pilot_002775,Tiny-GenImage,BigGAN,legacy,0.9984530130924002,0.9999955892562866,CORRECT_CONFIDENT_AI,AI-GENERATED
pilot_002873,Tiny-GenImage,BigGAN,legacy,0.972205963240772,0.9988522529602052,CORRECT_CONFIDENT_AI,AI-GENERATED
pilot_002999,Tiny-GenImage,BigGAN,legacy,0.973982823635974,0.998991310596466,CORRECT_CONFIDENT_AI,AI-GENERATED
pilot_003195,Tiny-GenImage,BigGAN,legacy,0.992942313151732,0.999918818473816,CORRECT_CONFIDENT_AI,AI-GENERATED
pilot_003293,Tiny-GenImage,BigGAN,legacy,0.819310361468631,0.9467735886573792,CORRECT_CONFIDENT_AI,AI-GENERATED
pilot_003377,Tiny-GenImage,BigGAN,legacy,0.9741298333278235,0.9990025162696838,CORRECT_CONFIDENT_AI,AI-GENERATED
pilot_003405,Tiny-GenImage,BigGAN,legacy,0.272945074460844,0.1340541988611221,UNCERTAIN_AI,UNCERTAIN
pilot_003531,Tiny-GenImage,BigGAN,legacy,0.9544086728268136,0.9969552755355836,CORRECT_CONFIDENT_AI,AI-GENERATED
pilot_003601,Tiny-GenImage,BigGAN,legacy,0.8828546521951682,0.9790807366371156,CORRECT_CONFIDENT_AI,AI-GENERATED
pilot_003629,Tiny-GenImage,BigGAN,legacy,0.990056827206066,0.9998432397842408,CORRECT_CONFIDENT_AI,AI-GENERATED
pilot_003643,Tiny-GenImage,BigGAN,legacy,0.9934884649627644,0.999930500984192,CORRECT_CONFIDENT_AI,AI-GENERATED
pilot_003671,Tiny-GenImage,BigGAN,legacy,0.6057523300067542,0.6937748789787292,UNCERTAIN_AI,UNCERTAIN
pilot_003783,Tiny-GenImage,BigGAN,legacy,0.9291475990016466,0.992613673210144,CORRECT_CONFIDENT_AI,AI-GENERATED
pilot_003825,Tiny-GenImage,BigGAN,legacy,0.9220282679875976,0.9910200238227844,CORRECT_CONFIDENT_AI,AI-GENERATED
pilot_003923,Tiny-GenImage,BigGAN,legacy,0.8871373718517228,0.9806604981422424,CORRECT_CONFIDENT_AI,AI-GENERATED
pilot_003993,Tiny-GenImage,BigGAN,legacy,0.981863956322118,0.999500036239624,CORRECT_CONFIDENT_AI,AI-GENERATED
pilot_000103,Tiny-GenImage,GLIDE,legacy,0.9755123929727844,0.999103844165802,CORRECT_CONFIDENT_AI,AI-GENERATED
pilot_000117,Tiny-GenImage,GLIDE,legacy,0.7459508780906783,0.8860532641410828,CORRECT_CONFIDENT_AI,AI-GENERATED
pilot_000187,Tiny-GenImage,GLIDE,legacy,0.3553366013950776,0.243378534913063,UNCERTAIN_AI,UNCERTAIN
pilot_000243,Tiny-GenImage,GLIDE,legacy,0.9482635999908569,0.9960820078849792,CORRECT_CONFIDENT_AI,AI-GENERATED
pilot_000285,Tiny-GenImage,GLIDE,legacy,0.9959351846096964,0.9999717473983764,CORRECT_CONFIDENT_AI,AI-GENERATED
pilot_000299,Tiny-GenImage,GLIDE,legacy,0.9930301908267604,0.9999207258224488,CORRECT_CONFIDENT_AI,AI-GENERATED
pilot_000481,Tiny-GenImage,GLIDE,legacy,0.9478007183456272,0.99601149559021,CORRECT_CONFIDENT_AI,AI-GENERATED
pilot_000677,Tiny-GenImage,GLIDE,legacy,0.8741455266999105,0.9756487011909484,CORRECT_CONFIDENT_AI,AI-GENERATED
pilot_000705,Tiny-GenImage,GLIDE,legacy,0.9450037794280604,0.9955717325210572,CORRECT_CONFIDENT_AI,AI-GENERATED
pilot_000733,Tiny-GenImage,GLIDE,legacy,0.9611062119067952,0.9977781176567078,CORRECT_CONFIDENT_AI,AI-GENERATED
pilot_000761,Tiny-GenImage,GLIDE,legacy,0.9872667702185396,0.9997476935386658,CORRECT_CONFIDENT_AI,AI-GENERATED
pilot_000817,Tiny-GenImage,GLIDE,legacy,0.9775177344190964,0.9992412328720092,CORRECT_CONFIDENT_AI,AI-GENERATED
pilot_000831,Tiny-GenImage,GLIDE,legacy,0.9178712527085148,0.9900110363960266,CORRECT_CONFIDENT_AI,AI-GENERATED
pilot_000999,Tiny-GenImage,GLIDE,legacy,0.4146777800044081,0.3415726721286773,UNCERTAIN_AI,UNCERTAIN
pilot_001013,Tiny-GenImage,GLIDE,legacy,0.8692788622977861,0.9736001491546632,CORRECT_CONFIDENT_AI,AI-GENERATED
pilot_001125,Tiny-GenImage,GLIDE,legacy,0.3731898804534909,0.2714217901229858,UNCERTAIN_AI,UNCERTAIN
pilot_001167,Tiny-GenImage,GLIDE,legacy,0.9907228987071306,0.999862790107727,CORRECT_CONFIDENT_AI,AI-GENERATED
pilot_001223,Tiny-GenImage,GLIDE,legacy,0.809740727849841,0.9403559565544128,CORRECT_CONFIDENT_AI,AI-GENERATED
pilot_001237,Tiny-GenImage,GLIDE,legacy,0.9944152399800074,0.9999481439590454,CORRECT_CONFIDENT_AI,AI-GENERATED
pilot_001251,Tiny-GenImage,GLIDE,legacy,0.9877791234812864,0.9997668862342834,CORRECT_CONFIDENT_AI,AI-GENERATED
pilot_001279,Tiny-GenImage,GLIDE,legacy,0.951645274385944,0.996576726436615,CORRECT_CONFIDENT_AI,AI-GENERATED
pilot_001391,Tiny-GenImage,GLIDE,legacy,0.9279194835672432,0.9923507571220398,CORRECT_CONFIDENT_AI,AI-GENERATED
pilot_001433,Tiny-GenImage,GLIDE,legacy,0.239862655056466,0.10008005797863,FALSE_REAL_AI,REAL
pilot_001489,Tiny-GenImage,GLIDE,legacy,0.898009364031719,0.9843598008155824,CORRECT_CONFIDENT_AI,AI-GENERATED
pilot_001545,Tiny-GenImage,GLIDE,legacy,0.9620953486398612,0.9978883862495422,CORRECT_CONFIDENT_AI,AI-GENERATED
pilot_001699,Tiny-GenImage,GLIDE,legacy,0.8640451260368657,0.9712902903556824,CORRECT_CONFIDENT_AI,AI-GENERATED
pilot_001811,Tiny-GenImage,GLIDE,legacy,0.9901241024623552,0.9998452663421632,CORRECT_CONFIDENT_AI,AI-GENERATED
pilot_001825,Tiny-GenImage,GLIDE,legacy,0.9827909557526716,0.9995483756065368,CORRECT_CONFIDENT_AI,AI-GENERATED
pilot_001839,Tiny-GenImage,GLIDE,legacy,0.9996048396425622,0.9999996423721312,CORRECT_CONFIDENT_AI,AI-GENERATED
pilot_001881,Tiny-GenImage,GLIDE,legacy,0.189575468841373,0.0591711364686489,FALSE_REAL_AI,REAL
pilot_002091,Tiny-GenImage,GLIDE,legacy,0.2189064832128278,0.0814951434731483,FALSE_REAL_AI,REAL
pilot_002119,Tiny-GenImage,GLIDE,legacy,0.7863330989889447,0.92280375957489,CORRECT_CONFIDENT_AI,AI-GENERATED
pilot_002245,Tiny-GenImage,GLIDE,legacy,0.6771690475983199,0.8038600087165833,UNCERTAIN_AI,UNCERTAIN
pilot_002329,Tiny-GenImage,GLIDE,legacy,0.9786462222828316,0.9993135929107666,CORRECT_CONFIDENT_AI,AI-GENERATED
pilot_002371,Tiny-GenImage,GLIDE,legacy,0.985626768695811,0.9996812343597412,CORRECT_CONFIDENT_AI,AI-GENERATED
pilot_002399,Tiny-GenImage,GLIDE,legacy,0.9649735324609684,0.9981929659843444,CORRECT_CONFIDENT_AI,AI-GENERATED
pilot_002441,Tiny-GenImage,GLIDE,legacy,0.984059188532094,0.9996106028556824,CORRECT_CONFIDENT_AI,AI-GENERATED
pilot_002623,Tiny-GenImage,GLIDE,legacy,0.9636943832938994,0.9980605244636536,CORRECT_CONFIDENT_AI,AI-GENERATED
pilot_002637,Tiny-GenImage,GLIDE,legacy,0.9742621794972312,0.9990123510360718,CORRECT_CONFIDENT_AI,AI-GENERATED
pilot_002651,Tiny-GenImage,GLIDE,legacy,0.9622727520789666,0.9979078769683838,CORRECT_CONFIDENT_AI,AI-GENERATED
pilot_002679,Tiny-GenImage,GLIDE,legacy,0.8713955670009617,0.9745028018951416,CORRECT_CONFIDENT_AI,AI-GENERATED
pilot_002777,Tiny-GenImage,GLIDE,legacy,0.9550868149442576,0.9970447421073914,CORRECT_CONFIDENT_AI,AI-GENERATED
pilot_002875,Tiny-GenImage,GLIDE,legacy,0.974475955671546,0.9990283250808716,CORRECT_CONFIDENT_AI,AI-GENERATED
pilot_003001,Tiny-GenImage,GLIDE,legacy,0.9811897886938268,0.9994634985923768,CORRECT_CONFIDENT_AI,AI-GENERATED
pilot_003197,Tiny-GenImage,GLIDE,legacy,0.988719955020772,0.9998002648353576,CORRECT_CONFIDENT_AI,AI-GENERATED
pilot_003295,Tiny-GenImage,GLIDE,legacy,0.8410402367820626,0.9597796201705932,CORRECT_CONFIDENT_AI,AI-GENERATED
pilot_003379,Tiny-GenImage,GLIDE,legacy,0.985945342282364,0.9996947050094604,CORRECT_CONFIDENT_AI,AI-GENERATED
pilot_003407,Tiny-GenImage,GLIDE,legacy,0.9122099290647488,0.9885417222976683,CORRECT_CONFIDENT_AI,AI-GENERATED
pilot_003533,Tiny-GenImage,GLIDE,legacy,0.851580743452917,0.9653332829475404,CORRECT_CONFIDENT_AI,AI-GENERATED
pilot_003603,Tiny-GenImage,GLIDE,legacy,0.088002153935782,0.0115154571831226,FALSE_REAL_AI,REAL
pilot_003631,Tiny-GenImage,GLIDE,legacy,0.8863871804197336,0.980388879776001,CORRECT_CONFIDENT_AI,AI-GENERATED
pilot_003645,Tiny-GenImage,GLIDE,legacy,0.9433732052641512,0.9953043460845948,CORRECT_CONFIDENT_AI,AI-GENERATED
pilot_003673,Tiny-GenImage,GLIDE,legacy,0.9577619378501432,0.9973838925361632,CORRECT_CONFIDENT_AI,AI-GENERATED
pilot_003785,Tiny-GenImage,GLIDE,legacy,0.996252028468719,0.9999758005142212,CORRECT_CONFIDENT_AI,AI-GENERATED
pilot_003827,Tiny-GenImage,GLIDE,legacy,0.9983122557956357,0.9999947547912598,CORRECT_CONFIDENT_AI,AI-GENERATED
pilot_003925,Tiny-GenImage,GLIDE,legacy,0.991171684615988,0.99987530708313,CORRECT_CONFIDENT_AI,AI-GENERATED
pilot_003995,Tiny-GenImage,GLIDE,legacy,0.774638105746916,0.9130184650421144,CORRECT_CONFIDENT_AI,AI-GENERATED
pilot_000007,Tiny-GenImage,Midjourney,legacy,0.0220728641298651,0.0007320832810364,FALSE_REAL_AI,REAL
pilot_000021,Tiny-GenImage,Midjourney,legacy,0.0326660361073289,0.0015752982581034,FALSE_REAL_AI,REAL
pilot_000035,Tiny-GenImage,Midjourney,legacy,0.9022410414426708,0.985681653022766,CORRECT_CONFIDENT_AI,AI-GENERATED
pilot_000049,Tiny-GenImage,Midjourney,legacy,0.8799380262500212,0.9779644012451172,CORRECT_CONFIDENT_AI,AI-GENERATED
pilot_000063,Tiny-GenImage,Midjourney,legacy,0.96841501257154,0.9985255599021912,CORRECT_CONFIDENT_AI,AI-GENERATED
pilot_000077,Tiny-GenImage,Midjourney,legacy,0.9660390674650216,0.9982995390892028,CORRECT_CONFIDENT_AI,AI-GENERATED
pilot_000091,Tiny-GenImage,Midjourney,legacy,0.7501656064799167,0.8902825117111206,CORRECT_CONFIDENT_AI,AI-GENERATED
pilot_000105,Tiny-GenImage,Midjourney,legacy,0.9003201773211935,0.9850896596908568,CORRECT_CONFIDENT_AI,AI-GENERATED
pilot_000119,Tiny-GenImage,Midjourney,legacy,0.6555767979808999,0.7730493545532227,UNCERTAIN_AI,UNCERTAIN
pilot_000133,Tiny-GenImage,Midjourney,legacy,0.9511700514365165,0.9965092539787292,CORRECT_CONFIDENT_AI,AI-GENERATED
pilot_000147,Tiny-GenImage,Midjourney,legacy,0.9494841441989754,0.9962645173072816,CORRECT_CONFIDENT_AI,AI-GENERATED
pilot_000161,Tiny-GenImage,Midjourney,legacy,0.7822506870482895,0.9194660782814026,CORRECT_CONFIDENT_AI,AI-GENERATED
pilot_000175,Tiny-GenImage,Midjourney,legacy,0.5620221696291697,0.6165308952331543,UNCERTAIN_AI,UNCERTAIN
pilot_000189,Tiny-GenImage,Midjourney,legacy,0.1374276187612925,0.0293798465281724,FALSE_REAL_AI,REAL
pilot_000203,Tiny-GenImage,Midjourney,legacy,0.7446223186356863,0.8847008943557739,CORRECT_CONFIDENT_AI,AI-GENERATED
pilot_000217,Tiny-GenImage,Midjourney,legacy,0.6704763627643009,0.794556200504303,UNCERTAIN_AI,UNCERTAIN
pilot_000231,Tiny-GenImage,Midjourney,legacy,0.0920926283776262,0.0126494737342,FALSE_REAL_AI,REAL
pilot_000245,Tiny-GenImage,Midjourney,legacy,0.1040281438104511,0.0163000002503395,FALSE_REAL_AI,REAL
pilot_000259,Tiny-GenImage,Midjourney,legacy,0.4808208419933872,0.4635265171527862,UNCERTAIN_AI,UNCERTAIN
pilot_000273,Tiny-GenImage,Midjourney,legacy,0.1838114361394055,0.0552726909518241,FALSE_REAL_AI,REAL
pilot_000287,Tiny-GenImage,Midjourney,legacy,0.9908925491969588,0.9998675584793092,CORRECT_CONFIDENT_AI,AI-GENERATED
pilot_000301,Tiny-GenImage,Midjourney,legacy,0.6863780381982898,0.8162920475006104,UNCERTAIN_AI,UNCERTAIN
pilot_000315,Tiny-GenImage,Midjourney,legacy,0.5293844786908731,0.5557844638824463,UNCERTAIN_AI,UNCERTAIN
pilot_000329,Tiny-GenImage,Midjourney,legacy,0.1407626475712858,0.0309305470436811,FALSE_REAL_AI,REAL
pilot_000343,Tiny-GenImage,Midjourney,legacy,0.0059213940013494,5.796902405563742e-05,FALSE_REAL_AI,REAL
pilot_000357,Tiny-GenImage,Midjourney,legacy,0.0729718029762227,0.0078431703150272,FALSE_REAL_AI,REAL
pilot_000371,Tiny-GenImage,Midjourney,legacy,0.4886278241311838,0.478355199098587,UNCERTAIN_AI,UNCERTAIN
pilot_000385,Tiny-GenImage,Midjourney,legacy,0.485097888361596,0.4716458320617676,UNCERTAIN_AI,UNCERTAIN
pilot_000399,Tiny-GenImage,Midjourney,legacy,0.1898930956445569,0.0593905337154865,FALSE_REAL_AI,REAL
pilot_000413,Tiny-GenImage,Midjourney,legacy,0.474797481652531,0.4521165192127228,UNCERTAIN_AI,UNCERTAIN
pilot_000427,Tiny-GenImage,Midjourney,legacy,0.633699428560758,0.739566445350647,UNCERTAIN_AI,UNCERTAIN
pilot_000441,Tiny-GenImage,Midjourney,legacy,0.5864057473422227,0.6603372097015381,UNCERTAIN_AI,UNCERTAIN
pilot_000455,Tiny-GenImage,Midjourney,legacy,0.9606835062128762,0.9977300763130188,CORRECT_CONFIDENT_AI,AI-GENERATED
pilot_000469,Tiny-GenImage,Midjourney,legacy,0.773324022319453,0.9118757843971252,CORRECT_CONFIDENT_AI,AI-GENERATED
pilot_000483,Tiny-GenImage,Midjourney,legacy,0.9349877769836464,0.993796706199646,CORRECT_CONFIDENT_AI,AI-GENERATED
pilot_000497,Tiny-GenImage,Midjourney,legacy,0.7067354666638684,0.8422247171401978,UNCERTAIN_AI,UNCERTAIN
pilot_000511,Tiny-GenImage,Midjourney,legacy,0.7392664815218137,0.8791549205780029,CORRECT_CONFIDENT_AI,AI-GENERATED
pilot_000525,Tiny-GenImage,Midjourney,legacy,0.6236670231820832,0.7234976887702942,UNCERTAIN_AI,UNCERTAIN
pilot_000539,Tiny-GenImage,Midjourney,legacy,0.0667620862897083,0.0065461951307952,FALSE_REAL_AI,REAL
pilot_000553,Tiny-GenImage,Midjourney,legacy,0.1638496789753014,0.0429617352783679,FALSE_REAL_AI,REAL
pilot_000567,Tiny-GenImage,Midjourney,legacy,0.4568424935162166,0.4183531701564789,UNCERTAIN_AI,UNCERTAIN
pilot_000581,Tiny-GenImage,Midjourney,legacy,0.9442562437327724,0.99545019865036,CORRECT_CONFIDENT_AI,AI-GENERATED
pilot_000595,Tiny-GenImage,Midjourney,legacy,0.9540113333531104,0.9969022870063782,CORRECT_CONFIDENT_AI,AI-GENERATED
pilot_000609,Tiny-GenImage,Midjourney,legacy,0.5233090108537436,0.5443001389503479,UNCERTAIN_AI,UNCERTAIN
pilot_000623,Tiny-GenImage,Midjourney,legacy,0.056217136008782,0.0046277209185063,FALSE_REAL_AI,REAL
pilot_000637,Tiny-GenImage,Midjourney,legacy,0.0188703980857771,0.0005398942157626,FALSE_REAL_AI,REAL
pilot_000651,Tiny-GenImage,Midjourney,legacy,0.0558197541404723,0.0045622726902365,FALSE_REAL_AI,REAL
pilot_000665,Tiny-GenImage,Midjourney,legacy,0.8486406238607768,0.9638323783874512,CORRECT_CONFIDENT_AI,AI-GENERATED
pilot_000679,Tiny-GenImage,Midjourney,legacy,0.7628476796165921,0.9024502635002136,CORRECT_CONFIDENT_AI,AI-GENERATED
pilot_000693,Tiny-GenImage,Midjourney,legacy,0.590620761005062,0.6677310466766357,UNCERTAIN_AI,UNCERTAIN
pilot_000707,Tiny-GenImage,Midjourney,legacy,0.4589626120491906,0.4223158359527588,UNCERTAIN_AI,UNCERTAIN
pilot_000721,Tiny-GenImage,Midjourney,legacy,0.0827210713607151,0.0101375384256243,FALSE_REAL_AI,REAL
pilot_000735,Tiny-GenImage,Midjourney,legacy,0.929280324438388,0.9926417469978333,CORRECT_CONFIDENT_AI,AI-GENERATED
pilot_000749,Tiny-GenImage,Midjourney,legacy,0.0114302582681201,0.0002049371250905,FALSE_REAL_AI,REAL
pilot_000763,Tiny-GenImage,Midjourney,legacy,0.8091219564019291,0.9399260878562928,CORRECT_CONFIDENT_AI,AI-GENERATED
pilot_000777,Tiny-GenImage,Midjourney,legacy,0.0806503256550612,0.0096233943477272,FALSE_REAL_AI,REAL
pilot_000791,Tiny-GenImage,Midjourney,legacy,0.0975938699107729,0.0142681179568171,FALSE_REAL_AI,REAL
pilot_000805,Tiny-GenImage,Midjourney,legacy,0.929608036636664,0.9927109479904176,CORRECT_CONFIDENT_AI,AI-GENERATED
pilot_000819,Tiny-GenImage,Midjourney,legacy,0.6707362624824952,0.7949216365814209,UNCERTAIN_AI,UNCERTAIN
pilot_000833,Tiny-GenImage,Midjourney,legacy,0.8524573085317764,0.9657734632492064,CORRECT_CONFIDENT_AI,AI-GENERATED
pilot_000847,Tiny-GenImage,Midjourney,legacy,0.0987820784405835,0.0146319959312677,FALSE_REAL_AI,REAL
pilot_000861,Tiny-GenImage,Midjourney,legacy,0.6813753537229152,0.8095919489860535,UNCERTAIN_AI,UNCERTAIN
pilot_000875,Tiny-GenImage,Midjourney,legacy,0.3405306390875595,0.221227765083313,UNCERTAIN_AI,UNCERTAIN
pilot_000889,Tiny-GenImage,Midjourney,legacy,0.0916426412181781,0.0125218406319618,FALSE_REAL_AI,REAL
pilot_000903,Tiny-GenImage,Midjourney,legacy,0.7837871211374441,0.9207320213317872,CORRECT_CONFIDENT_AI,AI-GENERATED
pilot_000917,Tiny-GenImage,Midjourney,legacy,0.9149879661132444,0.9892765283584596,CORRECT_CONFIDENT_AI,AI-GENERATED
pilot_000931,Tiny-GenImage,Midjourney,legacy,0.9110502153691856,0.9882270693778992,CORRECT_CONFIDENT_AI,AI-GENERATED
pilot_000945,Tiny-GenImage,Midjourney,legacy,0.9238038329538883,0.9914332628250122,CORRECT_CONFIDENT_AI,AI-GENERATED
pilot_000959,Tiny-GenImage,Midjourney,legacy,0.5861923248195124,0.6599613428115845,UNCERTAIN_AI,UNCERTAIN
pilot_000973,Tiny-GenImage,Midjourney,legacy,0.1151956695219786,0.0201913509517908,FALSE_REAL_AI,REAL
pilot_000987,Tiny-GenImage,Midjourney,legacy,0.7427169049433796,0.882745087146759,CORRECT_CONFIDENT_AI,AI-GENERATED
pilot_001001,Tiny-GenImage,Midjourney,legacy,0.2633750109030318,0.1236357539892196,FALSE_REAL_AI,REAL
pilot_001015,Tiny-GenImage,Midjourney,legacy,0.9725888598234196,0.998883068561554,CORRECT_CONFIDENT_AI,AI-GENERATED
pilot_001029,Tiny-GenImage,Midjourney,legacy,0.4716089080843368,0.4460906088352203,UNCERTAIN_AI,UNCERTAIN
pilot_001043,Tiny-GenImage,Midjourney,legacy,0.6122130201735188,0.7046398520469666,UNCERTAIN_AI,UNCERTAIN
pilot_001057,Tiny-GenImage,Midjourney,legacy,0.6583340559881445,0.7771106362342834,UNCERTAIN_AI,UNCERTAIN
pilot_001071,Tiny-GenImage,Midjourney,legacy,0.446834688017567,0.3997564017772674,UNCERTAIN_AI,UNCERTAIN
pilot_001085,Tiny-GenImage,Midjourney,legacy,0.1152498678534738,0.020211387425661,FALSE_REAL_AI,REAL
pilot_001099,Tiny-GenImage,Midjourney,legacy,0.9978580271070592,0.9999916553497314,CORRECT_CONFIDENT_AI,AI-GENERATED
pilot_001113,Tiny-GenImage,Midjourney,legacy,0.8675774938637456,0.9728614687919616,CORRECT_CONFIDENT_AI,AI-GENERATED
pilot_001127,Tiny-GenImage,Midjourney,legacy,0.0736585589027659,0.0079943789169192,FALSE_REAL_AI,REAL
pilot_001141,Tiny-GenImage,Midjourney,legacy,0.3883538633282833,0.2963070869445801,UNCERTAIN_AI,UNCERTAIN
pilot_001155,Tiny-GenImage,Midjourney,legacy,0.098153461033712,0.0144388517364859,FALSE_REAL_AI,REAL
pilot_001169,Tiny-GenImage,Midjourney,legacy,0.2222580954105296,0.0843173488974571,FALSE_REAL_AI,REAL
pilot_001183,Tiny-GenImage,Midjourney,legacy,0.5967935699020644,0.6784524917602539,UNCERTAIN_AI,UNCERTAIN
pilot_001197,Tiny-GenImage,Midjourney,legacy,0.0819025600431329,0.0099325627088546,FALSE_REAL_AI,REAL
pilot_001211,Tiny-GenImage,Midjourney,legacy,0.026624521299748,0.0010551683371886,FALSE_REAL_AI,REAL
pilot_001225,Tiny-GenImage,Midjourney,legacy,0.6615902925071948,0.7818596959114075,UNCERTAIN_AI,UNCERTAIN
pilot_001239,Tiny-GenImage,Midjourney,legacy,0.0261533694743896,0.0010189949534833,FALSE_REAL_AI,REAL
pilot_001253,Tiny-GenImage,Midjourney,legacy,0.0307859494751736,0.0014022050891071,FALSE_REAL_AI,REAL
pilot_001267,Tiny-GenImage,Midjourney,legacy,0.2103514499386486,0.0745468437671661,FALSE_REAL_AI,REAL
pilot_001281,Tiny-GenImage,Midjourney,legacy,0.3571727770517069,0.2461969256401062,UNCERTAIN_AI,UNCERTAIN
pilot_001295,Tiny-GenImage,Midjourney,legacy,0.253292231275969,0.11318039894104,FALSE_REAL_AI,REAL
pilot_001309,Tiny-GenImage,Midjourney,legacy,0.6761925486525587,0.802516520023346,UNCERTAIN_AI,UNCERTAIN
pilot_001323,Tiny-GenImage,Midjourney,legacy,0.9577380034399582,0.9973809123039246,CORRECT_CONFIDENT_AI,AI-GENERATED
pilot_001337,Tiny-GenImage,Midjourney,legacy,0.1641464347718863,0.0431315153837204,FALSE_REAL_AI,REAL
pilot_001351,Tiny-GenImage,Midjourney,legacy,0.5757896067280367,0.6414697766304016,UNCERTAIN_AI,UNCERTAIN
pilot_001365,Tiny-GenImage,Midjourney,legacy,0.9126083871078235,0.9886488318443298,CORRECT_CONFIDENT_AI,AI-GENERATED
pilot_001379,Tiny-GenImage,Midjourney,legacy,0.9070213753070788,0.987097144126892,CORRECT_CONFIDENT_AI,AI-GENERATED
pilot_001393,Tiny-GenImage,Midjourney,legacy,0.9705917710760628,0.99871826171875,CORRECT_CONFIDENT_AI,AI-GENERATED
pilot_001407,Tiny-GenImage,Midjourney,legacy,0.6993677861245492,0.8330879807472229,UNCERTAIN_AI,UNCERTAIN
pilot_001421,Tiny-GenImage,Midjourney,legacy,0.969158694769914,0.9985927939414978,CORRECT_CONFIDENT_AI,AI-GENERATED
pilot_001435,Tiny-GenImage,Midjourney,legacy,0.6919431971583546,0.8235946297645569,UNCERTAIN_AI,UNCERTAIN
pilot_001449,Tiny-GenImage,Midjourney,legacy,0.295764238377456,0.1608433723449707,UNCERTAIN_AI,UNCERTAIN
pilot_001463,Tiny-GenImage,Midjourney,legacy,0.6090204259343555,0.6992907524108887,UNCERTAIN_AI,UNCERTAIN
pilot_001477,Tiny-GenImage,Midjourney,legacy,0.9464440995204172,0.9958012700080872,CORRECT_CONFIDENT_AI,AI-GENERATED
pilot_001491,Tiny-GenImage,Midjourney,legacy,0.9838461361611583,0.9996004700660706,CORRECT_CONFIDENT_AI,AI-GENERATED
pilot_001505,Tiny-GenImage,Midjourney,legacy,0.794977742015369,0.9295977354049684,CORRECT_CONFIDENT_AI,AI-GENERATED
pilot_001519,Tiny-GenImage,Midjourney,legacy,0.9907852703310492,0.9998645782470704,CORRECT_CONFIDENT_AI,AI-GENERATED
pilot_001533,Tiny-GenImage,Midjourney,legacy,0.9386381710927516,0.9944803714752196,CORRECT_CONFIDENT_AI,AI-GENERATED
pilot_001547,Tiny-GenImage,Midjourney,legacy,0.97556834554386,0.9991077780723572,CORRECT_CONFIDENT_AI,AI-GENERATED
pilot_001561,Tiny-GenImage,Midjourney,legacy,0.9804749332189192,0.9994231462478638,CORRECT_CONFIDENT_AI,AI-GENERATED
pilot_001575,Tiny-GenImage,Midjourney,legacy,0.1635487641841853,0.0427899770438671,FALSE_REAL_AI,REAL
pilot_001589,Tiny-GenImage,Midjourney,legacy,0.0752213172945258,0.008344292640686,FALSE_REAL_AI,REAL
pilot_001603,Tiny-GenImage,Midjourney,legacy,0.9558967549455188,0.997149646282196,CORRECT_CONFIDENT_AI,AI-GENERATED
pilot_001617,Tiny-GenImage,Midjourney,legacy,0.0890319048791079,0.0117954099550843,FALSE_REAL_AI,REAL
pilot_001631,Tiny-GenImage,Midjourney,legacy,0.971097743117776,0.9987610578536988,CORRECT_CONFIDENT_AI,AI-GENERATED
pilot_001645,Tiny-GenImage,Midjourney,legacy,0.9278111590379954,0.9923272728919984,CORRECT_CONFIDENT_AI,AI-GENERATED
pilot_001659,Tiny-GenImage,Midjourney,legacy,0.6370146461902948,0.7447803020477295,UNCERTAIN_AI,UNCERTAIN
pilot_001673,Tiny-GenImage,Midjourney,legacy,0.2222105050720279,0.0842768773436546,FALSE_REAL_AI,REAL
pilot_001687,Tiny-GenImage,Midjourney,legacy,0.4167104369329796,0.3451655209064483,UNCERTAIN_AI,UNCERTAIN
pilot_001701,Tiny-GenImage,Midjourney,legacy,0.9275373932218716,0.992267906665802,CORRECT_CONFIDENT_AI,AI-GENERATED
pilot_001715,Tiny-GenImage,Midjourney,legacy,0.9591594623916332,0.9975526928901672,CORRECT_CONFIDENT_AI,AI-GENERATED
pilot_001729,Tiny-GenImage,Midjourney,legacy,0.4499571959975105,0.4055382907390594,UNCERTAIN_AI,UNCERTAIN
pilot_001743,Tiny-GenImage,Midjourney,legacy,0.982531016292891,0.999535083770752,CORRECT_CONFIDENT_AI,AI-GENERATED
pilot_001757,Tiny-GenImage,Midjourney,legacy,0.9820243714269512,0.9995086193084716,CORRECT_CONFIDENT_AI,AI-GENERATED
pilot_001771,Tiny-GenImage,Midjourney,legacy,0.9217108792997994,0.9909451007843018,CORRECT_CONFIDENT_AI,AI-GENERATED
pilot_001785,Tiny-GenImage,Midjourney,legacy,0.9914499500316324,0.999882698059082,CORRECT_CONFIDENT_AI,AI-GENERATED
pilot_001799,Tiny-GenImage,Midjourney,legacy,0.9899598104075756,0.999840259552002,CORRECT_CONFIDENT_AI,AI-GENERATED
pilot_001813,Tiny-GenImage,Midjourney,legacy,0.9425864243393148,0.9951722025871276,CORRECT_CONFIDENT_AI,AI-GENERATED
pilot_001827,Tiny-GenImage,Midjourney,legacy,0.9945404226037944,0.9999504089355468,CORRECT_CONFIDENT_AI,AI-GENERATED
pilot_001841,Tiny-GenImage,Midjourney,legacy,0.9723247548092772,0.9988619089126588,CORRECT_CONFIDENT_AI,AI-GENERATED
pilot_001855,Tiny-GenImage,Midjourney,legacy,0.9558306835932288,0.9971412420272828,CORRECT_CONFIDENT_AI,AI-GENERATED
pilot_001869,Tiny-GenImage,Midjourney,legacy,0.7370078509514644,0.8767709732055664,CORRECT_CONFIDENT_AI,AI-GENERATED
pilot_001883,Tiny-GenImage,Midjourney,legacy,0.9809517246806688,0.999450147151947,CORRECT_CONFIDENT_AI,AI-GENERATED
pilot_001897,Tiny-GenImage,Midjourney,legacy,0.9290400214828792,0.9925909042358398,CORRECT_CONFIDENT_AI,AI-GENERATED
pilot_001911,Tiny-GenImage,Midjourney,legacy,0.990125336514653,0.9998452663421632,CORRECT_CONFIDENT_AI,AI-GENERATED
pilot_001925,Tiny-GenImage,Midjourney,legacy,0.7133017936053742,0.8501279950141907,UNCERTAIN_AI,UNCERTAIN
pilot_001939,Tiny-GenImage,Midjourney,legacy,0.9914608372144392,0.9998830556869508,CORRECT_CONFIDENT_AI,AI-GENERATED
pilot_001953,Tiny-GenImage,Midjourney,legacy,0.9905253422790988,0.9998571872711182,CORRECT_CONFIDENT_AI,AI-GENERATED
pilot_001967,Tiny-GenImage,Midjourney,legacy,0.8092220086867539,0.9399957060813904,CORRECT_CONFIDENT_AI,AI-GENERATED
pilot_001981,Tiny-GenImage,Midjourney,legacy,0.9902099873605984,0.9998478889465332,CORRECT_CONFIDENT_AI,AI-GENERATED
pilot_001995,Tiny-GenImage,Midjourney,legacy,0.9958769234566818,0.9999710321426392,CORRECT_CONFIDENT_AI,AI-GENERATED
pilot_002009,Tiny-GenImage,Midjourney,legacy,0.9349491030352596,0.9937891364097596,CORRECT_CONFIDENT_AI,AI-GENERATED
pilot_002023,Tiny-GenImage,Midjourney,legacy,0.9860498640669616,0.9996991157531738,CORRECT_CONFIDENT_AI,AI-GENERATED
pilot_002037,Tiny-GenImage,Midjourney,legacy,0.8490686729641072,0.964053213596344,CORRECT_CONFIDENT_AI,AI-GENERATED
pilot_002051,Tiny-GenImage,Midjourney,legacy,0.9499187236777322,0.9963284134864808,CORRECT_CONFIDENT_AI,AI-GENERATED
pilot_002065,Tiny-GenImage,Midjourney,legacy,0.9850888249324924,0.9996577501296996,CORRECT_CONFIDENT_AI,AI-GENERATED
pilot_002079,Tiny-GenImage,Midjourney,legacy,0.9836317916231656,0.9995902180671692,CORRECT_CONFIDENT_AI,AI-GENERATED
pilot_002093,Tiny-GenImage,Midjourney,legacy,0.9334365979771528,0.9934932589530944,CORRECT_CONFIDENT_AI,AI-GENERATED
pilot_002107,Tiny-GenImage,Midjourney,legacy,0.9215789565517932,0.9909138679504396,CORRECT_CONFIDENT_AI,AI-GENERATED
pilot_002121,Tiny-GenImage,Midjourney,legacy,0.9761077468205456,0.9991458654403688,CORRECT_CONFIDENT_AI,AI-GENERATED
pilot_002135,Tiny-GenImage,Midjourney,legacy,0.999811375337812,0.9999998807907104,CORRECT_CONFIDENT_AI,AI-GENERATED
pilot_002149,Tiny-GenImage,Midjourney,legacy,0.9994285512867432,0.9999992847442628,CORRECT_CONFIDENT_AI,AI-GENERATED
pilot_002163,Tiny-GenImage,Midjourney,legacy,0.9922911089641424,0.999903917312622,CORRECT_CONFIDENT_AI,AI-GENERATED
pilot_002177,Tiny-GenImage,Midjourney,legacy,0.9882903639047094,0.9997853636741638,CORRECT_CONFIDENT_AI,AI-GENERATED
pilot_002191,Tiny-GenImage,Midjourney,legacy,0.9722440881792792,0.9988553524017334,CORRECT_CONFIDENT_AI,AI-GENERATED
pilot_002205,Tiny-GenImage,Midjourney,legacy,0.8993641552289752,0.984790027141571,CORRECT_CONFIDENT_AI,AI-GENERATED
pilot_002219,Tiny-GenImage,Midjourney,legacy,0.5895441826337505,0.6658480167388916,UNCERTAIN_AI,UNCERTAIN
pilot_002233,Tiny-GenImage,Midjourney,legacy,0.9931730638348992,0.999923825263977,CORRECT_CONFIDENT_AI,AI-GENERATED
pilot_002247,Tiny-GenImage,Midjourney,legacy,0.3766991829691431,0.2770968973636627,UNCERTAIN_AI,UNCERTAIN
pilot_002261,Tiny-GenImage,Midjourney,legacy,0.9910894778668302,0.9998730421066284,CORRECT_CONFIDENT_AI,AI-GENERATED
pilot_002275,Tiny-GenImage,Midjourney,legacy,0.6053103841656019,0.6930258274078369,UNCERTAIN_AI,UNCERTAIN
pilot_002289,Tiny-GenImage,Midjourney,legacy,0.9921283917125518,0.9998999834060668,CORRECT_CONFIDENT_AI,AI-GENERATED
pilot_002303,Tiny-GenImage,Midjourney,legacy,0.765588251069325,0.9049703478813172,CORRECT_CONFIDENT_AI,AI-GENERATED
pilot_002317,Tiny-GenImage,Midjourney,legacy,0.6939860616035719,0.8262352347373962,UNCERTAIN_AI,UNCERTAIN
pilot_002331,Tiny-GenImage,Midjourney,legacy,0.9823265972520984,0.999524474143982,CORRECT_CONFIDENT_AI,AI-GENERATED
pilot_002345,Tiny-GenImage,Midjourney,legacy,0.8457688811588884,0.9623305797576904,CORRECT_CONFIDENT_AI,AI-GENERATED
pilot_002359,Tiny-GenImage,Midjourney,legacy,0.999092860481032,0.9999983310699464,CORRECT_CONFIDENT_AI,AI-GENERATED
pilot_002373,Tiny-GenImage,Midjourney,legacy,0.4847697139457102,0.4710224270820617,UNCERTAIN_AI,UNCERTAIN
pilot_002387,Tiny-GenImage,Midjourney,legacy,0.3053114184806138,0.1728616654872894,UNCERTAIN_AI,UNCERTAIN
pilot_002401,Tiny-GenImage,Midjourney,legacy,0.5752254370318408,0.6404578685760498,UNCERTAIN_AI,UNCERTAIN
pilot_002415,Tiny-GenImage,Midjourney,legacy,0.8873516927521085,0.9807377457618712,CORRECT_CONFIDENT_AI,AI-GENERATED
pilot_002429,Tiny-GenImage,Midjourney,legacy,0.991876441516134,0.9998936653137208,CORRECT_CONFIDENT_AI,AI-GENERATED
pilot_002443,Tiny-GenImage,Midjourney,legacy,0.9824332934541514,0.9995300769805908,CORRECT_CONFIDENT_AI,AI-GENERATED
pilot_002457,Tiny-GenImage,Midjourney,legacy,0.9698845919733348,0.9986571073532104,CORRECT_CONFIDENT_AI,AI-GENERATED
pilot_002471,Tiny-GenImage,Midjourney,legacy,0.2397522710197763,0.0999762713909149,FALSE_REAL_AI,REAL
pilot_002485,Tiny-GenImage,Midjourney,legacy,0.9916609444864868,0.9998881816864014,CORRECT_CONFIDENT_AI,AI-GENERATED
pilot_002499,Tiny-GenImage,Midjourney,legacy,0.9276387848355448,0.9922899603843688,CORRECT_CONFIDENT_AI,AI-GENERATED
pilot_002513,Tiny-GenImage,Midjourney,legacy,0.8518015436035555,0.9654444456100464,CORRECT_CONFIDENT_AI,AI-GENERATED
pilot_002527,Tiny-GenImage,Midjourney,legacy,0.9891703358353374,0.9998152852058412,CORRECT_CONFIDENT_AI,AI-GENERATED
pilot_002541,Tiny-GenImage,Midjourney,legacy,0.940669970048347,0.9948425889015198,CORRECT_CONFIDENT_AI,AI-GENERATED
pilot_002555,Tiny-GenImage,Midjourney,legacy,0.99836449808605,0.9999949932098388,CORRECT_CONFIDENT_AI,AI-GENERATED
pilot_002569,Tiny-GenImage,Midjourney,legacy,0.82094401912057,0.9478262066841124,CORRECT_CONFIDENT_AI,AI-GENERATED
pilot_002583,Tiny-GenImage,Midjourney,legacy,0.92589352940156,0.9919061660766602,CORRECT_CONFIDENT_AI,AI-GENERATED
pilot_002597,Tiny-GenImage,Midjourney,legacy,0.98176518944264,0.9994947910308838,CORRECT_CONFIDENT_AI,AI-GENERATED
pilot_002611,Tiny-GenImage,Midjourney,legacy,0.4367545141132546,0.3812336027622223,UNCERTAIN_AI,UNCERTAIN
pilot_002625,Tiny-GenImage,Midjourney,legacy,0.9782373689484568,0.9992877840995787,CORRECT_CONFIDENT_AI,AI-GENERATED
pilot_002639,Tiny-GenImage,Midjourney,legacy,0.7727335316197395,0.911359429359436,CORRECT_CONFIDENT_AI,AI-GENERATED
pilot_002653,Tiny-GenImage,Midjourney,legacy,0.9849936518460224,0.9996535778045654,CORRECT_CONFIDENT_AI,AI-GENERATED
pilot_002667,Tiny-GenImage,Midjourney,legacy,0.999677938638312,0.9999997615814208,CORRECT_CONFIDENT_AI,AI-GENERATED
pilot_002681,Tiny-GenImage,Midjourney,legacy,0.9997339003966432,0.9999998807907104,CORRECT_CONFIDENT_AI,AI-GENERATED
pilot_002695,Tiny-GenImage,Midjourney,legacy,0.9994671212468148,0.9999994039535522,CORRECT_CONFIDENT_AI,AI-GENERATED
pilot_002709,Tiny-GenImage,Midjourney,legacy,0.6889597170552408,0.8196995854377747,UNCERTAIN_AI,UNCERTAIN
pilot_002723,Tiny-GenImage,Midjourney,legacy,0.9979567503196528,0.9999923706054688,CORRECT_CONFIDENT_AI,AI-GENERATED
pilot_002737,Tiny-GenImage,Midjourney,legacy,0.938844788627709,0.994517743587494,CORRECT_CONFIDENT_AI,AI-GENERATED
pilot_002751,Tiny-GenImage,Midjourney,legacy,0.9845820660499368,0.999634861946106,CORRECT_CONFIDENT_AI,AI-GENERATED
pilot_002765,Tiny-GenImage,Midjourney,legacy,0.7935145474296089,0.9284737706184388,CORRECT_CONFIDENT_AI,AI-GENERATED
pilot_002779,Tiny-GenImage,Midjourney,legacy,0.9837283619248068,0.9995948672294616,CORRECT_CONFIDENT_AI,AI-GENERATED
pilot_002793,Tiny-GenImage,Midjourney,legacy,0.9958089107023752,0.9999700784683228,CORRECT_CONFIDENT_AI,AI-GENERATED
pilot_002807,Tiny-GenImage,Midjourney,legacy,0.9902894320189422,0.9998502731323242,CORRECT_CONFIDENT_AI,AI-GENERATED
pilot_002821,Tiny-GenImage,Midjourney,legacy,0.9978422581123316,0.999991536140442,CORRECT_CONFIDENT_AI,AI-GENERATED
pilot_002835,Tiny-GenImage,Midjourney,legacy,0.85148201444999,0.9652833938598632,CORRECT_CONFIDENT_AI,AI-GENERATED
pilot_002849,Tiny-GenImage,Midjourney,legacy,0.8363351050886882,0.957143783569336,CORRECT_CONFIDENT_AI,AI-GENERATED
pilot_002863,Tiny-GenImage,Midjourney,legacy,0.234817715739997,0.0954005196690559,FALSE_REAL_AI,REAL
pilot_002877,Tiny-GenImage,Midjourney,legacy,0.5128479213610859,0.5244505405426025,UNCERTAIN_AI,UNCERTAIN
pilot_002891,Tiny-GenImage,Midjourney,legacy,0.9795650170752396,0.9993698000907898,CORRECT_CONFIDENT_AI,AI-GENERATED
pilot_002905,Tiny-GenImage,Midjourney,legacy,0.9981193948549923,0.9999935626983644,CORRECT_CONFIDENT_AI,AI-GENERATED
pilot_002919,Tiny-GenImage,Midjourney,legacy,0.9899339816851784,0.9998395442962646,CORRECT_CONFIDENT_AI,AI-GENERATED
pilot_002933,Tiny-GenImage,Midjourney,legacy,0.6220875991901959,0.7209291458129883,UNCERTAIN_AI,UNCERTAIN
pilot_002947,Tiny-GenImage,Midjourney,legacy,0.1965317105316174,0.0640863105654716,FALSE_REAL_AI,REAL
pilot_002961,Tiny-GenImage,Midjourney,legacy,0.9152786231987772,0.9893519282341005,CORRECT_CONFIDENT_AI,AI-GENERATED
pilot_002975,Tiny-GenImage,Midjourney,legacy,0.7448950098485934,0.8849791884422302,CORRECT_CONFIDENT_AI,AI-GENERATED
pilot_002989,Tiny-GenImage,Midjourney,legacy,0.9976620780117068,0.9999902248382568,CORRECT_CONFIDENT_AI,AI-GENERATED
pilot_003003,Tiny-GenImage,Midjourney,legacy,0.9950355476256694,0.999958634376526,CORRECT_CONFIDENT_AI,AI-GENERATED
pilot_003017,Tiny-GenImage,Midjourney,legacy,0.9805476966758008,0.999427318572998,CORRECT_CONFIDENT_AI,AI-GENERATED
pilot_003031,Tiny-GenImage,Midjourney,legacy,0.9911148428864184,0.9998737573623656,CORRECT_CONFIDENT_AI,AI-GENERATED
pilot_003045,Tiny-GenImage,Midjourney,legacy,0.997687509149786,0.9999903440475464,CORRECT_CONFIDENT_AI,AI-GENERATED
pilot_003059,Tiny-GenImage,Midjourney,legacy,0.9957360782282396,0.9999691247940063,CORRECT_CONFIDENT_AI,AI-GENERATED
pilot_003073,Tiny-GenImage,Midjourney,legacy,0.9948622730694,0.9999557733535768,CORRECT_CONFIDENT_AI,AI-GENERATED
pilot_003087,Tiny-GenImage,Midjourney,legacy,0.9838721875096832,0.9996017813682556,CORRECT_CONFIDENT_AI,AI-GENERATED
pilot_003101,Tiny-GenImage,Midjourney,legacy,0.9974556803338028,0.9999884366989136,CORRECT_CONFIDENT_AI,AI-GENERATED
pilot_003115,Tiny-GenImage,Midjourney,legacy,0.8879211837920659,0.9809420108795166,CORRECT_CONFIDENT_AI,AI-GENERATED
pilot_003129,Tiny-GenImage,Midjourney,legacy,0.9960916284990208,0.9999737739562988,CORRECT_CONFIDENT_AI,AI-GENERATED
pilot_003143,Tiny-GenImage,Midjourney,legacy,0.9994278005184014,0.9999992847442628,CORRECT_CONFIDENT_AI,AI-GENERATED
pilot_003157,Tiny-GenImage,Midjourney,legacy,0.9959776857135336,0.9999723434448242,CORRECT_CONFIDENT_AI,AI-GENERATED
pilot_003171,Tiny-GenImage,Midjourney,legacy,0.9483330175203072,0.9960923790931702,CORRECT_CONFIDENT_AI,AI-GENERATED
pilot_003185,Tiny-GenImage,Midjourney,legacy,0.9920802187863343,0.9998987913131714,CORRECT_CONFIDENT_AI,AI-GENERATED
pilot_003199,Tiny-GenImage,Midjourney,legacy,0.8311165818569971,0.9541049599647522,CORRECT_CONFIDENT_AI,AI-GENERATED
pilot_003213,Tiny-GenImage,Midjourney,legacy,0.7990658341571962,0.9326826333999634,CORRECT_CONFIDENT_AI,AI-GENERATED
pilot_003227,Tiny-GenImage,Midjourney,legacy,0.9488692213444446,0.996173083782196,CORRECT_CONFIDENT_AI,AI-GENERATED
pilot_003241,Tiny-GenImage,Midjourney,legacy,0.9990575394467868,0.9999982118606568,CORRECT_CONFIDENT_AI,AI-GENERATED
pilot_003255,Tiny-GenImage,Midjourney,legacy,0.9779237626405868,0.9992677569389344,CORRECT_CONFIDENT_AI,AI-GENERATED
pilot_003269,Tiny-GenImage,Midjourney,legacy,0.9876357568708016,0.9997616410255432,CORRECT_CONFIDENT_AI,AI-GENERATED
pilot_003283,Tiny-GenImage,Midjourney,legacy,0.9403330438554762,0.994783341884613,CORRECT_CONFIDENT_AI,AI-GENERATED
pilot_003297,Tiny-GenImage,Midjourney,legacy,0.9742614699267036,0.9990123510360718,CORRECT_CONFIDENT_AI,AI-GENERATED
pilot_003311,Tiny-GenImage,Midjourney,legacy,0.979668427546744,0.9993759989738464,CORRECT_CONFIDENT_AI,AI-GENERATED
pilot_003325,Tiny-GenImage,Midjourney,legacy,0.9697543154395424,0.9986457228660583,CORRECT_CONFIDENT_AI,AI-GENERATED
pilot_003339,Tiny-GenImage,Midjourney,legacy,0.8137283802781066,0.9430825710296632,CORRECT_CONFIDENT_AI,AI-GENERATED
pilot_003353,Tiny-GenImage,Midjourney,legacy,0.9949841966158705,0.999957799911499,CORRECT_CONFIDENT_AI,AI-GENERATED
pilot_003367,Tiny-GenImage,Midjourney,legacy,0.6742579774725439,0.7998407483100891,UNCERTAIN_AI,UNCERTAIN
pilot_003381,Tiny-GenImage,Midjourney,legacy,0.9049820270506062,0.98650324344635,CORRECT_CONFIDENT_AI,AI-GENERATED
pilot_003395,Tiny-GenImage,Midjourney,legacy,0.9231116827537196,0.9912734627723694,CORRECT_CONFIDENT_AI,AI-GENERATED
pilot_003409,Tiny-GenImage,Midjourney,legacy,0.4808080778126413,0.4635023474693298,UNCERTAIN_AI,UNCERTAIN
pilot_003423,Tiny-GenImage,Midjourney,legacy,0.8025320215586397,0.9352343678474426,CORRECT_CONFIDENT_AI,AI-GENERATED
pilot_003437,Tiny-GenImage,Midjourney,legacy,0.9993018813710088,0.9999990463256836,CORRECT_CONFIDENT_AI,AI-GENERATED
pilot_003451,Tiny-GenImage,Midjourney,legacy,0.9788432043488828,0.9993258714675904,CORRECT_CONFIDENT_AI,AI-GENERATED
pilot_003465,Tiny-GenImage,Midjourney,legacy,0.9622700973845824,0.9979075193405152,CORRECT_CONFIDENT_AI,AI-GENERATED
pilot_003479,Tiny-GenImage,Midjourney,legacy,0.999332257364438,0.9999990463256836,CORRECT_CONFIDENT_AI,AI-GENERATED
pilot_003493,Tiny-GenImage,Midjourney,legacy,0.9981063596774472,0.9999934434890748,CORRECT_CONFIDENT_AI,AI-GENERATED
pilot_003507,Tiny-GenImage,Midjourney,legacy,0.984067443538034,0.9996110796928406,CORRECT_CONFIDENT_AI,AI-GENERATED
pilot_003521,Tiny-GenImage,Midjourney,legacy,0.9971463577167904,0.999985694885254,CORRECT_CONFIDENT_AI,AI-GENERATED
pilot_003535,Tiny-GenImage,Midjourney,legacy,0.9519425234629888,0.9966185092926024,CORRECT_CONFIDENT_AI,AI-GENERATED
pilot_003549,Tiny-GenImage,Midjourney,legacy,0.9607969540676188,0.9977430105209352,CORRECT_CONFIDENT_AI,AI-GENERATED
pilot_003563,Tiny-GenImage,Midjourney,legacy,0.9745550378795744,0.9990341663360596,CORRECT_CONFIDENT_AI,AI-GENERATED
pilot_003577,Tiny-GenImage,Midjourney,legacy,0.3210588086334623,0.1937141716480255,UNCERTAIN_AI,UNCERTAIN
pilot_003591,Tiny-GenImage,Midjourney,legacy,0.9795730308346776,0.999370276927948,CORRECT_CONFIDENT_AI,AI-GENERATED
pilot_003605,Tiny-GenImage,Midjourney,legacy,0.4318643515964986,0.3723339736461639,UNCERTAIN_AI,UNCERTAIN
pilot_003619,Tiny-GenImage,Midjourney,legacy,0.9316528671723356,0.9931347370147704,CORRECT_CONFIDENT_AI,AI-GENERATED
pilot_003633,Tiny-GenImage,Midjourney,legacy,0.9937688391408368,0.9999361038208008,CORRECT_CONFIDENT_AI,AI-GENERATED
pilot_003647,Tiny-GenImage,Midjourney,legacy,0.7421470807853987,0.882156491279602,CORRECT_CONFIDENT_AI,AI-GENERATED
pilot_003661,Tiny-GenImage,Midjourney,legacy,0.8809904660388537,0.9783710241317748,CORRECT_CONFIDENT_AI,AI-GENERATED
pilot_003675,Tiny-GenImage,Midjourney,legacy,0.99016719382603,0.999846577644348,CORRECT_CONFIDENT_AI,AI-GENERATED
pilot_003689,Tiny-GenImage,Midjourney,legacy,0.6447446500197559,0.7567458748817444,UNCERTAIN_AI,UNCERTAIN
pilot_003703,Tiny-GenImage,Midjourney,legacy,0.7456584854046635,0.8857563734054565,CORRECT_CONFIDENT_AI,AI-GENERATED
pilot_003717,Tiny-GenImage,Midjourney,legacy,0.826162490768155,0.9511063694953918,CORRECT_CONFIDENT_AI,AI-GENERATED
pilot_003731,Tiny-GenImage,Midjourney,legacy,0.1191557747517481,0.02168520539999,FALSE_REAL_AI,REAL
pilot_003745,Tiny-GenImage,Midjourney,legacy,0.9308333442747748,0.9929665327072144,CORRECT_CONFIDENT_AI,AI-GENERATED
pilot_003759,Tiny-GenImage,Midjourney,legacy,0.9990841349925516,0.9999983310699464,CORRECT_CONFIDENT_AI,AI-GENERATED
pilot_003773,Tiny-GenImage,Midjourney,legacy,0.5806591326957081,0.6501662135124207,UNCERTAIN_AI,UNCERTAIN
pilot_003787,Tiny-GenImage,Midjourney,legacy,0.988968622919967,0.9998086094856262,CORRECT_CONFIDENT_AI,AI-GENERATED
pilot_003801,Tiny-GenImage,Midjourney,legacy,0.4846954329171209,0.4708813428878784,UNCERTAIN_AI,UNCERTAIN
pilot_003815,Tiny-GenImage,Midjourney,legacy,0.995437893928308,0.9999648332595824,CORRECT_CONFIDENT_AI,AI-GENERATED
pilot_003829,Tiny-GenImage,Midjourney,legacy,0.9916564122968302,0.9998880624771118,CORRECT_CONFIDENT_AI,AI-GENERATED
pilot_003843,Tiny-GenImage,Midjourney,legacy,0.973849041286964,0.9989811778068542,CORRECT_CONFIDENT_AI,AI-GENERATED
pilot_003857,Tiny-GenImage,Midjourney,legacy,0.9540589373156654,0.996908724308014,CORRECT_CONFIDENT_AI,AI-GENERATED
pilot_003871,Tiny-GenImage,Midjourney,legacy,0.977473968610118,0.99923837184906,CORRECT_CONFIDENT_AI,AI-GENERATED
pilot_003885,Tiny-GenImage,Midjourney,legacy,0.996699444242348,0.9999810457229614,CORRECT_CONFIDENT_AI,AI-GENERATED
pilot_003899,Tiny-GenImage,Midjourney,legacy,0.9952369197460867,0.9999617338180542,CORRECT_CONFIDENT_AI,AI-GENERATED
pilot_003913,Tiny-GenImage,Midjourney,legacy,0.9818995243462249,0.9995019435882568,CORRECT_CONFIDENT_AI,AI-GENERATED
pilot_003927,Tiny-GenImage,Midjourney,legacy,0.9975544324606314,0.9999892711639404,CORRECT_CONFIDENT_AI,AI-GENERATED
pilot_003941,Tiny-GenImage,Midjourney,legacy,0.9990439833816448,0.9999982118606568,CORRECT_CONFIDENT_AI,AI-GENERATED
pilot_003955,Tiny-GenImage,Midjourney,legacy,0.9503792089141644,0.9963955283164978,CORRECT_CONFIDENT_AI,AI-GENERATED
pilot_003969,Tiny-GenImage,Midjourney,legacy,0.917569163808552,0.9899354577064514,CORRECT_CONFIDENT_AI,AI-GENERATED
pilot_003983,Tiny-GenImage,Midjourney,legacy,0.5146131379216652,0.5278051495552063,UNCERTAIN_AI,UNCERTAIN
pilot_003997,Tiny-GenImage,Midjourney,legacy,0.9971019505104696,0.9999852180480956,CORRECT_CONFIDENT_AI,AI-GENERATED
pilot_000107,Tiny-GenImage,SD15,legacy,0.6786011901982049,0.8058216571807861,UNCERTAIN_AI,UNCERTAIN
pilot_000121,Tiny-GenImage,SD15,legacy,0.9787141057449052,0.9993178844451904,CORRECT_CONFIDENT_AI,AI-GENERATED
pilot_000191,Tiny-GenImage,SD15,legacy,0.965378972602354,0.9982337951660156,CORRECT_CONFIDENT_AI,AI-GENERATED
pilot_000247,Tiny-GenImage,SD15,legacy,0.958728697001204,0.9975011944770812,CORRECT_CONFIDENT_AI,AI-GENERATED
pilot_000289,Tiny-GenImage,SD15,legacy,0.9654086972601068,0.998236894607544,CORRECT_CONFIDENT_AI,AI-GENERATED
pilot_000303,Tiny-GenImage,SD15,legacy,0.7384819757097799,0.8783299326896667,CORRECT_CONFIDENT_AI,AI-GENERATED
pilot_000485,Tiny-GenImage,SD15,legacy,0.9658511044417344,0.9982810020446776,CORRECT_CONFIDENT_AI,AI-GENERATED
pilot_000681,Tiny-GenImage,SD15,legacy,0.6338521461650214,0.739807665348053,UNCERTAIN_AI,UNCERTAIN
pilot_000709,Tiny-GenImage,SD15,legacy,0.8718135052230339,0.974678874015808,CORRECT_CONFIDENT_AI,AI-GENERATED
pilot_000737,Tiny-GenImage,SD15,legacy,0.6038264861309264,0.6905056834220886,UNCERTAIN_AI,UNCERTAIN
pilot_000765,Tiny-GenImage,SD15,legacy,0.0377163491907598,0.00209098495543,FALSE_REAL_AI,REAL
pilot_000821,Tiny-GenImage,SD15,legacy,0.7398911183943705,0.8798094987869263,CORRECT_CONFIDENT_AI,AI-GENERATED
pilot_000835,Tiny-GenImage,SD15,legacy,0.101625810207258,0.0155236739665269,FALSE_REAL_AI,REAL
pilot_001003,Tiny-GenImage,SD15,legacy,0.5680918015508399,0.6275864839553833,UNCERTAIN_AI,UNCERTAIN
pilot_001017,Tiny-GenImage,SD15,legacy,0.6925551887360957,0.8243880271911621,UNCERTAIN_AI,UNCERTAIN
pilot_001129,Tiny-GenImage,SD15,legacy,0.8615760343398621,0.9701617360115052,CORRECT_CONFIDENT_AI,AI-GENERATED
pilot_001171,Tiny-GenImage,SD15,legacy,0.9636201357530598,0.998052716255188,CORRECT_CONFIDENT_AI,AI-GENERATED
pilot_001227,Tiny-GenImage,SD15,legacy,0.9443319599379412,0.9954625964164734,CORRECT_CONFIDENT_AI,AI-GENERATED
pilot_001241,Tiny-GenImage,SD15,legacy,0.9437183108255724,0.995361626148224,CORRECT_CONFIDENT_AI,AI-GENERATED
pilot_001255,Tiny-GenImage,SD15,legacy,0.9798087731056642,0.9993842840194702,CORRECT_CONFIDENT_AI,AI-GENERATED
pilot_001283,Tiny-GenImage,SD15,legacy,0.98446249945639,0.9996293783187866,CORRECT_CONFIDENT_AI,AI-GENERATED
pilot_001395,Tiny-GenImage,SD15,legacy,0.9754305824856876,0.9990980625152588,CORRECT_CONFIDENT_AI,AI-GENERATED
pilot_001437,Tiny-GenImage,SD15,legacy,0.5304816152528081,0.5578540563583374,UNCERTAIN_AI,UNCERTAIN
pilot_001493,Tiny-GenImage,SD15,legacy,0.5926811183899594,0.6713239550590515,UNCERTAIN_AI,UNCERTAIN
pilot_001549,Tiny-GenImage,SD15,legacy,0.6901670364757301,0.821281373500824,UNCERTAIN_AI,UNCERTAIN
pilot_001703,Tiny-GenImage,SD15,legacy,0.2233365032071615,0.0852374732494354,FALSE_REAL_AI,REAL
pilot_001815,Tiny-GenImage,SD15,legacy,0.9870980765121776,0.9997411370277404,CORRECT_CONFIDENT_AI,AI-GENERATED
pilot_001829,Tiny-GenImage,SD15,legacy,0.9653814499000668,0.9982341527938844,CORRECT_CONFIDENT_AI,AI-GENERATED
pilot_001843,Tiny-GenImage,SD15,legacy,0.3367443176950432,0.2157312780618667,UNCERTAIN_AI,UNCERTAIN
pilot_001885,Tiny-GenImage,SD15,legacy,0.5324855360817405,0.561630368232727,UNCERTAIN_AI,UNCERTAIN
pilot_002095,Tiny-GenImage,SD15,legacy,0.4976389292551159,0.4955041706562042,UNCERTAIN_AI,UNCERTAIN
pilot_002123,Tiny-GenImage,SD15,legacy,0.3796349650558076,0.2818840146064758,UNCERTAIN_AI,UNCERTAIN
pilot_002249,Tiny-GenImage,SD15,legacy,0.5865080207330047,0.6605172753334045,UNCERTAIN_AI,UNCERTAIN
pilot_002333,Tiny-GenImage,SD15,legacy,0.3432420200969477,0.2252063751220703,UNCERTAIN_AI,UNCERTAIN
pilot_002375,Tiny-GenImage,SD15,legacy,0.8157266204260585,0.9444206953048706,CORRECT_CONFIDENT_AI,AI-GENERATED
pilot_002403,Tiny-GenImage,SD15,legacy,0.782703062604165,0.9198400378227234,CORRECT_CONFIDENT_AI,AI-GENERATED
pilot_002445,Tiny-GenImage,SD15,legacy,0.9790978416266092,0.9993415474891664,CORRECT_CONFIDENT_AI,AI-GENERATED
pilot_002627,Tiny-GenImage,SD15,legacy,0.9943832687347668,0.9999475479125975,CORRECT_CONFIDENT_AI,AI-GENERATED
pilot_002641,Tiny-GenImage,SD15,legacy,0.754446652466192,0.8944833278656006,CORRECT_CONFIDENT_AI,AI-GENERATED
pilot_002655,Tiny-GenImage,SD15,legacy,0.7412289532670564,0.8812045454978943,CORRECT_CONFIDENT_AI,AI-GENERATED
pilot_002683,Tiny-GenImage,SD15,legacy,0.9517558127401514,0.9965922236442566,CORRECT_CONFIDENT_AI,AI-GENERATED
pilot_002781,Tiny-GenImage,SD15,legacy,0.1911396641349914,0.0602562092244625,FALSE_REAL_AI,REAL
pilot_002879,Tiny-GenImage,SD15,legacy,0.8344006261392191,0.9560315608978271,CORRECT_CONFIDENT_AI,AI-GENERATED
pilot_003005,Tiny-GenImage,SD15,legacy,0.4801363316517381,0.4622282981872558,UNCERTAIN_AI,UNCERTAIN
pilot_003201,Tiny-GenImage,SD15,legacy,0.2607198829279714,0.1208307221531868,FALSE_REAL_AI,REAL
pilot_003299,Tiny-GenImage,SD15,legacy,0.8811681388377447,0.9784392714500428,CORRECT_CONFIDENT_AI,AI-GENERATED
pilot_003383,Tiny-GenImage,SD15,legacy,0.7431151890419658,0.8831554651260376,CORRECT_CONFIDENT_AI,AI-GENERATED
pilot_003411,Tiny-GenImage,SD15,legacy,0.9769484929453268,0.9992033839225768,CORRECT_CONFIDENT_AI,AI-GENERATED
pilot_003537,Tiny-GenImage,SD15,legacy,0.7896553091988893,0.925458550453186,CORRECT_CONFIDENT_AI,AI-GENERATED
pilot_003607,Tiny-GenImage,SD15,legacy,0.314827992383346,0.1853114962577819,UNCERTAIN_AI,UNCERTAIN
pilot_003635,Tiny-GenImage,SD15,legacy,0.6544632347136826,0.7713987827301025,UNCERTAIN_AI,UNCERTAIN
pilot_003649,Tiny-GenImage,SD15,legacy,0.6850270193935202,0.8144952654838562,UNCERTAIN_AI,UNCERTAIN
pilot_003677,Tiny-GenImage,SD15,legacy,0.9433516773064672,0.9953006505966188,CORRECT_CONFIDENT_AI,AI-GENERATED
pilot_003789,Tiny-GenImage,SD15,legacy,0.0286159750268543,0.0012150591937825,FALSE_REAL_AI,REAL
pilot_003831,Tiny-GenImage,SD15,legacy,0.9904611714403904,0.9998552799224854,CORRECT_CONFIDENT_AI,AI-GENERATED
pilot_003929,Tiny-GenImage,SD15,legacy,0.9935754522365056,0.9999321699142456,CORRECT_CONFIDENT_AI,AI-GENERATED
pilot_003999,Tiny-GenImage,SD15,legacy,0.9775671730047656,0.9992445707321168,CORRECT_CONFIDENT_AI,AI-GENERATED
pilot_000011,Tiny-GenImage,VQDM,legacy,0.009429211004651,0.0001415219594491,FALSE_REAL_AI,REAL
pilot_000025,Tiny-GenImage,VQDM,legacy,0.2446335958296322,0.1046265661716461,FALSE_REAL_AI,REAL
pilot_000039,Tiny-GenImage,VQDM,legacy,0.5546334060325444,0.6029552221298218,UNCERTAIN_AI,UNCERTAIN
pilot_000053,Tiny-GenImage,VQDM,legacy,0.4059479693640022,0.3262932300567627,UNCERTAIN_AI,UNCERTAIN
pilot_000067,Tiny-GenImage,VQDM,legacy,0.9871242461725313,0.9997422099113464,CORRECT_CONFIDENT_AI,AI-GENERATED
pilot_000081,Tiny-GenImage,VQDM,legacy,0.3575946482275513,0.2468466609716415,UNCERTAIN_AI,UNCERTAIN
pilot_000095,Tiny-GenImage,VQDM,legacy,0.9622606044749834,0.9979065656661988,CORRECT_CONFIDENT_AI,AI-GENERATED
pilot_000109,Tiny-GenImage,VQDM,legacy,0.806758644016517,0.9382675290107728,CORRECT_CONFIDENT_AI,AI-GENERATED
pilot_000123,Tiny-GenImage,VQDM,legacy,0.9028645086492114,0.985870897769928,CORRECT_CONFIDENT_AI,AI-GENERATED
pilot_000137,Tiny-GenImage,VQDM,legacy,0.7915742196240932,0.9269669651985168,CORRECT_CONFIDENT_AI,AI-GENERATED
pilot_000151,Tiny-GenImage,VQDM,legacy,0.2883378236556906,0.15182426571846,UNCERTAIN_AI,UNCERTAIN
pilot_000165,Tiny-GenImage,VQDM,legacy,0.3610577440746009,0.2522106766700744,UNCERTAIN_AI,UNCERTAIN
pilot_000179,Tiny-GenImage,VQDM,legacy,0.0448342875960828,0.0029450003057718,FALSE_REAL_AI,REAL
pilot_000193,Tiny-GenImage,VQDM,legacy,0.9297398993404196,0.992738664150238,CORRECT_CONFIDENT_AI,AI-GENERATED
pilot_000207,Tiny-GenImage,VQDM,legacy,0.155411102242455,0.0382968336343765,FALSE_REAL_AI,REAL
pilot_000221,Tiny-GenImage,VQDM,legacy,0.0174762661971491,0.0004652604984585,FALSE_REAL_AI,REAL
pilot_000235,Tiny-GenImage,VQDM,legacy,0.4637606452313451,0.4313098788261413,UNCERTAIN_AI,UNCERTAIN
pilot_000249,Tiny-GenImage,VQDM,legacy,0.7748187118562947,0.9131748676300048,CORRECT_CONFIDENT_AI,AI-GENERATED
pilot_000263,Tiny-GenImage,VQDM,legacy,0.1843869532857139,0.055654902011156,FALSE_REAL_AI,REAL
pilot_000277,Tiny-GenImage,VQDM,legacy,0.4681532949555206,0.4395729601383209,UNCERTAIN_AI,UNCERTAIN
pilot_000291,Tiny-GenImage,VQDM,legacy,0.7514430323869572,0.8915460109710693,CORRECT_CONFIDENT_AI,AI-GENERATED
pilot_000305,Tiny-GenImage,VQDM,legacy,0.0874980814072525,0.0113797672092914,FALSE_REAL_AI,REAL
pilot_000319,Tiny-GenImage,VQDM,legacy,0.5207330109239061,0.5394198894500732,UNCERTAIN_AI,UNCERTAIN
pilot_000333,Tiny-GenImage,VQDM,legacy,0.274344958156077,0.1356186419725418,UNCERTAIN_AI,UNCERTAIN
pilot_000347,Tiny-GenImage,VQDM,legacy,0.4002014953730946,0.3163758814334869,UNCERTAIN_AI,UNCERTAIN
pilot_000361,Tiny-GenImage,VQDM,legacy,0.314697716101174,0.1851379126310348,UNCERTAIN_AI,UNCERTAIN
pilot_000375,Tiny-GenImage,VQDM,legacy,0.0321538684181488,0.0015271345619112,FALSE_REAL_AI,REAL
pilot_000389,Tiny-GenImage,VQDM,legacy,0.1757227346160318,0.0500641651451587,FALSE_REAL_AI,REAL
pilot_000403,Tiny-GenImage,VQDM,legacy,0.6959451366444143,0.8287472724914551,UNCERTAIN_AI,UNCERTAIN
pilot_000417,Tiny-GenImage,VQDM,legacy,0.2136064898457213,0.0771474987268447,FALSE_REAL_AI,REAL
pilot_000431,Tiny-GenImage,VQDM,legacy,0.9469229817579954,0.995876133441925,CORRECT_CONFIDENT_AI,AI-GENERATED
pilot_000445,Tiny-GenImage,VQDM,legacy,0.5303842053048824,0.5576703548431396,UNCERTAIN_AI,UNCERTAIN
pilot_000459,Tiny-GenImage,VQDM,legacy,0.4339763132528988,0.3761701881885528,UNCERTAIN_AI,UNCERTAIN
pilot_000473,Tiny-GenImage,VQDM,legacy,0.93606572937861,0.9940029978752136,CORRECT_CONFIDENT_AI,AI-GENERATED
pilot_000487,Tiny-GenImage,VQDM,legacy,0.3924004802272819,0.3031024932861328,UNCERTAIN_AI,UNCERTAIN
pilot_000501,Tiny-GenImage,VQDM,legacy,0.1079130546241889,0.0176005791872739,FALSE_REAL_AI,REAL
pilot_000515,Tiny-GenImage,VQDM,legacy,0.0131105933062999,0.0002669470559339,FALSE_REAL_AI,REAL
pilot_000529,Tiny-GenImage,VQDM,legacy,0.0043862199523339,3.264023325755261e-05,FALSE_REAL_AI,REAL
pilot_000543,Tiny-GenImage,VQDM,legacy,0.4573523016210492,0.4193053543567657,UNCERTAIN_AI,UNCERTAIN
pilot_000557,Tiny-GenImage,VQDM,legacy,0.3234376897522339,0.1969742029905319,UNCERTAIN_AI,UNCERTAIN
pilot_000571,Tiny-GenImage,VQDM,legacy,0.1521096585700967,0.0365565232932567,FALSE_REAL_AI,REAL
pilot_000585,Tiny-GenImage,VQDM,legacy,0.5252890822140529,0.5480472445487976,UNCERTAIN_AI,UNCERTAIN
pilot_000599,Tiny-GenImage,VQDM,legacy,0.0845974929873364,0.0106161031872034,FALSE_REAL_AI,REAL
pilot_000613,Tiny-GenImage,VQDM,legacy,0.1181158594858338,0.021287053823471,FALSE_REAL_AI,REAL
pilot_000627,Tiny-GenImage,VQDM,legacy,0.3863546938878657,0.2929732799530029,UNCERTAIN_AI,UNCERTAIN
pilot_000641,Tiny-GenImage,VQDM,legacy,0.0906611253808443,0.0122459232807159,FALSE_REAL_AI,REAL
pilot_000655,Tiny-GenImage,VQDM,legacy,0.00348123844945,2.098507684422657e-05,FALSE_REAL_AI,REAL
pilot_000669,Tiny-GenImage,VQDM,legacy,0.2048197674620898,0.0702475234866142,FALSE_REAL_AI,REAL
pilot_000683,Tiny-GenImage,VQDM,legacy,0.3375630066051132,0.2169138342142105,UNCERTAIN_AI,UNCERTAIN
pilot_000697,Tiny-GenImage,VQDM,legacy,0.0005611323029145,6.45835200430156e-07,FALSE_REAL_AI,REAL
pilot_000711,Tiny-GenImage,VQDM,legacy,0.4864171864675173,0.4741526544094085,UNCERTAIN_AI,UNCERTAIN
pilot_000725,Tiny-GenImage,VQDM,legacy,0.1727897629650977,0.0482501611113548,FALSE_REAL_AI,REAL
pilot_000739,Tiny-GenImage,VQDM,legacy,0.8604133755360798,0.9696215391159058,CORRECT_CONFIDENT_AI,AI-GENERATED
pilot_000753,Tiny-GenImage,VQDM,legacy,0.1697256029056186,0.0463969372212886,FALSE_REAL_AI,REAL
pilot_000767,Tiny-GenImage,VQDM,legacy,0.2054713423731226,0.0707461088895797,FALSE_REAL_AI,REAL
pilot_000781,Tiny-GenImage,VQDM,legacy,0.0215093618706776,0.0006961672916077,FALSE_REAL_AI,REAL
pilot_000795,Tiny-GenImage,VQDM,legacy,0.1320990970760369,0.0269972048699855,FALSE_REAL_AI,REAL
pilot_000809,Tiny-GenImage,VQDM,legacy,0.023712411705208,0.0008416909840889,FALSE_REAL_AI,REAL
pilot_000823,Tiny-GenImage,VQDM,legacy,0.0218984383809653,0.0007208699244074,FALSE_REAL_AI,REAL
pilot_000837,Tiny-GenImage,VQDM,legacy,0.9236739620951392,0.9914035201072692,CORRECT_CONFIDENT_AI,AI-GENERATED
pilot_000851,Tiny-GenImage,VQDM,legacy,0.1931211028806457,0.0616474784910678,FALSE_REAL_AI,REAL
pilot_000865,Tiny-GenImage,VQDM,legacy,0.00455764353287,3.512359762680717e-05,FALSE_REAL_AI,REAL
pilot_000879,Tiny-GenImage,VQDM,legacy,0.0290001970559074,0.0012472121743485,FALSE_REAL_AI,REAL
pilot_000893,Tiny-GenImage,VQDM,legacy,0.0249906697737561,0.0009324293932877,FALSE_REAL_AI,REAL
pilot_000907,Tiny-GenImage,VQDM,legacy,0.0223843768912285,0.0007523233653046,FALSE_REAL_AI,REAL
pilot_000921,Tiny-GenImage,VQDM,legacy,0.2311663012310406,0.0920952782034874,FALSE_REAL_AI,REAL
pilot_000935,Tiny-GenImage,VQDM,legacy,0.3401142503521703,0.2206199169158935,UNCERTAIN_AI,UNCERTAIN
pilot_000949,Tiny-GenImage,VQDM,legacy,0.0167534646489889,0.0004287199990358,FALSE_REAL_AI,REAL
pilot_000963,Tiny-GenImage,VQDM,legacy,0.0849007404253812,0.0106945801526308,FALSE_REAL_AI,REAL
pilot_000977,Tiny-GenImage,VQDM,legacy,0.101613556527116,0.0155197698622941,FALSE_REAL_AI,REAL
pilot_000991,Tiny-GenImage,VQDM,legacy,0.0822369225905846,0.0100160194560885,FALSE_REAL_AI,REAL
pilot_001005,Tiny-GenImage,VQDM,legacy,0.3191151219125844,0.1910717934370041,UNCERTAIN_AI,UNCERTAIN
pilot_001019,Tiny-GenImage,VQDM,legacy,0.3959422747983719,0.3091010749340057,UNCERTAIN_AI,UNCERTAIN
pilot_001033,Tiny-GenImage,VQDM,legacy,0.0736751688911848,0.0079980557784438,FALSE_REAL_AI,REAL
pilot_001047,Tiny-GenImage,VQDM,legacy,0.1128743251891704,0.0193436928093433,FALSE_REAL_AI,REAL
pilot_001061,Tiny-GenImage,VQDM,legacy,0.085014975213259,0.0107242250815033,FALSE_REAL_AI,REAL
pilot_001075,Tiny-GenImage,VQDM,legacy,0.0121919146683954,0.0002320562925888,FALSE_REAL_AI,REAL
pilot_001089,Tiny-GenImage,VQDM,legacy,0.8298787824927258,0.9533661603927612,CORRECT_CONFIDENT_AI,AI-GENERATED
pilot_001103,Tiny-GenImage,VQDM,legacy,0.690991221675305,0.8223568201065063,UNCERTAIN_AI,UNCERTAIN
pilot_001117,Tiny-GenImage,VQDM,legacy,0.3323277119063194,0.2094083130359649,UNCERTAIN_AI,UNCERTAIN
pilot_001131,Tiny-GenImage,VQDM,legacy,0.3111680821259829,0.1804683059453964,UNCERTAIN_AI,UNCERTAIN
pilot_001145,Tiny-GenImage,VQDM,legacy,0.0896009220248735,0.0119516970589756,FALSE_REAL_AI,REAL
pilot_001159,Tiny-GenImage,VQDM,legacy,0.0675966771216397,0.0067132017575204,FALSE_REAL_AI,REAL
pilot_001173,Tiny-GenImage,VQDM,legacy,0.1899012625627218,0.0593961812555789,FALSE_REAL_AI,REAL
pilot_001187,Tiny-GenImage,VQDM,legacy,0.2408837300946041,0.1010431796312332,FALSE_REAL_AI,REAL
pilot_001201,Tiny-GenImage,VQDM,legacy,0.007474009552101,9.05822089407593e-05,FALSE_REAL_AI,REAL
pilot_001215,Tiny-GenImage,VQDM,legacy,0.0458259532860549,0.0030759503133594,FALSE_REAL_AI,REAL
pilot_001229,Tiny-GenImage,VQDM,legacy,0.0736227532091694,0.0079864570870995,FALSE_REAL_AI,REAL
pilot_001243,Tiny-GenImage,VQDM,legacy,0.9398077638958636,0.9946904182434082,CORRECT_CONFIDENT_AI,AI-GENERATED
pilot_001257,Tiny-GenImage,VQDM,legacy,0.1611089293472403,0.0414121970534324,FALSE_REAL_AI,REAL
pilot_001271,Tiny-GenImage,VQDM,legacy,0.0047168594120547,3.750820906134322e-05,FALSE_REAL_AI,REAL
pilot_001285,Tiny-GenImage,VQDM,legacy,0.332271150160434,0.2093279659748077,UNCERTAIN_AI,UNCERTAIN
pilot_001299,Tiny-GenImage,VQDM,legacy,0.9464660542497324,0.995804727077484,CORRECT_CONFIDENT_AI,AI-GENERATED
pilot_001313,Tiny-GenImage,VQDM,legacy,0.4723384637521384,0.4474684000015259,UNCERTAIN_AI,UNCERTAIN
pilot_001327,Tiny-GenImage,VQDM,legacy,0.0666405699101828,0.0065220668911933,FALSE_REAL_AI,REAL
pilot_001341,Tiny-GenImage,VQDM,legacy,0.0614409442559916,0.0055340360850095,FALSE_REAL_AI,REAL
pilot_001355,Tiny-GenImage,VQDM,legacy,0.5645679557235908,0.6211790442466736,UNCERTAIN_AI,UNCERTAIN
pilot_001369,Tiny-GenImage,VQDM,legacy,0.1649375037135037,0.0435860268771648,FALSE_REAL_AI,REAL
pilot_001383,Tiny-GenImage,VQDM,legacy,0.0636780593613175,0.0059485337696969,FALSE_REAL_AI,REAL
pilot_001397,Tiny-GenImage,VQDM,legacy,0.5106372943649606,0.520247220993042,UNCERTAIN_AI,UNCERTAIN
pilot_001411,Tiny-GenImage,VQDM,legacy,0.7000042388354516,0.8338884711265564,UNCERTAIN_AI,UNCERTAIN
pilot_001425,Tiny-GenImage,VQDM,legacy,0.2504218137315017,0.1103013604879379,FALSE_REAL_AI,REAL
pilot_001439,Tiny-GenImage,VQDM,legacy,0.2460738601447166,0.106022298336029,FALSE_REAL_AI,REAL
pilot_001453,Tiny-GenImage,VQDM,legacy,0.498301912704349,0.4967665672302246,UNCERTAIN_AI,UNCERTAIN
pilot_001467,Tiny-GenImage,VQDM,legacy,0.107430489976061,0.0174359716475009,FALSE_REAL_AI,REAL
pilot_001481,Tiny-GenImage,VQDM,legacy,0.3042094826422679,0.1714502871036529,UNCERTAIN_AI,UNCERTAIN
pilot_001495,Tiny-GenImage,VQDM,legacy,0.1017321704658108,0.0155575983226299,FALSE_REAL_AI,REAL
pilot_001509,Tiny-GenImage,VQDM,legacy,0.1742181251444649,0.0491286590695381,FALSE_REAL_AI,REAL
pilot_001523,Tiny-GenImage,VQDM,legacy,0.023519434337247,0.0008283947827294,FALSE_REAL_AI,REAL
pilot_001537,Tiny-GenImage,VQDM,legacy,0.1155003408282546,0.0203041341155767,FALSE_REAL_AI,REAL
pilot_001551,Tiny-GenImage,VQDM,legacy,0.0715683066603212,0.0075389915145933,FALSE_REAL_AI,REAL
pilot_001565,Tiny-GenImage,VQDM,legacy,0.2749988270890047,0.136352926492691,UNCERTAIN_AI,UNCERTAIN
pilot_001579,Tiny-GenImage,VQDM,legacy,0.454564477092524,0.4141038656234741,UNCERTAIN_AI,UNCERTAIN
pilot_001593,Tiny-GenImage,VQDM,legacy,0.6632680147622263,0.7842865586280823,UNCERTAIN_AI,UNCERTAIN
pilot_001607,Tiny-GenImage,VQDM,legacy,0.0517992512763811,0.003927590791136,FALSE_REAL_AI,REAL
pilot_001621,Tiny-GenImage,VQDM,legacy,0.109851658240069,0.0182706490159034,FALSE_REAL_AI,REAL
pilot_001635,Tiny-GenImage,VQDM,legacy,0.0646880388765194,0.0061408965848386,FALSE_REAL_AI,REAL
pilot_001649,Tiny-GenImage,VQDM,legacy,0.0027911853356603,1.3760848560195882e-05,FALSE_REAL_AI,REAL
pilot_001663,Tiny-GenImage,VQDM,legacy,0.0047410704229521,3.787740206462331e-05,FALSE_REAL_AI,REAL
pilot_001677,Tiny-GenImage,VQDM,legacy,0.0033817201907459,1.985378548852168e-05,FALSE_REAL_AI,REAL
pilot_001691,Tiny-GenImage,VQDM,legacy,0.0078991722964259,0.0001007270620903,FALSE_REAL_AI,REAL
pilot_001705,Tiny-GenImage,VQDM,legacy,0.0010589442288428,2.1663013285433408e-06,FALSE_REAL_AI,REAL
pilot_001719,Tiny-GenImage,VQDM,legacy,0.1133431254104769,0.0195132214576005,FALSE_REAL_AI,REAL
pilot_001733,Tiny-GenImage,VQDM,legacy,0.3489012909668932,0.2336238622665405,UNCERTAIN_AI,UNCERTAIN
pilot_001747,Tiny-GenImage,VQDM,legacy,0.6163070281570698,0.7114408612251282,UNCERTAIN_AI,UNCERTAIN
pilot_001761,Tiny-GenImage,VQDM,legacy,0.0291103116578983,0.001256504910998,FALSE_REAL_AI,REAL
pilot_001775,Tiny-GenImage,VQDM,legacy,0.9276713208048484,0.9922969937324524,CORRECT_CONFIDENT_AI,AI-GENERATED
pilot_001789,Tiny-GenImage,VQDM,legacy,0.097500621055765,0.0142397778108716,FALSE_REAL_AI,REAL
pilot_001803,Tiny-GenImage,VQDM,legacy,0.2899138570678731,0.1537140905857086,UNCERTAIN_AI,UNCERTAIN
pilot_001817,Tiny-GenImage,VQDM,legacy,0.4787629324021774,0.459624707698822,UNCERTAIN_AI,UNCERTAIN
pilot_001831,Tiny-GenImage,VQDM,legacy,0.0280974398271529,0.0011723360512405,FALSE_REAL_AI,REAL
pilot_001845,Tiny-GenImage,VQDM,legacy,0.0621873178387692,0.0056705558672547,FALSE_REAL_AI,REAL
pilot_001859,Tiny-GenImage,VQDM,legacy,0.0036446642569363,2.2907814127393067e-05,FALSE_REAL_AI,REAL
pilot_001873,Tiny-GenImage,VQDM,legacy,0.0826267033600966,0.0101137906312942,FALSE_REAL_AI,REAL
pilot_001887,Tiny-GenImage,VQDM,legacy,0.241589041356614,0.1017116084694862,FALSE_REAL_AI,REAL
pilot_001901,Tiny-GenImage,VQDM,legacy,0.0352438269415511,0.0018292424501851,FALSE_REAL_AI,REAL
pilot_001915,Tiny-GenImage,VQDM,legacy,0.0467224788493112,0.0031968804541975,FALSE_REAL_AI,REAL
pilot_001929,Tiny-GenImage,VQDM,legacy,0.3320431465009954,0.209004208445549,UNCERTAIN_AI,UNCERTAIN
pilot_001943,Tiny-GenImage,VQDM,legacy,0.200853322047421,0.0672572180628776,FALSE_REAL_AI,REAL
pilot_001957,Tiny-GenImage,VQDM,legacy,0.3808385968696855,0.2838569283485412,UNCERTAIN_AI,UNCERTAIN
pilot_001971,Tiny-GenImage,VQDM,legacy,0.5891686679824495,0.6651903986930847,UNCERTAIN_AI,UNCERTAIN
pilot_001985,Tiny-GenImage,VQDM,legacy,0.0442279551986228,0.002866385737434,FALSE_REAL_AI,REAL
pilot_001999,Tiny-GenImage,VQDM,legacy,0.6438383102235379,0.7553569078445435,UNCERTAIN_AI,UNCERTAIN
pilot_002013,Tiny-GenImage,VQDM,legacy,0.0469626845869979,0.0032296925783157,FALSE_REAL_AI,REAL
pilot_002027,Tiny-GenImage,VQDM,legacy,0.1593320134796869,0.0404253415763378,FALSE_REAL_AI,REAL
pilot_002041,Tiny-GenImage,VQDM,legacy,0.0901065088990031,0.0120915137231349,FALSE_REAL_AI,REAL
pilot_002055,Tiny-GenImage,VQDM,legacy,0.6048889067566108,0.6923108696937561,UNCERTAIN_AI,UNCERTAIN
pilot_002069,Tiny-GenImage,VQDM,legacy,0.2027556042081034,0.0686817541718483,FALSE_REAL_AI,REAL
pilot_002083,Tiny-GenImage,VQDM,legacy,0.0335150226696378,0.0016568066785112,FALSE_REAL_AI,REAL
pilot_002097,Tiny-GenImage,VQDM,legacy,0.4544862870517979,0.413958191871643,UNCERTAIN_AI,UNCERTAIN
pilot_002111,Tiny-GenImage,VQDM,legacy,0.0641000126579773,0.0060285027138888,FALSE_REAL_AI,REAL
pilot_002125,Tiny-GenImage,VQDM,legacy,0.0612704929860795,0.0055031063966453,FALSE_REAL_AI,REAL
pilot_002139,Tiny-GenImage,VQDM,legacy,0.6001728873849967,0.684266209602356,UNCERTAIN_AI,UNCERTAIN
pilot_002153,Tiny-GenImage,VQDM,legacy,0.1964568078888646,0.064032144844532,FALSE_REAL_AI,REAL
pilot_002167,Tiny-GenImage,VQDM,legacy,0.1314661821446956,0.0267218854278326,FALSE_REAL_AI,REAL
pilot_002181,Tiny-GenImage,VQDM,legacy,0.1230715107727107,0.0232222527265548,FALSE_REAL_AI,REAL
pilot_002195,Tiny-GenImage,VQDM,legacy,0.0638598574631521,0.005982918664813,FALSE_REAL_AI,REAL
pilot_002209,Tiny-GenImage,VQDM,legacy,0.4775574178652345,0.457340657711029,UNCERTAIN_AI,UNCERTAIN
pilot_002223,Tiny-GenImage,VQDM,legacy,0.4384185502754234,0.3842753469944,UNCERTAIN_AI,UNCERTAIN
pilot_002237,Tiny-GenImage,VQDM,legacy,0.5259080121931065,0.549217700958252,UNCERTAIN_AI,UNCERTAIN
pilot_002251,Tiny-GenImage,VQDM,legacy,0.2156391753595654,0.078798308968544,FALSE_REAL_AI,REAL
pilot_002265,Tiny-GenImage,VQDM,legacy,0.5844807142213014,0.6569414734840393,UNCERTAIN_AI,UNCERTAIN
pilot_002279,Tiny-GenImage,VQDM,legacy,0.4089348924443609,0.3314929008483886,UNCERTAIN_AI,UNCERTAIN
pilot_002293,Tiny-GenImage,VQDM,legacy,0.7320346468119222,0.8714271783828735,UNCERTAIN_AI,UNCERTAIN
pilot_002307,Tiny-GenImage,VQDM,legacy,0.2738024061639502,0.1350110918283462,UNCERTAIN_AI,UNCERTAIN
pilot_002321,Tiny-GenImage,VQDM,legacy,0.0244977903708463,0.0008968926849775,FALSE_REAL_AI,REAL
pilot_002335,Tiny-GenImage,VQDM,legacy,0.2820879931674274,0.1444586366415023,UNCERTAIN_AI,UNCERTAIN
pilot_002349,Tiny-GenImage,VQDM,legacy,0.6878678499698819,0.8182625770568848,UNCERTAIN_AI,UNCERTAIN
pilot_002363,Tiny-GenImage,VQDM,legacy,0.0035498075311286,2.1781985196867023e-05,FALSE_REAL_AI,REAL
pilot_002377,Tiny-GenImage,VQDM,legacy,0.2414602042377175,0.1015893220901489,FALSE_REAL_AI,REAL
pilot_002391,Tiny-GenImage,VQDM,legacy,0.5529344114257034,0.5998167991638184,UNCERTAIN_AI,UNCERTAIN
pilot_002405,Tiny-GenImage,VQDM,legacy,0.2560117480339201,0.1159478649497032,FALSE_REAL_AI,REAL
pilot_002419,Tiny-GenImage,VQDM,legacy,0.6527243659088794,0.7688096165657043,UNCERTAIN_AI,UNCERTAIN
pilot_002433,Tiny-GenImage,VQDM,legacy,0.3837713038307295,0.288688600063324,UNCERTAIN_AI,UNCERTAIN
pilot_002447,Tiny-GenImage,VQDM,legacy,0.8148012478600041,0.9438033103942872,CORRECT_CONFIDENT_AI,AI-GENERATED
pilot_002461,Tiny-GenImage,VQDM,legacy,0.3926813008893701,0.3035763800144195,UNCERTAIN_AI,UNCERTAIN
pilot_002475,Tiny-GenImage,VQDM,legacy,0.1677010170405577,0.0451957918703556,FALSE_REAL_AI,REAL
pilot_002489,Tiny-GenImage,VQDM,legacy,0.5510863814519968,0.596396267414093,UNCERTAIN_AI,UNCERTAIN
pilot_002503,Tiny-GenImage,VQDM,legacy,0.5171269013501568,0.5325791239738464,UNCERTAIN_AI,UNCERTAIN
pilot_002517,Tiny-GenImage,VQDM,legacy,0.1008674661028001,0.0152830081060528,FALSE_REAL_AI,REAL
pilot_002531,Tiny-GenImage,VQDM,legacy,0.0403126200928466,0.002385115250945,FALSE_REAL_AI,REAL
pilot_002545,Tiny-GenImage,VQDM,legacy,0.5497707250108721,0.5939570069313049,UNCERTAIN_AI,UNCERTAIN
pilot_002559,Tiny-GenImage,VQDM,legacy,0.3277964148892155,0.203021302819252,UNCERTAIN_AI,UNCERTAIN
pilot_002573,Tiny-GenImage,VQDM,legacy,0.035106209544946,0.0018151978729292,FALSE_REAL_AI,REAL
pilot_002587,Tiny-GenImage,VQDM,legacy,0.051350178019213,0.0038597886450588,FALSE_REAL_AI,REAL
pilot_002601,Tiny-GenImage,VQDM,legacy,0.0606508682320915,0.0053914468735456,FALSE_REAL_AI,REAL
pilot_002615,Tiny-GenImage,VQDM,legacy,0.2070222379107148,0.0719412490725517,FALSE_REAL_AI,REAL
pilot_002629,Tiny-GenImage,VQDM,legacy,0.0219052995454586,0.000721309450455,FALSE_REAL_AI,REAL
pilot_002643,Tiny-GenImage,VQDM,legacy,0.3675748233983738,0.2624504566192627,UNCERTAIN_AI,UNCERTAIN
pilot_002657,Tiny-GenImage,VQDM,legacy,0.9323003916760176,0.9932661056518556,CORRECT_CONFIDENT_AI,AI-GENERATED
pilot_002671,Tiny-GenImage,VQDM,legacy,0.1463002459324452,0.0336079783737659,FALSE_REAL_AI,REAL
pilot_002685,Tiny-GenImage,VQDM,legacy,0.8180996703726652,0.9459854364395142,CORRECT_CONFIDENT_AI,AI-GENERATED
pilot_002699,Tiny-GenImage,VQDM,legacy,0.8102167656307618,0.9406853914260864,CORRECT_CONFIDENT_AI,AI-GENERATED
pilot_002713,Tiny-GenImage,VQDM,legacy,0.8424477989024806,0.9605492353439332,CORRECT_CONFIDENT_AI,AI-GENERATED
pilot_002727,Tiny-GenImage,VQDM,legacy,0.5251514691531491,0.5477868914604187,UNCERTAIN_AI,UNCERTAIN
pilot_002741,Tiny-GenImage,VQDM,legacy,0.6630529619079705,0.7839761972427368,UNCERTAIN_AI,UNCERTAIN
pilot_002755,Tiny-GenImage,VQDM,legacy,0.2177843131256365,0.0805628672242164,FALSE_REAL_AI,REAL
pilot_002769,Tiny-GenImage,VQDM,legacy,0.3519955534848804,0.2382901161909103,UNCERTAIN_AI,UNCERTAIN
pilot_002783,Tiny-GenImage,VQDM,legacy,0.0519231980113686,0.0039464132860302,FALSE_REAL_AI,REAL
pilot_002797,Tiny-GenImage,VQDM,legacy,0.6033361064804182,0.6896710395812988,UNCERTAIN_AI,UNCERTAIN
pilot_002811,Tiny-GenImage,VQDM,legacy,0.8317518413342607,0.9544814229011536,CORRECT_CONFIDENT_AI,AI-GENERATED
pilot_002825,Tiny-GenImage,VQDM,legacy,0.5312611302028438,0.5593236088752747,UNCERTAIN_AI,UNCERTAIN
pilot_002839,Tiny-GenImage,VQDM,legacy,0.4111434725716529,0.3353567123413086,UNCERTAIN_AI,UNCERTAIN
pilot_002853,Tiny-GenImage,VQDM,legacy,0.0039142467259932,2.6255336706526577e-05,FALSE_REAL_AI,REAL
pilot_002867,Tiny-GenImage,VQDM,legacy,0.2569673999140069,0.1169295758008956,FALSE_REAL_AI,REAL
pilot_002881,Tiny-GenImage,VQDM,legacy,0.0788460371930422,0.0091872848570346,FALSE_REAL_AI,REAL
pilot_002895,Tiny-GenImage,VQDM,legacy,0.5725463943522278,0.6356401443481445,UNCERTAIN_AI,UNCERTAIN
pilot_002909,Tiny-GenImage,VQDM,legacy,0.9207863190883993,0.9907247424125672,CORRECT_CONFIDENT_AI,AI-GENERATED
pilot_002923,Tiny-GenImage,VQDM,legacy,0.7167369381126603,0.8541721701622009,UNCERTAIN_AI,UNCERTAIN
pilot_002937,Tiny-GenImage,VQDM,legacy,0.4589656978579863,0.422321617603302,UNCERTAIN_AI,UNCERTAIN
pilot_002951,Tiny-GenImage,VQDM,legacy,0.0323173446017428,0.0015424253651872,FALSE_REAL_AI,REAL
pilot_002965,Tiny-GenImage,VQDM,legacy,0.1578392549044601,0.0396070480346679,FALSE_REAL_AI,REAL
pilot_002979,Tiny-GenImage,VQDM,legacy,0.0283469751888651,0.0011927997693419,FALSE_REAL_AI,REAL
pilot_002993,Tiny-GenImage,VQDM,legacy,0.045595228218687,0.0030452194623649,FALSE_REAL_AI,REAL
pilot_003007,Tiny-GenImage,VQDM,legacy,0.0457721983260758,0.0030687763355672,FALSE_REAL_AI,REAL
pilot_003021,Tiny-GenImage,VQDM,legacy,0.3955621612550077,0.3084550499916076,UNCERTAIN_AI,UNCERTAIN
pilot_003035,Tiny-GenImage,VQDM,legacy,0.8739556973877545,0.9755704998970032,CORRECT_CONFIDENT_AI,AI-GENERATED
pilot_003049,Tiny-GenImage,VQDM,legacy,0.0354766042413398,0.0018531238893046,FALSE_REAL_AI,REAL
pilot_003063,Tiny-GenImage,VQDM,legacy,0.1192536486247886,0.0217228941619396,FALSE_REAL_AI,REAL
pilot_003077,Tiny-GenImage,VQDM,legacy,0.2474439247856055,0.1073600202798843,FALSE_REAL_AI,REAL
pilot_003091,Tiny-GenImage,VQDM,legacy,0.3265390369394673,0.2012670934200287,UNCERTAIN_AI,UNCERTAIN
pilot_003105,Tiny-GenImage,VQDM,legacy,0.2705127872035367,0.1313605308532714,UNCERTAIN_AI,UNCERTAIN
pilot_003119,Tiny-GenImage,VQDM,legacy,0.2762104774926764,0.1377195566892624,UNCERTAIN_AI,UNCERTAIN
pilot_003133,Tiny-GenImage,VQDM,legacy,0.279495843722242,0.1414640694856643,UNCERTAIN_AI,UNCERTAIN
pilot_003147,Tiny-GenImage,VQDM,legacy,0.6004683127959859,0.6847724914550781,UNCERTAIN_AI,UNCERTAIN
pilot_003161,Tiny-GenImage,VQDM,legacy,0.7010687555064705,0.8352225422859192,UNCERTAIN_AI,UNCERTAIN
pilot_003175,Tiny-GenImage,VQDM,legacy,0.027019266848331,0.001085962401703,FALSE_REAL_AI,REAL
pilot_003189,Tiny-GenImage,VQDM,legacy,0.3223726151182446,0.1955110877752304,UNCERTAIN_AI,UNCERTAIN
pilot_003203,Tiny-GenImage,VQDM,legacy,0.2189701386779412,0.0815482139587402,FALSE_REAL_AI,REAL
pilot_003217,Tiny-GenImage,VQDM,legacy,0.4357945069254732,0.3794817924499511,UNCERTAIN_AI,UNCERTAIN
pilot_003231,Tiny-GenImage,VQDM,legacy,0.2417241446841447,0.1018399372696876,FALSE_REAL_AI,REAL
pilot_003245,Tiny-GenImage,VQDM,legacy,0.9267454064557974,0.9920948147773744,CORRECT_CONFIDENT_AI,AI-GENERATED
pilot_003259,Tiny-GenImage,VQDM,legacy,0.0232870257396943,0.0008125219028443,FALSE_REAL_AI,REAL
pilot_003273,Tiny-GenImage,VQDM,legacy,0.6255389247176967,0.7265284657478333,UNCERTAIN_AI,UNCERTAIN
pilot_003287,Tiny-GenImage,VQDM,legacy,0.518696398228279,0.5355576872825623,UNCERTAIN_AI,UNCERTAIN
pilot_003301,Tiny-GenImage,VQDM,legacy,0.9605383088112448,0.9977134466171264,CORRECT_CONFIDENT_AI,AI-GENERATED
pilot_003315,Tiny-GenImage,VQDM,legacy,0.3437710729974643,0.2259868383407592,UNCERTAIN_AI,UNCERTAIN
pilot_003329,Tiny-GenImage,VQDM,legacy,0.2189088810245618,0.0814971402287483,FALSE_REAL_AI,REAL
pilot_003343,Tiny-GenImage,VQDM,legacy,0.1561166801934824,0.0386749096214771,FALSE_REAL_AI,REAL
pilot_003357,Tiny-GenImage,VQDM,legacy,0.3572441900357619,0.2463068664073944,UNCERTAIN_AI,UNCERTAIN
pilot_003371,Tiny-GenImage,VQDM,legacy,0.0901166106682124,0.0120943170040845,FALSE_REAL_AI,REAL
pilot_003385,Tiny-GenImage,VQDM,legacy,0.5416568252727167,0.5788426995277405,UNCERTAIN_AI,UNCERTAIN
pilot_003399,Tiny-GenImage,VQDM,legacy,0.7826471784741378,0.9197939038276672,CORRECT_CONFIDENT_AI,AI-GENERATED
pilot_003413,Tiny-GenImage,VQDM,legacy,0.7462843022546038,0.8863912224769592,CORRECT_CONFIDENT_AI,AI-GENERATED
pilot_003427,Tiny-GenImage,VQDM,legacy,0.5625599907854251,0.6175141334533691,UNCERTAIN_AI,UNCERTAIN
pilot_003441,Tiny-GenImage,VQDM,legacy,0.2389251354455824,0.099200502038002,FALSE_REAL_AI,REAL
pilot_003455,Tiny-GenImage,VQDM,legacy,0.1292308900050115,0.0257624797523021,FALSE_REAL_AI,REAL
pilot_003469,Tiny-GenImage,VQDM,legacy,0.0962674490907751,0.0138679323717951,FALSE_REAL_AI,REAL
pilot_003483,Tiny-GenImage,VQDM,legacy,0.0802693851847486,0.0095303999260067,FALSE_REAL_AI,REAL
pilot_003497,Tiny-GenImage,VQDM,legacy,0.0680634672522281,0.0068075926974415,FALSE_REAL_AI,REAL
pilot_003511,Tiny-GenImage,VQDM,legacy,0.0795140770568343,0.0093474704772233,FALSE_REAL_AI,REAL
pilot_003525,Tiny-GenImage,VQDM,legacy,0.0548200482645899,0.0043997913599014,FALSE_REAL_AI,REAL
pilot_003539,Tiny-GenImage,VQDM,legacy,0.1330470722484483,0.0274126157164573,FALSE_REAL_AI,REAL
pilot_003553,Tiny-GenImage,VQDM,legacy,0.570020880480645,0.6310806274414062,UNCERTAIN_AI,UNCERTAIN
pilot_003567,Tiny-GenImage,VQDM,legacy,0.9037995011224166,0.9861520528793336,CORRECT_CONFIDENT_AI,AI-GENERATED
pilot_003581,Tiny-GenImage,VQDM,legacy,0.9856786834146746,0.9996834993362428,CORRECT_CONFIDENT_AI,AI-GENERATED
pilot_003595,Tiny-GenImage,VQDM,legacy,0.9561100639821248,0.997177004814148,CORRECT_CONFIDENT_AI,AI-GENERATED
pilot_003609,Tiny-GenImage,VQDM,legacy,0.1610339269906524,0.0413702614605426,FALSE_REAL_AI,REAL
pilot_003623,Tiny-GenImage,VQDM,legacy,0.7519090561598757,0.8920048475265503,CORRECT_CONFIDENT_AI,AI-GENERATED
pilot_003637,Tiny-GenImage,VQDM,legacy,0.879360490562019,0.97773939371109,CORRECT_CONFIDENT_AI,AI-GENERATED
pilot_003651,Tiny-GenImage,VQDM,legacy,0.644943771034449,0.7570504546165466,UNCERTAIN_AI,UNCERTAIN
pilot_003665,Tiny-GenImage,VQDM,legacy,0.5347893132499794,0.5659653544425964,UNCERTAIN_AI,UNCERTAIN
pilot_003679,Tiny-GenImage,VQDM,legacy,0.9975980596032464,0.9999896287918092,CORRECT_CONFIDENT_AI,AI-GENERATED
pilot_003693,Tiny-GenImage,VQDM,legacy,0.8116269238500695,0.9416550397872924,CORRECT_CONFIDENT_AI,AI-GENERATED
pilot_003707,Tiny-GenImage,VQDM,legacy,0.5231883131660704,0.544071614742279,UNCERTAIN_AI,UNCERTAIN
pilot_003721,Tiny-GenImage,VQDM,legacy,0.0505271112937556,0.0037371222861111,FALSE_REAL_AI,REAL
pilot_003735,Tiny-GenImage,VQDM,legacy,0.8199349217726088,0.9471774697303772,CORRECT_CONFIDENT_AI,AI-GENERATED
pilot_003749,Tiny-GenImage,VQDM,legacy,0.916468185175312,0.9896571040153505,CORRECT_CONFIDENT_AI,AI-GENERATED
pilot_003763,Tiny-GenImage,VQDM,legacy,0.8196563733935736,0.9469975233078004,CORRECT_CONFIDENT_AI,AI-GENERATED
pilot_003777,Tiny-GenImage,VQDM,legacy,0.4034001221698085,0.3218819200992584,UNCERTAIN_AI,UNCERTAIN
pilot_003791,Tiny-GenImage,VQDM,legacy,0.1317556879038182,0.0268476195633411,FALSE_REAL_AI,REAL
pilot_003805,Tiny-GenImage,VQDM,legacy,0.3324380434471898,0.2095651030540466,UNCERTAIN_AI,UNCERTAIN
pilot_003819,Tiny-GenImage,VQDM,legacy,0.9246088382554322,0.9916171431541444,CORRECT_CONFIDENT_AI,AI-GENERATED
pilot_003833,Tiny-GenImage,VQDM,legacy,0.7004287343727987,0.8344211578369141,UNCERTAIN_AI,UNCERTAIN
pilot_003847,Tiny-GenImage,VQDM,legacy,0.6833309295025206,0.8122262954711914,UNCERTAIN_AI,UNCERTAIN
pilot_003861,Tiny-GenImage,VQDM,legacy,0.4561409310642461,0.4170435667037964,UNCERTAIN_AI,UNCERTAIN
pilot_003875,Tiny-GenImage,VQDM,legacy,0.062833945613558,0.0057902629487216,FALSE_REAL_AI,REAL
pilot_003889,Tiny-GenImage,VQDM,legacy,0.8313703986273773,0.9542555809020996,CORRECT_CONFIDENT_AI,AI-GENERATED
pilot_003903,Tiny-GenImage,VQDM,legacy,0.1027493715245776,0.0158841181546449,FALSE_REAL_AI,REAL
pilot_003917,Tiny-GenImage,VQDM,legacy,0.6745091541374514,0.8001892566680908,UNCERTAIN_AI,UNCERTAIN
pilot_003931,Tiny-GenImage,VQDM,legacy,0.9835945649027132,0.9995883107185364,CORRECT_CONFIDENT_AI,AI-GENERATED
pilot_003945,Tiny-GenImage,VQDM,legacy,0.8887838411828258,0.9812491536140442,CORRECT_CONFIDENT_AI,AI-GENERATED
pilot_003959,Tiny-GenImage,VQDM,legacy,0.8037597920991862,0.936124324798584,CORRECT_CONFIDENT_AI,AI-GENERATED
pilot_003973,Tiny-GenImage,VQDM,legacy,0.5159562011064369,0.5303562879562378,UNCERTAIN_AI,UNCERTAIN
pilot_003987,Tiny-GenImage,VQDM,legacy,0.963288514150766,0.9980175495147704,CORRECT_CONFIDENT_AI,AI-GENERATED
pilot_000013,Tiny-GenImage,Wukong,legacy,0.3173104990927433,0.1886356174945831,UNCERTAIN_AI,UNCERTAIN
pilot_000027,Tiny-GenImage,Wukong,legacy,0.966379791315628,0.9983329176902772,CORRECT_CONFIDENT_AI,AI-GENERATED
pilot_000041,Tiny-GenImage,Wukong,legacy,0.3548637653076363,0.242655262351036,UNCERTAIN_AI,UNCERTAIN
pilot_000055,Tiny-GenImage,Wukong,legacy,0.7066663809748761,0.8421403765678406,UNCERTAIN_AI,UNCERTAIN
pilot_000069,Tiny-GenImage,Wukong,legacy,0.3335525554523053,0.2111522108316421,UNCERTAIN_AI,UNCERTAIN
pilot_000083,Tiny-GenImage,Wukong,legacy,0.8069336576123272,0.9383912682533264,CORRECT_CONFIDENT_AI,AI-GENERATED
pilot_000097,Tiny-GenImage,Wukong,legacy,0.9459560865764696,0.9957242012023926,CORRECT_CONFIDENT_AI,AI-GENERATED
pilot_000111,Tiny-GenImage,Wukong,legacy,0.9859720505660842,0.999695897102356,CORRECT_CONFIDENT_AI,AI-GENERATED
pilot_000125,Tiny-GenImage,Wukong,legacy,0.9050537730874432,0.9865243434906006,CORRECT_CONFIDENT_AI,AI-GENERATED
pilot_000139,Tiny-GenImage,Wukong,legacy,0.7309089645338341,0.8701995611190796,UNCERTAIN_AI,UNCERTAIN
pilot_000153,Tiny-GenImage,Wukong,legacy,0.9928573855511424,0.9999169111251832,CORRECT_CONFIDENT_AI,AI-GENERATED
pilot_000167,Tiny-GenImage,Wukong,legacy,0.738748181980673,0.8786102533340454,CORRECT_CONFIDENT_AI,AI-GENERATED
pilot_000181,Tiny-GenImage,Wukong,legacy,0.3267102711651031,0.2015055269002914,UNCERTAIN_AI,UNCERTAIN
pilot_000195,Tiny-GenImage,Wukong,legacy,0.9569502666105024,0.9972832202911376,CORRECT_CONFIDENT_AI,AI-GENERATED
pilot_000209,Tiny-GenImage,Wukong,legacy,0.2465155681525857,0.106452502310276,FALSE_REAL_AI,REAL
pilot_000223,Tiny-GenImage,Wukong,legacy,0.9835717106514664,0.9995872378349304,CORRECT_CONFIDENT_AI,AI-GENERATED
pilot_000237,Tiny-GenImage,Wukong,legacy,0.4663624992135771,0.4362011551856994,UNCERTAIN_AI,UNCERTAIN
pilot_000251,Tiny-GenImage,Wukong,legacy,0.8856018370447994,0.9801021218299866,CORRECT_CONFIDENT_AI,AI-GENERATED
pilot_000265,Tiny-GenImage,Wukong,legacy,0.033757962778773,0.0016805145423859,FALSE_REAL_AI,REAL
pilot_000279,Tiny-GenImage,Wukong,legacy,0.1939776560504721,0.0622547157108783,FALSE_REAL_AI,REAL
pilot_000293,Tiny-GenImage,Wukong,legacy,0.8156452248422079,0.944366455078125,CORRECT_CONFIDENT_AI,AI-GENERATED
pilot_000307,Tiny-GenImage,Wukong,legacy,0.2426990378220471,0.1027687862515449,FALSE_REAL_AI,REAL
pilot_000321,Tiny-GenImage,Wukong,legacy,0.3302957496473221,0.2065315991640091,UNCERTAIN_AI,UNCERTAIN
pilot_000335,Tiny-GenImage,Wukong,legacy,0.8972255770037705,0.9841078519821168,CORRECT_CONFIDENT_AI,AI-GENERATED
pilot_000349,Tiny-GenImage,Wukong,legacy,0.9719345665852228,0.998830258846283,CORRECT_CONFIDENT_AI,AI-GENERATED
pilot_000363,Tiny-GenImage,Wukong,legacy,0.9973890147813376,0.9999878406524658,CORRECT_CONFIDENT_AI,AI-GENERATED
pilot_000377,Tiny-GenImage,Wukong,legacy,0.9840784645963409,0.9996115565299988,CORRECT_CONFIDENT_AI,AI-GENERATED
pilot_000391,Tiny-GenImage,Wukong,legacy,0.3017761832027987,0.1683560609817505,UNCERTAIN_AI,UNCERTAIN
pilot_000405,Tiny-GenImage,Wukong,legacy,0.597097858498889,0.6789776682853699,UNCERTAIN_AI,UNCERTAIN
pilot_000419,Tiny-GenImage,Wukong,legacy,0.0156575936758777,0.0003761244297493,FALSE_REAL_AI,REAL
pilot_000433,Tiny-GenImage,Wukong,legacy,0.0220325973148746,0.000729486986529,FALSE_REAL_AI,REAL
pilot_000447,Tiny-GenImage,Wukong,legacy,0.0938519661608507,0.0131553802639245,FALSE_REAL_AI,REAL
pilot_000461,Tiny-GenImage,Wukong,legacy,0.0210359188446379,0.0006666848203167,FALSE_REAL_AI,REAL
pilot_000475,Tiny-GenImage,Wukong,legacy,0.7705016549422191,0.9093917608261108,CORRECT_CONFIDENT_AI,AI-GENERATED
pilot_000489,Tiny-GenImage,Wukong,legacy,0.9971250760096873,0.9999854564666748,CORRECT_CONFIDENT_AI,AI-GENERATED
pilot_000503,Tiny-GenImage,Wukong,legacy,0.9892203155771944,0.9998169541358948,CORRECT_CONFIDENT_AI,AI-GENERATED
pilot_000517,Tiny-GenImage,Wukong,legacy,0.4650604896156433,0.4337522983551025,UNCERTAIN_AI,UNCERTAIN
pilot_000531,Tiny-GenImage,Wukong,legacy,0.9864382492145608,0.9997150301933287,CORRECT_CONFIDENT_AI,AI-GENERATED
pilot_000545,Tiny-GenImage,Wukong,legacy,0.8340689108669456,0.9558391571044922,CORRECT_CONFIDENT_AI,AI-GENERATED
pilot_000559,Tiny-GenImage,Wukong,legacy,0.9428336243502596,0.9952139854431152,CORRECT_CONFIDENT_AI,AI-GENERATED
pilot_000573,Tiny-GenImage,Wukong,legacy,0.6745539597534025,0.800251305103302,UNCERTAIN_AI,UNCERTAIN
pilot_000587,Tiny-GenImage,Wukong,legacy,0.9699190159123396,0.9986600875854492,CORRECT_CONFIDENT_AI,AI-GENERATED
pilot_000601,Tiny-GenImage,Wukong,legacy,0.9889343442441354,0.9998075366020204,CORRECT_CONFIDENT_AI,AI-GENERATED
pilot_000615,Tiny-GenImage,Wukong,legacy,0.9725270252620029,0.9988780617713928,CORRECT_CONFIDENT_AI,AI-GENERATED
pilot_000629,Tiny-GenImage,Wukong,legacy,0.7574478689464148,0.8973714709281921,CORRECT_CONFIDENT_AI,AI-GENERATED
pilot_000643,Tiny-GenImage,Wukong,legacy,0.5850299082734861,0.657911479473114,UNCERTAIN_AI,UNCERTAIN
pilot_000657,Tiny-GenImage,Wukong,legacy,0.9388215212898496,0.9945135116577148,CORRECT_CONFIDENT_AI,AI-GENERATED
pilot_000671,Tiny-GenImage,Wukong,legacy,0.9215521674333154,0.9909075498580932,CORRECT_CONFIDENT_AI,AI-GENERATED
pilot_000685,Tiny-GenImage,Wukong,legacy,0.8378994405715026,0.9580310583114624,CORRECT_CONFIDENT_AI,AI-GENERATED
pilot_000699,Tiny-GenImage,Wukong,legacy,0.3669568794953285,0.2614714801311493,UNCERTAIN_AI,UNCERTAIN
pilot_000713,Tiny-GenImage,Wukong,legacy,0.1316657632246336,0.0268085282295942,FALSE_REAL_AI,REAL
pilot_000727,Tiny-GenImage,Wukong,legacy,0.927297793491612,0.9922158122062684,CORRECT_CONFIDENT_AI,AI-GENERATED
pilot_000741,Tiny-GenImage,Wukong,legacy,0.2623558071493578,0.122554637491703,FALSE_REAL_AI,REAL
pilot_000755,Tiny-GenImage,Wukong,legacy,0.9890201976653196,0.9998103976249696,CORRECT_CONFIDENT_AI,AI-GENERATED
pilot_000769,Tiny-GenImage,Wukong,legacy,0.9794863704762428,0.9993651509284972,CORRECT_CONFIDENT_AI,AI-GENERATED
pilot_000783,Tiny-GenImage,Wukong,legacy,0.9053184234377376,0.9866021871566772,CORRECT_CONFIDENT_AI,AI-GENERATED
pilot_000797,Tiny-GenImage,Wukong,legacy,0.9202797594675312,0.9906028509140016,CORRECT_CONFIDENT_AI,AI-GENERATED
pilot_000811,Tiny-GenImage,Wukong,legacy,0.9507580787743592,0.9964503049850464,CORRECT_CONFIDENT_AI,AI-GENERATED
pilot_000825,Tiny-GenImage,Wukong,legacy,0.4951617193502609,0.4907878041267395,UNCERTAIN_AI,UNCERTAIN
pilot_000839,Tiny-GenImage,Wukong,legacy,0.6161765356526202,0.7112252116203308,UNCERTAIN_AI,UNCERTAIN
pilot_000853,Tiny-GenImage,Wukong,legacy,0.9015800388536108,0.985479474067688,CORRECT_CONFIDENT_AI,AI-GENERATED
pilot_000867,Tiny-GenImage,Wukong,legacy,0.8891766939100567,0.9813882112503052,CORRECT_CONFIDENT_AI,AI-GENERATED
pilot_000881,Tiny-GenImage,Wukong,legacy,0.9405066346777974,0.9948139190673828,CORRECT_CONFIDENT_AI,AI-GENERATED
pilot_000895,Tiny-GenImage,Wukong,legacy,0.947538561170034,0.9959712624549866,CORRECT_CONFIDENT_AI,AI-GENERATED
pilot_000909,Tiny-GenImage,Wukong,legacy,0.8481537609213395,0.9635802507400512,CORRECT_CONFIDENT_AI,AI-GENERATED
pilot_000923,Tiny-GenImage,Wukong,legacy,0.918016340332113,0.99004727602005,CORRECT_CONFIDENT_AI,AI-GENERATED
pilot_000937,Tiny-GenImage,Wukong,legacy,0.344917132533846,0.2276820391416549,UNCERTAIN_AI,UNCERTAIN
pilot_000951,Tiny-GenImage,Wukong,legacy,0.1845900826365759,0.0557901747524738,FALSE_REAL_AI,REAL
pilot_000965,Tiny-GenImage,Wukong,legacy,0.930498441212378,0.9928971529006958,CORRECT_CONFIDENT_AI,AI-GENERATED
pilot_000979,Tiny-GenImage,Wukong,legacy,0.2840548652028515,0.1467544883489608,UNCERTAIN_AI,UNCERTAIN
pilot_000993,Tiny-GenImage,Wukong,legacy,0.0644883772272762,0.0061026099137961,FALSE_REAL_AI,REAL
pilot_001007,Tiny-GenImage,Wukong,legacy,0.4131311820923991,0.338847666978836,UNCERTAIN_AI,UNCERTAIN
pilot_001021,Tiny-GenImage,Wukong,legacy,0.460673558868225,0.4255190193653106,UNCERTAIN_AI,UNCERTAIN
pilot_001035,Tiny-GenImage,Wukong,legacy,0.9299414256637708,0.9927809834480286,CORRECT_CONFIDENT_AI,AI-GENERATED
pilot_001049,Tiny-GenImage,Wukong,legacy,0.7087565136247339,0.8446813225746155,UNCERTAIN_AI,UNCERTAIN
pilot_001063,Tiny-GenImage,Wukong,legacy,0.521203712776659,0.5403121113777161,UNCERTAIN_AI,UNCERTAIN
pilot_001077,Tiny-GenImage,Wukong,legacy,0.5228473278071512,0.5434259176254272,UNCERTAIN_AI,UNCERTAIN
pilot_001091,Tiny-GenImage,Wukong,legacy,0.8706549260634152,0.9741889834403992,CORRECT_CONFIDENT_AI,AI-GENERATED
pilot_001105,Tiny-GenImage,Wukong,legacy,0.3012042453117978,0.1676332354545593,UNCERTAIN_AI,UNCERTAIN
pilot_001119,Tiny-GenImage,Wukong,legacy,0.5265097533606595,0.5503552556037903,UNCERTAIN_AI,UNCERTAIN
pilot_001133,Tiny-GenImage,Wukong,legacy,0.6495781815471136,0.7640887498855591,UNCERTAIN_AI,UNCERTAIN
pilot_001147,Tiny-GenImage,Wukong,legacy,0.9108656993327312,0.9881765246391296,CORRECT_CONFIDENT_AI,AI-GENERATED
pilot_001161,Tiny-GenImage,Wukong,legacy,0.4851769306446976,0.4717959761619568,UNCERTAIN_AI,UNCERTAIN
pilot_001175,Tiny-GenImage,Wukong,legacy,0.6987190987962464,0.8322699666023254,UNCERTAIN_AI,UNCERTAIN
pilot_001189,Tiny-GenImage,Wukong,legacy,0.6573436288904413,0.77565598487854,UNCERTAIN_AI,UNCERTAIN
pilot_001203,Tiny-GenImage,Wukong,legacy,0.0185730988009868,0.0005235194112174,FALSE_REAL_AI,REAL
pilot_001217,Tiny-GenImage,Wukong,legacy,0.1822982872552168,0.0542751885950565,FALSE_REAL_AI,REAL
pilot_001231,Tiny-GenImage,Wukong,legacy,0.6270984579307964,0.7290421724319458,UNCERTAIN_AI,UNCERTAIN
pilot_001245,Tiny-GenImage,Wukong,legacy,0.957549990178224,0.9973577857017516,CORRECT_CONFIDENT_AI,AI-GENERATED
pilot_001259,Tiny-GenImage,Wukong,legacy,0.9817690354924488,0.9994950294494628,CORRECT_CONFIDENT_AI,AI-GENERATED
pilot_001273,Tiny-GenImage,Wukong,legacy,0.627604860919887,0.7298561930656433,UNCERTAIN_AI,UNCERTAIN
pilot_001287,Tiny-GenImage,Wukong,legacy,0.8315647837243841,0.9543707966804504,CORRECT_CONFIDENT_AI,AI-GENERATED
pilot_001301,Tiny-GenImage,Wukong,legacy,0.1688760194132834,0.0458906441926956,FALSE_REAL_AI,REAL
pilot_001315,Tiny-GenImage,Wukong,legacy,0.3584070639604971,0.2481001317501068,UNCERTAIN_AI,UNCERTAIN
pilot_001329,Tiny-GenImage,Wukong,legacy,0.2201548425395684,0.0825396999716758,FALSE_REAL_AI,REAL
pilot_001343,Tiny-GenImage,Wukong,legacy,0.4792742113424439,0.4605937600135803,UNCERTAIN_AI,UNCERTAIN
pilot_001357,Tiny-GenImage,Wukong,legacy,0.992611020870564,0.9999114274978638,CORRECT_CONFIDENT_AI,AI-GENERATED
pilot_001371,Tiny-GenImage,Wukong,legacy,0.9770165920781576,0.9992080330848694,CORRECT_CONFIDENT_AI,AI-GENERATED
pilot_001385,Tiny-GenImage,Wukong,legacy,0.98573354789473,0.999685764312744,CORRECT_CONFIDENT_AI,AI-GENERATED
pilot_001399,Tiny-GenImage,Wukong,legacy,0.9610940784288036,0.9977766871452332,CORRECT_CONFIDENT_AI,AI-GENERATED
pilot_001413,Tiny-GenImage,Wukong,legacy,0.9843228187193336,0.9996229410171508,CORRECT_CONFIDENT_AI,AI-GENERATED
pilot_001427,Tiny-GenImage,Wukong,legacy,0.9880374473375264,0.999776303768158,CORRECT_CONFIDENT_AI,AI-GENERATED
pilot_001441,Tiny-GenImage,Wukong,legacy,0.2960466128517193,0.1611919999122619,UNCERTAIN_AI,UNCERTAIN
pilot_001455,Tiny-GenImage,Wukong,legacy,0.0057386141119113,5.459041858557612e-05,FALSE_REAL_AI,REAL
pilot_001469,Tiny-GenImage,Wukong,legacy,0.3052522941791026,0.1727857738733291,UNCERTAIN_AI,UNCERTAIN
pilot_001483,Tiny-GenImage,Wukong,legacy,0.9020310111137964,0.9856175780296326,CORRECT_CONFIDENT_AI,AI-GENERATED
pilot_001497,Tiny-GenImage,Wukong,legacy,0.9510886415881769,0.9964976906776428,CORRECT_CONFIDENT_AI,AI-GENERATED
pilot_001511,Tiny-GenImage,Wukong,legacy,0.9016355313801996,0.985496461391449,CORRECT_CONFIDENT_AI,AI-GENERATED
pilot_001525,Tiny-GenImage,Wukong,legacy,0.9143112228973252,0.9891000390052797,CORRECT_CONFIDENT_AI,AI-GENERATED
pilot_001539,Tiny-GenImage,Wukong,legacy,0.5113488678312067,0.5216004252433777,UNCERTAIN_AI,UNCERTAIN
pilot_001553,Tiny-GenImage,Wukong,legacy,0.9961434711509296,0.999974489212036,CORRECT_CONFIDENT_AI,AI-GENERATED
pilot_001567,Tiny-GenImage,Wukong,legacy,0.5182292689802656,0.5346713066101074,UNCERTAIN_AI,UNCERTAIN
pilot_001581,Tiny-GenImage,Wukong,legacy,0.9929977887458612,0.9999200105667114,CORRECT_CONFIDENT_AI,AI-GENERATED
pilot_001595,Tiny-GenImage,Wukong,legacy,0.8342482707711629,0.9559431672096252,CORRECT_CONFIDENT_AI,AI-GENERATED
pilot_001609,Tiny-GenImage,Wukong,legacy,0.9674097794415046,0.9984318614006042,CORRECT_CONFIDENT_AI,AI-GENERATED
pilot_001623,Tiny-GenImage,Wukong,legacy,0.7839129199511408,0.9208351969718932,CORRECT_CONFIDENT_AI,AI-GENERATED
pilot_001637,Tiny-GenImage,Wukong,legacy,0.9765620879397884,0.9991771578788756,CORRECT_CONFIDENT_AI,AI-GENERATED
pilot_001651,Tiny-GenImage,Wukong,legacy,0.9487585979506006,0.9961565136909484,CORRECT_CONFIDENT_AI,AI-GENERATED
pilot_001665,Tiny-GenImage,Wukong,legacy,0.991837973843756,0.9998927116394044,CORRECT_CONFIDENT_AI,AI-GENERATED
pilot_001679,Tiny-GenImage,Wukong,legacy,0.9846477905491212,0.9996379613876344,CORRECT_CONFIDENT_AI,AI-GENERATED
pilot_001693,Tiny-GenImage,Wukong,legacy,0.9984236523550212,0.9999953508377076,CORRECT_CONFIDENT_AI,AI-GENERATED
pilot_001707,Tiny-GenImage,Wukong,legacy,0.994234682915466,0.9999449253082277,CORRECT_CONFIDENT_AI,AI-GENERATED
pilot_001721,Tiny-GenImage,Wukong,legacy,0.9933394295836604,0.9999274015426636,CORRECT_CONFIDENT_AI,AI-GENERATED
pilot_001735,Tiny-GenImage,Wukong,legacy,0.9971514465738563,0.999985694885254,CORRECT_CONFIDENT_AI,AI-GENERATED
pilot_001749,Tiny-GenImage,Wukong,legacy,0.9471645388373112,0.995913565158844,CORRECT_CONFIDENT_AI,AI-GENERATED
pilot_001763,Tiny-GenImage,Wukong,legacy,0.9996057091434344,0.9999996423721312,CORRECT_CONFIDENT_AI,AI-GENERATED
pilot_001777,Tiny-GenImage,Wukong,legacy,0.9973788767873928,0.9999878406524658,CORRECT_CONFIDENT_AI,AI-GENERATED
pilot_001791,Tiny-GenImage,Wukong,legacy,0.9999485782518228,1.0,CORRECT_CONFIDENT_AI,AI-GENERATED
pilot_001805,Tiny-GenImage,Wukong,legacy,0.9996075695456066,0.9999996423721312,CORRECT_CONFIDENT_AI,AI-GENERATED
pilot_001819,Tiny-GenImage,Wukong,legacy,0.9556758916627712,0.9971211552619934,CORRECT_CONFIDENT_AI,AI-GENERATED
pilot_001833,Tiny-GenImage,Wukong,legacy,0.9588983327498368,0.9975215792655944,CORRECT_CONFIDENT_AI,AI-GENERATED
pilot_001847,Tiny-GenImage,Wukong,legacy,0.9893570782618756,0.9998213648796082,CORRECT_CONFIDENT_AI,AI-GENERATED
pilot_001861,Tiny-GenImage,Wukong,legacy,0.9910557740797848,0.999872088432312,CORRECT_CONFIDENT_AI,AI-GENERATED
pilot_001875,Tiny-GenImage,Wukong,legacy,0.9960054269036284,0.9999727010726928,CORRECT_CONFIDENT_AI,AI-GENERATED
pilot_001889,Tiny-GenImage,Wukong,legacy,0.9987936611173014,0.9999972581863404,CORRECT_CONFIDENT_AI,AI-GENERATED
pilot_001903,Tiny-GenImage,Wukong,legacy,0.997748981261344,0.9999908208847046,CORRECT_CONFIDENT_AI,AI-GENERATED
pilot_001917,Tiny-GenImage,Wukong,legacy,0.2460550917047041,0.1060040369629859,FALSE_REAL_AI,REAL
pilot_001931,Tiny-GenImage,Wukong,legacy,0.9923509643349282,0.9999053478240968,CORRECT_CONFIDENT_AI,AI-GENERATED
pilot_001945,Tiny-GenImage,Wukong,legacy,0.9830856791106142,0.9995632767677308,CORRECT_CONFIDENT_AI,AI-GENERATED
pilot_001959,Tiny-GenImage,Wukong,legacy,0.9907437784465106,0.9998633861541748,CORRECT_CONFIDENT_AI,AI-GENERATED
pilot_001973,Tiny-GenImage,Wukong,legacy,0.4911477700757541,0.483148455619812,UNCERTAIN_AI,UNCERTAIN
pilot_001987,Tiny-GenImage,Wukong,legacy,0.8167191538284293,0.9450783729553224,CORRECT_CONFIDENT_AI,AI-GENERATED
pilot_002001,Tiny-GenImage,Wukong,legacy,0.3368719758805881,0.2159154564142227,UNCERTAIN_AI,UNCERTAIN
pilot_002015,Tiny-GenImage,Wukong,legacy,0.161765576588715,0.041780412197113,FALSE_REAL_AI,REAL
pilot_002029,Tiny-GenImage,Wukong,legacy,0.2532230406534684,0.1131104901432991,FALSE_REAL_AI,REAL
pilot_002043,Tiny-GenImage,Wukong,legacy,0.2656406682495576,0.1260586678981781,UNCERTAIN_AI,UNCERTAIN
pilot_002057,Tiny-GenImage,Wukong,legacy,0.959948250567008,0.9976453185081482,CORRECT_CONFIDENT_AI,AI-GENERATED
pilot_002071,Tiny-GenImage,Wukong,legacy,0.9984138660571606,0.9999953508377076,CORRECT_CONFIDENT_AI,AI-GENERATED
pilot_002085,Tiny-GenImage,Wukong,legacy,0.998722373078522,0.9999969005584716,CORRECT_CONFIDENT_AI,AI-GENERATED
pilot_002099,Tiny-GenImage,Wukong,legacy,0.9932020774296464,0.9999244213104248,CORRECT_CONFIDENT_AI,AI-GENERATED
pilot_002113,Tiny-GenImage,Wukong,legacy,0.996935668895068,0.999983549118042,CORRECT_CONFIDENT_AI,AI-GENERATED
pilot_002127,Tiny-GenImage,Wukong,legacy,0.9596399206774682,0.9976092576980592,CORRECT_CONFIDENT_AI,AI-GENERATED
pilot_002141,Tiny-GenImage,Wukong,legacy,0.9996941284056868,0.9999997615814208,CORRECT_CONFIDENT_AI,AI-GENERATED
pilot_002155,Tiny-GenImage,Wukong,legacy,0.9854082427981397,0.9996718168258668,CORRECT_CONFIDENT_AI,AI-GENERATED
pilot_002169,Tiny-GenImage,Wukong,legacy,0.9857388222804584,0.9996860027313232,CORRECT_CONFIDENT_AI,AI-GENERATED
pilot_002183,Tiny-GenImage,Wukong,legacy,0.9240857366403432,0.9914979338645936,CORRECT_CONFIDENT_AI,AI-GENERATED
pilot_002197,Tiny-GenImage,Wukong,legacy,0.997115709987192,0.9999853372573853,CORRECT_CONFIDENT_AI,AI-GENERATED
pilot_002211,Tiny-GenImage,Wukong,legacy,0.99840647439577,0.999995231628418,CORRECT_CONFIDENT_AI,AI-GENERATED
pilot_002225,Tiny-GenImage,Wukong,legacy,0.9918469941117148,0.9998929500579834,CORRECT_CONFIDENT_AI,AI-GENERATED
pilot_002239,Tiny-GenImage,Wukong,legacy,0.9823943469490766,0.9995280504226683,CORRECT_CONFIDENT_AI,AI-GENERATED
pilot_002253,Tiny-GenImage,Wukong,legacy,0.4448070837762526,0.396012544631958,UNCERTAIN_AI,UNCERTAIN
pilot_002267,Tiny-GenImage,Wukong,legacy,0.8488611343110869,0.9639462232589722,CORRECT_CONFIDENT_AI,AI-GENERATED
pilot_002281,Tiny-GenImage,Wukong,legacy,0.9954530687887422,0.9999650716781616,CORRECT_CONFIDENT_AI,AI-GENERATED
pilot_002295,Tiny-GenImage,Wukong,legacy,0.8371683402111788,0.9576177597045898,CORRECT_CONFIDENT_AI,AI-GENERATED
pilot_002309,Tiny-GenImage,Wukong,legacy,0.7714806526208732,0.9102580547332764,CORRECT_CONFIDENT_AI,AI-GENERATED
pilot_002323,Tiny-GenImage,Wukong,legacy,0.9924493773926186,0.999907612800598,CORRECT_CONFIDENT_AI,AI-GENERATED
pilot_002337,Tiny-GenImage,Wukong,legacy,0.9232838752520256,0.9913133978843688,CORRECT_CONFIDENT_AI,AI-GENERATED
pilot_002351,Tiny-GenImage,Wukong,legacy,0.7572786390238051,0.897209882736206,CORRECT_CONFIDENT_AI,AI-GENERATED
pilot_002365,Tiny-GenImage,Wukong,legacy,0.9611720400596172,0.9977854490280152,CORRECT_CONFIDENT_AI,AI-GENERATED
pilot_002379,Tiny-GenImage,Wukong,legacy,0.4437110684688083,0.3939924836158752,UNCERTAIN_AI,UNCERTAIN
pilot_002393,Tiny-GenImage,Wukong,legacy,0.5394217793832387,0.5746595859527588,UNCERTAIN_AI,UNCERTAIN
pilot_002407,Tiny-GenImage,Wukong,legacy,0.979937178992159,0.9993919134140016,CORRECT_CONFIDENT_AI,AI-GENERATED
pilot_002421,Tiny-GenImage,Wukong,legacy,0.9039395828056384,0.9861939549446106,CORRECT_CONFIDENT_AI,AI-GENERATED
pilot_002435,Tiny-GenImage,Wukong,legacy,0.9781679990259902,0.9992833733558656,CORRECT_CONFIDENT_AI,AI-GENERATED
pilot_002449,Tiny-GenImage,Wukong,legacy,0.9888431812055676,0.999804437160492,CORRECT_CONFIDENT_AI,AI-GENERATED
pilot_002463,Tiny-GenImage,Wukong,legacy,0.6032724888340842,0.6895626783370972,UNCERTAIN_AI,UNCERTAIN
pilot_002477,Tiny-GenImage,Wukong,legacy,0.9762414453289988,0.9991551637649536,CORRECT_CONFIDENT_AI,AI-GENERATED
pilot_002491,Tiny-GenImage,Wukong,legacy,0.9388367078326132,0.9945163130760192,CORRECT_CONFIDENT_AI,AI-GENERATED
pilot_002505,Tiny-GenImage,Wukong,legacy,0.8491408318745637,0.9640903472900392,CORRECT_CONFIDENT_AI,AI-GENERATED
pilot_002519,Tiny-GenImage,Wukong,legacy,0.9963923562946944,0.9999775886535645,CORRECT_CONFIDENT_AI,AI-GENERATED
pilot_002533,Tiny-GenImage,Wukong,legacy,0.9533712988992932,0.996815860271454,CORRECT_CONFIDENT_AI,AI-GENERATED
pilot_002547,Tiny-GenImage,Wukong,legacy,0.9928965992939336,0.9999178647994996,CORRECT_CONFIDENT_AI,AI-GENERATED
pilot_002561,Tiny-GenImage,Wukong,legacy,0.9906843785273955,0.9998617172241212,CORRECT_CONFIDENT_AI,AI-GENERATED
pilot_002575,Tiny-GenImage,Wukong,legacy,0.9102366516255772,0.9880034923553468,CORRECT_CONFIDENT_AI,AI-GENERATED
pilot_002589,Tiny-GenImage,Wukong,legacy,0.8169436364177158,0.9452263712882996,CORRECT_CONFIDENT_AI,AI-GENERATED
pilot_002603,Tiny-GenImage,Wukong,legacy,0.6992306656672556,0.8329153060913086,UNCERTAIN_AI,UNCERTAIN
pilot_002617,Tiny-GenImage,Wukong,legacy,0.1362115037257155,0.0288258213549852,FALSE_REAL_AI,REAL
pilot_002631,Tiny-GenImage,Wukong,legacy,0.8700091301414908,0.9739136099815368,CORRECT_CONFIDENT_AI,AI-GENERATED
pilot_002645,Tiny-GenImage,Wukong,legacy,0.8374496314739759,0.9577770829200744,CORRECT_CONFIDENT_AI,AI-GENERATED
pilot_002659,Tiny-GenImage,Wukong,legacy,0.967339581596291,0.9984252452850342,CORRECT_CONFIDENT_AI,AI-GENERATED
pilot_002673,Tiny-GenImage,Wukong,legacy,0.9495961131753464,0.996281087398529,CORRECT_CONFIDENT_AI,AI-GENERATED
pilot_002687,Tiny-GenImage,Wukong,legacy,0.9673593706274564,0.998427152633667,CORRECT_CONFIDENT_AI,AI-GENERATED
pilot_002701,Tiny-GenImage,Wukong,legacy,0.9823630922554508,0.9995263814926147,CORRECT_CONFIDENT_AI,AI-GENERATED
pilot_002715,Tiny-GenImage,Wukong,legacy,0.9995404083937364,0.9999995231628418,CORRECT_CONFIDENT_AI,AI-GENERATED
pilot_002729,Tiny-GenImage,Wukong,legacy,0.9996071486879148,0.9999996423721312,CORRECT_CONFIDENT_AI,AI-GENERATED
pilot_002743,Tiny-GenImage,Wukong,legacy,0.996801934809736,0.9999821186065674,CORRECT_CONFIDENT_AI,AI-GENERATED
pilot_002757,Tiny-GenImage,Wukong,legacy,0.9919234047009756,0.9998948574066162,CORRECT_CONFIDENT_AI,AI-GENERATED
pilot_002771,Tiny-GenImage,Wukong,legacy,0.9805045473305124,0.999424934387207,CORRECT_CONFIDENT_AI,AI-GENERATED
pilot_002785,Tiny-GenImage,Wukong,legacy,0.9993821628888152,0.9999991655349731,CORRECT_CONFIDENT_AI,AI-GENERATED
pilot_002799,Tiny-GenImage,Wukong,legacy,0.9817091522945752,0.999491810798645,CORRECT_CONFIDENT_AI,AI-GENERATED
pilot_002813,Tiny-GenImage,Wukong,legacy,0.9712166301035108,0.9987710118293762,CORRECT_CONFIDENT_AI,AI-GENERATED
pilot_002827,Tiny-GenImage,Wukong,legacy,0.995413693975016,0.999964475631714,CORRECT_CONFIDENT_AI,AI-GENERATED
pilot_002841,Tiny-GenImage,Wukong,legacy,0.1911938333756971,0.0602939948439598,FALSE_REAL_AI,REAL
pilot_002855,Tiny-GenImage,Wukong,legacy,0.8755971674285337,0.976241409778595,CORRECT_CONFIDENT_AI,AI-GENERATED
pilot_002869,Tiny-GenImage,Wukong,legacy,0.9952419716421406,0.9999618530273438,CORRECT_CONFIDENT_AI,AI-GENERATED
pilot_002883,Tiny-GenImage,Wukong,legacy,0.998283760214872,0.9999945163726808,CORRECT_CONFIDENT_AI,AI-GENERATED
pilot_002897,Tiny-GenImage,Wukong,legacy,0.9980404681106602,0.9999929666519164,CORRECT_CONFIDENT_AI,AI-GENERATED
pilot_002911,Tiny-GenImage,Wukong,legacy,0.9227405667308624,0.9911871552467346,CORRECT_CONFIDENT_AI,AI-GENERATED
pilot_002925,Tiny-GenImage,Wukong,legacy,0.9993439959118048,0.9999991655349731,CORRECT_CONFIDENT_AI,AI-GENERATED
pilot_002939,Tiny-GenImage,Wukong,legacy,0.986791476093848,0.9997292160987854,CORRECT_CONFIDENT_AI,AI-GENERATED
pilot_002953,Tiny-GenImage,Wukong,legacy,0.988169474760208,0.99978107213974,CORRECT_CONFIDENT_AI,AI-GENERATED
pilot_002967,Tiny-GenImage,Wukong,legacy,0.9962157340066902,0.9999754428863524,CORRECT_CONFIDENT_AI,AI-GENERATED
pilot_002981,Tiny-GenImage,Wukong,legacy,0.9894069455601254,0.999823033809662,CORRECT_CONFIDENT_AI,AI-GENERATED
pilot_002995,Tiny-GenImage,Wukong,legacy,0.9916989367689828,0.9998891353607178,CORRECT_CONFIDENT_AI,AI-GENERATED
pilot_003009,Tiny-GenImage,Wukong,legacy,0.9994162218895304,0.9999992847442628,CORRECT_CONFIDENT_AI,AI-GENERATED
pilot_003023,Tiny-GenImage,Wukong,legacy,0.9896168633954696,0.999829649925232,CORRECT_CONFIDENT_AI,AI-GENERATED
pilot_003037,Tiny-GenImage,Wukong,legacy,0.8316286098423009,0.954408586025238,CORRECT_CONFIDENT_AI,AI-GENERATED
pilot_003051,Tiny-GenImage,Wukong,legacy,0.9738511584968632,0.9989812970161438,CORRECT_CONFIDENT_AI,AI-GENERATED
pilot_003065,Tiny-GenImage,Wukong,legacy,0.8804212331825498,0.9781516194343568,CORRECT_CONFIDENT_AI,AI-GENERATED
pilot_003079,Tiny-GenImage,Wukong,legacy,0.9974841793261624,0.9999886751174928,CORRECT_CONFIDENT_AI,AI-GENERATED
pilot_003093,Tiny-GenImage,Wukong,legacy,0.9820866295596226,0.9995119571685792,CORRECT_CONFIDENT_AI,AI-GENERATED
pilot_003107,Tiny-GenImage,Wukong,legacy,0.9949337916559888,0.9999569654464722,CORRECT_CONFIDENT_AI,AI-GENERATED
pilot_003121,Tiny-GenImage,Wukong,legacy,0.9879194972698828,0.999772012233734,CORRECT_CONFIDENT_AI,AI-GENERATED
pilot_003135,Tiny-GenImage,Wukong,legacy,0.9937581428441752,0.9999358654022216,CORRECT_CONFIDENT_AI,AI-GENERATED
pilot_003149,Tiny-GenImage,Wukong,legacy,0.9793308080572568,0.9993557333946228,CORRECT_CONFIDENT_AI,AI-GENERATED
pilot_003163,Tiny-GenImage,Wukong,legacy,0.9984498404715136,0.9999954700469972,CORRECT_CONFIDENT_AI,AI-GENERATED
pilot_003177,Tiny-GenImage,Wukong,legacy,0.9606307320988948,0.9977239966392516,CORRECT_CONFIDENT_AI,AI-GENERATED
pilot_003191,Tiny-GenImage,Wukong,legacy,0.8433934217822985,0.9610612988471984,CORRECT_CONFIDENT_AI,AI-GENERATED
pilot_003205,Tiny-GenImage,Wukong,legacy,0.5170192889980839,0.5323748588562012,UNCERTAIN_AI,UNCERTAIN
pilot_003219,Tiny-GenImage,Wukong,legacy,0.9861559922931826,0.9997034668922424,CORRECT_CONFIDENT_AI,AI-GENERATED
pilot_003233,Tiny-GenImage,Wukong,legacy,0.7847482072538506,0.9215179085731506,CORRECT_CONFIDENT_AI,AI-GENERATED
pilot_003247,Tiny-GenImage,Wukong,legacy,0.2153486756588072,0.0785611197352409,FALSE_REAL_AI,REAL
pilot_003261,Tiny-GenImage,Wukong,legacy,0.0711175498492472,0.0074426741339266,FALSE_REAL_AI,REAL
pilot_003275,Tiny-GenImage,Wukong,legacy,0.8282353298277628,0.9523746371269226,CORRECT_CONFIDENT_AI,AI-GENERATED
pilot_003289,Tiny-GenImage,Wukong,legacy,0.6494327283340751,0.7638692855834961,UNCERTAIN_AI,UNCERTAIN
pilot_003303,Tiny-GenImage,Wukong,legacy,0.143465927224744,0.0322214886546134,FALSE_REAL_AI,REAL
pilot_003317,Tiny-GenImage,Wukong,legacy,0.9991684849490152,0.9999986886978148,CORRECT_CONFIDENT_AI,AI-GENERATED
pilot_003331,Tiny-GenImage,Wukong,legacy,0.9992383774800008,0.9999988079071044,CORRECT_CONFIDENT_AI,AI-GENERATED
pilot_003345,Tiny-GenImage,Wukong,legacy,0.9576266528597928,0.9973673224449158,CORRECT_CONFIDENT_AI,AI-GENERATED
pilot_003359,Tiny-GenImage,Wukong,legacy,0.9834048823535848,0.999579131603241,CORRECT_CONFIDENT_AI,AI-GENERATED
pilot_003373,Tiny-GenImage,Wukong,legacy,0.9979425880591986,0.9999923706054688,CORRECT_CONFIDENT_AI,AI-GENERATED
pilot_003387,Tiny-GenImage,Wukong,legacy,0.988039945142946,0.9997764229774476,CORRECT_CONFIDENT_AI,AI-GENERATED
pilot_003401,Tiny-GenImage,Wukong,legacy,0.999087848651906,0.9999983310699464,CORRECT_CONFIDENT_AI,AI-GENERATED
pilot_003415,Tiny-GenImage,Wukong,legacy,0.8008438454778058,0.9339988827705384,CORRECT_CONFIDENT_AI,AI-GENERATED
pilot_003429,Tiny-GenImage,Wukong,legacy,0.991829832530016,0.9998924732208252,CORRECT_CONFIDENT_AI,AI-GENERATED
pilot_003443,Tiny-GenImage,Wukong,legacy,0.9954094369397704,0.9999643564224244,CORRECT_CONFIDENT_AI,AI-GENERATED
pilot_003457,Tiny-GenImage,Wukong,legacy,0.9699204259757546,0.9986602067947388,CORRECT_CONFIDENT_AI,AI-GENERATED
pilot_003471,Tiny-GenImage,Wukong,legacy,0.9951400705087922,0.9999603033065796,CORRECT_CONFIDENT_AI,AI-GENERATED
pilot_003485,Tiny-GenImage,Wukong,legacy,0.9981039547287952,0.9999934434890748,CORRECT_CONFIDENT_AI,AI-GENERATED
pilot_003499,Tiny-GenImage,Wukong,legacy,0.9962679911349098,0.9999760389328004,CORRECT_CONFIDENT_AI,AI-GENERATED
pilot_003513,Tiny-GenImage,Wukong,legacy,0.988583468519786,0.9997954964637756,CORRECT_CONFIDENT_AI,AI-GENERATED
pilot_003527,Tiny-GenImage,Wukong,legacy,0.9960921977976688,0.9999737739562988,CORRECT_CONFIDENT_AI,AI-GENERATED
pilot_003541,Tiny-GenImage,Wukong,legacy,0.9811066014236942,0.9994588494300842,CORRECT_CONFIDENT_AI,AI-GENERATED
pilot_003555,Tiny-GenImage,Wukong,legacy,0.975657132315728,0.9991140961647034,CORRECT_CONFIDENT_AI,AI-GENERATED
pilot_003569,Tiny-GenImage,Wukong,legacy,0.9711689192074374,0.9987670183181764,CORRECT_CONFIDENT_AI,AI-GENERATED
pilot_003583,Tiny-GenImage,Wukong,legacy,0.4994555595750058,0.4989632964134216,UNCERTAIN_AI,UNCERTAIN
pilot_003597,Tiny-GenImage,Wukong,legacy,0.9959503102125368,0.9999719858169556,CORRECT_CONFIDENT_AI,AI-GENERATED
pilot_003611,Tiny-GenImage,Wukong,legacy,0.999355547588687,0.9999991655349731,CORRECT_CONFIDENT_AI,AI-GENERATED
pilot_003625,Tiny-GenImage,Wukong,legacy,0.999845029693574,1.0,CORRECT_CONFIDENT_AI,AI-GENERATED
pilot_003639,Tiny-GenImage,Wukong,legacy,0.9996409981692076,0.9999997615814208,CORRECT_CONFIDENT_AI,AI-GENERATED
pilot_003653,Tiny-GenImage,Wukong,legacy,0.9632421442201854,0.9980125427246094,CORRECT_CONFIDENT_AI,AI-GENERATED
pilot_003667,Tiny-GenImage,Wukong,legacy,0.99303707169601,0.9999209642410278,CORRECT_CONFIDENT_AI,AI-GENERATED
pilot_003681,Tiny-GenImage,Wukong,legacy,0.9931759836184498,0.9999239444732666,CORRECT_CONFIDENT_AI,AI-GENERATED
pilot_003695,Tiny-GenImage,Wukong,legacy,0.9760707980132868,0.9991432428359984,CORRECT_CONFIDENT_AI,AI-GENERATED
pilot_003709,Tiny-GenImage,Wukong,legacy,0.953751173225504,0.9968673586845398,CORRECT_CONFIDENT_AI,AI-GENERATED
pilot_003723,Tiny-GenImage,Wukong,legacy,0.9905096210729256,0.99985671043396,CORRECT_CONFIDENT_AI,AI-GENERATED
pilot_003737,Tiny-GenImage,Wukong,legacy,0.9922804204823296,0.9999035596847534,CORRECT_CONFIDENT_AI,AI-GENERATED
pilot_003751,Tiny-GenImage,Wukong,legacy,0.9984795104770268,0.9999957084655762,CORRECT_CONFIDENT_AI,AI-GENERATED
pilot_003765,Tiny-GenImage,Wukong,legacy,0.9988437181817807,0.9999974966049194,CORRECT_CONFIDENT_AI,AI-GENERATED
pilot_003779,Tiny-GenImage,Wukong,legacy,0.9885383868036124,0.9997939467430116,CORRECT_CONFIDENT_AI,AI-GENERATED
pilot_003793,Tiny-GenImage,Wukong,legacy,0.9954243342067112,0.9999645948410034,CORRECT_CONFIDENT_AI,AI-GENERATED
pilot_003807,Tiny-GenImage,Wukong,legacy,0.9915269789606552,0.9998847246170044,CORRECT_CONFIDENT_AI,AI-GENERATED
pilot_003821,Tiny-GenImage,Wukong,legacy,0.9882322511890176,0.999783217906952,CORRECT_CONFIDENT_AI,AI-GENERATED
pilot_003835,Tiny-GenImage,Wukong,legacy,0.9484603277039572,0.9961116909980774,CORRECT_CONFIDENT_AI,AI-GENERATED
pilot_003849,Tiny-GenImage,Wukong,legacy,0.9980148775163148,0.999992847442627,CORRECT_CONFIDENT_AI,AI-GENERATED
pilot_003863,Tiny-GenImage,Wukong,legacy,0.9996663594094872,0.9999997615814208,CORRECT_CONFIDENT_AI,AI-GENERATED
pilot_003877,Tiny-GenImage,Wukong,legacy,0.9932105732069773,0.999924659729004,CORRECT_CONFIDENT_AI,AI-GENERATED
pilot_003891,Tiny-GenImage,Wukong,legacy,0.9933280741427918,0.9999271631240844,CORRECT_CONFIDENT_AI,AI-GENERATED
pilot_003905,Tiny-GenImage,Wukong,legacy,0.9959949939169402,0.9999725818634032,CORRECT_CONFIDENT_AI,AI-GENERATED
pilot_003919,Tiny-GenImage,Wukong,legacy,0.4006812773635189,0.3171994686126709,UNCERTAIN_AI,UNCERTAIN
pilot_003933,Tiny-GenImage,Wukong,legacy,0.8148685009875755,0.9438483715057372,CORRECT_CONFIDENT_AI,AI-GENERATED
pilot_003947,Tiny-GenImage,Wukong,legacy,0.9980228648674644,0.999992847442627,CORRECT_CONFIDENT_AI,AI-GENERATED
pilot_003961,Tiny-GenImage,Wukong,legacy,0.9568454242320495,0.9972700476646424,CORRECT_CONFIDENT_AI,AI-GENERATED
pilot_003975,Tiny-GenImage,Wukong,legacy,0.8791724655385325,0.977665901184082,CORRECT_CONFIDENT_AI,AI-GENERATED
pilot_003989,Tiny-GenImage,Wukong,legacy,0.9904127431768404,0.9998538494110109,CORRECT_CONFIDENT_AI,AI-GENERATED
MLLM_HYB_GPT-Image2-fake_1,MLLM,GPT Image 2,modern,0.7527879939050771,0.8928671133570214,CORRECT_CONFIDENT_AI,AI-GENERATED
MLLM_HYB_GPT-Image2-fake_10,MLLM,GPT Image 2,modern,0.2270931784172796,0.088488834090975,FALSE_REAL_AI,REAL
MLLM_HYB_GPT-Image2-fake_100,MLLM,GPT Image 2,modern,0.3519261858614088,0.2381850202899369,UNCERTAIN_AI,UNCERTAIN
MLLM_HYB_GPT-Image2-fake_101,MLLM,GPT Image 2,modern,0.2639334761945286,0.1242304774094556,FALSE_REAL_AI,REAL
MLLM_HYB_GPT-Image2-fake_102,MLLM,GPT Image 2,modern,0.0046435383852423,3.64007318341903e-05,FALSE_REAL_AI,REAL
MLLM_HYB_GPT-Image2-fake_103,MLLM,GPT Image 2,modern,0.0033165328082174,1.912902688014814e-05,FALSE_REAL_AI,REAL
MLLM_HYB_GPT-Image2-fake_104,MLLM,GPT Image 2,modern,0.5062689150562344,0.5119354566283755,UNCERTAIN_AI,UNCERTAIN
MLLM_HYB_GPT-Image2-fake_105,MLLM,GPT Image 2,modern,0.5900052420345581,0.6666549182486489,UNCERTAIN_AI,UNCERTAIN
MLLM_HYB_GPT-Image2-fake_106,MLLM,GPT Image 2,modern,0.1752179361062538,0.049749142619668,FALSE_REAL_AI,REAL
MLLM_HYB_GPT-Image2-fake_107,MLLM,GPT Image 2,modern,0.2397146853891675,0.0999409389678476,FALSE_REAL_AI,REAL
MLLM_HYB_GPT-Image2-fake_108,MLLM,GPT Image 2,modern,0.0208732584317203,0.0006567016438887,FALSE_REAL_AI,REAL
MLLM_HYB_GPT-Image2-fake_109,MLLM,GPT Image 2,modern,0.0132251673268816,0.0002714655405442,FALSE_REAL_AI,REAL
MLLM_HYB_GPT-Image2-fake_11,MLLM,GPT Image 2,modern,0.1892794792992206,0.0589671203618625,FALSE_REAL_AI,REAL
MLLM_HYB_GPT-Image2-fake_110,MLLM,GPT Image 2,modern,0.012628413543055,0.0002483370930724,FALSE_REAL_AI,REAL
MLLM_HYB_GPT-Image2-fake_111,MLLM,GPT Image 2,modern,0.7519680269176897,0.8920628150958582,CORRECT_CONFIDENT_AI,AI-GENERATED
MLLM_HYB_GPT-Image2-fake_112,MLLM,GPT Image 2,modern,0.4662628572436941,0.4360136583647989,UNCERTAIN_AI,UNCERTAIN
MLLM_HYB_GPT-Image2-fake_113,MLLM,GPT Image 2,modern,0.8054296680722883,0.9373230511199074,CORRECT_CONFIDENT_AI,AI-GENERATED
MLLM_HYB_GPT-Image2-fake_114,MLLM,GPT Image 2,modern,0.2110688012705422,0.0751154588277853,FALSE_REAL_AI,REAL
MLLM_HYB_GPT-Image2-fake_115,MLLM,GPT Image 2,modern,0.3183637994744589,0.1900555213765811,UNCERTAIN_AI,UNCERTAIN
MLLM_HYB_GPT-Image2-fake_116,MLLM,GPT Image 2,modern,0.2729765693285661,0.1340892779992423,UNCERTAIN_AI,UNCERTAIN
MLLM_HYB_GPT-Image2-fake_117,MLLM,GPT Image 2,modern,0.4543261034325191,0.4136597421738793,UNCERTAIN_AI,UNCERTAIN
MLLM_HYB_GPT-Image2-fake_118,MLLM,GPT Image 2,modern,0.1425905244429856,0.0318000928566854,FALSE_REAL_AI,REAL
MLLM_HYB_GPT-Image2-fake_119,MLLM,GPT Image 2,modern,0.095015798114332,0.0134960984087444,FALSE_REAL_AI,REAL
MLLM_HYB_GPT-Image2-fake_12,MLLM,GPT Image 2,modern,0.0637844483237596,0.0059686429827949,FALSE_REAL_AI,REAL
MLLM_HYB_GPT-Image2-fake_120,MLLM,GPT Image 2,modern,0.8701610787863658,0.9739785417213894,CORRECT_CONFIDENT_AI,AI-GENERATED
MLLM_HYB_GPT-Image2-fake_121,MLLM,GPT Image 2,modern,0.8003576532372287,0.9336404442287928,CORRECT_CONFIDENT_AI,AI-GENERATED
MLLM_HYB_GPT-Image2-fake_122,MLLM,GPT Image 2,modern,0.1658878587969561,0.0441357516366164,FALSE_REAL_AI,REAL
MLLM_HYB_GPT-Image2-fake_123,MLLM,GPT Image 2,modern,0.0049637943277737,4.1354993594397274e-05,FALSE_REAL_AI,REAL
MLLM_HYB_GPT-Image2-fake_124,MLLM,GPT Image 2,modern,0.0054501545686309,4.9457109618476206e-05,FALSE_REAL_AI,REAL
MLLM_HYB_GPT-Image2-fake_125,MLLM,GPT Image 2,modern,0.0573335906436329,0.0048142328602099,FALSE_REAL_AI,REAL
MLLM_HYB_GPT-Image2-fake_126,MLLM,GPT Image 2,modern,0.0157046413473603,0.0003783130042354,FALSE_REAL_AI,REAL
MLLM_HYB_GPT-Image2-fake_127,MLLM,GPT Image 2,modern,0.0768435749624225,0.0087161334778156,FALSE_REAL_AI,REAL
MLLM_HYB_GPT-Image2-fake_128,MLLM,GPT Image 2,modern,0.0363558357822593,0.0019447513697392,FALSE_REAL_AI,REAL
MLLM_HYB_GPT-Image2-fake_129,MLLM,GPT Image 2,modern,0.3086148195368589,0.1771303477077088,UNCERTAIN_AI,UNCERTAIN
MLLM_HYB_GPT-Image2-fake_13,MLLM,GPT Image 2,modern,0.1177279481531427,0.0211396077928434,FALSE_REAL_AI,REAL
MLLM_HYB_GPT-Image2-fake_130,MLLM,GPT Image 2,modern,0.4072843406190133,0.3286158914874825,UNCERTAIN_AI,UNCERTAIN
MLLM_HYB_GPT-Image2-fake_131,MLLM,GPT Image 2,modern,0.2262270109482493,0.0877328161471231,FALSE_REAL_AI,REAL
MLLM_HYB_GPT-Image2-fake_132,MLLM,GPT Image 2,modern,0.4553364003238094,0.4155427673814323,UNCERTAIN_AI,UNCERTAIN
MLLM_HYB_GPT-Image2-fake_133,MLLM,GPT Image 2,modern,0.1272236831957096,0.0249180807069368,FALSE_REAL_AI,REAL
MLLM_HYB_GPT-Image2-fake_134,MLLM,GPT Image 2,modern,0.366640061060994,0.260970215479472,UNCERTAIN_AI,UNCERTAIN
MLLM_HYB_GPT-Image2-fake_135,MLLM,GPT Image 2,modern,0.3708768316706122,0.2677097408353559,UNCERTAIN_AI,UNCERTAIN
MLLM_HYB_GPT-Image2-fake_136,MLLM,GPT Image 2,modern,0.161458138229256,0.0416077759101644,FALSE_REAL_AI,REAL
MLLM_HYB_GPT-Image2-fake_137,MLLM,GPT Image 2,modern,0.4127715479912355,0.3382151235266584,UNCERTAIN_AI,UNCERTAIN
MLLM_HYB_GPT-Image2-fake_138,MLLM,GPT Image 2,modern,0.1611074740364844,0.0414113812482868,FALSE_REAL_AI,REAL
MLLM_HYB_GPT-Image2-fake_139,MLLM,GPT Image 2,modern,0.132018342336679,0.0269619861302955,FALSE_REAL_AI,REAL
MLLM_HYB_GPT-Image2-fake_14,MLLM,GPT Image 2,modern,0.1441184656276936,0.0325376937019264,FALSE_REAL_AI,REAL
MLLM_HYB_GPT-Image2-fake_140,MLLM,GPT Image 2,modern,0.0507895170431214,0.0037760053481852,FALSE_REAL_AI,REAL
MLLM_HYB_GPT-Image2-fake_141,MLLM,GPT Image 2,modern,0.5960673690671227,0.6771979548838475,UNCERTAIN_AI,UNCERTAIN
MLLM_HYB_GPT-Image2-fake_142,MLLM,GPT Image 2,modern,0.395509017833433,0.3083647770252219,UNCERTAIN_AI,UNCERTAIN
MLLM_HYB_GPT-Image2-fake_143,MLLM,GPT Image 2,modern,0.4541930342820425,0.4134118583496747,UNCERTAIN_AI,UNCERTAIN
MLLM_HYB_GPT-Image2-fake_144,MLLM,GPT Image 2,modern,0.4395716980516331,0.3863871055338302,UNCERTAIN_AI,UNCERTAIN
MLLM_HYB_GPT-Image2-fake_145,MLLM,GPT Image 2,modern,0.4738263410701478,0.4502800868913869,UNCERTAIN_AI,UNCERTAIN
MLLM_HYB_GPT-Image2-fake_146,MLLM,GPT Image 2,modern,0.1375924223900395,0.0294553933416694,FALSE_REAL_AI,REAL
MLLM_HYB_GPT-Image2-fake_147,MLLM,GPT Image 2,modern,0.6026614335825174,0.6885213079314622,UNCERTAIN_AI,UNCERTAIN
MLLM_HYB_GPT-Image2-fake_148,MLLM,GPT Image 2,modern,0.294434703835062,0.1592074504712006,UNCERTAIN_AI,UNCERTAIN
MLLM_HYB_GPT-Image2-fake_149,MLLM,GPT Image 2,modern,0.3379229639759447,0.2174348090379002,UNCERTAIN_AI,UNCERTAIN
MLLM_HYB_GPT-Image2-fake_15,MLLM,GPT Image 2,modern,0.117159541037322,0.0209246060887884,FALSE_REAL_AI,REAL
MLLM_HYB_GPT-Image2-fake_150,MLLM,GPT Image 2,modern,0.5931495236523419,0.6721388412237846,UNCERTAIN_AI,UNCERTAIN
MLLM_HYB_GPT-Image2-fake_151,MLLM,GPT Image 2,modern,0.0433834563630829,0.0027587227759739,FALSE_REAL_AI,REAL
MLLM_HYB_GPT-Image2-fake_152,MLLM,GPT Image 2,modern,0.5590652606352431,0.6111128102401552,UNCERTAIN_AI,UNCERTAIN
MLLM_HYB_GPT-Image2-fake_153,MLLM,GPT Image 2,modern,0.389128372877658,0.2976028183124888,UNCERTAIN_AI,UNCERTAIN
MLLM_HYB_GPT-Image2-fake_154,MLLM,GPT Image 2,modern,0.290801710962047,0.1547844831635875,UNCERTAIN_AI,UNCERTAIN
MLLM_HYB_GPT-Image2-fake_155,MLLM,GPT Image 2,modern,0.1359827487543225,0.028722285632185,FALSE_REAL_AI,REAL
MLLM_HYB_GPT-Image2-fake_156,MLLM,GPT Image 2,modern,0.0257435352842111,0.0009880432189587,FALSE_REAL_AI,REAL
MLLM_HYB_GPT-Image2-fake_157,MLLM,GPT Image 2,modern,0.0418308258591166,0.0025663271429137,FALSE_REAL_AI,REAL
MLLM_HYB_GPT-Image2-fake_158,MLLM,GPT Image 2,modern,0.0902805784098775,0.01213985973251,FALSE_REAL_AI,REAL
MLLM_HYB_GPT-Image2-fake_159,MLLM,GPT Image 2,modern,0.0299487031654837,0.001328397412341,FALSE_REAL_AI,REAL
MLLM_HYB_GPT-Image2-fake_16,MLLM,GPT Image 2,modern,0.0221552085948825,0.0007374067752306,FALSE_REAL_AI,REAL
MLLM_HYB_GPT-Image2-fake_160,MLLM,GPT Image 2,modern,0.072003157086952,0.0076325425171797,FALSE_REAL_AI,REAL
MLLM_HYB_GPT-Image2-fake_161,MLLM,GPT Image 2,modern,0.0172357383275393,0.0004529375999681,FALSE_REAL_AI,REAL
MLLM_HYB_GPT-Image2-fake_162,MLLM,GPT Image 2,modern,0.676411433896608,0.8028180755235732,UNCERTAIN_AI,UNCERTAIN
MLLM_HYB_GPT-Image2-fake_163,MLLM,GPT Image 2,modern,0.5110464357394604,0.521025342161131,UNCERTAIN_AI,UNCERTAIN
MLLM_HYB_GPT-Image2-fake_164,MLLM,GPT Image 2,modern,0.4813305621519972,0.4644934912319529,UNCERTAIN_AI,UNCERTAIN
MLLM_HYB_GPT-Image2-fake_165,MLLM,GPT Image 2,modern,0.4110209962422559,0.3351420190599751,UNCERTAIN_AI,UNCERTAIN
MLLM_HYB_GPT-Image2-fake_166,MLLM,GPT Image 2,modern,0.4062178237725074,0.3267617633574319,UNCERTAIN_AI,UNCERTAIN
MLLM_HYB_GPT-Image2-fake_167,MLLM,GPT Image 2,modern,0.5114957291489808,0.5218797336500046,UNCERTAIN_AI,UNCERTAIN
MLLM_HYB_GPT-Image2-fake_168,MLLM,GPT Image 2,modern,0.3401911539234836,0.2207321051320882,UNCERTAIN_AI,UNCERTAIN
MLLM_HYB_GPT-Image2-fake_169,MLLM,GPT Image 2,modern,0.5090937105540769,0.5173109861226769,UNCERTAIN_AI,UNCERTAIN
MLLM_HYB_GPT-Image2-fake_17,MLLM,GPT Image 2,modern,0.1120645623136069,0.0190528333940305,FALSE_REAL_AI,REAL
MLLM_HYB_GPT-Image2-fake_170,MLLM,GPT Image 2,modern,0.4759239472142196,0.4542478880717104,UNCERTAIN_AI,UNCERTAIN
MLLM_HYB_GPT-Image2-fake_171,MLLM,GPT Image 2,modern,0.5779271202569248,0.6452956635388635,UNCERTAIN_AI,UNCERTAIN
MLLM_HYB_GPT-Image2-fake_172,MLLM,GPT Image 2,modern,0.0896386581501842,0.0119621013704932,FALSE_REAL_AI,REAL
MLLM_HYB_GPT-Image2-fake_173,MLLM,GPT Image 2,modern,0.1761920716542342,0.0503581035785662,FALSE_REAL_AI,REAL
MLLM_HYB_GPT-Image2-fake_174,MLLM,GPT Image 2,modern,0.315783037553291,0.1865865927229529,UNCERTAIN_AI,UNCERTAIN
MLLM_HYB_GPT-Image2-fake_175,MLLM,GPT Image 2,modern,0.383266870845014,0.2878550610888756,UNCERTAIN_AI,UNCERTAIN
MLLM_HYB_GPT-Image2-fake_176,MLLM,GPT Image 2,modern,0.6453014834636326,0.7575972443002287,UNCERTAIN_AI,UNCERTAIN
MLLM_HYB_GPT-Image2-fake_177,MLLM,GPT Image 2,modern,0.2411259556037001,0.1012724472285565,FALSE_REAL_AI,REAL
MLLM_HYB_GPT-Image2-fake_178,MLLM,GPT Image 2,modern,0.3247862698986383,0.1988349715985837,UNCERTAIN_AI,UNCERTAIN
MLLM_HYB_GPT-Image2-fake_179,MLLM,GPT Image 2,modern,0.3111694374211564,0.1804700909089412,UNCERTAIN_AI,UNCERTAIN
MLLM_HYB_GPT-Image2-fake_18,MLLM,GPT Image 2,modern,0.3451259482916692,0.2279916030337515,UNCERTAIN_AI,UNCERTAIN
MLLM_HYB_GPT-Image2-fake_180,MLLM,GPT Image 2,modern,0.2492380293893595,0.1091265650113206,FALSE_REAL_AI,REAL
MLLM_HYB_GPT-Image2-fake_181,MLLM,GPT Image 2,modern,0.2762310162753706,0.1377427822847828,UNCERTAIN_AI,UNCERTAIN
MLLM_HYB_GPT-Image2-fake_182,MLLM,GPT Image 2,modern,0.3051353391225338,0.172635712534264,UNCERTAIN_AI,UNCERTAIN
MLLM_HYB_GPT-Image2-fake_183,MLLM,GPT Image 2,modern,0.4830635386101907,0.4677824039351929,UNCERTAIN_AI,UNCERTAIN
MLLM_HYB_GPT-Image2-fake_184,MLLM,GPT Image 2,modern,0.0163348546262272,0.0004082300856585,FALSE_REAL_AI,REAL
MLLM_HYB_GPT-Image2-fake_185,MLLM,GPT Image 2,modern,0.0689095583297759,0.0069804872863492,FALSE_REAL_AI,REAL
MLLM_HYB_GPT-Image2-fake_186,MLLM,GPT Image 2,modern,0.0513201410709632,0.0038552756826716,FALSE_REAL_AI,REAL
MLLM_HYB_GPT-Image2-fake_187,MLLM,GPT Image 2,modern,0.2483300292239177,0.1082304140333285,FALSE_REAL_AI,REAL
MLLM_HYB_GPT-Image2-fake_188,MLLM,GPT Image 2,modern,0.0223300310044382,0.0007487725375109,FALSE_REAL_AI,REAL
MLLM_HYB_GPT-Image2-fake_189,MLLM,GPT Image 2,modern,0.2278199581384912,0.0891261373373854,FALSE_REAL_AI,REAL
MLLM_HYB_GPT-Image2-fake_19,MLLM,GPT Image 2,modern,0.0157700002560157,0.0003813637182214,FALSE_REAL_AI,REAL
MLLM_HYB_GPT-Image2-fake_190,MLLM,GPT Image 2,modern,0.2987780247989507,0.1645858996508039,UNCERTAIN_AI,UNCERTAIN
MLLM_HYB_GPT-Image2-fake_191,MLLM,GPT Image 2,modern,0.3715239020419856,0.2687458764832712,UNCERTAIN_AI,UNCERTAIN
MLLM_HYB_GPT-Image2-fake_192,MLLM,GPT Image 2,modern,0.0104272395987095,0.0001717296490332,FALSE_REAL_AI,REAL
MLLM_HYB_GPT-Image2-fake_193,MLLM,GPT Image 2,modern,0.0089172120852438,0.0001271258020381,FALSE_REAL_AI,REAL
MLLM_HYB_GPT-Image2-fake_194,MLLM,GPT Image 2,modern,0.0710863900785905,0.0074360411676481,FALSE_REAL_AI,REAL
MLLM_HYB_GPT-Image2-fake_195,MLLM,GPT Image 2,modern,0.1726018950005637,0.0481353072883656,FALSE_REAL_AI,REAL
MLLM_HYB_GPT-Image2-fake_196,MLLM,GPT Image 2,modern,0.8767738698453377,0.9767158201221572,CORRECT_CONFIDENT_AI,AI-GENERATED
MLLM_HYB_GPT-Image2-fake_197,MLLM,GPT Image 2,modern,0.466589229544146,0.4366278164193862,UNCERTAIN_AI,UNCERTAIN
MLLM_HYB_GPT-Image2-fake_2,MLLM,GPT Image 2,modern,0.8322639925521763,0.9547836052329052,CORRECT_CONFIDENT_AI,AI-GENERATED
MLLM_HYB_GPT-Image2-fake_20,MLLM,GPT Image 2,modern,0.0353170746578526,0.0018367401291007,FALSE_REAL_AI,REAL
MLLM_HYB_GPT-Image2-fake_21,MLLM,GPT Image 2,modern,0.0449538606223488,0.0029606335866494,FALSE_REAL_AI,REAL
MLLM_HYB_GPT-Image2-fake_22,MLLM,GPT Image 2,modern,0.0156031748938052,0.0003736007487946,FALSE_REAL_AI,REAL
MLLM_HYB_GPT-Image2-fake_23,MLLM,GPT Image 2,modern,0.16646379515088,0.044470866121932,FALSE_REAL_AI,REAL
MLLM_HYB_GPT-Image2-fake_24,MLLM,GPT Image 2,modern,0.5542658541322353,0.602276773085428,UNCERTAIN_AI,UNCERTAIN
MLLM_HYB_GPT-Image2-fake_25,MLLM,GPT Image 2,modern,0.0046693040192645,3.678809462879677e-05,FALSE_REAL_AI,REAL
MLLM_HYB_GPT-Image2-fake_26,MLLM,GPT Image 2,modern,0.0069846054197559,7.954903751605987e-05,FALSE_REAL_AI,REAL
MLLM_HYB_GPT-Image2-fake_27,MLLM,GPT Image 2,modern,0.0029165837351284,1.4965502299490272e-05,FALSE_REAL_AI,REAL
MLLM_HYB_GPT-Image2-fake_28,MLLM,GPT Image 2,modern,0.8435808673530611,0.961162364538496,CORRECT_CONFIDENT_AI,AI-GENERATED
MLLM_HYB_GPT-Image2-fake_29,MLLM,GPT Image 2,modern,0.5969833532817856,0.6787800845457134,UNCERTAIN_AI,UNCERTAIN
MLLM_HYB_GPT-Image2-fake_3,MLLM,GPT Image 2,modern,0.6277491324807428,0.7300879161401106,UNCERTAIN_AI,UNCERTAIN
MLLM_HYB_GPT-Image2-fake_30,MLLM,GPT Image 2,modern,0.7310965866232922,0.8704046296982301,UNCERTAIN_AI,UNCERTAIN
MLLM_HYB_GPT-Image2-fake_31,MLLM,GPT Image 2,modern,0.0181617019117042,0.000501270783455,FALSE_REAL_AI,REAL
MLLM_HYB_GPT-Image2-fake_32,MLLM,GPT Image 2,modern,0.0308279772486115,0.0014059632553346,FALSE_REAL_AI,REAL
MLLM_HYB_GPT-Image2-fake_33,MLLM,GPT Image 2,modern,0.0930548696213466,0.0129248097662416,FALSE_REAL_AI,REAL
MLLM_HYB_GPT-Image2-fake_34,MLLM,GPT Image 2,modern,0.5419821880564729,0.5794509854730133,UNCERTAIN_AI,UNCERTAIN
MLLM_HYB_GPT-Image2-fake_35,MLLM,GPT Image 2,modern,0.333292935685441,0.210781972236825,UNCERTAIN_AI,UNCERTAIN
MLLM_HYB_GPT-Image2-fake_36,MLLM,GPT Image 2,modern,0.0993553286873522,0.0148093765861498,FALSE_REAL_AI,REAL
MLLM_HYB_GPT-Image2-fake_37,MLLM,GPT Image 2,modern,0.4486270787495055,0.4030729313166432,UNCERTAIN_AI,UNCERTAIN
MLLM_HYB_GPT-Image2-fake_38,MLLM,GPT Image 2,modern,0.1581956849508265,0.0398015465913954,FALSE_REAL_AI,REAL
MLLM_HYB_GPT-Image2-fake_39,MLLM,GPT Image 2,modern,0.7713875972379486,0.91017591052168,CORRECT_CONFIDENT_AI,AI-GENERATED
MLLM_HYB_GPT-Image2-fake_4,MLLM,GPT Image 2,modern,0.1189023491719309,0.0215877898060508,FALSE_REAL_AI,REAL
MLLM_HYB_GPT-Image2-fake_40,MLLM,GPT Image 2,modern,0.2061145568824238,0.0712403412806938,FALSE_REAL_AI,REAL
MLLM_HYB_GPT-Image2-fake_41,MLLM,GPT Image 2,modern,0.036437584375361,0.0019533852400428,FALSE_REAL_AI,REAL
MLLM_HYB_GPT-Image2-fake_42,MLLM,GPT Image 2,modern,0.0254294548492414,0.0009646464039752,FALSE_REAL_AI,REAL
MLLM_HYB_GPT-Image2-fake_43,MLLM,GPT Image 2,modern,0.2369195633512397,0.0973341815957014,FALSE_REAL_AI,REAL
MLLM_HYB_GPT-Image2-fake_44,MLLM,GPT Image 2,modern,0.2306423450227788,0.0916266030464819,FALSE_REAL_AI,REAL
MLLM_HYB_GPT-Image2-fake_45,MLLM,GPT Image 2,modern,0.0936234075214234,0.0130890355558674,FALSE_REAL_AI,REAL
MLLM_HYB_GPT-Image2-fake_46,MLLM,GPT Image 2,modern,0.056069680680785,0.0046033780518666,FALSE_REAL_AI,REAL
MLLM_HYB_GPT-Image2-fake_47,MLLM,GPT Image 2,modern,0.0407440431701335,0.0024359156530348,FALSE_REAL_AI,REAL
MLLM_HYB_GPT-Image2-fake_48,MLLM,GPT Image 2,modern,0.038433222569972,0.0021702182850848,FALSE_REAL_AI,REAL
MLLM_HYB_GPT-Image2-fake_49,MLLM,GPT Image 2,modern,0.0128668132487517,0.0002574562300805,FALSE_REAL_AI,REAL
MLLM_HYB_GPT-Image2-fake_5,MLLM,GPT Image 2,modern,0.0573622897769777,0.0048190785389519,FALSE_REAL_AI,REAL
MLLM_HYB_GPT-Image2-fake_50,MLLM,GPT Image 2,modern,0.1166168601230992,0.0207204993931639,FALSE_REAL_AI,REAL
MLLM_HYB_GPT-Image2-fake_51,MLLM,GPT Image 2,modern,0.0205304568572463,0.0006359069041677,FALSE_REAL_AI,REAL
MLLM_HYB_GPT-Image2-fake_52,MLLM,GPT Image 2,modern,0.2578004971367215,0.1177892884621788,FALSE_REAL_AI,REAL
MLLM_HYB_GPT-Image2-fake_53,MLLM,GPT Image 2,modern,0.1530999620075555,0.0370735958281268,FALSE_REAL_AI,REAL
MLLM_HYB_GPT-Image2-fake_54,MLLM,GPT Image 2,modern,0.2385034109436689,0.0988063387778097,FALSE_REAL_AI,REAL
MLLM_HYB_GPT-Image2-fake_55,MLLM,GPT Image 2,modern,0.257390584862099,0.117365821977406,FALSE_REAL_AI,REAL
MLLM_HYB_GPT-Image2-fake_56,MLLM,GPT Image 2,modern,0.6972964886140168,0.8304683630475437,UNCERTAIN_AI,UNCERTAIN
MLLM_HYB_GPT-Image2-fake_57,MLLM,GPT Image 2,modern,0.1250131011634884,0.0240067292036218,FALSE_REAL_AI,REAL
MLLM_HYB_GPT-Image2-fake_58,MLLM,GPT Image 2,modern,0.0506064715659841,0.0037488596862299,FALSE_REAL_AI,REAL
MLLM_HYB_GPT-Image2-fake_59,MLLM,GPT Image 2,modern,0.0412495593405278,0.0024961412272155,FALSE_REAL_AI,REAL
MLLM_HYB_GPT-Image2-fake_6,MLLM,GPT Image 2,modern,0.0968572864971374,0.0140451063441735,FALSE_REAL_AI,REAL
MLLM_HYB_GPT-Image2-fake_60,MLLM,GPT Image 2,modern,0.3591803345118468,0.2492959975456324,UNCERTAIN_AI,UNCERTAIN
MLLM_HYB_GPT-Image2-fake_61,MLLM,GPT Image 2,modern,0.1545590533350257,0.037843165488863,FALSE_REAL_AI,REAL
MLLM_HYB_GPT-Image2-fake_62,MLLM,GPT Image 2,modern,0.1766700062884007,0.0506584709632457,FALSE_REAL_AI,REAL
MLLM_HYB_GPT-Image2-fake_63,MLLM,GPT Image 2,modern,0.1492268525863287,0.0350753358033859,FALSE_REAL_AI,REAL
MLLM_HYB_GPT-Image2-fake_64,MLLM,GPT Image 2,modern,0.1056354208269024,0.0168312813902583,FALSE_REAL_AI,REAL
MLLM_HYB_GPT-Image2-fake_65,MLLM,GPT Image 2,modern,0.0119616233239614,0.0002236836455317,FALSE_REAL_AI,REAL
MLLM_HYB_GPT-Image2-fake_66,MLLM,GPT Image 2,modern,0.0885229914294722,0.0116565919107195,FALSE_REAL_AI,REAL
MLLM_HYB_GPT-Image2-fake_67,MLLM,GPT Image 2,modern,0.460656429811954,0.4254869224456968,UNCERTAIN_AI,UNCERTAIN
MLLM_HYB_GPT-Image2-fake_68,MLLM,GPT Image 2,modern,0.1388051745373724,0.0300147858631867,FALSE_REAL_AI,REAL
MLLM_HYB_GPT-Image2-fake_69,MLLM,GPT Image 2,modern,0.0475567291429374,0.0033115867354883,FALSE_REAL_AI,REAL
MLLM_HYB_GPT-Image2-fake_7,MLLM,GPT Image 2,modern,0.0077884850166695,9.803590803167148e-05,FALSE_REAL_AI,REAL
MLLM_HYB_GPT-Image2-fake_70,MLLM,GPT Image 2,modern,0.5282890706359457,0.5537167647273469,UNCERTAIN_AI,UNCERTAIN
MLLM_HYB_GPT-Image2-fake_71,MLLM,GPT Image 2,modern,0.0720750731599052,0.0076480740462289,FALSE_REAL_AI,REAL
MLLM_HYB_GPT-Image2-fake_72,MLLM,GPT Image 2,modern,0.0539314805260914,0.0042579720027545,FALSE_REAL_AI,REAL
MLLM_HYB_GPT-Image2-fake_73,MLLM,GPT Image 2,modern,0.5110603329531442,0.5210517709245969,UNCERTAIN_AI,UNCERTAIN
MLLM_HYB_GPT-Image2-fake_74,MLLM,GPT Image 2,modern,0.3703347142861561,0.2668430476969272,UNCERTAIN_AI,UNCERTAIN
MLLM_HYB_GPT-Image2-fake_75,MLLM,GPT Image 2,modern,0.3274862222940948,0.2025877988212605,UNCERTAIN_AI,UNCERTAIN
MLLM_HYB_GPT-Image2-fake_76,MLLM,GPT Image 2,modern,0.0978711974116512,0.0143525910006949,FALSE_REAL_AI,REAL
MLLM_HYB_GPT-Image2-fake_77,MLLM,GPT Image 2,modern,0.0113508053140599,0.0002022026925419,FALSE_REAL_AI,REAL
MLLM_HYB_GPT-Image2-fake_78,MLLM,GPT Image 2,modern,0.0594519179218694,0.0051788332077775,FALSE_REAL_AI,REAL
MLLM_HYB_GPT-Image2-fake_79,MLLM,GPT Image 2,modern,0.8088167380971388,0.9397133802265618,CORRECT_CONFIDENT_AI,AI-GENERATED
MLLM_HYB_GPT-Image2-fake_8,MLLM,GPT Image 2,modern,0.0133537750420116,0.0002765816001497,FALSE_REAL_AI,REAL
MLLM_HYB_GPT-Image2-fake_80,MLLM,GPT Image 2,modern,0.5503110689982149,0.5949592226300515,UNCERTAIN_AI,UNCERTAIN
MLLM_HYB_GPT-Image2-fake_81,MLLM,GPT Image 2,modern,0.725541050807418,0.8642535009161358,UNCERTAIN_AI,UNCERTAIN
MLLM_HYB_GPT-Image2-fake_82,MLLM,GPT Image 2,modern,0.4936628024048183,0.4879345758485595,UNCERTAIN_AI,UNCERTAIN
MLLM_HYB_GPT-Image2-fake_83,MLLM,GPT Image 2,modern,0.5134814318191936,0.5256546534427302,UNCERTAIN_AI,UNCERTAIN
MLLM_HYB_GPT-Image2-fake_84,MLLM,GPT Image 2,modern,0.6634309724674188,0.7845215004549981,UNCERTAIN_AI,UNCERTAIN
MLLM_HYB_GPT-Image2-fake_85,MLLM,GPT Image 2,modern,0.1614355256735468,0.0415950950009741,FALSE_REAL_AI,REAL
MLLM_HYB_GPT-Image2-fake_86,MLLM,GPT Image 2,modern,0.0327470980865835,0.0015829907946096,FALSE_REAL_AI,REAL
MLLM_HYB_GPT-Image2-fake_87,MLLM,GPT Image 2,modern,0.0642132575532313,0.0060500621884107,FALSE_REAL_AI,REAL
MLLM_HYB_GPT-Image2-fake_88,MLLM,GPT Image 2,modern,0.4311696882145845,0.3710746976158948,UNCERTAIN_AI,UNCERTAIN
MLLM_HYB_GPT-Image2-fake_89,MLLM,GPT Image 2,modern,0.1587263721365149,0.0400921660503182,FALSE_REAL_AI,REAL
MLLM_HYB_GPT-Image2-fake_9,MLLM,GPT Image 2,modern,0.0196876031821504,0.0005861879636778,FALSE_REAL_AI,REAL
MLLM_HYB_GPT-Image2-fake_90,MLLM,GPT Image 2,modern,0.3841218285257073,0.289268395406369,UNCERTAIN_AI,UNCERTAIN
MLLM_HYB_GPT-Image2-fake_91,MLLM,GPT Image 2,modern,0.4888130227070094,0.4787073895408505,UNCERTAIN_AI,UNCERTAIN
MLLM_HYB_GPT-Image2-fake_92,MLLM,GPT Image 2,modern,0.4781711191881064,0.4585032667806342,UNCERTAIN_AI,UNCERTAIN
MLLM_HYB_GPT-Image2-fake_93,MLLM,GPT Image 2,modern,0.2828573112202143,0.1453542013001055,UNCERTAIN_AI,UNCERTAIN
MLLM_HYB_GPT-Image2-fake_94,MLLM,GPT Image 2,modern,0.0956855034096052,0.013694352338589,FALSE_REAL_AI,REAL
MLLM_HYB_GPT-Image2-fake_95,MLLM,GPT Image 2,modern,0.137042246465728,0.0292036221313791,FALSE_REAL_AI,REAL
MLLM_HYB_GPT-Image2-fake_96,MLLM,GPT Image 2,modern,0.3460862354400771,0.2294178074056591,UNCERTAIN_AI,UNCERTAIN
MLLM_HYB_GPT-Image2-fake_97,MLLM,GPT Image 2,modern,0.7045244699451568,0.839512655374733,UNCERTAIN_AI,UNCERTAIN
MLLM_HYB_GPT-Image2-fake_98,MLLM,GPT Image 2,modern,0.226003092214446,0.0875379937648664,FALSE_REAL_AI,REAL
MLLM_HYB_GPT-Image2-fake_99,MLLM,GPT Image 2,modern,0.5318725842120159,0.5604757986009242,UNCERTAIN_AI,UNCERTAIN
MLLM_STR_GPT-Image2-fake_1,MLLM,GPT Image 2,modern,0.1902564558697061,0.0596421022103158,FALSE_REAL_AI,REAL
MLLM_STR_GPT-Image2-fake_10,MLLM,GPT Image 2,modern,0.1721201039175749,0.0478414999098807,FALSE_REAL_AI,REAL
MLLM_STR_GPT-Image2-fake_100,MLLM,GPT Image 2,modern,0.1086712628682666,0.0178609718282807,FALSE_REAL_AI,REAL
MLLM_STR_GPT-Image2-fake_101,MLLM,GPT Image 2,modern,0.1335337474481597,0.0276272992172528,FALSE_REAL_AI,REAL
MLLM_STR_GPT-Image2-fake_102,MLLM,GPT Image 2,modern,0.1286350669347577,0.0255101422901356,FALSE_REAL_AI,REAL
MLLM_STR_GPT-Image2-fake_103,MLLM,GPT Image 2,modern,0.1091454972434162,0.0180249341500585,FALSE_REAL_AI,REAL
MLLM_STR_GPT-Image2-fake_104,MLLM,GPT Image 2,modern,0.0863605192841738,0.0110767975338607,FALSE_REAL_AI,REAL
MLLM_STR_GPT-Image2-fake_105,MLLM,GPT Image 2,modern,0.1687757490486181,0.0458311041633318,FALSE_REAL_AI,REAL
MLLM_STR_GPT-Image2-fake_106,MLLM,GPT Image 2,modern,0.2802926384282831,0.1423807863676822,UNCERTAIN_AI,UNCERTAIN
MLLM_STR_GPT-Image2-fake_107,MLLM,GPT Image 2,modern,0.1534150156012055,0.0372389843464429,FALSE_REAL_AI,REAL
MLLM_STR_GPT-Image2-fake_108,MLLM,GPT Image 2,modern,0.1375913526657737,0.0294549026039831,FALSE_REAL_AI,REAL
MLLM_STR_GPT-Image2-fake_109,MLLM,GPT Image 2,modern,0.1729204463381822,0.0483301485450255,FALSE_REAL_AI,REAL
MLLM_STR_GPT-Image2-fake_11,MLLM,GPT Image 2,modern,0.0956847233455941,0.0136941204806432,FALSE_REAL_AI,REAL
MLLM_STR_GPT-Image2-fake_110,MLLM,GPT Image 2,modern,0.0653326884104669,0.0062653883004292,FALSE_REAL_AI,REAL
MLLM_STR_GPT-Image2-fake_111,MLLM,GPT Image 2,modern,0.0475524871691605,0.0033109981646116,FALSE_REAL_AI,REAL
MLLM_STR_GPT-Image2-fake_112,MLLM,GPT Image 2,modern,0.0521452413897341,0.0039802505614438,FALSE_REAL_AI,REAL
MLLM_STR_GPT-Image2-fake_113,MLLM,GPT Image 2,modern,0.0605765948465941,0.0053781437162023,FALSE_REAL_AI,REAL
MLLM_STR_GPT-Image2-fake_114,MLLM,GPT Image 2,modern,0.097191991274286,0.0141462011727481,FALSE_REAL_AI,REAL
MLLM_STR_GPT-Image2-fake_115,MLLM,GPT Image 2,modern,0.0840953833095863,0.0104868594389086,FALSE_REAL_AI,REAL
MLLM_STR_GPT-Image2-fake_116,MLLM,GPT Image 2,modern,0.1830872797846513,0.0547939755584411,FALSE_REAL_AI,REAL
MLLM_STR_GPT-Image2-fake_117,MLLM,GPT Image 2,modern,0.3090648841302705,0.1777162916298914,UNCERTAIN_AI,UNCERTAIN
MLLM_STR_GPT-Image2-fake_118,MLLM,GPT Image 2,modern,0.1411399376753043,0.0311088866023006,FALSE_REAL_AI,REAL
MLLM_STR_GPT-Image2-fake_119,MLLM,GPT Image 2,modern,0.0998694332331554,0.0149694704279875,FALSE_REAL_AI,REAL
MLLM_STR_GPT-Image2-fake_12,MLLM,GPT Image 2,modern,0.1551858832873772,0.0381766108662013,FALSE_REAL_AI,REAL
MLLM_STR_GPT-Image2-fake_120,MLLM,GPT Image 2,modern,0.0555874380052451,0.0045242378291066,FALSE_REAL_AI,REAL
MLLM_STR_GPT-Image2-fake_121,MLLM,GPT Image 2,modern,0.0566961960970329,0.0047072754367927,FALSE_REAL_AI,REAL
MLLM_STR_GPT-Image2-fake_122,MLLM,GPT Image 2,modern,0.1155557386963958,0.0203246803001044,FALSE_REAL_AI,REAL
MLLM_STR_GPT-Image2-fake_123,MLLM,GPT Image 2,modern,0.0879217553205984,0.0114937562861303,FALSE_REAL_AI,REAL
MLLM_STR_GPT-Image2-fake_124,MLLM,GPT Image 2,modern,0.1265525242473644,0.0246393279522547,FALSE_REAL_AI,REAL
MLLM_STR_GPT-Image2-fake_125,MLLM,GPT Image 2,modern,0.1395078299303366,0.0303416772488847,FALSE_REAL_AI,REAL
MLLM_STR_GPT-Image2-fake_126,MLLM,GPT Image 2,modern,0.2330443137433569,0.0937866996937858,FALSE_REAL_AI,REAL
MLLM_STR_GPT-Image2-fake_127,MLLM,GPT Image 2,modern,0.1161832641402911,0.0205582361867373,FALSE_REAL_AI,REAL
MLLM_STR_GPT-Image2-fake_128,MLLM,GPT Image 2,modern,0.2537066890097738,0.1135996604203258,FALSE_REAL_AI,REAL
MLLM_STR_GPT-Image2-fake_129,MLLM,GPT Image 2,modern,0.1698701580899742,0.0464834068426209,FALSE_REAL_AI,REAL
MLLM_STR_GPT-Image2-fake_13,MLLM,GPT Image 2,modern,0.3836248896521796,0.288446547416562,UNCERTAIN_AI,UNCERTAIN
MLLM_STR_GPT-Image2-fake_130,MLLM,GPT Image 2,modern,0.6316793726683668,0.7363657979315386,UNCERTAIN_AI,UNCERTAIN
MLLM_STR_GPT-Image2-fake_131,MLLM,GPT Image 2,modern,0.0400844105036309,0.0023584655015401,FALSE_REAL_AI,REAL
MLLM_STR_GPT-Image2-fake_132,MLLM,GPT Image 2,modern,0.4809774758009504,0.4638236569426214,UNCERTAIN_AI,UNCERTAIN
MLLM_STR_GPT-Image2-fake_133,MLLM,GPT Image 2,modern,0.1940746558667934,0.0623237066934761,FALSE_REAL_AI,REAL
MLLM_STR_GPT-Image2-fake_134,MLLM,GPT Image 2,modern,0.1000041769424862,0.0150115889966479,FALSE_REAL_AI,REAL
MLLM_STR_GPT-Image2-fake_135,MLLM,GPT Image 2,modern,0.160245080612212,0.040930697204382,FALSE_REAL_AI,REAL
MLLM_STR_GPT-Image2-fake_136,MLLM,GPT Image 2,modern,0.1067241316815983,0.0171965952885002,FALSE_REAL_AI,REAL
MLLM_STR_GPT-Image2-fake_137,MLLM,GPT Image 2,modern,0.0565265483218231,0.0046790213978481,FALSE_REAL_AI,REAL
MLLM_STR_GPT-Image2-fake_138,MLLM,GPT Image 2,modern,0.0019291953143103,6.79955659684198e-06,FALSE_REAL_AI,REAL
MLLM_STR_GPT-Image2-fake_139,MLLM,GPT Image 2,modern,0.0760532828734949,0.008533891022818,FALSE_REAL_AI,REAL
MLLM_STR_GPT-Image2-fake_14,MLLM,GPT Image 2,modern,0.1406731110836162,0.0308883119967325,FALSE_REAL_AI,REAL
MLLM_STR_GPT-Image2-fake_140,MLLM,GPT Image 2,modern,0.0276998178004261,0.0011400958386281,FALSE_REAL_AI,REAL
MLLM_STR_GPT-Image2-fake_141,MLLM,GPT Image 2,modern,0.2061978531804195,0.0713044933176791,FALSE_REAL_AI,REAL
MLLM_STR_GPT-Image2-fake_142,MLLM,GPT Image 2,modern,0.1908275774352563,0.0600387865381526,FALSE_REAL_AI,REAL
MLLM_STR_GPT-Image2-fake_143,MLLM,GPT Image 2,modern,0.1650924598473864,0.04367538370179,FALSE_REAL_AI,REAL
MLLM_STR_GPT-Image2-fake_144,MLLM,GPT Image 2,modern,0.0561782065065029,0.0046212877737853,FALSE_REAL_AI,REAL
MLLM_STR_GPT-Image2-fake_145,MLLM,GPT Image 2,modern,0.1533649680624955,0.0372126830258671,FALSE_REAL_AI,REAL
MLLM_STR_GPT-Image2-fake_146,MLLM,GPT Image 2,modern,0.0736071957112107,0.0079830160653248,FALSE_REAL_AI,REAL
MLLM_STR_GPT-Image2-fake_147,MLLM,GPT Image 2,modern,0.4884266183899869,0.4779726091061828,UNCERTAIN_AI,UNCERTAIN
MLLM_STR_GPT-Image2-fake_148,MLLM,GPT Image 2,modern,0.1276458012977955,0.0250943200138101,FALSE_REAL_AI,REAL
MLLM_STR_GPT-Image2-fake_149,MLLM,GPT Image 2,modern,0.2492676211520716,0.1091558429877262,FALSE_REAL_AI,REAL
MLLM_STR_GPT-Image2-fake_15,MLLM,GPT Image 2,modern,0.1305290539881738,0.0263172095302007,FALSE_REAL_AI,REAL
MLLM_STR_GPT-Image2-fake_150,MLLM,GPT Image 2,modern,0.0480207846195187,0.003376302696979,FALSE_REAL_AI,REAL
MLLM_STR_GPT-Image2-fake_151,MLLM,GPT Image 2,modern,0.2147670925582197,0.07808753602311,FALSE_REAL_AI,REAL
MLLM_STR_GPT-Image2-fake_152,MLLM,GPT Image 2,modern,0.2368444417734393,0.0972646789486988,FALSE_REAL_AI,REAL
MLLM_STR_GPT-Image2-fake_153,MLLM,GPT Image 2,modern,0.1969637947083623,0.0643992755151134,FALSE_REAL_AI,REAL
MLLM_STR_GPT-Image2-fake_154,MLLM,GPT Image 2,modern,0.3338359162236165,0.2115567321000322,UNCERTAIN_AI,UNCERTAIN
MLLM_STR_GPT-Image2-fake_155,MLLM,GPT Image 2,modern,0.2445650935946693,0.1045604454296695,FALSE_REAL_AI,REAL
MLLM_STR_GPT-Image2-fake_156,MLLM,GPT Image 2,modern,0.0175046593733874,0.0004667259306984,FALSE_REAL_AI,REAL
MLLM_STR_GPT-Image2-fake_157,MLLM,GPT Image 2,modern,0.1078955782253796,0.0175946033543985,FALSE_REAL_AI,REAL
MLLM_STR_GPT-Image2-fake_158,MLLM,GPT Image 2,modern,0.0238825664082998,0.0008535022005196,FALSE_REAL_AI,REAL
MLLM_STR_GPT-Image2-fake_159,MLLM,GPT Image 2,modern,0.0512170347846326,0.0038398051426949,FALSE_REAL_AI,REAL
MLLM_STR_GPT-Image2-fake_16,MLLM,GPT Image 2,modern,0.2048992893986935,0.0703082601918815,FALSE_REAL_AI,REAL
MLLM_STR_GPT-Image2-fake_160,MLLM,GPT Image 2,modern,0.090558181163799,0.0122171810626588,FALSE_REAL_AI,REAL
MLLM_STR_GPT-Image2-fake_161,MLLM,GPT Image 2,modern,0.1738798613691355,0.0489197723381717,FALSE_REAL_AI,REAL
MLLM_STR_GPT-Image2-fake_162,MLLM,GPT Image 2,modern,0.1183678339576845,0.0213831420226245,FALSE_REAL_AI,REAL
MLLM_STR_GPT-Image2-fake_163,MLLM,GPT Image 2,modern,0.490774371836847,0.4824380411865311,UNCERTAIN_AI,UNCERTAIN
MLLM_STR_GPT-Image2-fake_164,MLLM,GPT Image 2,modern,0.1033359507058826,0.0160741384879836,FALSE_REAL_AI,REAL
MLLM_STR_GPT-Image2-fake_165,MLLM,GPT Image 2,modern,0.0518664107718208,0.0039377836550517,FALSE_REAL_AI,REAL
MLLM_STR_GPT-Image2-fake_166,MLLM,GPT Image 2,modern,0.0282468186679478,0.001184564828593,FALSE_REAL_AI,REAL
MLLM_STR_GPT-Image2-fake_167,MLLM,GPT Image 2,modern,0.0461944784197956,0.0031253670066109,FALSE_REAL_AI,REAL
MLLM_STR_GPT-Image2-fake_168,MLLM,GPT Image 2,modern,0.42610884222147,0.3619390715294429,UNCERTAIN_AI,UNCERTAIN
MLLM_STR_GPT-Image2-fake_169,MLLM,GPT Image 2,modern,0.3939924418066666,0.3057929272222738,UNCERTAIN_AI,UNCERTAIN
MLLM_STR_GPT-Image2-fake_17,MLLM,GPT Image 2,modern,0.1791465514338943,0.0522317894977806,FALSE_REAL_AI,REAL
MLLM_STR_GPT-Image2-fake_170,MLLM,GPT Image 2,modern,0.3334357495354517,0.2109856075950928,UNCERTAIN_AI,UNCERTAIN
MLLM_STR_GPT-Image2-fake_171,MLLM,GPT Image 2,modern,0.244190076837423,0.1041989269698667,FALSE_REAL_AI,REAL
MLLM_STR_GPT-Image2-fake_172,MLLM,GPT Image 2,modern,0.2743128540229431,0.1355826577402814,UNCERTAIN_AI,UNCERTAIN
MLLM_STR_GPT-Image2-fake_173,MLLM,GPT Image 2,modern,0.2501817370527602,0.1100625173083168,FALSE_REAL_AI,REAL
MLLM_STR_GPT-Image2-fake_174,MLLM,GPT Image 2,modern,0.0652093329556742,0.0062414632999417,FALSE_REAL_AI,REAL
MLLM_STR_GPT-Image2-fake_175,MLLM,GPT Image 2,modern,0.1195547910046983,0.0218390916058334,FALSE_REAL_AI,REAL
MLLM_STR_GPT-Image2-fake_176,MLLM,GPT Image 2,modern,0.0507792321859277,0.0037744773890686,FALSE_REAL_AI,REAL
MLLM_STR_GPT-Image2-fake_177,MLLM,GPT Image 2,modern,0.0025972225004343,1.1992881004610253e-05,FALSE_REAL_AI,REAL
MLLM_STR_GPT-Image2-fake_178,MLLM,GPT Image 2,modern,0.0262645370079059,0.0010274730456773,FALSE_REAL_AI,REAL
MLLM_STR_GPT-Image2-fake_179,MLLM,GPT Image 2,modern,0.0153664681176968,0.0003627204063253,FALSE_REAL_AI,REAL
MLLM_STR_GPT-Image2-fake_18,MLLM,GPT Image 2,modern,0.490199276612962,0.4813440011164265,UNCERTAIN_AI,UNCERTAIN
MLLM_STR_GPT-Image2-fake_180,MLLM,GPT Image 2,modern,0.0278961105767696,0.0011559553118309,FALSE_REAL_AI,REAL
MLLM_STR_GPT-Image2-fake_181,MLLM,GPT Image 2,modern,0.1490113643953956,0.0349660483612046,FALSE_REAL_AI,REAL
MLLM_STR_GPT-Image2-fake_182,MLLM,GPT Image 2,modern,0.1042485201401441,0.0163722800935498,FALSE_REAL_AI,REAL
MLLM_STR_GPT-Image2-fake_183,MLLM,GPT Image 2,modern,0.0656497838155087,0.0063271140108508,FALSE_REAL_AI,REAL
MLLM_STR_GPT-Image2-fake_184,MLLM,GPT Image 2,modern,0.1032597999641482,0.016049398351856,FALSE_REAL_AI,REAL
MLLM_STR_GPT-Image2-fake_185,MLLM,GPT Image 2,modern,0.134452125171536,0.0280350469327702,FALSE_REAL_AI,REAL
MLLM_STR_GPT-Image2-fake_186,MLLM,GPT Image 2,modern,0.1842722503212199,0.0555786035415685,FALSE_REAL_AI,REAL
MLLM_STR_GPT-Image2-fake_187,MLLM,GPT Image 2,modern,0.4144684192957586,0.3412033643926946,UNCERTAIN_AI,UNCERTAIN
MLLM_STR_GPT-Image2-fake_188,MLLM,GPT Image 2,modern,0.3089798787465522,0.1776055421377173,UNCERTAIN_AI,UNCERTAIN
MLLM_STR_GPT-Image2-fake_189,MLLM,GPT Image 2,modern,0.1406887772868373,0.0308956995176979,FALSE_REAL_AI,REAL
MLLM_STR_GPT-Image2-fake_19,MLLM,GPT Image 2,modern,0.1110005082453015,0.0186744167978107,FALSE_REAL_AI,REAL
MLLM_STR_GPT-Image2-fake_190,MLLM,GPT Image 2,modern,0.082612753039718,0.0101102817333945,FALSE_REAL_AI,REAL
MLLM_STR_GPT-Image2-fake_191,MLLM,GPT Image 2,modern,0.0862442719510559,0.0110460899974045,FALSE_REAL_AI,REAL
MLLM_STR_GPT-Image2-fake_192,MLLM,GPT Image 2,modern,0.1258656037798666,0.0243558867359248,FALSE_REAL_AI,REAL
MLLM_STR_GPT-Image2-fake_193,MLLM,GPT Image 2,modern,0.1352325502451797,0.0283842532025215,FALSE_REAL_AI,REAL
MLLM_STR_GPT-Image2-fake_194,MLLM,GPT Image 2,modern,0.1493914853031969,0.0351589650174683,FALSE_REAL_AI,REAL
MLLM_STR_GPT-Image2-fake_195,MLLM,GPT Image 2,modern,0.1947594376003757,0.0628120254916947,FALSE_REAL_AI,REAL
MLLM_STR_GPT-Image2-fake_196,MLLM,GPT Image 2,modern,0.4494032835553039,0.4045111911082351,UNCERTAIN_AI,UNCERTAIN
MLLM_STR_GPT-Image2-fake_197,MLLM,GPT Image 2,modern,0.3794703835475112,0.2816147146831428,UNCERTAIN_AI,UNCERTAIN
MLLM_STR_GPT-Image2-fake_198,MLLM,GPT Image 2,modern,0.2306348354926621,0.0916198960435506,FALSE_REAL_AI,REAL
MLLM_STR_GPT-Image2-fake_199,MLLM,GPT Image 2,modern,0.2738447808257152,0.1350584857644271,UNCERTAIN_AI,UNCERTAIN
MLLM_STR_GPT-Image2-fake_2,MLLM,GPT Image 2,modern,0.1055183210443082,0.0167922512104498,FALSE_REAL_AI,REAL
MLLM_STR_GPT-Image2-fake_20,MLLM,GPT Image 2,modern,0.1312693708530122,0.0266366031611672,FALSE_REAL_AI,REAL
MLLM_STR_GPT-Image2-fake_200,MLLM,GPT Image 2,modern,0.157080667446767,0.0391949536321846,FALSE_REAL_AI,REAL
MLLM_STR_GPT-Image2-fake_201,MLLM,GPT Image 2,modern,0.01355975430951,0.0002848727052923,FALSE_REAL_AI,REAL
MLLM_STR_GPT-Image2-fake_202,MLLM,GPT Image 2,modern,0.0046044961919875,3.581751720418131e-05,FALSE_REAL_AI,REAL
MLLM_STR_GPT-Image2-fake_203,MLLM,GPT Image 2,modern,0.0453499737291414,0.0030127286585201,FALSE_REAL_AI,REAL
MLLM_STR_GPT-Image2-fake_204,MLLM,GPT Image 2,modern,0.0510721534960978,0.003818121453858,FALSE_REAL_AI,REAL
MLLM_STR_GPT-Image2-fake_205,MLLM,GPT Image 2,modern,0.0934252280951381,0.0130316597155781,FALSE_REAL_AI,REAL
MLLM_STR_GPT-Image2-fake_206,MLLM,GPT Image 2,modern,0.1621207469328028,0.0419803661922305,FALSE_REAL_AI,REAL
MLLM_STR_GPT-Image2-fake_207,MLLM,GPT Image 2,modern,0.2122703959155636,0.0760736367496108,FALSE_REAL_AI,REAL
MLLM_STR_GPT-Image2-fake_208,MLLM,GPT Image 2,modern,0.1768671522667869,0.0507826777656004,FALSE_REAL_AI,REAL
MLLM_STR_GPT-Image2-fake_209,MLLM,GPT Image 2,modern,0.0572824530029995,0.0048056049509664,FALSE_REAL_AI,REAL
MLLM_STR_GPT-Image2-fake_21,MLLM,GPT Image 2,modern,0.1574500885134271,0.0393953233940687,FALSE_REAL_AI,REAL
MLLM_STR_GPT-Image2-fake_210,MLLM,GPT Image 2,modern,0.1489715167507071,0.0349458608812957,FALSE_REAL_AI,REAL
MLLM_STR_GPT-Image2-fake_211,MLLM,GPT Image 2,modern,0.1627161417326804,0.0423168223089662,FALSE_REAL_AI,REAL
MLLM_STR_GPT-Image2-fake_212,MLLM,GPT Image 2,modern,0.064040412941928,0.0060171729285201,FALSE_REAL_AI,REAL
MLLM_STR_GPT-Image2-fake_213,MLLM,GPT Image 2,modern,0.0050268732376405,4.236651348343898e-05,FALSE_REAL_AI,REAL
MLLM_STR_GPT-Image2-fake_214,MLLM,GPT Image 2,modern,0.0078638871596638,9.986535030967427e-05,FALSE_REAL_AI,REAL
MLLM_STR_GPT-Image2-fake_215,MLLM,GPT Image 2,modern,0.0061037737254095,6.143738389115437e-05,FALSE_REAL_AI,REAL
MLLM_STR_GPT-Image2-fake_216,MLLM,GPT Image 2,modern,0.0649218186865729,0.0061858891535889,FALSE_REAL_AI,REAL
MLLM_STR_GPT-Image2-fake_217,MLLM,GPT Image 2,modern,0.0924203243566681,0.0127428725528792,FALSE_REAL_AI,REAL
MLLM_STR_GPT-Image2-fake_218,MLLM,GPT Image 2,modern,0.0193348464332881,0.0005659738429288,FALSE_REAL_AI,REAL
MLLM_STR_GPT-Image2-fake_219,MLLM,GPT Image 2,modern,0.0457697812023668,0.0030684538627922,FALSE_REAL_AI,REAL
MLLM_STR_GPT-Image2-fake_22,MLLM,GPT Image 2,modern,0.0107557100256169,0.0001822904592839,FALSE_REAL_AI,REAL
MLLM_STR_GPT-Image2-fake_220,MLLM,GPT Image 2,modern,0.0199090516533685,0.000599056915514,FALSE_REAL_AI,REAL
MLLM_STR_GPT-Image2-fake_221,MLLM,GPT Image 2,modern,0.0248211417993518,0.000920128619307,FALSE_REAL_AI,REAL
MLLM_STR_GPT-Image2-fake_222,MLLM,GPT Image 2,modern,0.1025022870923069,0.0158044560969286,FALSE_REAL_AI,REAL
MLLM_STR_GPT-Image2-fake_223,MLLM,GPT Image 2,modern,0.1626540929857729,0.0422816852588635,FALSE_REAL_AI,REAL
MLLM_STR_GPT-Image2-fake_224,MLLM,GPT Image 2,modern,0.0962864266114339,0.0138736127892657,FALSE_REAL_AI,REAL
MLLM_STR_GPT-Image2-fake_225,MLLM,GPT Image 2,modern,0.0571641351778485,0.004785673762502,FALSE_REAL_AI,REAL
MLLM_STR_GPT-Image2-fake_226,MLLM,GPT Image 2,modern,0.6169738561464582,0.7125423571349697,UNCERTAIN_AI,UNCERTAIN
MLLM_STR_GPT-Image2-fake_227,MLLM,GPT Image 2,modern,0.2480366670440358,0.107941799257365,FALSE_REAL_AI,REAL
MLLM_STR_GPT-Image2-fake_228,MLLM,GPT Image 2,modern,0.0457443704801254,0.0030650657956107,FALSE_REAL_AI,REAL
MLLM_STR_GPT-Image2-fake_229,MLLM,GPT Image 2,modern,0.1147331439885038,0.0200208122149926,FALSE_REAL_AI,REAL
MLLM_STR_GPT-Image2-fake_23,MLLM,GPT Image 2,modern,0.0331118668057281,0.0016178410009834,FALSE_REAL_AI,REAL
MLLM_STR_GPT-Image2-fake_230,MLLM,GPT Image 2,modern,0.4610796126583914,0.4262798865668117,UNCERTAIN_AI,UNCERTAIN
MLLM_STR_GPT-Image2-fake_231,MLLM,GPT Image 2,modern,0.0706076360999588,0.0073345209555827,FALSE_REAL_AI,REAL
MLLM_STR_GPT-Image2-fake_232,MLLM,GPT Image 2,modern,0.2376902399031981,0.0980488941552758,FALSE_REAL_AI,REAL
MLLM_STR_GPT-Image2-fake_233,MLLM,GPT Image 2,modern,0.0494940066564288,0.0035860790744117,FALSE_REAL_AI,REAL
MLLM_STR_GPT-Image2-fake_234,MLLM,GPT Image 2,modern,0.0604699892579236,0.0053590802597159,FALSE_REAL_AI,REAL
MLLM_STR_GPT-Image2-fake_235,MLLM,GPT Image 2,modern,0.0675281947965355,0.0066994129310751,FALSE_REAL_AI,REAL
MLLM_STR_GPT-Image2-fake_236,MLLM,GPT Image 2,modern,0.0757486665056851,0.0084642034591151,FALSE_REAL_AI,REAL
MLLM_STR_GPT-Image2-fake_237,MLLM,GPT Image 2,modern,0.0376495958012933,0.0020836835552143,FALSE_REAL_AI,REAL
MLLM_STR_GPT-Image2-fake_238,MLLM,GPT Image 2,modern,0.0223557018193247,0.0007504487556527,FALSE_REAL_AI,REAL
MLLM_STR_GPT-Image2-fake_239,MLLM,GPT Image 2,modern,0.0155692020698582,0.0003720294762356,FALSE_REAL_AI,REAL
MLLM_STR_GPT-Image2-fake_24,MLLM,GPT Image 2,modern,0.0693699785891673,0.0070755506709505,FALSE_REAL_AI,REAL
MLLM_STR_GPT-Image2-fake_240,MLLM,GPT Image 2,modern,0.0249950572662504,0.0009327488605157,FALSE_REAL_AI,REAL
MLLM_STR_GPT-Image2-fake_241,MLLM,GPT Image 2,modern,0.029967944404085,0.0013300710264737,FALSE_REAL_AI,REAL
MLLM_STR_GPT-Image2-fake_242,MLLM,GPT Image 2,modern,0.1102907889083763,0.018424395390264,FALSE_REAL_AI,REAL
MLLM_STR_GPT-Image2-fake_243,MLLM,GPT Image 2,modern,0.0809814619713786,0.0097046309088937,FALSE_REAL_AI,REAL
MLLM_STR_GPT-Image2-fake_244,MLLM,GPT Image 2,modern,0.0377832527046629,0.0020983156928818,FALSE_REAL_AI,REAL
MLLM_STR_GPT-Image2-fake_245,MLLM,GPT Image 2,modern,0.0788167055582591,0.0091802862438381,FALSE_REAL_AI,REAL
MLLM_STR_GPT-Image2-fake_246,MLLM,GPT Image 2,modern,0.0278424185518509,0.0011516063302434,FALSE_REAL_AI,REAL
MLLM_STR_GPT-Image2-fake_247,MLLM,GPT Image 2,modern,0.125384636604718,0.024158543566862,FALSE_REAL_AI,REAL
MLLM_STR_GPT-Image2-fake_248,MLLM,GPT Image 2,modern,0.0200676660814385,0.0006083594041436,FALSE_REAL_AI,REAL
MLLM_STR_GPT-Image2-fake_249,MLLM,GPT Image 2,modern,0.0869155826043093,0.0112240675738247,FALSE_REAL_AI,REAL
MLLM_STR_GPT-Image2-fake_25,MLLM,GPT Image 2,modern,0.0930145535940114,0.0129132078315845,FALSE_REAL_AI,REAL
MLLM_STR_GPT-Image2-fake_250,MLLM,GPT Image 2,modern,0.1172109780967447,0.0209440109439046,FALSE_REAL_AI,REAL
MLLM_STR_GPT-Image2-fake_251,MLLM,GPT Image 2,modern,0.1217400849365228,0.0226928919472054,FALSE_REAL_AI,REAL
MLLM_STR_GPT-Image2-fake_252,MLLM,GPT Image 2,modern,0.0287730461372738,0.0012281523670199,FALSE_REAL_AI,REAL
MLLM_STR_GPT-Image2-fake_253,MLLM,GPT Image 2,modern,0.1364093396882595,0.0289155335551605,FALSE_REAL_AI,REAL
MLLM_STR_GPT-Image2-fake_254,MLLM,GPT Image 2,modern,0.0397669003273843,0.0023216433729458,FALSE_REAL_AI,REAL
MLLM_STR_GPT-Image2-fake_255,MLLM,GPT Image 2,modern,0.0635767107056251,0.0059294106715656,FALSE_REAL_AI,REAL
MLLM_STR_GPT-Image2-fake_256,MLLM,GPT Image 2,modern,0.1987153272968555,0.0656771908340773,FALSE_REAL_AI,REAL
MLLM_STR_GPT-Image2-fake_257,MLLM,GPT Image 2,modern,0.1054623182528259,0.0167736030707717,FALSE_REAL_AI,REAL
MLLM_STR_GPT-Image2-fake_258,MLLM,GPT Image 2,modern,0.0299780865312396,0.0013309536223102,FALSE_REAL_AI,REAL
MLLM_STR_GPT-Image2-fake_259,MLLM,GPT Image 2,modern,0.0771169672432665,0.0087796649112232,FALSE_REAL_AI,REAL
MLLM_STR_GPT-Image2-fake_26,MLLM,GPT Image 2,modern,0.4123092894184326,0.3374026650283484,UNCERTAIN_AI,UNCERTAIN
MLLM_STR_GPT-Image2-fake_260,MLLM,GPT Image 2,modern,0.043420469211926,0.0027633968439969,FALSE_REAL_AI,REAL
MLLM_STR_GPT-Image2-fake_261,MLLM,GPT Image 2,modern,0.0128156551789249,0.0002554858403258,FALSE_REAL_AI,REAL
MLLM_STR_GPT-Image2-fake_262,MLLM,GPT Image 2,modern,0.0367610212303548,0.0019877363743231,FALSE_REAL_AI,REAL
MLLM_STR_GPT-Image2-fake_263,MLLM,GPT Image 2,modern,0.0218433785247754,0.0007173482061538,FALSE_REAL_AI,REAL
MLLM_STR_GPT-Image2-fake_264,MLLM,GPT Image 2,modern,0.425501291880986,0.3608470486283165,UNCERTAIN_AI,UNCERTAIN
MLLM_STR_GPT-Image2-fake_265,MLLM,GPT Image 2,modern,0.2817121843083434,0.1440222880331511,UNCERTAIN_AI,UNCERTAIN
MLLM_STR_GPT-Image2-fake_266,MLLM,GPT Image 2,modern,0.4710490854520255,0.4450337629148743,UNCERTAIN_AI,UNCERTAIN
MLLM_STR_GPT-Image2-fake_267,MLLM,GPT Image 2,modern,0.3358185909823082,0.2143980454095284,UNCERTAIN_AI,UNCERTAIN
MLLM_STR_GPT-Image2-fake_268,MLLM,GPT Image 2,modern,0.0653233000314284,0.006263565688986,FALSE_REAL_AI,REAL
MLLM_STR_GPT-Image2-fake_269,MLLM,GPT Image 2,modern,0.3473564694666764,0.2313110666744903,UNCERTAIN_AI,UNCERTAIN
MLLM_STR_GPT-Image2-fake_27,MLLM,GPT Image 2,modern,0.2246443169017394,0.0863612434744918,FALSE_REAL_AI,REAL
MLLM_STR_GPT-Image2-fake_270,MLLM,GPT Image 2,modern,0.3543870729782973,0.2419271626086123,UNCERTAIN_AI,UNCERTAIN
MLLM_STR_GPT-Image2-fake_271,MLLM,GPT Image 2,modern,0.3204874535795997,0.1929354406657931,UNCERTAIN_AI,UNCERTAIN
MLLM_STR_GPT-Image2-fake_272,MLLM,GPT Image 2,modern,0.0961219279691621,0.0138244126494123,FALSE_REAL_AI,REAL
MLLM_STR_GPT-Image2-fake_273,MLLM,GPT Image 2,modern,0.1549636197631346,0.0380581812716331,FALSE_REAL_AI,REAL
MLLM_STR_GPT-Image2-fake_274,MLLM,GPT Image 2,modern,0.1142235176082471,0.0198338556092607,FALSE_REAL_AI,REAL
MLLM_STR_GPT-Image2-fake_275,MLLM,GPT Image 2,modern,0.2436440639905144,0.1036738735895964,FALSE_REAL_AI,REAL
MLLM_STR_GPT-Image2-fake_276,MLLM,GPT Image 2,modern,0.0552562694173227,0.0044703085808789,FALSE_REAL_AI,REAL
MLLM_STR_GPT-Image2-fake_277,MLLM,GPT Image 2,modern,0.0717708877078007,0.007582496173813,FALSE_REAL_AI,REAL
MLLM_STR_GPT-Image2-fake_278,MLLM,GPT Image 2,modern,0.042618740152459,0.0026630660738725,FALSE_REAL_AI,REAL
MLLM_STR_GPT-Image2-fake_279,MLLM,GPT Image 2,modern,0.5082738094194234,0.5157509894627713,UNCERTAIN_AI,UNCERTAIN
MLLM_STR_GPT-Image2-fake_28,MLLM,GPT Image 2,modern,0.5585164653919117,0.6101050158032892,UNCERTAIN_AI,UNCERTAIN
MLLM_STR_GPT-Image2-fake_280,MLLM,GPT Image 2,modern,0.1620434433493315,0.0419367974948654,FALSE_REAL_AI,REAL
MLLM_STR_GPT-Image2-fake_281,MLLM,GPT Image 2,modern,0.2254779383909387,0.0870820790708445,FALSE_REAL_AI,REAL
MLLM_STR_GPT-Image2-fake_282,MLLM,GPT Image 2,modern,0.1576829358645805,0.0395219240288828,FALSE_REAL_AI,REAL
MLLM_STR_GPT-Image2-fake_283,MLLM,GPT Image 2,modern,0.0726760771031898,0.0077785376243792,FALSE_REAL_AI,REAL
MLLM_STR_GPT-Image2-fake_284,MLLM,GPT Image 2,modern,0.1215276290103868,0.0226090654234715,FALSE_REAL_AI,REAL
MLLM_STR_GPT-Image2-fake_285,MLLM,GPT Image 2,modern,0.1050540091522116,0.0166379933615435,FALSE_REAL_AI,REAL
MLLM_STR_GPT-Image2-fake_286,MLLM,GPT Image 2,modern,0.0334200622916564,0.0016475862023392,FALSE_REAL_AI,REAL
MLLM_STR_GPT-Image2-fake_287,MLLM,GPT Image 2,modern,0.1646762304122772,0.0434356025708589,FALSE_REAL_AI,REAL
MLLM_STR_GPT-Image2-fake_288,MLLM,GPT Image 2,modern,0.0976114704541585,0.0142734714368434,FALSE_REAL_AI,REAL
MLLM_STR_GPT-Image2-fake_289,MLLM,GPT Image 2,modern,0.0938234115820715,0.0131470813278311,FALSE_REAL_AI,REAL
MLLM_STR_GPT-Image2-fake_29,MLLM,GPT Image 2,modern,0.5013814204952692,0.5026304460525733,UNCERTAIN_AI,UNCERTAIN
MLLM_STR_GPT-Image2-fake_290,MLLM,GPT Image 2,modern,0.061983593013463,0.0056331169359892,FALSE_REAL_AI,REAL
MLLM_STR_GPT-Image2-fake_291,MLLM,GPT Image 2,modern,0.1263688133000789,0.0245633401209937,FALSE_REAL_AI,REAL
MLLM_STR_GPT-Image2-fake_292,MLLM,GPT Image 2,modern,0.2239080413896272,0.0857275158834543,FALSE_REAL_AI,REAL
MLLM_STR_GPT-Image2-fake_293,MLLM,GPT Image 2,modern,0.154732854854685,0.0379354490438557,FALSE_REAL_AI,REAL
MLLM_STR_GPT-Image2-fake_294,MLLM,GPT Image 2,modern,0.0247941164434464,0.0009181752242502,FALSE_REAL_AI,REAL
MLLM_STR_GPT-Image2-fake_295,MLLM,GPT Image 2,modern,0.0216396099485643,0.000704389183787,FALSE_REAL_AI,REAL
MLLM_STR_GPT-Image2-fake_296,MLLM,GPT Image 2,modern,0.0416469549007195,0.0025440170313621,FALSE_REAL_AI,REAL
MLLM_STR_GPT-Image2-fake_297,MLLM,GPT Image 2,modern,0.1762313850558386,0.0503827711590866,FALSE_REAL_AI,REAL
MLLM_STR_GPT-Image2-fake_298,MLLM,GPT Image 2,modern,0.034621052506268,0.0017661250414007,FALSE_REAL_AI,REAL
MLLM_STR_GPT-Image2-fake_299,MLLM,GPT Image 2,modern,0.0549846777826357,0.0044263351110639,FALSE_REAL_AI,REAL
MLLM_STR_GPT-Image2-fake_3,MLLM,GPT Image 2,modern,0.1768626134173396,0.0507798161643752,FALSE_REAL_AI,REAL
MLLM_STR_GPT-Image2-fake_30,MLLM,GPT Image 2,modern,0.4654501959623107,0.4344850351024436,UNCERTAIN_AI,UNCERTAIN
MLLM_STR_GPT-Image2-fake_300,MLLM,GPT Image 2,modern,0.1062880613292845,0.0170497438898207,FALSE_REAL_AI,REAL
MLLM_STR_GPT-Image2-fake_301,MLLM,GPT Image 2,modern,0.0606500692940568,0.0053913034941109,FALSE_REAL_AI,REAL
MLLM_STR_GPT-Image2-fake_302,MLLM,GPT Image 2,modern,0.0623092732640231,0.0056930310713775,FALSE_REAL_AI,REAL
MLLM_STR_GPT-Image2-fake_303,MLLM,GPT Image 2,modern,0.089928888783295,0.0120422918280068,FALSE_REAL_AI,REAL
MLLM_STR_GPT-Image2-fake_304,MLLM,GPT Image 2,modern,0.0691022579823919,0.007020190110227,FALSE_REAL_AI,REAL
MLLM_STR_GPT-Image2-fake_305,MLLM,GPT Image 2,modern,0.0378249076943216,0.0021028865903507,FALSE_REAL_AI,REAL
MLLM_STR_GPT-Image2-fake_306,MLLM,GPT Image 2,modern,0.1888764962819616,0.058690024836184,FALSE_REAL_AI,REAL
MLLM_STR_GPT-Image2-fake_307,MLLM,GPT Image 2,modern,0.0676579413595571,0.0067255497219542,FALSE_REAL_AI,REAL
MLLM_STR_GPT-Image2-fake_308,MLLM,GPT Image 2,modern,0.0526576419181298,0.0040589133815475,FALSE_REAL_AI,REAL
MLLM_STR_GPT-Image2-fake_309,MLLM,GPT Image 2,modern,0.2885493461208733,0.1520771377944572,UNCERTAIN_AI,UNCERTAIN
MLLM_STR_GPT-Image2-fake_31,MLLM,GPT Image 2,modern,0.0757512086690467,0.0084647837521329,FALSE_REAL_AI,REAL
MLLM_STR_GPT-Image2-fake_310,MLLM,GPT Image 2,modern,0.2978069312469315,0.1633748108867657,UNCERTAIN_AI,UNCERTAIN
MLLM_STR_GPT-Image2-fake_311,MLLM,GPT Image 2,modern,0.0773271564714318,0.0088286795035704,FALSE_REAL_AI,REAL
MLLM_STR_GPT-Image2-fake_312,MLLM,GPT Image 2,modern,0.1774653470667112,0.0511606521806887,FALSE_REAL_AI,REAL
MLLM_STR_GPT-Image2-fake_313,MLLM,GPT Image 2,modern,0.4475214988113489,0.4010264386817852,UNCERTAIN_AI,UNCERTAIN
MLLM_STR_GPT-Image2-fake_32,MLLM,GPT Image 2,modern,0.1743114355385791,0.0491863758437843,FALSE_REAL_AI,REAL
MLLM_STR_GPT-Image2-fake_33,MLLM,GPT Image 2,modern,0.1142377573874483,0.0198390659861133,FALSE_REAL_AI,REAL
MLLM_STR_GPT-Image2-fake_34,MLLM,GPT Image 2,modern,0.20261078927301,0.0685726915848894,FALSE_REAL_AI,REAL
MLLM_STR_GPT-Image2-fake_35,MLLM,GPT Image 2,modern,0.2142811620281055,0.0776931359000481,FALSE_REAL_AI,REAL
MLLM_STR_GPT-Image2-fake_36,MLLM,GPT Image 2,modern,0.918297624285228,0.990117219477064,CORRECT_CONFIDENT_AI,AI-GENERATED
MLLM_STR_GPT-Image2-fake_37,MLLM,GPT Image 2,modern,0.2114355069926719,0.075407117592132,FALSE_REAL_AI,REAL
MLLM_STR_GPT-Image2-fake_38,MLLM,GPT Image 2,modern,0.1204642861517855,0.0221921681119485,FALSE_REAL_AI,REAL
MLLM_STR_GPT-Image2-fake_39,MLLM,GPT Image 2,modern,0.0523211278787531,0.0040071614357397,FALSE_REAL_AI,REAL
MLLM_STR_GPT-Image2-fake_4,MLLM,GPT Image 2,modern,0.4188456789068039,0.3489533798823747,UNCERTAIN_AI,UNCERTAIN
MLLM_STR_GPT-Image2-fake_40,MLLM,GPT Image 2,modern,0.044361451232589,0.0028835998375868,FALSE_REAL_AI,REAL
MLLM_STR_GPT-Image2-fake_41,MLLM,GPT Image 2,modern,0.1006767167806323,0.015222801918318,FALSE_REAL_AI,REAL
MLLM_STR_GPT-Image2-fake_42,MLLM,GPT Image 2,modern,0.1564547398465929,0.0388568194900997,FALSE_REAL_AI,REAL
MLLM_STR_GPT-Image2-fake_43,MLLM,GPT Image 2,modern,0.1448906161702693,0.0329141781643889,FALSE_REAL_AI,REAL
MLLM_STR_GPT-Image2-fake_44,MLLM,GPT Image 2,modern,0.3187497833060367,0.1905772568159142,UNCERTAIN_AI,UNCERTAIN
MLLM_STR_GPT-Image2-fake_45,MLLM,GPT Image 2,modern,0.1016751582472077,0.0155394091851694,FALSE_REAL_AI,REAL
MLLM_STR_GPT-Image2-fake_46,MLLM,GPT Image 2,modern,0.0313869389758542,0.0014564284303873,FALSE_REAL_AI,REAL
MLLM_STR_GPT-Image2-fake_47,MLLM,GPT Image 2,modern,0.2008488001774981,0.0672538575003077,FALSE_REAL_AI,REAL
MLLM_STR_GPT-Image2-fake_48,MLLM,GPT Image 2,modern,0.0054524571560544,4.9497120562288747e-05,FALSE_REAL_AI,REAL
MLLM_STR_GPT-Image2-fake_49,MLLM,GPT Image 2,modern,0.0932524501033049,0.0129817519039984,FALSE_REAL_AI,REAL
MLLM_STR_GPT-Image2-fake_5,MLLM,GPT Image 2,modern,0.3618201077336588,0.2533987542919289,UNCERTAIN_AI,UNCERTAIN
MLLM_STR_GPT-Image2-fake_50,MLLM,GPT Image 2,modern,0.1688078261856668,0.0458501461526011,FALSE_REAL_AI,REAL
MLLM_STR_GPT-Image2-fake_51,MLLM,GPT Image 2,modern,0.1070517567290672,0.0173073925769525,FALSE_REAL_AI,REAL
MLLM_STR_GPT-Image2-fake_52,MLLM,GPT Image 2,modern,0.1414122627712957,0.0312379793988343,FALSE_REAL_AI,REAL
MLLM_STR_GPT-Image2-fake_53,MLLM,GPT Image 2,modern,0.0579675768223601,0.0049218776972391,FALSE_REAL_AI,REAL
MLLM_STR_GPT-Image2-fake_54,MLLM,GPT Image 2,modern,0.1057241021652715,0.0168608733673343,FALSE_REAL_AI,REAL
MLLM_STR_GPT-Image2-fake_55,MLLM,GPT Image 2,modern,0.0624200051361945,0.0057134788014891,FALSE_REAL_AI,REAL
MLLM_STR_GPT-Image2-fake_56,MLLM,GPT Image 2,modern,0.1197832900883869,0.0219274943966084,FALSE_REAL_AI,REAL
MLLM_STR_GPT-Image2-fake_57,MLLM,GPT Image 2,modern,0.1877572754686449,0.0579244751752121,FALSE_REAL_AI,REAL
MLLM_STR_GPT-Image2-fake_58,MLLM,GPT Image 2,modern,0.0402358352691397,0.0023761312341318,FALSE_REAL_AI,REAL
MLLM_STR_GPT-Image2-fake_59,MLLM,GPT Image 2,modern,0.2049877510680435,0.0703758634479178,FALSE_REAL_AI,REAL
MLLM_STR_GPT-Image2-fake_6,MLLM,GPT Image 2,modern,0.2345310871417684,0.0951385895632105,FALSE_REAL_AI,REAL
MLLM_STR_GPT-Image2-fake_60,MLLM,GPT Image 2,modern,0.0342665398062639,0.0017306990264968,FALSE_REAL_AI,REAL
MLLM_STR_GPT-Image2-fake_61,MLLM,GPT Image 2,modern,0.2473341705875212,0.1072524945748246,FALSE_REAL_AI,REAL
MLLM_STR_GPT-Image2-fake_62,MLLM,GPT Image 2,modern,0.3130217528913954,0.1829126925770317,UNCERTAIN_AI,UNCERTAIN
MLLM_STR_GPT-Image2-fake_63,MLLM,GPT Image 2,modern,0.4211457012613445,0.3530489280889914,UNCERTAIN_AI,UNCERTAIN
MLLM_STR_GPT-Image2-fake_64,MLLM,GPT Image 2,modern,0.2450862999653036,0.1050641055503985,FALSE_REAL_AI,REAL
MLLM_STR_GPT-Image2-fake_65,MLLM,GPT Image 2,modern,0.5052084044880204,0.509916761395111,UNCERTAIN_AI,UNCERTAIN
MLLM_STR_GPT-Image2-fake_66,MLLM,GPT Image 2,modern,0.3873809329397208,0.2946826700000784,UNCERTAIN_AI,UNCERTAIN
MLLM_STR_GPT-Image2-fake_67,MLLM,GPT Image 2,modern,0.1661100321391147,0.0442648492744319,FALSE_REAL_AI,REAL
MLLM_STR_GPT-Image2-fake_68,MLLM,GPT Image 2,modern,0.0641149018755467,0.0060313351255667,FALSE_REAL_AI,REAL
MLLM_STR_GPT-Image2-fake_69,MLLM,GPT Image 2,modern,0.2142576790739284,0.0776741060806744,FALSE_REAL_AI,REAL
MLLM_STR_GPT-Image2-fake_7,MLLM,GPT Image 2,modern,0.8788887279500384,0.97755469949328,CORRECT_CONFIDENT_AI,AI-GENERATED
MLLM_STR_GPT-Image2-fake_70,MLLM,GPT Image 2,modern,0.0429706871569065,0.0027068740319022,FALSE_REAL_AI,REAL
MLLM_STR_GPT-Image2-fake_71,MLLM,GPT Image 2,modern,0.0034618555409067,2.076238777811199e-05,FALSE_REAL_AI,REAL
MLLM_STR_GPT-Image2-fake_72,MLLM,GPT Image 2,modern,0.0433138997745933,0.0027499500612059,FALSE_REAL_AI,REAL
MLLM_STR_GPT-Image2-fake_73,MLLM,GPT Image 2,modern,0.009078704862333,0.0001315858477753,FALSE_REAL_AI,REAL
MLLM_STR_GPT-Image2-fake_74,MLLM,GPT Image 2,modern,0.0035256602151557,2.1499724837689112e-05,FALSE_REAL_AI,REAL
MLLM_STR_GPT-Image2-fake_75,MLLM,GPT Image 2,modern,0.0112968479613285,0.0002003558953592,FALSE_REAL_AI,REAL
MLLM_STR_GPT-Image2-fake_76,MLLM,GPT Image 2,modern,0.0707326776962921,0.0073609636476398,FALSE_REAL_AI,REAL
MLLM_STR_GPT-Image2-fake_77,MLLM,GPT Image 2,modern,0.0112034107170932,0.0001971773180505,FALSE_REAL_AI,REAL
MLLM_STR_GPT-Image2-fake_78,MLLM,GPT Image 2,modern,0.0255004488952714,0.0009699104348297,FALSE_REAL_AI,REAL
MLLM_STR_GPT-Image2-fake_79,MLLM,GPT Image 2,modern,0.0390668077949394,0.0022415025684377,FALSE_REAL_AI,REAL
MLLM_STR_GPT-Image2-fake_8,MLLM,GPT Image 2,modern,0.4406382490953004,0.3883430063996253,UNCERTAIN_AI,UNCERTAIN
MLLM_STR_GPT-Image2-fake_80,MLLM,GPT Image 2,modern,0.0755614633094422,0.0084215303226137,FALSE_REAL_AI,REAL
MLLM_STR_GPT-Image2-fake_81,MLLM,GPT Image 2,modern,0.0242299434098478,0.0008778700787849,FALSE_REAL_AI,REAL
MLLM_STR_GPT-Image2-fake_82,MLLM,GPT Image 2,modern,0.1299541284755356,0.0260706960580137,FALSE_REAL_AI,REAL
MLLM_STR_GPT-Image2-fake_83,MLLM,GPT Image 2,modern,0.0860104699512246,0.0109844713671319,FALSE_REAL_AI,REAL
MLLM_STR_GPT-Image2-fake_84,MLLM,GPT Image 2,modern,0.1594910676931663,0.040513111523265,FALSE_REAL_AI,REAL
MLLM_STR_GPT-Image2-fake_85,MLLM,GPT Image 2,modern,0.0208963424639336,0.0006581138661462,FALSE_REAL_AI,REAL
MLLM_STR_GPT-Image2-fake_86,MLLM,GPT Image 2,modern,0.0782426390438263,0.0090438939717003,FALSE_REAL_AI,REAL
MLLM_STR_GPT-Image2-fake_87,MLLM,GPT Image 2,modern,0.060304612834396,0.0053295783157136,FALSE_REAL_AI,REAL
MLLM_STR_GPT-Image2-fake_88,MLLM,GPT Image 2,modern,0.6469718491701085,0.7601427501623331,UNCERTAIN_AI,UNCERTAIN
MLLM_STR_GPT-Image2-fake_89,MLLM,GPT Image 2,modern,0.4984498527686238,0.4970482763082138,UNCERTAIN_AI,UNCERTAIN
MLLM_STR_GPT-Image2-fake_9,MLLM,GPT Image 2,modern,0.7132823843006366,0.850104946110155,UNCERTAIN_AI,UNCERTAIN
MLLM_STR_GPT-Image2-fake_90,MLLM,GPT Image 2,modern,0.6458637657235402,0.7584555578669406,UNCERTAIN_AI,UNCERTAIN
MLLM_STR_GPT-Image2-fake_91,MLLM,GPT Image 2,modern,0.1769223731438168,0.0508175003913366,FALSE_REAL_AI,REAL
MLLM_STR_GPT-Image2-fake_92,MLLM,GPT Image 2,modern,0.1523585273388572,0.0366860695370526,FALSE_REAL_AI,REAL
MLLM_STR_GPT-Image2-fake_93,MLLM,GPT Image 2,modern,0.0670600799346509,0.0066055667068217,FALSE_REAL_AI,REAL
MLLM_STR_GPT-Image2-fake_94,MLLM,GPT Image 2,modern,0.1113903162840695,0.0188125491341105,FALSE_REAL_AI,REAL
MLLM_STR_GPT-Image2-fake_95,MLLM,GPT Image 2,modern,0.0272420903492502,0.0011035411120814,FALSE_REAL_AI,REAL
MLLM_STR_GPT-Image2-fake_96,MLLM,GPT Image 2,modern,0.0457552263436973,0.00306651299426,FALSE_REAL_AI,REAL
MLLM_STR_GPT-Image2-fake_97,MLLM,GPT Image 2,modern,0.0616062647723936,0.0055641225751534,FALSE_REAL_AI,REAL
MLLM_STR_GPT-Image2-fake_98,MLLM,GPT Image 2,modern,0.1169191957082329,0.020834070111525,FALSE_REAL_AI,REAL
MLLM_STR_GPT-Image2-fake_99,MLLM,GPT Image 2,modern,0.2242767703431801,0.0860445448960314,FALSE_REAL_AI,REAL
MLLM_TEX_GPT-Image2-fake_1,MLLM,GPT Image 2,modern,0.8831818090155389,0.9792039109693822,CORRECT_CONFIDENT_AI,AI-GENERATED
MLLM_TEX_GPT-Image2-fake_10,MLLM,GPT Image 2,modern,0.6859034745852789,0.8156619589080736,UNCERTAIN_AI,UNCERTAIN
MLLM_TEX_GPT-Image2-fake_100,MLLM,GPT Image 2,modern,0.2782469452740371,0.1400339181900996,UNCERTAIN_AI,UNCERTAIN
MLLM_TEX_GPT-Image2-fake_101,MLLM,GPT Image 2,modern,0.5691025870068198,0.6294185428489737,UNCERTAIN_AI,UNCERTAIN
MLLM_TEX_GPT-Image2-fake_102,MLLM,GPT Image 2,modern,0.0456863174207304,0.0030573327332894,FALSE_REAL_AI,REAL
MLLM_TEX_GPT-Image2-fake_103,MLLM,GPT Image 2,modern,0.1221337208075438,0.0228486725063558,FALSE_REAL_AI,REAL
MLLM_TEX_GPT-Image2-fake_104,MLLM,GPT Image 2,modern,0.5818832106575741,0.6523412119286673,UNCERTAIN_AI,UNCERTAIN
MLLM_TEX_GPT-Image2-fake_105,MLLM,GPT Image 2,modern,0.0952723046869277,0.0135718427686706,FALSE_REAL_AI,REAL
MLLM_TEX_GPT-Image2-fake_106,MLLM,GPT Image 2,modern,0.8386792605411846,0.9584692411289129,CORRECT_CONFIDENT_AI,AI-GENERATED
MLLM_TEX_GPT-Image2-fake_107,MLLM,GPT Image 2,modern,0.774213928344653,0.912650583551595,CORRECT_CONFIDENT_AI,AI-GENERATED
MLLM_TEX_GPT-Image2-fake_108,MLLM,GPT Image 2,modern,0.9048172346081202,0.9864546242171194,CORRECT_CONFIDENT_AI,AI-GENERATED
MLLM_TEX_GPT-Image2-fake_109,MLLM,GPT Image 2,modern,0.3923516276956393,0.3030200844442337,UNCERTAIN_AI,UNCERTAIN
MLLM_TEX_GPT-Image2-fake_11,MLLM,GPT Image 2,modern,0.7027534154089754,0.837321778513212,UNCERTAIN_AI,UNCERTAIN
MLLM_TEX_GPT-Image2-fake_110,MLLM,GPT Image 2,modern,0.2724725019483596,0.1335283980151543,UNCERTAIN_AI,UNCERTAIN
MLLM_TEX_GPT-Image2-fake_111,MLLM,GPT Image 2,modern,0.6535452901980134,0.7700337763807041,UNCERTAIN_AI,UNCERTAIN
MLLM_TEX_GPT-Image2-fake_112,MLLM,GPT Image 2,modern,0.8870679765009177,0.9806354873659426,CORRECT_CONFIDENT_AI,AI-GENERATED
MLLM_TEX_GPT-Image2-fake_113,MLLM,GPT Image 2,modern,0.7010273600928345,0.8351707961240834,UNCERTAIN_AI,UNCERTAIN
MLLM_TEX_GPT-Image2-fake_114,MLLM,GPT Image 2,modern,0.7506007690073015,0.8907138873792588,CORRECT_CONFIDENT_AI,AI-GENERATED
MLLM_TEX_GPT-Image2-fake_115,MLLM,GPT Image 2,modern,0.8344175629599528,0.956041357954297,CORRECT_CONFIDENT_AI,AI-GENERATED
MLLM_TEX_GPT-Image2-fake_116,MLLM,GPT Image 2,modern,0.6610878899668344,0.7811303266263734,UNCERTAIN_AI,UNCERTAIN
MLLM_TEX_GPT-Image2-fake_117,MLLM,GPT Image 2,modern,0.8088279673779017,0.9397212137658606,CORRECT_CONFIDENT_AI,AI-GENERATED
MLLM_TEX_GPT-Image2-fake_118,MLLM,GPT Image 2,modern,0.5286270601639733,0.554354905614895,UNCERTAIN_AI,UNCERTAIN
MLLM_TEX_GPT-Image2-fake_119,MLLM,GPT Image 2,modern,0.8125372948069702,0.9422760256700432,CORRECT_CONFIDENT_AI,AI-GENERATED
MLLM_TEX_GPT-Image2-fake_12,MLLM,GPT Image 2,modern,0.3192912617413596,0.191310450831192,UNCERTAIN_AI,UNCERTAIN
MLLM_TEX_GPT-Image2-fake_120,MLLM,GPT Image 2,modern,0.2562820441748769,0.1162250423301722,FALSE_REAL_AI,REAL
MLLM_TEX_GPT-Image2-fake_121,MLLM,GPT Image 2,modern,0.4015681355414836,0.3187239699680445,UNCERTAIN_AI,UNCERTAIN
MLLM_TEX_GPT-Image2-fake_122,MLLM,GPT Image 2,modern,0.2589480844864325,0.1189795136863109,FALSE_REAL_AI,REAL
MLLM_TEX_GPT-Image2-fake_123,MLLM,GPT Image 2,modern,0.4082392428865632,0.3302792309316644,UNCERTAIN_AI,UNCERTAIN
MLLM_TEX_GPT-Image2-fake_124,MLLM,GPT Image 2,modern,0.3431960283431676,0.2251386152764912,UNCERTAIN_AI,UNCERTAIN
MLLM_TEX_GPT-Image2-fake_125,MLLM,GPT Image 2,modern,0.2099361320898264,0.07421880461913,FALSE_REAL_AI,REAL
MLLM_TEX_GPT-Image2-fake_126,MLLM,GPT Image 2,modern,0.5167050957060478,0.5317783429737966,UNCERTAIN_AI,UNCERTAIN
MLLM_TEX_GPT-Image2-fake_127,MLLM,GPT Image 2,modern,0.5918661061794013,0.6699044260203634,UNCERTAIN_AI,UNCERTAIN
MLLM_TEX_GPT-Image2-fake_128,MLLM,GPT Image 2,modern,0.8128966665425779,0.942520078379986,CORRECT_CONFIDENT_AI,AI-GENERATED
MLLM_TEX_GPT-Image2-fake_129,MLLM,GPT Image 2,modern,0.4151181244484775,0.34234992532068,UNCERTAIN_AI,UNCERTAIN
MLLM_TEX_GPT-Image2-fake_13,MLLM,GPT Image 2,modern,0.6783179251869949,0.8054344680276124,UNCERTAIN_AI,UNCERTAIN
MLLM_TEX_GPT-Image2-fake_130,MLLM,GPT Image 2,modern,0.4967155132660759,0.4937460052118195,UNCERTAIN_AI,UNCERTAIN
MLLM_TEX_GPT-Image2-fake_131,MLLM,GPT Image 2,modern,0.1423811349571568,0.0316997749702074,FALSE_REAL_AI,REAL
MLLM_TEX_GPT-Image2-fake_132,MLLM,GPT Image 2,modern,0.1413978517322611,0.0312311402436481,FALSE_REAL_AI,REAL
MLLM_TEX_GPT-Image2-fake_133,MLLM,GPT Image 2,modern,0.3350293711926043,0.2132647266303258,UNCERTAIN_AI,UNCERTAIN
MLLM_TEX_GPT-Image2-fake_134,MLLM,GPT Image 2,modern,0.5831064330582728,0.6545101624934379,UNCERTAIN_AI,UNCERTAIN
MLLM_TEX_GPT-Image2-fake_135,MLLM,GPT Image 2,modern,0.3604949237504956,0.2513352202430196,UNCERTAIN_AI,UNCERTAIN
MLLM_TEX_GPT-Image2-fake_136,MLLM,GPT Image 2,modern,0.0718619619681891,0.00760209849711,FALSE_REAL_AI,REAL
MLLM_TEX_GPT-Image2-fake_137,MLLM,GPT Image 2,modern,0.4029313146640025,0.3210726748989945,UNCERTAIN_AI,UNCERTAIN
MLLM_TEX_GPT-Image2-fake_138,MLLM,GPT Image 2,modern,0.4522861471935588,0.4098631947174642,UNCERTAIN_AI,UNCERTAIN
MLLM_TEX_GPT-Image2-fake_139,MLLM,GPT Image 2,modern,0.6740824614392006,0.7995970553221462,UNCERTAIN_AI,UNCERTAIN
MLLM_TEX_GPT-Image2-fake_14,MLLM,GPT Image 2,modern,0.4978357803168096,0.4958790188634771,UNCERTAIN_AI,UNCERTAIN
MLLM_TEX_GPT-Image2-fake_140,MLLM,GPT Image 2,modern,0.2548191522497786,0.1147294695292237,FALSE_REAL_AI,REAL
MLLM_TEX_GPT-Image2-fake_141,MLLM,GPT Image 2,modern,0.332472374726908,0.2096138996447234,UNCERTAIN_AI,UNCERTAIN
MLLM_TEX_GPT-Image2-fake_142,MLLM,GPT Image 2,modern,0.6118051892713249,0.703958736142813,UNCERTAIN_AI,UNCERTAIN
MLLM_TEX_GPT-Image2-fake_143,MLLM,GPT Image 2,modern,0.0134934529529623,0.0002821908773753,FALSE_REAL_AI,REAL
MLLM_TEX_GPT-Image2-fake_144,MLLM,GPT Image 2,modern,0.8048478524870952,0.9369069159717116,CORRECT_CONFIDENT_AI,AI-GENERATED
MLLM_TEX_GPT-Image2-fake_145,MLLM,GPT Image 2,modern,0.914999788924874,0.9892796090630988,CORRECT_CONFIDENT_AI,AI-GENERATED
MLLM_TEX_GPT-Image2-fake_146,MLLM,GPT Image 2,modern,0.0202651956758128,0.000620043403189,FALSE_REAL_AI,REAL
MLLM_TEX_GPT-Image2-fake_147,MLLM,GPT Image 2,modern,0.1738130727878795,0.04887859008415,FALSE_REAL_AI,REAL
MLLM_TEX_GPT-Image2-fake_148,MLLM,GPT Image 2,modern,0.2454621533408026,0.1054281825260837,FALSE_REAL_AI,REAL
MLLM_TEX_GPT-Image2-fake_149,MLLM,GPT Image 2,modern,0.9502955913900472,0.9963834231269312,CORRECT_CONFIDENT_AI,AI-GENERATED
MLLM_TEX_GPT-Image2-fake_15,MLLM,GPT Image 2,modern,0.5929093016681121,0.6717210392803238,UNCERTAIN_AI,UNCERTAIN
MLLM_TEX_GPT-Image2-fake_150,MLLM,GPT Image 2,modern,0.3268389062219655,0.201684728589839,UNCERTAIN_AI,UNCERTAIN
MLLM_TEX_GPT-Image2-fake_151,MLLM,GPT Image 2,modern,0.9677248549622404,0.9984615291791746,CORRECT_CONFIDENT_AI,AI-GENERATED
MLLM_TEX_GPT-Image2-fake_152,MLLM,GPT Image 2,modern,0.1371963602909467,0.0292740218237316,FALSE_REAL_AI,REAL
MLLM_TEX_GPT-Image2-fake_153,MLLM,GPT Image 2,modern,0.9289663080360556,0.992575170327676,CORRECT_CONFIDENT_AI,AI-GENERATED
MLLM_TEX_GPT-Image2-fake_154,MLLM,GPT Image 2,modern,0.5865494229371156,0.6605901848853446,UNCERTAIN_AI,UNCERTAIN
MLLM_TEX_GPT-Image2-fake_155,MLLM,GPT Image 2,modern,0.8970247391580558,0.9840428549357436,CORRECT_CONFIDENT_AI,AI-GENERATED
MLLM_TEX_GPT-Image2-fake_156,MLLM,GPT Image 2,modern,0.2532778332931306,0.1131658486038067,FALSE_REAL_AI,REAL
MLLM_TEX_GPT-Image2-fake_157,MLLM,GPT Image 2,modern,0.1445720379154224,0.0327585415561189,FALSE_REAL_AI,REAL
MLLM_TEX_GPT-Image2-fake_158,MLLM,GPT Image 2,modern,0.7503392396802827,0.890454752923825,CORRECT_CONFIDENT_AI,AI-GENERATED
MLLM_TEX_GPT-Image2-fake_159,MLLM,GPT Image 2,modern,0.0398352504739726,0.0023295449226625,FALSE_REAL_AI,REAL
MLLM_TEX_GPT-Image2-fake_16,MLLM,GPT Image 2,modern,0.8736967345549176,0.9754637397281708,CORRECT_CONFIDENT_AI,AI-GENERATED
MLLM_TEX_GPT-Image2-fake_160,MLLM,GPT Image 2,modern,0.7081114521277704,0.8438996095994102,UNCERTAIN_AI,UNCERTAIN
MLLM_TEX_GPT-Image2-fake_161,MLLM,GPT Image 2,modern,0.0284485492314624,0.0012011805857897,FALSE_REAL_AI,REAL
MLLM_TEX_GPT-Image2-fake_162,MLLM,GPT Image 2,modern,0.9608601860387532,0.9977502076983248,CORRECT_CONFIDENT_AI,AI-GENERATED
MLLM_TEX_GPT-Image2-fake_163,MLLM,GPT Image 2,modern,0.0138138932467634,0.0002952671832755,FALSE_REAL_AI,REAL
MLLM_TEX_GPT-Image2-fake_164,MLLM,GPT Image 2,modern,0.8750340599102596,0.9760125023035988,CORRECT_CONFIDENT_AI,AI-GENERATED
MLLM_TEX_GPT-Image2-fake_165,MLLM,GPT Image 2,modern,0.4911197674025391,0.4830951681409342,UNCERTAIN_AI,UNCERTAIN
MLLM_TEX_GPT-Image2-fake_166,MLLM,GPT Image 2,modern,0.9801498941475596,0.9994043820830756,CORRECT_CONFIDENT_AI,AI-GENERATED
MLLM_TEX_GPT-Image2-fake_167,MLLM,GPT Image 2,modern,0.8096819258899276,0.9403151742955193,CORRECT_CONFIDENT_AI,AI-GENERATED
MLLM_TEX_GPT-Image2-fake_168,MLLM,GPT Image 2,modern,0.7797621692593565,0.9173905854273884,CORRECT_CONFIDENT_AI,AI-GENERATED
MLLM_TEX_GPT-Image2-fake_169,MLLM,GPT Image 2,modern,0.4547067887143112,0.4143690643828395,UNCERTAIN_AI,UNCERTAIN
MLLM_TEX_GPT-Image2-fake_17,MLLM,GPT Image 2,modern,0.569223995031202,0.6296384171230884,UNCERTAIN_AI,UNCERTAIN
MLLM_TEX_GPT-Image2-fake_170,MLLM,GPT Image 2,modern,0.4895549833759827,0.4801184754776765,UNCERTAIN_AI,UNCERTAIN
MLLM_TEX_GPT-Image2-fake_171,MLLM,GPT Image 2,modern,0.0547243433452383,0.0043843989025002,FALSE_REAL_AI,REAL
MLLM_TEX_GPT-Image2-fake_172,MLLM,GPT Image 2,modern,0.5389427882275469,0.573762095325665,UNCERTAIN_AI,UNCERTAIN
MLLM_TEX_GPT-Image2-fake_173,MLLM,GPT Image 2,modern,0.8805429540725725,0.9781986624020096,CORRECT_CONFIDENT_AI,AI-GENERATED
MLLM_TEX_GPT-Image2-fake_174,MLLM,GPT Image 2,modern,0.7277530803049169,0.8667221752466309,UNCERTAIN_AI,UNCERTAIN
MLLM_TEX_GPT-Image2-fake_175,MLLM,GPT Image 2,modern,0.7549100166306566,0.8949323300202062,CORRECT_CONFIDENT_AI,AI-GENERATED
MLLM_TEX_GPT-Image2-fake_176,MLLM,GPT Image 2,modern,0.9397919953519516,0.994687615916425,CORRECT_CONFIDENT_AI,AI-GENERATED
MLLM_TEX_GPT-Image2-fake_177,MLLM,GPT Image 2,modern,0.920108274036455,0.9905613075768496,CORRECT_CONFIDENT_AI,AI-GENERATED
MLLM_TEX_GPT-Image2-fake_178,MLLM,GPT Image 2,modern,0.054111356161009,0.0042864838443196,FALSE_REAL_AI,REAL
MLLM_TEX_GPT-Image2-fake_179,MLLM,GPT Image 2,modern,0.9054068221888006,0.986628185006075,CORRECT_CONFIDENT_AI,AI-GENERATED
MLLM_TEX_GPT-Image2-fake_18,MLLM,GPT Image 2,modern,0.053667124243342,0.004216250564252,FALSE_REAL_AI,REAL
MLLM_TEX_GPT-Image2-fake_180,MLLM,GPT Image 2,modern,0.4435716740964768,0.3937357433838812,UNCERTAIN_AI,UNCERTAIN
MLLM_TEX_GPT-Image2-fake_181,MLLM,GPT Image 2,modern,0.6732640727665883,0.7984587441664536,UNCERTAIN_AI,UNCERTAIN
MLLM_TEX_GPT-Image2-fake_182,MLLM,GPT Image 2,modern,0.3473612806978885,0.2313182522499343,UNCERTAIN_AI,UNCERTAIN
MLLM_TEX_GPT-Image2-fake_183,MLLM,GPT Image 2,modern,0.9981213933858312,0.9999935365558849,CORRECT_CONFIDENT_AI,AI-GENERATED
MLLM_TEX_GPT-Image2-fake_184,MLLM,GPT Image 2,modern,0.9403193013804624,0.994780946372564,CORRECT_CONFIDENT_AI,AI-GENERATED
MLLM_TEX_GPT-Image2-fake_185,MLLM,GPT Image 2,modern,0.7461583949408259,0.8862636652491759,CORRECT_CONFIDENT_AI,AI-GENERATED
MLLM_TEX_GPT-Image2-fake_186,MLLM,GPT Image 2,modern,0.9383767082700398,0.994432773785108,CORRECT_CONFIDENT_AI,AI-GENERATED
MLLM_TEX_GPT-Image2-fake_187,MLLM,GPT Image 2,modern,0.6285888811747684,0.7314348492750552,UNCERTAIN_AI,UNCERTAIN
MLLM_TEX_GPT-Image2-fake_188,MLLM,GPT Image 2,modern,0.908346476707021,0.9874750820097952,CORRECT_CONFIDENT_AI,AI-GENERATED
MLLM_TEX_GPT-Image2-fake_189,MLLM,GPT Image 2,modern,0.7533661745542181,0.8934321396321419,CORRECT_CONFIDENT_AI,AI-GENERATED
MLLM_TEX_GPT-Image2-fake_19,MLLM,GPT Image 2,modern,0.974375565849614,0.9990208620050136,CORRECT_CONFIDENT_AI,AI-GENERATED
MLLM_TEX_GPT-Image2-fake_190,MLLM,GPT Image 2,modern,0.4764455378020538,0.455235188817412,UNCERTAIN_AI,UNCERTAIN
MLLM_TEX_GPT-Image2-fake_191,MLLM,GPT Image 2,modern,0.3980993648763246,0.3127771876869664,UNCERTAIN_AI,UNCERTAIN
MLLM_TEX_GPT-Image2-fake_192,MLLM,GPT Image 2,modern,0.8380961752392275,0.9581418251206274,CORRECT_CONFIDENT_AI,AI-GENERATED
MLLM_TEX_GPT-Image2-fake_193,MLLM,GPT Image 2,modern,0.1866374394946935,0.0571644368777824,FALSE_REAL_AI,REAL
MLLM_TEX_GPT-Image2-fake_194,MLLM,GPT Image 2,modern,0.7853908930778889,0.9220408206164526,CORRECT_CONFIDENT_AI,AI-GENERATED
MLLM_TEX_GPT-Image2-fake_195,MLLM,GPT Image 2,modern,0.1678541999483472,0.0452860263114763,FALSE_REAL_AI,REAL
MLLM_TEX_GPT-Image2-fake_196,MLLM,GPT Image 2,modern,0.6058844211317215,0.6939985733849909,UNCERTAIN_AI,UNCERTAIN
MLLM_TEX_GPT-Image2-fake_197,MLLM,GPT Image 2,modern,0.2010011387018855,0.0673672841040603,FALSE_REAL_AI,REAL
MLLM_TEX_GPT-Image2-fake_198,MLLM,GPT Image 2,modern,0.1891181763353461,0.058856114170458,FALSE_REAL_AI,REAL
MLLM_TEX_GPT-Image2-fake_199,MLLM,GPT Image 2,modern,0.4222143632510297,0.3549571655160199,UNCERTAIN_AI,UNCERTAIN
MLLM_TEX_GPT-Image2-fake_2,MLLM,GPT Image 2,modern,0.2531890419004787,0.1130761513906171,FALSE_REAL_AI,REAL
MLLM_TEX_GPT-Image2-fake_20,MLLM,GPT Image 2,modern,0.0554683873439255,0.0045048117924323,FALSE_REAL_AI,REAL
MLLM_TEX_GPT-Image2-fake_200,MLLM,GPT Image 2,modern,0.299719252029567,0.1657644376599591,UNCERTAIN_AI,UNCERTAIN
MLLM_TEX_GPT-Image2-fake_201,MLLM,GPT Image 2,modern,0.2396121726704527,0.099844621550345,FALSE_REAL_AI,REAL
MLLM_TEX_GPT-Image2-fake_202,MLLM,GPT Image 2,modern,0.4707126956469733,0.4443988960632939,UNCERTAIN_AI,UNCERTAIN
MLLM_TEX_GPT-Image2-fake_203,MLLM,GPT Image 2,modern,0.3060468317681583,0.1738070802013221,UNCERTAIN_AI,UNCERTAIN
MLLM_TEX_GPT-Image2-fake_204,MLLM,GPT Image 2,modern,0.8484479937419243,0.9637327828507894,CORRECT_CONFIDENT_AI,AI-GENERATED
MLLM_TEX_GPT-Image2-fake_205,MLLM,GPT Image 2,modern,0.1220657689178484,0.022821737275739,FALSE_REAL_AI,REAL
MLLM_TEX_GPT-Image2-fake_206,MLLM,GPT Image 2,modern,0.4592442769370762,0.422842836926781,UNCERTAIN_AI,UNCERTAIN
MLLM_TEX_GPT-Image2-fake_207,MLLM,GPT Image 2,modern,0.8974062419413338,0.9841660786505858,CORRECT_CONFIDENT_AI,AI-GENERATED
MLLM_TEX_GPT-Image2-fake_208,MLLM,GPT Image 2,modern,0.1411911246408027,0.0311331276185431,FALSE_REAL_AI,REAL
MLLM_TEX_GPT-Image2-fake_209,MLLM,GPT Image 2,modern,0.8649393479273291,0.9716928777353924,CORRECT_CONFIDENT_AI,AI-GENERATED
MLLM_TEX_GPT-Image2-fake_21,MLLM,GPT Image 2,modern,0.6802785728118559,0.8081060183764345,UNCERTAIN_AI,UNCERTAIN
MLLM_TEX_GPT-Image2-fake_210,MLLM,GPT Image 2,modern,0.2222517755831138,0.0843119713242682,FALSE_REAL_AI,REAL
MLLM_TEX_GPT-Image2-fake_211,MLLM,GPT Image 2,modern,0.3887151042684126,0.2969111334782105,UNCERTAIN_AI,UNCERTAIN
MLLM_TEX_GPT-Image2-fake_212,MLLM,GPT Image 2,modern,0.6442345181320304,0.755964538335779,UNCERTAIN_AI,UNCERTAIN
MLLM_TEX_GPT-Image2-fake_213,MLLM,GPT Image 2,modern,0.8623845025504349,0.9705340197891856,CORRECT_CONFIDENT_AI,AI-GENERATED
MLLM_TEX_GPT-Image2-fake_214,MLLM,GPT Image 2,modern,0.2948423981263844,0.1597081126054969,UNCERTAIN_AI,UNCERTAIN
MLLM_TEX_GPT-Image2-fake_215,MLLM,GPT Image 2,modern,0.4455140576170379,0.3973169408938913,UNCERTAIN_AI,UNCERTAIN
MLLM_TEX_GPT-Image2-fake_216,MLLM,GPT Image 2,modern,0.3222814589847083,0.1953861258837961,UNCERTAIN_AI,UNCERTAIN
MLLM_TEX_GPT-Image2-fake_22,MLLM,GPT Image 2,modern,0.1710130672562605,0.0471704067989112,FALSE_REAL_AI,REAL
MLLM_TEX_GPT-Image2-fake_23,MLLM,GPT Image 2,modern,0.7668468390403579,0.9061147130926384,CORRECT_CONFIDENT_AI,AI-GENERATED
MLLM_TEX_GPT-Image2-fake_24,MLLM,GPT Image 2,modern,0.9528993549121072,0.9967513833228792,CORRECT_CONFIDENT_AI,AI-GENERATED
MLLM_TEX_GPT-Image2-fake_25,MLLM,GPT Image 2,modern,0.1330312587922958,0.0274056556076009,FALSE_REAL_AI,REAL
MLLM_TEX_GPT-Image2-fake_26,MLLM,GPT Image 2,modern,0.1995530728752635,0.0662936611870172,FALSE_REAL_AI,REAL
MLLM_TEX_GPT-Image2-fake_27,MLLM,GPT Image 2,modern,0.5660328674849181,0.6238465044489767,UNCERTAIN_AI,UNCERTAIN
MLLM_TEX_GPT-Image2-fake_28,MLLM,GPT Image 2,modern,0.0688048751396815,0.0069589695942359,FALSE_REAL_AI,REAL
MLLM_TEX_GPT-Image2-fake_29,MLLM,GPT Image 2,modern,0.2955420121935671,0.1605692897497568,UNCERTAIN_AI,UNCERTAIN
MLLM_TEX_GPT-Image2-fake_3,MLLM,GPT Image 2,modern,0.7346168882585034,0.874218125651653,UNCERTAIN_AI,UNCERTAIN
MLLM_TEX_GPT-Image2-fake_30,MLLM,GPT Image 2,modern,0.0586486878611546,0.0050389265546954,FALSE_REAL_AI,REAL
MLLM_TEX_GPT-Image2-fake_31,MLLM,GPT Image 2,modern,0.2799839615636539,0.1420252515823767,UNCERTAIN_AI,UNCERTAIN
MLLM_TEX_GPT-Image2-fake_32,MLLM,GPT Image 2,modern,0.6080156673787551,0.6975992229557115,UNCERTAIN_AI,UNCERTAIN
MLLM_TEX_GPT-Image2-fake_33,MLLM,GPT Image 2,modern,0.1309385643292463,0.0264936102601628,FALSE_REAL_AI,REAL
MLLM_TEX_GPT-Image2-fake_34,MLLM,GPT Image 2,modern,0.2033527343891686,0.0691325652207166,FALSE_REAL_AI,REAL
MLLM_TEX_GPT-Image2-fake_35,MLLM,GPT Image 2,modern,0.4933733065004221,0.4873835688151369,UNCERTAIN_AI,UNCERTAIN
MLLM_TEX_GPT-Image2-fake_36,MLLM,GPT Image 2,modern,0.0261505696950935,0.0010187818991505,FALSE_REAL_AI,REAL
MLLM_TEX_GPT-Image2-fake_37,MLLM,GPT Image 2,modern,0.1334537853643838,0.0275919598301306,FALSE_REAL_AI,REAL
MLLM_TEX_GPT-Image2-fake_38,MLLM,GPT Image 2,modern,0.6425839357034494,0.753428476296493,UNCERTAIN_AI,UNCERTAIN
MLLM_TEX_GPT-Image2-fake_39,MLLM,GPT Image 2,modern,0.4958165531766347,0.4920344815408221,UNCERTAIN_AI,UNCERTAIN
MLLM_TEX_GPT-Image2-fake_4,MLLM,GPT Image 2,modern,0.4686260474531697,0.4404637652472514,UNCERTAIN_AI,UNCERTAIN
MLLM_TEX_GPT-Image2-fake_40,MLLM,GPT Image 2,modern,0.1569105155414542,0.0391028659541117,FALSE_REAL_AI,REAL
MLLM_TEX_GPT-Image2-fake_41,MLLM,GPT Image 2,modern,0.2889145940474575,0.1525143556895343,UNCERTAIN_AI,UNCERTAIN
MLLM_TEX_GPT-Image2-fake_42,MLLM,GPT Image 2,modern,0.311510497579091,0.1809185139526991,UNCERTAIN_AI,UNCERTAIN
MLLM_TEX_GPT-Image2-fake_43,MLLM,GPT Image 2,modern,0.2923512648967376,0.1566625143198083,UNCERTAIN_AI,UNCERTAIN
MLLM_TEX_GPT-Image2-fake_44,MLLM,GPT Image 2,modern,0.2177285408498444,0.0805166960658741,FALSE_REAL_AI,REAL
MLLM_TEX_GPT-Image2-fake_45,MLLM,GPT Image 2,modern,0.7375535345978939,0.8773494258375228,CORRECT_CONFIDENT_AI,AI-GENERATED
MLLM_TEX_GPT-Image2-fake_46,MLLM,GPT Image 2,modern,0.0337454595146785,0.0016792901234276,FALSE_REAL_AI,REAL
MLLM_TEX_GPT-Image2-fake_47,MLLM,GPT Image 2,modern,0.1411875720196048,0.0311314448226202,FALSE_REAL_AI,REAL
MLLM_TEX_GPT-Image2-fake_48,MLLM,GPT Image 2,modern,0.3327634770653241,0.2100279051409514,UNCERTAIN_AI,UNCERTAIN
MLLM_TEX_GPT-Image2-fake_49,MLLM,GPT Image 2,modern,0.2077225060310185,0.0724847646255974,FALSE_REAL_AI,REAL
MLLM_TEX_GPT-Image2-fake_5,MLLM,GPT Image 2,modern,0.3238149357333277,0.1974938022270966,UNCERTAIN_AI,UNCERTAIN
MLLM_TEX_GPT-Image2-fake_50,MLLM,GPT Image 2,modern,0.8387137817856453,0.9584885784174296,CORRECT_CONFIDENT_AI,AI-GENERATED
MLLM_TEX_GPT-Image2-fake_51,MLLM,GPT Image 2,modern,0.8081447772240419,0.9392435256635784,CORRECT_CONFIDENT_AI,AI-GENERATED
MLLM_TEX_GPT-Image2-fake_52,MLLM,GPT Image 2,modern,0.7927748340564106,0.9279014970754076,CORRECT_CONFIDENT_AI,AI-GENERATED
MLLM_TEX_GPT-Image2-fake_53,MLLM,GPT Image 2,modern,0.4101313780706396,0.3335841036658095,UNCERTAIN_AI,UNCERTAIN
MLLM_TEX_GPT-Image2-fake_54,MLLM,GPT Image 2,modern,0.6039010651336396,0.6906325217101247,UNCERTAIN_AI,UNCERTAIN
MLLM_TEX_GPT-Image2-fake_55,MLLM,GPT Image 2,modern,0.1523752803158711,0.0366947996241664,FALSE_REAL_AI,REAL
MLLM_TEX_GPT-Image2-fake_56,MLLM,GPT Image 2,modern,0.0835403652566336,0.0103450057202613,FALSE_REAL_AI,REAL
MLLM_TEX_GPT-Image2-fake_57,MLLM,GPT Image 2,modern,0.0325459656142511,0.0015639390145166,FALSE_REAL_AI,REAL
MLLM_TEX_GPT-Image2-fake_58,MLLM,GPT Image 2,modern,0.7128671239464445,0.8496118058672139,UNCERTAIN_AI,UNCERTAIN
MLLM_TEX_GPT-Image2-fake_59,MLLM,GPT Image 2,modern,0.9888180127391384,0.9998035479876076,CORRECT_CONFIDENT_AI,AI-GENERATED
MLLM_TEX_GPT-Image2-fake_6,MLLM,GPT Image 2,modern,0.7920850914815798,0.9273654777719628,CORRECT_CONFIDENT_AI,AI-GENERATED
MLLM_TEX_GPT-Image2-fake_60,MLLM,GPT Image 2,modern,0.9139803559560764,0.9890131143649036,CORRECT_CONFIDENT_AI,AI-GENERATED
MLLM_TEX_GPT-Image2-fake_61,MLLM,GPT Image 2,modern,0.0193953546146496,0.0005694162395388,FALSE_REAL_AI,REAL
MLLM_TEX_GPT-Image2-fake_62,MLLM,GPT Image 2,modern,0.071633143723204,0.0075529007502056,FALSE_REAL_AI,REAL
MLLM_TEX_GPT-Image2-fake_63,MLLM,GPT Image 2,modern,0.2755592841499412,0.1369841082120448,UNCERTAIN_AI,UNCERTAIN
MLLM_TEX_GPT-Image2-fake_64,MLLM,GPT Image 2,modern,0.0459817674796395,0.0030967940835268,FALSE_REAL_AI,REAL
MLLM_TEX_GPT-Image2-fake_65,MLLM,GPT Image 2,modern,0.046622378446851,0.0031832582537232,FALSE_REAL_AI,REAL
MLLM_TEX_GPT-Image2-fake_66,MLLM,GPT Image 2,modern,0.1353948122689218,0.0284571714155921,FALSE_REAL_AI,REAL
MLLM_TEX_GPT-Image2-fake_67,MLLM,GPT Image 2,modern,0.0756861013882839,0.0084499286781754,FALSE_REAL_AI,REAL
MLLM_TEX_GPT-Image2-fake_68,MLLM,GPT Image 2,modern,0.0289950498772445,0.0012467786753274,FALSE_REAL_AI,REAL
MLLM_TEX_GPT-Image2-fake_69,MLLM,GPT Image 2,modern,0.0099483164779168,0.0001568804561782,FALSE_REAL_AI,REAL
MLLM_TEX_GPT-Image2-fake_7,MLLM,GPT Image 2,modern,0.3345266620920452,0.2125444294021423,UNCERTAIN_AI,UNCERTAIN
MLLM_TEX_GPT-Image2-fake_70,MLLM,GPT Image 2,modern,0.8053257301909674,0.9372488304211376,CORRECT_CONFIDENT_AI,AI-GENERATED
MLLM_TEX_GPT-Image2-fake_71,MLLM,GPT Image 2,modern,0.6336402232810171,0.7394728815448794,UNCERTAIN_AI,UNCERTAIN
MLLM_TEX_GPT-Image2-fake_72,MLLM,GPT Image 2,modern,0.2798894684726176,0.1419165146124737,UNCERTAIN_AI,UNCERTAIN
MLLM_TEX_GPT-Image2-fake_73,MLLM,GPT Image 2,modern,0.2152052663500361,0.0784441861865222,FALSE_REAL_AI,REAL
MLLM_TEX_GPT-Image2-fake_74,MLLM,GPT Image 2,modern,0.1192258635246221,0.0217121913667188,FALSE_REAL_AI,REAL
MLLM_TEX_GPT-Image2-fake_75,MLLM,GPT Image 2,modern,0.0520910066965001,0.0039719717355144,FALSE_REAL_AI,REAL
MLLM_TEX_GPT-Image2-fake_76,MLLM,GPT Image 2,modern,0.765355536260045,0.9047578534880067,CORRECT_CONFIDENT_AI,AI-GENERATED
MLLM_TEX_GPT-Image2-fake_77,MLLM,GPT Image 2,modern,0.9456448577793494,0.99567471436992,CORRECT_CONFIDENT_AI,AI-GENERATED
MLLM_TEX_GPT-Image2-fake_78,MLLM,GPT Image 2,modern,0.5295509188303397,0.5560985305848448,UNCERTAIN_AI,UNCERTAIN
MLLM_TEX_GPT-Image2-fake_79,MLLM,GPT Image 2,modern,0.1566382008114731,0.0389557501613206,FALSE_REAL_AI,REAL
MLLM_TEX_GPT-Image2-fake_8,MLLM,GPT Image 2,modern,0.3776599848361092,0.2786596808333876,UNCERTAIN_AI,UNCERTAIN
MLLM_TEX_GPT-Image2-fake_80,MLLM,GPT Image 2,modern,0.2293864884130123,0.0905089655328917,FALSE_REAL_AI,REAL
MLLM_TEX_GPT-Image2-fake_81,MLLM,GPT Image 2,modern,0.268270017828955,0.1289044037854101,UNCERTAIN_AI,UNCERTAIN
MLLM_TEX_GPT-Image2-fake_82,MLLM,GPT Image 2,modern,0.0034910793151667,2.1098574315527935e-05,FALSE_REAL_AI,REAL
MLLM_TEX_GPT-Image2-fake_83,MLLM,GPT Image 2,modern,0.0009751015644894,1.851125895605227e-06,FALSE_REAL_AI,REAL
MLLM_TEX_GPT-Image2-fake_84,MLLM,GPT Image 2,modern,0.0141986096175713,0.0003113487459527,FALSE_REAL_AI,REAL
MLLM_TEX_GPT-Image2-fake_85,MLLM,GPT Image 2,modern,0.0144447191005005,0.0003218551180888,FALSE_REAL_AI,REAL
MLLM_TEX_GPT-Image2-fake_86,MLLM,GPT Image 2,modern,0.0164974138999913,0.0004161283766829,FALSE_REAL_AI,REAL
MLLM_TEX_GPT-Image2-fake_87,MLLM,GPT Image 2,modern,0.0043672503588003,3.237079529920643e-05,FALSE_REAL_AI,REAL
MLLM_TEX_GPT-Image2-fake_88,MLLM,GPT Image 2,modern,0.0830646716436993,0.0102242674458708,FALSE_REAL_AI,REAL
MLLM_TEX_GPT-Image2-fake_89,MLLM,GPT Image 2,modern,0.0255550183196701,0.0009739663605678,FALSE_REAL_AI,REAL
MLLM_TEX_GPT-Image2-fake_9,MLLM,GPT Image 2,modern,0.1737810523862763,0.048858853342689,FALSE_REAL_AI,REAL
MLLM_TEX_GPT-Image2-fake_90,MLLM,GPT Image 2,modern,0.0125923005982446,0.0002469697128918,FALSE_REAL_AI,REAL
MLLM_TEX_GPT-Image2-fake_91,MLLM,GPT Image 2,modern,0.4654406437917889,0.4344670726967512,UNCERTAIN_AI,UNCERTAIN
MLLM_TEX_GPT-Image2-fake_92,MLLM,GPT Image 2,modern,0.3279845455288208,0.2032844352024138,UNCERTAIN_AI,UNCERTAIN
MLLM_TEX_GPT-Image2-fake_93,MLLM,GPT Image 2,modern,0.2991353143813721,0.1650327281446916,UNCERTAIN_AI,UNCERTAIN
MLLM_TEX_GPT-Image2-fake_94,MLLM,GPT Image 2,modern,0.1215044256537863,0.0225999210296069,FALSE_REAL_AI,REAL
MLLM_TEX_GPT-Image2-fake_95,MLLM,GPT Image 2,modern,0.0407505815799818,0.0024366897911246,FALSE_REAL_AI,REAL
MLLM_TEX_GPT-Image2-fake_96,MLLM,GPT Image 2,modern,0.1023387231685229,0.015751844332624,FALSE_REAL_AI,REAL
MLLM_TEX_GPT-Image2-fake_97,MLLM,GPT Image 2,modern,0.0873834247880976,0.0113490270876797,FALSE_REAL_AI,REAL
MLLM_TEX_GPT-Image2-fake_98,MLLM,GPT Image 2,modern,0.7187385894261248,0.8565001180069525,UNCERTAIN_AI,UNCERTAIN
MLLM_TEX_GPT-Image2-fake_99,MLLM,GPT Image 2,modern,0.4442398345623726,0.3949667257815157,UNCERTAIN_AI,UNCERTAIN
MLLM_HYB_Nano-Banana2-fake_1,MLLM,Nano Banana 2,modern,0.3567550204904382,0.2455543570849311,UNCERTAIN_AI,UNCERTAIN
MLLM_HYB_Nano-Banana2-fake_10,MLLM,Nano Banana 2,modern,0.6162488830372629,0.7113447887744551,UNCERTAIN_AI,UNCERTAIN
MLLM_HYB_Nano-Banana2-fake_100,MLLM,Nano Banana 2,modern,0.0104314367368644,0.0001718626622875,FALSE_REAL_AI,REAL
MLLM_HYB_Nano-Banana2-fake_101,MLLM,Nano Banana 2,modern,0.340355246768965,0.2209716160153802,UNCERTAIN_AI,UNCERTAIN
MLLM_HYB_Nano-Banana2-fake_102,MLLM,Nano Banana 2,modern,0.2733640360903958,0.1345213263560639,UNCERTAIN_AI,UNCERTAIN
MLLM_HYB_Nano-Banana2-fake_103,MLLM,Nano Banana 2,modern,0.4954703115574628,0.4913753090826775,UNCERTAIN_AI,UNCERTAIN
MLLM_HYB_Nano-Banana2-fake_104,MLLM,Nano Banana 2,modern,0.4440762036112494,0.3946651717363537,UNCERTAIN_AI,UNCERTAIN
MLLM_HYB_Nano-Banana2-fake_105,MLLM,Nano Banana 2,modern,0.044032218617423,0.0028412421509047,FALSE_REAL_AI,REAL
MLLM_HYB_Nano-Banana2-fake_106,MLLM,Nano Banana 2,modern,0.0384879351269288,0.0021763274194873,FALSE_REAL_AI,REAL
MLLM_HYB_Nano-Banana2-fake_107,MLLM,Nano Banana 2,modern,0.1014422338561608,0.0154652226332882,FALSE_REAL_AI,REAL
MLLM_HYB_Nano-Banana2-fake_108,MLLM,Nano Banana 2,modern,0.1509292090292242,0.0359456943609564,FALSE_REAL_AI,REAL
MLLM_HYB_Nano-Banana2-fake_109,MLLM,Nano Banana 2,modern,0.3384507906986073,0.2181998875580154,UNCERTAIN_AI,UNCERTAIN
MLLM_HYB_Nano-Banana2-fake_11,MLLM,Nano Banana 2,modern,0.4269045547445151,0.3633708515637464,UNCERTAIN_AI,UNCERTAIN
MLLM_HYB_Nano-Banana2-fake_110,MLLM,Nano Banana 2,modern,0.2971601236569855,0.1625708845320288,UNCERTAIN_AI,UNCERTAIN
MLLM_HYB_Nano-Banana2-fake_111,MLLM,Nano Banana 2,modern,0.3409905184426163,0.2219000891038199,UNCERTAIN_AI,UNCERTAIN
MLLM_HYB_Nano-Banana2-fake_112,MLLM,Nano Banana 2,modern,0.2358981307320583,0.0963916408285219,FALSE_REAL_AI,REAL
MLLM_HYB_Nano-Banana2-fake_113,MLLM,Nano Banana 2,modern,0.6123837051989331,0.7049247097405905,UNCERTAIN_AI,UNCERTAIN
MLLM_HYB_Nano-Banana2-fake_114,MLLM,Nano Banana 2,modern,0.6504516400338296,0.7654040345093105,UNCERTAIN_AI,UNCERTAIN
MLLM_HYB_Nano-Banana2-fake_115,MLLM,Nano Banana 2,modern,0.3826045457092355,0.286762184276022,UNCERTAIN_AI,UNCERTAIN
MLLM_HYB_Nano-Banana2-fake_116,MLLM,Nano Banana 2,modern,0.1772778129213767,0.0510419794894254,FALSE_REAL_AI,REAL
MLLM_HYB_Nano-Banana2-fake_117,MLLM,Nano Banana 2,modern,0.2922261802431272,0.1565104465916314,UNCERTAIN_AI,UNCERTAIN
MLLM_HYB_Nano-Banana2-fake_118,MLLM,Nano Banana 2,modern,0.3176515360414594,0.1890947424470329,UNCERTAIN_AI,UNCERTAIN
MLLM_HYB_Nano-Banana2-fake_119,MLLM,Nano Banana 2,modern,0.3661767242647972,0.2602379198551479,UNCERTAIN_AI,UNCERTAIN
MLLM_HYB_Nano-Banana2-fake_12,MLLM,Nano Banana 2,modern,0.381962097628389,0.2857037945298729,UNCERTAIN_AI,UNCERTAIN
MLLM_HYB_Nano-Banana2-fake_120,MLLM,Nano Banana 2,modern,0.3585848587953504,0.2483748536191513,UNCERTAIN_AI,UNCERTAIN
MLLM_HYB_Nano-Banana2-fake_121,MLLM,Nano Banana 2,modern,0.3054885908055313,0.1730891685976649,UNCERTAIN_AI,UNCERTAIN
MLLM_HYB_Nano-Banana2-fake_122,MLLM,Nano Banana 2,modern,0.3076314739808168,0.1758537587245021,UNCERTAIN_AI,UNCERTAIN
MLLM_HYB_Nano-Banana2-fake_123,MLLM,Nano Banana 2,modern,0.3150695693909616,0.1856335819155502,UNCERTAIN_AI,UNCERTAIN
MLLM_HYB_Nano-Banana2-fake_124,MLLM,Nano Banana 2,modern,0.0453574223457323,0.0030137127765043,FALSE_REAL_AI,REAL
MLLM_HYB_Nano-Banana2-fake_125,MLLM,Nano Banana 2,modern,0.0068787913491754,7.72544735825061e-05,FALSE_REAL_AI,REAL
MLLM_HYB_Nano-Banana2-fake_126,MLLM,Nano Banana 2,modern,0.6842553765272851,0.8134647849129539,UNCERTAIN_AI,UNCERTAIN
MLLM_HYB_Nano-Banana2-fake_127,MLLM,Nano Banana 2,modern,0.5743270845686586,0.638844576246614,UNCERTAIN_AI,UNCERTAIN
MLLM_HYB_Nano-Banana2-fake_128,MLLM,Nano Banana 2,modern,0.8989450353642763,0.9846576836740866,CORRECT_CONFIDENT_AI,AI-GENERATED
MLLM_HYB_Nano-Banana2-fake_129,MLLM,Nano Banana 2,modern,0.7618541324909921,0.9015271228461642,CORRECT_CONFIDENT_AI,AI-GENERATED
MLLM_HYB_Nano-Banana2-fake_13,MLLM,Nano Banana 2,modern,0.0371515890284274,0.0020296248093484,FALSE_REAL_AI,REAL
MLLM_HYB_Nano-Banana2-fake_130,MLLM,Nano Banana 2,modern,0.329100126445333,0.2048484631830361,UNCERTAIN_AI,UNCERTAIN
MLLM_HYB_Nano-Banana2-fake_131,MLLM,Nano Banana 2,modern,0.2982036692030673,0.163869003449998,UNCERTAIN_AI,UNCERTAIN
MLLM_HYB_Nano-Banana2-fake_132,MLLM,Nano Banana 2,modern,0.9251113496442444,0.991730873818134,CORRECT_CONFIDENT_AI,AI-GENERATED
MLLM_HYB_Nano-Banana2-fake_133,MLLM,Nano Banana 2,modern,0.9199688704672844,0.99052751230425,CORRECT_CONFIDENT_AI,AI-GENERATED
MLLM_HYB_Nano-Banana2-fake_134,MLLM,Nano Banana 2,modern,0.2691401304902147,0.129854146057652,UNCERTAIN_AI,UNCERTAIN
MLLM_HYB_Nano-Banana2-fake_135,MLLM,Nano Banana 2,modern,0.5703878117808646,0.631744159938926,UNCERTAIN_AI,UNCERTAIN
MLLM_HYB_Nano-Banana2-fake_136,MLLM,Nano Banana 2,modern,0.0106779373239777,0.0001797622970051,FALSE_REAL_AI,REAL
MLLM_HYB_Nano-Banana2-fake_137,MLLM,Nano Banana 2,modern,0.0230421474681865,0.0007959627605955,FALSE_REAL_AI,REAL
MLLM_HYB_Nano-Banana2-fake_138,MLLM,Nano Banana 2,modern,0.0615896474587212,0.0055610944911998,FALSE_REAL_AI,REAL
MLLM_HYB_Nano-Banana2-fake_139,MLLM,Nano Banana 2,modern,0.0556533638056075,0.0045350141777686,FALSE_REAL_AI,REAL
MLLM_HYB_Nano-Banana2-fake_14,MLLM,Nano Banana 2,modern,0.113011107324608,0.019393069812233,FALSE_REAL_AI,REAL
MLLM_HYB_Nano-Banana2-fake_140,MLLM,Nano Banana 2,modern,0.816878634668083,0.94518354659634,CORRECT_CONFIDENT_AI,AI-GENERATED
MLLM_HYB_Nano-Banana2-fake_141,MLLM,Nano Banana 2,modern,0.7841435476115193,0.921024009790754,CORRECT_CONFIDENT_AI,AI-GENERATED
MLLM_HYB_Nano-Banana2-fake_142,MLLM,Nano Banana 2,modern,0.0287182679354545,0.0012235781305814,FALSE_REAL_AI,REAL
MLLM_HYB_Nano-Banana2-fake_143,MLLM,Nano Banana 2,modern,0.0220077850249586,0.0007278894531612,FALSE_REAL_AI,REAL
MLLM_HYB_Nano-Banana2-fake_144,MLLM,Nano Banana 2,modern,0.005947476532633,5.84591035539199e-05,FALSE_REAL_AI,REAL
MLLM_HYB_Nano-Banana2-fake_145,MLLM,Nano Banana 2,modern,0.0072334066773844,8.50716979809591e-05,FALSE_REAL_AI,REAL
MLLM_HYB_Nano-Banana2-fake_146,MLLM,Nano Banana 2,modern,0.2413998960337162,0.1015321003064661,FALSE_REAL_AI,REAL
MLLM_HYB_Nano-Banana2-fake_147,MLLM,Nano Banana 2,modern,0.3823391239886148,0.2863247179773287,UNCERTAIN_AI,UNCERTAIN
MLLM_HYB_Nano-Banana2-fake_148,MLLM,Nano Banana 2,modern,0.1143000809410794,0.0198618794778436,FALSE_REAL_AI,REAL
MLLM_HYB_Nano-Banana2-fake_149,MLLM,Nano Banana 2,modern,0.1133320528355208,0.0195092077192165,FALSE_REAL_AI,REAL
MLLM_HYB_Nano-Banana2-fake_15,MLLM,Nano Banana 2,modern,0.0056370954936943,5.275606127715244e-05,FALSE_REAL_AI,REAL
MLLM_HYB_Nano-Banana2-fake_150,MLLM,Nano Banana 2,modern,0.0793826334071983,0.0093158331892945,FALSE_REAL_AI,REAL
MLLM_HYB_Nano-Banana2-fake_151,MLLM,Nano Banana 2,modern,0.4457007148365366,0.3976615061977502,UNCERTAIN_AI,UNCERTAIN
MLLM_HYB_Nano-Banana2-fake_152,MLLM,Nano Banana 2,modern,0.0023307033068489,9.753606098891414e-06,FALSE_REAL_AI,REAL
MLLM_HYB_Nano-Banana2-fake_153,MLLM,Nano Banana 2,modern,0.0031797823916949,1.765056634890317e-05,FALSE_REAL_AI,REAL
MLLM_HYB_Nano-Banana2-fake_154,MLLM,Nano Banana 2,modern,0.4205630096041125,0.3520098676781162,UNCERTAIN_AI,UNCERTAIN
MLLM_HYB_Nano-Banana2-fake_155,MLLM,Nano Banana 2,modern,0.3408551815285496,0.2217021258378522,UNCERTAIN_AI,UNCERTAIN
MLLM_HYB_Nano-Banana2-fake_156,MLLM,Nano Banana 2,modern,0.0163362509108957,0.0004082976104336,FALSE_REAL_AI,REAL
MLLM_HYB_Nano-Banana2-fake_157,MLLM,Nano Banana 2,modern,0.0160198547025133,0.0003931368597384,FALSE_REAL_AI,REAL
MLLM_HYB_Nano-Banana2-fake_158,MLLM,Nano Banana 2,modern,0.006215636241949,6.361263370368625e-05,FALSE_REAL_AI,REAL
MLLM_HYB_Nano-Banana2-fake_159,MLLM,Nano Banana 2,modern,0.0058345405027694,5.6351414927505565e-05,FALSE_REAL_AI,REAL
MLLM_HYB_Nano-Banana2-fake_16,MLLM,Nano Banana 2,modern,0.8870417711421975,0.9806260272452224,CORRECT_CONFIDENT_AI,AI-GENERATED
MLLM_HYB_Nano-Banana2-fake_160,MLLM,Nano Banana 2,modern,0.0426059597568408,0.0026614821933877,FALSE_REAL_AI,REAL
MLLM_HYB_Nano-Banana2-fake_161,MLLM,Nano Banana 2,modern,0.0200917853897955,0.000609780178317,FALSE_REAL_AI,REAL
MLLM_HYB_Nano-Banana2-fake_162,MLLM,Nano Banana 2,modern,0.4210254507070578,0.3528344143468843,UNCERTAIN_AI,UNCERTAIN
MLLM_HYB_Nano-Banana2-fake_163,MLLM,Nano Banana 2,modern,0.4505721548678318,0.4066792674989113,UNCERTAIN_AI,UNCERTAIN
MLLM_HYB_Nano-Banana2-fake_164,MLLM,Nano Banana 2,modern,0.318069104651919,0.189657691617174,UNCERTAIN_AI,UNCERTAIN
MLLM_HYB_Nano-Banana2-fake_165,MLLM,Nano Banana 2,modern,0.2311150340525707,0.0920493576232446,FALSE_REAL_AI,REAL
MLLM_HYB_Nano-Banana2-fake_166,MLLM,Nano Banana 2,modern,0.5924477179039054,0.6709176915098997,UNCERTAIN_AI,UNCERTAIN
MLLM_HYB_Nano-Banana2-fake_167,MLLM,Nano Banana 2,modern,0.4333434485906837,0.3750194577878808,UNCERTAIN_AI,UNCERTAIN
MLLM_HYB_Nano-Banana2-fake_168,MLLM,Nano Banana 2,modern,0.667938774950685,0.7909701242485825,UNCERTAIN_AI,UNCERTAIN
MLLM_HYB_Nano-Banana2-fake_169,MLLM,Nano Banana 2,modern,0.6790335709857864,0.8064118524873369,UNCERTAIN_AI,UNCERTAIN
MLLM_HYB_Nano-Banana2-fake_17,MLLM,Nano Banana 2,modern,0.0354414119888858,0.0018495031743073,FALSE_REAL_AI,REAL
MLLM_HYB_Nano-Banana2-fake_170,MLLM,Nano Banana 2,modern,0.1591408657655327,0.0403200150615425,FALSE_REAL_AI,REAL
MLLM_HYB_Nano-Banana2-fake_171,MLLM,Nano Banana 2,modern,0.1667920584236776,0.0446625353101815,FALSE_REAL_AI,REAL
MLLM_HYB_Nano-Banana2-fake_172,MLLM,Nano Banana 2,modern,0.0246269227218459,0.0009061365404078,FALSE_REAL_AI,REAL
MLLM_HYB_Nano-Banana2-fake_173,MLLM,Nano Banana 2,modern,0.0228921976050088,0.0007859066866022,FALSE_REAL_AI,REAL
MLLM_HYB_Nano-Banana2-fake_174,MLLM,Nano Banana 2,modern,0.464227882238961,0.4321875541259715,UNCERTAIN_AI,UNCERTAIN
MLLM_HYB_Nano-Banana2-fake_175,MLLM,Nano Banana 2,modern,0.0576668412119938,0.0048706588835924,FALSE_REAL_AI,REAL
MLLM_HYB_Nano-Banana2-fake_176,MLLM,Nano Banana 2,modern,0.0819460489871269,0.0099433966092495,FALSE_REAL_AI,REAL
MLLM_HYB_Nano-Banana2-fake_177,MLLM,Nano Banana 2,modern,0.0860468171575676,0.0109940382622855,FALSE_REAL_AI,REAL
MLLM_HYB_Nano-Banana2-fake_178,MLLM,Nano Banana 2,modern,0.8114207633831763,0.94151388039467,CORRECT_CONFIDENT_AI,AI-GENERATED
MLLM_HYB_Nano-Banana2-fake_179,MLLM,Nano Banana 2,modern,0.269503895433232,0.1302523843805969,UNCERTAIN_AI,UNCERTAIN
MLLM_HYB_Nano-Banana2-fake_18,MLLM,Nano Banana 2,modern,0.5706427433209961,0.6322049386299784,UNCERTAIN_AI,UNCERTAIN
MLLM_HYB_Nano-Banana2-fake_180,MLLM,Nano Banana 2,modern,0.3409997894285821,0.2219136534181274,UNCERTAIN_AI,UNCERTAIN
MLLM_HYB_Nano-Banana2-fake_181,MLLM,Nano Banana 2,modern,0.2151565483493759,0.0784044849158014,FALSE_REAL_AI,REAL
MLLM_HYB_Nano-Banana2-fake_182,MLLM,Nano Banana 2,modern,0.584520320752546,0.6570114512511253,UNCERTAIN_AI,UNCERTAIN
MLLM_HYB_Nano-Banana2-fake_183,MLLM,Nano Banana 2,modern,0.3256176245583295,0.1999866292118194,UNCERTAIN_AI,UNCERTAIN
MLLM_HYB_Nano-Banana2-fake_184,MLLM,Nano Banana 2,modern,0.0992470820178083,0.0147757905766369,FALSE_REAL_AI,REAL
MLLM_HYB_Nano-Banana2-fake_185,MLLM,Nano Banana 2,modern,0.1333319287769542,0.0275381551654081,FALSE_REAL_AI,REAL
MLLM_HYB_Nano-Banana2-fake_186,MLLM,Nano Banana 2,modern,0.1662456510733385,0.0443437617486198,FALSE_REAL_AI,REAL
MLLM_HYB_Nano-Banana2-fake_187,MLLM,Nano Banana 2,modern,0.0378472244025295,0.0021053375465825,FALSE_REAL_AI,REAL
MLLM_HYB_Nano-Banana2-fake_188,MLLM,Nano Banana 2,modern,0.2854859323928352,0.14843771095175,UNCERTAIN_AI,UNCERTAIN
MLLM_HYB_Nano-Banana2-fake_189,MLLM,Nano Banana 2,modern,0.2760323015904499,0.1375181002055373,UNCERTAIN_AI,UNCERTAIN
MLLM_HYB_Nano-Banana2-fake_19,MLLM,Nano Banana 2,modern,0.2672561889627354,0.1278028258663915,UNCERTAIN_AI,UNCERTAIN
MLLM_HYB_Nano-Banana2-fake_190,MLLM,Nano Banana 2,modern,0.0124341584768933,0.0002410251926219,FALSE_REAL_AI,REAL
MLLM_HYB_Nano-Banana2-fake_191,MLLM,Nano Banana 2,modern,0.1254487871176513,0.0241848117559586,FALSE_REAL_AI,REAL
MLLM_HYB_Nano-Banana2-fake_192,MLLM,Nano Banana 2,modern,0.043812480848662,0.0028131518633267,FALSE_REAL_AI,REAL
MLLM_HYB_Nano-Banana2-fake_193,MLLM,Nano Banana 2,modern,0.0500258736248783,0.0036634335579168,FALSE_REAL_AI,REAL
MLLM_HYB_Nano-Banana2-fake_194,MLLM,Nano Banana 2,modern,0.0060401790900544,6.021698292354991e-05,FALSE_REAL_AI,REAL
MLLM_HYB_Nano-Banana2-fake_195,MLLM,Nano Banana 2,modern,0.0310324366750331,0.0014243183123759,FALSE_REAL_AI,REAL
MLLM_HYB_Nano-Banana2-fake_196,MLLM,Nano Banana 2,modern,0.1988730532005146,0.0657929962543754,FALSE_REAL_AI,REAL
MLLM_HYB_Nano-Banana2-fake_197,MLLM,Nano Banana 2,modern,0.4714942062057393,0.4458740364378363,UNCERTAIN_AI,UNCERTAIN
MLLM_HYB_Nano-Banana2-fake_2,MLLM,Nano Banana 2,modern,0.3181948044753645,0.1898273288259684,UNCERTAIN_AI,UNCERTAIN
MLLM_HYB_Nano-Banana2-fake_20,MLLM,Nano Banana 2,modern,0.2580668004888845,0.1180648700419039,FALSE_REAL_AI,REAL
MLLM_HYB_Nano-Banana2-fake_21,MLLM,Nano Banana 2,modern,0.4723957003916185,0.4475765078304933,UNCERTAIN_AI,UNCERTAIN
MLLM_HYB_Nano-Banana2-fake_22,MLLM,Nano Banana 2,modern,0.3982535476754185,0.3130405961951809,UNCERTAIN_AI,UNCERTAIN
MLLM_HYB_Nano-Banana2-fake_23,MLLM,Nano Banana 2,modern,0.0092363049501776,0.0001360101380566,FALSE_REAL_AI,REAL
MLLM_HYB_Nano-Banana2-fake_24,MLLM,Nano Banana 2,modern,0.3218144995273309,0.1947466733568706,UNCERTAIN_AI,UNCERTAIN
MLLM_HYB_Nano-Banana2-fake_25,MLLM,Nano Banana 2,modern,0.0467424587253875,0.0031996032041912,FALSE_REAL_AI,REAL
MLLM_HYB_Nano-Banana2-fake_26,MLLM,Nano Banana 2,modern,0.1086122624799395,0.017840631996774,FALSE_REAL_AI,REAL
MLLM_HYB_Nano-Banana2-fake_27,MLLM,Nano Banana 2,modern,0.0260877312479931,0.0010140056525625,FALSE_REAL_AI,REAL
MLLM_HYB_Nano-Banana2-fake_28,MLLM,Nano Banana 2,modern,0.2327734797225805,0.093541658505921,FALSE_REAL_AI,REAL
MLLM_HYB_Nano-Banana2-fake_29,MLLM,Nano Banana 2,modern,0.6169750914824175,0.7125443959611543,UNCERTAIN_AI,UNCERTAIN
MLLM_HYB_Nano-Banana2-fake_3,MLLM,Nano Banana 2,modern,0.8802439416966891,0.978083051834022,CORRECT_CONFIDENT_AI,AI-GENERATED
MLLM_HYB_Nano-Banana2-fake_30,MLLM,Nano Banana 2,modern,0.1470787943042051,0.0339947735166444,FALSE_REAL_AI,REAL
MLLM_HYB_Nano-Banana2-fake_31,MLLM,Nano Banana 2,modern,0.4377258890407692,0.3830084173243655,UNCERTAIN_AI,UNCERTAIN
MLLM_HYB_Nano-Banana2-fake_32,MLLM,Nano Banana 2,modern,0.4473612925348904,0.4007300927295333,UNCERTAIN_AI,UNCERTAIN
MLLM_HYB_Nano-Banana2-fake_33,MLLM,Nano Banana 2,modern,0.4903094084231033,0.4815535020409572,UNCERTAIN_AI,UNCERTAIN
MLLM_HYB_Nano-Banana2-fake_34,MLLM,Nano Banana 2,modern,0.3016808327910633,0.1682354303036372,UNCERTAIN_AI,UNCERTAIN
MLLM_HYB_Nano-Banana2-fake_35,MLLM,Nano Banana 2,modern,0.2674476693956675,0.1280104644655355,UNCERTAIN_AI,UNCERTAIN
MLLM_HYB_Nano-Banana2-fake_36,MLLM,Nano Banana 2,modern,0.0792516441608213,0.0092843633670713,FALSE_REAL_AI,REAL
MLLM_HYB_Nano-Banana2-fake_37,MLLM,Nano Banana 2,modern,0.3705694301846304,0.2672181371997586,UNCERTAIN_AI,UNCERTAIN
MLLM_HYB_Nano-Banana2-fake_38,MLLM,Nano Banana 2,modern,0.0786242884502039,0.0091344461581846,FALSE_REAL_AI,REAL
MLLM_HYB_Nano-Banana2-fake_39,MLLM,Nano Banana 2,modern,0.2627277530399349,0.1229485413308352,FALSE_REAL_AI,REAL
MLLM_HYB_Nano-Banana2-fake_4,MLLM,Nano Banana 2,modern,0.905837883203541,0.9867542937606488,CORRECT_CONFIDENT_AI,AI-GENERATED
MLLM_HYB_Nano-Banana2-fake_40,MLLM,Nano Banana 2,modern,0.8733104777892844,0.975303918480953,CORRECT_CONFIDENT_AI,AI-GENERATED
MLLM_HYB_Nano-Banana2-fake_41,MLLM,Nano Banana 2,modern,0.036434674298758,0.0019530775576291,FALSE_REAL_AI,REAL
MLLM_HYB_Nano-Banana2-fake_42,MLLM,Nano Banana 2,modern,0.0467751513092171,0.0032040607432893,FALSE_REAL_AI,REAL
MLLM_HYB_Nano-Banana2-fake_43,MLLM,Nano Banana 2,modern,0.1288362011753356,0.0255951655524108,FALSE_REAL_AI,REAL
MLLM_HYB_Nano-Banana2-fake_44,MLLM,Nano Banana 2,modern,0.1585028281700572,0.0399695962795965,FALSE_REAL_AI,REAL
MLLM_HYB_Nano-Banana2-fake_45,MLLM,Nano Banana 2,modern,0.3106495371545908,0.1797876818304596,UNCERTAIN_AI,UNCERTAIN
MLLM_HYB_Nano-Banana2-fake_46,MLLM,Nano Banana 2,modern,0.1587166751389937,0.0400868446059582,FALSE_REAL_AI,REAL
MLLM_HYB_Nano-Banana2-fake_47,MLLM,Nano Banana 2,modern,0.587508996540459,0.6622780390507652,UNCERTAIN_AI,UNCERTAIN
MLLM_HYB_Nano-Banana2-fake_48,MLLM,Nano Banana 2,modern,0.3011239905677357,0.1675319420461426,UNCERTAIN_AI,UNCERTAIN
MLLM_HYB_Nano-Banana2-fake_49,MLLM,Nano Banana 2,modern,0.3171385085478376,0.1884043150841609,UNCERTAIN_AI,UNCERTAIN
MLLM_HYB_Nano-Banana2-fake_5,MLLM,Nano Banana 2,modern,0.251496631326304,0.1113743616170487,FALSE_REAL_AI,REAL
MLLM_HYB_Nano-Banana2-fake_50,MLLM,Nano Banana 2,modern,0.2374042983582524,0.0977833592341653,FALSE_REAL_AI,REAL
MLLM_HYB_Nano-Banana2-fake_51,MLLM,Nano Banana 2,modern,0.466391747301911,0.4362561831068481,UNCERTAIN_AI,UNCERTAIN
MLLM_HYB_Nano-Banana2-fake_52,MLLM,Nano Banana 2,modern,0.3082940801195977,0.1767134117273089,UNCERTAIN_AI,UNCERTAIN
MLLM_HYB_Nano-Banana2-fake_53,MLLM,Nano Banana 2,modern,0.2252441663124113,0.086879579482117,FALSE_REAL_AI,REAL
MLLM_HYB_Nano-Banana2-fake_54,MLLM,Nano Banana 2,modern,0.0203623753288913,0.0006258320304196,FALSE_REAL_AI,REAL
MLLM_HYB_Nano-Banana2-fake_55,MLLM,Nano Banana 2,modern,0.3509090662575677,0.2366465603545362,UNCERTAIN_AI,UNCERTAIN
MLLM_HYB_Nano-Banana2-fake_56,MLLM,Nano Banana 2,modern,0.4385991215737046,0.3846058395739566,UNCERTAIN_AI,UNCERTAIN
MLLM_HYB_Nano-Banana2-fake_57,MLLM,Nano Banana 2,modern,0.5691008982736565,0.6294154842204114,UNCERTAIN_AI,UNCERTAIN
MLLM_HYB_Nano-Banana2-fake_58,MLLM,Nano Banana 2,modern,0.3432118337076267,0.2251619078818563,UNCERTAIN_AI,UNCERTAIN
MLLM_HYB_Nano-Banana2-fake_59,MLLM,Nano Banana 2,modern,0.1570005938398543,0.0391516013392715,FALSE_REAL_AI,REAL
MLLM_HYB_Nano-Banana2-fake_6,MLLM,Nano Banana 2,modern,0.8730437067647905,0.9751931897441016,CORRECT_CONFIDENT_AI,AI-GENERATED
MLLM_HYB_Nano-Banana2-fake_60,MLLM,Nano Banana 2,modern,0.4234649396656737,0.3571944480645421,UNCERTAIN_AI,UNCERTAIN
MLLM_HYB_Nano-Banana2-fake_61,MLLM,Nano Banana 2,modern,0.4664682865404729,0.4364002128711068,UNCERTAIN_AI,UNCERTAIN
MLLM_HYB_Nano-Banana2-fake_62,MLLM,Nano Banana 2,modern,0.3870005053574785,0.2940485158704374,UNCERTAIN_AI,UNCERTAIN
MLLM_HYB_Nano-Banana2-fake_63,MLLM,Nano Banana 2,modern,0.3050667177222502,0.1725477008305837,UNCERTAIN_AI,UNCERTAIN
MLLM_HYB_Nano-Banana2-fake_64,MLLM,Nano Banana 2,modern,0.3117456634841983,0.1812280565198904,UNCERTAIN_AI,UNCERTAIN
MLLM_HYB_Nano-Banana2-fake_65,MLLM,Nano Banana 2,modern,0.7063779194326716,0.8417878809148491,UNCERTAIN_AI,UNCERTAIN
MLLM_HYB_Nano-Banana2-fake_66,MLLM,Nano Banana 2,modern,0.5270619687866929,0.5513988702183675,UNCERTAIN_AI,UNCERTAIN
MLLM_HYB_Nano-Banana2-fake_67,MLLM,Nano Banana 2,modern,0.0098094378004984,0.000152696395607,FALSE_REAL_AI,REAL
MLLM_HYB_Nano-Banana2-fake_68,MLLM,Nano Banana 2,modern,0.0023154508069098,9.632144724823477e-06,FALSE_REAL_AI,REAL
MLLM_HYB_Nano-Banana2-fake_69,MLLM,Nano Banana 2,modern,0.2915824126777565,0.1557291046398054,UNCERTAIN_AI,UNCERTAIN
MLLM_HYB_Nano-Banana2-fake_7,MLLM,Nano Banana 2,modern,0.057916919533431,0.0049132303360594,FALSE_REAL_AI,REAL
MLLM_HYB_Nano-Banana2-fake_70,MLLM,Nano Banana 2,modern,0.2203731539197432,0.0827231732582432,FALSE_REAL_AI,REAL
MLLM_HYB_Nano-Banana2-fake_71,MLLM,Nano Banana 2,modern,0.5093296542630539,0.5177598635066348,UNCERTAIN_AI,UNCERTAIN
MLLM_HYB_Nano-Banana2-fake_72,MLLM,Nano Banana 2,modern,0.1953809671449724,0.063257189923182,FALSE_REAL_AI,REAL
MLLM_HYB_Nano-Banana2-fake_73,MLLM,Nano Banana 2,modern,0.2254260762057306,0.0870371307070787,FALSE_REAL_AI,REAL
MLLM_HYB_Nano-Banana2-fake_74,MLLM,Nano Banana 2,modern,0.1448290404549942,0.0328840629028283,FALSE_REAL_AI,REAL
MLLM_HYB_Nano-Banana2-fake_75,MLLM,Nano Banana 2,modern,0.2092552326403307,0.0736828433998848,FALSE_REAL_AI,REAL
MLLM_HYB_Nano-Banana2-fake_76,MLLM,Nano Banana 2,modern,0.0350019894464518,0.001804598563486,FALSE_REAL_AI,REAL
MLLM_HYB_Nano-Banana2-fake_77,MLLM,Nano Banana 2,modern,0.0643211423874475,0.0060706392343126,FALSE_REAL_AI,REAL
MLLM_HYB_Nano-Banana2-fake_78,MLLM,Nano Banana 2,modern,0.0656519189637946,0.006327530734552,FALSE_REAL_AI,REAL
MLLM_HYB_Nano-Banana2-fake_79,MLLM,Nano Banana 2,modern,0.8319349693163594,0.9545896093207232,CORRECT_CONFIDENT_AI,AI-GENERATED
MLLM_HYB_Nano-Banana2-fake_8,MLLM,Nano Banana 2,modern,0.1044392313223661,0.0164349747755865,FALSE_REAL_AI,REAL
MLLM_HYB_Nano-Banana2-fake_80,MLLM,Nano Banana 2,modern,0.5085985781139055,0.5163689430932226,UNCERTAIN_AI,UNCERTAIN
MLLM_HYB_Nano-Banana2-fake_81,MLLM,Nano Banana 2,modern,0.337854741639907,0.2173360204988291,UNCERTAIN_AI,UNCERTAIN
MLLM_HYB_Nano-Banana2-fake_82,MLLM,Nano Banana 2,modern,0.0258603552950468,0.0009968170762165,FALSE_REAL_AI,REAL
MLLM_HYB_Nano-Banana2-fake_83,MLLM,Nano Banana 2,modern,0.4617968736128807,0.4276245215058821,UNCERTAIN_AI,UNCERTAIN
MLLM_HYB_Nano-Banana2-fake_84,MLLM,Nano Banana 2,modern,0.428947518131357,0.3670548391361345,UNCERTAIN_AI,UNCERTAIN
MLLM_HYB_Nano-Banana2-fake_85,MLLM,Nano Banana 2,modern,0.2681503493753207,0.1287740958329241,UNCERTAIN_AI,UNCERTAIN
MLLM_HYB_Nano-Banana2-fake_86,MLLM,Nano Banana 2,modern,0.2665875566059411,0.1270792856772597,UNCERTAIN_AI,UNCERTAIN
MLLM_HYB_Nano-Banana2-fake_87,MLLM,Nano Banana 2,modern,0.3420367949075981,0.2234335036677128,UNCERTAIN_AI,UNCERTAIN
MLLM_HYB_Nano-Banana2-fake_88,MLLM,Nano Banana 2,modern,0.295261988408021,0.1602242920983749,UNCERTAIN_AI,UNCERTAIN
MLLM_HYB_Nano-Banana2-fake_89,MLLM,Nano Banana 2,modern,0.3154114058728544,0.1860898632843101,UNCERTAIN_AI,UNCERTAIN
MLLM_HYB_Nano-Banana2-fake_9,MLLM,Nano Banana 2,modern,0.3718769004150226,0.2693118789438872,UNCERTAIN_AI,UNCERTAIN
MLLM_HYB_Nano-Banana2-fake_90,MLLM,Nano Banana 2,modern,0.3439143796449325,0.2261984690727158,UNCERTAIN_AI,UNCERTAIN
MLLM_HYB_Nano-Banana2-fake_91,MLLM,Nano Banana 2,modern,0.3807101969647489,0.2836461746934051,UNCERTAIN_AI,UNCERTAIN
MLLM_HYB_Nano-Banana2-fake_92,MLLM,Nano Banana 2,modern,0.0151651888983743,0.0003535926102853,FALSE_REAL_AI,REAL
MLLM_HYB_Nano-Banana2-fake_93,MLLM,Nano Banana 2,modern,0.0615828743548978,0.00555986051607,FALSE_REAL_AI,REAL
MLLM_HYB_Nano-Banana2-fake_94,MLLM,Nano Banana 2,modern,0.0323640280497697,0.001546806103078,FALSE_REAL_AI,REAL
MLLM_HYB_Nano-Banana2-fake_95,MLLM,Nano Banana 2,modern,0.8283504204859272,0.9524444163049564,CORRECT_CONFIDENT_AI,AI-GENERATED
MLLM_HYB_Nano-Banana2-fake_96,MLLM,Nano Banana 2,modern,0.1305067600200909,0.0263076256049381,FALSE_REAL_AI,REAL
MLLM_HYB_Nano-Banana2-fake_97,MLLM,Nano Banana 2,modern,0.2342800987985343,0.0949095746396622,FALSE_REAL_AI,REAL
MLLM_HYB_Nano-Banana2-fake_98,MLLM,Nano Banana 2,modern,0.2959991895322099,0.1611334276330816,UNCERTAIN_AI,UNCERTAIN
MLLM_HYB_Nano-Banana2-fake_99,MLLM,Nano Banana 2,modern,0.0538537725962542,0.0042456855356618,FALSE_REAL_AI,REAL
MLLM_STR_Nano-Banana2-fake_1,MLLM,Nano Banana 2,modern,0.6393190325641438,0.7483755546735187,UNCERTAIN_AI,UNCERTAIN
MLLM_STR_Nano-Banana2-fake_10,MLLM,Nano Banana 2,modern,0.0735606778997334,0.0079727324674923,FALSE_REAL_AI,REAL
MLLM_STR_Nano-Banana2-fake_100,MLLM,Nano Banana 2,modern,0.0821144394075037,0.0099854037270657,FALSE_REAL_AI,REAL
MLLM_STR_Nano-Banana2-fake_101,MLLM,Nano Banana 2,modern,0.0993853149779885,0.0148186880442958,FALSE_REAL_AI,REAL
MLLM_STR_Nano-Banana2-fake_102,MLLM,Nano Banana 2,modern,0.0168287312676439,0.0004324564376689,FALSE_REAL_AI,REAL
MLLM_STR_Nano-Banana2-fake_103,MLLM,Nano Banana 2,modern,0.0135848317755771,0.0002858902958978,FALSE_REAL_AI,REAL
MLLM_STR_Nano-Banana2-fake_104,MLLM,Nano Banana 2,modern,0.0200016277035984,0.0006044777365636,FALSE_REAL_AI,REAL
MLLM_STR_Nano-Banana2-fake_105,MLLM,Nano Banana 2,modern,0.0344302918924827,0.001747017217232,FALSE_REAL_AI,REAL
MLLM_STR_Nano-Banana2-fake_106,MLLM,Nano Banana 2,modern,0.439006944601352,0.3853524949421188,UNCERTAIN_AI,UNCERTAIN
MLLM_STR_Nano-Banana2-fake_107,MLLM,Nano Banana 2,modern,0.1606175715013471,0.0411379145489105,FALSE_REAL_AI,REAL
MLLM_STR_Nano-Banana2-fake_108,MLLM,Nano Banana 2,modern,0.0708762098009293,0.0073913797148912,FALSE_REAL_AI,REAL
MLLM_STR_Nano-Banana2-fake_109,MLLM,Nano Banana 2,modern,0.0328308987810655,0.0015909631163873,FALSE_REAL_AI,REAL
MLLM_STR_Nano-Banana2-fake_11,MLLM,Nano Banana 2,modern,0.3869811389561574,0.294016248198422,UNCERTAIN_AI,UNCERTAIN
MLLM_STR_Nano-Banana2-fake_110,MLLM,Nano Banana 2,modern,0.0869523355573258,0.0112338566639908,FALSE_REAL_AI,REAL
MLLM_STR_Nano-Banana2-fake_111,MLLM,Nano Banana 2,modern,0.0302663306928282,0.0013561608960828,FALSE_REAL_AI,REAL
MLLM_STR_Nano-Banana2-fake_112,MLLM,Nano Banana 2,modern,0.0440761528829903,0.0028468758143033,FALSE_REAL_AI,REAL
MLLM_STR_Nano-Banana2-fake_113,MLLM,Nano Banana 2,modern,0.1006545901137229,0.0152158267529169,FALSE_REAL_AI,REAL
MLLM_STR_Nano-Banana2-fake_114,MLLM,Nano Banana 2,modern,0.0399942621146897,0.0023479806224297,FALSE_REAL_AI,REAL
MLLM_STR_Nano-Banana2-fake_115,MLLM,Nano Banana 2,modern,0.099134758154,0.0147409844844427,FALSE_REAL_AI,REAL
MLLM_STR_Nano-Banana2-fake_116,MLLM,Nano Banana 2,modern,0.0141993527153991,0.0003113802118248,FALSE_REAL_AI,REAL
MLLM_STR_Nano-Banana2-fake_117,MLLM,Nano Banana 2,modern,0.0413988251812372,0.0025140689832398,FALSE_REAL_AI,REAL
MLLM_STR_Nano-Banana2-fake_118,MLLM,Nano Banana 2,modern,0.1040103364076402,0.0162941678657415,FALSE_REAL_AI,REAL
MLLM_STR_Nano-Banana2-fake_119,MLLM,Nano Banana 2,modern,0.0576949345475379,0.0048754315236226,FALSE_REAL_AI,REAL
MLLM_STR_Nano-Banana2-fake_12,MLLM,Nano Banana 2,modern,0.429476810142693,0.3680111279495313,UNCERTAIN_AI,UNCERTAIN
MLLM_STR_Nano-Banana2-fake_120,MLLM,Nano Banana 2,modern,0.0132076622513521,0.0002707727896398,FALSE_REAL_AI,REAL
MLLM_STR_Nano-Banana2-fake_121,MLLM,Nano Banana 2,modern,0.0507704940209111,0.0037731794665977,FALSE_REAL_AI,REAL
MLLM_STR_Nano-Banana2-fake_122,MLLM,Nano Banana 2,modern,0.0436643398587826,0.0027942955594263,FALSE_REAL_AI,REAL
MLLM_STR_Nano-Banana2-fake_123,MLLM,Nano Banana 2,modern,0.0430047355770918,0.0027111317100597,FALSE_REAL_AI,REAL
MLLM_STR_Nano-Banana2-fake_124,MLLM,Nano Banana 2,modern,0.0339610146908275,0.0017004609344467,FALSE_REAL_AI,REAL
MLLM_STR_Nano-Banana2-fake_125,MLLM,Nano Banana 2,modern,0.023613297004405,0.0008348487789606,FALSE_REAL_AI,REAL
MLLM_STR_Nano-Banana2-fake_126,MLLM,Nano Banana 2,modern,0.0377675422060075,0.0020965930648425,FALSE_REAL_AI,REAL
MLLM_STR_Nano-Banana2-fake_127,MLLM,Nano Banana 2,modern,0.0157464131053582,0.0003802613697648,FALSE_REAL_AI,REAL
MLLM_STR_Nano-Banana2-fake_128,MLLM,Nano Banana 2,modern,0.0272150482755731,0.0011014002009305,FALSE_REAL_AI,REAL
MLLM_STR_Nano-Banana2-fake_129,MLLM,Nano Banana 2,modern,0.0494338772644603,0.0035773880555225,FALSE_REAL_AI,REAL
MLLM_STR_Nano-Banana2-fake_13,MLLM,Nano Banana 2,modern,0.0222358496322556,0.0007426387691125,FALSE_REAL_AI,REAL
MLLM_STR_Nano-Banana2-fake_130,MLLM,Nano Banana 2,modern,0.0387784676497333,0.002208915267568,FALSE_REAL_AI,REAL
MLLM_STR_Nano-Banana2-fake_131,MLLM,Nano Banana 2,modern,0.027607522526373,0.0011326768762737,FALSE_REAL_AI,REAL
MLLM_STR_Nano-Banana2-fake_132,MLLM,Nano Banana 2,modern,0.0237247744475639,0.0008425463641779,FALSE_REAL_AI,REAL
MLLM_STR_Nano-Banana2-fake_133,MLLM,Nano Banana 2,modern,0.0191562791117883,0.0005558750488392,FALSE_REAL_AI,REAL
MLLM_STR_Nano-Banana2-fake_134,MLLM,Nano Banana 2,modern,0.0553949100864866,0.0044928441356855,FALSE_REAL_AI,REAL
MLLM_STR_Nano-Banana2-fake_135,MLLM,Nano Banana 2,modern,0.1154655914166045,0.0202912530777972,FALSE_REAL_AI,REAL
MLLM_STR_Nano-Banana2-fake_136,MLLM,Nano Banana 2,modern,0.0511906837462814,0.0038358565314501,FALSE_REAL_AI,REAL
MLLM_STR_Nano-Banana2-fake_137,MLLM,Nano Banana 2,modern,0.0531323605626352,0.0041325117401731,FALSE_REAL_AI,REAL
MLLM_STR_Nano-Banana2-fake_138,MLLM,Nano Banana 2,modern,0.0276215491836671,0.0011338028124063,FALSE_REAL_AI,REAL
MLLM_STR_Nano-Banana2-fake_139,MLLM,Nano Banana 2,modern,0.0321334025746593,0.001525225663928,FALSE_REAL_AI,REAL
MLLM_STR_Nano-Banana2-fake_14,MLLM,Nano Banana 2,modern,0.0484164703906013,0.0034319988655821,FALSE_REAL_AI,REAL
MLLM_STR_Nano-Banana2-fake_140,MLLM,Nano Banana 2,modern,0.0121575939658894,0.0002307989916063,FALSE_REAL_AI,REAL
MLLM_STR_Nano-Banana2-fake_141,MLLM,Nano Banana 2,modern,0.0378576942739026,0.0021064879145701,FALSE_REAL_AI,REAL
MLLM_STR_Nano-Banana2-fake_142,MLLM,Nano Banana 2,modern,0.0836631880665202,0.0103763061022208,FALSE_REAL_AI,REAL
MLLM_STR_Nano-Banana2-fake_143,MLLM,Nano Banana 2,modern,0.3038891903040181,0.1710412461303894,UNCERTAIN_AI,UNCERTAIN
MLLM_STR_Nano-Banana2-fake_144,MLLM,Nano Banana 2,modern,0.1125816034541583,0.0192382622344931,FALSE_REAL_AI,REAL
MLLM_STR_Nano-Banana2-fake_145,MLLM,Nano Banana 2,modern,0.0182928307937211,0.0005083105636755,FALSE_REAL_AI,REAL
MLLM_STR_Nano-Banana2-fake_146,MLLM,Nano Banana 2,modern,0.0598649761416025,0.0052515701398099,FALSE_REAL_AI,REAL
MLLM_STR_Nano-Banana2-fake_147,MLLM,Nano Banana 2,modern,0.0171739689866541,0.0004497992656312,FALSE_REAL_AI,REAL
MLLM_STR_Nano-Banana2-fake_148,MLLM,Nano Banana 2,modern,0.0506364742517691,0.003753302075492,FALSE_REAL_AI,REAL
MLLM_STR_Nano-Banana2-fake_149,MLLM,Nano Banana 2,modern,0.055985659533059,0.0045895374367264,FALSE_REAL_AI,REAL
MLLM_STR_Nano-Banana2-fake_15,MLLM,Nano Banana 2,modern,0.1534182029668302,0.0372406597594481,FALSE_REAL_AI,REAL
MLLM_STR_Nano-Banana2-fake_150,MLLM,Nano Banana 2,modern,0.02542680500801,0.0009644502022392,FALSE_REAL_AI,REAL
MLLM_STR_Nano-Banana2-fake_151,MLLM,Nano Banana 2,modern,0.0245695795535061,0.0009020258535358,FALSE_REAL_AI,REAL
MLLM_STR_Nano-Banana2-fake_152,MLLM,Nano Banana 2,modern,0.0158483038945916,0.0003850344785482,FALSE_REAL_AI,REAL
MLLM_STR_Nano-Banana2-fake_153,MLLM,Nano Banana 2,modern,0.0178208314352386,0.0004831973556255,FALSE_REAL_AI,REAL
MLLM_STR_Nano-Banana2-fake_154,MLLM,Nano Banana 2,modern,0.147380577034009,0.0341453966269596,FALSE_REAL_AI,REAL
MLLM_STR_Nano-Banana2-fake_155,MLLM,Nano Banana 2,modern,0.0280484979599106,0.0011683433460967,FALSE_REAL_AI,REAL
MLLM_STR_Nano-Banana2-fake_156,MLLM,Nano Banana 2,modern,0.0258272694199232,0.0009943281956563,FALSE_REAL_AI,REAL
MLLM_STR_Nano-Banana2-fake_157,MLLM,Nano Banana 2,modern,0.0945275702680994,0.0133525784496533,FALSE_REAL_AI,REAL
MLLM_STR_Nano-Banana2-fake_158,MLLM,Nano Banana 2,modern,0.0691315169398377,0.0070262290491133,FALSE_REAL_AI,REAL
MLLM_STR_Nano-Banana2-fake_159,MLLM,Nano Banana 2,modern,0.0245624268153099,0.0009015137589146,FALSE_REAL_AI,REAL
MLLM_STR_Nano-Banana2-fake_16,MLLM,Nano Banana 2,modern,0.1769921614944766,0.0508615294681755,FALSE_REAL_AI,REAL
MLLM_STR_Nano-Banana2-fake_160,MLLM,Nano Banana 2,modern,0.0163044993928982,0.000406763453332,FALSE_REAL_AI,REAL
MLLM_STR_Nano-Banana2-fake_161,MLLM,Nano Banana 2,modern,0.0080020797133028,0.0001032606280165,FALSE_REAL_AI,REAL
MLLM_STR_Nano-Banana2-fake_162,MLLM,Nano Banana 2,modern,0.0176044706901749,0.0004718953405861,FALSE_REAL_AI,REAL
MLLM_STR_Nano-Banana2-fake_163,MLLM,Nano Banana 2,modern,0.0227357439284933,0.0007754822836089,FALSE_REAL_AI,REAL
MLLM_STR_Nano-Banana2-fake_164,MLLM,Nano Banana 2,modern,0.019327255589841,0.0005655427174623,FALSE_REAL_AI,REAL
MLLM_STR_Nano-Banana2-fake_165,MLLM,Nano Banana 2,modern,0.0657698362566737,0.0063505678092539,FALSE_REAL_AI,REAL
MLLM_STR_Nano-Banana2-fake_166,MLLM,Nano Banana 2,modern,0.0617468397102998,0.0055897738443592,FALSE_REAL_AI,REAL
MLLM_STR_Nano-Banana2-fake_167,MLLM,Nano Banana 2,modern,0.0818745265684163,0.0099255837165466,FALSE_REAL_AI,REAL
MLLM_STR_Nano-Banana2-fake_168,MLLM,Nano Banana 2,modern,0.01880983694469,0.0005365384214792,FALSE_REAL_AI,REAL
MLLM_STR_Nano-Banana2-fake_169,MLLM,Nano Banana 2,modern,0.3490801223159168,0.2338923360317941,UNCERTAIN_AI,UNCERTAIN
MLLM_STR_Nano-Banana2-fake_17,MLLM,Nano Banana 2,modern,0.0563405202860979,0.0046481423889539,FALSE_REAL_AI,REAL
MLLM_STR_Nano-Banana2-fake_170,MLLM,Nano Banana 2,modern,0.0479234351365367,0.0033626725931775,FALSE_REAL_AI,REAL
MLLM_STR_Nano-Banana2-fake_171,MLLM,Nano Banana 2,modern,0.0532695213334896,0.0041539057486103,FALSE_REAL_AI,REAL
MLLM_STR_Nano-Banana2-fake_172,MLLM,Nano Banana 2,modern,0.0090526632807995,0.0001308616071483,FALSE_REAL_AI,REAL
MLLM_STR_Nano-Banana2-fake_173,MLLM,Nano Banana 2,modern,0.0678654687213218,0.0067674685031352,FALSE_REAL_AI,REAL
MLLM_STR_Nano-Banana2-fake_174,MLLM,Nano Banana 2,modern,0.0206340580141735,0.0006421565048024,FALSE_REAL_AI,REAL
MLLM_STR_Nano-Banana2-fake_175,MLLM,Nano Banana 2,modern,0.0357602199147377,0.0018824340649214,FALSE_REAL_AI,REAL
MLLM_STR_Nano-Banana2-fake_176,MLLM,Nano Banana 2,modern,0.0275465743125106,0.0011277910151586,FALSE_REAL_AI,REAL
MLLM_STR_Nano-Banana2-fake_177,MLLM,Nano Banana 2,modern,0.037417595929653,0.0020584095636653,FALSE_REAL_AI,REAL
MLLM_STR_Nano-Banana2-fake_178,MLLM,Nano Banana 2,modern,0.1076565102445557,0.0175129619265337,FALSE_REAL_AI,REAL
MLLM_STR_Nano-Banana2-fake_179,MLLM,Nano Banana 2,modern,0.0820957180065668,0.0099807286547933,FALSE_REAL_AI,REAL
MLLM_STR_Nano-Banana2-fake_18,MLLM,Nano Banana 2,modern,0.0510694107951779,0.0038177115861675,FALSE_REAL_AI,REAL
MLLM_STR_Nano-Banana2-fake_180,MLLM,Nano Banana 2,modern,0.016588960061518,0.0004206090831842,FALSE_REAL_AI,REAL
MLLM_STR_Nano-Banana2-fake_181,MLLM,Nano Banana 2,modern,0.0397378411358301,0.0023182881880399,FALSE_REAL_AI,REAL
MLLM_STR_Nano-Banana2-fake_182,MLLM,Nano Banana 2,modern,0.0436879156735959,0.0027972920519698,FALSE_REAL_AI,REAL
MLLM_STR_Nano-Banana2-fake_183,MLLM,Nano Banana 2,modern,0.1736640674176361,0.048786785989487,FALSE_REAL_AI,REAL
MLLM_STR_Nano-Banana2-fake_184,MLLM,Nano Banana 2,modern,0.1011144677405804,0.0153611649855906,FALSE_REAL_AI,REAL
MLLM_STR_Nano-Banana2-fake_185,MLLM,Nano Banana 2,modern,0.0204862454369093,0.0006332491288568,FALSE_REAL_AI,REAL
MLLM_STR_Nano-Banana2-fake_186,MLLM,Nano Banana 2,modern,0.0308997566955853,0.0014123934535464,FALSE_REAL_AI,REAL
MLLM_STR_Nano-Banana2-fake_187,MLLM,Nano Banana 2,modern,0.1624228489723678,0.0421508866669731,FALSE_REAL_AI,REAL
MLLM_STR_Nano-Banana2-fake_188,MLLM,Nano Banana 2,modern,0.052270280510317,0.0039993719577189,FALSE_REAL_AI,REAL
MLLM_STR_Nano-Banana2-fake_189,MLLM,Nano Banana 2,modern,0.167942538018983,0.0453381106014618,FALSE_REAL_AI,REAL
MLLM_STR_Nano-Banana2-fake_19,MLLM,Nano Banana 2,modern,0.0738949428582418,0.0080467870274403,FALSE_REAL_AI,REAL
MLLM_STR_Nano-Banana2-fake_190,MLLM,Nano Banana 2,modern,0.0982319370903021,0.0144628859245604,FALSE_REAL_AI,REAL
MLLM_STR_Nano-Banana2-fake_191,MLLM,Nano Banana 2,modern,0.114377893852807,0.0198903836855718,FALSE_REAL_AI,REAL
MLLM_STR_Nano-Banana2-fake_192,MLLM,Nano Banana 2,modern,0.0612929800582824,0.0055071817326011,FALSE_REAL_AI,REAL
MLLM_STR_Nano-Banana2-fake_193,MLLM,Nano Banana 2,modern,0.0608014580992089,0.0054184720826306,FALSE_REAL_AI,REAL
MLLM_STR_Nano-Banana2-fake_194,MLLM,Nano Banana 2,modern,0.0139406388664562,0.0003005192157908,FALSE_REAL_AI,REAL
MLLM_STR_Nano-Banana2-fake_195,MLLM,Nano Banana 2,modern,0.0136915705599668,0.000290241363958,FALSE_REAL_AI,REAL
MLLM_STR_Nano-Banana2-fake_196,MLLM,Nano Banana 2,modern,0.0288764034817198,0.0012368065831574,FALSE_REAL_AI,REAL
MLLM_STR_Nano-Banana2-fake_197,MLLM,Nano Banana 2,modern,0.1933355764404162,0.0617991929985276,FALSE_REAL_AI,REAL
MLLM_STR_Nano-Banana2-fake_198,MLLM,Nano Banana 2,modern,0.0848077891234916,0.0106704916519942,FALSE_REAL_AI,REAL
MLLM_STR_Nano-Banana2-fake_199,MLLM,Nano Banana 2,modern,0.0680405658743033,0.0068029453045075,FALSE_REAL_AI,REAL
MLLM_STR_Nano-Banana2-fake_2,MLLM,Nano Banana 2,modern,0.5208919142093739,0.5397211163184286,UNCERTAIN_AI,UNCERTAIN
MLLM_STR_Nano-Banana2-fake_20,MLLM,Nano Banana 2,modern,0.07907419291302,0.009241823643113,FALSE_REAL_AI,REAL
MLLM_STR_Nano-Banana2-fake_200,MLLM,Nano Banana 2,modern,0.0193621815098418,0.000567527696554,FALSE_REAL_AI,REAL
MLLM_STR_Nano-Banana2-fake_201,MLLM,Nano Banana 2,modern,0.0066083401679814,7.153700216580943e-05,FALSE_REAL_AI,REAL
MLLM_STR_Nano-Banana2-fake_202,MLLM,Nano Banana 2,modern,0.0505217174903124,0.0037363253047093,FALSE_REAL_AI,REAL
MLLM_STR_Nano-Banana2-fake_203,MLLM,Nano Banana 2,modern,0.1190903451759912,0.0216600307531198,FALSE_REAL_AI,REAL
MLLM_STR_Nano-Banana2-fake_204,MLLM,Nano Banana 2,modern,0.1824203460397516,0.0543552571226338,FALSE_REAL_AI,REAL
MLLM_STR_Nano-Banana2-fake_205,MLLM,Nano Banana 2,modern,0.0724222228354879,0.0077232866740644,FALSE_REAL_AI,REAL
MLLM_STR_Nano-Banana2-fake_206,MLLM,Nano Banana 2,modern,0.0156981588292641,0.0003780110796011,FALSE_REAL_AI,REAL
MLLM_STR_Nano-Banana2-fake_207,MLLM,Nano Banana 2,modern,0.0167895724055527,0.0004305104995347,FALSE_REAL_AI,REAL
MLLM_STR_Nano-Banana2-fake_208,MLLM,Nano Banana 2,modern,0.0494920510965789,0.0035857962474798,FALSE_REAL_AI,REAL
MLLM_STR_Nano-Banana2-fake_209,MLLM,Nano Banana 2,modern,0.0695676623809345,0.007116578683781,FALSE_REAL_AI,REAL
MLLM_STR_Nano-Banana2-fake_21,MLLM,Nano Banana 2,modern,0.0396544855981739,0.0023086777406864,FALSE_REAL_AI,REAL
MLLM_STR_Nano-Banana2-fake_210,MLLM,Nano Banana 2,modern,0.0141298292603856,0.0003084430345348,FALSE_REAL_AI,REAL
MLLM_STR_Nano-Banana2-fake_211,MLLM,Nano Banana 2,modern,0.024810124639544,0.0009193320476762,FALSE_REAL_AI,REAL
MLLM_STR_Nano-Banana2-fake_212,MLLM,Nano Banana 2,modern,0.0263562553286279,0.0010344943394735,FALSE_REAL_AI,REAL
MLLM_STR_Nano-Banana2-fake_213,MLLM,Nano Banana 2,modern,0.0716909517915527,0.0075653136893217,FALSE_REAL_AI,REAL
MLLM_STR_Nano-Banana2-fake_214,MLLM,Nano Banana 2,modern,0.0444084509933814,0.0028896730690725,FALSE_REAL_AI,REAL
MLLM_STR_Nano-Banana2-fake_215,MLLM,Nano Banana 2,modern,0.0134981071636426,0.000282378731347,FALSE_REAL_AI,REAL
MLLM_STR_Nano-Banana2-fake_216,MLLM,Nano Banana 2,modern,0.1077247540564722,0.0175362453127338,FALSE_REAL_AI,REAL
MLLM_STR_Nano-Banana2-fake_217,MLLM,Nano Banana 2,modern,0.0353841435066232,0.0018436190573154,FALSE_REAL_AI,REAL
MLLM_STR_Nano-Banana2-fake_218,MLLM,Nano Banana 2,modern,0.0184094514924452,0.0005146121427289,FALSE_REAL_AI,REAL
MLLM_STR_Nano-Banana2-fake_219,MLLM,Nano Banana 2,modern,0.0668594631081182,0.0065655646834478,FALSE_REAL_AI,REAL
MLLM_STR_Nano-Banana2-fake_22,MLLM,Nano Banana 2,modern,0.0215957186682293,0.0007016131962675,FALSE_REAL_AI,REAL
MLLM_STR_Nano-Banana2-fake_220,MLLM,Nano Banana 2,modern,0.0941475933637362,0.013241468886745,FALSE_REAL_AI,REAL
MLLM_STR_Nano-Banana2-fake_221,MLLM,Nano Banana 2,modern,0.0796610298823283,0.009382909902302,FALSE_REAL_AI,REAL
MLLM_STR_Nano-Banana2-fake_222,MLLM,Nano Banana 2,modern,0.0241465857490622,0.0008719914841142,FALSE_REAL_AI,REAL
MLLM_STR_Nano-Banana2-fake_223,MLLM,Nano Banana 2,modern,0.0018321160632445,6.161731278539173e-06,FALSE_REAL_AI,REAL
MLLM_STR_Nano-Banana2-fake_224,MLLM,Nano Banana 2,modern,0.0196085166184301,0.0005816255398376,FALSE_REAL_AI,REAL
MLLM_STR_Nano-Banana2-fake_225,MLLM,Nano Banana 2,modern,0.0682581787403482,0.0068471749932289,FALSE_REAL_AI,REAL
MLLM_STR_Nano-Banana2-fake_226,MLLM,Nano Banana 2,modern,0.067586639748886,0.0067111796203343,FALSE_REAL_AI,REAL
MLLM_STR_Nano-Banana2-fake_227,MLLM,Nano Banana 2,modern,0.0447990299144433,0.002940398785997,FALSE_REAL_AI,REAL
MLLM_STR_Nano-Banana2-fake_228,MLLM,Nano Banana 2,modern,0.0730237408934109,0.0078545511639841,FALSE_REAL_AI,REAL
MLLM_STR_Nano-Banana2-fake_229,MLLM,Nano Banana 2,modern,0.1620794046917002,0.0419570621961189,FALSE_REAL_AI,REAL
MLLM_STR_Nano-Banana2-fake_23,MLLM,Nano Banana 2,modern,0.0094642382008093,0.0001425341599742,FALSE_REAL_AI,REAL
MLLM_STR_Nano-Banana2-fake_230,MLLM,Nano Banana 2,modern,0.0979253579563677,0.0143691204007292,FALSE_REAL_AI,REAL
MLLM_STR_Nano-Banana2-fake_231,MLLM,Nano Banana 2,modern,0.0606158240840964,0.0053851678186831,FALSE_REAL_AI,REAL
MLLM_STR_Nano-Banana2-fake_232,MLLM,Nano Banana 2,modern,0.126418515276501,0.0245838849471955,FALSE_REAL_AI,REAL
MLLM_STR_Nano-Banana2-fake_233,MLLM,Nano Banana 2,modern,0.0742689896911047,0.0081300941515211,FALSE_REAL_AI,REAL
MLLM_STR_Nano-Banana2-fake_234,MLLM,Nano Banana 2,modern,0.0276011301200728,0.001132163936702,FALSE_REAL_AI,REAL
MLLM_STR_Nano-Banana2-fake_235,MLLM,Nano Banana 2,modern,0.0856062358686883,0.0108783816905447,FALSE_REAL_AI,REAL
MLLM_STR_Nano-Banana2-fake_236,MLLM,Nano Banana 2,modern,0.055071962430996,0.0044404424495422,FALSE_REAL_AI,REAL
MLLM_STR_Nano-Banana2-fake_237,MLLM,Nano Banana 2,modern,0.0166527570446352,0.0004237455604375,FALSE_REAL_AI,REAL
MLLM_STR_Nano-Banana2-fake_238,MLLM,Nano Banana 2,modern,0.0683301528262155,0.0068618375285391,FALSE_REAL_AI,REAL
MLLM_STR_Nano-Banana2-fake_239,MLLM,Nano Banana 2,modern,0.0347876821228184,0.0017829022498917,FALSE_REAL_AI,REAL
MLLM_STR_Nano-Banana2-fake_24,MLLM,Nano Banana 2,modern,0.0056025000360747,5.213783691317848e-05,FALSE_REAL_AI,REAL
MLLM_STR_Nano-Banana2-fake_240,MLLM,Nano Banana 2,modern,0.0129731461149122,0.0002615753468362,FALSE_REAL_AI,REAL
MLLM_STR_Nano-Banana2-fake_241,MLLM,Nano Banana 2,modern,0.0470164672114341,0.0032370631633654,FALSE_REAL_AI,REAL
MLLM_STR_Nano-Banana2-fake_242,MLLM,Nano Banana 2,modern,0.0407345505609691,0.0024347919671339,FALSE_REAL_AI,REAL
MLLM_STR_Nano-Banana2-fake_243,MLLM,Nano Banana 2,modern,0.3265954306267685,0.2013455982215657,UNCERTAIN_AI,UNCERTAIN
MLLM_STR_Nano-Banana2-fake_244,MLLM,Nano Banana 2,modern,0.0078382172741053,9.924070169165856e-05,FALSE_REAL_AI,REAL
MLLM_STR_Nano-Banana2-fake_245,MLLM,Nano Banana 2,modern,0.1521657343812834,0.0365856909749626,FALSE_REAL_AI,REAL
MLLM_STR_Nano-Banana2-fake_246,MLLM,Nano Banana 2,modern,0.0791540840321105,0.0092609624775795,FALSE_REAL_AI,REAL
MLLM_STR_Nano-Banana2-fake_247,MLLM,Nano Banana 2,modern,0.0381947456837464,0.0021436929175862,FALSE_REAL_AI,REAL
MLLM_STR_Nano-Banana2-fake_248,MLLM,Nano Banana 2,modern,0.0206278749916324,0.000641782672482,FALSE_REAL_AI,REAL
MLLM_STR_Nano-Banana2-fake_249,MLLM,Nano Banana 2,modern,0.0172241622279867,0.0004523486315987,FALSE_REAL_AI,REAL
MLLM_STR_Nano-Banana2-fake_25,MLLM,Nano Banana 2,modern,0.0462024011244337,0.0031264338728819,FALSE_REAL_AI,REAL
MLLM_STR_Nano-Banana2-fake_250,MLLM,Nano Banana 2,modern,0.0266591073741031,0.0010578486758785,FALSE_REAL_AI,REAL
MLLM_STR_Nano-Banana2-fake_251,MLLM,Nano Banana 2,modern,0.4296555574521872,0.3683342454774087,UNCERTAIN_AI,UNCERTAIN
MLLM_STR_Nano-Banana2-fake_252,MLLM,Nano Banana 2,modern,0.1380188768703518,0.0296514062799535,FALSE_REAL_AI,REAL
MLLM_STR_Nano-Banana2-fake_253,MLLM,Nano Banana 2,modern,0.0278836997029626,0.0011549493159905,FALSE_REAL_AI,REAL
MLLM_STR_Nano-Banana2-fake_254,MLLM,Nano Banana 2,modern,0.2173433008967175,0.0801982124248978,FALSE_REAL_AI,REAL
MLLM_STR_Nano-Banana2-fake_255,MLLM,Nano Banana 2,modern,0.0724853655394367,0.0077370097170545,FALSE_REAL_AI,REAL
MLLM_STR_Nano-Banana2-fake_256,MLLM,Nano Banana 2,modern,0.0443115507168204,0.0028771590073706,FALSE_REAL_AI,REAL
MLLM_STR_Nano-Banana2-fake_257,MLLM,Nano Banana 2,modern,0.0224007787790755,0.0007533966392739,FALSE_REAL_AI,REAL
MLLM_STR_Nano-Banana2-fake_258,MLLM,Nano Banana 2,modern,0.0527811745473327,0.0040779986129874,FALSE_REAL_AI,REAL
MLLM_STR_Nano-Banana2-fake_259,MLLM,Nano Banana 2,modern,0.0652673933133675,0.0062527181136748,FALSE_REAL_AI,REAL
MLLM_STR_Nano-Banana2-fake_26,MLLM,Nano Banana 2,modern,0.0367637080789527,0.0019880230155354,FALSE_REAL_AI,REAL
MLLM_STR_Nano-Banana2-fake_260,MLLM,Nano Banana 2,modern,0.1604738181401647,0.0410578717229292,FALSE_REAL_AI,REAL
MLLM_STR_Nano-Banana2-fake_261,MLLM,Nano Banana 2,modern,0.01953452267664,0.0005773728690889,FALSE_REAL_AI,REAL
MLLM_STR_Nano-Banana2-fake_262,MLLM,Nano Banana 2,modern,0.021572624321096,0.0007001547354891,FALSE_REAL_AI,REAL
MLLM_STR_Nano-Banana2-fake_263,MLLM,Nano Banana 2,modern,0.0371028716825307,0.0020243755145741,FALSE_REAL_AI,REAL
MLLM_STR_Nano-Banana2-fake_264,MLLM,Nano Banana 2,modern,0.0126618985473966,0.0002496082587698,FALSE_REAL_AI,REAL
MLLM_STR_Nano-Banana2-fake_265,MLLM,Nano Banana 2,modern,0.0136742064677474,0.0002895313517151,FALSE_REAL_AI,REAL
MLLM_STR_Nano-Banana2-fake_266,MLLM,Nano Banana 2,modern,0.0394813251614834,0.0022887787307166,FALSE_REAL_AI,REAL
MLLM_STR_Nano-Banana2-fake_267,MLLM,Nano Banana 2,modern,0.0670341716262975,0.0066003933979067,FALSE_REAL_AI,REAL
MLLM_STR_Nano-Banana2-fake_268,MLLM,Nano Banana 2,modern,0.0095527643124359,0.0001451079104375,FALSE_REAL_AI,REAL
MLLM_STR_Nano-Banana2-fake_269,MLLM,Nano Banana 2,modern,0.0530199952158458,0.0041150284391327,FALSE_REAL_AI,REAL
MLLM_STR_Nano-Banana2-fake_27,MLLM,Nano Banana 2,modern,0.010570030166731,0.000176282966784,FALSE_REAL_AI,REAL
MLLM_STR_Nano-Banana2-fake_270,MLLM,Nano Banana 2,modern,0.0436948003447639,0.0027981674085437,FALSE_REAL_AI,REAL
MLLM_STR_Nano-Banana2-fake_271,MLLM,Nano Banana 2,modern,0.0117565829805449,0.0002163552142431,FALSE_REAL_AI,REAL
MLLM_STR_Nano-Banana2-fake_272,MLLM,Nano Banana 2,modern,0.0550373741458085,0.0044348493098253,FALSE_REAL_AI,REAL
MLLM_STR_Nano-Banana2-fake_273,MLLM,Nano Banana 2,modern,0.2611588170721149,0.1212918852399796,FALSE_REAL_AI,REAL
MLLM_STR_Nano-Banana2-fake_274,MLLM,Nano Banana 2,modern,0.014655482333516,0.0003309881935126,FALSE_REAL_AI,REAL
MLLM_STR_Nano-Banana2-fake_275,MLLM,Nano Banana 2,modern,0.020058813855649,0.00060783836568,FALSE_REAL_AI,REAL
MLLM_STR_Nano-Banana2-fake_276,MLLM,Nano Banana 2,modern,0.0104607909646787,0.000172794337084,FALSE_REAL_AI,REAL
MLLM_STR_Nano-Banana2-fake_277,MLLM,Nano Banana 2,modern,0.0322446008580062,0.001535611710838,FALSE_REAL_AI,REAL
MLLM_STR_Nano-Banana2-fake_278,MLLM,Nano Banana 2,modern,0.094342417002019,0.0132983731971326,FALSE_REAL_AI,REAL
MLLM_STR_Nano-Banana2-fake_279,MLLM,Nano Banana 2,modern,0.0718388494654449,0.0075971213051377,FALSE_REAL_AI,REAL
MLLM_STR_Nano-Banana2-fake_28,MLLM,Nano Banana 2,modern,0.023448724455268,0.0008235493029757,FALSE_REAL_AI,REAL
MLLM_STR_Nano-Banana2-fake_280,MLLM,Nano Banana 2,modern,0.0296272365088556,0.0013005932072251,FALSE_REAL_AI,REAL
MLLM_STR_Nano-Banana2-fake_281,MLLM,Nano Banana 2,modern,0.0899259376127282,0.0120414749343316,FALSE_REAL_AI,REAL
MLLM_STR_Nano-Banana2-fake_282,MLLM,Nano Banana 2,modern,0.0400573821525096,0.0023553194005074,FALSE_REAL_AI,REAL
MLLM_STR_Nano-Banana2-fake_283,MLLM,Nano Banana 2,modern,0.0448350489990167,0.0029450997034958,FALSE_REAL_AI,REAL
MLLM_STR_Nano-Banana2-fake_284,MLLM,Nano Banana 2,modern,0.0407295115312136,0.0024341955811752,FALSE_REAL_AI,REAL
MLLM_STR_Nano-Banana2-fake_285,MLLM,Nano Banana 2,modern,0.0151667111651556,0.0003536612153539,FALSE_REAL_AI,REAL
MLLM_STR_Nano-Banana2-fake_286,MLLM,Nano Banana 2,modern,0.0234852048618623,0.0008260474120965,FALSE_REAL_AI,REAL
MLLM_STR_Nano-Banana2-fake_287,MLLM,Nano Banana 2,modern,0.0646175916929149,0.0061273734739014,FALSE_REAL_AI,REAL
MLLM_STR_Nano-Banana2-fake_288,MLLM,Nano Banana 2,modern,0.0237878339287698,0.0008469162544781,FALSE_REAL_AI,REAL
MLLM_STR_Nano-Banana2-fake_289,MLLM,Nano Banana 2,modern,0.1055399730323521,0.0167994641359007,FALSE_REAL_AI,REAL
MLLM_STR_Nano-Banana2-fake_29,MLLM,Nano Banana 2,modern,0.05250712945204,0.0040357232984833,FALSE_REAL_AI,REAL
MLLM_STR_Nano-Banana2-fake_290,MLLM,Nano Banana 2,modern,0.355813436552992,0.2441089663783084,UNCERTAIN_AI,UNCERTAIN
MLLM_STR_Nano-Banana2-fake_291,MLLM,Nano Banana 2,modern,0.0433563708357584,0.0027553049416536,FALSE_REAL_AI,REAL
MLLM_STR_Nano-Banana2-fake_292,MLLM,Nano Banana 2,modern,0.0396791254019751,0.0023115164456249,FALSE_REAL_AI,REAL
MLLM_STR_Nano-Banana2-fake_293,MLLM,Nano Banana 2,modern,0.0531561889966341,0.0041362242829588,FALSE_REAL_AI,REAL
MLLM_STR_Nano-Banana2-fake_294,MLLM,Nano Banana 2,modern,0.0599779103628925,0.0052715507442477,FALSE_REAL_AI,REAL
MLLM_STR_Nano-Banana2-fake_295,MLLM,Nano Banana 2,modern,0.0472008655927351,0.0032623999484572,FALSE_REAL_AI,REAL
MLLM_STR_Nano-Banana2-fake_296,MLLM,Nano Banana 2,modern,0.0134666254634575,0.0002811092528287,FALSE_REAL_AI,REAL
MLLM_STR_Nano-Banana2-fake_297,MLLM,Nano Banana 2,modern,0.1057518537049325,0.0168701397454025,FALSE_REAL_AI,REAL
MLLM_STR_Nano-Banana2-fake_298,MLLM,Nano Banana 2,modern,0.0436025815877187,0.0027864539306077,FALSE_REAL_AI,REAL
MLLM_STR_Nano-Banana2-fake_299,MLLM,Nano Banana 2,modern,0.0662578525452699,0.0064463859849895,FALSE_REAL_AI,REAL
MLLM_STR_Nano-Banana2-fake_3,MLLM,Nano Banana 2,modern,0.2486020351427925,0.1084984191257681,FALSE_REAL_AI,REAL
MLLM_STR_Nano-Banana2-fake_30,MLLM,Nano Banana 2,modern,0.0531111364233198,0.0041292064268945,FALSE_REAL_AI,REAL
MLLM_STR_Nano-Banana2-fake_300,MLLM,Nano Banana 2,modern,0.0465253479934652,0.003170082513402,FALSE_REAL_AI,REAL
MLLM_STR_Nano-Banana2-fake_301,MLLM,Nano Banana 2,modern,0.2622858340413457,0.1224806045542742,FALSE_REAL_AI,REAL
MLLM_STR_Nano-Banana2-fake_302,MLLM,Nano Banana 2,modern,0.0878312106699333,0.0114693428987637,FALSE_REAL_AI,REAL
MLLM_STR_Nano-Banana2-fake_303,MLLM,Nano Banana 2,modern,0.0202515324154362,0.0006192316700078,FALSE_REAL_AI,REAL
MLLM_STR_Nano-Banana2-fake_304,MLLM,Nano Banana 2,modern,0.0364681404862137,0.001956617430826,FALSE_REAL_AI,REAL
MLLM_STR_Nano-Banana2-fake_305,MLLM,Nano Banana 2,modern,0.0206350903812173,0.000642218933355,FALSE_REAL_AI,REAL
MLLM_STR_Nano-Banana2-fake_306,MLLM,Nano Banana 2,modern,0.0085258123280813,0.0001166253807417,FALSE_REAL_AI,REAL
MLLM_STR_Nano-Banana2-fake_307,MLLM,Nano Banana 2,modern,0.563573206979125,0.6193646742168514,UNCERTAIN_AI,UNCERTAIN
MLLM_STR_Nano-Banana2-fake_308,MLLM,Nano Banana 2,modern,0.0132658961488814,0.0002730806997075,FALSE_REAL_AI,REAL
MLLM_STR_Nano-Banana2-fake_309,MLLM,Nano Banana 2,modern,0.0139078236380242,0.0002991550882416,FALSE_REAL_AI,REAL
MLLM_STR_Nano-Banana2-fake_31,MLLM,Nano Banana 2,modern,0.0691677520632918,0.007033711708784,FALSE_REAL_AI,REAL
MLLM_STR_Nano-Banana2-fake_310,MLLM,Nano Banana 2,modern,0.0356689767191584,0.0018729789608964,FALSE_REAL_AI,REAL
MLLM_STR_Nano-Banana2-fake_311,MLLM,Nano Banana 2,modern,0.0151611763706469,0.0003534118061399,FALSE_REAL_AI,REAL
MLLM_STR_Nano-Banana2-fake_312,MLLM,Nano Banana 2,modern,0.3095951925417098,0.1784080469603388,UNCERTAIN_AI,UNCERTAIN
MLLM_STR_Nano-Banana2-fake_313,MLLM,Nano Banana 2,modern,0.2216138750188525,0.0837704844511122,FALSE_REAL_AI,REAL
MLLM_STR_Nano-Banana2-fake_32,MLLM,Nano Banana 2,modern,0.0339654103083299,0.0017008940528242,FALSE_REAL_AI,REAL
MLLM_STR_Nano-Banana2-fake_33,MLLM,Nano Banana 2,modern,0.0358447377204002,0.0018912138947793,FALSE_REAL_AI,REAL
MLLM_STR_Nano-Banana2-fake_34,MLLM,Nano Banana 2,modern,0.0040288423898424,2.7744399677918024e-05,FALSE_REAL_AI,REAL
MLLM_STR_Nano-Banana2-fake_35,MLLM,Nano Banana 2,modern,0.0796886834539513,0.0093895870570932,FALSE_REAL_AI,REAL
MLLM_STR_Nano-Banana2-fake_36,MLLM,Nano Banana 2,modern,0.0081455855705807,0.0001068444555611,FALSE_REAL_AI,REAL
MLLM_STR_Nano-Banana2-fake_37,MLLM,Nano Banana 2,modern,0.0128188807340957,0.0002556098567178,FALSE_REAL_AI,REAL
MLLM_STR_Nano-Banana2-fake_38,MLLM,Nano Banana 2,modern,0.024868099920732,0.0009235276884466,FALSE_REAL_AI,REAL
MLLM_STR_Nano-Banana2-fake_39,MLLM,Nano Banana 2,modern,0.0060490166396137,6.0385873398869475e-05,FALSE_REAL_AI,REAL
MLLM_STR_Nano-Banana2-fake_4,MLLM,Nano Banana 2,modern,0.2078460869647863,0.0725809335888571,FALSE_REAL_AI,REAL
MLLM_STR_Nano-Banana2-fake_40,MLLM,Nano Banana 2,modern,0.0089279121826078,0.0001274190100287,FALSE_REAL_AI,REAL
MLLM_STR_Nano-Banana2-fake_41,MLLM,Nano Banana 2,modern,0.2045869830483629,0.0700698996767874,FALSE_REAL_AI,REAL
MLLM_STR_Nano-Banana2-fake_42,MLLM,Nano Banana 2,modern,0.0706917037727029,0.0073522932012759,FALSE_REAL_AI,REAL
MLLM_STR_Nano-Banana2-fake_43,MLLM,Nano Banana 2,modern,0.0321845089116207,0.0015299946221294,FALSE_REAL_AI,REAL
MLLM_STR_Nano-Banana2-fake_44,MLLM,Nano Banana 2,modern,0.0051594165359277,4.453015141769312e-05,FALSE_REAL_AI,REAL
MLLM_STR_Nano-Banana2-fake_45,MLLM,Nano Banana 2,modern,0.0221347867923793,0.0007360847253321,FALSE_REAL_AI,REAL
MLLM_STR_Nano-Banana2-fake_46,MLLM,Nano Banana 2,modern,0.0119284211972809,0.0002224888889994,FALSE_REAL_AI,REAL
MLLM_STR_Nano-Banana2-fake_47,MLLM,Nano Banana 2,modern,0.0495727610743296,0.0035974787656784,FALSE_REAL_AI,REAL
MLLM_STR_Nano-Banana2-fake_48,MLLM,Nano Banana 2,modern,0.0635910840137206,0.0059321207041749,FALSE_REAL_AI,REAL
MLLM_STR_Nano-Banana2-fake_49,MLLM,Nano Banana 2,modern,0.0391893526057854,0.0022554262688567,FALSE_REAL_AI,REAL
MLLM_STR_Nano-Banana2-fake_5,MLLM,Nano Banana 2,modern,0.0408074238568513,0.0024434251609108,FALSE_REAL_AI,REAL
MLLM_STR_Nano-Banana2-fake_50,MLLM,Nano Banana 2,modern,0.1701097808394446,0.0466269528511054,FALSE_REAL_AI,REAL
MLLM_STR_Nano-Banana2-fake_51,MLLM,Nano Banana 2,modern,0.0115915743314246,0.0002105439155075,FALSE_REAL_AI,REAL
MLLM_STR_Nano-Banana2-fake_52,MLLM,Nano Banana 2,modern,0.0252318000152973,0.0009500662543778,FALSE_REAL_AI,REAL
MLLM_STR_Nano-Banana2-fake_53,MLLM,Nano Banana 2,modern,0.0352199257533645,0.0018267992526655,FALSE_REAL_AI,REAL
MLLM_STR_Nano-Banana2-fake_54,MLLM,Nano Banana 2,modern,0.0108201023262588,0.0001843966431275,FALSE_REAL_AI,REAL
MLLM_STR_Nano-Banana2-fake_55,MLLM,Nano Banana 2,modern,0.1545502022091063,0.037838469308178,FALSE_REAL_AI,REAL
MLLM_STR_Nano-Banana2-fake_56,MLLM,Nano Banana 2,modern,0.0189681654692374,0.0005453335511982,FALSE_REAL_AI,REAL
MLLM_STR_Nano-Banana2-fake_57,MLLM,Nano Banana 2,modern,0.2439698263965822,0.1039869448030721,FALSE_REAL_AI,REAL
MLLM_STR_Nano-Banana2-fake_58,MLLM,Nano Banana 2,modern,0.0895719401127968,0.011943709016921,FALSE_REAL_AI,REAL
MLLM_STR_Nano-Banana2-fake_59,MLLM,Nano Banana 2,modern,0.03319854608038,0.001626178983551,FALSE_REAL_AI,REAL
MLLM_STR_Nano-Banana2-fake_6,MLLM,Nano Banana 2,modern,0.0403489561138551,0.002389372482877,FALSE_REAL_AI,REAL
MLLM_STR_Nano-Banana2-fake_60,MLLM,Nano Banana 2,modern,0.0144652247767849,0.0003227382028494,FALSE_REAL_AI,REAL
MLLM_STR_Nano-Banana2-fake_61,MLLM,Nano Banana 2,modern,0.0193180308819908,0.0005650190144906,FALSE_REAL_AI,REAL
MLLM_STR_Nano-Banana2-fake_62,MLLM,Nano Banana 2,modern,0.0244639894327832,0.0008944809606803,FALSE_REAL_AI,REAL
MLLM_STR_Nano-Banana2-fake_63,MLLM,Nano Banana 2,modern,0.0256100138956257,0.0009780625263237,FALSE_REAL_AI,REAL
MLLM_STR_Nano-Banana2-fake_64,MLLM,Nano Banana 2,modern,0.0563852844555358,0.0046555629967457,FALSE_REAL_AI,REAL
MLLM_STR_Nano-Banana2-fake_65,MLLM,Nano Banana 2,modern,0.0593388352945892,0.0051590137582967,FALSE_REAL_AI,REAL
MLLM_STR_Nano-Banana2-fake_66,MLLM,Nano Banana 2,modern,0.0619463889856326,0.0056262941035165,FALSE_REAL_AI,REAL
MLLM_STR_Nano-Banana2-fake_67,MLLM,Nano Banana 2,modern,0.0078084038754137,9.851760116959924e-05,FALSE_REAL_AI,REAL
MLLM_STR_Nano-Banana2-fake_68,MLLM,Nano Banana 2,modern,0.0441244380380516,0.0028530740434037,FALSE_REAL_AI,REAL
MLLM_STR_Nano-Banana2-fake_69,MLLM,Nano Banana 2,modern,0.0238344813067047,0.0008501560722772,FALSE_REAL_AI,REAL
MLLM_STR_Nano-Banana2-fake_7,MLLM,Nano Banana 2,modern,0.0620113058071639,0.0056382020317507,FALSE_REAL_AI,REAL
MLLM_STR_Nano-Banana2-fake_70,MLLM,Nano Banana 2,modern,0.168788835793306,0.0458388723021649,FALSE_REAL_AI,REAL
MLLM_STR_Nano-Banana2-fake_71,MLLM,Nano Banana 2,modern,0.0339998465631477,0.0017042891384879,FALSE_REAL_AI,REAL
MLLM_STR_Nano-Banana2-fake_72,MLLM,Nano Banana 2,modern,0.0667978398252357,0.0065533034176747,FALSE_REAL_AI,REAL
MLLM_STR_Nano-Banana2-fake_73,MLLM,Nano Banana 2,modern,0.4726178351865213,0.4479961470169074,UNCERTAIN_AI,UNCERTAIN
MLLM_STR_Nano-Banana2-fake_74,MLLM,Nano Banana 2,modern,0.1549311419966131,0.0380408939920749,FALSE_REAL_AI,REAL
MLLM_STR_Nano-Banana2-fake_75,MLLM,Nano Banana 2,modern,0.0157886521847685,0.0003822365273801,FALSE_REAL_AI,REAL
MLLM_STR_Nano-Banana2-fake_76,MLLM,Nano Banana 2,modern,0.0307134866827777,0.0013957375500597,FALSE_REAL_AI,REAL
MLLM_STR_Nano-Banana2-fake_77,MLLM,Nano Banana 2,modern,0.2656115789372361,0.1260273888389302,UNCERTAIN_AI,UNCERTAIN
MLLM_STR_Nano-Banana2-fake_78,MLLM,Nano Banana 2,modern,0.0030483458784827,1.628323538453188e-05,FALSE_REAL_AI,REAL
MLLM_STR_Nano-Banana2-fake_79,MLLM,Nano Banana 2,modern,0.1415523630457082,0.0313045130329582,FALSE_REAL_AI,REAL
MLLM_STR_Nano-Banana2-fake_8,MLLM,Nano Banana 2,modern,0.0659679084601746,0.0063893652159413,FALSE_REAL_AI,REAL
MLLM_STR_Nano-Banana2-fake_80,MLLM,Nano Banana 2,modern,0.0556382701466843,0.0045325457497664,FALSE_REAL_AI,REAL
MLLM_STR_Nano-Banana2-fake_81,MLLM,Nano Banana 2,modern,0.1398309874307075,0.0304927051903363,FALSE_REAL_AI,REAL
MLLM_STR_Nano-Banana2-fake_82,MLLM,Nano Banana 2,modern,0.0387045523471754,0.0022006009611941,FALSE_REAL_AI,REAL
MLLM_STR_Nano-Banana2-fake_83,MLLM,Nano Banana 2,modern,0.1441071916879598,0.0325322153687456,FALSE_REAL_AI,REAL
MLLM_STR_Nano-Banana2-fake_84,MLLM,Nano Banana 2,modern,0.2284959938912375,0.0897213607109443,FALSE_REAL_AI,REAL
MLLM_STR_Nano-Banana2-fake_85,MLLM,Nano Banana 2,modern,0.0990758222494142,0.0147227401706868,FALSE_REAL_AI,REAL
MLLM_STR_Nano-Banana2-fake_86,MLLM,Nano Banana 2,modern,0.1343463304200408,0.027987900033788,FALSE_REAL_AI,REAL
MLLM_STR_Nano-Banana2-fake_87,MLLM,Nano Banana 2,modern,0.0151000783791519,0.0003506643367203,FALSE_REAL_AI,REAL
MLLM_STR_Nano-Banana2-fake_88,MLLM,Nano Banana 2,modern,0.1197725445764419,0.0219233325672834,FALSE_REAL_AI,REAL
MLLM_STR_Nano-Banana2-fake_89,MLLM,Nano Banana 2,modern,0.1366069154435831,0.029005289802856,FALSE_REAL_AI,REAL
MLLM_STR_Nano-Banana2-fake_9,MLLM,Nano Banana 2,modern,0.1232424996110893,0.0232907415474867,FALSE_REAL_AI,REAL
MLLM_STR_Nano-Banana2-fake_90,MLLM,Nano Banana 2,modern,0.0248787108356615,0.0009242966280296,FALSE_REAL_AI,REAL
MLLM_STR_Nano-Banana2-fake_91,MLLM,Nano Banana 2,modern,0.0118387368065699,0.0002192772349673,FALSE_REAL_AI,REAL
MLLM_STR_Nano-Banana2-fake_92,MLLM,Nano Banana 2,modern,0.2326523052010914,0.0934321458808366,FALSE_REAL_AI,REAL
MLLM_STR_Nano-Banana2-fake_93,MLLM,Nano Banana 2,modern,0.6117416469213377,0.7038525572044165,UNCERTAIN_AI,UNCERTAIN
MLLM_STR_Nano-Banana2-fake_94,MLLM,Nano Banana 2,modern,0.0197323586415598,0.0005887776733284,FALSE_REAL_AI,REAL
MLLM_STR_Nano-Banana2-fake_95,MLLM,Nano Banana 2,modern,0.0143858732126396,0.000319327474585,FALSE_REAL_AI,REAL
MLLM_STR_Nano-Banana2-fake_96,MLLM,Nano Banana 2,modern,0.1381891370068837,0.0297298734197388,FALSE_REAL_AI,REAL
MLLM_STR_Nano-Banana2-fake_97,MLLM,Nano Banana 2,modern,0.0572667550435008,0.0048029580405395,FALSE_REAL_AI,REAL
MLLM_STR_Nano-Banana2-fake_98,MLLM,Nano Banana 2,modern,0.0164972473146579,0.0004161202447034,FALSE_REAL_AI,REAL
MLLM_STR_Nano-Banana2-fake_99,MLLM,Nano Banana 2,modern,0.1118811226610333,0.0189872894787215,FALSE_REAL_AI,REAL
MLLM_TEX_Nano-Banana2-fake_1,MLLM,Nano Banana 2,modern,0.977777648520881,0.9992582382728308,CORRECT_CONFIDENT_AI,AI-GENERATED
MLLM_TEX_Nano-Banana2-fake_10,MLLM,Nano Banana 2,modern,0.9957466334593282,0.9999692242560866,CORRECT_CONFIDENT_AI,AI-GENERATED
MLLM_TEX_Nano-Banana2-fake_100,MLLM,Nano Banana 2,modern,0.1838896483762026,0.0553245441944557,FALSE_REAL_AI,REAL
MLLM_TEX_Nano-Banana2-fake_101,MLLM,Nano Banana 2,modern,0.3015084567466236,0.1680174860295896,UNCERTAIN_AI,UNCERTAIN
MLLM_TEX_Nano-Banana2-fake_102,MLLM,Nano Banana 2,modern,0.0301277350583207,0.0013440107740869,FALSE_REAL_AI,REAL
MLLM_TEX_Nano-Banana2-fake_103,MLLM,Nano Banana 2,modern,0.0435192619759377,0.0027758926302509,FALSE_REAL_AI,REAL
MLLM_TEX_Nano-Banana2-fake_104,MLLM,Nano Banana 2,modern,0.6915574449585498,0.823093648602015,UNCERTAIN_AI,UNCERTAIN
MLLM_TEX_Nano-Banana2-fake_105,MLLM,Nano Banana 2,modern,0.0124501401972378,0.0002416227332575,FALSE_REAL_AI,REAL
MLLM_TEX_Nano-Banana2-fake_106,MLLM,Nano Banana 2,modern,0.4170204657202145,0.3457146344124914,UNCERTAIN_AI,UNCERTAIN
MLLM_TEX_Nano-Banana2-fake_107,MLLM,Nano Banana 2,modern,0.8286965698480621,0.9526541123965336,CORRECT_CONFIDENT_AI,AI-GENERATED
MLLM_TEX_Nano-Banana2-fake_108,MLLM,Nano Banana 2,modern,0.0519473895367062,0.0039500924368866,FALSE_REAL_AI,REAL
MLLM_TEX_Nano-Banana2-fake_109,MLLM,Nano Banana 2,modern,0.5234424216948274,0.5445527001723408,UNCERTAIN_AI,UNCERTAIN
MLLM_TEX_Nano-Banana2-fake_11,MLLM,Nano Banana 2,modern,0.4745375682656959,0.4516249397509552,UNCERTAIN_AI,UNCERTAIN
MLLM_TEX_Nano-Banana2-fake_110,MLLM,Nano Banana 2,modern,0.0353826905016495,0.0018434698908321,FALSE_REAL_AI,REAL
MLLM_TEX_Nano-Banana2-fake_111,MLLM,Nano Banana 2,modern,0.3302694526636701,0.2064944895965269,UNCERTAIN_AI,UNCERTAIN
MLLM_TEX_Nano-Banana2-fake_112,MLLM,Nano Banana 2,modern,0.7871655147652526,0.923474070189888,CORRECT_CONFIDENT_AI,AI-GENERATED
MLLM_TEX_Nano-Banana2-fake_113,MLLM,Nano Banana 2,modern,0.1044848425878019,0.0164499890084588,FALSE_REAL_AI,REAL
MLLM_TEX_Nano-Banana2-fake_114,MLLM,Nano Banana 2,modern,0.1899943343364904,0.0594605600477495,FALSE_REAL_AI,REAL
MLLM_TEX_Nano-Banana2-fake_115,MLLM,Nano Banana 2,modern,0.2859803208710467,0.1490217185108916,UNCERTAIN_AI,UNCERTAIN
MLLM_TEX_Nano-Banana2-fake_116,MLLM,Nano Banana 2,modern,0.1577882993044803,0.0395792888594303,FALSE_REAL_AI,REAL
MLLM_TEX_Nano-Banana2-fake_117,MLLM,Nano Banana 2,modern,0.0776689927465972,0.0089087099034705,FALSE_REAL_AI,REAL
MLLM_TEX_Nano-Banana2-fake_118,MLLM,Nano Banana 2,modern,0.4380046135404239,0.3835180973443931,UNCERTAIN_AI,UNCERTAIN
MLLM_TEX_Nano-Banana2-fake_119,MLLM,Nano Banana 2,modern,0.1051587065356279,0.0166727070874732,FALSE_REAL_AI,REAL
MLLM_TEX_Nano-Banana2-fake_12,MLLM,Nano Banana 2,modern,0.130906239167796,0.0264796612529608,FALSE_REAL_AI,REAL
MLLM_TEX_Nano-Banana2-fake_120,MLLM,Nano Banana 2,modern,0.0557288240276255,0.0045473656123897,FALSE_REAL_AI,REAL
MLLM_TEX_Nano-Banana2-fake_121,MLLM,Nano Banana 2,modern,0.0602111786587986,0.0053129485228623,FALSE_REAL_AI,REAL
MLLM_TEX_Nano-Banana2-fake_122,MLLM,Nano Banana 2,modern,0.6863734292548443,0.8162859348223941,UNCERTAIN_AI,UNCERTAIN
MLLM_TEX_Nano-Banana2-fake_123,MLLM,Nano Banana 2,modern,0.0796669785161399,0.0093843460244586,FALSE_REAL_AI,REAL
MLLM_TEX_Nano-Banana2-fake_124,MLLM,Nano Banana 2,modern,0.2232099109534013,0.085129158379399,FALSE_REAL_AI,REAL
MLLM_TEX_Nano-Banana2-fake_125,MLLM,Nano Banana 2,modern,0.8767633043191079,0.9767115850691688,CORRECT_CONFIDENT_AI,AI-GENERATED
MLLM_TEX_Nano-Banana2-fake_126,MLLM,Nano Banana 2,modern,0.986858109688776,0.9997318223628348,CORRECT_CONFIDENT_AI,AI-GENERATED
MLLM_TEX_Nano-Banana2-fake_127,MLLM,Nano Banana 2,modern,0.7451122734880187,0.885200674844246,CORRECT_CONFIDENT_AI,AI-GENERATED
MLLM_TEX_Nano-Banana2-fake_128,MLLM,Nano Banana 2,modern,0.7451122734880187,0.885200674844246,CORRECT_CONFIDENT_AI,AI-GENERATED
MLLM_TEX_Nano-Banana2-fake_129,MLLM,Nano Banana 2,modern,0.9832026873616908,0.9995691052040298,CORRECT_CONFIDENT_AI,AI-GENERATED
MLLM_TEX_Nano-Banana2-fake_13,MLLM,Nano Banana 2,modern,0.1621009335676761,0.0419691967521293,FALSE_REAL_AI,REAL
MLLM_TEX_Nano-Banana2-fake_130,MLLM,Nano Banana 2,modern,0.6309095554801167,0.735141397796277,UNCERTAIN_AI,UNCERTAIN
MLLM_TEX_Nano-Banana2-fake_131,MLLM,Nano Banana 2,modern,0.0426239820930889,0.0026637158505761,FALSE_REAL_AI,REAL
MLLM_TEX_Nano-Banana2-fake_132,MLLM,Nano Banana 2,modern,0.2450331380146953,0.1050126685979414,FALSE_REAL_AI,REAL
MLLM_TEX_Nano-Banana2-fake_133,MLLM,Nano Banana 2,modern,0.1405367027479868,0.0308240307755222,FALSE_REAL_AI,REAL
MLLM_TEX_Nano-Banana2-fake_134,MLLM,Nano Banana 2,modern,0.3823746070797163,0.2863831845163243,UNCERTAIN_AI,UNCERTAIN
MLLM_TEX_Nano-Banana2-fake_135,MLLM,Nano Banana 2,modern,0.0197051596423866,0.0005872031696519,FALSE_REAL_AI,REAL
MLLM_TEX_Nano-Banana2-fake_136,MLLM,Nano Banana 2,modern,0.0283512104625704,0.0011931486428112,FALSE_REAL_AI,REAL
MLLM_TEX_Nano-Banana2-fake_137,MLLM,Nano Banana 2,modern,0.0844062469508854,0.0105667738601472,FALSE_REAL_AI,REAL
MLLM_TEX_Nano-Banana2-fake_138,MLLM,Nano Banana 2,modern,0.9868839687422,0.9997328393370628,CORRECT_CONFIDENT_AI,AI-GENERATED
MLLM_TEX_Nano-Banana2-fake_139,MLLM,Nano Banana 2,modern,0.2214372487973548,0.0836209173184698,FALSE_REAL_AI,REAL
MLLM_TEX_Nano-Banana2-fake_14,MLLM,Nano Banana 2,modern,0.2843142681617699,0.1470587934750881,UNCERTAIN_AI,UNCERTAIN
MLLM_TEX_Nano-Banana2-fake_140,MLLM,Nano Banana 2,modern,0.492081914301377,0.4849259038201169,UNCERTAIN_AI,UNCERTAIN
MLLM_TEX_Nano-Banana2-fake_141,MLLM,Nano Banana 2,modern,0.99204582313135,0.9998979225141094,CORRECT_CONFIDENT_AI,AI-GENERATED
MLLM_TEX_Nano-Banana2-fake_142,MLLM,Nano Banana 2,modern,0.5151222153778799,0.5287722773314667,UNCERTAIN_AI,UNCERTAIN
MLLM_TEX_Nano-Banana2-fake_143,MLLM,Nano Banana 2,modern,0.194654326801277,0.0627369245105338,FALSE_REAL_AI,REAL
MLLM_TEX_Nano-Banana2-fake_144,MLLM,Nano Banana 2,modern,0.0115038804677756,0.0002074868470179,FALSE_REAL_AI,REAL
MLLM_TEX_Nano-Banana2-fake_145,MLLM,Nano Banana 2,modern,0.90720873847134,0.987150945523655,CORRECT_CONFIDENT_AI,AI-GENERATED
MLLM_TEX_Nano-Banana2-fake_146,MLLM,Nano Banana 2,modern,0.2920406119753378,0.156284998997698,UNCERTAIN_AI,UNCERTAIN
MLLM_TEX_Nano-Banana2-fake_147,MLLM,Nano Banana 2,modern,0.1773213895466184,0.0510695405524526,FALSE_REAL_AI,REAL
MLLM_TEX_Nano-Banana2-fake_148,MLLM,Nano Banana 2,modern,0.939605654235068,0.9946544247053956,CORRECT_CONFIDENT_AI,AI-GENERATED
MLLM_TEX_Nano-Banana2-fake_149,MLLM,Nano Banana 2,modern,0.7655793302536734,0.9049622009547886,CORRECT_CONFIDENT_AI,AI-GENERATED
MLLM_TEX_Nano-Banana2-fake_15,MLLM,Nano Banana 2,modern,0.2457624010664533,0.1057195507265386,FALSE_REAL_AI,REAL
MLLM_TEX_Nano-Banana2-fake_150,MLLM,Nano Banana 2,modern,0.8789250809545305,0.977568965948101,CORRECT_CONFIDENT_AI,AI-GENERATED
MLLM_TEX_Nano-Banana2-fake_151,MLLM,Nano Banana 2,modern,0.4556616305408927,0.4161493235651959,UNCERTAIN_AI,UNCERTAIN
MLLM_TEX_Nano-Banana2-fake_152,MLLM,Nano Banana 2,modern,0.0300664919825357,0.0013386594132793,FALSE_REAL_AI,REAL
MLLM_TEX_Nano-Banana2-fake_153,MLLM,Nano Banana 2,modern,0.2908993167707277,0.1549024077651447,UNCERTAIN_AI,UNCERTAIN
MLLM_TEX_Nano-Banana2-fake_154,MLLM,Nano Banana 2,modern,0.9861757389422002,0.9997043049000516,CORRECT_CONFIDENT_AI,AI-GENERATED
MLLM_TEX_Nano-Banana2-fake_155,MLLM,Nano Banana 2,modern,0.0421738418079306,0.0026082154270715,FALSE_REAL_AI,REAL
MLLM_TEX_Nano-Banana2-fake_156,MLLM,Nano Banana 2,modern,0.0336789187990248,0.001672782013721,FALSE_REAL_AI,REAL
MLLM_TEX_Nano-Banana2-fake_157,MLLM,Nano Banana 2,modern,0.4906555273978827,0.4822119456373551,UNCERTAIN_AI,UNCERTAIN
MLLM_TEX_Nano-Banana2-fake_158,MLLM,Nano Banana 2,modern,0.3348222442600447,0.2129677984713946,UNCERTAIN_AI,UNCERTAIN
MLLM_TEX_Nano-Banana2-fake_159,MLLM,Nano Banana 2,modern,0.4185092147391422,0.3483555809900653,UNCERTAIN_AI,UNCERTAIN
MLLM_TEX_Nano-Banana2-fake_16,MLLM,Nano Banana 2,modern,0.1679691691649612,0.0453538192710184,FALSE_REAL_AI,REAL
MLLM_TEX_Nano-Banana2-fake_160,MLLM,Nano Banana 2,modern,0.5740330148126075,0.6383159971749434,UNCERTAIN_AI,UNCERTAIN
MLLM_TEX_Nano-Banana2-fake_161,MLLM,Nano Banana 2,modern,0.3855569107431923,0.2916472890002203,UNCERTAIN_AI,UNCERTAIN
MLLM_TEX_Nano-Banana2-fake_162,MLLM,Nano Banana 2,modern,0.1931238929191916,0.0616494466557814,FALSE_REAL_AI,REAL
MLLM_TEX_Nano-Banana2-fake_163,MLLM,Nano Banana 2,modern,0.8898752122791387,0.9816338095397688,CORRECT_CONFIDENT_AI,AI-GENERATED
MLLM_TEX_Nano-Banana2-fake_164,MLLM,Nano Banana 2,modern,0.4816213504057679,0.4650452105419985,UNCERTAIN_AI,UNCERTAIN
MLLM_TEX_Nano-Banana2-fake_165,MLLM,Nano Banana 2,modern,0.0752333378184303,0.0083470156993143,FALSE_REAL_AI,REAL
MLLM_TEX_Nano-Banana2-fake_166,MLLM,Nano Banana 2,modern,0.7556079665238415,0.8956064764009433,CORRECT_CONFIDENT_AI,AI-GENERATED
MLLM_TEX_Nano-Banana2-fake_167,MLLM,Nano Banana 2,modern,0.6296027728169787,0.7330570762678761,UNCERTAIN_AI,UNCERTAIN
MLLM_TEX_Nano-Banana2-fake_168,MLLM,Nano Banana 2,modern,0.1633839341269995,0.0426960638077769,FALSE_REAL_AI,REAL
MLLM_TEX_Nano-Banana2-fake_169,MLLM,Nano Banana 2,modern,0.3491136232503985,0.2339426442866806,UNCERTAIN_AI,UNCERTAIN
MLLM_TEX_Nano-Banana2-fake_17,MLLM,Nano Banana 2,modern,0.0113724978084677,0.0002029474839765,FALSE_REAL_AI,REAL
MLLM_TEX_Nano-Banana2-fake_170,MLLM,Nano Banana 2,modern,0.0995872482324267,0.0148814781804332,FALSE_REAL_AI,REAL
MLLM_TEX_Nano-Banana2-fake_171,MLLM,Nano Banana 2,modern,0.0851163612690672,0.0107505730782527,FALSE_REAL_AI,REAL
MLLM_TEX_Nano-Banana2-fake_172,MLLM,Nano Banana 2,modern,0.5160183230961145,0.5304742812099537,UNCERTAIN_AI,UNCERTAIN
MLLM_TEX_Nano-Banana2-fake_173,MLLM,Nano Banana 2,modern,0.1245859228765888,0.0238328544429224,FALSE_REAL_AI,REAL
MLLM_TEX_Nano-Banana2-fake_174,MLLM,Nano Banana 2,modern,0.1830535736458082,0.0547717532629872,FALSE_REAL_AI,REAL
MLLM_TEX_Nano-Banana2-fake_175,MLLM,Nano Banana 2,modern,0.679939865237973,0.8076458919336302,UNCERTAIN_AI,UNCERTAIN
MLLM_TEX_Nano-Banana2-fake_176,MLLM,Nano Banana 2,modern,0.9822062534872502,0.9995182246937634,CORRECT_CONFIDENT_AI,AI-GENERATED
MLLM_TEX_Nano-Banana2-fake_177,MLLM,Nano Banana 2,modern,0.981496370403352,0.9994802710031018,CORRECT_CONFIDENT_AI,AI-GENERATED
MLLM_TEX_Nano-Banana2-fake_178,MLLM,Nano Banana 2,modern,0.4400676363629294,0.3872962592834201,UNCERTAIN_AI,UNCERTAIN
MLLM_TEX_Nano-Banana2-fake_179,MLLM,Nano Banana 2,modern,0.9626105614581988,0.9979446471657194,CORRECT_CONFIDENT_AI,AI-GENERATED
MLLM_TEX_Nano-Banana2-fake_18,MLLM,Nano Banana 2,modern,0.3264777337712253,0.2011817679147386,UNCERTAIN_AI,UNCERTAIN
MLLM_TEX_Nano-Banana2-fake_180,MLLM,Nano Banana 2,modern,0.1722422815119694,0.047915906527972,FALSE_REAL_AI,REAL
MLLM_TEX_Nano-Banana2-fake_181,MLLM,Nano Banana 2,modern,0.3870168274716412,0.2940757123917399,UNCERTAIN_AI,UNCERTAIN
MLLM_TEX_Nano-Banana2-fake_182,MLLM,Nano Banana 2,modern,0.996763298368836,0.9999817409674164,CORRECT_CONFIDENT_AI,AI-GENERATED
MLLM_TEX_Nano-Banana2-fake_183,MLLM,Nano Banana 2,modern,0.2633520682037487,0.1236113639274262,FALSE_REAL_AI,REAL
MLLM_TEX_Nano-Banana2-fake_184,MLLM,Nano Banana 2,modern,0.7259755919181416,0.8647404951998036,UNCERTAIN_AI,UNCERTAIN
MLLM_TEX_Nano-Banana2-fake_185,MLLM,Nano Banana 2,modern,0.1066018429098417,0.0171553417924824,FALSE_REAL_AI,REAL
MLLM_TEX_Nano-Banana2-fake_186,MLLM,Nano Banana 2,modern,0.4523131244260377,0.4099133520314248,UNCERTAIN_AI,UNCERTAIN
MLLM_TEX_Nano-Banana2-fake_187,MLLM,Nano Banana 2,modern,0.4515411782365032,0.4084786514996835,UNCERTAIN_AI,UNCERTAIN
MLLM_TEX_Nano-Banana2-fake_188,MLLM,Nano Banana 2,modern,0.0735704913313332,0.0079749013065524,FALSE_REAL_AI,REAL
MLLM_TEX_Nano-Banana2-fake_189,MLLM,Nano Banana 2,modern,0.3522061505906751,0.2386093313533406,UNCERTAIN_AI,UNCERTAIN
MLLM_TEX_Nano-Banana2-fake_19,MLLM,Nano Banana 2,modern,0.1556991237596083,0.0384509040392996,FALSE_REAL_AI,REAL
MLLM_TEX_Nano-Banana2-fake_190,MLLM,Nano Banana 2,modern,0.9887773096039636,0.9998021688441264,CORRECT_CONFIDENT_AI,AI-GENERATED
MLLM_TEX_Nano-Banana2-fake_191,MLLM,Nano Banana 2,modern,0.040512744868092,0.0024086116056758,FALSE_REAL_AI,REAL
MLLM_TEX_Nano-Banana2-fake_192,MLLM,Nano Banana 2,modern,0.304538570065397,0.1718711321122383,UNCERTAIN_AI,UNCERTAIN
MLLM_TEX_Nano-Banana2-fake_193,MLLM,Nano Banana 2,modern,0.0434654241649886,0.0027690793541118,FALSE_REAL_AI,REAL
MLLM_TEX_Nano-Banana2-fake_194,MLLM,Nano Banana 2,modern,0.0329298717607232,0.001600404994051,FALSE_REAL_AI,REAL
MLLM_TEX_Nano-Banana2-fake_195,MLLM,Nano Banana 2,modern,0.3899081185763087,0.2989096708574681,UNCERTAIN_AI,UNCERTAIN
MLLM_TEX_Nano-Banana2-fake_196,MLLM,Nano Banana 2,modern,0.5389046832934623,0.5736906817437264,UNCERTAIN_AI,UNCERTAIN
MLLM_TEX_Nano-Banana2-fake_197,MLLM,Nano Banana 2,modern,0.9767689993057818,0.9991912816278112,CORRECT_CONFIDENT_AI,AI-GENERATED
MLLM_TEX_Nano-Banana2-fake_198,MLLM,Nano Banana 2,modern,0.0886593102876046,0.0116936873297132,FALSE_REAL_AI,REAL
MLLM_TEX_Nano-Banana2-fake_199,MLLM,Nano Banana 2,modern,0.966998208855313,0.9983927162303736,CORRECT_CONFIDENT_AI,AI-GENERATED
MLLM_TEX_Nano-Banana2-fake_2,MLLM,Nano Banana 2,modern,0.2489349135241535,0.1088269264689199,FALSE_REAL_AI,REAL
MLLM_TEX_Nano-Banana2-fake_20,MLLM,Nano Banana 2,modern,0.764599645319517,0.9040657410556052,CORRECT_CONFIDENT_AI,AI-GENERATED
MLLM_TEX_Nano-Banana2-fake_200,MLLM,Nano Banana 2,modern,0.4543709385288649,0.4137432689919523,UNCERTAIN_AI,UNCERTAIN
MLLM_TEX_Nano-Banana2-fake_201,MLLM,Nano Banana 2,modern,0.147040646147157,0.0339757608935847,FALSE_REAL_AI,REAL
MLLM_TEX_Nano-Banana2-fake_202,MLLM,Nano Banana 2,modern,0.0905266318731721,0.0122083799119623,FALSE_REAL_AI,REAL
MLLM_TEX_Nano-Banana2-fake_203,MLLM,Nano Banana 2,modern,0.0283063781074737,0.0011894583993682,FALSE_REAL_AI,REAL
MLLM_TEX_Nano-Banana2-fake_204,MLLM,Nano Banana 2,modern,0.8066985156391777,0.9382249384682606,CORRECT_CONFIDENT_AI,AI-GENERATED
MLLM_TEX_Nano-Banana2-fake_205,MLLM,Nano Banana 2,modern,0.3176038414895401,0.1890304990616474,UNCERTAIN_AI,UNCERTAIN
MLLM_TEX_Nano-Banana2-fake_206,MLLM,Nano Banana 2,modern,0.0486525602114072,0.0034654565521136,FALSE_REAL_AI,REAL
MLLM_TEX_Nano-Banana2-fake_207,MLLM,Nano Banana 2,modern,0.2561901272769081,0.116130741675956,FALSE_REAL_AI,REAL
MLLM_TEX_Nano-Banana2-fake_208,MLLM,Nano Banana 2,modern,0.8912205816283348,0.9821017086684962,CORRECT_CONFIDENT_AI,AI-GENERATED
MLLM_TEX_Nano-Banana2-fake_209,MLLM,Nano Banana 2,modern,0.249154702413183,0.109044146172509,FALSE_REAL_AI,REAL
MLLM_TEX_Nano-Banana2-fake_21,MLLM,Nano Banana 2,modern,0.7114914570624393,0.8479716618786843,UNCERTAIN_AI,UNCERTAIN
MLLM_TEX_Nano-Banana2-fake_210,MLLM,Nano Banana 2,modern,0.5904917047461693,0.6675055038770806,UNCERTAIN_AI,UNCERTAIN
MLLM_TEX_Nano-Banana2-fake_211,MLLM,Nano Banana 2,modern,0.9364999950854416,0.9940850407564384,CORRECT_CONFIDENT_AI,AI-GENERATED
MLLM_TEX_Nano-Banana2-fake_212,MLLM,Nano Banana 2,modern,0.1175395820545361,0.0210682194107558,FALSE_REAL_AI,REAL
MLLM_TEX_Nano-Banana2-fake_213,MLLM,Nano Banana 2,modern,0.0392344673831844,0.0022605634002811,FALSE_REAL_AI,REAL
MLLM_TEX_Nano-Banana2-fake_214,MLLM,Nano Banana 2,modern,0.7169603433588929,0.8544330725594209,UNCERTAIN_AI,UNCERTAIN
MLLM_TEX_Nano-Banana2-fake_215,MLLM,Nano Banana 2,modern,0.6538001567737808,0.7704131739759862,UNCERTAIN_AI,UNCERTAIN
MLLM_TEX_Nano-Banana2-fake_216,MLLM,Nano Banana 2,modern,0.3549602134485958,0.2428027282891638,UNCERTAIN_AI,UNCERTAIN
MLLM_TEX_Nano-Banana2-fake_22,MLLM,Nano Banana 2,modern,0.9515408122319392,0.9965619599250164,CORRECT_CONFIDENT_AI,AI-GENERATED
MLLM_TEX_Nano-Banana2-fake_23,MLLM,Nano Banana 2,modern,0.0615911382139086,0.0055613661077591,FALSE_REAL_AI,REAL
MLLM_TEX_Nano-Banana2-fake_24,MLLM,Nano Banana 2,modern,0.6597434861749517,0.7791725107719536,UNCERTAIN_AI,UNCERTAIN
MLLM_TEX_Nano-Banana2-fake_25,MLLM,Nano Banana 2,modern,0.070978899760587,0.0074131823216507,FALSE_REAL_AI,REAL
MLLM_TEX_Nano-Banana2-fake_26,MLLM,Nano Banana 2,modern,0.0883246953089452,0.0116027469891081,FALSE_REAL_AI,REAL
MLLM_TEX_Nano-Banana2-fake_27,MLLM,Nano Banana 2,modern,0.0160011036239404,0.0003922472096333,FALSE_REAL_AI,REAL
MLLM_TEX_Nano-Banana2-fake_28,MLLM,Nano Banana 2,modern,0.2924960469546808,0.1568386310050896,UNCERTAIN_AI,UNCERTAIN
MLLM_TEX_Nano-Banana2-fake_29,MLLM,Nano Banana 2,modern,0.765140774289084,0.9045615110418936,CORRECT_CONFIDENT_AI,AI-GENERATED
MLLM_TEX_Nano-Banana2-fake_3,MLLM,Nano Banana 2,modern,0.9931705131021734,0.999923803628399,CORRECT_CONFIDENT_AI,AI-GENERATED
MLLM_TEX_Nano-Banana2-fake_30,MLLM,Nano Banana 2,modern,0.7059465669605484,0.8412599750454739,UNCERTAIN_AI,UNCERTAIN
MLLM_TEX_Nano-Banana2-fake_31,MLLM,Nano Banana 2,modern,0.0135888927202479,0.000286055247265,FALSE_REAL_AI,REAL
MLLM_TEX_Nano-Banana2-fake_32,MLLM,Nano Banana 2,modern,0.207533776781846,0.0723380435121346,FALSE_REAL_AI,REAL
MLLM_TEX_Nano-Banana2-fake_33,MLLM,Nano Banana 2,modern,0.3948474355792668,0.3072417962291236,UNCERTAIN_AI,UNCERTAIN
MLLM_TEX_Nano-Banana2-fake_34,MLLM,Nano Banana 2,modern,0.0165079690297368,0.0004166437919995,FALSE_REAL_AI,REAL
MLLM_TEX_Nano-Banana2-fake_35,MLLM,Nano Banana 2,modern,0.524650979844038,0.5468400696311218,UNCERTAIN_AI,UNCERTAIN
MLLM_TEX_Nano-Banana2-fake_36,MLLM,Nano Banana 2,modern,0.4986151421674086,0.4973630087939784,UNCERTAIN_AI,UNCERTAIN
MLLM_TEX_Nano-Banana2-fake_37,MLLM,Nano Banana 2,modern,0.3417722538908935,0.223045296423091,UNCERTAIN_AI,UNCERTAIN
MLLM_TEX_Nano-Banana2-fake_38,MLLM,Nano Banana 2,modern,0.0242675319129862,0.0008805273628517,FALSE_REAL_AI,REAL
MLLM_TEX_Nano-Banana2-fake_39,MLLM,Nano Banana 2,modern,0.1438280638392984,0.0323967496375588,FALSE_REAL_AI,REAL
MLLM_TEX_Nano-Banana2-fake_4,MLLM,Nano Banana 2,modern,0.94221997215745,0.9951100973225326,CORRECT_CONFIDENT_AI,AI-GENERATED
MLLM_TEX_Nano-Banana2-fake_40,MLLM,Nano Banana 2,modern,0.0697910616322372,0.0071630972757661,FALSE_REAL_AI,REAL
MLLM_TEX_Nano-Banana2-fake_41,MLLM,Nano Banana 2,modern,0.0748273274850354,0.0082553103903675,FALSE_REAL_AI,REAL
MLLM_TEX_Nano-Banana2-fake_42,MLLM,Nano Banana 2,modern,0.7404987964685534,0.8804443463654226,CORRECT_CONFIDENT_AI,AI-GENERATED
MLLM_TEX_Nano-Banana2-fake_43,MLLM,Nano Banana 2,modern,0.013787711004714,0.0002941878971087,FALSE_REAL_AI,REAL
MLLM_TEX_Nano-Banana2-fake_44,MLLM,Nano Banana 2,modern,0.3457795906210348,0.2289619063686845,UNCERTAIN_AI,UNCERTAIN
MLLM_TEX_Nano-Banana2-fake_45,MLLM,Nano Banana 2,modern,0.9691221995154842,0.9985895750170946,CORRECT_CONFIDENT_AI,AI-GENERATED
MLLM_TEX_Nano-Banana2-fake_46,MLLM,Nano Banana 2,modern,0.1016417236580716,0.0155287480455082,FALSE_REAL_AI,REAL
MLLM_TEX_Nano-Banana2-fake_47,MLLM,Nano Banana 2,modern,0.0301601524904199,0.0013468477372953,FALSE_REAL_AI,REAL
MLLM_TEX_Nano-Banana2-fake_48,MLLM,Nano Banana 2,modern,0.1093785377763131,0.0181058153652805,FALSE_REAL_AI,REAL
MLLM_TEX_Nano-Banana2-fake_49,MLLM,Nano Banana 2,modern,0.6668403342730127,0.7894079640385684,UNCERTAIN_AI,UNCERTAIN
MLLM_TEX_Nano-Banana2-fake_5,MLLM,Nano Banana 2,modern,0.1853252807122282,0.0562813974851083,FALSE_REAL_AI,REAL
MLLM_TEX_Nano-Banana2-fake_50,MLLM,Nano Banana 2,modern,0.9783157953197266,0.9992927847635245,CORRECT_CONFIDENT_AI,AI-GENERATED
MLLM_TEX_Nano-Banana2-fake_51,MLLM,Nano Banana 2,modern,0.255914124802845,0.1158478476596708,FALSE_REAL_AI,REAL
MLLM_TEX_Nano-Banana2-fake_52,MLLM,Nano Banana 2,modern,0.3804726749342177,0.283256503549455,UNCERTAIN_AI,UNCERTAIN
MLLM_TEX_Nano-Banana2-fake_53,MLLM,Nano Banana 2,modern,0.7229477243628134,0.8613264300782434,UNCERTAIN_AI,UNCERTAIN
MLLM_TEX_Nano-Banana2-fake_54,MLLM,Nano Banana 2,modern,0.7064042385848499,0.8418200597557457,UNCERTAIN_AI,UNCERTAIN
MLLM_TEX_Nano-Banana2-fake_55,MLLM,Nano Banana 2,modern,0.6889246606810968,0.8196535231764945,UNCERTAIN_AI,UNCERTAIN
MLLM_TEX_Nano-Banana2-fake_56,MLLM,Nano Banana 2,modern,0.2560125350326653,0.1159486692854318,FALSE_REAL_AI,REAL
MLLM_TEX_Nano-Banana2-fake_57,MLLM,Nano Banana 2,modern,0.7365651790107192,0.8763006251888698,CORRECT_CONFIDENT_AI,AI-GENERATED
MLLM_TEX_Nano-Banana2-fake_58,MLLM,Nano Banana 2,modern,0.1813251792791885,0.0536393484030899,FALSE_REAL_AI,REAL
MLLM_TEX_Nano-Banana2-fake_59,MLLM,Nano Banana 2,modern,0.3107883782006135,0.1799697852357523,UNCERTAIN_AI,UNCERTAIN
MLLM_TEX_Nano-Banana2-fake_6,MLLM,Nano Banana 2,modern,0.0421390071742948,0.0026039455658221,FALSE_REAL_AI,REAL
MLLM_TEX_Nano-Banana2-fake_60,MLLM,Nano Banana 2,modern,0.9536297936335328,0.9968509252071076,CORRECT_CONFIDENT_AI,AI-GENERATED
MLLM_TEX_Nano-Banana2-fake_61,MLLM,Nano Banana 2,modern,0.2119502886553176,0.0758176751459856,FALSE_REAL_AI,REAL
MLLM_TEX_Nano-Banana2-fake_62,MLLM,Nano Banana 2,modern,0.8619422548457396,0.970330691193839,CORRECT_CONFIDENT_AI,AI-GENERATED
MLLM_TEX_Nano-Banana2-fake_63,MLLM,Nano Banana 2,modern,0.1882709888817756,0.058275119516221,FALSE_REAL_AI,REAL
MLLM_TEX_Nano-Banana2-fake_64,MLLM,Nano Banana 2,modern,0.9037928602315995,0.9861501133583296,CORRECT_CONFIDENT_AI,AI-GENERATED
MLLM_TEX_Nano-Banana2-fake_65,MLLM,Nano Banana 2,modern,0.0475798735110637,0.0033147989582065,FALSE_REAL_AI,REAL
MLLM_TEX_Nano-Banana2-fake_66,MLLM,Nano Banana 2,modern,0.8784529873795357,0.9773832939197544,CORRECT_CONFIDENT_AI,AI-GENERATED
MLLM_TEX_Nano-Banana2-fake_67,MLLM,Nano Banana 2,modern,0.3247728704234713,0.1988164380127052,UNCERTAIN_AI,UNCERTAIN
MLLM_TEX_Nano-Banana2-fake_68,MLLM,Nano Banana 2,modern,0.9774310200164558,0.999235552829892,CORRECT_CONFIDENT_AI,AI-GENERATED
MLLM_TEX_Nano-Banana2-fake_69,MLLM,Nano Banana 2,modern,0.1960310304520346,0.0637247803447826,FALSE_REAL_AI,REAL
MLLM_TEX_Nano-Banana2-fake_7,MLLM,Nano Banana 2,modern,0.0701610349548602,0.00724049565857,FALSE_REAL_AI,REAL
MLLM_TEX_Nano-Banana2-fake_70,MLLM,Nano Banana 2,modern,0.9703843810370034,0.9987004060636284,CORRECT_CONFIDENT_AI,AI-GENERATED
MLLM_TEX_Nano-Banana2-fake_71,MLLM,Nano Banana 2,modern,0.0409491390208143,0.0024602589332615,FALSE_REAL_AI,REAL
MLLM_TEX_Nano-Banana2-fake_72,MLLM,Nano Banana 2,modern,0.6462009360136544,0.7589695420627943,UNCERTAIN_AI,UNCERTAIN
MLLM_TEX_Nano-Banana2-fake_73,MLLM,Nano Banana 2,modern,0.6250733895772889,0.725776100643455,UNCERTAIN_AI,UNCERTAIN
MLLM_TEX_Nano-Banana2-fake_74,MLLM,Nano Banana 2,modern,0.4056283697567057,0.3257386608652973,UNCERTAIN_AI,UNCERTAIN
MLLM_TEX_Nano-Banana2-fake_75,MLLM,Nano Banana 2,modern,0.4511167941681763,0.4076903906185735,UNCERTAIN_AI,UNCERTAIN
MLLM_TEX_Nano-Banana2-fake_76,MLLM,Nano Banana 2,modern,0.1295781337396636,0.0259101991285501,FALSE_REAL_AI,REAL
MLLM_TEX_Nano-Banana2-fake_77,MLLM,Nano Banana 2,modern,0.972961964505228,0.9989125623219306,CORRECT_CONFIDENT_AI,AI-GENERATED
MLLM_TEX_Nano-Banana2-fake_78,MLLM,Nano Banana 2,modern,0.0728016718849906,0.0078059517391208,FALSE_REAL_AI,REAL
MLLM_TEX_Nano-Banana2-fake_79,MLLM,Nano Banana 2,modern,0.1687421312401656,0.0458111525693746,FALSE_REAL_AI,REAL
MLLM_TEX_Nano-Banana2-fake_8,MLLM,Nano Banana 2,modern,0.0247959874834944,0.0009183103963734,FALSE_REAL_AI,REAL
MLLM_TEX_Nano-Banana2-fake_80,MLLM,Nano Banana 2,modern,0.0503214405706778,0.0037067932289489,FALSE_REAL_AI,REAL
MLLM_TEX_Nano-Banana2-fake_81,MLLM,Nano Banana 2,modern,0.0395868136534537,0.0023008905914429,FALSE_REAL_AI,REAL
MLLM_TEX_Nano-Banana2-fake_82,MLLM,Nano Banana 2,modern,0.0942288222084836,0.0132651778495934,FALSE_REAL_AI,REAL
MLLM_TEX_Nano-Banana2-fake_83,MLLM,Nano Banana 2,modern,0.0485904023842813,0.0034566314056195,FALSE_REAL_AI,REAL
MLLM_TEX_Nano-Banana2-fake_84,MLLM,Nano Banana 2,modern,0.5077983983707461,0.514846338573299,UNCERTAIN_AI,UNCERTAIN
MLLM_TEX_Nano-Banana2-fake_85,MLLM,Nano Banana 2,modern,0.0583901657574662,0.0049943282705855,FALSE_REAL_AI,REAL
MLLM_TEX_Nano-Banana2-fake_86,MLLM,Nano Banana 2,modern,0.0710088266283527,0.0074195427493611,FALSE_REAL_AI,REAL
MLLM_TEX_Nano-Banana2-fake_87,MLLM,Nano Banana 2,modern,0.1353497034828323,0.028436889353254,FALSE_REAL_AI,REAL
MLLM_TEX_Nano-Banana2-fake_88,MLLM,Nano Banana 2,modern,0.0644733921492485,0.0060997415002763,FALSE_REAL_AI,REAL
MLLM_TEX_Nano-Banana2-fake_89,MLLM,Nano Banana 2,modern,0.4987580059949522,0.4976350413050239,UNCERTAIN_AI,UNCERTAIN
MLLM_TEX_Nano-Banana2-fake_9,MLLM,Nano Banana 2,modern,0.9457706432095532,0.9956947577324444,CORRECT_CONFIDENT_AI,AI-GENERATED
MLLM_TEX_Nano-Banana2-fake_90,MLLM,Nano Banana 2,modern,0.7627841133554929,0.902391375660963,CORRECT_CONFIDENT_AI,AI-GENERATED
MLLM_TEX_Nano-Banana2-fake_91,MLLM,Nano Banana 2,modern,0.0993440354902108,0.0148058706255221,FALSE_REAL_AI,REAL
MLLM_TEX_Nano-Banana2-fake_92,MLLM,Nano Banana 2,modern,0.0872456692048522,0.0113121538540439,FALSE_REAL_AI,REAL
MLLM_TEX_Nano-Banana2-fake_93,MLLM,Nano Banana 2,modern,0.4704206295540166,0.4438477875638324,UNCERTAIN_AI,UNCERTAIN
MLLM_TEX_Nano-Banana2-fake_94,MLLM,Nano Banana 2,modern,0.0502287754908551,0.0036931705963466,FALSE_REAL_AI,REAL
MLLM_TEX_Nano-Banana2-fake_95,MLLM,Nano Banana 2,modern,0.0386316464899393,0.0021924159332678,FALSE_REAL_AI,REAL
MLLM_TEX_Nano-Banana2-fake_96,MLLM,Nano Banana 2,modern,0.8613983738955894,0.970079527376347,CORRECT_CONFIDENT_AI,AI-GENERATED
MLLM_TEX_Nano-Banana2-fake_97,MLLM,Nano Banana 2,modern,0.7665118388280658,0.9058109085549204,CORRECT_CONFIDENT_AI,AI-GENERATED
MLLM_TEX_Nano-Banana2-fake_98,MLLM,Nano Banana 2,modern,0.3363572238515059,0.2151732725837013,UNCERTAIN_AI,UNCERTAIN
MLLM_TEX_Nano-Banana2-fake_99,MLLM,Nano Banana 2,modern,0.1302981579507873,0.0262180470653242,FALSE_REAL_AI,REAL
QWEN_0042_FLUX2_pro,Qwen-Image-Bench,FLUX.2-pro,modern,0.4788746796083039,0.4598364931863567,UNCERTAIN_AI,UNCERTAIN
QWEN_0060_FLUX2_pro,Qwen-Image-Bench,FLUX.2-pro,modern,0.0351679045136358,0.0018214874090782,FALSE_REAL_AI,REAL
QWEN_0065_FLUX2_pro,Qwen-Image-Bench,FLUX.2-pro,modern,0.1765113582223251,0.0505586488388119,FALSE_REAL_AI,REAL
QWEN_0074_FLUX2_pro,Qwen-Image-Bench,FLUX.2-pro,modern,0.4297590450683654,0.3685213566144627,UNCERTAIN_AI,UNCERTAIN
QWEN_0078_FLUX2_pro,Qwen-Image-Bench,FLUX.2-pro,modern,0.193758885828494,0.0620992889105854,FALSE_REAL_AI,REAL
QWEN_0081_FLUX2_pro,Qwen-Image-Bench,FLUX.2-pro,modern,0.2214530071895865,0.0836342551283697,FALSE_REAL_AI,REAL
QWEN_0086_FLUX2_pro,Qwen-Image-Bench,FLUX.2-pro,modern,0.0234800309983876,0.0008256928863132,FALSE_REAL_AI,REAL
QWEN_0096_FLUX2_pro,Qwen-Image-Bench,FLUX.2-pro,modern,0.1699163339977517,0.0465110482909525,FALSE_REAL_AI,REAL
QWEN_0118_FLUX2_pro,Qwen-Image-Bench,FLUX.2-pro,modern,0.2620164724146497,0.1221958883153754,FALSE_REAL_AI,REAL
QWEN_0127_FLUX2_pro,Qwen-Image-Bench,FLUX.2-pro,modern,0.8732639383391525,0.9752846217634424,CORRECT_CONFIDENT_AI,AI-GENERATED
QWEN_0140_FLUX2_pro,Qwen-Image-Bench,FLUX.2-pro,modern,0.0328866845057339,0.0015962815097409,FALSE_REAL_AI,REAL
QWEN_0148_FLUX2_pro,Qwen-Image-Bench,FLUX.2-pro,modern,0.3973037722478907,0.311419357428467,UNCERTAIN_AI,UNCERTAIN
QWEN_0156_FLUX2_pro,Qwen-Image-Bench,FLUX.2-pro,modern,0.1977081807229304,0.0649405652613798,FALSE_REAL_AI,REAL
QWEN_0158_FLUX2_pro,Qwen-Image-Bench,FLUX.2-pro,modern,0.002367695858568,1.0051207485288896e-05,FALSE_REAL_AI,REAL
QWEN_0169_FLUX2_pro,Qwen-Image-Bench,FLUX.2-pro,modern,0.4093872086199924,0.3322828960988083,UNCERTAIN_AI,UNCERTAIN
QWEN_0184_FLUX2_pro,Qwen-Image-Bench,FLUX.2-pro,modern,0.1033864746474625,0.016090564675853,FALSE_REAL_AI,REAL
QWEN_0185_FLUX2_pro,Qwen-Image-Bench,FLUX.2-pro,modern,0.0028640545955539,1.4454997364349575e-05,FALSE_REAL_AI,REAL
QWEN_0186_FLUX2_pro,Qwen-Image-Bench,FLUX.2-pro,modern,0.4363023654660879,0.3804082448028478,UNCERTAIN_AI,UNCERTAIN
QWEN_0212_FLUX2_pro,Qwen-Image-Bench,FLUX.2-pro,modern,0.046036328553869,0.0031041101575516,FALSE_REAL_AI,REAL
QWEN_0222_FLUX2_pro,Qwen-Image-Bench,FLUX.2-pro,modern,0.0886242520700765,0.0116841409992043,FALSE_REAL_AI,REAL
QWEN_0239_FLUX2_pro,Qwen-Image-Bench,FLUX.2-pro,modern,0.389064934944406,0.2974965997167547,UNCERTAIN_AI,UNCERTAIN
QWEN_0260_FLUX2_pro,Qwen-Image-Bench,FLUX.2-pro,modern,0.0630911783089942,0.0058382528287412,FALSE_REAL_AI,REAL
QWEN_0288_FLUX2_pro,Qwen-Image-Bench,FLUX.2-pro,modern,0.2783519758061351,0.1401538744189111,UNCERTAIN_AI,UNCERTAIN
QWEN_0309_FLUX2_pro,Qwen-Image-Bench,FLUX.2-pro,modern,0.2975689925651133,0.163078819379504,UNCERTAIN_AI,UNCERTAIN
QWEN_0315_FLUX2_pro,Qwen-Image-Bench,FLUX.2-pro,modern,0.7982214731143399,0.9320521362789652,CORRECT_CONFIDENT_AI,AI-GENERATED
QWEN_0323_FLUX2_pro,Qwen-Image-Bench,FLUX.2-pro,modern,0.473867133198024,0.4503572062730022,UNCERTAIN_AI,UNCERTAIN
QWEN_0335_FLUX2_pro,Qwen-Image-Bench,FLUX.2-pro,modern,0.0054817144192851,5.000686342517107e-05,FALSE_REAL_AI,REAL
QWEN_0342_FLUX2_pro,Qwen-Image-Bench,FLUX.2-pro,modern,0.0562778587069431,0.0046377653877482,FALSE_REAL_AI,REAL
QWEN_0347_FLUX2_pro,Qwen-Image-Bench,FLUX.2-pro,modern,0.0125827142602266,0.0002466073543404,FALSE_REAL_AI,REAL
QWEN_0354_FLUX2_pro,Qwen-Image-Bench,FLUX.2-pro,modern,0.0419590348359086,0.0025819428325656,FALSE_REAL_AI,REAL
QWEN_0359_FLUX2_pro,Qwen-Image-Bench,FLUX.2-pro,modern,0.0201365365736174,0.0006124206415704,FALSE_REAL_AI,REAL
QWEN_0374_FLUX2_pro,Qwen-Image-Bench,FLUX.2-pro,modern,0.6635443320907949,0.7846848884966504,UNCERTAIN_AI,UNCERTAIN
QWEN_0386_FLUX2_pro,Qwen-Image-Bench,FLUX.2-pro,modern,0.2263217525691449,0.0878153236565777,FALSE_REAL_AI,REAL
QWEN_0392_FLUX2_pro,Qwen-Image-Bench,FLUX.2-pro,modern,0.5423176619877241,0.5800779844112531,UNCERTAIN_AI,UNCERTAIN
QWEN_0397_FLUX2_pro,Qwen-Image-Bench,FLUX.2-pro,modern,0.0671878304789041,0.0066311073771285,FALSE_REAL_AI,REAL
QWEN_0413_FLUX2_pro,Qwen-Image-Bench,FLUX.2-pro,modern,0.2117353802601114,0.0756461175957441,FALSE_REAL_AI,REAL
QWEN_0415_FLUX2_pro,Qwen-Image-Bench,FLUX.2-pro,modern,0.4547458555646312,0.4144418713040015,UNCERTAIN_AI,UNCERTAIN
QWEN_0420_FLUX2_pro,Qwen-Image-Bench,FLUX.2-pro,modern,0.6552421553429814,0.7725539349607335,UNCERTAIN_AI,UNCERTAIN
QWEN_0423_FLUX2_pro,Qwen-Image-Bench,FLUX.2-pro,modern,0.102020180456047,0.0156496639690188,FALSE_REAL_AI,REAL
QWEN_0430_FLUX2_pro,Qwen-Image-Bench,FLUX.2-pro,modern,0.5194139102035568,0.5369187245106134,UNCERTAIN_AI,UNCERTAIN
QWEN_0432_FLUX2_pro,Qwen-Image-Bench,FLUX.2-pro,modern,0.1114307997198797,0.0188269278016391,FALSE_REAL_AI,REAL
QWEN_0446_FLUX2_pro,Qwen-Image-Bench,FLUX.2-pro,modern,0.5451540435194245,0.5853715633459411,UNCERTAIN_AI,UNCERTAIN
QWEN_0451_FLUX2_pro,Qwen-Image-Bench,FLUX.2-pro,modern,0.1894628449272222,0.0590934597807518,FALSE_REAL_AI,REAL
QWEN_0456_FLUX2_pro,Qwen-Image-Bench,FLUX.2-pro,modern,0.3601985586636039,0.2508748105440436,UNCERTAIN_AI,UNCERTAIN
QWEN_0461_FLUX2_pro,Qwen-Image-Bench,FLUX.2-pro,modern,0.8915473799163702,0.9822143377873068,CORRECT_CONFIDENT_AI,AI-GENERATED
QWEN_0465_FLUX2_pro,Qwen-Image-Bench,FLUX.2-pro,modern,0.7343528346153351,0.8739343446536308,UNCERTAIN_AI,UNCERTAIN
QWEN_0471_FLUX2_pro,Qwen-Image-Bench,FLUX.2-pro,modern,0.6982380234973,0.8316619218203176,UNCERTAIN_AI,UNCERTAIN
QWEN_0476_FLUX2_pro,Qwen-Image-Bench,FLUX.2-pro,modern,0.8582439109537996,0.9685985911782276,CORRECT_CONFIDENT_AI,AI-GENERATED
QWEN_0480_FLUX2_pro,Qwen-Image-Bench,FLUX.2-pro,modern,0.3450299082512154,0.2278492072254747,UNCERTAIN_AI,UNCERTAIN
QWEN_0507_FLUX2_pro,Qwen-Image-Bench,FLUX.2-pro,modern,0.6449811293101897,0.7571075778311069,UNCERTAIN_AI,UNCERTAIN
QWEN_0518_FLUX2_pro,Qwen-Image-Bench,FLUX.2-pro,modern,0.341324420899934,0.2223888808543718,UNCERTAIN_AI,UNCERTAIN
QWEN_0524_FLUX2_pro,Qwen-Image-Bench,FLUX.2-pro,modern,0.9701265092694612,0.998678134413854,CORRECT_CONFIDENT_AI,AI-GENERATED
QWEN_0553_FLUX2_pro,Qwen-Image-Bench,FLUX.2-pro,modern,0.0707047011559297,0.0073550429673095,FALSE_REAL_AI,REAL
QWEN_0592_FLUX2_pro,Qwen-Image-Bench,FLUX.2-pro,modern,0.4743838621950258,0.4513342545732308,UNCERTAIN_AI,UNCERTAIN
QWEN_0594_FLUX2_pro,Qwen-Image-Bench,FLUX.2-pro,modern,0.3370086660218669,0.2161127551103784,UNCERTAIN_AI,UNCERTAIN
QWEN_0597_FLUX2_pro,Qwen-Image-Bench,FLUX.2-pro,modern,0.7161521700078373,0.8534881405837947,UNCERTAIN_AI,UNCERTAIN
QWEN_0621_FLUX2_pro,Qwen-Image-Bench,FLUX.2-pro,modern,0.0320176697282008,0.001514453981276,FALSE_REAL_AI,REAL
QWEN_0634_FLUX2_pro,Qwen-Image-Bench,FLUX.2-pro,modern,0.3868069391011831,0.2937260681745804,UNCERTAIN_AI,UNCERTAIN
QWEN_0637_FLUX2_pro,Qwen-Image-Bench,FLUX.2-pro,modern,0.1682161838738939,0.04549967587412,FALSE_REAL_AI,REAL
QWEN_0644_FLUX2_pro,Qwen-Image-Bench,FLUX.2-pro,modern,0.0377478810727295,0.0020944382760558,FALSE_REAL_AI,REAL
QWEN_0656_FLUX2_pro,Qwen-Image-Bench,FLUX.2-pro,modern,0.0388252124133638,0.0022141816076023,FALSE_REAL_AI,REAL
QWEN_0657_FLUX2_pro,Qwen-Image-Bench,FLUX.2-pro,modern,0.0008590998661672,1.4541151033419436e-06,FALSE_REAL_AI,REAL
QWEN_0661_FLUX2_pro,Qwen-Image-Bench,FLUX.2-pro,modern,0.0436393548086223,0.0027911217633226,FALSE_REAL_AI,REAL
QWEN_0670_FLUX2_pro,Qwen-Image-Bench,FLUX.2-pro,modern,0.4466593807738206,0.3994323316487755,UNCERTAIN_AI,UNCERTAIN
QWEN_0672_FLUX2_pro,Qwen-Image-Bench,FLUX.2-pro,modern,0.6275152229035598,0.7297121956222835,UNCERTAIN_AI,UNCERTAIN
QWEN_0682_FLUX2_pro,Qwen-Image-Bench,FLUX.2-pro,modern,0.6272426408259281,0.7292740627742014,UNCERTAIN_AI,UNCERTAIN
QWEN_0691_FLUX2_pro,Qwen-Image-Bench,FLUX.2-pro,modern,0.6751807381625813,0.801119391506086,UNCERTAIN_AI,UNCERTAIN
QWEN_0696_FLUX2_pro,Qwen-Image-Bench,FLUX.2-pro,modern,0.3934312720229218,0.3048434566342619,UNCERTAIN_AI,UNCERTAIN
QWEN_0699_FLUX2_pro,Qwen-Image-Bench,FLUX.2-pro,modern,0.0209522046726788,0.0006615375977365,FALSE_REAL_AI,REAL
QWEN_0713_FLUX2_pro,Qwen-Image-Bench,FLUX.2-pro,modern,0.568540042751948,0.6283992521113417,UNCERTAIN_AI,UNCERTAIN
QWEN_0715_FLUX2_pro,Qwen-Image-Bench,FLUX.2-pro,modern,0.2811926827951549,0.1434203267821009,UNCERTAIN_AI,UNCERTAIN
QWEN_0717_FLUX2_pro,Qwen-Image-Bench,FLUX.2-pro,modern,0.0037762386641152,2.4514332333029907e-05,FALSE_REAL_AI,REAL
QWEN_0721_FLUX2_pro,Qwen-Image-Bench,FLUX.2-pro,modern,0.5243420279089117,0.5462554671625688,UNCERTAIN_AI,UNCERTAIN
QWEN_0723_FLUX2_pro,Qwen-Image-Bench,FLUX.2-pro,modern,0.1630344280869368,0.042497330878377,FALSE_REAL_AI,REAL
QWEN_0740_FLUX2_pro,Qwen-Image-Bench,FLUX.2-pro,modern,0.0680477595042624,0.0068044049485642,FALSE_REAL_AI,REAL
QWEN_0760_FLUX2_pro,Qwen-Image-Bench,FLUX.2-pro,modern,0.0086427020592967,0.0001197154165951,FALSE_REAL_AI,REAL
QWEN_0764_FLUX2_pro,Qwen-Image-Bench,FLUX.2-pro,modern,0.0790802656234649,0.0092432776735904,FALSE_REAL_AI,REAL
QWEN_0772_FLUX2_pro,Qwen-Image-Bench,FLUX.2-pro,modern,0.8758645634911872,0.9763497251275514,CORRECT_CONFIDENT_AI,AI-GENERATED
QWEN_0773_FLUX2_pro,Qwen-Image-Bench,FLUX.2-pro,modern,0.0041663635804247,2.9583233744663203e-05,FALSE_REAL_AI,REAL
QWEN_0777_FLUX2_pro,Qwen-Image-Bench,FLUX.2-pro,modern,0.0450695125297226,0.0029757949900988,FALSE_REAL_AI,REAL
QWEN_0778_FLUX2_pro,Qwen-Image-Bench,FLUX.2-pro,modern,0.0820621726405354,0.0099723547632793,FALSE_REAL_AI,REAL
QWEN_0799_FLUX2_pro,Qwen-Image-Bench,FLUX.2-pro,modern,0.1828313461223148,0.0546253727953509,FALSE_REAL_AI,REAL
QWEN_0805_FLUX2_pro,Qwen-Image-Bench,FLUX.2-pro,modern,0.6295632218958486,0.7329938775901674,UNCERTAIN_AI,UNCERTAIN
QWEN_0820_FLUX2_pro,Qwen-Image-Bench,FLUX.2-pro,modern,0.9212666886471726,0.9908395963320664,CORRECT_CONFIDENT_AI,AI-GENERATED
QWEN_0824_FLUX2_pro,Qwen-Image-Bench,FLUX.2-pro,modern,0.2411768678995942,0.1013206747838475,FALSE_REAL_AI,REAL
QWEN_0831_FLUX2_pro,Qwen-Image-Bench,FLUX.2-pro,modern,0.4946731281970444,0.4898577220794514,UNCERTAIN_AI,UNCERTAIN
QWEN_0836_FLUX2_pro,Qwen-Image-Bench,FLUX.2-pro,modern,0.0447729119058417,0.0029369925070119,FALSE_REAL_AI,REAL
QWEN_0847_FLUX2_pro,Qwen-Image-Bench,FLUX.2-pro,modern,0.502258726748164,0.5043009296939164,UNCERTAIN_AI,UNCERTAIN
QWEN_0857_FLUX2_pro,Qwen-Image-Bench,FLUX.2-pro,modern,0.0043063483170637,3.1512998716628934e-05,FALSE_REAL_AI,REAL
QWEN_0876_FLUX2_pro,Qwen-Image-Bench,FLUX.2-pro,modern,0.022403586695675,0.0007535804578285,FALSE_REAL_AI,REAL
QWEN_0887_FLUX2_pro,Qwen-Image-Bench,FLUX.2-pro,modern,0.4090364388776628,0.3316701964909779,UNCERTAIN_AI,UNCERTAIN
QWEN_0890_FLUX2_pro,Qwen-Image-Bench,FLUX.2-pro,modern,0.011090434116879,0.0001933670665168,FALSE_REAL_AI,REAL
QWEN_0894_FLUX2_pro,Qwen-Image-Bench,FLUX.2-pro,modern,0.0871282245170657,0.0112807693857401,FALSE_REAL_AI,REAL
QWEN_0919_FLUX2_pro,Qwen-Image-Bench,FLUX.2-pro,modern,0.1186190955214926,0.0214792035032083,FALSE_REAL_AI,REAL
QWEN_0923_FLUX2_pro,Qwen-Image-Bench,FLUX.2-pro,modern,0.2326983999950979,0.0934737956118032,FALSE_REAL_AI,REAL
QWEN_0933_FLUX2_pro,Qwen-Image-Bench,FLUX.2-pro,modern,0.0581596473985056,0.004954737772716,FALSE_REAL_AI,REAL
QWEN_0951_FLUX2_pro,Qwen-Image-Bench,FLUX.2-pro,modern,0.03684939597205,0.0019971755288938,FALSE_REAL_AI,REAL
QWEN_0964_FLUX2_pro,Qwen-Image-Bench,FLUX.2-pro,modern,0.0192415433644702,0.0005606859207175,FALSE_REAL_AI,REAL
QWEN_0965_FLUX2_pro,Qwen-Image-Bench,FLUX.2-pro,modern,0.9388142719245506,0.9945122403023408,CORRECT_CONFIDENT_AI,AI-GENERATED
QWEN_0980_FLUX2_pro,Qwen-Image-Bench,FLUX.2-pro,modern,0.5396297574701548,0.5750491812585546,UNCERTAIN_AI,UNCERTAIN
QWEN_0042_FLUX2_max,Qwen-Image-Bench,FLUX.2_max,modern,0.2545200547270424,0.1144250712263246,FALSE_REAL_AI,REAL
QWEN_0060_FLUX2_max,Qwen-Image-Bench,FLUX.2_max,modern,0.0035286914485055,2.1535060516343103e-05,FALSE_REAL_AI,REAL
QWEN_0065_FLUX2_max,Qwen-Image-Bench,FLUX.2_max,modern,0.2125517486075785,0.076299030537733,FALSE_REAL_AI,REAL
QWEN_0074_FLUX2_max,Qwen-Image-Bench,FLUX.2_max,modern,0.8796873963187799,0.977866940870237,CORRECT_CONFIDENT_AI,AI-GENERATED
QWEN_0078_FLUX2_max,Qwen-Image-Bench,FLUX.2_max,modern,0.2251957721773542,0.0868376938723226,FALSE_REAL_AI,REAL
QWEN_0081_FLUX2_max,Qwen-Image-Bench,FLUX.2_max,modern,0.1145817545871385,0.0199651712039744,FALSE_REAL_AI,REAL
QWEN_0086_FLUX2_max,Qwen-Image-Bench,FLUX.2_max,modern,0.0156836359448933,0.0003773351026204,FALSE_REAL_AI,REAL
QWEN_0096_FLUX2_max,Qwen-Image-Bench,FLUX.2_max,modern,0.076299278006798,0.0085903939287685,FALSE_REAL_AI,REAL
QWEN_0118_FLUX2_max,Qwen-Image-Bench,FLUX.2_max,modern,0.1815963688426797,0.0538161032746802,FALSE_REAL_AI,REAL
QWEN_0127_FLUX2_max,Qwen-Image-Bench,FLUX.2_max,modern,0.0246308629353921,0.0009064193401612,FALSE_REAL_AI,REAL
QWEN_0140_FLUX2_max,Qwen-Image-Bench,FLUX.2_max,modern,0.0145267419768128,0.0003253945713449,FALSE_REAL_AI,REAL
QWEN_0148_FLUX2_max,Qwen-Image-Bench,FLUX.2_max,modern,0.3627927609675954,0.2549183455709701,UNCERTAIN_AI,UNCERTAIN
QWEN_0156_FLUX2_max,Qwen-Image-Bench,FLUX.2_max,modern,0.0520349847756638,0.003963429570358,FALSE_REAL_AI,REAL
QWEN_0158_FLUX2_max,Qwen-Image-Bench,FLUX.2_max,modern,0.0053368187872804,4.7506952424248845e-05,FALSE_REAL_AI,REAL
QWEN_0169_FLUX2_max,Qwen-Image-Bench,FLUX.2_max,modern,0.1831494802485445,0.0548349979863632,FALSE_REAL_AI,REAL
QWEN_0184_FLUX2_max,Qwen-Image-Bench,FLUX.2_max,modern,0.1189120826364404,0.0215915267002493,FALSE_REAL_AI,REAL
QWEN_0185_FLUX2_max,Qwen-Image-Bench,FLUX.2_max,modern,0.0041383017252518,2.9203421180901063e-05,FALSE_REAL_AI,REAL
QWEN_0186_FLUX2_max,Qwen-Image-Bench,FLUX.2_max,modern,0.1616297480891184,0.0417040868929632,FALSE_REAL_AI,REAL
QWEN_0212_FLUX2_max,Qwen-Image-Bench,FLUX.2_max,modern,0.0221319901243982,0.000735903768721,FALSE_REAL_AI,REAL
QWEN_0222_FLUX2_max,Qwen-Image-Bench,FLUX.2_max,modern,0.0128372163330416,0.0002563153831237,FALSE_REAL_AI,REAL
QWEN_0239_FLUX2_max,Qwen-Image-Bench,FLUX.2_max,modern,0.5930919161337407,0.6720386661104213,UNCERTAIN_AI,UNCERTAIN
QWEN_0260_FLUX2_max,Qwen-Image-Bench,FLUX.2_max,modern,0.080766299212831,0.0096518032969765,FALSE_REAL_AI,REAL
QWEN_0288_FLUX2_max,Qwen-Image-Bench,FLUX.2_max,modern,0.0078608047187565,9.97902424826859e-05,FALSE_REAL_AI,REAL
QWEN_0309_FLUX2_max,Qwen-Image-Bench,FLUX.2_max,modern,0.1438769315423245,0.0324204423364022,FALSE_REAL_AI,REAL
QWEN_0315_FLUX2_max,Qwen-Image-Bench,FLUX.2_max,modern,0.4849056591156889,0.4712806734356778,UNCERTAIN_AI,UNCERTAIN
QWEN_0323_FLUX2_max,Qwen-Image-Bench,FLUX.2_max,modern,0.5777405523760143,0.644962257108283,UNCERTAIN_AI,UNCERTAIN
QWEN_0335_FLUX2_max,Qwen-Image-Bench,FLUX.2_max,modern,0.0273224349878914,0.0011099142755593,FALSE_REAL_AI,REAL
QWEN_0342_FLUX2_max,Qwen-Image-Bench,FLUX.2_max,modern,0.0132491235879689,0.0002724149933603,FALSE_REAL_AI,REAL
QWEN_0347_FLUX2_max,Qwen-Image-Bench,FLUX.2_max,modern,0.0204520882312865,0.0006311995400934,FALSE_REAL_AI,REAL
QWEN_0354_FLUX2_max,Qwen-Image-Bench,FLUX.2_max,modern,0.0593465514585822,0.0051603648539347,FALSE_REAL_AI,REAL
QWEN_0359_FLUX2_max,Qwen-Image-Bench,FLUX.2_max,modern,0.0245464904742295,0.0009003733313274,FALSE_REAL_AI,REAL
QWEN_0374_FLUX2_max,Qwen-Image-Bench,FLUX.2_max,modern,0.1100551619630506,0.0183418085326824,FALSE_REAL_AI,REAL
QWEN_0386_FLUX2_max,Qwen-Image-Bench,FLUX.2_max,modern,0.2801210919663536,0.1421831367232462,UNCERTAIN_AI,UNCERTAIN
QWEN_0392_FLUX2_max,Qwen-Image-Bench,FLUX.2_max,modern,0.0360107776846356,0.0019085230046857,FALSE_REAL_AI,REAL
QWEN_0397_FLUX2_max,Qwen-Image-Bench,FLUX.2_max,modern,0.0175297249363817,0.0004680214845295,FALSE_REAL_AI,REAL
QWEN_0413_FLUX2_max,Qwen-Image-Bench,FLUX.2_max,modern,0.1512070206744958,0.0360889102389482,FALSE_REAL_AI,REAL
QWEN_0415_FLUX2_max,Qwen-Image-Bench,FLUX.2_max,modern,0.1748334307394896,0.0495099767023612,FALSE_REAL_AI,REAL
QWEN_0420_FLUX2_max,Qwen-Image-Bench,FLUX.2_max,modern,0.2579687851732593,0.1179633964977167,FALSE_REAL_AI,REAL
QWEN_0423_FLUX2_max,Qwen-Image-Bench,FLUX.2_max,modern,0.0545183786668908,0.0043513696080912,FALSE_REAL_AI,REAL
QWEN_0430_FLUX2_max,Qwen-Image-Bench,FLUX.2_max,modern,0.2108098411188798,0.0749098973911046,FALSE_REAL_AI,REAL
QWEN_0432_FLUX2_max,Qwen-Image-Bench,FLUX.2_max,modern,0.0072713731121048,8.593015240748775e-05,FALSE_REAL_AI,REAL
QWEN_0446_FLUX2_max,Qwen-Image-Bench,FLUX.2_max,modern,0.2444516920443915,0.1044510485512111,FALSE_REAL_AI,REAL
QWEN_0451_FLUX2_max,Qwen-Image-Bench,FLUX.2_max,modern,0.0050532062594072,4.279225478798225e-05,FALSE_REAL_AI,REAL
QWEN_0456_FLUX2_max,Qwen-Image-Bench,FLUX.2_max,modern,0.0599383903464245,0.0052645541898219,FALSE_REAL_AI,REAL
QWEN_0461_FLUX2_max,Qwen-Image-Bench,FLUX.2_max,modern,0.6141639226155714,0.7078889954711078,UNCERTAIN_AI,UNCERTAIN
QWEN_0465_FLUX2_max,Qwen-Image-Bench,FLUX.2_max,modern,0.012643578814273,0.0002489124085268,FALSE_REAL_AI,REAL
QWEN_0471_FLUX2_max,Qwen-Image-Bench,FLUX.2_max,modern,0.4616473095501288,0.4273440724326859,UNCERTAIN_AI,UNCERTAIN
QWEN_0476_FLUX2_max,Qwen-Image-Bench,FLUX.2_max,modern,0.5884733560197078,0.6639713311736335,UNCERTAIN_AI,UNCERTAIN
QWEN_0480_FLUX2_max,Qwen-Image-Bench,FLUX.2_max,modern,0.4194203351239197,0.3499751653242336,UNCERTAIN_AI,UNCERTAIN
QWEN_0507_FLUX2_max,Qwen-Image-Bench,FLUX.2_max,modern,0.2107053310891593,0.0748270320115734,FALSE_REAL_AI,REAL
QWEN_0518_FLUX2_max,Qwen-Image-Bench,FLUX.2_max,modern,0.2497767649273811,0.1096603037209002,FALSE_REAL_AI,REAL
QWEN_0524_FLUX2_max,Qwen-Image-Bench,FLUX.2_max,modern,0.3469479408878584,0.2307013286361853,UNCERTAIN_AI,UNCERTAIN
QWEN_0553_FLUX2_max,Qwen-Image-Bench,FLUX.2_max,modern,0.0051511737858156,4.439408833067727e-05,FALSE_REAL_AI,REAL
QWEN_0592_FLUX2_max,Qwen-Image-Bench,FLUX.2_max,modern,0.0169175232951754,0.0004368848080057,FALSE_REAL_AI,REAL
QWEN_0594_FLUX2_max,Qwen-Image-Bench,FLUX.2_max,modern,0.5561425277672762,0.605737836074139,UNCERTAIN_AI,UNCERTAIN
QWEN_0597_FLUX2_max,Qwen-Image-Bench,FLUX.2_max,modern,0.0280142681488114,0.0011655549220697,FALSE_REAL_AI,REAL
QWEN_0621_FLUX2_max,Qwen-Image-Bench,FLUX.2_max,modern,0.0037771374989091,2.4525486231022113e-05,FALSE_REAL_AI,REAL
QWEN_0634_FLUX2_max,Qwen-Image-Bench,FLUX.2_max,modern,0.1430497304544859,0.032020740482501,FALSE_REAL_AI,REAL
QWEN_0637_FLUX2_max,Qwen-Image-Bench,FLUX.2_max,modern,0.3455519987970072,0.2286238255753904,UNCERTAIN_AI,UNCERTAIN
QWEN_0644_FLUX2_max,Qwen-Image-Bench,FLUX.2_max,modern,0.4015901909721032,0.3187619185596851,UNCERTAIN_AI,UNCERTAIN
QWEN_0656_FLUX2_max,Qwen-Image-Bench,FLUX.2_max,modern,0.0676639600309234,0.0067267634769739,FALSE_REAL_AI,REAL
QWEN_0657_FLUX2_max,Qwen-Image-Bench,FLUX.2_max,modern,0.0020825184010398,7.867736526755901e-06,FALSE_REAL_AI,REAL
QWEN_0661_FLUX2_max,Qwen-Image-Bench,FLUX.2_max,modern,0.0086196376656486,0.0001191026034633,FALSE_REAL_AI,REAL
QWEN_0670_FLUX2_max,Qwen-Image-Bench,FLUX.2_max,modern,0.824262466140613,0.9499265842693576,CORRECT_CONFIDENT_AI,AI-GENERATED
QWEN_0672_FLUX2_max,Qwen-Image-Bench,FLUX.2_max,modern,0.0294902814871986,0.0012888377806505,FALSE_REAL_AI,REAL
QWEN_0682_FLUX2_max,Qwen-Image-Bench,FLUX.2_max,modern,0.8991378481744541,0.984718671702934,CORRECT_CONFIDENT_AI,AI-GENERATED
QWEN_0691_FLUX2_max,Qwen-Image-Bench,FLUX.2_max,modern,0.7302703126899063,0.869500074975406,UNCERTAIN_AI,UNCERTAIN
QWEN_0696_FLUX2_max,Qwen-Image-Bench,FLUX.2_max,modern,0.3413934049139295,0.2224899318894367,UNCERTAIN_AI,UNCERTAIN
QWEN_0699_FLUX2_max,Qwen-Image-Bench,FLUX.2_max,modern,0.0099575600232638,0.0001571608874111,FALSE_REAL_AI,REAL
QWEN_0713_FLUX2_max,Qwen-Image-Bench,FLUX.2_max,modern,0.5080034542687658,0.5152365445398742,UNCERTAIN_AI,UNCERTAIN
QWEN_0715_FLUX2_max,Qwen-Image-Bench,FLUX.2_max,modern,0.0398000851910301,0.0023254779549025,FALSE_REAL_AI,REAL
QWEN_0717_FLUX2_max,Qwen-Image-Bench,FLUX.2_max,modern,0.0434838976986896,0.0027714162401087,FALSE_REAL_AI,REAL
QWEN_0721_FLUX2_max,Qwen-Image-Bench,FLUX.2_max,modern,0.1797508643398258,0.0526200111417691,FALSE_REAL_AI,REAL
QWEN_0723_FLUX2_max,Qwen-Image-Bench,FLUX.2_max,modern,0.0403737376349194,0.0023922783064116,FALSE_REAL_AI,REAL
QWEN_0740_FLUX2_max,Qwen-Image-Bench,FLUX.2_max,modern,0.0098006900588918,0.0001524346849959,FALSE_REAL_AI,REAL
QWEN_0760_FLUX2_max,Qwen-Image-Bench,FLUX.2_max,modern,0.0019379152205213,6.858312324512362e-06,FALSE_REAL_AI,REAL
QWEN_0764_FLUX2_max,Qwen-Image-Bench,FLUX.2_max,modern,0.5098821751398879,0.5188109394164041,UNCERTAIN_AI,UNCERTAIN
QWEN_0772_FLUX2_max,Qwen-Image-Bench,FLUX.2_max,modern,0.6146060407313902,0.7086232424017345,UNCERTAIN_AI,UNCERTAIN
QWEN_0773_FLUX2_max,Qwen-Image-Bench,FLUX.2_max,modern,0.0273308083003229,0.0011105795301001,FALSE_REAL_AI,REAL
QWEN_0777_FLUX2_max,Qwen-Image-Bench,FLUX.2_max,modern,0.0085009715815357,0.0001159737398949,FALSE_REAL_AI,REAL
QWEN_0778_FLUX2_max,Qwen-Image-Bench,FLUX.2_max,modern,0.1378099294611089,0.0295552731490728,FALSE_REAL_AI,REAL
QWEN_0799_FLUX2_max,Qwen-Image-Bench,FLUX.2_max,modern,0.1341241620547003,0.0278890405847133,FALSE_REAL_AI,REAL
QWEN_0805_FLUX2_max,Qwen-Image-Bench,FLUX.2_max,modern,0.2443951780229478,0.1043965552231976,FALSE_REAL_AI,REAL
QWEN_0820_FLUX2_max,Qwen-Image-Bench,FLUX.2_max,modern,0.9292677831766104,0.9926391339077546,CORRECT_CONFIDENT_AI,AI-GENERATED
QWEN_0824_FLUX2_max,Qwen-Image-Bench,FLUX.2_max,modern,0.0472859212937085,0.0032741214002054,FALSE_REAL_AI,REAL
QWEN_0831_FLUX2_max,Qwen-Image-Bench,FLUX.2_max,modern,0.7466158267481317,0.8867266722841971,CORRECT_CONFIDENT_AI,AI-GENERATED
QWEN_0836_FLUX2_max,Qwen-Image-Bench,FLUX.2_max,modern,0.0027792335209262,1.3648554525245325e-05,FALSE_REAL_AI,REAL
QWEN_0847_FLUX2_max,Qwen-Image-Bench,FLUX.2_max,modern,0.7388158024861242,0.8786814182968568,CORRECT_CONFIDENT_AI,AI-GENERATED
QWEN_0857_FLUX2_max,Qwen-Image-Bench,FLUX.2_max,modern,0.0062594995303622,6.447552505180788e-05,FALSE_REAL_AI,REAL
QWEN_0876_FLUX2_max,Qwen-Image-Bench,FLUX.2_max,modern,0.004424226896751,3.3183295044558654e-05,FALSE_REAL_AI,REAL
QWEN_0887_FLUX2_max,Qwen-Image-Bench,FLUX.2_max,modern,0.6698115780225097,0.7936197940000097,UNCERTAIN_AI,UNCERTAIN
QWEN_0890_FLUX2_max,Qwen-Image-Bench,FLUX.2_max,modern,0.009916402157177,0.0001559141049997,FALSE_REAL_AI,REAL
QWEN_0894_FLUX2_max,Qwen-Image-Bench,FLUX.2_max,modern,0.0596736443408624,0.0052178109981335,FALSE_REAL_AI,REAL
QWEN_0919_FLUX2_max,Qwen-Image-Bench,FLUX.2_max,modern,0.1199454979065215,0.0219903735252743,FALSE_REAL_AI,REAL
QWEN_0923_FLUX2_max,Qwen-Image-Bench,FLUX.2_max,modern,0.0707778072927695,0.0073705198384635,FALSE_REAL_AI,REAL
QWEN_0933_FLUX2_max,Qwen-Image-Bench,FLUX.2_max,modern,0.26375231018829,0.1240373716023383,FALSE_REAL_AI,REAL
QWEN_0951_FLUX2_max,Qwen-Image-Bench,FLUX.2_max,modern,0.0210552041246596,0.000667873412063,FALSE_REAL_AI,REAL
QWEN_0964_FLUX2_max,Qwen-Image-Bench,FLUX.2_max,modern,0.0211119165709961,0.0006713747548819,FALSE_REAL_AI,REAL
QWEN_0965_FLUX2_max,Qwen-Image-Bench,FLUX.2_max,modern,0.9731409800325568,0.9989265919449124,CORRECT_CONFIDENT_AI,AI-GENERATED
QWEN_0980_FLUX2_max,Qwen-Image-Bench,FLUX.2_max,modern,0.4905854744458569,0.4820786758968405,UNCERTAIN_AI,UNCERTAIN
QWEN_0042_GLM_Image,Qwen-Image-Bench,GLM-Image,modern,0.0545963698238543,0.0043638611248134,FALSE_REAL_AI,REAL
QWEN_0060_GLM_Image,Qwen-Image-Bench,GLM-Image,modern,0.1584642877618191,0.0399484866450945,FALSE_REAL_AI,REAL
QWEN_0065_GLM_Image,Qwen-Image-Bench,GLM-Image,modern,0.2037771781969327,0.0694540621260137,FALSE_REAL_AI,REAL
QWEN_0074_GLM_Image,Qwen-Image-Bench,GLM-Image,modern,0.6513871418901241,0.7668088028034298,UNCERTAIN_AI,UNCERTAIN
QWEN_0078_GLM_Image,Qwen-Image-Bench,GLM-Image,modern,0.1372225072766325,0.0292859755608701,FALSE_REAL_AI,REAL
QWEN_0081_GLM_Image,Qwen-Image-Bench,GLM-Image,modern,0.521816329142108,0.5414729518979882,UNCERTAIN_AI,UNCERTAIN
QWEN_0086_GLM_Image,Qwen-Image-Bench,GLM-Image,modern,0.0189349971562876,0.0005434852076945,FALSE_REAL_AI,REAL
QWEN_0096_GLM_Image,Qwen-Image-Bench,GLM-Image,modern,0.1263332648693504,0.0245486518409489,FALSE_REAL_AI,REAL
QWEN_0118_GLM_Image,Qwen-Image-Bench,GLM-Image,modern,0.7252123126921579,0.8638844193815228,UNCERTAIN_AI,UNCERTAIN
QWEN_0127_GLM_Image,Qwen-Image-Bench,GLM-Image,modern,0.9835160335565576,0.9995845278189572,CORRECT_CONFIDENT_AI,AI-GENERATED
QWEN_0140_GLM_Image,Qwen-Image-Bench,GLM-Image,modern,0.0499710877394658,0.0036554257237951,FALSE_REAL_AI,REAL
QWEN_0148_GLM_Image,Qwen-Image-Bench,GLM-Image,modern,0.2193977436832575,0.0819052642418489,FALSE_REAL_AI,REAL
QWEN_0156_GLM_Image,Qwen-Image-Bench,GLM-Image,modern,0.2188998465110649,0.0814896100056383,FALSE_REAL_AI,REAL
QWEN_0158_GLM_Image,Qwen-Image-Bench,GLM-Image,modern,0.0021918276621293,8.674533283402335e-06,FALSE_REAL_AI,REAL
QWEN_0169_GLM_Image,Qwen-Image-Bench,GLM-Image,modern,0.2531229944538335,0.1130094569136478,FALSE_REAL_AI,REAL
QWEN_0184_GLM_Image,Qwen-Image-Bench,GLM-Image,modern,0.0467066435141986,0.0031947236020761,FALSE_REAL_AI,REAL
QWEN_0185_GLM_Image,Qwen-Image-Bench,GLM-Image,modern,0.0961424683961331,0.0138305508074716,FALSE_REAL_AI,REAL
QWEN_0186_GLM_Image,Qwen-Image-Bench,GLM-Image,modern,0.8632396635601287,0.9709249021748168,CORRECT_CONFIDENT_AI,AI-GENERATED
QWEN_0212_GLM_Image,Qwen-Image-Bench,GLM-Image,modern,0.1506540762077961,0.035804186230199,FALSE_REAL_AI,REAL
QWEN_0222_GLM_Image,Qwen-Image-Bench,GLM-Image,modern,0.8156668941454029,0.9443809232134646,CORRECT_CONFIDENT_AI,AI-GENERATED
QWEN_0239_GLM_Image,Qwen-Image-Bench,GLM-Image,modern,0.1842613533077293,0.0555713580899026,FALSE_REAL_AI,REAL
QWEN_0260_GLM_Image,Qwen-Image-Bench,GLM-Image,modern,0.0176957497265896,0.0004766474019181,FALSE_REAL_AI,REAL
QWEN_0288_GLM_Image,Qwen-Image-Bench,GLM-Image,modern,0.6821988967113591,0.8107037190436825,UNCERTAIN_AI,UNCERTAIN
QWEN_0309_GLM_Image,Qwen-Image-Bench,GLM-Image,modern,0.0709420687187829,0.0074053585659114,FALSE_REAL_AI,REAL
QWEN_0315_GLM_Image,Qwen-Image-Bench,GLM-Image,modern,0.6848227186360188,0.8142227092309058,UNCERTAIN_AI,UNCERTAIN
QWEN_0323_GLM_Image,Qwen-Image-Bench,GLM-Image,modern,0.6578918833396544,0.7764617758440063,UNCERTAIN_AI,UNCERTAIN
QWEN_0335_GLM_Image,Qwen-Image-Bench,GLM-Image,modern,0.4770322050653281,0.4563459750495952,UNCERTAIN_AI,UNCERTAIN
QWEN_0342_GLM_Image,Qwen-Image-Bench,GLM-Image,modern,0.2564199122956538,0.1163665689715669,FALSE_REAL_AI,REAL
QWEN_0347_GLM_Image,Qwen-Image-Bench,GLM-Image,modern,0.2573921883381723,0.1173674767561658,FALSE_REAL_AI,REAL
QWEN_0354_GLM_Image,Qwen-Image-Bench,GLM-Image,modern,0.033890439645681,0.0016935145546949,FALSE_REAL_AI,REAL
QWEN_0359_GLM_Image,Qwen-Image-Bench,GLM-Image,modern,0.3669242021351455,0.261419761024686,UNCERTAIN_AI,UNCERTAIN
QWEN_0374_GLM_Image,Qwen-Image-Bench,GLM-Image,modern,0.2988586169374616,0.1646866304821125,UNCERTAIN_AI,UNCERTAIN
QWEN_0386_GLM_Image,Qwen-Image-Bench,GLM-Image,modern,0.7031954791601811,0.8378701679055073,UNCERTAIN_AI,UNCERTAIN
QWEN_0392_GLM_Image,Qwen-Image-Bench,GLM-Image,modern,0.4566277921014476,0.4179522974438577,UNCERTAIN_AI,UNCERTAIN
QWEN_0397_GLM_Image,Qwen-Image-Bench,GLM-Image,modern,0.4316565985545395,0.3719572425597729,UNCERTAIN_AI,UNCERTAIN
QWEN_0413_GLM_Image,Qwen-Image-Bench,GLM-Image,modern,0.3800253845785707,0.2825233182395281,UNCERTAIN_AI,UNCERTAIN
QWEN_0415_GLM_Image,Qwen-Image-Bench,GLM-Image,modern,0.6510321625100769,0.7662762432684797,UNCERTAIN_AI,UNCERTAIN
QWEN_0420_GLM_Image,Qwen-Image-Bench,GLM-Image,modern,0.9878313817890748,0.9997687975130926,CORRECT_CONFIDENT_AI,AI-GENERATED
QWEN_0423_GLM_Image,Qwen-Image-Bench,GLM-Image,modern,0.1343420202986893,0.0279859802190334,FALSE_REAL_AI,REAL
QWEN_0430_GLM_Image,Qwen-Image-Bench,GLM-Image,modern,0.5417564893824959,0.5790290515517307,UNCERTAIN_AI,UNCERTAIN
QWEN_0432_GLM_Image,Qwen-Image-Bench,GLM-Image,modern,0.2430597850045622,0.103113737673254,FALSE_REAL_AI,REAL
QWEN_0446_GLM_Image,Qwen-Image-Bench,GLM-Image,modern,0.0208151215621435,0.0006531516421333,FALSE_REAL_AI,REAL
QWEN_0451_GLM_Image,Qwen-Image-Bench,GLM-Image,modern,0.953425404669306,0.996823233748201,CORRECT_CONFIDENT_AI,AI-GENERATED
QWEN_0456_GLM_Image,Qwen-Image-Bench,GLM-Image,modern,0.808681501890627,0.9396189923031456,CORRECT_CONFIDENT_AI,AI-GENERATED
QWEN_0461_GLM_Image,Qwen-Image-Bench,GLM-Image,modern,0.9196318740462892,0.9904455429863394,CORRECT_CONFIDENT_AI,AI-GENERATED
QWEN_0465_GLM_Image,Qwen-Image-Bench,GLM-Image,modern,0.9227108373678536,0.991180191356472,CORRECT_CONFIDENT_AI,AI-GENERATED
QWEN_0471_GLM_Image,Qwen-Image-Bench,GLM-Image,modern,0.7645712939765613,0.9040397246612656,CORRECT_CONFIDENT_AI,AI-GENERATED
QWEN_0476_GLM_Image,Qwen-Image-Bench,GLM-Image,modern,0.8413103401671567,0.9599279784693016,CORRECT_CONFIDENT_AI,AI-GENERATED
QWEN_0480_GLM_Image,Qwen-Image-Bench,GLM-Image,modern,0.6702251314815805,0.7942025513379349,UNCERTAIN_AI,UNCERTAIN
QWEN_0507_GLM_Image,Qwen-Image-Bench,GLM-Image,modern,0.1234644561470304,0.0233798166887098,FALSE_REAL_AI,REAL
QWEN_0518_GLM_Image,Qwen-Image-Bench,GLM-Image,modern,0.0270637196655429,0.0010894580672903,FALSE_REAL_AI,REAL
QWEN_0524_GLM_Image,Qwen-Image-Bench,GLM-Image,modern,0.626319565287192,0.7277880186504551,UNCERTAIN_AI,UNCERTAIN
QWEN_0553_GLM_Image,Qwen-Image-Bench,GLM-Image,modern,0.0113317288836784,0.0002015488220475,FALSE_REAL_AI,REAL
QWEN_0592_GLM_Image,Qwen-Image-Bench,GLM-Image,modern,0.8075173589361097,0.93880286999828,CORRECT_CONFIDENT_AI,AI-GENERATED
QWEN_0594_GLM_Image,Qwen-Image-Bench,GLM-Image,modern,0.439380784736361,0.3860372752378309,UNCERTAIN_AI,UNCERTAIN
QWEN_0597_GLM_Image,Qwen-Image-Bench,GLM-Image,modern,0.7943945345819187,0.9291510026930256,CORRECT_CONFIDENT_AI,AI-GENERATED
QWEN_0621_GLM_Image,Qwen-Image-Bench,GLM-Image,modern,0.0088096786701775,0.0001241972885963,FALSE_REAL_AI,REAL
QWEN_0634_GLM_Image,Qwen-Image-Bench,GLM-Image,modern,0.8094201194988871,0.9401334472401628,CORRECT_CONFIDENT_AI,AI-GENERATED
QWEN_0637_GLM_Image,Qwen-Image-Bench,GLM-Image,modern,0.1366766490661576,0.0290370072643009,FALSE_REAL_AI,REAL
QWEN_0644_GLM_Image,Qwen-Image-Bench,GLM-Image,modern,0.3000667717389993,0.1662007450518428,UNCERTAIN_AI,UNCERTAIN
QWEN_0656_GLM_Image,Qwen-Image-Bench,GLM-Image,modern,0.0581630219003634,0.0049553161269623,FALSE_REAL_AI,REAL
QWEN_0657_GLM_Image,Qwen-Image-Bench,GLM-Image,modern,0.008852135302073,0.0001253495859725,FALSE_REAL_AI,REAL
QWEN_0661_GLM_Image,Qwen-Image-Bench,GLM-Image,modern,0.3501459954985383,0.2354955387126049,UNCERTAIN_AI,UNCERTAIN
QWEN_0670_GLM_Image,Qwen-Image-Bench,GLM-Image,modern,0.6517055049355782,0.7672859236821998,UNCERTAIN_AI,UNCERTAIN
QWEN_0672_GLM_Image,Qwen-Image-Bench,GLM-Image,modern,0.9549998006682316,0.9970332964474304,CORRECT_CONFIDENT_AI,AI-GENERATED
QWEN_0682_GLM_Image,Qwen-Image-Bench,GLM-Image,modern,0.918843626495822,0.990252308125441,CORRECT_CONFIDENT_AI,AI-GENERATED
QWEN_0691_GLM_Image,Qwen-Image-Bench,GLM-Image,modern,0.7547346526295365,0.894762548668488,CORRECT_CONFIDENT_AI,AI-GENERATED
QWEN_0696_GLM_Image,Qwen-Image-Bench,GLM-Image,modern,0.2621368178573156,0.1223230467296439,FALSE_REAL_AI,REAL
QWEN_0699_GLM_Image,Qwen-Image-Bench,GLM-Image,modern,0.440227596751413,0.3875896195281657,UNCERTAIN_AI,UNCERTAIN
QWEN_0713_GLM_Image,Qwen-Image-Bench,GLM-Image,modern,0.4301613710450582,0.3692490535744852,UNCERTAIN_AI,UNCERTAIN
QWEN_0715_GLM_Image,Qwen-Image-Bench,GLM-Image,modern,0.7083889169977111,0.8442361443917826,UNCERTAIN_AI,UNCERTAIN
QWEN_0717_GLM_Image,Qwen-Image-Bench,GLM-Image,modern,0.0089113359884339,0.0001269649221555,FALSE_REAL_AI,REAL
QWEN_0721_GLM_Image,Qwen-Image-Bench,GLM-Image,modern,0.7428317564198089,0.8828635023946209,CORRECT_CONFIDENT_AI,AI-GENERATED
QWEN_0723_GLM_Image,Qwen-Image-Bench,GLM-Image,modern,0.8982921295389847,0.9844501560554354,CORRECT_CONFIDENT_AI,AI-GENERATED
QWEN_0740_GLM_Image,Qwen-Image-Bench,GLM-Image,modern,0.113410688551041,0.0195377228356544,FALSE_REAL_AI,REAL
QWEN_0760_GLM_Image,Qwen-Image-Bench,GLM-Image,modern,0.983901668498698,0.9996031290477077,CORRECT_CONFIDENT_AI,AI-GENERATED
QWEN_0764_GLM_Image,Qwen-Image-Bench,GLM-Image,modern,0.210389595258261,0.0745770159500997,FALSE_REAL_AI,REAL
QWEN_0772_GLM_Image,Qwen-Image-Bench,GLM-Image,modern,0.9034187210168072,0.9860379561143472,CORRECT_CONFIDENT_AI,AI-GENERATED
QWEN_0773_GLM_Image,Qwen-Image-Bench,GLM-Image,modern,0.0263583310383992,0.001034653518044,FALSE_REAL_AI,REAL
QWEN_0777_GLM_Image,Qwen-Image-Bench,GLM-Image,modern,0.2444582365876481,0.1044573601626626,FALSE_REAL_AI,REAL
QWEN_0778_GLM_Image,Qwen-Image-Bench,GLM-Image,modern,0.1531082093536462,0.0370779198309062,FALSE_REAL_AI,REAL
QWEN_0799_GLM_Image,Qwen-Image-Bench,GLM-Image,modern,0.6878690462606777,0.8182641819189863,UNCERTAIN_AI,UNCERTAIN
QWEN_0805_GLM_Image,Qwen-Image-Bench,GLM-Image,modern,0.638011263825909,0.7463380979546906,UNCERTAIN_AI,UNCERTAIN
QWEN_0820_GLM_Image,Qwen-Image-Bench,GLM-Image,modern,0.9101239526473046,0.9879723302248692,CORRECT_CONFIDENT_AI,AI-GENERATED
QWEN_0824_GLM_Image,Qwen-Image-Bench,GLM-Image,modern,0.2758723555203178,0.1373374041655513,UNCERTAIN_AI,UNCERTAIN
QWEN_0831_GLM_Image,Qwen-Image-Bench,GLM-Image,modern,0.938040658927548,0.9943713311170456,CORRECT_CONFIDENT_AI,AI-GENERATED
QWEN_0836_GLM_Image,Qwen-Image-Bench,GLM-Image,modern,0.1185404842197323,0.0214491227744389,FALSE_REAL_AI,REAL
QWEN_0847_GLM_Image,Qwen-Image-Bench,GLM-Image,modern,0.9679283003336268,0.9984805220631174,CORRECT_CONFIDENT_AI,AI-GENERATED
QWEN_0857_GLM_Image,Qwen-Image-Bench,GLM-Image,modern,0.0359505491445039,0.0019022350900779,FALSE_REAL_AI,REAL
QWEN_0876_GLM_Image,Qwen-Image-Bench,GLM-Image,modern,0.3319342135942834,0.2088496292388446,UNCERTAIN_AI,UNCERTAIN
QWEN_0887_GLM_Image,Qwen-Image-Bench,GLM-Image,modern,0.8289170554349834,0.9527873978503382,CORRECT_CONFIDENT_AI,AI-GENERATED
QWEN_0890_GLM_Image,Qwen-Image-Bench,GLM-Image,modern,0.058303280827015,0.004979386609099,FALSE_REAL_AI,REAL
QWEN_0894_GLM_Image,Qwen-Image-Bench,GLM-Image,modern,0.0259949061188212,0.0010069707298635,FALSE_REAL_AI,REAL
QWEN_0919_GLM_Image,Qwen-Image-Bench,GLM-Image,modern,0.3448971312372858,0.2276524149618174,UNCERTAIN_AI,UNCERTAIN
QWEN_0923_GLM_Image,Qwen-Image-Bench,GLM-Image,modern,0.1950110810530421,0.0629920388423412,FALSE_REAL_AI,REAL
QWEN_0933_GLM_Image,Qwen-Image-Bench,GLM-Image,modern,0.8831343917162814,0.9791860854136688,CORRECT_CONFIDENT_AI,AI-GENERATED
QWEN_0951_GLM_Image,Qwen-Image-Bench,GLM-Image,modern,0.2035360196215605,0.0692712873126838,FALSE_REAL_AI,REAL
QWEN_0964_GLM_Image,Qwen-Image-Bench,GLM-Image,modern,0.5643722418271269,0.6208222595184981,UNCERTAIN_AI,UNCERTAIN
QWEN_0965_GLM_Image,Qwen-Image-Bench,GLM-Image,modern,0.98915314322533,0.999814724798686,CORRECT_CONFIDENT_AI,AI-GENERATED
QWEN_0980_GLM_Image,Qwen-Image-Bench,GLM-Image,modern,0.7680773203389917,0.907225668362956,CORRECT_CONFIDENT_AI,AI-GENERATED
QWEN_0042_GPT_Image_1,Qwen-Image-Bench,GPT-Image-1,modern,0.2493858007265846,0.1092728149756485,FALSE_REAL_AI,REAL
QWEN_0060_GPT_Image_1,Qwen-Image-Bench,GPT-Image-1,modern,0.0525569599560257,0.0040433931810397,FALSE_REAL_AI,REAL
QWEN_0065_GPT_Image_1,Qwen-Image-Bench,GPT-Image-1,modern,0.5934621428681344,0.6726822665550893,UNCERTAIN_AI,UNCERTAIN
QWEN_0074_GPT_Image_1,Qwen-Image-Bench,GPT-Image-1,modern,0.087273372157658,0.0113195638404441,FALSE_REAL_AI,REAL
QWEN_0078_GPT_Image_1,Qwen-Image-Bench,GPT-Image-1,modern,0.0550909002035323,0.0044435063758701,FALSE_REAL_AI,REAL
QWEN_0081_GPT_Image_1,Qwen-Image-Bench,GPT-Image-1,modern,0.1072627115231701,0.0173789457972476,FALSE_REAL_AI,REAL
QWEN_0086_GPT_Image_1,Qwen-Image-Bench,GPT-Image-1,modern,0.0590819861203395,0.0051141465107885,FALSE_REAL_AI,REAL
QWEN_0096_GPT_Image_1,Qwen-Image-Bench,GPT-Image-1,modern,0.008951109776574,0.0001280558017069,FALSE_REAL_AI,REAL
QWEN_0118_GPT_Image_1,Qwen-Image-Bench,GPT-Image-1,modern,0.5815940314473684,0.6518277888102857,UNCERTAIN_AI,UNCERTAIN
QWEN_0127_GPT_Image_1,Qwen-Image-Bench,GPT-Image-1,modern,0.2989685198993482,0.1648240510702966,UNCERTAIN_AI,UNCERTAIN
QWEN_0140_GPT_Image_1,Qwen-Image-Bench,GPT-Image-1,modern,0.0267347563697528,0.0010637231108238,FALSE_REAL_AI,REAL
QWEN_0148_GPT_Image_1,Qwen-Image-Bench,GPT-Image-1,modern,0.6927924757533853,0.8246950754450605,UNCERTAIN_AI,UNCERTAIN
QWEN_0156_GPT_Image_1,Qwen-Image-Bench,GPT-Image-1,modern,0.514613212200689,0.5278052949648029,UNCERTAIN_AI,UNCERTAIN
QWEN_0158_GPT_Image_1,Qwen-Image-Bench,GPT-Image-1,modern,0.0215429075042195,0.0006982802672913,FALSE_REAL_AI,REAL
QWEN_0169_GPT_Image_1,Qwen-Image-Bench,GPT-Image-1,modern,0.2715201513054444,0.1324723666299889,UNCERTAIN_AI,UNCERTAIN
QWEN_0184_GPT_Image_1,Qwen-Image-Bench,GPT-Image-1,modern,0.0413632327403475,0.0025097881157273,FALSE_REAL_AI,REAL
QWEN_0185_GPT_Image_1,Qwen-Image-Bench,GPT-Image-1,modern,0.0030006475465072,1.5800076067284874e-05,FALSE_REAL_AI,REAL
QWEN_0186_GPT_Image_1,Qwen-Image-Bench,GPT-Image-1,modern,0.4991863599230422,0.4984506921136745,UNCERTAIN_AI,UNCERTAIN
QWEN_0212_GPT_Image_1,Qwen-Image-Bench,GPT-Image-1,modern,0.0706372046229695,0.0073407692211854,FALSE_REAL_AI,REAL
QWEN_0222_GPT_Image_1,Qwen-Image-Bench,GPT-Image-1,modern,0.2934778810002236,0.1580358595053147,UNCERTAIN_AI,UNCERTAIN
QWEN_0239_GPT_Image_1,Qwen-Image-Bench,GPT-Image-1,modern,0.4511754291228655,0.4077992802078846,UNCERTAIN_AI,UNCERTAIN
QWEN_0260_GPT_Image_1,Qwen-Image-Bench,GPT-Image-1,modern,0.6338300321121846,0.7397727515086377,UNCERTAIN_AI,UNCERTAIN
QWEN_0288_GPT_Image_1,Qwen-Image-Bench,GPT-Image-1,modern,0.1489048273426602,0.0349120900901714,FALSE_REAL_AI,REAL
QWEN_0309_GPT_Image_1,Qwen-Image-Bench,GPT-Image-1,modern,0.3172956764345969,0.1886156876096268,UNCERTAIN_AI,UNCERTAIN
QWEN_0315_GPT_Image_1,Qwen-Image-Bench,GPT-Image-1,modern,0.561995132187247,0.6164814376048691,UNCERTAIN_AI,UNCERTAIN
QWEN_0323_GPT_Image_1,Qwen-Image-Bench,GPT-Image-1,modern,0.375508098661513,0.2751649349726559,UNCERTAIN_AI,UNCERTAIN
QWEN_0335_GPT_Image_1,Qwen-Image-Bench,GPT-Image-1,modern,0.1246175667414896,0.023845709695626,FALSE_REAL_AI,REAL
QWEN_0342_GPT_Image_1,Qwen-Image-Bench,GPT-Image-1,modern,0.0460523986527859,0.0031062666978809,FALSE_REAL_AI,REAL
QWEN_0347_GPT_Image_1,Qwen-Image-Bench,GPT-Image-1,modern,0.0123504716602157,0.000237908004735,FALSE_REAL_AI,REAL
QWEN_0354_GPT_Image_1,Qwen-Image-Bench,GPT-Image-1,modern,0.047434174571806,0.0032946042850522,FALSE_REAL_AI,REAL
QWEN_0359_GPT_Image_1,Qwen-Image-Bench,GPT-Image-1,modern,0.0141797995858086,0.000310552768633,FALSE_REAL_AI,REAL
QWEN_0374_GPT_Image_1,Qwen-Image-Bench,GPT-Image-1,modern,0.7085577467118468,0.844440718850178,UNCERTAIN_AI,UNCERTAIN
QWEN_0386_GPT_Image_1,Qwen-Image-Bench,GPT-Image-1,modern,0.5773927238807891,0.6443403997614164,UNCERTAIN_AI,UNCERTAIN
QWEN_0392_GPT_Image_1,Qwen-Image-Bench,GPT-Image-1,modern,0.2702854587916758,0.1311103745791525,UNCERTAIN_AI,UNCERTAIN
QWEN_0397_GPT_Image_1,Qwen-Image-Bench,GPT-Image-1,modern,0.2407975392010001,0.1009616717146034,FALSE_REAL_AI,REAL
QWEN_0413_GPT_Image_1,Qwen-Image-Bench,GPT-Image-1,modern,0.1301001550960768,0.0261331823614777,FALSE_REAL_AI,REAL
QWEN_0415_GPT_Image_1,Qwen-Image-Bench,GPT-Image-1,modern,0.4887308217829737,0.4785510718784321,UNCERTAIN_AI,UNCERTAIN
QWEN_0420_GPT_Image_1,Qwen-Image-Bench,GPT-Image-1,modern,0.9624713615585188,0.997929513172664,CORRECT_CONFIDENT_AI,AI-GENERATED
QWEN_0423_GPT_Image_1,Qwen-Image-Bench,GPT-Image-1,modern,0.1817144688356477,0.0538931852215173,FALSE_REAL_AI,REAL
QWEN_0430_GPT_Image_1,Qwen-Image-Bench,GPT-Image-1,modern,0.4707447561402423,0.4444593980404163,UNCERTAIN_AI,UNCERTAIN
QWEN_0432_GPT_Image_1,Qwen-Image-Bench,GPT-Image-1,modern,0.202767444525737,0.0686906799784229,FALSE_REAL_AI,REAL
QWEN_0446_GPT_Image_1,Qwen-Image-Bench,GPT-Image-1,modern,0.0829247069773589,0.0101888899506983,FALSE_REAL_AI,REAL
QWEN_0451_GPT_Image_1,Qwen-Image-Bench,GPT-Image-1,modern,0.98350472720501,0.9995839761369052,CORRECT_CONFIDENT_AI,AI-GENERATED
QWEN_0456_GPT_Image_1,Qwen-Image-Bench,GPT-Image-1,modern,0.7641110095302216,0.9036167692065354,CORRECT_CONFIDENT_AI,AI-GENERATED
QWEN_0461_GPT_Image_1,Qwen-Image-Bench,GPT-Image-1,modern,0.7789100521663513,0.9166727178664495,CORRECT_CONFIDENT_AI,AI-GENERATED
QWEN_0465_GPT_Image_1,Qwen-Image-Bench,GPT-Image-1,modern,0.8321029126161256,0.95468869156755,CORRECT_CONFIDENT_AI,AI-GENERATED
QWEN_0471_GPT_Image_1,Qwen-Image-Bench,GPT-Image-1,modern,0.6808052154590299,0.8088202940742641,UNCERTAIN_AI,UNCERTAIN
QWEN_0476_GPT_Image_1,Qwen-Image-Bench,GPT-Image-1,modern,0.9039604554088714,0.9862001910077792,CORRECT_CONFIDENT_AI,AI-GENERATED
QWEN_0480_GPT_Image_1,Qwen-Image-Bench,GPT-Image-1,modern,0.3545730303092934,0.2422110768668377,UNCERTAIN_AI,UNCERTAIN
QWEN_0507_GPT_Image_1,Qwen-Image-Bench,GPT-Image-1,modern,0.0777512649871734,0.0089280300066785,FALSE_REAL_AI,REAL
QWEN_0518_GPT_Image_1,Qwen-Image-Bench,GPT-Image-1,modern,0.6721421686600175,0.7968928238009345,UNCERTAIN_AI,UNCERTAIN
QWEN_0524_GPT_Image_1,Qwen-Image-Bench,GPT-Image-1,modern,0.7407475845854884,0.8807036879465779,CORRECT_CONFIDENT_AI,AI-GENERATED
QWEN_0553_GPT_Image_1,Qwen-Image-Bench,GPT-Image-1,modern,0.0051514740858829,4.4399041874815416e-05,FALSE_REAL_AI,REAL
QWEN_0592_GPT_Image_1,Qwen-Image-Bench,GPT-Image-1,modern,0.7016199912032599,0.8359110771008007,UNCERTAIN_AI,UNCERTAIN
QWEN_0594_GPT_Image_1,Qwen-Image-Bench,GPT-Image-1,modern,0.5602039546066256,0.6132016914953959,UNCERTAIN_AI,UNCERTAIN
QWEN_0597_GPT_Image_1,Qwen-Image-Bench,GPT-Image-1,modern,0.3238616534979049,0.1975581991214359,UNCERTAIN_AI,UNCERTAIN
QWEN_0621_GPT_Image_1,Qwen-Image-Bench,GPT-Image-1,modern,0.0006146804095869,7.68317885138057e-07,FALSE_REAL_AI,REAL
QWEN_0634_GPT_Image_1,Qwen-Image-Bench,GPT-Image-1,modern,0.0622252122442389,0.0056775344126851,FALSE_REAL_AI,REAL
QWEN_0637_GPT_Image_1,Qwen-Image-Bench,GPT-Image-1,modern,0.291324441486975,0.155416614756608,UNCERTAIN_AI,UNCERTAIN
QWEN_0644_GPT_Image_1,Qwen-Image-Bench,GPT-Image-1,modern,0.3193477729227277,0.1913870561499182,UNCERTAIN_AI,UNCERTAIN
QWEN_0656_GPT_Image_1,Qwen-Image-Bench,GPT-Image-1,modern,0.1524192559817473,0.0367177213951827,FALSE_REAL_AI,REAL
QWEN_0657_GPT_Image_1,Qwen-Image-Bench,GPT-Image-1,modern,0.2938097694477723,0.1584417002025847,UNCERTAIN_AI,UNCERTAIN
QWEN_0661_GPT_Image_1,Qwen-Image-Bench,GPT-Image-1,modern,0.1079835157638161,0.0176246876920386,FALSE_REAL_AI,REAL
QWEN_0670_GPT_Image_1,Qwen-Image-Bench,GPT-Image-1,modern,0.6676587997923775,0.7905725199224887,UNCERTAIN_AI,UNCERTAIN
QWEN_0672_GPT_Image_1,Qwen-Image-Bench,GPT-Image-1,modern,0.5673451819988388,0.6262315254897411,UNCERTAIN_AI,UNCERTAIN
QWEN_0682_GPT_Image_1,Qwen-Image-Bench,GPT-Image-1,modern,0.9873478214299578,0.9997507610593952,CORRECT_CONFIDENT_AI,AI-GENERATED
QWEN_0691_GPT_Image_1,Qwen-Image-Bench,GPT-Image-1,modern,0.913673716035855,0.988932250828456,CORRECT_CONFIDENT_AI,AI-GENERATED
QWEN_0696_GPT_Image_1,Qwen-Image-Bench,GPT-Image-1,modern,0.7383149832085371,0.8781539377885037,CORRECT_CONFIDENT_AI,AI-GENERATED
QWEN_0699_GPT_Image_1,Qwen-Image-Bench,GPT-Image-1,modern,0.952784852155059,0.9967356333528417,CORRECT_CONFIDENT_AI,AI-GENERATED
QWEN_0713_GPT_Image_1,Qwen-Image-Bench,GPT-Image-1,modern,0.6980676104013245,0.8314462354473401,UNCERTAIN_AI,UNCERTAIN
QWEN_0715_GPT_Image_1,Qwen-Image-Bench,GPT-Image-1,modern,0.7825718973919985,0.9197317446526736,CORRECT_CONFIDENT_AI,AI-GENERATED
QWEN_0717_GPT_Image_1,Qwen-Image-Bench,GPT-Image-1,modern,0.060353148826539,0.0053382278262456,FALSE_REAL_AI,REAL
QWEN_0721_GPT_Image_1,Qwen-Image-Bench,GPT-Image-1,modern,0.4429805716018983,0.3926475384702561,UNCERTAIN_AI,UNCERTAIN
QWEN_0723_GPT_Image_1,Qwen-Image-Bench,GPT-Image-1,modern,0.795091551563973,0.9296847421658486,CORRECT_CONFIDENT_AI,AI-GENERATED
QWEN_0740_GPT_Image_1,Qwen-Image-Bench,GPT-Image-1,modern,0.1179203134999758,0.0212126534919334,FALSE_REAL_AI,REAL
QWEN_0760_GPT_Image_1,Qwen-Image-Bench,GPT-Image-1,modern,0.0490450073138272,0.0035214467577394,FALSE_REAL_AI,REAL
QWEN_0764_GPT_Image_1,Qwen-Image-Bench,GPT-Image-1,modern,0.4824952154885397,0.4667035838317706,UNCERTAIN_AI,UNCERTAIN
QWEN_0772_GPT_Image_1,Qwen-Image-Bench,GPT-Image-1,modern,0.9948360493770928,0.9999553949191666,CORRECT_CONFIDENT_AI,AI-GENERATED
QWEN_0773_GPT_Image_1,Qwen-Image-Bench,GPT-Image-1,modern,0.0116981657483392,0.0002142890609372,FALSE_REAL_AI,REAL
QWEN_0777_GPT_Image_1,Qwen-Image-Bench,GPT-Image-1,modern,0.2401620492239462,0.1003619028558146,FALSE_REAL_AI,REAL
QWEN_0778_GPT_Image_1,Qwen-Image-Bench,GPT-Image-1,modern,0.0896636531925456,0.0119689958461051,FALSE_REAL_AI,REAL
QWEN_0799_GPT_Image_1,Qwen-Image-Bench,GPT-Image-1,modern,0.2381956437550222,0.0985192612383515,FALSE_REAL_AI,REAL
QWEN_0805_GPT_Image_1,Qwen-Image-Bench,GPT-Image-1,modern,0.796805230860266,0.9309868612329032,CORRECT_CONFIDENT_AI,AI-GENERATED
QWEN_0820_GPT_Image_1,Qwen-Image-Bench,GPT-Image-1,modern,0.7958994955451703,0.9303004411527264,CORRECT_CONFIDENT_AI,AI-GENERATED
QWEN_0824_GPT_Image_1,Qwen-Image-Bench,GPT-Image-1,modern,0.1695737225443934,0.0463061868911961,FALSE_REAL_AI,REAL
QWEN_0831_GPT_Image_1,Qwen-Image-Bench,GPT-Image-1,modern,0.9953065150133718,0.9999628465778048,CORRECT_CONFIDENT_AI,AI-GENERATED
QWEN_0836_GPT_Image_1,Qwen-Image-Bench,GPT-Image-1,modern,0.1997301096122054,0.0664243727507924,FALSE_REAL_AI,REAL
QWEN_0847_GPT_Image_1,Qwen-Image-Bench,GPT-Image-1,modern,0.9073359433298774,0.9871874132705304,CORRECT_CONFIDENT_AI,AI-GENERATED
QWEN_0857_GPT_Image_1,Qwen-Image-Bench,GPT-Image-1,modern,0.8532104496303913,0.9661492283052092,CORRECT_CONFIDENT_AI,AI-GENERATED
QWEN_0876_GPT_Image_1,Qwen-Image-Bench,GPT-Image-1,modern,0.0777268118952947,0.0089222852778735,FALSE_REAL_AI,REAL
QWEN_0887_GPT_Image_1,Qwen-Image-Bench,GPT-Image-1,modern,0.9446245059408104,0.9955103154633216,CORRECT_CONFIDENT_AI,AI-GENERATED
QWEN_0890_GPT_Image_1,Qwen-Image-Bench,GPT-Image-1,modern,0.0128376796560954,0.0002563332233927,FALSE_REAL_AI,REAL
QWEN_0894_GPT_Image_1,Qwen-Image-Bench,GPT-Image-1,modern,0.0429788955691538,0.0027079001594902,FALSE_REAL_AI,REAL
QWEN_0919_GPT_Image_1,Qwen-Image-Bench,GPT-Image-1,modern,0.0746433243562277,0.0082139302917889,FALSE_REAL_AI,REAL
QWEN_0923_GPT_Image_1,Qwen-Image-Bench,GPT-Image-1,modern,0.19664051492599,0.0641650320258141,FALSE_REAL_AI,REAL
QWEN_0933_GPT_Image_1,Qwen-Image-Bench,GPT-Image-1,modern,0.7793713073616495,0.9170617577525674,CORRECT_CONFIDENT_AI,AI-GENERATED
QWEN_0951_GPT_Image_1,Qwen-Image-Bench,GPT-Image-1,modern,0.1274122141602936,0.0249967066669833,FALSE_REAL_AI,REAL
QWEN_0964_GPT_Image_1,Qwen-Image-Bench,GPT-Image-1,modern,0.0188745480178991,0.0005401245797943,FALSE_REAL_AI,REAL
QWEN_0965_GPT_Image_1,Qwen-Image-Bench,GPT-Image-1,modern,0.3451261180849055,0.2279918548202225,UNCERTAIN_AI,UNCERTAIN
QWEN_0980_GPT_Image_1,Qwen-Image-Bench,GPT-Image-1,modern,0.8369058331690197,0.9574687395181308,CORRECT_CONFIDENT_AI,AI-GENERATED
QWEN_0042_GPT_Image_15,Qwen-Image-Bench,GPT-Image-1.5,modern,0.1183460671249208,0.0213748317218116,FALSE_REAL_AI,REAL
QWEN_0060_GPT_Image_15,Qwen-Image-Bench,GPT-Image-1.5,modern,0.0103269159380252,0.0001685651338466,FALSE_REAL_AI,REAL
QWEN_0065_GPT_Image_15,Qwen-Image-Bench,GPT-Image-1.5,modern,0.1099442526724047,0.0183030074400733,FALSE_REAL_AI,REAL
QWEN_0074_GPT_Image_15,Qwen-Image-Bench,GPT-Image-1.5,modern,0.0394381959046404,0.0022838362064243,FALSE_REAL_AI,REAL
QWEN_0078_GPT_Image_15,Qwen-Image-Bench,GPT-Image-1.5,modern,0.2420333456792592,0.1021340016810397,FALSE_REAL_AI,REAL
QWEN_0081_GPT_Image_15,Qwen-Image-Bench,GPT-Image-1.5,modern,0.0306856025084499,0.0013932527884446,FALSE_REAL_AI,REAL
QWEN_0086_GPT_Image_15,Qwen-Image-Bench,GPT-Image-1.5,modern,0.1127104124331421,0.0192846156400484,FALSE_REAL_AI,REAL
QWEN_0096_GPT_Image_15,Qwen-Image-Bench,GPT-Image-1.5,modern,0.152395463514615,0.0367053188305661,FALSE_REAL_AI,REAL
QWEN_0118_GPT_Image_15,Qwen-Image-Bench,GPT-Image-1.5,modern,0.528970853394298,0.5550038712068781,UNCERTAIN_AI,UNCERTAIN
QWEN_0127_GPT_Image_15,Qwen-Image-Bench,GPT-Image-1.5,modern,0.0527562534316233,0.0040741446344428,FALSE_REAL_AI,REAL
QWEN_0140_GPT_Image_15,Qwen-Image-Bench,GPT-Image-1.5,modern,0.0317229362783761,0.0014871965442646,FALSE_REAL_AI,REAL
QWEN_0148_GPT_Image_15,Qwen-Image-Bench,GPT-Image-1.5,modern,0.1704121829025239,0.0468084781679976,FALSE_REAL_AI,REAL
QWEN_0156_GPT_Image_15,Qwen-Image-Bench,GPT-Image-1.5,modern,0.02719065522042,0.0010994708011986,FALSE_REAL_AI,REAL
QWEN_0158_GPT_Image_15,Qwen-Image-Bench,GPT-Image-1.5,modern,0.000990515825996,1.9073003612687948e-06,FALSE_REAL_AI,REAL
QWEN_0169_GPT_Image_15,Qwen-Image-Bench,GPT-Image-1.5,modern,0.0424842955677917,0.0026464286187618,FALSE_REAL_AI,REAL
QWEN_0184_GPT_Image_15,Qwen-Image-Bench,GPT-Image-1.5,modern,0.0456651521905417,0.0030545158992475,FALSE_REAL_AI,REAL
QWEN_0185_GPT_Image_15,Qwen-Image-Bench,GPT-Image-1.5,modern,0.0057307268175503,5.44468244399376e-05,FALSE_REAL_AI,REAL
QWEN_0186_GPT_Image_15,Qwen-Image-Bench,GPT-Image-1.5,modern,0.2807860683503814,0.1429501632641685,UNCERTAIN_AI,UNCERTAIN
QWEN_0212_GPT_Image_15,Qwen-Image-Bench,GPT-Image-1.5,modern,0.0755243009797226,0.0084130730404102,FALSE_REAL_AI,REAL
QWEN_0222_GPT_Image_15,Qwen-Image-Bench,GPT-Image-1.5,modern,0.0340193855400627,0.001706217024213,FALSE_REAL_AI,REAL
QWEN_0239_GPT_Image_15,Qwen-Image-Bench,GPT-Image-1.5,modern,0.5195168591940857,0.5371139787024646,UNCERTAIN_AI,UNCERTAIN
QWEN_0260_GPT_Image_15,Qwen-Image-Bench,GPT-Image-1.5,modern,0.1580950167630918,0.039746557273486,FALSE_REAL_AI,REAL
QWEN_0288_GPT_Image_15,Qwen-Image-Bench,GPT-Image-1.5,modern,0.0025042679628701,1.1186825744006186e-05,FALSE_REAL_AI,REAL
QWEN_0309_GPT_Image_15,Qwen-Image-Bench,GPT-Image-1.5,modern,0.4235183287814649,0.3572900614781658,UNCERTAIN_AI,UNCERTAIN
QWEN_0315_GPT_Image_15,Qwen-Image-Bench,GPT-Image-1.5,modern,0.8927146499352187,0.9826133656264217,CORRECT_CONFIDENT_AI,AI-GENERATED
QWEN_0323_GPT_Image_15,Qwen-Image-Bench,GPT-Image-1.5,modern,0.0975773306268674,0.0142630896669103,FALSE_REAL_AI,REAL
QWEN_0335_GPT_Image_15,Qwen-Image-Bench,GPT-Image-1.5,modern,0.0064907674530387,6.911755004599937e-05,FALSE_REAL_AI,REAL
QWEN_0342_GPT_Image_15,Qwen-Image-Bench,GPT-Image-1.5,modern,0.008066815025586,0.0001048699742053,FALSE_REAL_AI,REAL
QWEN_0347_GPT_Image_15,Qwen-Image-Bench,GPT-Image-1.5,modern,0.0032386573413783,1.828011429586374e-05,FALSE_REAL_AI,REAL
QWEN_0354_GPT_Image_15,Qwen-Image-Bench,GPT-Image-1.5,modern,0.0493560487472293,0.003566155157441,FALSE_REAL_AI,REAL
QWEN_0359_GPT_Image_15,Qwen-Image-Bench,GPT-Image-1.5,modern,0.023060272344874,0.000797182579039,FALSE_REAL_AI,REAL
QWEN_0374_GPT_Image_15,Qwen-Image-Bench,GPT-Image-1.5,modern,0.09775321600708,0.0143166206186005,FALSE_REAL_AI,REAL
QWEN_0386_GPT_Image_15,Qwen-Image-Bench,GPT-Image-1.5,modern,0.1429683393552478,0.0319815677344706,FALSE_REAL_AI,REAL
QWEN_0392_GPT_Image_15,Qwen-Image-Bench,GPT-Image-1.5,modern,0.313298888448963,0.1832796592760242,UNCERTAIN_AI,UNCERTAIN
QWEN_0397_GPT_Image_15,Qwen-Image-Bench,GPT-Image-1.5,modern,0.0435456623961772,0.0027792368127374,FALSE_REAL_AI,REAL
QWEN_0413_GPT_Image_15,Qwen-Image-Bench,GPT-Image-1.5,modern,0.3373728677933988,0.2166388943085355,UNCERTAIN_AI,UNCERTAIN
QWEN_0415_GPT_Image_15,Qwen-Image-Bench,GPT-Image-1.5,modern,0.746057663133383,0.8861615585150618,CORRECT_CONFIDENT_AI,AI-GENERATED
QWEN_0420_GPT_Image_15,Qwen-Image-Bench,GPT-Image-1.5,modern,0.7355060085712672,0.8751709722685258,UNCERTAIN_AI,UNCERTAIN
QWEN_0423_GPT_Image_15,Qwen-Image-Bench,GPT-Image-1.5,modern,0.1787353326981691,0.0519685832578364,FALSE_REAL_AI,REAL
QWEN_0430_GPT_Image_15,Qwen-Image-Bench,GPT-Image-1.5,modern,0.1353476373996163,0.0284359605891365,FALSE_REAL_AI,REAL
QWEN_0432_GPT_Image_15,Qwen-Image-Bench,GPT-Image-1.5,modern,0.1931453752917123,0.061664633645006,FALSE_REAL_AI,REAL
QWEN_0446_GPT_Image_15,Qwen-Image-Bench,GPT-Image-1.5,modern,0.0321727405607312,0.0015288957972156,FALSE_REAL_AI,REAL
QWEN_0451_GPT_Image_15,Qwen-Image-Bench,GPT-Image-1.5,modern,0.4786763865082455,0.4594606908530404,UNCERTAIN_AI,UNCERTAIN
QWEN_0456_GPT_Image_15,Qwen-Image-Bench,GPT-Image-1.5,modern,0.5246453201228282,0.5468293610773703,UNCERTAIN_AI,UNCERTAIN
QWEN_0461_GPT_Image_15,Qwen-Image-Bench,GPT-Image-1.5,modern,0.8150471212330436,0.9439677397370964,CORRECT_CONFIDENT_AI,AI-GENERATED
QWEN_0465_GPT_Image_15,Qwen-Image-Bench,GPT-Image-1.5,modern,0.1586886568611363,0.0400714712701325,FALSE_REAL_AI,REAL
QWEN_0471_GPT_Image_15,Qwen-Image-Bench,GPT-Image-1.5,modern,0.4055823353977086,0.3256588099343184,UNCERTAIN_AI,UNCERTAIN
QWEN_0476_GPT_Image_15,Qwen-Image-Bench,GPT-Image-1.5,modern,0.7292914801977113,0.8684238510955031,UNCERTAIN_AI,UNCERTAIN
QWEN_0480_GPT_Image_15,Qwen-Image-Bench,GPT-Image-1.5,modern,0.0652774159549601,0.0062546620669023,FALSE_REAL_AI,REAL
QWEN_0507_GPT_Image_15,Qwen-Image-Bench,GPT-Image-1.5,modern,0.0356293671262131,0.0018688819558343,FALSE_REAL_AI,REAL
QWEN_0518_GPT_Image_15,Qwen-Image-Bench,GPT-Image-1.5,modern,0.0742812318647002,0.0081328285537849,FALSE_REAL_AI,REAL
QWEN_0524_GPT_Image_15,Qwen-Image-Bench,GPT-Image-1.5,modern,0.9277817684034514,0.9923209576959348,CORRECT_CONFIDENT_AI,AI-GENERATED
QWEN_0553_GPT_Image_15,Qwen-Image-Bench,GPT-Image-1.5,modern,0.0019694535074907,7.0728325683896375e-06,FALSE_REAL_AI,REAL
QWEN_0592_GPT_Image_15,Qwen-Image-Bench,GPT-Image-1.5,modern,0.178310304767623,0.0516973613106371,FALSE_REAL_AI,REAL
QWEN_0594_GPT_Image_15,Qwen-Image-Bench,GPT-Image-1.5,modern,0.4448108715650656,0.3960195355758166,UNCERTAIN_AI,UNCERTAIN
QWEN_0597_GPT_Image_15,Qwen-Image-Bench,GPT-Image-1.5,modern,0.0110811385530655,0.0001930551738597,FALSE_REAL_AI,REAL
QWEN_0621_GPT_Image_15,Qwen-Image-Bench,GPT-Image-1.5,modern,0.0052145529719053,4.544542910876595e-05,FALSE_REAL_AI,REAL
QWEN_0634_GPT_Image_15,Qwen-Image-Bench,GPT-Image-1.5,modern,0.0517922410098022,0.003926527486203,FALSE_REAL_AI,REAL
QWEN_0637_GPT_Image_15,Qwen-Image-Bench,GPT-Image-1.5,modern,0.8536490324351135,0.966366902182748,CORRECT_CONFIDENT_AI,AI-GENERATED
QWEN_0644_GPT_Image_15,Qwen-Image-Bench,GPT-Image-1.5,modern,0.4610992913441453,0.4263167673699242,UNCERTAIN_AI,UNCERTAIN
QWEN_0656_GPT_Image_15,Qwen-Image-Bench,GPT-Image-1.5,modern,0.0433970519644066,0.0027604391851856,FALSE_REAL_AI,REAL
QWEN_0657_GPT_Image_15,Qwen-Image-Bench,GPT-Image-1.5,modern,0.0562582579994264,0.004634521944457,FALSE_REAL_AI,REAL
QWEN_0661_GPT_Image_15,Qwen-Image-Bench,GPT-Image-1.5,modern,0.0137188738244199,0.0002913595048057,FALSE_REAL_AI,REAL
QWEN_0670_GPT_Image_15,Qwen-Image-Bench,GPT-Image-1.5,modern,0.2981089787376351,0.1637509785643148,UNCERTAIN_AI,UNCERTAIN
QWEN_0672_GPT_Image_15,Qwen-Image-Bench,GPT-Image-1.5,modern,0.0967924657102551,0.0140255743749883,FALSE_REAL_AI,REAL
QWEN_0682_GPT_Image_15,Qwen-Image-Bench,GPT-Image-1.5,modern,0.6125358940394973,0.7051786091829894,UNCERTAIN_AI,UNCERTAIN
QWEN_0691_GPT_Image_15,Qwen-Image-Bench,GPT-Image-1.5,modern,0.932573786059873,0.9933210923176078,CORRECT_CONFIDENT_AI,AI-GENERATED
QWEN_0696_GPT_Image_15,Qwen-Image-Bench,GPT-Image-1.5,modern,0.1778525440001056,0.0514061864315665,FALSE_REAL_AI,REAL
QWEN_0699_GPT_Image_15,Qwen-Image-Bench,GPT-Image-1.5,modern,0.0384929582003433,0.0021768887301498,FALSE_REAL_AI,REAL
QWEN_0713_GPT_Image_15,Qwen-Image-Bench,GPT-Image-1.5,modern,0.8074463338115477,0.938752868246429,CORRECT_CONFIDENT_AI,AI-GENERATED
QWEN_0715_GPT_Image_15,Qwen-Image-Bench,GPT-Image-1.5,modern,0.0430847295043236,0.0027211483566115,FALSE_REAL_AI,REAL
QWEN_0717_GPT_Image_15,Qwen-Image-Bench,GPT-Image-1.5,modern,0.038388816671872,0.0021652664426954,FALSE_REAL_AI,REAL
QWEN_0721_GPT_Image_15,Qwen-Image-Bench,GPT-Image-1.5,modern,0.1410292829635812,0.0310565203247385,FALSE_REAL_AI,REAL
QWEN_0723_GPT_Image_15,Qwen-Image-Bench,GPT-Image-1.5,modern,0.0254082326427391,0.0009630756119797,FALSE_REAL_AI,REAL
QWEN_0740_GPT_Image_15,Qwen-Image-Bench,GPT-Image-1.5,modern,0.0130829842258246,0.0002658637487554,FALSE_REAL_AI,REAL
QWEN_0760_GPT_Image_15,Qwen-Image-Bench,GPT-Image-1.5,modern,0.0060245755435832,5.991934613207847e-05,FALSE_REAL_AI,REAL
QWEN_0764_GPT_Image_15,Qwen-Image-Bench,GPT-Image-1.5,modern,0.4452362190903577,0.396804192886555,UNCERTAIN_AI,UNCERTAIN
QWEN_0772_GPT_Image_15,Qwen-Image-Bench,GPT-Image-1.5,modern,0.5042182386257276,0.5080317557917198,UNCERTAIN_AI,UNCERTAIN
QWEN_0773_GPT_Image_15,Qwen-Image-Bench,GPT-Image-1.5,modern,0.008379300690293,0.0001128074902904,FALSE_REAL_AI,REAL
QWEN_0777_GPT_Image_15,Qwen-Image-Bench,GPT-Image-1.5,modern,0.1440091547918316,0.0324845989601733,FALSE_REAL_AI,REAL
QWEN_0778_GPT_Image_15,Qwen-Image-Bench,GPT-Image-1.5,modern,0.1111884508611612,0.0187409443554335,FALSE_REAL_AI,REAL
QWEN_0799_GPT_Image_15,Qwen-Image-Bench,GPT-Image-1.5,modern,0.0804035575586458,0.0095630975966665,FALSE_REAL_AI,REAL
QWEN_0805_GPT_Image_15,Qwen-Image-Bench,GPT-Image-1.5,modern,0.0100290052639299,0.0001593365919429,FALSE_REAL_AI,REAL
QWEN_0820_GPT_Image_15,Qwen-Image-Bench,GPT-Image-1.5,modern,0.9474697681068428,0.9959607217359492,CORRECT_CONFIDENT_AI,AI-GENERATED
QWEN_0824_GPT_Image_15,Qwen-Image-Bench,GPT-Image-1.5,modern,0.0593211839115023,0.0051559237163377,FALSE_REAL_AI,REAL
QWEN_0831_GPT_Image_15,Qwen-Image-Bench,GPT-Image-1.5,modern,0.8928980832941106,0.9826756088337107,CORRECT_CONFIDENT_AI,AI-GENERATED
QWEN_0836_GPT_Image_15,Qwen-Image-Bench,GPT-Image-1.5,modern,0.0346875849786973,0.0017728142296835,FALSE_REAL_AI,REAL
QWEN_0847_GPT_Image_15,Qwen-Image-Bench,GPT-Image-1.5,modern,0.3411172558946571,0.2220855536888659,UNCERTAIN_AI,UNCERTAIN
QWEN_0857_GPT_Image_15,Qwen-Image-Bench,GPT-Image-1.5,modern,0.0267792565136094,0.0010671863362281,FALSE_REAL_AI,REAL
QWEN_0876_GPT_Image_15,Qwen-Image-Bench,GPT-Image-1.5,modern,0.0088456605938839,0.0001251735258916,FALSE_REAL_AI,REAL
QWEN_0887_GPT_Image_15,Qwen-Image-Bench,GPT-Image-1.5,modern,0.4673208097214633,0.4380049917485228,UNCERTAIN_AI,UNCERTAIN
QWEN_0890_GPT_Image_15,Qwen-Image-Bench,GPT-Image-1.5,modern,0.0099489331076712,0.0001568991559663,FALSE_REAL_AI,REAL
QWEN_0894_GPT_Image_15,Qwen-Image-Bench,GPT-Image-1.5,modern,0.0360617880285614,0.001913856805591,FALSE_REAL_AI,REAL
QWEN_0919_GPT_Image_15,Qwen-Image-Bench,GPT-Image-1.5,modern,0.0023605623755822,9.993487127876182e-06,FALSE_REAL_AI,REAL
QWEN_0923_GPT_Image_15,Qwen-Image-Bench,GPT-Image-1.5,modern,0.0079080986447633,0.0001009456253168,FALSE_REAL_AI,REAL
QWEN_0933_GPT_Image_15,Qwen-Image-Bench,GPT-Image-1.5,modern,0.277182966391341,0.1388220184493838,UNCERTAIN_AI,UNCERTAIN
QWEN_0951_GPT_Image_15,Qwen-Image-Bench,GPT-Image-1.5,modern,0.0355908657034827,0.0018649039547309,FALSE_REAL_AI,REAL
QWEN_0964_GPT_Image_15,Qwen-Image-Bench,GPT-Image-1.5,modern,0.006196290680268,6.323384059692926e-05,FALSE_REAL_AI,REAL
QWEN_0965_GPT_Image_15,Qwen-Image-Bench,GPT-Image-1.5,modern,0.2798848755553882,0.1419112305588591,UNCERTAIN_AI,UNCERTAIN
QWEN_0980_GPT_Image_15,Qwen-Image-Bench,GPT-Image-1.5,modern,0.3794505120970324,0.2815822061388925,UNCERTAIN_AI,UNCERTAIN
QWEN_0042_HunyuanImage_30,Qwen-Image-Bench,HunyuanImage-3.0,modern,0.3479880570200228,0.2322552784529627,UNCERTAIN_AI,UNCERTAIN
QWEN_0060_HunyuanImage_30,Qwen-Image-Bench,HunyuanImage-3.0,modern,0.0155436801864363,0.0003708512043618,FALSE_REAL_AI,REAL
QWEN_0065_HunyuanImage_30,Qwen-Image-Bench,HunyuanImage-3.0,modern,0.8786474112234208,0.9774598655148244,CORRECT_CONFIDENT_AI,AI-GENERATED
QWEN_0074_HunyuanImage_30,Qwen-Image-Bench,HunyuanImage-3.0,modern,0.5653334104807338,0.6225735260250312,UNCERTAIN_AI,UNCERTAIN
QWEN_0078_HunyuanImage_30,Qwen-Image-Bench,HunyuanImage-3.0,modern,0.444488963369435,0.3954259537485531,UNCERTAIN_AI,UNCERTAIN
QWEN_0081_HunyuanImage_30,Qwen-Image-Bench,HunyuanImage-3.0,modern,0.073576926183225,0.007976323628241,FALSE_REAL_AI,REAL
QWEN_0086_HunyuanImage_30,Qwen-Image-Bench,HunyuanImage-3.0,modern,0.5127720557337557,0.5243063215801631,UNCERTAIN_AI,UNCERTAIN
QWEN_0096_HunyuanImage_30,Qwen-Image-Bench,HunyuanImage-3.0,modern,0.0431500883090104,0.002729346579495,FALSE_REAL_AI,REAL
QWEN_0118_HunyuanImage_30,Qwen-Image-Bench,HunyuanImage-3.0,modern,0.722014110892957,0.8602639842341744,UNCERTAIN_AI,UNCERTAIN
QWEN_0127_HunyuanImage_30,Qwen-Image-Bench,HunyuanImage-3.0,modern,0.0974244497154306,0.0142166508349303,FALSE_REAL_AI,REAL
QWEN_0140_HunyuanImage_30,Qwen-Image-Bench,HunyuanImage-3.0,modern,0.0424864042865316,0.0026466891567698,FALSE_REAL_AI,REAL
QWEN_0148_HunyuanImage_30,Qwen-Image-Bench,HunyuanImage-3.0,modern,0.1331181730258357,0.0274439192672859,FALSE_REAL_AI,REAL
QWEN_0156_HunyuanImage_30,Qwen-Image-Bench,HunyuanImage-3.0,modern,0.008639501450963,0.0001196302866097,FALSE_REAL_AI,REAL
QWEN_0158_HunyuanImage_30,Qwen-Image-Bench,HunyuanImage-3.0,modern,0.0015792581556159,4.641678637734157e-06,FALSE_REAL_AI,REAL
QWEN_0169_HunyuanImage_30,Qwen-Image-Bench,HunyuanImage-3.0,modern,0.0518330238079086,0.0039327146873508,FALSE_REAL_AI,REAL
QWEN_0184_HunyuanImage_30,Qwen-Image-Bench,HunyuanImage-3.0,modern,0.1994520733128699,0.0662191583254576,FALSE_REAL_AI,REAL
QWEN_0185_HunyuanImage_30,Qwen-Image-Bench,HunyuanImage-3.0,modern,0.05076943202052,0.0037730217383741,FALSE_REAL_AI,REAL
QWEN_0186_HunyuanImage_30,Qwen-Image-Bench,HunyuanImage-3.0,modern,0.4286712955430473,0.3665560773637012,UNCERTAIN_AI,UNCERTAIN
QWEN_0212_HunyuanImage_30,Qwen-Image-Bench,HunyuanImage-3.0,modern,0.0300765787652885,0.0013395400458072,FALSE_REAL_AI,REAL
QWEN_0222_HunyuanImage_30,Qwen-Image-Bench,HunyuanImage-3.0,modern,0.9277975722733908,0.9923243797288354,CORRECT_CONFIDENT_AI,AI-GENERATED
QWEN_0239_HunyuanImage_30,Qwen-Image-Bench,HunyuanImage-3.0,modern,0.3576712620574327,0.2469647370614389,UNCERTAIN_AI,UNCERTAIN
QWEN_0260_HunyuanImage_30,Qwen-Image-Bench,HunyuanImage-3.0,modern,0.5142177494314644,0.5270539072306359,UNCERTAIN_AI,UNCERTAIN
QWEN_0288_HunyuanImage_30,Qwen-Image-Bench,HunyuanImage-3.0,modern,0.213436072093745,0.0770100344174298,FALSE_REAL_AI,REAL
QWEN_0309_HunyuanImage_30,Qwen-Image-Bench,HunyuanImage-3.0,modern,0.1808817693071956,0.0533510826887853,FALSE_REAL_AI,REAL
QWEN_0315_HunyuanImage_30,Qwen-Image-Bench,HunyuanImage-3.0,modern,0.6194304798280973,0.7165846429862038,UNCERTAIN_AI,UNCERTAIN
QWEN_0323_HunyuanImage_30,Qwen-Image-Bench,HunyuanImage-3.0,modern,0.2395442200760792,0.0997808055879667,FALSE_REAL_AI,REAL
QWEN_0335_HunyuanImage_30,Qwen-Image-Bench,HunyuanImage-3.0,modern,0.0765834846415062,0.0086559255960994,FALSE_REAL_AI,REAL
QWEN_0342_HunyuanImage_30,Qwen-Image-Bench,HunyuanImage-3.0,modern,0.0518997934198428,0.003942855385025,FALSE_REAL_AI,REAL
QWEN_0347_HunyuanImage_30,Qwen-Image-Bench,HunyuanImage-3.0,modern,0.0045386531924349,3.484418981384671e-05,FALSE_REAL_AI,REAL
QWEN_0354_HunyuanImage_30,Qwen-Image-Bench,HunyuanImage-3.0,modern,0.0621517949825372,0.0056640183095873,FALSE_REAL_AI,REAL
QWEN_0359_HunyuanImage_30,Qwen-Image-Bench,HunyuanImage-3.0,modern,0.0250305814599973,0.0009353372518314,FALSE_REAL_AI,REAL
QWEN_0374_HunyuanImage_30,Qwen-Image-Bench,HunyuanImage-3.0,modern,0.1034348607121958,0.0161063046158347,FALSE_REAL_AI,REAL
QWEN_0386_HunyuanImage_30,Qwen-Image-Bench,HunyuanImage-3.0,modern,0.4039062680305627,0.3227564691610907,UNCERTAIN_AI,UNCERTAIN
QWEN_0392_HunyuanImage_30,Qwen-Image-Bench,HunyuanImage-3.0,modern,0.1150338703371788,0.0201316002501077,FALSE_REAL_AI,REAL
QWEN_0397_HunyuanImage_30,Qwen-Image-Bench,HunyuanImage-3.0,modern,0.0308681951785462,0.0014095642611626,FALSE_REAL_AI,REAL
QWEN_0413_HunyuanImage_30,Qwen-Image-Bench,HunyuanImage-3.0,modern,0.4344585269852199,0.3770476822170738,UNCERTAIN_AI,UNCERTAIN
QWEN_0415_HunyuanImage_30,Qwen-Image-Bench,HunyuanImage-3.0,modern,0.7219105737064793,0.8601458764933232,UNCERTAIN_AI,UNCERTAIN
QWEN_0420_HunyuanImage_30,Qwen-Image-Bench,HunyuanImage-3.0,modern,0.6961793660767074,0.8290462389238281,UNCERTAIN_AI,UNCERTAIN
QWEN_0423_HunyuanImage_30,Qwen-Image-Bench,HunyuanImage-3.0,modern,0.0322018687773441,0.0015316162631952,FALSE_REAL_AI,REAL
QWEN_0430_HunyuanImage_30,Qwen-Image-Bench,HunyuanImage-3.0,modern,0.7109409873686807,0.8473125754823474,UNCERTAIN_AI,UNCERTAIN
QWEN_0432_HunyuanImage_30,Qwen-Image-Bench,HunyuanImage-3.0,modern,0.0771970803079606,0.0087983292144477,FALSE_REAL_AI,REAL
QWEN_0446_HunyuanImage_30,Qwen-Image-Bench,HunyuanImage-3.0,modern,0.5055643308267485,0.5105943001485652,UNCERTAIN_AI,UNCERTAIN
QWEN_0451_HunyuanImage_30,Qwen-Image-Bench,HunyuanImage-3.0,modern,0.5900352872055685,0.666707475154227,UNCERTAIN_AI,UNCERTAIN
QWEN_0456_HunyuanImage_30,Qwen-Image-Bench,HunyuanImage-3.0,modern,0.8516993617963128,0.9653929997136474,CORRECT_CONFIDENT_AI,AI-GENERATED
QWEN_0461_HunyuanImage_30,Qwen-Image-Bench,HunyuanImage-3.0,modern,0.9261446855935674,0.9919620117796616,CORRECT_CONFIDENT_AI,AI-GENERATED
QWEN_0465_HunyuanImage_30,Qwen-Image-Bench,HunyuanImage-3.0,modern,0.9099512076519805,0.9879244926068056,CORRECT_CONFIDENT_AI,AI-GENERATED
QWEN_0471_HunyuanImage_30,Qwen-Image-Bench,HunyuanImage-3.0,modern,0.7375018956929731,0.8772947560913196,CORRECT_CONFIDENT_AI,AI-GENERATED
QWEN_0476_HunyuanImage_30,Qwen-Image-Bench,HunyuanImage-3.0,modern,0.3204279047109705,0.1928543737643758,UNCERTAIN_AI,UNCERTAIN
QWEN_0480_HunyuanImage_30,Qwen-Image-Bench,HunyuanImage-3.0,modern,0.391011236946683,0.3007624885470757,UNCERTAIN_AI,UNCERTAIN
QWEN_0507_HunyuanImage_30,Qwen-Image-Bench,HunyuanImage-3.0,modern,0.1940183977541921,0.0622836890293799,FALSE_REAL_AI,REAL
QWEN_0518_HunyuanImage_30,Qwen-Image-Bench,HunyuanImage-3.0,modern,0.0536200619962584,0.004208845686061,FALSE_REAL_AI,REAL
QWEN_0524_HunyuanImage_30,Qwen-Image-Bench,HunyuanImage-3.0,modern,0.707512762674775,0.8431720883997824,UNCERTAIN_AI,UNCERTAIN
QWEN_0553_HunyuanImage_30,Qwen-Image-Bench,HunyuanImage-3.0,modern,0.0428993875044163,0.0026979693554636,FALSE_REAL_AI,REAL
QWEN_0592_HunyuanImage_30,Qwen-Image-Bench,HunyuanImage-3.0,modern,0.1119442274383141,0.0190098227320018,FALSE_REAL_AI,REAL
QWEN_0594_HunyuanImage_30,Qwen-Image-Bench,HunyuanImage-3.0,modern,0.6870541294238056,0.8171877176379482,UNCERTAIN_AI,UNCERTAIN
QWEN_0597_HunyuanImage_30,Qwen-Image-Bench,HunyuanImage-3.0,modern,0.1079966864969185,0.0176291960266979,FALSE_REAL_AI,REAL
QWEN_0621_HunyuanImage_30,Qwen-Image-Bench,HunyuanImage-3.0,modern,0.0108511295773496,0.0001854156988223,FALSE_REAL_AI,REAL
QWEN_0634_HunyuanImage_30,Qwen-Image-Bench,HunyuanImage-3.0,modern,0.0822024745154124,0.0100074037304052,FALSE_REAL_AI,REAL
QWEN_0637_HunyuanImage_30,Qwen-Image-Bench,HunyuanImage-3.0,modern,0.902770120667044,0.9858423296261954,CORRECT_CONFIDENT_AI,AI-GENERATED
QWEN_0644_HunyuanImage_30,Qwen-Image-Bench,HunyuanImage-3.0,modern,0.5233432550185607,0.5443649516624546,UNCERTAIN_AI,UNCERTAIN
QWEN_0656_HunyuanImage_30,Qwen-Image-Bench,HunyuanImage-3.0,modern,0.0165499136172658,0.0004186950785577,FALSE_REAL_AI,REAL
QWEN_0657_HunyuanImage_30,Qwen-Image-Bench,HunyuanImage-3.0,modern,0.0013189501501831,3.2923547471859964e-06,FALSE_REAL_AI,REAL
QWEN_0661_HunyuanImage_30,Qwen-Image-Bench,HunyuanImage-3.0,modern,0.0838779744570972,0.010431167140533,FALSE_REAL_AI,REAL
QWEN_0670_HunyuanImage_30,Qwen-Image-Bench,HunyuanImage-3.0,modern,0.76449785797174,0.903972317432038,CORRECT_CONFIDENT_AI,AI-GENERATED
QWEN_0672_HunyuanImage_30,Qwen-Image-Bench,HunyuanImage-3.0,modern,0.0828536062872559,0.0101709442224143,FALSE_REAL_AI,REAL
QWEN_0682_HunyuanImage_30,Qwen-Image-Bench,HunyuanImage-3.0,modern,0.7247680910521097,0.863384776512949,UNCERTAIN_AI,UNCERTAIN
QWEN_0691_HunyuanImage_30,Qwen-Image-Bench,HunyuanImage-3.0,modern,0.8562059303117134,0.9676197259415992,CORRECT_CONFIDENT_AI,AI-GENERATED
QWEN_0696_HunyuanImage_30,Qwen-Image-Bench,HunyuanImage-3.0,modern,0.9697316112934408,0.99864365827042,CORRECT_CONFIDENT_AI,AI-GENERATED
QWEN_0699_HunyuanImage_30,Qwen-Image-Bench,HunyuanImage-3.0,modern,0.0197692926351599,0.0005909190581484,FALSE_REAL_AI,REAL
QWEN_0713_HunyuanImage_30,Qwen-Image-Bench,HunyuanImage-3.0,modern,0.8282408337747927,0.9523779154753248,CORRECT_CONFIDENT_AI,AI-GENERATED
QWEN_0715_HunyuanImage_30,Qwen-Image-Bench,HunyuanImage-3.0,modern,0.0439493994073686,0.0028306379790694,FALSE_REAL_AI,REAL
QWEN_0717_HunyuanImage_30,Qwen-Image-Bench,HunyuanImage-3.0,modern,0.366743909684337,0.2611344755531904,UNCERTAIN_AI,UNCERTAIN
QWEN_0721_HunyuanImage_30,Qwen-Image-Bench,HunyuanImage-3.0,modern,0.5937275340965407,0.6731433355680159,UNCERTAIN_AI,UNCERTAIN
QWEN_0723_HunyuanImage_30,Qwen-Image-Bench,HunyuanImage-3.0,modern,0.0150684551850345,0.0003492464253396,FALSE_REAL_AI,REAL
QWEN_0740_HunyuanImage_30,Qwen-Image-Bench,HunyuanImage-3.0,modern,0.1538698272492208,0.0374784970164845,FALSE_REAL_AI,REAL
QWEN_0760_HunyuanImage_30,Qwen-Image-Bench,HunyuanImage-3.0,modern,0.568349836706147,0.6280544256324805,UNCERTAIN_AI,UNCERTAIN
QWEN_0764_HunyuanImage_30,Qwen-Image-Bench,HunyuanImage-3.0,modern,0.1962871558260629,0.0639095703493664,FALSE_REAL_AI,REAL
QWEN_0772_HunyuanImage_30,Qwen-Image-Bench,HunyuanImage-3.0,modern,0.8809663090613412,0.9783617541406796,CORRECT_CONFIDENT_AI,AI-GENERATED
QWEN_0773_HunyuanImage_30,Qwen-Image-Bench,HunyuanImage-3.0,modern,0.003832478433534,2.5216905104802237e-05,FALSE_REAL_AI,REAL
QWEN_0777_HunyuanImage_30,Qwen-Image-Bench,HunyuanImage-3.0,modern,0.2284164545416898,0.0896512084008933,FALSE_REAL_AI,REAL
QWEN_0778_HunyuanImage_30,Qwen-Image-Bench,HunyuanImage-3.0,modern,0.017342153883758,0.000458369480205,FALSE_REAL_AI,REAL
QWEN_0799_HunyuanImage_30,Qwen-Image-Bench,HunyuanImage-3.0,modern,0.0490610805886471,0.0035237498911094,FALSE_REAL_AI,REAL
QWEN_0805_HunyuanImage_30,Qwen-Image-Bench,HunyuanImage-3.0,modern,0.0942045666253842,0.0132580957001855,FALSE_REAL_AI,REAL
QWEN_0820_HunyuanImage_30,Qwen-Image-Bench,HunyuanImage-3.0,modern,0.9473400844911364,0.9959407357828944,CORRECT_CONFIDENT_AI,AI-GENERATED
QWEN_0824_HunyuanImage_30,Qwen-Image-Bench,HunyuanImage-3.0,modern,0.1224728788997462,0.0229833813741512,FALSE_REAL_AI,REAL
QWEN_0831_HunyuanImage_30,Qwen-Image-Bench,HunyuanImage-3.0,modern,0.9317896800597336,0.9931625654702096,CORRECT_CONFIDENT_AI,AI-GENERATED
QWEN_0836_HunyuanImage_30,Qwen-Image-Bench,HunyuanImage-3.0,modern,0.002011954483339,7.36689968050202e-06,FALSE_REAL_AI,REAL
QWEN_0847_HunyuanImage_30,Qwen-Image-Bench,HunyuanImage-3.0,modern,0.9025906548867896,0.9857879327361676,CORRECT_CONFIDENT_AI,AI-GENERATED
QWEN_0857_HunyuanImage_30,Qwen-Image-Bench,HunyuanImage-3.0,modern,0.0803552082562183,0.0095513078789726,FALSE_REAL_AI,REAL
QWEN_0876_HunyuanImage_30,Qwen-Image-Bench,HunyuanImage-3.0,modern,0.0112535715794592,0.0001988806324631,FALSE_REAL_AI,REAL
QWEN_0887_HunyuanImage_30,Qwen-Image-Bench,HunyuanImage-3.0,modern,0.5781480819892463,0.645690402448671,UNCERTAIN_AI,UNCERTAIN
QWEN_0890_HunyuanImage_30,Qwen-Image-Bench,HunyuanImage-3.0,modern,0.0041234343832173,2.9003147325206613e-05,FALSE_REAL_AI,REAL
QWEN_0894_HunyuanImage_30,Qwen-Image-Bench,HunyuanImage-3.0,modern,0.0246771929376082,0.0009097478747038,FALSE_REAL_AI,REAL
QWEN_0919_HunyuanImage_30,Qwen-Image-Bench,HunyuanImage-3.0,modern,0.0356447806454207,0.0018704757047787,FALSE_REAL_AI,REAL
QWEN_0923_HunyuanImage_30,Qwen-Image-Bench,HunyuanImage-3.0,modern,0.0872223203386927,0.0113059105715956,FALSE_REAL_AI,REAL
QWEN_0933_HunyuanImage_30,Qwen-Image-Bench,HunyuanImage-3.0,modern,0.4793508444571814,0.4607390486265699,UNCERTAIN_AI,UNCERTAIN
QWEN_0951_HunyuanImage_30,Qwen-Image-Bench,HunyuanImage-3.0,modern,0.1388323272778333,0.0300273799307971,FALSE_REAL_AI,REAL
QWEN_0964_HunyuanImage_30,Qwen-Image-Bench,HunyuanImage-3.0,modern,0.0039026238214696,2.6106505789891863e-05,FALSE_REAL_AI,REAL
QWEN_0965_HunyuanImage_30,Qwen-Image-Bench,HunyuanImage-3.0,modern,0.9393032333776736,0.994600323823781,CORRECT_CONFIDENT_AI,AI-GENERATED
QWEN_0980_HunyuanImage_30,Qwen-Image-Bench,HunyuanImage-3.0,modern,0.3402767511916436,0.2208570271651131,UNCERTAIN_AI,UNCERTAIN
QWEN_0042_Imagen_40,Qwen-Image-Bench,Imagen-4.0,modern,0.0982004423854986,0.0144532377843166,FALSE_REAL_AI,REAL
QWEN_0060_Imagen_40,Qwen-Image-Bench,Imagen-4.0,modern,0.6214714575875048,0.7199242981071098,UNCERTAIN_AI,UNCERTAIN
QWEN_0065_Imagen_40,Qwen-Image-Bench,Imagen-4.0,modern,0.136028020612583,0.0287427585701373,FALSE_REAL_AI,REAL
QWEN_0074_Imagen_40,Qwen-Image-Bench,Imagen-4.0,modern,0.447448974730407,0.4008922787956029,UNCERTAIN_AI,UNCERTAIN
QWEN_0078_Imagen_40,Qwen-Image-Bench,Imagen-4.0,modern,0.4343282448748452,0.3768105499559915,UNCERTAIN_AI,UNCERTAIN
QWEN_0081_Imagen_40,Qwen-Image-Bench,Imagen-4.0,modern,0.3695973557689841,0.265666251064249,UNCERTAIN_AI,UNCERTAIN
QWEN_0086_Imagen_40,Qwen-Image-Bench,Imagen-4.0,modern,0.0767347154212877,0.008690906198049,FALSE_REAL_AI,REAL
QWEN_0096_Imagen_40,Qwen-Image-Bench,Imagen-4.0,modern,0.0981158948072401,0.0144273550763674,FALSE_REAL_AI,REAL
QWEN_0118_Imagen_40,Qwen-Image-Bench,Imagen-4.0,modern,0.0924997106186587,0.0127655560980615,FALSE_REAL_AI,REAL
QWEN_0127_Imagen_40,Qwen-Image-Bench,Imagen-4.0,modern,0.619863269200004,0.7172942427040375,UNCERTAIN_AI,UNCERTAIN
QWEN_0140_Imagen_40,Qwen-Image-Bench,Imagen-4.0,modern,0.0194730295173014,0.0005738504008215,FALSE_REAL_AI,REAL
QWEN_0148_Imagen_40,Qwen-Image-Bench,Imagen-4.0,modern,0.3784349475002111,0.2799229629749456,UNCERTAIN_AI,UNCERTAIN
QWEN_0156_Imagen_40,Qwen-Image-Bench,Imagen-4.0,modern,0.0407671768148352,0.0024386552102057,FALSE_REAL_AI,REAL
QWEN_0158_Imagen_40,Qwen-Image-Bench,Imagen-4.0,modern,0.0038404160011379,2.5316830065710512e-05,FALSE_REAL_AI,REAL
QWEN_0169_Imagen_40,Qwen-Image-Bench,Imagen-4.0,modern,0.2729101283747847,0.1340152719273932,UNCERTAIN_AI,UNCERTAIN
QWEN_0184_Imagen_40,Qwen-Image-Bench,Imagen-4.0,modern,0.5993231800660087,0.6828081868203975,UNCERTAIN_AI,UNCERTAIN
QWEN_0185_Imagen_40,Qwen-Image-Bench,Imagen-4.0,modern,0.1377956034746066,0.0295486886118701,FALSE_REAL_AI,REAL
QWEN_0186_Imagen_40,Qwen-Image-Bench,Imagen-4.0,modern,0.3787590596397324,0.2804520404252861,UNCERTAIN_AI,UNCERTAIN
QWEN_0212_Imagen_40,Qwen-Image-Bench,Imagen-4.0,modern,0.0536103670809441,0.0042073211153947,FALSE_REAL_AI,REAL
QWEN_0222_Imagen_40,Qwen-Image-Bench,Imagen-4.0,modern,0.5620228476794052,0.6165321268808154,UNCERTAIN_AI,UNCERTAIN
QWEN_0239_Imagen_40,Qwen-Image-Bench,Imagen-4.0,modern,0.3785519517592768,0.2801139096015562,UNCERTAIN_AI,UNCERTAIN
QWEN_0260_Imagen_40,Qwen-Image-Bench,Imagen-4.0,modern,0.4636833779466079,0.4311647691434919,UNCERTAIN_AI,UNCERTAIN
QWEN_0288_Imagen_40,Qwen-Image-Bench,Imagen-4.0,modern,0.0576344355056075,0.0048651567025321,FALSE_REAL_AI,REAL
QWEN_0309_Imagen_40,Qwen-Image-Bench,Imagen-4.0,modern,0.6892323126832972,0.8200573591434093,UNCERTAIN_AI,UNCERTAIN
QWEN_0315_Imagen_40,Qwen-Image-Bench,Imagen-4.0,modern,0.8522241496863232,0.965656732397749,CORRECT_CONFIDENT_AI,AI-GENERATED
QWEN_0323_Imagen_40,Qwen-Image-Bench,Imagen-4.0,modern,0.4666397985882267,0.4367229884106474,UNCERTAIN_AI,UNCERTAIN
QWEN_0335_Imagen_40,Qwen-Image-Bench,Imagen-4.0,modern,0.0871108581226789,0.0112761326747397,FALSE_REAL_AI,REAL
QWEN_0342_Imagen_40,Qwen-Image-Bench,Imagen-4.0,modern,0.0197510741380274,0.0005898622927875,FALSE_REAL_AI,REAL
QWEN_0347_Imagen_40,Qwen-Image-Bench,Imagen-4.0,modern,0.0097764226625009,0.000151709804676,FALSE_REAL_AI,REAL
QWEN_0354_Imagen_40,Qwen-Image-Bench,Imagen-4.0,modern,0.1031537403178186,0.0160149768653951,FALSE_REAL_AI,REAL
QWEN_0359_Imagen_40,Qwen-Image-Bench,Imagen-4.0,modern,0.4214843820509434,0.3536533257236289,UNCERTAIN_AI,UNCERTAIN
QWEN_0374_Imagen_40,Qwen-Image-Bench,Imagen-4.0,modern,0.227662375476164,0.0889877267496586,FALSE_REAL_AI,REAL
QWEN_0386_Imagen_40,Qwen-Image-Bench,Imagen-4.0,modern,0.0408165797811437,0.0024445109607805,FALSE_REAL_AI,REAL
QWEN_0392_Imagen_40,Qwen-Image-Bench,Imagen-4.0,modern,0.8555963844727205,0.967323565765024,CORRECT_CONFIDENT_AI,AI-GENERATED
QWEN_0397_Imagen_40,Qwen-Image-Bench,Imagen-4.0,modern,0.2604349211817853,0.1205318798127505,FALSE_REAL_AI,REAL
QWEN_0413_Imagen_40,Qwen-Image-Bench,Imagen-4.0,modern,0.5644584215193463,0.6209793735720699,UNCERTAIN_AI,UNCERTAIN
QWEN_0415_Imagen_40,Qwen-Image-Bench,Imagen-4.0,modern,0.5415220772063697,0.5785907398035703,UNCERTAIN_AI,UNCERTAIN
QWEN_0420_Imagen_40,Qwen-Image-Bench,Imagen-4.0,modern,0.9582876402749034,0.9974480585213386,CORRECT_CONFIDENT_AI,AI-GENERATED
QWEN_0423_Imagen_40,Qwen-Image-Bench,Imagen-4.0,modern,0.2323669811110862,0.0931745789858686,FALSE_REAL_AI,REAL
QWEN_0430_Imagen_40,Qwen-Image-Bench,Imagen-4.0,modern,0.9606880838347224,0.9977306036850024,CORRECT_CONFIDENT_AI,AI-GENERATED
QWEN_0432_Imagen_40,Qwen-Image-Bench,Imagen-4.0,modern,0.0345234792697273,0.0017563382669563,FALSE_REAL_AI,REAL
QWEN_0446_Imagen_40,Qwen-Image-Bench,Imagen-4.0,modern,0.9936989203946774,0.99993470133438,CORRECT_CONFIDENT_AI,AI-GENERATED
QWEN_0451_Imagen_40,Qwen-Image-Bench,Imagen-4.0,modern,0.8742299283638452,0.9756833836846124,CORRECT_CONFIDENT_AI,AI-GENERATED
QWEN_0456_Imagen_40,Qwen-Image-Bench,Imagen-4.0,modern,0.6889550751952365,0.8196934681442184,UNCERTAIN_AI,UNCERTAIN
QWEN_0461_Imagen_40,Qwen-Image-Bench,Imagen-4.0,modern,0.8772758674640694,0.9769165327266875,CORRECT_CONFIDENT_AI,AI-GENERATED
QWEN_0465_Imagen_40,Qwen-Image-Bench,Imagen-4.0,modern,0.3172374743027935,0.1885373978362919,UNCERTAIN_AI,UNCERTAIN
QWEN_0471_Imagen_40,Qwen-Image-Bench,Imagen-4.0,modern,0.8453700081742066,0.9621191840777964,CORRECT_CONFIDENT_AI,AI-GENERATED
QWEN_0476_Imagen_40,Qwen-Image-Bench,Imagen-4.0,modern,0.891650435730542,0.982249772336314,CORRECT_CONFIDENT_AI,AI-GENERATED
QWEN_0480_Imagen_40,Qwen-Image-Bench,Imagen-4.0,modern,0.1037608032310608,0.0162125581641399,FALSE_REAL_AI,REAL
QWEN_0507_Imagen_40,Qwen-Image-Bench,Imagen-4.0,modern,0.0566862461175397,0.0047056158378918,FALSE_REAL_AI,REAL
QWEN_0518_Imagen_40,Qwen-Image-Bench,Imagen-4.0,modern,0.2829608466450569,0.1454749653558311,UNCERTAIN_AI,UNCERTAIN
QWEN_0524_Imagen_40,Qwen-Image-Bench,Imagen-4.0,modern,0.5764916980538742,0.6427278959874552,UNCERTAIN_AI,UNCERTAIN
QWEN_0553_Imagen_40,Qwen-Image-Bench,Imagen-4.0,modern,0.0184971636153459,0.0005193768906084,FALSE_REAL_AI,REAL
QWEN_0592_Imagen_40,Qwen-Image-Bench,Imagen-4.0,modern,0.6404956878277867,0.7502021653981137,UNCERTAIN_AI,UNCERTAIN
QWEN_0594_Imagen_40,Qwen-Image-Bench,Imagen-4.0,modern,0.1386397648717493,0.0299381309896512,FALSE_REAL_AI,REAL
QWEN_0597_Imagen_40,Qwen-Image-Bench,Imagen-4.0,modern,0.2178085447523142,0.0805829298973817,FALSE_REAL_AI,REAL
QWEN_0621_Imagen_40,Qwen-Image-Bench,Imagen-4.0,modern,0.0090658727748942,0.000131228733618,FALSE_REAL_AI,REAL
QWEN_0634_Imagen_40,Qwen-Image-Bench,Imagen-4.0,modern,0.0559147629915175,0.0045778758885815,FALSE_REAL_AI,REAL
QWEN_0637_Imagen_40,Qwen-Image-Bench,Imagen-4.0,modern,0.4427820260468872,0.3922821930565114,UNCERTAIN_AI,UNCERTAIN
QWEN_0644_Imagen_40,Qwen-Image-Bench,Imagen-4.0,modern,0.8989038302140434,0.9846446325919346,CORRECT_CONFIDENT_AI,AI-GENERATED
QWEN_0656_Imagen_40,Qwen-Image-Bench,Imagen-4.0,modern,0.1995667530589069,0.0663037562544811,FALSE_REAL_AI,REAL
QWEN_0657_Imagen_40,Qwen-Image-Bench,Imagen-4.0,modern,0.0041740424548611,2.9687575784575785e-05,FALSE_REAL_AI,REAL
QWEN_0661_Imagen_40,Qwen-Image-Bench,Imagen-4.0,modern,0.3737831809711792,0.2723776143315185,UNCERTAIN_AI,UNCERTAIN
QWEN_0670_Imagen_40,Qwen-Image-Bench,Imagen-4.0,modern,0.4481323844355884,0.4021569190993885,UNCERTAIN_AI,UNCERTAIN
QWEN_0672_Imagen_40,Qwen-Image-Bench,Imagen-4.0,modern,0.5194957780508788,0.5370739966429279,UNCERTAIN_AI,UNCERTAIN
QWEN_0682_Imagen_40,Qwen-Image-Bench,Imagen-4.0,modern,0.9456391939991816,0.9956738107200216,CORRECT_CONFIDENT_AI,AI-GENERATED
QWEN_0691_Imagen_40,Qwen-Image-Bench,Imagen-4.0,modern,0.4201759677660345,0.3513202467051737,UNCERTAIN_AI,UNCERTAIN
QWEN_0696_Imagen_40,Qwen-Image-Bench,Imagen-4.0,modern,0.7560909532505853,0.896071508789901,CORRECT_CONFIDENT_AI,AI-GENERATED
QWEN_0699_Imagen_40,Qwen-Image-Bench,Imagen-4.0,modern,0.3518104823475515,0.2380097680336705,UNCERTAIN_AI,UNCERTAIN
QWEN_0713_Imagen_40,Qwen-Image-Bench,Imagen-4.0,modern,0.585925353056779,0.6594908945893768,UNCERTAIN_AI,UNCERTAIN
QWEN_0715_Imagen_40,Qwen-Image-Bench,Imagen-4.0,modern,0.5299393133161311,0.5568312621406013,UNCERTAIN_AI,UNCERTAIN
QWEN_0717_Imagen_40,Qwen-Image-Bench,Imagen-4.0,modern,0.0454099860791348,0.0030206622780537,FALSE_REAL_AI,REAL
QWEN_0721_Imagen_40,Qwen-Image-Bench,Imagen-4.0,modern,0.4739586494630207,0.4505302282294369,UNCERTAIN_AI,UNCERTAIN
QWEN_0723_Imagen_40,Qwen-Image-Bench,Imagen-4.0,modern,0.3561482815623873,0.244622509207349,UNCERTAIN_AI,UNCERTAIN
QWEN_0740_Imagen_40,Qwen-Image-Bench,Imagen-4.0,modern,0.026845454891006,0.0010723486705024,FALSE_REAL_AI,REAL
QWEN_0760_Imagen_40,Qwen-Image-Bench,Imagen-4.0,modern,0.0613751284005902,0.0055220824512529,FALSE_REAL_AI,REAL
QWEN_0764_Imagen_40,Qwen-Image-Bench,Imagen-4.0,modern,0.4190404274640079,0.3492995474102553,UNCERTAIN_AI,UNCERTAIN
QWEN_0772_Imagen_40,Qwen-Image-Bench,Imagen-4.0,modern,0.7304411069118252,0.8696873452286871,UNCERTAIN_AI,UNCERTAIN
QWEN_0773_Imagen_40,Qwen-Image-Bench,Imagen-4.0,modern,0.0090351580102626,0.0001303758570174,FALSE_REAL_AI,REAL
QWEN_0777_Imagen_40,Qwen-Image-Bench,Imagen-4.0,modern,0.0259106682280779,0.0010006078285276,FALSE_REAL_AI,REAL
QWEN_0778_Imagen_40,Qwen-Image-Bench,Imagen-4.0,modern,0.1773666004984655,0.0510981445470333,FALSE_REAL_AI,REAL
QWEN_0799_Imagen_40,Qwen-Image-Bench,Imagen-4.0,modern,0.0789472378629907,0.0092114544421759,FALSE_REAL_AI,REAL
QWEN_0805_Imagen_40,Qwen-Image-Bench,Imagen-4.0,modern,0.1977303857278564,0.0649567530507101,FALSE_REAL_AI,REAL
QWEN_0820_Imagen_40,Qwen-Image-Bench,Imagen-4.0,modern,0.9353792448654004,0.9938720195901878,CORRECT_CONFIDENT_AI,AI-GENERATED
QWEN_0824_Imagen_40,Qwen-Image-Bench,Imagen-4.0,modern,0.5058868617141196,0.5112082432716365,UNCERTAIN_AI,UNCERTAIN
QWEN_0831_Imagen_40,Qwen-Image-Bench,Imagen-4.0,modern,0.856004874611395,0.9675222117966222,CORRECT_CONFIDENT_AI,AI-GENERATED
QWEN_0836_Imagen_40,Qwen-Image-Bench,Imagen-4.0,modern,0.3060639706095281,0.1738291467146943,UNCERTAIN_AI,UNCERTAIN
QWEN_0847_Imagen_40,Qwen-Image-Bench,Imagen-4.0,modern,0.2807406077057153,0.1428976518105201,UNCERTAIN_AI,UNCERTAIN
QWEN_0857_Imagen_40,Qwen-Image-Bench,Imagen-4.0,modern,0.0432040396977891,0.002736123513744,FALSE_REAL_AI,REAL
QWEN_0876_Imagen_40,Qwen-Image-Bench,Imagen-4.0,modern,0.1258217204155169,0.0243378430882663,FALSE_REAL_AI,REAL
QWEN_0887_Imagen_40,Qwen-Image-Bench,Imagen-4.0,modern,0.7101288903837133,0.8463373313433031,UNCERTAIN_AI,UNCERTAIN
QWEN_0890_Imagen_40,Qwen-Image-Bench,Imagen-4.0,modern,0.0653970646977638,0.0062778936129798,FALSE_REAL_AI,REAL
QWEN_0894_Imagen_40,Qwen-Image-Bench,Imagen-4.0,modern,0.0215316460839868,0.0006975705746943,FALSE_REAL_AI,REAL
QWEN_0919_Imagen_40,Qwen-Image-Bench,Imagen-4.0,modern,0.264389108448419,0.1247169018835505,UNCERTAIN_AI,UNCERTAIN
QWEN_0923_Imagen_40,Qwen-Image-Bench,Imagen-4.0,modern,0.1785776015193248,0.0518678330926079,FALSE_REAL_AI,REAL
QWEN_0933_Imagen_40,Qwen-Image-Bench,Imagen-4.0,modern,0.1741764463899826,0.0491028951003945,FALSE_REAL_AI,REAL
QWEN_0951_Imagen_40,Qwen-Image-Bench,Imagen-4.0,modern,0.0317954822935188,0.0014938824776383,FALSE_REAL_AI,REAL
QWEN_0964_Imagen_40,Qwen-Image-Bench,Imagen-4.0,modern,0.0455204010603766,0.0030352873559683,FALSE_REAL_AI,REAL
QWEN_0965_Imagen_40,Qwen-Image-Bench,Imagen-4.0,modern,0.9275219408756308,0.992264578886442,CORRECT_CONFIDENT_AI,AI-GENERATED
QWEN_0980_Imagen_40,Qwen-Image-Bench,Imagen-4.0,modern,0.6208190171327101,0.7188585679667504,UNCERTAIN_AI,UNCERTAIN
QWEN_0042_Imagen_40_Ultra,Qwen-Image-Bench,Imagen-4.0-Ultra,modern,0.388928116443973,0.2972675678899429,UNCERTAIN_AI,UNCERTAIN
QWEN_0060_Imagen_40_Ultra,Qwen-Image-Bench,Imagen-4.0-Ultra,modern,0.2693804661570695,0.1301171797382892,UNCERTAIN_AI,UNCERTAIN
QWEN_0065_Imagen_40_Ultra,Qwen-Image-Bench,Imagen-4.0-Ultra,modern,0.3048466700311179,0.1722656391008122,UNCERTAIN_AI,UNCERTAIN
QWEN_0074_Imagen_40_Ultra,Qwen-Image-Bench,Imagen-4.0-Ultra,modern,0.8718167794643188,0.9746802703606852,CORRECT_CONFIDENT_AI,AI-GENERATED
QWEN_0078_Imagen_40_Ultra,Qwen-Image-Bench,Imagen-4.0-Ultra,modern,0.0869214056881795,0.0112256182300553,FALSE_REAL_AI,REAL
QWEN_0081_Imagen_40_Ultra,Qwen-Image-Bench,Imagen-4.0-Ultra,modern,0.1275805378990473,0.0250670252511235,FALSE_REAL_AI,REAL
QWEN_0086_Imagen_40_Ultra,Qwen-Image-Bench,Imagen-4.0-Ultra,modern,0.2980279789333904,0.1636500552630384,UNCERTAIN_AI,UNCERTAIN
QWEN_0096_Imagen_40_Ultra,Qwen-Image-Bench,Imagen-4.0-Ultra,modern,0.1530154476925419,0.0370293027454102,FALSE_REAL_AI,REAL
QWEN_0118_Imagen_40_Ultra,Qwen-Image-Bench,Imagen-4.0-Ultra,modern,0.844124183913589,0.9614544001655324,CORRECT_CONFIDENT_AI,AI-GENERATED
QWEN_0127_Imagen_40_Ultra,Qwen-Image-Bench,Imagen-4.0-Ultra,modern,0.1977553735706348,0.0649749724230294,FALSE_REAL_AI,REAL
QWEN_0140_Imagen_40_Ultra,Qwen-Image-Bench,Imagen-4.0-Ultra,modern,0.2547606692355945,0.1146699131812503,FALSE_REAL_AI,REAL
QWEN_0148_Imagen_40_Ultra,Qwen-Image-Bench,Imagen-4.0-Ultra,modern,0.0428916150786192,0.0026969995653602,FALSE_REAL_AI,REAL
QWEN_0156_Imagen_40_Ultra,Qwen-Image-Bench,Imagen-4.0-Ultra,modern,0.0642331231569205,0.0060538483871162,FALSE_REAL_AI,REAL
QWEN_0158_Imagen_40_Ultra,Qwen-Image-Bench,Imagen-4.0-Ultra,modern,0.0085126009221718,0.0001162785895414,FALSE_REAL_AI,REAL
QWEN_0169_Imagen_40_Ultra,Qwen-Image-Bench,Imagen-4.0-Ultra,modern,0.0146032623179327,0.0003287136656159,FALSE_REAL_AI,REAL
QWEN_0184_Imagen_40_Ultra,Qwen-Image-Bench,Imagen-4.0-Ultra,modern,0.0712568974576235,0.0074723789685624,FALSE_REAL_AI,REAL
QWEN_0185_Imagen_40_Ultra,Qwen-Image-Bench,Imagen-4.0-Ultra,modern,0.0480213341148416,0.0033763797143784,FALSE_REAL_AI,REAL
QWEN_0186_Imagen_40_Ultra,Qwen-Image-Bench,Imagen-4.0-Ultra,modern,0.7574863975167149,0.8974082736965663,CORRECT_CONFIDENT_AI,AI-GENERATED
QWEN_0212_Imagen_40_Ultra,Qwen-Image-Bench,Imagen-4.0-Ultra,modern,0.0126003175684235,0.0002472729493931,FALSE_REAL_AI,REAL
QWEN_0222_Imagen_40_Ultra,Qwen-Image-Bench,Imagen-4.0-Ultra,modern,0.4040679812859599,0.3230360755433223,UNCERTAIN_AI,UNCERTAIN
QWEN_0239_Imagen_40_Ultra,Qwen-Image-Bench,Imagen-4.0-Ultra,modern,0.5537155483192663,0.6012604565323229,UNCERTAIN_AI,UNCERTAIN
QWEN_0260_Imagen_40_Ultra,Qwen-Image-Bench,Imagen-4.0-Ultra,modern,0.0154788285442196,0.0003678654407804,FALSE_REAL_AI,REAL
QWEN_0288_Imagen_40_Ultra,Qwen-Image-Bench,Imagen-4.0-Ultra,modern,0.0481806183718734,0.0033987435763883,FALSE_REAL_AI,REAL
QWEN_0309_Imagen_40_Ultra,Qwen-Image-Bench,Imagen-4.0-Ultra,modern,0.4786316591980346,0.4593759288759403,UNCERTAIN_AI,UNCERTAIN
QWEN_0315_Imagen_40_Ultra,Qwen-Image-Bench,Imagen-4.0-Ultra,modern,0.8178896426858628,0.9458479500602816,CORRECT_CONFIDENT_AI,AI-GENERATED
QWEN_0323_Imagen_40_Ultra,Qwen-Image-Bench,Imagen-4.0-Ultra,modern,0.0422141508219726,0.0026131608105158,FALSE_REAL_AI,REAL
QWEN_0335_Imagen_40_Ultra,Qwen-Image-Bench,Imagen-4.0-Ultra,modern,0.0629224502877658,0.005806750518339,FALSE_REAL_AI,REAL
QWEN_0342_Imagen_40_Ultra,Qwen-Image-Bench,Imagen-4.0-Ultra,modern,0.0026923765104701,1.2845702851948298e-05,FALSE_REAL_AI,REAL
QWEN_0347_Imagen_40_Ultra,Qwen-Image-Bench,Imagen-4.0-Ultra,modern,0.0112084218354054,0.0001973471604397,FALSE_REAL_AI,REAL
QWEN_0354_Imagen_40_Ultra,Qwen-Image-Bench,Imagen-4.0-Ultra,modern,0.0165189579647189,0.0004171807235689,FALSE_REAL_AI,REAL
QWEN_0359_Imagen_40_Ultra,Qwen-Image-Bench,Imagen-4.0-Ultra,modern,0.2466080958872729,0.106542756653529,FALSE_REAL_AI,REAL
QWEN_0374_Imagen_40_Ultra,Qwen-Image-Bench,Imagen-4.0-Ultra,modern,0.1340368814874929,0.0278502580029402,FALSE_REAL_AI,REAL
QWEN_0386_Imagen_40_Ultra,Qwen-Image-Bench,Imagen-4.0-Ultra,modern,0.4742709799501087,0.4511207897161743,UNCERTAIN_AI,UNCERTAIN
QWEN_0392_Imagen_40_Ultra,Qwen-Image-Bench,Imagen-4.0-Ultra,modern,0.4312188845947141,0.3711638400313137,UNCERTAIN_AI,UNCERTAIN
QWEN_0397_Imagen_40_Ultra,Qwen-Image-Bench,Imagen-4.0-Ultra,modern,0.113181169871065,0.0194545600753021,FALSE_REAL_AI,REAL
QWEN_0413_Imagen_40_Ultra,Qwen-Image-Bench,Imagen-4.0-Ultra,modern,0.5411674787415508,0.5779275297570337,UNCERTAIN_AI,UNCERTAIN
QWEN_0415_Imagen_40_Ultra,Qwen-Image-Bench,Imagen-4.0-Ultra,modern,0.4217363609365593,0.3541032163907689,UNCERTAIN_AI,UNCERTAIN
QWEN_0420_Imagen_40_Ultra,Qwen-Image-Bench,Imagen-4.0-Ultra,modern,0.9626142745846464,0.9979450500846404,CORRECT_CONFIDENT_AI,AI-GENERATED
QWEN_0423_Imagen_40_Ultra,Qwen-Image-Bench,Imagen-4.0-Ultra,modern,0.0501700439349629,0.0036845500673885,FALSE_REAL_AI,REAL
QWEN_0430_Imagen_40_Ultra,Qwen-Image-Bench,Imagen-4.0-Ultra,modern,0.9520944886311044,0.9966398338242972,CORRECT_CONFIDENT_AI,AI-GENERATED
QWEN_0432_Imagen_40_Ultra,Qwen-Image-Bench,Imagen-4.0-Ultra,modern,0.1507505822101079,0.0358537848238706,FALSE_REAL_AI,REAL
QWEN_0446_Imagen_40_Ultra,Qwen-Image-Bench,Imagen-4.0-Ultra,modern,0.5009151036263851,0.5017425105210909,UNCERTAIN_AI,UNCERTAIN
QWEN_0451_Imagen_40_Ultra,Qwen-Image-Bench,Imagen-4.0-Ultra,modern,0.668100769963009,0.7912000031751227,UNCERTAIN_AI,UNCERTAIN
QWEN_0456_Imagen_40_Ultra,Qwen-Image-Bench,Imagen-4.0-Ultra,modern,0.6418189926847625,0.7522489503077816,UNCERTAIN_AI,UNCERTAIN
QWEN_0461_Imagen_40_Ultra,Qwen-Image-Bench,Imagen-4.0-Ultra,modern,0.9576553190017272,0.9973707917316018,CORRECT_CONFIDENT_AI,AI-GENERATED
QWEN_0465_Imagen_40_Ultra,Qwen-Image-Bench,Imagen-4.0-Ultra,modern,0.7697626582948708,0.9087347066795666,CORRECT_CONFIDENT_AI,AI-GENERATED
QWEN_0471_Imagen_40_Ultra,Qwen-Image-Bench,Imagen-4.0-Ultra,modern,0.6906343185029089,0.8218915143762168,UNCERTAIN_AI,UNCERTAIN
QWEN_0476_Imagen_40_Ultra,Qwen-Image-Bench,Imagen-4.0-Ultra,modern,0.7246908819829098,0.8632978286558672,UNCERTAIN_AI,UNCERTAIN
QWEN_0480_Imagen_40_Ultra,Qwen-Image-Bench,Imagen-4.0-Ultra,modern,0.0902663677991904,0.0121359089105462,FALSE_REAL_AI,REAL
QWEN_0507_Imagen_40_Ultra,Qwen-Image-Bench,Imagen-4.0-Ultra,modern,0.5379195620753513,0.5718436720077987,UNCERTAIN_AI,UNCERTAIN
QWEN_0518_Imagen_40_Ultra,Qwen-Image-Bench,Imagen-4.0-Ultra,modern,0.0418867775335007,0.0025731359855728,FALSE_REAL_AI,REAL
QWEN_0524_Imagen_40_Ultra,Qwen-Image-Bench,Imagen-4.0-Ultra,modern,0.8148300027711023,0.9438225665845116,CORRECT_CONFIDENT_AI,AI-GENERATED
QWEN_0553_Imagen_40_Ultra,Qwen-Image-Bench,Imagen-4.0-Ultra,modern,0.0094265589827196,0.0001414454716943,FALSE_REAL_AI,REAL
QWEN_0592_Imagen_40_Ultra,Qwen-Image-Bench,Imagen-4.0-Ultra,modern,0.9520034788028512,0.9966270971590296,CORRECT_CONFIDENT_AI,AI-GENERATED
QWEN_0594_Imagen_40_Ultra,Qwen-Image-Bench,Imagen-4.0-Ultra,modern,0.1149367787667857,0.0200957936946641,FALSE_REAL_AI,REAL
QWEN_0597_Imagen_40_Ultra,Qwen-Image-Bench,Imagen-4.0-Ultra,modern,0.3808641577985229,0.2838988807846088,UNCERTAIN_AI,UNCERTAIN
QWEN_0621_Imagen_40_Ultra,Qwen-Image-Bench,Imagen-4.0-Ultra,modern,0.0101203866035117,0.0001621405517289,FALSE_REAL_AI,REAL
QWEN_0634_Imagen_40_Ultra,Qwen-Image-Bench,Imagen-4.0-Ultra,modern,0.0237504826226902,0.0008443265263369,FALSE_REAL_AI,REAL
QWEN_0637_Imagen_40_Ultra,Qwen-Image-Bench,Imagen-4.0-Ultra,modern,0.1669031729913112,0.0447275234588392,FALSE_REAL_AI,REAL
QWEN_0644_Imagen_40_Ultra,Qwen-Image-Bench,Imagen-4.0-Ultra,modern,0.0224857494753432,0.0007589690667888,FALSE_REAL_AI,REAL
QWEN_0656_Imagen_40_Ultra,Qwen-Image-Bench,Imagen-4.0-Ultra,modern,0.7262351226235358,0.8650308786905091,UNCERTAIN_AI,UNCERTAIN
QWEN_0657_Imagen_40_Ultra,Qwen-Image-Bench,Imagen-4.0-Ultra,modern,0.0666937187501549,0.0065326141899595,FALSE_REAL_AI,REAL
QWEN_0661_Imagen_40_Ultra,Qwen-Image-Bench,Imagen-4.0-Ultra,modern,0.3470433098141813,0.2308435982028613,UNCERTAIN_AI,UNCERTAIN
QWEN_0670_Imagen_40_Ultra,Qwen-Image-Bench,Imagen-4.0-Ultra,modern,0.8225419087282176,0.9488439423473928,CORRECT_CONFIDENT_AI,AI-GENERATED
QWEN_0672_Imagen_40_Ultra,Qwen-Image-Bench,Imagen-4.0-Ultra,modern,0.866719902990151,0.97248471235332,CORRECT_CONFIDENT_AI,AI-GENERATED
QWEN_0682_Imagen_40_Ultra,Qwen-Image-Bench,Imagen-4.0-Ultra,modern,0.9775851288133288,0.9992456805849508,CORRECT_CONFIDENT_AI,AI-GENERATED
QWEN_0691_Imagen_40_Ultra,Qwen-Image-Bench,Imagen-4.0-Ultra,modern,0.9240644074675548,0.9914930699064416,CORRECT_CONFIDENT_AI,AI-GENERATED
QWEN_0696_Imagen_40_Ultra,Qwen-Image-Bench,Imagen-4.0-Ultra,modern,0.736894524151223,0.8766506831734081,CORRECT_CONFIDENT_AI,AI-GENERATED
QWEN_0699_Imagen_40_Ultra,Qwen-Image-Bench,Imagen-4.0-Ultra,modern,0.5699065017174815,0.6308737396464903,UNCERTAIN_AI,UNCERTAIN
QWEN_0713_Imagen_40_Ultra,Qwen-Image-Bench,Imagen-4.0-Ultra,modern,0.7712059797151064,0.9100154981764972,CORRECT_CONFIDENT_AI,AI-GENERATED
QWEN_0715_Imagen_40_Ultra,Qwen-Image-Bench,Imagen-4.0-Ultra,modern,0.2121746489814946,0.0759970229464922,FALSE_REAL_AI,REAL
QWEN_0717_Imagen_40_Ultra,Qwen-Image-Bench,Imagen-4.0-Ultra,modern,0.0058698530490188,5.700644170255107e-05,FALSE_REAL_AI,REAL
QWEN_0721_Imagen_40_Ultra,Qwen-Image-Bench,Imagen-4.0-Ultra,modern,0.3308617169660072,0.2073307931704044,UNCERTAIN_AI,UNCERTAIN
QWEN_0723_Imagen_40_Ultra,Qwen-Image-Bench,Imagen-4.0-Ultra,modern,0.4201865146653419,0.3513390329997802,UNCERTAIN_AI,UNCERTAIN
QWEN_0740_Imagen_40_Ultra,Qwen-Image-Bench,Imagen-4.0-Ultra,modern,0.037629830433351,0.0020815241778412,FALSE_REAL_AI,REAL
QWEN_0760_Imagen_40_Ultra,Qwen-Image-Bench,Imagen-4.0-Ultra,modern,0.4194068132564972,0.3499511109531397,UNCERTAIN_AI,UNCERTAIN
QWEN_0764_Imagen_40_Ultra,Qwen-Image-Bench,Imagen-4.0-Ultra,modern,0.6614453901171437,0.7816494683540612,UNCERTAIN_AI,UNCERTAIN
QWEN_0772_Imagen_40_Ultra,Qwen-Image-Bench,Imagen-4.0-Ultra,modern,0.9696975461881816,0.9986406632711918,CORRECT_CONFIDENT_AI,AI-GENERATED
QWEN_0773_Imagen_40_Ultra,Qwen-Image-Bench,Imagen-4.0-Ultra,modern,0.0022256297398021,8.9316177996507e-06,FALSE_REAL_AI,REAL
QWEN_0777_Imagen_40_Ultra,Qwen-Image-Bench,Imagen-4.0-Ultra,modern,0.1902440144644464,0.0596334780559867,FALSE_REAL_AI,REAL
QWEN_0778_Imagen_40_Ultra,Qwen-Image-Bench,Imagen-4.0-Ultra,modern,0.1680857069273421,0.0454225979204376,FALSE_REAL_AI,REAL
QWEN_0799_Imagen_40_Ultra,Qwen-Image-Bench,Imagen-4.0-Ultra,modern,0.1757570137699977,0.0500855969754479,FALSE_REAL_AI,REAL
QWEN_0805_Imagen_40_Ultra,Qwen-Image-Bench,Imagen-4.0-Ultra,modern,0.7718537981550647,0.9105869086406964,CORRECT_CONFIDENT_AI,AI-GENERATED
QWEN_0820_Imagen_40_Ultra,Qwen-Image-Bench,Imagen-4.0-Ultra,modern,0.8730571122161204,0.9751987607199616,CORRECT_CONFIDENT_AI,AI-GENERATED
QWEN_0824_Imagen_40_Ultra,Qwen-Image-Bench,Imagen-4.0-Ultra,modern,0.5906616679701426,0.6678025024696835,UNCERTAIN_AI,UNCERTAIN
QWEN_0831_Imagen_40_Ultra,Qwen-Image-Bench,Imagen-4.0-Ultra,modern,0.8069922287012331,0.9384326074068556,CORRECT_CONFIDENT_AI,AI-GENERATED
QWEN_0836_Imagen_40_Ultra,Qwen-Image-Bench,Imagen-4.0-Ultra,modern,0.0486531049757868,0.0034655339493757,FALSE_REAL_AI,REAL
QWEN_0847_Imagen_40_Ultra,Qwen-Image-Bench,Imagen-4.0-Ultra,modern,0.8323345965780121,0.9548251706468228,CORRECT_CONFIDENT_AI,AI-GENERATED
QWEN_0857_Imagen_40_Ultra,Qwen-Image-Bench,Imagen-4.0-Ultra,modern,0.0710326178796648,0.0074246012562201,FALSE_REAL_AI,REAL
QWEN_0876_Imagen_40_Ultra,Qwen-Image-Bench,Imagen-4.0-Ultra,modern,0.4115491507013887,0.3360681535008685,UNCERTAIN_AI,UNCERTAIN
QWEN_0887_Imagen_40_Ultra,Qwen-Image-Bench,Imagen-4.0-Ultra,modern,0.7500143831396635,0.8901323739195177,CORRECT_CONFIDENT_AI,AI-GENERATED
QWEN_0890_Imagen_40_Ultra,Qwen-Image-Bench,Imagen-4.0-Ultra,modern,0.0308642999353072,0.001409215288002,FALSE_REAL_AI,REAL
QWEN_0894_Imagen_40_Ultra,Qwen-Image-Bench,Imagen-4.0-Ultra,modern,0.0052015401491221,4.5228607052662385e-05,FALSE_REAL_AI,REAL
QWEN_0919_Imagen_40_Ultra,Qwen-Image-Bench,Imagen-4.0-Ultra,modern,0.1126939474544656,0.0192786870097279,FALSE_REAL_AI,REAL
QWEN_0923_Imagen_40_Ultra,Qwen-Image-Bench,Imagen-4.0-Ultra,modern,0.2756063145607569,0.1370371482734543,UNCERTAIN_AI,UNCERTAIN
QWEN_0933_Imagen_40_Ultra,Qwen-Image-Bench,Imagen-4.0-Ultra,modern,0.6863195611860222,0.8162144696550304,UNCERTAIN_AI,UNCERTAIN
QWEN_0951_Imagen_40_Ultra,Qwen-Image-Bench,Imagen-4.0-Ultra,modern,0.0118048959658923,0.0002180712831541,FALSE_REAL_AI,REAL
QWEN_0964_Imagen_40_Ultra,Qwen-Image-Bench,Imagen-4.0-Ultra,modern,0.0875085187494481,0.0113825683703399,FALSE_REAL_AI,REAL
QWEN_0965_Imagen_40_Ultra,Qwen-Image-Bench,Imagen-4.0-Ultra,modern,0.9700673341725846,0.99867299671267,CORRECT_CONFIDENT_AI,AI-GENERATED
QWEN_0980_Imagen_40_Ultra,Qwen-Image-Bench,Imagen-4.0-Ultra,modern,0.889135921834443,0.9813737927895186,CORRECT_CONFIDENT_AI,AI-GENERATED
QWEN_0042_Qwen_Image,Qwen-Image-Bench,Qwen-Image,modern,0.4003679669046424,0.3166615584234612,UNCERTAIN_AI,UNCERTAIN
QWEN_0060_Qwen_Image,Qwen-Image-Bench,Qwen-Image,modern,0.2582300214445125,0.1182339617714539,FALSE_REAL_AI,REAL
QWEN_0065_Qwen_Image,Qwen-Image-Bench,Qwen-Image,modern,0.7914964336243351,0.9269061578522042,CORRECT_CONFIDENT_AI,AI-GENERATED
QWEN_0074_Qwen_Image,Qwen-Image-Bench,Qwen-Image,modern,0.659983591745661,0.7795228114952225,UNCERTAIN_AI,UNCERTAIN
QWEN_0078_Qwen_Image,Qwen-Image-Bench,Qwen-Image,modern,0.340183509559107,0.2207209505469319,UNCERTAIN_AI,UNCERTAIN
QWEN_0081_Qwen_Image,Qwen-Image-Bench,Qwen-Image,modern,0.0610705812136467,0.0054669485510446,FALSE_REAL_AI,REAL
QWEN_0086_Qwen_Image,Qwen-Image-Bench,Qwen-Image,modern,0.2043969062181622,0.0699250621110932,FALSE_REAL_AI,REAL
QWEN_0096_Qwen_Image,Qwen-Image-Bench,Qwen-Image,modern,0.1751795243683111,0.0497252196556869,FALSE_REAL_AI,REAL
QWEN_0118_Qwen_Image,Qwen-Image-Bench,Qwen-Image,modern,0.1286524144219219,0.025517469008487,FALSE_REAL_AI,REAL
QWEN_0127_Qwen_Image,Qwen-Image-Bench,Qwen-Image,modern,0.7984415418186723,0.9322167898149368,CORRECT_CONFIDENT_AI,AI-GENERATED
QWEN_0140_Qwen_Image,Qwen-Image-Bench,Qwen-Image,modern,0.0531267671937433,0.0041316405296373,FALSE_REAL_AI,REAL
QWEN_0148_Qwen_Image,Qwen-Image-Bench,Qwen-Image,modern,0.5163016748327254,0.5310123541342942,UNCERTAIN_AI,UNCERTAIN
QWEN_0156_Qwen_Image,Qwen-Image-Bench,Qwen-Image,modern,0.084765427772716,0.0106595235599479,FALSE_REAL_AI,REAL
QWEN_0158_Qwen_Image,Qwen-Image-Bench,Qwen-Image,modern,0.0157652746063433,0.0003811427389302,FALSE_REAL_AI,REAL
QWEN_0169_Qwen_Image,Qwen-Image-Bench,Qwen-Image,modern,0.014842941740629,0.0003392165658305,FALSE_REAL_AI,REAL
QWEN_0184_Qwen_Image,Qwen-Image-Bench,Qwen-Image,modern,0.593191500137602,0.6722118280868161,UNCERTAIN_AI,UNCERTAIN
QWEN_0185_Qwen_Image,Qwen-Image-Bench,Qwen-Image,modern,0.0317242516289768,0.0014873176335902,FALSE_REAL_AI,REAL
QWEN_0186_Qwen_Image,Qwen-Image-Bench,Qwen-Image,modern,0.6788703347545955,0.8061891427059737,UNCERTAIN_AI,UNCERTAIN
QWEN_0212_Qwen_Image,Qwen-Image-Bench,Qwen-Image,modern,0.0175258352246596,0.0004678203225939,FALSE_REAL_AI,REAL
QWEN_0222_Qwen_Image,Qwen-Image-Bench,Qwen-Image,modern,0.156166750568754,0.0387018185948486,FALSE_REAL_AI,REAL
QWEN_0239_Qwen_Image,Qwen-Image-Bench,Qwen-Image,modern,0.2038524974750457,0.069511205175471,FALSE_REAL_AI,REAL
QWEN_0260_Qwen_Image,Qwen-Image-Bench,Qwen-Image,modern,0.0937880751657288,0.0131368155324231,FALSE_REAL_AI,REAL
QWEN_0288_Qwen_Image,Qwen-Image-Bench,Qwen-Image,modern,0.3325625809665212,0.2097421461595556,UNCERTAIN_AI,UNCERTAIN
QWEN_0309_Qwen_Image,Qwen-Image-Bench,Qwen-Image,modern,0.1008006015458129,0.0152618880945868,FALSE_REAL_AI,REAL
QWEN_0315_Qwen_Image,Qwen-Image-Bench,Qwen-Image,modern,0.2157065913780447,0.0788534153373389,FALSE_REAL_AI,REAL
QWEN_0323_Qwen_Image,Qwen-Image-Bench,Qwen-Image,modern,0.9012875212610492,0.9853894589854916,CORRECT_CONFIDENT_AI,AI-GENERATED
QWEN_0335_Qwen_Image,Qwen-Image-Bench,Qwen-Image,modern,0.0198842492545539,0.0005976087073848,FALSE_REAL_AI,REAL
QWEN_0342_Qwen_Image,Qwen-Image-Bench,Qwen-Image,modern,0.0597985445288117,0.0052398356767602,FALSE_REAL_AI,REAL
QWEN_0347_Qwen_Image,Qwen-Image-Bench,Qwen-Image,modern,0.0147216898764333,0.0003338830129588,FALSE_REAL_AI,REAL
QWEN_0354_Qwen_Image,Qwen-Image-Bench,Qwen-Image,modern,0.0307110415520674,0.001395519574779,FALSE_REAL_AI,REAL
QWEN_0359_Qwen_Image,Qwen-Image-Bench,Qwen-Image,modern,0.0727244266871425,0.0077890849327857,FALSE_REAL_AI,REAL
QWEN_0374_Qwen_Image,Qwen-Image-Bench,Qwen-Image,modern,0.6217895741432066,0.7204432897702762,UNCERTAIN_AI,UNCERTAIN
QWEN_0386_Qwen_Image,Qwen-Image-Bench,Qwen-Image,modern,0.1320514313607004,0.0269764137284842,FALSE_REAL_AI,REAL
QWEN_0392_Qwen_Image,Qwen-Image-Bench,Qwen-Image,modern,0.2154020382271737,0.078604660259399,FALSE_REAL_AI,REAL
QWEN_0397_Qwen_Image,Qwen-Image-Bench,Qwen-Image,modern,0.1195780286325858,0.021848072603216,FALSE_REAL_AI,REAL
QWEN_0413_Qwen_Image,Qwen-Image-Bench,Qwen-Image,modern,0.1763781396191837,0.0504749166002892,FALSE_REAL_AI,REAL
QWEN_0415_Qwen_Image,Qwen-Image-Bench,Qwen-Image,modern,0.6070163175163268,0.6959129942988533,UNCERTAIN_AI,UNCERTAIN
QWEN_0420_Qwen_Image,Qwen-Image-Bench,Qwen-Image,modern,0.9488389245672896,0.9961685776365716,CORRECT_CONFIDENT_AI,AI-GENERATED
QWEN_0423_Qwen_Image,Qwen-Image-Bench,Qwen-Image,modern,0.0368226800460506,0.0019943196390686,FALSE_REAL_AI,REAL
QWEN_0430_Qwen_Image,Qwen-Image-Bench,Qwen-Image,modern,0.5750900318623914,0.6402148159359131,UNCERTAIN_AI,UNCERTAIN
QWEN_0432_Qwen_Image,Qwen-Image-Bench,Qwen-Image,modern,0.0313578014142131,0.0014537755579338,FALSE_REAL_AI,REAL
QWEN_0446_Qwen_Image,Qwen-Image-Bench,Qwen-Image,modern,0.1006295894579497,0.0152079477458623,FALSE_REAL_AI,REAL
QWEN_0451_Qwen_Image,Qwen-Image-Bench,Qwen-Image,modern,0.1673228395346328,0.0449734765102258,FALSE_REAL_AI,REAL
QWEN_0456_Qwen_Image,Qwen-Image-Bench,Qwen-Image,modern,0.8221511725155818,0.9485961736248189,CORRECT_CONFIDENT_AI,AI-GENERATED
QWEN_0461_Qwen_Image,Qwen-Image-Bench,Qwen-Image,modern,0.4644582698011106,0.4326204353451577,UNCERTAIN_AI,UNCERTAIN
QWEN_0465_Qwen_Image,Qwen-Image-Bench,Qwen-Image,modern,0.6616397965658254,0.7819315139061718,UNCERTAIN_AI,UNCERTAIN
QWEN_0471_Qwen_Image,Qwen-Image-Bench,Qwen-Image,modern,0.5967692630625262,0.6784105597407685,UNCERTAIN_AI,UNCERTAIN
QWEN_0476_Qwen_Image,Qwen-Image-Bench,Qwen-Image,modern,0.6870284191350728,0.8171537001662267,UNCERTAIN_AI,UNCERTAIN
QWEN_0480_Qwen_Image,Qwen-Image-Bench,Qwen-Image,modern,0.22955212868213,0.0906559140007523,FALSE_REAL_AI,REAL
QWEN_0507_Qwen_Image,Qwen-Image-Bench,Qwen-Image,modern,0.4303557198678266,0.3696007305653859,UNCERTAIN_AI,UNCERTAIN
QWEN_0518_Qwen_Image,Qwen-Image-Bench,Qwen-Image,modern,0.4938264829349175,0.4882461238201301,UNCERTAIN_AI,UNCERTAIN
QWEN_0524_Qwen_Image,Qwen-Image-Bench,Qwen-Image,modern,0.9383948499345768,0.9944360805793272,CORRECT_CONFIDENT_AI,AI-GENERATED
QWEN_0553_Qwen_Image,Qwen-Image-Bench,Qwen-Image,modern,0.0589009811186113,0.0050826525667331,FALSE_REAL_AI,REAL
QWEN_0592_Qwen_Image,Qwen-Image-Bench,Qwen-Image,modern,0.0487014033608729,0.0034723995085992,FALSE_REAL_AI,REAL
QWEN_0594_Qwen_Image,Qwen-Image-Bench,Qwen-Image,modern,0.714998642626081,0.8521334558791405,UNCERTAIN_AI,UNCERTAIN
QWEN_0597_Qwen_Image,Qwen-Image-Bench,Qwen-Image,modern,0.0119969468220662,0.0002249581595467,FALSE_REAL_AI,REAL
QWEN_0621_Qwen_Image,Qwen-Image-Bench,Qwen-Image,modern,0.2230660531028454,0.085006166623191,FALSE_REAL_AI,REAL
QWEN_0634_Qwen_Image,Qwen-Image-Bench,Qwen-Image,modern,0.9954014704721044,0.999964271215124,CORRECT_CONFIDENT_AI,AI-GENERATED
QWEN_0637_Qwen_Image,Qwen-Image-Bench,Qwen-Image,modern,0.9400443932158088,0.9947323984477062,CORRECT_CONFIDENT_AI,AI-GENERATED
QWEN_0644_Qwen_Image,Qwen-Image-Bench,Qwen-Image,modern,0.6692366961408048,0.7928082910310872,UNCERTAIN_AI,UNCERTAIN
QWEN_0656_Qwen_Image,Qwen-Image-Bench,Qwen-Image,modern,0.2946940627007611,0.1595258510489497,UNCERTAIN_AI,UNCERTAIN
QWEN_0657_Qwen_Image,Qwen-Image-Bench,Qwen-Image,modern,0.0061420507391834,6.217760977671398e-05,FALSE_REAL_AI,REAL
QWEN_0661_Qwen_Image,Qwen-Image-Bench,Qwen-Image,modern,0.0261921946314628,0.0010219519303666,FALSE_REAL_AI,REAL
QWEN_0670_Qwen_Image,Qwen-Image-Bench,Qwen-Image,modern,0.7164781117796829,0.8538696519479955,UNCERTAIN_AI,UNCERTAIN
QWEN_0672_Qwen_Image,Qwen-Image-Bench,Qwen-Image,modern,0.6192926738892531,0.7163585365120273,UNCERTAIN_AI,UNCERTAIN
QWEN_0682_Qwen_Image,Qwen-Image-Bench,Qwen-Image,modern,0.8043378362465559,0.936540795142111,CORRECT_CONFIDENT_AI,AI-GENERATED
QWEN_0691_Qwen_Image,Qwen-Image-Bench,Qwen-Image,modern,0.2345060922996076,0.095115768438593,FALSE_REAL_AI,REAL
QWEN_0696_Qwen_Image,Qwen-Image-Bench,Qwen-Image,modern,0.531871656757987,0.5604740513032062,UNCERTAIN_AI,UNCERTAIN
QWEN_0699_Qwen_Image,Qwen-Image-Bench,Qwen-Image,modern,0.0357935476595626,0.0018858937121303,FALSE_REAL_AI,REAL
QWEN_0713_Qwen_Image,Qwen-Image-Bench,Qwen-Image,modern,0.8181658067401262,0.94602860617581,CORRECT_CONFIDENT_AI,AI-GENERATED
QWEN_0715_Qwen_Image,Qwen-Image-Bench,Qwen-Image,modern,0.1438964886606827,0.0324299270967163,FALSE_REAL_AI,REAL
QWEN_0717_Qwen_Image,Qwen-Image-Bench,Qwen-Image,modern,0.0351762664481405,0.001822340707809,FALSE_REAL_AI,REAL
QWEN_0721_Qwen_Image,Qwen-Image-Bench,Qwen-Image,modern,0.2156393447806108,0.0787984492747172,FALSE_REAL_AI,REAL
QWEN_0723_Qwen_Image,Qwen-Image-Bench,Qwen-Image,modern,0.0592478080632057,0.0051430890861985,FALSE_REAL_AI,REAL
QWEN_0740_Qwen_Image,Qwen-Image-Bench,Qwen-Image,modern,0.443615885766843,0.3938171666368333,UNCERTAIN_AI,UNCERTAIN
QWEN_0760_Qwen_Image,Qwen-Image-Bench,Qwen-Image,modern,0.4068051309250873,0.327782314411762,UNCERTAIN_AI,UNCERTAIN
QWEN_0764_Qwen_Image,Qwen-Image-Bench,Qwen-Image,modern,0.0892777599564292,0.0118627976354548,FALSE_REAL_AI,REAL
QWEN_0772_Qwen_Image,Qwen-Image-Bench,Qwen-Image,modern,0.9683543151968472,0.9985199063695208,CORRECT_CONFIDENT_AI,AI-GENERATED
QWEN_0773_Qwen_Image,Qwen-Image-Bench,Qwen-Image,modern,0.0008739173795287,1.5022866146311206e-06,FALSE_REAL_AI,REAL
QWEN_0777_Qwen_Image,Qwen-Image-Bench,Qwen-Image,modern,0.0144470792891798,0.0003219567001923,FALSE_REAL_AI,REAL
QWEN_0778_Qwen_Image,Qwen-Image-Bench,Qwen-Image,modern,0.0204050685733124,0.000628383529385,FALSE_REAL_AI,REAL
QWEN_0799_Qwen_Image,Qwen-Image-Bench,Qwen-Image,modern,0.0144845008126071,0.0003235694127429,FALSE_REAL_AI,REAL
QWEN_0805_Qwen_Image,Qwen-Image-Bench,Qwen-Image,modern,0.3474063147655324,0.2313855159536589,UNCERTAIN_AI,UNCERTAIN
QWEN_0820_Qwen_Image,Qwen-Image-Bench,Qwen-Image,modern,0.8950995608534295,0.983412851243042,CORRECT_CONFIDENT_AI,AI-GENERATED
QWEN_0824_Qwen_Image,Qwen-Image-Bench,Qwen-Image,modern,0.7489682369763779,0.8890904608228034,CORRECT_CONFIDENT_AI,AI-GENERATED
QWEN_0831_Qwen_Image,Qwen-Image-Bench,Qwen-Image,modern,0.9700476954714136,0.9986712894198378,CORRECT_CONFIDENT_AI,AI-GENERATED
QWEN_0836_Qwen_Image,Qwen-Image-Bench,Qwen-Image,modern,0.2783081273444859,0.1401037876599849,UNCERTAIN_AI,UNCERTAIN
QWEN_0847_Qwen_Image,Qwen-Image-Bench,Qwen-Image,modern,0.94638189490885,0.995791462069754,CORRECT_CONFIDENT_AI,AI-GENERATED
QWEN_0857_Qwen_Image,Qwen-Image-Bench,Qwen-Image,modern,0.3113300024082279,0.180681125883948,UNCERTAIN_AI,UNCERTAIN
QWEN_0876_Qwen_Image,Qwen-Image-Bench,Qwen-Image,modern,0.0328419929290642,0.0015920200723797,FALSE_REAL_AI,REAL
QWEN_0887_Qwen_Image,Qwen-Image-Bench,Qwen-Image,modern,0.5945563613702879,0.674581728869188,UNCERTAIN_AI,UNCERTAIN
QWEN_0890_Qwen_Image,Qwen-Image-Bench,Qwen-Image,modern,0.1213680361466133,0.0225462128406152,FALSE_REAL_AI,REAL
QWEN_0894_Qwen_Image,Qwen-Image-Bench,Qwen-Image,modern,0.0248890344403698,0.0009250450539905,FALSE_REAL_AI,REAL
QWEN_0919_Qwen_Image,Qwen-Image-Bench,Qwen-Image,modern,0.0834994607500103,0.0103345930362927,FALSE_REAL_AI,REAL
QWEN_0923_Qwen_Image,Qwen-Image-Bench,Qwen-Image,modern,0.1059195412983508,0.0169261923248742,FALSE_REAL_AI,REAL
QWEN_0933_Qwen_Image,Qwen-Image-Bench,Qwen-Image,modern,0.8577565485276245,0.9683660887267408,CORRECT_CONFIDENT_AI,AI-GENERATED
QWEN_0951_Qwen_Image,Qwen-Image-Bench,Qwen-Image,modern,0.7846832061191127,0.921464883133334,CORRECT_CONFIDENT_AI,AI-GENERATED
QWEN_0964_Qwen_Image,Qwen-Image-Bench,Qwen-Image,modern,0.0870021702776647,0.0112471375575669,FALSE_REAL_AI,REAL
QWEN_0965_Qwen_Image,Qwen-Image-Bench,Qwen-Image,modern,0.8659229585528183,0.9721319010275178,CORRECT_CONFIDENT_AI,AI-GENERATED
QWEN_0980_Qwen_Image,Qwen-Image-Bench,Qwen-Image,modern,0.9813486114863142,0.999472192668687,CORRECT_CONFIDENT_AI,AI-GENERATED
QWEN_0042_Qwen_Image_20_pro,Qwen-Image-Bench,Qwen-Image-2.0-pro,modern,0.1481164431768392,0.0345142992721162,FALSE_REAL_AI,REAL
QWEN_0060_Qwen_Image_20_pro,Qwen-Image-Bench,Qwen-Image-2.0-pro,modern,0.2710413953107399,0.1319432957275638,UNCERTAIN_AI,UNCERTAIN
QWEN_0065_Qwen_Image_20_pro,Qwen-Image-Bench,Qwen-Image-2.0-pro,modern,0.385732548303586,0.291938999460182,UNCERTAIN_AI,UNCERTAIN
QWEN_0074_Qwen_Image_20_pro,Qwen-Image-Bench,Qwen-Image-2.0-pro,modern,0.4082826114647685,0.3303548469405195,UNCERTAIN_AI,UNCERTAIN
QWEN_0078_Qwen_Image_20_pro,Qwen-Image-Bench,Qwen-Image-2.0-pro,modern,0.2563935331436959,0.1163394821000803,FALSE_REAL_AI,REAL
QWEN_0081_Qwen_Image_20_pro,Qwen-Image-Bench,Qwen-Image-2.0-pro,modern,0.0560349930248188,0.0045976613705435,FALSE_REAL_AI,REAL
QWEN_0086_Qwen_Image_20_pro,Qwen-Image-Bench,Qwen-Image-2.0-pro,modern,0.1043844601531943,0.0164169554628966,FALSE_REAL_AI,REAL
QWEN_0096_Qwen_Image_20_pro,Qwen-Image-Bench,Qwen-Image-2.0-pro,modern,0.075681774408572,0.0084489419225866,FALSE_REAL_AI,REAL
QWEN_0118_Qwen_Image_20_pro,Qwen-Image-Bench,Qwen-Image-2.0-pro,modern,0.4483803014183886,0.4026159190474846,UNCERTAIN_AI,UNCERTAIN
QWEN_0127_Qwen_Image_20_pro,Qwen-Image-Bench,Qwen-Image-2.0-pro,modern,0.3223423102892097,0.1954695365372235,UNCERTAIN_AI,UNCERTAIN
QWEN_0140_Qwen_Image_20_pro,Qwen-Image-Bench,Qwen-Image-2.0-pro,modern,0.0233181500682024,0.0008146387088495,FALSE_REAL_AI,REAL
QWEN_0148_Qwen_Image_20_pro,Qwen-Image-Bench,Qwen-Image-2.0-pro,modern,0.2280479238845482,0.0893265919490864,FALSE_REAL_AI,REAL
QWEN_0156_Qwen_Image_20_pro,Qwen-Image-Bench,Qwen-Image-2.0-pro,modern,0.1381280710849676,0.029701716423293,FALSE_REAL_AI,REAL
QWEN_0158_Qwen_Image_20_pro,Qwen-Image-Bench,Qwen-Image-2.0-pro,modern,0.0358503721495047,0.001891799947602,FALSE_REAL_AI,REAL
QWEN_0169_Qwen_Image_20_pro,Qwen-Image-Bench,Qwen-Image-2.0-pro,modern,0.5397477033180196,0.575270087645542,UNCERTAIN_AI,UNCERTAIN
QWEN_0184_Qwen_Image_20_pro,Qwen-Image-Bench,Qwen-Image-2.0-pro,modern,0.404786988715122,0.3242803523758569,UNCERTAIN_AI,UNCERTAIN
QWEN_0185_Qwen_Image_20_pro,Qwen-Image-Bench,Qwen-Image-2.0-pro,modern,0.0061612464076061,6.255043397550571e-05,FALSE_REAL_AI,REAL
QWEN_0186_Qwen_Image_20_pro,Qwen-Image-Bench,Qwen-Image-2.0-pro,modern,0.7007576124732358,0.8348332358300721,UNCERTAIN_AI,UNCERTAIN
QWEN_0212_Qwen_Image_20_pro,Qwen-Image-Bench,Qwen-Image-2.0-pro,modern,0.10009438906851,0.0150398246813592,FALSE_REAL_AI,REAL
QWEN_0222_Qwen_Image_20_pro,Qwen-Image-Bench,Qwen-Image-2.0-pro,modern,0.0301175950779385,0.0013431240084321,FALSE_REAL_AI,REAL
QWEN_0239_Qwen_Image_20_pro,Qwen-Image-Bench,Qwen-Image-2.0-pro,modern,0.2423418731995671,0.1024279166454908,FALSE_REAL_AI,REAL
QWEN_0260_Qwen_Image_20_pro,Qwen-Image-Bench,Qwen-Image-2.0-pro,modern,0.3414683363944005,0.2225997210385953,UNCERTAIN_AI,UNCERTAIN
QWEN_0288_Qwen_Image_20_pro,Qwen-Image-Bench,Qwen-Image-2.0-pro,modern,0.0238289352985638,0.0008497705602578,FALSE_REAL_AI,REAL
QWEN_0309_Qwen_Image_20_pro,Qwen-Image-Bench,Qwen-Image-2.0-pro,modern,0.044153872999639,0.0028568559452968,FALSE_REAL_AI,REAL
QWEN_0315_Qwen_Image_20_pro,Qwen-Image-Bench,Qwen-Image-2.0-pro,modern,0.7739345681020892,0.91240779267631,CORRECT_CONFIDENT_AI,AI-GENERATED
QWEN_0323_Qwen_Image_20_pro,Qwen-Image-Bench,Qwen-Image-2.0-pro,modern,0.2452632845902995,0.105235453289647,FALSE_REAL_AI,REAL
QWEN_0335_Qwen_Image_20_pro,Qwen-Image-Bench,Qwen-Image-2.0-pro,modern,0.0082758688149533,0.0001101492111268,FALSE_REAL_AI,REAL
QWEN_0342_Qwen_Image_20_pro,Qwen-Image-Bench,Qwen-Image-2.0-pro,modern,0.0231120391360507,0.0008006716460103,FALSE_REAL_AI,REAL
QWEN_0347_Qwen_Image_20_pro,Qwen-Image-Bench,Qwen-Image-2.0-pro,modern,0.0045004484820893,3.428532480351466e-05,FALSE_REAL_AI,REAL
QWEN_0354_Qwen_Image_20_pro,Qwen-Image-Bench,Qwen-Image-2.0-pro,modern,0.1525716581990606,0.0367972237346794,FALSE_REAL_AI,REAL
QWEN_0359_Qwen_Image_20_pro,Qwen-Image-Bench,Qwen-Image-2.0-pro,modern,0.103646843512716,0.0161753640783292,FALSE_REAL_AI,REAL
QWEN_0374_Qwen_Image_20_pro,Qwen-Image-Bench,Qwen-Image-2.0-pro,modern,0.0305878369728082,0.0013845585521297,FALSE_REAL_AI,REAL
QWEN_0386_Qwen_Image_20_pro,Qwen-Image-Bench,Qwen-Image-2.0-pro,modern,0.7681429989889733,0.9072847488925976,CORRECT_CONFIDENT_AI,AI-GENERATED
QWEN_0392_Qwen_Image_20_pro,Qwen-Image-Bench,Qwen-Image-2.0-pro,modern,0.1053812670141883,0.0167466347528509,FALSE_REAL_AI,REAL
QWEN_0397_Qwen_Image_20_pro,Qwen-Image-Bench,Qwen-Image-2.0-pro,modern,0.084902413617077,0.0106950139274133,FALSE_REAL_AI,REAL
QWEN_0413_Qwen_Image_20_pro,Qwen-Image-Bench,Qwen-Image-2.0-pro,modern,0.0553628155246743,0.0044876219713504,FALSE_REAL_AI,REAL
QWEN_0415_Qwen_Image_20_pro,Qwen-Image-Bench,Qwen-Image-2.0-pro,modern,0.4997451998186861,0.4995148164811682,UNCERTAIN_AI,UNCERTAIN
QWEN_0420_Qwen_Image_20_pro,Qwen-Image-Bench,Qwen-Image-2.0-pro,modern,0.8813544201009099,0.978510656812114,CORRECT_CONFIDENT_AI,AI-GENERATED
QWEN_0423_Qwen_Image_20_pro,Qwen-Image-Bench,Qwen-Image-2.0-pro,modern,0.2887466762827859,0.1523132636397131,UNCERTAIN_AI,UNCERTAIN
QWEN_0430_Qwen_Image_20_pro,Qwen-Image-Bench,Qwen-Image-2.0-pro,modern,0.6364374152604,0.7438759549651615,UNCERTAIN_AI,UNCERTAIN
QWEN_0432_Qwen_Image_20_pro,Qwen-Image-Bench,Qwen-Image-2.0-pro,modern,0.0092870356227136,0.0001374493655645,FALSE_REAL_AI,REAL
QWEN_0446_Qwen_Image_20_pro,Qwen-Image-Bench,Qwen-Image-2.0-pro,modern,0.0939876268552287,0.0131948468429067,FALSE_REAL_AI,REAL
QWEN_0451_Qwen_Image_20_pro,Qwen-Image-Bench,Qwen-Image-2.0-pro,modern,0.6950019348309947,0.8275403263961926,UNCERTAIN_AI,UNCERTAIN
QWEN_0456_Qwen_Image_20_pro,Qwen-Image-Bench,Qwen-Image-2.0-pro,modern,0.3934997295087655,0.3049592199516213,UNCERTAIN_AI,UNCERTAIN
QWEN_0461_Qwen_Image_20_pro,Qwen-Image-Bench,Qwen-Image-2.0-pro,modern,0.8504136949357444,0.9647419217784208,CORRECT_CONFIDENT_AI,AI-GENERATED
QWEN_0465_Qwen_Image_20_pro,Qwen-Image-Bench,Qwen-Image-2.0-pro,modern,0.9520347065340292,0.9966314702501008,CORRECT_CONFIDENT_AI,AI-GENERATED
QWEN_0471_Qwen_Image_20_pro,Qwen-Image-Bench,Qwen-Image-2.0-pro,modern,0.8451826092867969,0.9620196174472572,CORRECT_CONFIDENT_AI,AI-GENERATED
QWEN_0476_Qwen_Image_20_pro,Qwen-Image-Bench,Qwen-Image-2.0-pro,modern,0.8154564623202097,0.9442408371197024,CORRECT_CONFIDENT_AI,AI-GENERATED
QWEN_0480_Qwen_Image_20_pro,Qwen-Image-Bench,Qwen-Image-2.0-pro,modern,0.3303767798312915,0.2066459112433177,UNCERTAIN_AI,UNCERTAIN
QWEN_0507_Qwen_Image_20_pro,Qwen-Image-Bench,Qwen-Image-2.0-pro,modern,0.4159128408141748,0.3437541900104741,UNCERTAIN_AI,UNCERTAIN
QWEN_0518_Qwen_Image_20_pro,Qwen-Image-Bench,Qwen-Image-2.0-pro,modern,0.2762988222390397,0.13781949656528,UNCERTAIN_AI,UNCERTAIN
QWEN_0524_Qwen_Image_20_pro,Qwen-Image-Bench,Qwen-Image-2.0-pro,modern,0.8301993959397052,0.9535582108034508,CORRECT_CONFIDENT_AI,AI-GENERATED
QWEN_0553_Qwen_Image_20_pro,Qwen-Image-Bench,Qwen-Image-2.0-pro,modern,0.0291779567567002,0.0012622307725929,FALSE_REAL_AI,REAL
QWEN_0592_Qwen_Image_20_pro,Qwen-Image-Bench,Qwen-Image-2.0-pro,modern,0.755033911374886,0.8950521842188821,CORRECT_CONFIDENT_AI,AI-GENERATED
QWEN_0594_Qwen_Image_20_pro,Qwen-Image-Bench,Qwen-Image-2.0-pro,modern,0.3563360170775923,0.2449106589903577,UNCERTAIN_AI,UNCERTAIN
QWEN_0597_Qwen_Image_20_pro,Qwen-Image-Bench,Qwen-Image-2.0-pro,modern,0.0330217037053401,0.0016091909637745,FALSE_REAL_AI,REAL
QWEN_0621_Qwen_Image_20_pro,Qwen-Image-Bench,Qwen-Image-2.0-pro,modern,0.0337261621420523,0.0016774013953156,FALSE_REAL_AI,REAL
QWEN_0634_Qwen_Image_20_pro,Qwen-Image-Bench,Qwen-Image-2.0-pro,modern,0.2343253617830528,0.0949508510253484,FALSE_REAL_AI,REAL
QWEN_0637_Qwen_Image_20_pro,Qwen-Image-Bench,Qwen-Image-2.0-pro,modern,0.4773914706922375,0.4570263584180967,UNCERTAIN_AI,UNCERTAIN
QWEN_0644_Qwen_Image_20_pro,Qwen-Image-Bench,Qwen-Image-2.0-pro,modern,0.2708986039769206,0.1317857317069144,UNCERTAIN_AI,UNCERTAIN
QWEN_0656_Qwen_Image_20_pro,Qwen-Image-Bench,Qwen-Image-2.0-pro,modern,0.0396659689926424,0.0023100004980427,FALSE_REAL_AI,REAL
QWEN_0657_Qwen_Image_20_pro,Qwen-Image-Bench,Qwen-Image-2.0-pro,modern,0.0673455437422222,0.0066627112182295,FALSE_REAL_AI,REAL
QWEN_0661_Qwen_Image_20_pro,Qwen-Image-Bench,Qwen-Image-2.0-pro,modern,0.209811014851122,0.0741201480811806,FALSE_REAL_AI,REAL
QWEN_0670_Qwen_Image_20_pro,Qwen-Image-Bench,Qwen-Image-2.0-pro,modern,0.5072078566083127,0.5137225099459493,UNCERTAIN_AI,UNCERTAIN
QWEN_0672_Qwen_Image_20_pro,Qwen-Image-Bench,Qwen-Image-2.0-pro,modern,0.9331066888062156,0.9934276952965352,CORRECT_CONFIDENT_AI,AI-GENERATED
QWEN_0682_Qwen_Image_20_pro,Qwen-Image-Bench,Qwen-Image-2.0-pro,modern,0.9545328495376172,0.9969717705507396,CORRECT_CONFIDENT_AI,AI-GENERATED
QWEN_0691_Qwen_Image_20_pro,Qwen-Image-Bench,Qwen-Image-2.0-pro,modern,0.8083863551156102,0.9394126920347214,CORRECT_CONFIDENT_AI,AI-GENERATED
QWEN_0696_Qwen_Image_20_pro,Qwen-Image-Bench,Qwen-Image-2.0-pro,modern,0.8831987304930522,0.9792102701505728,CORRECT_CONFIDENT_AI,AI-GENERATED
QWEN_0699_Qwen_Image_20_pro,Qwen-Image-Bench,Qwen-Image-2.0-pro,modern,0.1174399943987316,0.0210305323753352,FALSE_REAL_AI,REAL
QWEN_0713_Qwen_Image_20_pro,Qwen-Image-Bench,Qwen-Image-2.0-pro,modern,0.2752537014770467,0.1366397616385399,UNCERTAIN_AI,UNCERTAIN
QWEN_0715_Qwen_Image_20_pro,Qwen-Image-Bench,Qwen-Image-2.0-pro,modern,0.1808770758678505,0.0533480363296871,FALSE_REAL_AI,REAL
QWEN_0717_Qwen_Image_20_pro,Qwen-Image-Bench,Qwen-Image-2.0-pro,modern,0.1396172593026133,0.0303927706045189,FALSE_REAL_AI,REAL
QWEN_0721_Qwen_Image_20_pro,Qwen-Image-Bench,Qwen-Image-2.0-pro,modern,0.8159683088427684,0.944581215222136,CORRECT_CONFIDENT_AI,AI-GENERATED
QWEN_0723_Qwen_Image_20_pro,Qwen-Image-Bench,Qwen-Image-2.0-pro,modern,0.2415684178467547,0.1016920260371654,FALSE_REAL_AI,REAL
QWEN_0740_Qwen_Image_20_pro,Qwen-Image-Bench,Qwen-Image-2.0-pro,modern,0.0531342377411727,0.004132804146867,FALSE_REAL_AI,REAL
QWEN_0760_Qwen_Image_20_pro,Qwen-Image-Bench,Qwen-Image-2.0-pro,modern,0.2143704733685086,0.0777655360340618,FALSE_REAL_AI,REAL
QWEN_0764_Qwen_Image_20_pro,Qwen-Image-Bench,Qwen-Image-2.0-pro,modern,0.0056058297299925,5.219718653407896e-05,FALSE_REAL_AI,REAL
QWEN_0772_Qwen_Image_20_pro,Qwen-Image-Bench,Qwen-Image-2.0-pro,modern,0.3909368515014091,0.3006374028790483,UNCERTAIN_AI,UNCERTAIN
QWEN_0773_Qwen_Image_20_pro,Qwen-Image-Bench,Qwen-Image-2.0-pro,modern,0.0078244297781022,9.890597942511458e-05,FALSE_REAL_AI,REAL
QWEN_0777_Qwen_Image_20_pro,Qwen-Image-Bench,Qwen-Image-2.0-pro,modern,0.0581165357918001,0.0049473520353286,FALSE_REAL_AI,REAL
QWEN_0778_Qwen_Image_20_pro,Qwen-Image-Bench,Qwen-Image-2.0-pro,modern,0.1503359765490919,0.0356409841009196,FALSE_REAL_AI,REAL
QWEN_0799_Qwen_Image_20_pro,Qwen-Image-Bench,Qwen-Image-2.0-pro,modern,0.1822386064884242,0.0542360667962151,FALSE_REAL_AI,REAL
QWEN_0805_Qwen_Image_20_pro,Qwen-Image-Bench,Qwen-Image-2.0-pro,modern,0.2324867562234054,0.0932826511629396,FALSE_REAL_AI,REAL
QWEN_0820_Qwen_Image_20_pro,Qwen-Image-Bench,Qwen-Image-2.0-pro,modern,0.976846980022796,0.9991965608766608,CORRECT_CONFIDENT_AI,AI-GENERATED
QWEN_0824_Qwen_Image_20_pro,Qwen-Image-Bench,Qwen-Image-2.0-pro,modern,0.6990772054383482,0.8327218424826209,UNCERTAIN_AI,UNCERTAIN
QWEN_0831_Qwen_Image_20_pro,Qwen-Image-Bench,Qwen-Image-2.0-pro,modern,0.8119239190844589,0.9418580655295316,CORRECT_CONFIDENT_AI,AI-GENERATED
QWEN_0836_Qwen_Image_20_pro,Qwen-Image-Bench,Qwen-Image-2.0-pro,modern,0.0701252820900427,0.0072329966327946,FALSE_REAL_AI,REAL
QWEN_0847_Qwen_Image_20_pro,Qwen-Image-Bench,Qwen-Image-2.0-pro,modern,0.343321281276722,0.2253232352738606,UNCERTAIN_AI,UNCERTAIN
QWEN_0857_Qwen_Image_20_pro,Qwen-Image-Bench,Qwen-Image-2.0-pro,modern,0.7387527733324675,0.878615106319096,CORRECT_CONFIDENT_AI,AI-GENERATED
QWEN_0876_Qwen_Image_20_pro,Qwen-Image-Bench,Qwen-Image-2.0-pro,modern,0.0485666758158116,0.003453265806029,FALSE_REAL_AI,REAL
QWEN_0887_Qwen_Image_20_pro,Qwen-Image-Bench,Qwen-Image-2.0-pro,modern,0.4324770136856645,0.3734456675378572,UNCERTAIN_AI,UNCERTAIN
QWEN_0890_Qwen_Image_20_pro,Qwen-Image-Bench,Qwen-Image-2.0-pro,modern,0.0164527390039244,0.0004139503388993,FALSE_REAL_AI,REAL
QWEN_0894_Qwen_Image_20_pro,Qwen-Image-Bench,Qwen-Image-2.0-pro,modern,0.0478657682364059,0.0033546120571551,FALSE_REAL_AI,REAL
QWEN_0919_Qwen_Image_20_pro,Qwen-Image-Bench,Qwen-Image-2.0-pro,modern,0.6353470466602447,0.7421637123879159,UNCERTAIN_AI,UNCERTAIN
QWEN_0923_Qwen_Image_20_pro,Qwen-Image-Bench,Qwen-Image-2.0-pro,modern,0.0290673677796107,0.0012528766862739,FALSE_REAL_AI,REAL
QWEN_0933_Qwen_Image_20_pro,Qwen-Image-Bench,Qwen-Image-2.0-pro,modern,0.2632671343120578,0.1235210708256585,FALSE_REAL_AI,REAL
QWEN_0951_Qwen_Image_20_pro,Qwen-Image-Bench,Qwen-Image-2.0-pro,modern,0.5536919674072198,0.6012168926834597,UNCERTAIN_AI,UNCERTAIN
QWEN_0964_Qwen_Image_20_pro,Qwen-Image-Bench,Qwen-Image-2.0-pro,modern,0.0151925078241804,0.0003548248037094,FALSE_REAL_AI,REAL
QWEN_0965_Qwen_Image_20_pro,Qwen-Image-Bench,Qwen-Image-2.0-pro,modern,0.8263910874938059,0.951247169901192,CORRECT_CONFIDENT_AI,AI-GENERATED
QWEN_0980_Qwen_Image_20_pro,Qwen-Image-Bench,Qwen-Image-2.0-pro,modern,0.3540394433024287,0.2413968397005295,UNCERTAIN_AI,UNCERTAIN
QWEN_0042_Qwen_Image_2512,Qwen-Image-Bench,Qwen-Image-2512,modern,0.2503840228513881,0.1102637459558023,FALSE_REAL_AI,REAL
QWEN_0060_Qwen_Image_2512,Qwen-Image-Bench,Qwen-Image-2512,modern,0.0814872666731218,0.0098294382936634,FALSE_REAL_AI,REAL
QWEN_0065_Qwen_Image_2512,Qwen-Image-Bench,Qwen-Image-2512,modern,0.9740545914431288,0.998996770510304,CORRECT_CONFIDENT_AI,AI-GENERATED
QWEN_0074_Qwen_Image_2512,Qwen-Image-Bench,Qwen-Image-2512,modern,0.2195680740151996,0.0820477457113749,FALSE_REAL_AI,REAL
QWEN_0078_Qwen_Image_2512,Qwen-Image-Bench,Qwen-Image-2512,modern,0.2370571515204602,0.097461553921875,FALSE_REAL_AI,REAL
QWEN_0081_Qwen_Image_2512,Qwen-Image-Bench,Qwen-Image-2512,modern,0.0794306494791192,0.0093273834521452,FALSE_REAL_AI,REAL
QWEN_0086_Qwen_Image_2512,Qwen-Image-Bench,Qwen-Image-2512,modern,0.0532000415078213,0.0041430612089344,FALSE_REAL_AI,REAL
QWEN_0096_Qwen_Image_2512,Qwen-Image-Bench,Qwen-Image-2512,modern,0.0308093304336039,0.0014042952481207,FALSE_REAL_AI,REAL
QWEN_0118_Qwen_Image_2512,Qwen-Image-Bench,Qwen-Image-2512,modern,0.9264118585262786,0.9920211970824404,CORRECT_CONFIDENT_AI,AI-GENERATED
QWEN_0127_Qwen_Image_2512,Qwen-Image-Bench,Qwen-Image-2512,modern,0.8250097234291408,0.9503925456541242,CORRECT_CONFIDENT_AI,AI-GENERATED
QWEN_0140_Qwen_Image_2512,Qwen-Image-Bench,Qwen-Image-2512,modern,0.1784818217851902,0.0518067103763474,FALSE_REAL_AI,REAL
QWEN_0148_Qwen_Image_2512,Qwen-Image-Bench,Qwen-Image-2512,modern,0.1561018513158835,0.0386669386292828,FALSE_REAL_AI,REAL
QWEN_0156_Qwen_Image_2512,Qwen-Image-Bench,Qwen-Image-2512,modern,0.0917340283406201,0.012547702943973,FALSE_REAL_AI,REAL
QWEN_0158_Qwen_Image_2512,Qwen-Image-Bench,Qwen-Image-2512,modern,0.0006942468941499,9.688800030245512e-07,FALSE_REAL_AI,REAL
QWEN_0169_Qwen_Image_2512,Qwen-Image-Bench,Qwen-Image-2512,modern,0.1555843037941801,0.0383894407745811,FALSE_REAL_AI,REAL
QWEN_0184_Qwen_Image_2512,Qwen-Image-Bench,Qwen-Image-2512,modern,0.2170749942480234,0.0799768391642027,FALSE_REAL_AI,REAL
QWEN_0185_Qwen_Image_2512,Qwen-Image-Bench,Qwen-Image-2512,modern,0.0036269438946361,2.26954343254899e-05,FALSE_REAL_AI,REAL
QWEN_0186_Qwen_Image_2512,Qwen-Image-Bench,Qwen-Image-2512,modern,0.346012778038903,0.2293085546721701,UNCERTAIN_AI,UNCERTAIN
QWEN_0212_Qwen_Image_2512,Qwen-Image-Bench,Qwen-Image-2512,modern,0.0830340074269779,0.0102165110127236,FALSE_REAL_AI,REAL
QWEN_0222_Qwen_Image_2512,Qwen-Image-Bench,Qwen-Image-2512,modern,0.4583217690041811,0.4211172686215873,UNCERTAIN_AI,UNCERTAIN
QWEN_0239_Qwen_Image_2512,Qwen-Image-Bench,Qwen-Image-2512,modern,0.3537090982081257,0.2408934024400755,UNCERTAIN_AI,UNCERTAIN
QWEN_0260_Qwen_Image_2512,Qwen-Image-Bench,Qwen-Image-2512,modern,0.0831755911403144,0.0102523511450646,FALSE_REAL_AI,REAL
QWEN_0288_Qwen_Image_2512,Qwen-Image-Bench,Qwen-Image-2512,modern,0.6466302196375975,0.7596231835266345,UNCERTAIN_AI,UNCERTAIN
QWEN_0309_Qwen_Image_2512,Qwen-Image-Bench,Qwen-Image-2512,modern,0.456660777233339,0.4180138798536214,UNCERTAIN_AI,UNCERTAIN
QWEN_0315_Qwen_Image_2512,Qwen-Image-Bench,Qwen-Image-2512,modern,0.743331893444173,0.8833783993057155,CORRECT_CONFIDENT_AI,AI-GENERATED
QWEN_0323_Qwen_Image_2512,Qwen-Image-Bench,Qwen-Image-2512,modern,0.3269559674772181,0.2018478855133113,UNCERTAIN_AI,UNCERTAIN
QWEN_0335_Qwen_Image_2512,Qwen-Image-Bench,Qwen-Image-2512,modern,0.0448013767464699,0.0029407049570329,FALSE_REAL_AI,REAL
QWEN_0342_Qwen_Image_2512,Qwen-Image-Bench,Qwen-Image-2512,modern,0.0448831710560786,0.002951386267644,FALSE_REAL_AI,REAL
QWEN_0347_Qwen_Image_2512,Qwen-Image-Bench,Qwen-Image-2512,modern,0.025178087335818,0.0009461232840192,FALSE_REAL_AI,REAL
QWEN_0354_Qwen_Image_2512,Qwen-Image-Bench,Qwen-Image-2512,modern,0.023751672936399,0.0008444089949585,FALSE_REAL_AI,REAL
QWEN_0359_Qwen_Image_2512,Qwen-Image-Bench,Qwen-Image-2512,modern,0.0612074234328701,0.0054916855240514,FALSE_REAL_AI,REAL
QWEN_0374_Qwen_Image_2512,Qwen-Image-Bench,Qwen-Image-2512,modern,0.5999329484734581,0.68385474131603,UNCERTAIN_AI,UNCERTAIN
QWEN_0386_Qwen_Image_2512,Qwen-Image-Bench,Qwen-Image-2512,modern,0.6530772079064341,0.7693361806839992,UNCERTAIN_AI,UNCERTAIN
QWEN_0392_Qwen_Image_2512,Qwen-Image-Bench,Qwen-Image-2512,modern,0.199270107120612,0.0660850549439606,FALSE_REAL_AI,REAL
QWEN_0397_Qwen_Image_2512,Qwen-Image-Bench,Qwen-Image-2512,modern,0.0217198898187673,0.000709480718322,FALSE_REAL_AI,REAL
QWEN_0413_Qwen_Image_2512,Qwen-Image-Bench,Qwen-Image-2512,modern,0.6484764312281234,0.7624245413187688,UNCERTAIN_AI,UNCERTAIN
QWEN_0415_Qwen_Image_2512,Qwen-Image-Bench,Qwen-Image-2512,modern,0.0481507230228514,0.0033945403466086,FALSE_REAL_AI,REAL
QWEN_0420_Qwen_Image_2512,Qwen-Image-Bench,Qwen-Image-2512,modern,0.9745550130406916,0.9990342031533168,CORRECT_CONFIDENT_AI,AI-GENERATED
QWEN_0423_Qwen_Image_2512,Qwen-Image-Bench,Qwen-Image-2512,modern,0.5776663863754448,0.6448296905332853,UNCERTAIN_AI,UNCERTAIN
QWEN_0430_Qwen_Image_2512,Qwen-Image-Bench,Qwen-Image-2512,modern,0.0508675142832077,0.0037876034470354,FALSE_REAL_AI,REAL
QWEN_0432_Qwen_Image_2512,Qwen-Image-Bench,Qwen-Image-2512,modern,0.2650754400065928,0.1254516797355283,UNCERTAIN_AI,UNCERTAIN
QWEN_0446_Qwen_Image_2512,Qwen-Image-Bench,Qwen-Image-2512,modern,0.1415427780285969,0.0312999584952753,FALSE_REAL_AI,REAL
QWEN_0451_Qwen_Image_2512,Qwen-Image-Bench,Qwen-Image-2512,modern,0.353085347979842,0.2399442003141315,UNCERTAIN_AI,UNCERTAIN
QWEN_0456_Qwen_Image_2512,Qwen-Image-Bench,Qwen-Image-2512,modern,0.5086191903141806,0.5164081617482279,UNCERTAIN_AI,UNCERTAIN
QWEN_0461_Qwen_Image_2512,Qwen-Image-Bench,Qwen-Image-2512,modern,0.8221175019571032,0.9485747898652364,CORRECT_CONFIDENT_AI,AI-GENERATED
QWEN_0465_Qwen_Image_2512,Qwen-Image-Bench,Qwen-Image-2512,modern,0.3873663434223665,0.2946583395412073,UNCERTAIN_AI,UNCERTAIN
QWEN_0471_Qwen_Image_2512,Qwen-Image-Bench,Qwen-Image-2512,modern,0.6997999901527006,0.8336318089287149,UNCERTAIN_AI,UNCERTAIN
QWEN_0476_Qwen_Image_2512,Qwen-Image-Bench,Qwen-Image-2512,modern,0.8303869023101856,0.9536702961203204,CORRECT_CONFIDENT_AI,AI-GENERATED
QWEN_0480_Qwen_Image_2512,Qwen-Image-Bench,Qwen-Image-2512,modern,0.198953398141515,0.0658520334289868,FALSE_REAL_AI,REAL
QWEN_0507_Qwen_Image_2512,Qwen-Image-Bench,Qwen-Image-2512,modern,0.660412185356354,0.7801474123141635,UNCERTAIN_AI,UNCERTAIN
QWEN_0518_Qwen_Image_2512,Qwen-Image-Bench,Qwen-Image-2512,modern,0.208513898129956,0.0731019191231912,FALSE_REAL_AI,REAL
QWEN_0524_Qwen_Image_2512,Qwen-Image-Bench,Qwen-Image-2512,modern,0.9193349120484768,0.9903729920868696,CORRECT_CONFIDENT_AI,AI-GENERATED
QWEN_0553_Qwen_Image_2512,Qwen-Image-Bench,Qwen-Image-2512,modern,0.0267168045491831,0.0010623276072425,FALSE_REAL_AI,REAL
QWEN_0592_Qwen_Image_2512,Qwen-Image-Bench,Qwen-Image-2512,modern,0.7797925507051425,0.9174161127350986,CORRECT_CONFIDENT_AI,AI-GENERATED
QWEN_0594_Qwen_Image_2512,Qwen-Image-Bench,Qwen-Image-2512,modern,0.6951517644857588,0.8277323551170802,UNCERTAIN_AI,UNCERTAIN
QWEN_0597_Qwen_Image_2512,Qwen-Image-Bench,Qwen-Image-2512,modern,0.0814074197696447,0.0098096781687781,FALSE_REAL_AI,REAL
QWEN_0621_Qwen_Image_2512,Qwen-Image-Bench,Qwen-Image-2512,modern,0.0033354360828863,1.9337867887756384e-05,FALSE_REAL_AI,REAL
QWEN_0634_Qwen_Image_2512,Qwen-Image-Bench,Qwen-Image-2512,modern,0.0730572432280308,0.0078618972354996,FALSE_REAL_AI,REAL
QWEN_0637_Qwen_Image_2512,Qwen-Image-Bench,Qwen-Image-2512,modern,0.6415337378039888,0.7518084119016101,UNCERTAIN_AI,UNCERTAIN
QWEN_0644_Qwen_Image_2512,Qwen-Image-Bench,Qwen-Image-2512,modern,0.5606866039460352,0.6140861878091195,UNCERTAIN_AI,UNCERTAIN
QWEN_0656_Qwen_Image_2512,Qwen-Image-Bench,Qwen-Image-2512,modern,0.0339039297888724,0.0016948412114814,FALSE_REAL_AI,REAL
QWEN_0657_Qwen_Image_2512,Qwen-Image-Bench,Qwen-Image-2512,modern,0.005536080487309,5.096073394311958e-05,FALSE_REAL_AI,REAL
QWEN_0661_Qwen_Image_2512,Qwen-Image-Bench,Qwen-Image-2512,modern,0.1215344196547823,0.022611742001052,FALSE_REAL_AI,REAL
QWEN_0670_Qwen_Image_2512,Qwen-Image-Bench,Qwen-Image-2512,modern,0.4352895761339695,0.3785613062943067,UNCERTAIN_AI,UNCERTAIN
QWEN_0672_Qwen_Image_2512,Qwen-Image-Bench,Qwen-Image-2512,modern,0.4351310308516968,0.3782724089921868,UNCERTAIN_AI,UNCERTAIN
QWEN_0682_Qwen_Image_2512,Qwen-Image-Bench,Qwen-Image-2512,modern,0.9802381694316056,0.9994095138927668,CORRECT_CONFIDENT_AI,AI-GENERATED
QWEN_0691_Qwen_Image_2512,Qwen-Image-Bench,Qwen-Image-2512,modern,0.8893732002706832,0.9814574711040832,CORRECT_CONFIDENT_AI,AI-GENERATED
QWEN_0696_Qwen_Image_2512,Qwen-Image-Bench,Qwen-Image-2512,modern,0.4861978332680686,0.4737358043838248,UNCERTAIN_AI,UNCERTAIN
QWEN_0699_Qwen_Image_2512,Qwen-Image-Bench,Qwen-Image-2512,modern,0.9684065322968156,0.9985246977456066,CORRECT_CONFIDENT_AI,AI-GENERATED
QWEN_0713_Qwen_Image_2512,Qwen-Image-Bench,Qwen-Image-2512,modern,0.6284072313367866,0.73114374368289,UNCERTAIN_AI,UNCERTAIN
QWEN_0715_Qwen_Image_2512,Qwen-Image-Bench,Qwen-Image-2512,modern,0.0597943350135162,0.0052390925777248,FALSE_REAL_AI,REAL
QWEN_0717_Qwen_Image_2512,Qwen-Image-Bench,Qwen-Image-2512,modern,0.1126119293212957,0.0192491696720862,FALSE_REAL_AI,REAL
QWEN_0721_Qwen_Image_2512,Qwen-Image-Bench,Qwen-Image-2512,modern,0.592272224407483,0.6706120718008428,UNCERTAIN_AI,UNCERTAIN
QWEN_0723_Qwen_Image_2512,Qwen-Image-Bench,Qwen-Image-2512,modern,0.816667100654457,0.9450439280594762,CORRECT_CONFIDENT_AI,AI-GENERATED
QWEN_0740_Qwen_Image_2512,Qwen-Image-Bench,Qwen-Image-2512,modern,0.2294080244257704,0.0905280633713107,FALSE_REAL_AI,REAL
QWEN_0760_Qwen_Image_2512,Qwen-Image-Bench,Qwen-Image-2512,modern,0.1869720628479593,0.0573909266972657,FALSE_REAL_AI,REAL
QWEN_0764_Qwen_Image_2512,Qwen-Image-Bench,Qwen-Image-2512,modern,0.167405055485923,0.0450217534006328,FALSE_REAL_AI,REAL
QWEN_0772_Qwen_Image_2512,Qwen-Image-Bench,Qwen-Image-2512,modern,0.7112449150628519,0.847676669993932,UNCERTAIN_AI,UNCERTAIN
QWEN_0773_Qwen_Image_2512,Qwen-Image-Bench,Qwen-Image-2512,modern,0.0148013577569999,0.0003373827298978,FALSE_REAL_AI,REAL
QWEN_0777_Qwen_Image_2512,Qwen-Image-Bench,Qwen-Image-2512,modern,0.0451258693245986,0.002983197623028,FALSE_REAL_AI,REAL
QWEN_0778_Qwen_Image_2512,Qwen-Image-Bench,Qwen-Image-2512,modern,0.0393360206243258,0.0022721489955336,FALSE_REAL_AI,REAL
QWEN_0799_Qwen_Image_2512,Qwen-Image-Bench,Qwen-Image-2512,modern,0.1212348466223191,0.0224938350514942,FALSE_REAL_AI,REAL
QWEN_0805_Qwen_Image_2512,Qwen-Image-Bench,Qwen-Image-2512,modern,0.0363203037829148,0.0019410047438069,FALSE_REAL_AI,REAL
QWEN_0820_Qwen_Image_2512,Qwen-Image-Bench,Qwen-Image-2512,modern,0.8367450012746003,0.9573773135148234,CORRECT_CONFIDENT_AI,AI-GENERATED
QWEN_0824_Qwen_Image_2512,Qwen-Image-Bench,Qwen-Image-2512,modern,0.4993258418427978,0.4987162882728562,UNCERTAIN_AI,UNCERTAIN
QWEN_0831_Qwen_Image_2512,Qwen-Image-Bench,Qwen-Image-2512,modern,0.9235456740720648,0.9913738889977868,CORRECT_CONFIDENT_AI,AI-GENERATED
QWEN_0836_Qwen_Image_2512,Qwen-Image-Bench,Qwen-Image-2512,modern,0.1411068231765712,0.0310932101297134,FALSE_REAL_AI,REAL
QWEN_0847_Qwen_Image_2512,Qwen-Image-Bench,Qwen-Image-2512,modern,0.997103670763554,0.99998523234408,CORRECT_CONFIDENT_AI,AI-GENERATED
QWEN_0857_Qwen_Image_2512,Qwen-Image-Bench,Qwen-Image-2512,modern,0.2571465736394352,0.1171141609484428,FALSE_REAL_AI,REAL
QWEN_0876_Qwen_Image_2512,Qwen-Image-Bench,Qwen-Image-2512,modern,0.2168445607047691,0.0797870022293178,FALSE_REAL_AI,REAL
QWEN_0887_Qwen_Image_2512,Qwen-Image-Bench,Qwen-Image-2512,modern,0.728052042713975,0.8670538445662643,UNCERTAIN_AI,UNCERTAIN
QWEN_0890_Qwen_Image_2512,Qwen-Image-Bench,Qwen-Image-2512,modern,0.0068668984044428,7.699860058749976e-05,FALSE_REAL_AI,REAL
QWEN_0894_Qwen_Image_2512,Qwen-Image-Bench,Qwen-Image-2512,modern,0.0485505711648054,0.0034509823435759,FALSE_REAL_AI,REAL
QWEN_0919_Qwen_Image_2512,Qwen-Image-Bench,Qwen-Image-2512,modern,0.1505405520634833,0.0357458924523747,FALSE_REAL_AI,REAL
QWEN_0923_Qwen_Image_2512,Qwen-Image-Bench,Qwen-Image-2512,modern,0.1511230435919293,0.0360455838716584,FALSE_REAL_AI,REAL
QWEN_0933_Qwen_Image_2512,Qwen-Image-Bench,Qwen-Image-2512,modern,0.9242018436623968,0.9915244957490208,CORRECT_CONFIDENT_AI,AI-GENERATED
QWEN_0951_Qwen_Image_2512,Qwen-Image-Bench,Qwen-Image-2512,modern,0.1637080881908496,0.0428808672143633,FALSE_REAL_AI,REAL
QWEN_0964_Qwen_Image_2512,Qwen-Image-Bench,Qwen-Image-2512,modern,0.052734045331798,0.0040707118256185,FALSE_REAL_AI,REAL
QWEN_0965_Qwen_Image_2512,Qwen-Image-Bench,Qwen-Image-2512,modern,0.990675731197416,0.9998614896617264,CORRECT_CONFIDENT_AI,AI-GENERATED
QWEN_0980_Qwen_Image_2512,Qwen-Image-Bench,Qwen-Image-2512,modern,0.33286770849154,0.2101762446494448,UNCERTAIN_AI,UNCERTAIN
QWEN_0042_Seedream_40,Qwen-Image-Bench,Seedream-4.0,modern,0.0499727640146824,0.0036556706026132,FALSE_REAL_AI,REAL
QWEN_0060_Seedream_40,Qwen-Image-Bench,Seedream-4.0,modern,0.0826119369648895,0.0101100765301347,FALSE_REAL_AI,REAL
QWEN_0065_Seedream_40,Qwen-Image-Bench,Seedream-4.0,modern,0.2089210210402812,0.0734206123210307,FALSE_REAL_AI,REAL
QWEN_0074_Seedream_40,Qwen-Image-Bench,Seedream-4.0,modern,0.9812554855969792,0.999467069658588,CORRECT_CONFIDENT_AI,AI-GENERATED
QWEN_0078_Seedream_40,Qwen-Image-Bench,Seedream-4.0,modern,0.2919424703008969,0.1561658393325,UNCERTAIN_AI,UNCERTAIN
QWEN_0081_Seedream_40,Qwen-Image-Bench,Seedream-4.0,modern,0.018177851369431,0.0005021351680549,FALSE_REAL_AI,REAL
QWEN_0086_Seedream_40,Qwen-Image-Bench,Seedream-4.0,modern,0.1231058652265186,0.0232360042447284,FALSE_REAL_AI,REAL
QWEN_0096_Seedream_40,Qwen-Image-Bench,Seedream-4.0,modern,0.1036887741419508,0.0161890437979606,FALSE_REAL_AI,REAL
QWEN_0118_Seedream_40,Qwen-Image-Bench,Seedream-4.0,modern,0.016901267571195,0.0004360724183757,FALSE_REAL_AI,REAL
QWEN_0127_Seedream_40,Qwen-Image-Bench,Seedream-4.0,modern,0.263900833911798,0.1241956710679634,FALSE_REAL_AI,REAL
QWEN_0140_Seedream_40,Qwen-Image-Bench,Seedream-4.0,modern,0.353294382141838,0.2402621007233609,UNCERTAIN_AI,UNCERTAIN
QWEN_0148_Seedream_40,Qwen-Image-Bench,Seedream-4.0,modern,0.2903979351309123,0.154297183936998,UNCERTAIN_AI,UNCERTAIN
QWEN_0156_Seedream_40,Qwen-Image-Bench,Seedream-4.0,modern,0.0668449973568669,0.0065626853116106,FALSE_REAL_AI,REAL
QWEN_0158_Seedream_40,Qwen-Image-Bench,Seedream-4.0,modern,0.0142026690813588,0.0003115206596054,FALSE_REAL_AI,REAL
QWEN_0169_Seedream_40,Qwen-Image-Bench,Seedream-4.0,modern,0.061434244190914,0.005532818576421,FALSE_REAL_AI,REAL
QWEN_0184_Seedream_40,Qwen-Image-Bench,Seedream-4.0,modern,0.1189285077807518,0.0215978335139397,FALSE_REAL_AI,REAL
QWEN_0185_Seedream_40,Qwen-Image-Bench,Seedream-4.0,modern,0.0068045230286977,7.566331461227105e-05,FALSE_REAL_AI,REAL
QWEN_0186_Seedream_40,Qwen-Image-Bench,Seedream-4.0,modern,0.3419610568265891,0.2233223255488302,UNCERTAIN_AI,UNCERTAIN
QWEN_0212_Seedream_40,Qwen-Image-Bench,Seedream-4.0,modern,0.1046099127805417,0.0164911988458867,FALSE_REAL_AI,REAL
QWEN_0222_Seedream_40,Qwen-Image-Bench,Seedream-4.0,modern,0.0809813315132059,0.0097045988306051,FALSE_REAL_AI,REAL
QWEN_0239_Seedream_40,Qwen-Image-Bench,Seedream-4.0,modern,0.1368001632972841,0.0290932352606188,FALSE_REAL_AI,REAL
QWEN_0260_Seedream_40,Qwen-Image-Bench,Seedream-4.0,modern,0.2360387862174971,0.0965211134253187,FALSE_REAL_AI,REAL
QWEN_0288_Seedream_40,Qwen-Image-Bench,Seedream-4.0,modern,0.0518988692726174,0.003942714935992,FALSE_REAL_AI,REAL
QWEN_0309_Seedream_40,Qwen-Image-Bench,Seedream-4.0,modern,0.1148398603311963,0.0200600870158481,FALSE_REAL_AI,REAL
QWEN_0315_Seedream_40,Qwen-Image-Bench,Seedream-4.0,modern,0.7913500388283841,0.9267916627263793,CORRECT_CONFIDENT_AI,AI-GENERATED
QWEN_0323_Seedream_40,Qwen-Image-Bench,Seedream-4.0,modern,0.6445844623130055,0.7565006114581466,UNCERTAIN_AI,UNCERTAIN
QWEN_0335_Seedream_40,Qwen-Image-Bench,Seedream-4.0,modern,0.3742569249981079,0.2731418949866315,UNCERTAIN_AI,UNCERTAIN
QWEN_0342_Seedream_40,Qwen-Image-Bench,Seedream-4.0,modern,0.0784627693241906,0.0090960633640499,FALSE_REAL_AI,REAL
QWEN_0347_Seedream_40,Qwen-Image-Bench,Seedream-4.0,modern,0.0128972808725105,0.0002586332218076,FALSE_REAL_AI,REAL
QWEN_0354_Seedream_40,Qwen-Image-Bench,Seedream-4.0,modern,0.0593602527614223,0.0051627644054849,FALSE_REAL_AI,REAL
QWEN_0359_Seedream_40,Qwen-Image-Bench,Seedream-4.0,modern,0.0111755930312109,0.0001962357832847,FALSE_REAL_AI,REAL
QWEN_0374_Seedream_40,Qwen-Image-Bench,Seedream-4.0,modern,0.1867464889524187,0.0572381889364425,FALSE_REAL_AI,REAL
QWEN_0386_Seedream_40,Qwen-Image-Bench,Seedream-4.0,modern,0.3048360169056691,0.1722519900747278,UNCERTAIN_AI,UNCERTAIN
QWEN_0392_Seedream_40,Qwen-Image-Bench,Seedream-4.0,modern,0.2078025100467661,0.0725470140381537,FALSE_REAL_AI,REAL
QWEN_0397_Seedream_40,Qwen-Image-Bench,Seedream-4.0,modern,0.0423901775787617,0.0026348135460076,FALSE_REAL_AI,REAL
QWEN_0413_Seedream_40,Qwen-Image-Bench,Seedream-4.0,modern,0.256907709426036,0.1168681108954195,FALSE_REAL_AI,REAL
QWEN_0415_Seedream_40,Qwen-Image-Bench,Seedream-4.0,modern,0.0233489723716555,0.000816737715534,FALSE_REAL_AI,REAL
QWEN_0420_Seedream_40,Qwen-Image-Bench,Seedream-4.0,modern,0.9448726667757354,0.9955505960287828,CORRECT_CONFIDENT_AI,AI-GENERATED
QWEN_0423_Seedream_40,Qwen-Image-Bench,Seedream-4.0,modern,0.2992062608480629,0.1651215334799028,UNCERTAIN_AI,UNCERTAIN
QWEN_0430_Seedream_40,Qwen-Image-Bench,Seedream-4.0,modern,0.168531816255644,0.0456864500176535,FALSE_REAL_AI,REAL
QWEN_0432_Seedream_40,Qwen-Image-Bench,Seedream-4.0,modern,0.0277999108126893,0.0011481691012998,FALSE_REAL_AI,REAL
QWEN_0446_Seedream_40,Qwen-Image-Bench,Seedream-4.0,modern,0.2393837091476416,0.0996301606186167,FALSE_REAL_AI,REAL
QWEN_0451_Seedream_40,Qwen-Image-Bench,Seedream-4.0,modern,0.0690781956076231,0.0070152258165478,FALSE_REAL_AI,REAL
QWEN_0456_Seedream_40,Qwen-Image-Bench,Seedream-4.0,modern,0.1128759049349453,0.0193442626530188,FALSE_REAL_AI,REAL
QWEN_0461_Seedream_40,Qwen-Image-Bench,Seedream-4.0,modern,0.8276156449302092,0.9519974846079948,CORRECT_CONFIDENT_AI,AI-GENERATED
QWEN_0465_Seedream_40,Qwen-Image-Bench,Seedream-4.0,modern,0.6782189201616475,0.8052990491960289,UNCERTAIN_AI,UNCERTAIN
QWEN_0471_Seedream_40,Qwen-Image-Bench,Seedream-4.0,modern,0.6871811025335579,0.8173556669522619,UNCERTAIN_AI,UNCERTAIN
QWEN_0476_Seedream_40,Qwen-Image-Bench,Seedream-4.0,modern,0.9073449331720768,0.9871899883540184,CORRECT_CONFIDENT_AI,AI-GENERATED
QWEN_0480_Seedream_40,Qwen-Image-Bench,Seedream-4.0,modern,0.2521395999570267,0.1120191287840359,FALSE_REAL_AI,REAL
QWEN_0507_Seedream_40,Qwen-Image-Bench,Seedream-4.0,modern,0.34773114327217,0.2318709697270298,UNCERTAIN_AI,UNCERTAIN
QWEN_0518_Seedream_40,Qwen-Image-Bench,Seedream-4.0,modern,0.0923481776044601,0.0127222769648887,FALSE_REAL_AI,REAL
QWEN_0524_Seedream_40,Qwen-Image-Bench,Seedream-4.0,modern,0.9069774393863314,0.9870844884095856,CORRECT_CONFIDENT_AI,AI-GENERATED
QWEN_0553_Seedream_40,Qwen-Image-Bench,Seedream-4.0,modern,0.0166586548605603,0.0004240360956978,FALSE_REAL_AI,REAL
QWEN_0592_Seedream_40,Qwen-Image-Bench,Seedream-4.0,modern,0.1422157112122587,0.0316206507599174,FALSE_REAL_AI,REAL
QWEN_0594_Seedream_40,Qwen-Image-Bench,Seedream-4.0,modern,0.3114602162983477,0.1808523669492325,UNCERTAIN_AI,UNCERTAIN
QWEN_0597_Seedream_40,Qwen-Image-Bench,Seedream-4.0,modern,0.065335058639395,0.0062658484892304,FALSE_REAL_AI,REAL
QWEN_0621_Seedream_40,Qwen-Image-Bench,Seedream-4.0,modern,0.0066489662286175,7.238233639303556e-05,FALSE_REAL_AI,REAL
QWEN_0634_Seedream_40,Qwen-Image-Bench,Seedream-4.0,modern,0.0395973449745283,0.0023021015653019,FALSE_REAL_AI,REAL
QWEN_0637_Seedream_40,Qwen-Image-Bench,Seedream-4.0,modern,0.2036399216169059,0.0693500000494756,FALSE_REAL_AI,REAL
QWEN_0644_Seedream_40,Qwen-Image-Bench,Seedream-4.0,modern,0.2164915219517822,0.0794966762724058,FALSE_REAL_AI,REAL
QWEN_0656_Seedream_40,Qwen-Image-Bench,Seedream-4.0,modern,0.0244840898865193,0.0008959147911225,FALSE_REAL_AI,REAL
QWEN_0657_Seedream_40,Qwen-Image-Bench,Seedream-4.0,modern,0.0080066609536891,0.0001033741241372,FALSE_REAL_AI,REAL
QWEN_0661_Seedream_40,Qwen-Image-Bench,Seedream-4.0,modern,0.004745132184379,3.793950884065862e-05,FALSE_REAL_AI,REAL
QWEN_0670_Seedream_40,Qwen-Image-Bench,Seedream-4.0,modern,0.3487752825867026,0.2334348016927252,UNCERTAIN_AI,UNCERTAIN
QWEN_0672_Seedream_40,Qwen-Image-Bench,Seedream-4.0,modern,0.3584478342672115,0.2481631174327739,UNCERTAIN_AI,UNCERTAIN
QWEN_0682_Seedream_40,Qwen-Image-Bench,Seedream-4.0,modern,0.9720483550843806,0.99883953781698,CORRECT_CONFIDENT_AI,AI-GENERATED
QWEN_0691_Seedream_40,Qwen-Image-Bench,Seedream-4.0,modern,0.9156936752539844,0.9894589496297752,CORRECT_CONFIDENT_AI,AI-GENERATED
QWEN_0696_Seedream_40,Qwen-Image-Bench,Seedream-4.0,modern,0.6975958370043159,0.8308483389653537,UNCERTAIN_AI,UNCERTAIN
QWEN_0699_Seedream_40,Qwen-Image-Bench,Seedream-4.0,modern,0.0502534384928712,0.0036967937304862,FALSE_REAL_AI,REAL
QWEN_0713_Seedream_40,Qwen-Image-Bench,Seedream-4.0,modern,0.8117611940526449,0.9417468842171748,CORRECT_CONFIDENT_AI,AI-GENERATED
QWEN_0715_Seedream_40,Qwen-Image-Bench,Seedream-4.0,modern,0.1996325037618689,0.0663522885859135,FALSE_REAL_AI,REAL
QWEN_0717_Seedream_40,Qwen-Image-Bench,Seedream-4.0,modern,0.0125645946277266,0.0002459231504677,FALSE_REAL_AI,REAL
QWEN_0721_Seedream_40,Qwen-Image-Bench,Seedream-4.0,modern,0.5578855895477939,0.6089456528709364,UNCERTAIN_AI,UNCERTAIN
QWEN_0723_Seedream_40,Qwen-Image-Bench,Seedream-4.0,modern,0.6017824438701078,0.6870209000868541,UNCERTAIN_AI,UNCERTAIN
QWEN_0740_Seedream_40,Qwen-Image-Bench,Seedream-4.0,modern,0.2273909702608179,0.0887496383113687,FALSE_REAL_AI,REAL
QWEN_0760_Seedream_40,Qwen-Image-Bench,Seedream-4.0,modern,0.0023917050993134,1.0246642850053056e-05,FALSE_REAL_AI,REAL
QWEN_0764_Seedream_40,Qwen-Image-Bench,Seedream-4.0,modern,0.0853447538764314,0.0108100577179007,FALSE_REAL_AI,REAL
QWEN_0772_Seedream_40,Qwen-Image-Bench,Seedream-4.0,modern,0.7632188748326015,0.9027938791165512,CORRECT_CONFIDENT_AI,AI-GENERATED
QWEN_0773_Seedream_40,Qwen-Image-Bench,Seedream-4.0,modern,0.0078016707705732,9.835464850576452e-05,FALSE_REAL_AI,REAL
QWEN_0777_Seedream_40,Qwen-Image-Bench,Seedream-4.0,modern,0.0061509598755402,6.235051239904046e-05,FALSE_REAL_AI,REAL
QWEN_0778_Seedream_40,Qwen-Image-Bench,Seedream-4.0,modern,0.0376900102132011,0.0020881024154995,FALSE_REAL_AI,REAL
QWEN_0799_Seedream_40,Qwen-Image-Bench,Seedream-4.0,modern,0.1758227029711409,0.0501266868334749,FALSE_REAL_AI,REAL
QWEN_0805_Seedream_40,Qwen-Image-Bench,Seedream-4.0,modern,0.0277783965450778,0.0011464313978474,FALSE_REAL_AI,REAL
QWEN_0820_Seedream_40,Qwen-Image-Bench,Seedream-4.0,modern,0.3837453356122939,0.2886456527986739,UNCERTAIN_AI,UNCERTAIN
QWEN_0824_Seedream_40,Qwen-Image-Bench,Seedream-4.0,modern,0.0495412686466728,0.0035929179768476,FALSE_REAL_AI,REAL
QWEN_0831_Seedream_40,Qwen-Image-Bench,Seedream-4.0,modern,0.6685878895175434,0.791890468031671,UNCERTAIN_AI,UNCERTAIN
QWEN_0836_Seedream_40,Qwen-Image-Bench,Seedream-4.0,modern,0.055814514785259,0.0045614130510635,FALSE_REAL_AI,REAL
QWEN_0847_Seedream_40,Qwen-Image-Bench,Seedream-4.0,modern,0.2192554992356283,0.0817863885374837,FALSE_REAL_AI,REAL
QWEN_0857_Seedream_40,Qwen-Image-Bench,Seedream-4.0,modern,0.0454782697894425,0.0030297025167767,FALSE_REAL_AI,REAL
QWEN_0876_Seedream_40,Qwen-Image-Bench,Seedream-4.0,modern,0.0288265586312814,0.0012326292048254,FALSE_REAL_AI,REAL
QWEN_0887_Seedream_40,Qwen-Image-Bench,Seedream-4.0,modern,0.6486177860608752,0.7626383730992682,UNCERTAIN_AI,UNCERTAIN
QWEN_0890_Seedream_40,Qwen-Image-Bench,Seedream-4.0,modern,0.0122216504090612,0.0002331483029024,FALSE_REAL_AI,REAL
QWEN_0894_Seedream_40,Qwen-Image-Bench,Seedream-4.0,modern,0.0044755010757368,3.392272900957726e-05,FALSE_REAL_AI,REAL
QWEN_0919_Seedream_40,Qwen-Image-Bench,Seedream-4.0,modern,0.0214753358278449,0.0006940272868626,FALSE_REAL_AI,REAL
QWEN_0923_Seedream_40,Qwen-Image-Bench,Seedream-4.0,modern,0.0433272877287898,0.002751637474704,FALSE_REAL_AI,REAL
QWEN_0933_Seedream_40,Qwen-Image-Bench,Seedream-4.0,modern,0.5221654614311594,0.5421343924627148,UNCERTAIN_AI,UNCERTAIN
QWEN_0951_Seedream_40,Qwen-Image-Bench,Seedream-4.0,modern,0.5464197998739906,0.5877293308035925,UNCERTAIN_AI,UNCERTAIN
QWEN_0964_Seedream_40,Qwen-Image-Bench,Seedream-4.0,modern,0.1023132827960565,0.015743670037163,FALSE_REAL_AI,REAL
QWEN_0965_Seedream_40,Qwen-Image-Bench,Seedream-4.0,modern,0.9994627329935456,0.9999994054881294,CORRECT_CONFIDENT_AI,AI-GENERATED
QWEN_0980_Seedream_40,Qwen-Image-Bench,Seedream-4.0,modern,0.2509152998928177,0.110793264460898,FALSE_REAL_AI,REAL
QWEN_0042_Seedream_45,Qwen-Image-Bench,Seedream-4.5,modern,0.3047206236574388,0.1721041833463456,UNCERTAIN_AI,UNCERTAIN
QWEN_0060_Seedream_45,Qwen-Image-Bench,Seedream-4.5,modern,0.0589246943826823,0.0050867726922901,FALSE_REAL_AI,REAL
QWEN_0065_Seedream_45,Qwen-Image-Bench,Seedream-4.5,modern,0.1732595845808776,0.0485380907628597,FALSE_REAL_AI,REAL
QWEN_0074_Seedream_45,Qwen-Image-Bench,Seedream-4.5,modern,0.8017308760254355,0.934649767498178,CORRECT_CONFIDENT_AI,AI-GENERATED
QWEN_0078_Seedream_45,Qwen-Image-Bench,Seedream-4.5,modern,0.3223779076761569,0.1955183395779502,UNCERTAIN_AI,UNCERTAIN
QWEN_0081_Seedream_45,Qwen-Image-Bench,Seedream-4.5,modern,0.0738502616004845,0.0080368667069588,FALSE_REAL_AI,REAL
QWEN_0086_Seedream_45,Qwen-Image-Bench,Seedream-4.5,modern,0.0111489368433631,0.0001953356175857,FALSE_REAL_AI,REAL
QWEN_0096_Seedream_45,Qwen-Image-Bench,Seedream-4.5,modern,0.0403943110601023,0.0023946920766976,FALSE_REAL_AI,REAL
QWEN_0118_Seedream_45,Qwen-Image-Bench,Seedream-4.5,modern,0.3452134536414826,0.2281213829625393,UNCERTAIN_AI,UNCERTAIN
QWEN_0127_Seedream_45,Qwen-Image-Bench,Seedream-4.5,modern,0.0494970461659193,0.0035865186929199,FALSE_REAL_AI,REAL
QWEN_0140_Seedream_45,Qwen-Image-Bench,Seedream-4.5,modern,0.2508054366568906,0.1106836439284499,FALSE_REAL_AI,REAL
QWEN_0148_Seedream_45,Qwen-Image-Bench,Seedream-4.5,modern,0.2945632543806216,0.1593652208589092,UNCERTAIN_AI,UNCERTAIN
QWEN_0156_Seedream_45,Qwen-Image-Bench,Seedream-4.5,modern,0.0852229522089211,0.010778312175274,FALSE_REAL_AI,REAL
QWEN_0158_Seedream_45,Qwen-Image-Bench,Seedream-4.5,modern,0.0002841921629928,1.7672534404412445e-07,FALSE_REAL_AI,REAL
QWEN_0169_Seedream_45,Qwen-Image-Bench,Seedream-4.5,modern,0.0700763921441761,0.0072227489205791,FALSE_REAL_AI,REAL
QWEN_0184_Seedream_45,Qwen-Image-Bench,Seedream-4.5,modern,0.2778712831671676,0.1396053475034266,UNCERTAIN_AI,UNCERTAIN
QWEN_0185_Seedream_45,Qwen-Image-Bench,Seedream-4.5,modern,0.0730216220416063,0.0078540866871247,FALSE_REAL_AI,REAL
QWEN_0186_Seedream_45,Qwen-Image-Bench,Seedream-4.5,modern,0.5461174116459887,0.5871663230767099,UNCERTAIN_AI,UNCERTAIN
QWEN_0212_Seedream_45,Qwen-Image-Bench,Seedream-4.5,modern,0.1010256682221403,0.0153330409206427,FALSE_REAL_AI,REAL
QWEN_0222_Seedream_45,Qwen-Image-Bench,Seedream-4.5,modern,0.0519765765653739,0.0039545337997915,FALSE_REAL_AI,REAL
QWEN_0239_Seedream_45,Qwen-Image-Bench,Seedream-4.5,modern,0.1551508564064605,0.0381579330897813,FALSE_REAL_AI,REAL
QWEN_0260_Seedream_45,Qwen-Image-Bench,Seedream-4.5,modern,0.1305960974755493,0.0263460428516818,FALSE_REAL_AI,REAL
QWEN_0288_Seedream_45,Qwen-Image-Bench,Seedream-4.5,modern,0.0121748206753927,0.0002314296525303,FALSE_REAL_AI,REAL
QWEN_0309_Seedream_45,Qwen-Image-Bench,Seedream-4.5,modern,0.281560826513263,0.1438467586139611,UNCERTAIN_AI,UNCERTAIN
QWEN_0315_Seedream_45,Qwen-Image-Bench,Seedream-4.5,modern,0.801900374663162,0.9347737160259212,CORRECT_CONFIDENT_AI,AI-GENERATED
QWEN_0323_Seedream_45,Qwen-Image-Bench,Seedream-4.5,modern,0.8049359617304988,0.936970039393132,CORRECT_CONFIDENT_AI,AI-GENERATED
QWEN_0335_Seedream_45,Qwen-Image-Bench,Seedream-4.5,modern,0.0430086417170668,0.0027116203848329,FALSE_REAL_AI,REAL
QWEN_0342_Seedream_45,Qwen-Image-Bench,Seedream-4.5,modern,0.2003377581125051,0.0668741760357481,FALSE_REAL_AI,REAL
QWEN_0347_Seedream_45,Qwen-Image-Bench,Seedream-4.5,modern,0.01142151241367,0.0002046352595923,FALSE_REAL_AI,REAL
QWEN_0354_Seedream_45,Qwen-Image-Bench,Seedream-4.5,modern,0.0891087070089245,0.0118164384606995,FALSE_REAL_AI,REAL
QWEN_0359_Seedream_45,Qwen-Image-Bench,Seedream-4.5,modern,0.0719278134066755,0.0076162889996462,FALSE_REAL_AI,REAL
QWEN_0374_Seedream_45,Qwen-Image-Bench,Seedream-4.5,modern,0.0732191726120484,0.0078974558593738,FALSE_REAL_AI,REAL
QWEN_0386_Seedream_45,Qwen-Image-Bench,Seedream-4.5,modern,0.5785590695096303,0.6464242352018094,UNCERTAIN_AI,UNCERTAIN
QWEN_0392_Seedream_45,Qwen-Image-Bench,Seedream-4.5,modern,0.0798475765370611,0.0094280031089839,FALSE_REAL_AI,REAL
QWEN_0397_Seedream_45,Qwen-Image-Bench,Seedream-4.5,modern,0.0320104527324133,0.0015137835490175,FALSE_REAL_AI,REAL
QWEN_0413_Seedream_45,Qwen-Image-Bench,Seedream-4.5,modern,0.3364855645078812,0.2153581961176306,UNCERTAIN_AI,UNCERTAIN
QWEN_0415_Seedream_45,Qwen-Image-Bench,Seedream-4.5,modern,0.0227331178822555,0.0007753079029734,FALSE_REAL_AI,REAL
QWEN_0420_Seedream_45,Qwen-Image-Bench,Seedream-4.5,modern,0.9210318557208488,0.990783548229908,CORRECT_CONFIDENT_AI,AI-GENERATED
QWEN_0423_Seedream_45,Qwen-Image-Bench,Seedream-4.5,modern,0.2084933383103589,0.0730858467519166,FALSE_REAL_AI,REAL
QWEN_0430_Seedream_45,Qwen-Image-Bench,Seedream-4.5,modern,0.1147242548572158,0.0200175427169877,FALSE_REAL_AI,REAL
QWEN_0432_Seedream_45,Qwen-Image-Bench,Seedream-4.5,modern,0.0361734193103241,0.0019255558019065,FALSE_REAL_AI,REAL
QWEN_0446_Seedream_45,Qwen-Image-Bench,Seedream-4.5,modern,0.4098351885499673,0.333065986876749,UNCERTAIN_AI,UNCERTAIN
QWEN_0451_Seedream_45,Qwen-Image-Bench,Seedream-4.5,modern,0.1737729626233622,0.048853867715172,FALSE_REAL_AI,REAL
QWEN_0456_Seedream_45,Qwen-Image-Bench,Seedream-4.5,modern,0.5446730162840298,0.584474791899124,UNCERTAIN_AI,UNCERTAIN
QWEN_0461_Seedream_45,Qwen-Image-Bench,Seedream-4.5,modern,0.7540930939880242,0.8941400507214982,CORRECT_CONFIDENT_AI,AI-GENERATED
QWEN_0465_Seedream_45,Qwen-Image-Bench,Seedream-4.5,modern,0.7589004370836027,0.8987525484179498,CORRECT_CONFIDENT_AI,AI-GENERATED
QWEN_0471_Seedream_45,Qwen-Image-Bench,Seedream-4.5,modern,0.8100444128850706,0.9405662480774069,CORRECT_CONFIDENT_AI,AI-GENERATED
QWEN_0476_Seedream_45,Qwen-Image-Bench,Seedream-4.5,modern,0.0681220236955415,0.0068194835546587,FALSE_REAL_AI,REAL
QWEN_0480_Seedream_45,Qwen-Image-Bench,Seedream-4.5,modern,0.5264191261817814,0.5501839435709464,UNCERTAIN_AI,UNCERTAIN
QWEN_0507_Seedream_45,Qwen-Image-Bench,Seedream-4.5,modern,0.3861946890838168,0.2927071356083725,UNCERTAIN_AI,UNCERTAIN
QWEN_0518_Seedream_45,Qwen-Image-Bench,Seedream-4.5,modern,0.2741494532990712,0.1353995420920347,UNCERTAIN_AI,UNCERTAIN
QWEN_0524_Seedream_45,Qwen-Image-Bench,Seedream-4.5,modern,0.8974368094415545,0.984175928680405,CORRECT_CONFIDENT_AI,AI-GENERATED
QWEN_0553_Seedream_45,Qwen-Image-Bench,Seedream-4.5,modern,0.0087454882712198,0.0001224649044383,FALSE_REAL_AI,REAL
QWEN_0592_Seedream_45,Qwen-Image-Bench,Seedream-4.5,modern,0.2935914118113567,0.1581746225953985,UNCERTAIN_AI,UNCERTAIN
QWEN_0594_Seedream_45,Qwen-Image-Bench,Seedream-4.5,modern,0.4834517538115799,0.4685194597659537,UNCERTAIN_AI,UNCERTAIN
QWEN_0597_Seedream_45,Qwen-Image-Bench,Seedream-4.5,modern,0.147064847054166,0.0339878216434439,FALSE_REAL_AI,REAL
QWEN_0621_Seedream_45,Qwen-Image-Bench,Seedream-4.5,modern,0.0122374895079305,0.0002337309998406,FALSE_REAL_AI,REAL
QWEN_0634_Seedream_45,Qwen-Image-Bench,Seedream-4.5,modern,0.006089776979382,6.116777091186252e-05,FALSE_REAL_AI,REAL
QWEN_0637_Seedream_45,Qwen-Image-Bench,Seedream-4.5,modern,0.1134930502687604,0.0195676143604213,FALSE_REAL_AI,REAL
QWEN_0644_Seedream_45,Qwen-Image-Bench,Seedream-4.5,modern,0.1079677416890725,0.0176192890891839,FALSE_REAL_AI,REAL
QWEN_0656_Seedream_45,Qwen-Image-Bench,Seedream-4.5,modern,0.0491412879043934,0.0035352544964489,FALSE_REAL_AI,REAL
QWEN_0657_Seedream_45,Qwen-Image-Bench,Seedream-4.5,modern,0.0251853471012448,0.0009466557338437,FALSE_REAL_AI,REAL
QWEN_0661_Seedream_45,Qwen-Image-Bench,Seedream-4.5,modern,0.0962542909813881,0.0138639936596095,FALSE_REAL_AI,REAL
QWEN_0670_Seedream_45,Qwen-Image-Bench,Seedream-4.5,modern,0.5177211224592109,0.5337070211278283,UNCERTAIN_AI,UNCERTAIN
QWEN_0672_Seedream_45,Qwen-Image-Bench,Seedream-4.5,modern,0.4113394409225676,0.3357003127393218,UNCERTAIN_AI,UNCERTAIN
QWEN_0682_Seedream_45,Qwen-Image-Bench,Seedream-4.5,modern,0.946777729211458,0.9958534708217748,CORRECT_CONFIDENT_AI,AI-GENERATED
QWEN_0691_Seedream_45,Qwen-Image-Bench,Seedream-4.5,modern,0.5449276872901565,0.5849496216382196,UNCERTAIN_AI,UNCERTAIN
QWEN_0696_Seedream_45,Qwen-Image-Bench,Seedream-4.5,modern,0.1581766441877887,0.0397911422945868,FALSE_REAL_AI,REAL
QWEN_0699_Seedream_45,Qwen-Image-Bench,Seedream-4.5,modern,0.0122479672621706,0.0002341168503964,FALSE_REAL_AI,REAL
QWEN_0713_Seedream_45,Qwen-Image-Bench,Seedream-4.5,modern,0.6921256276294511,0.8238313727547287,UNCERTAIN_AI,UNCERTAIN
QWEN_0715_Seedream_45,Qwen-Image-Bench,Seedream-4.5,modern,0.1175741322113442,0.0210813032111099,FALSE_REAL_AI,REAL
QWEN_0717_Seedream_45,Qwen-Image-Bench,Seedream-4.5,modern,0.0227735428205408,0.0007779944525411,FALSE_REAL_AI,REAL
QWEN_0721_Seedream_45,Qwen-Image-Bench,Seedream-4.5,modern,0.4609583852982875,0.426052701427454,UNCERTAIN_AI,UNCERTAIN
QWEN_0723_Seedream_45,Qwen-Image-Bench,Seedream-4.5,modern,0.0719693981350644,0.0076252575558188,FALSE_REAL_AI,REAL
QWEN_0740_Seedream_45,Qwen-Image-Bench,Seedream-4.5,modern,0.2142607566256132,0.077676599871374,FALSE_REAL_AI,REAL
QWEN_0760_Seedream_45,Qwen-Image-Bench,Seedream-4.5,modern,0.0386309768742682,0.0021923408289484,FALSE_REAL_AI,REAL
QWEN_0764_Seedream_45,Qwen-Image-Bench,Seedream-4.5,modern,0.3040204079674089,0.1712087615322403,UNCERTAIN_AI,UNCERTAIN
QWEN_0772_Seedream_45,Qwen-Image-Bench,Seedream-4.5,modern,0.9262778191518652,0.991991533657224,CORRECT_CONFIDENT_AI,AI-GENERATED
QWEN_0773_Seedream_45,Qwen-Image-Bench,Seedream-4.5,modern,0.0009393016107342,1.7237468844529656e-06,FALSE_REAL_AI,REAL
QWEN_0777_Seedream_45,Qwen-Image-Bench,Seedream-4.5,modern,0.0056321511296582,5.266749046162774e-05,FALSE_REAL_AI,REAL
QWEN_0778_Seedream_45,Qwen-Image-Bench,Seedream-4.5,modern,0.0128607651317032,0.0002572228975136,FALSE_REAL_AI,REAL
QWEN_0799_Seedream_45,Qwen-Image-Bench,Seedream-4.5,modern,0.066241292737812,0.0064431220150333,FALSE_REAL_AI,REAL
QWEN_0805_Seedream_45,Qwen-Image-Bench,Seedream-4.5,modern,0.1444720358216405,0.0327097752829842,FALSE_REAL_AI,REAL
QWEN_0820_Seedream_45,Qwen-Image-Bench,Seedream-4.5,modern,0.9611530826473956,0.9977833708948908,CORRECT_CONFIDENT_AI,AI-GENERATED
QWEN_0824_Seedream_45,Qwen-Image-Bench,Seedream-4.5,modern,0.1104446581442419,0.0184784393146463,FALSE_REAL_AI,REAL
QWEN_0831_Seedream_45,Qwen-Image-Bench,Seedream-4.5,modern,0.957132711318781,0.9973060345536184,CORRECT_CONFIDENT_AI,AI-GENERATED
QWEN_0836_Seedream_45,Qwen-Image-Bench,Seedream-4.5,modern,0.0277327222882343,0.0011427466788637,FALSE_REAL_AI,REAL
QWEN_0847_Seedream_45,Qwen-Image-Bench,Seedream-4.5,modern,0.1727503584731405,0.0482260570567163,FALSE_REAL_AI,REAL
QWEN_0857_Seedream_45,Qwen-Image-Bench,Seedream-4.5,modern,0.2615156424634668,0.1216675236000648,FALSE_REAL_AI,REAL
QWEN_0876_Seedream_45,Qwen-Image-Bench,Seedream-4.5,modern,0.002288109620398,9.416235534534096e-06,FALSE_REAL_AI,REAL
QWEN_0887_Seedream_45,Qwen-Image-Bench,Seedream-4.5,modern,0.2787564693210358,0.140616393105528,UNCERTAIN_AI,UNCERTAIN
QWEN_0890_Seedream_45,Qwen-Image-Bench,Seedream-4.5,modern,0.0038184331463142,2.504055459023994e-05,FALSE_REAL_AI,REAL
QWEN_0894_Seedream_45,Qwen-Image-Bench,Seedream-4.5,modern,0.0721789459139694,0.0076705372427145,FALSE_REAL_AI,REAL
QWEN_0919_Seedream_45,Qwen-Image-Bench,Seedream-4.5,modern,0.0595005117447895,0.0051873623793733,FALSE_REAL_AI,REAL
QWEN_0923_Seedream_45,Qwen-Image-Bench,Seedream-4.5,modern,0.0195831772302467,0.0005801674657565,FALSE_REAL_AI,REAL
QWEN_0933_Seedream_45,Qwen-Image-Bench,Seedream-4.5,modern,0.8180829936038037,0.9459744703137104,CORRECT_CONFIDENT_AI,AI-GENERATED
QWEN_0951_Seedream_45,Qwen-Image-Bench,Seedream-4.5,modern,0.2467514460053444,0.1066826638331388,FALSE_REAL_AI,REAL
QWEN_0964_Seedream_45,Qwen-Image-Bench,Seedream-4.5,modern,0.0777738930628965,0.0089333477774458,FALSE_REAL_AI,REAL
QWEN_0965_Seedream_45,Qwen-Image-Bench,Seedream-4.5,modern,0.924504525421778,0.9915934840072091,CORRECT_CONFIDENT_AI,AI-GENERATED
QWEN_0980_Seedream_45,Qwen-Image-Bench,Seedream-4.5,modern,0.6688133496309451,0.7922096476532557,UNCERTAIN_AI,UNCERTAIN
QWEN_0042_Seedream_50,Qwen-Image-Bench,Seedream-5.0,modern,0.1785965014658581,0.0518798992838178,FALSE_REAL_AI,REAL
QWEN_0060_Seedream_50,Qwen-Image-Bench,Seedream-5.0,modern,0.2600206975593467,0.1200982328043102,FALSE_REAL_AI,REAL
QWEN_0065_Seedream_50,Qwen-Image-Bench,Seedream-5.0,modern,0.4680874536398213,0.4394489148482606,UNCERTAIN_AI,UNCERTAIN
QWEN_0074_Seedream_50,Qwen-Image-Bench,Seedream-5.0,modern,0.9852625885824772,0.9996654277738032,CORRECT_CONFIDENT_AI,AI-GENERATED
QWEN_0078_Seedream_50,Qwen-Image-Bench,Seedream-5.0,modern,0.1901430595742716,0.0595635252099958,FALSE_REAL_AI,REAL
QWEN_0081_Seedream_50,Qwen-Image-Bench,Seedream-5.0,modern,0.1118391903099126,0.0189723247596878,FALSE_REAL_AI,REAL
QWEN_0086_Seedream_50,Qwen-Image-Bench,Seedream-5.0,modern,0.1197893364550941,0.0219298364042332,FALSE_REAL_AI,REAL
QWEN_0096_Seedream_50,Qwen-Image-Bench,Seedream-5.0,modern,0.1078000684927434,0.0175619612609485,FALSE_REAL_AI,REAL
QWEN_0118_Seedream_50,Qwen-Image-Bench,Seedream-5.0,modern,0.1144624663822347,0.0199213903203404,FALSE_REAL_AI,REAL
QWEN_0127_Seedream_50,Qwen-Image-Bench,Seedream-5.0,modern,0.0539675229952187,0.0042636770385956,FALSE_REAL_AI,REAL
QWEN_0140_Seedream_50,Qwen-Image-Bench,Seedream-5.0,modern,0.0401775733100608,0.0023693261817053,FALSE_REAL_AI,REAL
QWEN_0148_Seedream_50,Qwen-Image-Bench,Seedream-5.0,modern,0.666136029303045,0.7884031985276886,UNCERTAIN_AI,UNCERTAIN
QWEN_0156_Seedream_50,Qwen-Image-Bench,Seedream-5.0,modern,0.3533939848671701,0.2404136483621022,UNCERTAIN_AI,UNCERTAIN
QWEN_0158_Seedream_50,Qwen-Image-Bench,Seedream-5.0,modern,0.0013020598428738,3.2124337824106605e-06,FALSE_REAL_AI,REAL
QWEN_0169_Seedream_50,Qwen-Image-Bench,Seedream-5.0,modern,0.1045129630711819,0.0164592494899123,FALSE_REAL_AI,REAL
QWEN_0184_Seedream_50,Qwen-Image-Bench,Seedream-5.0,modern,0.1904633830177312,0.0597856483404656,FALSE_REAL_AI,REAL
QWEN_0185_Seedream_50,Qwen-Image-Bench,Seedream-5.0,modern,0.0689031800008169,0.006979175196462,FALSE_REAL_AI,REAL
QWEN_0186_Seedream_50,Qwen-Image-Bench,Seedream-5.0,modern,0.4805091953275362,0.4629354358138793,UNCERTAIN_AI,UNCERTAIN
QWEN_0212_Seedream_50,Qwen-Image-Bench,Seedream-5.0,modern,0.0517396680206373,0.0039185591059656,FALSE_REAL_AI,REAL
QWEN_0222_Seedream_50,Qwen-Image-Bench,Seedream-5.0,modern,0.9353824537142892,0.9938726352376624,CORRECT_CONFIDENT_AI,AI-GENERATED
QWEN_0239_Seedream_50,Qwen-Image-Bench,Seedream-5.0,modern,0.337264846352836,0.2164827751071218,UNCERTAIN_AI,UNCERTAIN
QWEN_0260_Seedream_50,Qwen-Image-Bench,Seedream-5.0,modern,0.2286227586154381,0.0898332316846282,FALSE_REAL_AI,REAL
QWEN_0288_Seedream_50,Qwen-Image-Bench,Seedream-5.0,modern,0.6871603909009131,0.8173282769993976,UNCERTAIN_AI,UNCERTAIN
QWEN_0309_Seedream_50,Qwen-Image-Bench,Seedream-5.0,modern,0.2547985395452253,0.1147084764763842,FALSE_REAL_AI,REAL
QWEN_0315_Seedream_50,Qwen-Image-Bench,Seedream-5.0,modern,0.799975655878192,0.9333580483232498,CORRECT_CONFIDENT_AI,AI-GENERATED
QWEN_0323_Seedream_50,Qwen-Image-Bench,Seedream-5.0,modern,0.5479331070425356,0.5905444025876907,UNCERTAIN_AI,UNCERTAIN
QWEN_0335_Seedream_50,Qwen-Image-Bench,Seedream-5.0,modern,0.0805430527947108,0.0095971572230119,FALSE_REAL_AI,REAL
QWEN_0342_Seedream_50,Qwen-Image-Bench,Seedream-5.0,modern,0.2444766451964208,0.1044751147702984,FALSE_REAL_AI,REAL
QWEN_0347_Seedream_50,Qwen-Image-Bench,Seedream-5.0,modern,0.0493955187567003,0.003571849515248,FALSE_REAL_AI,REAL
QWEN_0354_Seedream_50,Qwen-Image-Bench,Seedream-5.0,modern,0.5114978115945072,0.5218836934855936,UNCERTAIN_AI,UNCERTAIN
QWEN_0359_Seedream_50,Qwen-Image-Bench,Seedream-5.0,modern,0.214784998984689,0.0781020921019674,FALSE_REAL_AI,REAL
QWEN_0374_Seedream_50,Qwen-Image-Bench,Seedream-5.0,modern,0.0090406842530114,0.000130529109118,FALSE_REAL_AI,REAL
QWEN_0386_Seedream_50,Qwen-Image-Bench,Seedream-5.0,modern,0.7014505796013618,0.8356996449030301,UNCERTAIN_AI,UNCERTAIN
QWEN_0392_Seedream_50,Qwen-Image-Bench,Seedream-5.0,modern,0.3933109959948865,0.3046401095035197,UNCERTAIN_AI,UNCERTAIN
QWEN_0397_Seedream_50,Qwen-Image-Bench,Seedream-5.0,modern,0.1053137191082948,0.0167241780330448,FALSE_REAL_AI,REAL
QWEN_0413_Seedream_50,Qwen-Image-Bench,Seedream-5.0,modern,0.6320025372775574,0.7368790262501149,UNCERTAIN_AI,UNCERTAIN
QWEN_0415_Seedream_50,Qwen-Image-Bench,Seedream-5.0,modern,0.3360382168978222,0.2147139705668032,UNCERTAIN_AI,UNCERTAIN
QWEN_0420_Seedream_50,Qwen-Image-Bench,Seedream-5.0,modern,0.8891004577204005,0.981361267787227,CORRECT_CONFIDENT_AI,AI-GENERATED
QWEN_0423_Seedream_50,Qwen-Image-Bench,Seedream-5.0,modern,0.6560458126175915,0.773742726465695,UNCERTAIN_AI,UNCERTAIN
QWEN_0430_Seedream_50,Qwen-Image-Bench,Seedream-5.0,modern,0.9164249455743426,0.98964615927756,CORRECT_CONFIDENT_AI,AI-GENERATED
QWEN_0432_Seedream_50,Qwen-Image-Bench,Seedream-5.0,modern,0.3952857616238076,0.3079856367481791,UNCERTAIN_AI,UNCERTAIN
QWEN_0446_Seedream_50,Qwen-Image-Bench,Seedream-5.0,modern,0.7867830648802906,0.9231665166334184,CORRECT_CONFIDENT_AI,AI-GENERATED
QWEN_0451_Seedream_50,Qwen-Image-Bench,Seedream-5.0,modern,0.8922529790703403,0.9824561539206976,CORRECT_CONFIDENT_AI,AI-GENERATED
QWEN_0456_Seedream_50,Qwen-Image-Bench,Seedream-5.0,modern,0.9213400574252392,0.990857069281178,CORRECT_CONFIDENT_AI,AI-GENERATED
QWEN_0461_Seedream_50,Qwen-Image-Bench,Seedream-5.0,modern,0.8831209903964484,0.9791810458921196,CORRECT_CONFIDENT_AI,AI-GENERATED
QWEN_0465_Seedream_50,Qwen-Image-Bench,Seedream-5.0,modern,0.90138499432667,0.9854194769295982,CORRECT_CONFIDENT_AI,AI-GENERATED
QWEN_0471_Seedream_50,Qwen-Image-Bench,Seedream-5.0,modern,0.4499345202236053,0.4054962238712713,UNCERTAIN_AI,UNCERTAIN
QWEN_0476_Seedream_50,Qwen-Image-Bench,Seedream-5.0,modern,0.1677652871173467,0.045233638634268,FALSE_REAL_AI,REAL
QWEN_0480_Seedream_50,Qwen-Image-Bench,Seedream-5.0,modern,0.7558408874042566,0.8958308900889227,CORRECT_CONFIDENT_AI,AI-GENERATED
QWEN_0507_Seedream_50,Qwen-Image-Bench,Seedream-5.0,modern,0.9460141658936362,0.9957334230229696,CORRECT_CONFIDENT_AI,AI-GENERATED
QWEN_0518_Seedream_50,Qwen-Image-Bench,Seedream-5.0,modern,0.1723618128280972,0.0479887673710988,FALSE_REAL_AI,REAL
QWEN_0524_Seedream_50,Qwen-Image-Bench,Seedream-5.0,modern,0.9888532881064368,0.9998047394268178,CORRECT_CONFIDENT_AI,AI-GENERATED
QWEN_0553_Seedream_50,Qwen-Image-Bench,Seedream-5.0,modern,0.0086985060238369,0.0001212044014876,FALSE_REAL_AI,REAL
QWEN_0592_Seedream_50,Qwen-Image-Bench,Seedream-5.0,modern,0.3615945712543376,0.2530469995741096,UNCERTAIN_AI,UNCERTAIN
QWEN_0594_Seedream_50,Qwen-Image-Bench,Seedream-5.0,modern,0.9814068198580352,0.9994753824012316,CORRECT_CONFIDENT_AI,AI-GENERATED
QWEN_0597_Seedream_50,Qwen-Image-Bench,Seedream-5.0,modern,0.0908274738415514,0.0122924469141765,FALSE_REAL_AI,REAL
QWEN_0621_Seedream_50,Qwen-Image-Bench,Seedream-5.0,modern,0.1218413687415898,0.0227329167243006,FALSE_REAL_AI,REAL
QWEN_0634_Seedream_50,Qwen-Image-Bench,Seedream-5.0,modern,0.4326092396800399,0.3736857185173515,UNCERTAIN_AI,UNCERTAIN
QWEN_0637_Seedream_50,Qwen-Image-Bench,Seedream-5.0,modern,0.0683798921549155,0.0068719802412659,FALSE_REAL_AI,REAL
QWEN_0644_Seedream_50,Qwen-Image-Bench,Seedream-5.0,modern,0.9559795856759185,0.997160270523176,CORRECT_CONFIDENT_AI,AI-GENERATED
QWEN_0656_Seedream_50,Qwen-Image-Bench,Seedream-5.0,modern,0.0812746184666709,0.0097768612288166,FALSE_REAL_AI,REAL
QWEN_0657_Seedream_50,Qwen-Image-Bench,Seedream-5.0,modern,0.0087206841584345,0.0001217986400938,FALSE_REAL_AI,REAL
QWEN_0661_Seedream_50,Qwen-Image-Bench,Seedream-5.0,modern,0.3126201899091696,0.1823816655245577,UNCERTAIN_AI,UNCERTAIN
QWEN_0670_Seedream_50,Qwen-Image-Bench,Seedream-5.0,modern,0.775293456710986,0.9135850709687088,CORRECT_CONFIDENT_AI,AI-GENERATED
QWEN_0672_Seedream_50,Qwen-Image-Bench,Seedream-5.0,modern,0.9804549276519452,0.9994220217505606,CORRECT_CONFIDENT_AI,AI-GENERATED
QWEN_0682_Seedream_50,Qwen-Image-Bench,Seedream-5.0,modern,0.3312708421202353,0.2079095115727285,UNCERTAIN_AI,UNCERTAIN
QWEN_0691_Seedream_50,Qwen-Image-Bench,Seedream-5.0,modern,0.5005243053618044,0.5009983671599463,UNCERTAIN_AI,UNCERTAIN
QWEN_0696_Seedream_50,Qwen-Image-Bench,Seedream-5.0,modern,0.3334400768620087,0.2109917794100737,UNCERTAIN_AI,UNCERTAIN
QWEN_0699_Seedream_50,Qwen-Image-Bench,Seedream-5.0,modern,0.0385069742337493,0.0021784553641866,FALSE_REAL_AI,REAL
QWEN_0713_Seedream_50,Qwen-Image-Bench,Seedream-5.0,modern,0.5859859628238258,0.6595977119865293,UNCERTAIN_AI,UNCERTAIN
QWEN_0715_Seedream_50,Qwen-Image-Bench,Seedream-5.0,modern,0.259830661856684,0.1198995878567719,FALSE_REAL_AI,REAL
QWEN_0717_Seedream_50,Qwen-Image-Bench,Seedream-5.0,modern,0.1014240202142701,0.0154594299451194,FALSE_REAL_AI,REAL
QWEN_0721_Seedream_50,Qwen-Image-Bench,Seedream-5.0,modern,0.4173259398992662,0.3462559743963315,UNCERTAIN_AI,UNCERTAIN
QWEN_0723_Seedream_50,Qwen-Image-Bench,Seedream-5.0,modern,0.6986685290891076,0.8322061257276105,UNCERTAIN_AI,UNCERTAIN
QWEN_0740_Seedream_50,Qwen-Image-Bench,Seedream-5.0,modern,0.1077352250009279,0.0175398193243514,FALSE_REAL_AI,REAL
QWEN_0760_Seedream_50,Qwen-Image-Bench,Seedream-5.0,modern,0.0052717224203888,4.640389517661579e-05,FALSE_REAL_AI,REAL
QWEN_0764_Seedream_50,Qwen-Image-Bench,Seedream-5.0,modern,0.3100367918129073,0.1789851930007595,UNCERTAIN_AI,UNCERTAIN
QWEN_0772_Seedream_50,Qwen-Image-Bench,Seedream-5.0,modern,0.8749651481160449,0.975984398241815,CORRECT_CONFIDENT_AI,AI-GENERATED
QWEN_0773_Seedream_50,Qwen-Image-Bench,Seedream-5.0,modern,0.0182606463277687,0.0005065782256279,FALSE_REAL_AI,REAL
QWEN_0777_Seedream_50,Qwen-Image-Bench,Seedream-5.0,modern,0.0698518390078809,0.0071757811930601,FALSE_REAL_AI,REAL
QWEN_0778_Seedream_50,Qwen-Image-Bench,Seedream-5.0,modern,0.1661618785243625,0.0442950073489847,FALSE_REAL_AI,REAL
QWEN_0799_Seedream_50,Qwen-Image-Bench,Seedream-5.0,modern,0.1608422266347612,0.0412631867951178,FALSE_REAL_AI,REAL
QWEN_0805_Seedream_50,Qwen-Image-Bench,Seedream-5.0,modern,0.3266759545244256,0.2014577248868057,UNCERTAIN_AI,UNCERTAIN
QWEN_0820_Seedream_50,Qwen-Image-Bench,Seedream-5.0,modern,0.9610996213322556,0.9977773365687684,CORRECT_CONFIDENT_AI,AI-GENERATED
QWEN_0824_Seedream_50,Qwen-Image-Bench,Seedream-5.0,modern,0.0470482304613625,0.0032414201953193,FALSE_REAL_AI,REAL
QWEN_0831_Seedream_50,Qwen-Image-Bench,Seedream-5.0,modern,0.54978531443281,0.5939840646819402,UNCERTAIN_AI,UNCERTAIN
QWEN_0836_Seedream_50,Qwen-Image-Bench,Seedream-5.0,modern,0.0375142864747819,0.0020689238390508,FALSE_REAL_AI,REAL
QWEN_0847_Seedream_50,Qwen-Image-Bench,Seedream-5.0,modern,0.9144987337411642,0.9891490747460648,CORRECT_CONFIDENT_AI,AI-GENERATED
QWEN_0857_Seedream_50,Qwen-Image-Bench,Seedream-5.0,modern,0.3613731989669181,0.2527019612092601,UNCERTAIN_AI,UNCERTAIN
QWEN_0876_Seedream_50,Qwen-Image-Bench,Seedream-5.0,modern,0.185745599617453,0.0565633751038098,FALSE_REAL_AI,REAL
QWEN_0887_Seedream_50,Qwen-Image-Bench,Seedream-5.0,modern,0.3844520654751898,0.2898150937404998,UNCERTAIN_AI,UNCERTAIN
QWEN_0890_Seedream_50,Qwen-Image-Bench,Seedream-5.0,modern,0.006493106171385,6.916528614104989e-05,FALSE_REAL_AI,REAL
QWEN_0894_Seedream_50,Qwen-Image-Bench,Seedream-5.0,modern,0.145323250465283,0.0331262208609444,FALSE_REAL_AI,REAL
QWEN_0919_Seedream_50,Qwen-Image-Bench,Seedream-5.0,modern,0.0911713277816811,0.0123889236130014,FALSE_REAL_AI,REAL
QWEN_0923_Seedream_50,Qwen-Image-Bench,Seedream-5.0,modern,0.1446151680148668,0.032779587068303,FALSE_REAL_AI,REAL
QWEN_0933_Seedream_50,Qwen-Image-Bench,Seedream-5.0,modern,0.1827387103035497,0.0545644221403112,FALSE_REAL_AI,REAL
QWEN_0951_Seedream_50,Qwen-Image-Bench,Seedream-5.0,modern,0.6327724636784459,0.7380999375896878,UNCERTAIN_AI,UNCERTAIN
QWEN_0964_Seedream_50,Qwen-Image-Bench,Seedream-5.0,modern,0.030771315227147,0.0014008977845788,FALSE_REAL_AI,REAL
QWEN_0965_Seedream_50,Qwen-Image-Bench,Seedream-5.0,modern,0.9683600547221362,0.9985204334056484,CORRECT_CONFIDENT_AI,AI-GENERATED
QWEN_0980_Seedream_50,Qwen-Image-Bench,Seedream-5.0,modern,0.8700055192398327,0.9739120453692388,CORRECT_CONFIDENT_AI,AI-GENERATED
QWEN_0042_gpt_image_2,Qwen-Image-Bench,gpt-image-2,modern,0.2548056718447926,0.1147157401301739,FALSE_REAL_AI,REAL
QWEN_0060_gpt_image_2,Qwen-Image-Bench,gpt-image-2,modern,0.0084840479036299,0.0001155307967819,FALSE_REAL_AI,REAL
QWEN_0065_gpt_image_2,Qwen-Image-Bench,gpt-image-2,modern,0.078606058848538,0.0091301097420939,FALSE_REAL_AI,REAL
QWEN_0074_gpt_image_2,Qwen-Image-Bench,gpt-image-2,modern,0.1113389929649287,0.018794329340004,FALSE_REAL_AI,REAL
QWEN_0078_gpt_image_2,Qwen-Image-Bench,gpt-image-2,modern,0.0962911115883941,0.0138750154490471,FALSE_REAL_AI,REAL
QWEN_0081_gpt_image_2,Qwen-Image-Bench,gpt-image-2,modern,0.0675991551135307,0.0067137007704123,FALSE_REAL_AI,REAL
QWEN_0086_gpt_image_2,Qwen-Image-Bench,gpt-image-2,modern,0.0779567188260678,0.008976376369605,FALSE_REAL_AI,REAL
QWEN_0096_gpt_image_2,Qwen-Image-Bench,gpt-image-2,modern,0.0390950293696534,0.0022447052233127,FALSE_REAL_AI,REAL
QWEN_0118_gpt_image_2,Qwen-Image-Bench,gpt-image-2,modern,0.0998063966013502,0.0149497889363131,FALSE_REAL_AI,REAL
QWEN_0127_gpt_image_2,Qwen-Image-Bench,gpt-image-2,modern,0.362873998923075,0.2550454560375178,UNCERTAIN_AI,UNCERTAIN
QWEN_0140_gpt_image_2,Qwen-Image-Bench,gpt-image-2,modern,0.0048981087234574,4.031414922230777e-05,FALSE_REAL_AI,REAL
QWEN_0148_gpt_image_2,Qwen-Image-Bench,gpt-image-2,modern,0.7731881116678,0.9117571032853626,CORRECT_CONFIDENT_AI,AI-GENERATED
QWEN_0156_gpt_image_2,Qwen-Image-Bench,gpt-image-2,modern,0.0275238563476569,0.0011259725621428,FALSE_REAL_AI,REAL
QWEN_0158_gpt_image_2,Qwen-Image-Bench,gpt-image-2,modern,0.0019419491665691,6.885575061613506e-06,FALSE_REAL_AI,REAL
QWEN_0169_gpt_image_2,Qwen-Image-Bench,gpt-image-2,modern,0.2316413007230598,0.0925213757153699,FALSE_REAL_AI,REAL
QWEN_0184_gpt_image_2,Qwen-Image-Bench,gpt-image-2,modern,0.025314666710729,0.0009561654588015,FALSE_REAL_AI,REAL
QWEN_0185_gpt_image_2,Qwen-Image-Bench,gpt-image-2,modern,0.0027347331227573,1.3234316462250154e-05,FALSE_REAL_AI,REAL
QWEN_0186_gpt_image_2,Qwen-Image-Bench,gpt-image-2,modern,0.5682469926432855,0.6278679394787592,UNCERTAIN_AI,UNCERTAIN
QWEN_0212_gpt_image_2,Qwen-Image-Bench,gpt-image-2,modern,0.0347579371516254,0.0017799014426006,FALSE_REAL_AI,REAL
QWEN_0222_gpt_image_2,Qwen-Image-Bench,gpt-image-2,modern,0.07268006009668,0.0077794062101771,FALSE_REAL_AI,REAL
QWEN_0239_gpt_image_2,Qwen-Image-Bench,gpt-image-2,modern,0.3486225821153298,0.2332057777796378,UNCERTAIN_AI,UNCERTAIN
QWEN_0260_gpt_image_2,Qwen-Image-Bench,gpt-image-2,modern,0.3888292817274014,0.2971021653636941,UNCERTAIN_AI,UNCERTAIN
QWEN_0288_gpt_image_2,Qwen-Image-Bench,gpt-image-2,modern,0.1316623849048901,0.0268070608567569,FALSE_REAL_AI,REAL
QWEN_0309_gpt_image_2,Qwen-Image-Bench,gpt-image-2,modern,0.3435573946957592,0.2256714655079389,UNCERTAIN_AI,UNCERTAIN
QWEN_0315_gpt_image_2,Qwen-Image-Bench,gpt-image-2,modern,0.5152503721378113,0.529015719610305,UNCERTAIN_AI,UNCERTAIN
QWEN_0323_gpt_image_2,Qwen-Image-Bench,gpt-image-2,modern,0.4149312526821098,0.3420200093587847,UNCERTAIN_AI,UNCERTAIN
QWEN_0335_gpt_image_2,Qwen-Image-Bench,gpt-image-2,modern,0.1306891426427379,0.0263860887433297,FALSE_REAL_AI,REAL
QWEN_0342_gpt_image_2,Qwen-Image-Bench,gpt-image-2,modern,0.0456106829688424,0.0030472728975111,FALSE_REAL_AI,REAL
QWEN_0347_gpt_image_2,Qwen-Image-Bench,gpt-image-2,modern,0.0022372444435746,9.02078108910856e-06,FALSE_REAL_AI,REAL
QWEN_0354_gpt_image_2,Qwen-Image-Bench,gpt-image-2,modern,0.0295490222195479,0.0012938731576372,FALSE_REAL_AI,REAL
QWEN_0359_gpt_image_2,Qwen-Image-Bench,gpt-image-2,modern,0.0089557271199086,0.0001281827346655,FALSE_REAL_AI,REAL
QWEN_0374_gpt_image_2,Qwen-Image-Bench,gpt-image-2,modern,0.1468295738341756,0.0338706764449921,FALSE_REAL_AI,REAL
QWEN_0386_gpt_image_2,Qwen-Image-Bench,gpt-image-2,modern,0.1247651150606276,0.0239057032131258,FALSE_REAL_AI,REAL
QWEN_0392_gpt_image_2,Qwen-Image-Bench,gpt-image-2,modern,0.2048004971932517,0.0702328076214043,FALSE_REAL_AI,REAL
QWEN_0397_gpt_image_2,Qwen-Image-Bench,gpt-image-2,modern,0.0542687999030955,0.004311522091406,FALSE_REAL_AI,REAL
QWEN_0413_gpt_image_2,Qwen-Image-Bench,gpt-image-2,modern,0.2421196310679378,0.1022161506818629,FALSE_REAL_AI,REAL
QWEN_0415_gpt_image_2,Qwen-Image-Bench,gpt-image-2,modern,0.2410308870204205,0.1011824278075125,FALSE_REAL_AI,REAL
QWEN_0420_gpt_image_2,Qwen-Image-Bench,gpt-image-2,modern,0.9130815555828812,0.9887751703553804,CORRECT_CONFIDENT_AI,AI-GENERATED
QWEN_0423_gpt_image_2,Qwen-Image-Bench,gpt-image-2,modern,0.0270319227688248,0.0010869571109614,FALSE_REAL_AI,REAL
QWEN_0430_gpt_image_2,Qwen-Image-Bench,gpt-image-2,modern,0.4103858909893684,0.3340295468007278,UNCERTAIN_AI,UNCERTAIN
QWEN_0432_gpt_image_2,Qwen-Image-Bench,gpt-image-2,modern,0.0148376111700857,0.0003389812178233,FALSE_REAL_AI,REAL
QWEN_0446_gpt_image_2,Qwen-Image-Bench,gpt-image-2,modern,0.0401083325405685,0.0023612518262486,FALSE_REAL_AI,REAL
QWEN_0451_gpt_image_2,Qwen-Image-Bench,gpt-image-2,modern,0.0143935375082651,0.0003196561312451,FALSE_REAL_AI,REAL
QWEN_0456_gpt_image_2,Qwen-Image-Bench,gpt-image-2,modern,0.6235655730210361,0.7233330397607842,UNCERTAIN_AI,UNCERTAIN
QWEN_0461_gpt_image_2,Qwen-Image-Bench,gpt-image-2,modern,0.8816919969027383,0.9786396962276496,CORRECT_CONFIDENT_AI,AI-GENERATED
QWEN_0465_gpt_image_2,Qwen-Image-Bench,gpt-image-2,modern,0.5737271876469818,0.6377660292060144,UNCERTAIN_AI,UNCERTAIN
QWEN_0471_gpt_image_2,Qwen-Image-Bench,gpt-image-2,modern,0.5795082800762523,0.6481171877717076,UNCERTAIN_AI,UNCERTAIN
QWEN_0476_gpt_image_2,Qwen-Image-Bench,gpt-image-2,modern,0.1215054413890277,0.0226003212845793,FALSE_REAL_AI,REAL
QWEN_0480_gpt_image_2,Qwen-Image-Bench,gpt-image-2,modern,0.2192667520313854,0.0817957889495417,FALSE_REAL_AI,REAL
QWEN_0507_gpt_image_2,Qwen-Image-Bench,gpt-image-2,modern,0.1681571527528674,0.0454647943228936,FALSE_REAL_AI,REAL
QWEN_0518_gpt_image_2,Qwen-Image-Bench,gpt-image-2,modern,0.1640296001483442,0.0430646266480368,FALSE_REAL_AI,REAL
QWEN_0524_gpt_image_2,Qwen-Image-Bench,gpt-image-2,modern,0.9855299692985257,0.9996770546568372,CORRECT_CONFIDENT_AI,AI-GENERATED
QWEN_0553_gpt_image_2,Qwen-Image-Bench,gpt-image-2,modern,0.0032131129818295,1.800567364903168e-05,FALSE_REAL_AI,REAL
QWEN_0592_gpt_image_2,Qwen-Image-Bench,gpt-image-2,modern,0.6002039166779789,0.6843193817682091,UNCERTAIN_AI,UNCERTAIN
QWEN_0594_gpt_image_2,Qwen-Image-Bench,gpt-image-2,modern,0.5179934825528045,0.5342239079069478,UNCERTAIN_AI,UNCERTAIN
QWEN_0597_gpt_image_2,Qwen-Image-Bench,gpt-image-2,modern,0.0866636406530763,0.0111570895331333,FALSE_REAL_AI,REAL
QWEN_0621_gpt_image_2,Qwen-Image-Bench,gpt-image-2,modern,0.0027843351619117,1.369643342017606e-05,FALSE_REAL_AI,REAL
QWEN_0634_gpt_image_2,Qwen-Image-Bench,gpt-image-2,modern,0.1237773854483115,0.0235057308390428,FALSE_REAL_AI,REAL
QWEN_0637_gpt_image_2,Qwen-Image-Bench,gpt-image-2,modern,0.044201371831116,0.0028629642153566,FALSE_REAL_AI,REAL
QWEN_0644_gpt_image_2,Qwen-Image-Bench,gpt-image-2,modern,0.4839600556906616,0.4694846592044731,UNCERTAIN_AI,UNCERTAIN
QWEN_0656_gpt_image_2,Qwen-Image-Bench,gpt-image-2,modern,0.3132465643692271,0.1832103446223982,UNCERTAIN_AI,UNCERTAIN
QWEN_0657_gpt_image_2,Qwen-Image-Bench,gpt-image-2,modern,0.0041104526981624,2.8828814713861075e-05,FALSE_REAL_AI,REAL
QWEN_0661_gpt_image_2,Qwen-Image-Bench,gpt-image-2,modern,0.0757019221986207,0.0084535371013036,FALSE_REAL_AI,REAL
QWEN_0670_gpt_image_2,Qwen-Image-Bench,gpt-image-2,modern,0.8304221692380496,0.9536913597845766,CORRECT_CONFIDENT_AI,AI-GENERATED
QWEN_0672_gpt_image_2,Qwen-Image-Bench,gpt-image-2,modern,0.0766413071462589,0.0086692912535553,FALSE_REAL_AI,REAL
QWEN_0682_gpt_image_2,Qwen-Image-Bench,gpt-image-2,modern,0.1200253504898541,0.0220213656782674,FALSE_REAL_AI,REAL
QWEN_0691_gpt_image_2,Qwen-Image-Bench,gpt-image-2,modern,0.094612417553686,0.0133774591213346,FALSE_REAL_AI,REAL
QWEN_0696_gpt_image_2,Qwen-Image-Bench,gpt-image-2,modern,0.2324837177550641,0.093279908666437,FALSE_REAL_AI,REAL
QWEN_0699_gpt_image_2,Qwen-Image-Bench,gpt-image-2,modern,0.0124102146631163,0.000240131307189,FALSE_REAL_AI,REAL
QWEN_0713_gpt_image_2,Qwen-Image-Bench,gpt-image-2,modern,0.3408484020016353,0.2216922114502201,UNCERTAIN_AI,UNCERTAIN
QWEN_0715_gpt_image_2,Qwen-Image-Bench,gpt-image-2,modern,0.1003995163859151,0.0151355467453057,FALSE_REAL_AI,REAL
QWEN_0717_gpt_image_2,Qwen-Image-Bench,gpt-image-2,modern,0.0155871322688256,0.0003728583585843,FALSE_REAL_AI,REAL
QWEN_0721_gpt_image_2,Qwen-Image-Bench,gpt-image-2,modern,0.107542005827826,0.0174739344758463,FALSE_REAL_AI,REAL
QWEN_0723_gpt_image_2,Qwen-Image-Bench,gpt-image-2,modern,0.5496326132613883,0.5937007373771008,UNCERTAIN_AI,UNCERTAIN
QWEN_0740_gpt_image_2,Qwen-Image-Bench,gpt-image-2,modern,0.0449205438195481,0.0029562733535706,FALSE_REAL_AI,REAL
QWEN_0760_gpt_image_2,Qwen-Image-Bench,gpt-image-2,modern,0.0276605858775132,0.0011369392905104,FALSE_REAL_AI,REAL
QWEN_0764_gpt_image_2,Qwen-Image-Bench,gpt-image-2,modern,0.5089256238774348,0.5169911927836908,UNCERTAIN_AI,UNCERTAIN
QWEN_0772_gpt_image_2,Qwen-Image-Bench,gpt-image-2,modern,0.4577141697186668,0.4199815008791364,UNCERTAIN_AI,UNCERTAIN
QWEN_0773_gpt_image_2,Qwen-Image-Bench,gpt-image-2,modern,0.0009285123467515,1.6862059311225918e-06,FALSE_REAL_AI,REAL
QWEN_0777_gpt_image_2,Qwen-Image-Bench,gpt-image-2,modern,0.0577994443991384,0.0048932078751627,FALSE_REAL_AI,REAL
QWEN_0778_gpt_image_2,Qwen-Image-Bench,gpt-image-2,modern,0.1710787008607855,0.0472100389600577,FALSE_REAL_AI,REAL
QWEN_0799_gpt_image_2,Qwen-Image-Bench,gpt-image-2,modern,0.1442975260868124,0.0326247760999711,FALSE_REAL_AI,REAL
QWEN_0805_gpt_image_2,Qwen-Image-Bench,gpt-image-2,modern,0.4994147827516778,0.4988856464448491,UNCERTAIN_AI,UNCERTAIN
QWEN_0820_gpt_image_2,Qwen-Image-Bench,gpt-image-2,modern,0.925349895045394,0.991784546830263,CORRECT_CONFIDENT_AI,AI-GENERATED
QWEN_0824_gpt_image_2,Qwen-Image-Bench,gpt-image-2,modern,0.0279121413030842,0.0011572553755686,FALSE_REAL_AI,REAL
QWEN_0831_gpt_image_2,Qwen-Image-Bench,gpt-image-2,modern,0.9685101284914523,0.9985341803442928,CORRECT_CONFIDENT_AI,AI-GENERATED
QWEN_0836_gpt_image_2,Qwen-Image-Bench,gpt-image-2,modern,0.2583741635504648,0.1183834047217689,FALSE_REAL_AI,REAL
QWEN_0847_gpt_image_2,Qwen-Image-Bench,gpt-image-2,modern,0.7383539288839284,0.8781950040418168,CORRECT_CONFIDENT_AI,AI-GENERATED
QWEN_0857_gpt_image_2,Qwen-Image-Bench,gpt-image-2,modern,0.1533517673669041,0.0372057475133604,FALSE_REAL_AI,REAL
QWEN_0876_gpt_image_2,Qwen-Image-Bench,gpt-image-2,modern,0.0186237837595885,0.0005262934418545,FALSE_REAL_AI,REAL
QWEN_0887_gpt_image_2,Qwen-Image-Bench,gpt-image-2,modern,0.0949477117123881,0.0134760325527099,FALSE_REAL_AI,REAL
QWEN_0890_gpt_image_2,Qwen-Image-Bench,gpt-image-2,modern,0.0056282761047402,5.2598125244902855e-05,FALSE_REAL_AI,REAL
QWEN_0894_gpt_image_2,Qwen-Image-Bench,gpt-image-2,modern,0.0533366337972045,0.0041643949088069,FALSE_REAL_AI,REAL
QWEN_0919_gpt_image_2,Qwen-Image-Bench,gpt-image-2,modern,0.0729751910354213,0.0078439121967226,FALSE_REAL_AI,REAL
QWEN_0923_gpt_image_2,Qwen-Image-Bench,gpt-image-2,modern,0.0324364584661359,0.0015536153614432,FALSE_REAL_AI,REAL
QWEN_0933_gpt_image_2,Qwen-Image-Bench,gpt-image-2,modern,0.130846920405781,0.0264540749017355,FALSE_REAL_AI,REAL
QWEN_0951_gpt_image_2,Qwen-Image-Bench,gpt-image-2,modern,0.002314614467581,9.62550565116291e-06,FALSE_REAL_AI,REAL
QWEN_0964_gpt_image_2,Qwen-Image-Bench,gpt-image-2,modern,0.1032740614000748,0.0160540300355789,FALSE_REAL_AI,REAL
QWEN_0965_gpt_image_2,Qwen-Image-Bench,gpt-image-2,modern,0.30198686153362,0.1686227397970965,UNCERTAIN_AI,UNCERTAIN
QWEN_0980_gpt_image_2,Qwen-Image-Bench,gpt-image-2,modern,0.2780697826917908,0.1398317111604882,UNCERTAIN_AI,UNCERTAIN
QWEN_0042_kling_v2_1,Qwen-Image-Bench,kling_v2_1,modern,0.3255610981466203,0.1999082145021337,UNCERTAIN_AI,UNCERTAIN
QWEN_0060_kling_v2_1,Qwen-Image-Bench,kling_v2_1,modern,0.5281183772572394,0.5533944384370073,UNCERTAIN_AI,UNCERTAIN
QWEN_0065_kling_v2_1,Qwen-Image-Bench,kling_v2_1,modern,0.6038828401486236,0.6906015236603658,UNCERTAIN_AI,UNCERTAIN
QWEN_0074_kling_v2_1,Qwen-Image-Bench,kling_v2_1,modern,0.8721731745037469,0.9748298820879396,CORRECT_CONFIDENT_AI,AI-GENERATED
QWEN_0078_kling_v2_1,Qwen-Image-Bench,kling_v2_1,modern,0.1647011025417017,0.0434499091439339,FALSE_REAL_AI,REAL
QWEN_0081_kling_v2_1,Qwen-Image-Bench,kling_v2_1,modern,0.3973548020530364,0.311506380276839,UNCERTAIN_AI,UNCERTAIN
QWEN_0086_kling_v2_1,Qwen-Image-Bench,kling_v2_1,modern,0.1669609641138168,0.0447613459763544,FALSE_REAL_AI,REAL
QWEN_0096_kling_v2_1,Qwen-Image-Bench,kling_v2_1,modern,0.0897531390893439,0.0119936970444276,FALSE_REAL_AI,REAL
QWEN_0118_kling_v2_1,Qwen-Image-Bench,kling_v2_1,modern,0.1596806576611451,0.0406178740334977,FALSE_REAL_AI,REAL
QWEN_0127_kling_v2_1,Qwen-Image-Bench,kling_v2_1,modern,0.6164711859634212,0.7117122304733261,UNCERTAIN_AI,UNCERTAIN
QWEN_0140_kling_v2_1,Qwen-Image-Bench,kling_v2_1,modern,0.0311247049592042,0.0014326409610504,FALSE_REAL_AI,REAL
QWEN_0148_kling_v2_1,Qwen-Image-Bench,kling_v2_1,modern,0.2415259358218655,0.10165169709307,FALSE_REAL_AI,REAL
QWEN_0156_kling_v2_1,Qwen-Image-Bench,kling_v2_1,modern,0.38444661349294,0.2898060646012305,UNCERTAIN_AI,UNCERTAIN
QWEN_0158_kling_v2_1,Qwen-Image-Bench,kling_v2_1,modern,0.0283770078454679,0.0011952746837965,FALSE_REAL_AI,REAL
QWEN_0169_kling_v2_1,Qwen-Image-Bench,kling_v2_1,modern,0.0857234506159355,0.0109090860548425,FALSE_REAL_AI,REAL
QWEN_0184_kling_v2_1,Qwen-Image-Bench,kling_v2_1,modern,0.2373846456078947,0.0977651245237462,FALSE_REAL_AI,REAL
QWEN_0185_kling_v2_1,Qwen-Image-Bench,kling_v2_1,modern,0.0625350310966063,0.0057347607824174,FALSE_REAL_AI,REAL
QWEN_0186_kling_v2_1,Qwen-Image-Bench,kling_v2_1,modern,0.3675209054358417,0.2623649676377858,UNCERTAIN_AI,UNCERTAIN
QWEN_0212_kling_v2_1,Qwen-Image-Bench,kling_v2_1,modern,0.5285922413752671,0.5542891719882558,UNCERTAIN_AI,UNCERTAIN
QWEN_0222_kling_v2_1,Qwen-Image-Bench,kling_v2_1,modern,0.5197276667916239,0.5375137729648254,UNCERTAIN_AI,UNCERTAIN
QWEN_0239_kling_v2_1,Qwen-Image-Bench,kling_v2_1,modern,0.1268324984248035,0.0247553914236844,FALSE_REAL_AI,REAL
QWEN_0260_kling_v2_1,Qwen-Image-Bench,kling_v2_1,modern,0.4606279658422474,0.425433596291577,UNCERTAIN_AI,UNCERTAIN
QWEN_0288_kling_v2_1,Qwen-Image-Bench,kling_v2_1,modern,0.5159793410483272,0.5304002519211566,UNCERTAIN_AI,UNCERTAIN
QWEN_0309_kling_v2_1,Qwen-Image-Bench,kling_v2_1,modern,0.4736012258623678,0.4498545274705574,UNCERTAIN_AI,UNCERTAIN
QWEN_0315_kling_v2_1,Qwen-Image-Bench,kling_v2_1,modern,0.9226020618782488,0.9911547813684772,CORRECT_CONFIDENT_AI,AI-GENERATED
QWEN_0323_kling_v2_1,Qwen-Image-Bench,kling_v2_1,modern,0.7591017080895838,0.8989430469044837,CORRECT_CONFIDENT_AI,AI-GENERATED
QWEN_0335_kling_v2_1,Qwen-Image-Bench,kling_v2_1,modern,0.3426010966813665,0.2242627267669714,UNCERTAIN_AI,UNCERTAIN
QWEN_0342_kling_v2_1,Qwen-Image-Bench,kling_v2_1,modern,0.1296055328214574,0.0259218754705689,FALSE_REAL_AI,REAL
QWEN_0347_kling_v2_1,Qwen-Image-Bench,kling_v2_1,modern,0.0617328267613162,0.0055872140319806,FALSE_REAL_AI,REAL
QWEN_0354_kling_v2_1,Qwen-Image-Bench,kling_v2_1,modern,0.3794719387856564,0.2816172590312164,UNCERTAIN_AI,UNCERTAIN
QWEN_0359_kling_v2_1,Qwen-Image-Bench,kling_v2_1,modern,0.2834566914094975,0.1460541030322223,UNCERTAIN_AI,UNCERTAIN
QWEN_0374_kling_v2_1,Qwen-Image-Bench,kling_v2_1,modern,0.033555855349171,0.001660779422523,FALSE_REAL_AI,REAL
QWEN_0386_kling_v2_1,Qwen-Image-Bench,kling_v2_1,modern,0.5186549417145263,0.5354790063987687,UNCERTAIN_AI,UNCERTAIN
QWEN_0392_kling_v2_1,Qwen-Image-Bench,kling_v2_1,modern,0.3835174241169128,0.2882689486028699,UNCERTAIN_AI,UNCERTAIN
QWEN_0397_kling_v2_1,Qwen-Image-Bench,kling_v2_1,modern,0.187496044994388,0.0577466466488159,FALSE_REAL_AI,REAL
QWEN_0413_kling_v2_1,Qwen-Image-Bench,kling_v2_1,modern,0.8085295622084394,0.93951284214788,CORRECT_CONFIDENT_AI,AI-GENERATED
QWEN_0415_kling_v2_1,Qwen-Image-Bench,kling_v2_1,modern,0.8514489502043078,0.9652667414921018,CORRECT_CONFIDENT_AI,AI-GENERATED
QWEN_0420_kling_v2_1,Qwen-Image-Bench,kling_v2_1,modern,0.9904211046438818,0.9998541281063302,CORRECT_CONFIDENT_AI,AI-GENERATED
QWEN_0423_kling_v2_1,Qwen-Image-Bench,kling_v2_1,modern,0.3699861116582496,0.2662863985976358,UNCERTAIN_AI,UNCERTAIN
QWEN_0430_kling_v2_1,Qwen-Image-Bench,kling_v2_1,modern,0.9647206584576185,0.998167124219005,CORRECT_CONFIDENT_AI,AI-GENERATED
QWEN_0432_kling_v2_1,Qwen-Image-Bench,kling_v2_1,modern,0.179567916744258,0.0525023034230863,FALSE_REAL_AI,REAL
QWEN_0446_kling_v2_1,Qwen-Image-Bench,kling_v2_1,modern,0.2270674885369382,0.088466356215435,FALSE_REAL_AI,REAL
QWEN_0451_kling_v2_1,Qwen-Image-Bench,kling_v2_1,modern,0.1626867693883991,0.042300187165731,FALSE_REAL_AI,REAL
QWEN_0456_kling_v2_1,Qwen-Image-Bench,kling_v2_1,modern,0.9006459485767471,0.9851910199623088,CORRECT_CONFIDENT_AI,AI-GENERATED
QWEN_0461_kling_v2_1,Qwen-Image-Bench,kling_v2_1,modern,0.9057462111381877,0.9867275301916916,CORRECT_CONFIDENT_AI,AI-GENERATED
QWEN_0465_kling_v2_1,Qwen-Image-Bench,kling_v2_1,modern,0.5626077758911803,0.6176014839585894,UNCERTAIN_AI,UNCERTAIN
QWEN_0471_kling_v2_1,Qwen-Image-Bench,kling_v2_1,modern,0.7180475176203327,0.8556987906771215,UNCERTAIN_AI,UNCERTAIN
QWEN_0476_kling_v2_1,Qwen-Image-Bench,kling_v2_1,modern,0.9084151477233456,0.9874944995384056,CORRECT_CONFIDENT_AI,AI-GENERATED
QWEN_0480_kling_v2_1,Qwen-Image-Bench,kling_v2_1,modern,0.2656003687375395,0.1260153357664493,UNCERTAIN_AI,UNCERTAIN
QWEN_0507_kling_v2_1,Qwen-Image-Bench,kling_v2_1,modern,0.9416688164073512,0.9950158175134476,CORRECT_CONFIDENT_AI,AI-GENERATED
QWEN_0518_kling_v2_1,Qwen-Image-Bench,kling_v2_1,modern,0.0692661816506232,0.0070540593072573,FALSE_REAL_AI,REAL
QWEN_0524_kling_v2_1,Qwen-Image-Bench,kling_v2_1,modern,0.9077585637795186,0.9873081604694434,CORRECT_CONFIDENT_AI,AI-GENERATED
QWEN_0553_kling_v2_1,Qwen-Image-Bench,kling_v2_1,modern,0.118198938000858,0.0213187078415813,FALSE_REAL_AI,REAL
QWEN_0592_kling_v2_1,Qwen-Image-Bench,kling_v2_1,modern,0.9151034813323216,0.989306514671581,CORRECT_CONFIDENT_AI,AI-GENERATED
QWEN_0594_kling_v2_1,Qwen-Image-Bench,kling_v2_1,modern,0.9459217282302628,0.9957187678191736,CORRECT_CONFIDENT_AI,AI-GENERATED
QWEN_0597_kling_v2_1,Qwen-Image-Bench,kling_v2_1,modern,0.3008351690236263,0.1671676943576279,UNCERTAIN_AI,UNCERTAIN
QWEN_0621_kling_v2_1,Qwen-Image-Bench,kling_v2_1,modern,0.0261389846441476,0.0010179004935226,FALSE_REAL_AI,REAL
QWEN_0634_kling_v2_1,Qwen-Image-Bench,kling_v2_1,modern,0.9902124049385154,0.9998479566778078,CORRECT_CONFIDENT_AI,AI-GENERATED
QWEN_0637_kling_v2_1,Qwen-Image-Bench,kling_v2_1,modern,0.8451667822634298,0.962011201428434,CORRECT_CONFIDENT_AI,AI-GENERATED
QWEN_0644_kling_v2_1,Qwen-Image-Bench,kling_v2_1,modern,0.9914320747838916,0.9998822658489932,CORRECT_CONFIDENT_AI,AI-GENERATED
QWEN_0656_kling_v2_1,Qwen-Image-Bench,kling_v2_1,modern,0.4804173310499918,0.4627612101017967,UNCERTAIN_AI,UNCERTAIN
QWEN_0657_kling_v2_1,Qwen-Image-Bench,kling_v2_1,modern,0.0600786554382378,0.0052894087612228,FALSE_REAL_AI,REAL
QWEN_0661_kling_v2_1,Qwen-Image-Bench,kling_v2_1,modern,0.669310610569788,0.7929127204353235,UNCERTAIN_AI,UNCERTAIN
QWEN_0670_kling_v2_1,Qwen-Image-Bench,kling_v2_1,modern,0.8526668850302734,0.965878317863512,CORRECT_CONFIDENT_AI,AI-GENERATED
QWEN_0672_kling_v2_1,Qwen-Image-Bench,kling_v2_1,modern,0.9076324468508674,0.9872721937483,CORRECT_CONFIDENT_AI,AI-GENERATED
QWEN_0682_kling_v2_1,Qwen-Image-Bench,kling_v2_1,modern,0.7067236978550206,0.8422103539039455,UNCERTAIN_AI,UNCERTAIN
QWEN_0691_kling_v2_1,Qwen-Image-Bench,kling_v2_1,modern,0.8972332200075135,0.9841102596065572,CORRECT_CONFIDENT_AI,AI-GENERATED
QWEN_0696_kling_v2_1,Qwen-Image-Bench,kling_v2_1,modern,0.7357698639239988,0.8754529381782363,UNCERTAIN_AI,UNCERTAIN
QWEN_0699_kling_v2_1,Qwen-Image-Bench,kling_v2_1,modern,0.329734714784729,0.2057409114266448,UNCERTAIN_AI,UNCERTAIN
QWEN_0713_kling_v2_1,Qwen-Image-Bench,kling_v2_1,modern,0.5514265829399086,0.5970264562789149,UNCERTAIN_AI,UNCERTAIN
QWEN_0715_kling_v2_1,Qwen-Image-Bench,kling_v2_1,modern,0.760066841656446,0.899853610011195,CORRECT_CONFIDENT_AI,AI-GENERATED
QWEN_0717_kling_v2_1,Qwen-Image-Bench,kling_v2_1,modern,0.9223152015240684,0.9910875801805352,CORRECT_CONFIDENT_AI,AI-GENERATED
QWEN_0721_kling_v2_1,Qwen-Image-Bench,kling_v2_1,modern,0.5576981472436735,0.6086010180385568,UNCERTAIN_AI,UNCERTAIN
QWEN_0723_kling_v2_1,Qwen-Image-Bench,kling_v2_1,modern,0.3340292305266714,0.2118329157669297,UNCERTAIN_AI,UNCERTAIN
QWEN_0740_kling_v2_1,Qwen-Image-Bench,kling_v2_1,modern,0.8694741148228265,0.9736841528281348,CORRECT_CONFIDENT_AI,AI-GENERATED
QWEN_0760_kling_v2_1,Qwen-Image-Bench,kling_v2_1,modern,0.0351762324526592,0.0018223372383074,FALSE_REAL_AI,REAL
QWEN_0764_kling_v2_1,Qwen-Image-Bench,kling_v2_1,modern,0.1509237857599187,0.0359429018882905,FALSE_REAL_AI,REAL
QWEN_0772_kling_v2_1,Qwen-Image-Bench,kling_v2_1,modern,0.2481424487596452,0.1080458174040475,FALSE_REAL_AI,REAL
QWEN_0773_kling_v2_1,Qwen-Image-Bench,kling_v2_1,modern,0.0060735774484459,6.085643902329918e-05,FALSE_REAL_AI,REAL
QWEN_0777_kling_v2_1,Qwen-Image-Bench,kling_v2_1,modern,0.0496188898224448,0.0036041646598988,FALSE_REAL_AI,REAL
QWEN_0778_kling_v2_1,Qwen-Image-Bench,kling_v2_1,modern,0.0334801123443884,0.0016534138872818,FALSE_REAL_AI,REAL
QWEN_0799_kling_v2_1,Qwen-Image-Bench,kling_v2_1,modern,0.4673274135324264,0.4380174263734237,UNCERTAIN_AI,UNCERTAIN
QWEN_0805_kling_v2_1,Qwen-Image-Bench,kling_v2_1,modern,0.0939806541418789,0.0131928167279021,FALSE_REAL_AI,REAL
QWEN_0820_kling_v2_1,Qwen-Image-Bench,kling_v2_1,modern,0.9629957709093848,0.9979862319640972,CORRECT_CONFIDENT_AI,AI-GENERATED
QWEN_0824_kling_v2_1,Qwen-Image-Bench,kling_v2_1,modern,0.0706574275967572,0.0073450442835414,FALSE_REAL_AI,REAL
QWEN_0831_kling_v2_1,Qwen-Image-Bench,kling_v2_1,modern,0.9516908172314708,0.996583149656468,CORRECT_CONFIDENT_AI,AI-GENERATED
QWEN_0836_kling_v2_1,Qwen-Image-Bench,kling_v2_1,modern,0.0612794091021416,0.0055047221829589,FALSE_REAL_AI,REAL
QWEN_0847_kling_v2_1,Qwen-Image-Bench,kling_v2_1,modern,0.9676158506480732,0.998451303792305,CORRECT_CONFIDENT_AI,AI-GENERATED
QWEN_0857_kling_v2_1,Qwen-Image-Bench,kling_v2_1,modern,0.0506558832671361,0.003756177362569,FALSE_REAL_AI,REAL
QWEN_0876_kling_v2_1,Qwen-Image-Bench,kling_v2_1,modern,0.4438599332406921,0.3942666977034929,UNCERTAIN_AI,UNCERTAIN
QWEN_0887_kling_v2_1,Qwen-Image-Bench,kling_v2_1,modern,0.6772329030845124,0.8039476754593441,UNCERTAIN_AI,UNCERTAIN
QWEN_0890_kling_v2_1,Qwen-Image-Bench,kling_v2_1,modern,0.2449606696303993,0.1049425753364233,FALSE_REAL_AI,REAL
QWEN_0894_kling_v2_1,Qwen-Image-Bench,kling_v2_1,modern,0.1875299044369425,0.0577696777231653,FALSE_REAL_AI,REAL
QWEN_0919_kling_v2_1,Qwen-Image-Bench,kling_v2_1,modern,0.6077735759928646,0.6971910827227346,UNCERTAIN_AI,UNCERTAIN
QWEN_0923_kling_v2_1,Qwen-Image-Bench,kling_v2_1,modern,0.2624843971209732,0.1226907308393845,FALSE_REAL_AI,REAL
QWEN_0933_kling_v2_1,Qwen-Image-Bench,kling_v2_1,modern,0.9809505642167752,0.999450124462354,CORRECT_CONFIDENT_AI,AI-GENERATED
QWEN_0951_kling_v2_1,Qwen-Image-Bench,kling_v2_1,modern,0.8441849495981587,0.961486982034658,CORRECT_CONFIDENT_AI,AI-GENERATED
QWEN_0964_kling_v2_1,Qwen-Image-Bench,kling_v2_1,modern,0.1442719258687951,0.0326123176850875,FALSE_REAL_AI,REAL
QWEN_0965_kling_v2_1,Qwen-Image-Bench,kling_v2_1,modern,0.7359526812210802,0.8756480887880005,UNCERTAIN_AI,UNCERTAIN
QWEN_0980_kling_v2_1,Qwen-Image-Bench,kling_v2_1,modern,0.713811185725785,0.8507316083622237,UNCERTAIN_AI,UNCERTAIN
QWEN_0042_nano_banana_20,Qwen-Image-Bench,nano-banana-2.0,modern,0.098149360262033,0.0144375968281778,FALSE_REAL_AI,REAL
QWEN_0060_nano_banana_20,Qwen-Image-Bench,nano-banana-2.0,modern,0.1733198542906456,0.0485751000347329,FALSE_REAL_AI,REAL
QWEN_0065_nano_banana_20,Qwen-Image-Bench,nano-banana-2.0,modern,0.3511061577445043,0.2369442970575519,UNCERTAIN_AI,UNCERTAIN
QWEN_0074_nano_banana_20,Qwen-Image-Bench,nano-banana-2.0,modern,0.3196867063732551,0.1918468470808123,UNCERTAIN_AI,UNCERTAIN
QWEN_0078_nano_banana_20,Qwen-Image-Bench,nano-banana-2.0,modern,0.228796980719838,0.0899871180002904,FALSE_REAL_AI,REAL
QWEN_0081_nano_banana_20,Qwen-Image-Bench,nano-banana-2.0,modern,0.1198793766504986,0.0219647295423794,FALSE_REAL_AI,REAL
QWEN_0086_nano_banana_20,Qwen-Image-Bench,nano-banana-2.0,modern,0.0560573561681937,0.004601346488191,FALSE_REAL_AI,REAL
QWEN_0096_nano_banana_20,Qwen-Image-Bench,nano-banana-2.0,modern,0.0907538218499276,0.0122718362105889,FALSE_REAL_AI,REAL
QWEN_0118_nano_banana_20,Qwen-Image-Bench,nano-banana-2.0,modern,0.3510575646974309,0.2368708730080757,UNCERTAIN_AI,UNCERTAIN
QWEN_0127_nano_banana_20,Qwen-Image-Bench,nano-banana-2.0,modern,0.0419754561710211,0.0025839464551545,FALSE_REAL_AI,REAL
QWEN_0140_nano_banana_20,Qwen-Image-Bench,nano-banana-2.0,modern,0.0337637054878375,0.0016810769386114,FALSE_REAL_AI,REAL
QWEN_0148_nano_banana_20,Qwen-Image-Bench,nano-banana-2.0,modern,0.0972727500389751,0.0141706541244799,FALSE_REAL_AI,REAL
QWEN_0156_nano_banana_20,Qwen-Image-Bench,nano-banana-2.0,modern,0.0311188001796569,0.0014321076128462,FALSE_REAL_AI,REAL
QWEN_0158_nano_banana_20,Qwen-Image-Bench,nano-banana-2.0,modern,0.0091389623452397,0.0001332690835046,FALSE_REAL_AI,REAL
QWEN_0169_nano_banana_20,Qwen-Image-Bench,nano-banana-2.0,modern,0.0282338440575314,0.0011835001435658,FALSE_REAL_AI,REAL
QWEN_0184_nano_banana_20,Qwen-Image-Bench,nano-banana-2.0,modern,0.1566936852224826,0.0389856988789245,FALSE_REAL_AI,REAL
QWEN_0185_nano_banana_20,Qwen-Image-Bench,nano-banana-2.0,modern,0.0187737846299209,0.0005345455913026,FALSE_REAL_AI,REAL
QWEN_0186_nano_banana_20,Qwen-Image-Bench,nano-banana-2.0,modern,0.089317899051514,0.0118738196338714,FALSE_REAL_AI,REAL
QWEN_0212_nano_banana_20,Qwen-Image-Bench,nano-banana-2.0,modern,0.1370859488513868,0.0292235755830788,FALSE_REAL_AI,REAL
QWEN_0222_nano_banana_20,Qwen-Image-Bench,nano-banana-2.0,modern,0.0362582644349651,0.0019344719192075,FALSE_REAL_AI,REAL
QWEN_0239_nano_banana_20,Qwen-Image-Bench,nano-banana-2.0,modern,0.4278989092165024,0.365162510124781,UNCERTAIN_AI,UNCERTAIN
QWEN_0260_nano_banana_20,Qwen-Image-Bench,nano-banana-2.0,modern,0.1417959433147176,0.0314203845186977,FALSE_REAL_AI,REAL
QWEN_0288_nano_banana_20,Qwen-Image-Bench,nano-banana-2.0,modern,0.0509603740739099,0.0038014358342718,FALSE_REAL_AI,REAL
QWEN_0309_nano_banana_20,Qwen-Image-Bench,nano-banana-2.0,modern,0.1699421014907187,0.0465264772167449,FALSE_REAL_AI,REAL
QWEN_0315_nano_banana_20,Qwen-Image-Bench,nano-banana-2.0,modern,0.5683013336241189,0.6279664788748128,UNCERTAIN_AI,UNCERTAIN
QWEN_0323_nano_banana_20,Qwen-Image-Bench,nano-banana-2.0,modern,0.2221547217571598,0.0842294537825547,FALSE_REAL_AI,REAL
QWEN_0335_nano_banana_20,Qwen-Image-Bench,nano-banana-2.0,modern,0.0203446098082606,0.0006247718151743,FALSE_REAL_AI,REAL
QWEN_0342_nano_banana_20,Qwen-Image-Bench,nano-banana-2.0,modern,0.0095588696173337,0.0001452862348052,FALSE_REAL_AI,REAL
QWEN_0347_nano_banana_20,Qwen-Image-Bench,nano-banana-2.0,modern,0.0005155496867443,5.495667871495008e-07,FALSE_REAL_AI,REAL
QWEN_0354_nano_banana_20,Qwen-Image-Bench,nano-banana-2.0,modern,0.0091533412819206,0.0001336722763647,FALSE_REAL_AI,REAL
QWEN_0359_nano_banana_20,Qwen-Image-Bench,nano-banana-2.0,modern,0.0020364208437594,7.538773359066898e-06,FALSE_REAL_AI,REAL
QWEN_0374_nano_banana_20,Qwen-Image-Bench,nano-banana-2.0,modern,0.3607445601189835,0.2517233427717889,UNCERTAIN_AI,UNCERTAIN
QWEN_0386_nano_banana_20,Qwen-Image-Bench,nano-banana-2.0,modern,0.3937547338208574,0.3053905933672646,UNCERTAIN_AI,UNCERTAIN
QWEN_0392_nano_banana_20,Qwen-Image-Bench,nano-banana-2.0,modern,0.4499728220276421,0.4055672653658381,UNCERTAIN_AI,UNCERTAIN
QWEN_0397_nano_banana_20,Qwen-Image-Bench,nano-banana-2.0,modern,0.0023807637924869,1.015735775857875e-05,FALSE_REAL_AI,REAL
QWEN_0413_nano_banana_20,Qwen-Image-Bench,nano-banana-2.0,modern,0.1730593785840484,0.0484152711870194,FALSE_REAL_AI,REAL
QWEN_0415_nano_banana_20,Qwen-Image-Bench,nano-banana-2.0,modern,0.1182320634816942,0.0213313365715602,FALSE_REAL_AI,REAL
QWEN_0420_nano_banana_20,Qwen-Image-Bench,nano-banana-2.0,modern,0.6732212965759041,0.7983991538099273,UNCERTAIN_AI,UNCERTAIN
QWEN_0423_nano_banana_20,Qwen-Image-Bench,nano-banana-2.0,modern,0.0124092816730249,0.0002400965089956,FALSE_REAL_AI,REAL
QWEN_0430_nano_banana_20,Qwen-Image-Bench,nano-banana-2.0,modern,0.5497429173201244,0.5939054040601902,UNCERTAIN_AI,UNCERTAIN
QWEN_0432_nano_banana_20,Qwen-Image-Bench,nano-banana-2.0,modern,0.0822723291716075,0.0100248792665762,FALSE_REAL_AI,REAL
QWEN_0446_nano_banana_20,Qwen-Image-Bench,nano-banana-2.0,modern,0.8096065703888402,0.9402629014009138,CORRECT_CONFIDENT_AI,AI-GENERATED
QWEN_0451_nano_banana_20,Qwen-Image-Bench,nano-banana-2.0,modern,0.3698621834039347,0.2660886360768034,UNCERTAIN_AI,UNCERTAIN
QWEN_0456_nano_banana_20,Qwen-Image-Bench,nano-banana-2.0,modern,0.5729697757649237,0.6364028628824941,UNCERTAIN_AI,UNCERTAIN
QWEN_0461_nano_banana_20,Qwen-Image-Bench,nano-banana-2.0,modern,0.2980503495409529,0.1636779249375526,UNCERTAIN_AI,UNCERTAIN
QWEN_0465_nano_banana_20,Qwen-Image-Bench,nano-banana-2.0,modern,0.6587684808441806,0.7777471697511662,UNCERTAIN_AI,UNCERTAIN
QWEN_0471_nano_banana_20,Qwen-Image-Bench,nano-banana-2.0,modern,0.6106151362320482,0.7019675623173245,UNCERTAIN_AI,UNCERTAIN
QWEN_0476_nano_banana_20,Qwen-Image-Bench,nano-banana-2.0,modern,0.0830017524642149,0.0102083556805293,FALSE_REAL_AI,REAL
QWEN_0480_nano_banana_20,Qwen-Image-Bench,nano-banana-2.0,modern,0.0468453200121978,0.0032136389229832,FALSE_REAL_AI,REAL
QWEN_0507_nano_banana_20,Qwen-Image-Bench,nano-banana-2.0,modern,0.398466676458109,0.3134048509190931,UNCERTAIN_AI,UNCERTAIN
QWEN_0518_nano_banana_20,Qwen-Image-Bench,nano-banana-2.0,modern,0.0391570707480284,0.0022517540742817,FALSE_REAL_AI,REAL
QWEN_0524_nano_banana_20,Qwen-Image-Bench,nano-banana-2.0,modern,0.8480662434361786,0.963534876957714,CORRECT_CONFIDENT_AI,AI-GENERATED
QWEN_0553_nano_banana_20,Qwen-Image-Bench,nano-banana-2.0,modern,0.0216378180596143,0.0007042757458025,FALSE_REAL_AI,REAL
QWEN_0592_nano_banana_20,Qwen-Image-Bench,nano-banana-2.0,modern,0.0215925124669296,0.0007014106272637,FALSE_REAL_AI,REAL
QWEN_0594_nano_banana_20,Qwen-Image-Bench,nano-banana-2.0,modern,0.2482573036551626,0.108158823529445,FALSE_REAL_AI,REAL
QWEN_0597_nano_banana_20,Qwen-Image-Bench,nano-banana-2.0,modern,0.1074995928292654,0.017459490949884,FALSE_REAL_AI,REAL
QWEN_0621_nano_banana_20,Qwen-Image-Bench,nano-banana-2.0,modern,0.0148974023033744,0.0003416256186828,FALSE_REAL_AI,REAL
QWEN_0634_nano_banana_20,Qwen-Image-Bench,nano-banana-2.0,modern,0.0233174714090858,0.0008145925222641,FALSE_REAL_AI,REAL
QWEN_0637_nano_banana_20,Qwen-Image-Bench,nano-banana-2.0,modern,0.1580104250697711,0.0397003839950573,FALSE_REAL_AI,REAL
QWEN_0644_nano_banana_20,Qwen-Image-Bench,nano-banana-2.0,modern,0.3203797027671505,0.1927887671667134,UNCERTAIN_AI,UNCERTAIN
QWEN_0656_nano_banana_20,Qwen-Image-Bench,nano-banana-2.0,modern,0.007404463506076,8.897226061422763e-05,FALSE_REAL_AI,REAL
QWEN_0657_nano_banana_20,Qwen-Image-Bench,nano-banana-2.0,modern,0.0016725083153932,5.178391094409063e-06,FALSE_REAL_AI,REAL
QWEN_0661_nano_banana_20,Qwen-Image-Bench,nano-banana-2.0,modern,0.2913022240378481,0.1553897182864246,UNCERTAIN_AI,UNCERTAIN
QWEN_0670_nano_banana_20,Qwen-Image-Bench,nano-banana-2.0,modern,0.2835553612165964,0.1461695020577579,UNCERTAIN_AI,UNCERTAIN
QWEN_0672_nano_banana_20,Qwen-Image-Bench,nano-banana-2.0,modern,0.0167756347767977,0.0004298189325289,FALSE_REAL_AI,REAL
QWEN_0682_nano_banana_20,Qwen-Image-Bench,nano-banana-2.0,modern,0.5227871069119433,0.543311849512741,UNCERTAIN_AI,UNCERTAIN
QWEN_0691_nano_banana_20,Qwen-Image-Bench,nano-banana-2.0,modern,0.5726514511068452,0.635829480536973,UNCERTAIN_AI,UNCERTAIN
QWEN_0696_nano_banana_20,Qwen-Image-Bench,nano-banana-2.0,modern,0.1641095034768393,0.0431103666944557,FALSE_REAL_AI,REAL
QWEN_0699_nano_banana_20,Qwen-Image-Bench,nano-banana-2.0,modern,0.0018729279945643,6.426222635070754e-06,FALSE_REAL_AI,REAL
QWEN_0713_nano_banana_20,Qwen-Image-Bench,nano-banana-2.0,modern,0.1230699702861442,0.023221636515153,FALSE_REAL_AI,REAL
QWEN_0715_nano_banana_20,Qwen-Image-Bench,nano-banana-2.0,modern,0.0330127332236574,0.0016083316430019,FALSE_REAL_AI,REAL
QWEN_0717_nano_banana_20,Qwen-Image-Bench,nano-banana-2.0,modern,0.0352189472271293,0.0018266992635335,FALSE_REAL_AI,REAL
QWEN_0721_nano_banana_20,Qwen-Image-Bench,nano-banana-2.0,modern,0.11284752260313,0.0193340256554789,FALSE_REAL_AI,REAL
QWEN_0723_nano_banana_20,Qwen-Image-Bench,nano-banana-2.0,modern,0.0072745733243193,8.600270198253272e-05,FALSE_REAL_AI,REAL
QWEN_0740_nano_banana_20,Qwen-Image-Bench,nano-banana-2.0,modern,0.0995813652312355,0.0148796467955797,FALSE_REAL_AI,REAL
QWEN_0760_nano_banana_20,Qwen-Image-Bench,nano-banana-2.0,modern,0.0033664247841246,1.9682572895592266e-05,FALSE_REAL_AI,REAL
QWEN_0764_nano_banana_20,Qwen-Image-Bench,nano-banana-2.0,modern,0.0925001520580221,0.0127656822957913,FALSE_REAL_AI,REAL
QWEN_0772_nano_banana_20,Qwen-Image-Bench,nano-banana-2.0,modern,0.6028103471366645,0.6887752197909349,UNCERTAIN_AI,UNCERTAIN
QWEN_0773_nano_banana_20,Qwen-Image-Bench,nano-banana-2.0,modern,0.0046241987248912,3.611127010425025e-05,FALSE_REAL_AI,REAL
QWEN_0777_nano_banana_20,Qwen-Image-Bench,nano-banana-2.0,modern,0.0104747355858804,0.0001732377827193,FALSE_REAL_AI,REAL
QWEN_0778_nano_banana_20,Qwen-Image-Bench,nano-banana-2.0,modern,0.042259989706174,0.0026187905022302,FALSE_REAL_AI,REAL
QWEN_0799_nano_banana_20,Qwen-Image-Bench,nano-banana-2.0,modern,0.1382769440620853,0.0297703875512952,FALSE_REAL_AI,REAL
QWEN_0805_nano_banana_20,Qwen-Image-Bench,nano-banana-2.0,modern,0.1840397008621466,0.0554241017649785,FALSE_REAL_AI,REAL
QWEN_0820_nano_banana_20,Qwen-Image-Bench,nano-banana-2.0,modern,0.9359533877311568,0.9939816491027376,CORRECT_CONFIDENT_AI,AI-GENERATED
QWEN_0824_nano_banana_20,Qwen-Image-Bench,nano-banana-2.0,modern,0.5377743432384201,0.5715712769752714,UNCERTAIN_AI,UNCERTAIN
QWEN_0831_nano_banana_20,Qwen-Image-Bench,nano-banana-2.0,modern,0.8591392527457611,0.9690231394770872,CORRECT_CONFIDENT_AI,AI-GENERATED
QWEN_0836_nano_banana_20,Qwen-Image-Bench,nano-banana-2.0,modern,0.0573441481903534,0.0048160151402023,FALSE_REAL_AI,REAL
QWEN_0847_nano_banana_20,Qwen-Image-Bench,nano-banana-2.0,modern,0.1829666901961779,0.0547144959381018,FALSE_REAL_AI,REAL
QWEN_0857_nano_banana_20,Qwen-Image-Bench,nano-banana-2.0,modern,0.0076477888432891,9.466596230656988e-05,FALSE_REAL_AI,REAL
QWEN_0876_nano_banana_20,Qwen-Image-Bench,nano-banana-2.0,modern,0.0157995048574339,0.0003827448243302,FALSE_REAL_AI,REAL
QWEN_0887_nano_banana_20,Qwen-Image-Bench,nano-banana-2.0,modern,0.0157434909207272,0.000380124910134,FALSE_REAL_AI,REAL
QWEN_0890_nano_banana_20,Qwen-Image-Bench,nano-banana-2.0,modern,0.0252581371475551,0.0009520026205039,FALSE_REAL_AI,REAL
QWEN_0894_nano_banana_20,Qwen-Image-Bench,nano-banana-2.0,modern,0.0420507244672683,0.0025931404394179,FALSE_REAL_AI,REAL
QWEN_0919_nano_banana_20,Qwen-Image-Bench,nano-banana-2.0,modern,0.026882475187763,0.0010752410626092,FALSE_REAL_AI,REAL
QWEN_0923_nano_banana_20,Qwen-Image-Bench,nano-banana-2.0,modern,0.0274400623238421,0.001119278031485,FALSE_REAL_AI,REAL
QWEN_0933_nano_banana_20,Qwen-Image-Bench,nano-banana-2.0,modern,0.0442832660818225,0.0028735115199069,FALSE_REAL_AI,REAL
QWEN_0951_nano_banana_20,Qwen-Image-Bench,nano-banana-2.0,modern,0.0088558403839388,0.0001254503883246,FALSE_REAL_AI,REAL
QWEN_0964_nano_banana_20,Qwen-Image-Bench,nano-banana-2.0,modern,0.0052684405140022,4.634861294407808e-05,FALSE_REAL_AI,REAL
QWEN_0965_nano_banana_20,Qwen-Image-Bench,nano-banana-2.0,modern,0.7482732320169793,0.8883951063726823,CORRECT_CONFIDENT_AI,AI-GENERATED
QWEN_0980_nano_banana_20,Qwen-Image-Bench,nano-banana-2.0,modern,0.0266592763205043,0.0010578617770463,FALSE_REAL_AI,REAL
QWEN_0042_nano_banana_pro,Qwen-Image-Bench,nano-banana-pro,modern,0.1877853656111375,0.0579436163210085,FALSE_REAL_AI,REAL
QWEN_0060_nano_banana_pro,Qwen-Image-Bench,nano-banana-pro,modern,0.0568419508891419,0.0047316218764222,FALSE_REAL_AI,REAL
QWEN_0065_nano_banana_pro,Qwen-Image-Bench,nano-banana-pro,modern,0.0564066194600645,0.004659101920976,FALSE_REAL_AI,REAL
QWEN_0074_nano_banana_pro,Qwen-Image-Bench,nano-banana-pro,modern,0.0899592253172646,0.0120506908529261,FALSE_REAL_AI,REAL
QWEN_0078_nano_banana_pro,Qwen-Image-Bench,nano-banana-pro,modern,0.2325174999305936,0.0933104028431833,FALSE_REAL_AI,REAL
QWEN_0081_nano_banana_pro,Qwen-Image-Bench,nano-banana-pro,modern,0.0258464678241039,0.000995772013829,FALSE_REAL_AI,REAL
QWEN_0086_nano_banana_pro,Qwen-Image-Bench,nano-banana-pro,modern,0.0435558742389332,0.0027805309205489,FALSE_REAL_AI,REAL
QWEN_0096_nano_banana_pro,Qwen-Image-Bench,nano-banana-pro,modern,0.1344615675269072,0.0280392570933607,FALSE_REAL_AI,REAL
QWEN_0118_nano_banana_pro,Qwen-Image-Bench,nano-banana-pro,modern,0.4596350308917921,0.4235741617201041,UNCERTAIN_AI,UNCERTAIN
QWEN_0127_nano_banana_pro,Qwen-Image-Bench,nano-banana-pro,modern,0.0587346155999738,0.0050537966077303,FALSE_REAL_AI,REAL
QWEN_0140_nano_banana_pro,Qwen-Image-Bench,nano-banana-pro,modern,0.0462126650454922,0.0031278162866934,FALSE_REAL_AI,REAL
QWEN_0148_nano_banana_pro,Qwen-Image-Bench,nano-banana-pro,modern,0.0507234000417771,0.0037661883834531,FALSE_REAL_AI,REAL
QWEN_0156_nano_banana_pro,Qwen-Image-Bench,nano-banana-pro,modern,0.0444628493333389,0.0028967105839254,FALSE_REAL_AI,REAL
QWEN_0158_nano_banana_pro,Qwen-Image-Bench,nano-banana-pro,modern,0.0067936699833457,7.543213047563754e-05,FALSE_REAL_AI,REAL
QWEN_0169_nano_banana_pro,Qwen-Image-Bench,nano-banana-pro,modern,0.0184906634928879,0.000519023043848,FALSE_REAL_AI,REAL
QWEN_0184_nano_banana_pro,Qwen-Image-Bench,nano-banana-pro,modern,0.0229929861030194,0.0007926588439952,FALSE_REAL_AI,REAL
QWEN_0185_nano_banana_pro,Qwen-Image-Bench,nano-banana-pro,modern,0.0113841485232564,0.0002033480501748,FALSE_REAL_AI,REAL
QWEN_0186_nano_banana_pro,Qwen-Image-Bench,nano-banana-pro,modern,0.3111040112211226,0.1803841374862944,UNCERTAIN_AI,UNCERTAIN
QWEN_0212_nano_banana_pro,Qwen-Image-Bench,nano-banana-pro,modern,0.0225735488680994,0.0007647484543782,FALSE_REAL_AI,REAL
QWEN_0222_nano_banana_pro,Qwen-Image-Bench,nano-banana-pro,modern,0.2548366037708496,0.1147472448083462,FALSE_REAL_AI,REAL
QWEN_0239_nano_banana_pro,Qwen-Image-Bench,nano-banana-pro,modern,0.4829805077739022,0.4676247767643189,UNCERTAIN_AI,UNCERTAIN
QWEN_0260_nano_banana_pro,Qwen-Image-Bench,nano-banana-pro,modern,0.4460246445030323,0.3982596471571855,UNCERTAIN_AI,UNCERTAIN
QWEN_0288_nano_banana_pro,Qwen-Image-Bench,nano-banana-pro,modern,0.0568423939186627,0.00473169597974,FALSE_REAL_AI,REAL
QWEN_0309_nano_banana_pro,Qwen-Image-Bench,nano-banana-pro,modern,0.0559210159474061,0.0045789037890497,FALSE_REAL_AI,REAL
QWEN_0315_nano_banana_pro,Qwen-Image-Bench,nano-banana-pro,modern,0.5680771703352031,0.6275599423566135,UNCERTAIN_AI,UNCERTAIN
QWEN_0323_nano_banana_pro,Qwen-Image-Bench,nano-banana-pro,modern,0.0323105399188942,0.0015417873532616,FALSE_REAL_AI,REAL
QWEN_0335_nano_banana_pro,Qwen-Image-Bench,nano-banana-pro,modern,0.0083636348003285,0.0001124028957422,FALSE_REAL_AI,REAL
QWEN_0342_nano_banana_pro,Qwen-Image-Bench,nano-banana-pro,modern,0.002124082089838,8.170085280557243e-06,FALSE_REAL_AI,REAL
QWEN_0347_nano_banana_pro,Qwen-Image-Bench,nano-banana-pro,modern,0.0007038670256013,9.946231535518568e-07,FALSE_REAL_AI,REAL
QWEN_0354_nano_banana_pro,Qwen-Image-Bench,nano-banana-pro,modern,0.0022653303954493,9.238136069243164e-06,FALSE_REAL_AI,REAL
QWEN_0359_nano_banana_pro,Qwen-Image-Bench,nano-banana-pro,modern,0.0569027971187065,0.0047418050518276,FALSE_REAL_AI,REAL
QWEN_0374_nano_banana_pro,Qwen-Image-Bench,nano-banana-pro,modern,0.0392527274451283,0.0022626443412215,FALSE_REAL_AI,REAL
QWEN_0386_nano_banana_pro,Qwen-Image-Bench,nano-banana-pro,modern,0.1063025011038104,0.0170545953100094,FALSE_REAL_AI,REAL
QWEN_0392_nano_banana_pro,Qwen-Image-Bench,nano-banana-pro,modern,0.2111400738735392,0.0751720931063824,FALSE_REAL_AI,REAL
QWEN_0397_nano_banana_pro,Qwen-Image-Bench,nano-banana-pro,modern,0.0029621109732045,1.541480369110529e-05,FALSE_REAL_AI,REAL
QWEN_0413_nano_banana_pro,Qwen-Image-Bench,nano-banana-pro,modern,0.1347401063106839,0.0281636159604804,FALSE_REAL_AI,REAL
QWEN_0415_nano_banana_pro,Qwen-Image-Bench,nano-banana-pro,modern,0.1079286770148042,0.0176059233958648,FALSE_REAL_AI,REAL
QWEN_0420_nano_banana_pro,Qwen-Image-Bench,nano-banana-pro,modern,0.9782385257737646,0.9992878747435556,CORRECT_CONFIDENT_AI,AI-GENERATED
QWEN_0423_nano_banana_pro,Qwen-Image-Bench,nano-banana-pro,modern,0.0220612130663241,0.0007313315448923,FALSE_REAL_AI,REAL
QWEN_0430_nano_banana_pro,Qwen-Image-Bench,nano-banana-pro,modern,0.4716270516145858,0.4461248579384763,UNCERTAIN_AI,UNCERTAIN
QWEN_0432_nano_banana_pro,Qwen-Image-Bench,nano-banana-pro,modern,0.0067869753214363,7.528969537445998e-05,FALSE_REAL_AI,REAL
QWEN_0446_nano_banana_pro,Qwen-Image-Bench,nano-banana-pro,modern,0.359227642614041,0.2493692475454232,UNCERTAIN_AI,UNCERTAIN
QWEN_0451_nano_banana_pro,Qwen-Image-Bench,nano-banana-pro,modern,0.1632367668649285,0.0426123166759203,FALSE_REAL_AI,REAL
QWEN_0456_nano_banana_pro,Qwen-Image-Bench,nano-banana-pro,modern,0.2368497149123664,0.0972695567187808,FALSE_REAL_AI,REAL
QWEN_0461_nano_banana_pro,Qwen-Image-Bench,nano-banana-pro,modern,0.6353016907558016,0.7420923743866393,UNCERTAIN_AI,UNCERTAIN
QWEN_0465_nano_banana_pro,Qwen-Image-Bench,nano-banana-pro,modern,0.8663666959619379,0.9723286651668518,CORRECT_CONFIDENT_AI,AI-GENERATED
QWEN_0471_nano_banana_pro,Qwen-Image-Bench,nano-banana-pro,modern,0.289370841327461,0.1530614886202347,UNCERTAIN_AI,UNCERTAIN
QWEN_0476_nano_banana_pro,Qwen-Image-Bench,nano-banana-pro,modern,0.3419378833723728,0.223288314078951,UNCERTAIN_AI,UNCERTAIN
QWEN_0480_nano_banana_pro,Qwen-Image-Bench,nano-banana-pro,modern,0.0654293668357184,0.0062841734330535,FALSE_REAL_AI,REAL
QWEN_0507_nano_banana_pro,Qwen-Image-Bench,nano-banana-pro,modern,0.0647763197522807,0.0061578665300089,FALSE_REAL_AI,REAL
QWEN_0518_nano_banana_pro,Qwen-Image-Bench,nano-banana-pro,modern,0.0862707986863634,0.0110530930934713,FALSE_REAL_AI,REAL
QWEN_0524_nano_banana_pro,Qwen-Image-Bench,nano-banana-pro,modern,0.7862349253531105,0.9227244502488792,CORRECT_CONFIDENT_AI,AI-GENERATED
QWEN_0553_nano_banana_pro,Qwen-Image-Bench,nano-banana-pro,modern,0.0153538259142354,0.0003621437387621,FALSE_REAL_AI,REAL
QWEN_0592_nano_banana_pro,Qwen-Image-Bench,nano-banana-pro,modern,0.0184211255364452,0.0005152450567313,FALSE_REAL_AI,REAL
QWEN_0594_nano_banana_pro,Qwen-Image-Bench,nano-banana-pro,modern,0.6554647491691665,0.7728835105551229,UNCERTAIN_AI,UNCERTAIN
QWEN_0597_nano_banana_pro,Qwen-Image-Bench,nano-banana-pro,modern,0.004696302734726,3.719610555541259e-05,FALSE_REAL_AI,REAL
QWEN_0621_nano_banana_pro,Qwen-Image-Bench,nano-banana-pro,modern,0.0412022663961043,0.0024904748197297,FALSE_REAL_AI,REAL
QWEN_0634_nano_banana_pro,Qwen-Image-Bench,nano-banana-pro,modern,0.1017088313803913,0.0155501505242415,FALSE_REAL_AI,REAL
QWEN_0637_nano_banana_pro,Qwen-Image-Bench,nano-banana-pro,modern,0.1345301288244204,0.0280698381529418,FALSE_REAL_AI,REAL
QWEN_0644_nano_banana_pro,Qwen-Image-Bench,nano-banana-pro,modern,0.1597848838576856,0.0406755341738674,FALSE_REAL_AI,REAL
QWEN_0656_nano_banana_pro,Qwen-Image-Bench,nano-banana-pro,modern,0.0037945720701996,2.4742317289778352e-05,FALSE_REAL_AI,REAL
QWEN_0657_nano_banana_pro,Qwen-Image-Bench,nano-banana-pro,modern,0.0015622681296509,4.546907091997697e-06,FALSE_REAL_AI,REAL
QWEN_0661_nano_banana_pro,Qwen-Image-Bench,nano-banana-pro,modern,0.1240682564027435,0.0236231158954859,FALSE_REAL_AI,REAL
QWEN_0670_nano_banana_pro,Qwen-Image-Bench,nano-banana-pro,modern,0.0374002825391702,0.0020565297696504,FALSE_REAL_AI,REAL
QWEN_0672_nano_banana_pro,Qwen-Image-Bench,nano-banana-pro,modern,0.1248876321888598,0.0239555844917998,FALSE_REAL_AI,REAL
QWEN_0682_nano_banana_pro,Qwen-Image-Bench,nano-banana-pro,modern,0.5059835276112757,0.5113922437707024,UNCERTAIN_AI,UNCERTAIN
QWEN_0691_nano_banana_pro,Qwen-Image-Bench,nano-banana-pro,modern,0.5895458793304591,0.6658510029611754,UNCERTAIN_AI,UNCERTAIN
QWEN_0696_nano_banana_pro,Qwen-Image-Bench,nano-banana-pro,modern,0.1503328258543903,0.0356393697970728,FALSE_REAL_AI,REAL
QWEN_0699_nano_banana_pro,Qwen-Image-Bench,nano-banana-pro,modern,0.0015588158512027,4.5277639383635155e-06,FALSE_REAL_AI,REAL
QWEN_0713_nano_banana_pro,Qwen-Image-Bench,nano-banana-pro,modern,0.191286943565859,0.0603589764451689,FALSE_REAL_AI,REAL
QWEN_0715_nano_banana_pro,Qwen-Image-Bench,nano-banana-pro,modern,0.0412169990431505,0.002492239302464,FALSE_REAL_AI,REAL
QWEN_0717_nano_banana_pro,Qwen-Image-Bench,nano-banana-pro,modern,0.0144945847164119,0.0003240046619116,FALSE_REAL_AI,REAL
QWEN_0721_nano_banana_pro,Qwen-Image-Bench,nano-banana-pro,modern,0.1025660487157746,0.015824992182926,FALSE_REAL_AI,REAL
QWEN_0723_nano_banana_pro,Qwen-Image-Bench,nano-banana-pro,modern,0.0797803554437184,0.0094117404345462,FALSE_REAL_AI,REAL
QWEN_0740_nano_banana_pro,Qwen-Image-Bench,nano-banana-pro,modern,0.0167873072316088,0.0004303980673378,FALSE_REAL_AI,REAL
QWEN_0760_nano_banana_pro,Qwen-Image-Bench,nano-banana-pro,modern,0.0354222156120324,0.0018475297562246,FALSE_REAL_AI,REAL
QWEN_0764_nano_banana_pro,Qwen-Image-Bench,nano-banana-pro,modern,0.0786406348927994,0.0091383355654839,FALSE_REAL_AI,REAL
QWEN_0772_nano_banana_pro,Qwen-Image-Bench,nano-banana-pro,modern,0.4374197657814292,0.3824488489814032,UNCERTAIN_AI,UNCERTAIN
QWEN_0773_nano_banana_pro,Qwen-Image-Bench,nano-banana-pro,modern,0.0021689174503797,8.50232572038562e-06,FALSE_REAL_AI,REAL
QWEN_0777_nano_banana_pro,Qwen-Image-Bench,nano-banana-pro,modern,0.0185422442198166,0.0005218342153762,FALSE_REAL_AI,REAL
QWEN_0778_nano_banana_pro,Qwen-Image-Bench,nano-banana-pro,modern,0.0167263227340293,0.000427376522867,FALSE_REAL_AI,REAL
QWEN_0799_nano_banana_pro,Qwen-Image-Bench,nano-banana-pro,modern,0.4025747323504382,0.3204576672595063,UNCERTAIN_AI,UNCERTAIN
QWEN_0805_nano_banana_pro,Qwen-Image-Bench,nano-banana-pro,modern,0.158150236963627,0.0397767154315685,FALSE_REAL_AI,REAL
QWEN_0820_nano_banana_pro,Qwen-Image-Bench,nano-banana-pro,modern,0.960652272061085,0.9977265134354484,CORRECT_CONFIDENT_AI,AI-GENERATED
QWEN_0824_nano_banana_pro,Qwen-Image-Bench,nano-banana-pro,modern,0.1423548092451688,0.0316871753934286,FALSE_REAL_AI,REAL
QWEN_0831_nano_banana_pro,Qwen-Image-Bench,nano-banana-pro,modern,0.881787045341673,0.9786759489787912,CORRECT_CONFIDENT_AI,AI-GENERATED
QWEN_0836_nano_banana_pro,Qwen-Image-Bench,nano-banana-pro,modern,0.1057446310563549,0.0168677277916155,FALSE_REAL_AI,REAL
QWEN_0847_nano_banana_pro,Qwen-Image-Bench,nano-banana-pro,modern,0.7814179460481847,0.9187750374802276,CORRECT_CONFIDENT_AI,AI-GENERATED
QWEN_0857_nano_banana_pro,Qwen-Image-Bench,nano-banana-pro,modern,0.0172765062214382,0.0004550147910225,FALSE_REAL_AI,REAL
QWEN_0876_nano_banana_pro,Qwen-Image-Bench,nano-banana-pro,modern,0.0496225270822776,0.0036046921192511,FALSE_REAL_AI,REAL
QWEN_0887_nano_banana_pro,Qwen-Image-Bench,nano-banana-pro,modern,0.2846596638923229,0.1474645343336981,UNCERTAIN_AI,UNCERTAIN
QWEN_0890_nano_banana_pro,Qwen-Image-Bench,nano-banana-pro,modern,0.0178180264616301,0.0004830499892131,FALSE_REAL_AI,REAL
QWEN_0894_nano_banana_pro,Qwen-Image-Bench,nano-banana-pro,modern,0.1829432758935691,0.054699071650056,FALSE_REAL_AI,REAL
QWEN_0919_nano_banana_pro,Qwen-Image-Bench,nano-banana-pro,modern,0.0421239796514339,0.002602104677479,FALSE_REAL_AI,REAL
QWEN_0923_nano_banana_pro,Qwen-Image-Bench,nano-banana-pro,modern,0.0240148384398749,0.0008627405110983,FALSE_REAL_AI,REAL
QWEN_0933_nano_banana_pro,Qwen-Image-Bench,nano-banana-pro,modern,0.2485570845429933,0.1084541030707521,FALSE_REAL_AI,REAL
QWEN_0951_nano_banana_pro,Qwen-Image-Bench,nano-banana-pro,modern,0.1220708410333125,0.0228237471693557,FALSE_REAL_AI,REAL
QWEN_0964_nano_banana_pro,Qwen-Image-Bench,nano-banana-pro,modern,0.0126596071485154,0.0002495211712441,FALSE_REAL_AI,REAL
QWEN_0965_nano_banana_pro,Qwen-Image-Bench,nano-banana-pro,modern,0.4695563653070761,0.4422175698592008,UNCERTAIN_AI,UNCERTAIN
QWEN_0980_nano_banana_pro,Qwen-Image-Bench,nano-banana-pro,modern,0.1851384879248163,0.0561563514188236,FALSE_REAL_AI,REAL
